protein_id,Peptides,Coverage,Bitscore,Abundance_Ratio_Winter_Summer,pval,padj,Abundance_Grouped_Summer,Abundance_Grouped_Winter,Abundance_Mg-1_Summer,Abundance_Mg-2_Summer,Abundance_Mg-3_Summer,Abundance_Mg-1_Winter,Abundance_Mg-2_Winter,Abundance_Mg-3_Winter,Abundances_Normalized_Mg-1_Summer,Abundances_Normalized_Mg-2_Summer,Abundances_Normalized_Mg-3_Summer,Abundances_Normalized_Mg-1_Winter,Abundances_Normalized_Mg-2_Winter,Abundances_Normalized_Mg-3_Winter
Misin01G002300.1.v7.1,1,94.7,40.4,1.3895619757688724,0.222305976234384,0.54325561624538,107.3,149.1,129.4,122.9,110.3,197.1,196.8,155.2,233.1,260,223,332,311.3,323.9
Misin01G003900.1.v7.1,1,100,49.3,0.5644208037825059,0.152155692777828,0.416632176111695,169.2,95.5,412.6,271.7,331.5,302.9,238.9,163.5,743.4,574.8,670.1,510.3,377.9,341.2
Misin01G004800.1.v7.1,2,96.2,101.6,0.9684873949579832,0.999953026795561,1,95.2,92.2,99,74.2,94.3,100.7,109.1,84.6,178.4,157,190.6,169.6,172.6,176.6
Misin01G004900.1.v7.1,3,100,151.4,1.063642518618822,0.480824543663134,0.937346350106686,147.7,157.1,478.9,268.5,403.6,524.8,548.3,389.9,862.8,568.1,815.8,884.1,867.4,813.7
Misin01G005300.1.v7.1,8,100,389,0.8047928107838241,0.127417652505045,0.36858339382406,200.3,161.2,619.1,498.1,557.3,502.70000000000005,547.8,385,1115.5,1053.8,1126.6000000000001,846.9,866.5,803.5999999999999
Misin01G008300.1.v7.1,3,100,110.2,0.881780250347705,0.6217053564792,1,143.8,126.8,385.5,326.8,365.2,363.6,373.3,331.7,694.6,691.4,738.2,612.5,590.5,692.3
Misin01G008900.1.v7.1,4,100,180.6,1.0038684719535782,0.991474081008205,1,103.4,103.8,64.1,45.4,64.5,68.8,91.3,49.6,115.5,96.1,130.4,115.9,144.4,103.5
Misin01G014900.1.v7.1,1,100,36.2,1.2102102102102101,0.805325091426352,1,99.9,120.9,75.9,61.4,69.2,93.6,125.1,79.3,136.8,129.9,139.9,157.7,197.9,165.5
Misin01G015200.1.v7.1,4,100,155.6,1.0058266569555716,0.998998678513032,1,137.3,138.1,107.6,75.7,118.9,94.2,136.5,93.4,193.9,160.2,240.3,158.7,215.9,194.9
Misin01G015600.1.v7.1,17,100,721.0999999999999,0.6161087866108786,1.7874689952635e-4,0.00341121785196963,478,294.5,5873,5474.2,6700.1,4326.5999999999995,4420,3250.4,10581.6,11582,13543.399999999998,7289,6992.1,6783.7
Misin01G017800.1.v7.1,1,100,37.7,0.9911699779249449,0.998552439510924,1,90.6,89.8,458.9,456.9,366.3,500.7,503.3,392.7,826.8,966.7,740.4,843.5,796.2,819.6
Misin01G018100.1.v7.1,3,100,122.5,0.7888392857142856,0.426640212658381,0.862755136270818,224,176.7,442.4,482.4,555.5,307.4,515.8,385.8,797.1,1020.6,1122.9,517.9,815.9,805.2
Misin01G018500.1.v7.1,2,97.6,72,2.213793103448276,1.9182420921237e-4,0.00360593205897966,72.5,160.5,437.7,360.2,377.3,1002,958.5,893.3,788.6,762.1,762.7,1688,1516.3,1864.4
Misin01G023800.1.v7.1,1,100,46.6,0.9387205387205387,0.998679017535289,1,148.5,139.4,146.7,106.6,132.3,147.8,146.9,118.9,264.3,225.5,267.4,249,232.4,248.2
Misin01G024600.1.v7.1,1,100,52.8,0.7718707940780619,0.150018230270065,0.412437662827827,148.6,114.7,497.9,460.8,454.8,421.1,442.6,346.8,897.1,974.9,919.3,709.4,700.2,723.8
Misin01G025100.1.v7.1,3,98.8,124.4,1.425068119891008,0.0539484932475499,0.193312730764973,73.4,104.6,190.3,142.1,151.29999999999998,258.5,254.4,191.6,342.8,300.59999999999997,305.8,435.5,402.5,399.79999999999995
Misin01G025300.1.v7.1,5,95.7,218.5,0.8701986754966888,0.72843260011814,1,75.5,65.7,183.6,178.6,151.3,181,182.2,135.7,330.8,377.9,305.8,304.9,288.2,283.2
Misin01G026000.1.v7.1,4,100,150.9,0.6175040518638574,3.0025852437265e-4,0.00485876591102959,123.4,76.2,217.5,170.6,219.4,133.9,152.9,125.8,391.9,360.9,443.5,225.6,241.9,262.6
Misin01G026400.1.v7.1,3,100,129.8,0.7815726767275616,0.163656029221722,0.435126058285438,125.9,98.4,1814.1,1591.9,1717.3,1544.6,1726.9,1261.7,3268.5,3368,3471.3,2602.1,2731.8,2633.2
Misin01G027800.1.v7.1,3,93.3,103.2,0.6749367088607595,0.937518171526279,1,197.5,133.3,1303.1,1105.9,1179.6,875.8,1242.4,759.2,2347.8,2339.8,2384.4,1475.4,1965.4,1584.5
Misin01G028600.1.v7.1,22,100,964.0999999999999,0.8961175236096538,0.355604635281946,0.759515419944485,95.3,85.4,761.9,578.8,723.9,730,782.9,535.3,1372.7,1224.6,1463.3,1229.8,1238.5,1117.2
Misin01G032000.1.v7.1,27,100,1162.5000000000002,0.7414796342477141,0.225856312557738,0.549842821583724,360.9,267.6,1646.8,1208,1516.2,1438,1557.7,1184.3999999999999,2967,2555.9,3064.7999999999997,2422.5,2464.1,2471.9
Misin01G032900.1.v7.1,10,100,378.20000000000005,0.4716242661448141,0.0014395513648805,0.0144537263408979,204.4,96.4,6207.2,6334.5,6773.8,3525.9,3995.5,3204.2,11183.7,13402.1,13692.4,5940,6320.5,6687.3
Misin01G033100.1.v7.1,2,100,73.1,0.7711111111111111,0.288382787862852,0.651647210823756,135,104.1,173.7,133.4,173.8,152.5,152.6,104.8,313,282.2,351.3,256.9,241.4,218.7
Misin01G033200.1.v7.1,1,100,39.7,0.855421686746988,0.737656901080881,1,99.6,85.2,41.5,40.4,45.4,43.4,45.3,38.5,74.8,85.5,91.8,73.1,71.7,80.4
Misin01G034500.1.v7.1,14,100,507.6,0.7674418604651163,0.00168286309742482,0.0161347008856549,180.6,138.6,438.1,363,462.8,392.70000000000005,412.7,305.6,789.3000000000001,768,935.5,661.6,652.9,637.8
Misin01G035600.1.v7.1,1,100,37.4,1.0301291248206599,0.999176734292905,1,139.4,143.6,133.1,121.7,133,137.7,167.7,143.8,239.8,257.5,268.8,232,265.3,300.1
Misin01G036300.1.v7.1,1,100,41.6,0.9182036888532478,0.999657789682706,1,124.7,114.5,50.5,48.8,47.9,65.1,54.4,42.6,91,103.2,96.8,109.7,86.1,88.9
Misin01G038500.1.v7.1,8,100,286.4,1.085341762149348,0.973427821407412,1,253.10000000000002,274.7,177.7,129.39999999999998,167.4,229.20000000000002,202,146.6,320.20000000000005,273.8,338.4,386.1,319.6,305.9
Misin01G039500.1.v7.1,2,100,68.6,1.5436781609195405,0.00457790670968672,0.0333187738418603,174,268.6,74.1,58.3,55.400000000000006,129.5,126.7,82,133.5,123.39999999999999,112,218.20000000000002,200.5,171.10000000000002
Misin01G039600.1.v7.1,9,100,337.20000000000005,1.2069131060969756,0.119875590560195,0.351242111443491,208.3,251.4,523.0999999999999,460.6,446,591.5999999999999,598.9999999999999,475.6,942.5,974.5,901.6,996.6999999999999,947.5,992.6
Misin01G039900.1.v7.1,2,100,72.80000000000001,0.6380297823596793,0.167470884312523,0.440811968052108,174.6,111.4,774.6,811.6,799,560.6,651.3,581.6,1395.6,1717.1,1615.1,944.4,1030.3,1213.8
Misin01G041900.1.v7.1,2,100,72.8,0.7335243553008597,0.0132308167871097,0.0708929030654939,139.6,102.4,56.2,47,60.4,44.1,48.7,34.6,101.3,99.4,122.1,74.3,77,72.2
Misin01G042000.1.v7.1,3,100,149.1,1.1032899770466718,0.261340876676546,0.60925413896635,261.4,288.4,566,375.9,538.4,594.7,626.5,499.79999999999995,1019.8,795.3,1088.3,1001.8,991.1,1043.1
Misin01G045900.1.v7.1,4,100,161.4,0.8190993788819875,0.534117383473912,1,128.8,105.5,340.5,252.8,317,295.1,348.5,240.6,613.5,534.9,640.8,497.1,551.3,502.1
Misin01G047500.1.v7.1,1,100,44.3,0.9253472222222221,0.999977676339757,1,115.2,106.6,99.1,67.5,80.6,115.5,95.3,62.1,178.6,142.8,162.9,194.6,150.8,129.6
Misin01G050000.1.v7.1,2,100,72.1,0.8024439918533605,0.400945026056045,0.823305103469322,147.3,118.2,166.8,133.9,159.4,127.4,159,115.5,300.5,283.3,322.2,214.6,251.5,241.1
Misin01G050100.1.v7.1,6,94.4,208.4,1.9806378132118452,0.0516331615423189,0.187126348567934,87.8,173.9,104.5,58.6,71.3,186.7,180.4,114.6,188.3,124,144.1,314.5,285.4,239.2
Misin01G050700.1.v7.1,1,95.7,51.2,2.9122807017543857,5.369257591189e-4,0.00735949533890633,34.2,99.6,44.3,27.6,27,101.2,107.4,79,79.8,58.4,54.6,170.5,169.9,164.9
Misin01G052300.1.v7.1,2,100,86.2,0.8484848484848485,0.802297190763146,1,102.3,86.8,360,368.6,324.5,330.4,318,291.1,648.6,779.9,655.9,556.6,503,607.5
Misin01G056700.1.v7.1,1,100,53.5,1.1429942418426102,0.572176983515161,1,104.2,119.1,529.4,355.7,517.8,633.6,689.4,530.2,953.8,752.6,1046.7,1067.4,1090.6,1106.6
Misin01G059400.1.v7.1,1,100,34.7,0.8344198174706648,0.579484046373483,1,76.7,64,50.8,47.5,42.4,37.5,49.5,36.6,91.5,100.5,85.7,63.2,78.3,76.4
Misin01G059500.1.v7.1,1,100,40,1.037602820211516,0.9950033850025,1,85.1,88.3,177.5,148.6,159.7,208.6,200.4,158.9,319.8,314.4,322.8,351.4,317,331.6
Misin01G063000.1.v7.1,14,100,642.7,0.4726639076453932,0.0994752019329393,0.304679740270584,459.09999999999997,217,4875.2,5004.9000000000005,5618.5,2401.9,2992.6000000000004,1989.5,8783.800000000001,10589,11357.1,4046.3999999999996,4734,4152.2
Misin01G063200.1.v7.1,24,100,1024.9,2.293383270911361,0.242476833581684,0.578430524945259,80.1,183.7,1089.7,692.8000000000001,645.4,2006.8,2177,1293.1000000000001,1963.3,1465.6999999999998,1304.6,3380.8,3443.8,2698.8
Misin01G064000.1.v7.1,2,97.85,99,0.9104062326099056,0.937823972695532,1,179.7,163.60000000000002,312.8,253.6,279.8,343.5,332.3,261.4,563.6,536.6,565.6,578.6999999999999,525.7,545.5
Misin01G066600.1.v7.1,8,100,305.4,0.5506406345332521,0.0275873849469167,0.120594636049295,327.79999999999995,180.5,453,295.4,433.4,334.8,333,300.5,816.2,625,876,564.1,526.7,627.2
Misin01G067700.1.v7.1,1,100,48.5,0.7548638132295721,0.169371116829212,0.445206213138631,154.2,116.4,724.1,728.4,729.4,660.4,669.1,540.1,1304.6,1541.1,1474.4,1112.6,1058.5,1127.2
Misin01G073600.1.v7.1,2,100,80.8,0.7272727272727273,0.0242486034578208,0.111667255027167,127.6,92.8,207.6,236,190.3,171.4,164.7,134,374,499.3,384.7,288.8,260.5,279.7
Misin01G076300.1.v7.1,1,100,38.5,1.0563492063492064,0.999509399043581,1,126,133.1,146.4,144.4,143,182.9,182.4,146.3,263.8,305.5,289.1,308.1,288.5,305.3
Misin01G077400.1.v7.1,3,100,138.3,1.294041450777202,0.139157991175191,0.39049624064353,77.2,99.9,945.8,932.8,743.3,1399.4,1394.9,1041,1704.1,1973.6,1502.5,2357.5,2206.6,2172.6
Misin01G078200.1.v7.1,13,100,636.6,1.7995418098510885,0.00708549271255821,0.0456688911432502,87.3,157.10000000000002,2579.5,2145.9,2233.8,5090.6,5048,3672.1000000000004,4647.5,4540.1,4515.3,8575.9,7985.5,7663.9
Misin01G078700.1.v7.1,9,100,374.2999999999999,0.945531914893617,0.986105987401004,1,117.5,111.1,1325.8,1007.6,1057.1,1125,1302.4,968.3,2388.7,2131.8,2136.8,1895.3,2060.3,2020.9
Misin01G079600.1.v7.1,1,100,37,0.6518353726362625,0.134475152152235,0.380435315232136,179.8,117.2,89.7,102.7,107.2,83.8,98.7,58.8,161.6,217.3,216.7,141.2,156.1,122.7
Misin01G081300.1.v7.1,1,100,52.4,0.8892171344165436,0.926616504510706,1,135.4,120.4,390.9,301.7,281,392.9,271,272.1,704.3,638.3,568,661.9,428.7,567.9
Misin01G085200.1.v7.1,1,100,41.6,1.1731898238747553,0.984535282532479,1,102.2,119.9,18.5,14.8,14.7,21.8,23.8,14.4,33.3,31.3,29.7,36.7,37.6,30.1
Misin01G086400.1.v7.1,3,100,131.3,0.7516339869281046,0.0362795657574012,0.147143054176181,153,115,692,541.4,570.6,514.7,512.3,453.7,1246.8,1145.5,1153.4,867.1,810.4,946.9
Misin01G086600.1.v7.1,1,100,46.2,0.6187050359712231,0.368004568368721,0.778189930060045,208.5,129,188.5,226.1,117,136.8,122.4,100.7,339.6,478.4,236.5,230.5,193.6,210.2
Misin01G087400.1.v7.1,12,100,469.09999999999997,0.8326210826210826,0.796298769330191,1,140.4,116.9,1042.8,1001.3,991.6,991,1146,792.7,1878.8,2118.5,2004.4,1669.5,1812.9,1654.4
Misin01G091100.1.v7.1,2,100,108.2,0.8579387186629527,0.856383265002977,1,143.6,123.2,326.5,216.1,338.7,299.5,324.1,207.4,588.3,457.2,684.6,504.6,512.7,432.9
Misin01G091700.1.v7.1,2,97.75,85.9,1.1927194860813704,0.316311505997675,0.698111376621098,46.7,55.7,43.5,39.2,43.6,62.9,60.3,47.4,78.4,82.9,88.1,106,95.4,98.9
Misin01G094700.1.v7.1,1,100,52.8,0.7838684416601409,0.205255708427698,0.510750085194968,127.7,100.1,119,77.6,125.1,85.4,106.2,84.4,214.4,164.2,252.9,143.9,168,176.1
Misin01G099300.1.v7.1,1,92.9,33.1,1.1901931649331352,0.929635905462359,1,67.3,80.1,11.1,8.1,11.1,15.4,13.7,11.4,20,17.1,22.4,25.9,21.7,23.8
Misin01G101700.1.v7.1,6,100,244.7,1.2493074792243768,0.435855613103821,0.875531299000731,108.3,135.3,507.8,223.7,388.7,632.5,620.5,400,914.9,473.3,785.7,1065.6,981.6,834.8
Misin01G102200.1.v7.1,5,100,229.8,1.170112781954887,0.00783146234462873,0.0489692383123217,212.8,249,514.2,452.1,446.9,627.8,669.8,592.5999999999999,926.5,956.5,903.3,1057.6,1059.6,1236.7
Misin01G104600.1.v7.1,13,100,518.4,1.47702834799609,0.00965293170933812,0.0563249155994574,102.3,151.1,655.5,538.1999999999999,539.6,1039.1000000000001,1096.5,845.3,1181,1138.7,1090.7,1750.6000000000001,1734.6000000000001,1764.2
Misin01G106100.1.v7.1,4,97.35,156.8,0.6918395573997234,0.113104705456296,0.335527536932952,361.5,250.1,960.5,608.4,964.9,708.8,786.3,577,1730.5,1287.2,1950.5,1194,1243.8000000000002,1204.1999999999998
Misin01G106200.1.v7.1,4,100,149.6,1.0615942028985508,0.876434335905571,1,110.4,117.2,106.2,110.8,117.9,147.7,174.2,109.1,191.3,234.4,238.3,248.8,275.6,227.7
Misin01G106300.1.v7.1,2,100,83.5,0.9489685124864279,0.992153009175471,1,92.1,87.4,660.1,578.1,527.8,649.3,741.1,540.7,1189.3,1223.1,1066.9,1093.9,1172.4,1128.5
Misin01G106600.1.v7.1,3,100,148.7,4.116630669546437,0.00151468112370423,0.0150609215632764,46.3,190.6,41.7,38.8,30.7,183.6,138.2,155,75.1,82.1,62.1,309.3,218.6,323.5
Misin01G107700.1.v7.1,2,92.5,76.19999999999999,0.928479103834554,0.970615544641349,1,232.10000000000002,215.5,455.8,272.3,379.1,422.29999999999995,431.4,264.9,821.3,576.1,766.3000000000001,711.4,682.4,552.9
Misin01G108800.1.v7.1,33,100,1419.8999999999996,1.432234432234432,2.19346047725111e-6,4.5463759944136e-4,327.6,469.2,4039.8,3490.4,3222.6000000000004,6044.8,6469.9000000000005,5159.3,7278.6,7384.7,6514,10183.5,10234.699999999999,10767.7
Misin01G109700.1.v7.1,1,100,33.1,1.2140992167101827,0.254113800528136,0.59740177033126,114.9,139.5,70,80.9,69.7,100.9,108.2,111.6,126.1,171.2,140.9,170,171.2,232.9
Misin01G110100.1.v7.1,1,100,34.3,1.2516666666666665,0.920633599871535,1,60,75.1,100.5,67.3,77.6,144,124.1,92.3,181.1,142.4,156.9,242.6,196.3,192.6
Misin01G110600.1.v7.1,2,100,76.7,1.5099268547544409,0.00680295230954464,0.0445114387181735,95.7,144.5,61.2,39.5,57.4,92.9,109.3,79.8,110.3,83.6,116,156.5,172.9,166.5
Misin01G111800.1.v7.1,2,100,71.6,1.1019714479945615,0.812429723576495,1,147.1,162.1,2278.3999999999996,1835.3,1933.9,2659.7,2694,1955,4105,3883,3909.1,4480.8,4261.6,4080.2
Misin01G113900.1.v7.1,4,100,166.7,0.5765013054830288,0.00570390448824831,0.0390124153176146,191.5,110.4,565.9,670,484.6,348.9,331.8,293.3,1019.6,1417.5,979.6,587.8,524.9,612.1
Misin01G114400.1.v7.1,1,94.4,41.6,0.2973621103117506,0.00135835952262986,0.0139319524876959,166.8,49.6,94.1,62.1,102.3,31.6,31.9,23.9,169.5,131.4,206.8,53.2,50.5,49.9
Misin01G118500.1.v7.1,6,100,224.9,0.9576427255985267,0.668923483609992,1,108.6,104,721.2,709.2,618.6,738.4,761.1,623,1299.4,1500.5,1250.4,1244,1204,1300.2
Misin01G119000.1.v7.1,14,100,635.2,1.3967112024665982,0.211390572742784,0.521983392924169,97.3,135.9,1125.8,863.5,820.6999999999999,1803.1000000000001,1865.6000000000001,1398.7,2028.4,1826.9,1658.9,3037.7,2951.2,2919.2
Misin01G119400.1.v7.1,2,98.65,116.3,1.4609665427509293,0.97631123627698,1,26.9,39.3,219.8,159.6,163.1,313.1,308.8,236.3,396,337.7,329.7,527.5,488.5,493.2
Misin01G120000.1.v7.1,1,90.9,43.9,0.45005740528128596,1.8229793013491e-4,0.0034651144040636,87.1,39.2,147.7,150.2,133.1,70.2,76.6,63,266.1,317.8,269,118.3,121.2,131.5
Misin01G122900.1.v7.1,2,90.9,74.7,0.21338757396449706,1.13253352710396e-5,6.4326277822894e-4,270.4,57.7,116.6,122.8,129.8,32.9,39.8,20.9,210.1,259.8,262.4,55.4,63,43.6
Misin01G123100.1.v7.1,1,100,40.4,0.450920245398773,0.00565876091208017,0.0388262018135702,163,73.5,177.2,183.8,186.9,101.1,123.2,53.5,319.3,388.9,377.8,170.3,194.9,111.7
Misin01G130700.1.v7.1,2,100,91.3,0.45257826887661146,3.62910871900546e-5,0.00117691748879203,217.2,98.3,202.1,256.5,216.3,117.5,130.2,90.1,364.1,542.7,437.2,197.9,206,188
Misin01G131700.1.v7.1,2,100,87.5,0.48941942485078677,1.280068277375e-4,0.00266710729541183,184.3,90.2,240.6,309.6,280.6,146.9,177.4,133,433.5,655,567.2,247.5,280.6,277.6
Misin01G134500.1.v7.1,3,100,102,1.5098765432098764,0.0376446335845148,0.150401858216643,81,122.3,129.4,118.6,110.3,198.4,222.6,191.7,233.1,250.9,223,334.2,352.1,400.1
Misin01G140500.1.v7.1,2,97.2,67.8,0.703030303030303,0.0195614748964,0.0952148898571761,99,69.6,217,151.5,211.9,161.6,173.7,140.3,391,320.5,428.3,272.2,274.8,292.8
Misin01G145100.1.v7.1,1,100,58.5,0.8758434547908234,0.996414890950194,1,74.1,64.9,45.9,40.2,30.1,43,39.8,36.4,82.7,85.1,60.8,72.4,63,76
Misin01G145800.1.v7.1,11,100,433.2,0.6862406447898677,0.628820162096596,1,173.7,119.2,5383.5,4513.1,4555.5,3505.9,4144.6,3457.4,9699.6,9548.5,9208.4,5906.3,6556.4,7215.8
Misin01G147400.1.v7.1,1,100,35,0.6675307841866494,0.0113597541661948,0.0636509403632863,154.3,103,25.5,30.4,21.2,18.2,21.8,9.8,45.9,64.3,42.9,30.7,34.5,20.5
Misin01G149000.1.v7.1,3,100,118.2,0.7793733681462142,0.958229380233183,1,76.6,59.7,376.7,209.3,301.7,325.5,289.1,227.9,678.7,442.8,609.8,548.4,457.3,475.6
Misin01G154000.1.v7.1,28,100,1411.3999999999999,0.6103376261747302,0.00139148145340229,0.0141942288924414,574.6,350.7,4484.1,5338.4000000000005,4772.2,3433.2,3965.2,3074.9,8079.2,11294.7,9646.4,5783.8,6272.5999999999995,6417.4000000000005
Misin01G154200.1.v7.1,1,100,35,0.8066770186335404,0.273038456504257,0.626931975161319,128.8,103.9,182.1,151.1,185.1,157.1,179.2,125.4,328.1,319.7,374.2,264.7,283.5,261.7
Misin01G162000.1.v7.1,1,100,57.8,0.6899879372738239,0.022417101773277,0.105557889740781,165.8,114.4,131.4,134.9,119.8,101.6,105.6,79.9,236.7,285.4,242.2,171.2,167,166.8
Misin01G164400.1.v7.1,3,100,129.3,0.9564293304994687,0.941433799742239,1,94.1,90,155.5,190,128.5,145.9,169.5,136,280.2,402,259.7,245.8,268.1,283.8
Misin01G164600.1.v7.1,5,95.57499999999999,201.8,1.0691489361702127,0.555178033415993,1,225.6,241.2,643.5,403.2,594.7,734.9000000000001,749.4,563,1159.4,853.0999999999999,1202.2,1238.1,1185.5,1175
Misin01G172700.1.v7.1,1,94.1,42.7,0.8764044943820224,0.890724765249055,1,35.6,31.2,11.1,10,10.5,9.9,12.3,8.9,20,21.2,21.2,16.7,19.5,18.6
Misin01G175400.1.v7.1,1,100,35.8,0.25619834710743805,0.0298810637470377,0.127642479475697,350.9,89.9,130.1,193.2,188.7,47.4,61.8,49.3,234.4,408.8,381.4,79.9,97.8,102.9
Misin01G175700.1.v7.1,2,100,105.1,0.4879912663755459,0.0105123309774877,0.0603496919988914,183.2,89.4,85,84.2,88.2,51.6,45.9,46.9,153.1,178.1,178.3,86.9,72.6,97.9
Misin01G175800.1.v7.1,2,100,90.5,0.8610441767068273,0.663055571993291,1,124.5,107.2,55.2,67.7,60.3,62.3,60.4,54.8,99.5,143.2,121.9,105,95.5,114.4
Misin01G176000.1.v7.1,1,100,39.7,0.5614355231143552,0.856718113608608,1,164.4,92.3,48.3,18.3,32.9,17.1,23.6,18.4,87,38.7,66.5,28.8,37.3,38.4
Misin01G179700.1.v7.1,3,100,100.4,1.140926640926641,0.642029010656014,1,51.8,59.1,483.6,388.3,383.4,571.7,591.9,394.9,871.3,821.5,775,963.1,936.3,824.2
Misin01G180500.1.v7.1,16,100,751.2,0.7203671467004273,3.430166385514e-4,0.00533567861083665,631.9,455.20000000000005,3263.9,2882.6,3812.4,2355.2,2428.7,1918.5,5880.699999999999,6098.899999999999,7706.3,3967.7999999999997,3841.9999999999995,4004.1
Misin01G181500.1.v7.1,2,100,75.5,0.9355992844364938,0.96698117540387,1,55.9,52.3,74.9,52.4,53.5,68.9,65.6,45.2,134.9,110.9,108.1,116.1,103.8,94.3
Misin01G184700.1.v7.1,5,100,186.4,0.752549286199864,0.175934828489269,0.458515479102363,147.1,110.7,1106.1,952.3,937.3,888.2,948.3,832.7,1992.9,2014.8,1894.6,1496.3,1500.1,1737.9
Misin01G185200.1.v7.1,24,100,1318.3,0.7374710871241327,3.6186415811223e-4,0.00557556177942032,259.4,191.3,1757.1000000000001,1792.5,1615.6,1569.3999999999999,1607.2,1332.4,3165.9,3792.5,3265.7,2643.8999999999996,2542.5,2780.8
Misin01G185300.1.v7.1,3,93.3,105.9,1.2011363636363637,0.83082579259033,1,88,105.7,65.1,54.6,40.2,82.3,70.5,67.9,117.3,115.5,81.3,138.6,111.5,141.7
Misin01G186900.1.v7.1,10,98.6,407.1,0.8752107925801014,0.332178262705995,0.721374004178215,237.2,207.60000000000002,182.5,142.1,180.8,169.7,199.10000000000002,137.1,328.79999999999995,300.6,365.5,285.9,315,286.1
Misin01G190900.1.v7.1,8,100,289.30000000000007,1.0985626283367556,0.149167839899108,0.410958967263089,146.10000000000002,160.5,611.5,386.70000000000005,423.9,779.2,830,538.4,1101.8,818.1,856.8000000000001,1312.7,1312.9,1123.6
Misin01G191600.1.v7.1,2,100,85.5,0.8772178850248402,0.983953381666887,1,140.9,123.6,95.7,92,73.6,105.4,95.6,65,172.4,194.6,148.8,177.6,151.2,135.7
Misin01G192700.1.v7.1,2,100,84.7,1.1030701754385963,0.554484621348269,1,91.2,100.6,54.6,37.5,50.4,61,73.5,52,98.4,79.3,101.9,102.8,116.3,108.5
Misin01G193800.1.v7.1,1,100,34.3,1.008695652173913,0.999601641697243,1,57.5,58,89,76.8,80.3,95.5,103.5,98.2,160.4,162.5,162.3,160.9,163.7,204.9
Misin01G194700.1.v7.1,1,100,43.5,0.8226190476190476,0.379839955176122,0.793224563831964,84,69.1,168.5,108.7,162.2,148.3,161.7,95.1,303.6,230,327.9,249.8,255.8,198.5
Misin01G197200.1.v7.1,13,99.075,628.8,0.9946869070208729,0.696740032056844,1,263.5,262.1,2093.8,1760.9,1905.4,2297.1,2376.7,1862.3,3772.5,3725.6,3851.6000000000004,3869.9,3759.7,3886.7
Misin01G201500.1.v7.1,10,100,517.8000000000001,0.9312169312169312,0.408236015033092,0.833965859987039,170.10000000000002,158.4,10319.199999999999,10702.900000000001,9364.5,9550.6,11145.3,7977.799999999999,18592.399999999998,22644.4,18929.199999999997,16089.5,17630.9,16650.1
Misin01G201800.1.v7.1,1,100,47.8,0.8826728826728827,0.589114720637672,1,128.7,113.6,81.4,59.5,91,74.2,81.8,66.1,146.7,125.9,183.9,125,129.4,138
Misin01G202600.1.v7.1,7,100,281.90000000000003,0.8032230703986429,0.0116639711017074,0.0650649228130814,117.9,94.7,479.5,371,463.4,411.8,428.3,335.5,863.9,784.9,936.7,693.7,677.5,700.2
Misin01G203000.1.v7.1,1,100,48.5,0.8100067613252196,0.374357506325126,0.784800837358462,147.9,119.8,119.9,118.4,113.4,105.9,119.6,89,216,250.5,229.2,178.4,189.2,185.7
Misin01G204900.1.v7.1,1,100,43.5,1.2846820809248556,0.193277726463367,0.488336642779396,69.2,88.9,205.4,216.7,174.2,282.3,295.2,246.3,370.1,458.5,352.1,475.6,467,514
Misin01G205300.1.v7.1,4,96.45,143.2,0.7069454287739192,8.8200883026878e-4,0.0102056128535373,282.2,199.5,884,749.2,936.3,687.8,723.6999999999999,633,1592.6999999999998,1585.1,1892.7,1158.8,1144.9,1321.1
Misin01G207700.1.v7.1,1,100,40.8,0.7757731958762886,0.00420264207347432,0.0310349837951388,116.4,90.3,309.2,233.8,322.3,256.5,267.9,207.2,557.1,494.7,651.5,432.1,423.8,432.4
Misin01G208900.1.v7.1,4,98.75,160.60000000000002,0.7931266846361186,0.116239824757497,0.342907483034616,148.4,117.7,251.2,247.7,281.3,217.8,262.8,202.3,452.6,524.1,568.6,366.9,415.7,422.2
Misin01G210000.1.v7.1,1,100,41.2,0.4434907010014306,6.6921569172651e-5,0.00175676489295078,209.7,93,445.9,551,481.3,253.2,282.7,206.8,803.4,1165.8,972.9,426.6,447.2,431.6
Misin01G210900.1.v7.1,4,100,192.6,1.3707627118644068,0.0575926499668644,0.202057880365996,94.4,129.4,175.8,152.4,148,286.6,252.6,236.9,316.7,322.4,299.1,482.90000000000003,399.59999999999997,494.5
Misin01G211300.1.v7.1,42,100,1865.7000000000003,1.1353912808015165,0.946728939829432,1,369.29999999999995,419.3,5608.5,4916.7,4662.4,6402.9000000000005,6786.0999999999995,5176.8,10104.9,10402.3,9424.5,10786.800000000001,10735.1,10804.300000000001
Misin01G213400.1.v7.1,49,100,2055.7,0.9896334690855239,0.260088195346874,0.607923891211723,270.1,267.3,3664.4,2340.4,3636.7,3408.2999999999997,3831.8,2562.4,6602.199999999999,4951.6,7351.2,5741.8,6061.6,5347.8
Misin01G213900.1.v7.1,1,100,40.4,0.9743164871582435,0.993038265257667,1,120.7,117.6,168,137,171.8,175,180.2,144.6,302.7,289.9,347.3,294.8,285.1,301.8
Misin01G214600.1.v7.1,1,93.1,54.3,1.3910505836575875,0.470877374202658,0.926593997481595,51.4,71.5,91.4,83.9,69.6,136.1,129.4,114.1,164.7,177.5,140.7,229.3,204.7,238.1
Misin01G215200.1.v7.1,5,100,188.4,0.6399730820995962,5.13175051830572e-6,6.4326277822894e-4,148.6,95.1,394.7,315.8,412.8,254.9,287.5,231.3,711.1,668.1,834.4,429.4,454.8,482.7
Misin01G219100.1.v7.1,3,98.1,172.1,0.8195652173913044,0.137010827245886,0.385662503334075,138,113.10000000000001,391.2,302.7,289.8,286.59999999999997,256.3,221.4,704.8000000000001,640.4,585.8000000000001,482.8,405.4,462.1
Misin01G221800.1.v7.1,5,97.05,189.8,1.1483957219251335,0.159483522985762,0.430759122253668,224.4,257.7,81.7,68.7,70.2,111,134.8,98.5,147.2,145.39999999999998,141.9,187,213.20000000000002,205.6
Misin01G221900.1.v7.1,2,91.2,77.8,1.1869747899159664,0.779461605358179,1,47.6,56.5,24.2,14.9,18,35.4,27.3,18.7,43.6,31.5,36.4,59.6,43.2,39
Misin01G225400.1.v7.1,4,100,143.4,1.1248073959938365,0.76871229649121,1,129.8,146,166.3,127.5,132.8,180.2,186.7,156.2,299.6,269.8,268.4,303.6,295.3,326
Misin01G225500.1.v7.1,1,100,34.3,1.0212071778140295,0.999999999969723,1,61.3,62.6,96.6,91.2,80.7,107.9,105.8,85.2,174,193,163.1,181.8,167.4,177.8
Misin01G227100.1.v7.1,1,100,33.5,0.8164739884393063,0.72827273109813,1,138.4,113,327.1,218.5,290.7,294.5,268,229.9,589.3,462.3,587.6,496.1,424,479.8
Misin01G229100.1.v7.1,1,95.2,42,1.0202821869488536,0.949351662063886,1,113.4,115.7,73.1,59.1,56.1,75.7,100.1,60.9,131.7,125,113.4,127.5,158.3,127.1
Misin01G230500.1.v7.1,4,97.35,165.6,0.8344425956738768,0.949701394926266,1,120.2,100.3,64,53,43.9,55.5,67.3,43.2,115.3,112.1,88.7,93.5,106.5,90.2
Misin01G234400.1.v7.1,5,100,187.9,1.2341176470588235,0.992722650448791,1,85,104.9,52.8,32.8,35.5,52.8,48.2,42.4,95.1,69.4,71.8,89,76.2,88.5
Misin01G237900.1.v7.1,1,100,47.8,0.8495049504950495,0.966198289298622,1,50.5,42.9,424.4,319,387.2,460.8,410.8,265.1,764.7,674.9,782.7,776.3,649.8,553.3
Misin01G242700.1.v7.1,10,100,495.2,0.8843167701863354,0.208137557019973,0.515909419935317,128.8,113.9,623.3000000000001,510.1,476.3,509.6,531.7,406.5,1123,1079.2,962.8000000000001,858.5,841.1,848.4
Misin01G250100.1.v7.1,3,95.5,130.5,0.8740371545083825,0.0657787428814555,0.223093641906997,220.7,192.9,2448.5000000000005,2793.7000000000003,2373.6000000000004,2209.7999999999997,2441.2999999999997,1963.1000000000001,4411.5,5910.700000000001,4797.9,3722.8,3862,4097.1
Misin01G258700.1.v7.1,1,100,52,0.5918958031837915,0.200093468707347,0.50187138793345,207.3,122.7,133.8,139.6,74.6,84.7,72.1,73.2,241.1,295.4,150.8,142.7,114.1,152.8
Misin01G260500.1.v7.1,1,100,39.7,0.88099173553719,0.999686697613778,1,60.5,53.3,8.7,4.5,9.3,8.2,12,6.3,15.7,9.5,18.8,13.8,19,13.1
Misin01G262200.1.v7.1,1,100,35,0.945409429280397,0.989650839654681,1,120.9,114.3,142.4,106.1,109.5,135.7,134.2,98.6,256.6,224.5,221.3,228.6,212.3,205.8
Misin01G262900.1.v7.1,1,100,40.4,0.8167155425219942,0.348033442007021,0.748697277236521,136.4,111.4,1783.9,1677.8,1727.5,1691,1803.6,1525.2,3214.1,3549.8,3491.9,2848.8,2853.1,3183.2
Misin01G263600.1.v7.1,11,100,442.00000000000006,1.0277870773351188,0.880811856893143,1,298.70000000000005,307,419.1,333.2,377.7,470.8,477.6,359.7,755.1,705,763.5,793.2,755.5,750.7
Misin01G264700.1.v7.1,2,100,81.2,0.647410358565737,0.0243733405464732,0.111975822227708,150.6,97.5,125.4,121.1,133.3,98.4,116.2,72.1,225.9,256.2,269.4,165.8,183.8,150.5
Misin01G266600.1.v7.1,2,100,108.6,1.2229166666666667,0.760714599661433,1,48,58.7,98.2,67.1,75.3,110.3,110,96.2,176.9,142,152.2,185.8,174,200.8
Misin01G268100.1.v7.1,4,100,140.4,0.8768956289027654,0.70736030374316206,1,112.1,98.3,576.1,456.7,448.5,513.8,525.8,406.1,1038,966.3,906.6,865.6,831.8,847.6
Misin01G268200.1.v7.1,3,100,124.3,0.9966139954853274,0.999948059574588,1,88.6,88.3,66.7,65.1,62,74.1,66.8,72.1,120.2,137.7,125.3,124.8,105.7,150.5
Misin01G270000.1.v7.1,1,100,33.1,0.6152961472110408,0.062506799909506,0.214468415523677,173.9,107,54.2,30.7,46.2,34.1,24.9,29.9,97.7,65,93.4,57.4,39.4,62.4
Misin01G271300.1.v7.1,3,100,103.6,1.1700251889168765,0.258632089803896,0.605099577205111,79.4,92.9,132.3,85.5,110.1,154.6,164.6,123.4,238.4,180.9,222.6,260.4,260.4,257.5
Misin01G271400.1.v7.1,1,100,37,0.6657366071428572,0.100251617447708,0.306437234352855,179.2,119.3,230.4,242.7,206.6,165.1,194.3,132.6,415.1,513.5,417.6,278.1,307.4,276.7
Misin01G273200.1.v7.1,5,100,221.9,0.6873889875666074,0.105546851013081,0.318578541312879,168.9,116.1,423.2,306.3,386.2,271.8,337.3,251.2,762.5,648,780.7,457.9,533.6,524.3
Misin01G274000.1.v7.1,1,100,40.4,0.47705314009661837,4.8687660962576e-4,0.00694505737105907,165.6,79,158.5,121.9,162.6,81.4,86.1,50.1,285.6,257.9,328.7,137.1,136.2,104.6
Misin01G276400.1.v7.1,5,98.75,201.8,1.3254985754985753,9.500221093418e-4,0.0107016668233796,140.4,186.1,307.29999999999995,275.40000000000003,242.4,448,535.4,427.8,553.7,582.6999999999999,489.90000000000003,754.7,846.9,892.8000000000001
Misin01G277900.1.v7.1,1,100,33.1,1.8307873090481788,6.90652351975629e-6,6.4326277822894e-4,85.1,155.8,60.5,45.2,40.4,103.9,119.1,79.1,109,95.6,81.7,175,188.4,165.1
Misin01G278200.1.v7.1,5,100,255.8,1.0598221503637832,0.999999999904525,1,123.7,131.1,494.3,495.6,436.4,521.2,596.8,477.8,890.6,1048.6,882.1,878,944.1,997.2
Misin01G280700.1.v7.1,1,100,37.4,0.7777777777777777,0.0440711647714679,0.168218220339792,57.6,44.8,23.3,22,25,21.5,22.5,17.4,42,46.5,50.5,36.2,35.6,36.3
Misin01G282200.1.v7.1,1,100,39.7,0.6519871106337273,0.00473941955926971,0.0340623299763717,93.1,60.7,41.7,30.3,34.3,29.6,28.6,19.8,75.1,64.1,69.3,49.9,45.2,41.3
Misin01G282900.1.v7.1,1,90.5,40.8,0.8316559926806955,0.989110518738633,1,109.3,90.9,35,31,36.8,32.4,28.4,30.6,63.1,65.6,74.4,54.6,44.9,63.9
Misin01G294900.1.v7.1,20,100,845.8000000000002,0.7852512155591572,0.0122475951537999,0.0673589474125461,123.4,96.9,1265.8,1049.4,1068,1034.7,1059.1,849.4,2280.6,2220.2,2158.8,1743.1,1675.4,1772.7
Misin01G295000.1.v7.1,12,100,464.4,0.21793875330327997,0.0452053449828552,0.170925539817788,643.3,140.2,12693.1,11059.7,12909.599999999999,2070.7000000000003,3573.6,2641.3999999999996,22869.499999999996,23399.4,26095.2,3488.4,5653.1,5512.8
Misin01G298600.1.v7.1,2,100,88.19999999999999,0.7818035426731078,0.351932605098174,0.753427840409563,124.2,97.1,276.2,189.1,242.8,227.8,231.4,185.4,497.6,400.1,490.8,383.8,366.1,386.9
Misin01G301200.1.v7.1,1,89.3,44.7,1.3546511627906979,0.981404370931673,1,34.4,46.6,155.6,111.1,110.1,204.6,201.4,136.7,280.3,235.1,222.6,344.7,318.6,285.3
Misin01G302700.1.v7.1,1,100,58.9,0.7059736229635376,0.0180457515774294,0.0897430700186953,128.9,91,58.5,43.6,63.4,44.2,48.9,30.5,105.4,92.2,128.2,74.5,77.4,63.7
Misin01G305500.1.v7.1,1,100,40,0.9573283858998145,0.989886804852254,1,53.9,51.6,29.4,26,33.5,30.9,38,25.2,53,55,67.7,52.1,60.1,52.6
Misin01G307000.1.v7.1,1,100,34.7,1.0517560073937153,0.999704151765908,1,54.1,56.9,6.5,7,4.3,8.3,4.3,5.9,11.7,14.8,8.7,14,6.8,12.3
Misin01G312900.1.v7.1,3,100,179.1,0.6563658838071693,0.0315590342972578,0.132343620955214,161.8,106.2,303.7,318,301.2,237.2,243.8,194.6,547.2,672.8,608.8,399.6,385.7,406.1
Misin01G316200.1.v7.1,1,100,46.6,1.290909090909091,0.590816405906468,1,16.5,21.3,42.8,32.1,31.1,65.7,55.3,36,77.1,67.9,62.9,110.7,87.5,75.1
Misin01G316300.1.v7.1,4,100,182.2,2.146090534979424,8.3679252193369e-4,0.0099629303460597,48.6,104.3,543.2,401.9,411,1083.1,1150.7,894.7,978.7,850.3,830.8,1824.7,1820.3,1867.3
Misin01G322600.1.v7.1,5,97.15,206.10000000000002,0.9815705128205129,0.989790658448021,1,124.8,122.5,168.7,176.5,142.70000000000002,216.70000000000002,220,151.2,304,373.40000000000003,288.5,365.09999999999997,348,315.6
Misin01G323100.1.v7.1,31,100,1391.7000000000003,0.5696,0.0332316045203755,0.137781966489419,375,213.6,3219.9999999999995,2223.9,2851,2501.7,2526.7,1743.1,5801.5,4705.2,5762.9,4214.5999999999995,3997,3638
Misin01G324800.1.v7.1,2,95.2,87.8,1.0021231422505308,0.997973157031801,1,47.1,47.2,40.3,37.3,34.8,50.9,46,26.6,72.6,78.9,70.3,85.7,72.8,55.5
Misin01G325300.1.v7.1,2,97.5,148.6,1.211864406779661,0.895577559321648,1,47.2,57.2,64.6,47,47.4,71.5,76.9,54.4,116.4,99.4,95.8,120.5,121.6,113.5
Misin01G328000.1.v7.1,9,100,364,0.9480387162506367,0.585854776999766,1,196.3,186.1,451.29999999999995,453.8,380,466.20000000000005,482,355.2,813.1,960.0999999999999,768.1,785.4000000000001,762.4,741.4
Misin01G328200.1.v7.1,2,94.85,99,1.105341246290801,0.843707930181907,1,67.4,74.5,50.8,62.1,49.8,61.6,64.7,38.6,91.5,131.4,100.7,103.8,102.3,80.6
Misin01G328500.1.v7.1,9,100,362.5999999999999,0.5363013698630137,0.186527598626688,0.476637204209448,146,78.3,668.6,566,852,312.1,408.3,318.8,1204.6,1197.5,1722.2,525.8,645.9,665.4
Misin01G329700.1.v7.1,1,100,34.7,0.5984042553191489,0.203951147223304,0.509204938222967,75.2,45,44.7,32.3,41.5,40.3,28.5,23.1,80.5,68.3,83.9,67.9,45.1,48.2
Misin01G331400.1.v7.1,11,100,501.79999999999995,0.6543007222587,1.49576370787052e-5,6.4326277822894e-4,304.6,199.3,1015.5,873.1,1081.3999999999999,723.0999999999999,839.3,571.3000000000001,1829.6,1847.3000000000002,2185.9,1218.2,1327.7,1192.3999999999999
Misin01G333300.1.v7.1,1,100,45.4,0.9932260795935648,0.997513015464754,1,118.1,117.3,103.8,78.3,109.5,110.3,104.9,94.1,187,165.7,221.3,185.8,165.9,196.4
Misin01G333400.1.v7.1,3,100,121.3,0.8328042328042329,0.0440077659461495,0.168218220339792,94.5,78.7,171.5,125.9,129.8,127.9,144.5,106.2,309,266.4,262.4,215.5,228.6,221.6
Misin01G333600.1.v7.1,14,100,659.8000000000001,0.2884203002144389,0.051344123659545,0.186475473342818,279.8,80.7,13402.3,10907.4,14670.2,3841.3,4951.2,3337.6,24147.3,23077.1,29654,6471.3,7832.3,6965.7
Misin01G335300.1.v7.1,3,100,108.3,1.0729064039408867,0.79072700215299,1,101.5,108.9,65.3,56.1,53.7,82.1,79.8,57.7,117.7,118.7,108.5,138.3,126.2,120.4
Misin01G337900.1.v7.1,1,100,60.8,0.9659090909090909,0.995804001378881,1,88,85,27.4,27.8,22.7,28.3,33.1,19.3,49.4,58.8,45.9,47.7,52.4,40.3
Misin01G338400.1.v7.1,5,100,205.7,0.8347296268088347,0.829989204570446,1,131.3,109.6,317.1,194.3,313.4,283.2,288.9,231.5,571.3,411.1,633.5,477.1,457,483.2
Misin01G340000.1.v7.1,6,100,299.6,1.3504273504273505,0.018290325681922,0.0904021332118366,58.5,79,464.3,385.6,369.1,654.6,669.6,531.5,836.5,815.8,746.1,1102.8,1059.2,1109.3
Misin01G342300.1.v7.1,1,100,38.5,1.5158150851581507,0.50151799543857,0.964603460873506,82.2,124.6,13.4,6.7,5.8,14.5,11.4,10.3,24.1,14.2,11.7,24.4,18,21.5
Misin01G346900.1.v7.1,2,100,77.80000000000001,0.6203566121842496,0.00642492252895455,0.0427242137667509,134.6,83.5,98.4,84.3,75.1,69.4,53.5,52.7,177.3,178.4,151.8,116.9,84.6,110
Misin01G348600.1.v7.1,10,100,426.8,0.9990654205607478,0.907302109945853,1,107,106.9,541.9,381.09999999999997,441.1,509,559.3,346.5,976.4,806.3,891.5999999999999,857.5,884.8000000000001,723.1
Misin01G351700.1.v7.1,4,98.6,295,1.0487190256194876,0.620795420127831,1,238.1,249.7,1664.3000000000002,1620.7,1293.3999999999999,2058.3,2077.5,1791.1000000000001,2998.6000000000004,3428.9,2614.4,3467.6,3286.4,3738.1
Misin01G352800.1.v7.1,6,100,255.3,0.5887151597552686,0.00196084843902555,0.0179290967196826,147.1,86.6,1123.9,842.4,1128.6,707.1,810.5,528,2025,1782.3,2281.3,1191.2,1282.1,1102
Misin01G356000.1.v7.1,2,94.75,76.19999999999999,0.7575982209043736,0.82274679598762,1,134.9,102.2,54.9,27.6,40.6,40.2,39.3,28.4,98.9,58.4,82.1,67.7,62.2,59.3
Misin01G357300.1.v7.1,3,100,121.2,1.3901437371663243,0.357803863851769,0.763118548565746,97.4,135.4,39.9,27.8,31.4,56.4,55.8,35.9,71.9,58.8,63.5,95,88.3,74.9
Misin01G358300.1.v7.1,16,100,798.6,0.8379629629629629,0.630217261093942,1,129.6,108.6,588.9,386.5,501.1,541.3,536.6,357.7,1061,817.7,1012.9,911.9,848.9,746.5
Misin01G358800.1.v7.1,6,100,266.1,2.9232736572890023,0.0156173986389271,0.0806907572603108,39.1,114.3,711.8,492.8,502,1894,1925.2,1286.6,1282.5,1042.6,1014.7,3190.8,3045.5,2685.2
Misin01G361000.1.v7.1,2,96.9,87.4,1.25,0.295322837499994,0.661963057612363,85.2,106.5,225.4,207.9,204.9,307.3,306.4,254.4,406.1,439.9,414.2,517.7,484.7,530.9
Misin01G361900.1.v7.1,3,100,127.9,1.1709786276715408,0.252386147575775,0.594748019141491,88.9,104.1,55.7,50.8,44.7,69.8,76.2,51.3,100.4,107.5,90.4,117.6,120.5,107.1
Misin01G362400.1.v7.1,1,94.4,37.4,0.9497663551401869,0.999880743167012,1,85.6,81.3,62.7,45.1,56.5,63.7,70.3,47.1,113,95.4,114.2,107.3,111.2,98.3
Misin01G363800.1.v7.1,2,100,69.7,0.9169550173010381,0.987077282763216,1,115.6,106,180.4,165.8,173.9,216,203.3,142.3,325,350.8,351.5,363.9,321.6,297
Misin01G364300.1.v7.1,1,100,35,1.2074468085106382,0.27597921786665,0.631628595583646,75.2,90.8,161.8,138.2,123.7,208.9,234.9,164,291.5,292.4,250,351.9,371.6,342.3
Misin01G364600.1.v7.1,2,100,95.9,1.497142857142857,0.257839571242704,0.603423075124309,52.5,78.6,246.4,162.6,181.1,332.6,310.6,262.7,443.9,344,366.1,560.3,491.3,548.3
Misin01G365000.1.v7.1,1,100,45.1,1.4336134453781513,0.101915019661114,0.31034276196597,59.5,85.3,147.3,139.1,119.8,225.8,238.2,215.8,265.4,294.3,242.2,380.4,376.8,450.4
Misin01G365200.1.v7.1,10,100,588.2,1.4383116883116882,0.00891903500299329,0.0529104326359751,61.6,88.6,202.1,161.2,178.6,302.79999999999995,311.4,279.7,364.09999999999997,341.1,361,510.1,492.6,583.7
Misin01G369600.1.v7.1,2,94.4,70,2.237804878048781,0.19011603793267,0.483526022211174,16.4,36.7,64.7,60.7,63.7,160.4,181.4,236.3,116.6,128.4,128.8,270.2,287,493.2
Misin01G370200.1.v7.1,1,100,37.4,1.104008667388949,0.515797132142211,0.98144331777295,92.3,101.9,393,377.1,349.5,463.9,489.5,417.2,708.1,797.8,706.5,781.5,774.3,870.7
Misin01G372200.1.v7.1,8,98.65,541.4000000000001,0.5322009907997169,0.0120208530877319,0.0663876399905418,141.3,75.2,779.2,725.4,738.8,511.3,502.8,361.1,1403.9,1534.7,1493.4,861.4,795.4,753.6
Misin01G374600.1.v7.1,3,100,114,0.9432624113475178,0.999999131876465,1,126.9,119.7,187.1,134.2,172.8,181.9,200.9,161.5,337.1,283.9,349.3,306.4,317.8,337.1
Misin01G375600.1.v7.1,4,100,184.2,0.9430438842203549,0.999509766039926,1,107.1,101,195.8,143.1,186.7,197.5,206.4,167.5,352.8,302.8,377.4,332.7,326.5,349.6
Misin01G378200.1.v7.1,11,100,427.7,1.0825082508250823,0.26557249049873,0.615477480167986,121.2,131.2,441.7,399.90000000000003,452.70000000000005,630,600.8,493,795.8000000000001,846.1,915.0999999999999,1061.3,950.4,1028.9
Misin01G378600.1.v7.1,8,97.6,309.6,1.1258503401360545,0.990192380997409,1,29.4,33.1,41.4,47,44.6,60.1,71.9,43.5,74.6,99.4,90.2,101.2,113.7,90.8
Misin01G380100.1.v7.1,1,100,32.7,2.1125265392781314,1.31034842321132e-6,3.9403764865667e-4,47.1,99.5,98.2,72.1,72.7,193.5,196.5,154.4,176.9,152.5,147,326,310.8,322.2
Misin01G381900.1.v7.1,4,100,198.7,0.9651070578905631,0.996525701224807,1,126.1,121.7,105.6,76.7,87.9,91.7,116.9,82.2,190.3,162.3,177.7,154.5,184.9,171.6
Misin01G383100.1.v7.1,3,97.5,119.4,1.2801771871539314,0.00404875326674436,0.0303382844596412,180.6,231.2,842.7,645.4,637.7,1055.6999999999998,983.7,845.5,1518.3000000000002,1365.5,1289,1778.5,1556.1,1764.6
Misin01G385300.1.v7.1,6,100,214.1,0.9711021505376344,0.924155257848984,1,148.8,144.5,1188.1,868.1999999999999,1049.6000000000001,1265.8999999999999,1286,1074.1000000000001,2140.7,1836.9,2121.6,2132.6,2034.3000000000002,2241.7
Misin01G386200.1.v7.1,1,100,40.8,1.1729834791059282,0.00605693251752282,0.040945276088393,102.9,120.7,302.8,268.4,238,379.7,388.3,317.6,545.6,567.9,481.1,639.7,614.3,662.8
Misin01G387600.1.v7.1,2,95.45,77,0.928721174004193,0.989444679401513,1,143.1,132.9,302.2,244.8,284.5,300.3,301.6,282.6,544.5,517.9,575.1,505.9,477.1,589.8
Misin01G388800.1.v7.1,8,100,313.1,1.2050400916380297,0.971229731244016,1,87.30000000000001,105.2,81.1,64.1,77.7,87.1,110.1,78.1,146.2,135.7,157.1,146.7,174.2,163
Misin01G390800.1.v7.1,1,100,40.8,1.2479784366576818,0.638056442972024,1,74.2,92.6,41.9,31.2,40.9,54.1,60.1,45.1,75.5,66,82.7,91.1,95.1,94.1
Misin01G391000.1.v7.1,18,100,731.0999999999999,1.0800457404230988,0.0120618668727014,0.0665317767052967,174.9,188.89999999999998,4205.1,3993.3,3608,5845.2,5998,4424.9000000000005,7576.4,8448.800000000001,7293.1,9847.300000000001,9488.300000000001,9235
Misin01G393100.1.v7.1,1,100,39.7,0.9922480620155039,0.99993914027393,1,25.8,25.6,66.3,50.9,55.8,67.2,68.7,53.5,119.5,107.7,112.8,113.2,108.7,111.7
Misin01G393200.1.v7.1,12,96.9,428.4,1.240043057050592,0.00257275282222669,0.0218313051871112,92.9,115.20000000000002,1938,1684.7,1407,3063.8999999999996,2939.7,2437.5,3491.7000000000003,3564.2999999999997,2844.1,5161.5999999999995,4650.4000000000005,5087.2
Misin01G393900.1.v7.1,1,100,37,0.6183510638297872,0.00754337515142378,0.0478456333446879,150.4,93,63.9,58.1,54.9,51.9,40,34.1,115.1,122.9,111,87.4,63.3,71.2
Misin01G396700.1.v7.1,2,97.5,81.2,1.1082654249126889,0.984175684716042,1,171.8,190.39999999999998,84.2,70.80000000000001,69.7,93.89999999999999,98.30000000000001,73,151.7,149.8,140.89999999999998,158.2,155.5,152.39999999999998
Misin01G398100.1.v7.1,2,87,94.8,0.9442477876106194,0.999948712125176,1,113,106.7,512.8,353.7,457.7,517.9,549.3,425.5,923.9,748.3,925.2,872.5,868.9,888
Misin01G398500.1.v7.1,15,100,792.1999999999997,0.44982238010657194,0.1597021369971,0.431105338331016,225.2,101.3,6557.3,5468.9,7373.7,2873.3,3806.4,2547,11814.5,11570.7,14905,4840.6,6021.4,5315.7
Misin01G399900.1.v7.1,13,100,585.1999999999999,1.284931506849315,0.431412839793906,0.868656567775599,36.5,46.9,98.1,77,86.4,133.2,140.4,134.6,176.7,162.9,174.6,224.4,222.1,280.9
Misin01G402100.1.v7.1,14,100,596.6,1.3064351378958121,0.24107897850416601,0.576654142661847,97.9,127.9,636,475,596.3,824.7,949.8,717.2,1145.9,1005,1205.3,1389.3,1502.5,1496.8
Misin01G403700.1.v7.1,6,96.6,322.8,0.8103448275862069,0.00749692699287341,0.0477033507213376,208.8,169.2,213.8,205.8,210.1,195.1,199.8,157.7,385.20000000000005,435.4,424.7,328.7,316.09999999999997,329.09999999999997
Misin01G404700.1.v7.1,1,100,43.1,0.9891304347826086,0.990969918286717,1,110.4,109.2,46.7,36.4,51.7,49.4,65.4,31.2,84.1,77,104.5,83.2,103.5,65.1
Misin01G404800.1.v7.1,3,100,116.2,1.3192239858906525,0.337259107324906,0.731075671352898,56.7,74.8,118.7,103.7,107.5,170.4,200.4,120.1,213.9,219.4,217.3,287.1,317,250.7
Misin01G408300.1.v7.1,1,100,36.6,0.9190093708165997,0.95826735443494,1,149.4,137.3,103.7,92.2,93.9,95.6,110.3,90.5,186.8,195.1,189.8,161.1,174.5,188.9
Misin01G412200.1.v7.1,7,100,264.2,0.8154639175257732,0.945367693355409,1,97,79.1,254.4,169.9,225.5,210.4,234.9,193.2,458.4,359.5,455.8,354.5,371.6,403.2
Misin01G413100.1.v7.1,8,100,299.8,1.1130252100840334,0.770847949119477,1,238,264.9,610,459.9,572,699.5,807.5,562.1999999999999,1099.1000000000001,973,1156.3,1178.5,1277.3999999999999,1173.4
Misin01G413200.1.v7.1,6,100,266.6,0.7956903431763768,0.00214335872997329,0.0191992103298171,125.3,99.7,425.6,335.3,455.6,362.1,381.2,298.8,766.8,709.4,920.9,610,603,623.6
Misin01G413900.1.v7.1,2,100,87,0.9630916196265741,0.48002354796523,0.936506900911105,230.3,221.8,144.10000000000002,149.79999999999998,124.10000000000001,143.29999999999998,122.8,129.3,259.7,317,250.89999999999998,241.4,194.29999999999998,269.8
Misin01G414100.1.v7.1,1,100,61.2,1.1651982378854626,0.765085713315152,1,90.8,105.8,87.5,68.4,68.9,100.1,113.6,70.1,157.7,144.7,139.3,168.6,179.7,146.3
Misin01G415100.1.v7.1,8,100,314,0.67396841569027,0.00111426672405546,0.0119638115471108,196.3,132.3,1737,1727.9,1641,1315.5,1479.8999999999999,979.8000000000001,3129.6,3655.8,3317.1,2216.2,2341.1,2044.9
Misin01G417900.1.v7.1,5,100,199.6,0.9291736930860034,0.768212950284966,1,118.6,110.2,360.4,298.9,292.9,349.1,371.5,239.9,649.3,632.4,592.1,588.1,587.7,500.7
Misin01G418600.1.v7.1,4,100,155.2,2.9970588235294118,7.01038998762726e-5,0.00182423204961881,68,203.8,116.1,77.4,83,298.5,270.8,242.3,209.2,163.8,167.8,502.9,428.4,505.7
Misin01G419100.1.v7.1,1,100,60.5,0.8111837327523603,0.171526517936072,0.449434547820624,137.7,111.7,468.9,468.3,396.9,406.7,418.4,399.7,844.8,990.8,802.3,685.2,661.9,834.2
Misin01G420700.1.v7.1,1,100,42.4,0.6342165898617511,0.138587899478853,0.389457813248991,173.6,110.1,26.1,21.4,29.3,17.7,23.2,13.6,47,45.3,59.2,29.8,36.7,28.4
Misin01G421400.1.v7.1,3,100,115.2,1.190212373037858,0.200530873662115,0.502076736367977,108.3,128.9,320.5,250.5,291.7,377.3,434.6,397,577.5,530,589.6,635.6,687.5,828.6
Misin01G421700.1.v7.1,1,100,33.5,1.0648298217179903,0.987030135866878,1,123.4,131.4,110.1,74.2,86.2,114.1,117.3,84.4,198.4,157,174.2,192.2,185.6,176.1
Misin01G421800.1.v7.1,1,100,36.2,0.3189922480620155,7.1993820185345e-4,0.00897982573489216,258,82.3,445.8,479.4,528,170.9,211.8,155.1,803.2,1014.3,1067.3,287.9,335,323.7
Misin01G422700.1.v7.1,2,100,75.1,0.6090964966195452,6.9172770984171e-4,0.00869621397246158,162.7,99.1,297.1,244.3,304.6,193.5,186.3,164.5,535.3,516.9,615.7,326,294.7,343.3
Misin01G424300.1.v7.1,1,100,35,0.9959677419354838,0.983658202810577,1,74.4,74.1,18.3,8.7,11.1,10.3,15.2,10.7,33,18.4,22.4,17.4,24,22.3
Misin01G428400.1.v7.1,3,100,99.3,1.4491228070175437,0.946866733918323,1,28.5,41.3,3.9,4.7,5,10.2,9.1,6.6,7,9.9,10.1,17.2,14.4,13.8
Misin01G428600.1.v7.1,5,100,198.4,0.8488178488178488,0.36932691241696203,0.779975488909148,300.3,254.9,2734.5,2362.4,2441.9,2566,2756.7000000000003,2012,4926.8,4998.2,4936,4322.8,4360.8,4199.1
Misin01G430600.1.v7.1,1,100,38.5,0.8822152886115445,0.999597342294394,1,128.2,113.1,43.7,23.4,37.8,40,48.1,32.3,78.7,49.5,76.4,67.4,76.1,67.4
Misin01G432500.1.v7.1,4,98.925,172.2,0.4321223709369025,0.0108453632157125,0.0616821946098123,523,226,123.6,172.7,124.2,67.4,62.6,62.1,222.7,365.3,251.1,113.5,99,129.6
Misin01G433600.1.v7.1,1,100,47,1.0331950207468878,0.997987728757481,1,96.4,99.6,99,97,82.5,104.2,116.5,98,178.4,205.2,166.8,175.5,184.3,204.5
Misin01G434000.1.v7.1,14,94.55,578,1.4669421487603307,0.00657202691926573,0.0435988960889557,120.99999999999999,177.5,236.6,181.20000000000002,200.60000000000002,454.1,438.5,393.70000000000005,426.2,383.4,405.5,764.9999999999999,693.6999999999999,821.7
Misin01G435100.1.v7.1,6,100,249.4,1.2673312188491164,0.12258286249813,0.358118042714232,220.7,279.7,308.90000000000003,293.29999999999995,276.5,419.70000000000005,444.3,371,556.5,620.6,558.9,707,702.8000000000001,774.3000000000001
Misin01G438100.1.v7.1,15,100,568.7,0.7743517869656623,0.0379549557675777,0.151076236474464,285.4,221,1386.9,1290.3000000000002,1172.3999999999999,1289.3,1263.5,874.0000000000001,2498.9,2729.9,2369.8,2172,1998.7000000000003,1824.1000000000001
Misin01G439400.1.v7.1,18,100,673.3999999999999,0.8712309329549487,0.00163834752306524,0.0158488845616003,281.9,245.60000000000002,844,667,862.3,777.1,880.7,646.4000000000001,1520.6,1411.2,1743.1000000000001,1309.1000000000001,1393.2,1349.1
Misin01G439500.1.v7.1,22,97.75,997.9,0.8567625133120339,0.0012219702060362,0.0129108518754783,187.8,160.89999999999998,1974.3,1876.5,1753.1000000000001,1676.3,1704.7,1309.3999999999999,3557.1,3970.1,3543.7000000000003,2824,2696.7000000000003,2732.8
Misin01G440400.1.v7.1,2,98.15,109,0.5425219941348973,0.16409961045407,0.435896183192033,170.5,92.5,836,787.4,918.4,536.4,737.4,400.4,1506.2,1665.9,1856.4,903.7,1166.5,835.7
Misin01G442400.1.v7.1,1,100,35.8,0.7935435435435436,0.0687226467584696,0.230001826472182,133.2,105.7,98,76.1,91.6,84,88.5,67.1,176.6,161,185.2,141.5,140,140
Misin01G447300.1.v7.1,3,95.35,111.7,1.0085070182900893,0.994197657387285,1,235.10000000000002,237.1,829,573.9,737.2,927.5999999999999,900.3,530,1493.6,1214.2,1490.1999999999998,1562.6999999999998,1424.1999999999998,1106.1
Misin01G447600.1.v7.1,2,100,87.4,0.835698282300224,0.329159407750902,0.716777237634798,133.9,111.9,187.4,146.2,178.3,173.7,178.3,131,337.6,309.3,360.4,292.6,282.1,273.4
Misin01G455000.1.v7.1,4,100,159.4,0.6817472698907957,2.5788993803899e-4,0.00448690844021707,128.2,87.4,338.7,304.2,293.7,258.7,260.9,199.3,610.2,643.6,593.7,435.8,412.7,415.9
Misin01G455400.1.v7.1,3,100,159.10000000000002,0.7345225603357818,0.187751787599917,0.478431859015568,95.3,70,201.4,195.4,202.1,178.1,184.9,149.5,362.9,413.4,408.5,300,292.5,312
Misin01G456500.1.v7.1,4,100,151.7,0.8530465949820788,0.448288746000394,0.893653136210203,139.5,119,429.1,320.7,420.2,391.5,400.7,327.6,773.1,678.5,849.4,659.5,633.9,683.7
Misin01G457100.1.v7.1,2,100,83.5,1.0917516218721037,0.781518454943084,1,107.9,117.8,587,508.6,525.1,663.2,732.7,555.9,1057.6,1076.1,1061.4,1117.3,1159.1,1160.2
Misin01G459800.1.v7.1,1,100,43.9,0.6753246753246753,0.0410954554690273,0.160529543847875,130.9,88.4,72.2,77.6,94.8,65.8,73.4,46.9,130.1,164.2,191.6,110.9,116.1,97.9
Misin01G460000.1.v7.1,7,100,303.2,1.1781789638932496,0.628765413039871,1,254.8,300.2,1956.6000000000001,1705.9,1748.3000000000002,2062,2110.1,1643.8000000000002,3525.2000000000003,3609.2000000000003,3534,3473.8,3338,3430.7
Misin01G461300.1.v7.1,6,100,225.6,0.9593862815884476,0.710594468970084,1,110.8,106.3,1085.1,984.1,929.4,1115,1172.7,898.7,1955.1,2082.1,1878.7,1878.4,1855.1,1875.6
Misin01G464900.1.v7.1,2,100,84,1.267277856135402,0.00142078125877632,0.0144170890098732,141.8,179.7,585.1,475,477.8,764.3000000000001,832.5999999999999,741.7,1054.2,1005,965.8,1287.6000000000001,1317.1000000000001,1548
Misin01G466600.1.v7.1,2,100,101.7,1.2092238470191226,0.25075800158539,0.591145062386446,88.9,107.5,223.2,165.8,230.5,288.8,274.4,248.1,402.1,350.8,465.9,486.5,434.1,517.8
Misin01G467000.1.v7.1,1,100,33.9,1.5711060948081264,0.179506873898517,0.464422646938571,44.3,69.6,4.5,4,4.7,9.1,8.4,4.9,8.1,8.5,9.5,15.3,13.3,10.2
Misin01G469300.1.v7.1,1,100,47.8,0.8620178041543026,0.82346984012175,1,134.8,116.2,180.4,127.1,163.7,166.3,171.2,145.7,325,268.9,330.9,280.2,270.8,304.1
Misin01G469600.1.v7.1,2,97.75,94,6.1128526645768035,2.36392198971203e-6,4.6552747012636e-4,95.69999999999999,585,58.300000000000004,39.4,30.7,347.59999999999997,352.9,214.2,105,83.3,62,585.6,558.3,447
Misin01G473100.1.v7.1,2,100,73.2,1.226169844020797,0.0121113213453004,0.0667172303181371,230.8,283,394.79999999999995,349.2,358.09999999999997,565,671.6,447.3,711.4,738.8000000000001,723.9000000000001,951.9,1062.4,933.5
Misin01G474000.1.v7.1,5,100,181,1.6997232472324721,0.00771971506964753,0.0485122932771206,216.8,368.5,179.7,124.6,134.8,251,298.79999999999995,200.29999999999998,323.8,263.6,272.4,422.9,472.6,418
Misin01G477000.1.v7.1,1,100,41.6,1.2699696663296258,0.0786628768357343,0.255799226774429,98.9,125.6,334,237.5,269.6,410.8,393.7,332.3,601.8,502.5,545,692.1,622.8,693.5
Misin01G478600.1.v7.1,1,100,38.1,1.7218124341412013,0.150304030838992,0.412699790240549,94.9,163.4,29.9,19.1,22.3,46.1,49.9,34.7,53.9,40.4,45.1,77.7,78.9,72.4
Misin01G479200.1.v7.1,3,100,114.4,0.5051783659378596,2.3576723471308e-6,4.6552747012636e-4,173.8,87.8,402.2,472.1,436.6,255,281.8,217.9,724.7,998.8,882.5,429.6,445.8,454.8
Misin01G479500.1.v7.1,3,100,123.9,0.8866481223922114,0.657213660013632,1,143.8,127.5,116.2,126.3,94,119.7,108.7,88.9,209.4,267.2,190,201.7,172,185.5
Misin01G486600.1.v7.1,2,100,68.5,4.06320907617504,4.35459341119326e-6,6.4326277822894e-4,61.7,250.7,154.9,130.7,113,611.5,710.6,571.6,279.1,276.5,228.4,1030.2,1124.1,1193
Misin01G488800.1.v7.1,3,100,132.1,1.1991489361702128,0.853424941563441,1,117.5,140.9,891.1,654.7,714.2,1027.1,924.4,864.8,1605.5,1385.2,1443.7,1730.3,1462.3,1804.9
Misin01G493000.1.v7.1,5,93.1,300.1,1.0905743740795286,0.720665083020102,1,135.8,148.1,252.59999999999997,238.79999999999998,226.39999999999998,266.8,241.4,210.60000000000002,455.1,505.3,457.59999999999997,449.50000000000006,381.90000000000003,439.59999999999997
Misin01G493200.1.v7.1,5,99.275,303,0.7268135904499542,0.0518558757326822,0.187733392157384,217.79999999999998,158.3,578.6,617.7,668,596,607.0999999999999,389.79999999999995,1042.5,1306.8,1350.3,1004,960.4000000000001,813.5
Misin01G493300.1.v7.1,7,95,333.6,0.6982421875,0.172323844043857,0.451043302001224,102.4,71.5,1273.4,1457.3,1234.8,1236.5,1102,832.6,2294.3,3083.3,2496,2083.1,1743.3,1737.7
Misin01G494800.1.v7.1,2,100,75.9,0.9058473736372646,0.556010424653685,1,100.9,91.4,358.4,259.9,306.1,322.2,364.6,268.5,645.7,549.9,618.7,542.8,576.8,560.4
Misin01G496800.1.v7.1,1,100,38.1,0.44097035040431265,3.89902260364838e-5,0.00123258757003399,185.5,81.8,98.5,82.3,100.6,50.3,49.5,34.9,177.5,174.1,203.4,84.7,78.3,72.8
Misin01G498500.1.v7.1,1,100,46.6,0.9905109489051094,0.999999195514297,1,137,135.7,261.1,195.5,234.3,276.6,307.5,199.4,470.4,413.6,473.6,466,486.4,416.2
Misin01G500600.1.v7.1,1,100,42.4,0.9358620689655172,0.865220251438851,1,145,135.7,3583.1,2941.7,3849.7,3531.1,3819.8,3035.8,6455.8,6223.8,7781.7,5948.7,6042.6,6335.9
Misin01G502300.1.v7.1,4,97.6,156.7,2.2235421166306697,5.42754023502567e-6,6.4326277822894e-4,92.6,205.9,214.3,169.6,181.7,454.6,516,427.8,386.1,358.8,367.3,765.8,816.3,892.8
Misin01G515900.1.v7.1,3,100,121.4,1.2035874439461882,0.0897591852066416,0.282330422088349,111.5,134.2,234.6,161.2,208.5,315.3,320.8,241.4,422.7,341.1,421.5,531.2,507.5,503.8
Misin01G517500.1.v7.1,12,100,545.4,0.7478260869565218,1.1934956661152e-4,0.00253322909149808,184,137.6,577.3000000000001,492.8,527,449.7,431.9,370.3,1040.1000000000001,1042.7,1065.3,757.5999999999999,683.1999999999999,772.9
Misin01G518700.1.v7.1,5,100,200.7,0.6568627450980392,1.7725899305043e-4,0.00339641909835219,153,100.5,616.5,505.6,665.3,422.9,461.5,358.5,1110.8,1069.7,1344.8,712.4,730,748.2
Misin02G001100.1.v7.1,1,86.4,34.7,0.7819548872180451,0.807212743614175,1,39.9,31.2,45.1,34.2,34.6,40.2,35.8,23.2,81.3,72.4,69.9,67.7,56.6,48.4
Misin02G001600.1.v7.1,1,100,39.7,1.5450643776824033,0.146190983108134,0.405469894503781,69.9,108,107.6,75.8,86.1,150.2,170.1,147.7,193.9,160.4,174,253,269.1,308.3
Misin02G006700.1.v7.1,1,100,42,1.2445961319681456,0.33517431972341,0.727019299747676,87.9,109.4,169.9,185.8,140.3,207.3,240.7,194.8,306.1,393.1,283.6,349.2,380.8,406.6
Misin02G006900.1.v7.1,2,100,84.3,0.9438405797101449,0.859610506274095,1,110.4,104.2,91.4,71.6,85.8,92.2,93.1,75.1,164.7,151.5,173.4,155.3,147.3,156.7
Misin02G009900.1.v7.1,3,94.1,105.9,1.7051671732522797,0.137490224040057,0.386783545405263,65.8,112.2,86.1,59.7,61,127.9,126.9,108.9,155.1,126.3,123.3,215.5,200.7,227.3
Misin02G010000.1.v7.1,4,100,150.2,1.3450031826861872,0.0123830358930055,0.0679146165036325,157.1,211.3,348.9,323.6,327.5,578.4,557.5,525.1,628.5999999999999,684.5999999999999,662,974.4000000000001,881.9000000000001,1095.8999999999999
Misin02G012800.1.v7.1,1,95.2,46.2,1.0676691729323307,0.979354288203984,1,26.6,28.4,7.8,6.1,11.8,10.7,6.6,7.2,14.1,12.9,23.9,18,10.4,15
Misin02G020700.1.v7.1,2,94.1,72.4,0.9224806201550387,0.990318846802081,1,103.2,95.2,196.2,161.8,184.7,207.8,206,149.2,353.5,342.3,373.3,350.1,325.9,311.4
Misin02G024300.1.v7.1,10,100,403.8,0.575843582466099,0.185875182738298,0.475445308446937,317.1,182.6,1286.8999999999999,1163.7,1145.9,643.9,553.5,704.3,2318.7,2462,2316.3,1084.8,875.6,1469.8999999999999
Misin02G027400.1.v7.1,2,94,83.5,0.9853801169590644,0.999523898864117,1,34.2,33.7,19.2,20.4,15.7,28.5,20.5,16.3,34.6,43.2,31.7,48,32.4,34
Misin02G034800.1.v7.1,1,100,34.7,0.7042586750788643,0.0265146620606465,0.118021192320741,126.8,89.3,520.8,502.6,417.1,406.9,416.2,316.7,938.3,1063.4,843.1,685.5,658.4,661
Misin02G041500.1.v7.1,5,97.05,175.8,1.1640475277884248,0.532806098733973,1,260.9,303.7,159.7,97.19999999999999,162.1,202.9,228.2,130.5,287.70000000000005,205.7,327.7,341.9,361,272.4
Misin02G042500.1.v7.1,4,100,164.8,1.7388059701492538,0.0147525580927922,0.0770131350634679,107.2,186.4,825.4000000000001,781.8000000000001,716.4000000000001,1267.5,1268.1,1160.6,1487.1,1654.1,1448.1000000000001,2135.3999999999996,2006,2422.2
Misin02G047600.1.v7.1,6,96.7,364.8,1.1258041458184418,0.0971902979957736,0.299249481297525,139.9,157.5,485.6,414.7,399.3,605.5,648.3,534.6999999999999,874.9000000000001,877.4,807.2,1020.1,1025.6,1115.8999999999999
Misin02G049700.1.v7.1,14,100,532.4,1.606805293005671,0.18948448025051,0.482228493620665,105.8,170,1046.3999999999999,907.1,932.3,1606.4,1783.5,1346.6,1885.3,1919.1,1884.5,2706.2,2821.4,2810.4
Misin02G049800.1.v7.1,4,100,145.6,0.8820224719101124,0.0279421080127283,0.121737906523742,106.8,94.2,1358.8,1094.3,1229.4,1240,1380.6,1034.6,2448.2,2315.2,2485.1,2089,2184,2159.3
Misin02G051600.1.v7.1,9,100,344.40000000000003,1.2114735658042743,0.383641538884525,0.798993422529624,177.8,215.39999999999998,67.39999999999999,56.5,64.3,80.5,87.7,75.39999999999999,121.5,119.49999999999999,130,135.7,138.70000000000002,157.3
Misin02G051900.1.v7.1,10,100,426.49999999999994,0.48968253968253966,2.3946470717994e-4,0.0042369226641749,756,370.2,790.1,511.59999999999997,810.3,370.9,386.90000000000003,270.1,1423.5,1082.3999999999999,1637.8,624.9000000000001,612,563.7
Misin02G055300.1.v7.1,3,100,127.4,1.0241254523522316,0.999999145308431,1,82.9,84.9,231,183.1,200.2,226.4,262,201,416.2,387.4,404.7,381.4,414.5,419.5
Misin02G060100.1.v7.1,7,100,319.2,1.1535038932146828,0.919781496258421,1,89.9,103.7,431.6,337.2,345.9,494.9,489.5,394.3,777.6,713.4,699.2,833.7,774.3,822.9
Misin02G068800.1.v7.1,2,100,86.19999999999999,1.1832627118644068,0.198241298642301,0.497974454045513,94.4,111.7,103.1,71.7,96.7,129.8,138.9,116,185.8,151.7,195.5,218.7,219.7,242.1
Misin02G070700.1.v7.1,2,100,80,0.7868284228769497,0.630109909930752,1,115.4,90.8,74.6,47.6,83.5,66.7,55.2,50.7,134.4,100.7,168.8,112.4,87.3,105.8
Misin02G078400.1.v7.1,3,100,123.6,0.18029739776951673,0.00410544429514992,0.0306570708706746,322.8,58.2,259.7,254.8,268.8,52.9,69.5,46.6,467.9,539.1,543.3,89.1,109.9,97.3
Misin02G084400.1.v7.1,2,96.9,72.4,0.7696428571428572,0.164505487575873,0.436535972021095,56,43.1,46.9,40.7,43.7,47.7,41.9,23.7,84.5,86.1,88.3,80.4,66.3,49.5
Misin02G086800.1.v7.1,2,98.1,106.2,1.010688042752171,0.157931972463376,0.427974817603117,149.70000000000002,151.3,611.1,524.7,599.3000000000001,602.9,628,478,1101.1,1110.2,1211.4,1015.6999999999999,993.4,997.5999999999999
Misin02G087800.1.v7.1,3,100,120.6,1.360718870346598,0.0924444816555106,0.288077744115669,77.9,106,188.2,115.8,167.5,276.8,291.2,181.2,339.1,245,338.6,466.3,460.7,378.2
Misin02G093300.1.v7.1,11,100,449.8,0.7864923747276689,0.255165289568769,0.598633842732399,275.4,216.6,703.8,590.4,687.7,632.8,756.2,478.9,1268,1249.1,1390.1,1066,1196.2,999.5
Misin02G093500.1.v7.1,14,100,538.6999999999999,0.8099071207430342,0.00668510347745688,0.0442628129135173,161.5,130.8,1580,1652.1000000000001,1433.5,1244.8999999999999,1385,1028.2,2846.7,3495.3999999999996,2897.6,2097.3,2190.8999999999996,2145.9
Misin02G094200.1.v7.1,2,100,77.8,1.1873156342182891,0.0698853585496845,0.232716877115155,67.8,80.5,460.2,386,385.2,540.8,612.8,507.3,829.2,816.7,778.6,911.1,969.4,1058.8
Misin02G094400.1.v7.1,2,100,72.80000000000001,0.31350330500472146,2.12235590535403e-5,7.9541627924557e-4,211.8,66.4,87.7,70.1,103,38.7,31.3,20.5,158,148.3,208.2,65.2,49.5,42.8
Misin02G101400.1.v7.1,2,100,117.1,0.9235294117647059,0.990429343819887,1,119,109.9,263.8,283.6,237.9,263.5,284,203.7,475.3,600,480.9,443.9,449.3,425.1
Misin02G102000.1.v7.1,1,100,38.1,0.9403973509933775,0.999585856013808,1,105.7,99.4,50.6,47.3,47.7,53.8,52.8,50.1,91.2,100.1,96.4,90.6,83.5,104.6
Misin02G103400.1.v7.1,7,96.075,292.9,0.1794616151545364,1.4140300673337e-4,0.00286605618069452,200.6,36,1090,797.3,1104.1,283.3,214.4,169,1963.9,1686.9,2231.8,477.3,339.2,352.7
Misin02G103500.1.v7.1,14,97.35,586.4,0.5552968568102444,3.63944913004399e-5,0.00117706797101396,171.8,95.4,1365.7,1359.9,1176.5,871.6,850.4,691.9,2460.6,2877.2,2378.2,1468.4,1345.2,1444
Misin02G103800.1.v7.1,2,100,81.30000000000001,0.9913941480206541,0.999033721265878,1,58.1,57.6,9.8,10.7,10.2,13.8,9.4,9.8,17.7,22.6,20.6,23.2,14.9,20.5
Misin02G109700.1.v7.1,1,93.8,37,1.5200517464424321,0.0269108449082984,0.118830474107855,77.3,117.5,86.8,53,59,115.5,114.7,84.5,156.4,112.1,119.3,194.6,181.4,176.4
Misin02G110200.1.v7.1,11,100,420.5,0.7599286033020972,0.00521707757347412,0.0365318040661954,224.10000000000002,170.3,869.8,793.3,768.9,762.8,771.5999999999999,555.6,1567.1999999999998,1678.4,1554.3,1285.1,1220.6,1159.5
Misin02G112800.1.v7.1,2,100,86.6,0.43079200592153966,4.0396231112094e-4,0.00605262385026093,135.1,58.2,127.3,80,141.1,54.4,62.5,50.3,229.4,169.3,285.2,91.6,98.9,105
Misin02G117400.1.v7.1,3,94.17500000000001,122,1.9567567567567568,0.00219969711949963,0.0195641718434303,55.5,108.6,200.4,173.3,148.20000000000002,418.9,441.09999999999997,301.8,361.09999999999997,366.7,299.5,705.8,697.8,629.9000000000001
Misin02G126500.1.v7.1,14,100,680.3000000000001,1.2838874680306904,0.605999543258284,1,195.5,251,1901.5,1401,2073.1,2048.7,2650.8,1998.1000000000001,3426,2964.1000000000004,4190.5,3451.4,4193.299999999999,4170.2
Misin02G127800.1.v7.1,7,100,249.1,1.3764553686934025,0.221517714832241,0.541548333409365,77.3,106.4,131,102.3,108.3,178.9,180.2,153.6,236,216.4,218.9,301.4,285.1,320.6
Misin02G139400.1.v7.1,1,100,44.3,0.5993265993265994,0.0322922757991798,0.13437826221181,118.8,71.2,128.7,124.5,175,84.8,110.3,75.6,231.9,263.4,353.7,142.9,174.5,157.8
Misin02G143700.1.v7.1,1,100,35.4,0.7749003984063745,0.0630254633765879,0.215906143294675,100.4,77.8,190.3,137.4,167,164,150.5,125.4,342.9,290.7,337.6,276.3,238.1,261.7
Misin02G145800.1.v7.1,6,97.9,276.20000000000005,1.2666666666666666,0.175089798580375,0.456812657504577,139.5,176.7,1386.8999999999999,1432.6000000000001,1166.5,2003.9,1942.1999999999998,1617.6999999999998,2498.7999999999997,3031,2357.9,3375.8999999999996,3072.3999999999996,3376.2
Misin02G167800.1.v7.1,1,100,39.3,0.5329373650107991,0.00239713654256701,0.0209152415459558,185.2,98.7,34,35.7,35.5,22.7,22.6,20.3,61.3,75.5,71.8,38.2,35.8,42.4
Misin02G169300.1.v7.1,2,100,68.6,0.9283715724678232,0.999967207768157,1,178.7,165.9,43.2,22.2,32.5,36.2,32.7,33.8,77.8,47,65.7,61,51.7,70.5
Misin02G173100.1.v7.1,8,85.1,292.6,3.5432098765432096,1.089200390334e-4,0.00239062435580122,72.9,258.3,571.8000000000001,449.59999999999997,470.20000000000005,2394.5,2095.4,1896.1000000000001,1030.3,951.3,950.5,4034.0000000000005,3314.8,3957.2999999999997
Misin02G176700.1.v7.1,2,97.2,94.8,0.9435813573180704,0.918377831875082,1,122.3,115.4,197.6,137.8,125.1,154.2,173.9,142.6,356,291.5,252.9,259.8,275.1,297.6
Misin02G176800.1.v7.1,1,100,32.7,1.2468354430379747,0.990292105834869,1,31.6,39.4,54.5,32.1,33.8,50.5,53.8,46.4,98.2,67.9,68.3,85.1,85.1,96.8
Misin02G177100.1.v7.1,1,100,36.2,0.8763557483731019,0.916386058219582,1,46.1,40.4,64.3,50.6,61.3,63,64.2,45.8,115.9,107.1,123.9,106.1,101.6,95.6
Misin02G182500.1.v7.1,5,100,262,0.8646017699115045,0.25269367847487,0.595283511093889,113,97.7,172,144,151.7,164.3,169.20000000000002,125.7,309.9,304.59999999999997,306.6,276.8,267.6,262.3
Misin02G184100.1.v7.1,4,100,175.2,0.787542662116041,0.003923800237988,0.0296254996745904,117.2,92.3,160.9,130.8,176.4,141.1,140.2,109.4,289.9,276.7,356.6,237.7,221.8,228.3
Misin02G185500.1.v7.1,4,97.2,322,0.7574931880108992,0.974289471680226,1,36.7,27.8,68.1,48.8,57.3,70.4,55.5,41.2,122.7,103.2,115.8,118.6,87.8,86
Misin02G185700.1.v7.1,1,90.9,46.2,0.7534883720930233,0.995315814828147,1,64.5,48.6,9.1,5.6,8.9,9.8,7.8,5.6,16.4,11.8,18,16.5,12.3,11.7
Misin02G192100.1.v7.1,1,100,43.1,1.3335955940204565,0.835260558900733,1,127.1,169.5,17.9,13.4,9.3,14.4,23.9,18.4,32.3,28.4,18.8,24.3,37.8,38.4
Misin02G193000.1.v7.1,2,97.2,83.6,0.8086330935251799,0.853796457646235,1,69.5,56.2,60.9,46.2,62.9,66,56.1,41.4,109.7,97.7,127.1,111.2,88.7,86.4
Misin02G199600.1.v7.1,1,100,35.8,0.31343283582089554,7.72011129166472e-5,0.0019309189165595,274.7,86.1,157.1,169.9,169.9,59.9,69,51.6,283.1,359.5,343.4,100.9,109.2,107.7
Misin02G201600.1.v7.1,1,100,61.6,0.9130832570905764,0.465151406659087,0.918968000756402,109.3,99.8,60.5,55.9,55.6,58.6,64.9,51,109,118.3,112.4,98.7,102.7,106.4
Misin02G215200.1.v7.1,7,100,297.79999999999995,1.1253507951356407,0.0400603513881864,0.157779004575151,106.9,120.30000000000001,451.70000000000005,342,367.3,517.5,582.3,445.3,813.9000000000001,723.6,742.5,871.9,921.1,929.4
Misin02G215300.1.v7.1,1,100,36.2,1.3646812957157783,0.600676831585615,1,95.7,130.6,18,18.3,18.7,32.6,32.6,21.4,32.4,38.7,37.8,54.9,51.6,44.7
Misin02G221600.1.v7.1,1,100,52.4,0.6036838978015447,0.00613310666085409,0.0413780725638602,168.3,101.6,197.5,159.3,176.7,127.5,134.3,113.3,355.8,337,357.2,214.8,212.4,236.5
Misin02G221900.1.v7.1,2,97.6,92.5,0.9009009009009009,0.996692486361161,1,88.8,80,36.6,27.6,30.8,33.3,43.5,25.7,65.9,58.4,62.3,56.1,68.8,53.6
Misin02G223300.1.v7.1,1,100,41.2,1.7936210131332082,0.0280667548104853,0.122160622766307,53.3,95.6,23.4,21.1,20.6,44.9,41.9,38.2,42.2,44.6,41.6,75.6,66.3,79.7
Misin02G227600.1.v7.1,3,88.9,129.5,0.6025768087215064,0.153553598667974,0.418637538089004,100.9,60.8,13.7,9.8,14.3,8.1,9.4,8.3,24.7,20.7,28.9,13.6,14.9,17.3
Misin02G231600.1.v7.1,2,96.4,113.2,1.1134102666136092,0.948536808301109,1,251.3,279.8,346.6,218.5,265.7,394.5,326.59999999999997,311,624.4,462.29999999999995,537.1,664.6,516.7,649.1
Misin02G231700.1.v7.1,1,100,37,1.061694290976059,0.548068543800537,1,108.6,115.3,130,110.2,101.5,145.1,156.5,136.7,234.2,233.2,205.2,244.4,247.6,285.3
Misin02G235300.1.v7.1,5,100,183.2,1.1381243628950053,0.271044075753234,0.624454532152919,196.2,223.3,740.4,387.2,547.3,803.5,835.5,564.8,1334,819.2,1106.3000000000002,1353.6000000000001,1321.6999999999998,1178.8
Misin02G237900.1.v7.1,2,100,100.9,1.236842105263158,0.467906774362567,0.922729037288503,41.8,51.7,82.4,70.4,74.8,109.4,110.4,90.3,148.5,148.9,151.2,184.3,174.6,188.5
Misin02G246500.1.v7.1,1,100,37.4,1.4300278035217795,0.179069666537688,0.464299420384242,107.9,154.3,122.2,72.2,113.6,211.6,184.8,150.8,220.2,152.8,229.6,356.5,292.3,314.7
Misin02G259300.1.v7.1,1,100,37.4,0.8253719655442443,0.609602207726359,1,127.7,105.4,57.1,40.2,51.1,50.4,61.9,34.5,102.9,85.1,103.3,84.9,97.9,72
Misin02G266700.1.v7.1,10,100,381.5,0.998025666337611,0.993464978032807,1,101.3,101.1,1054.8,750.4,837.9,1003.4,1120.9,740.9,1900.5,1587.6,1693.7,1690.4,1773.2,1546.3
Misin02G276700.1.v7.1,1,100,44.3,0.8743109151047408,0.539100098604175,1,90.7,79.3,40,35.2,40.1,36.2,48.7,31.2,72.1,74.5,81.1,61,77,65.1
Misin02G282400.1.v7.1,2,94.45,67.80000000000001,0.8503937007874015,0.937039397508785,1,76.2,64.8,239.8,195.1,222.9,244.1,232.2,169.7,432.1,412.8,450.6,411.2,367.3,354.2
Misin02G282500.1.v7.1,2,88.9,80,0.9698795180722891,0.999984303473669,1,16.6,16.1,197.4,151.3,163,237.7,202,130.4,355.7,320.1,329.5,400.4,319.5,272.2
Misin02G286600.1.v7.1,3,85.3,159,1.2674846625766871,0.269971678863648,0.622404965411927,81.5,103.3,521.1,425.1,437.29999999999995,754.8,718.8000000000001,581.9,938.9000000000001,899.5,883.9,1271.6,1137.1,1214.4
Misin02G287700.1.v7.1,2,100,78.9,0.9286510590858417,0.997162289544715,1,89.7,83.3,13.6,12.8,16.4,17.2,15.9,11.7,24.5,27.1,33.2,29,25.2,24.4
Misin02G295600.1.v7.1,10,94.1,431.29999999999995,1.107067879636109,0.764009506179562,1,142.9,158.2,154,109.2,129.8,163.8,170.20000000000002,105.1,277.4,230.99999999999997,262.40000000000003,275.9,269.3,219.4
Misin02G298800.1.v7.1,1,100,56.2,0.9451659451659452,0.981665889223311,1,69.3,65.5,63.3,44.8,47.7,54.1,64.2,42.1,114,94.8,96.4,91.1,101.6,87.9
Misin02G299100.1.v7.1,1,93.8,38.9,0.9427480916030534,0.991274340082241,1,104.8,98.8,24.7,28.1,17.1,24.9,28.8,17.9,44.5,59.5,34.6,41.9,45.6,37.4
Misin02G301300.1.v7.1,2,100,72.4,0.7985221674876847,0.0018851052416331,0.0174566311342528,203,162.1,703.8,629.5,622,629.1,589,457.2,1268,1331.8999999999999,1257.3,1059.9,931.7,954.2
Misin02G302800.1.v7.1,3,88.2,134.1,0.7611721611721612,0.169934927604228,0.446245338148548,136.5,103.9,353.6,228.7,213.8,252.1,232.9,164.5,637.1,483.9,432.2,424.7,368.4,343.3
Misin02G304800.1.v7.1,1,100,43.1,1.1412556053811658,0.400797054936924,0.8232140113293,89.2,101.8,306.4,214.6,240.2,326.3,350.2,269.3,552,454,485.5,549.7,554,562
Misin02G306700.1.v7.1,1,95,40,1.1429832303618712,0.906474222305105,1,113.3,129.5,186.9,192.1,178.9,245.4,279.1,184.9,336.7,406.4,361.6,413.4,441.5,385.9
Misin02G322600.1.v7.1,2,100,75,0.7646017699115045,0.238406434371797,0.571983469520498,113,86.4,282,194.7,244.2,225,238.6,180.4,508.1,411.9,493.6,379.1,377.4,376.5
Misin02G326300.1.v7.1,3,100,121,0.8232365145228216,0.0496933418792718,0.182510091992962,120.5,99.2,1038.1,963.8,866.1,914.3,956.4,792.2,1870.4,2039.1,1750.7,1540.3,1512.9,1653.4
Misin02G328200.1.v7.1,9,100,555.3,1.5135135135135136,0.34102213430414,0.737377106287766,37,56,161,108.1,115.8,235.8,223.5,167.3,290.1,228.7,234.1,397.2,353.6,349.2
Misin02G332800.1.v7.1,3,100,108.19999999999999,0.9296685529506872,0.973369503077541,1,123.7,115,487.8,387.4,456.8,485.2,515.6,421.4,878.9,819.6,923.4,817.4,815.6,879.5
Misin02G338100.1.v7.1,1,100,42.7,1.0266552020636286,0.728750502008463,1,116.3,119.4,81.8,49.8,69.7,84,91.4,75.3,147.4,105.4,140.9,141.5,144.6,157.2
Misin02G339800.1.v7.1,1,100,33.5,2.1865671641791047,0.107841121421264,0.322400723717202,53.6,117.2,37.2,30.5,27.9,84.9,84.8,67.6,67,64.5,56.4,143,134.1,141.1
Misin02G347200.1.v7.1,1,100,44.7,0.7755102040816326,0.867762573284519,1,127.4,98.8,50.3,27,48.1,41.7,38.7,34.8,90.6,57.1,97.2,70.3,61.2,72.6
Misin02G349000.1.v7.1,7,100,276.29999999999995,1.086031452358927,0.522541195835021,0.988766927287064,216.2,234.8,263.29999999999995,189.70000000000002,217.2,304.2,302.4,238.4,474.4,401.4,439.1,512.5,478.4,497.6
Misin02G352300.1.v7.1,1,100,51.2,0.8418043202033036,0.446666765684302,0.891015903159346,157.4,132.5,124.9,161.5,115,116.1,131,91.9,225,341.7,232.5,195.6,207.2,191.8
Misin02G354700.1.v7.1,3,100,102.4,0.6509124941506785,0.16236426995310899,0.432947168430731,213.7,139.1,29.4,31.2,33.1,25.5,31.7,12.6,53,66,66.9,43,50.1,26.3
Misin02G357500.1.v7.1,1,100,38.5,0.8324022346368715,0.162249866175839,0.432947168430731,125.3,104.3,231.7,235.7,213.2,243,226.7,170.9,417.5,498.7,431,409.4,358.6,356.7
Misin02G359400.1.v7.1,6,100,282.70000000000005,2.7716763005780347,2.50104919463645e-6,4.7692006882683e-4,69.2,191.8,5434.3,4625.1,4081.9,14109.8,17514.3,12998.2,9791.1,9785.5,8251.1,23770.3,27706,27127.9
Misin02G359700.1.v7.1,2,100,73.5,0.859554873369148,0.227972591155186,0.553761966085766,130.3,112,170.4,149.3,155.3,152,170.6,131.1,307,315.9,313.9,256.1,269.9,273.6
Misin02G362000.1.v7.1,1,96.8,65.9,0.9924324324324324,0.999406949400086,1,92.5,91.8,110.9,70.3,62.5,87.6,93,75.6,199.8,148.7,126.3,147.6,147.1,157.8
Misin02G364700.1.v7.1,4,100,171,1.2303306727480046,0.107566133997808,0.322063355102594,87.7,107.9,298.6,240.8,273.9,394,395.4,317.1,538,509.5,553.7,663.8,625.5,661.8
Misin02G365000.1.v7.1,1,100,33.5,0.5557638238050608,0.0208827391668577,0.0995123892005637,106.7,59.3,43.1,33.8,42.4,31.5,27.3,16.7,77.7,71.5,85.7,53.1,43.2,34.9
Misin02G366700.1.v7.1,1,100,39.3,1.0712468193384224,0.99999937284261,1,117.9,126.3,41.8,37,48.3,48.8,54.1,40.2,75.3,78.3,97.6,82.2,85.6,83.9
Misin02G369200.1.v7.1,10,100,475,0.87857847976308,0.956834829964471,1,101.3,89,341.4,266.1,253.5,293.5,361.4,236.2,615.1,563,512.4,494.4,571.7,493
Misin02G369900.1.v7.1,1,100,44.7,1.0168539325842696,0.992615964744161,1,89,90.5,292.7,264.9,278,338.6,344.3,294.7,527.4,560.5,561.9,570.4,544.7,615.1
Misin02G374500.1.v7.1,3,91.85,124.30000000000001,3.4974567650050865,0.00244431615333007,0.0210867607060353,98.3,343.8,892.5999999999999,756.8000000000001,689.1,2433,3733.3,1927.1,1608.2,1601.1999999999998,1393,4098.8,5905.7,4022
Misin02G385500.1.v7.1,9,100,370.00000000000006,0.922168172341904,0.932245076672675,1,143.9,132.7,1042.1,982.6,1146.1,1087,1232.6,918.5,1877.6,2078.9,2316.7,1831.2,1949.9,1917
Misin02G392900.1.v7.1,2,100,74,1.1536796536796536,0.684988526310371,1,231,266.5,623.9,517.1,545.2,724.6,744.3,607.9000000000001,1124.1,1094,1102.1,1220.7,1177.4,1268.7
Misin02G394300.1.v7.1,1,100,41.6,0.6915832842848735,0.0143607297386975,0.0752974821934874,169.9,117.5,44.3,43.9,47.3,29.3,40.6,33.6,79.8,92.9,95.6,49.4,64.2,70.1
Misin02G395900.1.v7.1,3,100,159.39999999999998,0.7951176983435048,0.784169345697151,1,114.7,91.2,217.1,204.7,151.1,184.6,173,156.6,391.2,433.1,305.4,311,273.7,326.8
Misin02G396700.1.v7.1,3,100,137.4,0.8695652173913043,0.774588741657818,1,101.2,88,109.9,93.5,105.8,122.9,107.7,82.5,198,197.8,213.9,207,170.4,172.2
Misin02G401700.1.v7.1,2,100,83.9,2.643817204301075,7.21427997945057e-5,0.00183521427524209,74.4,196.7,62,46.4,57.2,147.1,186.7,150.7,111.7,98.2,115.6,247.8,295.3,314.5
Misin02G404200.1.v7.1,1,100,48.5,0.8087091757387247,0.99999913808882,1,192.9,156,25.5,22.2,16.8,32.1,22,17.8,45.9,47,34,54.1,34.8,37.1
Misin02G407600.1.v7.1,5,100,224.09999999999997,0.6426805822576215,0.15267529017344,0.417431545833232,364.1,234,297.5,265.6,295.6,224.70000000000002,276.3,197.20000000000002,536,561.9,597.5,378.5,437,411.59999999999997
Misin02G408300.1.v7.1,66,100,2856.2,2.257803892765332,0.0434789688494933,0.166967085789677,272.3,614.8,1886.6000000000001,1383.1,1527.8000000000002,3673.2000000000003,3704.4,3022.7,3399.1,2926.3,3088.2000000000003,6188.1,5860,6308.4
Misin02G413900.1.v7.1,1,100,37.7,1.0884167237834133,0.999607276893131,1,145.9,158.8,144.4,136.7,128.7,168.1,159,141.1,260.2,289.2,260.2,283.2,251.5,294.5
Misin02G415200.1.v7.1,1,100,43.1,0.5531707317073171,0.0346099331090658,0.142382182531531,205,113.4,485.7,338.4,426.2,282.8,322.2,212.1,875.1,716,861.5,476.4,509.7,442.7
Misin02G415700.1.v7.1,4,100,161,1.9074333800841516,0.00350946861471291,0.0274808455651435,71.3,136,295.2,239,255.4,679.1,695.0999999999999,759.4,531.9,505.6,516.3,1144.1000000000001,1099.6,1584.9
Misin02G421900.1.v7.1,5,100,192.3,1.286605504587156,0.198376601363543,0.498156834186832,272.5,350.6,189.60000000000002,123.69999999999999,156,229.40000000000003,230.60000000000002,174.2,341.59999999999997,261.7,315.3,386.5,364.69999999999993,363.6
Misin02G427000.1.v7.1,2,100,70,1.6477359938603222,2.8567561613357e-4,0.00479754381484678,130.3,214.7,171.4,150.7,146.6,343.40000000000003,322.5,278.9,308.8,318.90000000000003,296.3,578.5,510.2,582.1
Misin02G427400.1.v7.1,22,100,1013.6000000000001,1.2685909980430528,0.25420516475331,0.597499777348101,204.39999999999998,259.29999999999995,2540.6,1933.3999999999999,2514.7,2503.6,2780.1,2179.6,4577.5,4090.5,5083.0999999999995,4217.7,4397.9000000000005,4548.9000000000005
Misin02G432300.1.v7.1,5,100,241.4,1.1325788197251414,0.366963090484243,0.77722873865136,247.4,280.2,664.8,550.1,652.2,768.3,834.5,624.4,1197.8000000000002,1163.8,1318.3999999999999,1294.3,1320.1,1303.1000000000001
Misin02G438100.1.v7.1,3,100,107.1,0.9553219448094613,0.999999729042369,1,76.1,72.7,115.5,54,79.7,94.1,96.7,73.7,208.1,114.2,161.1,158.5,153,153.8
Misin02G438600.1.v7.1,1,100,35.4,1.7023498694516974,0.805868038285741,1,38.3,65.2,65.9,49.2,55.9,114.2,136.6,84.1,118.7,104.1,113,192.4,216.1,175.5
Misin02G442000.1.v7.1,6,100,255.6,0.6263676148796499,0.0125156438694773,0.068501237031656,365.6,229,1414,1740.6000000000001,1435.3999999999999,1100.5,1228.5,857.9000000000001,2547.7000000000003,3682.6,2901.5,1854,1943.4,1790.5
Misin02G446300.1.v7.1,1,77.8,45.1,0.8636363636363638,0.999880571784417,1,26.4,22.8,18,18.1,17.6,27,19.4,13.5,32.4,38.3,35.6,45.5,30.7,28.2
Misin02G450600.1.v7.1,3,100,131.8,0.871413390010627,0.999999998545935,1,188.2,164,668.7,647.6,355.1,725.4,572,503,1204.8,1370.1,717.8,1222.1,904.9,1049.8
Misin02G454400.1.v7.1,2,100,75.5,0.16305343511450382,1.1214710394835e-4,0.00242571539901364,327.5,53.4,52.2,28.7,60,9.1,10.6,4.7,94.1,60.7,121.3,15.3,16.8,9.8
Misin02G457700.1.v7.1,1,100,36.6,1.0378197997775305,0.803382788490476,1,89.9,93.3,736.3,613.9,523,825.6,852.8,598.6,1326.6,1298.8,1057.2,1390.9,1349,1249.3
Misin02G462200.1.v7.1,6,100,378.6,0.9567404426559355,0.999990338088598,1,99.4,95.1,88.7,83.5,86.5,99.3,98.4,86.2,159.8,176.7,174.8,167.3,155.7,179.9
Misin02G468800.1.v7.1,9,100,471.79999999999995,3.306971904266389,0.0236612136720603,0.109376165437587,96.10000000000001,317.8,223,165.10000000000002,201,636,742.1,562.6,401.8,349.29999999999995,406.29999999999995,1071.5,1173.9,1174.3
Misin02G474900.1.v7.1,2,100,71.3,1.0691163604549432,0.87939531040683006,1,114.3,122.2,111.2,105.6,94.7,126,140.8,102.7,200.4,223.4,191.4,212.3,222.7,214.3
Misin02G479000.1.v7.1,2,100,76.2,1.071137026239067,0.931044752894903,1,171.5,183.7,126,85.1,99.8,121.1,127.5,88.4,227,180.1,201.70000000000002,204,201.7,184.5
Misin02G480600.1.v7.1,9,100,425.00000000000006,1.1090909090909091,0.432892255404231,0.871267398447627,93.5,103.7,1049.2,978.8,876.1,1243.6,1310.8,1050.9,1890.4,2070.9,1770.9,2095.1,2073.6,2193.3
Misin02G482900.1.v7.1,2,100,89.30000000000001,1.4883116883116883,0.00187904071681444,0.0174207757782921,77,114.6,123.7,91.7,98.8,175.9,201.2,142.5,222.9,194,199.7,296.3,318.3,297.4
Misin02G487400.1.v7.1,18,100,741.4,0.9435862995298858,0.69542651601539,1,148.9,140.5,1543.1999999999998,1114.7,1529.3,1450.5,1680.4,1265,2780.4,2358.3999999999996,3091.3,2443.6,2658.2,2640.1
Misin02G490900.1.v7.1,1,100,43.5,0.511177347242921,9.7004903333719e-4,0.0108401728826186,201.3,102.9,121.4,139.2,125.5,77,78,72.8,218.7,294.5,253.7,129.7,123.4,151.9
Misin02G509700.1.v7.1,5,100,255.3,1.0275196568977842,0.858464035187182,1,279.79999999999995,287.5,683.2,640.7,570.5,788.7,787.8000000000001,606.8,1230.9,1355.5,1153.2,1328.7,1246.3000000000002,1266.4
Misin02G511300.1.v7.1,2,100,97,1.547244094488189,0.535250100063072,1,101.6,157.2,145.9,112.7,121.10000000000001,221.9,226,169.9,262.9,238.5,244.79999999999998,373.9,357.5,354.6
Misin02G515400.1.v7.1,1,100,55.1,0.3610271903323262,0.385960518498812,0.803233795938882,264.8,95.6,59.8,80.6,26.5,41.5,24.6,15.1,107.7,170.5,53.6,69.9,38.9,31.5
Misin03G004400.1.v7.1,5,92.5,194.8,1.0839612486544672,0.998782453402023,1,92.9,100.7,78,54.900000000000006,57.8,78.3,79.4,63.8,140.6,116.1,116.9,132,125.6,133.2
Misin03G005300.1.v7.1,1,100,47.8,0.3763250883392226,1.2194298734147e-4,0.00256769703734217,226.4,85.2,257,187,250.7,118.9,110.2,72.8,463,395.6,506.8,200.3,174.3,151.9
Misin03G005600.1.v7.1,1,92.9,33.9,1.1380753138075312,0.277703049377496,0.63342869712555006,71.7,81.6,106.9,92.4,85.7,130.1,130.7,113.4,192.6,195.5,173.2,219.2,206.8,236.7
Misin03G006900.1.v7.1,4,100,209.2,1.16015625,0.105004554707927,0.317222885426889,102.4,118.8,838.9,551.1,716.9,974.1,1062.6,807.7,1511.5,1166,1449.1,1641,1680.9,1685.7
Misin03G007200.1.v7.1,1,100,40.4,0.9730290456431534,0.999999998434394,1,48.2,46.9,68,57.6,55.8,70.3,67.9,62.9,122.5,121.9,112.8,118.4,107.4,131.3
Misin03G009100.1.v7.1,6,99.1,265.8,0.8856669428334715,0.584889212185998,1,241.4,213.8,497.3,495.2,524.3000000000001,541.1,553.6,452.29999999999995,896,1047.7,1059.8,911.5999999999999,875.7,943.9
Misin03G011500.1.v7.1,1,100,43.9,0.9811320754716981,0.899291194917594,1,53,52,276.3,275.9,219,289.9,314.2,187.6,497.8,583.7,442.7,488.4,497,391.5
Misin03G014100.1.v7.1,2,100,71.3,0.8661800486618005,0.563470325543748,1,123.3,106.8,69.6,50,66.7,64.5,54.8,57.9,125.4,105.8,134.8,108.7,86.7,120.8
Misin03G017200.1.v7.1,2,85.7,77.8,0.9547872340425532,0.99999999999769,1,37.6,35.9,75.2,61.8,63.4,98.2,78.9,52.8,135.5,130.8,128.2,165.4,124.8,110.2
Misin03G029900.1.v7.1,1,100,34.7,0.8159630606860159,0.244450387883493,0.582497195400473,151.6,123.7,266.6,189.9,229.9,238.4,231.3,181.7,480.3,401.8,464.7,401.6,365.9,379.2
Misin03G030300.1.v7.1,2,100,80,0.9171304885590601,0.336607308428589,0.72986189426943,161.7,148.3,236.6,182.29999999999998,193,198.10000000000002,216.20000000000002,193.60000000000002,426.29999999999995,385.7,390.20000000000005,333.7,342,404.1
Misin03G030800.1.v7.1,2,100,74.4,0.6735024284943335,0.555048004152555,1,185.3,124.8,382.2,236.3,256,206.9,189.9,194.8,688.6,499.9,517.5,348.6,300.4,406.6
Misin03G031300.1.v7.1,4,100,161.4,1.1207100591715977,0.856783742952969,1,84.5,94.7,358.4,333,337,453.2,476,383.9,645.7,704.5,681.2,763.5,753,801.2
Misin03G032300.1.v7.1,3,90.8,208.39999999999998,0.6416356877323421,0.270589415067433,0.62370847089714,269,172.60000000000002,54.2,33.6,36,29.8,30.200000000000003,20.900000000000002,97.7,71.1,72.8,50.2,47.800000000000004,43.6
Misin03G032900.1.v7.1,4,100,146.4,1.097941802696948,0.854381125217576,1,140.9,154.7,129.9,97.5,97.19999999999999,166.5,168.00000000000003,121.4,234,206.3,196.39999999999998,280.5,265.8,253.4
Misin03G039300.1.v7.1,1,82.6,34.3,1.0424403183023871,0.999924929217767,1,37.7,39.3,78.7,57.7,64.5,84.5,85.9,60.9,141.8,122.1,130.4,142.4,135.9,127.1
Misin03G046100.1.v7.1,2,100,74.69999999999999,0.9011532125205931,0.90832223684706,1,121.4,109.4,267,203.2,242.5,239.5,274,211.4,481.1,429.9,490.2,403.5,433.4,441.2
Misin03G046400.1.v7.1,7,100,290.79999999999995,3.1358490566037736,1.2726013628894e-4,0.00265852112934552,159,498.6,388.6,362.5,363.20000000000005,1013.8,1216.3000000000002,1022,700.1,766.9,734.2,1708,1924.1000000000001,2132.9
Misin03G047700.1.v7.1,1,94.4,43.5,1.2754098360655737,0.98050326372799,1,30.5,38.9,28.2,19.7,24.1,47.3,39.3,24.8,50.8,41.7,48.7,79.7,62.2,51.8
Misin03G047800.1.v7.1,8,96.9,350.8,1.7972602739726027,0.0825368723929744,0.265069912470889,73,131.2,189.5,146.4,140.4,426.4,393.29999999999995,343.5,341.4,309.7,283.8,718.4,622.1,716.9
Misin03G052000.1.v7.1,2,100,89.7,1.2282996432818074,0.522924295019553,0.989004482749034,84.1,103.3,59.4,41,39,63.1,67.4,52.3,107,86.7,78.8,106.3,106.6,109.2
Misin03G055000.1.v7.1,7,100,265.3,1.199492385786802,0.00312352368464575,0.0251613080592146,197,236.3,151.4,96.1,114.69999999999999,216.70000000000002,231.5,185.6,272.7,203.3,231.8,365.1,366.20000000000005,387.4
Misin03G058300.1.v7.1,11,100,497.20000000000005,0.5387224420576596,0.00506315543314517,0.0357902527506536,176.9,95.3,1057.4,749.2,995.7,609.1,688.5,429.8,1905.1,1585.1,2012.7,1026.1,1089.1,897
Misin03G058600.1.v7.1,4,100,175.10000000000002,0.8548458149779736,0.831179276759685,1,454,388.1,710.1999999999999,723.9000000000001,622.3000000000001,612.8,699.4,542.7,1279.6000000000001,1531.6,1257.8999999999999,1032.4,1106.4,1132.6
Misin03G064600.1.v7.1,2,100,90.9,0.5936329588014981,0.00202897705162575,0.018291489032735,160.2,95.1,114.7,109.2,109.9,78.3,86,63.2,206.7,231,222.1,131.9,136,131.9
Misin03G066700.1.v7.1,1,100,35.8,0.4532577903682719,0.0126067332072144,0.0686372984758251,211.8,96,213.5,218.1,272.5,113.5,132.3,119.8,384.7,461.4,550.8,191.2,209.3,250
Misin03G067000.1.v7.1,6,100,213,0.6800659657802515,0.487306355216347,0.945586528052135,485.1,329.9,2244.3,2722.5,3280.1,1627.4,2595.7000000000003,2201.2000000000003,4043.6,5760.0999999999995,6630.3,2741.6,4106.1,4594
Misin03G069900.1.v7.1,1,78.6,47.4,0.9183922046285019,0.999660447371941,1,82.1,75.4,32.7,25.6,31,29.9,34.2,29,58.9,54.2,62.7,50.4,54.1,60.5
Misin03G080500.1.v7.1,1,96.2,58.2,1.136094674556213,0.848251047388856,1,84.5,96,24.8,18.5,18.2,23.9,28.1,22.7,44.7,39.1,36.8,40.3,44.5,47.4
Misin03G082200.1.v7.1,6,100,236.6,0.7005039596832253,9.1074071839658e-4,0.0103669607276509,138.9,97.3,592.3,461,579.5,452.6,463.3,358.4,1067.2,975.4,1171.4,762.5,732.9,748
Misin03G085700.1.v7.1,2,100,81.6,0.46804511278195493,0.00165060524710869,0.0159189376629841,159.6,74.7,162.9,178.3,209.3,102.6,124.4,84.6,293.5,377.2,423.1,172.8,196.8,176.6
Misin03G086100.1.v7.1,2,96.15,86.19999999999999,1.965034965034965,0.713451442078346,1,71.5,140.5,117.2,58.9,62.7,111.2,168.1,119.3,211.2,124.6,126.7,187.3,265.9,249
Misin03G086700.1.v7.1,6,100,337.4,0.7743573468740081,0.208491343627346,0.516536707899535,315.1,244,1664.6,1602.9,1532,1419.1,1530.9,1253.3000000000002,2999.2000000000003,3391.2999999999997,3096.7,2390.7,2421.8,2615.7000000000003
Misin03G088100.1.v7.1,3,100,116.2,1.0056749087961085,0.957534069348166,1,246.7,248.1,1128.3000000000002,969.5,1016.9000000000001,1183.6,1306,1171.3000000000002,2032.8999999999999,2051.2,2055.5,1994,2065.8999999999996,2444.5
Misin03G088300.1.v7.1,2,100,73.1,0.7493734335839599,4.2070683689543e-4,0.00624795524251687,119.7,89.7,90.4,68,71,60,68.2,51.8,162.9,143.9,143.5,101.1,107.9,108.1
Misin03G091000.1.v7.1,7,100,347.4,0.9152282316839279,0.127668898272672,0.36881782320051,260.7,238.6,961.8,808.7,870.8,1013.4,1075.7,735.8,1732.9,1711,1760.3,1707.2,1701.7,1535.7
Misin03G091900.1.v7.1,1,100,42.4,0.6400316455696202,0.0200450943225823,0.0969748058195801,126.4,80.9,70.9,38.4,37.9,35.9,30.6,24.9,127.7,81.2,76.6,60.5,48.4,52
Misin03G096300.1.v7.1,1,100,34.3,0.6586227192466156,0.00132051277354017,0.0136317637375936,169.9,111.9,252.6,208.7,230.2,178,178.8,151.1,455.1,441.6,465.3,299.9,282.8,315.4
Misin03G098200.1.v7.1,5,100,189.9,1.4361702127659575,0.0366115406905448,0.14801097081069,141,202.5,62.900000000000006,42.900000000000006,49.3,78.6,91,52.9,113.3,90.80000000000001,99.7,132.5,143.9,110.39999999999999
Misin03G098600.1.v7.1,4,97.1,284.8,0.9146608315098467,0.692959201398249,1,91.4,83.6,245.4,240,188.4,215.9,269.8,193.7,442.1,507.8,380.8,363.7,426.8,404.3
Misin03G098800.1.v7.1,1,100,39.7,1.0873287671232876,0.748739902499598,1,116.8,127,112.3,74.5,87.3,115.9,121.3,90.5,202.3,157.6,176.5,195.3,191.9,188.9
Misin03G099400.1.v7.1,1,100,34.3,0.9246753246753248,0.847512879373986,1,77,71.2,34.3,14.8,14.5,17.2,19.4,13.8,61.8,31.3,29.3,29,30.7,28.8
Misin03G107200.1.v7.1,3,100,127.9,0.19376313945339874,6.73480692947592e-6,6.4326277822894e-4,285.4,55.3,2626,2575,2572.1,598.2,462,553.5,4731.3,5448,5199.2,1007.8,730.8,1155.2
Misin03G107700.1.v7.1,3,100,130.5,1.146341463414634,0.903924657568372,1,73.8,84.6,428.2,309.9,297.3,460.7,475.2,327.5,771.5,655.7,601,776.1,751.7,683.5
Misin03G110700.1.v7.1,1,100,42,0.3056325023084026,0.0692879058699608,0.231309037019102,324.9,99.3,233.1,320.6,238.7,73.7,93.2,82.5,420,678.3,482.5,124.2,147.4,172.2
Misin03G113300.1.v7.1,1,93.8,33.5,5.756232686980609,0.0481278929006451,0.178160654632672,36.1,207.8,66.9,69.4,53.9,412,396.2,335,120.5,146.8,109,694.1,626.8,699.2
Misin03G115100.1.v7.1,3,95.7,128.60000000000002,0.9274004683840749,0.989106298088957,1,42.7,39.6,47.6,34.6,30.1,47.2,43,27.8,85.8,73.2,60.8,79.5,68,58
Misin03G121100.1.v7.1,18,94.7,734.5999999999999,1.2374906646751305,0.0432820999524173,0.166371897188489,133.9,165.7,2572.2,2241.7,1917.6,3248,3355.7000000000003,2818.1,4634.4000000000005,4742.8,3876.2,5471.8,5308.4000000000005,5881.5
Misin03G131700.1.v7.1,2,100,82.80000000000001,0.898576512455516,0.920420287347501,1,112.4,101,375.6,274.6,367.1,361,416.8,271.6,676.7,581,742,608.2,659.3,566.8
Misin03G134300.1.v7.1,14,100,617.6,1.4921875,0.621922051170506,1,102.4,152.8,523.4,423.5,429.09999999999997,806,858.6,615.8000000000001,943.0999999999999,896,867.3,1357.9,1358.1999999999998,1285.2
Misin03G134600.1.v7.1,2,95,80.8,1.1181818181818182,0.999967039165442,1,44,49.2,17.9,11.6,12.3,16.5,18.7,12.2,32.3,24.5,24.9,27.8,29.6,25.5
Misin03G139300.1.v7.1,11,100,470.20000000000005,1.714864864864865,0.00461542294929163,0.0335014673560854,148,253.8,973.1999999999999,603.9000000000001,642.2,1638.3999999999999,1706.2,1287.2,1753.4,1277.7,1298.2,2760.2,2699.1,2686.4
Misin03G143000.1.v7.1,7,98.925,298.20000000000005,0.9839167455061496,0.982089091881968,1,105.69999999999999,104,201.4,150.20000000000002,160.39999999999998,206.6,204.70000000000002,147.29999999999998,362.9,317.8,324.2,348.1,323.8,307.40000000000003
Misin03G148300.1.v7.1,2,84.8,70.1,1.6127783155856728,0.0527371990514561,0.18954220093343,103.3,166.6,224.5,125.3,179.4,390.2,369.8,208.3,404.5,265.1,362.6,657.4,585,434.7
Misin03G149300.1.v7.1,1,100,35,0.44780545670225386,0.0142525229155746,0.0748453703933983,168.6,75.5,27.9,36.2,29.4,15.8,16.4,13.3,50.3,76.6,59.4,26.6,25.9,27.8
Misin03G151100.1.v7.1,2,97.2,74.30000000000001,1.192416725726435,0.655842629148983,1,282.2,336.5,218.6,175.3,166.39999999999998,267.5,258.3,196.9,393.79999999999995,370.9,336.29999999999995,450.6,408.59999999999997,410.9
Misin03G155400.1.v7.1,2,100,94,1.1989690721649486,0.0820051227950975,0.263539720499386,194,232.60000000000002,767.3,624.4,612.5,946.1999999999999,1055.5,701.9,1382.5,1321.1,1238,1594.1000000000001,1669.7,1464.9
Misin03G157400.1.v7.1,29,100,1122.9,1.3748079877112134,3.6911731019728e-4,0.00566534462708469,195.3,268.5,573.9,407.6,408.8,911.0000000000001,1003.9,782.2,1034,862.4000000000001,826.3,1534.7,1588.1,1632.5
Misin03G162600.1.v7.1,1,100,38.1,0.8899082568807339,0.990782611910189,1,109,97,95.3,60.1,80.2,89.5,91.2,65.4,171.7,127.2,162.1,150.8,144.3,136.5
Misin03G162900.1.v7.1,1,93.3,33.9,2.1542649727767693,0.0421774416051849,0.163656437913265,55.1,118.7,17.3,10.2,9.4,29.9,29.4,17.4,31.2,21.6,19,50.4,46.5,36.3
Misin03G175400.1.v7.1,1,92,48.1,0.8700564971751412,0.16536505441043,0.436726288530596,53.1,46.2,24.7,21.6,29.8,23.6,25.4,14,44.5,45.7,60.2,39.8,40.2,29.2
Misin03G176800.1.v7.1,4,98.1,180.2,0.9610136452241715,0.999616121777021,1,51.3,49.3,61.2,58,57.5,80.5,69.6,44.7,110.3,122.7,116.2,135.7,110.1,93.3
Misin03G182400.1.v7.1,1,100,33.5,0.6213872832369942,1.54970171477586e-5,6.4326277822894e-4,138.4,86,101.2,85.1,101.4,62.9,71.6,55.3,182.3,180,205,106,113.3,115.4
Misin03G183000.1.v7.1,2,97.05,70.80000000000001,0.5777777777777778,2.6716889895805e-4,0.00457488353129619,153,88.4,64.3,50.7,60.6,40.8,42.3,31.8,115.9,107.3,122.5,68.7,66.9,66.4
Misin03G185900.1.v7.1,2,97.75,85.5,0.8966918165989552,0.999696788430966,1,172.3,154.5,198.2,108.9,155.8,167.6,210.5,110.6,357.1,230.4,314.9,282.4,333,230.8
Misin03G194900.1.v7.1,10,100,354.4,1.4370677731673582,0.521342207179567,0.987579500145606,72.3,103.89999999999999,140.5,102.9,94.2,205,181.5,138.8,253.1,217.7,190.4,345.4,287.1,289.6
Misin03G196900.1.v7.1,2,100,84,0.4073160706946157,0.0125402647654337,0.0685572823277242,243.3,99.1,218.1,226.3,240.6,115.8,138,79.9,393,478.8,486.3,195.1,218.3,166.8
Misin03G201000.1.v7.1,6,100,218.5,1.2237442922374429,0.439135959779181,0.879674320303938,131.4,160.8,65.8,49.8,57,77.4,96.1,61.2,118.6,105.39999999999999,115.19999999999999,130.4,152,127.69999999999999
Misin03G204500.1.v7.1,4,100,165.6,1.007272727272727,0.999952659578587,1,82.5,83.1,360.8,309.3,361.1,387.3,416.4,323.6,650.1,654.4,729.9,652.5,658.7,675.4
Misin03G206500.1.v7.1,14,100,627.0999999999999,0.9647114926084884,0.836232017651229,1,209.7,202.3,1258.6000000000001,1173.5,1154.5,1276.1,1401.4,1031.1,2267.6,2482.8,2333.7,2149.8,2216.9,2151.9
Misin03G207800.1.v7.1,2,100,98.6,0.7173553719008264,0.0281089374519974,0.12224106524979,121,86.8,303.2,298.6,303.7,240,278.4,217.8,546.3,631.8,613.9,404.3,440.4,454.6
Misin03G212800.1.v7.1,2,100,76.7,0.8118527042577675,0.536803017421968,1,173.8,141.1,146.7,147.5,164,137.8,170.5,121.4,264.3,312.1,331.5,232.1,269.7,253.4
Misin03G213700.1.v7.1,1,100,35.8,0.7399141630901288,0.0495875542771408,0.18214962918014,116.5,86.2,52,31.9,38.5,32.4,41.9,27.6,93.7,67.5,77.8,54.6,66.3,57.6
Misin03G213900.1.v7.1,1,100,47.4,0.11627906976744186,0.00107405175397757,0.0117487901419782,352.6,41,138,193.9,170.3,20.5,25.3,23.9,248.6,410.2,344.2,34.5,40,49.9
Misin03G216500.1.v7.1,6,100,343.6,1.091188524590164,0.805382492054486,1,97.6,106.5,512.9,485.7,399.4,610.5,637.7,474.8,924.1,1027.6,807.3,1028.5,1008.8,990.9
Misin03G216600.1.v7.1,2,100,71.69999999999999,0.5499254843517138,4.76853176981651e-5,0.00140324349710304,134.2,73.8,143.3,112,146.6,84.8,84.4,68,258.2,237,296.3,142.9,133.5,141.9
Misin03G218500.1.v7.1,2,96.65,73.5,0.7298086279597794,0.148730116158856,0.410696368021604,308.3,225,124.9,147.2,135.6,122.9,116,105.9,225,311.4,274.1,207,183.5,221
Misin03G219000.1.v7.1,5,100,207.7,0.9779270633397313,0.976668117632835,1,104.2,101.9,1122.7,1014.8,980.9,1174.3,1223.8,992.9,2022.8,2147,1982.8,1978.3,1935.9,2072.2
Misin03G220200.1.v7.1,1,100,47.4,0.7206303724928367,0.00374516267911662,0.0286948561939646,139.6,100.6,217.2,220.2,198.3,171.5,199,132.4,391.3,465.9,400.8,288.9,314.8,276.3
Misin03G221000.1.v7.1,2,100,131.8,1.0345945945945947,0.987613008882614,1,92.5,95.7,204.9,179.8,198.2,245.8,248.8,186.5,369.2,380.4,400.6,414.1,393.6,389.2
Misin03G223100.1.v7.1,4,100,222,1.4806629834254146,0.149560952701623,0.411643024661462,54.3,80.4,114.8,68,90,162.1,164,129.2,206.8,143.9,181.9,273.1,259.4,269.6
Misin03G223300.1.v7.1,1,100,43.9,1.0679711637487128,0.999227776613819,1,97.1,103.7,81.3,63.6,67.1,86,96.7,62.5,146.5,134.6,135.6,144.9,153,130.4
Misin03G223600.1.v7.1,3,100,106.2,1.6940509915014164,0.0139981660807242,0.0739176596698702,105.9,179.4,61.3,60.3,55.2,121,119.5,83.6,110.4,127.6,111.6,203.8,189,174.5
Misin03G224800.1.v7.1,1,100,51.6,0.8763931104356636,0.434463397780146,0.873176184611093,98.7,86.5,84.8,75.3,77.9,78.7,90,66.1,152.8,159.3,157.5,132.6,142.4,138
Misin03G231100.1.v7.1,4,100,153.3,0.9772492244053774,0.995621524251147,1,96.7,94.5,97.3,74.5,60.9,103.9,93.9,73.8,175.3,157.6,123.1,175,148.5,154
Misin03G231700.1.v7.1,4,95.25,154.9,0.9460869565217391,0.999999980762766,1,57.5,54.4,60.6,58.2,45.5,69,63.9,49.5,109.2,123.1,92,116.2,101.1,103.3
Misin03G232800.1.v7.1,2,100,110.2,0.7319277108433735,0.28627102075184,0.647469947893094,132.8,97.2,86,59,78.7,63.8,71.7,59.4,154.9,124.8,159.1,107.5,113.4,124
Misin03G233600.1.v7.1,12,100,583.5,1.1071428571428572,0.504276704757811,0.968803057516496,123.2,136.4,1939.1000000000001,1648.7,1674.6000000000001,2302.1000000000004,2442.4,1961,3493.8,3488.2000000000003,3385,3878.2,3863.7,4092.7
Misin03G235900.1.v7.1,4,98.1,189.1,1.1752136752136753,0.0132053177922695,0.070844464302619,93.6,110,1413.8,1192.3,1108.9,1770.9,1770.9,1420.7,2547.3,2522.6,2241.5,2983.4,2801.4,2965.1
Misin03G236400.1.v7.1,3,100,109,0.21400639886242445,8.0534913343166e-4,0.00970000098255542,281.3,60.2,270,436,319,81.9,95.5,62.9,486.5,922.5,644.8,138,151.1,131.3
Misin03G239200.1.v7.1,16,100,744.8000000000002,0.9452054794520547,0.999694451859943,1,51.1,48.3,2172.8,2146.3,1812.5,2200.1,2270.5,1834.7,3914.8,4541,3663.7,3706.4,3591.7,3829.1
Misin03G242800.1.v7.1,1,94.7,37.7,1.0924657534246576,0.915006441366023,1,58.4,63.8,28.5,23.2,22,31.8,35.2,22.6,51.3,49.1,44.5,53.6,55.7,47.2
Misin03G244600.1.v7.1,2,100,83.2,0.6911660777385159,2.2727510154785e-4,0.00411651164171323,141.5,97.8,119.2,106.7,120.8,92.6,101,68.1,214.8,225.7,244.2,156,159.8,142.1
Misin03G247300.1.v7.1,1,100,51.2,0.5191740412979352,5.3844678610293e-4,0.00737186536102783,135.6,70.4,160.9,136.9,180.1,89.3,100,59.9,289.9,289.6,364,150.4,158.2,125
Misin03G250800.1.v7.1,1,100,38.9,1.2520045819014891,0.526624739843901,0.993087602762597,87.3,109.3,14.7,12.4,11.4,19.5,24.1,12.2,26.5,26.2,23,32.9,38.1,25.5
Misin03G256100.1.v7.1,1,100,48.5,1.2085889570552146,0.0941004159494191,0.292587726920213,65.2,78.8,62.6,54.3,56,75.4,89.5,65.6,112.8,114.9,113.2,127,141.6,136.9
Misin03G256800.1.v7.1,21,100,875.4000000000001,1.0449372629121678,9.77872670254731e-5,0.00224336602196263,342.70000000000005,358.09999999999997,8147.299999999999,7486.699999999999,6881.1,11432.5,12236.4,10022.5,14679.2,15839.900000000001,13909.300000000001,19259.899999999998,19356.8,20917.5
Misin03G261800.1.v7.1,18,100,962.8,0.5815217391304348,0.319638779796476,0.703630398525009,110.4,64.2,1144.2,675.3,1069.8,711.2,733.7,584.6,2061.5,1428.8,2162.5,1198.1,1160.6,1220.1
Misin03G263500.1.v7.1,1,100,59.7,1.0175276752767526,0.999985950764475,1,108.4,110.3,75.4,74.1,60,90.9,84.3,66.2,135.9,156.8,121.3,153.1,133.4,138.2
Misin03G265700.1.v7.1,2,100,71.2,0.8166089965397924,0.132369782212496,0.378453415955026,144.5,118,161,151.4,161.1,155.3,166.6,124.2,290.1,320.3,325.6,261.6,263.5,259.2
Misin03G268000.1.v7.1,20,100,789.4000000000001,0.9056463595839522,0.492688762309511,0.953611801738491,134.60000000000002,121.89999999999999,1234.5,1226,1053.1,1192.2,1316,966.4,2224.2,2593.9,2128.7,2008.5,2081.8,2016.9
Misin03G268300.1.v7.1,1,100,44.7,0.7521902377972465,0.263540274703719,0.612375315640265,79.9,60.1,102.5,105.9,100.3,97.9,96.4,66.8,184.7,224.1,202.7,164.9,152.5,139.4
Misin03G269900.1.v7.1,1,100,38.1,0.5964535196131112,0.014790985850753,0.0771799340495947,186.1,111,2971.3,3247.9,2813,1835,2143.3,1711.4,5353.5,6871.7,5686.1,3091.4,3390.5,3571.8
Misin03G270000.1.v7.1,1,100,39.7,1.2363112391930835,0.534188639851048,1,104.1,128.7,145.6,66.7,107,158.7,146.2,130.7,262.3,141.1,216.3,267.4,231.3,272.8
Misin03G270100.1.v7.1,2,100,103.2,0.913392141138733,0.880501260753739,1,124.7,113.9,173.3,233,182.8,200.2,213.3,140.2,312.2,493,369.5,337.3,337.4,292.6
Misin03G271500.1.v7.1,1,94.7,37.4,1.2100456621004567,0.215475375719292,0.5295318383053,109.5,132.5,40.5,18.9,36.4,52.4,52,43.5,73,40,73.6,88.3,82.3,90.8
Misin03G273100.1.v7.1,1,100,48.5,0.8753541076487252,0.728271041051349,1,105.9,92.7,121.1,110.4,105.6,124.7,112.5,91.5,218.2,233.6,213.5,210.1,178,191
Misin03G273300.1.v7.1,2,100,69.4,0.5715835140997831,0.0362232909009333,0.147039911770206,184.4,105.4,51,32.7,49.9,36.1,33.2,21.6,91.9,69.2,100.9,60.8,52.5,45.1
Misin03G274500.1.v7.1,2,100,67.8,0.9639751552795031,0.993946855471936,1,161,155.2,184.60000000000002,108.8,96.19999999999999,160.1,146,111.6,332.6,230.20000000000002,194.5,269.7,231,232.9
Misin03G276600.1.v7.1,4,100,152.6,0.7596153846153846,0.023545509102275,0.108998010285847,72.8,55.3,832.1,671.6,721.3,642.8,719.1,530.7,1499.2,1420.9,1458,1082.9,1137.5,1107.6
Misin03G277700.1.v7.1,6,97.75,234.5,1.0664556962025318,0.983230873737872,1,31.6,33.7,77.5,65.9,65.9,95.3,94.1,67,139.6,139.4,133.2,160.5,148.9,139.8
Misin03G278000.1.v7.1,11,100,487,0.7455737704918033,0.00378295487789482,0.0289008052786862,152.5,113.7,609,424.2,519,458.7,431.40000000000003,365.90000000000003,1097.3,897.5,1049.1000000000001,772.6999999999999,682.4,763.5999999999999
Misin03G278600.1.v7.1,2,100,84.8,0.9109653233364574,0.900225911374005,1,106.7,97.2,1101.4,1073.3,855.2,1066.9,1142.2,919,1984.4,2270.8,1728.7,1797.4,1806.9,1918
Misin03G279100.1.v7.1,1,100,33.9,1.0725075528700907,0.995444960530867,1,99.3,106.5,167.4,118.3,142.1,142.5,194.8,167.5,301.6,250.3,287.2,240.1,308.2,349.6
Misin03G281400.1.v7.1,1,100,33.9,2.4734299516908216,0.00400989606158986,0.0300660215552236,41.4,102.4,189.7,125.7,87.5,390.1,558.3,303.7,341.8,265.9,176.9,657.2,883.2,633.8
Misin03G283800.1.v7.1,1,100,48.1,0.8096947935368043,0.13659282970014,0.38480400528691,111.4,90.2,80.8,61.4,72.2,71.6,57.7,56.5,145.6,129.9,145.9,120.6,91.3,117.9
Misin03G288700.1.v7.1,3,100,119.4,1.1898971000935454,0.790996600847502,1,106.9,127.2,295.1,247.7,303.7,370.4,399.8,310.5,531.7,524.1,613.9,624,632.4,648
Misin03G295600.1.v7.1,3,100,117.8,0.9411764705882353,0.999511383038246,1,35.7,33.6,231.10000000000002,148.7,153.60000000000002,180.6,192.1,143,416.4,314.6,310.5,304.3,303.9,298.5
Misin03G296200.1.v7.1,4,100,181,1.0460526315789473,0.756371260104933,1,212.8,222.6,1885.3999999999999,1406.3000000000002,1750,2095.7,2302.2000000000003,1632.3,3396.9,2975.3,3537.3999999999996,3530.5,3641.8999999999996,3406.7
Misin03G297200.1.v7.1,4,97.75,156.4,0.8356363636363637,0.587786251896822,1,137.5,114.9,511,463.2,502.9,485.9,516.8,460.5,920.7,980,1016.6,818.6,817.5,961.1
Misin03G304100.1.v7.1,3,100,154.4,0.9495225102319236,0.936350034008798,1,73.3,69.6,127.5,116.1,112.3,147.7,113.9,104.4,229.7,245.6,227,248.8,180.2,217.9
Misin03G305500.1.v7.1,4,100,167.2,1.0138169257340242,0.999297661917794,1,115.8,117.4,796.6,615,718.9,790.3,919.4,718.1,1435.3,1301.2,1453.2,1331.4,1454.4,1498.7
Misin03G307400.1.v7.1,4,100,156.8,0.7599674532139952,0.0870510899703357,0.276107755227268,122.9,93.4,172.6,110,151.6,138.2,134.5,116.8,311,232.7,306.4,232.8,212.8,243.8
Misin03G308500.1.v7.1,3,100,132.5,1.0514165792235048,0.999998864578042,1,95.3,100.2,103.9,85.6,95.4,116.9,104.2,101.2,187.2,181.1,192.8,196.9,164.8,211.2
Misin03G308700.1.v7.1,1,100,45.8,1.055613850996852,0.992537850544248,1,95.3,100.6,37.3,29.4,39.6,43.3,35.3,34,67.2,62.2,80,72.9,55.8,71
Misin03G311700.1.v7.1,2,100,73.19999999999999,0.8959608323133414,0.999999999846423,1,81.7,73.2,151.8,90.8,133.3,150.2,152.7,110.3,273.5,192.1,269.4,253,241.6,230.2
Misin03G312400.1.v7.1,4,100,148.7,0.8232217573221758,0.562801398632434,1,95.6,78.7,112,55.1,75.3,74.4,86.7,56.5,201.8,116.6,152.2,125.3,137.2,117.9
Misin03G313000.1.v7.1,4,100,246.1,0.91015625,0.945077658817958,1,102.4,93.2,102.4,115.6,99.9,109.1,136.3,86.1,184.5,244.6,201.9,183.8,215.6,179.7
Misin03G314200.1.v7.1,9,100,416.2,0.974120082815735,0.999998215068435,1,96.6,94.1,1059.8,907.8,861.7,1146.1,1176.7,834.2,1909.5,1920.7,1741.8,1930.8,1861.4,1741
Misin03G315100.1.v7.1,1,100,40.8,2.082857142857143,0.0410933472814292,0.160529543847875,35,72.9,40.7,32,30.2,83.8,118.9,53.4,73.3,67.7,61,141.2,188.1,111.4
Misin03G317000.1.v7.1,6,100,239.1,1.3374291115311907,0.0117032734129862,0.0651469465371177,105.80000000000001,141.5,356.7,288,288.9,423.3,435.8,310.5,642.6999999999999,609.3,584,713.0999999999999,689.3,648
Misin03G319700.1.v7.1,1,100,73.9,0.9008097165991903,0.999721186760513,1,49.4,44.5,5.7,4.4,4.7,5,5.4,5.4,10.3,9.3,9.5,8.4,8.5,11.3
Misin03G320200.1.v7.1,1,88.2,40,0.6488294314381271,0.757227016835329,1,59.8,38.8,29.8,26.5,16.7,30.1,16.1,16.7,53.7,56.1,33.8,50.7,25.5,34.9
Misin03G320300.1.v7.1,2,96.9,73.6,1.910913140311804,5.3967719128134e-5,0.00155735418055472,89.8,171.6,267.4,198,207.4,433.4,506.7,398.8,481.8,418.9,419.2,730.1,801.6,832.3
Misin03G321600.1.v7.1,1,100,35,2.5530216647662485,0.122790417273568,0.358504701878096,87.7,223.9,76.1,44.2,59.5,182.2,156.9,158.5,137.1,93.5,120.3,306.9,248.2,330.8
Misin03G323500.1.v7.1,7,100,253.5,1.0763636363636364,0.387792892782739,0.806230387472252,110,118.4,686.8,466.9,602.3,791.3,817.2,627.4,1237.4,987.8,1217.5,1333.1,1292.7,1309.4
Misin03G324300.1.v7.1,2,100,77,0.6369565217391304,0.0377141222935218,0.150503571412575,184,117.2,709.8,465.5,696.1,483.5,537.5,352.5,1278.9,984.9,1407.1,814.5,850.3,735.7
Misin03G325500.1.v7.1,8,100,398.8999999999999,1.145956607495069,0.395386875629203,0.817209841905073,101.4,116.2,609.2,461.4,576.1,803.7,794.8,579.7,1097.6,976.2,1164.5,1354,1257.3,1209.9
Misin03G326000.1.v7.1,1,100,37.4,1.1349557522123892,0.999998885111123,1,90.4,102.6,48.3,38.7,42.5,59.8,61.6,28.4,87,81.9,85.9,100.7,97.4,59.3
Misin03G327400.1.v7.1,1,100,34.3,0.8766233766233766,0.989922412877302,1,77,67.5,51.7,49.9,39.6,48.5,50.7,43.4,93.1,105.6,80,81.7,80.2,90.6
Misin03G331800.1.v7.1,4,97.2,158.6,1.0802839978154013,0.979058889882024,1,183.10000000000002,197.8,1911.6,1541.8,1584.5,2207.6,2276.5,1458.8,3444.2,3262.1,3202.8999999999996,3719,3601.2,3044.6
Misin03G332900.1.v7.1,1,94.1,33.5,0.6147727272727272,0.0412855616715584,0.160861725869172,88,54.1,75.7,67,71.7,50.6,55.1,42.3,136.4,141.8,144.9,85.2,87.2,88.3
Misin03G336000.1.v7.1,1,100,34.7,0.776287932251235,0.00875616518198263,0.0522171511828216,141.7,110,192.1,176,169.7,158.7,169.8,141.2,346.1,372.4,343,267.4,268.6,294.7
Misin03G344400.1.v7.1,1,92.9,35.8,0.6729281767955801,0.0286309438107658,0.123968606116878,90.5,60.9,26.9,25.9,27.1,21.9,24.4,15.3,48.5,54.8,54.8,36.9,38.6,31.9
Misin03G344500.1.v7.1,1,100,48.9,0.9528023598820059,0.999998830664791,1,135.6,129.2,75.9,78.3,75.8,100.6,92.3,68.6,136.8,165.7,153.2,169.5,146,143.2
Misin03G346300.1.v7.1,1,100,57.4,0.79491133384734,0.113718474692335,0.337096575396904,129.7,103.1,48.3,47.9,58,47.8,51.8,37.2,87,101.3,117.2,80.5,81.9,77.6
Misin03G347200.1.v7.1,4,97.35,153.3,1.1100591715976331,0.601687742945959,1,84.5,93.8,258.6,234.9,243.7,352.8,345.4,261.5,465.9,497,492.6,594.4,546.4,545.8
Misin03G347800.1.v7.1,1,100,38.5,0.9445224719101123,0.970109184440749,1,142.4,134.5,35.4,25.7,27.6,33.2,33.3,23.2,63.8,54.4,55.8,55.9,52.7,48.4
Misin03G350600.1.v7.1,2,100,84.7,0.5683607730851826,7.5210103549383e-4,0.00916138094498115,139.7,79.4,97.7,68.9,86.3,58.2,62.7,52.3,176,145.8,174.4,98,99.2,109.2
Misin03G353000.1.v7.1,20,97.75,794.1,1.3719362745098038,0.0500381409564005,0.183296315942333,163.2,223.89999999999998,1808.6000000000001,1642.3999999999999,1420.3,2573.2000000000003,2679.7999999999997,2140.8,3258.6,3474.8,2870.9,4335,4239.1,4468
Misin03G355400.1.v7.1,1,94.4,37.4,0.8204182041820419,0.0844048212918369,0.269688112642389,81.3,66.7,51.5,42.3,54,51.7,48.1,31.7,92.8,89.5,109.2,87.1,76.1,66.2
Misin03G360100.1.v7.1,1,100,45.4,0.8908959537572254,0.0473891088233831,0.176246964879725,138.4,123.3,936.7,753.9,1015,905.8,950.7,682.4,1687.7,1595,2051.7,1526,1503.9,1424.2
Misin03G363400.1.v7.1,3,100,120.5,1.4702970297029703,0.063807383776571,0.218165742445219,60.6,89.1,161.9,89,120.8,255.2,226.8,148.7,291.7,188.3,244.2,429.9,358.8,310.3
Misin03G363700.1.v7.1,6,100,218.99999999999997,1.10250569476082,0.999882118614862,1,43.9,48.4,9.9,11.4,14,20.4,17.6,8.6,17.8,24.1,28.299999999999997,34.3,27.9,17.9
Misin03G363900.1.v7.1,4,100,161,1.0795964125560538,0.537311622485426,1,89.2,96.3,566.2,314.5,459.5,595.1,737,460.9,1020.1,665.4,928.8,1002.5,1165.9,961.9
Misin03G365000.1.v7.1,1,100,50.1,1.1363636363636365,0.758564342759292,1,96.8,110,36.3,30.1,32.4,44.1,39,39.6,65.4,63.7,65.5,74.3,61.7,82.6
Misin03G366000.1.v7.1,8,100,336.6000000000001,0.9779005524861877,0.981831925291479,1,144.8,141.6,2608.4,1707.9,2446.5,2697.6,2904.9,2269.4,4699.6,3613.5,4945.3,4544.6,4595.3,4736.3
Misin04G000400.1.v7.1,3,97.85,172.9,0.6290531776913101,0.0267614122457138,0.118830474107855,77.1,48.5,84.2,86.6,61.2,66.2,58.5,45.7,151.7,183.2,123.7,111.5,92.5,95.4
Misin04G000900.1.v7.1,1,100,41.2,1.439469320066335,0.125504582333053,0.364464817798569,120.6,173.6,113.1,98.2,76.9,147.4,199.6,140.5,203.8,207.8,155.4,248.3,315.7,293.2
Misin04G008900.1.v7.1,4,87.25,193.7,1.0123456790123457,0.999999999591626,1,24.3,24.6,63.4,46.1,40.7,72.5,62.3,36,114.2,97.5,82.3,122.1,98.6,75.1
Misin04G017700.1.v7.1,1,100,36.2,0.8488038277511962,0.314792683744384,0.69617725085648,104.5,88.7,104.4,74.2,104.4,94.7,91.4,79.7,188.1,157,211,159.5,144.6,166.3
Misin04G019000.1.v7.1,6,100,309.2,0.9187588152327223,0.984213331675042,1,354.5,325.70000000000005,1877.3,1369.7,1895.8,1829.1,2021.1000000000001,1654.3,3382.4,2898,3832.1000000000004,3081.5,3197.2,3452.6
Misin04G026600.1.v7.1,2,100,70.5,0.8079331941544886,0.354775575090569,0.757880499001506,95.8,77.4,113,96.2,90.7,97.7,101.9,87,203.6,203.5,183.3,164.6,161.2,181.6
Misin04G031100.1.v7.1,2,97.35,81.7,1.933913043478261,0.0192433593449091,0.0939542632825179,57.5,111.2,53.9,45,40.7,106.4,116.4,102.1,97.1,95.2,82.3,179.2,184.1,213.1
Misin04G036700.1.v7.1,12,100,518.8,1.007792207792208,0.999998098055568,1,115.5,116.4,511.8,397.8,532.3,551.4,613,434.9,922.1,841.6,1076,928.9,969.7,907.7
Misin04G040200.1.v7.1,2,100,80.9,1.24251497005988,0.367714019650101,0.778189930060045,100.2,124.5,595.6,405.2,473.1,814.3,751.1,516.5,1073.1,857.3,956.3,1371.8,1188.2,1078
Misin04G049100.1.v7.1,1,100,39.3,1.4602698650674664,0.27198083086158,0.626189035488904,66.7,97.4,21.5,17.7,17.5,29.9,35.1,26.2,38.7,37.4,35.4,50.4,55.5,54.7
Misin04G050500.1.v7.1,1,100,48.9,1.090403337969402,0.890656888991067,1,71.9,78.4,434.2,320.4,309.1,450.6,467.5,336.2,782.3,677.9,624.8,759.1,739.5,701.7
Misin04G055000.1.v7.1,3,100,127.5,1.3950310559006212,0.466917766039451,0.921388514886692,80.5,112.3,206,113.4,154.6,264.9,275.6,198,371.2,239.9,312.5,446.3,436,413.2
Misin04G055400.1.v7.1,2,100,74.69999999999999,1.436548223350254,0.0466706268434225,0.175297992663066,78.8,113.2,238,155.8,194.7,419.2,357.7,220,428.8,329.6,393.6,706.2,565.8,459.2
Misin04G057600.1.v7.1,1,100,33.9,1.0190871369294605,0.999983942236929,1,120.5,122.8,154.7,123,144.3,160.8,181.2,136.1,278.7,260.2,291.7,270.9,286.6,284
Misin04G059500.1.v7.1,1,86.2,37.4,0.7941006362058994,0.54452916028809,1,172.9,137.3,129.4,94.8,102.8,129.1,104.3,41.1,233.1,200.6,207.8,217.5,165,85.8
Misin04G060900.1.v7.1,8,100,357.7,1.025928521373511,0.937855000270054,1,142.7,146.4,820.9000000000001,735.8000000000001,589.3000000000001,869.7,864.5,716.5,1479,1556.7,1191.2,1465.1000000000001,1367.6,1495.3
Misin04G063800.1.v7.1,1,100,37.4,0.6409017713365539,0.0135651446076132,0.0720451842395426,186.3,119.4,238.8,255.7,234.4,178.9,201.8,145.5,430.3,541,473.8,301.4,319.2,303.7
Misin04G076700.1.v7.1,1,93.8,39.3,0.9687499999999999,0.999733081193105,1,41.6,40.3,98.7,78.5,92.4,118.7,108.9,81.2,177.8,166.1,186.8,200,172.3,169.5
Misin04G082700.1.v7.1,3,100,108.5,0.9570063694267517,0.999900230854124,1,125.6,120.2,989.6,634.9,866,1033.6,1058.4,740.9,1783,1343.3,1750.5,1741.3,1674.3,1546.3
Misin04G083200.1.v7.1,1,100,37.4,0.26534653465346536,4.3980478102911e-4,0.00646312377349572,303,80.4,133.6,145,156.7,48.3,54.9,36.5,240.7,306.8,316.7,81.4,86.8,76.2
Misin04G085800.1.v7.1,1,100,44.3,1.0420499342969778,0.968188275449592,1,76.1,79.3,34,26.6,26.5,41.7,35.4,28.1,61.3,56.3,53.6,70.3,56,58.6
Misin04G091900.1.v7.1,2,94.4,82.4,1.043062200956938,0.947917755328328,1,20.9,21.8,177.7,123.6,163.8,419.9,206.7,160.5,320.2,261.5,331.1,707.4,327,335
Misin04G094700.1.v7.1,9,100,386.40000000000003,0.6195049870705578,0.0296996598738068,0.127392674599975,541.4,335.4,2936.5,3203,2777.6,2294.8,2541.3,2058.2,5290.799999999999,6776.7,5614.500000000001,3865.9,4020,4295.5
Misin04G102100.1.v7.1,1,100,43.5,1.0800385728061717,0.660572258602442,1,103.7,112,56.2,52.2,41.6,64.3,69.1,53.1,101.3,110.4,84.1,108.3,109.3,110.8
Misin04G110800.1.v7.1,4,100,168,1.617397998460354,0.17868297131417,0.463618145241273,129.9,210.1,448.7,311.6,322.90000000000003,653.6,597.7,511,808.4,659.3000000000001,652.7,1101.1,945.5,1066.5
Misin04G111900.1.v7.1,15,100,764.3,2.4370922646784714,0.013423611784987,0.0716126254491829,107.30000000000001,261.5,478.1,359.9,403.90000000000003,939.6999999999999,1004,806.5,861.4000000000001,761.4000000000001,816.4000000000001,1583.1,1588.2,1683.2
Misin04G113800.1.v7.1,4,100,177.79999999999998,1.2414698162729658,0.0717758834682297,0.237849292138012,76.2,94.6,212.4,188.4,173.6,277.7,300.6,273.8,382.7,398.6,350.9,467.8,475.5,571.4
Misin04G118300.1.v7.1,2,91.65,75.5,0.6537574919317658,0.0151510925766357,0.0785773373926651,216.9,141.8,450.6,454.5,449.3,390.3,344.5,284.4,811.9,961.6,908.2,657.5,545,593.6
Misin04G119400.1.v7.1,1,100,35.4,0.6107106076210093,0.0365538079899576,0.147877896681709,194.2,118.6,231.4,218.2,201.5,148,160.9,131,416.9,461.7,407.3,249.3,254.5,273.4
Misin04G120500.1.v7.1,2,100,71.69999999999999,0.9226638023630506,0.999714668610033,1,93.1,85.9,275.2,159,271.1,279.3,289.1,182.8,495.8,336.4,548,470.5,457.3,381.5
Misin04G122900.1.v7.1,2,96.6,112.4,0.7848484848484848,0.823828157085983,1,33,25.9,37,25.2,28.5,36.5,28.6,20.5,66.7,53.3,57.6,61.5,45.2,42.8
Misin04G125200.1.v7.1,5,100,228,1.265449438202247,0.491293067425881,0.951439314146047,71.2,90.1,160.7,124,125.7,200.6,209.8,156.1,289.5,262.4,254.1,337.9,331.9,325.8
Misin04G126000.1.v7.1,6,100,259.6,0.9911202185792349,0.943636228184791,1,146.4,145.1,205.5,153.2,188.1,214.1,231.9,200,370.3,324.1,380.2,360.7,366.8,417.4
Misin04G126800.1.v7.1,1,100,48.9,0.4988994864269992,0.0038523909426017,0.0292998055226082,136.3,68,53.3,49.3,51.9,30.9,36.5,23.5,96,104.3,104.9,52.1,57.7,49
Misin04G131900.1.v7.1,1,94.1,36.2,0.5915317559153176,0.00594627189595986,0.0404034597811002,80.3,47.5,19.7,19.1,20.2,14.1,15.1,15.2,35.5,40.4,40.8,23.8,23.9,31.7
Misin04G142300.1.v7.1,1,100,63.5,1.128385155466399,0.998750507815535,1,99.7,112.5,39.9,47,30.8,47.1,52.8,38.9,71.9,99.4,62.3,79.3,83.5,81.2
Misin04G156200.1.v7.1,6,100,277.20000000000005,0.7215958369470946,0.0014073313201951,0.0143232917797483,115.3,83.2,280.1,260.5,260.4,225.3,223.4,189.3,504.7,551.1,526.4,379.6,353.4,395.1
Misin04G158300.1.v7.1,2,76.2,85.1,1.3441150044923633,0.00463619785559954,0.0336198393933893,111.3,149.60000000000002,534.3000000000001,501.7,505.40000000000003,874.5,929.1,729.6,962.7,1061.4,1021.6,1473.3,1469.8,1522.7
Misin04G173200.1.v7.1,1,100,41.2,1.8058659217877098,0.0407950334321955,0.15953903476453,71.6,129.3,10.1,8.2,10.1,19.5,18.1,17.3,18.2,17.3,20.4,32.9,28.6,36.1
Misin04G181300.1.v7.1,2,95.5,93.6,0.8789974070872947,0.216781587819843,0.532098231621232,115.7,101.7,305.7,308.3,257.4,287.6,265.5,252.9,550.8,652.3,520.3,484.5,420,527.8
Misin04G181700.1.v7.1,7,100,243.1,0.7863013698630137,0.216657984722964,0.531904390138693,365,287,741.3,663.1999999999999,679.5,609.1,659.5,488.50000000000006,1335.6000000000001,1403.1999999999998,1373.5,1026,1043.3,1019.5000000000001
Misin04G187600.1.v7.1,2,100,117,1.1480484522207268,0.179434381401999,0.464386309999788,74.3,85.3,72.3,64.3,69.9,106.8,98.3,74.8,130.3,136,141.3,179.9,155.5,156.1
Misin04G199100.1.v7.1,1,100,50.1,1.4256292906178487,0.0849489752700373,0.270918353563903,43.7,62.3,171.2,167.2,152.9,285.7,277.2,211.1,308.5,353.7,309.1,481.3,438.5,440.6
Misin04G200300.1.v7.1,2,100,121.6,1.2927631578947367,0.18882449033198,0.480908275622723,121.6,157.2,1075.9,1016.4,948.6,1400.9,1587.1000000000001,1262.8,1938.5,2150.4,1917.3999999999999,2360.1,2510.6,2635.6
Misin04G201500.1.v7.1,9,90,365.2,0.7516778523489932,0.0300087047656022,0.128041439253096,163.9,123.19999999999999,337.8,251.60000000000002,242,257.8,259.7,164.8,608.6,532.3,489.20000000000005,434.3,410.79999999999995,344
Misin04G202100.1.v7.1,4,100,165.3,0.7752370329057445,0.593400844011936,1,179.3,139,73.8,87.2,81.8,76.1,76.6,65.8,133,184.5,165.3,128.2,121.2,137.3
Misin04G212600.1.v7.1,6,100,259.79999999999995,0.9604377104377104,0.999602219899285,1,118.8,114.1,1520.2,1333,1278.6,1550,1907.8,1260.4,2739,2820.3,2584.5,2611.2,3018,2630.5
Misin04G213400.1.v7.1,2,88.2,69.4,0.7116564417177914,0.876394261249518,1,65.2,46.4,214.8,168.3,197.8,195.8,174.2,117.8,387,356.1,399.8,329.9,275.6,245.9
Misin04G215400.1.v7.1,7,97.05,299.7,2.4906735751295335,0.0185059375774436,0.0913266103718312,193,480.7,221.7,180.60000000000002,173.70000000000002,473.4,476.20000000000005,379.2,399.5,382.09999999999997,351.09999999999997,797.5,753.3000000000001,791.4000000000001
Misin04G225000.1.v7.1,3,100,116.7,1.1310344827586205,0.985539999812951,1,29,32.8,105.2,78.2,80.7,119.6,118.5,82.5,189.5,165.4,163.1,201.5,187.5,172.2
Misin04G230900.1.v7.1,26,100,1006.4000000000001,1.0234192037470728,0.0651517294246799,0.221533557767708,298.9,305.90000000000003,4677.3,4416.3,4188.8,5331.9,5710.0999999999995,4476.5,8427.1,9343.7,8467.1,8982.5,9032.8,9342.7
Misin04G246600.1.v7.1,6,100,244.79999999999998,1.0294972995429996,0.871272896681507,1,240.7,247.79999999999998,828.4,696.3000000000001,702.9,949.9000000000001,923,764.6,1492.6000000000001,1473.2,1420.8,1600.3,1460.1,1595.8000000000002
Misin04G247000.1.v7.1,2,100,80.80000000000001,0.9661995053586151,0.97095188939967,1,121.3,117.2,36.2,22.4,32.6,37.4,42.4,29.8,65.2,47.4,65.9,63,67.1,62.2
Misin04G259200.1.v7.1,2,100,80.5,0.8561236623067777,0.993392839435467,1,84.1,72,76.3,62.6,56.7,77.7,71.7,52.6,137.5,132.4,114.6,130.9,113.4,109.8
Misin04G259500.1.v7.1,2,97.85,99.4,0.7988505747126436,0.980879159211588,1,208.8,166.8,108.2,66.9,103.1,126.4,94.5,72.19999999999999,195,141.5,208.39999999999998,213,149.5,150.7
Misin04G266600.1.v7.1,2,87.1,83.9,0.9356725146198831,0.999998274532673,1,51.3,48,17.8,14.4,12.6,16.9,15.5,16.5,32.1,30.5,25.5,28.5,24.5,34.4
Misin04G289900.1.v7.1,2,93.35,72.4,1.4393063583815027,0.526583225229243,0.993087602762597,17.3,24.9,116.8,84.1,81.3,205.1,161.5,106.6,210.4,177.9,164.3,345.5,255.5,222.5
Misin04G292200.1.v7.1,9,100,352.7,0.8082304526748971,0.0716456465354882,0.237549816500194,121.5,98.2,504.1,462.2,421.5,423.9,471.4,351.8,908.2,977.9,852,714.1,745.7,734.2
Misin04G292700.1.v7.1,3,100,118.6,0.936269915651359,0.993074275325241,1,106.7,99.9,98.9,89.7,74.5,93.3,105.5,82.7,178.2,189.8,150.6,157.2,166.9,172.6
Misin04G296900.1.v7.1,1,100,33.1,0.9566343042071198,0.995015409586868,1,154.5,147.8,132,109.9,123.3,140.2,136.7,109,237.8,232.5,249.2,236.2,216.2,227.5
Misin04G299500.1.v7.1,1,100,37.7,1.1825922421948911,0.353710179191811,0.756825478565172,105.7,125,127.3,106.9,98.6,158.7,151.1,145.9,229.4,226.2,199.3,267.4,239,304.5
Misin04G308600.1.v7.1,2,87.2,84.3,1.1481481481481481,0.83050218437641,1,29.7,34.1,58.4,40.3,50.7,79.6,74.3,42.3,105.2,85.3,102.5,134.1,117.5,88.3
Misin04G308700.1.v7.1,2,94.1,97.9,0.9390243902439024,0.988955025369708,1,57.4,53.9,122.3,66.7,59.7,92.2,83.7,58.1,220.4,141.1,120.7,155.3,132.4,121.3
Misin04G309700.1.v7.1,10,97.625,441,0.7779433681073027,0.0303173595653349,0.128455889097373,134.2,104.4,1191.8,989.1,1180.1,1014.2,1044.2,800.3,2147.3,2092.7,2385.4,1708.6,1651.8,1670.3
Misin04G310500.1.v7.1,1,81.8,37.7,1.0108932461873639,0.999993478724462,1,45.9,46.4,18.3,17.6,12.3,19.8,21.6,13.8,33,37.2,24.9,33.4,34.2,28.8
Misin04G310800.1.v7.1,3,91.7,141,1.056105610561056,0.999999348471194,1,30.3,32,128,97.7,100.3,154.4,137.8,86.7,230.6,206.7,202.7,260.1,218,180.9
Misin04G311800.1.v7.1,4,88.5,195.8,2.28956228956229,0.0685906113627587,0.229721204502278,59.4,136,862.1,714.6,543.7,1830.7,2845.7,1658,1553.3,1511.9,1099,3084.1,4501.6,3460.3
Misin04G312400.1.v7.1,6,100,227.2,2.5928500496524336,0.0729295680154066,0.241303329152586,100.69999999999999,261.1,6272.6,5342.9000000000005,3085.8,18219.9,24948,13868.8,11301.5,11304.1,6237.5999999999995,30694.5,39465.4,28944.899999999998
Misin04G337600.1.v7.1,1,97.3,79,0.7094143810229799,0.0270630617545428,0.119193484845026,134.9,95.7,424.1,350.4,368.7,313.9,345.7,213.4,764.1,741.4,745.3,528.8,546.9,445.4
Misin04G337900.1.v7.1,1,100,42,0.7757166947723441,0.810696023508999,1,118.6,92,147.5,109,129.2,125.2,120.9,97.1,265.8,230.6,261.2,210.9,191.3,202.7
Misin04G339200.1.v7.1,1,100,44.3,0.4228274967574578,0.0190758794278038,0.0934591401688667,231.3,97.8,42.2,29.5,54.1,22.3,19.4,15.4,76,62.4,109.4,37.6,30.7,32.1
Misin04G343800.1.v7.1,4,98.4,196.4,1.2293577981651376,0.0255610483272659,0.115327114883345,43.6,53.6,59.2,46.9,48,72.5,73.9,65.4,106.7,99.2,97,122.1,116.9,136.5
Misin04G343900.1.v7.1,8,100,347.20000000000005,0.7126119917298416,0.14221576253781,0.398431466367093,145.1,103.4,475.3,284.5,463.3,362.3,404.1,259.8,856.4,601.9,936.5,610.4,639.2,542.2
Misin04G345900.1.v7.1,1,100,35,1.1722365038560412,0.161418771641634,0.432947168430731,77.8,91.2,102,71.6,95.8,127.8,146.4,99,183.8,151.5,193.6,215.3,231.6,206.6
Misin04G348700.1.v7.1,1,100,33.5,1.166365280289331,0.814966233892534,1,110.6,129,567,572.1,466.1,795.3,732.9,571,1021.6,1210.4,942.2,1339.8,1159.4,1191.7
Misin04G348800.1.v7.1,4,100,180.4,0.832129963898917,0.0225324758256965,0.10572521531128,110.8,92.2,558.3,597.5,490.2,496.9,494.1,432.4,1005.9,1264.1,990.9,837.1,781.6,902.4
Misin04G349000.1.v7.1,14,100,747.3,0.9623406720741597,0.754422711821581,1,172.60000000000002,166.1,558.5,492.4,383.90000000000003,654.5,648,512.8,1006.1999999999999,1041.8,776,1102.6000000000001,1025.1000000000001,1070.3
Misin04G349400.1.v7.1,1,100,43.5,1.1904761904761905,0.579166992254973,1,92.4,110,157.3,92.3,132,188.4,222.6,116.3,283.4,195.3,266.8,317.4,352.1,242.7
Misin04G352600.1.v7.1,2,100,73.6,0.852264291017075,0.292618712648359,0.65757138066242,134.7,114.8,20.3,18.5,25.3,19.8,17.4,16.9,36.6,39.1,51.1,33.4,27.5,35.3
Misin04G357300.1.v7.1,2,100,78.1,0.3727729556875285,5.9146204963189e-4,0.00781490544070171,218.9,81.6,94.1,79.4,84.6,38.3,33.7,30.3,169.5,168,171,64.5,53.3,63.2
Misin04G365800.1.v7.1,1,100,35,1.1685106382978725,0.08504925085241,0.271144384617354,117.5,137.3,230.2,151.9,208.2,295,306.4,218.8,414.8,321.4,420.9,497,484.7,456.6
Misin04G367000.1.v7.1,1,100,56.2,1.0672268907563025,0.999995758930294,1,23.8,25.4,18.6,12.1,12.7,17.2,16.5,13.1,33.5,25.6,25.7,29,26.1,27.3
Misin04G373400.1.v7.1,1,100,40.4,0.9212924606462303,0.539287201072646,1,120.7,111.2,180.3,139.1,171.2,177.7,182.7,143.5,324.9,294.3,346.1,299.4,289,299.5
Misin04G373600.1.v7.1,3,100,117.5,0.9398148148148148,0.999997271358394,1,86.4,81.2,78,54.6,65,80.8,77.9,59.2,140.5,115.5,131.4,136.1,123.2,123.6
Misin04G374700.1.v7.1,8,100,336,1.0519902518277824,0.678233010731445,1,246.2,259,1392.3000000000002,1300.9,1117.5,1513.4,1508.6000000000001,1274.9,2508.6,2752.4,2258.9,2549.6,2386.4999999999995,2660.7999999999997
Misin04G382100.1.v7.1,14,100,576.8,1.521808088818398,0.00144499578553714,0.0144961782592859,126.1,191.89999999999998,556.8,344.3,367.09999999999997,795.1,791.5,639,1003.2,728.4,742.1,1339.3999999999999,1252,1333.7
Misin04G386000.1.v7.1,13,92.5,535.7,1.0233672857998801,0.0563700440176034,0.19991613884892,333.8,341.6,3333.2,2975.5,2819.6,3905.8,4150.3,3071.8,6005.4000000000005,6295.4000000000005,5699.5,6580,6565.4,6411
Misin04G386200.1.v7.1,4,100,169,1.2941176470588236,0.586082595134928,1,90.1,116.6,259.3,221.4,271.8,346.7,383.1,297.8,467.2,468.4,549.4,584.1,606,621.5
Misin04G390300.1.v7.1,1,100,40.8,1.8289703315881327,0.221845101497838,0.542293081663672,57.3,104.8,217.9,162,149.4,372.1,409.4,209.3,392.6,342.7,302,626.9,647.6,436.8
Misin04G393100.1.v7.1,3,90.75,102.4,2.4409722222222223,0.078475987067092,0.255547809289156,115.19999999999999,281.2,759.3,341.6,342.5,1023.5,1057.4,507.79999999999995,1368,722.7,692.3,1724.3000000000002,1672.7,1059.8
Misin04G393300.1.v7.1,8,98,316.8,1.8999462076385154,0.037818676841357,0.150844374362548,185.89999999999998,353.2,640.5,276.8,247.7,734.8000000000001,701.9,531.5,1154,585.6,500.6,1237.8000000000002,1110.3,1109.1999999999998
Misin04G395100.1.v7.1,1,100,33.1,0.9915966386554622,0.968819142478662,1,95.2,94.4,287.9,239.6,177.6,298.3,290.8,269.4,518.7,506.9,359,502.5,460,562.3
Misin04G398500.1.v7.1,4,100,174,1.4599434495758719,0.0226110481542493,0.106052133767156,212.2,309.8,754,669.4,718.3,1071.3,1329.6,1138.5,1358.5,1416.3,1452,1804.8,2103.3,2376.1
Misin04G398600.1.v7.1,10,100,404.9,1.0777637662883564,0.952935842765703,1,237.9,256.4,1627.6999999999998,1243.6000000000001,1363.3,1734.1000000000001,2252,1523.5,2932.7000000000003,2631.1,2755.7000000000003,2921.4,3562.5,3179.6
Misin04G400100.1.v7.1,1,100,42.7,0.9436379163108455,0.999999994150181,1,117.1,110.5,31.8,28.6,23.8,32.1,33.4,28.3,57.3,60.5,48.1,54.1,52.8,59.1
Misin04G404300.1.v7.1,3,100,106.6,1.0883898709985667,0.764150918926605,1,209.3,227.8,547,402.6,428,616.4,607.5,455,985.5999999999999,851.8,865.1999999999999,1038.5,961,949.5999999999999
Misin04G406500.1.v7.1,22,100,843.2,0.8702630405706642,0.39843408075407,0.819823898907546,224.3,195.2,1402.7,970.2,1263.5,1296.6,1346.1,1003.2,2527.2999999999997,2052.6,2554,2184.3,2129.4,2093.7
Misin04G407100.1.v7.1,16,95.5,830.6,1.3906836964688205,2.67077846719532e-5,9.4592385652403e-4,532.4,740.4,3320.9,3012.7000000000003,3094.9999999999995,6124.0999999999995,6703.5,4672,5983.3,6373.999999999999,6256.300000000001,10317.199999999999,10604.300000000001,9750.6
Misin04G407400.1.v7.1,2,100,77.8,1.9737609329446066,3.9103136769502e-4,0.00592161606123168,68.6,135.4,257.2,171,207.3,491.1,523.7,375.5,463.4,361.8,419,827.3,828.4,783.7
Misin05G000800.1.v7.1,1,100,35.4,0.7214580467675379,0.144930265781145,0.40319302231085,145.4,104.9,35.9,22,44.2,27.7,24.7,23.5,64.7,46.5,89.3,46.7,39.1,49
Misin05G001900.1.v7.1,3,100,130.6,0.8253205128205129,0.900885332798069,1,62.4,51.5,61.7,51.1,51.1,53,64.9,37.7,111.2,108.1,103.3,89.3,102.7,78.7
Misin05G002000.1.v7.1,2,97.05,69.69999999999999,0.8823529411764706,0.9459988679693,1,85,75,70.7,64.6,56.2,73.6,71.1,48.5,127.4,136.7,113.6,124,112.5,101.2
Misin05G009200.1.v7.1,1,100,34.3,1.2007968127490039,0.345394503639806,0.745065533994923,125.5,150.7,187.4,159.7,173.8,240.9,269.6,184.4,337.6,337.9,351.3,405.8,426.5,384.9
Misin05G010100.1.v7.1,3,100,106.19999999999999,0.7155963302752294,0.59698323428381606,1,174.4,124.80000000000001,1709.5,1121.1,1047.4,1168.1000000000001,871.6,693.0000000000001,3080,2372,2117.2,1967.8,1378.8,1446.3
Misin05G010600.1.v7.1,1,100,33.9,0.6415701415701416,2.1288482173131e-4,0.00389433815102663,155.4,99.7,98,89.9,105.7,64.8,79,58.5,176.6,190.2,213.7,109.2,125,122.1
Misin05G011400.1.v7.1,2,100,87.8,0.9149539333805812,0.984016919218531,1,141.1,129.1,807,669,735.1,832.6,840.8,616.2,1454,1415.4,1485.9,1402.7,1330.1,1286
Misin05G012900.1.v7.1,4,98.525,174.79999999999998,0.8070528967254408,0.910376866970946,1,198.5,160.2,29.9,19.8,28.8,25,26.099999999999998,24.3,53.9,41.9,58.2,42.2,41.3,50.8
Misin05G014300.1.v7.1,1,100,52.8,0.4239673172945983,3.86930003610786e-5,0.00123135695141077,220.3,93.4,122.3,144.4,134,62,72.6,56.2,220.4,305.5,270.9,104.4,114.8,117.3
Misin05G015300.1.v7.1,3,100,125.6,2.7544987146529567,0.03166131791169,0.132664765767868,77.8,214.3,186.1,147.5,146.1,454.4,543.3,457.3,335.3,312.1,295.3,765.5,859.4,954.4
Misin05G021700.1.v7.1,2,100,92.1,2.6284875183553598,6.5377586524828e-4,0.00827808899253875,68.1,179,92.5,66.2,63.9,186.1,232.5,194.9,166.7,140.1,129.2,313.5,367.8,406.8
Misin05G024200.1.v7.1,2,95.2,89.4,0.8934362934362935,0.836014344824986,1,129.5,115.7,692.2,550.1,640.3,661.3,645,582.8,1247.2,1163.9,1294.3,1114.1,1020.3,1216.3
Misin05G028000.1.v7.1,1,91.7,42.7,1.0931174089068827,0.791958616609062,1,49.4,54,43,32.6,39.3,50.5,53.5,36.6,77.5,69,79.4,85.1,84.6,76.4
Misin05G032700.1.v7.1,1,100,44.7,0.8663646659116648,0.620646281570795,1,88.3,76.5,115.8,81,116.3,107.2,116.3,80.6,208.6,171.4,235.1,180.6,184,168.2
Misin05G033000.1.v7.1,3,100,139.4,0.9025210084033614,0.999999420035605,1,59.5,53.7,199.1,154.7,134.6,226.3,173,141.5,358.7,327.3,272.1,381.2,273.7,295.3
Misin05G036700.1.v7.1,14,89.5,582.8,0.8195121951219513,0.0584848762597501,0.204195914827509,225.5,184.8,1067.6,1116.3,919.5,1025.2,1051.1000000000001,786.5000000000001,1923.5000000000002,2361.7999999999997,1858.6999999999998,1727.1000000000001,1662.8,1641.4999999999998
Misin05G037700.1.v7.1,1,93.3,55.1,1.8260292164674636,0.00518872866987374,0.036378906553673,75.3,137.5,26.7,19.6,20.3,51.9,43.7,36.3,48.1,41.5,41,87.4,69.1,75.8
Misin05G038000.1.v7.1,3,100,115.6,1.2902408111533585,0.0441152917999682,0.168218220339792,78.9,101.8,73.2,47.1,66.6,101,115.5,80.3,131.9,99.7,134.6,170.2,182.7,167.6
Misin05G039800.1.v7.1,6,100,323.9,1.274829931972789,0.858701204263386,1,147,187.39999999999998,783.5,557.9000000000001,631.7,928.9,1068.9,783.4,1411.7,1180.3999999999999,1276.8999999999999,1564.8999999999999,1690.9,1635
Misin05G040100.1.v7.1,1,100,33.1,0.8280616382806164,0.0282411455877665,0.122614926453552,123.3,102.1,144.4,119.6,150.3,127.9,141.1,89.3,260.2,253,303.8,215.5,223.2,186.4
Misin05G040200.1.v7.1,2,100,89.4,0.7781329923273658,0.330819922483972,0.718948183107946,156.4,121.7,154.8,104.6,180.3,128.8,138.3,99.8,278.9,221.3,364.5,217,218.8,208.3
Misin05G040700.1.v7.1,8,100,365.2,1.0190812720848055,0.99855809708613,1,141.5,144.2,290.4,205.70000000000002,237.1,322.5,315,211.89999999999998,523.1999999999999,435.2,479.20000000000005,543.3,498.3,442.2
Misin05G041300.1.v7.1,1,100,40.8,1.4361602982292638,0.651021309818691,1,107.3,154.1,12.4,9.2,8,13.7,21.8,13.4,22.3,19.5,16.2,23.1,34.5,28
Misin05G041600.1.v7.1,1,100,62.8,1.8053333333333335,0.12795950578916,0.369478228950989,37.5,67.7,245.6,212.3,227,481.5,490.1,451.6,442.5,449.2,458.9,811.2,775.3,942.5
Misin05G041900.1.v7.1,7,96.025,352.5,1.0675772825305536,0.118331295199893,0.347357728126189,139.1,148.5,118.3,95,68.4,192.9,170,137.4,213.10000000000002,201,138.3,324.90000000000003,268.90000000000003,286.79999999999995
Misin05G048700.1.v7.1,1,100,59.7,0.8856926570779713,0.991568649216285,1,132.1,117,62,44.1,62.4,58.7,56.3,60.2,111.7,93.3,126.1,98.9,89.1,125.6
Misin05G049900.1.v7.1,3,100,108.2,0.7208333333333333,0.0109577525888852,0.062113909799921,120,86.5,102.1,93.1,117.7,93.5,89.8,53.8,184,197,237.9,157.5,142.1,112.3
Misin05G057200.1.v7.1,7,100,276.4,0.8744007670182166,0.189833026949352,0.482857755881416,208.6,182.39999999999998,646.2,657.5,509.1,638.7,674.4000000000001,591.6,1164.3,1391.1,1029.1,1076,1066.9,1234.7
Misin05G058800.1.v7.1,1,92.3,46.2,0.9265658747300216,0.999731056841711,1,46.3,42.9,14.9,13.3,15.5,14,18.9,12.5,26.8,28.1,31.3,23.6,29.9,26.1
Misin05G059300.1.v7.1,19,100,854.5,1.8188585607940444,6.40911982690007e-5,0.00173885000751636,120.9,219.89999999999998,1380.9,1315.3,1165.5,2964.5,3646.5,2718.5,2488,2782.7999999999997,2355.8999999999996,4994.2,5768.5,5673.6
Misin05G060100.1.v7.1,4,100,161.4,1.1064049586776858,0.0113806366199537,0.0636930862815723,96.8,107.1,723.7,557.6,648.6,854.3,938.7,691.2,1303.9,1179.7,1311.1,1439.2,1484.9,1442.6
Misin05G060700.1.v7.1,8,98.95,330.40000000000003,0.6964285714285715,0.201290293142244,0.503616608306762,117.6,81.9,693.7,655.5,556.9,510.7,550.6,449.3,1249.9,1386.9,1125.7,860.4,871,937.7
Misin05G065700.1.v7.1,1,100,42.4,0.9845857418111754,0.999983995551298,1,51.9,51.1,196.4,145.8,170.9,207.7,212.8,162.8,353.9,308.5,345.5,349.9,336.6,339.8
Misin05G075000.1.v7.1,2,85.7,81.3,0.8063950941743322,0.538268432831119,1,228.29999999999998,184.10000000000002,100,73.4,73.1,74.9,77.6,59.7,180.1,155.29999999999998,147.8,126.2,122.69999999999999,124.6
Misin05G077600.1.v7.1,6,100,296.9,0.7981798715203425,0.0137166485851506,0.0727218763348002,186.8,149.1,387.8,371.5,351,369.79999999999995,399.3,307.9,698.7,786,709.5,623,631.6,642.6
Misin05G079800.1.v7.1,42,100,1723.1000000000001,1.3911995177817966,0.00774342462950461,0.04863564412882,165.89999999999998,230.8,1343.9,1071.2,1157.8,3038.4000000000005,3038.1,2790.3,2421.4,2266.5000000000005,2340.4,5118.800000000001,4806,5823.5
Misin05G082500.1.v7.1,2,100,98.2,1.0368715083798883,0.999999683227706,1,89.5,92.8,167.2,124.7,129.3,177,173.1,124.9,301.2,263.8,261.4,298.2,273.8,260.7
Misin05G083300.1.v7.1,3,100,112.1,0.8084942084942085,0.0487557510574226,0.179759022769486,129.5,104.7,205.9,165.5,231.1,192.9,184,143.8,371,350.2,467.1,325,291.1,300.1
Misin05G085900.1.v7.1,2,100,96.6,1.6111111111111112,0.318097992666523,0.70069159534232,41.4,66.7,31.3,21.9,18.5,53.9,45.9,35.8,56.4,46.3,37.4,90.8,72.6,74.7
Misin05G088300.1.v7.1,1,100,39.3,1.3186440677966103,0.162573918778897,0.433263855994387,88.5,116.7,55.7,36,42.2,77.7,58.5,53.9,100.4,76.2,85.3,130.9,92.5,112.5
Misin05G090500.1.v7.1,6,100,242.5,0.7967741935483871,0.065672225138776,0.222890952357663,62,49.4,461.6,389.4,375.2,392.3,414.5,279.1,831.7,823.9,758.4,660.9,655.7,582.5
Misin05G091800.1.v7.1,2,100,117.8,1.119221411192214,0.505184077175123,0.969286606020446,164.4,184,607.1,448.4,482,650.6999999999999,610,438.2,1093.8,948.7,974.3,1096.2,965,914.5
Misin05G096900.1.v7.1,1,100,33.5,1.6175243393602223,0.0148842906872979,0.0774971500267438,71.9,116.3,62.1,53.8,54.8,107.5,116.6,83.1,111.9,113.8,110.8,181.1,184.5,173.4
Misin05G099500.1.v7.1,4,100,196,1.0589005235602094,0.847146812780222,1,76.4,80.9,184.5,150.9,172.2,203.5,235.2,168.7,332.4,319.3,348.1,342.8,372.1,352.1
Misin05G102900.1.v7.1,3,100,176.7,1.1578947368421053,0.102213830781444,0.310761335523789,93.1,107.8,767.1,645.3,621.5,938.9,1032.1,712.2,1382.1,1365.3,1256.3,1581.7,1632.7,1486.4
Misin05G110000.1.v7.1,3,100,142,1.081896551724138,0.995615586921788,1,116,125.5,389.2,324,390.9,450.1,530.9,315,701.2,685.5,790.2,758.3,839.8,657.4
Misin05G112200.1.v7.1,9,100,408.9,0.9708454810495627,0.973439457306125,1,137.2,133.2,3261,2542.7,3298.3,3227,3693.6,2733.1,5875.4,5379.7,6667.1,5436.4,5842.9,5704.1
Misin05G114500.1.v7.1,4,97.8,184.9,0.755851755526658,0.0421510787979279,0.163656437913265,307.6,232.5,1864.6,1661.2,1770.7,1646.8,1754.4,1401.5,3359.3999999999996,3514.7,3579.2,2774.3,2775.3,2925
Misin05G115700.1.v7.1,3,100,112.5,0.7357689039932029,0.255592961894765,0.598870917106421,117.7,86.6,224.9,163.1,202.3,177,184.6,165,405.2,345.1,408.9,298.2,292,344.4
Misin05G115900.1.v7.1,1,100,35,1.2002762430939227,0.537267843566301,1,72.4,86.9,43.4,33.6,36.1,51,56.8,42,78.2,71.1,73,85.9,89.9,87.7
Misin05G117100.1.v7.1,1,85.3,62,0.755897435897436,0.886501800279442,1,97.5,73.7,39.1,24.4,32.3,29.3,31,31.5,70.4,51.6,65.3,49.4,49,65.7
Misin05G119700.1.v7.1,2,100,85.5,0.5674931129476585,0.161792675733712,0.432947168430731,290.4,164.8,1440.9,1312.4,1162.9,940.1,875.1,705.9,2596.1,2776.7,2350.7,1583.8,1384.3,1473.2
Misin05G121000.1.v7.1,2,100,71.30000000000001,1.2618243243243243,0.795467116204027,1,59.2,74.7,27,30.5,27,41.6,41.9,33,48.6,64.5,54.6,70.1,66.3,68.9
Misin05G121400.1.v7.1,1,100,67.8,1.0842358604091455,0.967317519318262,1,83.1,90.1,40.4,29.1,32.7,44.6,45.3,32.7,72.8,61.6,66.1,75.1,71.7,68.2
Misin05G121500.1.v7.1,1,100,37.7,0.9900090826521345,0.999999411187533,1,110.1,109,166.4,116.9,140.8,181.3,178.2,120.1,299.8,247.3,284.6,305.4,281.9,250.7
Misin05G121600.1.v7.1,3,100,110.5,1.0018018018018018,0.999981646247681,1,111,111.2,198.1,156.8,176,216.3,225.3,160.4,356.9,331.7,355.8,364.4,356.4,334.8
Misin05G123100.1.v7.1,9,100,425.5,0.8675344563552834,0.145962220451616,0.405307023145937,130.6,113.3,703.1,571.3,680.1,627.1,695.2,526.8,1266.8,1208.7,1374.7,1056.5,1099.7,1099.5
Misin05G123900.1.v7.1,6,100,255,0.7843210802700674,0.111857308226475,0.332869370565696,266.6,209.1,140.9,82.1,118.2,113.80000000000001,112.4,93.1,253.9,173.7,238.9,191.7,177.8,194.3
Misin05G127400.1.v7.1,2,100,78.2,0.9949647532729103,0.999945598886298,1,99.3,98.8,258.9,197.6,223,278.7,283.4,206,466.5,418.1,450.8,469.5,448.3,429.9
Misin05G128700.1.v7.1,2,87.5,75.4,0.7873376623376623,0.802853482980426,1,61.6,48.5,50.4,42.8,39.3,56.9,45.1,29,90.8,90.6,79.4,95.9,71.3,60.5
Misin05G129400.1.v7.1,3,96,136.3,1.3091397849462365,0.546837325374186,1,74.4,97.4,230.5,105.3,147,241.8,245.8,160.3,415.3,222.8,297.1,407.4,388.8,334.6
Misin05G129500.1.v7.1,1,100,35.8,1.2430167597765365,0.204348323542435,0.509716056923135,71.6,89,59.1,45.4,48.2,67.8,76.6,63.4,106.5,96.1,97.4,114.2,121.2,132.3
Misin05G140300.1.v7.1,2,100,84.8,1.7589098532494758,0.436472686392335,0.876401562871511,47.7,83.9,47.2,36.6,33.5,80.9,86,71.2,85,77.4,67.7,136.3,136,148.6
Misin05G140500.1.v7.1,8,98,386.3,2.525725338491296,5.68690148428086e-6,6.4326277822894e-4,258.5,652.9,205.5,179.89999999999998,162.09999999999997,606.0999999999999,742.4,677.2,370.2,380.6,327.59999999999997,1021.0999999999999,1174.3999999999999,1413.3
Misin05G145300.1.v7.1,2,100,80.1,0.8966101694915254,0.888579656878511,1,118,105.8,70.3,51.2,73.2,67.4,69.3,57,126.7,108.3,148,113.5,109.6,119
Misin05G145900.1.v7.1,17,100,1085.7,0.243510267338241,0.00364195607610218,0.0282136413831677,516.1999999999999,125.69999999999999,3241.2,2196.7,3315.9,680.7,907.2,700,5839.7,4647.6,6702.7,1146.7,1435.1000000000001,1460.9
Misin05G146600.1.v7.1,15,100,653.7,0.9347587719298247,0.297221632402628,0.665218293891928,182.39999999999998,170.5,960,858.5,836.8,1045.4,1099.8,756.6,1729.6999999999998,1816.3,1691.5,1761.1,1739.8000000000002,1579.1
Misin05G149600.1.v7.1,6,100,251.5,1.1263598326359832,0.500540026131761,0.963565826431647,119.5,134.6,879.4000000000001,818.4,722.0999999999999,1083.6000000000001,1128.5,841.1,1584.4,1731.5,1459.6,1825.6000000000001,1785.2,1755.3999999999999
Misin05G150900.1.v7.1,7,96.2,326.20000000000005,0.9128701594533029,0.0337539907480687,0.139777644800376,175.60000000000002,160.3,1154.8999999999999,1003.8,1228.6999999999998,914.4,951.5,728.1999999999999,2080.9,2123.7999999999997,2483.6,1540.5,1505.2,1519.7999999999997
Misin05G152600.1.v7.1,1,100,34.3,1.1671949286846277,0.685768887873953,1,126.2,147.3,890.3,625.7,807.2,1183.9,1183.2,777.7,1604.1,1323.8,1631.7,1994.5,1871.7,1623.1
Misin05G156500.1.v7.1,2,100,92.4,0.7481940144478844,0.0179352944768956,0.0893428796554405,96.9,72.5,348.4,319.1,290.3,279,294.5,245.6,627.7,675.1,586.8,470,465.9,512.6
Misin05G165600.1.v7.1,5,100,227.7,1.0982701509017296,0.879311096291591,1,271.70000000000005,298.4,280.2,183.7,191.9,278.2,259.5,220.79999999999998,504.9,388.70000000000005,387.9,468.6,410.6,460.9
Misin05G166900.1.v7.1,1,100,49.3,1.5614754098360657,0.786862097982748,1,48.8,76.2,19.2,7.8,8.8,15.8,19.3,13.3,34.6,16.5,17.8,26.6,30.5,27.8
Misin05G169000.1.v7.1,3,100,123.7,0.9462978030919446,0.572682389618992,1,122.9,116.3,1291.1,1302.6,1177.6,1336.8,1325.8,1203.2,2326.2,2755.9,2380.4,2252.1,2097.3,2511.1
Misin05G170200.1.v7.1,5,100,224.39999999999998,1.3293991416309012,0.0054798930914729,0.0381257243807204,93.2,123.9,160.8,112.6,135.1,208.7,229.7,175.8,289.7,238.2,273.1,351.6,363.4,366.9
Misin05G170600.1.v7.1,11,100,465.1,0.7868434472208058,0.414172196271836,0.843778501738075,196.1,154.3,221.5,139.7,246.20000000000002,167.5,194.6,169.1,399.09999999999997,295.6,497.59999999999997,282.2,307.8,352.9
Misin05G173500.1.v7.1,6,100,263.4,2.502145922746781,0.00148134832553803,0.0148234335380036,46.6,116.6,375,394.7,282.7,1003,1121.3,782.7,675.6,835.1,571.4,1689.7,1773.8,1633.5
Misin05G173800.1.v7.1,1,100,36.2,0.6588855421686747,0.02443602129247,0.112140354934023,132.8,87.5,58.4,38.7,50.6,45.5,42.6,30.2,105.2,81.9,102.3,76.7,67.4,63
Misin05G174100.1.v7.1,5,100,200.9,1.0761648745519714,0.998775939120553,1,111.6,120.1,212.8,216.1,179.5,245,280.9,195.2,383.4,457.2,362.8,412.7,444.4,407.4
Misin05G174200.1.v7.1,2,97.5,84.30000000000001,1.0397476340694007,0.947473292804747,1,158.5,164.8,88.2,73.7,67.5,99.39999999999999,105.89999999999999,77.6,158.9,155.9,136.5,167.5,167.5,161.9
Misin05G174900.1.v7.1,3,100,199.8,0.9872298624754421,0.999997770090013,1,101.8,100.5,200.6,181.9,166.7,211.7,207.9,185.8,361.4,384.9,337,356.6,328.9,387.8
Misin05G176300.1.v7.1,7,100,252.20000000000002,1.2726510067114092,0.0220166707520562,0.103939267982969,119.2,151.7,408.5,297,372,477.70000000000005,541.5,437.1,736,628.4,752,804.7,856.6,912.2
Misin05G177800.1.v7.1,10,100,396.50000000000006,1.2470588235294118,0.999999908690249,1,42.5,53,187.4,160.8,160,224.3,211.9,149.8,337.6,340.2,323.4,377.9,335.2,312.6
Misin05G178000.1.v7.1,3,95.8,132.5,0.9928571428571429,0.99882935790073,1,56,55.6,133.3,98.2,111.3,139.8,141,95.2,240.2,207.8,225,235.5,223,198.7
Misin05G178200.1.v7.1,1,100,39.3,1.9333333333333333,0.301709790669136,0.673392379897743,93,179.8,28.8,16.9,18.9,46.2,46.7,22.4,51.9,35.8,38.2,77.8,73.9,46.7
Misin05G184000.1.v7.1,1,100,43.5,1.2726045883940622,0.114365083562971,0.337962575230223,74.1,94.3,45.2,38.8,38.5,61.3,65.5,53.8,81.4,82.1,77.8,103.3,103.6,112.3
Misin05G187200.1.v7.1,1,100,42.7,0.4919278252611586,0.233908739413093,0.564945659403231,210.6,103.6,130.6,162.9,155.9,92,106.6,74.2,235.3,344.7,315.1,155,168.6,154.9
Misin05G190500.1.v7.1,1,100,49.7,0.9836309523809522,0.999543187506652,1,67.2,66.1,45.4,37.7,33.2,46.6,45.9,43.8,81.8,79.8,67.1,78.5,72.6,91.4
Misin05G191000.1.v7.1,3,98.75,117.10000000000001,0.98932384341637,0.895637857674661,1,112.4,111.2,274.2,147.5,220.5,296.6,277.4,211.4,494,312.1,445.7,499.7,438.8,441.2
Misin05G192100.1.v7.1,1,100,49.7,1.1378091872791518,0.523351063373133,0.989419094746351,84.9,96.6,102.1,91.9,81.9,124.3,134.1,97.4,184,194.4,165.6,209.4,212.1,203.3
Misin05G192400.1.v7.1,13,97.525,559.1,0.862781954887218,0.139131373185825,0.39049624064353,159.6,137.7,373.8,324.40000000000003,371.8,322.90000000000003,364.8,276.9,673.5,686.3000000000001,751.6,544,577.0999999999999,577.9
Misin05G194000.1.v7.1,1,100,36.6,0.9462809917355371,0.994945333087734,1,48.4,45.8,5.2,2.3,4.8,6.6,5.6,4.1,9.4,4.9,9.7,11.1,8.9,8.6
Misin05G198200.1.v7.1,3,100,137.8,0.9966431688486069,0.992464212069479,1,297.9,296.9,264.5,177.5,200.9,260.6,269.1,234.5,476.59999999999997,375.5,406,439,425.7,489.4
Misin05G201500.1.v7.1,6,100,251.6,0.961970613656007,0.829499985323805,1,115.7,111.30000000000001,99.30000000000001,61.2,54.7,72.3,55.900000000000006,52.3,178.9,129.5,110.5,121.80000000000001,88.4,109.1
Misin05G204900.1.v7.1,1,100,39.7,0.652676399026764,4.63845002518504e-5,0.00140111120572971,164.4,107.3,263.7,223.5,262.6,177.4,202.1,148.6,475.1,472.9,530.8,298.9,319.7,310.1
Misin05G205200.1.v7.1,3,100,123.99999999999999,0.6269196025293586,0.0732494412196933,0.242227203234269,110.7,69.4,172.6,132.9,126.9,104.7,126,54.2,311,281.2,256.5,176.4,199.3,113.1
Misin05G211800.1.v7.1,2,100,70.5,1.0625601539942253,0.99189786331787,1,103.9,110.4,112.5,92.2,104.4,110.7,136.2,107.2,202.7,195.1,211,186.5,215.5,223.7
Misin05G212100.1.v7.1,29,100,1228.1000000000001,0.8050518134715027,0.117867618452508,0.346602024463634,308.8,248.60000000000002,12906,13908.900000000001,11846.6,11561.699999999999,12454.5,9751.199999999999,23253,29427.4,23946.399999999998,19477.600000000002,19701.9,20351.2
Misin05G212600.1.v7.1,1,100,45.8,1.435562805872757,0.0352880444433652,0.144324953217579,61.3,88,37.5,27.7,33.5,57.6,64.2,39.9,67.6,58.6,67.7,97,101.6,83.3
Misin05G214100.1.v7.1,12,100,472.2,1.3045202220459953,0.413104431968973,0.841819033975587,126.1,164.5,341.8,202.5,276.90000000000003,354.8,400.3,253.29999999999998,615.8000000000001,428.5,559.7,597.7,633.2,528.7
Misin05G214300.1.v7.1,1,100,48.1,0.6328751431844215,0.831304052870873,1,174.6,110.5,23.2,11.4,28.2,15.7,14.7,15.5,41.8,24.1,57,26.4,23.3,32.3
Misin05G218600.1.v7.1,4,100,251.8,1.1235955056179774,0.0561260056298732,0.199287869833705,142.4,160,3693.5,3127.5,2832.8,4463.8,4848.6,3748.6,6654.7,6617,5726.2,7520,7670,7823.5
Misin05G219700.1.v7.1,17,100,728.6,0.7369619676611249,0.0150929942452769,0.0783783465861481,439.1,323.59999999999997,759.7,865.5999999999999,699.2,630.7,648.8000000000001,536,1368.6999999999998,1831.3,1413.4,1062.5,1026.3,1118.6999999999998
Misin05G222300.1.v7.1,1,100,55.8,1.1338129496402878,0.99506659625525,1,69.5,78.8,80.8,59.2,55.9,90.5,74.2,68.1,145.6,125.3,113,152.5,117.4,142.1
Misin05G222400.1.v7.1,4,100,161.6,1.2035555555555557,0.916898951914518,1,112.5,135.4,63.8,35.8,43.7,70.9,67.2,46.9,115,75.7,88.3,119.4,106.3,97.9
Misin05G228200.1.v7.1,1,100,33.1,1,0.998896897938228,1,123.9,123.9,912,679.5,705.7,879.3,909.1,660.8,1643.2,1437.6,1426.5,1481.3,1438.1,1379.1
Misin05G229200.1.v7.1,1,100,39.3,0.8018335684062059,0.163071079408807,0.433958049434892,141.8,113.7,112.3,112.3,96.9,112.5,92.2,77.7,202.3,237.6,195.9,189.5,145.9,162.2
Misin05G230600.1.v7.1,8,100,391.20000000000005,1.1837425910245556,0.071749307455277,0.237827352594073,118.1,139.8,3098.7000000000003,2363.6,2405.9,3859.4,4361.7,3135.5,5583,5000.7,4863.2,6501.8,6899.799999999999,6544
Misin05G230700.1.v7.1,1,94.7,33.9,4.2090517241379315,0.021310904017032,0.101087902119398,46.4,195.3,36.7,25.2,27.4,139.2,147.4,81.8,66.1,53.3,55.4,234.5,233.2,170.7
Misin05G231100.1.v7.1,1,100,44.7,0.8582375478927203,0.347779639211821,0.748571020431007,130.5,112,80.5,58.6,82.2,73.9,82.4,50,145,124,166.2,124.5,130.3,104.4
Misin05G233400.1.v7.1,4,100,192.6,0.7306930693069307,0.265549005060488,0.615477480167986,101,73.8,58.2,76.6,65.3,67.6,55.3,46.2,104.9,162.1,132,113.9,87.5,96.4
Misin05G234900.1.v7.1,1,100,36.6,1.0673886883273167,0.999854831554956,1,83.1,88.7,49.5,36.1,38,48.7,54.2,38.5,89.2,76.4,76.8,82,85.7,80.4
Misin05G236700.1.v7.1,2,100,69.4,1.197802197802198,0.660715335264633,1,72.8,87.2,122.5,84,100.7,144.7,149.3,135.8,220.7,177.7,203.6,243.8,236.2,283.4
Misin05G238200.1.v7.1,2,97.6,96.3,1.1173469387755104,0.99402004624764,1,58.8,65.7,29.7,25.8,19.5,35.5,40.2,22.3,53.5,54.6,39.4,59.8,63.6,46.5
Misin05G243100.1.v7.1,1,100,45.4,1.038910505836576,0.993952280842803,1,77.1,80.1,43.7,33.9,39.3,43.5,51.7,42.1,78.7,71.7,79.4,73.3,81.8,87.9
Misin05G251700.1.v7.1,17,100,739.3000000000002,1.7360084477296724,8.7051138151805e-4,0.0101444687270024,94.7,164.39999999999998,1144.1,836.8000000000001,895.1999999999999,1832.8,1819.9,1568.1,2061.3,1770.4,1809.5,3087.7,2878.9,3272.7000000000003
Misin05G252000.1.v7.1,1,100,34.7,0.9034193161367726,0.912298555789526,1,166.7,150.6,899.9,636.6,850.4,1000.6,926,452.4,1621.4,1346.9,1719,1685.7,1464.8,944.2
Misin05G253000.1.v7.1,14,100,513.7,1.0749228735125604,0.241036860097523,0.576611260265411,453.8,487.79999999999995,805.1,587.6,724.4,938.7,798.8000000000001,758.3,1450.4999999999998,1243.2,1464.2,1581.3999999999999,1263.6,1582.6
Misin05G256900.1.v7.1,2,97.35,81.30000000000001,1.092044707429323,0.999674198890595,1,152.1,166.1,67.2,56.6,65.6,62.3,83.6,72.1,121.1,119.8,132.6,105,132.2,150.5
Misin05G257200.1.v7.1,3,100,126.3,0.5829863176680548,3.03207493812518e-5,0.00103542318374143,168.1,98,319.5,321.2,281.6,199.3,202.1,180.5,575.7,679.6,569.2,335.8,319.7,376.7
Misin05G258600.1.v7.1,1,100,46.2,1.0029222676797194,0.962249924509224,1,171.1,171.6,66.6,56.6,71,61.2,76.1,59,120,119.8,143.5,103.1,120.4,123.1
Misin05G258700.1.v7.1,2,96.2,114,1.650994575045208,0.75564784829716,1,55.3,91.3,60.3,22.9,31.5,66,66.3,50.4,108.6,48.5,63.7,111.2,104.9,105.2
Misin05G259000.1.v7.1,6,100,271.2,0.859387923904053,0.552341434896318,1,120.89999999999999,103.9,701.9000000000001,459.7,622.7,629.2,634.5,444.29999999999995,1264.6000000000001,972.6,1258.7,1060,1003.8,927.3
Misin05G263200.1.v7.1,1,100,33.1,0.2818118948824343,1.694260613988e-4,0.00330207653270799,289.2,81.5,122.3,224.7,143.7,45.1,56.1,39.2,220.4,475.4,290.5,76,88.7,81.8
Misin05G264500.1.v7.1,4,98.875,159.89999999999998,0.923202614379085,0.800080665421445,1,122.39999999999999,113,97.89999999999999,72.7,78.5,89.4,87.2,66.19999999999999,176.4,153.79999999999998,158.6,150.7,137.9,138.20000000000002
Misin05G266500.1.v7.1,2,100,69.3,0.9896907216494845,0.998288904405658,1,116.4,115.2,44.3,29.9,45.9,46.9,49.8,40.6,79.8,63.3,92.8,79,78.8,84.7
Misin05G272000.1.v7.1,33,100,1239.8999999999996,1.466201482773659,3.421769488513e-4,0.00533567861083665,229.3,336.2,6185.8,4038.3,5252.2,8727.2,9156.800000000001,6665.2,11145.199999999999,8543.999999999998,10616.7,14702.3,14485.2,13910.599999999999
Misin05G272400.1.v7.1,3,100,114.4,0.6976144422952935,0.429993590587085,0.867337498961984,155.1,108.2,43,34.8,39.9,31.7,35.7,25.9,77.5,73.6,80.7,53.4,56.5,54.1
Misin05G273100.1.v7.1,11,100,445.5,1.848888888888889,0.00218635461289785,0.0195193373858054,67.5,124.80000000000001,221.1,150.9,163.3,331.29999999999995,361.1,293.5,398.4,319.20000000000005,330,558.1,571.2,612.5
Misin05G276000.1.v7.1,2,97.05,79,1.2142857142857142,0.834302513708068,1,92.4,112.2,226.9,193.1,200.7,294.7,383.7,234.3,408.8,408.5,405.7,496.5,607,489
Misin05G276600.1.v7.1,11,100,435.6,1.1439655172413792,0.824604382632038,1,116,132.7,1480.6,1339.3,1371.7,1881.6,2051.3,1549.1,2667.6000000000004,2833.6,2772.7000000000003,3169.9,3244.9,3233
Misin05G277200.1.v7.1,25,100,1016.9,1.5768451519536906,2.0358364546879e-4,0.00377929888893632,345.5,544.8000000000001,819.4,457.7,565.7,1002,929.8999999999999,699.6999999999999,1476.3,968.3,1143.4,1688.0000000000002,1470.9,1460.3
Misin05G279300.1.v7.1,1,100,43.9,1.0031217481789803,0.998822728869721,1,96.1,96.4,120.8,96.3,100.7,121.3,137,93.7,217.6,203.7,203.6,204.4,216.7,195.6
Misin05G280300.1.v7.1,2,95,95.6,1.0772357723577235,0.403013315833771,0.826128775044183,246,265,1377.2,1163.6,1119.8,1484.3000000000002,1821.4,1095.5,2481.3,2461.9,2263.6,2500.5,2881.3,2286.3
Misin05G281300.1.v7.1,2,100,116.4,1.2717592592592593,0.100505897025196,0.307118065318905,216,274.7,142.3,78.5,77.8,144.4,165.2,125.60000000000001,256.3,166.10000000000002,157.3,243.2,261.4,262.2
Misin05G281400.1.v7.1,14,100,711,1.5778364116094987,0.0453983161371101,0.171546332188357,75.8,119.6,406.8,233,251.4,526.5,591.6999999999999,403.8,732.9,493,508.2,886.9,936,842.8000000000001
Misin05G284300.1.v7.1,1,100,41.6,1.5637795275590551,0.00750537746983448,0.0477061806322599,63.5,99.3,45.2,42.7,47.7,83.8,87.4,68.1,81.4,90.3,96.4,141.2,138.3,142.1
Misin05G284500.1.v7.1,4,100,171,0.8650306748466257,0.56157973044712,1,260.8,225.6,891.4000000000001,678.2,826.5999999999999,828,844.3,705.8,1606,1434.8999999999999,1670.9,1394.9,1335.6,1473
Misin05G287700.1.v7.1,2,100,124.8,1.2875368007850831,0.120710624062808,0.353167845238871,101.9,131.2,146.1,113.3,145.9,196.3,246.3,162.3,263.2,239.7,294.9,330.7,389.6,338.7
Misin05G291600.1.v7.1,1,94.1,38.5,0.847165991902834,0.873732180307216,1,98.8,83.7,202,136.2,164.2,156.8,198.4,134.7,363.9,288.2,331.9,264.2,313.9,281.1
Misin05G295000.1.v7.1,1,100,35.8,1.2146690518783543,0.374639221790302,0.785115218093338,111.8,135.8,485.2,378,417.2,607.7,581.3,528,874.2,799.7,843.3,1023.8,919.6,1102
Misin05G295500.1.v7.1,12,100,650.6999999999999,0.7643678160919541,0.0794162765542541,0.257441366509887,139.2,106.4,2107.5,1661.3,1541.2,1440.8999999999999,1591.2,1120.8,3797.1,3514.9,3115.2999999999997,2427.4,2517.1,2339.2
Misin05G299000.1.v7.1,1,95.2,33.9,1.2630522088353413,0.907800638819413,1,49.8,62.9,391.8,417.4,315.9,529,452.6,440.9,705.9,883.1,638.6,891.2,716,920.2
Misin05G300700.1.v7.1,1,100,33.5,1.3870220162224798,0.999999999037214,1,86.3,119.7,140.1,32.8,40.7,67.7,62.3,62.5,252.4,69.4,82.3,114.1,98.6,130.4
Misin05G303700.1.v7.1,1,100,57.8,0.5388535031847134,3.6905501112138e-4,0.00566534462708469,157,84.6,61.6,60.2,65.5,44.5,43.4,24.5,111,127.4,132.4,75,68.7,51.1
Misin05G311100.1.v7.1,42,98.3,2339.8,1.460158675405312,0.00139167280255226,0.0141942288924414,289.90000000000003,423.3,5262.2,4785.200000000001,4447.2,7455,8696.999999999998,6452.0999999999985,9481,10124.2,8989.499999999998,12559.1,13757.9,13465.7
Misin05G317500.1.v7.1,1,95.7,51.2,0.24614687216681777,7.10408330204526e-5,0.00183459295327791,220.6,54.3,136.6,207.8,127.6,55.6,40.1,29.1,246.1,439.6,257.9,93.7,63.4,60.7
Misin05G318300.1.v7.1,2,100,82.80000000000001,1.2092811646951773,0.101765340862278,0.310030504191368,109.9,132.9,54.1,34.9,49.2,64.2,74.5,60.2,97.5,73.8,99.5,108.2,117.9,125.6
Misin05G318400.1.v7.1,3,94.1,126.7,0.9611801242236023,0.999999994483762,1,64.4,61.9,179.3,154.6,151.7,198,196.2,148.8,323,327.1,306.6,333.6,310.4,310.6
Misin05G320000.1.v7.1,1,100,37.7,0.690671031096563,0.0698741062886409,0.232711918051704,122.2,84.4,19.9,13.8,19.7,14.7,15.2,12,35.9,29.2,39.8,24.8,24,25
Misin05G323200.1.v7.1,1,100,37.4,1.3354673495518568,0.0504314953966936,0.184368884091348,78.1,104.3,30.7,21.2,25.6,39.8,45.8,33.1,55.3,44.9,51.7,67,72.5,69.1
Misin05G325200.1.v7.1,1,94.7,40,0.6403897254207263,0.0037973713338213,0.0289830749641257,112.9,72.3,115.7,127.7,118.3,90.9,102.1,71.5,208.5,270.2,239.1,153.1,161.5,149.2
Misin05G325400.1.v7.1,7,100,291.8,1.7132530120481926,0.547016876723137,1,41.5,71.1,243.1,114.1,114.4,285.4,254.8,198,438,241.4,231.2,480.8,403.1,413.2
Misin05G327900.1.v7.1,2,97.5,71.3,0.8452674897119342,0.204726426046017,0.510515045440233,121.5,102.7,233.5,189.6,210.3,209.5,236.8,170.3,420.7,401.1,425.1,352.9,374.6,355.4
Misin05G329300.1.v7.1,1,100,35,1.3130434782608695,0.482219515751089,0.939457622795518,138,181.2,439,304.5,367,590.4,615.8,438.8,791,644.2,741.8,994.6,974.1,915.8
Misin05G335800.1.v7.1,22,100,906.4,1.6645739910313904,0.00617085824985253,0.0415890433178291,111.5,185.60000000000002,1010.2,689.9,701.8,2128.9,2372.2,1475.6,1820.1000000000001,1459.7,1418.6,3586.5,3752.6,3079.6
Misin05G338300.1.v7.1,5,100,171.79999999999998,1.8010256410256409,0.0105989653549968,0.0605351926847653,97.5,175.6,130.9,106,100.1,259.9,261.40000000000003,200.5,235.89999999999998,224.20000000000002,202.29999999999998,437.79999999999995,413.5,418.5
Misin05G339100.1.v7.1,3,100,122.39999999999999,1.5582290664100096,0.0663411755465992,0.224617650614878,103.9,161.9,25.6,19.5,16.4,40.1,39,30.8,46.1,41.3,33.2,67.6,61.7,64.3
Misin05G342700.1.v7.1,6,100,284.7,1.4260599793174769,0.708424278124708,1,96.7,137.9,821.1,851.6,665.6,1318.9,1333.1,961.3,1479.4,1801.8,1345.4,2221.9,2108.8,2006.3
Misin05G344000.1.v7.1,17,100,849.9000000000001,1.4417808219178085,0.0788995018518441,0.256288978759956,87.6,126.30000000000001,3102.8999999999996,2259.1,2469.1000000000004,4982.9000000000005,4991.1,4027.7000000000003,5590.6,4779.7,4991,8394.5,7895.5,8406
Misin05G349600.1.v7.1,2,100,75.8,1.186652763295099,0.863398945934313,1,95.9,113.8,155.5,119.8,123,178.5,166.5,175.9,280.2,253.5,248.6,300.7,263.4,367.1
Misin05G357300.1.v7.1,3,100,122.4,0.8577898550724637,0.325796221690124,0.712055633615056,110.4,94.7,56.4,53.5,63.8,57.8,61.4,37.7,101.6,113.2,129,97.4,97.1,78.7
Misin05G358200.1.v7.1,19,100,768.5,0.9334326875310481,0.0950428328804467,0.294787373394708,402.6,375.8,2162.9,1896.8999999999999,1866.3,2490.5,2854.7,2110,3896.8999999999996,4013.3,3772.5,4195.7,4515.9,4403.6
Misin05G358900.1.v7.1,1,100,36.2,1.1234177215189873,0.843519329165788,1,94.8,106.5,125,97.1,98.8,148.5,146,105.8,225.2,205.4,199.7,250.2,231,220.8
Misin05G359800.1.v7.1,2,100,87.4,1.7851637764932564,0.127103131967258,0.367896812819862,103.8,185.3,346.5,232.5,252.2,614.4,575.2,283.2,624.3,491.9,509.8,1035.1,909.9,591.1
Misin05G366000.1.v7.1,3,100,120.1,0.9409523809523809,0.682999280658284,1,105,98.8,568.7,465.3,495.5,539.3,596,469.5,1024.6,984.4,1001.6,908.5,942.8,979.9
Misin05G370300.1.v7.1,14,100,766.4,1.2433962264150942,0.390660068010806,0.811412807694804,159,197.7,7423.2,5587.6,6045.4,8831.199999999999,9069.7,5873.4,13374.5,11821.800000000001,12220,14877.699999999999,14347.400000000001,12258.1
Misin05G370500.1.v7.1,9,100,421,1.43756786102063,0.0429961640727327,0.165646770137006,92.1,132.4,957.7,781.2,937.2,1494.7,1485.5,1188.3,1725.5,1652.8,1894.4,2518.1,2349.9,2480
Misin05G370600.1.v7.1,6,87,258.9,1.0501949317738792,0.599972682121229,1,205.2,215.5,675,589.7,578,764.5,824.1,636.5999999999999,1216.2,1247.7,1168.3000000000002,1288,1303.6999999999998,1328.6
Misin05G371800.1.v7.1,2,100,67.8,0.8202581926514398,0.0369653447810501,0.148907370549578,100.7,82.6,294.2,243.7,299.1,274,275,187.9,530.1,515.6,604.6,461.6,435,392.2
Misin05G373000.1.v7.1,10,100,398,1.94021101992966,2.29426650055764e-6,4.6344183311264e-4,85.3,165.5,562.1,421.2,476.4,1065.4,1181,900.7,1012.7,891.1,963,1794.8,1868.2,1879.8
Misin05G373500.1.v7.1,1,100,54.3,0.7065390749601275,0.166173056114834,0.437958974519371,125.4,88.6,143.9,89.8,139,108.8,115.2,88.1,259.3,190,281,183.3,182.2,183.9
Misin05G374500.1.v7.1,3,100,116.4,0.8429042904290429,0.184347994321497,0.473507339642189,151.5,127.7,401.1,292.5,405.8,361.5,360.8,313.8,722.7,618.9,820.3,609,570.8,654.9
Misin05G376600.1.v7.1,4,98.6,179.4,1.002818035426731,0.999972245054821,1,248.4,249.1,1115.5,932.7,1009.6,1198.9,1206.6,960.1999999999999,2009.9,1973.4,2040.8000000000002,2019.8,1908.8,2004
Misin05G380200.1.v7.1,1,100,59.7,1.1141304347826086,0.83624613928101,1,92,102.5,416.3,422.8,343.5,489.1,551.1,400.3,750.1,894.5,694.3,824,871.8,835.4
Misin05G380500.1.v7.1,3,100,140.9,1.0485224370667638,0.895053709672254,1,274.1,287.4,1649.8,1315.8,1440.3000000000002,1954.1,1963.5,1468.1999999999998,2972.5,2783.9,2911.4,3292,3106.1000000000004,3064.2000000000003
Misin05G380600.1.v7.1,6,97.2,223.00000000000003,1.0395480225988698,0.954646610083169,1,35.400000000000006,36.8,1274.9,1068.7,1071.5,1576.5,1448.5,1053.7,2297,2261,2165.9,2655.9,2291.4,2199.2
Misin05G381000.1.v7.1,5,100,214.8,3.197819314641744,0.00188457572756839,0.0174566311342528,64.2,205.29999999999998,170.4,147.9,120.80000000000001,470.40000000000003,801.8,526.4,307.1,312.9,244.2,792.4000000000001,1268.4,1098.6
Misin05G389900.1.v7.1,3,100,120.9,0.8946515397082658,0.9480241642428,1,61.7,55.2,32.1,36.7,22.5,30.7,29.6,25.8,57.8,77.6,45.5,51.7,46.8,53.8
Misin05G391200.1.v7.1,5,100,242.6,1.093183779119931,0.866173930526342,1,115.9,126.7,1527.2,1397.1,1356.2,1625.1,1900.7,1627.7,2751.6,2955.9,2741.4,2737.8,3006.7,3397.1
Misin05G392300.1.v7.1,1,100,34.7,1.3492957746478873,0.996373243761503,1,35.5,47.9,26.1,22.5,29.3,38.1,36.8,32.3,47,47.6,59.2,64.2,58.2,67.4
Misin05G393300.1.v7.1,1,100,41.2,0.6324972737186477,0.0604816144898472,0.208691338011002,183.4,116,113.6,88.4,125.8,72.8,86.5,62,204.7,187,254.3,122.6,136.8,129.4
Misin05G395300.1.v7.1,2,100,74.7,0.7213930348258706,0.373413794748515,0.783235763078635,160.8,116,143.9,93.8,154.9,111,117,106.6,259.3,198.5,313.1,187,185.1,222.5
Misin05G397100.1.v7.1,5,100,235.7,1.1703056768558953,0.999999679773098,1,91.6,107.2,99.3,74,77.3,108.8,122.8,60.3,178.9,156.6,156.3,183.3,194.3,125.8
Misin05G400200.1.v7.1,3,100,136.7,2.6842105263157894,0.00245303164694033,0.021131356102808,53.2,142.8,162.1,113.6,113.6,382.7,377.3,314.8,292.1,240.3,229.6,644.7,596.9,657
Misin05G403900.1.v7.1,1,100,33.5,0.5281564908120925,1.7903999980173e-4,0.00341134886912399,168.7,89.1,128.5,97.2,127.8,78.6,77.3,47.8,231.5,205.6,258.3,132.4,122.3,99.8
Misin05G406500.1.v7.1,2,97.35,84.30000000000001,1.3984962406015038,9.6406156480877e-4,0.010812678756102,79.8,111.6,3798.7,2854,2626.8,5161.6,5337.6,4039.7,6844.2,6038.3,5309.8,8695.6,8443.6,8431
Misin05G412200.1.v7.1,3,82.85,158,1.0714285714285714,0.244728909514434,0.582753075642962,109.2,117,46.5,40.4,47.1,56.1,64.8,44.6,83.8,85.5,95.2,94.5,102.5,93.1
Misin06G001400.1.v7.1,2,100,89,1.2366930917327295,0.273118880268297,0.626931975161319,88.3,109.2,484.4,264.5,348.5,618.9,533.9,417.5,872.8,559.6,704.4,1042.6,844.6,871.3
Misin06G001700.1.v7.1,1,100,35,0.9680616740088107,0.999568499267542,1,90.8,87.9,104.3,104.4,105.9,123.1,124.6,109.2,187.9,220.9,214.1,207.4,197.1,227.9
Misin06G004600.1.v7.1,1,100,37.7,0.6303925378935095,0.00249183240959194,0.0213729101529448,257.3,162.2,163.6,141.5,188.5,117,119.3,87.1,294.8,299.4,381,197.1,188.7,181.8
Misin06G005600.1.v7.1,6,100,233.39999999999998,1.2670807453416149,7.80544519254356e-5,0.00194207298130969,257.6,326.40000000000003,645.6,494.6,535.1,925.6999999999999,944.1,751,1163.2,1046.3999999999999,1081.7,1559.4,1493.5,1567.4
Misin06G010500.1.v7.1,2,100,96.3,1.1383647798742138,0.744484005500636,1,63.6,72.4,163.9,115.6,144.6,206.7,210.5,141.3,295.3,244.6,292.3,348.2,333,294.9
Misin06G017200.1.v7.1,1,96.3,57,1.2594936708860758,0.951662533255631,1,31.6,39.8,20.3,17.2,16.4,30.1,23.9,22,36.6,36.4,33.2,50.7,37.8,45.9
Misin06G017600.1.v7.1,1,100,33.1,0.8837004405286344,0.830429459073891,1,113.5,100.3,214,216.6,191.5,202.9,212.3,176.7,385.6,458.3,387.1,341.8,335.8,368.8
Misin06G019400.1.v7.1,3,96.05,122.5,0.9034833091436865,0.827994674900446,1,137.8,124.5,116.69999999999999,119.7,109,133.6,137.9,83.8,210.2,253.2,220.4,225.1,218.10000000000002,174.8
Misin06G026200.1.v7.1,1,100,38.9,1.194043321299639,0.0250068422765672,0.113707592799647,110.8,132.3,240.9,180.3,201.7,288.8,326.3,224.7,434,381.5,407.7,486.5,516.2,469
Misin06G030500.1.v7.1,1,100,33.1,1.1412742382271468,0.249430500512418,0.58937579348758,72.2,82.4,30.1,24.9,22.3,35.7,38.7,28.5,54.2,52.7,45.1,60.1,61.2,59.5
Misin06G041400.1.v7.1,1,100,43.9,1.0352422907488987,0.999793075844499,1,90.8,94,83.3,61.9,81.3,92.8,98.2,58.5,150.1,131,164.3,156.3,155.3,122.1
Misin06G048100.1.v7.1,2,100,73.5,0.6069246435845214,0.00228415686235928,0.0202006330759991,98.2,59.6,171.7,166.5,135.6,119.4,118.7,88.8,309.4,352.3,274.1,201.1,187.8,185.3
Misin06G052100.1.v7.1,16,96.075,739.3000000000001,1.1512944983818771,0.854044007487455,1,123.6,142.3,3399.1,2712.1,2725.6,4041.9,4121.8,3228.9,6124.299999999999,5738.0999999999995,5509.5,6809.0999999999995,6520.3,6738.799999999999
Misin06G073000.1.v7.1,5,86.1,184.9,0.9724637681159419,0.981946250885881,1,69,67.1,66.7,59.2,61.7,88.1,75.39999999999999,52.099999999999994,120.2,125.19999999999999,124.69999999999999,148.5,119.30000000000001,108.7
Misin06G078100.1.v7.1,2,100,115.9,1.2659906396255853,0.145735079895999,0.405053797154971,256.4,324.6,372.5,312.9,314,451.8,542.4,409,671.0999999999999,662,634.7,761.1,858,853.6
Misin06G078400.1.v7.1,18,96.5,1036.7,1.2115830115830117,0.0143171596563961,0.0751351425737248,129.5,156.9,4498.8,4246.7,3526.5,6378.7,6259.9,4950.5,8105.5999999999995,8984.9,7128.4000000000005,10745.9,9902.6,10331.9
Misin06G081500.1.v7.1,2,100,75.1,0.3557796182931221,0.00126568656462145,0.0132902664996991,277.7,98.8,59,80.9,89.9,33.1,38.5,35.8,106.3,171.2,181.7,55.8,60.9,74.7
Misin06G090600.1.v7.1,18,100,815.4000000000002,0.7676266137040714,0.0373879949986986,0.149904162958617,302.1,231.89999999999998,959.5,704.7,1052.2,812.4,846,656.4,1728.7,1490.9,2126.9,1368.6,1338.3,1370
Misin06G093100.1.v7.1,2,89,142.9,0.9272326350606394,0.813084650258615,1,90.7,84.1,118.9,87.39999999999999,99.6,115.89999999999999,112.80000000000001,72.69999999999999,214.2,184.9,201.4,195.29999999999998,178.4,151.70000000000002
Misin06G094400.1.v7.1,1,93.3,33.5,1,0.999006882027654,1,86.7,86.7,48.6,40.3,50.7,52,59.9,37.6,87.6,85.3,102.5,87.6,94.8,78.5
Misin06G095900.1.v7.1,8,100,341.70000000000005,0.8200553675792064,0.205186968850377,0.510632343862768,325.1,266.6,588.5,589.6,628.5,532.5,621,452.79999999999995,1060.3,1247.5,1270.4,897.1,982.4,945
Misin06G101900.1.v7.1,3,100,115.8,0.3282511210762332,2.05610506376352e-6,4.2990631841988e-4,223,73.2,819,900.2,941.4,379.4,394.9,295.7,1475.6,1904.6,1902.9,639.2,624.7,617.1
Misin06G105200.1.v7.1,1,100,36.2,1.1899441340782122,0.938644905785277,1,53.7,63.9,341.6,353.6,292.2,454.3,402.4,351.4,615.5,748.1,590.6,765.3,636.6,733.4
Misin06G105300.1.v7.1,2,100,66.2,0.8310940499040307,0.078831834747644,0.256278725183421,104.2,86.6,110.5,88.9,90.7,93.7,98.8,63.2,199.1,188.1,183.3,157.9,156.3,131.9
Misin06G106700.1.v7.1,1,100,33.9,2.010590015128593,5.3283485725907e-4,0.00733717600094016,66.1,132.9,508.8,450.3,432.3,1155,1165.6,822.7,916.7,952.7,873.8,1945.8,1843.9,1717
Misin06G109100.1.v7.1,2,100,72.4,0.6750590086546027,0.0424865746106831,0.164347613180825,127.1,85.8,32.8,24.1,32.5,19.3,28.8,19.1,59.1,51,65.7,32.5,45.6,39.9
Misin06G110100.1.v7.1,2,100,85.5,0.4787291330102316,0.00415426378934658,0.0309134663873446,185.7,88.9,334.7,176.4,306.8,187.5,170.7,138.4,603,373.2,620.2,315.9,270,288.8
Misin06G110800.1.v7.1,3,100,122.8,0.6118598382749326,0.00148547788465891,0.0148461877022521,148.4,90.8,264.6,245.3,257.5,181.1,200.8,156.6,476.7,519,520.5,305.1,317.6,326.8
Misin06G111400.1.v7.1,11,100,473.20000000000005,1.3890020366598776,3.2786445281185e-4,0.00516521949585153,147.3,204.6,432.7,345.9,382.3,635.4,686.5999999999999,524,779.6,731.8,772.8000000000001,1070.5,1086.2,1093.7
Misin06G116000.1.v7.1,7,90.9,304.2,0.8223277909738717,0.00295031317597028,0.0244944844522562,210.5,173.1,693.6,747.1,637.1999999999999,545,540.6,460.59999999999997,1249.7,1580.7,1288,918.1,855.1999999999999,961.1999999999999
Misin06G116800.1.v7.1,6,93.6,365,1.2395939086294416,0.983492175633452,1,98.5,122.1,710.6,454.5,580.1,787.4,933.1999999999999,649.5,1280.3,961.6,1172.6000000000001,1326.5,1476.2,1355.6
Misin06G118200.1.v7.1,15,100,725.0999999999999,0.9663402692778456,0.429922093733216,0.867337498961984,163.4,157.89999999999998,786.2,613.9,663.8,759.4000000000001,853.1999999999999,619.8000000000001,1416.5,1298.7999999999997,1341.8000000000002,1279.3000000000002,1349.7,1293.6
Misin06G118500.1.v7.1,1,80,39.7,0.7990825688073394,0.541613267083154,1,109,87.1,54.8,55.7,58.6,62,54.5,45.1,98.7,117.8,118.5,104.4,86.2,94.1
Misin06G119200.1.v7.1,3,100,104.69999999999999,0.6003215434083601,2.4985503596508e-4,0.0043630363642958,311,186.7,213.39999999999998,174.7,193.89999999999998,130,147.3,109.6,384.5,369.6,392,219.10000000000002,233.1,228.8
Misin06G123700.1.v7.1,12,100,493.8,0.8430101465614432,0.946950376201034,1,354.79999999999995,299.1,3565.6,2601.6,3200.8,3200.4,3564.9,2586.4,6424.200000000001,5504.3,6470,5391.6,5639.3,5397.9000000000005
Misin06G129600.1.v7.1,2,100,75.9,0.5335951134380454,0.194016481418364,0.489935616189764,229.2,122.3,145.9,176.3,140.8,100.7,89.2,72.8,262.9,373,284.6,169.6,141.1,151.9
Misin06G130100.1.v7.1,1,100,39.7,1.8228663446054751,0.00752040700711498,0.0477380616302511,62.1,113.2,139,82.8,101.1,217.7,239.5,178.5,250.4,175.2,204.4,366.8,378.9,372.5
Misin06G130200.1.v7.1,2,100,86.2,1.0643939393939394,0.646220020286161,1,105.6,112.4,74.1,50.6,71,77.7,89.9,83.7,133.5,107.1,143.5,130.9,142.2,174.7
Misin06G133100.1.v7.1,6,97.5,265.3,0.7909147479775981,0.396773472891139,0.819327081333551,160.7,127.10000000000001,698.1999999999999,735.7,608.8,760.9,660.9,478.6,1258,1556.5,1230.6000000000001,1281.8000000000002,1045.5,998.8000000000001
Misin06G135600.1.v7.1,2,97.1,135.6,0.9923809523809524,0.999995982164003,1,105,104.2,76.6,59.1,64.1,89.9,81.3,56.7,138,125,129.6,151.5,128.6,118.3
Misin06G147400.1.v7.1,3,100,109.8,1.2081984897518878,0.273069081775048,0.626931975161319,92.7,112,324.9,171.5,239.6,347.4,363.1,294.8,585.4,362.8,484.3,585.3,574.4,615.3
Misin06G149000.1.v7.1,9,100,369.7,1.0255712731229596,0.219745973288957,0.537878929894802,367.6,377,743.3,578.1999999999999,682.5,854.0999999999999,853.3,704.1,1339.3,1223.3000000000002,1379.6,1438.8999999999999,1349.8999999999999,1469.3999999999999
Misin06G149400.1.v7.1,10,100,365.2,0.919783464566929,0.386846140730098,0.8045427633228,406.4,373.79999999999995,759.9000000000001,538.4000000000001,679.7,659.8,754.1999999999999,570.8,1369.1000000000001,1139.2,1373.8999999999999,1111.5,1193,1191.3000000000002
Misin06G151400.1.v7.1,4,98.675,160.60000000000002,0.9735494880546074,0.998255722314874,1,117.2,114.1,305.2,253.29999999999998,247.29999999999998,330.5,317.90000000000003,252.10000000000002,549.9,535.9,499.9,556.8,502.90000000000003,526.1
Misin06G156300.1.v7.1,6,100,261,0.8914327917282125,0.501686067479814,0.964603460873506,135.4,120.69999999999999,1396.5,1261.9,1101.3999999999999,1267.6,1344.8999999999999,1077.4,2516.1,2669.7999999999997,2226.4,2135.5,2127.5,2248.6
Misin06G157300.1.v7.1,11,100,441.6,0.6202213279678068,0.0235680199396774,0.109081033647019,198.8,123.3,399.8,617,427.9,332.7,309.1,257,720.3,1305.4,864.9,560.5,489,536.4
Misin06G164100.1.v7.1,1,100,53.1,0.7255154639175257,0.16012852306652,0.431669698689614,77.6,56.3,138.6,84.8,88.5,77.3,77,62.5,249.7,179.4,178.9,130.2,121.8,130.4
Misin06G168300.1.v7.1,23,100,1101.1999999999998,1.2829989440337908,0.18403661354145,0.473010213540435,94.7,121.5,933.3,640.3,780.3,1170.8,1294.4,969.1,1681.5,1354.7,1577.3,1972.4,2047.6,2022.6
Misin06G174500.1.v7.1,2,100,72.4,0.775635407537248,0.0699310612496967,0.232739008091004,114.1,88.5,257.6,203.8,269.4,220.6,227.4,162.9,464.1,431.2,544.6,371.6,359.7,340
Misin06G178900.1.v7.1,1,100,40.4,0.5399346099953293,0.0225323205119086,0.10572521531128,214.1,115.6,236.1,284,208.8,136.4,140,114.2,425.4,600.9,422.1,229.8,221.5,238.3
Misin06G185100.1.v7.1,1,100,64.7,0.9224299065420561,0.999994491279014,1,107,98.7,85.5,85.2,68.9,84.4,86.9,85.7,154,180.3,139.3,142.2,137.5,178.9
Misin06G189600.1.v7.1,1,95.2,45.1,1.0543702684101857,0.989903365119533,1,145.3,153.2,245,297.5,222.9,270.4,303,227.7,441.4,629.4,450.6,455.5,479.3,475.2
Misin06G190800.1.v7.1,1,100,37.4,0.6722756410256411,0.0701237309197797,0.233249965141483,124.8,83.9,214.1,217.6,202.1,170,163,131.6,385.7,460.4,408.5,286.4,257.9,274.7
Misin06G192600.1.v7.1,3,100,134,1.0073732718894008,0.996243676620928,1,108.5,109.3,555.3,471,427.3,559.4,634.7,501.7,1000.5,996.5,863.7,942.4,1004,1047.1
Misin06G198500.1.v7.1,5,100,189.10000000000002,0.8876146788990827,0.0688584461111481,0.230326960637851,174.39999999999998,154.8,224.7,204.7,195.79999999999998,311.6,322.4,241,404.8,433.09999999999997,395.70000000000005,524.9,510,503
Misin06G198700.1.v7.1,6,100,206.70000000000002,1.2163781624500667,0.512803465229181,0.978324267424585,150.2,182.70000000000002,562.3,466.00000000000006,447.90000000000003,778.3,756.1999999999999,619.6,1013.1,985.9,905.4000000000001,1311.1999999999998,1196.3,1293.2
Misin06G200500.1.v7.1,2,100,85.1,0.6514522821576764,0.196452799790386,0.494576355703805,144.6,94.2,23.1,14,21.2,16.1,19.7,9.5,41.6,29.6,42.9,27.1,31.2,19.8
Misin06G203100.1.v7.1,2,100,72.8,1.1625570776255707,0.890654191552631,1,109.5,127.3,106.1,74.7,81.6,110.7,121.2,102.3,191.2,158,164.9,186.5,191.7,213.5
Misin06G204700.1.v7.1,10,100,387.4,1.5805038335158819,9.227515418243e-4,0.0104686843174318,91.3,144.3,1440.8,1229.3,1280.7,2434.8,2682.3,1958.8,2595.9,2600.9,2588.8,4101.8,4243.1,4088.1
Misin06G223400.1.v7.1,5,100,183.3,1.2487906012439531,0.398349529756539,0.819823898907546,144.7,180.7,265.4,181.2,188.4,317.79999999999995,314.1,239.8,478.2,383.4,380.79999999999995,535.4,496.8,500.5
Misin06G223700.1.v7.1,4,100,183.2,0.966900702106319,0.998767215923923,1,99.7,96.4,324.4,210.9,307.6,332.4,357.3,274.4,584.5,446.2,621.8,560,565.2,572.7
Misin06G227800.1.v7.1,2,100,105.6,0.8492201039861351,0.168084864225254,0.44226413772747,115.4,98,142.2,110.1,153.7,138.6,136.9,104.2,256.2,232.9,310.7,233.5,216.6,217.5
Misin06G228100.1.v7.1,3,88,136.7,0.9786036036036037,0.99267345742079,1,88.8,86.9,120.8,100.2,108.5,168.70000000000002,176.20000000000002,114.3,217.6,212,219.29999999999998,284.2,278.8,238.5
Misin06G239000.1.v7.1,1,100,45.4,1.6910994764397909,0.631988938438985,1,57.3,96.9,133.2,78.4,67.2,169.4,161.4,134.3,240,165.9,135.8,285.4,255.3,280.3
Misin06G246500.1.v7.1,3,100,127.1,0.5329305135951662,1.1397798701273e-4,0.0024630818662154,165.5,88.2,178.3,147.5,188.8,103.4,108.2,72.4,321.2,312.1,381.6,174.2,171.2,151.1
Misin06G246600.1.v7.1,3,100,126,0.5798780487804878,8.4404414894967e-4,0.0100342325857179,164,95.1,472.5,423.4,482.1,308.4,342.7,233.8,851.3,895.8,974.5,519.6,542.1,488
Misin06G249900.1.v7.1,1,100,35.8,0.7975567190226877,0.988411178439165,1,114.6,91.4,65.8,58.6,49.3,76.7,57.3,45.3,118.6,124,99.7,129.2,90.6,94.5
Misin06G251700.1.v7.1,1,95,38.9,1.1486676016830295,0.783949903843827,1,71.3,81.9,184.9,173.2,135,231.2,220.7,183.4,333.1,366.4,272.9,389.5,349.1,382.8
Misin06G252800.1.v7.1,8,98.925,368.3,1.1146025878003696,0.999528343324764,1,54.1,60.3,148.7,98.7,98,165.3,145.5,94.10000000000001,267.9,208.8,198.1,278.5,230.1,196.4
Misin06G254700.1.v7.1,1,95.5,47,0.5724381625441696,0.403818266397039,0.827351916609921,84.9,48.6,56.7,34.9,44.1,30.3,30.4,28.4,102.2,73.8,89.1,51,48.1,59.3
Misin06G258200.1.v7.1,2,100,71.6,1.1759906759906762,0.130913325342114,0.375498254680241,171.6,201.8,298.4,234.1,306.2,342.1,323,261,537.6,495.29999999999995,619,576.3,510.9,544.7
Misin06G258700.1.v7.1,1,100,45.8,0.30725190839694655,0.125094027827761,0.363848840427395,314.4,96.6,342.5,512.3,361.7,133.3,189,103.9,617.1,1083.9,731.1,224.6,299,216.8
Misin06G259400.1.v7.1,1,100,35.4,0.8227848101265823,0.912077335666136,1,110.6,91,74.3,46.7,71.1,70.3,68.4,52.8,133.9,98.8,143.7,118.4,108.2,110.2
Misin06G259600.1.v7.1,1,100,36.2,0.9569892473118279,0.980060797161108,1,167.4,160.2,266.1,232.2,264.2,258.1,297.3,253.4,479.4,491.3,534,434.8,470.3,528.9
Misin06G263500.1.v7.1,1,100,34.3,0.7280568239472349,0.985661167469685,1,197.1,143.5,96.5,59.6,91.5,67.9,80,87.3,173.9,126.1,185,114.4,126.6,182.2
Misin06G264000.1.v7.1,5,100,198.3,0.8371313672922253,0.415253392421773,0.845511238446605,149.2,124.9,216.8,186.5,224.4,187.5,221.2,158.3,390.6,394.6,453.6,315.9,349.9,330.4
Misin06G271000.1.v7.1,2,97.9,109,0.8682977615825092,0.78009486892076,1,192.1,166.8,44.7,45,36.400000000000006,49.099999999999994,41.599999999999994,29.700000000000003,80.6,95.2,73.5,82.69999999999999,65.80000000000001,62
Misin06G274700.1.v7.1,4,100,203.2,1.0718414533443437,0.967444414264026,1,121.1,129.8,260.4,288.2,209.20000000000002,299.4,295.7,208.2,469.2,609.7,422.8,504.4,467.8,434.6
Misin06G274900.1.v7.1,1,100,42.7,0.9047619047619049,0.803148554381372,1,117.6,106.4,14.9,12.9,16.6,10.4,15.6,15,26.8,27.3,33.6,17.5,24.7,31.3
Misin06G277500.1.v7.1,1,100,33.1,1.1621863799283154,0.955168097998755,1,111.6,129.7,61.1,69.5,58,80.9,78,70.2,110.1,147,117.2,136.3,123.4,146.5
Misin06G280000.1.v7.1,1,97.3,75.9,2.664783427495292,0.0209656159030053,0.0998873517217737,53.1,141.5,7.6,5.1,6.5,20.8,38.6,11.1,13.7,10.8,13.1,35,61.1,23.2
Misin06G284600.1.v7.1,2,96.45,73.9,0.8622950819672132,0.753219395759561,1,122,105.2,469.5,403.7,419.3,433.7,477.2,336.4,845.9,854.1,847.6,730.6,754.9,702.1
Misin06G287300.1.v7.1,2,100,85.9,1.1278688524590164,0.949222178341034,1,61,68.8,20.8,16.1,23.6,25.1,25.7,26.6,37.5,34.1,47.7,42.3,40.7,55.5
Misin06G289700.1.v7.1,1,83.3,34.7,1.90929203539823,5.64951303172467e-5,0.00160502732567568,45.2,86.3,107.5,79.6,90.1,204.4,221.6,166.4,193.7,168.4,182.1,344.3,350.6,347.3
Misin06G290300.1.v7.1,3,100,121.7,0.5449050086355786,4.7703641743823e-4,0.00690804377038749,115.8,63.1,100.4,66.1,74.8,53.2,52.1,38.7,180.9,139.8,151.2,89.6,82.4,80.8
Misin06G294200.1.v7.1,1,100,36.6,0.6997055937193326,0.999999922357957,1,101.9,71.3,12.8,18.2,4,16.2,10.2,7.4,23.1,38.5,8.1,27.3,16.1,15.4
Misin06G295200.1.v7.1,3,100,107.4,0.5482708933717578,0.0440762785811531,0.168218220339792,277.6,152.2,43.3,29.7,50,25.4,27.8,18.3,78,62.8,101.1,42.8,44,38.2
Misin06G296000.1.v7.1,3,100,136,1.2654232424677188,0.747123689248952,1,69.7,88.2,99.4,68.1,68.8,110.5,112,87.4,179.1,144.1,139.1,186.2,177.2,182.4
Misin06G300800.1.v7.1,3,100,157.9,0.6491885143570537,0.169863916035767,0.446245338148548,160.2,104,581.4,547.1,583.4,391.8,505.9,360.2,1047.5,1157.5,1179.3,660.1,800.3,751.8
Misin06G305000.1.v7.1,4,100,156.20000000000002,1.1386986301369864,0.472807732956668,0.928300798034208,116.8,133,373.2,302.3,325,443.2,472.6,413.9,672.4,639.6,656.9,746.6,747.6,863.8
Misin06G309900.1.v7.1,1,100,37.7,1.1715328467153283,0.980534003065656,1,82.2,96.3,25.6,19.5,22.3,35.6,23.8,25.3,46.1,41.3,45.1,60,37.6,52.8
Misin06G316100.1.v7.1,3,100,107.10000000000001,0.7752808988764045,0.273625274039321,0.627731668142566,249.2,193.2,191.1,117.1,165.29999999999998,155.6,155.6,115.3,344.29999999999995,247.8,334.09999999999997,262.09999999999997,246.2,240.7
Misin06G317300.1.v7.1,36,100,1274.4,0.8854920158318548,0.78714833376934,1,732.7,648.8000000000001,5214.2,3228.3999999999996,4574.700000000001,5004.4000000000005,3588.8,3252.1,9394.599999999999,6830.5999999999995,9247.2,8430.6,5677.200000000001,6787.200000000001
Misin06G321500.1.v7.1,1,89.5,37.4,1.0910569105691057,0.988494857997191,1,61.5,67.1,48.1,33.6,39,51.1,58.6,35.1,86.7,71.1,78.8,86.1,92.7,73.3
Misin06G322600.1.v7.1,1,100,35.4,0.7153179190751445,0.0980628124959928,0.300904376757786,138.4,99,43,34.7,42.5,32.9,38.4,26.4,77.5,73.4,85.9,55.4,60.7,55.1
Misin06G323800.1.v7.1,1,100,59.7,0.6407538280329799,0.037229397928872,0.149395113840085,84.9,54.4,65,71.2,61.4,47.1,50.3,47.7,117.1,150.6,124.1,79.3,79.6,99.6
Misin06G324000.1.v7.1,2,100,86.6,0.8227848101265822,0.811592830131414,1,86.9,71.5,39.6,32.2,30.7,33.3,28.9,30.4,71.3,68.1,62.1,56.1,45.7,63.4
Misin06G326100.1.v7.1,2,90.3,104.3,0.9656862745098039,0.999974526094451,1,40.8,39.4,165.3,121.2,121.1,171.4,156.5,114.3,297.8,256.4,244.8,288.8,247.6,238.5
Misin06G341800.1.v7.1,8,100,305.6,0.737046004842615,0.301131577467314,0.67302131087772,206.5,152.2,1135.1,726.6999999999999,843,724.6,681,511.2,2045.1,1537.5,1704,1220.7,1077.3,1066.8999999999999
Misin06G343000.1.v7.1,1,100,41.2,1.518479408658923,3.745164757748e-4,0.00573151741344722,94.7,143.8,90.1,75,76.9,143,129.5,125.3,162.3,158.7,155.4,240.9,204.9,261.5
Misin06G346700.1.v7.1,2,95.25,90.1,0.924561403508772,0.999999973904921,1,114,105.4,145.6,163.7,89.9,164.2,153.3,115,262.3,346.3,181.7,276.6,242.5,240
Misin06G356700.1.v7.1,2,100,68.6,1.1962883654532477,0.542852204929986,1,140.1,167.6,106.6,76.3,85.8,135,137.2,103.80000000000001,192.1,161.5,173.4,227.39999999999998,217.1,216.6
Misin06G364300.1.v7.1,2,100,76.6,0.7329700272479565,0.189775701688477,0.482763460559929,183.5,134.5,196.4,223.4,148.5,163.3,163.9,116.7,353.9,472.7,300.2,275.1,259.3,243.6
Misin06G366000.1.v7.1,3,100,118.9,0.7378232110643416,0.130324201734897,0.375079409871168,166.3,122.7,488.7,400,408.1,353.8,394.7,337.8,880.5,846.3,824.9,596,624.4,705
Misin06G372600.1.v7.1,10,100,469.6,0.983402489626556,0.00333364987755735,0.026328985580337,120.5,118.5,217.29999999999998,162.3,185.2,308.3,355.5,279.5,391.5,343.40000000000003,374.3,519.4,562.4,583.3000000000001
Misin06G373500.1.v7.1,3,97.85,152.5,1.2055813953488372,0.00228651233592236,0.0202006330759991,107.5,129.6,223.1,191.5,175.1,287.8,298.4,241.2,402,405.2,353.9,484.8,472,503.4
Misin06G374000.1.v7.1,2,100,115.6,0.5478131949592291,0.00125793300179,0.013249708807188,134.9,73.9,55,42.6,56.9,35.9,34.3,24.4,99.1,90.1,115,60.5,54.3,50.9
Misin06G374700.1.v7.1,1,100,33.5,0.7040000000000001,0.0205888609191959,0.0985453993714765,87.5,61.6,140.2,121.9,133.6,107.7,120.8,82,252.6,257.9,270.1,181.4,191.1,171.1
Misin06G376000.1.v7.1,3,95.8,152.39999999999998,1.3616636528028934,0.21549164421721,0.5295318383053,110.6,150.6,136.8,105.7,124.3,243.4,212.1,157.1,246.5,223.6,251.3,410,335.5,327.9
Misin06G378900.1.v7.1,2,97.2,76.6,0.8705882352941177,0.774524631599878,1,127.5,111,546.3,502.6,506.5,526.4,616.1,427,984.3,1063.4,1023.8,886.8,974.6,891.2
Misin06G383600.1.v7.1,1,100,35.4,0.4192982456140351,5.2975524512088e-4,0.00730743404091522,171,71.7,27.9,21.9,28.6,13.2,10.5,10.1,50.3,46.3,57.8,22.2,16.6,21.1
Misin06G384600.1.v7.1,4,100,160.6,0.6775919732441471,0.021588774295996,0.1023041797454,149.5,101.3,977.9,1006.4,865.8,648.2,754.4,583.7,1761.9,2129.3,1750.1,1092,1193.4,1218.2
Misin06G391800.1.v7.1,1,92.9,34.3,1.0853658536585367,0.950326725484299,1,32.8,35.6,16.4,14.2,16.6,23.6,18.9,15.6,29.5,30,33.6,39.8,29.9,32.6
Misin06G393200.1.v7.1,2,96.2,114,1.1933784800601956,0.0591361963248515,0.205746661158832,132.9,158.6,128.5,102.60000000000001,96.89999999999999,150.70000000000002,175.1,155.1,231.6,217.10000000000002,195.9,253.9,277,323.7
Misin06G399500.1.v7.1,4,100,184.4,0.9910394265232975,0.999786812976819,1,111.6,110.6,267.2,229.4,246.5,271,304.2,243.3,481.4,485.3,498.3,456.5,481.2,507.8
Misin06G403100.1.v7.1,1,100,43.5,1.0508607198748046,0.999975189900933,1,127.8,134.3,532,532,477.7,602.7,619.2,518.5,958.5,1125.6,965.6,1015.3,979.5,1082.1
Misin06G404800.1.v7.1,1,100,42,1.7281553398058254,0.254621345032562,0.597534151835792,72.1,124.6,105.7,55.1,56,97.6,137.9,96.5,190.4,116.6,113.2,164.4,218.1,201.4
Misin06G406000.1.v7.1,1,100,55.5,0.8097560975609756,0.999991752946496,1,123,99.6,36.7,19.1,32,28.3,40.5,25.1,66.1,40.4,64.7,47.7,64.1,52.4
Misin06G406100.1.v7.1,2,96.9,76.2,1.2296195652173914,0.212464473993293,0.524092228304267,73.6,90.5,54.4,34.2,47,70.2,65.2,56,98,72.4,95,118.3,103.1,116.9
Misin06G413800.1.v7.1,7,100,288.4,0.6898203592814371,0.00119691782020892,0.0127081216759465,167,115.2,1992.4,1650,1954,1469.6,1583.8,1070.4,3589.8,3491,3949.8,2475.8,2505.4,2234
Misin06G415300.1.v7.1,2,94.45,76.3,1.0524967989756724,0.914631981402407,1,78.1,82.2,76.2,49.3,65.7,82.9,105.3,55.2,137.3,104.3,132.8,139.7,166.6,115.2
Misin07G000300.1.v7.1,7,100,284.6,0.5320813771517997,2.8877488271461e-4,0.00479754381484678,383.4,204,817.3000000000001,878.5,753.4,696.9000000000001,648.8000000000001,509.7,1472.6000000000001,1858.6000000000001,1522.9,1174.1000000000001,1026.3,1063.8
Misin07G006100.1.v7.1,1,100,35,0.7652370203160271,0.994741223653062,1,221.5,169.5,109.3,55.6,102.3,102.5,83.1,72.2,196.9,117.6,206.8,172.7,131.5,150.7
Misin07G007900.1.v7.1,9,97.6,388.5,1.092214663643235,0.706319436862231,1,132.3,144.5,4043.5,3811.4,3430.5,4816.4,5067.299999999999,3914.4,7285.3,8063.8,6934.3,8114,8016,8169.5
Misin07G008200.1.v7.1,4,100,152.39999999999998,0.47096774193548385,0.00243154649651922,0.0210692425037708,170.5,80.3,352.7,266.3,369.9,178.1,189.2,136.5,635.5,563.4,747.7,300,299.3,284.9
Misin07G008800.1.v7.1,1,100,33.5,0.9131086142322098,0.999949036331665,1,133.5,121.9,17.2,18.8,10.2,15.1,17.9,15,31,39.8,20.6,25.4,28.3,31.3
Misin07G009000.1.v7.1,2,100,75.1,0.8109710896960711,0.875687876705141,1,134.9,109.4,79,55.3,77.8,68.1,73,60.4,142.3,117,157.3,114.7,115.5,126.1
Misin07G010100.1.v7.1,2,94.4,74.8,0.8072634597005417,7.35811561591859e-6,6.4326277822894e-4,313.9,253.4,204.8,132,172.3,313.20000000000005,411.9,335.1,369,279.3,348.2,527.6,651.5999999999999,699.4000000000001
Misin07G012200.1.v7.1,9,100,375.80000000000007,1.8793774319066148,0.0272740076557074,0.11965824525703,51.4,96.6,2183.2,1405.6,1646.2,3715.6,4518,2787.2,3933.5,2973.9,3327.6,6259.5,7147.1,5817
Misin07G012300.1.v7.1,32,100,1294.1999999999998,0.8119337706966572,0.293925028773977,0.659077797352448,320.1,259.9,6356.4000000000005,5677.200000000001,5517.0999999999995,6089.9000000000005,6451.9,4867.7,11452.5,12011.4,11152.099999999999,10259.5,10206.3,10159.1
Misin07G019500.1.v7.1,4,100,136.3,1.3055999999999999,0.161613920604738,0.432947168430731,62.5,81.6,176.3,138.6,117.1,226.4,245.7,183.6,317.6,293.2,236.7,381.4,388.7,383.2
Misin07G019700.1.v7.1,3,94.75,125.9,1.380794701986755,0.0354183666705835,0.144783431308528,90.6,125.1,449.6,312.6,286.4,542.3,555.2,441.7,810.1,661.4,578.9,913.6,878.3,921.8
Misin07G021100.1.v7.1,13,100,491.79999999999995,1.1890067502410802,0.0141817393833681,0.0746051511679456,311.1,369.90000000000003,5092.4,4482.5,4518,6262.5999999999995,6969.6,5922.3,9175.1,9483.7,9132.6,10550.400000000001,11025.3,12360.199999999999
Misin07G023200.1.v7.1,22,100,825,1.307622504537205,0.106057416678225,0.319472334631894,110.2,144.1,615,420.1,550.1,897.5,937.4,716.4,1108,888.8,1111.9,1512,1482.8000000000002,1495.1000000000001
Misin07G024600.1.v7.1,1,87.1,64.7,1.7095435684647302,0.321954601897741,0.707617325111532,24.1,41.2,11.9,12.7,12.2,25,19.7,20.3,21.4,26.9,24.7,42.1,31.2,42.4
Misin07G025200.1.v7.1,2,100,70.1,0.8571428571428572,0.423507023219115,0.858029188733601,121.8,104.4,38.4,22.5,24.5,25.2,28.5,19,69.2,47.6,49.5,42.5,45.1,39.7
Misin07G026600.1.v7.1,2,100,78.19999999999999,0.7108108108108109,0.0507266806364081,0.184570471630197,148,105.2,183.3,192.7,166.3,132.1,151.1,143,330.3,407.7,336.2,222.5,239,298.4
Misin07G028500.1.v7.1,5,100,200.79999999999998,0.8303671998197791,0.084131514488358,0.268922995754928,443.90000000000003,368.59999999999997,2300.4,2342.2999999999997,2078.1,2011.5,2150.7,1616.3000000000002,4144.7,4955.6,4200.6,3388.7999999999997,3402.2000000000003,3373.3
Misin07G033300.1.v7.1,3,100,125.2,1.053,0.947699523208617,1,100,105.3,334.9,196.4,248.9,331.7,325.6,253.8,603.4,415.5,503.1,558.8,515.1,529.7
Misin07G034500.1.v7.1,1,100,38.5,0.9661590524534687,0.999965902363459,1,59.1,57.1,48.4,42.9,51.5,66.8,55.4,34.6,87.2,90.8,104.1,112.5,87.6,72.2
Misin07G035600.1.v7.1,2,100,87,0.948203842940685,0.999258434081358,1,119.7,113.5,366.9,251.3,361.9,365.7,396.3,347.3,661.1,531.7,731.5,616.1,626.9,724.8
Misin07G035700.1.v7.1,4,100,209.50000000000003,0.609009009009009,0.0082807820498465,0.0501475408892635,111,67.6,337.1,289.8,252.7,247.3,230.9,177.3,607.4,613.1,510.8,416.6,365.3,370
Misin07G035900.1.v7.1,1,93.3,33.5,1.3573487031700286,0.651242513497633,1,69.4,94.2,127.7,105.6,102.1,179.9,183.1,159.5,230.1,223.4,206.4,303.1,289.6,332.9
Misin07G038200.1.v7.1,30,100,1474.6000000000001,0.8559738134206218,0.0377970034810984,0.150783158991709,122.2,104.6,1942.2,1475.6,1813.3,1778.3,1937.2,1310.3,3499.3,3122,3665.4,2995.8,3064.5,2734.7
Misin07G038400.1.v7.1,4,100,154.8,1.499267935578331,0.0867806992403254,0.275360056854685,68.3,102.4,271.1,150.6,172.2,331,330.1,231.6,488.4,318.6,348.1,557.6,522.2,483.4
Misin07G039700.1.v7.1,1,100,55.5,1.1611665387567152,0.601209422110636,1,130.3,151.3,125.1,99.8,115.7,155.3,168.7,120.6,225.4,211.1,233.9,261.6,266.9,251.7
Misin07G040200.1.v7.1,5,100,179.5,0.8910081743869209,0.24632955137661,0.584928390776338,110.1,98.1,493.7,469.4,448.8,492.1,510.4,387.2,889.5,993.1,907.2,829,807.4,808.1
Misin07G046200.1.v7.1,13,100,542,0.9285714285714287,0.898294657281007,1,183.39999999999998,170.3,1613.9,1195.3,1624.7,1497.5,1684.8999999999999,1372.5,2907.8,2529,3284.1,2522.8,2665.2999999999997,2864.5
Misin07G051700.1.v7.1,2,100,90.5,1.0409982174688057,0.999140096422891,1,112.2,116.8,31,20.3,25.3,33.1,31.6,25.5,55.9,42.9,51.1,55.8,50,53.2
Misin07G052600.1.v7.1,2,100,81.3,1.1726555652936022,0.571594011333091,1,114.1,133.8,430.4,235.1,346.7,504.4,519.3,336.3,775.5,497.4,700.8,849.7,821.5,701.9
Misin07G053700.1.v7.1,2,100,79.4,0.8892438764643237,0.996199032255155,1,93.9,83.5,283.8,266.2,199.8,298.6,264.6,217.9,511.3,563.2,403.9,503,418.6,454.8
Misin07G054300.1.v7.1,23,100,945.9000000000001,1.456031976744186,2.7465741150833e-4,0.00467623861479483,275.2,400.7,10762.099999999999,9229.2,8739.400000000001,17649.000000000004,18288.3,13379.899999999998,19390.3,19526.5,17665.7,29732.699999999997,28930.4,27924.5
Misin07G054400.1.v7.1,2,100,67.8,1.3969795037756203,0.165393866695993,0.436726288530596,92.7,129.5,404.5,304.7,317.7,519.2,569.4,474.5,728.8,644.7,642.2,874.7,900.7,990.3
Misin07G054900.1.v7.1,13,100,600.5,0.5759144237405106,7.4813711527443e-4,0.00916138094498115,289.8,166.89999999999998,1193.1000000000001,1002.6999999999999,1174.8000000000002,1039.3,1151.6000000000001,991.3,2149.6,2121.4,2374.7000000000003,1750.8999999999999,1821.8,2068.8
Misin07G056700.1.v7.1,22,100,955.5999999999999,1.5075885328836427,0.0752408762552327,0.247578098972714,118.6,178.8,891.2,773.3000000000001,712.0999999999999,1260.6000000000001,1272.8,956.4,1605.6999999999998,1636.1,1439.4,2123.7000000000003,2013.4,1996.1000000000001
Misin07G057800.1.v7.1,55,100,2395.4000000000005,0.8597240473061761,0.00301490799388637,0.02481133735476,304.4,261.7,6493.7,6847.4000000000005,6017.1,5408.1,5808.700000000001,4459.4,11699.9,14487.2,12162.8,9110.9,9188.800000000001,9307
Misin07G060400.1.v7.1,1,100,45.1,0.45988934993084374,0.19794460960959,0.497543785158093,144.6,66.5,525.4,296.5,378.5,194,248.2,168.7,946.6,627.3,765.1,326.8,392.6,352.1
Misin07G061700.1.v7.1,1,100,50.1,0.909410729991205,0.999999293523197,1,113.7,103.4,71.7,60.2,52.4,75.7,72.8,55.5,129.2,127.4,105.9,127.5,115.2,115.8
Misin07G062600.1.v7.1,1,100,34.7,1.2528379772961815,0.740193876656098,1,96.9,121.4,244.3,203.3,269.9,327.3,353.6,236.4,440.2,430.1,545.6,551.4,559.4,493.4
Misin07G063900.1.v7.1,2,93.9,76.6,1.5644067796610168,0.00388799286582742,0.0294085483264975,59,92.3,92.4,72.9,86.8,162.8,143.6,124.8,166.5,154.2,175.5,274.3,227.2,260.5
Misin07G064300.1.v7.1,6,100,241.7,1.5988620199146517,0.0584432454794152,0.204080456965623,70.3,112.4,540.4,382.2,461.2,904.6,941.6,714.8,973.7,808.6,932.3,1523.9,1489.5,1491.8
Misin07G064700.1.v7.1,5,100,191.7,0.969377990430622,0.879211220143305,1,104.5,101.3,638.9,532.4,577.2,662.7,646.7,563.3,1151.1,1126.4,1166.7,1116.4,1023,1175.6
Misin07G067900.1.v7.1,13,100,639,1.1082217973231359,0.546640233959479,1,261.5,289.8,631.6,520.3,475.90000000000003,723.2,721.2,642.9,1137.8999999999999,1100.8,961.9,1218.3,1140.9,1341.8
Misin07G068600.1.v7.1,2,100,77.8,1.1395908543922986,0.524716218387687,0.990742694984862,83.1,94.7,183.2,154,132.5,227,208.8,177.9,330.1,325.8,267.8,382.4,330.3,371.3
Misin07G068900.1.v7.1,4,95.5,181.6,1.0738993710691824,0.999837776091789,1,63.6,68.3,312,196.9,209.4,272.5,287.6,189.3,562.1,416.6,423.3,459.1,455,395.1
Misin07G074000.1.v7.1,6,100,282.7,1.2912820512820513,0.0298980505017108,0.127669281934572,97.5,125.9,1737.8,1688.4,1526.7,2327.6,2555.9,2198,3131,3572.2,3086,3921.2,4043.2,4587.3
Misin07G077700.1.v7.1,4,100,167.2,0.6467767714437933,0.0251595605526387,0.1138605060438,187.7,121.4,668.9,532.6,597.7,441.8,538.5,373.5,1205.2,1126.8,1208.2,744.3,851.9,779.5
Misin07G078700.1.v7.1,5,100,209,0.9690721649484535,0.999999999876241,1,116.4,112.8,718,644.2,669.1,778.1,769.9,717.2,1293.6,1363,1352.5,1310.8,1217.9,1496.8
Misin07G080400.1.v7.1,1,100,43.5,0.5737560546014973,0.134991591537411,0.381465272778391,227.1,130.3,98.2,81.4,87,74.2,63.8,45.8,176.9,172.2,175.9,125,100.9,95.6
Misin07G080700.1.v7.1,8,97,435.2,0.809910641754671,0.00850660058440889,0.0511823522602409,246.2,199.39999999999998,428.3,408.20000000000005,387.09999999999997,436.3,429.59999999999997,309.09999999999997,771.6,863.6,782.4000000000001,735,679.5,645.1
Misin07G081800.1.v7.1,3,94.4,120.6,0.8339483394833949,0.293067648932041,0.658207903509293,135.5,113,1128.2,806.3,1112.3,1002.1,1103.9,812.1,2032.7,1705.9,2248.4,1688.2,1746.3,1694.9
Misin07G082500.1.v7.1,1,100,36.6,1.6149425287356325,0.0413352665641332,0.160938813103999,17.4,28.1,75.3,60.5,64.6,125,137.7,95.1,135.7,128,130.6,210.6,217.8,198.5
Misin07G084900.1.v7.1,2,100,74.8,0.14707490431930015,3.12461168919809e-5,0.00106549705613341,365.8,53.8,40.1,53.1,43.6,7.7,6.9,7.3,72.2,112.3,88.1,13,10.9,15.2
Misin07G085700.1.v7.1,8,100,307,0.946029298380879,0.999985915121059,1,129.7,122.7,1407.3,947.7,1349.5,1447.5,1515.8,1092.9,2535.6,2005.1,2727.8,2438.6,2397.9,2280.9
Misin07G090600.1.v7.1,3,100,118.6,0.6186131386861314,0.0284954634434833,0.123539080872839,164.4,101.7,778.7,594,783.3,515,564.7,384.3,1403,1256.7,1583.3,867.6,893.3,802.1
Misin07G090700.1.v7.1,1,100,34.7,0.3797086891009543,8.87068986999973e-5,0.0021357753913264,199.1,75.6,70.8,60.2,74.2,30.5,24.2,23.2,127.6,127.4,150,51.4,38.3,48.4
Misin07G093000.1.v7.1,4,100,186.4,0.9027317880794701,0.371030094852288,0.781275672921064,241.60000000000002,218.1,63.5,54.5,65.5,58.2,65.7,56.7,114.39999999999999,115.3,132.39999999999998,98.1,104,118.30000000000001
Misin07G093300.1.v7.1,7,98.925,314.2,1.3520772135963073,0.00852646887820219,0.0511823522602409,238.3,322.20000000000005,2412.9,1919.8999999999999,1712.8,3251.3999999999996,3232.1000000000004,2413.6000000000004,4347.4000000000005,4062,3462.2000000000003,5477.5,5112.9,5037.3
Misin07G094000.1.v7.1,12,100,576.8,1.020902090209021,0.935730478534133,1,181.8,185.60000000000002,1949.6,1883.3000000000002,1592.2,2208.3,2269.6,1766.8999999999999,3512.6,3984.6,3218.4,3720.2999999999997,3590.3,3687.6
Misin07G094500.1.v7.1,20,94.7,787.6999999999999,1.150181938471717,0.0225231147007983,0.10572521531128,302.3,347.70000000000005,3827,2766.1000000000004,3366.2,4512.3,4782.9,3538.8,6895.3,5852.4,6804.4,7601.700000000001,7566.1,7385.5999999999995
Misin07G094900.1.v7.1,19,100,736.4999999999999,0.6779261586802828,4.8240619815487e-4,0.00692106032251306,127.3,86.3,4430.8,4856.2,4141.2,3345.7,3588.4,2750.4,7983.1,10274.4,8370.9,5636.4,5676.5,5740.2
Misin07G095500.1.v7.1,12,100,489,0.8637123745819398,0.00781958488998602,0.0489077999049349,119.6,103.3,443.3,381.2,435.1,413.5,434.8,334.4,798.7,806.5,879.5,696.6,687.8,697.9
Misin07G096300.1.v7.1,1,100,37.7,0.6991766941101963,0.00932412875620825,0.0548223811132165,157.9,110.4,52,38.8,48.5,32.8,42.2,31.4,93.7,82.1,98,55.3,66.8,65.5
Misin07G097000.1.v7.1,1,94.1,33.5,0.9523121387283238,0.999999851987827,1,69.2,65.9,69.2,67,72.9,80.2,95.1,60.6,124.7,141.8,147.4,135.1,150.4,126.5
Misin07G097100.1.v7.1,3,92.9,103.9,0.9125248508946322,0.898170695923175,1,100.6,91.8,263.1,234.8,251.7,269.1,273.6,226.1,474,496.8,508.8,453.3,432.8,471.9
Misin07G097900.1.v7.1,4,94.45,178.8,1.112059765208111,0.345951330535124,0.745848038588569,93.7,104.2,151.7,135.4,132.5,181.1,185.5,145.6,273.3,286.5,267.8,305.1,293.4,303.9
Misin07G098400.1.v7.1,1,100,35.8,0.4636762554851292,5.32559041852565e-5,0.00154054336427157,205.1,95.1,174.8,190.3,160.2,89.1,101.7,71.9,314.9,402.6,323.8,150.1,160.9,150.1
Misin07G104200.1.v7.1,3,100,141.7,1.3431734317343171,0.406853733269752,0.83192636066036,54.2,72.8,34.9,26.4,24.4,45.5,47.4,33.5,62.9,55.9,49.3,76.7,75,69.9
Misin07G105700.1.v7.1,7,100,301.2,1.7668539325842696,0.0015202457325576,0.0150609215632764,71.2,125.8,512.1,407.4,448.3,950.8,985.3,788.2,922.7,861.9,906.2,1601.8,1558.7,1645
Misin07G110000.1.v7.1,2,96.45,107.5,0.808193668528864,0.485640745533688,0.943644173419935,107.4,86.8,31.4,20,26.8,26,28.9,18.5,56.6,42.3,54.2,43.8,45.7,38.6
Misin07G111400.1.v7.1,2,100,75.4,1.2124833997343958,0.589976087847832,1,75.3,91.3,90.1,82.8,82.7,120.3,122.8,97.1,162.3,175.2,167.2,202.7,194.3,202.7
Misin07G113900.1.v7.1,2,100,72,0.5890173410404624,0.00117802780215426,0.0125298842892231,173,101.9,553.8,594.8,544.4,370.5,409.9,318.6,997.8,1258.4,1100.4,624.2,648.4,664.9
Misin07G115100.1.v7.1,1,93.8,35,1.300578034682081,0.750127079959271,1,51.9,67.5,66.3,50.6,43.1,95.5,88,58.2,119.5,107.1,87.1,160.9,139.2,121.5
Misin07G116500.1.v7.1,13,100,533.7,1.2409033877038897,0.0265220364163299,0.118023056672509,159.39999999999998,197.8,1074.5,859.4,997.8,1470.1,1645.7,1332.8,1936,1818.2,2016.9,2476.6,2603.4,2781.6
Misin07G117900.1.v7.1,1,100,34.3,1.3839357429718877,0.983068881227332,1,124.5,172.3,33,19.5,19.6,33.9,54.7,18.4,59.5,41.3,39.6,57.1,86.5,38.4
Misin07G119900.1.v7.1,1,100,36.6,0.2191740412979351,6.53305569642271e-7,2.4331549309364e-4,339,74.3,913.7,1388.6,1004,273.3,281.1,195.9,1646.2,2937.9,2029.5,460.4,444.7,408.9
Misin07G122200.1.v7.1,13,100,486,1.1797566371681416,0.0593878397123178,0.206501611580278,180.8,213.3,721.5,452.59999999999997,567.3000000000001,917.2,918.3000000000001,605.9,1300,957.5,1146.7,1545.2,1452.7,1264.5
Misin07G125000.1.v7.1,4,82.55,176.5,0.8493150684931506,0.99969636629011,1,36.5,31,184.8,132.2,184.5,324.1,179,133.6,333,279.7,372.9,546,283.2,278.8
Misin07G125400.1.v7.1,22,100,1080.8000000000002,1.1164001487541837,0.00520593566963912,0.0364752153502404,268.9,300.2,6960.299999999999,6245.700000000001,5967.3,8342.6,9442.6,6898.3,12540.5,13214.2,12062.2,14054.5,14937.2,14397
Misin07G125700.1.v7.1,6,100,306.29999999999995,0.6621525302922309,2.3495765613557e-5,8.537272395804e-4,140.3,92.9,189.5,165.2,189.3,143.6,146.3,104,341.4,349.5,382.6,241.9,231.4,217.1
Misin07G128800.1.v7.1,2,97.6,77.8,0.7421576128538638,0.00491467078272889,0.035063182513357,130.7,97,238.4,230.1,212.9,189.6,170,164.7,429.5,486.8,430.4,319.4,268.9,343.7
Misin07G132100.1.v7.1,2,100,70.1,0.4408148928696874,0.00152940872017771,0.0151202763393429,284.7,125.5,1226.9,1218.9,1286.9,626.1,718.7,663.3,2210.5,2578.9,2601.3,1054.8,1136.9,1384.3
Misin07G132600.1.v7.1,2,100,74,1.6662436548223352,0.00204697469600024,0.0184189085896042,78.8,131.3,574.7,551.6,400.2,1039.4,1057.7,826.4,1035.5,1167,809,1751,1673.2,1724.7
Misin07G132900.1.v7.1,7,100,386.2,1.4709141274238227,0.00302713834157942,0.02481133735476,72.2,106.2,2068.5,1894.8,1502.9,3253.8,3064.5,2909.9,3726.9,4008.9,3037.9,5481.6,4847.8,6073.1
Misin07G134800.1.v7.1,2,100,77,1,0.998653734741747,1,124.3,124.3,171.1,126.2,162.4,186.1,194.9,147.1,308.3,267,328.3,313.5,308.3,307
Misin07G135400.1.v7.1,3,100,131.8,1.1068416119962512,0.645705896026295,1,106.7,118.1,1083.5,783.8,911.5,1247.1,1289.5,908.3,1952.2,1658.3,1842.5,2100.9,2039.9,1895.7
Misin07G136300.1.v7.1,1,100,42.4,0.3354470513633481,4.350657760821e-4,0.00642915551065898,157.7,52.9,53.7,57.6,54.2,21.8,17.9,22.6,96.8,121.9,109.6,36.7,28.3,47.2
Misin07G136900.1.v7.1,13,100,595.0999999999999,1.0444777611194402,0.588309149039034,1,200.10000000000002,209,578.1,516.3000000000001,560.5,694.2,738.5,581.3,1041.5,1092.3999999999999,1133,1169.5,1168.3,1213.2
Misin07G138700.1.v7.1,3,100,106.7,0.8952071486596264,0.178053955779059,0.462977759980417,123.1,110.2,246.2,212.6,297.4,242,235.6,192.9,443.6,449.8,601.2,407.7,372.7,402.6
Misin07G139900.1.v7.1,2,100,76.3,0.7040417209908735,0.0747651423698086,0.246487127735374,76.7,54,109,96.2,100.8,105,90.6,68,196.4,203.5,203.8,176.9,143.3,141.9
Misin07G140800.1.v7.1,2,100,67.8,0.8465804066543438,0.45099492340248,0.897538983985388,108.2,91.6,577.4,553.8,458.7,522.5,523.6,490.2,1040.3,1171.7,927.2,880.2,828.3,1023.1
Misin07G143900.1.v7.1,1,100,33.5,1.6495806150978565,0.0757703990912891,0.24887187994212,107.3,177,571.5,383.7,452.5,1025.9,953.7,597.1,1029.7,811.8,914.7,1728.3,1508.7,1246.2
Misin07G146400.1.v7.1,3,100,114.1,2.4939919893190923,0.0430224732109407,0.165686707373913,74.9,186.8,801,672.5,695.8,1819,2243.4,1859.6,1443.2,1422.8,1406.5,3064.4,3548.8,3881.1
Misin07G146500.1.v7.1,4,100,140.1,0.7478797224363918,0.00151046209661831,0.0150578730802987,129.7,97,579.4,536.4,489.9,445,493.2,387.6,1043.9,1134.9,990.3,749.7,780.2,808.9
Misin07G147400.1.v7.1,2,100,72.4,0.5573347107438017,0.0080540262164529,0.0494018962674656,193.6,107.9,120.6,78.8,131,71.9,78.7,54.5,217.3,166.7,264.8,121.1,124.5,113.7
Misin07G149800.1.v7.1,1,100,35,0.8731045490822028,0.68932067380098,1,125.3,109.4,144,127.4,142.4,139.7,146.5,126.1,259.4,269.5,287.8,235.3,231.7,263.2
Misin07G150400.1.v7.1,2,100,109.4,0.3854069223573433,0.0037711582518275,0.0288847455303857,213.8,82.4,1001.7,1146.4,1063.9,476.4,523.6,428.9,1804.8,2425.5,2150.5,802.6,828.3,895.1
Misin07G156500.1.v7.1,2,100,76.6,0.1928159945781091,0.00210915099979281,0.0189141170921977,295.1,56.9,611.2,746.7,694.1,143,196.3,129.6,1101.2,1579.8,1403,240.9,310.5,270.5
Misin07G156900.1.v7.1,1,100,40.4,0.53203125,0.0158305679298378,0.0813753325804647,128,68.1,253.1,328,251.3,196.2,170.9,122.1,456,694,508,330.5,270.3,254.8
Misin07G160600.1.v7.1,4,100,176.2,1.3547133138969873,0.0998280112386462,0.30553421621525,102.9,139.4,2070.8,1324.3,1653.9,2837.7,2863.1,2129.2,3731,2801.9,3343.2,4780.6,4529.2,4443.7
Misin07G162200.1.v7.1,2,100,91.6,0.7146872803935348,0.0051106540771173,0.0359874595516006,142.3,101.7,835,578.7,816.8,642.5,639.6,515.3,1504.4,1224.4,1651.1,1082.4,1011.8,1075.5
Misin07G165100.1.v7.1,5,97.725,219.8,0.9408706952566602,0.384431995170887,0.800455062739353,153.9,144.8,842.3,778.2,760.1,840,853.8,699.1,1517.6000000000001,1646.5,1536.5,1415.1,1350.7,1459
Misin07G166500.1.v7.1,34,94.55000000000001,1369.7,0.95,0.693924257637131,1,320,304,4280.5,3152.8999999999996,3367.5,3454,4352.200000000001,3065.9,7712.3,6670.7,6807,5818.799999999999,6884.700000000001,6398.8
Misin07G167900.1.v7.1,2,100,66.2,0.5049212598425197,0.00617659059175679,0.0415890433178291,203.2,102.6,26.1,29.5,27.9,18.5,18,12,47,62.4,56.4,31.2,28.5,25
Misin07G170300.1.v7.1,1,100,43.9,1.0743801652892562,0.99998945872575,1,108.9,117,68.8,83.2,63.4,79.5,87,69.8,124,176,128.2,133.9,137.6,145.7
Misin07G173800.1.v7.1,5,100,210.6,0.924468085106383,0.539923907747637,1,94,86.9,232.7,187.1,208.1,245.3,244.9,165.8,419.3,395.9,420.6,413.2,387.4,346
Misin07G175400.1.v7.1,1,100,33.1,1.0409090909090908,0.730058148410448,1,88,91.6,77.8,64.4,74.7,86.1,92.2,92.5,140.2,136.3,151,145,145.9,193.1
Misin07G182200.1.v7.1,4,100,201.7,0.8719879518072288,0.336226714881844,0.729169318162463,132.8,115.8,4005,3405.3,3594.8,3728.3,3978.7,3223,7215.9,7204.7,7266.4,6280.9,6293.9,6726.6
Misin07G185600.1.v7.1,1,100,44.3,1.4278350515463918,0.268012023621437,0.619674246715114,97,138.5,36.2,39.1,30.2,55.3,55.5,47.1,65.2,82.7,61,93.2,87.8,98.3
Misin07G186600.1.v7.1,47,100,2603.9,1.3695205479452055,6.17828077495997e-5,0.00171129247779789,292,399.9,16742.1,14920.400000000001,13547.4,25889.5,25499.999999999996,20449.2,30164.600000000002,31567.600000000002,27384.4,43615.3,40338.600000000006,42678.4
Misin07G188600.1.v7.1,1,100,33.9,0.7322515212981744,0.229921795350051,0.55726782717852,147.9,108.3,101.5,110.1,75.1,87.1,71.5,64.2,182.9,232.9,151.8,146.7,113.1,134
Misin07G195400.1.v7.1,1,100,61.2,0.6502242152466368,0.0269032874305902,0.118830474107855,133.8,87,208.5,182.4,163.1,148,154.5,103.2,375.7,385.9,329.7,249.3,244.4,215.4
Misin07G197500.1.v7.1,1,100,40.4,0.8352353780313838,0.490181557564644,0.949684435187422,140.2,117.1,593.3,535.5,571.6,537.4,645.2,453.4,1069,1133,1155.4,905.3,1020.6,946.3
Misin07G200900.1.v7.1,10,100,407.2,0.9284267386900743,0.0178354690305652,0.0889691120184975,148.1,137.5,929.4000000000001,725.9,779.8000000000001,843.1,797.4,651.3,1674.5,1535.8000000000002,1576.3,1420.4,1261.4,1359.3
Misin07G208000.1.v7.1,1,100,46.2,0.6494650723725613,4.1841799176078e-4,0.00624118351164591,158.9,103.2,771.3,794.6,736.6,573.8,562.8,492.7,1389.7,1681.2,1488.9,966.7,890.3,1028.3
Misin07G209000.1.v7.1,7,100,254.8,1.0847457627118644,0.882254402117861,1,82.6,89.6,296.5,228.2,249.6,333.8,346.1,259.2,534.2,482.8,504.5,562.3,547.5,541
Misin07G211100.1.v7.1,5,100,203.3,0.6869951534733441,0.00293653734410382,0.0243886077122155,247.60000000000002,170.1,342.09999999999997,305.40000000000003,302.29999999999995,310.5,317.29999999999995,227.4,616.4000000000001,646.1,611.1,523.1,501.90000000000003,474.59999999999997
Misin07G212900.1.v7.1,15,100,583.7,0.5128084606345475,0.311699455305252,0.691141750693654,425.5,218.2,9416.6,9585.3,9440.5,5690.4,7229.3,4680.9,16966.1,20279.9,19082.8,9586.4,11436.1,9769.2
Misin07G213000.1.v7.1,7,100,241.9,1.0999048525214081,0.958435375075686,1,105.10000000000001,115.6,191.6,122.3,132.9,206.4,190.10000000000002,133.20000000000002,345.2,258.8,268.6,347.7,300.70000000000005,278
Misin07G213700.1.v7.1,1,93.8,33.1,0.7426900584795322,0.339584721626118,0.735381250538762,85.5,63.5,165.1,229.4,147.4,136.8,130,106,297.5,485.3,298,230.5,205.6,221.2
Misin07G214300.1.v7.1,1,95.5,49.3,0.8232189973614775,0.101958976714025,0.31034276196597,113.7,93.6,542.6,627.8,473.6,462.1,508.9,445.2,977.6,1328.3,957.3,778.5,805,929.2
Misin07G214600.1.v7.1,2,97.35,81.6,1.4870848708487083,0.263505765753743,0.612375315640265,54.2,80.6,108.1,103.2,85.6,171.8,167.3,148.4,194.8,218.3,173,289.4,264.7,309.7
Misin07G217500.1.v7.1,2,96.65,70.9,1.0617816091954024,0.91605368772407,1,69.6,73.9,138.4,86.5,126.8,157.1,148.4,129.5,249.4,183,256.3,264.7,234.8,270.3
Misin07G222000.1.v7.1,2,100,97,0.8287037037037038,0.110935011555062,0.330530866928306,129.6,107.4,405,369.5,414.9,384.4,383.7,329.3,729.7,781.8,838.7,647.6,607,687.3
Misin07G223000.1.v7.1,7,100,315.09999999999997,0.995045417010735,0.99005194127151,1,121.1,120.5,2109.8,1581,2032.4,2244.3,2309.7,1960.2,3801.3,3345,4108.2,3780.9,3653.7,4091
Misin07G229200.1.v7.1,1,100,49.7,1.6125760649087222,0.360645108981006,0.767856702982617,98.6,159,180.5,134.9,136.8,287.7,290.9,152.3,325.2,285.4,276.5,484.7,460.2,317.9
Misin07G232100.1.v7.1,7,96.55,323.4,1.017691659646167,0.895640250313748,1,237.39999999999998,241.60000000000002,594.7,584.9,472,661.9,730.2,545.3,1071.5,1237.5,954.0999999999999,1115.1,1155.1,1138.1
Misin07G234500.1.v7.1,4,100,142.89999999999998,0.6831721470019342,0.0515728766791903,0.187021312722529,258.5,176.6,146.7,104.1,114.2,113.4,101.8,65.9,264.29999999999995,220.3,230.8,191.1,161,137.5
Misin07G234600.1.v7.1,2,100,107.5,0.9480968858131488,0.997935142292954,1,57.8,54.8,47.8,33,42.6,49,44.1,39.1,86.1,69.8,86.1,82.5,69.8,81.6
Misin07G235400.1.v7.1,1,100,40.8,0.6926829268292682,0.495603856594795,0.957194785448749,102.5,71,39.8,23.3,36.3,29.5,27.5,25.6,71.7,49.3,73.4,49.7,43.5,53.4
Misin07G236700.1.v7.1,2,100,76.6,0.6323360184119677,1.28291562184746e-5,6.4326277822894e-4,173.8,109.9,231.4,184.8,209.3,159.3,166.7,116.3,416.9,391,423.1,268.4,263.7,242.7
Misin07G239600.1.v7.1,1,92.9,33.5,0.661038961038961,0.0387252847976338,0.153411537182017,154,101.8,51,30.6,61.4,38.6,38.4,22.8,91.9,64.7,124.1,65,60.7,47.6
Misin07G241800.1.v7.1,2,100,70.5,0.9852164730728616,0.999987838297299,1,94.7,93.3,95.5,74,68,91.6,91.7,82.5,172.1,156.6,137.5,154.3,145.1,172.2
Misin07G241900.1.v7.1,1,100,36.6,0.31022979985174204,2.3433922019011e-4,0.00419360606196852,269.8,83.7,88.6,53.7,70.1,26.1,31.8,20.5,159.6,113.6,141.7,44,50.3,42.8
Misin07G244200.1.v7.1,4,100,170.7,0.49405833633417356,0.126908480431252,0.367511911014376,277.7,137.2,181,226.8,104.2,87.1,88.8,67.39999999999999,326.2,479.79999999999995,210.6,146.8,140.5,140.70000000000002
Misin07G244600.1.v7.1,1,95.5,43.5,0.7077276205049733,0.757415003255344,1,130.7,92.5,33,19.4,35.4,24.7,26.6,22.6,59.5,41,71.6,41.6,42.1,47.2
Misin07G245100.1.v7.1,8,97.05,298.6,1.101712506486767,0.00439407000547365,0.0322267854309138,578.1,636.9,1252.1,952.8,937.8,1295,1321.3999999999999,899.7,2255.9,2015.9,1895.6000000000004,2181.6000000000004,2090.3,1877.7000000000003
Misin07G246800.1.v7.1,14,100,499.2,1.1714407866609662,0.0605473072627926,0.208887771879566,233.9,274,770.7,582.9,696.4,906.7,1039.3999999999999,846.1,1388.6,1233.3,1407.6,1527.3999999999999,1644.2,1765.8999999999999
Misin07G248200.1.v7.1,5,89.5,192.6,0.8912760416666665,0.98640735319194806,1,153.6,136.89999999999998,122.5,91.8,103.60000000000001,117.89999999999999,121.8,98.5,220.7,194.29999999999998,209.4,198.6,192.6,205.60000000000002
Misin07G251200.1.v7.1,2,100,96.2,1.104770017035775,0.999994644306662,1,117.4,129.7,80.4,66.6,76.9,95,82.1,77.5,144.9,140.9,155.4,160,129.9,161.7
Misin07G252900.1.v7.1,1,100,49.3,1.3905109489051095,0.6346960832241,1,82.2,114.3,181.7,114.4,123.9,195.9,220.2,191.6,327.4,242,250.4,330,348.3,399.9
Misin07G254500.1.v7.1,3,88.9,105.9,0.8873379860418744,0.404096647534354,0.827851112215632,100.3,89,155.1,148.3,133.9,154.1,156.8,92.1,279.4,313.8,270.7,259.6,248,192.2
Misin07G254900.1.v7.1,1,100,45.1,0.7473498233215548,0.0802735294017913,0.259057655946534,56.6,42.3,26.8,21.6,21,23.9,21.6,16.2,48.3,45.7,42.4,40.3,34.2,33.8
Misin07G260300.1.v7.1,1,100,42,1.1774193548387097,0.983541123831103,1,111.6,131.4,356.6,237.7,251.9,415.9,379,258.5,642.5,502.9,509.2,700.7,599.5,539.5
Misin07G263400.1.v7.1,9,100,394.6,0.6962097463664862,0.236007245920544,0.568057024513995,350.9,244.3,1971.1000000000001,1561.4,1809.7,1604.4,1628.5,1624.4,3551.3,3303.5,3658.1,2702.9,2576.1,3390.2
Misin07G263500.1.v7.1,4,98,214.79999999999998,0.8580086580086581,0.00929326841196099,0.0547625082490734,115.5,99.10000000000001,303.7,234.8,242.4,239,255,163,547.1999999999999,496.7,490,402.7,403.4,340.20000000000005
Misin07G263600.1.v7.1,5,100,236,1.1191222570532915,0.995617094682494,1,95.7,107.1,153.8,167.9,135.3,184.1,194.3,153.7,277.1,355.2,273.5,310.1,307.4,320.8
Misin07G267200.1.v7.1,2,100,71.6,0.23104997192588433,3.0496143502611e-4,0.00490821118520092,356.2,82.3,234,338.8,277.7,63.7,82,68.1,421.6,716.8,561.3,107.3,129.7,142.1
Misin07G268600.1.v7.1,2,100,113.6,0.8852304797742239,0.73095994740223,1,106.3,94.1,159.1,140.6,140.9,150.6,163.2,111,286.7,297.5,284.8,253.7,258.2,231.7
Misin07G269200.1.v7.1,19,100,862.0999999999999,1.322335025380711,0.0254039849686954,0.114727052996177,118.19999999999999,156.3,469.5,380.5,370.1,641.5,637,552.6999999999999,845.9,805,748.1,1080.6999999999998,1007.7,1153.5
Misin07G270300.1.v7.1,1,100,35,1.2749529190207156,0.342783806153023,0.740559666769098,106.2,135.4,1104.5,661.5,942.4,1598.2,1535.3,1155.6,1990,1399.6,1904.9,2692.4,2428.7,2411.8
Misin07G271100.1.v7.1,1,100,43.5,0.3165807560137457,0.0742675001525991,0.244914240957022,232.8,73.7,141.2,78.3,183.9,47.8,47.6,50.8,254.4,165.7,371.7,80.5,75.3,106
Misin07G271900.1.v7.1,4,97.9,213.8,1.3233665559246954,0.0449332735303833,0.170004683788923,90.3,119.5,434.59999999999997,361.9,290.3,684.2,688.4,561.1,783,765.6,586.8000000000001,1152.7,1089,1171
Misin07G273200.1.v7.1,19,100,868.4000000000001,1.1755348326933626,0.274971729222292,0.630092879998323,182.3,214.3,893.6,682.8000000000001,672.3,1070.1,1129,929.8000000000001,1610,1444.6000000000001,1359,1802.7,1786,1940.6000000000001
Misin07G273900.1.v7.1,1,100,34.7,0.8845096241979835,0.624563579329126,1,109.1,96.5,76.7,68.3,71.8,73.8,80.8,64.6,138.2,144.5,145.1,124.3,127.8,134.8
Misin07G275700.1.v7.1,1,100,37,1.5829383886255923,0.00303531883396879,0.02481133735476,42.2,66.8,17.5,12.6,14.5,27.5,27.6,23.2,31.5,26.7,29.3,46.3,43.7,48.4
Misin07G277600.1.v7.1,1,100,49.3,0.5820271682340648,0.237259697504637,0.569978043713015,95.7,55.7,23.4,15.4,22.1,19.9,15.5,11.5,42.2,32.6,44.7,33.5,24.5,24
Misin07G277800.1.v7.1,1,100,48.9,0.8195970695970696,0.947915450022795,1,109.2,89.5,19.6,17.6,16.2,16.8,18.3,16.3,35.3,37.2,32.7,28.3,28.9,34
Misin07G278100.1.v7.1,1,83.3,42.7,1.007882882882883,0.998937067899722,1,88.8,89.5,92.3,93.7,80.7,104.8,106,78.3,166.3,198.2,163.1,176.6,167.7,163.4
Misin07G278500.1.v7.1,1,100,35,0.9546884833228445,0.847431236747409,1,158.9,151.7,175.1,209.3,173.3,178.4,211.4,164.5,315.5,442.8,350.3,300.5,334.4,343.3
Misin07G280600.1.v7.1,1,100,35.4,0.7446633825944171,0.0358673866057442,0.145818698129715,121.8,90.7,2121.5,2204.6,1976.7,1812.9,1881.2,1333.1,3822.4,4664.3,3995.7,3054.1,2975.9,2782.2
Misin07G284000.1.v7.1,3,100,156,0.9283551967709385,0.804688967188323,1,99.1,92,62.6,47.7,62.2,58.3,66.2,52.1,112.8,100.9,125.7,98.2,104.7,108.7
Misin07G285900.1.v7.1,2,100,83.9,0.9800498753117206,0.999478290818736,1,160.4,157.2,56.9,48.1,60.1,55.7,63.5,59.1,102.5,101.8,121.5,93.8,100.5,123.3
Misin07G286700.1.v7.1,40,100,1804.1999999999998,1.3012950222581952,0.00549087226984268,0.0381909633568632,494.2,643.1,1902.7,1714,1656.8999999999999,2476.5,2509.1,1757.8999999999999,3428.2,3626.5,3349.2000000000003,4172.2,3969.2000000000003,3668.9
Misin07G289700.1.v7.1,7,100,327.6,0.6535904255319148,3.27747892269192e-5,0.00111126582647631,150.4,98.3,381.3,360.7,341.6,204.8,227.79999999999998,197.8,687,763.1,690.5,345,360.40000000000003,412.8
Misin07G290900.1.v7.1,2,100,91.2,0.9888097660223806,0.987830244115424,1,98.3,97.2,258.9,236.7,192.8,310.1,291.6,209.9,466.5,500.8,389.7,522.4,461.3,438.1
Misin07G299800.1.v7.1,7,100,343.70000000000005,1.7963272120200333,0.00175185635692621,0.0165703365570211,59.9,107.6,665.1,472.3,509,1082.5,1174.6,885.3,1198.3,999.3,1028.9,1823.7,1858.1,1847.7
Misin07G299900.1.v7.1,1,100,43.1,0.9669291338582677,0.943430333323065,1,127,122.8,94.4,71.6,76,94,84.7,71.2,170.1,151.5,153.6,158.4,134,148.6
Misin07G301300.1.v7.1,2,100,72,0.8256,0.100908680851087,0.307774704640628,62.5,51.6,83.4,135.3,80.7,82.8,72.4,64.6,150.3,286.3,163.1,139.5,114.5,134.8
Misin07G302700.1.v7.1,7,95,269.6,1.611111111111111,2.99229300975146e-5,0.00103053123527009,172.8,278.4,631.5999999999999,606.1,564.1,1039.5,1178.6,919.3000000000001,1138,1282.3,1140.2,1751.2,1864.4,1918.6
Misin07G306200.1.v7.1,1,100,48.5,1.4242973708068902,0.516783444448342,0.982244658203084,110.3,157.1,53.1,55.4,52.9,63.4,96.3,77.4,95.7,117.2,106.9,106.8,152.3,161.5
Misin07G308300.1.v7.1,2,100,70,0.9360936093609361,0.988037598922255,1,111.1,104,167.1,95.6,151.2,167.3,164,146.5,301.1,202.3,305.6,281.8,259.4,305.8
Misin07G309900.1.v7.1,21,100,948.8999999999999,1.2078059071729959,0.0135066422014711,0.0719750332023845,94.8,114.5,1044,929.8000000000001,834.6,1395.9,1539.7,1234.7,1881,1967.2,1687.1,2351.7000000000003,2435.6,2576.9
Misin07G313900.1.v7.1,1,100,34.7,1.1838565022421526,0.390029880053198,0.810598327748542,111.5,132,39.4,31.9,38.4,49.9,47.1,46.3,71,67.5,77.6,84.1,74.5,96.6
Misin07G314800.1.v7.1,28,100,1241.4,0.9735772357723578,0.999934762418986,1,196.8,191.60000000000002,2420.4,2204.5,1890,2508.2999999999997,2708.8,2019.3,4360.9,4664.2,3820.3999999999996,4225.7,4285.1,4214.4000000000005
Misin07G321600.1.v7.1,1,100,48.9,0.9734299516908212,0.999999883073618,1,82.8,80.6,66.4,48.2,44.1,58.9,59.2,55,119.6,102,89.1,99.2,93.6,114.8
Misin07G327300.1.v7.1,2,93.5,96.7,0.8739130434782609,0.725313147209844,1,184,160.8,738.6,710,663.6999999999999,724.9,751.4,640.1,1330.7,1502.2,1341.6000000000001,1221.2,1188.7,1336
Misin07G329500.1.v7.1,4,100,272.1,0.6307857911733046,0.184449096264975,0.473508740826274,92.9,58.6,430,351.4,451.4,301.3,309.3,227.4,774.7,743.5,912.4,507.6,489.3,474.6
Misin07G330300.1.v7.1,1,92.9,48.5,0.7935142289874256,0.472511229922903,0.928300798034208,151.1,119.9,356.4,302,298,327.6,304.8,242.9,642.1,639,602.4,551.9,482.2,506.9
Misin07G332000.1.v7.1,1,100,35.8,0.5693251533742331,1.0818074498664e-4,0.00237658639401067,244.5,139.2,307.1,261.7,314.2,187.1,180.1,177.4,553.3,553.7,635.1,315.2,284.9,370.2
Misin07G332200.1.v7.1,7,96.4,408.9,0.8332594235033258,0.326417651837392,0.712564442640907,225.5,187.89999999999998,1442.1,1463.3,1185.1000000000001,1338.7,1382.4,1158.8,2598.3,3095.9,2395.5,2255.2000000000003,2186.9,2418.4
Misin07G337400.1.v7.1,2,100,95.6,0.9551219512195123,0.999999971649999,1,102.5,97.9,200.2,174.2,159.3,187.1,217.8,186.3,360.7,368.6,322,315.2,344.5,388.8
Misin07G342400.1.v7.1,4,100,154.8,0.6482661004953998,0.0260163756970548,0.116630869120745,141.3,91.6,319,198.6,243.3,202,188.2,152.7,574.8,420.2,491.8,340.3,297.7,318.7
Misin07G344200.1.v7.1,4,100,171,0.6504950495049505,0.00659291532846473,0.0437253004366403,202,131.4,560.2,605.5,491.20000000000005,422.29999999999995,456.5,381,1009.4000000000001,1281.1,992.9,711.4,722.1,795.1
Misin07G346000.1.v7.1,1,100,42.4,2.3153013910355487,5.1702853552415e-4,0.00723657790531637,64.7,149.8,12.4,11.1,10.8,29,32.7,27.4,22.3,23.5,21.8,48.9,51.7,57.2
Misin07G346800.1.v7.1,3,100,125.9,1.012779552715655,0.949641130682471,1,93.9,95.1,1211.9,1061.1,953.6,1286.3,1399,1227,2183.5,2245,1927.6,2167,2213.1,2560.8
Misin07G350200.1.v7.1,3,100,115.2,1.3195767195767196,0.671161689422015,1,94.5,124.7,77.8,49,57.4,123.7,89,73.4,140.2,103.7,116,208.4,140.8,153.2
Misin07G350600.1.v7.1,2,100,79.4,0.9228224917309813,0.860063365382867,1,90.7,83.7,278.5,220.5,212.9,251.4,272.2,217.6,501.8,466.5,430.4,423.5,430.6,454.1
Misin07G352800.1.v7.1,1,100,32.7,0.8101659751037343,0.99210098520275,1,96.4,78.1,84.8,75.2,68.4,73.5,86.9,53.6,152.8,159.1,138.3,123.8,137.5,111.9
Misin07G355200.1.v7.1,17,100,723.8000000000001,1.021183800623053,0.982292345867939,1,160.5,163.89999999999998,1711.1000000000001,1303.6,1694.8,1790.3,2164.5,1462.7,3082.9,2758,3425.9,3016.1,3424,3052.7
Misin07G358100.1.v7.1,1,100,50.4,0.9983700081499592,0.999921988429794,1,122.7,122.5,84.6,64.4,85.6,90.3,97.4,71,152.4,136.3,173,152.1,154.1,148.2
Misin07G358800.1.v7.1,3,96.3,150.6,1.369688385269122,0.159395442339854,0.430618810338068,70.6,96.7,34.9,26.8,28.8,43.2,50.4,41.8,62.9,56.7,58.2,72.8,79.7,87.2
Misin07G362100.1.v7.1,1,100,43.9,1.302325581395349,0.100564545217908,0.307118065318905,103.2,134.4,53.6,39.6,48.9,74.6,81.1,50.3,96.6,83.8,98.8,125.7,128.3,105
Misin07G362300.1.v7.1,3,100,126.69999999999999,1.0836707152496627,0.591910227931825,1,74.1,80.3,85.2,58.2,80.1,98.8,105.9,73.8,153.5,123.1,161.9,166.4,167.5,154
Misin07G363700.1.v7.1,2,100,79.7,1.2125468164794009,0.0177491663626714,0.0887681765465036,106.8,129.5,97,73.4,84.2,122.5,135.2,90.5,174.8,155.3,170.2,206.4,213.9,188.9
Misin07G366200.1.v7.1,8,100,361.8,1.1948669201520912,0.0320022662906132,0.133591246813145,105.2,125.7,503.3,462,388.7,652.2,685.3,518.4,906.8,977.5,785.7,1098.7,1084.1,1081.9
Misin07G366600.1.v7.1,4,100,198,0.3360522022838499,8.28277719284731e-5,0.00203534306359493,183.9,61.8,54.3,39.8,65.8,19.5,19.5,17,97.8,84.2,133,32.9,30.8,35.5
Misin07G367300.1.v7.1,1,88.9,36.2,2.201938610662359,0.00330173722601823,0.0261202152404151,61.9,136.3,275.9,238.9,232.1,634.9,691.6,571.8,497.1,505.4,469.2,1069.6,1094,1193.4
Misin07G369400.1.v7.1,11,84.525,458.1,0.9075471698113207,0.995526446935879,1,53,48.099999999999994,399.5,300.90000000000003,353.1,572.7,447.29999999999995,306.7,719.8,636.6,713.7,964.8,707.6,640.1
Misin07G370100.1.v7.1,2,100,86.2,1.0298260149130074,0.999955144988899,1,120.7,124.3,124.5,100.1,106.1,131.1,133.8,110.2,224.3,211.8,214.5,220.9,211.7,230
Misin07G370200.1.v7.1,2,94.1,77,0.9715909090909091,0.999999914620132,1,52.8,51.3,123.8,87.8,99.6,139.8,123.7,85.2,223.1,185.8,201.3,235.5,195.7,177.8
Misin07G375300.1.v7.1,6,97.6,271,1.7406931964056485,0.149483107664116,0.411536076955633,77.9,135.60000000000002,269,220.2,214.5,529.6,538.4,481.8,484.6,465.90000000000003,433.5,892.2,851.7,1005.6
Misin07G375500.1.v7.1,5,94.7,206.2,0.9468798349664777,0.996231293029925,1,193.89999999999998,183.6,260.7,220.5,211.2,272.9,302.09999999999997,240.2,469.7,466.5,426.9,459.7,477.90000000000003,501.3
Misin07G375700.1.v7.1,6,100,220,1.2802937576499387,0.0332543293833601,0.13782474566961,163.4,209.2,277.8,232.9,216.1,388.5,377,295.8,500.5,492.8,436.8,654.5,596.4,617.3
Misin07G377400.1.v7.1,2,100,97.5,0.7514312977099237,0.614564316507961,1,209.6,157.5,541.7,417.4,556.2,420.4,463.5,403.5,976,883.1,1124.3,708.2,733.2,842.1
Misin07G380800.1.v7.1,2,96,105.5,1.3333333333333333,0.887535093341516,1,30,40,49.3,35.2,35.1,63.7,62.7,43.9,88.8,74.5,71,107.3,99.2,91.6
Misin07G386800.1.v7.1,6,98.325,219.39999999999998,1.0468813697513248,0.557288552727888,1,245.3,256.8,1039.1,1063.9,987,1108.3,1162.6000000000001,985.3000000000001,1872.2,2250.9,1995.1000000000001,1867.1000000000001,1839.2,2056.4
Misin07G388200.1.v7.1,1,85.7,42.4,0.6316614420062696,0.0553907433104944,0.197737570398225,127.6,80.6,573.1,599.1,456.6,445.9,376.9,312.6,1032.6,1267.5,923,751.2,596.2,652.4
Misin07G392800.1.v7.1,2,100,81.2,1.1195987654320987,0.999999941552634,1,129.6,145.1,20,15.5,22.9,19.2,25.5,19.7,36,32.8,46.3,32.3,40.3,41.1
Misin07G393900.1.v7.1,8,100,340.2,1.360582306830907,0.00172156979350135,0.0164001090285338,89.3,121.5,333.4,281.5,289.5,446.5,521.5,455.8,600.7,595.6,585.2,752.2,825,951.3
Misin07G394000.1.v7.1,2,96.45,67.8,1.7516268980477223,9.8187785369474e-4,0.0109518205524885,92.2,161.5,133.2,107.4,122,242.3,268.4,201.4,240,227.2,246.6,408.2,424.6,420.3
Misin07G394100.1.v7.1,5,100,232.7,1.0392916436081905,0.9409444513198,1,180.7,187.8,31.7,35.6,38.6,50.4,46,37.5,57.1,75.3,78,84.9,72.8,78.3
Misin07G395100.1.v7.1,1,100,42.7,1.1463046757164406,0.994330883271884,1,132.6,152,30.5,24.6,33.1,38.1,39.8,28.2,55,52,66.9,64.2,63,58.9
Misin07G396200.1.v7.1,3,100,114.1,1.3116883116883118,0.171189273531626,0.448698870013178,69.3,90.9,256.3,210.9,207.6,346.4,381.4,280.2,461.8,446.2,419.6,583.6,603.3,584.8
Misin07G398700.1.v7.1,1,100,65.5,1.241635687732342,0.577631768087528,1,80.7,100.2,118.1,82.6,86,137.9,137.2,100.6,212.8,174.8,173.8,232.3,217,210
Misin07G399400.1.v7.1,1,87,42.7,1.153698366954851,0.531835350769873,0.999198188772025,104.1,120.1,230.4,194.1,215,272.4,316.6,229.5,415.1,410.7,434.6,458.9,500.8,479
Misin07G405100.1.v7.1,1,100,45.8,0.5805243445692885,4.22061115463723e-5,0.00132197749647744,160.2,93,136.2,127.8,127.3,88.7,84.1,80.5,245.4,270.4,257.3,149.4,133,168
Misin07G405600.1.v7.1,2,100,70.9,0.6404761904761904,0.892447839024203,1,168,107.6,204.3,142,164.4,91.7,144,102,368.1,300.4,332.3,154.5,227.8,212.9
Misin07G405900.1.v7.1,1,100,33.1,1.2433774834437086,0.964763742358364,1,60.4,75.1,50.9,37.3,37.7,58.3,54,47,91.7,78.9,76.2,98.2,85.4,98.1
Misin07G408300.1.v7.1,2,100,71.3,0.7583710407239819,0.136358203749429,0.384493747191189,110.5,83.8,165.8,111.6,138.6,126.1,133.5,103.6,298.7,236.1,280.2,212.4,211.2,216.2
Misin07G412000.1.v7.1,8,100,345.9,0.9560439560439561,0.985198391255787,1,263.9,252.29999999999998,5377,4471,4915.8,5096.6,5949,4469,9687.9,9459.4,9936.6,8586,9410.8,9327
Misin07G413400.1.v7.1,1,100,39.7,0.30747663551401866,0.00190751722212701,0.0175822043722426,107,32.9,84.4,56.9,48.7,32.5,23.4,15.1,152.1,120.4,98.4,54.8,37,31.5
Misin07G418700.1.v7.1,4,94.85,160.6,1.0492379835873389,0.999988641768632,1,85.3,89.5,103.7,92.7,91.8,123,109.8,93.9,186.8,196.1,185.6,207.2,173.7,196
Misin07G421700.1.v7.1,1,100,42,1.3462732919254659,0.97767585023455,1,64.4,86.7,148.1,75.2,64.1,133.7,135.3,100.9,266.8,159.1,129.6,225.2,214,210.6
Misin07G426900.1.v7.1,8,94.55,299.9,1.0488694383661563,0.430660929261174,0.867949091897299,137.1,143.8,1178.1000000000001,972.1999999999999,1127.3,1396.3000000000002,1410.8,1102.9,2122.7,2056.9,2278.7,2352.3,2231.7000000000003,2301.8
Misin07G429900.1.v7.1,5,100,197.2,0.5622071837584591,0.0128637813855353,0.069702453536172,192.1,108,1775.4,2101.4,1786.9,1174.2,1283.7,1031.5,3198.8,4446,3612,1978.1,2030.7,2152.8
Misin07G435900.1.v7.1,1,100,33.9,1.5106060606060607,0.363153583939343,0.772110322609774,66,99.7,76.7,61.8,65,117.9,131.7,74,138.2,130.8,131.4,198.6,208.3,154.4
Misin07G437200.1.v7.1,4,100,209.6,0.2621548035783742,1.1491051096435e-5,6.4326277822894e-4,257.1,67.4,3477.7,3247.9,3120.4,981,790.7,810.9,6265.9,6871.7,6307.5,1652.7,1250.8,1692.4
Misin07G438800.1.v7.1,1,91.3,36.6,1.5887096774193548,0.125360036250308,0.364355788813844,24.8,39.4,68.3,54,56.2,107.8,96,92.8,123.1,114.2,113.6,181.6,151.9,193.7
Misin07G447400.1.v7.1,5,100,217.7,0.7606473594548552,1.3078129505772e-4,0.00270364522896438,117.4,89.3,469.2,372.7,436.4,381.4,417.1,307.2,845.4,788.5,882.1,642.5,659.8,641.1
Misin07G453200.1.v7.1,6,100,283.8,0.7708628005657708,0.0355244857678457,0.145092810617267,141.4,109,612.6,532.8,582.9,520.9,545,416.4,1103.7,1127.3,1178.3,877.5,862.1,869
Misin07G454500.1.v7.1,1,100,35.4,1.2767584097859326,0.54073041054178,1,130.8,167,125.3,75.8,105.7,167.9,172.4,114.6,225.8,160.4,213.7,282.9,272.7,239.2
Misin07G455400.1.v7.1,1,100,33.9,0.8281786941580757,0.707340858925634,1,145.5,120.5,1498.4,1303.3,1402.4,1451.6,1377.1,1094.3,2699.7,2757.4,2834.8,2445.5,2178.4,2283.9
Misin07G459800.1.v7.1,7,95.57499999999999,296.6,1.195004029008864,0.852828208453406,1,124.1,148.3,338.09999999999997,248.7,279.5,373.59999999999997,396,306.8,609.1,526.1999999999999,565,629.4000000000001,626.4000000000001,640.3000000000001
Misin07G459900.1.v7.1,8,100,299.2,1.3140972794723826,0.0178527967269875,0.0889691120184975,363.9,478.20000000000005,418.59999999999997,435.1,392.6,525,523.1,409.40000000000003,754.3000000000001,920.6,793.6,884.4000000000001,827.4,854.5
Misin07G460500.1.v7.1,2,88.1,77.1,1.114616193480547,0.967738650369828,1,95.1,106,14.6,12,14.8,15.299999999999999,20.799999999999997,13.6,26.299999999999997,25.4,29.9,25.8,32.9,28.299999999999997
Misin07G463300.1.v7.1,1,100,44.7,1.2536231884057971,0.199958312184063,0.501705929391508,96.6,121.1,60.8,43.6,51,77.7,75.7,61.9,109.5,92.2,103.1,130.9,119.8,129.2
Misin07G464400.1.v7.1,2,100,80.5,1.1532912533814248,0.941602495355627,1,110.9,127.9,200.2,174,191.1,262.7,268.3,173.4,360.7,368.1,386.3,442.6,424.4,361.9
Misin07G465300.1.v7.1,6,100,273,1.2054195804195804,0.185851451398952,0.475445308446937,114.4,137.9,210.9,158.7,211.3,272,278.8,228.8,380,335.8,427.1,458.2,441,477.5
Misin07G465700.1.v7.1,3,96.2,159.8,0.7744565217391305,0.0243766798766395,0.111975822227708,73.6,57,178.7,155.1,147.4,155.8,157.6,111,322,328.1,298,262.5,249.3,231.7
Misin07G466300.1.v7.1,2,100,94,0.6098252243741143,0.148704190515694,0.410672353740248,211.7,129.1,970.5,741.1,1044.7,550.4,759.3,511,1748.6,1568,2111.7,927.2,1201.1,1066.5
Misin07G467100.1.v7.1,2,100,92.4,0.31640625,1.4038989859432e-4,0.00285036935510598,230.4,72.9,202.6,251.7,251.2,105.9,101.6,75.7,365,532.5,507.8,178.4,160.7,158
Misin07G468900.1.v7.1,4,98.525,167.5,0.8706786171574905,0.246171733503685,0.584928390776338,156.2,136,1252.5,1082.5,1315.7,1043.8,1260.4,967.2,2256.7,2290.3,2659.5,1758.5,1993.8,2018.6
Misin07G469300.1.v7.1,1,100,50.8,1.1876804619826757,0.975700064612324,1,103.9,123.4,367.1,288.8,298.6,466.2,458.5,252.5,661.4,611,603.6,785.4,725.3,527
Misin07G470800.1.v7.1,1,100,59.7,1.1791338582677167,0.416671155415059,0.846915124113016,101.6,119.8,61.6,37.4,61.4,77.7,76.4,68.7,111,79.1,124.1,130.9,120.9,143.4
Misin07G471300.1.v7.1,2,100,86.2,1.190625,0.508208680143424,0.972204020858641,96,114.3,279.8,182.9,310.8,356.4,357.7,347.3,504.1,387,628.2,600.4,565.8,724.8
Misin07G475800.1.v7.1,3,100,106.8,1.9346494213750849,4.59852423795315e-6,6.4326277822894e-4,146.9,284.2,1838.1000000000001,1481.7,1491.8000000000002,3580,3808.8,2973,3311.7999999999997,3134.7999999999997,3015.5,6031.1,6025.2,6204.8
Misin07G477100.1.v7.1,1,100,37.4,0.8076120959332638,0.400222183448051,0.822600324624278,191.8,154.9,273.6,367.7,199.9,236.3,215.2,194.9,493,778,404.1,398.1,340.4,406.8
Misin07G481200.1.v7.1,8,100,309,1.2815734989648033,0.159230654133246,0.43036873476812,48.3,61.9,67.5,41.1,53.4,92.2,87.4,64.5,121.6,87,107.9,155.3,138.3,134.6
Misin07G481300.1.v7.1,2,100,100.8,0.8055678303137428,0.888442462468974,1,226.3,182.3,185.1,122.3,163.6,156.5,162.8,128.8,333.5,258.8,330.7,263.7,257.6,268.9
Misin07G483000.1.v7.1,2,100,76.2,0.5631005765534914,4.40313631333566e-7,2.0990631432933e-4,156.1,87.9,159.2,131.1,133.4,88.1,110.4,74.8,286.8,277.4,269.7,148.4,174.6,156.1
Misin07G483400.1.v7.1,3,100,125.2,0.6938435940099834,0.445881492250102,0.890119870123403,120.2,83.4,29.3,31.1,32.5,31.4,28.8,21.5,52.8,65.8,65.7,52.9,45.6,44.9
Misin07G484100.1.v7.1,2,97.2,77.4,0.6038894575230297,6.4947006173399e-4,0.00824931564801808,195.4,118,175.5,172.1,166.9,126.6,128.4,97.6,316.2,364.1,337.4,213.3,203.1,203.7
Misin07G486500.1.v7.1,7,100,296.7,0.7844897959183673,0.2143389464654,0.528265963368075,122.5,96.1,1277.2,1318.5,1180.2,1098.9,1183.7,957.8,2301.2,2789.6,2385.6,1851.3,1872.5,1999
Misin07G487500.1.v7.1,2,100,72.4,0.5368832437713728,0.1343394044261,0.380435315232136,204.7,109.9,22.3,16.9,19.9,12.8,14.1,7.6,40.2,35.8,40.2,21.6,22.3,15.9
Misin07G490100.1.v7.1,2,100,102.4,1.4333333333333333,0.0127865429068436,0.069362775768667,87,124.7,304.6,216.1,227.9,391.9,419.1,311.8,548.8,457.2,460.7,660.2,663,650.7
Misin07G491000.1.v7.1,15,100,850.4999999999999,0.8162344983089064,0.112740457519228,0.334780309633526,266.1,217.20000000000002,3672.6,2493,2888.3999999999996,2689.7000000000003,2852.7,2239.4,6617,5274.5,5838.499999999999,4531.3,4512.7,4673.7
Misin07G496200.1.v7.1,1,100,38.1,1.4714424007744433,0.0236684956086204,0.109376165437587,103.3,152,94.8,74.3,69.5,129.4,146.2,120.1,170.8,157.2,140.5,218,231.3,250.7
Misin07G500000.1.v7.1,2,100,82.4,0.9196525515743758,0.647925722811037,1,92.1,84.7,842.7,818.4,694.2,801.5,882.6,674,1518.3,1731.5,1403.2,1350.3,1396.2,1406.7
Misin07G500800.1.v7.1,3,94.7,107.5,0.7576243980738363,0.00175785250506333,0.016587558317771,124.6,94.4,1796.3,1962.1,1692.8,1522.1,1638.7,1353.5,3236.4,4151.3,3421.8,2564.2,2592.3,2824.8
Misin07G506600.1.v7.1,3,100,122.5,0.3593859036985345,0.00334686201650614,0.0263983464677168,143.3,51.5,200.4,118.7,188,84.8,82.1,53.2,361.1,251.1,380,142.9,129.9,111
Misin07G512100.1.v7.1,18,100,1083.8000000000002,0.793408755533694,0.408821090924896,0.834856696344259,203.3,161.3,563.3,582.1,504.4,531.6,530.7,400.2,1014.9,1231.6000000000001,1019.6,895.6,839.5,835.3
Misin07G513900.1.v7.1,4,96.85,214.8,2.0438095238095237,0.00186507854392781,0.0173656297551029,52.5,107.3,46.4,37.400000000000006,38.9,143.1,142.2,113.1,83.60000000000001,79.2,78.7,241,225,236.1
Misin07G516500.1.v7.1,3,100,102.1,0.7879858657243817,0.0193488761522596,0.094353480352958,141.5,111.5,1177.6,834.7,1161.2,1009,1057.5,757.8,2121.7,1766,2347.2,1699.8,1672.9,1581.6
Misin07G519500.1.v7.1,1,100,37.7,4.1273209549071614,4.77898622897044e-8,6.70070092669055e-5,75.4,311.2,73.4,49.2,54.2,240,285.8,222.6,132.2,104.1,109.6,404.3,452.1,464.6
Misin07G520100.1.v7.1,1,100,40.8,1.0818858560794045,0.329899386632312,0.71738269640582,120.9,130.8,28.9,18.6,24.7,40.3,34,25.9,52.1,39.4,49.9,67.9,53.8,54.1
Misin07G520700.1.v7.1,1,100,40.8,1.5753575357535752,0.00133402770134883,0.0137415230291057,90.9,143.2,18.8,14,15.3,31.3,30.8,21.6,33.9,29.6,30.9,52.7,48.7,45.1
Misin07G522200.1.v7.1,5,98.675,199.4,0.892782060266293,0.0971711971428201,0.299249481297525,142.7,127.4,439.3,339.8,327.09999999999997,361.3,389.8,280.4,791.5,718.9000000000001,661.2,608.6,616.7,585.2
Misin07G527000.1.v7.1,12,100,472.2,1.6416666666666666,0.0025378982014181402,0.0217363350781114,180,295.5,476,437.7,382.3,819.1,945.4,764.6,857.7,926.1,772.8,1379.9,1495.6,1595.7
Misin07G527200.1.v7.1,2,100,80.5,0.34910913140311806,2.761055012459e-4,0.00469418739493394,179.6,62.7,304.8,382.3,342,140.2,156.6,115.6,549.2,808.8,691.3,236.2,247.7,241.3
Misin07G529100.1.v7.1,1,100,47.4,0.626636311895276,0.17113480512909,0.448605434406356,175.7,110.1,173,198.2,117.4,116,98.4,96.1,311.7,419.3,237.3,195.4,155.7,200.6
Misin07G531600.1.v7.1,1,100,41.6,0.9057377049180327,0.90832309603712,1,122,110.5,65.8,65.3,54.6,65.9,67.9,49.3,118.6,138.2,110.4,111,107.4,102.9
Misin07G531700.1.v7.1,1,100,38.9,0.850190114068441,0.345945760064911,0.745848038588569,131.5,111.8,215.2,176.5,194.7,195.7,225.3,150.3,387.7,373.4,393.6,329.7,356.4,313.7
Misin07G537000.1.v7.1,1,100,38.1,0.5802469135802468,0.124479291481687,0.362281854915445,145.8,84.6,99.1,60.2,74.2,47.7,55,61.4,178.6,127.4,150,80.4,87,128.1
Misin07G538300.1.v7.1,1,100,57,1.2576312576312576,0.0910446446291829,0.284907463487095,81.9,103,569.8,432.6,545.7,766.9,803.6,697.3,1026.6,915.3,1103.1,1292,1271.2,1455.3
Misin07G540400.1.v7.1,24,100,1114.7,1.1631250000000002,1.861104885994e-4,0.00352353423848714,160,186.10000000000002,670.9000000000001,583.9,535.6999999999999,915.8,1043.9,802.6,1208.8,1235.4,1082.8,1542.8,1651.3999999999999,1675.1
Misin07G541500.1.v7.1,3,100,108.2,0.7297687861271676,0.0227677726368446,0.106626036918285,138.4,101,398.1,326.6,355.5,331.8,330.9,232.5,717.3,691,718.6,559,523.5,485.2
Misin07G542400.1.v7.1,2,100,80.5,0.4987146529562982,2.3175982834755e-4,0.00419137122040389,155.6,77.6,756.4,921.2,740.8,429.5,477.7,358,1362.8,1949,1497.4,723.6,755.7,747.2
Misin07G542900.1.v7.1,10,100,423.2,1.1061343719571566,0.535908667333762,1,102.7,113.6,520.3000000000001,420.40000000000003,429.09999999999997,629.6999999999999,633.8000000000001,459.6,937.4000000000001,889.4,867.4,1060.9,1002.6,959.2
Misin07G544600.1.v7.1,6,100,264.8,0.6015063334474494,1.9621057272867e-4,0.00365095644930572,292.1,175.7,1170.5,1008,1139.5,918.8,1002.3,763,2109,2132.7,2303.4,1547.8999999999999,1585.6,1592.3999999999999
Misin07G547500.1.v7.1,1,100,42.7,0.45983522142121525,2.57143773338964e-5,9.1345439363748e-4,194.2,89.3,642,569.8,675.5,315.7,350.5,293.5,1156.7,1205.5,1365.4,531.8,554.5,612.5
Misin07G548500.1.v7.1,6,100,375.6,0.2,1.00594910179552e-8,2.17980025367255e-5,804.5,160.9,350.9,302.4,288.8,71.3,71.2,63.4,632.3,639.8,583.8000000000001,120.1,112.6,132.29999999999998
Misin07G551800.1.v7.1,1,100,37.7,1.728079911209767,0.0145308124961101,0.0759553611090527,90.1,155.7,51.7,53.4,47.8,95.2,122.8,80,93.1,113,96.6,160.4,194.3,167
Misin07G553000.1.v7.1,1,100,42.4,0.4704724409448819,0.0365708424520002,0.147916098268598,203.2,95.6,459.5,703.8,564,318.2,332.8,275.5,827.9,1489,1140.1,536.1,526.5,575
Misin07G553500.1.v7.1,2,100,73.2,1.620583717357911,0.0623362857490231,0.214006583193679,65.1,105.5,40.2,25.3,32.4,63,69.4,36.9,72.4,53.5,65.5,106.1,109.8,77
Misin07G554600.1.v7.1,1,68,37.7,0.7919799498746868,0.547963079492717,1,39.9,31.6,23.9,22.8,23.8,22.8,22.2,18.3,43.1,48.2,48.1,38.4,35.1,38.2
Misin07G555700.1.v7.1,1,100,35.4,0.46380178087495155,0.329628566315103,0.71738269640582,258.3,119.8,206.7,207.8,229.2,114.9,137.1,97.7,372.4,439.6,463.3,193.6,216.9,203.9
Misin08G002100.1.v7.1,4,100,151.70000000000002,0.6231578947368421,0.00450416040865864,0.0328925145529373,142.5,88.8,570.8,561.5,504.2,396.4,404.9,294.6,1028.4,1188,1019.2,667.8,640.5,614.8
Misin08G005800.1.v7.1,1,100,53.1,0.9153789551140544,0.572982951103061,1,135.9,124.4,282.7,281.2,251.9,276.7,304.8,198.9,509.3,594.9,509.2,466.1,482.2,415.1
Misin08G007700.1.v7.1,3,100,122.4,0.43214285714285716,0.00670114526840526,0.0443074892143434,140,60.5,41.5,49.2,50.9,26.4,27.3,28.8,74.8,104.1,102.9,44.5,43.2,60.1
Misin08G010600.1.v7.1,1,100,50.1,0.8601036269430052,0.106331296598482,0.320135504069903,77.2,66.4,77.7,71.3,65.8,73.3,66.4,57.7,140,150.9,133,123.5,105,120.4
Misin08G017100.1.v7.1,7,100,275,0.8867713004484306,0.341032271342353,0.737377106287766,178.39999999999998,158.2,293.79999999999995,284.2,274.5,275.6,306.90000000000003,243.1,529.4,601.3000000000001,554.9,464.3,485.5,507.3
Misin08G021600.1.v7.1,1,95.2,38.9,0.9721189591078067,0.993119197661194,1,53.8,52.3,22.7,16.4,22,23.6,25,24,40.9,34.7,44.5,39.8,39.5,50.1
Misin08G024500.1.v7.1,1,100,50.4,0.8062015503875968,0.99999184449179,1,38.7,31.2,13.5,10.9,6.2,10.6,12.3,8.9,24.3,23.1,12.5,17.9,19.5,18.6
Misin08G028800.1.v7.1,2,100,69.4,1.2553191489361701,0.513631308459512,0.979354921081588,37.6,47.2,14,8.7,11.9,19.9,14.2,14.5,25.2,18.4,24.1,33.5,22.5,30.3
Misin08G031200.1.v7.1,15,87.5,515.1,1.0269679300291545,0.923122155006763,1,137.2,140.9,929.1,758.6,791.2,1076.5,1032.7,792,1674,1605,1599.3000000000002,1813.4999999999998,1633.6000000000001,1652.8999999999999
Misin08G031400.1.v7.1,1,100,40,1.4002447980416157,0.510841503436368,0.975326520608619,81.7,114.4,65.4,76.8,57.1,98,95.8,84.7,117.8,162.5,115.4,165.1,151.5,176.8
Misin08G034300.1.v7.1,2,100,82.4,0.78705636743215035,0.144631379670965,0.402831685655191,95.8,75.4,21.1,18.3,28.1,18.1,21.2,9.2,38,38.7,56.8,30.5,33.5,19.2
Misin08G045300.1.v7.1,2,100,85.5,1.0653409090909092,0.999999999343072,1,105.6,112.5,157.5,163.2,139.8,184.2,191.2,140.8,283.8,345.3,282.6,310.3,302.5,293.9
Misin08G045800.1.v7.1,2,94.45,83.6,3.361185983827493,0.00801908531235418,0.0493132997388445,37.1,124.7,28.5,31.2,29.2,109.2,125.4,129.8,51.3,66,59,184,198.4,270.9
Misin08G052700.1.v7.1,1,89.5,38.1,0.9951219512195121,0.99985827795488,1,41,40.8,15.9,16.5,15.9,20.2,20.2,11.1,28.6,34.9,32.1,34,32,23.2
Misin08G052900.1.v7.1,23,100,995.5,0.28694891149764795,7.07451754893285e-5,0.00183459295327791,914.1,262.3,8280.2,5732,9371.599999999999,2234.8,2497.3,1648.3,14918.699999999999,12127.400000000001,18943.6,3764.8999999999996,3950.5,3440.1
Misin08G053500.1.v7.1,1,93.3,64.7,0.5915915915915916,0.859082786974319,1,33.3,19.7,7.3,0,4.2,7.2,3.7,3,13.2,0,8.5,12.1,5.9,6.3
Misin08G055100.1.v7.1,2,100,97.8,1.0407149950347567,0.986155941615626,1,100.7,104.8,182.2,140.3,150,179.60000000000002,202.89999999999998,159,328.2,296.79999999999995,303.2,302.5,321,331.9
Misin08G057200.1.v7.1,1,100,34.7,0.7386692381870781,0.0621814293426705,0.213757065237912,103.7,76.6,213.3,156.4,185,169.2,174.5,105,384.3,330.9,374,285,276,219.1
Misin08G063500.1.v7.1,5,100,224.2,0.954001839926403,0.895528002461907,1,108.7,103.7,522.9,524.5,446.3,533.7,564,473,942.1,1109.7,902.1,899.1,892.2,987.2
Misin08G075200.1.v7.1,3,93.775,131.3,0.6657496561210453,0.00847809566934221,0.0511345871392816,145.4,96.8,44.1,35.6,39.3,31.4,31.7,29.9,79.5,75.3,79.4,52.9,50.1,62.4
Misin08G086400.1.v7.1,2,100,77.8,0.9822934232715009,0.982911783465941,1,118.6,116.5,158.8,144.8,169.9,162.2,195.9,144.2,286.1,306.4,343.4,273.3,309.9,301
Misin08G087500.1.v7.1,1,100,35.8,0.8629568106312292,0.901107907676066,1,120.4,103.9,338.9,250.6,275.5,285.4,297,254.6,610.6,530.2,556.9,480.8,469.8,531.4
Misin08G093300.1.v7.1,2,94.8,90.5,1.1053604436229205,0.705828424161007,1,54.1,59.8,149.3,121.4,103.1,171.8,170,136.1,269,256.8,208.4,289.4,268.9,284
Misin08G098900.1.v7.1,2,100,87,0.9866814650388459,0.999999996822795,1,90.1,88.9,306.5,221.9,251.3,287.3,316.6,258.4,552.2,469.5,508,484,500.8,539.3
Misin08G103000.1.v7.1,1,100,45.4,0.5144957125357289,0.066390477901771,0.224720737186398,244.9,126,119,180.6,108.4,87.8,71.3,50.8,214.4,382.1,219.1,147.9,112.8,106
Misin08G103300.1.v7.1,3,100,139.4,1.1586102719033233,0.394334755313288,0.816838726657473,66.2,76.7,289.6,258,218.2,369.5,381.9,277.6,521.8,545.9,441.1,622.5,604.1,579.4
Misin08G119400.1.v7.1,1,100,34.3,0.8814878892733565,0.351010727451924,0.752062175239915,115.6,101.9,47.7,38.1,41.7,44.1,47.3,23.7,85.9,80.6,84.3,74.3,74.8,49.5
Misin08G122800.1.v7.1,1,100,46.2,1.2591145833333335,0.0312042249180792,0.131132564377175,76.8,96.7,30.2,26.2,24.2,37.1,43.3,36,54.4,55.4,48.9,62.5,68.5,75.1
Misin08G123100.1.v7.1,6,100,244.6,1.1118881118881119,0.172932527852039,0.452323025774302,114.4,127.2,163.5,141.8,150.1,219.79999999999998,225.1,186.60000000000002,294.6,300,303.4,370.3,356.09999999999997,389.4
Misin08G123500.1.v7.1,6,100,234.5,1.0519074421513446,0.354321488759166,0.75724979880422,159.9,168.2,68.5,51.699999999999996,52.8,74.2,80.39999999999999,59.9,123.39999999999999,109.4,106.7,125,127.19999999999999,125
Misin08G126300.1.v7.1,1,100,60.5,2.116216216216216,0.416946169181611,0.846936663489413,37,78.3,37.5,39,37.3,94.6,103.4,71.6,67.6,82.5,75.4,159.4,163.6,149.4
Misin08G129900.1.v7.1,1,100,37.4,0.6244266055045872,0.0251358560385403,0.1138605060438,174.4,108.9,39.9,36.6,47,28.7,32.2,20.4,71.9,77.4,95,48.3,50.9,42.6
Misin08G130300.1.v7.1,4,100,188.6,0.6223990208078335,9.6270090675743e-4,0.010812678756102,163.4,101.7,151.2,116.4,168.2,111.7,105.9,81.2,272.4,246.3,340,188.2,167.5,169.5
Misin08G136000.1.v7.1,28,100,1413.1,1.0617202889034798,0.426845515299835,0.863032462692923,304.6,323.4,3336.2999999999997,2780.7,2958,3275.7999999999997,3310.8,2413.2,6011.1,5883.2,5979.200000000001,5518.7,5237.4,5036.4000000000005
Misin08G139300.1.v7.1,1,88.2,34.7,0.766721044045677,0.0284707639932478,0.123539080872839,122.6,94,200.9,156.7,191.2,164.9,175.6,118.2,362,331.5,386.5,277.8,277.8,246.7
Misin08G145900.1.v7.1,3,100,123.9,1.097678916827853,0.736069852355346,1,103.4,113.5,309.1,200.3,288.7,368.3,386.5,246.7,556.9,423.8,583.6,620.5,611.4,514.9
Misin08G146800.1.v7.1,5,100,237.5,1.5728587319243603,0.0258220231419122,0.116087088572354,89.9,141.4,447.7,375.7,424.2,707.3,822.5,608.1,806.6,794.9,857.5,1191.6,1301.1,1269.1
Misin08G147200.1.v7.1,2,100,99,0.9871205151793928,0.972457647043128,1,108.7,107.3,225.5,176.5,219.4,238,261.7,175.6,406.3,373.4,443.5,401,414,366.5
Misin08G147800.1.v7.1,2,97.05,77.4,0.6954459203036053,0.0795063306254533,0.257453185272151,105.4,73.3,75.7,76.6,69.3,57.8,68.1,42.3,136.4,162.1,140.1,97.4,107.7,88.3
Misin08G148700.1.v7.1,1,100,34.7,1.0796555435952637,0.75471388995607,1,92.9,100.3,232.8,203.6,184.6,266.3,324,217,419.4,430.8,373.1,448.6,512.5,452.9
Misin08G149800.1.v7.1,3,100,113.1,1.2706270627062706,0.797792684986156,1,30.3,38.5,44.6,30.7,30.9,51.3,46.6,39.5,80.4,65,62.5,86.4,73.7,82.4
Misin08G152200.1.v7.1,1,100,70.1,1.8566775244299674,0.383215169956644,0.798314699448224,61.4,114,38.3,29.1,33.8,75.3,84,55.1,69,61.6,68.3,126.9,132.9,115
Misin08G160600.1.v7.1,2,100,74.8,1.0074866310160429,0.937263767129153,1,93.5,94.2,147.7,122.7,116.5,177,165.2,118.7,266.1,259.6,235.5,298.2,261.3,247.7
Misin08G161000.1.v7.1,1,100,42,0.49220595181861126,8.4089383166607e-4,0.0100017691475013,211.7,104.2,263.2,282.6,288.6,170.5,181.5,149.7,474.2,597.9,583.4,287.2,287.1,312.4
Misin08G173400.1.v7.1,2,97.85,89.7,1.0227272727272727,0.998856051591298,1,26.4,27,62.4,44.6,51.3,60.8,75,50.7,112.4,94.4,103.7,102.4,118.6,105.8
Misin08G176300.1.v7.1,1,100,42.4,0.5427350427350427,0.0010876013026887,0.0117622797871542,163.8,88.9,47.9,34,47.9,27.8,22.3,23.4,86.3,71.9,96.8,46.8,35.3,48.8
Misin08G177500.1.v7.1,1,91.7,45.4,1.0272108843537413,0.905876354183539,1,44.1,45.3,12.9,18.3,16.1,19.8,21.1,18.9,23.2,38.7,32.5,33.4,33.4,39.4
Misin08G189600.1.v7.1,6,100,239,1.1409395973154361,0.88931612978912,1,59.6,68,223.1,157.4,184.3,288.7,268.7,196,402,333,372.5,486.4,425.1,409.1
Misin08G195600.1.v7.1,3,100,111.2,0.8385370205173952,0.933752768374871,1,112.1,94,14.5,8.3,14.5,13,14.6,8.4,26.1,17.6,29.3,21.9,23.1,17.5
Misin08G198300.1.v7.1,5,98.6,187.39999999999998,1.4717514124293787,0.0483296508018017,0.178879744799961,106.2,156.3,303.09999999999997,373.59999999999997,252.89999999999998,626.3,577.9,580.5,546.0999999999999,790.5,511.20000000000005,1055.1000000000001,914.1999999999999,1211.5
Misin08G201500.1.v7.1,2,96.2,105.6,0.702903946388682,0.00353738847477614,0.0276721994370738,134.3,94.4,277.5,191.9,214.8,181.2,210.3,138.7,500,406,434.2,305.3,332.7,289.5
Misin08G201800.1.v7.1,2,100,82,1.350413223140496,0.292469496009807,0.65757138066242,121,163.4,56.2,39.2,49.4,66.2,85.2,68,101.3,82.9,99.9,111.5,134.8,141.9
Misin08G204900.1.v7.1,4,100,157.2,1.0246252676659529,0.999999558106655,1,93.4,95.7,2103.2,1969.4,1721.5,2303.4,2316.8,1877.1,3789.4,4166.7,3479.8,3880.5,3665,3917.6
Misin08G212600.1.v7.1,1,91.9,70.5,1.258836944127708,0.1458618219326,0.405122627311285,87.7,110.4,42.5,33.3,27.3,47.6,56.1,72.9,76.6,70.5,55.2,80.2,88.7,152.1
Misin08G213300.1.v7.1,5,100,217.2,1.113532110091743,0.187337768198316,0.477683252329382,174.4,194.2,71.8,68.9,70.6,102,100.1,91,129.4,145.8,142.7,171.79999999999998,158.3,189.89999999999998
Misin08G213500.1.v7.1,2,96.65,88.19999999999999,1.738719832109129,0.0132738306083781,0.0708929030654939,95.3,165.7,653.1,420.7,408.8,830.6,978.6,797.4,1176.7,890.1,826.3,1399.3,1548.1,1664.2
Misin08G217000.1.v7.1,1,100,38.1,0.9180327868852459,0.999999594576636,1,85.4,78.4,37.5,33.7,23.4,36.8,40.3,26.8,67.6,71.3,47.3,62,63.8,55.9
Misin08G219100.1.v7.1,4,100,176.8,0.8763079222720478,0.644288947127879,1,267.6,234.5,366.8,250.6,380.4,344.6,362.3,279.2,660.9,530.2,768.9000000000001,580.6,573.1,582.7
Misin08G220300.1.v7.1,2,96.3,89.8,0.6659108087679515,0.00802684857283031,0.0493253475115423,132.3,88.1,981.7,716.5,886.5,698.8,725.6,570.9,1768.8,1515.9,1791.9,1177.2,1147.8,1191.5
Misin08G225900.1.v7.1,2,100,94.8,1.1770045385779122,0.372351431028394,0.782398518747888,66.1,77.8,51.3,31.8,48.5,64.6,76.7,52,92.4,67.3,98,108.8,121.3,108.5
Misin08G227600.1.v7.1,1,100,43.5,0.749003984063745,0.204861403324208,0.510515045440233,75.3,56.4,137.3,110.6,111.1,125.5,110.7,72.6,247.4,234,224.6,211.4,175.1,151.5
Misin08G231600.1.v7.1,27,100,1186.3,0.7912274736484188,0.0120966762569488,0.066667370002458,294.1,232.7,1320,1003.8,1147.8,1034.9,1238.1,904.3,2378.3,2123.8,2320.1,1743.5,1958.5,1887.3
Misin08G231700.1.v7.1,2,100,66.2,1.4866743916570107,0.00795153082716316,0.0493132997388445,86.3,128.3,646.2,682.8,489.7,1027.9,996.6,898.8,1164.3,1444.6,989.9,1731.7,1576.5,1875.8
Misin08G235000.1.v7.1,2,92,88.6,1.5718562874251498,0.733768912519016,1,66.8,105,626.8,743.6,711.8,1344.3,1252.7,1082.3,1129.3,1573.3000000000002,1438.8,2264.7000000000003,1981.6,2258.9
Misin08G243700.1.v7.1,1,100,42,0.7516158818097877,0.280349675393454,0.637819009951937,108.3,81.4,29.4,14.4,17.4,17.4,16.7,10.5,53,30.5,35.2,29.3,26.4,21.9
Misin08G246000.1.v7.1,16,94.4,665.1,1.2246469833119384,0.0884063432928185,0.279143409554593,77.9,95.4,245.9,211.8,207.7,328.20000000000005,316.4,249.8,443,448.1,419.90000000000003,552.9,500.5,521.3000000000001
Misin08G250800.1.v7.1,4,100,155.60000000000002,0.9978991596638654,0.999991057489768,1,142.8,142.5,557.7,389.4,537.8,608.3,593.8,480.4,1004.8,823.9,1087.1,1024.8,939.3,1002.6
Misin08G254300.1.v7.1,1,100,38.1,0.6707818930041153,0.476593077292273,0.932763639935434,24.3,16.3,83.3,77.1,97,64.8,68.9,53.6,150.1,163.1,196.1,109.2,109,111.9
Misin08G257500.1.v7.1,1,100,82.8,1.190580503833516,0.528096177282211,0.995153805178178,91.3,108.7,195.6,144.8,174.5,241.1,265.2,202,352.4,306.4,352.7,406.2,419.5,421.6
Misin08G259100.1.v7.1,5,100,190.10000000000002,0.7822527832351016,0.0103293957650196,0.0596825951509448,305.4,238.9,1808.1,1818,1645.8,1491.7,1587,1169.1,3257.7,3846.4,3326.7,2513,2510.4,2440
Misin08G263400.1.v7.1,2,100,66.6,1.0268336314847943,0.974232065697289,1,111.8,114.8,107.5,73.6,110.7,118,138.3,94.8,193.7,155.7,223.8,198.8,218.8,197.9
Misin08G265000.1.v7.1,1,100,42,0.6417910447761194,0.120061062381022,0.351439946323718,147.4,94.6,267.7,268.9,232,183.8,227.1,136.2,482.3,568.9,469,309.6,359.3,284.3
Misin08G266700.1.v7.1,2,100,78.6,1.2584118438761778,7.76942960419857e-5,0.00193918454498091,74.3,93.5,315.29999999999995,262.2,288.09999999999997,438.2,431.7,349.1,568,554.8,582.4,738.1999999999999,682.9,728.6
Misin08G276600.1.v7.1,1,100,35,0.9748822605965463,0.999999999969621,1,127.4,124.2,166.6,103.9,134.5,175.2,167.5,110.3,300.2,219.8,271.9,295.2,265,230.2
Misin08G278500.1.v7.1,2,100,112.4,1.0980392156862746,0.999270152145567,1,35.7,39.2,66.6,44.8,64.3,78.1,84.2,48.8,120,94.8,130,131.6,133.2,101.8
Misin08G281600.1.v7.1,3,100,132.5,2.3932926829268295,4.0759205541962e-4,0.00609495874089222,65.6,157,186.9,114.1,125.8,368.1,384.6,285.2,336.7,241.4,254.3,620.1,608.4,595.2
Misin08G291700.1.v7.1,2,100,83.2,2.3369565217391304,0.145233607641465,0.403801268137402,46,107.5,56.1,39.7,38.6,146.8,122.3,94,101.1,84,78,247.3,193.5,196.2
Misin08G291800.1.v7.1,7,100,300.4,1.1979865771812077,0.26930263435999,0.621283158401541,208.60000000000002,249.89999999999998,647.3000000000001,563.1999999999999,552.8,766.6999999999999,858.8,609.4,1166.3,1191.5,1117.4,1291.7,1358.5,1271.8
Misin08G298800.1.v7.1,5,100,182.7,0.8672768878718534,0.99999994611751,1,43.7,37.9,31.8,23.1,31,42.2,31.4,22.9,57.3,48.9,62.7,71.1,49.7,47.8
Misin08G300500.1.v7.1,1,100,37,0.9351510685335299,0.895405766292898,1,135.7,126.9,184.7,160.6,187,188.6,195.5,176.7,332.8,339.8,378,317.7,309.3,368.8
Misin08G301100.1.v7.1,5,100,200.9,1.3260393873085339,0.00231273671355092,0.0203945217551609,91.4,121.2,460.9,421.5,379,609.5,722.8,527.6,830.4,891.8,766.1,1026.8,1143.4,1101.1
Misin08G308200.1.v7.1,32,100,1280.5,1.0730101735487734,0.375794061145983,0.787258502502694,167.1,179.3,1962.8999999999999,1773,1660.5,2303.2,2384,1871.3,3536.6000000000004,3751.2,3356.3999999999996,3880.2000000000003,3771.2999999999997,3905.6000000000004
Misin08G314700.1.v7.1,3,100,114.8,1.4646596858638743,0.0569002554173996,0.200918835515078,76.4,111.9,114,77,105.6,178.4,183.8,149.3,205.4,162.9,213.5,300.5,290.8,311.6
Misin08G316800.1.v7.1,4,98.55,204.5,1.2586719524281467,0.00632883901996506,0.0423509845255158,100.9,127,237.3,182.2,176,312.2,292.9,242.3,427.6,385.5,355.70000000000005,525.9,463.4,505.7
Misin08G316900.1.v7.1,1,95.8,48.5,1.1357850070721356,0.363001199753976,0.772110322609774,70.7,80.3,268.6,241.9,216.9,337.3,313,263.4,483.9,511.8,438.4,568.2,495.1,549.7
Misin08G317000.1.v7.1,1,100,37,1.0064350064350065,0.999162333900682,1,155.4,156.4,71.9,72,64.9,72.5,88.4,63.3,129.5,152.3,131.2,122.1,139.8,132.1
Misin08G317600.1.v7.1,3,100,110.5,1.1323671497584542,0.953465216682176,1,103.5,117.2,470.8,336.5,350.5,478.4,516.9,383.3,848.3,711.9,708.5,805.9,817.7,800
Misin08G317700.1.v7.1,1,100,38.5,0.4518918918918919,0.00165226765305515,0.0159189376629841,185,83.6,89.6,79.6,78.7,43.3,51.6,34.8,161.4,168.4,159.1,72.9,81.6,72.6
Misin08G321400.1.v7.1,7,98.325,270.6,0.9917695473251029,0.999977872370627,1,121.5,120.5,520.9,635.7,348,586.7,588.2,434.8,938.5,1345,703.4,988.4,930.5,907.4
Misin08G322100.1.v7.1,1,96,56.2,0.9871175523349436,0.990414619902169,1,62.1,61.3,27.2,21.6,26.5,36.2,30.6,23.2,49,45.7,53.6,61,48.4,48.4
Misin08G323700.1.v7.1,1,100,33.5,0.8415003024803387,0.319371011194224,0.703105885547752,165.3,139.1,128.8,123.9,146.7,135.4,133.4,105.7,232.1,262.1,296.5,228.1,211,220.6
Misin08G327300.1.v7.1,1,100,49.3,0.40893470790378006,0.0495096938825305,0.182031939439148,145.5,59.5,18.2,9.9,14.4,7.8,7.5,5.7,32.8,20.9,29.1,13.1,11.9,11.9
Misin08G333800.1.v7.1,1,95.8,39.3,1.1877637130801688,0.235260491144457,0.567091489585359,94.8,112.6,72.8,51.6,55.9,79.6,87.2,64.3,131.2,109.2,113,134.1,137.9,134.2
Misin09G001000.1.v7.1,2,100,72.4,1.1668362156663277,0.267850527551262,0.619674246715114,98.3,114.7,25.5,16.8,20.2,28.3,27.5,26.1,45.9,35.5,40.8,47.7,43.5,54.5
Misin09G005900.1.v7.1,11,100,452,1.5709969788519635,7.11639808377296e-5,0.00183521427524209,231.70000000000002,364,870.4,613.6,795.4,1262.8,1519.9,1161.5,1568.2,1298.1999999999998,1607.8,2127.4,2404.4,2424.1
Misin09G009200.1.v7.1,12,100,449.3,1.1591179976162096,0.675832607112647,1,167.8,194.5,681.2,502.1,455.5,696.1999999999999,593.8,478.5,1227.3,1062.3000000000002,920.8000000000001,1172.9,939.4,998.5999999999999
Misin09G014000.1.v7.1,4,100,164.9,0.83987915407854985,0.943506345766859,1,132.4,111.2,122.8,149.7,137.6,136.1,150.7,111.9,221.3,316.7,278.1,229.3,238.4,233.5
Misin09G016900.1.v7.1,1,100,42,1.080349344978166,0.947274158577252,1,114.5,123.7,686.6,728.8,726.1,940.9,875.1,827,1237.1,1541.9,1467.7,1585.1,1384.3,1726
Misin09G018200.1.v7.1,6,100,243.7,2.072312703583062,0.00514504899299162,0.0362189568213078,153.5,318.1,1081.9,665.6,817.7,1867.7,2021.1000000000001,1480.1,1949.3,1408.2,1652.9,3146.5,3197.1000000000004,3089
Misin09G019700.1.v7.1,1,100,40.8,1.0180541624874624,0.989823076729492,1,99.7,101.5,219.8,152.2,189.3,232.1,246.2,184.7,396,322,382.6,391,389.5,385.5
Misin09G021900.1.v7.1,10,100,466.1,1.4586024662360537,0.00166739661988791,0.0160517228722327,170.3,248.39999999999998,3476.5,2801.6,2991.3999999999996,5394.3,5441.3,4335.8,6263.6,5927.4,6046.7,9087.6,8607.6,9049
Misin09G029200.1.v7.1,1,97,69.7,1.0943643512450851,0.854673481261779,1,76.3,83.5,13.4,5.3,9.6,12.6,13.5,9.7,24.1,11.2,19.4,21.2,21.4,20.2
Misin09G029300.1.v7.1,2,100,78.5,1.6548856548856548,0.00387314846859144,0.0294013907316387,96.2,159.2,327.1,239.8,258.7,582.4,546.8,348.8,589.3,507.4,522.9,981.2,865,728
Misin09G029600.1.v7.1,7,96.2,347.8,1.4285714285714286,0.0736622051655526,0.243153624473911,151.2,216,610.9,516.3,455.79999999999995,1191.6,1170.5,852,1100.6,1092.4,921.3,2007.5,1851.7,1778.1000000000001
Misin09G032500.1.v7.1,1,100,34.3,0.7857878475798147,0.0338935383024795,0.140087806307942,97.1,76.3,38,30.3,36.4,33,34,19.2,68.5,64.1,73.6,55.6,53.8,40.1
Misin09G040400.1.v7.1,1,100,39.7,1.037190082644628,0.999976496401667,1,24.2,25.1,69.4,60.5,60,87.3,72.1,62.1,125,128,121.3,147.1,114.1,129.6
Misin09G054200.1.v7.1,2,100,75,0.6289752650176679,0.0105064930470302,0.0603496919988914,141.5,89,172.4,118.9,193.4,115.9,132.8,93.2,310.6,251.6,390.9,195.3,210.1,194.5
Misin09G056900.1.v7.1,1,100,41.6,0.6208368915456876,0.050024032109663,0.183296315942333,117.1,72.7,272.7,179.5,232.8,180.8,184.5,132.6,491.3,379.8,470.6,304.6,291.9,276.7
Misin09G057300.1.v7.1,3,100,132.6,0.4897959183673469,2.2602245157921e-4,0.00410943642703438,171.5,84,1697.6,1267.6,1944.7,902.9,946.3,675.1,3058.6,2681.9,3931,1521.1,1497,1409
Misin09G064200.1.v7.1,12,100,491.29999999999995,1.2059800664451827,0.308317437029206,0.684746236704292,180.6,217.8,4315.5,4513.2,3734.5,5729.7,6090,4363,7775.3,9548.7,7548.9,9652.7,9633.800000000001,9105.8
Misin09G070600.1.v7.1,1,100,50.1,0.9537444933920705,0.999999996681072,1,45.4,43.3,51.5,39.3,46.9,55.9,53.4,42.4,92.8,83.1,94.8,94.2,84.5,88.5
Misin09G074000.1.v7.1,7,100,316.1,1.1078293483356774,0.386501535068697,0.80396636616611,213.3,236.3,176.9,93.7,119.39999999999999,186.3,198.2,161.79999999999998,318.70000000000005,198.20000000000002,241.3,313.90000000000003,313.59999999999997,337.6
Misin09G083700.1.v7.1,3,98,125.1,0.736992159657876,0.0204591578927522,0.0981765869162441,140.3,103.4,283.4,247.3,271.2,226.3,247.1,184.8,510.6,523.2,548.2,381.2,390.9,385.7
Misin09G098100.1.v7.1,1,100,51.6,0.7496998799519808,0.0124796650167321,0.0683514005833703,166.6,124.9,79.5,70.5,89.6,66.4,69.9,58.1,143.2,149.2,181.1,111.9,110.6,121.3
Misin09G102100.1.v7.1,6,100,205.79999999999998,0.720950704225352,0.00935767881273308,0.0549248047722989,113.60000000000001,81.89999999999999,672.8,504,476.5,413.4,415.3,321.09999999999997,1212.2,1066.3,963.2,696.4,657,670.1
Misin09G102400.1.v7.1,3,94.45,104.69999999999999,1.2823529411764707,0.539780715887979,1,85,109,20.799999999999997,18.6,19.5,27.6,33.9,22.299999999999997,37.5,39.3,39.4,46.5,53.599999999999994,46.5
Misin09G104100.1.v7.1,1,77.8,33.5,0.6516483516483517,0.0883231322469009,0.279080413428058,182,118.6,268.9,160.1,183,151.2,152.3,104,484.5,338.7,369.9,254.7,240.9,217.1
Misin09G105000.1.v7.1,6,100,257.2,1.7873831775700937,0.289879776448626,0.654006091001368,42.8,76.5,571.6,414.5,391.8,1021.9,990.2,639.8,1029.9,877,792,1721.6,1566.4,1335.3
Misin09G107800.1.v7.1,1,100,38.5,0.7545717035611165,0.69514469750404,1,207.8,156.8,84.6,76.7,82.3,70.1,77.4,70.1,152.4,162.3,166.4,118.1,122.4,146.3
Misin09G108600.1.v7.1,5,93.8,185.6,1.2256097560975612,0.984635175219268,1,32.8,40.2,64.8,45.8,55.5,81.7,86.9,58.3,116.8,96.9,112.2,137.6,137.5,121.7
Misin09G109900.1.v7.1,1,100,37.4,1.3285229202037352,0.0893174668877634,0.281349430518928,117.8,156.5,46.3,30.5,37.3,62.1,62.2,48,83.4,64.5,75.4,104.6,98.4,100.2
Misin09G113800.1.v7.1,9,100,339.09999999999997,1.1942446043165467,0.0734365673677929,0.242744975700834,83.4,99.6,724,499.7,581.5,832.9,951.9,660.8,1304.4,1057.2,1175.4,1403.2,1505.8,1379.1
Misin09G115600.1.v7.1,1,100,53.9,0.7371502927781393,0.722379401145529,1,153.7,113.3,18.1,11.3,20.8,14.1,15.2,13.9,32.6,23.9,42,23.8,24,29
Misin09G116500.1.v7.1,14,100,602.2,1.3862472567666424,0.112231241528445,0.333551298774969,136.7,189.5,8367.4,5718.9,6892.5,11602.099999999999,13539.4,10596.800000000001,15075.699999999999,12099.699999999999,13932.3,19545.6,21418,22116
Misin09G116800.1.v7.1,5,100,252.7,0.9265982636148382,0.998877431275207,1,126.7,117.4,2596.8,2097.7,2326.9,2435.8,2739.8,2170.2,4678.7,4438.2,4703.5,4103.5,4334.1,4529.3
Misin09G117100.1.v7.1,6,100,241.8,0.7084450402144773,0.00179281247840035,0.0168151375453439,149.2,105.7,353.5,319.5,375.3,289.9,278.9,204.1,636.9,676,758.7,488.4,441.2,426
Misin09G121900.1.v7.1,1,75,35.8,0.9569377990430623,0.999441806295594,1,20.9,20,3.4,2.6,3.3,9.8,2.3,2.8,6.1,5.5,6.7,16.5,3.6,5.8
Misin09G122400.1.v7.1,12,100,505.6,1.218140589569161,0.0140007198869115,0.0739176596698702,220.5,268.6,854.6,645.9,730.5,1038.3,1196,848.9000000000001,1539.8,1366.6000000000001,1476.6000000000001,1749.2,1892,1771.7
Misin09G127000.1.v7.1,2,98.3,126.3,0.672566371681416,0.0361179661058295,0.146737317214684,135.6,91.2,245.6,152.9,221.2,189,188,138.7,442.5,323.5,447.1,318.4,297.4,289.5
Misin09G132000.1.v7.1,1,100,38.1,0.7106382978723403,0.99196664337323,1,23.5,16.7,6.6,3.6,5.8,3.5,5.6,4,11.9,7.6,11.7,5.9,8.9,8.3
Misin09G141100.1.v7.1,1,100,35.8,7.916030534351146,0.0036366996999857,0.0282136413831677,52.4,414.8,25.3,24.4,14.6,214,231.5,165.8,45.6,51.6,29.5,360.5,366.2,346
Misin09G142900.1.v7.1,6,100,296.6,1.3974495217853349,9.74824457470325e-5,0.00224284901238057,94.1,131.5,392.7,368.8,338.2,558.4,649.1,473.4,707.5,780.3,683.6,940.7,1026.8,988
Misin09G146400.1.v7.1,1,100,39.3,0.20468642315644384,1.0749013037136e-4,0.00236359294052761,290.2,59.4,108.4,143.7,114.3,24.9,29.9,27.7,195.3,304,231,41.9,47.3,57.8
Misin09G151200.1.v7.1,2,100,66.2,0.43926840706581205,0.0959640181868741,0.296717906019241,639.7,281,457.9,347.3,503.4,176.7,282.4,171.6,825,734.8,1017.6,297.7,446.8,358.1
Misin09G158100.1.v7.1,4,100,140,1.2244467860906216,0.98189961183371,1,94.9,116.2,72.1,83.4,62.1,95.1,86,76.2,129.9,176.5,125.5,160.2,136,159
Misin09G162800.1.v7.1,3,100,130.9,0.8066825775656324,0.0863587877262453,0.274313441396959,41.9,33.8,96.1,76.2,101,82.9,82.5,71.8,173.1,161.2,204.2,139.7,130.5,149.9
Misin09G165700.1.v7.1,7,97.85,284.9,1.3718592964824121,0.0143548421783907,0.0752974821934874,159.2,218.4,562.4,425.2,530.5,922,1014.5,730.1999999999999,1013.3000000000001,899.6,1072.3999999999999,1553.2,1604.8999999999999,1524
Misin09G173300.1.v7.1,1,94.1,39.3,2.291938997821351,6.30489622870378e-5,0.00172938442471097,45.9,105.2,41.1,40.5,31.5,100.8,111.4,73.7,74.1,85.7,63.7,169.8,176.2,153.8
Misin09G174400.1.v7.1,6,100,218.39999999999998,0.9888291270169632,0.274906485786754,0.630064518770488,241.7,239,1786.5,1493.6000000000001,1532.8999999999999,1807.3,1880.1,1588.2,3218.7,3160.0999999999995,3098.6,3044.7,2974.2000000000003,3314.6000000000004
Misin09G176400.1.v7.1,38,58.6,1550.4000000000003,0.918572735590119,0.560320390012233,1,109.29999999999998,100.39999999999999,6636.200000000001,4980.3,5910.700000000001,6231.9,7043.9000000000005,4213.9,11956.6,10536.9,11947.6,10498.7,11142.800000000001,8794.599999999999
Misin09G179100.1.v7.1,1,100,37.4,0.956777996070727,0.999996362237023,1,152.7,146.1,108.8,87.9,102.8,123.8,118.5,89.3,196,186,207.8,208.6,187.5,186.4
Misin09G184700.1.v7.1,10,87,391,1.0136986301369864,0.994706275411421,1,102.2,103.60000000000001,356.5,284.5,305.4,408.29999999999995,356.5,234,642.3000000000001,602,617.3000000000001,687.9,564,488.3
Misin09G184800.1.v7.1,3,95.5,129.7,1.2764976958525345,0.974733354471643,1,43.4,55.4,53.8,47.5,41.2,73.5,113.6,40.1,96.9,100.5,83.3,123.8,179.7,83.7
Misin10G016200.1.v7.1,1,93.8,35.8,1.1758876961189102,0.999759339821477,1,121.1,142.4,151.2,114.4,182.5,192,202.4,126.6,272.4,242,368.9,323.5,320.2,264.2
Misin10G024900.1.v7.1,3,89.275,102.9,0.8290213723284587,0.699868881253086,1,88.9,73.69999999999999,51.3,40.800000000000004,41,40.6,49,23.1,92.39999999999999,86.39999999999999,82.9,68.4,77.5,48.2
Misin10G027500.1.v7.1,4,98.4,263.4,0.7491776315789473,2.0933885932472e-4,0.00385610591256891,243.2,182.2,1041,1047.6,873.5,856,883.2,733.8,1875.6000000000001,2216.4,1765.7,1442.1,1397.1,1531.5
Misin10G046800.1.v7.1,1,95.2,50.1,0.7919799498746868,0.0675301432169638,0.22677493571704,79.8,63.2,78.3,57.8,64.4,73.3,65.1,45.4,141.1,122.3,130.2,123.5,103,94.8
Misin10G048800.1.v7.1,1,100,47,0.4256889763779528,3.40095015338715e-5,0.00112903966373449,203.2,86.5,136.3,116.8,129.6,55.6,73.4,50.4,245.6,247.1,262,93.7,116.1,105.2
Misin10G052100.1.v7.1,5,100,312.3,0.9700085689802913,0.913771538947332,1,116.7,113.2,156.5,98.5,141.8,160.4,172.8,139.1,282,208.4,286.6,270.2,273.4,290.3
Misin10G053600.1.v7.1,1,100,34.7,1.120952380952381,0.532110857075208,0.999243235582184,105,117.7,82.1,63.6,51.5,82.8,95.4,75.6,147.9,134.6,104.1,139.5,150.9,157.8
Misin10G058600.1.v7.1,1,100,37,0.6318774815655133,0.00336083362911332,0.0264385578823581,176.3,111.4,171.3,140.2,161.2,110.9,123.3,97.8,308.6,296.6,325.8,186.8,195,204.1
Misin10G062900.1.v7.1,2,100,87,0.8605870020964359,0.735503421647752,1,95.4,82.1,135.4,102.1,119,123,138.4,97.8,244,216,240.5,207.2,218.9,204.1
Misin10G064900.1.v7.1,2,86.4,82.4,0.962962962962963,0.998747039874207,1,32.4,31.2,296.7,241.2,252,291,329.9,225.8,534.6,510.3,509.4,490.2,521.9,471.3
Misin10G067500.1.v7.1,1,100,55.8,0.8896925858951177,0.892745972700613,1,110.6,98.4,108.7,83.9,89.8,95.9,110.3,76,195.8,177.5,181.5,161.6,174.5,158.6
Misin10G075700.1.v7.1,1,100,50.4,0.7930591259640104,0.883481093675074,1,77.8,61.7,118.5,81.6,115.2,100.6,90.5,108.2,213.5,172.6,232.9,169.5,143.2,225.8
Misin10G082600.1.v7.1,2,100,93.5,0.9608294930875577,0.981873831180665,1,86.8,83.4,97.8,85.2,89.8,95.5,115.3,82.9,176.2,180.3,181.5,160.9,182.4,173
Misin10G093300.1.v7.1,6,100,357.2,1.301047120418848,0.0074185326861379,0.0474070094120062,76.4,99.4,448.5,377.6,394.9,583,656.8,506.2,808.1,798.9,798.2,982.2,1039,1056.5
Misin10G098800.1.v7.1,2,100,88.5,0.8950370792926412,0.919340950958796,1,175.3,156.9,103.3,131.3,81.9,103,105.3,79.5,186.1,277.8,165.6,173.5,166.6,165.9
Misin10G113000.1.v7.1,14,100,560,1.0594218415417558,0.381318057400092,0.795753564716214,186.8,197.9,888,718.6,545.1999999999999,976.3000000000001,972.4,843.8000000000001,1599.9,1520.3,1102.1,1644.8,1538.2,1761
Misin10G124100.1.v7.1,1,96.2,53.9,0.9608150470219435,0.999309142499128,1,63.8,61.3,32.9,20.6,31.9,33.1,37.6,27.3,59.3,43.6,64.5,55.8,59.5,57
Misin10G128000.1.v7.1,10,100,372,1.236168455821635,0.00516923049219198,0.0363677030731665,121.1,149.7,1324.2,1199.1,1242,1796.6000000000001,1966.1000000000001,1596.1,2385.7999999999997,2537,2510.6000000000004,3026.7000000000003,3110.2000000000003,3331.1
Misin10G132900.1.v7.1,1,86.4,41.6,0.9601990049751243,0.999996208247004,1,40.2,38.6,15.7,10.3,14.6,15,18,13,28.3,21.8,29.5,25.3,28.5,27.1
Misin10G140700.1.v7.1,1,100,36.6,1.0060120240480963,0.999816054426593,1,99.8,100.4,31.8,22.5,27.1,32.7,28.1,27,57.3,47.6,54.8,55.1,44.5,56.4
Misin10G144800.1.v7.1,2,100,77,1.0463968410661402,0.879705394146734,1,101.3,106,358.2,295.6,291.9,374.3,413.7,348.6,645.4,625.4,590,630.6,654.4,727.5
Misin10G147800.1.v7.1,1,100,45.1,3.75,0.323142900723462,0.708660795072632,14.8,55.5,9.3,13.6,3,37.3,52.5,28.1,16.8,28.8,6.1,62.8,83.1,58.6
Misin10G169500.1.v7.1,2,100,93.6,0.6765447667087011,0.621960516123226,1,158.6,107.3,43.3,42.3,26.8,32.8,30.1,25.3,78,89.5,54.2,55.3,47.6,52.8
Misin10G174700.1.v7.1,1,100,39.3,1.0693493150684932,0.759701395499152,1,116.8,124.9,107.5,64.8,113.7,119.9,141.3,99.3,193.7,137.1,229.8,202,223.5,207.2
Misin10G176700.1.v7.1,1,100,38.5,0.5940438871473355,0.464287196897175,0.917717026722039,63.8,37.9,55,52.3,53.2,40.7,40.4,23,99.1,110.7,107.5,68.6,63.9,48
Misin10G188700.1.v7.1,1,100,40,2.790780141843972,1.0050208067991e-5,6.4326277822894e-4,56.4,157.4,17.1,17.2,16,50.9,57.1,48.3,30.8,36.4,32.3,85.7,90.3,100.8
Misin10G190100.1.v7.1,1,100,35.4,0.8732492997198879,0.37387704121684,0.783931487899772,142.8,124.7,203.9,169.4,194.5,190.4,206.7,143.4,367.4,358.4,393.2,320.8,327,299.3
Misin10G195400.1.v7.1,2,79.2,91.6,1.0936329588014981,0.989150373827213,1,53.4,58.4,51.7,40.2,47.3,64.9,52.8,48.8,93.1,85.1,95.6,109.3,83.5,101.8
Misin10G203000.1.v7.1,3,98.525,116.3,1.0463659147869675,0.993354304355178,1,79.8,83.5,124.5,125,109.2,140,148.5,103,224.3,264.5,220.7,235.9,234.9,215
Misin11G000200.1.v7.1,10,100,358.59999999999997,0.8374683544303798,0.480158199195948,0.936506900911105,197.5,165.4,636.5,566.1,637.2,618.5,686.8000000000001,496.4,1146.8,1197.7,1288,1042,1086.5,1036
Misin11G002300.1.v7.1,4,100,156.39999999999998,1.7458745874587458,0.342005946219865,0.739214157970322,30.3,52.9,130.1,108.7,99.6,238.3,191,195,234.4,230,201.3,401.5,302.1,407
Misin11G003400.1.v7.1,2,100,79.4,0.498794454490657,1.4162697436381e-4,0.00286704411946619,331.8,165.5,78.9,94.4,73.6,48.5,48.8,45.8,142.10000000000002,199.7,148.7,81.69999999999999,77.19999999999999,95.5
Misin11G003600.1.v7.1,2,100,107,1.045859872611465,0.846206959251518,1,78.5,82.1,119.7,94.3,113.5,140.6,142.7,106.9,215.7,199.5,229.4,236.9,225.7,223.1
Misin11G005600.1.v7.1,4,100,164,1.005965697240865,0.999870455240982,1,134.1,134.9,146.6,148.7,141.1,152.6,190.2,137.5,264.1,314.6,285.2,257.1,300.9,287
Misin11G007300.1.v7.1,1,93.3,33.5,1.0308641975308641,0.978262584686395,1,113.4,116.9,119.5,69.1,92.8,118,122.2,53.9,215.3,146.2,187.6,198.8,193.3,112.5
Misin11G007600.1.v7.1,3,40.4,109.8,1.131578947368421,0.956149915502924,1,22.8,25.8,157.5,126.3,147,243,203.4,141.2,283.8,267.2,297.1,409.4,321.8,294.7
Misin11G008200.1.v7.1,1,100,37.7,0.9261576971214017,0.380847825492535,0.794911450826626,79.9,74,274.4,224.7,274.4,266.6,296.9,219.4,494.4,475.4,554.7,449.1,469.7,457.9
Misin11G009600.1.v7.1,1,100,33.1,0.6985616010006254,0.209242748738672,0.518021412436123,159.9,111.7,216.3,211.7,173.4,161.6,168,149,389.7,447.9,350.5,272.2,265.8,311
Misin11G010000.1.v7.1,1,100,35,0.8569364161849711,0.602726328373422,1,69.2,59.3,14.2,11.9,15.7,13,12.8,11.8,25.6,25.2,31.7,21.9,20.2,24.6
Misin11G015800.1.v7.1,1,100,48.9,1.1457725947521866,0.991569585800497,1,34.3,39.3,47.1,36.2,38.2,57.4,53.3,42.4,84.9,76.6,77.2,96.7,84.3,88.5
Misin11G018200.1.v7.1,1,100,34.3,1.0147368421052632,0.999999958263938,1,47.5,48.2,30.2,13.8,18.5,22.5,20.1,22.9,54.4,29.2,37.4,37.9,31.8,47.8
Misin11G025600.1.v7.1,2,97.75,85.9,1.0403690888119954,0.999999229645759,1,86.7,90.2,93,77.9,78.3,117.1,108.4,63.4,167.6,164.8,158.3,197.3,171.5,132.3
Misin11G026500.1.v7.1,1,95.7,44.3,0.8781770376862402,0.247815134134255,0.587476195268078,114.1,100.2,255.3,219.4,230.6,226.4,258.5,195.4,460,464.2,466.1,381.4,408.9,407.8
Misin11G028300.1.v7.1,1,100,43.1,1.1853403141361256,0.953870827761218,1,95.5,113.2,51.3,34.7,36,48.3,55,41.8,92.4,73.4,72.8,81.4,87,87.2
Misin11G028400.1.v7.1,2,100,87,0.9700956937799043,0.99628603364821,1,83.6,81.1,282.1,269.3,238.2,285,311.7,248.7,508.3,569.8,481.5,480.1,493.1,519
Misin11G031500.1.v7.1,3,100,180.2,1.3255813953488371,0.174510659036634,0.455351512730949,55.9,74.1,70.9,51.3,75.7,101.9,107.1,76.1,127.7,108.5,153,171.7,169.4,158.8
Misin11G034900.1.v7.1,6,100,224.2,1.1888574126534466,6.9136667827351e-4,0.00869621397246158,105.9,125.9,752.4,662,715.9,980.9,1070.5,797.8,1355.6,1400.6,1447.1,1652.5,1693.4,1665
Misin11G039700.1.v7.1,6,100,205.60000000000002,0.2702920443101712,8.72799652069656e-5,0.00211423297832645,496.5,134.2,394.5,286.4,471.09999999999997,112.2,137.9,82.6,710.8,606,952.2,189,218.10000000000002,172.39999999999998
Misin11G040900.1.v7.1,2,100,88.19999999999999,0.9105339105339106,0.418994964565438,0.850331250462493,138.6,126.2,591.8,489.2,627.8,553.3,613.9,486.6,1066.3,1035,1269,932.1,971.1,1015.6
Misin11G041400.1.v7.1,4,100,142.60000000000002,1.1577301161751565,0.449873098053263,0.895613059817722,223.8,259.1,699.7,437.90000000000003,546.3000000000001,947.7,849.4,586.3000000000001,1260.6,926.5,1104.3,1596.5,1343.6000000000001,1223.7
Misin11G042500.1.v7.1,2,100,90.9,1.0338680926916222,0.999080422648775,1,112.2,116,261.1,210,226.7,281.2,295.5,230.3,470.4,444.3,458.2,473.7,467.5,480.6
Misin11G051000.1.v7.1,13,100,565.7,1.4206798866855526,0.0250224293942113,0.113707592799647,70.6,100.3,551.7,348.8,422.8,777.1,767,536.4,994,738,854.6,1309.2,1213.3,1119.5
Misin11G058400.1.v7.1,2,100,92.4,0.8544423440453687,0.0961671851784914,0.297268969772341,158.7,135.6,735.8,623.1,638.5,613.9,681.5,580.8,1325.8000000000002,1318.3000000000002,1290.6999999999998,1034.2,1078.1000000000001,1212.1
Misin11G065400.1.v7.1,5,96.9,174.8,0.6874583055370248,0.00153348233284278,0.0151542640487731,299.79999999999995,206.1,1672.6999999999998,1820.3,1548,1433.3,1430.5,1091.2,3013.7999999999997,3851.3,3129.1000000000004,2414.6,2262.9,2277.4
Misin11G077200.1.v7.1,3,100,123.6,1.0513900589721987,0.917438557189724,1,118.7,124.8,89.1,65.4,76.1,90.3,102.2,80.9,160.5,138.4,153.8,152.1,161.7,168.8
Misin11G079900.1.v7.1,1,100,35,0.9143876337693224,0.850561623538532,1,84.1,76.9,107.3,105.7,101.6,111.5,126.1,87.4,193.3,223.6,205.4,187.8,199.5,182.4
Misin11G080500.1.v7.1,1,100,35.8,1.0997732426303855,0.591421782555256,1,88.2,97,26.2,25.1,27.1,37.8,36.9,27.5,47.2,53.1,54.8,63.7,58.4,57.4
Misin11G083100.1.v7.1,5,100,225.8,0.6395014381591563,0.449653651570279,0.895613059817722,104.3,66.7,992.8,644.8,791.8,684.4,587.4,490.3,1788.8,1364.2,1600.5,1153,929.2,1023.3
Misin11G086100.1.v7.1,6,100,228.8,1.185226019845645,0.856756196004332,1,90.7,107.5,248.4,172.2,223.5,315.5,312.1,254.2,447.5,364.3,451.8,531.5,493.7,530.5
Misin11G087800.1.v7.1,1,100,43.1,1.12142152023692,0.478803514263296,0.934745394368144,101.3,113.6,86.2,63.8,72,94.1,103.2,79.5,155.3,135,145.5,158.5,163.3,165.9
Misin11G088600.1.v7.1,3,95.8,157.8,0.753,0.0404575722118518,0.158897131527714,100,75.3,114.1,103.9,103.9,93.9,103.5,70.7,205.6,219.8,210,158.2,163.7,147.6
Misin11G089900.1.v7.1,1,100,35.4,0.7674740484429066,0.115662851323,0.341458970043972,144.5,110.9,303.8,303.9,303.5,279.7,314.7,216.2,547.4,643,613.5,471.2,497.8,451.2
Misin11G093500.1.v7.1,7,100,237.6,0.8366923532898638,0.00474646707809478,0.0340623299763717,337.4,282.3,1344.3,1140.8,1281.8,1187.4,1255.3,1071.3,2422,2413.6,2591,2000.3000000000002,1985.8000000000002,2235.9
Misin11G096100.1.v7.1,1,100,50.8,1.3184,0.821237566797384,1,62.5,82.4,65.8,37.9,51.3,87.1,78.8,65.5,118.6,80.2,103.7,146.7,124.7,136.7
Misin11G098300.1.v7.1,8,100,292.8,0.638350010210333,5.62529052707816e-5,0.00160196445643292,489.69999999999993,312.6,13641.4,12026.699999999999,12803.9,10332.4,10197,7757.5,24578,25445.2,25881.5,17406.7,16130.7,16190.3
Misin11G100300.1.v7.1,3,89.6,141.3,1.33451536643026,0.963381481373963,1,84.6,112.89999999999999,18.2,10.1,12.7,19.9,13,11.5,32.7,21.4,25.700000000000003,33.5,20.6,24
Misin11G101300.1.v7.1,6,100,268.20000000000005,0.7072021539151897,0.0722349728644907,0.239171108931518,445.7,315.20000000000005,606.1,765.3000000000001,584.4,473.40000000000003,558.5,421.4,1092,1619.2,1181.3,797.5,883.4,879.5
Misin11G102700.1.v7.1,4,100,145.60000000000002,1.7422680412371134,0.855226936767134,1,48.5,84.5,22.7,11.1,8.2,24.3,20.7,26.5,40.9,23.5,16.6,40.9,32.7,55.3
Misin11G104000.1.v7.1,1,100,34.7,1.2065331928345626,0.200546798807935,0.502076736367977,94.9,114.5,79.3,55.1,62.1,100,95.8,68,142.9,116.6,125.5,168.5,151.5,141.9
Misin11G104400.1.v7.1,3,86.1,120.1,0.9948979591836735,0.845082161827589,1,137.2,136.5,469.7,383.2,377.29999999999995,609.1999999999999,552.4,424.20000000000005,846.1999999999999,810.6999999999999,762.7,1026.3,873.8,885.3
Misin11G105100.1.v7.1,1,100,33.5,0.7246621621621621,0.506646090222548,0.970043633759695,118.4,85.8,14.3,13.8,8,11.2,11.8,6.8,25.8,29.2,16.2,18.9,18.7,14.2
Misin11G106300.1.v7.1,3,100,170.89999999999998,1.6627634660421544,0.00679945474986265,0.0445114387181735,42.7,71,401.9,309.5,337.6,673.9,711.3,630.7,724.1,654.8,682.4,1135.3,1125.2,1316.3
Misin11G112100.1.v7.1,1,100,39.3,1.6772616136919314,0.715118980113407,1,40.9,68.6,6.1,4,0,9.6,10.5,6.7,11,8.5,0,16.2,16.6,14
Misin11G113100.1.v7.1,1,100,35.8,1.1846846846846848,0.999965541997962,1,44.4,52.6,3.3,2.8,3.5,6,3.1,0,5.9,5.9,7.1,10.1,4.9,0
Misin11G113700.1.v7.1,1,100,38.5,1.0143288084464555,0.999999663267064,1,132.6,134.5,85.8,74.2,86.2,99.1,100.7,74.4,154.6,157,174.2,167,159.3,155.3
Misin11G114900.1.v7.1,3,100,118.2,0.9389721627408993,0.970280841974234,1,93.4,87.7,42.9,38.4,38.7,42.5,52.2,35.2,77.3,81.2,78.2,71.6,82.6,73.5
Misin11G116200.1.v7.1,3,100,110.9,1.3991163475699557,0.0112051465166977,0.0633505389876674,67.9,95,124.9,100.9,98.5,177.4,193.1,143.1,225,213.5,199.1,298.9,305.5,298.7
Misin11G122100.1.v7.1,20,100,860.7,0.9746093749999999,0.889881913593629,1,102.4,99.8,861.5,724.2,786.8,884.8,927.7,753.6,1552.1999999999998,1532.2,1590.4,1490.5,1467.6,1572.8
Misin11G126400.1.v7.1,1,100,50.8,1.263055148853099,0.925268328623227,1,204.9,258.8,414.7,172.5,225.6,296.6,364,606.1,747.2,365,456,499.7,575.8,1265
Misin11G130700.1.v7.1,2,82.4,68.6,1.110445205479452,0.283933804196267,0.643518855112649,116.8,129.7,655,438.9,625.1,806.3,816.3,627.8,1180.1,928.6,1263.6,1358.3,1291.3,1310.2
Misin11G131400.1.v7.1,1,100,56.6,0.5508559919436052,0.775329571579848,1,99.3,54.7,61,40.4,57.5,29.9,38.3,31.7,109.9,85.5,116.2,50.4,60.6,66.2
Misin11G131800.1.v7.1,1,100,33.1,1.296577946768061,0.228747430134616,0.554671794983591,105.2,136.4,679.2,516.3,534.9,951.4,843,678.3,1223.7,1092.4,1081.2,1602.8,1333.5,1415.6
Misin11G134200.1.v7.1,9,96,414.79999999999995,1.0192377495462794,0.807345127700627,1,275.5,280.8,2516.6,2111.9,2370.9,2782.7,2928.4,2148.1,4534.2,4468.200000000001,4792.5,4687.799999999999,4632.4,4483.2
Misin11G136800.1.v7.1,4,100,161.4,1.5503875968992247,0.00771513018053027,0.0485122932771206,77.4,120,633.8,479.5,473,910.7,994,791,1141.9,1014.5,956.1,1534.2,1572.4,1650.9
Misin11G136900.1.v7.1,5,100,182.3,1.1785028790786947,0.125458044057306,0.364418466749934,208.4,245.6,750.6,581.8,636.0999999999999,948.2,967.4,740.4000000000001,1352.3000000000002,1231,1285.8,1597.4,1530.3,1545.3000000000002
Misin11G143400.1.v7.1,1,95.2,39.3,0.8761261261261262,0.860002725585481,1,133.2,116.7,32,27.9,32.9,24,32.7,27.3,57.7,59,66.5,40.4,51.7,57
Misin11G144900.1.v7.1,4,100,147.10000000000002,1.105675146771037,0.999952964088423,1,51.1,56.5,95.1,69.2,72.7,98.4,91.2,77.8,171.3,146.4,147,165.8,144.3,162.4
Misin11G149900.1.v7.1,3,100,106.3,0.9726996966632963,0.999999979522995,1,98.9,96.2,196.1,121.2,158.3,184.8,201.3,141.7,353.3,256.4,320,311.3,318.4,295.7
Misin11G157300.1.v7.1,2,100,86.7,1.2235434007134365,0.0752414729383429,0.247578098972714,84.1,102.9,45.2,30.4,37.7,55.3,63.6,44.7,81.4,64.3,76.2,93.2,100.6,93.3
Misin11G169300.1.v7.1,2,100,98.6,0.6913477537437603,0.00455221665573191,0.0331632752741339,120.2,83.1,30.4,20.8,25.8,21.4,25,17.1,54.8,44,52.2,36.1,39.5,35.7
Misin11G171000.1.v7.1,1,100,34.7,2.4672489082969435,0.00803533832804659,0.0493253475115423,45.8,113,75.4,61.6,60.2,210,203.5,135,135.9,130.3,121.7,353.8,321.9,281.8
Misin11G171500.1.v7.1,7,100,277,0.5316692667706708,3.7487144015624e-4,0.00573151741344722,320.5,170.4,439.1,517.1999999999999,445.20000000000005,243.2,302.4,220.3,791.1,1094.2,899.9,409.79999999999995,478.29999999999995,459.79999999999995
Misin11G174100.1.v7.1,1,100,46.6,1.2533849129593808,0.842630859501591,1,51.7,64.8,24.8,21,14.3,28,35.3,26.7,44.7,44.4,28.9,47.2,55.8,55.7
Misin11G178300.1.v7.1,3,100,127,0.534617700180614,8.5254293495284e-4,0.0100849694280576,166.1,88.8,75.2,86.9,81.5,54.9,54.2,42.2,135.5,183.9,164.7,92.5,85.7,88.1
Misin11G190600.1.v7.1,1,100,49.3,1.1784741144414168,0.620071609473182,1,73.4,86.5,132.8,113.9,110.9,167.4,178.2,140,239.3,241,224.2,282,281.9,292.2
Misin11G195100.1.v7.1,3,100,126.3,0.6535087719298246,0.0462946838389198,0.174220021995244,159.6,104.3,124.7,93.2,120.9,81.4,92.8,76.5,224.7,197.2,244.4,137.1,146.8,159.7
Misin11G197400.1.v7.1,1,100,35.4,1.0118505013673655,0.999998618076659,1,109.7,111,26.6,14.7,23,27.9,31,15.3,47.9,31.1,46.5,47,49,31.9
Misin11G199300.1.v7.1,2,100,70.1,1.3599999999999999,0.0024426559364239,0.0210867607060353,95,129.2,270.2,214.9,229,363.1,397.8,318.1,486.8,454.7,462.9,611.7,629.3,663.9
Misin11G207200.1.v7.1,1,100,51.2,0.4080389768574909,6.108127254033e-4,0.00794867563694104,164.2,67,139.7,109.1,150.3,63,64.9,47.7,251.7,230.8,303.8,106.1,102.7,99.6
Misin11G208000.1.v7.1,8,100,398.4,0.530823786142935,0.0013408832396149,0.0137764193532158,183.3,97.3,987.1,921.1,1139.7,573.9,654.1,556.7,1778.5,1948.8,2303.8,966.8,1034.7,1161.9
Misin11G208200.1.v7.1,1,94.4,33.9,1.011764705882353,0.992887891142824,1,93.5,94.6,52.5,43,43.3,52.9,58.2,55.5,94.6,91,87.5,89.1,92.1,115.8
Misin11G209900.1.v7.1,3,100,141.8,0.7591836734693879,0.00475898437157463,0.0340623299763717,98,74.4,151.5,128.6,134.1,134.2,130.7,97.4,273,272.1,271.1,226.1,206.8,203.3
Misin11G210200.1.v7.1,22,100,895,1.8984615384615384,0.00327623230481711,0.0259615270005387,162.5,308.5,1161.7,931.5,983.9,1844.4,2141.7999999999997,1611.9,2093.1,1970.8,1988.8000000000002,3107.2000000000003,3388.2,3364.1
Misin11G210500.1.v7.1,2,100,91.7,0.5526649746192893,0.185768387302507,0.475445308446937,157.6,87.1,33,23.6,30.6,19.5,18.4,17.8,59.5,49.9,61.9,32.9,29.1,37.1
Misin11G213200.1.v7.1,1,100,47.4,1.2163336229365769,0.931585278130573,1,115.1,140,101.3,60.4,80.5,117.5,129.2,73.2,182.5,127.8,162.7,197.9,204.4,152.8
Misin11G216400.1.v7.1,7,100,302.20000000000005,1.1204819277108433,0.979144319818113,1,166,186,227.60000000000002,146.5,168.6,229.3,258.1,154.29999999999998,410.09999999999997,310,340.8,386.20000000000005,408.3,322
Misin11G216800.1.v7.1,3,100,150.2,0.8547031715912172,0.241741530449984,0.577427710171944,368.9,315.3,2620.3,2058.2,2634.2000000000003,2510.4,2816.6000000000004,2092,4721,4354.6,5324.7,4229.2,4455.5999999999995,4366.1
Misin11G221900.1.v7.1,5,100,176.10000000000002,1.1728665207877462,0.538510362886929,1,137.1,160.8,784.1,541.2,596.6999999999999,861.3000000000001,890.5,670.3,1412.7,1145,1206.1000000000001,1451,1408.7,1399
Misin11G222200.1.v7.1,2,100,81.6,3.017797552836485,4.37530340107184e-5,0.00135793921703058,89.9,271.3,49.6,37.8,37.5,111.8,152.5,125.4,89.4,80,75.8,188.3,241.2,261.7
Misin11G225400.1.v7.1,2,100,73.9,1.7987679671457903,0.226646396473935,0.551599916195794,48.7,87.6,180.6,120.8,131,281.4,301.3,245.2,325.4,255.6,264.8,474.1,476.6,511.7
Misin11G227600.1.v7.1,2,100,95.1,0.8120854826823877,0.111859525852963,0.332869370565696,135.7,110.2,162.3,206.9,141.3,141,143.2,117.2,292.4,437.7,285.6,237.5,226.5,244.6
Misin11G228300.1.v7.1,7,97.35,334.1,1.0294314381270904,0.274511487144184,0.629582970034521,149.5,153.9,672.7,481.7,539.1,728.6999999999999,785,513.3,1212,1019.1999999999999,1089.7,1227.6000000000001,1241.8,1071.3
Misin11G228700.1.v7.1,2,100,88.9,0.8844884488448845,0.756403686743479,1,121.2,107.2,107,80.4,98.3,103.3,101.3,81.7,192.8,170.1,198.7,174,160.2,170.5
Misin11G231100.1.v7.1,3,100,118.6,0.7045589105979869,0.896223556469145,1,168.9,119,495.8,575.6,261.1,455.4,397.7,253.8,893.3,1217.8,527.8,767.2,629.1,529.7
Misin11G235300.1.v7.1,1,95,44.7,0.932702418506835,0.962473682351481,1,95.1,88.7,428.2,275.5,325.6,364.1,373.9,307.1,771.5,582.9,658.2,613.4,591.5,640.9
Misin11G238300.1.v7.1,4,97.05,148.3,0.7268754552075746,0.325961553671447,0.712146101509059,137.3,99.8,891.7,1012.1,822.9,717.4,834.2,567.3,1606.6,2141.3,1663.4,1208.6,1319.6,1184
Misin11G238800.1.v7.1,2,100,97.4,0.937844217151849,0.999991415365174,1,127.1,119.2,37.9,22.9,35.3,36,41.1,30.7,68.3,48.5,71.4,60.6,65,64.1
Misin11G240600.1.v7.1,4,100,156.7,0.7744107744107744,0.0666768307502436,0.225465872856122,118.8,92,559.4,502.3,446.2,463.2,509.6,353.1,1007.9,1062.7,901.9,780.3,806.1,736.9
Misin11G241300.1.v7.1,1,100,39.3,0.49082905355832723,0.0186789773636408,0.0918193657330875,272.6,133.8,401.5,478.5,347.2,219.9,203.1,170.1,723.4,1012.4,701.8,370.5,321.3,355
Misin11G241700.1.v7.1,13,100,528.3,0.6637519872813991,0.00216511419468202,0.0193649763393773,125.8,83.5,3950.2,3988.7,3361.7,2781.3,3199.4,2264.4,7117.2,8439,6795.3,4685.6,5061.2,4725.9
Misin11G242500.1.v7.1,6,100,272.3,0.8861566484517304,0.276876865362542,0.632707596728823,109.8,97.3,419.9,371.3,456.1,413.3,425.8,342.5,756.5,785.6,921.9,696.3,673.6,714.8
Misin11G242800.1.v7.1,2,100,82,0.6783733826247689,0.0883436295550134,0.279080413428058,162.3,110.1,219.4,192.1,258.3,137,174.2,137.5,395.3,406.4,522.1,230.8,275.6,287
Misin11G243300.1.v7.1,1,94.7,36.2,1.2647058823529411,0.307214504258525,0.682520731056594,13.6,17.2,21.2,18.6,22.4,50.5,31.5,23.2,38.2,39.4,45.3,85.1,49.8,48.4
Misin11G245100.1.v7.1,8,100,401.99999999999994,1.894333843797856,0.00129868449980486,0.0135235665082344,65.3,123.7,2568.2,1963.4,2090.1,4330.7,5056.9,3872.7,4627.2,4154,4224.9,7295.8,7999.5,8082.5
Misin11G245200.1.v7.1,4,100,192.5,0.9689440993788819,0.727326637024363,1,64.4,62.4,57.8,36.7,39.1,52.9,48.4,28.6,104.1,77.6,79,89.1,76.6,59.7
Misin11G248000.1.v7.1,4,100,150.2,1.9426229508196722,8.34944080757571e-5,0.002049611442733,146.39999999999998,284.4,282.7,255.70000000000002,236,500.2,548.6,470.6,509.3,541,477,842.7,867.8000000000001,982.2
Misin11G251500.1.v7.1,3,100,129.4,1.0726672171758878,0.975255678504412,1,121.1,129.9,169.6,124,135.6,174.6,201.4,131,305.6,262.4,274.1,294.1,318.6,273.4
Misin11G252100.1.v7.1,1,100,37.4,0.9048305695746216,0.751338612981823,1,138.7,125.5,332.4,241,315.1,321.6,350.2,217,598.9,509.9,636.9,541.8,554,452.9
Misin11G253000.1.v7.1,2,96.3,122.4,1.627030539311241,0.00407301699311935,0.0304913420376862,153.9,250.4,125.1,105,94.5,258.9,260.7,244.5,225.4,222.20000000000002,191,436.1,412.4,510.29999999999995
Misin11G253800.1.v7.1,2,100,90.5,0.6966292134831461,0.0358442784910241,0.145799355309224,133.5,93,180.6,143.8,157.3,131.5,121.1,122.3,325.4,304.2,318,221.5,191.6,255.2
Misin11G255000.1.v7.1,5,100,169.8,0.6452380952380953,0.0432035458124371,0.16615032558652,210,135.5,158.9,167.2,131.6,97.4,101.10000000000001,73.60000000000001,286.3,353.8,266.1,164.10000000000002,159.89999999999998,153.6
Misin11G255300.1.v7.1,9,100,363.4,1.1491294473883422,0.260078350538424,0.607923891211723,264.2,303.6,523.9,429.79999999999995,486.6,634.9000000000001,671.4,524.6,943.9000000000001,909.3000000000001,983.6,1069.5,1062.1000000000001,1094.8999999999999
Misin11G258200.1.v7.1,1,100,34.3,0.5754795663052543,9.13143101364255e-5,0.00217222344951281,119.9,69,129.1,102.6,117.3,79.5,83.2,66.3,232.6,217.1,237.1,133.9,131.6,138.4
Misin11G258800.1.v7.1,16,100,641.7,1.1093311974369244,0.0923162825594978,0.288017134959187,249.7,277,622.1,400.4,578,686.6,708.3,569.4000000000001,1120.8,847.1,1168.3,1156.7,1120.5,1188.4
Misin11G259000.1.v7.1,1,93.1,51.6,0.9591836734693877,0.994870715691855,1,73.5,70.5,67.5,56.3,60.1,64.1,76.2,55.8,121.6,119.1,121.5,108,120.5,116.5
Misin11G259100.1.v7.1,3,100,132.1,0.9204180064308681,0.858363386696625,1,124.4,114.5,358,356.6,322,355.6,337.8,323.3,645,754.5,650.9,599.1,534.4,674.7
Misin11G259900.1.v7.1,1,100,33.9,1.698595146871009,3.9707425248958e-4,0.005990292330596,78.3,133,49.6,43.8,39.1,84.6,95.9,85.9,89.4,92.7,79,142.5,151.7,179.3
Misin11G260500.1.v7.1,1,100,37,0.6986899563318777,0.856755615167959,1,160.3,112,68.3,30.9,55.1,44,57.4,37.3,123.1,65.4,111.4,74.1,90.8,77.8
Misin11G262500.1.v7.1,5,100,249.5,0.8337330135891287,0.125997970381846,0.365230161987315,125.1,104.3,673.1,692.7,614.6,614.6,619.4,523.4,1212.7,1465.6,1242.3,1035.4,979.8,1092.4
Misin11G267600.1.v7.1,1,100,42,0.7812238055322717,0.191866036248769,0.485988903791425,119.3,93.2,216.5,144.2,213.2,180.9,200.1,118.9,390.1,305.1,431,304.8,316.5,248.2
Misin11G270000.1.v7.1,8,95.325,291.1,2.108002602472349,0.0190304977567965,0.0933547940998153,153.7,324,880.8,526.1,591.4,1390.5,1675.2,1101.3,1586.9,1113.1,1195.5,2342.5,2650,2298.5
Misin11G271500.1.v7.1,8,100,367.2,0.9443938012762078,0.558833852580228,1,109.7,103.6,404.8,439.8,380.6,397.1,459.2,358.6,729.3,930.5,769.3,669,726.4,748.4
Misin11G272800.1.v7.1,2,100,120.5,0.7630522088353414,0.048057192297811,0.178032828444355,124.5,95,161.5,139.4,170.1,133.6,138.5,111.8,291,294.9,343.8,225.1,219.1,233.3
Misin11G276500.1.v7.1,2,100,82.1,0.7060133630289532,0.0759355247105834,0.249276844374255,134.7,95.1,161.1,127.3,142.1,120.4,122.9,123.5,290.3,269.3,287.2,202.8,194.4,257.8
Misin12G002400.1.v7.1,4,100,159,1.1860129776496036,0.474610898344456,0.930943496785588,138.7,164.5,382.7,290.9,320.9,410.8,486.1,372.7,689.5,615.5,648.7,692.1,769,777.8
Misin12G003500.1.v7.1,1,100,64.7,0.22451456310679613,0.00318454934069845,0.0254695062913549,247.2,55.5,130.9,146.7,137.4,37,39.4,32.5,235.8,310.4,277.7,62.3,62.3,67.8
Misin12G009400.1.v7.1,2,100,74.30000000000001,0.5052557813594954,0.100658817859936,0.307169835169559,285.4,144.2,953.9,1059.2,1053.6,601.7,779.2,515.8,1718.7,2241,2129.7,1013.7,1232.6,1076.5
Misin12G010600.1.v7.1,8,100,331.59999999999997,1.8487848784878487,0.468564902494323,0.922852055701071,111.1,205.39999999999998,167.2,110.2,115.2,251,265.1,199.3,301.3,233.1,232.9,422.79999999999995,419.4,415.9
Misin12G013200.1.v7.1,2,100,84,1.2239382239382237,0.804773727150082,1,77.7,95.1,96.5,65.6,76.9,101.4,120.3,99.2,173.9,138.8,155.4,170.8,190.3,207
Misin12G014400.1.v7.1,1,100,34.7,0.8140703517587939,0.206401343225298,0.512530723733535,119.4,97.2,17.9,12.8,21.4,16.6,16.6,6.7,32.3,27.1,43.3,28,26.3,14
Misin12G019000.1.v7.1,3,91.15,123.19999999999999,0.9339263024142312,0.996816901671578,1,78.7,73.5,106.89999999999999,94.4,94.7,207.6,116.8,82.8,192.60000000000002,199.8,191.5,349.79999999999995,184.8,172.8
Misin12G021900.1.v7.1,2,83.3,67.8,0.9921568627450981,0.995055226645362,1,51,50.6,74.3,66.89999999999999,62.5,85.8,73.39999999999999,62.099999999999994,133.9,141.5,126.3,144.6,116.10000000000001,129.6
Misin12G034400.1.v7.1,2,100,69.3,0.6201923076923077,3.2598120287086e-4,0.00515257821726118,124.8,77.4,86.9,68.3,78.1,57.6,60.1,52.6,156.6,144.5,157.9,97,95.1,109.8
Misin12G036200.1.v7.1,2,93.3,66.2,1.3176470588235294,0.963926705711416,1,8.5,11.2,5.7,4.4,5.6,8.1,8.5,5,10.3,9.3,11.3,13.6,13.4,10.4
Misin12G036400.1.v7.1,1,100,36.6,1.22,0.235510935366902,0.567091489585359,85,103.7,270.7,164,222.6,326,377.5,249.7,487.7,347,450,549.2,597.2,521.1
Misin12G038500.1.v7.1,5,100,205.2,1.3797169811320755,0.983853065275486,1,42.4,58.5,380.1,167,160.4,289.6,304.1,236,684.8,353.3,324.2,487.9,481.1,492.5
Misin12G048700.1.v7.1,2,100,107,0.7428385416666666,0.540167644672993,1,153.6,114.1,236.5,147.5,151.7,181.3,146.5,84,426.1,312.1,306.6,305.4,231.7,175.3
Misin12G050000.1.v7.1,1,100,32.7,1.1565464895635673,0.499180604277489,0.961104110142022,105.4,121.9,93.5,61.5,76.8,103.2,113.5,86.8,168.5,130.1,155.2,173.9,179.5,181.2
Misin12G051300.1.v7.1,1,100,48.5,1.3114285714285714,0.875863155227215,1,35,45.9,12.3,10.4,12.1,19.1,18.4,9.2,22.2,22,24.5,32.2,29.1,19.2
Misin12G055100.1.v7.1,9,100,465.5,0.9617871840094062,0.827963745110575,1,170.1,163.6,1230,1024.1,1076.2,1214.6,1298.2,1018.5999999999999,2216.1,2166.7,2175.4,2046.2,2053.6,2125.9
Misin12G056900.1.v7.1,1,100,33.1,0.6865284974093264,0.182997481233071,0.471050535925645,115.8,79.5,169.9,223.8,168.6,145.3,126.6,112.1,306.1,473.5,340.8,244.8,200.3,234
Misin12G062300.1.v7.1,12,100,501.9,1.2670286278381044,3.9447656194213e-4,0.00596640905892817,202.60000000000002,256.7,1823.5,1256.8999999999999,1498.4,2061.2000000000003,2125.7999999999997,1670.7000000000003,3285.4999999999995,2659.2,3028.7999999999997,3472.5000000000005,3362.7999999999997,3486.8999999999996
Misin12G062800.1.v7.1,1,100,36.6,0.3513770180436847,1.5372193198637e-4,0.00308947383712241,210.6,74,66.5,83.3,75.7,31.9,35,23.4,119.8,176.2,153,53.7,55.4,48.8
Misin12G063000.1.v7.1,15,100,543.4,1.3553038105046344,3.1097321109563e-4,0.00497653403413394,194.2,263.2,1498,1169.8999999999999,1343.5,1981.8000000000002,2105,1707.6999999999998,2699,2475.2000000000003,2715.8,3338.7000000000003,3329.9,3564.1
Misin12G066000.1.v7.1,5,100,202.5,1.1934369602763384,0.348246631679867,0.748697277236521,57.9,69.1,144.5,97.5,122.5,173.5,203.4,141.5,260.3,206.3,247.6,292.3,321.8,295.3
Misin12G066600.1.v7.1,1,100,53.5,0.9545454545454546,0.999796863243516,1,77,73.5,110.8,99.1,90.9,119.8,116.7,91.3,199.6,209.7,183.7,201.8,184.6,190.5
Misin12G068500.1.v7.1,16,100,770.7999999999998,1.782122905027933,0.128799234120625,0.371138605476211,71.6,127.6,558.5,417.8,429.20000000000005,1066,1176.5,807.5,1006.3,884,867.5999999999999,1795.8000000000002,1861.1000000000001,1685.3
Misin12G070400.1.v7.1,2,100,83.19999999999999,0.9429695181907571,0.999994955769211,1,101.7,95.9,92.6,88.9,73.2,93.4,89.5,92,166.8,188.1,148,157.3,141.6,192
Misin12G071600.1.v7.1,1,92.3,34.3,1.8992932862190812,0.185791958782198,0.475445308446937,56.6,107.5,107.6,62.2,50.5,148.4,154.5,139.4,193.9,131.6,102.1,250,244.4,290.9
Misin12G073800.1.v7.1,3,100,115.8,0.7236994219653179,0.00823597657264452,0.0500281682370629,86.5,62.6,229.9,220,226.4,209,209.4,143.2,414.2,465.5,457.6,352.1,331.3,298.9
Misin12G075400.1.v7.1,2,82.4,69.4,0.5037313432835822,0.00557659735675242,0.0384397988832247,241.2,121.5,545.2,668.7,473.4,308.7,312.9,181.1,982.3,1414.8,956.9,520.1,495,378
Misin12G081900.1.v7.1,11,100,465.4,0.9722134512156615,0.981149896097335,1,316.7,307.9,711.8,701.3,658.9,774.7,847,689,1282.4,1483.8,1331.8,1305.1,1339.8,1438
Misin12G083500.1.v7.1,8,95,336.3,0.8018720748829955,0.745257678384858,1,64.1,51.400000000000006,138.1,115.6,115.2,177.9,127.5,91,248.9,244.6,232.8,299.7,201.70000000000002,189.9
Misin12G084000.1.v7.1,7,100,335.4,1.232355273592387,0.276882570124113,0.632707596728823,126.1,155.4,666,556.6,451.8,854.5,868.8000000000001,729.9,1200,1177.6,913.3000000000001,1439.6,1374.4,1523.3
Misin12G093600.1.v7.1,8,100,314,1.076487252124646,0.516905567403711,0.982244658203084,70.6,76,127.6,90,98.5,163.1,176.2,141.10000000000002,229.9,190.5,199.1,274.7,278.7,294.4
Misin12G096700.1.v7.1,6,91.3,275.1,3.9993666877770746,1.48379385533914e-6,3.9403764865667e-4,157.89999999999998,631.5,775.4000000000001,691.4000000000001,633,3056.6000000000004,3797,2709.4,1397.1,1462.8,1279.5,5149.3,6006.5,5654.700000000001
Misin12G101800.1.v7.1,2,100,75.1,1.4418604651162792,0.132935723852877,0.379178837571394,47.3,68.2,201.9,172.5,158.6,322.9,331.6,249.4,363.8,365,320.6,544,524.6,520.5
Misin12G105200.1.v7.1,1,100,33.5,0.5903083700440529,0.205162092916172,0.51062374926907,90.8,53.6,62.8,41.7,55.7,39.5,35.4,32.3,113.1,88.2,112.6,66.5,56,67.4
Misin12G105400.1.v7.1,1,100,39.3,0.6951219512195123,0.358034605061311,0.763170486843041,196.8,136.8,187.1,133.3,146.7,122.4,119.4,107.6,337.1,282,296.5,206.2,188.9,224.6
Misin12G108000.1.v7.1,7,100,329.2,0.8675612602100349,0.502594728598341,0.966271761760088,171.4,148.7,805,851.8,755,832.6,891.1999999999999,719.2,1450.3999999999999,1802.1000000000001,1526.1000000000001,1402.7,1409.8,1501
Misin12G109000.1.v7.1,3,100,121.4,0.8895966029723991,0.923527296712118,1,141.3,125.7,154.3,139.9,125.9,146.8,172.2,105.3,278,296,254.5,247.3,272.4,219.8
Misin12G110200.1.v7.1,2,100,68.6,0.06973548608725523,7.96579916073625e-6,6.4326277822894e-4,291.1,20.3,759.8,1225.2,1089.4,109.7,84.8,73.5,1369,2592.2,2202.1,184.8,134.1,153.4
Misin12G111300.1.v7.1,1,100,34.3,1.4330042313117064,0.408152642669983,0.833867008715326,70.9,101.6,51.5,41.3,39.8,73.1,92.5,60,92.8,87.4,80.5,123.1,146.3,125.2
Misin12G113600.1.v7.1,3,100,127.5,1.7922705314009664,6.202598236108e-4,0.00794867563694104,41.4,74.2,17.7,16.7,12.4,33.9,35.9,30.7,31.9,35.3,25.1,57.1,56.8,64.1
Misin12G118700.1.v7.1,3,100,117.1,1.1075697211155378,0.977313927455013,1,25.1,27.8,31,14,24.2,41.8,34.3,21.6,55.9,29.6,48.9,70.4,54.3,45.1
Misin12G121100.1.v7.1,3,94.7,132.2,1.1798561151079134,0.997273022356633,1,55.6,65.6,37.9,20.8,25.6,36.2,32.4,29.3,68.3,44,51.7,61,51.3,61.2
Misin12G126200.1.v7.1,19,100,923.9,5.208314707197138,2.79079941412075e-6,5.1311020736422e-4,223.70000000000002,1165.1,539.4,449.7,358.70000000000005,3066.2999999999997,3778.1000000000004,2417.7,971.8,951.4,725.0999999999999,5165.700000000001,5976.5999999999995,5045.8
Misin12G127900.1.v7.1,4,100,194.8,1.122823984526112,0.983549846057794,1,103.4,116.1,470.1,305,402.8,499.90000000000003,506.9,402.8,847,645.3,814.2,842.1,801.8000000000001,840.7
Misin12G131900.1.v7.1,1,100,34.7,0.7691645133505599,0.987059471047781,1,116.1,89.3,25.9,14.9,24.8,27.2,21.5,17.2,46.7,31.5,50.1,45.8,34,35.9
Misin12G133400.1.v7.1,4,100,152.6,4.5027027027027025,0.023421662418309,0.108656820825771,37,166.6,694,667.6,456.3,2853.6,3740.1,2695.3,1250.4,1412.5,922.4,4807.4,5916.5,5625.2
Misin12G136300.1.v7.1,1,100,57.4,0.9405622489959838,0.999996138248256,1,124.5,117.1,522.4,372.8,493.2,525.7,496.8,491,941.2,788.7,996.9,885.6,785.9,1024.7
Misin12G142200.1.v7.1,2,100,66.2,0.5216426193118757,0.0266247574338853,0.118378608131708,180.2,94,176.2,101.5,154.8,96.9,103.8,71.8,317.5,214.7,312.9,163.2,164.2,149.9
Misin12G150500.1.v7.1,1,100,36.2,0.2865792129162462,0.111620284397214,0.332281890707131,198.2,56.8,138.7,138.5,127.5,30.5,50.4,35.4,249.9,293,257.7,51.4,79.7,73.9
Misin12G152200.1.v7.1,2,100,80.9,0.9140495867768594,0.991398034444605,1,121,110.6,44.8,34.4,41.3,43.8,44.1,36,80.7,72.8,83.5,73.8,69.8,75.1
Misin12G158400.1.v7.1,2,100,84,0.9649446494464944,0.998663688920268,1,54.2,52.3,102.8,109.5,81.7,119,97.7,85.7,185.2,231.7,165.1,200.5,154.6,178.9
Misin12G161200.1.v7.1,1,88.2,37,0.7945791726105564,0.976065071393893,1,70.1,55.7,42,24.1,31.5,41.4,32,22.6,75.7,51,63.7,69.7,50.6,47.2
Misin12G161500.1.v7.1,1,87,43.5,1.0126315789473685,0.999999633293122,1,47.5,48.1,41.9,30,33.9,41.2,41.6,38.2,75.5,63.5,68.5,69.4,65.8,79.7
Misin12G162100.1.v7.1,1,100,53.5,1.0899550224887555,0.934363039137059,1,66.7,72.7,149.9,125.9,115.2,172.3,153,141.7,270.1,266.4,232.9,290.3,242,295.7
Misin12G163600.1.v7.1,2,100,85.4,0.6630971993410214,0.202734267500149,0.506559692762163,121.4,80.5,262.1,268.9,182,191.9,183.1,150,472.2,568.9,367.9,323.3,289.6,313.1
Misin12G163900.1.v7.1,1,100,43.1,1.2917771883289124,0.398596205925472,0.819823898907546,113.1,146.1,26,27.9,32.3,37.2,48.2,39.9,46.8,59,65.3,62.7,76.2,83.3
Misin12G183300.1.v7.1,4,100,134.4,1.1262135922330097,0.48298082185069,0.940703617391163,113.3,127.6,1156.1,650.3,886.7,1186.6,1307.1,967.5,2083,1375.9,1792.4,1999,2067.7,2019.2
Misin12G184600.1.v7.1,1,100,45.8,1.0169794459338695,0.99494398059797,1,111.9,113.8,301.5,239.2,260.6,317.2,367.5,256.6,543.2,506.1,526.8,534.4,581.4,535.5
Misin12G195500.1.v7.1,2,100,72,1.3710045662100456,0.659670383496867,1,87.6,120.1,23.4,19.5,21,34.3,33.5,28,42.2,41.3,42.4,57.8,53,58.4
Misin12G196100.1.v7.1,16,100,727,1.0596666666666668,0.371659878136095,0.781275672921064,300,317.90000000000003,1538,1480.3,1338.6000000000001,1737.2000000000003,1826.8000000000002,1385.7,2771.1000000000004,3131.9,2705.8999999999996,2926.7,2889.8,2891.9999999999995
Misin12G199800.1.v7.1,1,100,43.1,1.5941422594142258,0.00416948763403924,0.0309134663873446,71.7,114.3,33.5,26.4,32.2,56.5,62.8,46.1,60.4,55.9,65.1,95.2,99.3,96.2
Misin12G201000.1.v7.1,1,100,36.2,2.1653261840929403,1.87790752372852e-5,7.2163272850529e-4,111.9,242.3,295.1,306.1,280.8,696.5,874.9,589.2,531.7,647.6,567.6,1173.4,1384,1229.7
Misin12G203400.1.v7.1,3,95.7,183.2,1.0326633165829147,0.999999967824401,1,39.8,41.1,52.2,40.3,41.8,57.4,48.6,42.2,94.1,85.3,84.5,96.7,76.9,88.1
Misin12G206100.1.v7.1,1,100,40,0.5091019417475728,0.0127763627884291,0.069362775768667,164.8,83.9,344.4,245.2,421.3,187.6,230,138.8,620.5,518.8,851.6,316,363.8,289.7
Misin12G206800.1.v7.1,3,95.8,146,1.4224137931034482,0.0780323868824987,0.254547690397049,58,82.5,173.6,120.2,134.3,229.3,235.9,221.2,312.8,254.3,271.5,386.3,373.2,461.7
Misin12G207200.1.v7.1,2,100,78.9,0.35665529010238906,0.0130475270083773,0.0704259179736597,175.8,62.7,376.3,326,310,144.3,152.8,109.5,678,689.7,626.6,243.1,241.7,228.5
Misin12G210000.1.v7.1,2,96.65,70.80000000000001,0.9825783972125436,0.994845235214899,1,57.4,56.4,79,61.7,70.5,82.9,88.9,50.4,142.3,130.5,142.5,139.7,140.6,105.2
Misin12G211600.1.v7.1,8,100,342.8,1.0740740740740742,0.895043790222705,1,137.7,147.9,643.8,440,553.6999999999999,722.4,744.6,523.8,1159.8999999999999,931,1119.2,1217,1177.8999999999999,1093.2
Misin12G227300.1.v7.1,2,96.3,111,1.2956521739130435,0.252275566676179,0.594605004182083,69,89.4,128.9,114.4,93.4,178.7,178.4,144.8,232.2,242,188.8,301.1,282.2,302.2
Misin12G227700.1.v7.1,2,97.2,87.8,0.9003021148036254,0.998846541624298,1,99.3,89.4,109.3,81.3,76,117.6,97.9,70.3,196.9,172,153.6,198.1,154.9,146.7
Misin12G231500.1.v7.1,1,100,35,0.7975746268656716,0.613860290998374,1,107.2,85.5,33.2,30.1,29.4,28.3,30,24.7,59.8,63.7,59.4,47.7,47.5,51.6
Misin12G236400.1.v7.1,2,77.3,122.5,1.059154929577465,0.995219858418331,1,35.5,37.6,155.9,131.2,133.7,204.2,175.2,140.8,280.9,277.6,270.3,344,277.1,293.9
Misin12G238000.1.v7.1,5,90,189.9,0.9538648320518007,0.679602188124006,1,247.10000000000002,235.7,68.1,52.5,57.2,75.9,75.5,52.5,122.7,111.1,115.6,127.9,119.5,109.5
Misin12G246300.1.v7.1,1,100,50.1,1.0880281690140845,0.998613931213381,1,85.2,92.7,38.9,30.8,38.1,45.3,48.2,34.7,70.1,65.2,77,76.3,76.2,72.4
Misin12G260200.1.v7.1,1,100,37.7,1.0069605568445474,0.99980496761957,1,129.3,130.2,83.5,64,76.9,82.4,95.7,76.6,150.4,135.4,155.4,138.8,151.4,159.9
Misin12G264300.1.v7.1,3,98.6,130.6,0.909448818897638,0.880897442680904,1,101.6,92.4,109.9,97.10000000000001,90.10000000000001,113.3,105.7,90,198,205.4,182.10000000000002,190.9,167.20000000000002,187.79999999999998
Misin12G270100.1.v7.1,1,100,46.2,2.2890792291220556,0.00608244679995595,0.0411060963775872,46.7,106.9,69.4,61.6,40.7,169.9,154.2,140.9,125,130.3,82.3,286.2,243.9,294.1
Misin12G272900.1.v7.1,1,95,42,0.9100204498977505,0.971649939897242,1,48.9,44.5,15.4,12.7,14.4,12.7,18.3,12.1,27.7,26.9,29.1,21.4,28.9,25.3
Misin12G275300.1.v7.1,12,100,584.4,1.009229098805646,0.532410696673107,0.999727537884054,184.2,185.9,1555.3,1174.7,1411,2093.5,1956.7,1504.5,2802.2,2485.3999999999996,2852.2,3526.8999999999996,3095.3,3140
Misin12G276600.1.v7.1,4,100,143.2,0.7708884688090737,0.0138701410756803,0.0733707684598126,264.5,203.9,389,295.1,303.1,313.9,325.4,236.1,700.8,624.3,612.7,528.8,514.8,492.70000000000005
Misin12G278900.1.v7.1,1,100,50.1,0.9444444444444444,0.534468572130118,1,108,102,114.5,117.9,109.5,124.3,127.7,100.1,206.3,249.4,221.3,209.4,202,208.9
Misin12G281400.1.v7.1,6,97.05,221.79999999999998,1.7862105825761627,0.0296112050310001,0.127081865883853,187.1,334.20000000000005,346.1,191.7,165.10000000000002,501.1,765.5,382.9,623.5,405.70000000000005,333.79999999999995,844.1999999999999,1211,799.1
Misin13G010300.1.v7.1,2,100,67.8,0.7178289000718907,0.570106590576784,1,278.2,199.7,225.3,149.10000000000002,221.2,209.6,224.39999999999998,138.2,405.90000000000003,315.4,447.1,353.1,355,288.4
Misin13G015600.1.v7.1,2,100,74,1.3310901749663528,0.160012430974774,0.431649649696098,74.3,98.9,696.5,375.2,479.3,855.6,815.5,605.3,1254.9,793.8,968.8,1441.4,1290,1263.3
Misin13G016100.1.v7.1,2,100,66.2,0.9021956087824352,0.211327867697441,0.521936696138867,100.2,90.4,222.6,215.3,203.7,229.6,226.1,178,401.1,455.5,411.8,386.8,357.7,371.5
Misin13G018100.1.v7.1,1,100,37.7,0.8340318524727578,0.164110267996531,0.435896183192033,119.3,99.5,81.2,74.5,84.2,74.3,84.6,63,146.3,157.6,170.2,125.2,133.8,131.5
Misin13G018700.1.v7.1,1,100,47.4,0.5757575757575758,1.76003833589622e-5,6.7993960736502e-4,135.3,77.9,314.7,256,332.9,186.9,206.5,172.2,567,541.6,672.9,314.9,326.7,359.4
Misin13G019600.1.v7.1,10,100,411.4,1.338156892612338,0.103441836445076,0.313176630700474,131.3,175.7,453.8,369.09999999999997,375.5,534.6,570.8000000000001,407.40000000000003,817.6,780.9000000000001,759.1,900.6,903,850.2
Misin13G025800.1.v7.1,4,100,201,0.8177641653905054,0.248496609685155,0.58849132523153,261.2,213.60000000000002,447.5,451,398.5,416.1,428.6,329,806.3,954.1999999999999,805.6,701,678.1,686.5999999999999
Misin13G027300.1.v7.1,2,100,90.8,0.2930253623188406,1.0383944833358e-4,0.00230457829653573,220.8,64.7,36.8,59.9,41.6,11.6,20.6,11.8,66.3,126.7,84.1,19.5,32.6,24.6
Misin13G030400.1.v7.1,3,92.9,189.6,0.6521739130434783,0.917675019913655,1,144.9,94.5,276.2,176.1,216.1,169.1,209.2,129.7,497.6,372.6,436.8,284.9,330.9,270.7
Misin13G043600.1.v7.1,2,100,79.7,1.0386100386100385,0.997435868325677,1,103.6,107.6,22.5,11.8,17.4,18.2,25.2,17.5,40.5,25,35.2,30.7,39.9,36.5
Misin13G048400.1.v7.1,6,82.4,280.40000000000003,0.801762114537445,0.998491449081566,1,45.4,36.4,2196,1877.6,2034.2,3060.7,1924.5,1527.4,3956.6,3972.5,4111.9,5156.3,3044.4,3187.8
Misin13G048700.1.v7.1,2,94.25,77.8,0.5403645833333334,0.0257784860044694,0.116044568914548,76.8,41.5,129.4,183.5,98.9,74.9,74.1,61,233.1,388.2,199.9,126.2,117.2,127.3
Misin13G050500.1.v7.1,2,100,102.1,0.9959731543624162,0.997712773110996,1,74.5,74.2,24.2,16.8,19.8,25.1,25.2,15.2,43.6,35.5,40,42.3,39.9,31.7
Misin13G051000.1.v7.1,1,100,49.3,0.9876434245366285,0.979280414250788,1,113.3,111.9,12,7.7,10.7,16.3,13.5,8.5,21.6,16.3,21.6,27.5,21.4,17.7
Misin13G053900.1.v7.1,1,93.3,33.1,1.1489583333333333,0.993133091622017,1,96,110.3,35,25.2,33.3,47.7,45.8,23.2,63.1,53.3,67.3,80.4,72.5,48.4
Misin13G055000.1.v7.1,2,100,80,0.7332838038632987,0.0172321350912524,0.0866368217749616,134.6,98.7,214.5,164,206.9,168.2,156,156.5,386.5,347,418.2,283.4,246.8,326.6
Misin13G079000.1.v7.1,1,95.5,38.9,0.9437984496124031,0.646742237011256,1,51.6,48.7,43.3,36.2,43.5,48.7,46.5,29.2,78,76.6,87.9,82,73.6,60.9
Misin13G080200.1.v7.1,1,100,46.2,0.6261785912368275,1.59345188903703e-5,6.4326277822894e-4,180.3,112.9,775.3,706.3,787.9,555.4,611.8,441,1396.9,1494.3,1592.6,935.7,967.8,920.4
Misin13G081600.1.v7.1,4,95.85,144.8,3.9811066126855605,5.80955142148731e-6,6.4326277822894e-4,74.1,295,296.4,215.1,200.79999999999998,1624.4,1433.6,1080.1000000000001,534,455.1,405.9,2736.5,2267.8,2254.2
Misin13G081800.1.v7.1,2,87.1,97.8,0.8975155279503104,0.993396826802012,1,32.2,28.9,24.1,16.8,18.8,23.5,20.5,16.3,43.4,35.5,38,39.6,32.4,34
Misin13G083400.1.v7.1,8,100,341.6,2.446460980036298,0.0766793114433658,0.251061547742317,55.1,134.8,419.6,287.9,274.4,849.6,1060.2,713.7,756,609.1,554.7,1431.3,1677.1,1489.5
Misin13G093200.1.v7.1,2,100,96.2,1.0175975516449887,0.999994816296042,1,130.7,133,291,218.6,244.6,309.5,303.4,241,524.3,462.5,494.4,521.4,480,503
Misin13G096400.1.v7.1,1,100,42,0.9512516469038208,0.982333534484247,1,75.9,72.2,37.5,28.5,31.9,33.7,40.1,29.4,67.6,60.3,64.5,56.8,63.4,61.4
Misin13G105300.1.v7.1,2,100,67,1.6949685534591195,0.00518913753492567,0.036378906553673,63.6,107.8,102.4,91.5,78.6,186.5,197.6,144.6,184.5,193.6,158.9,314.2,312.6,301.8
Misin13G129200.1.v7.1,10,100,405.1,0.8500388500388502,0.153091674643438,0.417851042803272,128.7,109.4,263.7,242.2,259.5,258.7,282.4,182.9,475.1,512.4,524.5,435.8,446.7,381.7
Misin13G131200.1.v7.1,1,100,45.8,0.7657295850066934,0.316364599574951,0.698111376621098,74.7,57.2,601.5,496.6,529.8,486.7,469.9,394.7,1083.7,1050.7,1070.9,819.9,743.3,823.8
Misin13G136800.1.v7.1,1,93.8,39.3,0.9669239250275634,0.993145729897467,1,90.7,87.7,32.6,23.8,23.4,25.6,30.8,23.7,58.7,50.4,47.3,43.1,48.7,49.5
Misin13G144800.1.v7.1,20,100,1041.3,0.8764845605700714,0.120786417545697,0.353259515168003,168.4,147.60000000000002,1404.1000000000001,1260.1,1169.5,1199,1304.1,1001.2,2529.8,2666,2364,2019.9,2063,2089.5
Misin13G145200.1.v7.1,2,100,87,1.7925373134328357,0.0255964258805903,0.11537753541788,67,120.1,128.7,99.2,74.7,223.3,226,183.2,231.9,209.9,151,376.2,357.5,382.3
Misin13G149700.1.v7.1,3,100,146.8,1.0413223140495869,0.999946603572356,1,72.6,75.6,60.1,49.1,63.8,66.9,65.6,56.2,108.3,103.9,129,112.7,103.8,117.3
Misin13G150000.1.v7.1,9,100,435.80000000000007,0.688715953307393,0.00151993360655234,0.0150609215632764,128.5,88.5,2050.4,1955.3,1843.5,1553.8,1594,1229,3694.3,4136.9,3726.4,2617.6,2521.6,2565
Misin13G150200.1.v7.1,2,100,71.69999999999999,1.7257281553398056,0.0602550097929754,0.208301437770176,82.4,142.2,62.1,51.5,42,111.6,100.2,97.1,111.9,109,84.9,188,158.5,202.7
Misin13G154600.1.v7.1,2,100,82,1.291044776119403,0.951789517604665,1,53.6,69.2,150,77,86.1,184,142,92.5,270.3,162.9,174,310,224.6,193.1
Misin13G157500.1.v7.1,1,100,33.9,1.3165548098434003,0.850001820305323,1,89.4,117.7,74.6,52,56.9,89.9,93.8,82.7,134.4,110,115,151.5,148.4,172.6
Misin13G158100.1.v7.1,3,100,117.4,1.1547131147540985,0.0181493638600931,0.0899580447014307,97.6,112.7,901.7,755.7,782.2,1096.5,1110.9,955.2,1624.6,1598.9,1581.1,1847.2,1757.3,1993.5
Misin13G158500.1.v7.1,2,96.45,68.9,1.7431264728986646,0.128096947370006,0.36977830891364,127.3,221.9,70.8,71.8,63.8,126.6,108.80000000000001,98.80000000000001,127.6,151.9,129,213.3,172.1,206.2
Misin13G160400.1.v7.1,6,100,265.79999999999995,0.8562850280224178,0.950018952089875,1,249.8,213.89999999999998,150,125.5,143.7,146.5,140.7,131.8,270.3,265.5,290.5,246.79999999999998,222.6,275
Misin13G161200.1.v7.1,11,100,437,1.4256360078277888,0.0601626240501985,0.208301437770176,102.19999999999999,145.7,279.6,237.39999999999998,244.8,454.7,472.9,377.9,503.8,502.3,494.8,766,748.1,788.7
Misin13G167300.1.v7.1,1,100,38.5,1.1294964028776977,0.955871577654072,1,27.8,31.4,61.1,39.5,45.9,73.4,66.3,46.8,110.1,83.6,92.8,123.7,104.9,97.7
Misin13G167500.1.v7.1,5,99.225,271.9,1.1617375231053604,0.972264731525945,1,108.2,125.7,475.3,393.7,438.90000000000003,541.6999999999999,552.4000000000001,433.40000000000003,856.4,832.9,887.1999999999999,912.6,873.8000000000001,904.5
Misin13G187400.1.v7.1,1,89.5,40.4,1.0576576576576577,0.995668833853581,1,55.5,58.7,137,99.3,94.7,146.6,129.4,106.5,246.8,210.1,191.4,247,204.7,222.3
Misin13G191800.1.v7.1,3,94.5,129.4,1.040920716112532,0.998396296942456,1,39.1,40.7,92.3,64.4,71.2,104.5,86.6,71.7,166.3,136.3,143.9,176,137,149.6
Misin13G192200.1.v7.1,7,100,332.3,0.5901486988847584,0.360791724312087,0.768047828945512,107.6,63.5,207.89999999999998,144.4,180.1,177.29999999999998,165.3,118.9,374.6,305.6,364.1,298.7,261.5,248.2
Misin13G196900.1.v7.1,12,100,532,1.6695156695156692,0.00462189450217831,0.0335365227865821,140.4,234.39999999999998,716,505.1,547.1,1223.6,1345.1000000000001,972,1290.1000000000001,1068.7,1105.8999999999999,2061.4,2127.8,2028.6000000000001
Misin13G198400.1.v7.1,3,100,122.1,1.463245492371706,0.0500244894749683,0.183296315942333,72.1,105.5,76.4,74.1,51.1,117.9,127.3,108.3,137.7,156.8,103.3,198.6,201.4,226
Misin14G007100.1.v7.1,1,100,40.8,2.078723404255319,0.649801917493247,1,47,97.7,109.8,82.8,61.5,216,241.3,161.4,197.8,175.2,124.3,363.9,381.7,336.8
Misin14G014400.1.v7.1,2,97.2,79.4,1.3243243243243243,0.575671059676283,1,85.1,112.7,53.1,65.7,42.3,92.8,76.8,60.7,95.7,139,85.5,156.3,121.5,126.7
Misin14G022900.1.v7.1,2,96.9,71.19999999999999,0.6273408239700374,0.0641206711915971,0.218840251793086,106.8,67,231.3,217,208.4,151.2,167.1,154.6,416.7,459.1,421.3,254.7,264.3,322.7
Misin14G023600.1.v7.1,3,100,117.1,0.8597222222222222,0.180609422354158,0.466414538595202,216,185.7,163.70000000000002,176.89999999999998,156.9,169.3,170,150,295,374.20000000000005,317.2,285.2,268.9,313.1
Misin14G025100.1.v7.1,4,100,186.9,1.0771349862258952,0.489499493465498,0.948825723854893,108.9,117.3,209.3,170.2,166.1,250.5,214.7,173.9,377.1,360.1,335.7,422.1,339.70000000000005,363
Misin14G027400.1.v7.1,1,100,38.9,0.4037825059101655,1.0558565798701e-4,0.00233463798124169,211.5,85.4,496.3,592.2,527.6,262.6,261.3,206.3,894.2,1252.9,1066.5,442.4,413.4,430.6
Misin14G039500.1.v7.1,1,90,65.1,0.8742393509127789,0.979662322057451,1,49.3,43.1,5,0,3.4,6.2,2.5,3.3,9,0,6.9,10.4,4,6.9
Misin14G047500.1.v7.1,2,100,79.69999999999999,0.7890932982917215,0.0126572042470663,0.0688491831202812,152.2,120.1,121.6,93.2,141,90.6,109.3,85.7,219.1,197.2,285,152.6,172.9,178.9
Misin14G054600.1.v7.1,2,100,67.80000000000001,1.0096153846153848,0.958985964077878,1,135.2,136.5,119.8,88.3,103.2,125,128.8,113,215.8,186.8,208.6,210.6,203.7,235.8
Misin14G058400.1.v7.1,9,100,383.5,0.8690721649484536,0.0323730402164756,0.134526462099008,97,84.3,463.4,470.1,437.4,456.1,466.5,371.8,834.9,994.6,884.1,768.4,738,776
Misin14G060100.1.v7.1,1,100,46.2,0.3392255892255892,3.44255831932205e-5,0.00113494910234247,237.6,80.6,222.5,249.8,263.4,93.5,118.1,85.9,400.9,528.5,532.4,157.5,186.8,179.3
Misin14G068300.1.v7.1,4,100,151,1.7883683360258482,0.00867889239883157,0.0518471376487592,61.9,110.7,153.5,132,99.4,333.6,312.6,236.4,276.6,279.3,200.9,562,494.5,493.4
Misin14G071300.1.v7.1,7,98.675,296.2,1.2009569377990432,0.00723129215641927,0.046465398144783,83.6,100.4,831.9,710.1,720.3,1372.4,1396.3,1187.3,1498.9,1502.4,1456,2312,2208.7999999999997,2477.9
Misin14G071600.1.v7.1,1,100,45.8,1.0927487352445193,0.999819876336366,1,59.3,64.8,35.6,24.2,26.2,37.3,33.7,27.7,64.1,51.2,53,62.8,53.3,57.8
Misin14G074800.1.v7.1,1,100,37,0.7279053583855254,0.171848861438106,0.449932937306536,143.7,104.6,272.6,241.7,251.3,219.5,247.8,174.3,491.2,511.4,508,369.8,392,363.8
Misin14G075000.1.v7.1,1,95.8,52.4,1.4494556765163298,0.480134146142281,0.936506900911105,64.3,93.2,19.1,15.6,13.2,28.4,27.1,29.3,34.4,33,26.7,47.8,42.9,61.2
Misin14G078300.1.v7.1,1,100,35,0.7302127659574468,0.0162844571872091,0.0826216095177341,117.5,85.8,42.4,36.9,47,34.4,30.4,27.3,76.4,78.1,95,58,48.1,57
Misin14G079400.1.v7.1,1,95.2,43.5,0.5667731629392971,0.00192010768025597,0.0176436725777106,156.5,88.7,122.2,87.1,125.4,74.1,83.9,56.6,220.2,184.3,253.5,124.8,132.7,118.1
Misin14G080600.1.v7.1,11,100,517.6999999999999,1.3486646884272997,0.506326815314267,0.970043633759695,67.4,90.9,1849.3,1385.2,1380,2347.7,2529.3,1845.6,3331.9,2930.7,2789.5,3955.1,4001.1,3851.9
Misin14G082200.1.v7.1,1,100,40.4,1.4806629834254146,0.00852725049442937,0.0511823522602409,108.6,160.8,60.3,56.1,53.6,109.1,94.3,77.1,108.6,118.7,108.3,183.8,149.2,160.9
Misin14G083200.1.v7.1,32,100,1288.4999999999998,0.985004686035614,0.920526120767352,1,213.39999999999998,210.2,9579.3,7989.8,7923.2,10878.5,11128.5,8098.9,17259.3,16904.3,16015.800000000001,18326.7,17604.2,16902.8
Misin14G083500.1.v7.1,1,100,36.6,1.3681818181818182,0.0261440671128311,0.116894688644162,66,90.3,114.4,81.5,104.4,167.3,189,116,206.1,172.4,211,281.8,299,242.1
Misin14G083700.1.v7.1,3,100,115.9,0.7598639455782313,0.216167586586046,0.530919175050488,147,111.7,155.5,107.9,148.4,126.3,134.3,107.7,280.2,228.3,300,212.8,212.4,224.8
Misin14G086000.1.v7.1,11,100,455.20000000000005,3.777553083923155,0.00564374662370926,0.0387566535646021,98.9,373.6,1108.6,871.0999999999999,815.9,4134.6,3813.6,3551.4,1997.4,1843,1649.2,6965.4,6032.8,7411.9
Misin14G093600.1.v7.1,3,90,125.9,1.3051181102362206,0.867518757052103,1,101.6,132.6,388.7,232.8,254.7,433.59999999999997,407.99999999999994,312.4,700.4000000000001,492.5,514.8,730.5000000000001,645.4000000000001,652
Misin14G097200.1.v7.1,1,100,52.8,0.6267201834862385,5.9757552115402e-4,0.00784034656596873,174.4,109.3,223.8,231.5,243,182.2,207,143.4,403.2,489.8,491.2,306.9,327.5,299.3
Misin14G097300.1.v7.1,1,100,36.6,1.3645240032546784,0.0706260615489733,0.23456079184636,122.9,167.7,70.2,53.7,52.6,92,95,81,126.5,113.6,106.3,155,150.3,169.1
Misin14G099700.1.v7.1,4,100,165.6,0.48246194573130385,0.00561204858873776,0.0385631310372094,151.1,72.9,242.4,214.4,330.4,105,138.4,114,436.7,453.6,667.9,176.9,218.9,237.9
Misin14G101000.1.v7.1,18,100,837.8,1.05607476635514,0.966568050610216,1,149.8,158.2,1486.6000000000001,1210.4,1428.6999999999998,1734.1000000000001,1748.3,1431.1000000000001,2678.5,2560.9,2887.9,2921.4,2765.7,2986.8
Misin14G103700.1.v7.1,3,100,123.7,1.3654485049833887,0.170567755743382,0.447414220963932,90.3,123.3,119.3,84.8,91.7,157.4,159.9,114.5,214.9,179.4,185.4,265.2,252.9,239
Misin14G105800.1.v7.1,1,100,72.4,0.9069767441860465,0.999999785716944,1,77.4,70.2,43,35.1,27.4,38,42.6,34.5,77.5,74.3,55.4,64,67.4,72
Misin14G106300.1.v7.1,1,100,33.9,0.6389972144846797,0.00598750383247615,0.0405449265201425,179.5,114.7,104.6,66.9,96.8,74,76.1,53.2,188.5,141.5,195.7,124.7,120.4,111
Misin14G107500.1.v7.1,4,100,157.2,0.7998366013071896,0.0123913688191936,0.0679146165036325,122.4,97.9,348.5,300.8,276.8,324.6,305.5,240.6,627.9,636.4,559.5,546.8,483.3,502.1
Misin14G109700.1.v7.1,20,100,1053.3999999999999,0.7377106741573033,0.0374112346708534,0.149952050949406,284.8,210.1,11924.800000000001,9488.7,11140.2,11964.3,13346.4,9461.9,21485.2,20075.5,22518.6,20155.8,21112.7,19747.4
Misin14G118800.1.v7.1,2,100,87,0.9939288811795316,0.992974007907652,1,115.3,114.6,18.1,10.2,15.6,18.6,23.4,11.4,32.6,21.6,31.5,31.3,37,23.8
Misin14G122400.1.v7.1,2,95.85,101.3,0.8491988689915174,0.993802997369592,1,106.1,90.1,342.8,180.9,275.8,300.7,299.5,209.5,617.6,382.7,557.5,506.6,473.8,437.2
Misin14G124100.1.v7.1,1,100,52,1.0861148197596795,0.809037154251772,1,149.8,162.7,193,139.1,178.3,224.1,232.8,191.2,347.7,294.3,360.4,377.5,368.3,399
Misin14G124600.1.v7.1,9,100,388.6,0.56996996996997,4.76807959545189e-5,0.00140324349710304,166.5,94.9,1217.4,953.3,1372.9,742.3,811.6,571,2193.4,2016.9,2775.1,1250.5,1283.9,1191.7
Misin14G129900.1.v7.1,1,94.4,36.6,0.9621848739495799,0.999999980553674,1,119,114.5,85.6,77.3,69.3,88.1,104.7,69.6,154.2,163.5,140.1,148.4,165.6,145.3
Misin14G136900.1.v7.1,5,100,188.7,0.8093023255813953,0.0586053039424947,0.204556454059643,172,139.2,362.40000000000003,294.6,329.9,378.4,407.2,335.2,652.9000000000001,623.3,666.8000000000001,637.5,644.2,699.6
Misin14G139300.1.v7.1,1,100,44.7,0.7583254043767841,0.220708749799455,0.539902890006139,105.1,79.7,27.8,25.1,28.4,23.9,30.9,17.1,50.1,53.1,57.4,40.3,48.9,35.7
Misin14G140000.1.v7.1,12,100,563.2,0.8934624697336561,0.0172410049309791,0.0866631365531039,247.8,221.39999999999998,1138.9,1384.8,1065.3,973.7,1057.9,814.1,2052,2929.8999999999996,2153.4,1640.3,1673.5,1699.1
Misin14G145400.1.v7.1,13,100,567.2,3.740056022408963,5.68440855164276e-7,2.4331549309364e-4,178.5,667.5999999999999,893.8000000000001,830.6999999999999,703.7,2827.2,3582.5,2602.9,1610.4,1757.5,1422.5,4762.9,5667.2,5432.4
Misin14G146900.1.v7.1,1,100,45.8,1.4756690997566908,0.00414683271707794,0.0308887202013343,82.2,121.3,101.4,78.7,75.4,127,155.4,126.3,182.7,166.5,152.4,214,245.8,263.6
Misin14G148800.1.v7.1,4,100,163.6,0.7466266866566718,0.630989638514758,1,200.1,149.4,1777,1459.1,1623,1471.9,1511.3,1119.2,3201.7,3087.1,3280.7,2479.7,2390.7,2335.8
Misin14G150800.1.v7.1,3,90.9,152.5,1.2648793565683645,0.00205347115227172,0.0184703918436033,186.5,235.89999999999998,49.3,42.400000000000006,42,61.4,69.2,47.3,88.8,89.60000000000001,84.9,103.4,109.4,98.7
Misin14G156600.1.v7.1,1,100,39.3,1.2747497219132369,0.0670726728433888,0.226111122939862,89.9,114.6,59.3,38.9,48,81.3,75.6,59.3,106.8,82.3,97,137,119.6,123.8
Misin14G157500.1.v7.1,1,96.2,57.4,1.0918918918918918,0.960940797086843,1,55.5,60.6,69.9,48.7,46.3,63.2,71.1,57.7,125.9,103,93.6,106.5,112.5,120.4
Misin14G158200.1.v7.1,8,100,341.7,1.6790726052471017,0.00557945301110274,0.0384397988832247,163.9,275.2,196.2,162.7,164.29999999999998,322.40000000000003,335,268.5,353.5,344.2,332.1,543.1,530,560.4
Misin14G158600.1.v7.1,12,100,461.6,1.3889502762430939,1.4493615969779e-4,0.0029252314162206898,90.5,125.7,411.7,332.7,319,580.8,614.4,469.7,741.8,703.9,644.8,978.5,971.9,980.3
Misin14G165500.1.v7.1,1,100,45.4,0.7902140672782874,0.417603561298796,0.848087116564548,163.5,129.2,600.9,497.1,695.2,481.4,540.9,436.3,1082.7,1051.7,1405.3,811,855.7,910.6
Misin14G168800.1.v7.1,50,100,2390.7999999999997,0.7135359720096218,0.26736230360861,0.619083725356015,457.29999999999995,326.3,20456.100000000002,17517.4,17169.6,14860.699999999999,16429.7,13449.8,36856.3,37062,34706.2,25035.199999999997,25990.199999999997,28070.399999999998
Misin14G168900.1.v7.1,1,100,37.4,0.8371584699453551,0.827802913895768,1,91.5,76.6,12.9,11.2,11.6,10.1,12.4,10.7,23.2,23.7,23.4,17,19.6,22.3
Misin14G169700.1.v7.1,19,100,878.8,1.1445482866043613,0.403813454987062,0.827351916609921,160.5,183.7,2172.2,2010.6999999999998,1927.5,2580.8,2768.5,2114,3913.7,4254.1,3896.2,4347.8,4379.5,4412
Misin15G004600.1.v7.1,2,100,99.4,1.9452214452214454,0.0897081994794258,0.282244541023177,85.8,166.9,87.7,41.3,58.5,140.5,145.4,92.5,158,87.4,118.3,236.7,230,193.1
Misin15G007600.1.v7.1,1,90.6,50.1,1.1733576642335766,0.327589415086146,0.714860505171964,54.8,64.3,21.6,13.6,22.1,29.6,27.6,21.9,38.9,28.8,44.7,49.9,43.7,45.7
Misin15G032200.1.v7.1,3,93.3,101.69999999999999,1.0121665886757136,0.999618015594507,1,213.7,216.3,319.7,245.5,228.8,310.9,359.9,236.70000000000002,576,519.4,462.5,523.8,569.3,494
Misin15G037700.1.v7.1,1,77.3,37,1.5186915887850467,0.484659324515101,0.94343321021984,21.4,32.5,71.8,71.6,61.8,115.2,124.1,111.7,129.4,151.5,124.9,194.1,196.3,233.1
Misin15G039400.1.v7.1,1,100,37.4,1.3137254901960784,0.0506440519333097,0.184410048689914,112.2,147.4,49.7,28.8,42.6,62.6,84.6,54.2,89.5,60.9,86.1,105.5,133.8,113.1
Misin15G045900.1.v7.1,1,100,37,0.9174898314933179,0.858140776619507,1,172.1,157.9,302.6,331.4,287.4,317.1,336.9,243.3,545.2,701.2,580.9,534.2,532.9,507.8
Misin15G046100.1.v7.1,5,98.225,188,1.1627906976744184,0.792037378675613,1,38.7,45,124.6,86,97,164.3,144.2,96.1,224.5,182,196.1,276.8,228.1,200.6
Misin15G047100.1.v7.1,4,100,174.4,1.141519250780437,0.726483303753699,1,96.1,109.7,397.3,312.4,396.3,485,515.9,410.1,715.8,661,801.1,817.1,816.1,855.9
Misin15G053900.1.v7.1,10,100,421.9,1.0686792452830187,0.999445474105969,1,132.5,141.6,985.4,646.6,793.5,1017.5,1164.3,776,1775.4,1368,1604,1714.1,1841.8,1619.5
Misin15G060600.1.v7.1,1,100,40,0.9762931034482758,0.999478837848037,1,92.8,90.6,60.2,51.6,45.3,64.6,66.9,48.1,108.5,109.2,91.6,108.8,105.8,100.4
Misin15G064600.1.v7.1,1,100,33.1,1.389948006932409,0.122914624721564,0.358691600742311,57.7,80.2,154.2,145.1,113.4,211.4,309.8,185,277.8,307,229.2,356.1,490.1,386.1
Misin15G065800.1.v7.1,14,100,704.8,0.9313146233382571,0.656311877336222,1,135.39999999999998,126.1,630.4000000000001,462.4,463.70000000000005,546.9,580.2,476.6,1135.8,978.4,937.3000000000001,921.4000000000001,917.8,994.7
Misin15G067600.1.v7.1,2,100,87.1,1.9727427597955705,5.1023072389677e-4,0.00721684353763934,58.7,115.8,267.8,242.1,237.6,562.2,601.3,524.7,482.5,512.2,480.3,947.1,951.2,1095.1
Misin15G068600.1.v7.1,3,100,134.7,1.0488081725312146,0.999310716297946,1,88.1,92.4,226.5,161.5,199.4,253.9,267.2,166.6,408.1,341.7,403.1,427.7,422.7,347.7
Misin15G080100.1.v7.1,2,97.05,68.1,1.534246575342466,0.37291756884134,0.783228757679282,43.8,67.2,40.8,23.5,23.5,46.6,44.1,36.5,73.5,49.7,47.5,78.5,69.8,76.2
Misin15G085600.1.v7.1,6,100,315.6,1.0296896086369771,0.972702811515282,1,74.1,76.3,528.6,344.6,429.5,621.2,564.9,370.9,952.4,729.1,868.2,1046.5,893.6,774.1
Misin15G086900.1.v7.1,2,100,85.5,0.728744939271255,0.0287392516378371,0.124339387879144,172.9,126,831.4,747.1,740.2,594.6,735.3,523.1,1498,1580.7,1496.2,1001.7,1163.2,1091.7
Misin15G088900.1.v7.1,1,100,45.1,2.0842105263157893,0.230357538681855,0.557951660605699,85.5,178.2,82.9,38.9,37.4,80.1,108.4,83.9,149.4,82.3,75.6,134.9,171.5,175.1
Misin15G091600.1.v7.1,1,100,40.4,1.2837370242214534,0.98478679982886,1,28.9,37.1,35.5,20.5,23.4,36,39,27.1,64,43.4,47.3,60.6,61.7,56.6
Misin15G094100.1.v7.1,4,100,152.10000000000002,0.5106732348111659,0.00238474543005063,0.0208924536229028,182.7,93.3,1571.5,1369.7,1573.7,878.3,1011.7,679.2,2831.4,2897.9,3181,1479.6,1600.4,1417.5
Misin15G094700.1.v7.1,2,96.55,121.3,0.4200385356454721,0.0317437421604087,0.132791126383907,155.7,65.4,43.2,31.2,40.8,19.4,23,13.9,77.8,66,82.5,32.7,36.4,29
Misin15G104800.1.v7.1,2,100,67.4,0.9089848308051343,0.988614590279048,1,85.7,77.9,14.6,9.9,7.8,11.3,13.5,7.8,26.3,20.9,15.8,19,21.4,16.3
Misin15G109300.1.v7.1,1,100,46.6,0.7345739471106758,0.0395081406063513,0.155758524560534,102.1,75,42.5,30.4,35,31.1,29.7,24.9,76.6,64.3,70.7,52.4,47,52
Misin15G112000.1.v7.1,6,96.825,247.39999999999998,0.9168323392975481,0.940186482211886,1,301.79999999999995,276.7,730.3,449,654.1999999999999,723,779.8,626.9,1315.8,950,1322.4,1218,1233.6000000000001,1308.4
Misin15G115000.1.v7.1,4,98.225,177.2,1.055680963130173,0.965904257827282,1,132.9,140.29999999999998,77.8,67.5,75.7,88.19999999999999,98.7,72.8,140.20000000000002,142.8,153,148.6,156.1,151.9
Misin15G123000.1.v7.1,3,93,107.80000000000001,1.0543717854518737,0.976201644161463,1,136.1,143.5,18.4,15.8,14.1,20.6,22.1,17.1,33.2,33.4,28.5,34.7,35,35.7
Misin15G123300.1.v7.1,2,100,74.8,1.0190045248868778,0.868617655827658,1,110.5,112.6,677.5,482.1,584.5,848.3,761.1,557.5,1220.7,1020,1181.5,1429.1,1204,1163.5
Misin15G125900.1.v7.1,4,97.5,176,0.9972222222222222,0.999734646543235,1,72,71.8,89.8,72.4,90.2,95.7,106.1,73.2,161.8,153.2,182.3,161.2,167.8,152.8
Misin15G127500.1.v7.1,4,100,148.8,0.9134768740031898,0.222330027541269,0.54325561624538,250.8,229.1,899.7,733.9,782.5999999999999,882.9,955,768.4,1621,1552.6999999999998,1581.9,1487.3999999999999,1510.8,1603.7
Misin15G136600.1.v7.1,1,100,46.6,0.9265357821405954,0.526263882520797,0.992957009717859,157.9,146.3,143.8,121.6,133.3,134.9,152.4,115,259.1,257.3,269.4,227.3,241.1,240
Misin15G137300.1.v7.1,2,100,75.1,0.7380952380952381,0.272822613435949,0.626931975161319,138.6,102.3,396.8,383.6,538.4,324.8,378.6,299.6,714.9,811.6,1088.3,547.2,598.9,625.3
Misin15G139700.1.v7.1,2,100,71.6,0.9448648648648649,0.997691760531946,1,92.5,87.4,35.7,34.9,27.8,33.1,42.5,29.1,64.3,73.8,56.2,55.8,67.2,60.7
Misin15G142700.1.v7.1,8,96.9,321.2,0.9912748424624332,0.965280363470681,1,206.3,204.5,251.8,209.10000000000002,245.60000000000002,275,287.4,262.1,453.7,442.4,496.5,463.3,454.70000000000005,547
Misin15G143200.1.v7.1,2,86.85,83.5,0.8616236162361623,0.262011867714182,0.609477396197446,54.2,46.7,49.8,78.4,49.2,55.7,54.1,22.4,89.7,165.9,99.5,93.8,85.6,46.7
Misin15G151700.1.v7.1,2,96.6,124,0.9557926829268294,0.999522177487369,1,65.6,62.7,97,81.8,89.2,106.7,105.2,80.1,174.8,173.1,180.3,179.8,166.4,167.2
Misin15G164600.1.v7.1,4,100,150.1,0.8727647867950482,0.827085678595977,1,145.39999999999998,126.89999999999999,357.79999999999995,273,388.6,350.59999999999997,360.5,287.6,644.5999999999999,577.6,785.5,590.7,570.3,600.2
Misin15G178500.1.v7.1,1,91.3,40.8,1.6853281853281854,0.0142459577118804,0.0748453703933983,51.8,87.3,150.2,111.7,109.9,244.2,216.6,191,270.6,236.3,222.1,411.4,342.6,398.6
Misin15G181000.1.v7.1,3,100,144.3,0.879045996592845,0.808022684519981,1,117.4,103.2,710.6999999999999,480.5,601.1999999999999,733.9,645.2,495.09999999999997,1280.5,1016.7,1215.3000000000002,1236.3999999999999,1020.6999999999999,1033.3
Misin15G188100.1.v7.1,4,100,173.70000000000002,0.9179004037685061,0.990703104070161,1,74.3,68.2,131,118.3,93.2,131.7,124,103.8,236,250.3,188.4,221.9,196.2,216.6
Misin15G195100.1.v7.1,2,100,66.2,0.6533546325878594,7.2753741711439e-4,0.00900393659103781,125.2,81.8,767,630.1,821.9,534.3,625.6,432.4,1381.9,1333.1,1661.4,900.1,989.6,902.4
Misin15G195400.1.v7.1,2,100,112.4,0.8791002811621368,0.0156229167962886,0.0806907572603108,106.7,93.8,699.2,633.1,636,573.7,722,542,1259.8,1339.5,1285.6,966.5,1142.1,1131.2
Misin15G207800.1.v7.1,5,100,309.99999999999994,1.0735930735930737,0.75864658486526,1,92.4,99.2,82.8,68.3,59.5,90.3,98.1,75.2,149.2,144.5,120.3,152.1,155.2,156.9
Misin16G001400.1.v7.1,1,100,36.6,0.9966850828729282,0.999867916405873,1,90.5,90.2,124.2,105.1,114,132.5,121,121.3,223.8,222.4,230.4,223.2,191.4,253.2
Misin16G001700.1.v7.1,21,100,798.0999999999999,1.5413450937155462,3.9474018652163e-4,0.00596640905892817,181.39999999999998,279.6,2620.1000000000004,2404.9,2180.1,4296.4,5175.5,4307.7,4720.7,5088.1,4406.8,7238,8187.0999999999995,8990.300000000001
Misin16G002000.1.v7.1,2,100,81.6,0.7802400738688827,0.665820269395302,1,108.3,84.5,30.4,19,25.3,23.7,33.8,12.3,54.8,40.2,51.1,39.9,53.5,25.7
Misin16G004000.1.v7.1,2,100,70,1.0975232198142417,0.94550967932606,1,129.2,141.8,41.9,43.4,42.7,49,59.9,54.3,75.5,91.8,86.3,82.5,94.8,113.3
Misin16G009500.1.v7.1,1,100,40,0.41964285714285715,0.493194867016445,0.954358893505763,235.2,98.7,543.8,627.7,775.1,342.2,352.3,242.3,979.8,1328,1566.8,576.5,557.3,505.7
Misin16G010500.1.v7.1,4,100,158.70000000000002,0.6440071556350626,0.00266861414061415,0.0225085232327243,167.7,108,463.2,465.7,500.4,394.3,401.1,283.3,834.6,985.3,1011.5,664.3,634.5,591.3
Misin16G012300.1.v7.1,4,100,183,0.716686674669868,0.200917419364383,0.502947658891981,166.6,119.4,1378.2,1445.5,1383.3,1157.9,1266.7,991.9,2483.1,3058.3,2796.2,1950.7,2003.8,2070.1
Misin16G012800.1.v7.1,15,100,641.4999999999999,1.5671052631578946,0.00446332251688486,0.032637632544939,76,119.1,255.2,204.9,202.79999999999998,521.5,560.9,346,459.8,433.5,410,878.6,887.3,722.1
Misin16G013800.1.v7.1,15,100,780.2,2.0202391904323824,1.24788985509383e-5,6.4326277822894e-4,108.7,219.6,869.3,701.9,582.9000000000001,1716.3000000000002,1751.8000000000002,1327.5,1566.1999999999998,1485,1178.3,2891.3,2771.2,2770.6
Misin16G014000.1.v7.1,9,97.625,374.4,1.558695652173913,0.0010489474068951,0.0115806903153087,92,143.4,1361.6,1304.3,1139.1000000000001,2205.5,2435.9,2035.5,2453.2,2759.6000000000004,2302.5,3715.6,3853.3,4248.2
Misin16G017200.1.v7.1,1,100,50.4,0.7585969738651994,0.833640850896733,1,145.4,110.3,14.5,9.1,12.8,11.6,13.3,9.4,26.1,19.3,25.9,19.5,21,19.6
Misin16G017600.1.v7.1,4,100,159.5,0.6540284360189573,0.236293467320332,0.568516310391384,84.4,55.2,89.8,70.8,72.4,59.7,62,46.9,161.8,149.8,146.3,100.6,98.1,97.9
Misin16G019000.1.v7.1,2,100,84,1.1882453151618397,0.722750048849214,1,117.4,139.5,354.2,267.9,297.3,473.6,451.5,340,638.2,566.8,601,797.9,714.2,709.6
Misin16G020000.1.v7.1,2,100,92.9,0.740916271721959,0.241274463905087,0.576832309091439,126.6,93.8,72.9,80.9,77.5,68.9,62.9,67.9,131.3,171.2,156.7,116.1,99.5,141.7
Misin16G024600.1.v7.1,2,96.45,73.2,0.6556169429097607,0.00600418416579263,0.0406463316602763,217.2,142.4,124.9,128.5,103.89999999999999,86.6,92.7,80.5,225,271.9,210,145.9,146.6,168
Misin16G025600.1.v7.1,11,100,437.29999999999995,0.6315232722143865,4.647563111807e-4,0.0067837914472157,283.6,179.10000000000002,1265,882.9,1244.4,874.3000000000001,888.4,678.9,2279.1000000000004,1868,2515.4,1472.8999999999999,1405.4,1416.9
Misin16G025900.1.v7.1,1,100,36.6,1.6037209302325581,4.70253757388628e-5,0.00140287466346875,107.5,172.4,289.6,208.8,269,496.5,523.5,438.6,521.8,441.8,543.8,836.4,828.1,915.4
Misin16G027700.1.v7.1,2,100,107.8,0.804837364470392,5.28751602526523e-5,0.00153886730132139,119.9,96.5,755.1,767.8,671.6,557.6,632.8000000000001,455.6,1360.5,1624.5,1357.6,939.4,1001,950.9
Misin16G030600.1.v7.1,7,100,304.2,1.1903520208604954,0.14153556012232,0.39671232491482,76.7,91.3,135.7,101.9,116.7,160.8,177.5,141.7,244.5,215.6,235.9,270.9,280.8,295.7
Misin16G032200.1.v7.1,12,100,492.6,0.7896924355777224,0.192241640001596,0.486027973173318,120.3,95,1769.5,1521.7,1657.3,1608.4,1607.4,1203.7,3188.2,3219.5,3350,2709.6,2542.8,2512.2
Misin16G033900.1.v7.1,2,97.35,89.4,0.9016189290161893,0.998812043831278,1,80.3,72.4,36.2,32.4,25.2,34,37.2,29.2,65.2,68.5,50.9,57.3,58.8,60.9
Misin16G034500.1.v7.1,2,100,94,1.0044091710758378,0.964824277882289,1,113.4,113.9,259.9,224.3,205.2,272.2,297.4,243.6,468.3,474.6,414.8,458.6,470.5,508.4
Misin16G034700.1.v7.1,3,100,113.6,1.222652468538238,0.0588711171908122,0.20530386969425,103.3,126.3,402.2,283.3,304.9,447.2,463.1,418.2,724.7,599.4,616.3,753.4,732.6,872.8
Misin16G036400.1.v7.1,4,100,163.2,0.8758573388203016,0.996600249435506,1,145.8,127.69999999999999,354.2,312,316.6,418.9,404.2,320.5,638.2,660.1,640,705.7,639.4,668.9
Misin16G041700.1.v7.1,3,100,123.7,0.9158415841584159,0.292107147157029,0.657351393470067,80.8,74,147.7,130.7,122.9,144.6,149.7,117.1,266.1,276.5,248.4,243.6,236.8,244.4
Misin16G041800.1.v7.1,3,100,156,1.0146627565982405,0.999602062875488,1,68.2,69.2,176.1,134.7,132.5,171.7,162.7,145.3,317.3,285,267.8,289.3,257.4,303.2
Misin16G042800.1.v7.1,3,95.2,131,1.1452095808383234,0.324550493980597,0.710947266535661,66.8,76.5,73.5,58.8,54.7,84.6,90.6,61.5,132.4,124.4,110.6,142.5,143.3,128.4
Misin16G044000.1.v7.1,3,100,110.1,0.3363939899833055,1.04739455620839e-5,6.4326277822894e-4,239.6,80.6,392.4,272.1,415.2,139.1,150.4,125.2,707,575.7,839.3,234.3,237.9,261.3
Misin16G048200.1.v7.1,1,91.3,48.5,0.5302491103202848,0.0127067931627834,0.0690558873297096,84.3,44.7,139.3,122.9,130.2,111.5,87.1,64.4,251,260,263.2,187.8,137.8,134.4
Misin16G059900.1.v7.1,6,100,245.6,1.592973436161097,0.00329885016077669,0.0261202152404151,116.69999999999999,185.9,1581.7,1500.6999999999998,1319.2,2695.9,2723.2000000000003,2263.7000000000003,2849.7999999999997,3175.1,2666.6,4541.7,4307.9,4724.4
Misin16G060100.1.v7.1,3,100,157.2,1.6030534351145038,0.00335572342478052,0.0264385578823581,183.4,294,325.1,288.3,257,581.9000000000001,675.1999999999999,434.3,585.8,610,519.5,980.3000000000001,1068.2,906.4
Misin16G061500.1.v7.1,10,100,412.3,0.8201167181599724,0.197937864946745,0.497543785158093,291.3,238.89999999999998,2240.3,2178.1,2116.9,2094.5,2232.8,1605.4,4036.4,4608.2,4279.1,3528.5,3532,3350.5
Misin16G061600.1.v7.1,1,100,33.1,0.9926686217008798,0.998336942485335,1,136.4,135.4,151.1,121.2,136.7,160.4,164.6,145.3,272.2,256.4,276.3,270.2,260.4,303.2
Misin16G062100.1.v7.1,6,100,264.5,0.6885536823425021,5.87575236843385e-5,0.00164383137856795,112.7,77.6,816.1,754.9,836.4,652.6,720,462.6,1470.4,1597.2,1690.7,1099.4,1139,965.5
Misin16G062300.1.v7.1,1,100,36.2,1.7680965147453085,8.8002481334947e-4,0.0101876014817864,74.6,131.9,132.4,137,114.5,254.8,266.5,202.2,238.5,289.9,231.4,429.3,421.6,422
Misin16G062700.1.v7.1,1,100,37.7,1.0556070435588507,0.488571446381862,0.947180886210498,107.9,113.9,131.8,108.4,120.4,148.9,154.4,136.2,237.5,229.3,243.4,250.8,244.2,284.3
Misin16G064800.1.v7.1,8,94.6,337.70000000000005,1.1152790484903934,0.957082306939092,1,109.3,121.9,1686.1,1425.1,1584.9,1964.3999999999999,2063.8,1529.8,3037.9,3015.1,3203.7,3309.3,3264.7,3192.8
Misin16G064900.1.v7.1,19,96.45,765.9000000000001,1.0910097431355181,0.00200819447380474,0.0182189329740397,451.6,492.70000000000005,1003.4,734.3,909.5999999999999,1169.3999999999999,1178.1999999999998,887.4000000000001,1807.9,1553.5,1838.6,1970,1863.8,1852
Misin16G069500.1.v7.1,6,96.3,241.10000000000002,1.1319086219602064,0.44280980630341,0.885248221340944,135.7,153.6,483.6,486.6,446.4,595,645.4,567.2,871.3,1029.5,902.3,1002.4,1021,1183.8
Misin16G070900.1.v7.1,1,100,36.6,0.7616459627329192,0.0204953304453445,0.0981765869162441,128.8,98.1,133.5,115.4,147.5,113,117.3,89.1,240.5,244.2,298.2,190.4,185.6,186
Misin16G072200.1.v7.1,9,100,385.8,1.3130193905817171,0.0257954923688974,0.116055371103254,216.60000000000002,284.4,548.2,466.4,523,637,773.3,566.5,987.6999999999999,986.8,1057.2,1073.2,1223.3,1182.3
Misin16G073300.1.v7.1,8,100,289.6,0.6750566322678078,1.95747376430244e-6,4.2034544726047e-4,397.29999999999995,268.2,562.8000000000001,542.1,555.1,389.50000000000006,432.8,307.69999999999993,1014,1146.9,1122.1000000000001,656.0999999999999,684.5999999999999,642.1
Misin16G076300.1.v7.1,1,100,48.5,1.4884868421052633,0.372546456545578,0.78265620819852,60.8,90.5,122.3,73.7,76.1,144.8,146.6,98.9,220.4,155.9,153.8,243.9,231.9,206.4
Misin16G077200.1.v7.1,1,88.2,36.6,0.7665782493368699,0.929128266590563,1,37.7,28.9,520.8,479.9,414.1,534.5,454.1,324,938.3,1015.3,837.1,900.5,718.3,676.2
Misin16G077800.1.v7.1,2,96.45,79.69999999999999,1.0210843373493974,0.999999986541262,1,132.8,135.6,100.3,66.89999999999999,70.2,87.1,103.6,72.3,180.70000000000002,141.5,141.9,146.7,163.89999999999998,150.9
Misin16G078700.1.v7.1,3,99.075,165.6,0.9832402234636873,0.998334723304957,1,35.8,35.2,12.5,12.1,10.6,20.7,13.9,10.6,22.5,25.6,21.4,34.9,22,22.1
Misin16G079100.1.v7.1,2,96.6,126.4,1.0013440860215053,0.999999999979461,1,74.4,74.5,411,364.2,379.7,456.1,515.9,334,740.5,770.5,767.5,768.4,816.1,697.1
Misin16G080200.1.v7.1,3,97.75,127.9,1.6651943462897527,0.00824427944433559,0.0500281682370629,113.2,188.5,97.8,79.9,71.4,136.2,148,123.6,176.2,169,144.4,229.5,234.1,258
Misin16G080600.1.v7.1,1,100,43.9,1.0067567567567568,0.999574528146001,1,88.8,89.4,20.1,25.4,18.5,25.7,23.8,17.2,36.2,53.7,37.4,43.3,37.6,35.9
Misin16G088100.1.v7.1,1,100,43.1,0.7816362566215421,0.263238514883649,0.612211263612709,169.9,132.8,32.1,32.8,32.2,30.2,28.2,24.4,57.8,69.4,65.1,50.9,44.6,50.9
Misin16G093000.1.v7.1,14,100,565.1,0.9528535980148886,0.99835459032148,1,322.4,307.20000000000005,1370.1000000000001,1107.1,1257.1999999999998,1395.5,1583.7,1081.8,2468.5,2342.3,2541.2999999999997,2351,2505.2,2257.7
Misin16G094400.1.v7.1,1,100,35.8,0.4313583815028902,0.0480709550204677,0.178032828444355,276.8,119.4,149.8,76.3,146.7,69.1,72.8,56.5,269.9,161.4,296.5,116.4,115.2,117.9
Misin16G096200.1.v7.1,1,100,58.5,0.6182254196642686,0.755347518924398,1,208.5,128.9,185.2,194.6,103.3,148.7,130.4,94.2,333.7,411.7,208.8,250.5,206.3,196.6
Misin16G102400.1.v7.1,32,100,1298.1999999999998,1.1543327008222644,0.128683127493382,0.370949655855603,158.1,182.5,3417.5,3143.7,2786,4550.5,4734.5999999999995,3763.3999999999996,6157.4,6651.200000000001,5631.5,7666,7489.799999999999,7854.4
Misin16G103700.1.v7.1,5,100,211.5,1.4301397205588824,0.157355172602193,0.426994295781634,100.2,143.3,415.5,367.2,364.2,531,676.8,541.8,748.6,776.9,736.2,894.6,1070.6,1130.8
Misin16G107000.1.v7.1,13,100,533.3,0.7628205128205129,0.128128125141982,0.36977830891364,124.8,95.2,324.7,223,323.9,249.1,296.6,213.8,585,471.8,654.7,419.7,469.2,446.2
Misin16G108600.1.v7.1,1,100,37.4,1.3969669937555753,0.0977429122848255,0.300658156822958,112.1,156.6,66.2,30.8,60.6,98.9,105.9,70.3,119.3,65.2,122.5,166.6,167.5,146.7
Misin16G109100.1.v7.1,1,100,36.6,1.6027210884353742,0.071618928956535,0.237527311897588,73.5,117.8,24,14.5,12.5,29.2,31.9,21.8,43.2,30.7,25.3,49.2,50.5,45.5
Misin16G111400.1.v7.1,1,100,35.8,0.8651761517615176,0.724748944660573,1,147.6,127.7,42.6,30,38.8,39.4,36.2,32.8,76.8,63.5,78.4,66.4,57.3,68.5
Misin16G115900.1.v7.1,2,100,77.8,1.3199369582348306,0.990494223786709,1,126.9,167.5,65.9,60.3,72.5,72.60000000000001,95,74.6,118.7,127.6,146.5,122.3,150.3,155.7
Misin16G119500.1.v7.1,4,100,191,1.243486073674753,0.216284580224062,0.53115178798895,111.3,138.4,2189.5,1529,2143.5,2911.6,3198.1,2284.5,3944.9,3234.9,4332.8,4905.1,5059.1,4767.9
Misin16G125400.1.v7.1,3,100,109.8,0.3617021276595745,0.00180932342607276,0.0169191970121108,258.5,93.5,661.8,639.2,798.5,249.5,311.4,234.4,1192.4,1352.4,1614.1,420.3,492.6,489.2
Misin16G127600.1.v7.1,2,100,78.6,0.6802131912058628,0.00313983504557136,0.0252756190970074,150.1,102.1,1313.1,1138.3,1176,937.9,1087.4,774.7,2365.8,2408.3,2377.1,1580,1720.2,1616.8
Misin16G133000.1.v7.1,4,98.875,175.3,0.9256080114449213,0.981812056403982,1,69.9,64.7,223.89999999999998,165.2,198.6,222.1,208.5,151.5,403.5,349.5,401.4,374.1,329.8,316.2
Misin16G135700.1.v7.1,20,100,916.5,0.9611260053619304,0.968907071092406,1,74.6,71.7,352.40000000000003,264.7,300.6,361.8,367.8,263.1,634.9,560,607.6,609.5,581.8,549.1
Misin16G142000.1.v7.1,1,100,58.2,1.0206258890469417,0.962807926357118,1,140.6,143.5,46.3,49.4,48.9,59.9,62.3,51.5,83.4,104.5,98.8,100.9,98.6,107.5
Misin16G148700.1.v7.1,18,100,757,0.7238063660477453,0.0217982416555654,0.102989670585145,301.6,218.29999999999998,1379.1000000000001,1057.8,999.2,1339.7,1227,814.3,2484.7000000000003,2238.0000000000005,2019.8,2256.8999999999996,1941,1699.5000000000002
Misin16G150500.1.v7.1,1,100,37.7,0.5044692737430168,0.00361004289670874,0.0280973080697294,179,90.3,47.7,39.6,57.6,29.5,27.4,19.7,85.9,83.8,116.4,49.7,43.3,41.1
Misin16G154100.1.v7.1,4,100,192.4,1.265432098765432,0.12248853985972501,0.357930223868628,113.4,143.5,555.9,463.4,480.7,779.1999999999999,747.7,583.1999999999999,1001.5999999999999,980.4,971.7,1312.6999999999998,1182.8,1217.1999999999998
Misin16G155200.1.v7.1,1,100,40,1.0355871886120998,0.99238316967868,1,140.5,145.5,165.3,202.4,157,174.8,215.9,157.4,297.8,428.2,317.4,294.5,341.5,328.5
Misin16G155700.1.v7.1,2,100,85.5,0.7941176470588236,0.288073189148494,0.651039398553475,91.8,72.9,60.4,57.3,47.7,49.3,61.3,41.4,108.8,121.2,96.4,83.1,97,86.4
Misin16G156900.1.v7.1,5,100,197,1.5235772357723578,0.259866697099729,0.607689845194657,61.5,93.7,273.2,220.3,222.1,465.9,423,340.4,492.2,466.1,448.9,784.9,669.1,710.4
Misin16G159300.1.v7.1,1,100,33.1,0.8520263901979266,0.561548411036957,1,106.1,90.4,55.3,59.8,54.3,55.5,58.6,46.2,99.6,126.5,109.8,93.5,92.7,96.4
Misin16G160600.1.v7.1,2,100,79.4,0.9768019884009942,0.999972052431821,1,120.7,117.9,187,94.6,136.4,159.9,180,108.8,336.9,200.1,275.7,269.4,284.7,227.1
Misin16G160700.1.v7.1,13,100,631.3,0.913500876680304,0.95577103883493,1,171.1,156.3,1443.8,1238.6,1250.6000000000001,1395.5,1484.2,1214.5,2601.3,2620.6,2527.9,2350.9999999999995,2347.7999999999997,2534.6
Misin16G161900.1.v7.1,5,96.4,224,0.8926108374384236,0.985127580954213,1,203,181.2,269.4,281.8,238,274.3,290.40000000000003,240.60000000000002,485.4,596.1999999999999,481.09999999999997,462.09999999999997,459.40000000000003,502.2
Misin16G165300.1.v7.1,1,100,42.7,0.6817602040816326,0.00377773836149464,0.028888730056011,156.8,106.9,25.1,21.3,26.4,18.3,19.7,14.6,45.2,45.1,53.4,30.8,31.2,30.5
Misin16G169600.1.v7.1,3,94.1,120.1,1.8865979381443299,0.00317327444087456,0.0254695062913549,29.1,54.9,163.7,133.6,140.7,306.2,339.5,288.8,294.9,282.7,284.4,515.8,537.1,602.7
Misin16G173300.1.v7.1,1,100,52.4,0.65625,0.00690149443688248,0.0448362009805208,140.8,92.4,79.8,69.1,80,59.6,60.7,34.6,143.8,146.2,161.7,100.4,96,72.2
Misin16G181400.1.v7.1,1,100,39.3,0.738132911392405,0.409734893213962,0.836024731608287,126.4,93.3,254.4,155.9,231.8,200.8,177.6,182.3,458.4,329.8,468.6,338.3,280.9,380.5
Misin16G183600.1.v7.1,13,100,567.5,1.1577028258887876,0.142540261912348,0.399012293945124,109.7,127,601.7,553.5,534.2,886.9,938.1,682.5,1084.1,1171.1,1079.8,1494.1,1484,1424.5
Misin16G184900.1.v7.1,2,100,80,1.0162835249042144,0.999994137757125,1,104.4,106.1,190.1,117.1,146.5,185.1,190.2,135.8,342.5,247.8,296.1,311.8,300.9,283.4
Misin16G185700.1.v7.1,1,100,37.7,0.931106471816284,0.993417966148388,1,95.8,89.2,43.1,24.2,31,37.7,36.9,27.1,77.7,51.2,62.7,63.5,58.4,56.6
Misin16G186800.1.v7.1,11,100,434.9,1.8155737704918034,0.0057936970428728,0.0395697887432424,195.2,354.4,1519.2,1416.3999999999999,1183.3,2342.8,2529.8999999999996,1990.6,2737.2000000000003,2996.7,2391.9,3946.9,4002,4154.5
Misin16G191200.1.v7.1,6,100,254.8,0.9989572471324297,0.998343995351471,1,191.8,191.60000000000002,1925.1999999999998,1099.8,1389,1556.1000000000001,1840.8,1136.3,3468.7,2326.9,2807.7000000000003,2621.5,2912,2371.6000000000004
Misin16G191600.1.v7.1,1,100,38.5,1.1442516268980476,0.584951776863935,1,92.2,105.5,163.5,121.6,151.4,200,182.1,165.5,294.6,257.3,306,336.9,288.1,345.4
Misin16G193600.1.v7.1,1,100,43.1,1.166835187057634,0.9637627227234,1,98.9,115.4,134.6,89.9,90.9,120.3,140.3,110.3,242.5,190.2,183.7,202.7,221.9,230.2
Misin16G193800.1.v7.1,1,100,33.1,0.9264705882352942,0.999999877241678,1,47.6,44.1,109.9,87.4,69.6,101.7,96.6,92.3,198,184.9,140.7,171.3,152.8,192.6
Misin16G194300.1.v7.1,6,100,226.2,0.8337311058074781,0.700771396549334,1,125.7,104.8,495.6,587.9,532.6,553.7,567.3,379.3,892.9,1243.8,1076.6,932.8,897.4,791.6
Misin16G196200.1.v7.1,6,94.7,238.2,1.1582167832167831,0.476806665769235,0.932763639935434,114.4,132.5,1319.9,838.7,1054.2,1603.9,1478.4,1182.8,2378.1,1774.5,2130.9,2702,2338.7,2468.6
Misin16G198900.1.v7.1,3,100,111.7,0.8477466504263094,0.21946772670759,0.53725302801706,82.1,69.6,116.6,136,98.1,102.9,112.6,93.4,210.1,287.7,198.3,173.4,178.1,194.9
Misin16G200700.1.v7.1,2,89.5,77.8,0.7665615141955836,0.67938667654062,1,63.4,48.6,74.6,64.4,93.7,59.6,78.4,50,134.4,136.3,189.4,100.4,124,104.4
Misin16G201100.1.v7.1,6,100,280.6,0.7077688692286425,0.0028297111076141,0.0237245845800526,361.70000000000005,256,1893.1,1883.2,1720.6000000000001,1554.1000000000001,1566.2,1255.2,3410.9,3984.3,3477.9,2618.2000000000003,2477.6,2619.7
Misin16G201600.1.v7.1,3,99.225,168.3,0.7662835249042146,0.37680054074818,0.789158921823532,78.3,60,201.1,165.1,132,186,169.2,124.1,362.3,349.3,266.8,313.3,267.7,259
Misin16G203600.1.v7.1,5,100,190.3,0.5189274447949527,2.24151182159904e-5,8.2963782266513e-4,126.8,65.8,100.3,93,96.8,60.3,61.1,48.8,180.7,196.8,195.7,101.6,96.7,101.8
Misin16G205700.1.v7.1,11,100,400.9,0.6904156064461409,0.00140142044991798,0.0142875354338088,117.9,81.4,1628.1,1738.8,1468,1217.2,1317.5,979,2933.4,3678.8,2967.4,2050.6,2084.2,2043.2
Misin16G207100.1.v7.1,7,100,266.5,0.8062222222222223,0.0426930279918544,0.164718519782104,112.5,90.7,462.1,348.7,369.4,352.8,380.3,298.8,832.6,737.8,746.7,594.4,601.6,623.6
Misin16G208700.1.v7.1,20,100,827.8,2.1088929219600727,0.110634652042375,0.330048506393247,55.1,116.2,1753.4,1217.1,1246.3,3754.2,3367.2000000000003,2298.4,3159.2000000000003,2575.1000000000004,2519.2999999999997,6324.5999999999995,5326.6,4796.9000000000005
Misin16G208900.1.v7.1,8,100,319.1,0.7771164021164022,0.13917039621861,0.39049624064353,151.2,117.5,774.7,600.5,768,619.9,727.4,519.7,1395.8,1270.5,1552.4,1044.3,1150.7,1084.6
Misin16G210600.1.v7.1,1,100,36.6,0.3922036595067621,0.00301566156827526,0.02481133735476,251.4,98.6,268.5,190.4,283.5,113.4,119.9,66.1,483.8,402.8,573.1,191,189.7,138
Misin16G214000.1.v7.1,6,100,236.4,0.9041697147037306,0.197147612140478,0.496011239495507,136.70000000000002,123.6,1392.6,1413.8999999999999,1253.1,1312.2,1370.8000000000002,1102.8999999999999,2509.1,2991.4,2533,2210.6000000000004,2168.5,2301.7999999999997
Misin16G214200.1.v7.1,2,83.3,83.2,0.9173126614987079,0.999773192955916,1,38.7,35.5,61.9,42.4,62.5,64.3,64.7,38,111.5,89.7,126.3,108.3,102.3,79.3
Misin16G214300.1.v7.1,8,100,324.2,1.1817383669885864,0.800257108617848,1,113.9,134.6,1137.3000000000002,1401.6999999999998,918.8,1494.1000000000001,1639.4,1257.3999999999999,2049.1,2965.6,1857.1999999999998,2517,2593.4,2624.2
Misin16G215700.1.v7.1,2,100,77,0.6576787807737398,0.0967324752959916,0.298050062196905,170.6,112.2,919.7,635.1,844.3,657.6,688.5,489.2,1657,1343.7,1706.6,1107.8,1089.1,1021
Misin16G216100.1.v7.1,3,100,127.5,0.7580993520518358,0.178511703160803,0.463558661786786,138.9,105.3,162.1,128.6,113,122.4,118.7,110,292.1,272.1,228.4,206.2,187.8,229.6
Misin16G216600.1.v7.1,2,97.5,91.7,1.2969187675070026,0.084507346783798,0.269762571037714,71.4,92.6,88.1,63.7,63.7,110.8,103.3,83.7,158.7,134.8,128.8,186.7,163.4,174.7
Misin16G219200.1.v7.1,4,100,160.1,1.1763485477178424,0.525499113565955,0.991749554311805,96.4,113.4,170.7,126.6,136.3,217.1,205,143.5,307.6,267.9,275.5,365.7,324.3,299.5
Misin16G219500.1.v7.1,1,100,35,1.101010101010101,0.98795428550936,1,89.1,98.1,40.6,33.1,45.5,47.8,51.5,27.5,73.2,70,92,80.5,81.5,57.4
Misin16G220200.1.v7.1,1,100,43.9,0.9770009199632015,0.999999999017477,1,108.7,106.2,447.4,316.3,405.2,467.8,451.9,377.4,806.1,669.2,819.1,788.1,714.9,787.7
Misin16G226900.1.v7.1,3,100,154,1.733446519524618,0.00103450121009385,0.011463677751649,58.9,102.1,247.4,195.8,207.1,431,441.5,416.4,445.7,414.3,418.6,726.1,698.4,869
Misin16G227800.1.v7.1,1,100,42.7,0.8885741265344663,0.999412166024565,1,105.9,94.1,248.3,121.5,213.8,234.7,242.7,177.4,447.4,257.1,432.2,395.4,383.9,370.2
Misin16G229500.1.v7.1,9,100,329.20000000000005,1.7364864864864864,0.00123940631774111,0.013077684369047,74,128.5,210.6,131.3,149.5,331.6,312.7,251.4,379.4,277.8,302.2,558.6,494.7,524.7
Misin16G231400.1.v7.1,3,100,129.7,0.7364905889496054,0.317063064505678,0.698928623467801,164.7,121.3,76.6,48.8,68.8,58.2,73,48.7,138,103.2,139.1,98,115.5,101.6
Misin16G231700.1.v7.1,12,95.1,567.5,0.7046599496221663,0.00506686205776408,0.035795413162082,158.8,111.9,1738.7,1686.1,1544.7,1279.3999999999999,1439.9,1042.8,3132.7000000000003,3567.3,3122.4,2155.4,2277.8,2176.4
Misin16G236600.1.v7.1,6,100,332.6,0.8224576271186441,0.0725718405987538,0.240186391628977,236,194.10000000000002,2376.9,1966.1,2426.7,2216.6,2380.5,1993,4282.5,4159.8,4905.3,3734.2000000000003,3765.8,4159.5
Misin16G242200.1.v7.1,13,100,490.3999999999999,1.8390243902439025,4.61359072234657e-5,0.00140111120572971,82,150.8,1976.6,1779.4,1666.1,3808.1,4383.2,3137.1,3561.3,3764.7,3367.8,6415.4,6933.8,6547.3
Misin16G242800.1.v7.1,7,100,290.7,1.965675057208238,0.162928829886639,0.433958049434892,131.1,257.7,217.29999999999998,101.6,99,266.3,309.09999999999997,250.3,391.5,214.9,200.1,448.59999999999997,488.90000000000003,522.4
Misin16G242900.1.v7.1,13,96.2,686.4,0.7728653391832602,0.00476858916198641,0.0341026376432968,296.3,229,4361.700000000001,4710,3829.5,3791.3,4216.2,3004.6,7858.5999999999995,9965,7740.8,6386.999999999999,6669.6,6270.7
Misin16G248000.1.v7.1,1,100,40,3.47670639219935,1.4319362313375e-4,0.00289496454708747,92.3,320.9,34.4,50.3,28.4,127.9,135.3,107.5,62,106.4,57.4,215.5,214,224.4
Misin16G249000.1.v7.1,1,100,33.5,1.0061295971978985,0.907532356287048,1,114.2,114.9,89.4,72.2,83.6,93.7,102.4,93.3,161.1,152.8,169,157.9,162,194.7
Misin16G251300.1.v7.1,1,92,39.3,1.5344202898550725,0.174211759951404,0.454920191739885,55.2,84.7,6.6,4.5,3.3,6.6,10.2,7,11.9,9.5,6.7,11.1,16.1,14.6
Misin16G251500.1.v7.1,2,100,85.9,0.7057890563045203,0.0317709409750303,0.132795032696685,126.1,89,852.7,998.1,854.1,722.9,762.3,597.5,1536.3,2111.7,1726.5,1217.8,1205.9,1247
Misin16G251800.1.v7.1,2,100,92.1,1.2579564489112227,0.011842720593502,0.0657236526348577,119.4,150.2,507,324.9,466,682.3,747.7,548.2,913.5,687.4,942,1149.4,1182.8,1144.1
Misin16G252000.1.v7.1,10,100,402.8,0.9286321155480034,0.89031824551842,1,117.7,109.3,588.3,439.7,506.1,550.7,600.8,475.2,1060,930.3,1023,927.7,950.4,991.8
Misin16G252200.1.v7.1,1,100,35.4,0.8590657165479019,0.840598436870383,1,126.3,108.5,116.8,96.4,105.2,107.3,112.6,101.6,210.4,204,212.6,180.8,178.1,212
Misin16G252300.1.v7.1,1,100,34.3,1.0789473684210527,0.987745564862818,1,83.6,90.2,35.4,17.2,21.4,27.5,29.5,28.3,63.8,36.4,43.3,46.3,46.7,59.1
Misin16G252400.1.v7.1,4,94.65,158.60000000000002,1.3123324396782843,0.324291700059407,0.710853132482621,74.6,97.9,85,74.2,85,111.2,111.1,80.9,153.2,157,171.8,187.39999999999998,175.8,168.89999999999998
Misin16G252700.1.v7.1,6,100,210.5,1.1442869057547955,0.711555898405818,1,119.9,137.2,1242.9,1167.9,1116,1531.4,1564.1,1308.2,2239.4,2471,2255.9,2579.9,2474.3,2730.3
Misin16G259900.1.v7.1,4,97.2,140.2,0.8969994229659549,0.952453881417301,1,346.6,310.9,417.2,258.40000000000003,363.7,363.7,389.40000000000003,307.3,751.6999999999999,546.7,735.2,612.7,616,641.3000000000001
Misin16G260700.1.v7.1,1,93.3,33.5,1.4198275862068965,0.0440166603917374,0.168218220339792,116,164.7,105.6,59.3,92.8,171.4,162.2,127.6,190.3,125.5,187.6,288.8,256.6,266.3
Misin16G262200.1.v7.1,1,100,44.3,0.807549504950495,0.507840309883516,0.971733292637351,161.6,130.5,58.9,57.6,65.3,58.4,70.7,43.4,106.1,121.9,132,98.4,111.8,90.6
Misin17G001900.1.v7.1,2,100,69.4,1.4134762633996938,0.0234117769455217,0.108656820825771,65.3,92.3,995.8,812.1,747.3,1420,1534.6,1185.9,1794.2,1718.2,1510.6,2392.2,2427.6,2475
Misin17G002500.1.v7.1,1,100,41.6,0.980072463768116,0.980673576969137,1,55.2,54.1,34.3,27.1,33.3,41.6,38.3,21.5,61.8,57.3,67.3,70.1,60.6,44.9
Misin17G003600.1.v7.1,2,100,75.5,1.5420258620689655,0.225556835540933,0.549225940540779,92.8,143.1,31.8,15.1,20.8,40.2,41,30.5,57.3,31.9,42,67.7,64.9,63.7
Misin17G004000.1.v7.1,2,100,93.2,0.6562674094707521,0.0217536792350485,0.102887918327367,179.5,117.8,222.6,232.5,204,160.6,165.4,142.6,401.1,491.9,412.4,270.6,261.6,297.6
Misin17G011900.1.v7.1,1,91.7,50.4,0.6038270729978739,0.82831076404372,1,141.1,85.2,107.2,125.2,132.5,102.7,100.9,76.6,193.1,264.9,267.8,173,159.6,159.9
Misin17G012500.1.v7.1,3,89.6,124.8,0.5329004329004329,0.008276662612551,0.0501475408892635,231,123.1,728.4000000000001,720.9000000000001,822.3,528.1,535.5,316.3,1312.4,1525.3000000000002,1662.2,889.7,847.0999999999999,660.1
Misin17G012700.1.v7.1,1,100,53.5,0.7980162308385933,0.814785287222127,1,221.8,177,427,642.1,543.7,520.7,514.1,494,769.3,1358.5,1099,877.2,813.3,1031
Misin17G015000.1.v7.1,2,95.2,92.4,0.9900497512437809,0.999814736211023,1,20.1,19.9,159.9,124.2,152.1,314,180.3,106.7,288.1,262.8,307.5,529,285.2,222.7
Misin17G017100.1.v7.1,8,100,310,0.8823529411764707,0.586766881619346,1,74.8,66,399,252.4,288.7,323.3,319.9,246.8,718.9,534,583.6,544.7,506.1,515.1
Misin17G020500.1.v7.1,3,100,115.19999999999999,0.9689578713968958,0.985379353409589,1,90.2,87.4,85,71.10000000000001,56.7,81.8,81.3,74.5,153.1,150.4,114.6,137.8,128.6,155.5
Misin17G022500.1.v7.1,3,100,122.4,1.013899049012436,0.999996316550321,1,136.7,138.6,318.5,296.1,286.6,338.1,380.4,281.5,573.8,626.5,579.3,569.6,601.8,587.5
Misin17G023300.1.v7.1,2,100,70.8,0.4335899903753609,2.16442610161405e-5,8.0385908557062e-4,207.8,90.1,265.8,215.1,252.8,123.3,145.5,82.6,478.9,455.1,511,207.7,230.2,172.4
Misin17G035900.1.v7.1,1,100,32.3,1.0368968779564804,0.993029702886518,1,105.7,109.6,868.6,555.7,651.1,868.7,848.5,654.1,1565,1175.7,1316.1,1463.5,1342.2,1365.1
Misin17G037100.1.v7.1,2,100,73.1,1.2339901477832513,0.494269369914748,0.956008952400794,162.4,200.4,143.4,83.9,100.4,148.6,196.8,115.7,258.4,177.5,202.9,250.3,311.3,241.5
Misin17G038800.1.v7.1,8,90.5,351.1,0.5520760028149191,8.5453410922409e-4,0.0100985002615099,284.2,156.9,1008.3,1087,966.6,602.5,569.3,381.8,1816.6,2299.7000000000003,1953.8,1015.1,900.7,796.9000000000001
Misin17G041200.1.v7.1,4,97.75,226.5,4.554611650485437,3.95822292165171e-7,2.0990631432933e-4,82.4,375.3,1833.6,1526.8,1242.7,8182.4,9299.6,7756.7,3303.6,3230.3,2512,13784.6,14711.1,16188.6
Misin17G045100.1.v7.1,4,100,157.2,1.0793862575050033,0.555389353475769,1,149.9,161.8,87.9,69.6,93.6,97.1,114.2,74.5,158.3,147.2,189.2,163.6,180.6,155.5
Misin17G046400.1.v7.1,1,100,43.1,1.5072639225181599,0.012180242380019,0.0670194499931056,82.6,124.5,60.2,46,54.7,99,98,78.3,108.5,97.3,110.6,166.8,155,163.4
Misin17G048600.1.v7.1,1,100,40.4,1.7316636851520573,0.804492925500044,1,55.9,96.8,83.9,30.4,32.6,64.3,72.1,61.9,151.2,64.3,65.9,108.3,114.1,129.2
Misin17G050700.1.v7.1,2,100,78.5,0.9966859983429991,0.999994745767185,1,120.7,120.3,265.3,212.9,260.5,256,301.2,253.1,478,450.4,526.6,431.3,476.5,528.2
Misin17G051700.1.v7.1,4,100,156.3,0.6764009471191792,0.00156901525892272,0.0153905546138609,126.7,85.7,147.6,107.2,142,111.2,113.4,86.2,265.9,226.8,287,187.3,179.4,179.9
Misin17G059200.1.v7.1,11,96.925,411.5,0.8979591836734695,0.999999999999243,1,34.3,30.8,509.8,356.3,428.3,598.1,491.8,364.9,918.5,753.8,865.8,1007.6,778,761.6
Misin17G063300.1.v7.1,2,100,69.4,1.4222369291859693,0.884351390186644,1,151.10000000000002,214.9,360.8,142.8,196.8,322.6,426.79999999999995,221.7,650,302.1,397.8,543.5,675.0999999999999,462.7
Misin17G073700.1.v7.1,4,98.5,206.4,1.1413502109704643,0.331904507847829,0.720976565119916,94.8,108.2,136.6,117.4,110.2,166.8,188.5,117.3,246.1,248.4,222.8,281,298.2,244.8
Misin17G086000.1.v7.1,1,96.3,57.4,1.1712204007285973,0.843555864640979,1,54.9,64.3,13.4,13.1,11.5,16.8,16,19.5,24.1,27.7,23.2,28.3,25.3,40.7
Misin17G090000.1.v7.1,1,100,53.1,1.1069137562366358,0.999810949283412,1,140.3,155.3,183.4,158.3,197.1,200.8,236,177.7,330.4,334.9,398.4,338.3,373.3,370.9
Misin17G096100.1.v7.1,2,100,78.9,1.1766381766381766,0.656040961834889,1,70.2,82.6,212.1,165.9,143.6,245.3,262.4,190.5,382.1,351,290.3,413.2,415.1,397.6
Misin17G097700.1.v7.1,2,100,82.4,0.5802469135802469,0.00545292095092709,0.0379713186638323,162,94,828.6,818.7,800.2,557.3,678.1,444.8,1492.9,1732.1,1617.5,938.9,1072.7,928.3
Misin17G121900.1.v7.1,2,100,75.5,0.577889447236181,0.00243167839099989,0.0210692425037708,159.2,92,69.7,55,68,46.1,45.9,33.2,125.6,116.4,137.5,77.7,72.6,69.3
Misin17G125100.1.v7.1,3,100,124.4,0.7869774919614148,0.834236070769682,1,124.4,97.9,473.6,293.1,365.2,350.4,332.1,278.3,853.3,620.1,738.2,590.3,525.4,580.8
Misin17G126300.1.v7.1,1,100,38.9,0.7354838709677419,0.977192168006138,1,15.5,11.4,2.9,3.9,0,4.8,2.7,2.3,5.2,8.3,0,8.1,4.3,4.8
Misin17G129300.1.v7.1,2,100,79.3,0.3684004692999609,0.0600064157531184,0.20798501176259,255.7,94.2,46.7,33.6,53.5,17.8,19.6,16.2,84.1,71.1,108.1,30,31,33.8
Misin17G129500.1.v7.1,5,100,287.4,0.9278350515463917,0.87871852632702,1,67.9,63,233.9,206,201,247.7,246.9,182.9,421.4,435.8,406.3,417.3,390.6,381.7
Misin17G132900.1.v7.1,5,94.4,222.7,1.2379084967320262,0.16277353564526,0.433747344398034,76.5,94.7,923.7,794.5,761.6,1223,1136.3,1018.9,1664.3,1680.9,1539.5,2060.3,1797.5,2126.5
Misin17G133000.1.v7.1,2,92.15,76.6,1.2,0.999215073650302,1,35.5,42.6,86.9,65.8,67.9,106.8,105.5,71.2,156.6,139.2,137.3,179.9,166.9,148.6
Misin17G133100.1.v7.1,1,100,37.4,1.0147058823529413,0.998024157232834,1,74.8,75.9,84.2,62.5,64.9,87,84.8,54,151.7,132.2,131.2,146.6,134.1,112.7
Misin17G133400.1.v7.1,2,77.5,117.9,0.7958015267175572,0.721730751533433,1,104.80000000000001,83.4,219.6,184,211.7,245.5,223.4,140.9,395.6,389.3,427.9,413.6,353.4,294.1
Misin17G152200.1.v7.1,3,100,149,1.004149377593361,0.999833795915067,1,72.3,72.6,91.6,61.9,73.3,86.2,103.4,71.3,165,131,148.2,145.2,163.6,148.8
Misin17G154500.1.v7.1,3,100,136.79999999999998,0.7479964381121995,0.132136595122887,0.37828583729872,112.3,84,265.4,185.1,271.7,209,226.1,188.3,478.2,391.6,549.2,352.1,357.7,393
Misin17G158900.1.v7.1,3,96.775,132.8,1.0364963503649636,0.957152524964224,1,123.3,127.80000000000001,559.2,433.2,520.5,638.7,627.3,508.4,1007.5,916.5,1052.1,1076,992.3,1061.1
Misin17G163700.1.v7.1,1,100,40.8,0.9675324675324676,0.998793450941915,1,46.2,44.7,25.5,18.7,25.7,31.2,28.1,16.7,45.9,39.6,51.9,52.6,44.5,34.9
Misin17G164700.1.v7.1,2,93.2,86.3,1.1447095435684647,0.0798236067857607,0.257900159523093,192.8,220.70000000000002,268.59999999999997,229.5,233.89999999999998,337.2,381.9,339.20000000000005,483.9,485.5,472.8,568.1,604.1,707.9
Misin17G166600.1.v7.1,3,100,171,1.459652706843718,0.0388536575091348,0.153763204447574,97.9,142.9,450.8,286.7,347.7,677,706,536.2,812.2,606.6,702.8000000000001,1140.5,1116.8,1119.1
Misin17G167200.1.v7.1,1,100,54.3,1.4367588932806323,0.210447608439312,0.520409710007204,50.6,72.7,71.3,73.9,60.7,117,116.5,72.9,128.5,156.4,122.7,197.1,184.3,152.1
Misin17G173100.1.v7.1,1,100,38.5,0.5139366170294005,0.415732157853424,0.845511238446605,261.9,134.6,199.9,91.5,190.6,109.9,116.1,102.1,360.2,193.6,385.3,185.1,183.7,213.1
Misin17G173700.1.v7.1,1,100,34.3,2.80788675429727,2.28559380013316e-5,8.4464207472827e-4,98.9,277.7,355.8,346.2,324.4,919.4,1164.2,956.2,641.1,732.5,655.7,1548.9,1841.7,1995.6
Misin17G174300.1.v7.1,6,97.75,268.2,4.725460122699387,1.05251127546779e-6,3.4843970502847e-4,130.4,616.2,512.3,388.9,348.4,2212.2000000000003,2506,1991.1,923,822.8,704.3,3726.8,3964.2999999999997,4155.5
Misin17G176400.1.v7.1,1,100,80.5,1.2383612662942272,0.130736427588447,0.375498254680241,107.4,133,55.1,50.8,55.5,72.2,84.2,65.9,99.3,107.5,112.2,121.6,133.2,137.5
Misin17G176700.1.v7.1,2,96.7,131.8,3.624664879356568,0.00105792208290045,0.0116743660963033,37.3,135.2,18.3,14.5,15.4,67,71.4,58.4,33,30.7,31.1,112.9,112.9,121.9
Misin17G178500.1.v7.1,1,100,36.2,0.7052767052767052,0.345432086599173,0.745065533994923,155.4,109.6,205.2,157.6,197.8,157.4,164.9,105.2,369.7,333.4,399.8,265.2,260.9,219.6
Misin17G185200.1.v7.1,2,100,80.8,0.9797752808988764,0.999758010954183,1,89,87.2,82.6,56.4,68.5,80.2,96.8,65,148.8,119.3,138.5,135.1,153.1,135.7
Misin17G193900.1.v7.1,4,100,166.1,1.0572755417956656,0.96224000712586,1,64.6,68.3,364.9,285.2,254.9,410.8,403.6,283.5,657.4,603.4,515.2,692.1,638.5,591.7
Misin17G195400.1.v7.1,2,100,66.2,0.6637931034482759,0.0516692314823378,0.187126348567934,127.6,84.7,54,44.5,40.7,37.1,47.2,19.3,97.3,94.1,82.3,62.5,74.7,40.3
Misin17G196000.1.v7.1,2,100,125.6,0.6973270440251572,0.00168346203652558,0.0161347008856549,127.2,88.7,604.9,595.3,553.7,449,493.5,387.5,1089.9,1259.5,1119.2,756.4,780.7,808.7
Misin17G199300.1.v7.1,1,93.8,33.1,0.3064113238967527,0.0191994485401895,0.0939363070326224,120.1,36.8,106.3,37.9,83.2,32.8,32.6,22.3,191.5,80.2,168.2,55.3,51.6,46.5
Misin17G208100.1.v7.1,1,100,36.2,1.3418290854572712,0.106034682406213,0.319472334631894,66.7,89.5,298.8,200.4,255.5,490.8,438.1,323.5,538.4,424,516.5,826.8,693,675.2
Misin17G209000.1.v7.1,1,90,37.4,0.9508474576271186,0.867235631886989,1,59,56.1,21.4,13,20.6,27.9,23.2,17.5,38.6,27.5,41.6,47,36.7,36.5
Misin17G210600.1.v7.1,1,100,35.4,0.7879038939519469,0.160089056814774,0.431669698689614,120.7,95.1,132.5,94.8,127.7,121.1,118.9,86.2,238.7,200.6,258.1,204,188.1,179.9
Misin17G213200.1.v7.1,2,97.5,75.5,0.9512051734273956,0.993755648086548,1,170.10000000000002,161.8,304.1,207.4,248.3,326.9,263.9,245.3,547.9,438.8,501.9,550.7,417.5,512
Misin17G216800.1.v7.1,1,100,42,0.8202959830866807,0.00267733227157552,0.0225421730926436,94.6,77.6,83.8,68.1,69.5,70.1,75.6,47.2,151,144.1,140.5,118.1,119.6,98.5
Misin17G217700.1.v7.1,6,100,238.8,0.9823468328141225,0.999999118121877,1,96.3,94.6,788.5,666.7,691.3,807.5,876.2,690.1,1420.7,1410.6,1397.4,1360.4,1386.1,1440.3
Misin17G219700.1.v7.1,3,85.7,116.7,4.141955835962146,7.87805652868734e-5,0.00195809546838156,31.7,131.3,474.8,363.2,420.3,2090,2653.9,1576.9,855.5,768.4,849.6,3521,4198.2,3291.1
Misin17G221800.1.v7.1,1,100,37.4,0.7061909758656872,0.0213363167579061,0.101168181070509,190.6,134.6,199.8,141.6,192.7,152,160.7,116.1,360,299.6,389.5,256.1,254.2,242.3
Misin17G235900.1.v7.1,1,100,42,1.4137273593898951,0.00815226789754753,0.049697559490011,104.9,148.3,69.6,41.5,63,100.3,112,95.6,125.4,87.8,127.3,169,177.2,199.5
Misin17G242400.1.v7.1,1,100,39.3,1.014405762304922,0.998977137124298,1,83.3,84.5,11.1,5.3,7.4,9,7.5,7.3,20,11.2,15,15.2,11.9,15.2
Misin17G242900.1.v7.1,5,100,182.1,0.9260013577732519,0.951577491355032,1,147.3,136.4,555.7,404,539.6,550.6,604.6,404.1,1001.2,854.8,1090.7,927.6,956.4,843.4
Misin17G249000.1.v7.1,6,100,220.8,0.7646464646464647,0.585013151929671,1,99,75.7,567.6,479.9,481.9,461,531.4,369.4,1022.7,1015.3,974.1,776.6,840.6,771
Misin17G255500.1.v7.1,8,98.2,349.09999999999997,2.595903165735568,0.0210244798824014,0.100087777606735,53.7,139.4,747.2,599.4,538.5,1731.6,2080.3,1576.8,1346.2,1268.2,1088.5,2917.2,3290.8,3290.9
Misin17G257700.1.v7.1,8,100,292.6,2.6316498316498316,2.4580335477797e-4,0.00431042463386202,148.5,390.8,312.79999999999995,275.3,258.4,779.1,776.6999999999999,669.8000000000001,563.6,582.4,522.3000000000001,1312.5,1228.6,1397.8999999999999
Misin17G258000.1.v7.1,1,96.2,55.1,0.9153749476330122,0.99989782711675,1,238.7,218.5,146.5,174.8,151.5,150.2,177.2,180.7,264,369.8,306.2,253,280.3,377.1
Misin17G259900.1.v7.1,1,100,36.6,0.86756077116513,0.995508893942352,1,119.3,103.5,11.2,12.5,13.8,15.9,14.5,9.4,20.2,26.4,27.9,26.8,22.9,19.6
Misin17G260900.1.v7.1,2,100,70,0.809169764560099,0.911254491066547,1,161.4,130.6,24.9,23.3,23.9,23.2,28.6,14.7,44.9,49.3,48.3,39.1,45.2,30.7
Misin17G263000.1.v7.1,1,100,49.7,1.1735700197238659,0.995405698770403,1,152.1,178.5,161,103.3,111.8,146.7,167.6,139.8,290.1,218.6,226,247.1,265.1,291.8
Misin17G268100.1.v7.1,4,100,141,0.9569049951028404,0.945990443026395,1,102.1,97.7,153.5,130.2,139.8,166.2,158.8,126.8,276.6,275.5,282.6,280,251.2,264.6
Misin17G269200.1.v7.1,19,100,712,0.9983713355048859,0.143107200560445,0.399932210299541,245.60000000000002,245.2,739.2,493.1,655.6,786.4,858,670.9,1331.8,1043.3,1325.2,1324.8,1357.3,1400.2
Misin18G000500.1.v7.1,4,97.6,168.6,1.19350563286945,0.541414802791432,1,150.9,180.1,409.1,386.9,270.7,504.20000000000005,533.6,467.5,737.0999999999999,818.5999999999999,547.2,849.4,844.1,975.7
Misin18G002000.1.v7.1,1,100,42.4,0.8150134048257373,0.605654321004676,1,111.9,91.2,67.9,61.6,53.4,59.2,77.4,36.3,122.3,130.3,107.9,99.7,122.4,75.8
Misin18G006800.1.v7.1,1,100,49.3,0.8844711177794449,0.88749856206529,1,133.3,117.9,81.2,72.3,75.2,79.8,71.7,74.2,146.3,153,152,134.4,113.4,154.9
Misin18G010000.1.v7.1,2,100,74,0.8862179487179487,0.624371544769921,1,124.8,110.6,186.5,154.8,211,154.4,194.3,142.7,336,327.5,426.5,260.1,307.4,297.8
Misin18G018700.1.v7.1,33,100,1528.6000000000001,1.6812933025404158,0.00585741751703894,0.0398792927552529,86.6,145.6,3192.6,2825.3,2838,5237,6115.1,4698.5,5752.2,5977.6,5736.7,8822.6,9673.5,9806
Misin18G023200.1.v7.1,30,100,1231.3,1.1784332688588008,0.159961964304419,0.431562352140366,206.8,243.70000000000002,2339.4,1815.4,1989,2544.6,2856.5,2244,4215,3840.9,4020.5,4286.8,4518.7,4683.3
Misin18G024800.1.v7.1,3,97.125,134,1.0883620689655173,0.977260541683853,1,92.8,101,21.7,20.799999999999997,15.5,22.1,23.700000000000003,20.799999999999997,39.1,44,31.3,37.2,37.5,43.4
Misin18G025500.1.v7.1,2,100,70.9,1.2180851063829787,0.918365114744407,1,94,114.5,366,369.6,322,476.8,514.2,351.2,659.4,782,650.9,803.2,813.4,733
Misin18G026500.1.v7.1,30,100,1235.8,1.4381758345086977,0.00120419282975015,0.0127683008407138,212.7,305.9,10826.5,8743.699999999999,7972.1,20176.7,20689.5,14190.2,19506.3,18499.3,16114.6,33991.1,32728.800000000003,29615.600000000002
Misin18G029900.1.v7.1,3,100,104.1,0.8383604021655066,0.0258837807007425,0.116233194571006,129.3,108.4,448.1,453.6,402.9,433.6,416.4,327,807.4,959.7,814.4,730.5,658.7,682.5
Misin18G030000.1.v7.1,1,100,53.9,1.1336573511543135,0.231482113481392,0.559992657763367,82.3,93.3,74.9,62.8,57.1,101.3,95.2,69.8,134.9,132.9,115.4,170.7,150.6,145.7
Misin18G034900.1.v7.1,6,100,297,0.5764909248055315,0.0300781751341418,0.128196845324656,347.1,200.1,199.70000000000002,134.9,215.70000000000002,119.2,136.9,113.5,359.8,285.40000000000003,436,200.79999999999998,216.5,236.9
Misin18G044100.1.v7.1,2,97.35,88.6,0.6860008722197994,0.00384873101878891,0.0292906617381393,229.3,157.3,2354.6,2324.3,2230.6,1756.9,1848.3999999999999,1397.3999999999999,4242.3,4917.6,4508.9,2959.7999999999997,2924,2916.4
Misin18G046400.1.v7.1,4,100,168.8,0.7961007311129163,0.106025839885004,0.319472334631894,123.1,98,129.6,98.2,113.7,108.3,119.6,87.7,233.5,207.8,229.8,182.4,189.2,183
Misin18G046500.1.v7.1,2,100,101.7,0.7358545034642033,0.0755120309345935,0.248296974666433,346.4,254.9,475,634.3,443.59999999999997,421.90000000000003,516.5,357.8,855.8,1342,896.7,710.6999999999999,817.0999999999999,746.6999999999999
Misin18G046800.1.v7.1,2,100,77,0.8335056876938985,0.595363662982199,1,96.7,80.6,24.3,28.5,24.9,28.6,26.5,16.5,43.8,60.3,50.3,48.2,41.9,34.4
Misin18G048500.1.v7.1,1,100,34.3,0.8907395069953364,0.582072833174888,1,150.1,133.7,68.9,54.2,63.3,59.7,69.9,53.5,124.1,114.7,128,100.6,110.6,111.7
Misin18G051700.1.v7.1,4,100,181,1.5043668122270744,0.0137810146895885,0.0729316754309571,45.8,68.9,45.5,42.6,42.8,74.4,82.3,76.6,82,90.1,86.5,125.3,130.2,159.9
Misin18G054300.1.v7.1,1,95.8,43.5,0.7577181208053692,0.720709022725389,1,149,112.9,145.1,127.3,122.7,119.3,124.5,94.9,261.4,269.3,248,201,196.9,198.1
Misin18G057000.1.v7.1,1,100,36.6,0.8801801801801802,0.366912579666716,0.777190815687892,111,97.7,63.6,55.2,70.9,61,62.9,54.9,114.6,116.8,143.3,102.8,99.5,114.6
Misin18G058200.1.v7.1,2,100,79.30000000000001,0.9361904761904761,0.994383049832928,1,105,98.3,131.1,124.4,125.7,141.1,157.4,111.8,236.2,263.2,254.1,237.7,249,233.3
Misin18G060800.1.v7.1,2,100,68.6,1.0664556962025318,0.947354596671956,1,31.6,33.7,15.5,17.7,16,25,21.8,15.4,27.9,37.4,32.3,42.1,34.5,32.1
Misin18G061100.1.v7.1,24,100,1095,0.9634146341463415,0.890849053508702,1,172.2,165.9,9759,7546.200000000001,8903.199999999999,9644.199999999999,9048.1,7213.799999999999,17583,15965.800000000001,17996.8,16247.199999999999,14313.199999999999,15055.5
Misin18G074900.1.v7.1,1,93.8,35.4,1.0102564102564102,0.999987325792267,1,19.5,19.7,14,7.6,17.2,18.3,12.2,12.2,25.2,16.1,34.8,30.8,19.3,25.5
Misin18G078100.1.v7.1,7,100,252.20000000000002,1.0821969696969698,0.906024779408432,1,264,285.70000000000005,325.7,262.8,265.8,340,379.90000000000003,276.59999999999997,586.8,556,537.3,572.6999999999999,601,577.3
Misin18G079700.1.v7.1,21,100,792.5999999999999,0.8106325184322857,0.0116814766372197,0.0650712028802921,257.7,208.9,2564.7000000000003,1966.6,2592.3,2242.4,2346.5,1799.6999999999998,4620.9000000000005,4160.8,5240,3777.7000000000003,3711.8999999999996,3756.1
Misin18G082400.1.v7.1,1,100,33.1,0.6813725490196079,0.541770658921207,1,183.6,125.1,287.3,142.7,272.1,171.6,223,177,517.6,301.9,550,289.1,352.8,369.4
Misin18G083100.1.v7.1,2,100,109.3,0.8363954505686789,0.0445656075322064,0.168989153855818,114.3,95.6,884.2,736.9,717.7,836.2,824.4,612.5,1593.1,1559.1,1450.7,1408.7,1304.1,1278.3
Misin18G083800.1.v7.1,4,100,173.2,0.9307858687815429,0.999696547269803,1,138.7,129.1,805.2,636.2,696.2,882.9,828.5,608.1,1450.7,1346,1407.3,1487.4,1310.6,1269.1
Misin18G089500.1.v7.1,2,96,111,0.698609731876862,0.129236816328379,0.372264501994348,201.4,140.70000000000002,366.8,625.7,346.4,300.5,350.5,232.4,660.9,1323.8,700.2,506.2,554.5,485
Misin18G091000.1.v7.1,1,100,33.9,1.1366782006920417,0.250188388879006,0.590386143680823,115.6,131.4,56.6,49.6,44.8,68,73.3,60.2,102,104.9,90.6,114.6,116,125.6
Misin18G092900.1.v7.1,1,96.3,54.3,0.9986702127659574,0.999973908587227,1,75.2,75.1,173.8,121.1,127.6,148.2,179.2,123.5,313.1,256.2,257.9,249.7,283.5,257.8
Misin18G096500.1.v7.1,3,100,122.4,0.9094397544128933,0.999997767468264,1,130.3,118.5,638.3,431.4,591.1,620.4,642.9,578.5,1150,912.7,1194.8,1045.2,1017,1207.4
Misin18G097400.1.v7.1,1,100,39.3,0.5089226701916721,0.00107551015647744,0.0117487901419782,151.3,77,45.5,37.4,38.5,23.9,31.8,17.3,82,79.1,77.8,40.3,50.3,36.1
Misin18G099000.1.v7.1,1,100,46.2,0.2817311693716188,0.00833961345222478,0.0504250128561481,240.3,67.7,98.9,48.7,102,29.8,38,21.6,178.2,103,206.2,50.2,60.1,45.1
Misin18G102500.1.v7.1,2,100,87,1.534934497816594,0.592363758877998,1,45.8,70.3,28.5,15.8,21.4,47.5,42,27.5,51.3,33.4,43.3,80,66.4,57.4
Misin18G104900.1.v7.1,1,100,50.4,1.2536656891495601,0.92728012446317,1,68.2,85.5,36.8,26.3,29.5,45.3,47.3,27.8,66.3,55.6,59.6,76.3,74.8,58
Misin18G105400.1.v7.1,6,100,235.6,0.910735826296743,0.698377741693613,1,82.9,75.5,43.1,37.3,42.1,42.7,48.4,30.2,77.7,78.9,85.1,71.9,76.6,63
Misin18G109800.1.v7.1,4,97.05,207.2,2.1925754060324825,0.0020357443832878,0.0183247745921631,43.1,94.5,216.8,165.4,152.9,438.2,486.2,367.4,390.6,349.9,309.1,738.2,769.1,766.8
Misin18G110100.1.v7.1,4,98.45,249.5,0.6521304926764315,0.0648664397895621,0.22100578313665,300.4,195.9,1735.1,1407.9,1769.7,1204.7,1422.8,1047.9,3126.1,2978.8,3577.3,2029.5,2250.7000000000003,2187
Misin18G110500.1.v7.1,2,92.85,83.19999999999999,0.6965944272445821,0.912530760860338,1,32.3,22.5,20,19.2,15.4,23.5,15.4,12,36,40.6,31.1,39.6,24.4,25
Misin18G111500.1.v7.1,2,100,68.6,0.8755905511811024,0.999909779258738,1,127,111.2,206,109.1,182.6,205.9,204.2,125.4,371.2,230.8,369.1,346.9,323,261.7
Misin18G116400.1.v7.1,9,100,417.7,0.844475721323012,0.0407177934576635,0.15953903476453,142.1,120,662.9,692.1,612.9,621.3,597.6,529,1194.4,1464.3,1238.9,1046.7,945.3,1104
Misin18G117100.1.v7.1,2,100,78.19999999999999,0.775959367945824,0.60316453884344,1,177.2,137.5,133.9,86,131.1,105.3,118.3,95,241.3,182,265,177.4,187.1,198.3
Misin18G119100.1.v7.1,1,100,33.1,0.9610963748894784,0.775929067095646,1,113.1,108.7,298.5,250.4,291.9,310.3,290.3,247.7,537.8,529.8,590,522.8,459.2,517
Misin18G121000.1.v7.1,22,100,1153.3,1.0110749185667751,0.966831949908033,1,153.5,155.2,1648.6,1377.5,1286.1,1882.6,1819.6999999999998,1446.4,2970.2999999999997,2914.3999999999996,2599.7,3171.6000000000004,2878.6000000000004,3018.7000000000003
Misin18G124900.1.v7.1,2,88.2,72.4,0.5893700787401575,0.00686644333358788,0.0447181812293445,254,149.7,107.9,152.8,89.3,81.5,72.4,44,194.4,323.3,180.5,137.3,114.5,91.8
Misin18G127100.1.v7.1,1,100,52.4,0.27177554438860974,7.2614070733712e-4,0.00900003165761692,238.8,64.9,178.9,72.2,143.3,54.2,49.8,36.1,322.3,152.8,289.7,91.3,78.8,75.3
Misin18G128700.1.v7.1,1,94.4,37.4,0.7906976744186046,0.148649518654569,0.410672353740248,60.2,47.6,8.7,8.1,10.1,8.5,7.6,6.5,15.7,17.1,20.4,14.3,12,13.6
Misin18G129100.1.v7.1,1,95.2,42.4,1.231974921630094,0.0216366708356622,0.102429331884577,63.8,78.6,50,43.1,39.2,65.6,70.2,55,90.1,91.2,79.2,110.5,111,114.8
Misin18G130100.1.v7.1,3,98.225,145.1,0.9309999999999999,0.962621531890089,1,100,93.1,397.79999999999995,327.9,355,442,393.4,315.2,716.6999999999999,693.7,717.6,744.5999999999999,622.4,657.8
Misin18G135100.1.v7.1,1,100,50.1,0.4141666666666667,0.0115534433173841,0.0645692555482219,120,49.7,40,52,30.4,26.9,15.9,14.3,72.1,110,61.4,45.3,25.2,29.8
Misin18G140300.1.v7.1,4,100,207.2,1.2027448533998752,0.731528934574336,1,160.3,192.8,308.40000000000003,225.20000000000002,280,418.6,400.7,299.7,555.6,476.4,566,705.2,633.9,625.5
Misin18G141200.1.v7.1,2,100,81.69999999999999,0.7302676733013042,0.0148616911699844,0.0774810303429019,145.7,106.4,229.7,181.2,235.1,187.6,191.1,142.3,413.9,383.4,475.2,316,302.3,297
Misin18G151700.1.v7.1,1,100,42.7,3.911908646003263,1.8608141465914e-4,0.00352353423848714,61.3,239.8,221.5,164.6,148,808.2,836.2,664.9,399.1,348.2,299.2,1361.5,1322.8,1387.7
Misin18G152900.1.v7.1,6,100,255.40000000000003,2.1375739644970415,0.00234893427978489,0.0206525995916461,67.6,144.5,465.4,367.6,392.6,933.6,1121.8,812.8,838.5,777.7,793.6,1572.8,1774.6,1696.4
Misin18G155700.1.v7.1,8,97.35,428.4,1.556638246041413,1.30724297733309e-5,6.4326277822894e-4,82.1,127.8,1054.6000000000001,884.1,844,2049.8,2100.2000000000003,1806.3,1900.1,1870.5,1706,3453.2000000000003,3322.2999999999997,3769.9
Misin18G156000.1.v7.1,1,92.6,56.2,0.6650426309378807,0.183392880306077,0.471660843221369,82.1,54.6,16.1,12.7,14.5,11.2,12.2,10.2,29,26.9,29.3,18.9,19.3,21.3
Misin18G158400.1.v7.1,3,100,148.3,0.758380771663504,0.283514286258222,0.643170181434832,316.20000000000005,239.8,166.7,209.3,157.10000000000002,137,148,112.4,300.4,442.8,317.6,230.8,234.1,234.6
Misin18G159600.1.v7.1,5,75.8,226.3,1.9235382308845579,0.00416960876134054,0.0309134663873446,66.7,128.3,3254,1827.2,2093.2,5233.9,5145.9,3589.4,5862.8,3865.9,4231.1,8817.4,8140.3,7491.3
Misin18G162000.1.v7.1,4,100,172.4,1.1344574146130564,0.474033481649893,0.930193633704359,231.3,262.4,1145.8000000000002,840.7,954,1299.4,1349.4,1057.7,2064.4,1778.6999999999998,1928.4,2189.1,2134.6000000000004,2207.5
Misin18G167700.1.v7.1,3,100,110.9,1.061389337641357,0.999999988032417,1,123.8,131.4,90.4,74,92.9,90.1,113.9,82.8,162.9,156.6,187.8,151.8,180.2,172.8
Misin18G170000.1.v7.1,1,100,35.8,2.8595664467483504,1.8858917321851e-4,0.00355915402441524,106.1,303.4,102.3,79,77.2,280.2,312.1,228.9,184.3,167.1,156.1,472,493.7,477.7
Misin18G180600.1.v7.1,10,100,446.4,1.1902420574886539,0.409300093828201,0.835566721179256,264.4,314.70000000000005,7296.700000000001,5459.6,7617.9,9536.1,10045.900000000001,7362.2,13146.699999999999,11551,15398.7,16065.199999999999,15891.6,15365.2
Misin18G183900.1.v7.1,2,100,76.69999999999999,1.231863442389758,0.0812699568982928,0.261741750118593,70.3,86.6,153.9,122.3,134.9,197.6,212.3,186.5,277.3,258.8,272.7,332.9,335.8,389.2
Misin18G184000.1.v7.1,7,90.82499999999999,276.5,1.0379266750948166,0.681708556893994,1,237.3,246.3,3648.2,3650.8999999999996,3458.1,4504.3,4637.1,4020.8,6573,7724.3,6990.0999999999995,7588.200000000001,7335.5,8391.6
Misin18G187300.1.v7.1,1,94.1,33.9,0.6198830409356725,0.305382781258874,0.679800018286538,171,106,792.7,621.3,802.2,525.5,602.2,409,1428.2,1314.5,1621.5,885.3,952.6,853.6
Misin18G188900.1.v7.1,7,100,279.29999999999995,0.8931506849315068,0.999816902853633,1,109.5,97.8,813,514.6,703.1,824.8,802.1,579.9,1464.8,1088.8,1421.2,1389.5,1268.8,1210.3
Misin18G190200.1.v7.1,1,100,45.4,0.5225277940315974,0.00319063373829442,0.0254695062913549,170.9,89.3,68.1,77.4,65,41.8,43.4,28.7,122.7,163.8,131.4,70.4,68.7,59.9
Misin18G194400.1.v7.1,5,100,205.29999999999998,1.1073762838468721,0.010207062911986,0.0590809984385865,321.3,355.8,219.2,170.8,167.6,307.5,298.3,231.1,394.90000000000003,361.40000000000003,338.8,518,471.90000000000003,482.4
Misin18G197900.1.v7.1,4,100,197,3.2740963855421685,0.00768842810304848,0.0484562063099587,66.4,217.4,285.2,221.7,209.7,824.8,971.4,844.9,513.9,469.1,423.9,1389.5,1536.7,1763.3
Misin18G199600.1.v7.1,1,100,41.6,1.037037037037037,0.999999999760435,1,59.4,61.6,163.7,103.7,96.5,149.7,139.9,109,294.9,219.4,195.1,252.2,221.3,227.5
Misin18G206300.1.v7.1,1,100,39.7,0.8160112359550562,0.331514124828528,0.720259837700556,142.4,116.2,196.5,179.3,174.8,171.5,215.6,121.8,354,379.4,353.3,288.9,341.1,254.2
Misin18G206400.1.v7.1,3,100,132.1,0.7051013277428373,0.0940320508137953,0.292527794726915,143.1,100.9,140,127.7,106.5,105.6,114.8,69.6,252.2,270.2,215.3,177.9,181.6,145.3
Misin18G206900.1.v7.1,1,100,45.1,0.6243305279265493,0.00240337500395926,0.0209152415459558,130.7,81.6,111.3,77.6,102.2,74.3,74.7,60.1,200.5,164.2,206.6,125.2,118.2,125.4
Misin18G211000.1.v7.1,2,69.2,84.8,0.8565705128205129,0.148087452023301,0.409443510779191,124.8,106.9,389.3,336.4,356.6,375,378,292,701.4,711.7,720.8,631.8,598,609.4
Misin18G213400.1.v7.1,2,100,97.8,0.22393677079412871,0.0311467528794688,0.131022647627997,265.7,59.5,94.7,52.6,77,20.7,23.9,16.5,170.6,111.3,155.6,34.9,37.8,34.4
Misin18G218500.1.v7.1,1,100,37.7,0.2394705174488568,0.0302205938026198,0.128196845324656,166.2,39.8,67.7,42.3,57.5,15.9,17.6,18.5,122,89.5,116.2,26.8,27.8,38.6
Misin18G219100.1.v7.1,2,100,114.4,0.8370445344129556,0.340021400882065,0.736260002854732,98.8,82.7,147.2,147.6,139.1,145.2,148.9,106,265.2,312.3,281.2,244.6,235.5,221.2
Misin18G222500.1.v7.1,1,100,38.5,0.5395987328405492,0.0055765132602954,0.0384397988832247,189.4,102.2,194.3,149.2,241,112.2,124.4,90.1,350.1,315.7,487.2,189,196.8,188
Misin18G230100.1.v7.1,1,100,38.5,1.5250291036088475,0.00421968941156026,0.0311009637643631,85.9,131,95,92,88.2,161.4,175.2,129.5,171.2,194.6,178.3,271.9,277.1,270.3
Misin18G232500.1.v7.1,1,91.7,50.4,1.96875,0.315556857970566,0.697414303809589,19.2,37.8,7.2,4.6,4.3,13.5,12.1,8.9,13,9.7,8.7,22.7,19.1,18.6
Misin18G233500.1.v7.1,5,100,170.3,1.6023166023166024,0.225125550927582,0.548900637849739,25.9,41.5,61.7,45.7,52.1,103.5,101.9,80.9,111.2,96.7,105.3,174.4,161.2,168.8
Misin18G246600.1.v7.1,2,100,77.4,1.2265725288831835,0.996709152600476,1,155.8,191.1,123.1,170.3,80.3,176.3,171.9,102.2,221.8,360.3,162.3,297,271.9,213.3
Misin18G247800.1.v7.1,1,100,42.4,2.7552693208430914,0.036884375984984,0.148735575364249,85.4,235.3,241.8,247.6,189.3,712.2,1104.1,544.8,435.7,523.9,382.6,1199.8,1746.6,1137
Misin18G251900.1.v7.1,22,100,891.8999999999999,0.9031141868512111,0.00179396269415211,0.0168151375453439,375.7,339.3,7458.299999999999,5690.9,7455.299999999999,7535,8036.1,6510.1,13437.900000000001,12040.4,15069.9,12693.999999999998,12712.3,13586.9
Misin18G256500.1.v7.1,4,100,175.9,1.0751730959446093,0.993956697665584,1,101.1,108.7,159.8,140.5,163.4,178.5,201.9,155.2,287.9,297.3,330.3,300.7,319.4,323.9
Misin18G258100.1.v7.1,10,100,411.20000000000005,1.1640513552068474,0.113864537021154,0.337445617858539,140.2,163.2,1133.9,995.8,1031,1463.8,1586,1171.2,2043,2106.8,2084,2466,2508.9,2444.3
Misin18G258700.1.v7.1,2,100,68.19999999999999,0.7951807228915662,0.780737844009622,1,74.7,59.4,455.6,387.9,485.6,387.5,448.2,284.3,820.9,820.7,981.6,652.8,709,593.3
Misin18G265700.1.v7.1,1,100,33.9,1.1666666666666665,0.680793662835714,1,92.4,107.8,29.3,24.1,30.2,33.8,49.3,29.5,52.8,51,61,56.9,78,61.6
Misin18G268000.1.v7.1,10,100,396,0.7975224263135412,0.360868419635899,0.7681424942348,234.1,186.7,2734.2,2415.3,2171.5,2580.2000000000003,2603.1,1841.5,4926.3,5110.0999999999995,4389.4,4346.799999999999,4117.8,3843.2999999999997
Misin18G276000.1.v7.1,12,100,545.4,1.1318989710009353,0.0883746836950403,0.279080413428058,106.9,121,306.2,237.70000000000002,274,401.09999999999997,421,303.5,551.6999999999999,503,553.8000000000001,675.7,666,633.5
Misin18G276300.1.v7.1,20,100,785.4000000000001,2.76775956284153,0.132547479673806,0.378730561410016,146.4,405.20000000000005,2907.3,1988.4,1530.7,7395.2,7855.8,5390.3,5238.199999999999,4207,3094.1000000000004,12458.3,12427,11249.8
Misin18G276900.1.v7.1,8,100,323.1,1.0663265306122447,0.872903833816415,1,78.4,83.6,297.8,216.9,263.2,348.3,350.5,271.8,536.6,458.9,532,586.8,554.5,567.3
Misin18G279400.1.v7.1,17,100,749.8999999999999,0.9695259593679459,0.999967781559425,1,177.2,171.8,588.4,344.7,492.3,603.3,602.4,410.1,1060.2,729.3,995.2,1016.3,953,855.9
Misin18G279800.1.v7.1,2,100,88.6,1.1924643584521384,0.0404310346942567,0.158897131527714,98.2,117.1,324.2,302.8,277.90000000000003,398.2,392.59999999999997,258.9,584.1999999999999,640.6,561.8,670.8000000000001,621,540.3
Misin18G283200.1.v7.1,8,100,372,1.6454635108481261,0.00298992936018483,0.0247802351284303,202.8,333.7,606.9,397,485.5,903.2,947.3,713.3,1093.5,840,981.4,1521.5,1498.6000000000001,1488.7
Misin19G002300.1.v7.1,9,100,432.49999999999994,3.45861084681256,0.0138225292197264,0.0731351401734513,105.1,363.5,472.5,321.1,309.5,1437.3000000000002,1325.6,1053.2,851.3,679.4,625.5999999999999,2421.4,2097,2198
Misin19G005700.1.v7.1,3,100,126.4,0.6742556917688266,0.0795880261332099,0.257542789968937,285.5,192.5,417.2,280.7,388.6,313,358.5,265.7,751.6999999999999,593.9,785.5,527.3,567.1,554.6
Misin19G007000.1.v7.1,5,100,205.7,0.5186629526462395,0.0132657848493587,0.0708929030654939,179.5,93.1,114.4,106.7,101.6,66.4,67.6,42.6,206.1,225.7,205.4,111.9,106.9,88.9
Misin19G007300.1.v7.1,2,100,76.2,1.19377990430622,0.877427449122285,1,83.6,99.8,114.7,67.8,80.3,130.9,122.5,81.1,206.7,143.4,162.3,220.5,193.8,169.3
Misin19G022700.1.v7.1,7,100,325.4,1.194607268464244,0.020430660016258,0.0981765869162441,85.3,101.9,3347.4,2843.3,2905,3972.3,4546.5,3472.1,6031.1,6015.7,5872.1,6692,7192.1,7246.4
Misin19G022800.1.v7.1,4,100,165.2,1.197685631629701,0.135302883282864,0.382073157911425,103.7,124.2,1249.4,1006.2,1184.5,1600.1,1769.4,1224.4,2251.1,2128.8,2394.3,2695.6,2799,2555.4
Misin19G039300.1.v7.1,1,96.2,56.2,0.42666666666666664,0.128702536244581,0.370949655855603,172.5,73.6,35.6,62,41.4,21.2,28,14.7,64.1,131.2,83.7,35.7,44.3,30.7
Misin19G043000.1.v7.1,1,100,37.4,1.1603427172582619,0.950384802419232,1,81.7,94.8,26.1,21.9,17.4,31.9,34.7,19,47,46.3,35.2,53.7,54.9,39.7
Misin19G043400.1.v7.1,2,100,67,0.7526652452025586,0.678802469378821,1,234.5,176.5,513.5,335.8,517.6,411.2,440.2,353,925.2,710.5,1046.3,692.7,696.4,736.7
Misin19G046700.1.v7.1,2,100,76.2,0.85125303152789,0.204268681288393,0.509716056923135,123.7,105.3,1739.1,1778,1534.3,1528.4,1715.2,1278.2,3133.4,3761.8,3101.4,2574.8,2713.3,2667.7
Misin19G048100.1.v7.1,2,100,77,0.6834667922750823,0.630372217250927,1,212.3,145.1,592.4,648.1,417,433.1,386.4,401.7,1067.3,1371.2,842.9,729.6,611.2,838.4
Misin19G053400.1.v7.1,1,100,42.4,1.147887323943662,0.95923971706963,1,127.8,146.7,109.8,106.6,93.2,130.3,143.6,114.3,197.8,225.5,188.4,219.5,227.2,238.5
Misin19G055000.1.v7.1,1,100,45.1,2.3022388059701493,2.8908869990906e-4,0.00479754381484678,53.6,123.4,74.5,52.3,54.3,151.3,152.8,177.4,134.2,110.7,109.8,254.9,241.7,370.2
Misin19G056400.1.v7.1,10,100,567.4,0.3563257065948856,0.0030236501291192,0.02481133735476,297.2,105.9,1811.3,1648.5,1722.2,419.3,544.9,421.7,3263.5,3487.8,3481.2000000000003,706.3,862,880.0999999999999
Misin19G063800.1.v7.1,4,100,195.6,0.9984101748807631,0.999584999927032,1,125.8,125.6,1929.5,1878.5,1755.9,2090.4,2647,1699,3476.4,3974.4,3549.3,3521.6,4187.3,3545.9
Misin19G065700.1.v7.1,2,100,80,0.6541666666666667,5.5703860912637e-4,0.007459310273672,144,94.2,555.4,478.9,474.4,372.1,370.90000000000003,289.09999999999997,1000.7,1013.3000000000001,959,626.8,586.8,603.4
Misin19G076600.1.v7.1,10,96.3,523.4,1.2822502424830262,0.687473900263529,1,103.1,132.2,567.2,457.5,460.1,788.2,717.9000000000001,559.5,1021.9,967.9000000000001,930,1327.8,1135.6,1167.7
Misin19G077500.1.v7.1,2,100,82,1.0514354066985647,0.994572716041223,1,83.6,87.9,76.4,53.5,76.9,81.3,94.8,69.3,137.7,113.2,155.4,137,150,144.6
Misin19G077900.1.v7.1,3,92,141.3,1.0520833333333333,0.974214637221686,1,86.4,90.9,308.3,239.7,232.5,317.8,334.9,255.6,555.5,507.1,470,535.4,529.8,533.4
Misin19G078200.1.v7.1,12,95.2,518.8,1.4377667140825037,0.0113305919571521,0.0636509403632863,281.2,404.3,1359.6000000000001,1366.3,1160.3999999999999,2122.8,2391.1,1858.8,2449.6,2890.7,2345.6,3576.2000000000003,3782.5000000000005,3879.4
Misin19G086500.1.v7.1,17,100,642,1.0950778291964662,0.646742489391236,1,237.7,260.3,798.9,751.6,813.3000000000001,1023.2,1147.7,750.8000000000001,1439.4,1590.1999999999998,1644,1723.8,1815.5,1566.8999999999999
Misin19G091300.1.v7.1,2,89.75,80.4,1.2172131147540983,0.935320432305078,1,24.4,29.7,13.9,11,12.5,18.7,17.7,14.6,25,23.3,25.3,31.5,28,30.5
Misin19G091500.1.v7.1,2,100,95.6,0.5146218487394958,0.0521075488560364,0.188444171526701,297.5,153.1,415.6,368.09999999999997,408.79999999999995,239.7,281.6,207.6,748.8,778.8,826.4,403.9,445.4,433.3
Misin19G091900.1.v7.1,7,100,270,1.1161191749427046,0.309128354427593,0.685941487258993,261.79999999999995,292.20000000000005,231.60000000000002,179.1,162.10000000000002,258.90000000000003,287.8,252,417.29999999999995,379,327.70000000000005,436.2,455.30000000000007,525.9
Misin19G092300.1.v7.1,1,94.1,33.9,0.7889182058047494,0.841326693275783,1,113.7,89.7,187.9,114.7,121.7,115.2,132.6,92.3,338.5,242.7,246,194.1,209.8,192.6
Misin19G093300.1.v7.1,1,100,69.7,1.8071942446043165,0.00365474213083017,0.0282136413831677,69.5,125.6,116.1,67.4,80,172.8,205.6,140,209.2,142.6,161.7,291.1,325.2,292.2
Misin19G096800.1.v7.1,2,100,89.69999999999999,1.0360721442885772,0.999942332922035,1,149.7,155.1,187.3,157.3,185.6,209.6,221.1,150.2,337.5,332.8,375.2,353.1,349.8,313.5
Misin19G101300.1.v7.1,2,96.65,97,0.7081081081081081,1.093896983042e-4,0.00239651916248078,148,104.8,534.4,464.5,490.7,442,437.3,333.5,962.8,982.8,991.9,744.6,691.8,696
Misin19G125700.1.v7.1,1,100,33.5,1.126038781163435,0.755259053281428,1,72.2,81.3,170.1,87.6,129,189.8,182.2,140.7,306.5,185.3,260.8,319.7,288.2,293.6
Misin19G126200.1.v7.1,9,93.8,375.6,1.145631067961165,0.747134495588472,1,82.4,94.4,180.4,117.5,140.2,182.1,158,134.2,325.1,248.6,283.40000000000003,306.7,249.9,280
Misin19G127000.1.v7.1,2,77.2,73.2,0.47527100271002715,0.0406783435470964,0.15953903476453,295.2,140.3,72.5,63,71.1,37.6,38,32.2,130.6,133.3,143.7,63.3,60.1,67.2
Misin19G137600.1.v7.1,1,100,58.2,0.9791271347248577,0.999352824161449,1,105.4,103.2,137.3,93,112.3,145.2,140.5,105.4,247.4,196.8,227,244.6,222.3,220
Misin19G155300.1.v7.1,8,91.9,348,1.1138287864534338,0.999977128021495,1,106.3,118.4,690.4000000000001,337.3,373.1,542.1,666.1,361.2,1243.8999999999999,713.5999999999999,754.2,913.3000000000001,1053.7,753.8
Misin19G156300.1.v7.1,1,100,36.2,0.6503409795412275,0.0201844041147562,0.0974509735627564,161.3,104.9,1524.9,1759.1,1521.4,1187,1251.4,1045.7,2747.5,3721.8,3075.3,1999.7,1979.6,2182.4
Misin19G162800.1.v7.1,1,100,47,0.25418502202643173,3.19448858587812e-7,1.7707867426276e-4,227,57.7,316,388.2,377.5,109,123.6,92.9,569.3,821.3,763.1,183.6,195.5,193.9
Misin19G171000.1.v7.1,6,100,264.1,0.9470945359930616,0.81457879032062,1,115.3,109.2,611.4,476.2,463.4,566.4,580.3,487.5,1101.6,1007.5,936.7,954.2,918,1017.4
Misin19G174000.1.v7.1,1,100,33.1,0.9520958083832335,0.639815352096888,1,116.9,111.3,389.2,330.9,391,396.5,383.3,342,701.2,700.1,790.4,668,606.3,713.8
Misin19G179500.1.v7.1,1,100,57.4,0.7252800779347297,0.978170945101281,1,205.3,148.9,193,112.7,172.4,151.5,152,120.8,347.7,238.4,348.5,255.2,240.4,252.1
Misin19G186200.1.v7.1,2,100,69.4,0.8423180592991913,0.74197615757136,1,148.4,125,250.3,190.2,238,225.5,238,186.9,451,402.4,481.1,379.9,376.5,390.1
Misin19G199000.1.v7.1,1,100,37.7,1.175646551724138,0.3904852102162,0.811190994484343,92.8,109.1,91.6,76,81.4,110.3,134.9,92.7,165,160.8,164.5,185.8,213.4,193.5
Misin19G206700.1.v7.1,2,100,75.1,2.0579896907216493,1.3231603999619e-4,0.0027095233070011,77.6,159.7,50.6,34.2,41,101.2,103.1,86.5,91.2,72.4,82.9,170.5,163.1,180.5
Misin19G214700.1.v7.1,1,100,52,0.5553109521188774,9.1703152120659e-4,0.0104186669873595,181.7,100.9,582.7,414.8,566.3,346.1,374.3,250,1049.9,877.6,1144.7,583.1,592.1,521.8
Misin19G217200.1.v7.1,6,100,283.4,1.2026315789473685,0.14147381103782,0.396632528804691,76,91.4,284.2,244.9,237,360.4,389.2,306.9,512.1,518.1,479.1,607.2,615.7,640.5
Misin19G219600.1.v7.1,1,100,35.4,1.0035335689045937,0.999143645040678,1,28.3,28.4,4.1,4.2,2.9,4.4,3.8,3.6,7.4,8.9,5.9,7.4,6,7.5
Misin19G219800.1.v7.1,3,100,182.9,1.1188878235858102,0.952517497844352,1,104.3,116.7,106.9,89.6,88.3,128.4,133.5,101.6,192.6,189.6,178.5,216.3,211.2,212
Misin19G224000.1.v7.1,2,100,68.9,0.971990915972748,0.613713537000981,1,132.1,128.4,16.2,19.3,15,17.5,11.6,14.3,29.2,40.8,30.3,29.5,18.4,29.8
Misin19G238500.1.v7.1,3,100,128.60000000000002,0.8752122241086587,0.717987701842969,1,117.8,103.1,61.8,65.6,58.8,64.2,65.8,41.5,111.3,138.8,118.9,108.2,104.1,86.6
Misin19G244400.1.v7.1,1,100,47,1.0128755364806867,0.999999296824376,1,46.6,47.2,31.8,19.9,19.6,25.3,32.1,20.1,57.3,42.1,39.6,42.6,50.8,41.9
Misin19G256900.1.v7.1,2,80,80.8,0.9526315789473685,0.982707675618988,1,19,18.1,433.8,331,380,1074,461.2,323.1,781.6,700.3,768.1,1809.3,729.6,674.3
Misin19G259300.1.v7.1,1,100,33.5,0.7419980601357905,0.956470182540137,1,103.1,76.5,11.4,6.1,11.5,8.5,12,7.3,20.5,12.9,23.2,14.3,19,15.2
Misin19G266800.1.v7.1,1,100,64.3,1.0577540106951873,0.999788467806497,1,93.5,98.9,78.1,79.3,67.5,88.4,82.2,86.5,140.7,167.8,136.4,148.9,130,180.5
Misin19G269600.1.v7.1,1,100,33.5,0.8256880733944953,0.688036242015852,1,119.9,99,78.2,51.3,55.5,55,58.9,40.6,140.9,108.5,112.2,92.7,93.2,84.7
Misin19G275000.1.v7.1,1,100,39.3,0.9747427502338634,0.776246461385162,1,106.9,104.2,57.8,33.8,37.2,46.7,46.3,27.3,104.1,71.5,75.2,78.7,73.2,57
Misin19G275200.1.v7.1,1,100,34.7,0.36751435602953236,7.67566033753608e-5,0.0019309189165595,243.8,89.6,608.7,469.3,536.1,284.7,251.9,184.7,1096.7,992.9,1083.7,479.6,398.5,385.5
Misin19G276400.1.v7.1,2,100,67.8,0.8266745005875441,0.928124894596189,1,170.2,140.7,142.6,94.5,135.5,135.8,134.3,96.8,256.9,199.9,273.9,228.8,212.4,202
Misin19G276900.1.v7.1,2,96.9,70.8,0.9718309859154929,0.995047289647699,1,99.4,96.6,67.7,55.1,55.3,66.1,71.6,54.3,122,116.6,111.8,111.4,113.3,113.3
MisinT000300.1.v7.1,1,100,55.8,0.8142857142857143,0.645102226887013,1,154,125.4,104.9,94.4,97.8,99.5,99.4,77.1,189,199.7,197.7,167.6,157.2,160.9
MisinT002200.1.v7.1,2,100,79.69999999999999,0.7542028985507246,0.211925890561278,0.523088487876009,172.5,130.1,185.6,211.5,206.7,189.2,199.2,138.3,334.4,447.5,417.8,318.7,315.1,288.6
MisinT003200.1.v7.1,1,100,40,0.9387370405278039,0.960055907018861,1,106.1,99.6,125,106.1,112.9,113,133.6,117.8,225.2,224.5,228.2,190.4,211.3,245.9
MisinT007000.1.v7.1,1,100,35,1.2393939393939393,0.79833658838935,1,66,81.8,55,36.2,54.3,85.3,77.6,47.2,99.1,76.6,109.8,143.7,122.8,98.5
MisinT011600.1.v7.1,3,100,167.8,0.8025134649910234,0.0204905915687377,0.0981765869162441,111.4,89.4,790.9,786.8,685.2,757.4,716.7,547.9,1425,1664.7,1385,1276,1133.8,1143.5
MisinT011700.1.v7.1,10,100,388.1,0.8884408602150536,0.915848285687458,1,74.4,66.1,460.5,307.9,332,432,415.40000000000003,338,829.6999999999999,651.5,671.0999999999999,727.8000000000001,657.1999999999999,705.4
MisinT012400.1.v7.1,1,100,60.1,1.1310043668122272,0.998330060797084,1,45.8,51.8,26.2,22.1,27.5,35.2,33.7,21.6,47.2,46.8,55.6,59.3,53.3,45.1
MisinT017500.1.v7.1,1,100,42.4,1.080396475770925,0.995965209735308,1,90.8,98.1,60,36.4,42.8,55.5,60.6,44.1,108.1,77,86.5,93.5,95.9,92
MisinT020600.1.v7.1,1,100,51.6,1.0834914611005693,0.981610736927018,1,105.4,114.2,198.6,194.4,170,235.2,230.9,185.8,357.8,411.3,343.6,396.2,365.3,387.8
MisinT024200.1.v7.1,1,94.4,34.3,1.2144927536231884,0.748534772008647,1,34.5,41.9,32.4,26.2,28.9,43,33.5,34,58.4,55.4,58.4,72.4,53,71
MisinT028000.1.v7.1,1,100,33.5,0.7686453576864536,0.418512434623067,0.849426293569092,131.4,101,50.5,36.2,49.1,45.2,42.3,33.5,91,76.6,99.2,76.1,66.9,69.9
MisinT029400.1.v7.1,1,95,37.4,0.890279114533205,0.420567060129959,0.853015354429688,103.9,92.5,137.9,107.2,148.1,131.3,142.5,93.6,248.5,226.8,299.4,221.2,225.4,195.3
MisinT032500.1.v7.1,2,100,74,1.1528795811518324,0.962080977648501,1,95.5,110.1,31.7,32.5,25.2,41.7,41.6,27.1,57.1,68.8,50.9,70.3,65.8,56.6
MisinT033700.1.v7.1,4,100,154.4,0.7735993860322332,0.0137230659403395,0.0727218763348002,130.3,100.8,243.6,213.8,230.1,207.8,219.4,172.6,438.9,452.3,465.1,350.1,347.1,360.2
MisinT036500.1.v7.1,3,100,110.2,3.6678141135972457,0.00155633239751585,0.0153419102676541,58.1,213.1,175.2,143.5,144.8,626.1,703.5,628.8,315.7,303.6,292.7,1054.8,1112.9,1312.3
MisinT043200.1.v7.1,1,100,37.7,1.3004291845493563,0.996280763398493,1,46.6,60.6,151.9,53.2,72.7,114.1,106.7,91.6,273.7,112.6,147,192.2,168.8,191.2
MisinT046900.1.v7.1,1,95.2,41.2,0.8580015026296018,0.635996303589822,1,133.1,114.2,277.1,198.7,266.8,260.9,270.7,176.4,499.3,420.4,539.3,439.5,428.2,368.2
MisinT047100.1.v7.1,1,100,37.4,2.212424849699399,0.0198393700824907,0.096213881034842,49.9,110.4,20.2,13,13.4,36.1,41.6,25.5,36.4,27.5,27.1,60.8,65.8,53.2
MisinT051400.1.v7.1,4,100,139.39999999999998,1.1550855991943605,0.468627340250284,0.922852055701071,99.3,114.7,347.6,277.7,302.4,419,435.1,390.1,626.3,587.5,611.3,705.9,688.3,814.2
MisinT051500.1.v7.1,1,100,34.7,0.5786726323639075,0.00199219671940409,0.0181244278640137,134.1,77.6,136.9,102.3,126.2,85.6,90.3,68.1,246.7,216.4,255.1,144.2,142.8,142.1
MisinT054100.1.v7.1,2,100,79.4,0.4861111111111111,9.42252529485543e-5,0.00219152205087143,172.8,84,168,128.2,188.1,87.3,104.7,60.1,302.7,271.2,380.2,147.1,165.6,125.4
MisinT054800.1.v7.1,9,100,416.6,1.302398331595412,0.516694117742559,0.982244658203084,95.9,124.9,1968.8,1401.1000000000001,1360.3999999999999,2494.6,2401.9,1884.2,3547.3,2964.3,2749.7999999999997,4202.6,3799.6,3932.4
MisinT060200.1.v7.1,1,81,34.3,2.0096153846153846,0.348211500122558,0.748697277236521,10.4,20.9,3.8,4.2,6.1,12.3,11.3,6.9,6.8,8.9,12.3,20.7,17.9,14.4
MisinT060900.1.v7.1,3,100,134,2.165912518853695,0.0365756621578754,0.147916098268598,66.3,143.6,741.7,354.2,334.3,770.4,1038.5,777.3,1336.3,749.4,675.7,1297.9,1642.8,1622.3
MisinT067400.1.v7.1,3,100,138.2,0.8880187940485513,0.986526508835345,1,127.7,113.4,29.4,28.7,32.8,32,41.4,23.2,53,60.7,66.3,53.9,65.5,48.4
MisinT069100.1.v7.1,2,100,68.9,1.4388625592417064,0.313481175858903,0.694436552766989,105.5,151.8,41.3,32.9,29.6,60.1,63.3,42,74.4,69.6,59.8,101.2,100.1,87.7
MisinT070400.1.v7.1,2,100,69.7,1.3119810201660735,0.440988903476156,0.881829824098798,84.3,110.6,44.2,38.6,40.1,63.1,60.8,60.6,79.6,81.7,81.1,106.3,96.2,126.5
MisinT070500.1.v7.1,1,84.6,36.2,1.1785714285714286,0.999173662612568,1,39.2,46.2,7.9,7.3,11.3,10.8,14.2,6.7,14.2,15.4,22.8,18.2,22.5,14
MisinT071400.1.v7.1,11,100,602.1999999999999,1.215568862275449,0.564917610797927,1,83.5,101.5,1713.9,1237.1,1232,1888.2,2027.8,1501.3,3088,2617.4,2490.3,3181,3207.8,3133.3
MisinT088800.1.v7.1,9,100,382.20000000000005,0.946078431372549,0.517847623227008,0.982244658203084,387.6,366.7,264.7,187.1,253.4,241.4,240.60000000000002,219,476.9,395.90000000000003,512.2,406.7,380.6,457.09999999999997
MisinT090300.1.v7.1,1,100,35,0.6075501376327173,0.613586874806994,1,254.3,154.5,39.7,32.3,23.2,26.8,23,19.9,71.5,68.3,46.9,45.1,36.4,41.5
MisinT093700.1.v7.1,1,100,36.6,0.7078651685393259,0.154035733270149,0.419131933587588,160.2,113.4,99.7,62.1,89.1,75.5,66.8,61.8,179.6,131.4,180.1,127.2,105.7,129
MisinT100800.1.v7.1,1,100,33.9,1.0355239786856127,0.999330942904218,1,112.6,116.6,31.4,22.5,23.9,29.7,36,19.6,56.6,47.6,48.3,50,56.9,40.9
MisinT104400.1.v7.1,53,100,2137.1,1.031857577887093,0.404798116350851,0.828718363079867,426.9,440.5,4197.2,3550,3928.0999999999995,4474.2,4957.5,3960.9,7562.3,7510.799999999999,7940.199999999999,7537.6,7842.200000000001,8266.5
MisinT105200.1.v7.1,2,100,78.6,0.5783492822966507,8.82707806382221e-5,0.0021357753913264,167.2,96.7,6973.5,5132.9,7328.2,4315.2,4764.5,3324.6,12564.3,10859.8,14813,7269.7,7537,6938.6
MisinT115400.1.v7.1,2,100,109.4,1.1533277169334457,0.809022025004617,1,118.7,136.9,463.9,292.1,374,517.2,479.1,419,835.8,618,756,871.3,757.9,874.5
MisinT118600.1.v7.1,1,100,50.1,0.6840558412931668,0.547655528158306,1,136.1,93.1,26.6,16.7,28.3,28.7,20.4,15.7,47.9,35.3,57.2,48.3,32.3,32.8
MisinT127100.1.v7.1,1,100,40.4,1.1341330425299891,0.76473512492706,1,91.7,104,211.4,206.3,177.2,250.3,273,245.9,380.9,436.5,358.2,421.7,431.9,513.2
MisinT139100.1.v7.1,2,100,84,0.9633699633699634,0.999792357158693,1,54.6,52.6,85.6,63.9,77.5,90.8,94,63.2,154.2,135.2,156.7,153,148.7,131.9
MisinT150800.1.v7.1,2,100,68.6,1.0286162289298313,0.845101064426853,1,255.1,262.4,3803.6000000000004,3474.1,3657.6000000000004,3999.6,4146,3200.7000000000003,6853,7350.3,7393.4,6738,6558.5999999999995,6680
MisinT151800.1.v7.1,6,100,257.29999999999995,0.18529576413509985,0.04276611624829,0.16497380593854,535.9,99.30000000000001,378.7,76.6,335.3,67.3,73,98.5,682.3,162.10000000000002,677.7,113.3,115.5,205.5
MisinT152900.1.v7.1,3,100,151.4,0.603385731559855,0.0602289523736051,0.208301437770176,330.8,199.60000000000002,1021.0999999999999,1556.8,857.2,590.5999999999999,621.7,493.79999999999995,1839.7,3293.7,1732.6999999999998,995,983.5,1030.6
MisinT156800.1.v7.1,1,95,43.5,1.1629392971246006,0.986460793888861,1,62.6,72.8,60.9,45.9,45,70.3,71.4,45.8,109.7,97.1,91,118.4,112.9,95.6
MisinT162100.1.v7.1,1,100,44.3,0.86796875,0.652366493869702,1,128,111.1,511.1,346.3,501.4,474.4,519.2,304.2,920.9,732.7,1013.5,799.2,821.3,634.9
MisinT172600.1.v7.1,1,45.7,34.7,1.0390625,0.891867874698431,1,12.8,13.3,90.1,58.3,69.1,203.3,88.6,69.5,162.3,123.3,139.7,342.5,140.2,145
MisinT177000.1.v7.1,4,100,126.4,1.3214285714285714,0.980724532064329,1,39.2,51.800000000000004,23.2,15.9,18.4,21,29.8,24.4,41.8,33.6,37.2,35.3,47.2,50.9
MisinT177200.1.v7.1,1,100,46.2,1.0157894736842106,1,1,19,19.3,39.3,40,30.8,43.7,45.6,33.9,70.8,84.6,62.3,73.6,72.1,70.8
MisinT177400.1.v7.1,2,88.9,77.8,0.975,0.999999352098093,1,20,19.5,638.3,500.4,552.1,672.5,687.4,471.4,1150,1058.7,1116,1132.9,1087.4,983.8
MisinT192500.1.v7.1,1,100,43.5,1.1950207468879668,0.997233960455896,1,24.1,28.8,88.8,68.8,62.7,103.3,91.1,85.7,160,145.6,126.7,174,144.1,178.9
MisinT198100.1.v7.1,1,100,35.4,1.3714524207011687,0.0597470171082077,0.207525188724757,119.8,164.3,59.4,35.6,48.7,95.3,79.7,64.7,107,75.3,98.4,160.5,126.1,135
MisinT203800.1.v7.1,9,100,476.4,1.0243467933491686,0.964320021583826,1,168.4,172.5,919.1999999999999,914.7,730.9,1160.3999999999999,1204.7,777.3,1656.1999999999998,1935.3,1477.3,1954.9,1905.7,1622.3
MisinT205600.1.v7.1,2,100,71.30000000000001,1.6616541353383458,0.591772360793965,1,39.9,66.3,22.8,13,16.5,25.2,37.1,26.6,41.1,27.5,33.4,42.5,58.7,55.5
MisinT206400.1.v7.1,3,100,158.7,3.6183510638297873,1.10123097147863e-5,6.4326277822894e-4,75.2,272.1,41.7,31.1,27.9,141.3,162.3,99.6,75.1,65.8,56.4,238,256.7,207.9
MisinT217500.1.v7.1,4,100,157.60000000000002,0.6462212486308873,0.00470338925909586,0.0340036355413433,182.6,118,753.2,599,661,475.1,545.6,424.9,1357.1,1267.3,1336.1,800.4,863.1,886.8
MisinT218400.1.v7.1,1,100,51.2,0.5716180371352785,5.86807188158733e-5,0.00164383137856795,150.8,86.2,128.7,113.9,131.5,84.7,87.1,60.9,231.9,241,265.8,142.7,137.8,127.1
MisinT220800.1.v7.1,3,100,145.5,0.7290322580645161,0.0363784893141206,0.147468991716221,139.5,101.7,716.8,571,671.7,559.1,569.1,550.4,1291.5,1208.1,1357.8,941.9,900.3,1148.7
MisinT221400.1.v7.1,17,100,766,1.0582868727825647,0.965517185095857,1,197.3,208.8,1246.9,1128.3,1243.7,1382.2,1612.6,1192.2,2246.6,2387.2,2514,2328.6000000000004,2551,2488.2
MisinT221700.1.v7.1,1,95.7,49.3,0.9328358208955224,0.9998387096159,1,26.8,25,2.6,0,3.1,3.5,3.2,1.9,4.7,0,6.3,5.9,5.1,4
MisinT222500.1.v7.1,1,100,37.4,0.9631979695431473,0.997137691554385,1,78.8,75.9,172,151,145.6,184.6,188.6,126.6,309.9,319.5,294.3,311,298.3,264.2
MisinT224000.1.v7.1,2,100,68.1,0.768920282542886,0.0652917508387725,0.221662750746757,99.1,76.2,205.2,223.8,187.4,172.4,184.2,140.1,369.7,473.5,378.8,290.4,291.4,292.4
MisinT225700.1.v7.1,1,94.7,43.9,0.4002235885969815,0.0413172018199855,0.160921049441369,178.9,71.6,82.9,76.4,87.5,51.6,39.8,31,149.4,161.6,176.9,86.9,63,64.7
MisinT230900.1.v7.1,1,100,33.5,0.827927927927928,0.916867772033958,1,111,91.9,17.8,15,13.5,19.8,16.6,6.1,32.1,31.7,27.3,33.4,26.3,12.7
MisinT248400.1.v7.1,28,100,1113.2,1.1390013495276652,0.061684239634757,0.212502606725548,296.4,337.59999999999997,6055.299999999999,4690.799999999999,5791.7,6633.5,6821.5,5562.7,10909.999999999998,9924.4,11707.300000000001,11175.2,10790.900000000001,11609.6
MisinT250100.1.v7.1,1,100,33.9,0.6267308850090307,0.0428239610090203,0.16506337881808,166.1,104.1,197.1,146.8,177.1,130.4,141.4,106.6,355.1,310.6,358,219.7,223.7,222.5
MisinT256600.1.v7.1,3,100,130.60000000000002,0.8823529411764706,0.649252602441243,1,112.2,99,273,239.4,226.5,257.5,261.5,219.9,491.9,506.5,457.8,433.8,413.7,458.9
MisinT264500.1.v7.1,3,94.7,139.4,0.686777920410783,0.64992945579514,1,77.9,53.5,324.9,164.3,222.4,202,195,130.7,585.4,347.6,449.6,340.3,308.5,272.8
MisinT265300.1.v7.1,13,100,574.2,1.424845898530109,0.0103310281755663,0.0596825951509448,210.90000000000003,300.5,495.5,410.1,384.4,733.1,801.0999999999999,648.8000000000001,892.8000000000001,867.6999999999999,777.0000000000001,1235,1267.3,1354.1
MisinT268000.1.v7.1,1,100,37.4,0.9766816143497759,0.998260434280161,1,111.5,108.9,88.1,66.8,91.7,92,101.6,71.5,158.7,141.3,185.4,155,160.7,149.2
MisinT269000.1.v7.1,1,100,37.4,0.791875,0.395250187245802,0.81709333094007,160,126.7,192.3,114.8,97.2,114.2,136.3,70.1,346.5,242.9,196.5,192.4,215.6,146.3
MisinT271700.1.v7.1,2,95.8,94.8,0.8258426966292135,0.993666684987636,1,106.8,88.2,606.2,444.8,317.4,471.2,408.2,372.2,1092.2,941.1,641.6,793.8,645.7,776.8
MisinT275400.1.v7.1,2,100,84.7,0.6945481702763255,0.200108477551582,0.50187138793345,133.9,93,729.2,596.3,676,487,576.7,449.3,1313.8,1261.6,1366.5,820.4,912.3,937.7
MisinT278200.1.v7.1,6,100,226.6,1.2012236573759347,0.846542603467896,1,147.1,176.7,1186.7,735.8000000000001,835.1,1419.4,1430.5,940.1,2138.2000000000003,1556.6999999999998,1688,2391.2,2262.9,1962
MisinT278600.1.v7.1,11,100,460.90000000000003,0.7689530685920578,0.268111902467297,0.619674246715114,277,213,474.7,462.6,521.8000000000001,484,556.3,356.7,855.3000000000001,978.7,1054.7,815.4,880.0999999999999,744.5
MisinT285300.1.v7.1,2,94,82,0.9737827715355806,0.999759311781816,1,80.1,78,102.4,105.5,105.1,122.9,122.7,118.4,184.5,223.2,212.4,207,194.1,247.1
MisinT296800.1.v7.1,4,100,201.8,1.1666666666666667,0.952860979323875,1,138,161,1438,1173.5,1202,1629.8,1831.3,1399.8,2590.9,2482.8,2429.7,2745.7,2896.9,2921.5
MisinT312100.1.v7.1,2,100,87.4,0.9026069847515986,0.184386593344479,0.473507339642189,203.3,183.5,875.4,1186.3,761.7,1022,982.2,767.1999999999999,1577.3,2509.8999999999996,1539.7,1721.8,1553.8,1601.2
MisinT320100.1.v7.1,3,100,119,0.7727975270479134,0.0498154390932707,0.18284582787607,129.4,100,874.5,697.9,762.8,701.2,753,590.2,1575.6,1476.6,1541.9,1181.3,1191.2,1231.8
MisinT330300.1.v7.1,1,100,51.6,0.8996062992125985,0.97226453417785,1,101.6,91.4,29,27.5,24.2,27.9,23.4,27.2,52.3,58.2,48.9,47,37,56.8
MisinT335300.1.v7.1,8,100,284.5,1.7965367965367967,0.276311806930568,0.631766736690362,46.199999999999996,83,118.89999999999999,117.2,111.7,261.5,239.8,218.8,214.2,248,225.8,440.5,379.3,456.70000000000005
MisinT350600.1.v7.1,3,100,134.8,0.5716295427901523,0.0109545965963359,0.062113909799921,426.5,243.79999999999998,1019.6999999999999,764.9000000000001,925.4,644.5,697.5,616.3000000000001,1837.3,1618.3,1870.6000000000001,1085.8,1103.3,1286.3
MisinT354700.1.v7.1,1,93.8,34.3,0.8064024390243902,0.826969474415764,1,65.6,52.9,68,53.9,60.7,58.6,78.1,44.9,122.5,114,122.7,98.7,123.5,93.7
MisinT359200.1.v7.1,13,100,539.3,1.0307438016528927,0.989438030200583,1,302.5,311.8,691.5,530.3,709.4,724,798.6,605.4,1245.9,1122,1434,1219.7,1263.3,1263.5
MisinT361600.1.v7.1,25,100,984.5,0.6023166023166022,2.6484146156646e-4,0.00457488353129619,362.6,218.39999999999998,1493.3999999999999,1674.5,1616,1141.6,1431.5,974,2690.7,3542.7999999999997,3266.5,1923.2,2264.5,2032.8
MisinT364200.1.v7.1,2,98.2,93.9,0.6902173913043478,0.0281182424534759,0.12224106524979,92,63.5,838.7,864.6,761.4,669.1,670.9,461.3,1511.1,1829.3,1539.1,1127.2,1061.3,962.8
MisinT378900.1.v7.1,1,100,46.2,1.343297974927676,0.558621420617225,1,103.7,139.3,64.4,59.9,55.1,92.5,90.9,79.2,116,126.7,111.4,155.8,143.8,165.3
MisinT385100.1.v7.1,8,95,312,1.6209677419354842,0.00825087947685488,0.0500427387303595,136.39999999999998,221.10000000000002,564.5,440.3,404.9,949.1,991.2,746.6,1017.1,931.6,818.4000000000001,1598.9,1568,1558.1999999999998
MisinT386500.1.v7.1,4,100,154.1,0.42488262910798125,6.2478044877800607e-05,0.00171569893745076,170.4,72.4,207.9,136.8,215.3,94.5,102.6,73.7,374.6,289.4,435.2,159.2,162.3,153.8
MisinT389800.1.v7.1,4,94.9,177.9,0.7818837314105452,0.393545230971134,0.816480470487244,221.9,173.5,80.1,60.900000000000006,51.7,83.30000000000001,86,67.7,144.3,128.9,104.5,140.3,136,141.3
MisinT394200.1.v7.1,1,100,39.3,4.195462478184991,5.60614019684547e-6,6.4326277822894e-4,57.3,240.4,135,114.2,74.8,601.2,617.2,613.6,243.2,241.6,151.2,1012.8,976.4,1280.6
MisinT397300.1.v7.1,11,100,399.9,0.2194450814033478,2.0816767809783e-4,0.00384642230631011,872.2,191.39999999999998,7312.5999999999995,4998.5999999999995,8632.1,1874.3999999999999,2089.7,1385.1,13175.300000000001,10575.7,17448.800000000003,3157.8,3305.7,2890.8
MisinT399200.1.v7.1,3,97.05,108.9,0.9489981785063754,0.973102068441743,1,164.7,156.3,184.6,156.8,152.6,203.4,187,146.3,332.6,331.7,308.5,342.70000000000005,295.8,305.4
MisinT401100.1.v7.1,1,100,34.3,0.8372434017595308,0.951739633146386,1,68.2,57.1,15.2,9.8,14.5,12.6,14.5,12.8,27.4,20.7,29.3,21.2,22.9,26.7
MisinT405300.1.v7.1,2,100,100.1,1.2085603112840468,0.986390268812624,1,128.5,155.3,86.1,141.1,49.5,111.3,107.6,126.2,155.1,298.5,100.1,187.5,170.2,263.4
MisinT429800.1.v7.1,1,100,32.3,1.5821138211382113,0.0463709447305164,0.17430970487251,61.5,97.3,38.9,39.5,29.2,65.8,69.4,58.2,70.1,83.6,59,110.9,109.8,121.5
MisinT437000.1.v7.1,2,100,76.6,0.34714210802307294,3.24823772346328e-6,5.4524643927092e-4,190.7,66.2,120.2,152,133.2,55.5,61.3,41.7,216.6,321.6,269.2,93.5,97,87
MisinT444400.1.v7.1,1,100,48.5,1.0767960363336087,1,1,121.1,130.4,37.1,28.9,41.5,34.9,45.5,38.8,66.8,61.1,83.9,58.8,72,81
MisinT450800.1.v7.1,1,100,43.1,1.2898230088495575,0.095147238420467,0.29480431236062,90.4,116.6,83.7,84.3,84.9,131.4,140.9,99.3,150.8,178.4,171.6,221.4,222.9,207.2
MisinT452900.1.v7.1,6,85,240.60000000000002,1.430761622156281,6.013854667275e-5,0.00167265157350253,202.2,289.3,1154.6999999999998,975.6999999999999,905,1772,1940,1383.8,2080.4,2064.2,1829.4,2985.2,3068.9,2888
MisinT457200.1.v7.1,5,100,194.7,0.6281407035175879,0.0124484740466566,0.0682119143393349,119.4,75,178.7,155.8,150.5,112.6,131.4,96.9,322,329.6,304.2,189.7,207.9,202.2
MisinT463900.1.v7.1,5,100,189.5,1.225438596491228,0.0266725511165971,0.118524781583745,114,139.7,671.3,515,529.3,764.1,843.8,660.4,1209.5,1089.6,1069.9,1287.3,1334.8,1378.3
MisinT466200.1.v7.1,9,100,428.6,1.0049365303244004,0.849648068481754,1,141.8,142.5,617.3,383.4,481.2,530.9,568.2,440.50000000000006,1112.1999999999998,811.1000000000001,972.7,894.4,898.9,919.3
MisinT467300.1.v7.1,2,100,67.8,1.422519509476031,0.0346254143162587,0.142421290015935,89.7,127.6,46.1,41.3,34.8,60.2,74.7,57.8,83.1,87.4,70.3,101.4,118.2,120.6
MisinT471800.1.v7.1,1,100,62.4,0.703730797366496,0.00679215807236178,0.0445018910975303,136.7,96.2,415.8,420.6,404,341.2,357,314,749.2,889.9,816.6,574.8,564.7,655.3
MisinT478500.1.v7.1,1,100,39.7,0.7986857825567502,0.984855575894689,1,167.4,133.7,24.3,23.3,20.1,20.1,22.1,20.6,43.8,49.3,40.6,33.9,35,43
MisinT479800.1.v7.1,1,100,42,0.7906081601231717,0.655635253335347,1,129.9,102.7,31.5,20,28.8,21.4,28.8,21.5,56.8,42.3,58.2,36.1,45.6,44.9
MisinT484300.1.v7.1,1,100,33.9,0.7203718048024788,0.0192206361340661,0.0939363070326224,129.1,93,94.4,72.7,94,74.1,74.7,58.7,170.1,153.8,190,124.8,118.2,122.5
MisinT486000.1.v7.1,5,100,224.4,0.40246116602783943,0.0233891000503192,0.108632616679542,495.7,199.5,912,783.5,937.4,438.8,524.5,366.7,1643.2,1657.6,1894.9,739.3,829.6999999999999,765.4
MisinT488500.1.v7.1,2,100,76.2,0.9285714285714285,0.607924573291232,1,243.60000000000002,226.2,153.1,113.5,137.4,152.3,171.3,152.2,275.8,240.10000000000002,277.7,256.6,270.9,317.6
MisinT495900.1.v7.1,1,100,33.1,1.2245222929936308,0.506713092966184,0.970043633759695,62.8,76.9,64.9,56.5,51,86.7,90.4,60.2,116.9,119.5,103.1,146.1,143,125.6
MisinT501000.1.v7.1,6,100,238.5,0.920358945597308,0.824633850204494,1,178.3,164.10000000000002,286.29999999999995,221.1,260.8,265.5,317.8,227.8,515.8,467.8,527.2,447.29999999999995,502.7,475.4
MisinT504400.1.v7.1,6,96.55,325.8,0.8308584686774942,0.0851733844824304,0.27141614873305,431,358.1,308.9,266.9,278.3,284.7,308,180.4,556.5,564.7,562.5,479.6,487.2,376.5
MisinT505600.1.v7.1,1,100,48.1,1.2440604751619873,0.505504354734023,0.969286606020446,92.6,115.2,27.8,20.1,19,31.4,37.4,24.7,50.1,42.5,38.4,52.9,59.2,51.6
MisinT505900.1.v7.1,1,94.6,70.1,1.0621820237422273,0.999981671791847,1,176.9,187.9,560.8,628.3,432.5,637.2,640.5,562.5,1010.4,1329.3,874.2,1073.5,1013.2,1174
MisinT508200.1.v7.1,7,100,285.9,1.0670289855072463,0.969856288316364,1,110.4,117.8,427.4,369.1,423.8,478.4,534.8,399.3,770.1,780.9,856.7,805.9,846,833.4
MisinT522300.1.v7.1,1,100,46.2,0.9089989888776542,0.994347156813601,1,98.9,89.9,191.5,148.8,177.5,186.2,169,176.6,345,314.8,358.8,313.7,267.3,368.6
MisinT523900.1.v7.1,9,100,401.7,0.7947398513436249,4.8138304079425e-4,0.00692106032251306,174.9,139,1510.1,1431.6,1380.3999999999999,1125,1204.5,940.4,2720.7999999999997,3028.8999999999996,2790.3,1895.1999999999998,1905.4,1962.7
MisinT531900.1.v7.1,1,100,37,0.8064171122994653,0.675474713479457,1,93.5,75.4,20.9,22,13.8,17.4,19.2,16.1,37.7,46.5,27.9,29.3,30.4,33.6
MisinT532400.1.v7.1,1,100,35,1.9964819700967458,0.0310646602911828,0.13091535408427,113.7,227,77,72.4,61.6,140.2,175.1,156.6,138.7,153.2,124.5,236.2,277,326.8
MisinT553300.1.v7.1,5,100,266.2,1.3738738738738738,6.6794870618303e-4,0.00842838822688127,88.8,122,136.2,112.8,99.2,204.8,207.1,157.1,245.4,238.7,200.5,345,327.6,327.9
MisinT554400.1.v7.1,1,100,34.3,0.8561020036429873,0.44386161727013,0.886458777482265,109.8,94,106.2,90.3,106.4,100.4,103.6,71,191.3,191.1,215.1,169.1,163.9,148.2
MisinT564900.1.v7.1,1,79.3,52.8,1.1641791044776117,0.997737865038466,1,20.1,23.4,9,11.1,7.2,33.1,11.9,4.7,16.2,23.5,14.6,55.8,18.8,9.8
MisinT574400.1.v7.1,5,100,225.8,0.9913941480206541,0.962654507051087,1,116.2,115.2,631.6,712.8,498.4,670,629.5,546.4,1138,1508.1,1007.5,1128.7,995.8,1140.4
MisinT589400.1.v7.1,6,100,323.4,0.24704244954766877,0.0190522558752153,0.0934038607654529,287.4,71,3308.8999999999996,2845.2999999999997,4551.5,426.2,705.6999999999999,537.8000000000001,5961.7,6019.9000000000005,9200.300000000001,718,1116.4,1122.3999999999999
