"protein_id","Checked","Master","Description","Coverage","Peptides","PSMs","AAs","Modifications","Abundance_Ratio_Winter_Summer","pval_Winter_Summer","adj_pval_Winter_Summer","Abundance_Grouped_Summer","Abundance_Grouped_Winter","Abundance_Grouped_CV_Summer","Abundance_Grouped_CV_Winter","Abundance_Mg-1_Summer","Abundance_Mg-2_Summer","Abundance_Mg-3_Summer","Abundance_Mg-1_Winter","Abundance_Mg-2_Winter","Abundance_Mg-3_Winter","Abundances_Normalized_Mg-1_Summer","Abundances_Normalized_Mg-2_Summer","Abundances_Normalized_Mg-3_Summer","Abundances_Normalized_Mg-1_Winter","Abundances_Normalized_Mg-2_Winter","Abundances_Normalized_Mg-3_Winter","Found_in_Sample_S12_Mg-1_Summer","Found_in_Sample_S15_Mg-2_Summer","Found_in_Sample_S18_Mg-3_Summer","Found_in_Sample_S11_Mg-1_Winter","Found_in_Sample_S14_Mg-2_Winter","Found_in_Sample_S17_Mg-3_Winter"
"Ag00001aa121662_T001",TRUE,"Master Protein","Ag00001aa121662_T001",65,38,707,765,NA,0.729,0.706530452750288,1,103,75.1,5.58,10.95,1754.2,1498.6,1419.6,1358.5,1457.4,1323.3,3160.6,3170.6,2869.5,2288.6,2305.5,2761.8,"High","High","High","High","High","High"
"Ag00001aa096403_T001",TRUE,"Master Protein","Ag00001aa096403_T001",67,31,447,649,NA,0.94,0.934767970836895,1,110.7,104.1,5.63,3.37,11839.7,9427,11043.5,11908.9,13282.6,9432.1,21331.9,19945,22323.1,20062.5,21011.8,19685.2,"High","High","High","High","High","High"
"Ag00001aa096932_T001",TRUE,"Master Protein","Ag00001aa096932_T001",65,39,681,766,NA,0.703,0.447900400303941,0.893177774754852,113,79.4,3.6,5.76,17723.4,15205.4,14891.7,12757.8,14182,11534.3,31932.7,32170.5,30101.7,21492.6,22434.6,24072.6,"High","High","High","High","High","High"
"Ag00001aa122153_T002",TRUE,"Master Protein","Ag00001aa122153_T002",67,29,430,628,NA,0.609,0.0374112346708534,0.149952050949406,174.1,106,20.62,24.01,85.1,61.7,96.7,55.4,63.8,29.8,153.3,130.5,195.5,93.3,100.9,62.2,"High","High","High","High","High","High"
"Ag00001aa081313_T003",TRUE,"Master Protein","Ag00001aa081313_T003",62,38,623,765,NA,0.942,0.999968289053818,1,56.7,53.4,7.5,13.64,227.2,200.4,181.2,228.9,215.9,214.6,409.4,424,366.3,385.6,341.5,447.9,"High","High","High","High","High","High"
"Ag00001aa016177_T002",TRUE,"Master Protein","Ag00001aa016177_T002",71,31,436,648,NA,1.698,0.0788995018518441,0.256288978759956,57.5,97.7,8.38,3.63,3041.7,2207.6,2414.8,4920.1,4925.3,3984.8,5480.3,4670.7,4881.2,8288.7,7791.4,8316.5,"High","High","High","High","High","High"
"Ag00001aa127002_T002",TRUE,"Master Protein","Ag00001aa127002_T002",69,24,431,445,NA,1.047,0.920526120767352,1,123.6,129.5,3.81,3.66,9179.9,7677.2,7601.3,10436.7,10753.1,7829.7,16539.7,16242.9,15365.1,17582.4,17010.4,16341,"High","High","High","High","High","High"
"Ag00001aa038464_T002",TRUE,"Master Protein","Ag00001aa038464_T002",67,30,431,648,NA,0.948,0.740378902533137,1,30.1,28.6,0.6,8.95,61.2,51.5,54.3,62.8,65.8,42.9,110.3,109,109.8,105.8,104.1,89.5,"High","High","High","High","High","High"
"Ag00001aa128941_T002",TRUE,"Master Protein","Ag00001aa128941_T002",69,24,398,445,NA,0.898,0.957824762845779,1,89.8,80.7,5.48,15.38,399.4,312.6,321.9,441.8,375.4,269.2,719.6,661.4,650.7,744.3,593.8,561.8,"High","High","High","High","High","High"
"Ag00001aa073318_T002",TRUE,"Master Protein","Ag00001aa073318_T002",78,28,539,446,"Met-loss [N-Term]",1.771,0.00120419282975015,0.0127683008407138,75.1,133,9.64,7.03,10790.9,8719.3,7948.6,20138.2,20651.3,14158.7,19442.2,18447.7,16067.1,33926.2,32668.4,29549.9,"High","High","High","High","High","High"
"Ag00001aa047169_T001",TRUE,"Master Protein","Ag00001aa047169_T001",66,30,420,648,NA,0.83,0.999834427477683,1,52.4,43.5,23.84,5.7,27.6,15.1,25,24.5,25,21.2,49.7,31.9,50.5,41.3,39.5,44.2,"High","High","High","High","High","High"
"Ag00001aa068456_T001",TRUE,"Master Protein","Ag00001aa068456_T001",62,23,464,558,NA,0.833,0.117867618452508,0.346602024463634,123.8,103.2,13.02,1.91,11955.7,12879.6,11060.6,10884,11775.6,9124.8,21540.9,27249.7,22357.6,18335.9,18627.9,19043.9,"High","High","High","High","High","High"
"Ag00001aa028041_T002",TRUE,"Master Protein","Ag00001aa028041_T002",55,35,476,765,NA,0.687,0.628820162096596,1,173.7,119.2,2.65,9.98,5383.5,4513.1,4555.5,3505.9,4144.6,3457.4,9699.6,9548.5,9208.4,5906.3,6556.4,7215.8,"High","High","High","High","High","High"
"Ag00001aa033498_T001",TRUE,"Master Protein","Ag00001aa033498_T001",63,23,444,554,NA,0.979,0.943370316926851,1,73.7,72.2,15.39,16.68,16.4,13.2,10.8,21.3,17.1,13.1,29.5,27.9,21.8,35.9,27.1,27.3,"High","High","High","High","High","High"
"Ag00001aa104405_T001",TRUE,"Master Protein","Ag00001aa104405_T001",65,30,401,649,NA,1.531,0.127325917797528,0.368496913140102,88,134.7,7.73,2.44,742.3,546.7,591.7,1086.8,1121.7,892.3,1337.4,1156.7,1196,1830.9,1774.4,1862.3,"High","High","High","High","High","High"
"Ag00001aa022279_T001",TRUE,"Master Protein","Ag00001aa022279_T001",65,29,350,658,NA,1.022,0.96065731597158,1,27.3,27.9,35.02,6.74,5.4,2.3,4.9,5.9,5.6,4.8,9.7,4.9,9.9,9.9,8.9,10,"High","High","High","High","High","High"
"Ag00001aa019394_T001",TRUE,"Master Protein","Ag00001aa019394_T001",63,30,351,658,NA,2.107,0.0475913710105356,0.176809259325323,36.8,77.5,7.72,5.38,946.6,690.5,784.2,1982.7,2009.5,1695.8,1705.5,1460.9,1585.2,3340.2,3178.8,3539.2,"High","High","High","High","High","High"
"Ag00001aa107870_T003",TRUE,"Master Protein","Ag00001aa107870_T003",75,21,625,337,NA,1.442,0.000756365235637046,0.00919832742685951,83.7,120.7,7.48,4.51,14060.8,12399.6,11217.7,21838.3,21416.2,17505.3,25333.7,26234.2,22675.2,36790.3,33878.4,36534.4,"High","High","High","High","High","High"
"Ag00001aa102535_T001",TRUE,"Master Protein","Ag00001aa102535_T001",61,29,314,656,NA,2.967,0.0434789688494933,0.166967085789677,22.3,66.3,7.85,8.25,148.5,117.3,113.1,491.4,465.5,339.4,267.6,248.2,228.6,827.8,736.4,708.3,"High","High","High","High","High","High"
"Ag00001aa117824_T003",TRUE,"Master Protein","Ag00001aa117824_T003",73,20,605,337,NA,1.18,0.466892508310614,0.921388514886692,36.4,42.9,3.72,17.91,274.3,233.2,228.9,403.5,368.1,226.5,494.2,493.4,462.7,679.8,582.3,472.7,"High","High","High","High","High","High"
"Ag00001aa070570_T002",TRUE,"Master Protein","Ag00001aa070570_T002",50,30,420,765,NA,0.642,0.26736230360861,0.619083725356015,184.6,118.4,2.82,7.18,751.3,613,677.1,515.5,574.4,377.6,1353.6,1296.9,1368.7,868.4,908.6,788.1,"High","High","High","High","High","High"
"Ag00001aa114201_T003",TRUE,"Master Protein","Ag00001aa114201_T003",76,21,544,337,NA,1.653,6.17828077495997e-05,0.00171129247779789,74.6,123.3,11.98,6.23,620.7,608.8,503.4,1097,1103.1,946.7,1118.3,1288.1,1017.6,1848.1,1745,1975.8,"High","High","High","High","High","High"
"Ag00001aa009508_T001",TRUE,"Master Protein","Ag00001aa009508_T001",48,24,266,665,NA,5.823,0.0557725350689723,0.198591014466424,45.5,264.9,23.7,8.58,16.2,11.2,8.9,81.9,77.1,69.2,29.2,23.7,18,138,122,144.4,"High","High","High","High","High","High"
"Ag00001aa034482_T001",TRUE,"Master Protein","Ag00001aa034482_T001",52,34,245,698,NA,0.995,0.99005194127151,1,121.1,120.5,10.24,5.85,2109.8,1581,2032.4,2244.3,2309.7,1960.2,3801.3,3345,4108.2,3780.9,3653.7,4091,"High","High","High","High","High","High"
"Ag00001aa009517_T001",TRUE,"Master Protein","Ag00001aa009517_T001",59,26,290,649,NA,1.285,0.431412839793906,0.868656567775599,36.5,46.9,4.35,13.74,98.1,77,86.4,133.2,140.4,134.6,176.7,162.9,174.6,224.4,222.1,280.9,"High","High","High","High","High","High"
"Ag00001aa072751_T001",TRUE,"Master Protein","Ag00001aa072751_T001",46,35,282,825,NA,0.856,0.976406213035715,1,119.5,102.3,6.26,6.38,9743.3,7533.6,8890.8,9617.3,9029.5,7198.4,17554.7,15939.1,17971.7,16201.9,14283.8,15023.4,"High","High","High","High","High","High"
"Ag00001aa086826_T001",TRUE,"Master Protein","Ag00001aa086826_T001",46,34,280,802,NA,1.206,0.890849053508702,1,52.7,63.6,6.04,23.86,15.7,12.6,12.4,26.9,18.6,15.4,28.3,26.7,25.1,45.3,29.4,32.1,"High","High","High","High","High","High"
"Ag00001aa148957_T001",TRUE,"Master Protein","Ag00001aa148957_T001",41,28,297,843,NA,1.362,0.000342176948851303,0.00533567861083665,97.1,132.2,13.74,2.61,6138.5,3996.9,5210.4,8650.7,9067.6,6634,11059.9,8456.4,10532.2,14573.5,14344.1,13845.5,"High","High","High","High","High","High"
"Ag00001aa073519_T001",TRUE,"Master Protein","Ag00001aa073519_T001",63,30,139,579,NA,NA,NA,NA,NA,NA,NA,NA,NA,NA,NA,NA,NA,NA,NA,NA,NA,NA,NA,NA,"High","High","High","High","High","High"
"Ag00001aa079692_T001",TRUE,"Master Protein","Ag00001aa079692_T001",62,30,139,584,NA,1.682,0.00585741751703894,0.0398792927552529,86.6,145.6,2.32,5.66,3192.6,2825.3,2838,5237,6115.1,4698.5,5752.2,5977.6,5736.7,8822.6,9673.5,9806,"High","High","High","High","High","High"
"Ag00001aa026660_T001",TRUE,"Master Protein","Ag00001aa026660_T001",42,28,282,843,NA,1.166,0.991550448607657,1,24.2,28.2,12.03,20.75,13.8,14.3,15.5,21.1,15.2,16.9,24.9,30.3,31.3,35.5,24,35.3,"High","High","High","High","High","High"
"Ag00001aa115120_T001",TRUE,"Master Protein","Ag00001aa115120_T001",70,33,192,621,NA,0.726,0.00301490799388637,0.02481133735476,141.2,102.5,11.95,1.17,5806.6,6176,5441,4694.1,5044.8,3878.1,10461.9,13066.7,10998.3,7908,7980.4,8093.8,"High","High","High","High","High","High"
"Ag00001aa094012_T001",TRUE,"Master Protein","Ag00001aa094012_T001",35,27,307,986,NA,1.153,0.00520593566963912,0.0364752153502404,96.5,111.3,4.4,3.63,6376.4,5733.1,5502.3,7621.3,8725.2,6349.5,11488.5,12129.7,11122.2,12839.4,13802.4,13251.7,"High","High","High","High","High","High"
"Ag00001aa016826_T001",TRUE,"Master Protein","Ag00001aa016826_T001",41,27,279,843,NA,1.628,0.997107904863685,1,108,175.8,6.34,56.31,33.5,27.1,26.3,55.4,74,14.3,60.4,57.3,53.2,93.3,117.1,29.8,"High","High","High","High","High","High"
"Ag00001aa041819_T003",TRUE,"Master Protein","Ag00001aa041819_T003",71,32,190,576,NA,1.057,0.990776244213473,1,116.4,123.1,5.01,1.22,5003.2,4358,4140.4,5658.5,5954.5,4624.5,9014.4,9220.3,8369.3,9532.7,9419.5,9651.6,"High","High","High","High","High","High"
"Ag00001aa091179_T001",TRUE,"Master Protein","Ag00001aa091179_T001",63,31,193,621,NA,0.965,0.9824667202125,1,112.5,108.6,10.79,1.09,668.9,652.1,553.1,689.8,735.3,567.6,1205.2,1379.7,1118,1162.1,1163.2,1184.6,"High","High","High","High","High","High"
"Ag00001aa108841_T001",TRUE,"Master Protein","Ag00001aa108841_T001",71,23,183,501,NA,0.678,0.000482406198154872,0.00692106032251306,127.3,86.3,13.82,0.92,4430.8,4856.2,4141.2,3345.7,3588.4,2750.4,7983.1,10274.4,8370.9,5636.4,5676.5,5740.2,"High","High","High","High","High","High"
"Ag00001aa117364_T001",TRUE,"Master Protein","Ag00001aa117364_T001",36,26,300,985,NA,1.06,0.877417847741776,1,64.9,68.8,9.42,11.17,74,56.3,54.8,87.1,79.8,56.8,133.3,119.1,110.8,146.7,126.2,118.5,"High","High","High","High","High","High"
"Ag00001aa120810_T003",TRUE,"Master Protein","Ag00001aa120810_T003",69,30,190,576,NA,1.133,0.958203606305415,1,121.8,138,5.48,5.81,466.3,430.4,406.4,565.1,627.7,423.8,840.1,910.6,821.5,952,993,884.5,"High","High","High","High","High","High"
"Ag00001aa089238_T001",TRUE,"Master Protein","Ag00001aa089238_T001",59,33,269,687,NA,0.892,0.318693497407152,0.701873621380104,106.7,95.1,3.75,0.36,6309.3,5631.1,5474.9,6050.8,6408.9,4850.7,11367.6,11913.9,11066.8,10193.6,10138.3,10123.6,"High","High","High","High","High","High"
"Ag00001aa115646_T001",TRUE,"Master Protein","Ag00001aa115646_T001",61,33,269,663,NA,0.772,0.293925028773977,0.659077797352448,213.4,164.8,8.06,32.23,47.1,46.1,42.2,39.1,43,17,84.9,97.5,85.3,65.9,68,35.5,"High","High","High","High","High","High"
"Ag00001aa146814_T001",TRUE,"Master Protein","Ag00001aa146814_T001",38,45,153,1681,NA,0.579,8.82707806382221e-05,0.0021357753913264,167.2,96.7,15.56,4.14,6973.5,5132.9,7328.2,4315.2,4764.5,3324.6,12564.3,10859.8,14813,7269.7,7537,6938.6,"High","High","High","High","High","High"
"Ag00001aa121176_T001",TRUE,"Master Protein","Ag00001aa121176_T001",57,31,231,690,NA,1.083,0.940598438350093,1,95,102.9,5.57,2.54,4080,3828.6,3652.1,4722.7,5053.9,3991.6,7351,8100.3,7382.3,7956.2,7994.8,8330.7,"High","High","High","High","High","High"
"Ag00001aa150634_T001",TRUE,"Master Protein","Ag00001aa150634_T001",67,22,395,355,NA,1.321,0.390660068010806,0.811412807694804,75.8,100.1,15.55,24.79,56.9,35.8,41.9,66.4,68.1,78.9,102.5,75.7,84.7,111.9,107.7,164.7,"High","High","High","High","High","High"
"Ag00001aa032124_T001",TRUE,"Master Protein","Ag00001aa032124_T001",67,22,394,355,NA,1.173,0.945872090239444,1,83.2,97.6,6.4,10.33,7366.3,5551.8,6003.5,8764.8,9001.6,5794.5,13272,11746.1,12135.3,14765.8,14239.7,12093.4,"High","High","High","High","High","High"
"Ag00001aa032691_T001",TRUE,"Master Protein","Ag00001aa032691_T001",63,29,223,559,"Met-loss+Acetyl [N-Term]",1.454,0.00643563601434971,0.0427654920652466,77.2,112.3,2.3,10.45,857.1,712.9,729.7,1080.1,1386.6,1051.6,1544.3,1508.3,1475,1819.6,2193.5,2194.7,"High","High","High","High","High","High"
"Ag00001aa028912_T001",TRUE,"Master Protein","Ag00001aa028912_T001",48,28,146,810,NA,0.855,0.854739238774648,1,123.7,105.8,19.58,6.76,3422.5,2183.8,3400.6,3130.6,3523.4,2332.5,6166.4,4620.3,6873.9,5274,5573.7,4868,"High","High","High","High","High","High"
"Ag00001aa100834_T001",TRUE,"Master Protein","Ag00001aa100834_T001",67,31,181,621,NA,0.998,0.997380964178406,1,50.7,50.6,17.19,22.56,18.2,19.3,23,24.2,28.6,13.7,32.8,40.8,46.5,40.8,45.2,28.6,"High","High","High","High","High","High"
"Ag00001aa051015_T001",TRUE,"Master Protein","Ag00001aa051015_T001",54,32,294,704,"Met-loss+Acetyl [N-Term]",0.239,0.0658322640294727,0.223243398122992,222.7,53.3,6.94,24.88,11782.4,10234.1,11922.9,1935.7,3336.2,2483.2,21228.6,21652.6,24100.7,3261,5277.6,5182.6,"High","High","High","High","High","High"
"Ag00001aa064784_T001",TRUE,"Master Protein","Ag00001aa064784_T001",45,33,184,913,NA,2.067,0.110634652042375,0.330048506393247,29.1,60,12.76,13.83,1718.5,1193.8,1225.2,3668.5,3299.8,2260.5,3096.3,2525.8,2476.6,6180.2,5220,4717.8,"High","High","High","High","High","High"
"Ag00001aa126130_T002",TRUE,"Master Protein","Ag00001aa126130_T002",37,43,149,1703,NA,NA,NA,NA,NA,NA,NA,NA,NA,NA,NA,NA,NA,NA,NA,NA,NA,NA,NA,NA,"High","High","High","High","High","High"
"Ag00001aa100893_T001",TRUE,"Master Protein","Ag00001aa100893_T001",74,23,280,402,NA,1.521,0.00051168256329126,0.00721684353763934,81.2,123.6,2.9,6.83,1021.2,825.6,868,1584.2,1732.5,1151.3,1839.9,1746.7,1754.6,2668.8,2740.7,2402.8,"High","High","High","High","High","High"
"Ag00001aa069417_T001",TRUE,"Master Protein","Ag00001aa069417_T001",45,32,184,913,NA,2.163,0.337990218907748,0.732460665322763,26,56.2,19.98,29.78,34.9,23.3,21.1,85.7,67.4,37.9,62.9,49.3,42.7,144.4,106.6,79.1,"High","High","High","High","High","High"
"Ag00001aa016342_T002",TRUE,"Master Protein","Ag00001aa016342_T002",65,30,202,559,"Met-loss+Acetyl [N-Term]",1.413,0.00255656031784235,0.021815369944311,74.4,105.2,7.18,3.47,3989.2,3697.9,3359,5784.9,6601.7,4866.7,7187.4,7823.8,6789.8,9745.6,10443.3,10157,"High","High","High","High","High","High"
"Ag00001aa060000_T002",TRUE,"Master Protein","Ag00001aa060000_T002",53,31,290,704,"Met-loss+Acetyl [N-Term]",0.187,0.0452053449828552,0.170925539817788,255.5,47.8,10.73,28.56,817.7,733.5,892.4,108.2,208.5,139.2,1473.3,1551.9,1803.9,182.3,329.8,290.5,"High","High","High","High","High","High"
"Ag00001aa030108_T001",TRUE,"Master Protein","Ag00001aa030108_T001",51,30,286,704,"Met-loss+Acetyl [N-Term]",0.237,0.105925673737065,0.319472334631894,165.1,39.1,7.97,7.7,93,92.1,94.3,26.8,28.9,19,167.6,194.9,190.6,45.1,45.7,39.7,"High","High","High","High","High","High"
"Ag00001aa011817_T001",TRUE,"Master Protein","Ag00001aa011817_T001",54,37,216,699,NA,1.106,0.865387677625911,1,156.5,173.1,10.77,10.81,103.4,75.4,97.7,122.3,119,111.7,186.3,159.5,197.5,206,188.2,233.1,"High","High","High","High","High","High"
"Ag00001aa092319_T001",TRUE,"Master Protein","Ag00001aa092319_T001",35,26,261,982,NA,1.118,0.0588518012404298,0.20530386969425,107.5,120.1,7.65,2.96,509.9,456.3,410.2,634.2,637.6,492,918.7,965.4,829.2,1068.4,1008.6,1026.8,"High","High","High","High","High","High"
"Ag00001aa094017_T001",TRUE,"Master Protein","Ag00001aa094017_T001",45,25,228,622,NA,0.802,0.998491449081566,1,45.4,36.4,2.13,31.09,2196,1877.6,2034.2,3060.7,1924.5,1527.4,3956.6,3972.5,4111.9,5156.3,3044.4,3187.8,"High","High","High","High","High","High"
"Ag00001aa116053_T004",TRUE,"Master Protein","Ag00001aa116053_T004",35,35,149,1064,NA,1.924,0.00416960876134054,0.0309134663873446,66.7,128.3,22.85,8.14,3254,1827.2,2093.2,5233.9,5145.9,3589.4,5862.8,3865.9,4231.1,8817.4,8140.3,7491.3,"High","High","High","High","High","High"
"Ag00001aa021426_T002",TRUE,"Master Protein","Ag00001aa021426_T002",43,26,138,810,NA,1.154,0.260088195346874,0.607923891211723,88.6,102.2,19.95,4.46,177.3,107.9,167.5,203.5,233,178.5,319.4,228.3,338.6,342.8,368.6,372.5,"High","High","High","High","High","High"
"Ag00001aa047327_T002",TRUE,"Master Protein","Ag00001aa047327_T002",56,22,197,494,"Met-loss+Acetyl [N-Term]",1.485,0.0479203031201332,0.177889479079815,109.3,162.3,6.3,9.38,364.2,332.6,307.1,491.5,621.4,466.9,656.2,703.7,620.8,828,983,974.4,"High","High","High","High","High","High"
"Ag00001aa002578_T001",TRUE,"Master Protein","Ag00001aa002578_T001",54,37,213,699,NA,1.023,0.94855999637319,1,117.5,120.1,8.2,3.5,5946.7,4612.5,5691,6504,6696.5,5443.8,10714.3,9758.8,11503.7,10957.1,10593.2,11361.5,"Not Found","Not Found","Not Found","Not Found","Not Found","Not Found"
"Ag00001aa091217_T001",TRUE,"Master Protein","Ag00001aa091217_T001",83,27,315,401,NA,1.537,0.0256319168811616,0.115515668515668,56.8,87.3,7.74,3.4,5773.7,4835.3,4452.6,9853.1,9863.1,7534.4,10402.6,10230.2,9000.4,16599.2,15602.5,15724.7,"High","High","High","High","High","High"
"Ag00001aa002576_T001",TRUE,"Master Protein","Ag00001aa002576_T001",53,36,209,699,NA,1.977,0.061684239634757,0.212502606725548,22.4,44.4,26.26,22.66,5.2,2.9,3,7.2,6,7.2,9.4,6.1,6.1,12.1,9.5,15,"High","High","High","High","High","High"
"Ag00001aa028848_T003",TRUE,"Master Protein","Ag00001aa028848_T003",59,28,165,576,NA,1.206,0.946728939829432,1,131.1,158.2,7.52,9.23,139,128.3,115.6,179.3,203.9,128.5,250.4,271.4,233.7,302.1,322.6,268.2,"High","High","High","High","High","High"
"Ag00001aa157433_T001",TRUE,"Master Protein","Ag00001aa157433_T001",44,17,278,508,NA,0.759,0.0528673511580895,0.189981333062599,123.9,94,11.74,1.91,8468.3,8939.4,7851.5,7147.4,7626.2,5585.7,15257.5,18913.3,15870.8,12041,12063.9,11657.6,"High","High","High","High","High","High"
"Ag00001aa115155_T001",TRUE,"Master Protein","Ag00001aa115155_T001",79,24,264,402,NA,1.461,0.000274657411508339,0.00467623861479483,89.4,130.6,4.33,4.11,3736.4,3357.6,3227.6,5836.5,6367.2,4451.9,6732,7103.8,6524.2,9832.6,10072.3,9291.3,"High","High","High","High","High","High"
"Ag00001aa010398_T002",TRUE,"Master Protein","Ag00001aa010398_T002",43,24,124,810,NA,1.025,0.999989409937076,1,57.8,59.3,15.08,7.72,64.6,48.7,68.6,74.2,75.4,51.4,116.4,103,138.7,125,119.3,107.3,"High","High","High","High","High","High"
"Ag00001aa010152_T001",TRUE,"Master Protein","Ag00001aa010152_T001",41,30,160,861,NA,2.878,0.187197926379446,0.47742882229622,29.9,86,23.96,7.78,2120.3,1471.2,1157.4,5470.9,5662.5,3802.8,3820.2,3112.7,2339.5,9216.6,8957.5,7936.6,"High","High","High","High","High","High"
"Ag00001aa008719_T001",TRUE,"Master Protein","Ag00001aa008719_T001",43,29,220,816,NA,0.288,0.051344123659545,0.186475473342818,279.8,80.7,13.77,9.72,13402.3,10907.4,14670.2,3841.3,4951.2,3337.6,24147.3,23077.1,29654,6471.3,7832.3,6965.7,"High","High","High","High","High","High"
"Ag00001aa004825_T001",TRUE,"Master Protein","Ag00001aa004825_T001",61,6,815,180,NA,0.838,0.673995962685714,1,41.5,34.8,7.12,11.38,966.9,715.7,828.1,832.8,931.3,564.8,1742.1,1514.2,1673.9,1403,1473.2,1178.8,"High","High","High","High","High","High"
"Ag00001aa088892_T001",TRUE,"Master Protein","Ag00001aa088892_T001",47,19,123,548,NA,1.05,0.966831949908033,1,56.7,59.5,6.24,5.31,1494.8,1245.3,1182.6,1719.5,1646.6,1326,2693.2,2634.7,2390.5,2896.8,2604.8,2767.4,"High","High","High","High","High","High"
"Ag00001aa102214_T001",TRUE,"Master Protein","Ag00001aa102214_T001",72,22,292,351,NA,2.772,2.50104919463645e-06,0.000476920068826836,69.2,191.8,9.57,8.11,5434.3,4625.1,4081.9,14109.8,17514.3,12998.2,9791.1,9785.5,8251.1,23770.3,27706,27127.9,"High","High","High","High","High","High"
"Ag00001aa058586_T001",TRUE,"Master Protein","Ag00001aa058586_T001",69,18,263,337,NA,0.902,0.999984090854899,1,31.8,28.7,19.81,1.99,25.1,15.7,24.5,23.5,25.8,19.7,45.2,33.2,49.5,39.6,40.8,41.1,"High","High","High","High","High","High"
"Ag00001aa113751_T001",TRUE,"Master Protein","Ag00001aa113751_T001",77,25,290,401,NA,1.238,0.41230736390284,0.840410323754754,47.8,59.2,7.13,12.79,230.8,210.7,191.2,375.2,325.5,242.3,415.8,445.8,386.5,632.1,514.9,505.7,"High","High","High","High","High","High"
"Ag00001aa085718_T001",TRUE,"Master Protein","Ag00001aa085718_T001",40,23,147,807,NA,1.196,0.020430660016258,0.0981765869162441,85.3,101.9,1.47,4.34,3347.4,2843.3,2905,3972.3,4546.5,3472.1,6031.1,6015.7,5872.1,6692,7192.1,7246.4,"High","High","High","High","High","High"
"Ag00001aa012289_T002",TRUE,"Master Protein","Ag00001aa012289_T002",61,22,197,476,NA,1.259,9.77872670254731e-05,0.00224336602196263,118.5,149.2,5.06,5.81,929.2,780.9,753.3,1220.5,1314.8,1093.5,1674.2,1652.2,1522.7,2056.1,2079.9,2282.2,"High","High","High","High","High","High"
"Ag00001aa085222_T002",TRUE,"Master Protein","Ag00001aa085222_T002",46,18,124,548,NA,0.988,0.998946450336366,1,96.8,95.7,15.65,4.99,153.8,132.2,103.5,163.1,173.1,120.4,277.1,279.7,209.2,274.8,273.8,251.3,"High","High","High","High","High","High"
"Ag00001aa042534_T001",TRUE,"Master Protein","Ag00001aa042534_T001",41,31,122,951,"Met-loss [N-Term]",0.664,0.00216511419468202,0.0193649763393773,125.8,83.5,11.69,4.27,3950.2,3988.7,3361.7,2781.3,3199.4,2264.4,7117.2,8439,6795.3,4685.6,5061.2,4725.9,"High","High","High","High","High","High"
"Ag00001aa003058_T003",TRUE,"Master Protein","Ag00001aa003058_T003",66,23,252,476,NA,1.335,0.00046773056700089,0.00681546170441824,105.3,140.6,7.08,4.58,7149.7,6650.9,6059.2,10171.2,10871.6,8895.1,12881.8,14071.5,12247.9,17135.1,17197.8,18564.5,"High","High","High","High","High","High"
"Ag00001aa029947_T001",TRUE,"Master Protein","Ag00001aa029947_T001",69,18,250,337,NA,1.287,0.910029902091341,1,65.5,84.3,6.01,7.79,1761.2,1663.1,1572.9,2527.2,2586.8,1751,3173.2,3518.7,3179.4,4257.5,4092.1,3654.4,"High","High","High","High","High","High"
"Ag00001aa050348_T001",TRUE,"Master Protein","Ag00001aa050348_T001",69,21,236,358,NA,0.85,0.626308973351643,1,110.3,93.8,1.53,4.33,3050,2550.5,2751.9,2922.6,2954,2165.6,5495.3,5396.2,5562.6,4923.6,4673,4519.7,"High","High","High","High","High","High"
"Ag00001aa040663_T001",TRUE,"Master Protein","Ag00001aa040663_T001",56,24,157,582,"Met-loss [N-Term]",1.325,0.000110902569356308,0.00241431597228649,92.4,122.4,6.51,4.44,540.9,465.9,432.4,766.6,814.8,667,974.6,985.7,874,1291.5,1288.9,1392.1,"High","High","High","High","High","High"
"Ag00001aa143632_T001",TRUE,"Master Protein","Ag00001aa143632_T001",73,15,227,319,NA,1.307,0.0143171596563961,0.0751351425737248,81.9,107,11.77,4.08,4228,4008.2,3311,6035.7,5937.2,4772,7617.7,8480.3,6692.8,10168.1,9392.1,9959.4,"High","High","High","High","High","High"
"Ag00001aa153409_T001",TRUE,"Master Protein","Ag00001aa153409_T001",29,33,118,1621,NA,NA,NA,NA,NA,NA,NA,NA,NA,NA,NA,NA,NA,NA,NA,NA,NA,NA,NA,NA,"Not Found","Not Found","Not Found","Not Found","Not Found","Not Found"
"Ag00001aa057358_T001",TRUE,"Master Protein","Ag00001aa057358_T001",62,22,129,534,"Met-loss [N-Term]",1.03,0.99999960914664,1,62.2,64,14.14,6.3,46.3,30.1,34.2,44.7,45,31.8,83.4,63.7,69.1,75.3,71.2,66.4,"High","High","High","High","High","High"
"Ag00001aa004820_T001",TRUE,"Master Protein","Ag00001aa004820_T001",56,6,636,196,NA,1.535,0.560320390012233,1,4.8,7.4,4.57,16.41,48.8,39.6,39.7,91.6,81.3,53.4,87.9,83.8,80.2,154.3,128.6,111.4,"High","High","High","High","High","High"
"Ag00001aa138044_T002",TRUE,"Master Protein","Ag00001aa138044_T002",45,6,918,184,NA,0.888,0.959859672570231,1,25.8,22.9,8.78,14.39,3271.1,2405.8,2967.9,3107.6,3508.5,2002.6,5893.6,5090,5999.2,5235.3,5550.1,4179.5,"High","Not Found","Not Found","High","Not Found","Not Found"
"Ag00001aa124931_T001",TRUE,"Master Protein","Ag00001aa124931_T001",39,35,135,960,NA,NA,NA,NA,NA,NA,NA,NA,NA,NA,NA,NA,NA,NA,NA,NA,NA,NA,NA,NA,"High","High","High","High","High","High"
"Ag00001aa101108_T001",TRUE,"Master Protein","Ag00001aa101108_T001",43,27,91,893,NA,0.856,0.0377970034810984,0.150783158991709,122.2,104.6,8.12,5.94,1942.2,1475.6,1813.3,1778.3,1937.2,1310.3,3499.3,3122,3665.4,2995.8,3064.5,2734.7,"High","High","High","High","High","High"
"Ag00001aa116653_T001",TRUE,"Master Protein","Ag00001aa116653_T001",44,27,91,890,NA,NA,NA,NA,NA,NA,NA,NA,NA,NA,NA,NA,NA,NA,NA,NA,NA,NA,NA,NA,"High","High","High","High","High","High"
"Ag00001aa056733_T001",TRUE,"Master Protein","Ag00001aa056733_T001",53,22,129,593,NA,1.09,0.375794061145983,0.787258502502694,73.3,79.9,6.32,2.31,1819.6,1671.7,1544.8,2121.7,2222.3,1762.9,3278.4,3536.9,3122.6,3574.4,3515.5,3679.3,"High","High","High","High","High","High"
"Ag00001aa122617_T002",TRUE,"Master Protein","Ag00001aa122617_T002",54,15,189,377,NA,0.708,0.000811880650877228,0.00975402580358347,166.3,117.8,16.2,3.94,1330.2,1122.1,1545.2,1007.3,1009.4,824.5,2396.7,2374.1,3123.4,1697,1596.8,1720.8,"High","High","High","High","High","High"
"Ag00001aa090110_T002",TRUE,"Master Protein","Ag00001aa090110_T002",38,32,125,864,NA,1.624,0.0281246598969883,0.122242777772541,76.1,123.7,13.59,14.16,118.9,80.4,84.7,174,175.8,106.4,214.2,170.1,171.2,293.1,278.1,222.1,"High","High","High","High","High","High"
"Ag00001aa006282_T003",TRUE,"Master Protein","Ag00001aa006282_T003",44,27,221,703,"Met-loss+Acetyl [N-Term]",0.176,0.0190522558752153,0.0934038607654529,238,41.9,26.57,26.26,3235.7,2796.1,4484.1,374.8,658.8,500.6,5829.8,5915.8,9064.1,631.4,1042.2,1044.8,"High","High","High","High","High","High"
"Ag00001aa015202_T001",TRUE,"Master Protein","Ag00001aa015202_T001",50,19,278,485,NA,1.538,0.112231241528445,0.333551298774969,102.1,157,10.97,6.33,8360.5,5712.4,6886.9,11594.3,13532.1,10591.2,15063.3,12085.9,13921,19532.5,21406.5,22104.3,"High","High","High","High","High","High"
"Ag00001aa129782_T003",TRUE,"Master Protein","Ag00001aa129782_T003",41,30,104,1052,NA,1.137,0.404798116350851,0.828718363079867,86.3,98.1,2.16,9.91,387.5,331.2,359.1,434.2,503.6,426.6,698.2,700.7,725.9,731.5,796.6,890.3,"High","High","High","High","High","High"
"Ag00001aa004824_T001",TRUE,"Master Protein","Ag00001aa004824_T001",34,4,974,204,NA,1.217,0.973561241634923,1,7.8,9.5,18.79,27.64,16.3,13.7,10.2,22.9,22.3,10.5,29.4,29,20.6,38.6,35.3,21.9,"High","High","High","High","High","High"
"Ag00001aa070037_T001",TRUE,"Master Protein","Ag00001aa070037_T001",56,16,179,377,NA,0.598,0.000343016638551408,0.00533567861083665,176.3,105.5,14.38,0.94,1745.6,1604.5,2042.7,1213.4,1268.5,972.8,3145.1,3394.7,4129.1,2044.2,2006.6,2030.3,"High","High","High","High","High","High"
"Ag00001aa012681_T002",TRUE,"Master Protein","Ag00001aa012681_T002",47,16,367,440,"Met-loss [N-Term]",2.289,0.0685906113627587,0.229721204502278,59.4,136,18.09,19.94,862.1,714.6,543.7,1830.7,2845.7,1658,1553.3,1511.9,1099,3084.1,4501.6,3460.3,"High","High","High","High","High","High"
"Ag00001aa134613_T001",TRUE,"Master Protein","Ag00001aa134613_T001",55,24,146,583,"Met-loss [N-Term]",1.42,2.19346047725111e-06,0.000454637599441369,77.5,110.1,6.59,2.94,3426.4,2949.9,2734.3,5161.8,5540.8,4397.8,6173.4,6241.2,5527,8695.9,8765,9178.4,"High","High","High","High","High","High"
"Ag00001aa119509_T001",TRUE,"Master Protein","Ag00001aa119509_T001",38,30,115,1082,NA,1.021,0.999999481699487,1,102.1,104.3,2.91,2.23,3148.7,2671.9,2945.1,3358.4,3661.6,2834.5,5673.1,5653,5953.2,5657.8,5792.3,5915.7,"High","High","High","High","High","High"
"Ag00001aa138047_T001",TRUE,"Master Protein","Ag00001aa138047_T001",42,5,877,197,NA,0.879,0.967460597832237,1,29.4,25.8,5.25,8.98,2333.1,1805.5,2064.8,2177,2500.5,1582.6,4203.6,3819.9,4173.7,3667.5,3955.6,3303,"High","High","High","High","High","High"
"Ag00001aa009933_T002",TRUE,"Master Protein","Ag00001aa009933_T002",51,19,124,530,NA,0.767,0.0012219702060362,0.0129108518754783,91.7,70.3,6.61,2.33,1949.6,1856.3,1734.9,1652.2,1682.7,1290.1,3512.6,3927.4,3506.9,2783.4,2661.9,2692.5,"High","High","High","High","High","High"
"Ag00001aa124559_T001",TRUE,"Master Protein","Ag00001aa124559_T001",42,26,208,703,"Met-loss+Acetyl [N-Term]",0.589,0.768347380514443,1,49.4,29.1,14.06,8.05,73.2,49.2,67.4,51.4,46.9,37.2,131.9,104.1,136.2,86.6,74.2,77.6,"High","High","High","High","High","High"
"Ag00001aa099401_T001",TRUE,"Master Protein","Ag00001aa099401_T001",56,15,176,377,NA,0.679,0.0079558054318567,0.0493132997388445,196.2,133.3,13.97,3.32,161.9,137,181.7,117.6,119.2,96.3,291.7,289.9,367.3,198.1,188.6,201,"High","High","High","High","High","High"
"Ag00001aa152722_T001",TRUE,"Master Protein","Ag00001aa152722_T001",50,19,273,485,NA,0.94,0.999974899112851,1,34.6,32.5,9.74,7.27,6.9,6.5,5.6,7.8,7.3,5.6,12.4,13.8,11.3,13.1,11.5,11.7,"High","High","High","High","High","High"
"Ag00001aa009503_T002",TRUE,"Master Protein","Ag00001aa009503_T002",56,14,164,350,NA,0.45,0.1597021369971,0.431105338331016,225.2,101.3,14.56,11.02,6557.3,5468.9,7373.7,2873.3,3806.4,2547,11814.5,11570.7,14905,4840.6,6021.4,5315.7,"High","High","High","High","High","High"
"Ag00001aa098030_T001",TRUE,"Master Protein","Ag00001aa098030_T001",93,15,193,253,NA,1.046,0.999998713389419,1,47.6,49.9,7.56,21.49,270.8,238.5,215.5,343,322.7,178.5,487.9,504.6,435.6,577.8,510.5,372.5,"High","High","High","High","High","High"
"Ag00001aa087830_T001",TRUE,"Master Protein","Ag00001aa087830_T001",65,21,132,481,NA,1.106,0.38195167620257,0.796499776202742,91.8,101.4,4.1,3.73,1977.1,1551.9,1711.4,2183.9,2417.6,1899.5,3562.2,3283.4,3459.4,3679.1,3824.4,3964.3,"High","High","High","High","High","High"
"Ag00001aa129298_T001",TRUE,"Master Protein","Ag00001aa129298_T001",56,15,176,377,NA,1.059,0.875934548144575,1,93.1,98.6,43.06,29.98,26.2,19,42.8,16.9,31.6,24.9,47.2,40.2,86.5,28.5,50,52,"High","High","High","High","High","High"
"Ag00001aa031315_T003",TRUE,"Master Protein","Ag00001aa031315_T003",50,21,117,593,NA,1.121,0.746155777618754,1,31.6,35.4,7.42,18.69,97,71.2,81.5,136.8,116.7,76.6,174.8,150.6,164.7,230.5,184.6,159.9,"High","High","High","High","High","High"
"Ag00001aa153325_T001",TRUE,"Master Protein","Ag00001aa153325_T001",37,26,104,1028,NA,0.792,0.415808101467276,0.845576844403385,57,45.1,14.37,26.8,13.2,8.6,11.6,12.4,7.6,8.9,23.8,18.2,23.4,20.9,12,18.6,"High","High","High","High","High","High"
"Ag00001aa050502_T001",TRUE,"Master Protein","Ag00001aa050502_T001",40,28,79,986,NA,0.991,0.999695978702034,1,128.2,127.1,10.88,7.22,1699.7,1296.5,1687.6,1777.8,2153.8,1454.5,3062.4,2743,3411.3,2995,3407.1,3035.6,"High","High","High","High","High","High"
"Ag00001aa070760_T001",TRUE,"Master Protein","Ag00001aa070760_T001",40,24,119,682,NA,1.619,0.211390572742784,0.521983392924169,50.4,81.7,10.28,1.84,1122.1,858.8,814.4,1794.4,1859.9,1398.7,2021.7,1817,1646.2,3023,2942.2,2919.2,"High","High","High","High","High","High"
"Ag00001aa026485_T001",TRUE,"Master Protein","Ag00001aa026485_T001",60,26,125,582,NA,1.747,0.000394740186521636,0.00596640905892817,88.6,154.9,7.48,10.95,2517.3,2318.5,2090,4165.2,5009.6,4190,4535.5,4905.3,4224.7,7017,7924.7,8744.7,"High","High","High","High","High","High"
"Ag00001aa041730_T001",TRUE,"Master Protein","Ag00001aa041730_T001",44,11,217,332,NA,0.879,0.408236015033092,0.833965859987039,132.4,116.4,11.3,4.69,10237.3,10633.7,9290.5,9449.9,11041.4,7908.9,18444.8,22498,18779.6,15919.9,17466.5,16506.3,"High","High","High","High","High","High"
"Ag00001aa046177_T001",TRUE,"Master Protein","Ag00001aa046177_T001",33,24,103,1039,NA,1.064,0.992984326568912,1,181.5,193,4.31,12.54,647.8,538.3,612.3,669.2,784.7,690.9,1167.2,1138.9,1237.7,1127.4,1241.3,1441.9,"High","High","High","High","High","High"
"Ag00001aa029372_T001",TRUE,"Master Protein","Ag00001aa029372_T001",62,18,185,325,NA,1.308,0.999837968982427,1,33.2,43.5,22.23,33.58,8.1,5.6,4.6,9.6,9.8,3.9,14.6,11.8,9.3,16.2,15.5,8.1,"High","High","High","High","High","High"
"Ag00001aa039501_T001",TRUE,"Master Protein","Ag00001aa039501_T001",56,24,128,585,NA,1.344,0.0105430503846069,0.0604241762364727,92.8,124.7,0.89,8.57,102.8,86.4,90.1,131.2,165.9,117.7,185.2,182.8,182.1,221,262.4,245.6,"High","High","High","High","High","High"
"Ag00001aa075954_T002",TRUE,"Master Protein","Ag00001aa075954_T002",56,25,173,511,NA,1.166,0.999811757044056,1,50.6,59,11.51,14.4,746.6,773.8,669.5,964.8,997.8,591.8,1345.2,1637.2,1353.3,1625.4,1578.4,1235.1,"High","High","High","High","High","High"
"Ag00001aa069821_T001",TRUE,"Master Protein","Ag00001aa069821_T001",44,11,199,332,NA,1.114,0.961791120881787,1,37.7,42,1.09,8.57,81.9,69.2,74,100.7,103.9,68.9,147.6,146.4,149.6,169.6,164.4,143.8,"High","High","High","High","High","High"
"Ag00001aa012115_T001",TRUE,"Master Protein","Ag00001aa012115_T001",56,13,186,324,NA,0.947,0.999694451859943,1,51.1,48.3,11.18,3.2,2172.8,2146.3,1812.5,2200.1,2270.5,1834.7,3914.8,4541,3663.7,3706.4,3591.7,3829.1,"High","High","High","High","High","High"
"Ag00001aa021850_T002",TRUE,"Master Protein","Ag00001aa021850_T002",48,18,114,530,NA,0.942,0.963880893227308,1,96.1,90.6,9.78,8.45,24.7,20.2,18.2,24.1,22,19.3,44.5,42.7,36.8,40.6,34.8,40.3,"High","High","High","High","High","High"
"Ag00001aa092307_T001",TRUE,"Master Protein","Ag00001aa092307_T001",66,13,136,290,"Met-loss+Acetyl [N-Term]",1.471,0.00302713834157942,0.02481133735476,72.2,106.2,13.91,11.21,2068.5,1894.8,1502.9,3253.8,3064.5,2909.9,3726.9,4008.9,3037.9,5481.6,4847.8,6073.1,"High","High","High","High","High","High"
"Ag00001aa116942_T002",TRUE,"Master Protein","Ag00001aa116942_T002",40,14,154,493,NA,1.881,0.0272740076557074,0.11965824525703,51.4,96.6,14.23,10.57,2183.2,1405.6,1646.2,3715.6,4518,2787.2,3933.5,2973.9,3327.6,6259.5,7147.1,5817,"High","High","High","High","High","High"
"Ag00001aa079185_T001",TRUE,"Master Protein","Ag00001aa079185_T001",43,29,121,810,NA,1.102,0.681708556893994,1,100.3,110.5,8.97,7.38,3159.2,3204.2,2993.7,3959.6,4048.6,3534.9,5692,6779.2,6051.4,6670.6,6404.5,7377.5,"High","High","High","High","High","High"
"Ag00001aa107984_T001",TRUE,"Master Protein","Ag00001aa107984_T001",50,19,181,414,NA,0.954,0.988526036372705,1,131.2,125.2,11.98,12.22,412.2,295.6,392.7,420.5,483.8,287.1,742.7,625.4,793.8,708.4,765.3,599.2,"High","High","High","High","High","High"
"Ag00001aa033715_T001",TRUE,"Master Protein","Ag00001aa033715_T001",60,24,121,412,NA,1.315,0.071749307455277,0.237827352594073,77.8,102.3,7.61,3.24,3067.9,2335,2373,3826,4322.9,3112.9,5527.5,4940.2,4796.7,6445.5,6838.4,6496.8,"High","High","High","High","High","High"
"Ag00001aa111393_T001",TRUE,"Master Protein","Ag00001aa111393_T001",42,30,84,876,"Met-loss [N-Term]",0.97,0.99999883728679,1,118.5,114.9,10.24,0.99,2354.5,2145.3,1829.8,2441.6,2633.4,1957.7,4242.2,4538.9,3698.7,4113.3,4165.8,4085.8,"High","High","High","High","High","High"
"Ag00001aa068250_T001",TRUE,"Master Protein","Ag00001aa068250_T001",49,11,130,340,NA,0.694,0.00476858916198641,0.0341026376432968,152.5,105.9,7.44,10.97,1091.5,1030.2,935.4,810.5,1017,630.4,1966.6,2179.6,1890.8,1365.4,1608.8,1315.7,"High","High","High","High","High","High"
"Ag00001aa126989_T001",TRUE,"Master Protein","Ag00001aa126989_T001",47,28,102,701,NA,1.35,0.506326815314267,0.970043633759695,67.4,90.9,9.33,1.94,1849.3,1385.2,1380,2347.7,2529.3,1845.6,3331.9,2930.7,2789.5,3955.1,4001.1,3851.9,"High","High","High","High","High","High"
"Ag00001aa035496_T001",TRUE,"Master Protein","Ag00001aa035496_T001",43,30,84,876,"Met-loss [N-Term]",NA,NA,NA,0,0,NA,NA,0,0,0,0,0,0,0,0,0,0,0,0,"High","High","High","High","High","High"
"Ag00001aa023040_T001",TRUE,"Master Protein","Ag00001aa023040_T001",59,25,140,576,NA,0.722,0.0332316045203755,0.137781966489419,77.4,55.8,14.97,8.58,632.8,409.3,561.3,497.9,517.7,341.5,1140.1,866,1134.6,838.8,819,712.7,"High","High","High","High","High","High"
"Ag00001aa061732_T001",TRUE,"Master Protein","Ag00001aa061732_T001",41,17,151,620,NA,1.893,0.00129868449980486,0.0135235665082344,65.3,123.7,5.89,5.55,2568.2,1963.4,2090.1,4330.7,5056.9,3872.7,4627.2,4154,4224.9,7295.8,7999.5,8082.5,"High","High","High","High","High","High"
"Ag00001aa003452_T001",TRUE,"Master Protein","Ag00001aa003452_T001",42,17,263,488,NA,2.433,0.117313254647911,0.345731792505887,53.4,129.8,24.18,22.99,834,683.8,462.4,2089.3,2990.1,1462.4,1502.6,1446.7,934.7,3519.8,4730.1,3052.1,"High","High","High","High","High","High"
"Ag00001aa008697_T002",TRUE,"Master Protein","Ag00001aa008697_T002",56,25,134,576,NA,0.697,0.0369354191451822,0.148907370549578,78.7,54.9,10.13,6.98,2474.6,1748.8,2181.4,1947.2,1943,1366.5,4458.5,3700,4409.4,3280.4,3073.6,2852,"High","High","High","High","High","High"
"Ag00001aa048344_T001",TRUE,"Master Protein","Ag00001aa048344_T001",30,20,75,842,NA,100,NA,NA,0,10,NA,NA,0,0,0,2.5,0,0,0,0,0,4.2,0,0,"Not Found","Not Found","Not Found","High","Not Found","Not Found"
"Ag00001aa107827_T001",TRUE,"Master Protein","Ag00001aa107827_T001",43,28,70,807,NA,0.837,0.533290384650452,1,141.2,118.2,7.78,5.91,2708.6,2395,2153.1,2556.8,2583.1,1833.5,4880.2,5067.2,4352.2,4307.4,4086.2,3826.6,"High","High","High","High","High","High"
"Ag00001aa066636_T001",TRUE,"Master Protein","Ag00001aa066636_T001",54,20,136,435,NA,1.332,0.0432820999524173,0.166371897188489,53.6,71.4,8.87,6.54,227.6,178.1,169.8,302.5,317.4,216.1,410.1,376.8,343.2,509.6,502.1,451,"High","High","High","High","High","High"
"Ag00001aa091612_T001",TRUE,"Master Protein","Ag00001aa091612_T001",50,19,172,414,NA,0.983,0.99999951272667,1,119.5,117.4,11.22,4.99,5876.4,4507.4,5900.5,6145.9,6576,5414.3,10587.7,9536.4,11927.1,10353.8,10402.6,11299.9,"High","High","High","High","High","High"
"Ag00001aa032373_T001",TRUE,"Master Protein","Ag00001aa032373_T001",56,18,114,480,NA,1.237,0.159961964304419,0.431562352140366,115,142.3,9.14,8.68,362.3,263.5,277.6,360.7,438.9,344.5,652.8,557.5,561.1,607.7,694.3,719,"High","High","High","High","High","High"
"Ag00001aa091875_T001",TRUE,"Master Protein","Ag00001aa091875_T001",30,23,140,803,NA,3.101,0.165180876280524,0.436535972021095,39.6,122.7,29.44,1.31,357,233,173.8,907.5,975.1,720.3,643.2,493,351.3,1528.8,1542.5,1503.3,"High","High","High","High","High","High"
"Ag00001aa059249_T001",TRUE,"Master Protein","Ag00001aa059249_T001",59,19,192,326,NA,1.155,0.426845515299835,0.863032462692923,161.1,186.1,10.51,6.46,278.2,224.6,201.5,343.6,347,243.7,501.2,475.2,407.3,578.9,548.9,508.6,"High","High","High","High","High","High"
"Ag00001aa063744_T001",TRUE,"Master Protein","Ag00001aa063744_T001",76,12,129,236,NA,1.245,0.128683127493382,0.370949655855603,88.9,110.7,8.33,2.47,3359.5,3095.2,2741.1,4471.7,4666,3714.2,6052.9,6548.6,5540.8,7533.3,7381.2,7751.7,"High","High","High","High","High","High"
"Ag00001aa033757_T001",TRUE,"Master Protein","Ag00001aa033757_T001",31,20,77,842,NA,100,NA,NA,0,4.4,NA,60.87,0,0,0,5.6,0,1.8,0,0,0,9.4,0,3.8,"Not Found","Not Found","Not Found","High","Not Found","High"
"Ag00001aa040350_T001",TRUE,"Master Protein","Ag00001aa040350_T001",34,23,79,984,NA,2.268,0.242476833581684,0.578430524945259,39.4,89.4,32.71,11.27,209.7,131.6,95.4,374.8,433,261.7,377.8,278.4,192.8,631.4,685,546.2,"High","High","High","High","High","High"
"Ag00001aa071199_T001",TRUE,"Master Protein","Ag00001aa071199_T001",36,25,83,985,NA,2.316,0.292996020326756,0.658207903509293,40.7,94.3,19.66,13.6,880,561.2,550,1632,1744,1031.4,1585.5,1187.3,1111.8,2749.4,2758.8,2152.6,"High","High","High","High","High","High"
"Ag00001aa033758_T001",TRUE,"Master Protein","Ag00001aa033758_T001",39,24,80,842,NA,1.075,0.957082306939092,1,109.3,117.5,3.34,1.74,1686.1,1425.1,1584.9,1958.8,2063.8,1528,3037.9,3015.1,3203.7,3299.9,3264.7,3189,"High","High","High","High","High","High"
"Ag00001aa151108_T001",TRUE,"Master Protein","Ag00001aa151108_T001",31,25,129,833,NA,3.154,0.132547479673806,0.378730561410016,35.3,111.4,32.02,5.17,395.1,262.3,180.2,960.5,1129.8,838.7,711.9,555,364.3,1618.1,1787.2,1750.4,"High","High","High","High","High","High"
"Ag00001aa029524_T001",TRUE,"Master Protein","Ag00001aa029524_T001",37,27,70,986,NA,1.139,0.982292345867939,1,32.3,36.8,19.93,12.7,11.4,7.1,7.2,12.5,10.7,8.2,20.5,15,14.6,21.1,16.9,17.1,"High","High","High","High","High","High"
"Ag00001aa005816_T001",TRUE,"Master Protein","Ag00001aa005816_T001",67,16,202,261,NA,0.655,5.62529052707816e-05,0.00160196445643292,145.1,95,1.16,5.56,8777.5,7648.2,7935.4,6833.1,6639.5,5002.2,15814.6,16181.5,16040.4,11511.5,10503.1,10439.8,"High","High","High","High","High","High"
"Ag00001aa075749_T002",TRUE,"Master Protein","Ag00001aa075749_T002",54,14,181,379,NA,1.745,0.0412241010718545,0.160861725869172,40.9,71.4,1.71,6.1,2013.8,1665.4,1742.4,3879.3,3886.2,2771.8,3628.3,3523.5,3522,6535.3,6147.6,5784.9,"High","High","High","High","High","High"
"Ag00001aa134621_T001",TRUE,"Master Protein","Ag00001aa134621_T001",41,20,79,744,NA,0.735,0.00668510347745688,0.0442628129135173,130.8,96.1,11.91,1.84,1551.4,1627.9,1408.5,1210.6,1336.5,1002.4,2795.2,3444.2,2847.1,2039.5,2114.2,2092.1,"High","High","High","High","High","High"
"Ag00001aa071072_T001",TRUE,"Master Protein","Ag00001aa071072_T001",42,12,176,379,NA,1.848,0.00708549271255821,0.0456688911432502,46.4,85.7,1.41,5.59,565.7,480.5,491.4,1211.3,1161.8,900.3,1019.2,1016.6,993.3,2040.6,1837.9,1879,"High","High","High","High","High","High"
"Ag00001aa115352_T001",TRUE,"Master Protein","Ag00001aa115352_T001",48,17,157,410,NA,0.774,0.00179396269415211,0.0168151375453439,125,96.7,11.14,4.46,1169.7,887.9,1162.1,968.6,976.3,808.7,2107.5,1878.6,2349,1631.8,1544.4,1687.8,"High","High","High","High","High","High"
"Ag00001aa051010_T003",TRUE,"Master Protein","Ag00001aa051010_T003",38,10,137,342,NA,0.938,0.985198391255787,1,140.4,131.7,0.78,3.1,1836,1541.8,1634.8,1746.6,1966.6,1485.9,3308,3262,3304.5,2942.4,3111,3101.1,"High","High","High","High","High","High"
"Ag00001aa153229_T001",TRUE,"Master Protein","Ag00001aa153229_T001",44,15,75,504,"Met-loss+Acetyl [N-Term]",1.194,0.0140007198869115,0.0739176596698702,82.7,98.7,6.33,4.31,815.7,612.5,696.4,993.6,1141.4,805.2,1469.7,1295.9,1407.7,1673.9,1805.6,1680.5,"High","High","High","High","High","High"
"Ag00001aa037264_T001",TRUE,"Master Protein","Ag00001aa037264_T001",63,12,133,340,NA,0.842,0.12363359442777,0.360304481816888,106.2,89.5,17.95,1.51,3096.6,3544,2748.1,2764.9,3032.5,2252.1,5579.2,7498.1,5554.9,4657.9,4797.1,4700.2,"High","High","High","High","High","High"
"Ag00001aa126038_T001",TRUE,"Master Protein","Ag00001aa126038_T001",56,26,77,602,NA,0.589,0.00256043196318245,0.021815369944311,185.1,109.1,18.98,9.9,217.1,271.8,254.3,165,191.5,162.1,391.2,575.1,514,278,302.9,338.3,"High","High","High","High","High","High"
"Ag00001aa109584_T001",TRUE,"Master Protein","Ag00001aa109584_T001",58,14,172,359,NA,0.945,0.999343506236542,1,94.8,89.6,8.1,8.61,3917.1,2889.7,3064.8,3140.2,3974.6,2805.4,7057.5,6113.8,6195.1,5290.2,6287.4,5855,"High","High","High","High","High","High"
"Ag00001aa092548_T001",TRUE,"Master Protein","Ag00001aa092548_T001",49,12,152,359,NA,0.719,0.693924257637131,1,58.6,42.1,12.44,5.11,119.6,88.8,119.4,99.7,96.8,74.2,215.5,187.9,241.4,168,153.1,154.9,"High","High","High","High","High","High"
"Ag00001aa021310_T001",TRUE,"Master Protein","Ag00001aa021310_T001",30,24,101,991,NA,1.108,0.432892255404231,0.871267398447627,93.5,103.7,7.9,3.01,1049.2,978.8,876.1,1243.6,1310.8,1050.9,1890.4,2070.9,1770.9,2095.1,2073.6,2193.3,"High","High","High","High","High","High"
"Ag00001aa017334_T001",TRUE,"Master Protein","Ag00001aa017334_T001",56,22,109,412,NA,0.93,0.861419758768786,1,40.3,37.5,9.06,13.1,30.8,28.6,32.9,33.4,38.8,22.6,55.5,60.5,66.5,56.3,61.4,47.2,"High","High","High","High","High","High"
"Ag00001aa070296_T002",TRUE,"Master Protein","Ag00001aa070296_T002",51,12,156,364,NA,0.592,0.370030938806358,0.78025985999543,230.7,136.6,18.84,3.82,709.6,871.6,875.4,589.6,662.4,512.8,1278.5,1844.1,1769.5,993.3,1047.9,1070.2,"High","High","High","High","High","High"
"Ag00001aa045096_T002",TRUE,"Master Protein","Ag00001aa045096_T002",50,23,157,514,NA,1.228,0.618018671857532,1,22.8,28,4.67,14.8,76,68.6,65.5,107.3,106.3,64.5,136.9,145.1,132.4,180.8,168.2,134.6,"High","High","High","High","High","High"
"Ag00001aa101520_T001",TRUE,"Master Protein","Ag00001aa101520_T001",60,27,74,602,NA,0.616,0.000264841461566467,0.00457488353129619,177.5,109.3,12.76,9.63,1276.3,1402.7,1361.7,976.6,1240,811.9,2299.5,2967.7,2752.5,1645.2,1961.6,1694.5,"High","High","High","High","High","High"
"Ag00001aa136159_T001",TRUE,"Master Protein","Ag00001aa136159_T001",35,22,78,841,NA,NA,NA,NA,NA,NA,NA,NA,NA,NA,NA,NA,NA,NA,NA,NA,NA,NA,NA,NA,"High","High","High","High","High","High"
"Ag00001aa075698_T002",TRUE,"Master Protein","Ag00001aa075698_T002",35,13,111,560,NA,0.926,0.998877431275207,1,126.7,117.4,3.18,4.93,2596.8,2097.7,2326.9,2435.8,2739.8,2170.2,4678.7,4438.2,4703.5,4103.5,4334.1,4529.3,"High","High","High","High","High","High"
"Ag00001aa001578_T001",TRUE,"Master Protein","Ag00001aa001578_T001",53,20,120,435,NA,1.175,0.0647809839872997,0.220809314217257,80.3,94.3,11.03,6.41,2344.6,2063.6,1747.8,2945.5,3038.3,2602,4224.3,4366,3533,4962.2,4806.3,5430.5,"High","High","High","High","High","High"
"Ag00001aa068256_T001",TRUE,"Master Protein","Ag00001aa068256_T001",38,17,100,525,"Met-loss [N-Term]",1.838,4.61359072234657e-05,0.00140111120572971,82,150.8,5.57,4.06,1976.6,1779.4,1666.1,3808.1,4383.2,3137.1,3561.3,3764.7,3367.8,6415.4,6933.8,6547.3,"High","High","High","High","High","High"
"Ag00001aa121537_T004",TRUE,"Master Protein","Ag00001aa121537_T004",38,30,73,956,NA,0.747,0.630989638514758,1,200.1,149.4,3.05,3.02,1777,1459.1,1623,1471.9,1511.3,1119.2,3201.7,3087.1,3280.7,2479.7,2390.7,2335.8,"High","High","High","High","High","High"
"Ag00001aa078269_T001",TRUE,"Master Protein","Ag00001aa078269_T001",42,13,118,446,NA,0.206,0.000538258607029052,0.00737186536102783,277.8,57.1,24.83,10.47,527.4,326.5,569.9,116,135.8,83.4,950.2,690.8,1152,195.4,214.8,174.1,"High","High","High","High","High","High"
"Ag00001aa083008_T002",TRUE,"Master Protein","Ag00001aa083008_T002",43,16,92,498,"Met-loss [N-Term]",0.949,0.693182747539813,1,66.1,62.7,7.52,6.6,203.9,201.8,195.5,222.7,212.2,181.6,367.4,427,395.2,375.2,335.7,379,"High","High","High","High","High","High"
"Ag00001aa071342_T001",TRUE,"Master Protein","Ag00001aa071342_T001",44,14,121,445,NA,0.728,0.171845181735548,0.449932937306536,108.7,79.1,19.23,18.96,20.3,11.9,14.3,12.5,13.3,7.1,36.6,25.2,28.9,21.1,21,14.8,"High","High","High","High","High","High"
"Ag00001aa027649_T002",TRUE,"Master Protein","Ag00001aa027649_T002",56,16,154,377,NA,0.581,0.00017874689952635,0.00341121785196963,195.6,113.6,12.39,3.54,5154,4908.7,5878.3,3738.1,3813.3,2813.9,9286.1,10385.5,11882.3,6297.5,6032.3,5872.7,"High","High","High","High","High","High"
"Ag00001aa116525_T001",TRUE,"Master Protein","Ag00001aa116525_T001",44,14,114,446,NA,0.209,0.000137789725172199,0.00280474456806537,272.2,56.9,22.37,7.36,2029.2,1385.5,2272.7,453.4,536.3,353.7,3656.1,2931.3,4594,763.8,848.4,738.2,"High","High","High","High","High","High"
"Ag00001aa035348_T001",TRUE,"Master Protein","Ag00001aa035348_T001",61,15,178,256,NA,0.623,0.000156678664074317,0.00313042132177319,173.7,108.2,5.98,2.6,4629.1,4180.2,4650.5,3338.5,3375.7,2638.4,8340.4,8844.2,9400.4,5624.3,5340,5506.5,"High","High","High","High","High","High"
"Ag00001aa108291_T001",TRUE,"Master Protein","Ag00001aa108291_T001",44,14,109,446,NA,0.271,7.07451754893285e-05,0.00183459295327791,255.4,69.2,22.23,6.8,5703.3,4008.1,6514.7,1652.9,1811.9,1204.1,10275.8,8480.1,13168.7,2784.6,2866.3,2513,"High","High","High","High","High","High"
"Ag00001aa041237_T001",TRUE,"Master Protein","Ag00001aa041237_T001",51,12,148,364,NA,0.665,0.145678701521515,0.404944318305169,170.4,113.4,16.62,5.69,3682,4362.6,3806.2,2787.6,3235.6,2511,6634,9230.1,7693.8,4696.2,5118.4,5240.6,"High","High","High","High","High","High"
"Ag00001aa097340_T002",TRUE,"Master Protein","Ag00001aa097340_T002",40,20,93,608,NA,0.846,0.99815945629424,1,207.7,175.7,12.19,7.89,231.5,158.1,205.9,209,218.6,191,417.1,334.5,416.2,352.1,345.8,398.6,"High","High","High","High","High","High"
"Ag00001aa094570_T001",TRUE,"Master Protein","Ag00001aa094570_T001",40,20,92,608,NA,0.839,0.946950376201034,1,147.1,123.4,8.66,3.12,3334.1,2443.5,2994.9,2991.4,3346.3,2395.4,6007.1,5169.8,6053.8,5039.5,5293.5,4999.3,"High","High","High","High","High","High"
"Ag00001aa074424_T001",TRUE,"Master Protein","Ag00001aa074424_T001",55,26,155,512,NA,1.154,0.937520049048963,1,29.6,34.1,7.53,10.78,11.6,10.5,12,15.9,16.2,10.4,20.9,22.2,24.3,26.8,25.6,21.7,"High","High","High","High","High","High"
"Ag00001aa076340_T001",TRUE,"Master Protein","Ag00001aa076340_T001",58,11,118,257,NA,1.045,0.999380368212928,1,26.4,27.6,3.96,6.29,836.1,657.8,715.7,984.3,955.5,706.2,1506.4,1391.7,1446.7,1658.2,1511.5,1473.9,"High","High","High","High","High","High"
"Ag00001aa129983_T001",TRUE,"Master Protein","Ag00001aa129983_T001",39,22,69,780,NA,0.98,0.999934762418986,1,78.3,76.7,2.68,6.77,65.9,59.2,60.2,66.7,75.4,61.6,118.7,125.3,121.7,112.4,119.3,128.6,"High","High","High","High","High","High"
"Ag00001aa039910_T001",TRUE,"Master Protein","Ag00001aa039910_T001",43,19,78,593,NA,0.652,0.225856312557738,0.549842821583724,205.5,134,10.56,28.9,23,16.1,20.2,15.8,20.5,8.5,41.4,34.1,40.8,26.6,32.4,17.7,"High","High","High","High","High","High"
"Ag00001aa083002_T003",TRUE,"Master Protein","Ag00001aa083002_T003",48,16,85,498,"Met-loss [N-Term]",1.142,0.536093940227352,1,36.6,41.8,1.94,21.3,79.7,65.3,69.5,134.4,101.4,75.9,143.6,138.2,140.5,226.4,160.4,158.4,"High","High","High","High","High","High"
"Ag00001aa071644_T002",TRUE,"Master Protein","Ag00001aa071644_T002",44,20,77,593,NA,0.968,0.996496071120335,1,37.6,36.4,3.82,19.12,76.1,60.1,66.2,87.4,81.9,47.8,137.1,127.2,133.8,147.2,129.6,99.8,"High","High","High","High","High","High"
"Ag00001aa027823_T002",TRUE,"Master Protein","Ag00001aa027823_T002",38,22,93,636,NA,1.156,0.905183887768335,1,46.9,54.2,31.05,33.69,3.7,4.7,6.3,8.7,5.7,0,6.7,9.9,12.7,14.7,9,0,"High","High","High","High","High","Not Found"
"Ag00001aa121107_T001",TRUE,"Master Protein","Ag00001aa121107_T001",54,22,65,590,NA,4.611,0.0001089200390334,0.00239062435580122,29.3,135,5.5,10.75,400.6,309.9,325.8,1802.6,1583.7,1456.2,721.8,655.7,658.6,3036.8,2505.3,3039.2,"High","High","High","High","High","High"
"Ag00001aa128017_T001",TRUE,"Master Protein","Ag00001aa128017_T001",60,10,111,238,NA,1.16,0.173153646156157,0.452603389601727,22.8,26.5,11.36,20.63,28.3,24.6,20.8,46.6,37.4,25.6,51,52,42,78.5,59.2,53.4,"High","High","High","High","High","High"
"Ag00001aa117362_T001",TRUE,"Master Protein","Ag00001aa117362_T001",36,17,99,625,NA,0.85,0.99969636629011,1,36.5,31,14.24,41.43,184.8,132.2,184.5,324.1,179,133.6,333,279.7,372.9,546,283.2,278.8,"High","High","High","High","High","High"
"Ag00001aa120192_T001",TRUE,"Master Protein","Ag00001aa120192_T001",52,26,154,512,NA,1.247,0.308317437029206,0.684746236704292,77.6,96.7,13.83,0.97,3481.3,3660.3,2987.5,4641.7,4969.7,3696.3,6272.3,7744.2,6038.9,7819.7,7861.6,7714.4,"High","High","High","High","High","High"
"Ag00001aa115687_T001",TRUE,"Master Protein","Ag00001aa115687_T001",87,14,131,167,NA,1.114,0.706319436862231,1,102.3,113.9,7.91,0.98,3993,3772.1,3387.2,4758.4,5010.9,3873,7194.3,7980.7,6846.8,8016.3,7926.8,8083.1,"High","High","High","High","High","High"
"Ag00001aa014875_T002",TRUE,"Master Protein","Ag00001aa014875_T002",65,15,129,266,"Met-loss [N-Term]",1.241,0.00516923049219198,0.0363677030731665,104.2,129.2,3.24,5.16,1320.8,1196,1237.9,1790.2,1962.4,1596.1,2379.7,2530.4,2502.3,3015.9,3104.3,3331.1,"High","High","High","High","High","High"
"Ag00001aa068706_T005",TRUE,"Master Protein","Ag00001aa068706_T005",34,18,66,947,NA,0.997,0.999999968929409,1,32.7,32.6,7.34,5.27,306.6,226.6,247.8,316.1,315.6,230,552.4,479.4,500.9,532.5,499.2,480,"High","High","High","High","High","High"
"Ag00001aa055626_T002",TRUE,"Master Protein","Ag00001aa055626_T002",42,11,123,342,NA,0.976,0.996976816223083,1,123.5,120.6,3.41,5.93,3541,2929.2,3281,3350,3982.4,2983.1,6379.9,6197.4,6632.1,5643.6,6299.8,6225.9,"High","High","High","High","High","High"
"Ag00001aa104120_T004",TRUE,"Master Protein","Ag00001aa104120_T004",28,16,69,947,NA,0.933,0.968907071092406,1,41.9,39.1,16.19,8.9,45.8,38.1,52.8,45.7,52.2,33.1,82.5,80.6,106.7,77,82.6,69.1,"High","High","High","High","High","High"
"Ag00001aa105291_T002",TRUE,"Master Protein","Ag00001aa105291_T002",61,13,135,257,NA,1.045,0.999674209878842,1,51.5,53.8,12.1,8.29,38.7,33.5,42.6,47.4,46.8,32.4,69.7,70.9,86.1,79.9,74,67.6,"High","High","High","High","High","High"
"Ag00001aa026861_T002",TRUE,"Master Protein","Ag00001aa026861_T002",44,20,76,593,NA,0.826,0.886277462043461,1,117.8,97.2,9.73,2.3,1547.7,1131.8,1429.8,1334.8,1455.3,1128.1,2788.5,2394.6,2890.2,2248.7,2302.1,2354.4,"High","High","High","High","High","High"
"Ag00001aa084722_T001",TRUE,"Master Protein","Ag00001aa084722_T001",65,15,120,266,"Met-loss [N-Term]",1.211,0.981187470124214,1,16.9,20.5,16.36,41.9,3.4,3.1,4.1,6.4,3.7,0,6.1,6.6,8.3,10.8,5.9,0,"High","High","High","High","High","High"
"Ag00001aa023125_T001",TRUE,"Master Protein","Ag00001aa023125_T001",35,27,68,980,NA,2.146,0.000836792521933694,0.0099629303460597,48.6,104.3,9.06,1.41,543.2,401.9,411,1083.1,1150.7,894.7,978.7,850.3,830.8,1824.7,1820.3,1867.3,"High","High","High","High","High","High"
"Ag00001aa091784_T001",TRUE,"Master Protein","Ag00001aa091784_T001",36,25,63,808,NA,0.737,0.360868419635899,0.7681424942348,92.9,68.5,10.76,39.48,25.6,20.3,18.4,23.4,20,8,46.1,42.9,37.2,39.4,31.6,16.7,"High","High","High","High","High","High"
"Ag00001aa142358_T001",TRUE,"Master Protein","Ag00001aa142358_T001",50,18,120,434,NA,NA,NA,NA,NA,NA,NA,NA,NA,NA,NA,NA,NA,NA,NA,NA,NA,NA,NA,NA,"Not Found","Not Found","Not Found","Not Found","Not Found","Not Found"
"Ag00001aa094962_T001",TRUE,"Master Protein","Ag00001aa094962_T001",81,17,203,309,NA,1.184,0.954785800287404,1,36.9,43.7,5.67,2.52,2596.9,2056.2,2072,3076,3126,2467.3,4678.9,4350.4,4188.3,5182,4945,5149.4,"High","High","High","High","High","High"
"Ag00001aa009839_T002",TRUE,"Master Protein","Ag00001aa009839_T002",54,24,141,482,NA,0.882,0.369326912416962,0.779975488909148,71.9,63.4,0.54,2.73,2301.4,1978.7,2052.4,2217.6,2313.3,1695.6,4146.5,4186.4,4148.7,3735.9,3659.4,3538.8,"High","High","High","High","High","High"
"Ag00001aa004568_T002",TRUE,"Master Protein","Ag00001aa004568_T002",75,11,125,250,NA,1.215,0.564917610797927,1,83.5,101.5,11.52,1.19,1713.9,1237.1,1232,1888.2,2027.8,1501.3,3088,2617.4,2490.3,3181,3207.8,3133.3,"High","High","High","High","High","High"
"Ag00001aa074187_T001",TRUE,"Master Protein","Ag00001aa074187_T001",56,16,157,377,NA,0.536,0.0711048716954571,0.236052328932161,141.8,76,23.91,7.35,69.2,75.9,100.1,55.6,54.4,38.8,124.7,160.6,202.3,93.7,86.1,81,"High","High","High","High","High","High"
"Ag00001aa083910_T002",TRUE,"Master Protein","Ag00001aa083910_T002",60,13,134,260,NA,0.867,0.0178354690305652,0.0889691120184975,96.6,83.7,4.9,6.14,890.7,692.4,737.2,795.7,750.6,618.9,1604.8,1464.9,1490.2,1340.5,1187.4,1291.7,"High","High","High","High","High","High"
"Ag00001aa141556_T001",TRUE,"Master Protein","Ag00001aa141556_T001",51,11,113,340,NA,0.73,0.265549005060488,0.615477480167986,101,73.8,21.52,13.53,58.2,76.6,65.3,67.6,55.3,46.2,104.9,162.1,132,113.9,87.5,96.4,"High","High","High","High","High","High"
"Ag00001aa103966_T001",TRUE,"Master Protein","Ag00001aa103966_T001",47,17,186,447,NA,1.243,0.216284580224062,0.53115178798895,111.3,138.4,14.51,2.97,2189.5,1529,2143.5,2911.6,3198.1,2284.5,3944.9,3234.9,4332.8,4905.1,5059.1,4767.9,"High","High","High","High","High","High"
"Ag00001aa044445_T001",TRUE,"Master Protein","Ag00001aa044445_T001",31,22,68,921,NA,1.138,0.8457987286852,1,95,108.1,10.39,1.89,1806.7,1248.8,1488.9,2033.5,2099.1,1646.9,3255.2,2642.1,3009.6,3425.8,3320.6,3437.2,"High","High","High","High","High","High"
"Ag00001aa141567_T001",TRUE,"Master Protein","Ag00001aa141567_T001",32,21,77,842,NA,0.829,0.565650760040784,1,204.4,169.4,8.85,6.15,517.6,384.9,478.4,499.9,488.7,358.8,932.6,814.3,967,842.2,773.1,748.8,"High","High","High","High","High","High"
"Ag00001aa097635_T001",TRUE,"Master Protein","Ag00001aa097635_T001",49,18,83,525,NA,0.971,0.973439457306125,1,137.2,133.2,10.87,3.65,3261,2542.7,3298.3,3227,3693.6,2733.1,5875.4,5379.7,6667.1,5436.4,5842.9,5704.1,"High","High","High","High","High","High"
"Ag00001aa019475_T001",TRUE,"Master Protein","Ag00001aa019475_T001",62,13,137,250,NA,1.256,0.0120618668727014,0.0665317767052967,94.8,119.1,7.94,2.7,4119.6,3922.6,3531.8,5688.4,5895.2,4350.3,7422.4,8299.2,7139.1,9583.1,9325.7,9079.3,"High","High","High","High","High","High"
"Ag00001aa093774_T001",TRUE,"Master Protein","Ag00001aa093774_T001",53,13,154,359,NA,1.008,0.999999999998662,1,49.1,49.5,13.61,6.05,35,26.7,23.7,33.8,36.7,24.8,63.1,56.5,47.9,56.9,58.1,51.8,"High","High","High","High","High","High"
"Ag00001aa100873_T001",TRUE,"Master Protein","Ag00001aa100873_T001",47,19,83,526,NA,1.812,0.0752408762552327,0.247578098972714,56.9,103.1,14.76,4.31,42.5,45.6,36.8,81.2,87.7,71,76.6,96.5,74.4,136.8,138.7,148.2,"High","High","High","High","High","High"
"Ag00001aa033257_T001",TRUE,"Master Protein","Ag00001aa033257_T001",35,13,92,593,NA,1.799,0.0139826699953126,0.0739176596698702,49.7,89.3,12.91,15.22,152.8,104.7,109.8,261,204.5,191.3,275.3,221.5,221.9,439.7,323.5,399.3,"High","High","High","High","High","High"
"Ag00001aa051710_T003",TRUE,"Master Protein","Ag00001aa051710_T003",64,13,176,356,"Met-loss+Acetyl [N-Term]",0.773,0.112740457519228,0.334780309633526,92.3,71.3,12.67,1.75,3564.5,2354.8,2799.2,2595.5,2740.9,2148.5,6422.2,4982.1,5658.2,4372.6,4335.8,4484,"High","High","High","High","High","High"
"Ag00001aa088075_T001",TRUE,"Master Protein","Ag00001aa088075_T001",34,14,91,606,NA,1.612,5.01400278933861e-05,0.00146283684806212,97.2,156.6,4.04,4.26,647.6,593.7,617.6,1194.5,1184.7,970.5,1166.8,1256.1,1248.4,2012.3,1874.1,2025.5,"High","High","High","High","High","High"
"Ag00001aa092935_T004",TRUE,"Master Protein","Ag00001aa092935_T004",58,16,152,334,NA,0.498,0.349355993393805,0.749999951232526,222,110.6,10.26,14.28,2332,2425.4,2434.7,1455,1885.7,1091.8,4201.6,5131.5,4921.4,2451.2,2983,2278.6,"High","High","High","High","High","High"
"Ag00001aa039710_T001",TRUE,"Master Protein","Ag00001aa039710_T001",45,13,139,377,NA,0.746,0.00730602514655043,0.0468513358604186,140.6,104.9,17.68,3.96,649.8,489.6,721.7,532.9,552.3,397.7,1170.8,1035.9,1458.8,897.8,873.7,830,"High","High","High","High","High","High"
"Ag00001aa151642_T001",TRUE,"Master Protein","Ag00001aa151642_T001",47,17,172,447,NA,1.186,0.409300093828201,0.835566721179256,149.1,176.8,17.47,9.69,930.1,617.1,919.7,1179.7,1370.2,854.9,1675.8,1305.6,1859.1,1987.4,2167.5,1784.2,"High","High","High","High","High","High"
"Ag00001aa024803_T002",TRUE,"Master Protein","Ag00001aa024803_T002",47,18,242,488,NA,2.773,0.0729295680154066,0.241303329152586,47.3,131.3,31.41,16.33,5438.6,4659.1,2623.4,16130.6,21957.9,12406.4,9798.9,9857.4,5302.9,27174.7,34735.3,25892.8,"High","High","High","High","High","High"
"Ag00001aa034945_T001",TRUE,"Master Protein","Ag00001aa034945_T001",49,9,69,304,NA,0.688,0.00151993360655234,0.0150609215632764,128.5,88.5,6.41,1.87,2050.4,1955.3,1843.5,1553.8,1594,1229,3694.3,4136.9,3726.4,2617.6,2521.6,2565,"High","High","High","High","High","High"
"Ag00001aa126910_T003",TRUE,"Master Protein","Ag00001aa126910_T003",50,13,74,350,NA,1.605,0.00723129215641927,0.046465398144783,37,59.4,1.21,6.71,745.1,636.2,651.3,1279,1309.3,1129.6,1342.5,1346,1316.5,2154.7,2071.2,2357.5,"High","High","High","High","High","High"
"Ag00001aa126962_T002",TRUE,"Master Protein","Ag00001aa126962_T002",60,12,205,228,NA,1.256,0.946870613066825,1,137.6,172.9,15.92,4.47,35.6,24.4,23.5,38.5,38.2,31.5,64.1,51.6,47.5,64.9,60.4,65.7,"High","High","High","High","High","High"
"Ag00001aa121652_T002",TRUE,"Master Protein","Ag00001aa121652_T002",73,15,83,325,NA,1.101,0.403813454987062,0.827351916609921,78.5,86.4,5.04,2.43,1833.6,1695.3,1622.4,2146.5,2300.2,1811.5,3303.6,3586.8,3279.5,3616.1,3638.7,3780.7,"High","High","High","High","High","High"
"Ag00001aa090727_T001",TRUE,"Master Protein","Ag00001aa090727_T001",47,17,159,447,NA,1.196,0.506445595072373,0.970043633759695,115.3,137.9,14.17,1.85,6366.6,4842.5,6698.2,8356.4,8675.7,6507.3,11470.9,10245.4,13539.6,14077.8,13724.1,13581,"High","High","High","High","High","High"
"Ag00001aa022359_T001",TRUE,"Master Protein","Ag00001aa022359_T001",62,12,122,250,NA,1.131,0.640189567719596,1,18.6,21,0.24,32.7,73.1,62.4,65,144.3,94.2,66.1,131.7,132,131.4,243.1,149,138,"High","High","High","High","High","High"
"Ag00001aa001685_T004",TRUE,"Master Protein","Ag00001aa001685_T004",29,17,71,710,NA,1.001,1,1,116.7,116.8,3.74,5.22,1798.9,1454.7,1638.6,1994.9,2049.9,1451.7,3241.1,3077.8,3312.2,3360.7,3242.7,3029.8,"High","High","High","High","High","High"
"Ag00001aa027684_T001",TRUE,"Master Protein","Ag00001aa027684_T001",37,18,60,744,NA,1.129,0.469963295062374,0.925177163950012,30.7,34.7,0.99,19.48,28.6,24.2,25,34.3,48.5,25.8,51.5,51.2,50.5,57.8,76.7,53.8,"High","High","High","High","High","High"
"Ag00001aa108833_T002",TRUE,"Master Protein","Ag00001aa108833_T002",44,13,112,417,NA,1.265,0.0225231147007983,0.10572521531128,91,115.1,6.05,3.48,239.7,182.9,194.3,295,295.5,238,431.9,387,392.8,497,467.5,496.7,"High","High","High","High","High","High"
"Ag00001aa149475_T001",TRUE,"Master Protein","Ag00001aa149475_T001",48,18,77,567,NA,1.768,0.434060346438984,0.872735788548787,48.9,86.4,18.33,33.83,35.6,21.9,24,50.9,80.2,31.3,64.1,46.3,48.5,85.7,126.9,65.3,"High","High","High","High","High","High"
"Ag00001aa013487_T001",TRUE,"Master Protein","Ag00001aa013487_T001",46,18,86,503,NA,1.32,0.0500381409564005,0.183296315942333,89.4,118.1,9.98,3.48,1659.2,1507.3,1292.7,2342.9,2435.7,1976.7,2989.4,3189,2613,3947,3853,4125.5,"High","High","High","High","High","High"
"Ag00001aa089668_T005",TRUE,"Master Protein","Ag00001aa089668_T005",53,20,82,493,"Met-loss [N-Term]",1.226,0.254081389159727,0.59740177033126,61.7,75.7,6.62,3.88,848.7,727.7,675.3,1179.4,1185.1,885.4,1529.1,1539.6,1365,1986.9,1874.7,1847.9,"High","High","High","High","High","High"
"Ag00001aa025305_T005",TRUE,"Master Protein","Ag00001aa025305_T005",65,14,88,304,NA,1.175,0.0132053177922695,0.070844464302619,93.6,110,6.97,3.44,1413.8,1192.3,1108.9,1770.9,1770.9,1420.7,2547.3,2522.6,2241.5,2983.4,2801.4,2965.1,"High","High","High","High","High","High"
"Ag00001aa075655_T001",TRUE,"Master Protein","Ag00001aa075655_T001",44,14,64,504,"Met-loss+Acetyl [N-Term]",1.232,0.857350151282488,1,137.8,169.9,1.27,9.67,38.9,33.4,34.1,44.7,54.6,43.7,70.1,70.7,68.9,75.3,86.4,91.2,"High","High","High","High","High","High"
"Ag00001aa016703_T001",TRUE,"Master Protein","Ag00001aa016703_T001",40,14,100,460,NA,1.171,0.824604382632038,1,64.4,75.4,3.29,1.35,1454.6,1322.7,1348.8,1851.1,2018.4,1529.3,2620.8,2798.5,2726.4,3118.5,3192.9,3191.7,"High","High","High","High","High","High"
"Ag00001aa030087_T001",TRUE,"Master Protein","Ag00001aa030087_T001",48,19,85,422,NA,1.024,0.999999558106655,1,93.4,95.7,9.02,3.57,2103.2,1969.4,1721.5,2303.4,2316.8,1877.1,3789.4,4166.7,3479.8,3880.5,3665,3917.6,"High","High","High","High","High","High"
"Ag00001aa066741_T002",TRUE,"Master Protein","Ag00001aa066741_T002",30,16,71,657,NA,1.184,0.807345127700627,1,31.4,37.2,9.11,18.66,15.1,10.8,11.9,20.8,18,11.6,27.2,22.8,24.1,35,28.5,24.2,"High","High","High","High","High","High"
"Ag00001aa093337_T003",TRUE,"Master Protein","Ag00001aa093337_T003",58,17,139,334,NA,0.529,0.311699455305252,0.691141750693654,203.5,107.6,8.54,8.86,7084.6,7159.9,7005.8,4235.4,5343.6,3589.1,12764.5,15148.4,14161.4,7135.2,8453.1,7490.6,"High","High","High","High","High","High"
"Ag00001aa072914_T002",TRUE,"Master Protein","Ag00001aa072914_T002",43,14,57,430,NA,0.821,0.0116814766372197,0.0650712028802921,134.5,110.4,13.3,1.93,2127.3,1612.6,2197.8,1868.5,1933.5,1520.6,3832.8,3411.8,4442.6,3147.8,3058.6,3173.6,"High","High","High","High","High","High"
"Ag00001aa093550_T001",TRUE,"Master Protein","Ag00001aa093550_T001",51,10,105,319,NA,0.872,0.336226714881844,0.729169318162463,132.8,115.8,0.46,3.94,4005,3405.3,3594.8,3728.3,3978.7,3223,7215.9,7204.7,7266.4,6280.9,6293.9,6726.6,"High","High","High","High","High","High"
"Ag00001aa046570_T001",TRUE,"Master Protein","Ag00001aa046570_T001",43,17,122,466,NA,1.206,0.00228651233592236,0.0202006330759991,107.5,129.6,7.41,3.24,223.1,191.5,175.1,287.8,298.4,241.2,402,405.2,353.9,484.8,472,503.4,"High","High","High","High","High","High"
"Ag00001aa015322_T001",TRUE,"Master Protein","Ag00001aa015322_T001",39,12,194,360,NA,1.119,0.954646610083169,1,12.8,14.3,6.74,14.13,274.8,205.2,237.1,384.3,312.6,257,495.1,434.1,479.3,647.4,494.5,536.4,"High","High","High","High","High","High"
"Ag00001aa111679_T001",TRUE,"Master Protein","Ag00001aa111679_T001",41,10,94,340,NA,0.894,0.999709057780603,1,37.6,33.6,4.37,20.56,173.6,135.8,146,215.9,166.7,122.1,312.8,287.3,295.1,363.7,263.7,254.8,"High","High","High","High","High","High"
"Ag00001aa031384_T003",TRUE,"Master Protein","Ag00001aa031384_T003",41,13,59,428,NA,0.799,0.101621173860101,0.309710049882288,123.2,98.5,3.3,5.8,437.4,354,394.5,373.9,413,279.1,788.1,749,797.4,629.9,653.3,582.5,"High","High","High","High","High","High"
"Ag00001aa147782_T001",TRUE,"Master Protein","Ag00001aa147782_T001",44,19,87,539,NA,1.052,0.951348542732199,1,80.7,84.9,10.54,1.84,1775.1,1699.4,1442.8,2022.4,2076.9,1612.3,3198.2,3595.5,2916.4,3407.1,3285.5,3364.9,"High","High","High","High","High","High"
"Ag00001aa130618_T001",TRUE,"Master Protein","Ag00001aa130618_T001",61,14,152,256,NA,0.64,0.00304266606133941,0.0248628687823401,170.9,109.4,2.65,8.23,234.8,198.3,218,160.8,181.8,116.9,423,419.5,440.7,270.9,287.6,244,"High","High","High","High","High","High"
"Ag00001aa011538_T001",TRUE,"Master Protein","Ag00001aa011538_T001",25,14,102,679,NA,1.164,0.935802430443164,1,93.3,108.7,11.35,0.28,153.7,151.9,127.8,190.7,204.2,154.5,276.9,321.4,258.3,321.3,323,322.4,"High","High","High","High","High","High"
"Ag00001aa081306_T001",TRUE,"Master Protein","Ag00001aa081306_T001",49,14,79,449,NA,1.186,0.447553547374871,0.892560772693058,82,97.3,4.96,8.66,338.6,315.4,305.1,434.3,468.3,302.5,610.1,667.3,616.7,731.7,740.8,631.3,"High","High","High","High","High","High"
"Ag00001aa129427_T002",TRUE,"Master Protein","Ag00001aa129427_T002",39,16,96,527,NA,NA,NA,NA,NA,NA,NA,NA,NA,NA,NA,NA,NA,NA,NA,NA,NA,NA,NA,NA,"Not Found","Not Found","Not Found","Not Found","Not Found","Not Found"
"Ag00001aa119814_T001",TRUE,"Master Protein","Ag00001aa119814_T001",46,17,93,527,NA,1.506,0.00166739661988791,0.0160517228722327,87.5,131.7,2.96,2.91,2289,1838.1,1998.1,3611.3,3690.5,2960.4,4124.1,3888.9,4038.9,6083.8,5838,6178.5,"High","High","High","High","High","High"
"Ag00001aa095452_T001",TRUE,"Master Protein","Ag00001aa095452_T001",28,21,79,888,NA,1.131,0.44280980630341,0.885248221340944,135.7,153.6,8.97,9.34,483.6,486.6,446.4,595,645.4,567.2,871.3,1029.5,902.3,1002.4,1021,1183.8,"High","High","High","High","High","High"
"Ag00001aa121958_T001",TRUE,"Master Protein","Ag00001aa121958_T001",32,14,90,441,NA,2.047,0.591459575036861,1,41.6,85.1,24.75,41.07,34.9,21.9,19.3,56.3,88.4,28.5,62.9,46.3,39,94.8,139.8,59.5,"High","High","High","High","High","High"
"Ag00001aa047912_T003",TRUE,"Master Protein","Ag00001aa047912_T003",35,13,83,593,NA,1.668,0.000870511381518058,0.0101444687270024,45,75.1,7.75,6.08,991.3,732.1,785.4,1571.8,1615.4,1376.8,1786,1548.9,1587.6,2648,2555.4,2873.4,"High","High","High","High","High","High"
"Ag00001aa033729_T001",TRUE,"Master Protein","Ag00001aa033729_T001",35,17,74,580,NA,1.58,0.000922751541824307,0.0104686843174318,91.3,144.3,0.23,2.07,1440.8,1229.3,1280.7,2434.8,2682.3,1958.8,2595.9,2600.9,2588.8,4101.8,4243.1,4088.1,"High","High","High","High","High","High"
"Ag00001aa061442_T002",TRUE,"Master Protein","Ag00001aa061442_T002",44,24,54,780,NA,1.099,0.999994949171646,1,107.4,118,10.73,7.81,344.4,295.3,369,361,433.9,338.7,620.5,624.8,745.9,608.2,686.4,706.9,"High","High","High","High","High","High"
"Ag00001aa040761_T001",TRUE,"Master Protein","Ag00001aa040761_T001",35,22,70,864,NA,0.643,0.000198038392826061,0.0036820929262106,77.4,49.8,14.49,4.02,871.5,915.8,733.8,599.2,595.5,484.9,1570.2,1937.6,1483.3,1009.5,942,1012,"High","High","High","High","High","High"
"Ag00001aa055866_T003",TRUE,"Master Protein","Ag00001aa055866_T003",24,24,50,1354,NA,NA,NA,NA,NA,NA,NA,NA,NA,NA,NA,NA,NA,NA,NA,NA,NA,NA,NA,NA,"Not Found","Not Found","Not Found","Not Found","Not Found","Not Found"
"Ag00001aa082247_T001",TRUE,"Master Protein","Ag00001aa082247_T001",38,23,70,829,NA,1.087,0.966568050610216,1,98.2,106.7,6.1,3.81,1473.4,1193.9,1410.1,1712.2,1731.5,1414.4,2654.7,2526,2850.3,2884.5,2739.1,2951.9,"High","High","High","High","High","High"
"Ag00001aa058201_T001",TRUE,"Master Protein","Ag00001aa058201_T001",25,25,50,1353,NA,0.82,0.341331214427378,0.737822692218281,139.4,114.3,5.64,6,1145.8,874.3,993.8,906.1,1087.5,789,2064.4,1849.8,2008.8,1526.5,1720.3,1646.7,"High","High","High","High","High","High"
"Ag00001aa065197_T001",TRUE,"Master Protein","Ag00001aa065197_T001",39,18,89,474,NA,0.765,0.585013151929671,1,99,75.7,2.61,4.86,567.6,479.9,481.9,461,531.4,369.4,1022.7,1015.3,974.1,776.6,840.6,771,"High","High","High","High","High","High"
"Ag00001aa154264_T001",TRUE,"Master Protein","Ag00001aa154264_T001",33,30,71,992,NA,1.483,0.0204708839560093,0.0981765869162441,93.3,138.4,1.81,6.62,33.8,29.7,31.1,60.3,58.9,42.8,60.9,62.8,62.9,101.6,93.2,89.3,"High","High","High","High","High","High"
"Ag00001aa005257_T002",TRUE,"Master Protein","Ag00001aa005257_T002",30,21,63,921,NA,0.683,NA,NA,46.4,31.7,NA,44.89,4.5,0,0,6.4,3.5,2.4,8.1,0,0,10.8,5.5,5,"High","Not Found","Not Found","High","High","High"
"Ag00001aa026961_T001",TRUE,"Master Protein","Ag00001aa026961_T001",48,18,75,567,NA,1.468,0.18948448025051,0.482228493620665,56.9,83.6,1.44,2.33,1010.8,885.2,908.3,1555.5,1703.3,1315.3,1821.2,1872.8,1836,2620.5,2694.5,2745.1,"High","High","High","High","High","High"
"Ag00001aa027796_T001",TRUE,"Master Protein","Ag00001aa027796_T001",32,21,66,864,NA,0.483,3.63944913004399e-05,0.00117706797101396,94.4,45.6,2.99,6.45,494.2,444.1,442.7,272.4,254.9,207,890.4,939.6,894.9,458.9,403.2,432,"High","High","High","High","High","High"
"Ag00001aa149606_T001",TRUE,"Master Protein","Ag00001aa149606_T001",49,16,97,480,NA,0.619,0.432668537481982,0.870964214122162,201.7,124.8,9.77,6.33,661.4,675.6,695.8,489.6,591.2,417.2,1191.7,1429.4,1406.5,824.8,935.2,870.7,"High","High","High","High","High","High"
"Ag00001aa155640_T001",TRUE,"Master Protein","Ag00001aa155640_T001",45,18,55,565,NA,0.978,0.981831925291479,1,144.8,141.6,16.04,2.15,2608.4,1707.9,2446.5,2697.6,2904.9,2269.4,4699.6,3613.5,4945.3,4544.6,4595.3,4736.3,"High","High","High","High","High","High"
"Ag00001aa039074_T001",TRUE,"Master Protein","Ag00001aa039074_T001",48,18,115,431,NA,1.398,0.000964061564808771,0.010812678756102,79.8,111.6,12.66,1.75,3798.7,2854,2626.8,5161.6,5337.6,4039.7,6844.2,6038.3,5309.8,8695.6,8443.6,8431,"High","High","High","High","High","High"
"Ag00001aa001831_T004",TRUE,"Master Protein","Ag00001aa001831_T004",33,30,71,967,NA,2.11,0.00461542294929163,0.0335014673560854,54.7,115.4,19.56,1.27,939.4,574.2,611.1,1578.1,1647.3,1244.4,1692.5,1214.9,1235.3,2658.6,2605.9,2597.1,"High","High","High","High","High","High"
"Ag00001aa070727_T001",TRUE,"Master Protein","Ag00001aa070727_T001",30,24,57,954,NA,1.687,0.00312352368464575,0.0251613080592146,73.9,124.7,14.88,4.65,119.3,75.2,95.3,192.9,205.2,168.5,214.9,159.1,192.6,325,324.6,351.7,"High","High","High","High","High","High"
"Ag00001aa030349_T005",TRUE,"Master Protein","Ag00001aa030349_T005",24,24,48,1353,NA,0.765,0.0120966762569488,0.066667370002458,154.7,118.4,7.45,5.61,174.2,129.5,154,128.8,150.6,115.3,313.9,274,311.3,217,238.2,240.6,"High","High","High","High","High","High"
"Ag00001aa078571_T001",TRUE,"Master Protein","Ag00001aa078571_T001",61,15,231,310,NA,1.163,0.854044007487455,1,36.6,42.5,4.06,2.41,656.3,548.5,540.8,800.9,832.6,662.2,1182.5,1160.5,1093.2,1349.2,1317.1,1382,"High","High","High","High","High","High"
"Ag00001aa116166_T001",TRUE,"Master Protein","Ag00001aa116166_T001",29,21,87,881,NA,1.463,0.00852646887820219,0.0511823522602409,115.8,169.4,8.37,6.82,124.5,95.6,94.2,175.7,188.8,126.3,224.3,202.3,190.4,296,298.7,263.6,"High","High","High","High","High","High"
"Ag00001aa014694_T001",TRUE,"Master Protein","Ag00001aa014694_T001",29,13,77,741,NA,1.134,0.956149915502924,1,22.8,25.8,5.3,17.53,157.5,126.3,147,243,203.4,141.2,283.8,267.2,297.1,409.4,321.8,294.7,"High","High","High","High","High","High"
"Ag00001aa076244_T001",TRUE,"Master Protein","Ag00001aa076244_T001",47,19,107,561,NA,0.47,0.04374220023762,0.16778871658576,218.9,102.9,22.54,17.61,112.6,65.8,108.3,56.6,66,35.1,202.9,139.2,218.9,95.4,104.4,73.3,"High","High","High","High","High","High"
"Ag00001aa041516_T001",TRUE,"Master Protein","Ag00001aa041516_T001",46,21,58,593,NA,3.727,0.000255707798405558,0.00445410317629337,25.9,96.7,4.27,9.85,118.6,107.9,104.4,512.2,447.5,381.6,213.7,228.3,211,862.9,707.9,796.4,"High","High","High","High","High","High"
"Ag00001aa130017_T002",TRUE,"Master Protein","Ag00001aa130017_T002",50,16,68,505,NA,1.297,0.0135066422014711,0.0719750332023845,81.2,105.3,7.78,4.72,1040,927.1,832,1393.9,1536.9,1234.7,1873.8,1961.5,1681.8,2348.3,2431.2,2576.9,"High","High","High","High","High","High"
"Ag00001aa029002_T001",TRUE,"Master Protein","Ag00001aa029002_T001",29,20,61,921,NA,1.788,0.00867889239883157,0.0518471376487592,61.9,110.7,17.63,7.61,153.5,132,99.4,333.6,312.6,236.4,276.6,279.3,200.9,562,494.5,493.4,"High","High","High","High","High","High"
"Ag00001aa130276_T001",TRUE,"Master Protein","Ag00001aa130276_T001",37,12,64,491,NA,2.255,0.00549087226984268,0.0381909633568632,108.2,244,11.75,14.95,59.4,46.4,41.8,131.4,150.3,84.6,107,98.2,84.5,221.4,237.8,176.6,"High","High","High","High","High","High"
"Ag00001aa027593_T002",TRUE,"Master Protein","Ag00001aa027593_T002",50,15,93,451,NA,0.194,0.000208167678097837,0.00384642230631011,299.1,57.9,25.27,7.18,5783.4,3902.1,6762.5,1197.8,1397.1,920.4,10420.1,8255.8,13669.6,2017.9,2210.1,1920.9,"High","High","High","High","High","High"
"Ag00001aa083010_T003",TRUE,"Master Protein","Ag00001aa083010_T003",33,16,81,590,NA,1.215,0.0569723535071328,0.200918835515078,69.3,84.2,6.65,7.99,1236.3,1104.2,1012.3,1676.3,1711.1,1156.4,2227.5,2336.2,2046.2,2824,2706.8,2413.5,"High","High","High","High","High","High"
"Ag00001aa125063_T001",TRUE,"Master Protein","Ag00001aa125063_T001",35,22,86,880,NA,1.247,0.0237233934851034,0.109587365719172,122.5,152.8,11.62,4.56,2288.4,1824.3,1618.6,3075.7,3043.3,2287.3,4123.1,3859.7,3271.8,5181.5,4814.2,4773.7,"High","High","High","High","High","High"
"Ag00001aa068346_T001",TRUE,"Master Protein","Ag00001aa068346_T001",60,6,125,165,NA,1.208,0.70133682027517,1,88.4,106.8,18.11,11.92,1412.8,1023,1534.7,1490.2,1985.7,1473.4,2545.5,2164.4,3102.2,2510.5,3141.2,3075.1,"High","High","High","High","High","High"
"Ag00001aa009376_T001",TRUE,"Master Protein","Ag00001aa009376_T001",31,14,88,642,NA,1.644,2.67077846719532e-05,0.000945923856524037,75.1,123.4,4.87,7.68,1350.5,1254.4,1212.9,2442,2548.6,1705.3,2433.2,2654,2451.7,4114,4031.6,3559,"High","High","High","High","High","High"
"Ag00001aa118812_T001",TRUE,"Master Protein","Ag00001aa118812_T001",61,15,235,310,NA,0.908,0.999878987723508,1,5.1,4.7,17.21,39.17,3,2.8,3.7,5.9,3.4,2.5,5.4,5.9,7.5,9.9,5.4,5.2,"High","High","High","High","High","High"
"Ag00001aa128547_T001",TRUE,"Master Protein","Ag00001aa128547_T001",67,11,80,237,NA,0.976,1,1,46.4,45.3,4.75,5.6,29.7,23.9,24.1,32.2,31.2,23.6,53.5,50.6,48.7,54.2,49.4,49.3,"High","High","High","High","High","High"
"Ag00001aa047694_T002",TRUE,"Master Protein","Ag00001aa047694_T002",31,26,62,966,NA,1.183,0.46906194268232,0.923555300328414,76.6,90.6,22.06,10.75,583.1,320.4,408,686.9,604.8,467.4,1050.6,677.9,824.7,1157.2,956.7,975.5,"High","High","High","High","High","High"
"Ag00001aa044489_T001",TRUE,"Master Protein","Ag00001aa044489_T001",28,20,44,1025,NA,1.42,0.0250224293942113,0.113707592799647,70.6,100.3,14.87,7.81,551.7,348.8,422.8,777.1,767,536.4,994,738,854.6,1309.2,1213.3,1119.5,"High","High","High","High","High","High"
"Ag00001aa151740_T001",TRUE,"Master Protein","Ag00001aa151740_T001",48,14,108,417,NA,1.078,0.277256876117231,0.633196865217286,94.9,102.2,9.69,3.17,2014.1,1435.2,1776,2358.1,2445.8,1786.6,3628.9,3036.5,3590,3972.6,3869,3728.7,"High","High","High","High","High","High"
"Ag00001aa095485_T001",TRUE,"Master Protein","Ag00001aa095485_T001",44,21,64,571,NA,2.291,6.40911982690007e-05,0.00173885000751636,81.7,187.1,8.6,7.75,1373,1308.6,1159.7,2957.2,3639,2715.8,2473.8,2768.6,2344.2,4981.9,5756.6,5668,"High","High","High","High","High","High"
"Ag00001aa046359_T001",TRUE,"Master Protein","Ag00001aa046359_T001",34,23,53,983,NA,0.69,0.00119691782020892,0.0127081216759465,167,115.2,6.57,6.19,1992.4,1650,1954,1469.6,1583.8,1070.4,3589.8,3491,3949.8,2475.8,2505.4,2234,"High","High","High","High","High","High"
"Ag00001aa107383_T001",TRUE,"Master Protein","Ag00001aa107383_T001",34,21,62,847,NA,1.288,0.0313656325987102,0.131671577777889,135.8,174.9,9.58,0.95,290.4,206.4,253.2,391.2,413.1,319.1,523.2,436.7,511.8,659,653.5,666,"High","High","High","High","High","High"
"Ag00001aa027664_T002",TRUE,"Master Protein","Ag00001aa027664_T002",26,24,41,1418,NA,1.547,0.00965293170933812,0.0563249155994574,70.5,109.1,4.25,1.39,616.9,505.4,505,982.2,1038.4,808.4,1111.5,1069.3,1020.8,1654.7,1642.7,1687.2,"High","High","High","High","High","High"
"Ag00001aa070971_T001",TRUE,"Master Protein","Ag00001aa070971_T001",50,15,92,451,NA,0.123,0.000520142227770637,0.0072469639163625,372.3,45.8,31.99,32.93,236.2,141.2,284.8,24.8,49.7,25.1,425.6,298.7,575.7,41.8,78.6,52.4,"High","High","High","High","High","High"
"Ag00001aa072393_T001",TRUE,"Master Protein","Ag00001aa072393_T001",42,17,65,565,NA,0.68,0.0648664397895621,0.22100578313665,120.2,81.7,9.4,5.88,1506.3,1231.9,1537.5,1052.7,1257.6,884.5,2713.9,2606.4,3107.9,1773.4,1989.4,1846,"High","High","High","High","High","High"
"Ag00001aa032586_T002",TRUE,"Master Protein","Ag00001aa032586_T002",40,24,49,835,NA,2.519,0.00617085824985253,0.0415890433178291,57.9,145.9,14.81,10.1,971.1,660.9,662.9,2090.8,2339.2,1453.6,1749.7,1398.3,1340,3522.3,3700.4,3033.7,"High","High","High","High","High","High"
"Ag00001aa150991_T001",TRUE,"Master Protein","Ag00001aa150991_T001",40,24,51,835,NA,0.741,0.243009845143753,0.579412090511804,53.6,39.7,12.32,17.16,39.1,29,38.9,38.1,33,22,70.4,61.4,78.6,64.2,52.2,45.9,"High","High","High","High","High","High"
"Ag00001aa152045_T002",TRUE,"Master Protein","Ag00001aa152045_T002",50,15,88,451,NA,0.18,0.000239464707179948,0.0042369226641749,254.6,45.8,26.79,5.83,381.7,224.1,409,78.8,78.2,56.7,687.7,474.1,826.7,132.8,123.7,118.3,"High","High","High","High","High","High"
"Ag00001aa152379_T002",TRUE,"Master Protein","Ag00001aa152379_T002",50,5,64,164,NA,1.195,0.605999543258284,1,107.1,128,16.13,7.92,488.7,378,538.4,556.5,665.1,524.7,880.5,799.7,1088.3,937.5,1052.1,1095.1,"High","High","High","High","High","High"
"Ag00001aa044616_T001",TRUE,"Master Protein","Ag00001aa044616_T001",39,10,95,379,NA,1.786,0.289879776448626,0.654006091001368,42.8,76.5,13.4,12.61,571.6,414.5,391.8,1021.9,990.2,639.8,1029.9,877,792,1721.6,1566.4,1335.3,"High","High","High","High","High","High"
"Ag00001aa100883_T001",TRUE,"Master Protein","Ag00001aa100883_T001",44,15,115,413,NA,0.859,0.511154755930396,0.975413078405006,107.8,92.6,6.14,8.67,1166.9,978.3,1144.9,1026.8,1141.7,977,2102.4,2069.8,2314.3,1729.8,1806.1,2039,"High","High","High","High","High","High"
"Ag00001aa126695_T003",TRUE,"Master Protein","Ag00001aa126695_T003",19,11,39,926,NA,0.939,0.656311877336222,1,76.1,71.5,10.85,4.45,579.2,423.9,420.6,499.3,532.6,435.3,1043.6,896.9,850.2,841.2,842.5,908.5,"High","High","High","High","High","High"
"Ag00001aa027356_T001",TRUE,"Master Protein","Ag00001aa027356_T001",48,16,89,480,NA,0.358,0.0994752019329393,0.304679740270584,257.4,92.2,13.49,9.24,4213.8,4329.3,4922.7,1912.3,2401.4,1572.3,7592.1,9159.6,9950.6,3221.6,3798.8,3281.5,"High","High","High","High","High","High"
"Ag00001aa052362_T001",TRUE,"Master Protein","Ag00001aa052362_T001",27,19,50,1015,NA,1.534,0.00298992936018483,0.0247802351284303,82.2,126.1,12.81,0.88,571,375.6,461,852.6,892.5,684.8,1028.8,794.7,931.9,1436.3,1411.9,1429.2,"High","High","High","High","High","High"
"Ag00001aa123255_T003",TRUE,"Master Protein","Ag00001aa123255_T003",32,21,61,852,NA,1.242,0.00200819447380474,0.0182189329740397,111.4,138.4,9.19,3.54,195.4,143,178,275.8,276.4,209.5,352.1,302.5,359.8,464.6,437.2,437.2,"Not Found","High","High","High","Not Found","Not Found"
"Ag00001aa097924_T001",TRUE,"Master Protein","Ag00001aa097924_T001",66,9,166,152,NA,2.375,0.00774342462950461,0.04863564412882,24.8,58.8,2.84,12.01,1041.2,837.8,905.8,2581,2516,2412.2,1876,1772.6,1831,4348.1,3980.1,5034.4,"High","High","High","High","High","High"
"Ag00001aa018953_T001",TRUE,"Master Protein","Ag00001aa018953_T001",37,14,75,480,NA,0.542,0.16409961045407,0.435896183192033,170.5,92.5,10.46,18.04,836,787.4,918.4,536.4,737.4,400.4,1506.2,1665.9,1856.4,903.7,1166.5,835.7,"High","High","High","High","High","High"
"Ag00001aa100479_T001",TRUE,"Master Protein","Ag00001aa100479_T001",30,21,80,881,NA,1.374,0.00066794870618303,0.00842838822688127,88.8,122,10.6,2.99,136.2,112.8,99.2,204.8,207.1,157.1,245.4,238.7,200.5,345,327.6,327.9,"High","High","High","High","High","High"
"Ag00001aa090002_T001",TRUE,"Master Protein","Ag00001aa090002_T001",39,18,84,539,NA,0.996,0.935730478534133,1,101.1,100.7,14.06,2.84,174.5,183.9,149.4,185.9,192.7,154.6,314.4,389.1,302,313.2,304.8,322.7,"High","High","High","High","High","High"
"Ag00001aa027953_T002",TRUE,"Master Protein","Ag00001aa027953_T002",52,5,69,159,NA,100,NA,NA,0,16.2,NA,NA,0,0,0,2,0,0,0,0,0,3.4,0,0,"High","High","High","High","High","High"
"Ag00001aa097239_T001",TRUE,"Master Protein","Ag00001aa097239_T001",41,11,56,503,NA,1.038,0.99993489446567,1,82.1,85.2,3.61,6.26,794.4,714,698.3,888.5,939.3,639.9,1431.3,1510.6,1411.5,1496.8,1485.9,1335.5,"High","High","High","High","High","High"
"Ag00001aa046989_T002",TRUE,"Master Protein","Ag00001aa046989_T002",46,13,114,376,NA,1.712,0.547016876723137,1,41.5,71.1,38.39,9.77,243.1,114.1,114.4,285.4,254.8,198,438,241.4,231.2,480.8,403.1,413.2,"High","High","High","High","High","High"
"Ag00001aa101488_T001",TRUE,"Master Protein","Ag00001aa101488_T001",78,12,99,167,NA,1.019,0.999092857726552,1,30,30.6,4.5,6.46,50.5,39.3,43.3,58,56.4,41.4,91,83.1,87.5,97.7,89.2,86.4,"High","High","High","High","High","High"
"Ag00001aa104577_T002",TRUE,"Master Protein","Ag00001aa104577_T002",33,8,119,298,NA,0.472,0.0014395513648805,0.0144537263408979,204.4,96.4,10.76,5.92,6207.2,6334.5,6773.8,3525.9,3995.5,3204.2,11183.7,13402.1,13692.4,5940,6320.5,6687.3,"High","High","High","High","High","High"
"Ag00001aa032855_T002",TRUE,"Master Protein","Ag00001aa032855_T002",57,8,78,204,NA,0.69,0.0794162765542541,0.257441366509887,102.5,70.7,9.92,3.5,2103.6,1657.1,1536.2,1435.6,1585.9,1120.8,3790.1,3506,3105.2,2418.5,2508.7,2339.2,"High","High","High","High","High","High"
"Ag00001aa128785_T001",TRUE,"Master Protein","Ag00001aa128785_T001",48,13,197,338,NA,1.039,0.9409444513198,1,180.7,187.8,16.21,7.73,31.7,35.6,38.6,50.4,46,37.5,57.1,75.3,78,84.9,72.8,78.3,"High","High","High","High","High","High"
"Ag00001aa099248_T002",TRUE,"Master Protein","Ag00001aa099248_T002",39,16,97,527,NA,1.408,0.0341208494525239,0.140905157233257,82.8,116.7,3.34,4.08,1187.5,963.5,993.3,1783,1750.8,1375.4,2139.5,2038.5,2007.8,3003.8,2769.6,2870.5,"High","High","High","High","High","High"
"Ag00001aa029536_T001",TRUE,"Master Protein","Ag00001aa029536_T001",47,7,134,172,NA,1.167,0.0141817393833681,0.0746051511679456,114.7,133.8,3.68,4.59,1626.5,1439.7,1400,1939.6,2162.3,1716.1,2930.5,3046,2829.9,3267.6,3420.6,3581.6,"High","High","High","High","High","High"
"Ag00001aa060678_T004",TRUE,"Master Protein","Ag00001aa060678_T004",37,17,87,546,NA,1.052,0.816324656800411,1,108.4,114,14.13,7.46,62.3,70.5,67.4,93,90.6,64.8,112.2,149.2,136.2,156.7,143.3,135.2,"High","High","High","High","High","High"
"Ag00001aa009144_T001",TRUE,"Master Protein","Ag00001aa009144_T001",43,15,64,555,NA,1.453,0.0272401192538804,0.11965824525703,31.3,45.4,3.95,3.62,40.9,35,39.1,64.6,68,48.7,73.7,74.1,79,108.8,107.6,101.6,"High","High","High","High","High","High"
"Ag00001aa132225_T001",TRUE,"Master Protein","Ag00001aa132225_T001",28,10,62,521,NA,0.921,0.492688762309511,0.953611801738491,72.9,67.1,12.35,3.33,1021.9,1054.9,886.1,985,1119.4,812.3,1841.2,2231.9,1791.1,1659.4,1770.8,1695.3,"High","High","High","High","High","High"
"Ag00001aa089943_T001",TRUE,"Master Protein","Ag00001aa089943_T001",41,13,72,422,NA,0.946,0.999985915121059,1,129.7,122.7,15.45,3.45,1407.3,947.7,1349.5,1447.5,1515.8,1092.9,2535.6,2005.1,2727.8,2438.6,2397.9,2280.9,"High","High","High","High","High","High"
"Ag00001aa148737_T001",TRUE,"Master Protein","Ag00001aa148737_T001",26,9,67,469,NA,0.888,0.648323681716021,1,61.7,54.8,6.31,6,212.6,171.1,167,207.2,196.6,154.1,383,362,337.6,349.1,311,321.6,"High","High","High","High","High","High"
"Ag00001aa147766_T001",TRUE,"Master Protein","Ag00001aa147766_T001",57,12,103,277,"Met-loss [N-Term]",NA,NA,NA,NA,NA,NA,NA,NA,NA,NA,NA,NA,NA,NA,NA,NA,NA,NA,NA,"High","High","High","High","High","High"
"Ag00001aa057014_T001",TRUE,"Master Protein","Ag00001aa057014_T001",46,25,49,771,NA,1.011,0.965517185095857,1,89.9,90.8,4.68,4.05,902.5,833,874.7,1021.2,1178.7,853.5,1626.1,1762.4,1768.1,1720.4,1864.6,1781.3,"High","High","High","High","High","High"
"Ag00001aa113104_T003",TRUE,"Master Protein","Ag00001aa113104_T003",38,11,65,437,NA,1.846,1.30724297733309e-05,0.000643262778228948,52,96.1,6.46,6.67,1035.7,875.1,820.5,2028.5,2075.4,1789.5,1866,1851.5,1658.5,3417.3,3283.1,3734.8,"High","High","High","High","High","High"
"Ag00001aa025350_T001",TRUE,"Master Protein","Ag00001aa025350_T001",55,12,119,265,"Met-loss [N-Term]; Met-loss+Acetyl [N-Term]",NA,NA,NA,NA,NA,NA,NA,NA,NA,NA,NA,NA,NA,NA,NA,NA,NA,NA,NA,"High","High","High","High","High","High"
"Ag00001aa028565_T001",TRUE,"Master Protein","Ag00001aa028565_T001",39,17,54,594,NA,1.505,0.424167613199739,0.858783591967126,17.7,26.6,16.98,13.84,52.6,31.8,40,79.7,64.2,58.3,94.8,67.3,80.9,134.3,101.6,121.7,"High","High","High","High","High","High"
"Ag00001aa021835_T003",TRUE,"Master Protein","Ag00001aa021835_T003",51,22,64,558,NA,0.96,0.969090278227622,1,136.7,131.2,10.82,3.83,2531.9,1926.1,2504.7,2485.2,2769,2165.4,4561.8,4075.1,5062.9,4186.7,4380.3,4519.3,"High","High","High","High","High","High"
"Ag00001aa022644_T002",TRUE,"Master Protein","Ag00001aa022644_T002",42,15,65,561,NA,1.423,0.00891903500299329,0.0529104326359751,30.3,43.2,4.24,12.3,161.2,126.2,139.5,238.2,243.4,231,290.4,267,282,401.3,385,482.1,"High","High","High","High","High","High"
"Ag00001aa096012_T001",TRUE,"Master Protein","Ag00001aa096012_T001",51,10,72,279,NA,3.702,0.00769511964055924,0.0484855595433175,48,177.8,9.61,11.37,953.8,761.3,701.6,3539.8,3278,3123.5,1718.5,1610.7,1418.2,5963.4,5185.5,6518.9,"High","High","High","High","High","High"
"Ag00001aa056275_T004",TRUE,"Master Protein","Ag00001aa056275_T004",35,16,83,546,NA,1.234,0.828403892452631,1,41.6,51.4,3.63,10.59,20.7,16.4,17.7,27,27.9,17.8,37.3,34.7,35.8,45.5,44.1,37.1,"High","High","High","High","High","High"
"Ag00001aa006025_T001",TRUE,"Master Protein","Ag00001aa006025_T001",40,16,52,548,NA,0.944,0.788451474063974,1,149.5,141,9.89,3.03,2383.4,1877.6,2387.9,2309.1,2561.3,1978.4,4294.2,3972.5,4826.8,3890.1,4051.7,4129,"High","High","High","High","High","High"
"Ag00001aa114775_T001",TRUE,"Master Protein","Ag00001aa114775_T001",36,12,107,432,NA,1.12,0.0604515849294452,0.208691338011002,116.4,130.4,8.56,1.58,1573.2,1148,1395.9,1859.2,2041.6,1514.2,2834.5,2428.9,2821.6,3132.1,3229.6,3160.2,"High","High","High","High","High","High"
"Ag00001aa013456_T001",TRUE,"Master Protein","Ag00001aa013456_T001",65,10,78,218,"Met-loss [N-Term]; Met-loss+Acetyl [N-Term]",1.124,0.0563700440176034,0.19991613884892,104.2,117.1,4.39,0.46,2357.1,2061.6,1979.3,2842.6,2999.5,2286.5,4246.8,4361.8,4000.9,4788.8,4744.9,4772,"High","High","High","High","High","High"
"Ag00001aa026564_T001",TRUE,"Master Protein","Ag00001aa026564_T001",55,19,65,453,NA,0.79,0.192241640001596,0.486027973173318,120.3,95,2.64,4.11,1769.5,1521.7,1657.3,1608.4,1607.4,1203.7,3188.2,3219.5,3350,2709.6,2542.8,2512.2,"High","High","High","High","High","High"
"Ag00001aa030359_T001",TRUE,"Master Protein","Ag00001aa030359_T001",43,9,66,289,NA,0.262,1.1491051096435e-05,0.000643262778228948,257.1,67.4,5.22,15.95,3477.7,3247.9,3120.4,981,790.7,810.9,6265.9,6871.7,6307.5,1652.7,1250.8,1692.4,"High","High","High","High","High","High"
"Ag00001aa068345_T001",TRUE,"Master Protein","Ag00001aa068345_T001",40,13,70,511,NA,0.677,0.00506686205776408,0.035795413162082,87.5,59.3,8.07,3.4,1436,1410.3,1295.9,1042.1,1181.9,850,2587.3,2983.8,2619.5,1755.6,1869.7,1774,"High","High","High","High","High","High"
"Ag00001aa105821_T001",TRUE,"Master Protein","Ag00001aa105821_T001",49,18,60,523,NA,1.335,0.0254039849686954,0.114727052996177,77.1,103,5.91,7.32,447.3,368.5,355,618,610,535.4,805.9,779.6,717.6,1041.1,965,1117.4,"High","High","High","High","High","High"
"Ag00001aa079216_T001",TRUE,"Master Protein","Ag00001aa079216_T001",31,18,55,696,NA,0.837,0.471215444972163,0.927182709786732,39.2,32.8,10.71,37.53,7.9,6.7,5.8,7.3,7.5,2.7,14.2,14.2,11.7,12.3,11.9,5.6,"High","High","High","High","High","High"
"Ag00001aa107686_T001",TRUE,"Master Protein","Ag00001aa107686_T001",26,18,49,1015,NA,1.721,0.228832977057232,0.554822789251978,120.6,207.6,19.19,19.85,35.9,21.4,24.5,50.6,54.8,28.5,64.7,45.3,49.5,85.2,86.7,59.5,"High","High","High","High","High","High"
"Ag00001aa041966_T001",TRUE,"Master Protein","Ag00001aa041966_T001",27,19,58,920,NA,1.911,0.000394476561942136,0.00596640905892817,61.2,116.9,12.95,12.41,12.3,8.1,9.5,21.3,23.2,21.4,22.2,17.1,19.2,35.9,36.7,44.7,"High","High","High","High","High","High"
"Ag00001aa054658_T001",TRUE,"Master Protein","Ag00001aa054658_T001",35,12,77,513,NA,0.899,0.992884741595188,1,91.8,82.5,17.3,17.19,9.5,9.3,11.9,10.5,9.8,10.4,17.1,19.7,24.1,17.7,15.5,21.7,"High","High","High","High","High","High"
"Ag00001aa009446_T001",TRUE,"Master Protein","Ag00001aa009446_T001",68,17,113,242,"Met-loss+Acetyl [N-Term]",1.481,0.00257275282222669,0.0218313051871112,50.1,74.2,12.05,5.48,1866.6,1625.5,1355.7,2976.2,2869.2,2386.5,3363.1,3439.1,2740.4,5013.9,4538.8,4980.7,"High","High","High","High","High","High"
"Ag00001aa022245_T002",TRUE,"Master Protein","Ag00001aa022245_T002",32,18,42,852,NA,1.306,0.241078978504166,0.576654142661847,97.9,127.9,9.2,4.36,636,475,596.3,824.7,949.8,717.2,1145.9,1005,1205.3,1389.3,1502.5,1496.8,"High","High","High","High","High","High"
"Ag00001aa030831_T001",TRUE,"Master Protein","Ag00001aa030831_T001",35,17,82,615,NA,1.082,0.646742489391236,1,87.7,94.9,6.64,7.72,715.9,664.7,728.2,903.2,1029.2,668.2,1289.9,1406.3,1472,1521.6,1628.1,1394.6,"High","High","High","High","High","High"
"Ag00001aa005265_T004",TRUE,"Master Protein","Ag00001aa005265_T004",37,19,54,680,NA,1.232,0.00470690188334044,0.0340084005126713,97.6,120.2,5.38,4.04,1443.1,1121.3,1293.9,1900.9,2007.1,1636.6,2600.1,2372.4,2615.5,3202.4,3175,3415.7,"High","High","High","High","High","High"
"Ag00001aa015568_T003",TRUE,"Master Protein","Ag00001aa015568_T003",44,17,105,429,NA,NA,NA,NA,NA,NA,NA,NA,NA,NA,NA,NA,NA,NA,NA,NA,NA,NA,NA,NA,"High","High","High","High","High","High"
"Ag00001aa085469_T003",TRUE,"Master Protein","Ag00001aa085469_T003",38,11,48,354,NA,1.334,0.687473900263529,1,61.4,81.9,6.53,11.39,129.1,112.6,104,184.2,161.2,151,232.6,238.2,210.2,310.3,255,315.1,"High","High","High","High","High","High"
"Ag00001aa063568_T003",TRUE,"Master Protein","Ag00001aa063568_T003",30,18,52,753,NA,1.48,0.000310973211095633,0.00497653403413394,96.6,143,1.97,6.44,54.9,48.6,49.6,80.9,97.9,71.1,98.9,102.8,100.3,136.3,154.9,148.4,"High","High","High","High","High","High"
"Ag00001aa075355_T001",TRUE,"Master Protein","Ag00001aa075355_T001",21,9,64,723,NA,0.828,0.998645026368559,1,31.7,26.2,14.29,18.52,70.5,45.1,58,75.4,61.4,43.4,127,95.4,117.2,127,97.1,90.6,"High","High","High","High","High","High"
"Ag00001aa009415_T001",TRUE,"Master Protein","Ag00001aa009415_T001",54,12,109,250,NA,0.794,0.765905012016706,1,61.5,48.8,13.67,21.38,12.4,8.3,11.2,12.5,8.6,8.5,22.3,17.6,22.6,21.1,13.6,17.7,"High","High","High","High","High","High"
"Ag00001aa005230_T002",TRUE,"Master Protein","Ag00001aa005230_T002",43,11,54,365,NA,1.037,0.999900740334311,1,92.4,95.8,8.66,1.77,1249,1204.1,1070.8,1416.7,1457,1118.4,2250.4,2547.5,2164.5,2386.7,2304.8,2334.2,"High","High","High","High","High","High"
"Ag00001aa101000_T001",TRUE,"Master Protein","Ag00001aa101000_T001",39,18,55,560,NA,0.916,0.898294657281007,1,141.1,129.3,13.08,6.53,1602.5,1185.2,1614,1484.5,1671.8,1364.3,2887.3,2507.6,3262.5,2500.9,2644.6,2847.4,"High","High","High","High","High","High"
"Ag00001aa021282_T001",TRUE,"Master Protein","Ag00001aa021282_T001",63,14,79,312,NA,0.698,0.172323844043857,0.451043302001224,102.4,71.5,15.62,10.67,1273.4,1457.3,1234.8,1236.5,1102,832.6,2294.3,3083.3,2496,2083.1,1743.3,1737.7,"High","High","High","High","High","High"
"Ag00001aa122367_T001",TRUE,"Master Protein","Ag00001aa122367_T001",34,20,62,811,NA,0.998,0.999909838222438,1,51.6,51.5,22.82,16.67,13.2,16.5,18.6,21.9,16.8,16.7,23.8,34.9,37.6,36.9,26.6,34.9,"High","High","High","High","High","High"
"Ag00001aa031443_T003",TRUE,"Master Protein","Ag00001aa031443_T003",45,15,54,495,NA,1.388,0.0001861104885994,0.00352353423848714,77.6,107.7,8.17,6.31,592.2,525,468.2,826.8,936.5,757.1,1067,1110.8,946.4,1392.9,1481.5,1580.1,"High","High","High","High","High","High"
"Ag00001aa142201_T003",TRUE,"Master Protein","Ag00001aa142201_T003",31,12,43,612,NA,1.883,0.0425752713437951,0.164506355065152,50.6,95.3,5.53,3.23,445.5,339.7,379.8,857.9,913.8,732.1,802.7,718.7,767.7,1445.3,1445.5,1527.9,"High","High","High","High","High","High"
"Ag00001aa007555_T001",TRUE,"Master Protein","Ag00001aa007555_T001",35,12,75,513,NA,1.12,0.532410696673107,0.999727537884054,92.4,103.4,7.35,7.34,1545.8,1165.4,1399.1,2083,1946.9,1494.1,2785.1,2465.7,2828.1,3509.2,3079.8,3118.3,"Not Found","Not Found","Not Found","Not Found","Not Found","Not Found"
"Ag00001aa144612_T001",TRUE,"Master Protein","Ag00001aa144612_T001",50,10,50,268,NA,1.029,0.923122155006763,1,95.1,97.8,2.81,5.04,919.1,751.3,776.7,1052.5,1024.1,783.4,1656,1589.5,1570,1773.1,1620,1635,"High","High","High","High","High","High"
"Ag00001aa013646_T002",TRUE,"Master Protein","Ag00001aa013646_T002",41,13,56,447,NA,0.842,0.39843408075407,0.819823898907546,118.8,100,11.91,2.23,1300.2,900.7,1176.3,1200.5,1247,927,2342.6,1905.6,2377.7,2022.4,1972.6,1934.7,"High","High","High","High","High","High"
"Ag00001aa042113_T003",TRUE,"Master Protein","Ag00001aa042113_T003",44,16,59,484,"Met-loss [N-Term]",1.492,0.437551172743028,0.877709348601551,55.9,83.4,6.44,3.28,748.8,624.3,590.4,1175.8,1246,894.2,1349.1,1320.8,1193.4,1980.8,1971.1,1866.2,"High","High","High","High","High","High"
"Ag00001aa125538_T001",TRUE,"Master Protein","Ag00001aa125538_T001",40,18,54,560,NA,0.97,0.986303757044103,1,42.3,41,2.69,12.53,11.4,10.1,10.7,13,13.1,8.2,20.5,21.4,21.6,21.9,20.7,17.1,"High","High","High","High","High","High"
"Ag00001aa068891_T001",TRUE,"Master Protein","Ag00001aa068891_T001",46,13,81,376,NA,1.524,0.259866697099729,0.607689845194657,61.5,93.7,4.65,8.13,273.2,220.3,222.1,465.9,423,340.4,492.2,466.1,448.9,784.9,669.1,710.4,"High","High","High","High","High","High"
"Ag00001aa134638_T001",TRUE,"Master Protein","Ag00001aa134638_T001",21,22,37,1418,NA,1.322,0.186168943431727,0.475822746690827,31.8,42,0.4,11.26,38.6,32.8,34.6,56.9,58.1,36.9,69.5,69.4,69.9,95.9,91.9,77,"High","High","High","High","High","High"
"Ag00001aa035039_T002",TRUE,"Master Protein","Ag00001aa035039_T002",32,20,54,986,NA,0.813,0.120786417545697,0.353259515168003,96.4,78.4,5.73,2.47,1289.9,1146.5,1070.5,1075,1194.5,906.5,2324,2425.7,2163.9,1811,1889.6,1891.9,"High","High","High","High","High","High"
"Ag00001aa007991_T001",TRUE,"Master Protein","Ag00001aa007991_T001",24,14,41,858,NA,0.788,0.208137557019973,0.515909419935317,79.3,62.5,7.58,1.2,608.6,503,468.6,500,520.5,401.8,1096.5,1064.2,947.2,842.3,823.4,838.6,"High","High","High","High","High","High"
"Ag00001aa024039_T002",TRUE,"Master Protein","Ag00001aa024039_T002",39,13,69,463,NA,1.435,0.0544391787250215,0.194778184342481,73.8,105.8,5.18,6.92,149.4,135.1,127.6,230.3,244.1,164.1,269.2,285.8,257.9,388,386.1,342.5,"High","High","High","High","High","High"
"Ag00001aa070595_T001",TRUE,"Master Protein","Ag00001aa070595_T001",38,12,89,445,NA,0.312,8.72799652069656e-05,0.00211423297832645,201.5,62.8,14.04,18.15,49,48.2,57.9,22.8,20.1,12.8,88.3,102,117,38.4,31.8,26.7,"High","High","High","High","High","High"
"Ag00001aa155600_T001",TRUE,"Master Protein","Ag00001aa155600_T001",41,13,53,447,NA,0.902,0.970057256758402,1,105.5,95.2,11.67,1.61,102.5,69.5,87.2,96.1,99.1,76.2,184.7,147,176.3,161.9,156.8,159,"High","High","High","High","High","High"
"Ag00001aa130436_T001",TRUE,"Master Protein","Ag00001aa130436_T001",26,9,49,591,NA,1.119,0.972417713123778,1,98.4,110.2,17.35,10.06,28,17.7,25.9,33.8,35.7,22.7,50.4,37.4,52.4,56.9,56.5,47.4,"High","High","High","High","High","High"
"Ag00001aa023539_T001",TRUE,"Master Protein","Ag00001aa023539_T001",29,18,46,720,NA,0.998,0.993464978032807,1,101.3,101.1,9.21,6.87,1054.8,750.4,837.9,1003.4,1120.9,740.9,1900.5,1587.6,1693.7,1690.4,1773.2,1546.3,"High","High","High","High","High","High"
"Ag00001aa145278_T004",TRUE,"Master Protein","Ag00001aa145278_T004",37,15,40,539,NA,1.175,0.937855000270054,1,42.9,50.4,11.85,14.42,132.2,91.7,97.2,161.3,145.9,97.9,238.2,194,196.5,271.7,230.8,204.3,"High","High","High","High","High","High"
"Ag00001aa064605_T003",TRUE,"Master Protein","Ag00001aa064605_T003",45,15,68,478,NA,NA,NA,NA,NA,NA,NA,NA,NA,NA,NA,NA,NA,NA,NA,NA,NA,NA,NA,NA,"High","High","High","High","High","High"
"Ag00001aa069229_T002",TRUE,"Master Protein","Ag00001aa069229_T002",45,15,68,480,NA,1.41,0.0243224956745934,0.111895326323791,90.7,127.9,10.99,2.12,1362.5,1286.6,1080,1989.4,2188.7,1671.8,2454.9,2722.1,2183.1,3351.5,3462.3,3489.1,"High","High","High","High","High","High"
"Ag00001aa019452_T001",TRUE,"Master Protein","Ag00001aa019452_T001",50,16,110,303,NA,1.009,0.959559545083396,1,24.4,24.6,22.86,14,28.2,26.8,17.6,35.5,32.4,21.7,50.8,56.7,35.6,59.8,51.3,45.3,"High","High","High","High","High","High"
"Ag00001aa044512_T001",TRUE,"Master Protein","Ag00001aa044512_T001",59,12,54,311,NA,0.954,0.827963745110575,1,97.5,93,1.77,1.13,1000,826.9,863.8,990.4,1041.4,807.4,1801.7,1749.5,1746.1,1668.5,1647.4,1685.1,"High","High","High","High","High","High"
"Ag00001aa088465_T001",TRUE,"Master Protein","Ag00001aa088465_T001",31,11,46,432,NA,1.207,0.85577952366835,1,41.7,50.3,5.04,9.63,438.1,344.9,356.1,604,556.7,408.5,789.3,729.7,719.8,1017.5,880.6,852.6,"High","High","High","High","High","High"
"Ag00001aa107214_T002",TRUE,"Master Protein","Ag00001aa107214_T002",69,8,80,167,NA,1.589,0.00329885016077669,0.0261202152404151,73.6,117,8.59,4.25,1434.3,1355.1,1198,2437.5,2497.3,2060.3,2584.2,2867,2421.6,4106.4,3950.5,4299.9,"High","High","High","High","High","High"
"Ag00001aa146331_T001",TRUE,"Master Protein","Ag00001aa146331_T001",40,16,79,514,"Met-loss [N-Term]",NA,NA,NA,NA,NA,NA,NA,NA,NA,NA,NA,NA,NA,NA,NA,NA,NA,NA,NA,"High","High","High","High","High","High"
"Ag00001aa030231_T001",TRUE,"Master Protein","Ag00001aa030231_T001",46,20,50,579,NA,0.893,0.95965101638283,1,29.4,26.3,3.6,16.84,23.9,19.4,21.8,27.9,24.3,16.2,43.1,41,44.1,47,38.4,33.8,"High","High","High","High","High","High"
"Ag00001aa148189_T001",TRUE,"Master Protein","Ag00001aa148189_T001",39,10,50,381,NA,0.975,0.999998215068435,1,96.6,94.1,5.39,5.21,1059.8,907.8,861.7,1146.1,1176.7,834.2,1909.5,1920.7,1741.8,1930.8,1861.4,1741,"High","High","High","High","High","High"
"Ag00001aa086609_T001",TRUE,"Master Protein","Ag00001aa086609_T001",35,8,41,407,NA,0.845,0.0407177934576635,0.15953903476453,142.1,120,11.14,7.79,662.9,692.1,612.9,621.3,597.6,529,1194.4,1464.3,1238.9,1046.7,945.3,1104,"High","High","High","High","High","High"
"Ag00001aa009954_T001",TRUE,"Master Protein","Ag00001aa009954_T001",49,21,63,558,NA,1.891,0.25420516475331,0.597499777348101,67.7,128.1,15.72,28.38,8.7,7.3,10,18.4,11.1,14.2,15.7,15.4,20.2,31,17.6,29.6,"High","High","High","High","High","High"
"Ag00001aa032198_T001",TRUE,"Master Protein","Ag00001aa032198_T001",46,14,39,486,NA,1.437,0.0429961640727327,0.165646770137006,92.1,132.4,7.05,3.6,957.7,781.2,937.2,1494.7,1485.5,1188.3,1725.5,1652.8,1894.4,2518.1,2349.9,2480,"High","High","High","High","High","High"
"Ag00001aa051140_T001",TRUE,"Master Protein","Ag00001aa051140_T001",41,20,52,580,NA,1.091,0.430660929261174,0.867949091897299,107.7,117.5,5.33,2.53,1154.2,952.8,1105.5,1368.4,1386.5,1086.7,2079.6,2015.9,2234.6,2305.3,2193.3,2268,"High","High","High","High","High","High"
"Ag00001aa146114_T001",TRUE,"Master Protein","Ag00001aa146114_T001",18,9,33,915,NA,0.92,0.899311021320921,1,59.3,54.6,6.21,6.77,51.2,38.5,43.1,47.6,47.6,41.3,92.2,81.5,87.1,80.2,75.3,86.2,"High","High","High","High","High","High"
"Ag00001aa083161_T002",TRUE,"Master Protein","Ag00001aa083161_T002",32,20,52,986,NA,0.961,0.643184872492482,1,72,69.2,10.11,9.39,114.2,113.6,99,124,109.6,94.7,205.8,240.3,200.1,208.9,173.4,197.6,"High","High","High","High","High","High"
"Ag00001aa010710_T001",TRUE,"Master Protein","Ag00001aa010710_T001",40,16,51,535,NA,0.952,0.979569679015453,1,129.9,123.7,13.52,4.73,1539.1,1109.4,1525.6,1445.8,1676.9,1265,2773,2347.2,3083.8,2435.7,2652.7,2640.1,"High","High","High","High","High","High"
"Ag00001aa148336_T001",TRUE,"Master Protein","Ag00001aa148336_T001",35,13,111,447,NA,1.145,0.395386875629203,0.817209841905073,101.4,116.2,8.84,5.77,609.2,461.4,576.1,803.7,794.8,579.7,1097.6,976.2,1164.5,1354,1257.3,1209.9,"High","High","High","High","High","High"
"Ag00001aa155145_T001",TRUE,"Master Protein","Ag00001aa155145_T001",42,12,57,371,NA,0.79,0.326417651837392,0.712564442640907,106.7,84.3,11.03,11.97,42.1,39,32.7,33.2,37.9,33.7,75.9,82.5,66.1,55.9,60,70.3,"High","High","High","High","High","High"
"Ag00001aa019885_T002",TRUE,"Master Protein","Ag00001aa019885_T002",60,7,52,207,"Met-loss [N-Term]",0.788,0.396919810818178,0.819345337374392,143.8,113.3,4.26,12.93,1630.4,1309.9,1490.9,1373.9,1415.7,1353.2,2937.5,2771.4,3013.7,2314.6,2239.5,2824.2,"High","High","High","High","High","High"
"Ag00001aa062938_T001",TRUE,"Master Protein","Ag00001aa062938_T001",40,15,49,507,NA,1.047,0.9963125447889,1,16.9,17.7,29.96,22.4,8.3,4.7,9.2,11.4,7.7,7.5,15,9.9,18.6,19.2,12.2,15.7,"High","High","High","High","High","High"
"Ag00001aa021121_T001",TRUE,"Master Protein","Ag00001aa021121_T001",40,16,50,535,NA,0.885,0.69542651601539,1,19,16.8,25.11,25.03,4.1,5.3,3.7,4.7,3.5,0,7.4,11.2,7.5,7.9,5.5,0,"High","High","High","High","High","Not Found"
"Ag00001aa106223_T001",TRUE,"Master Protein","Ag00001aa106223_T001",47,14,57,505,NA,0.676,0.168148113328766,0.442381725088793,13.6,9.2,16.85,19.22,4,2.7,2.6,2,2.8,0,7.2,5.7,5.3,3.4,4.4,0,"High","High","High","High","High","High"
"Ag00001aa094623_T001",TRUE,"Master Protein","Ag00001aa094623_T001",24,11,87,603,NA,1.76,0.000545561257137117,0.00742006568254984,100.3,176.5,3.28,6.87,1232.1,1082.5,1172.7,2392.8,2859,1924.8,2219.9,2290.3,2370.5,4031.1,4522.7,4017.2,"High","High","High","High","High","High"
"Ag00001aa140129_T001",TRUE,"Master Protein","Ag00001aa140129_T001",32,20,48,785,NA,2.006,0.00462189450217831,0.0335365227865821,56.9,114.1,12.24,1.22,580.2,396.6,428.3,1018.3,1111.2,832,1045.4,839.1,865.8,1715.5,1757.8,1736.4,"High","High","High","High","High","High"
"Ag00001aa139499_T001",TRUE,"Master Protein","Ag00001aa139499_T001",58,9,53,171,NA,0.581,0.319638779796476,0.703630398525009,110.4,64.2,21.11,2.52,1144.2,675.3,1069.8,711.2,733.7,584.6,2061.5,1428.8,2162.5,1198.1,1160.6,1220.1,"High","High","High","High","High","High"
"Ag00001aa089648_T001",TRUE,"Master Protein","Ag00001aa089648_T001",46,14,109,408,NA,0.408,0.000748137115274439,0.00916138094498115,182,74.3,12.69,32.27,26.2,24.4,29.9,12.5,9.9,14.3,47.2,51.6,60.4,21.1,15.7,29.8,"High","High","High","High","High","High"
"Ag00001aa053217_T001",TRUE,"Master Protein","Ag00001aa053217_T001",40,15,49,507,NA,0.943,0.987974302505678,1,78.5,74.1,1.58,4.69,837.6,707.3,763.3,837.4,899.9,735.4,1509.1,1496.5,1542.9,1410.7,1423.6,1534.8,"High","High","High","High","High","High"
"Ag00001aa122476_T001",TRUE,"Master Protein","Ag00001aa122476_T001",43,9,58,275,NA,3.844,0.00564374662370926,0.0387566535646021,50.9,195.8,11.02,8.7,154.8,109.8,114.3,594.8,535.6,427.9,278.9,232.3,231,1002,847.3,893,"High","High","High","High","High","High"
"Ag00001aa105012_T001",TRUE,"Master Protein","Ag00001aa105012_T001",38,12,67,511,NA,0.738,0.0437993052917677,0.167980730641122,71.3,52.6,7.41,1.06,302.7,275.8,248.8,237.3,258,192.8,545.4,583.5,502.9,399.8,408.1,402.4,"High","High","High","High","High","High"
"Ag00001aa078823_T001",TRUE,"Master Protein","Ag00001aa078823_T001",59,8,155,152,NA,1.587,0.0860814500142998,0.27354185342499,27.5,43.7,4.22,6.91,197.7,155.2,172.9,326.3,392.5,265.8,356.2,328.4,349.5,549.7,620.9,554.7,"High","High","High","High","High","High"
"Ag00001aa106450_T001",TRUE,"Master Protein","Ag00001aa106450_T001",49,13,60,371,NA,0.872,0.483893805700628,0.942096933160187,118.8,103.6,13.45,5.07,1400,1424.3,1152.4,1305.5,1344.5,1125.1,2522.4,3013.4,2329.4,2199.3,2126.9,2348.1,"High","High","High","High","High","High"
"Ag00001aa016721_T001",TRUE,"Master Protein","Ag00001aa016721_T001",29,22,52,912,NA,1.528,0.239440746090505,0.573836811636467,128.2,195.9,32.56,7.04,99.9,46.1,58.4,107.1,110.4,95.6,180,97.5,118,180.4,174.6,199.5,"High","High","High","High","High","High"
"Ag00001aa040903_T001",TRUE,"Master Protein","Ag00001aa040903_T001",42,4,58,165,NA,NA,NA,NA,NA,NA,NA,NA,NA,NA,NA,NA,NA,NA,NA,NA,NA,NA,NA,NA,"High","High","High","High","High","High"
"Ag00001aa067908_T001",TRUE,"Master Protein","Ag00001aa067908_T001",43,19,61,535,NA,0.947,0.998557987480053,1,142.4,134.9,13.55,5.88,1804.7,1320.8,1816.5,1762.1,1946.7,1594.3,3251.6,2794.5,3671.8,2968.6,3079.5,3327.4,"High","High","High","High","High","High"
"Ag00001aa106669_T001",TRUE,"Master Protein","Ag00001aa106669_T001",54,12,53,360,NA,2.234,3.24623312952799e-05,0.00110538875536327,55.6,124.3,19.17,6.94,214.2,162,129.3,454.6,456.9,397.4,385.9,342.7,261.4,765.8,722.8,829.4,"High","High","High","High","High","High"
"Ag00001aa060624_T001",TRUE,"Master Protein","Ag00001aa060624_T001",21,22,52,1350,NA,1.012,0.998993009169307,1,109,110.3,12.38,2.87,640.5,496,662,660.8,738.1,562,1154,1049.4,1338.2,1113.2,1167.6,1172.9,"High","High","High","High","High","High"
"Ag00001aa134669_T001",TRUE,"Master Protein","Ag00001aa134669_T001",25,13,50,625,NA,0.823,0.717300834380355,1,126.7,104.3,8.46,2.66,304,277.4,320.3,286.2,305.5,242.1,547.7,586.9,647.4,482.2,483.3,505.3,"High","High","High","High","High","High"
"Ag00001aa046929_T002",TRUE,"Master Protein","Ag00001aa046929_T002",37,15,46,571,NA,0.626,0.301131577467314,0.67302131087772,155,97,14.93,7.62,1119,713.3,827.8,703.5,662.3,496.3,2016.1,1509.1,1673.3,1185.2,1047.7,1035.8,"High","High","High","High","High","High"
"Ag00001aa048902_T001",TRUE,"Master Protein","Ag00001aa048902_T001",28,6,62,282,NA,0.846,0.501686067479814,0.964603460873506,103.5,87.6,9.35,3.24,1369,1242.7,1079.1,1238.6,1315.3,1055.5,2466.6,2629.2,2181.3,2086.6,2080.7,2202.9,"High","High","High","High","High","High"
"Ag00001aa104247_T001",TRUE,"Master Protein","Ag00001aa104247_T001",45,18,53,618,NA,0.877,0.959256426483926,1,113.2,99.3,10.46,14.53,1306.7,1001.5,944.7,1289.7,1175.2,779.3,2354.3,2118.9,1909.6,2172.7,1859.1,1626.4,"High","High","High","High","High","High"
"Ag00001aa044413_T002",TRUE,"Master Protein","Ag00001aa044413_T002",34,18,65,530,NA,0.724,0.00823597657264452,0.0500281682370629,86.5,62.6,6.19,8.19,229.9,220,226.4,209,209.4,143.2,414.2,465.5,457.6,352.1,331.3,298.9,"High","High","High","High","High","High"
"Ag00001aa046096_T002",TRUE,"Master Protein","Ag00001aa046096_T002",50,12,77,256,NA,1.327,0.516694117742559,0.982244658203084,77.9,103.4,13.46,5.13,1964.1,1397.4,1354.1,2486.6,2395.5,1879.9,3538.8,2956.5,2737.1,4189.1,3789.5,3923.4,"High","High","High","High","High","High"
"Ag00001aa151941_T001",TRUE,"Master Protein","Ag00001aa151941_T001",42,15,40,513,NA,0.946,0.986105987401004,1,117.5,111.1,6.62,4.33,1325.8,1007.6,1057.1,1125,1302.4,968.3,2388.7,2131.8,2136.8,1895.3,2060.3,2020.9,"High","High","High","High","High","High"
"Ag00001aa037418_T001",TRUE,"Master Protein","Ag00001aa037418_T001",65,6,140,162,"Met-loss [N-Term]",1.188,0.0561260056298732,0.199287869833705,86.9,103.3,8.41,2.36,3234,2745.9,2478.5,3967.2,4364.6,3353.5,5826.8,5809.6,5010,6683.4,6904.4,6998.9,"High","High","High","High","High","High"
"Ag00001aa049646_T001",TRUE,"Master Protein","Ag00001aa049646_T001",24,9,122,489,NA,0.974,0.999999352098093,1,20,19.5,4.16,7.15,638.3,500.4,552.1,672.5,687.4,471.4,1150,1058.7,1116,1132.9,1087.4,983.8,"High","High","High","High","High","High"
"Ag00001aa077312_T002",TRUE,"Master Protein","Ag00001aa077312_T002",28,14,72,707,NA,1.03,0.995526446935879,1,21.3,21.9,5.36,22.81,329,255.8,295.1,497.3,385.9,263.3,592.8,541.2,596.5,837.8,610.5,549.5,"High","High","High","High","High","High"
"Ag00001aa011864_T001",TRUE,"Master Protein","Ag00001aa011864_T001",28,15,75,680,NA,0.853,0.0651517294246799,0.221533557767708,110.6,94.3,7.59,1.82,443.6,435.8,408.9,418.5,452,330.4,799.2,922,826.5,705,715,689.6,"High","High","High","High","High","High"
"Ag00001aa041179_T001",TRUE,"Master Protein","Ag00001aa041179_T001",60,15,58,401,NA,1.362,0.175089798580375,0.456812657504577,67.8,92.3,15.7,5.75,1110.1,1192.2,937.8,1617.3,1578.6,1336.6,2000.1,2522.4,1895.6,2724.6,2497.2,2789.5,"High","High","High","High","High","High"
"Ag00001aa065570_T001",TRUE,"Master Protein","Ag00001aa065570_T001",41,18,60,535,NA,0.9,0.984213331675042,1,212.1,190.8,21.61,5.25,72.6,48.9,79.3,67,74.4,60,130.8,103.5,160.3,112.9,117.7,125.2,"High","High","High","High","High","High"
"Ag00001aa064575_T001",TRUE,"Master Protein","Ag00001aa064575_T001",49,15,46,473,NA,1.379,0.142540261912348,0.399012293945124,64.4,88.8,4.78,2.52,590,544.3,524.2,876.8,926.4,675,1063,1151.6,1059.6,1477.1,1465.5,1408.8,"High","High","High","High","High","High"
"Ag00001aa157058_T001",TRUE,"Master Protein","Ag00001aa157058_T001",24,18,35,1171,NA,NA,NA,NA,NA,NA,NA,NA,NA,NA,NA,NA,NA,NA,NA,NA,NA,NA,NA,NA,"High","High","High","High","High","High"
"Ag00001aa078260_T001",TRUE,"Master Protein","Ag00001aa078260_T001",54,7,74,218,NA,1.162,0.98580048412852,1,54.9,63.8,14.35,6.1,659.2,420.6,536.6,715.3,858.9,604,1187.7,889.9,1084.7,1205,1358.7,1260.6,"High","High","High","High","High","High"
"Ag00001aa026177_T001",TRUE,"Master Protein","Ag00001aa026177_T001",39,17,40,692,NA,1.87,0.000369117310197287,0.00566534462708469,57.1,106.8,12.83,3.88,518.8,367,364.5,827.1,918.1,721.5,934.7,776.5,736.8,1393.4,1452.3,1505.8,"Not Found","Not Found","Not Found","Not Found","Not Found","Not Found"
"Ag00001aa143736_T001",TRUE,"Master Protein","Ag00001aa143736_T001",59,8,147,152,NA,1.037,0.999375840445044,1,23.9,24.7,8,4.39,20.1,18.8,16.8,22.3,25.6,18,36.2,39.8,34,37.6,40.5,37.6,"High","High","High","High","High","High"
"Ag00001aa119311_T001",TRUE,"Master Protein","Ag00001aa119311_T001",46,13,47,372,NA,0.84,0.396773472891139,0.819327081333551,61.5,51.7,13.68,14.33,668.8,711.5,588.8,737.8,640.1,456.5,1205,1505.3,1190.2,1242.9,1012.6,952.7,"High","High","High","High","High","High"
"Ag00001aa034194_T001",TRUE,"Master Protein","Ag00001aa034194_T001",24,18,35,1171,NA,1.282,0.18403661354145,0.473010213540435,94.7,121.5,10.86,1.9,933.3,640.3,780.3,1170.8,1294.4,969.1,1681.5,1354.7,1577.3,1972.4,2047.6,2022.6,"High","High","High","High","High","High"
"Ag00001aa077953_T001",TRUE,"Master Protein","Ag00001aa077953_T001",36,10,48,503,NA,0.851,0.297221632402628,0.665218293891928,100.3,85.3,4.5,4.09,165.6,144.5,138.5,156.9,160.5,116.7,298.4,305.7,280,264.3,253.9,243.6,"High","High","High","High","High","High"
"Ag00001aa048179_T001",TRUE,"Master Protein","Ag00001aa048179_T001",65,6,127,162,"Met-loss [N-Term]",1.021,0.998089728134943,1,55.5,56.7,7.59,4.7,459.5,381.6,354.3,496.6,484,395.1,827.9,807.4,716.2,836.6,765.6,824.6,"High","High","High","High","High","High"
"Ag00001aa139326_T001",TRUE,"Master Protein","Ag00001aa139326_T001",32,25,40,961,NA,0.778,0.0303173595653349,0.128455889097373,134.2,104.4,7.05,1.73,1191.8,989.1,1180.1,1014.2,1044.2,800.3,2147.3,2092.7,2385.4,1708.6,1651.8,1670.3,"High","High","High","High","High","High"
"Ag00001aa107339_T001",TRUE,"Master Protein","Ag00001aa107339_T001",27,14,78,728,NA,1.142,0.331904507847829,0.720976565119916,94.8,108.2,5.93,9.92,136.6,117.4,110.2,166.8,188.5,117.3,246.1,248.4,222.8,281,298.2,244.8,"High","High","High","High","High","High"
"Ag00001aa111974_T001",TRUE,"Master Protein","Ag00001aa111974_T001",50,10,53,276,NA,0.863,0.197147612140478,0.496011239495507,105.4,91,10.82,3.07,1347.8,1380.3,1207,1249.7,1328.9,1062.6,2428.4,2920.3,2439.8,2105.3,2102.2,2217.7,"High","High","High","High","High","High"
"Ag00001aa038828_T002",TRUE,"Master Protein","Ag00001aa038828_T002",58,15,67,323,NA,1.146,0.0950428328804467,0.294787373394708,119,136.3,3.05,3.38,2044.5,1786.3,1759.2,2386.4,2713.9,2022.4,3683.6,3779.3,3556,4020.3,4293.1,4220.8,"High","High","High","High","High","High"
"Ag00001aa025863_T001",TRUE,"Master Protein","Ag00001aa025863_T001",53,14,42,439,NA,1.025,0.999999786596192,1,88.1,90.3,1.88,7.44,147.2,123.6,126.4,159.1,173.2,114,265.2,261.5,255.5,268,274,237.9,"High","High","High","High","High","High"
"Ag00001aa054113_T001",TRUE,"Master Protein","Ag00001aa054113_T001",35,13,51,511,NA,2.106,0.00327623230481711,0.0259615270005387,83.5,175.8,16.38,4.47,39,24.6,27.4,70.9,69.2,55.9,70.3,52,55.4,119.4,109.5,116.7,"High","High","High","High","High","High"
"Ag00001aa004315_T001",TRUE,"Master Protein","Ag00001aa004315_T001",67,9,64,219,"Met-loss [N-Term]; Met-loss+Acetyl [N-Term]",1.04,0.999992543768188,1,119.8,124.6,8.61,6.17,797.8,760,673.3,887.4,960.8,648.5,1437.4,1608,1361,1495,1519.9,1353.5,"High","High","High","High","High","High"
"Ag00001aa052228_T002",TRUE,"Master Protein","Ag00001aa052228_T002",43,14,48,495,NA,1.256,0.708668776087561,1,36.7,46.2,3.5,26.5,55.1,43.9,46.7,70.4,88.7,38.8,99.3,92.9,94.4,118.6,140.3,81,"High","High","High","High","High","High"
"Ag00001aa128988_T002",TRUE,"Master Protein","Ag00001aa128988_T002",29,24,41,1001,NA,1.029,0.972702811515282,1,74.1,76.3,13.27,15.09,528.6,344.6,429.5,621.2,564.9,370.9,952.4,729.1,868.2,1046.5,893.6,774.1,"High","High","High","High","High","High"
"Ag00001aa127853_T001",TRUE,"Master Protein","Ag00001aa127853_T001",57,13,51,360,NA,1.793,1.24788985509383e-05,0.000643262778228948,53.1,95.3,13.19,4.54,655.1,539.9,453.6,1261.7,1294.9,930.1,1180.3,1142.3,916.9,2125.5,2048.4,1941.2,"High","High","High","High","High","High"
"Ag00001aa152083_T001",TRUE,"Master Protein","Ag00001aa152083_T001",31,13,49,493,NA,1.214,0.903345822937246,1,87.3,106.1,7.59,11.48,19.4,18.9,17.5,25.5,28.6,17.3,35,40,35.4,43,45.2,36.1,"High","High","High","High","High","High"
"Ag00001aa127458_T001",TRUE,"Master Protein","Ag00001aa127458_T001",28,12,81,536,NA,0.899,0.999999999999243,1,34.3,30.8,9.94,16.2,509.8,356.3,428.3,598.1,491.8,364.9,918.5,753.8,865.8,1007.6,778,761.6,"High","High","High","High","High","High"
"Ag00001aa106882_T001",TRUE,"Master Protein","Ag00001aa106882_T001",59,15,59,396,NA,0.272,0.0326561983268659,0.135561327641793,216.5,58.8,16.29,12.64,2404.6,1618.5,2351.6,558.3,744.5,567.9,4332.4,3424.3,4753.5,940.5,1177.7,1185.2,"High","High","High","High","High","High"
"Ag00001aa039812_T002",TRUE,"Master Protein","Ag00001aa039812_T002",38,8,46,311,NA,0.974,0.994170498796837,1,72.6,70.6,1.89,7.74,230,197.2,212.4,224.2,256.8,211.2,414.4,417.2,429.3,377.7,406.2,440.8,"High","High","High","High","High","High"
"Ag00001aa064923_T003",TRUE,"Master Protein","Ag00001aa064923_T003",51,23,44,582,NA,0.983,0.999999118121877,1,96.3,94.6,0.83,2.92,788.5,666.7,691.3,807.5,876.2,690.1,1420.7,1410.6,1397.4,1360.4,1386.1,1440.3,"High","High","High","High","High","High"
"Ag00001aa088789_T001",TRUE,"Master Protein","Ag00001aa088789_T001",35,16,55,565,NA,1.096,0.999270152145567,1,35.7,39.2,15.78,14.44,66.6,44.8,64.3,78.1,84.2,48.8,120,94.8,130,131.6,133.2,101.8,"High","High","High","High","High","High"
"Ag00001aa035013_T001",TRUE,"Master Protein","Ag00001aa035013_T001",26,9,45,591,NA,1.241,0.274971729222292,0.630092879998323,83.9,104.1,8.94,5.04,865.6,665.1,646.4,1036.3,1093.3,907.1,1559.6,1407.2,1306.6,1745.8,1729.5,1893.2,"High","High","High","High","High","High"
"Ag00001aa142492_T002",TRUE,"Master Protein","Ag00001aa142492_T002",22,16,68,985,NA,0.77,0.480158199195948,0.936506900911105,62.5,48.1,14.67,15.54,46.4,34.7,48.6,47.2,40.7,28.4,83.6,73.4,98.2,79.5,64.4,59.3,"High","High","High","High","High","High"
"Ag00001aa034949_T001",TRUE,"Master Protein","Ag00001aa034949_T001",57,18,53,433,NA,1.297,0.426672157507988,0.862755136270818,41.1,53.3,23.18,8.37,22.2,12,15.1,23.5,27,17.3,40,25.4,30.5,39.6,42.7,36.1,"High","High","High","High","High","High"
"Ag00001aa002276_T001",TRUE,"Master Protein","Ag00001aa002276_T001",34,13,52,509,NA,1.295,0.18882449033198,0.480908275622723,96.5,125,6.58,6.2,1063.2,1006.9,937.4,1371,1568.7,1253,1915.6,2130.3,1894.8,2309.7,2481.5,2615.1,"High","High","High","High","High","High"
"Ag00001aa111933_T001",TRUE,"Master Protein","Ag00001aa111933_T001",62,11,78,178,NA,4.144,7.87805652868734e-05,0.00195809546838156,31.7,131.3,5.9,12.85,474.8,363.2,420.3,2090,2653.9,1576.9,855.5,768.4,849.6,3521,4198.2,3291.1,"High","High","High","High","High","High"
"Ag00001aa024101_T001",TRUE,"Master Protein","Ag00001aa024101_T001",46,7,108,152,NA,0.983,0.999999982955808,1,34.2,33.6,63.06,56.47,2.7,6,0,7,3.2,0,4.9,12.7,0,11.8,5.1,0,"High","High","High","High","High","High"
"Ag00001aa002026_T001",TRUE,"Master Protein","Ag00001aa002026_T001",36,16,40,692,NA,1.48,0.00170357954584577,0.0162882158262253,93.4,138.2,8.8,3.29,50.5,36.5,44.3,80.2,83.8,60.7,91,77.2,89.5,135.1,132.6,126.7,"High","High","High","High","High","High"
"Ag00001aa102856_T001",TRUE,"Master Protein","Ag00001aa102856_T001",33,18,109,482,NA,0.839,0.560648418112066,1,228.4,191.5,2.08,8.93,433.1,383.7,389.5,348.4,443.4,316.4,780.3,811.8,787.3,586.9,701.4,660.3,"High","High","High","High","High","High"
"Ag00001aa014966_T001",TRUE,"Master Protein","Ag00001aa014966_T001",22,18,43,1021,NA,1.083,0.381318057400092,0.795753564716214,121.8,131.9,19.52,6.77,861.4,698.6,523.8,950.2,946.6,821.6,1552,1478,1058.8,1600.8,1497.4,1714.7,"High","High","High","High","High","High"
"Ag00001aa006010_T001",TRUE,"Master Protein","Ag00001aa006010_T001",36,14,47,507,NA,1.131,0.889881913593629,1,7,8,5.82,52.17,15.6,12.2,14.3,36,20.1,10.7,28.1,25.8,28.9,60.6,31.8,22.3,"High","High","High","High","High","High"
"Ag00001aa078471_T001",TRUE,"Master Protein","Ag00001aa078471_T001",30,11,40,528,NA,0.799,0.0883682863816611,0.279080413428058,141.7,113.3,18.7,3.87,638.3,471.3,711,558.4,581,417.7,1150,997.1,1437.2,940.7,919.1,871.8,"High","High","High","High","High","High"
"Ag00001aa022334_T002",TRUE,"Master Protein","Ag00001aa022334_T002",43,15,89,305,NA,0.892,0.999181032266971,1,18.4,16.4,7.68,22.54,43.2,32.4,33.7,52.2,38.1,29.3,77.8,68.5,68.1,87.9,60.3,61.2,"High","High","High","High","High","High"
"Ag00001aa156715_T001",TRUE,"Master Protein","Ag00001aa156715_T001",54,17,57,459,NA,0.657,0.174457640713783,0.455312857117458,111.3,73.2,17.14,10.59,933.9,1016.1,775.2,656.4,661.8,613.3,1682.6,2149.8,1567,1105.8,1046.9,1280,"High","High","High","High","High","High"
"Ag00001aa019810_T001",TRUE,"Master Protein","Ag00001aa019810_T001",31,21,63,809,NA,2.921,0.0156173986389271,0.0806907572603108,39.1,114.3,13.22,8.75,711.8,492.8,502,1894,1925.2,1286.6,1282.5,1042.6,1014.7,3190.8,3045.5,2685.2,"High","High","High","High","High","High"
"Ag00001aa076505_T001",TRUE,"Master Protein","Ag00001aa076505_T001",34,16,46,630,NA,1.879,0.00514504899299162,0.0362189568213078,75.6,142.2,16,1.83,1042.9,644,793,1788.3,1950.4,1426.1,1879,1362.5,1603,3012.7,3085.3,2976.3,"High","High","High","High","High","High"
"Ag00001aa052619_T001",TRUE,"Master Protein","Ag00001aa052619_T001",23,12,38,832,NA,2.023,0.128799234120625,0.371138605476211,48.2,97.5,8.44,5.08,556.3,417.8,424.1,1061.3,1171.3,802.6,1002.3,884,857.3,1787.9,1852.9,1675.1,"High","High","High","High","High","High"
"Ag00001aa002437_T001",TRUE,"Master Protein","Ag00001aa002437_T001",40,19,53,618,NA,0.96,0.999602219899285,1,118.8,114.1,4.41,8.33,1520.2,1333,1278.6,1550,1907.8,1260.4,2739,2820.3,2584.5,2611.2,3018,2630.5,"High","High","High","High","High","High"
"Ag00001aa078276_T002",TRUE,"Master Protein","Ag00001aa078276_T002",25,18,38,950,NA,0.489,0.000226022451579211,0.00410943642703438,171.5,84,19.87,4,1697.6,1267.6,1944.7,902.9,946.3,675.1,3058.6,2681.9,3931,1521.1,1497,1409,"High","High","High","High","High","High"
"Ag00001aa026817_T002",TRUE,"Master Protein","Ag00001aa026817_T002",31,13,38,611,NA,0.896,0.355604635281946,0.759515419944485,95.3,85.4,8.9,5.66,761.9,578.8,723.9,730,782.9,535.3,1372.7,1224.6,1463.3,1229.8,1238.5,1117.2,"High","High","High","High","High","High"
"Ag00001aa100198_T003",TRUE,"Master Protein","Ag00001aa100198_T003",27,16,47,727,NA,1.219,0.0265220364163299,0.118023056672509,72.1,87.9,9.77,7.3,201.7,141.9,172.1,251.6,303.4,203.2,363.4,300.2,347.9,423.9,480,424.1,"High","High","High","High","High","High"
"Ag00001aa103584_T001",TRUE,"Master Protein","Ag00001aa103584_T001",34,13,83,380,NA,0.936,0.865220251438851,1,145,135.7,12.32,3.31,3583.1,2941.7,3849.7,3531.1,3819.8,3035.8,6455.8,6223.8,7781.7,5948.7,6042.6,6335.9,"High","High","High","High","High","High"
"Ag00001aa024106_T001",TRUE,"Master Protein","Ag00001aa024106_T001",22,21,33,1517,NA,1.152,0.457512689257136,0.907281907797257,54.1,62.3,24.08,4.39,21.5,20.1,12.9,26.5,26.2,21.5,38.7,42.5,26.1,44.6,41.4,44.9,"High","High","High","High","High","High"
"Ag00001aa078974_T001",TRUE,"Master Protein","Ag00001aa078974_T001",46,7,113,149,NA,0.842,0.999997792052854,1,98.7,83.1,16.59,31.04,183.4,114.7,161.9,252.3,152.8,132.1,330.4,242.7,327.3,425,241.7,275.7,"High","High","High","High","High","High"
"Ag00001aa011541_T001",TRUE,"Master Protein","Ag00001aa011541_T001",34,13,50,509,NA,1.286,0.517708791666674,0.982244658203084,25.1,32.2,7.05,46.22,12.7,9.5,11.2,29.9,18.4,9.8,22.9,20.1,22.6,50.4,29.1,20.5,"High","High","High","High","High","High"
"Ag00001aa083890_T001",TRUE,"Master Protein","Ag00001aa083890_T001",29,17,43,779,NA,1.44,0.304228093669268,0.678221604811847,83.5,120.3,3.26,11.85,135.8,108.5,118.8,205.3,233.9,140,244.7,229.6,240.1,345.9,370,292.2,"High","High","High","High","High","High"
"Ag00001aa153960_T002",TRUE,"Master Protein","Ag00001aa153960_T002",35,13,51,516,NA,1.68,0.010463959023024,0.0602863325087484,79,132.7,2.88,5.04,1122.7,906.9,956.5,1773.5,2072.6,1556,2022.8,1918.8,1933.4,2987.8,3278.7,3247.4,"High","High","High","High","High","High"
"Ag00001aa078514_T004",TRUE,"Master Protein","Ag00001aa078514_T004",55,14,48,400,NA,0.796,0.065672225138776,0.222890952357663,62,49.4,5,6.93,461.6,389.4,375.2,392.3,414.5,279.1,831.7,823.9,758.4,660.9,655.7,582.5,"High","High","High","High","High","High"
"Ag00001aa117510_T001",TRUE,"Master Protein","Ag00001aa117510_T001",56,11,64,228,NA,1.355,0.0998280112386462,0.30553421621525,102.9,139.4,14.18,3.82,2070.8,1324.3,1653.9,2837.7,2863.1,2129.2,3731,2801.9,3343.2,4780.6,4529.2,4443.7,"High","High","High","High","High","High"
"Ag00001aa117299_T001",TRUE,"Master Protein","Ag00001aa117299_T001",37,12,51,509,NA,1.08,0.588309149039034,1,102.2,110.3,4.66,2.57,557.6,495.6,545.4,672.1,710.7,564.8,1004.6,1048.6,1102.5,1132.3,1124.3,1178.8,"High","High","High","High","High","High"
"Ag00001aa089422_T001",TRUE,"Master Protein","Ag00001aa089422_T001",50,10,45,269,NA,1.139,0.999559905393895,1,28.7,32.6,29.41,34.6,6,4.1,7.6,10,5.2,5.9,10.8,8.7,15.4,16.8,8.2,12.3,"High","High","High","High","High","High"
"Ag00001aa127438_T001",TRUE,"Master Protein","Ag00001aa127438_T001",41,12,43,531,NA,0.688,5.87575236843385e-05,0.00164383137856795,112.7,77.6,6.97,8.51,816.1,754.9,836.4,652.6,720,462.6,1470.4,1597.2,1690.7,1099.4,1139,965.5,"High","High","High","High","High","High"
"Ag00001aa090486_T004",TRUE,"Master Protein","Ag00001aa090486_T004",33,8,49,437,NA,1.054,0.930081259736853,1,30.1,31.7,42.46,6.01,18.9,9,23.5,21.3,24.8,16.8,34.1,19,47.5,35.9,39.2,35.1,"High","High","High","High","High","High"
"Ag00001aa118909_T001",TRUE,"Master Protein","Ag00001aa118909_T001",31,11,41,528,NA,0.739,0.0373879949986986,0.149904162958617,160.4,118.6,16.72,9.66,321.2,233.4,341.2,254,265,238.7,578.7,493.8,689.7,427.9,419.2,498.2,"High","High","High","High","High","High"
"Ag00001aa002239_T001",TRUE,"Master Protein","Ag00001aa002239_T001",44,7,109,153,NA,1.059,0.999191138840597,1,137.3,145.4,14.15,9.6,313.4,217.4,302,372.5,328.4,286.6,564.7,460,610.5,627.5,519.5,598.1,"High","High","High","High","High","High"
"Ag00001aa005319_T002",TRUE,"Master Protein","Ag00001aa005319_T002",38,20,62,530,NA,0.755,0.0244061554460102,0.112089618730462,81.6,61.6,11.37,6.04,1177.3,1236.6,1094.7,1083.6,1030.4,800.4,2121.2,2616.3,2212.8,1825.5,1630,1670.5,"High","High","High","High","High","High"
"Ag00001aa085317_T003",TRUE,"Master Protein","Ag00001aa085317_T003",31,13,57,565,NA,0.634,0.17965644945994,0.464557510232928,180.2,114.2,11.66,16.64,228.8,176,232.2,152,165.2,163.4,412.2,372.4,469.4,256.1,261.3,341,"High","High","High","High","High","High"
"Ag00001aa082523_T001",TRUE,"Master Protein","Ag00001aa082523_T001",32,11,44,517,NA,2.445,0.0766793114433658,0.251061547742317,55.1,134.8,16.27,8.38,419.6,287.9,274.4,849.6,1060.2,713.7,756,609.1,554.7,1431.3,1677.1,1489.5,"High","High","High","High","High","High"
"Ag00001aa065361_T001",TRUE,"Master Protein","Ag00001aa065361_T001",55,16,72,287,NA,1.144,0.711555898405818,1,119.9,137.2,5.56,4.96,1242.9,1167.9,1116,1531.4,1564.1,1308.2,2239.4,2471,2255.9,2579.9,2474.3,2730.3,"High","High","High","High","High","High"
"Ag00001aa125357_T001",TRUE,"Master Protein","Ag00001aa125357_T001",29,23,44,990,NA,1.6,0.0584432454794152,0.204080456965623,70.3,112.4,9.49,1.28,540.4,382.2,461.2,904.6,941.6,714.8,973.7,808.6,932.3,1523.9,1489.5,1491.8,"High","High","High","High","High","High"
"Ag00001aa070337_T001",TRUE,"Master Protein","Ag00001aa070337_T001",41,12,56,399,NA,1.176,0.178690212297851,0.463618145241273,71.7,84.4,4.98,6.79,276.8,240.4,228.7,386.6,363.6,281.1,498.7,508.6,462.3,651.3,575.2,586.7,"High","High","High","High","High","High"
"Ag00001aa125700_T001",TRUE,"Master Protein","Ag00001aa125700_T001",50,10,45,269,NA,0.782,0.999999943401082,1,13.4,10.5,43.23,90.51,4,3.2,6.9,14,3.4,2.7,7.2,6.8,13.9,23.6,5.4,5.6,"High","High","High","High","High","High"
"Ag00001aa119757_T001",TRUE,"Master Protein","Ag00001aa119757_T001",33,15,42,634,NA,2.257,0.0092003481171492,0.0542551948838121,77.9,175.9,23.75,10.4,39,21.6,24.7,79.4,70.7,54,70.3,45.7,49.9,133.8,111.8,112.7,"High","High","High","High","High","High"
"Ag00001aa063596_T001",TRUE,"Master Protein","Ag00001aa063596_T001",34,10,44,446,NA,1.023,0.999981348007155,1,163.6,167.3,6.98,4.69,266.9,260.8,250.9,293.1,342.9,248.5,480.9,551.8,507.2,493.8,542.4,518.6,"High","High","High","High","High","High"
"Ag00001aa018572_T001",TRUE,"Master Protein","Ag00001aa018572_T001",31,13,53,426,"Met-loss+Acetyl [N-Term]",1.214,0.00233557772741544,0.0205655082049037,78.9,95.8,5.47,5.9,1104,943.9,895.5,1433.3,1460.8,1243.5,1989.1,1997,1810.1,2414.6,2310.8,2595.2,"High","High","High","High","High","High"
"Ag00001aa121589_T001",TRUE,"Master Protein","Ag00001aa121589_T001",54,6,40,164,NA,0.653,0.000727537417114399,0.00900393659103781,125.2,81.8,12.14,5.48,767,630.1,821.9,534.3,625.6,432.4,1381.9,1333.1,1661.4,900.1,989.6,902.4,"High","High","High","High","High","High"
"Ag00001aa102518_T001",TRUE,"Master Protein","Ag00001aa102518_T001",43,7,108,148,NA,0.697,0.78714833376934,1,161.1,112.3,17.38,19.99,4235.3,2603.2,3725.1,3843.8,2745,2515.1,7630.8,5507.7,7529.8,6475.5,4342.3,5249.1,"High","High","High","High","High","High"
"Ag00001aa055023_T001",TRUE,"Master Protein","Ag00001aa055023_T001",54,8,97,172,NA,1.238,0.0147603984758155,0.0770371924829291,102.1,126.4,2.49,10.78,2195.7,1958.2,1972.3,2770.3,3119.5,2743.9,3956,4143,3986.8,4667,4934.8,5726.7,"High","High","High","High","High","High"
"Ag00001aa013419_T001",TRUE,"Master Protein","Ag00001aa013419_T001",20,21,32,1615,NA,1.8,0.00144499578553714,0.0144961782592859,72,129.6,19.38,3.71,535.3,324.2,354.2,768.6,765.3,617.5,964.5,685.9,716,1294.8,1210.6,1288.8,"High","High","High","High","High","High"
"Ag00001aa024074_T001",TRUE,"Master Protein","Ag00001aa024074_T001",61,8,74,219,"Met-loss [N-Term]; Met-loss+Acetyl [N-Term]",0.91,0.156629284910334,0.425315064379441,109.8,99.9,2.58,2.63,178.3,153.9,167,175.8,190,136.8,321.2,325.6,337.6,296.2,300.6,285.5,"High","High","High","High","High","High"
"Ag00001aa004466_T001",TRUE,"Master Protein","Ag00001aa004466_T001",42,8,99,216,NA,0.92,0.999995933730187,1,104.1,95.8,9.26,10.66,272.4,192.7,226.8,241.9,313.1,202.2,490.8,407.7,458.4,407.5,495.3,422,"High","High","High","High","High","High"
"Ag00001aa034409_T001",TRUE,"Master Protein","Ag00001aa034409_T001",31,15,39,687,NA,NA,NA,NA,NA,NA,NA,NA,NA,NA,NA,NA,NA,NA,NA,NA,NA,NA,NA,NA,"High","High","High","High","High","High"
"Ag00001aa061127_T001",TRUE,"Master Protein","Ag00001aa061127_T001",43,18,51,545,"Met-loss [N-Term]",1.127,0.48298082185069,0.940703617391163,113.3,127.6,20.31,1.74,1156.1,650.3,886.7,1186.6,1307.1,967.5,2083,1375.9,1792.4,1999,2067.7,2019.2,"High","High","High","High","High","High"
"Ag00001aa101350_T001",TRUE,"Master Protein","Ag00001aa101350_T001",46,7,115,173,NA,1.164,0.0269414984133156,0.118924228157511,94.3,109.7,0.62,8.55,1270.2,1084.6,1145.7,1552.7,1687.8,1462.3,2288.6,2294.7,2315.9,2615.8,2669.9,3051.9,"High","High","High","High","High","High"
"Ag00001aa114946_T001",TRUE,"Master Protein","Ag00001aa114946_T001",46,15,64,472,NA,1.291,0.0298980505017108,0.127669281934572,97.5,125.9,8.23,8.48,1737.8,1688.4,1526.7,2327.6,2555.9,2198,3131,3572.2,3086,3921.2,4043.2,4587.3,"High","High","High","High","High","High"
"Ag00001aa138266_T001",TRUE,"Master Protein","Ag00001aa138266_T001",22,16,66,981,NA,0.869,0.834142914992246,1,135,117.3,5.62,3.15,590.1,531.4,588.6,571.3,646.1,468,1063.2,1124.3,1189.8,962.5,1022.1,976.7,"High","High","High","High","High","High"
"Ag00001aa014453_T001",TRUE,"Master Protein","Ag00001aa014453_T001",59,8,144,152,NA,1.172,0.999848297650893,1,27.4,32.1,29.04,21.49,5.7,3.2,0,5.8,4.3,5,10.3,6.8,0,9.8,6.8,10.4,"High","High","Not Found","High","High","High"
"Ag00001aa006158_T002",TRUE,"Master Protein","Ag00001aa006158_T002",25,11,40,663,NA,0.995,0.999999999939811,1,127.4,126.8,6.99,5.04,702.6,646.4,720.4,767,860.5,684.8,1265.9,1367.6,1456.2,1292.1,1361.2,1429.2,"High","High","High","High","High","High"
"Ag00001aa026356_T001",TRUE,"Master Protein","Ag00001aa026356_T001",35,13,40,510,NA,1.522,0.621922051170506,1,46.3,70.4,4.07,3.93,489.4,393.8,403.4,752.6,807,569.2,881.8,833.2,815.4,1267.9,1276.6,1187.9,"Not Found","Not Found","Not Found","Not Found","Not Found","Not Found"
"Ag00001aa022096_T002",TRUE,"Master Protein","Ag00001aa022096_T002",25,15,41,822,NA,0.666,0.00111426672405546,0.0119638115471108,146.8,97.8,7.99,6.75,1730.3,1723.7,1635.6,1307.5,1475.1,976.6,3117.5,3646.9,3306.2,2202.7,2333.5,2038.2,"High","High","High","High","High","High"
"Ag00001aa030675_T001",TRUE,"Master Protein","Ag00001aa030675_T001",39,6,104,155,NA,0.971,0.992664161485666,1,151.7,147.2,9.03,18.74,113.5,92.2,114.6,130,94.8,95.1,204.5,195.1,231.6,219,150,198.5,"High","High","High","High","High","High"
"Ag00001aa026868_T001",TRUE,"Master Protein","Ag00001aa026868_T001",51,8,99,181,NA,NA,NA,NA,NA,NA,NA,NA,NA,NA,NA,NA,NA,NA,NA,NA,NA,NA,NA,NA,"High","High","High","High","High","High"
"Ag00001aa049647_T001",TRUE,"Master Protein","Ag00001aa049647_T001",22,8,102,491,NA,1.125,0.999990314353131,1,16.5,18.6,20.86,19.28,9.6,7,11,9.4,12.3,11.2,17.3,14.8,22.2,15.8,19.5,23.4,"High","High","High","High","High","High"
"Ag00001aa003699_T001",TRUE,"Master Protein","Ag00001aa003699_T001",37,12,71,450,NA,0.437,0.000666311445135737,0.00841663996091967,200.8,87.7,24.35,8.95,1293,955.3,1584.8,651.8,642.9,439.6,2329.6,2021.2,3203.5,1098.1,1017,917.5,"High","High","High","High","High","High"
"Ag00001aa065033_T001",TRUE,"Master Protein","Ag00001aa065033_T001",46,11,76,334,NA,0.888,0.71334783613524,1,115,102.2,8.15,6.22,2256.9,1863.5,2269.5,2118.7,2283.8,1911.9,4066.3,3942.7,4587.5,3569.3,3612.8,3990.2,"High","High","High","High","High","High"
"Ag00001aa043747_T004",TRUE,"Master Protein","Ag00001aa043747_T004",36,12,35,494,NA,0.807,0.0863587877262453,0.274313441396959,41.9,33.8,12.35,6.91,96.1,76.2,101,82.9,82.5,71.8,173.1,161.2,204.2,139.7,130.5,149.9,"High","High","High","High","High","High"
"Ag00001aa020846_T001",TRUE,"Master Protein","Ag00001aa020846_T001",19,11,33,802,NA,1.039,0.707525474801816,1,49.5,51.4,34,28.78,14.7,7.1,7.7,9.6,11.2,4.7,26.5,15,15.6,16.2,17.7,9.8,"High","High","High","High","High","High"
"Ag00001aa090528_T001",TRUE,"Master Protein","Ag00001aa090528_T001",42,9,36,371,NA,1.207,0.999977128021495,1,71.8,86.7,34.52,17.6,667.2,318,348.6,504.9,643.6,342.8,1202.1,672.8,704.7,850.6,1018.1,715.4,"High","High","High","High","High","High"
"Ag00001aa066192_T001",TRUE,"Master Protein","Ag00001aa066192_T001",38,11,36,439,NA,0.701,0.000910740718396585,0.0103669607276509,138.9,97.3,9.16,1.98,592.3,461,579.5,452.6,463.3,358.4,1067.2,975.4,1171.4,762.5,732.9,748,"High","High","High","High","High","High"
"Ag00001aa108923_T001",TRUE,"Master Protein","Ag00001aa108923_T001",43,8,37,315,NA,0.919,0.999999995641555,1,34.5,31.7,10.81,32.68,23.2,19.3,24.5,37.2,22.5,18.4,41.8,40.8,49.5,62.7,35.6,38.4,"High","High","High","High","High","High"
"Ag00001aa026358_T001",TRUE,"Master Protein","Ag00001aa026358_T001",37,13,39,510,NA,NA,NA,NA,NA,NA,NA,NA,NA,NA,NA,NA,NA,NA,NA,NA,NA,NA,NA,NA,"Not Found","Not Found","Not Found","Not Found","Not Found","Not Found"
"Ag00001aa006924_T001",TRUE,"Master Protein","Ag00001aa006924_T001",22,13,32,1008,NA,1.145,0.99999999315421,1,27.7,31.7,6.47,27.6,8.4,7.5,6.9,11,6.7,8.3,15.1,15.9,13.9,18.5,10.6,17.3,"High","High","High","High","High","High"
"Ag00001aa046278_T001",TRUE,"Master Protein","Ag00001aa046278_T001",38,12,135,360,NA,0.997,0.99996870498233,1,22.6,22.5,4.22,9.56,1000.1,863.5,834.4,1192.2,1135.9,796.7,1801.9,1826.9,1686.6,2008.5,1796.9,1662.8,"High","High","High","High","High","High"
"Ag00001aa075366_T003",TRUE,"Master Protein","Ag00001aa075366_T003",29,13,36,548,NA,0.795,0.241741530449984,0.577427710171944,219.4,174.3,13.4,25.74,236.9,180.6,246.3,201.3,255.3,113.6,426.8,382.1,497.9,339.1,403.9,237.1,"High","High","High","High","High","High"
"Ag00001aa064210_T002",TRUE,"Master Protein","Ag00001aa064210_T002",39,15,44,627,NA,0.995,0.999700480998741,1,23,22.9,31.69,23.02,6.9,9.6,12,12,15.8,7.5,12.4,20.3,24.3,20.2,25,15.7,"High","High","High","High","High","High"
"Ag00001aa097250_T001",TRUE,"Master Protein","Ag00001aa097250_T001",46,12,38,394,NA,0.164,0.00364195607610218,0.0282136413831677,279.4,45.9,23.48,17.65,830.5,574.7,958.7,110.7,155.5,127.1,1496.3,1215.9,1937.9,186.5,246,265.3,"High","High","High","High","High","High"
"Ag00001aa126953_T002",TRUE,"Master Protein","Ag00001aa126953_T002",29,11,39,484,NA,1.303,0.893333572710852,1,54.7,71.3,2.87,16.96,56.5,47.9,47.8,78.4,64.6,68.8,101.8,101.3,96.6,132.1,102.2,143.6,"High","High","High","High","High","High"
"Ag00001aa020046_T001",TRUE,"Master Protein","Ag00001aa020046_T001",58,6,32,179,NA,1.352,0.018290325681922,0.0904021332118366,58.5,79,5.93,2.49,464.3,385.6,369.1,654.6,669.6,531.5,836.5,815.8,746.1,1102.8,1059.2,1109.3,"High","High","High","High","High","High"
"Ag00001aa032161_T001",TRUE,"Master Protein","Ag00001aa032161_T001",32,17,36,693,NA,1.007,0.999991756635912,1,158,159.2,7.44,4.21,273,215.6,261.9,294.7,291.2,237.4,491.9,456.2,529.4,496.5,460.7,495.5,"High","High","High","High","High","High"
"Ag00001aa095030_T001",TRUE,"Master Protein","Ag00001aa095030_T001",66,14,117,309,NA,1.142,0.999995106335806,1,45,51.4,9.05,14.29,142.9,104.6,109.1,159.1,159.8,96.9,257.5,221.3,220.5,268,252.8,202.2,"High","High","High","High","High","High"
"Ag00001aa029075_T001",TRUE,"Master Protein","Ag00001aa029075_T001",34,5,104,145,NA,0.85,0.999986136299819,1,149.7,127.2,22.9,25.96,365.9,194.9,271.1,398.8,264.6,223.2,659.3,412.4,548,671.8,418.6,465.8,"High","High","High","High","High","High"
"Ag00001aa137018_T001",TRUE,"Master Protein","Ag00001aa137018_T001",42,13,44,441,NA,0.786,0.275504944175387,0.630950792598436,158.6,124.6,5.6,4.53,1514.6,1435.7,1390.2,1289.3,1395.7,1132.4,2728.9,3037.6,2810.1,2172,2207.9,2363.4,"High","High","High","High","High","High"
"Ag00001aa092668_T001",TRUE,"Master Protein","Ag00001aa092668_T001",32,12,45,503,NA,1.137,0.980901601915097,1,56,63.6,3.37,4.64,429.1,348.9,358.4,505.5,530.6,373.8,773.1,738.2,724.5,851.6,839.4,780.1,"High","High","High","High","High","High"
"Ag00001aa055585_T001",TRUE,"Master Protein","Ag00001aa055585_T001",39,15,33,543,NA,0.703,0.00353738847477614,0.0276721994370738,134.3,94.4,10.79,7.07,277.5,191.9,214.8,181.2,210.3,138.7,500,406,434.2,305.3,332.7,289.5,"High","High","High","High","High","High"
"Ag00001aa135086_T001",TRUE,"Master Protein","Ag00001aa135086_T001",29,8,23,501,NA,1.177,0.0971902979957736,0.299249481297525,106.9,125.9,4.55,5.03,481.3,410.9,396.6,601.1,645.4,530.8,867.2,869.4,801.7,1012.7,1021,1107.8,"High","High","High","High","High","High"
"Ag00001aa069992_T001",TRUE,"Master Protein","Ag00001aa069992_T001",67,11,42,223,"Met-loss [N-Term]",0.814,0.030123623016456,0.128196845324656,141.1,114.9,8.69,4.92,1652.9,1653.7,1522.1,1487,1534.7,1280.2,2978.1,3498.8,3076.7,2505.1,2427.8,2671.8,"High","High","High","High","High","High"
"Ag00001aa012578_T002",TRUE,"Master Protein","Ag00001aa012578_T002",54,9,47,181,NA,0.911,0.900225911374005,1,106.7,97.2,13.6,3.64,1101.4,1073.3,855.2,1066.9,1142.2,919,1984.4,2270.8,1728.7,1797.4,1806.9,1918,"High","High","High","High","High","High"
"Ag00001aa061282_T001",TRUE,"Master Protein","Ag00001aa061282_T001",40,13,45,495,NA,0.704,0.160215202840058,0.431805695940255,45.7,32.2,15.72,38.26,23.6,15,20.8,18.6,18.7,6.7,42.5,31.7,42,31.3,29.6,14,"High","High","High","High","High","High"
"Ag00001aa102068_T001",TRUE,"Master Protein","Ag00001aa102068_T001",36,4,63,195,NA,1.17,0.620795420127831,1,104.1,121.8,13.92,6.79,1593.9,1570.2,1244.6,1994.8,2013,1744.9,2871.8,3322.1,2515.8,3360.6,3184.4,3641.7,"High","High","High","High","High","High"
"Ag00001aa009888_T001",TRUE,"Master Protein","Ag00001aa009888_T001",35,14,28,578,NA,2.039,0.00657202691926573,0.0435988960889557,36.8,75,3.11,9.91,187.9,150.4,161.9,396.1,378.5,350.1,338.5,318.2,327.3,667.3,598.8,730.7,"High","High","High","High","High","High"
"Ag00001aa111862_T002",TRUE,"Master Protein","Ag00001aa111862_T002",46,11,71,334,NA,0.76,0.0725718405987538,0.240186391628977,121,91.9,23.32,5.2,120,102.6,157.2,97.9,96.7,81.1,216.2,217.1,317.8,164.9,153,169.3,"High","High","High","High","High","High"
"Ag00001aa060591_T001",TRUE,"Master Protein","Ag00001aa060591_T001",25,10,90,471,NA,0.871,0.246171733503685,0.584928390776338,156.2,136,9.31,7.46,1252.5,1082.5,1315.7,1043.8,1260.4,967.2,2256.7,2290.3,2659.5,1758.5,1993.8,2018.6,"High","Not Found","High","High","High","High"
"Ag00001aa019017_T001",TRUE,"Master Protein","Ag00001aa019017_T001",32,13,27,578,NA,1.196,0.196396102980917,0.494576355703805,44.4,53.2,16,5.46,26.2,16.5,22.9,31.1,35,28,47.2,34.9,46.3,52.4,55.4,58.4,"High","High","High","High","High","High"
"Ag00001aa123622_T001",TRUE,"Master Protein","Ag00001aa123622_T001",35,10,39,446,NA,1.246,0.371659878136095,0.781275672921064,44,54.8,10.71,8.12,22.1,15.4,16.9,27.4,26.9,18.8,39.8,32.6,34.2,46.2,42.6,39.2,"High","High","High","High","High","High"
"Ag00001aa054066_T001",TRUE,"Master Protein","Ag00001aa054066_T001",20,13,32,1008,NA,1.056,0.895043790222705,1,110,116.2,11.64,5.55,635.4,432.5,546.8,711.4,737.9,515.5,1144.8,915.1,1105.3,1198.5,1167.3,1075.9,"High","High","High","High","High","High"
"Ag00001aa156538_T001",TRUE,"Master Protein","Ag00001aa156538_T001",26,17,59,713,NA,1.746,0.342005946219865,0.739214157970322,30.3,52.9,8.09,15.94,130.1,108.7,99.6,238.3,191,195,234.4,230,201.3,401.5,302.1,407,"High","High","High","High","High","High"
"Ag00001aa025279_T001",TRUE,"Master Protein","Ag00001aa025279_T001",36,12,56,438,NA,1.113,0.504276704757811,0.968803057516496,92.2,102.7,1.86,2.99,1917.2,1626.3,1651.4,2271.8,2421.8,1931.5,3454.3,3440.8,3338.1,3827.2,3831.1,4031.1,"High","High","High","High","High","High"
"Ag00001aa071304_T001",TRUE,"Master Protein","Ag00001aa071304_T001",33,11,76,450,NA,0.418,0.000301746718561979,0.0048630390694005,212.8,88.9,20.85,3.19,192.5,139.9,220,86,94.9,67.5,346.8,296,444.7,144.9,150.1,140.9,"High","High","High","High","High","High"
"Ag00001aa011032_T001",TRUE,"Master Protein","Ag00001aa011032_T001",36,13,37,510,NA,1.469,0.782571797774634,1,56.1,82.4,10.03,8.73,34,29.7,25.7,53.4,51.6,46.6,61.3,62.8,51.9,90,81.6,97.3,"High","High","High","High","High","High"
"Ag00001aa030737_T001",TRUE,"Master Protein","Ag00001aa030737_T001",30,10,89,387,NA,NA,NA,NA,NA,NA,NA,NA,NA,NA,NA,NA,NA,NA,NA,NA,NA,NA,NA,NA,"High","High","High","High","High","High"
"Ag00001aa102038_T001",TRUE,"Master Protein","Ag00001aa102038_T001",34,20,40,898,NA,0.588,0.00196084843902555,0.0179290967196826,147.1,86.6,12.3,7.56,1123.9,842.4,1128.6,707.1,810.5,528,2025,1782.3,2281.3,1191.2,1282.1,1102,"High","High","High","High","High","High"
"Ag00001aa000539_T001",TRUE,"Master Protein","Ag00001aa000539_T001",42,10,41,374,NA,1.014,0.999996316550321,1,136.7,138.6,4.88,2.75,318.5,296.1,286.6,338.1,380.4,281.5,573.8,626.5,579.3,569.6,601.8,587.5,"High","High","High","High","High","High"
"Ag00001aa032985_T001",TRUE,"Master Protein","Ag00001aa032985_T001",52,16,37,453,NA,1.456,0.0453983161371101,0.171546332188357,47.4,69,10.51,12.83,41.8,30.3,30.8,55.4,71.8,43.2,75.3,64.1,62.3,93.3,113.6,90.2,"High","High","High","High","High","High"
"Ag00001aa001425_T002",TRUE,"Master Protein","Ag00001aa001425_T002",27,11,31,608,NA,2.929,0.013423611784987,0.0716126254491829,56.7,166.2,16.15,6.21,32.6,20.2,24.1,81.8,90.2,74.4,58.7,42.7,48.7,137.8,142.7,155.3,"High","High","High","High","High","High"
"Ag00001aa046697_T001",TRUE,"Master Protein","Ag00001aa046697_T001",33,18,38,693,NA,0.994,0.999972245054821,1,90.4,89.9,0.24,2.67,842.5,717.1,747.7,904.2,915.4,722.8,1518,1517.2,1511.4,1523.3,1448.1,1508.5,"High","High","High","High","High","High"
"Ag00001aa117671_T001",TRUE,"Master Protein","Ag00001aa117671_T001",34,12,44,505,NA,1.488,0.103441836445076,0.313176630700474,75.3,112.1,13.06,17.73,24.7,20.2,17.1,29.1,40.2,33.6,44.5,42.7,34.6,49,63.6,70.1,"High","High","High","High","High","High"
"Ag00001aa051850_T001",TRUE,"Master Protein","Ag00001aa051850_T001",60,18,99,314,NA,1.925,4.59852423795315e-06,0.000643262778228948,68.9,132.7,4.61,1.82,1796.7,1445.9,1462.4,3496.3,3704,2903.6,3237.2,3059.1,2956.1,5890.1,5859.4,6060,"High","High","High","High","High","High"
"Ag00001aa106819_T002",TRUE,"Master Protein","Ag00001aa106819_T002",26,22,36,1003,NA,NA,NA,NA,NA,NA,NA,NA,NA,NA,NA,NA,NA,NA,NA,NA,NA,NA,NA,NA,"High","High","High","High","High","High"
"Ag00001aa044369_T001",TRUE,"Master Protein","Ag00001aa044369_T001",20,11,35,833,NA,1.287,0.830953186035829,1,23.4,30.1,62.87,14.26,2.2,0,5.1,4.7,5.2,4.9,4,0,10.3,7.9,8.2,10.2,"High","Not Found","High","High","High","High"
"Ag00001aa123087_T001",TRUE,"Master Protein","Ag00001aa123087_T001",41,14,49,366,NA,0.832,0.203083466657073,0.507197978964585,134.4,111.8,6.98,3.24,2030.2,1979.1,1889.8,1894.4,2008.8,1442,3657.9,4187.2,3820,3191.4,3177.7,3009.5,"High","High","High","High","High","High"
"Ag00001aa009461_T002",TRUE,"Master Protein","Ag00001aa009461_T002",21,16,30,1061,NA,0.922,0.932245076672675,1,143.9,132.7,10.51,3.22,1042.1,982.6,1146.1,1087,1232.6,918.5,1877.6,2078.9,2316.7,1831.2,1949.9,1917,"High","High","High","High","High","High"
"Ag00001aa015828_T002",TRUE,"Master Protein","Ag00001aa015828_T002",58,14,53,323,NA,0.893,0.972123230018965,1,77.6,69.3,22.29,11.58,9,12.1,11.1,9.9,13.2,9.6,16.2,25.6,22.4,16.7,20.9,20,"High","High","High","High","High","High"
"Ag00001aa089744_T001",TRUE,"Master Protein","Ag00001aa089744_T001",28,22,42,987,NA,NA,NA,NA,NA,NA,NA,NA,NA,NA,NA,NA,NA,NA,NA,NA,NA,NA,NA,NA,"High","High","High","High","High","High"
"Ag00001aa136467_T001",TRUE,"Master Protein","Ag00001aa136467_T001",30,18,35,888,NA,0.539,0.00506315543314517,0.0357902527506536,176.9,95.3,12.13,9.75,1057.4,749.2,995.7,609.1,688.5,429.8,1905.1,1585.1,2012.7,1026.1,1089.1,897,"High","High","High","High","High","High"
"Ag00001aa010828_T001",TRUE,"Master Protein","Ag00001aa010828_T001",29,10,64,449,NA,0.548,0.0440762785811531,0.168218220339792,277.6,152.2,23.87,7.33,43.3,29.7,50,25.4,27.8,18.3,78,62.8,101.1,42.8,44,38.2,"High","High","High","High","High","High"
"Ag00001aa069526_T001",TRUE,"Master Protein","Ag00001aa069526_T001",45,9,51,276,NA,1.042,0.999885943848818,1,31.3,32.6,13.57,22.91,44.8,33.6,46.1,62.5,41.9,40.3,80.7,71.1,93.2,105.3,66.3,84.1,"High","High","High","High","High","High"
"Ag00001aa081981_T001",TRUE,"Master Protein","Ag00001aa081981_T001",22,13,32,872,NA,0.57,4.76807959545189e-05,0.00140324349710304,166.5,94.9,17.04,3.76,1217.4,953.3,1372.9,742.3,811.6,571,2193.4,2016.9,2775.1,1250.5,1283.9,1191.7,"High","High","High","High","High","High"
"Ag00001aa140871_T001",TRUE,"Master Protein","Ag00001aa140871_T001",52,16,36,454,NA,1.78,0.190624456927958,0.484457250808701,28.4,50.6,24.95,4.45,365,202.7,220.6,471.1,519.9,360.6,657.6,428.9,445.9,793.6,822.4,752.6,"High","High","High","High","High","High"
"Ag00001aa105582_T001",TRUE,"Master Protein","Ag00001aa105582_T001",33,19,35,582,NA,0.98,0.999986032769319,1,110.6,108.4,9.09,9.1,809.8,655.3,603,889.5,859.3,598.9,1459,1386.4,1218.9,1498.5,1359.3,1249.9,"High","High","High","High","High","High"
"Ag00001aa069434_T001",TRUE,"Master Protein","Ag00001aa069434_T001",41,13,36,507,NA,0.806,0.0426930279918544,0.164718519782104,112.5,90.7,6.78,2.51,462.1,348.7,369.4,352.8,380.3,298.8,832.6,737.8,746.7,594.4,601.6,623.6,"High","High","High","High","High","High"
"Ag00001aa043617_T002",TRUE,"Master Protein","Ag00001aa043617_T002",42,16,45,489,NA,1.55,0.00771513018053027,0.0485122932771206,77.4,120,9.16,3.75,633.8,479.5,473,910.7,994,791,1141.9,1014.5,956.1,1534.2,1572.4,1650.9,"High","High","High","High","High","High"
"Ag00001aa021465_T001",TRUE,"Master Protein","Ag00001aa021465_T001",64,10,27,275,NA,3.068,0.102565547884709,0.311609766662469,39.1,120,5.89,8.78,167.4,128.9,150.1,480.6,585,460.2,301.6,272.7,303.4,809.7,925.4,960.5,"High","High","High","High","High","High"
"Ag00001aa044175_T002",TRUE,"Master Protein","Ag00001aa044175_T002",40,12,36,344,NA,1.218,0.276882570124113,0.632707596728823,75.8,92.4,15.14,5.34,645.3,540.7,433.2,827.2,839.1,707.5,1162.7,1144,875.7,1393.6,1327.4,1476.6,"High","High","High","High","High","High"
"Ag00001aa098387_T001",TRUE,"Master Protein","Ag00001aa098387_T001",34,12,64,505,NA,0.738,0.0690291344867874,0.230703652499588,94.5,69.7,12.32,9.91,34.1,36.2,31.3,27.7,34.2,21.6,61.4,76.6,63.3,46.7,54.1,45.1,"High","High","High","High","High","High"
"Ag00001aa058481_T001",TRUE,"Master Protein","Ag00001aa058481_T001",34,14,36,543,NA,0.758,0.136358203749429,0.384493747191189,110.5,83.8,11.84,1.23,165.8,111.6,138.6,126.1,133.5,103.6,298.7,236.1,280.2,212.4,211.2,216.2,"High","High","High","High","High","High"
"Ag00001aa148785_T001",TRUE,"Master Protein","Ag00001aa148785_T001",21,17,44,1100,NA,0.632,0.000464756311180703,0.0067837914472157,136.4,86.2,14.88,2.58,1145.2,801,1132.2,793.2,802.3,624.8,2063.3,1694.7,2288.6,1336.3,1269.2,1304,"High","High","High","High","High","High"
"Ag00001aa112311_T001",TRUE,"Master Protein","Ag00001aa112311_T001",41,13,39,473,NA,0.842,0.382986516609141,0.7980476099218,45.3,38.2,3.99,8.37,11.7,9.2,10,10.1,11.7,7.5,21.1,19.5,20.2,17,18.5,15.7,"High","High","High","High","High","High"
"Ag00001aa077527_T001",TRUE,"Master Protein","Ag00001aa077527_T001",51,11,50,237,NA,0.966,0.998034974650115,1,112.3,108.6,1.7,7.32,314.5,258.9,276.5,299.4,341.4,279.7,566.6,547.8,558.9,504.4,540.1,583.7,"High","High","High","High","High","High"
"Ag00001aa110635_T001",TRUE,"Master Protein","Ag00001aa110635_T001",53,6,37,207,"Met-loss [N-Term]",0.633,0.236007245920544,0.568057024513995,207.1,131,9.73,27.96,340.7,251.5,318.8,230.5,212.8,271.2,613.8,532.1,644.4,388.3,336.6,566,"High","High","High","High","High","High"
"Ag00001aa064781_T001",TRUE,"Master Protein","Ag00001aa064781_T001",45,22,34,743,NA,0.777,0.13917039621861,0.39049624064353,151.2,117.5,10.04,4.91,774.7,600.5,768,619.9,727.4,519.7,1395.8,1270.5,1552.4,1044.3,1150.7,1084.6,"High","High","High","High","High","High"
"Ag00001aa075231_T001",TRUE,"Master Protein","Ag00001aa075231_T001",34,15,36,620,NA,1.562,0.0143548421783907,0.0752974821934874,91.8,143.4,8.81,2.62,542.6,414.5,517.6,906.6,995.5,716.3,977.6,877,1046.3,1527.3,1574.8,1495,"High","High","High","High","High","High"
"Ag00001aa028644_T004",TRUE,"Master Protein","Ag00001aa028644_T004",27,21,33,1017,NA,0.736,0.32153011354143,0.707075540767,80.9,59.5,12.37,4.28,13.6,13.1,10.7,11.2,11.4,8.3,24.5,27.7,21.6,18.9,18,17.3,"High","High","High","High","High","High"
"Ag00001aa044168_T002",TRUE,"Master Protein","Ag00001aa044168_T002",43,14,58,442,NA,0.639,0.449653651570279,0.895613059817722,104.3,66.7,13.42,10.85,992.8,644.8,791.8,684.4,587.4,490.3,1788.8,1364.2,1600.5,1153,929.2,1023.3,"High","High","High","High","High","High"
"Ag00001aa043756_T002",TRUE,"Master Protein","Ag00001aa043756_T002",30,12,35,564,NA,4.358,0.000110686745164457,0.00241431597228649,76.7,334.3,10.21,34.99,25.5,17.7,20.5,107.2,151.4,55,45.9,37.4,41.4,180.6,239.5,114.8,"High","High","High","High","High","High"
"Ag00001aa141778_T001",TRUE,"Master Protein","Ag00001aa141778_T001",37,9,20,450,NA,0.837,0.139131373185825,0.39049624064353,144.2,120.7,6.39,4.65,368.2,319.8,369.1,311.1,358,273.5,663.4,676.6,746.1,524.1,566.3,570.8,"High","High","High","High","High","High"
"Ag00001aa015957_T001",TRUE,"Master Protein","Ag00001aa015957_T001",29,12,39,573,NA,1.072,0.998289007727943,1,51.5,55.2,4.18,9.67,16.1,13.4,15.2,21.1,18.7,14.9,29,28.4,30.7,35.5,29.6,31.1,"High","High","High","High","High","High"
"Ag00001aa026980_T001",TRUE,"Master Protein","Ag00001aa026980_T001",29,8,22,501,NA,0.957,0.999521469233404,1,33,31.6,19.97,27.95,4.3,3.8,2.7,4.4,2.9,3.9,7.7,8,5.5,7.4,4.6,8.1,"High","High","High","High","High","High"
"Ag00001aa103503_T001",TRUE,"Master Protein","Ag00001aa103503_T001",43,11,64,305,NA,NA,NA,NA,NA,NA,NA,NA,NA,NA,NA,NA,NA,NA,NA,NA,NA,NA,NA,NA,"High","Not Found","Not Found","High","Not Found","Not Found"
"Ag00001aa092232_T002",TRUE,"Master Protein","Ag00001aa092232_T002",34,11,47,509,NA,1.008,0.99791174265173,1,97.9,98.7,17.9,12.72,20.5,20.7,15.1,22.1,27.8,16.5,36.9,43.8,30.5,37.2,44,34.4,"High","High","High","High","High","High"
"Ag00001aa003251_T001",TRUE,"Master Protein","Ag00001aa003251_T001",35,15,26,622,NA,0.808,0.0716456465354882,0.237549816500194,121.5,98.2,6.91,2.19,504.1,462.2,421.5,423.9,471.4,351.8,908.2,977.9,852,714.1,745.7,734.2,"High","High","High","High","High","High"
"Ag00001aa030162_T002",TRUE,"Master Protein","Ag00001aa030162_T002",52,10,48,235,"Met-loss+Acetyl [N-Term]",0.824,0.0496933418792718,0.182510091992962,120.5,99.2,7.68,4.75,1038.1,963.8,866.1,914.3,956.4,792.2,1870.4,2039.1,1750.7,1540.3,1512.9,1653.4,"High","High","High","High","High","High"
"Ag00001aa080314_T001",TRUE,"Master Protein","Ag00001aa080314_T001",21,14,57,763,NA,0.999,0.999584999927032,1,125.8,125.6,7.33,10.06,1929.5,1878.5,1755.9,2090.4,2647,1699,3476.4,3974.4,3549.3,3521.6,4187.3,3545.9,"Not Found","Not Found","High","High","High","High"
"Ag00001aa110598_T001",TRUE,"Master Protein","Ag00001aa110598_T001",35,19,35,553,NA,1.14,0.947020061027702,1,118.7,135.3,8.03,14.84,25.7,20.5,19.5,32,25.3,23.7,46.3,43.4,39.4,53.9,40,49.5,"Not Found","Not Found","Not Found","Not Found","Not Found","Not Found"
"Ag00001aa122563_T001",TRUE,"Master Protein","Ag00001aa122563_T001",33,7,54,252,NA,1.413,0.0234117769455217,0.108656820825771,65.3,92.3,8.77,1.71,995.8,812.1,747.3,1420,1534.6,1185.9,1794.2,1718.2,1510.6,2392.2,2427.6,2475,"High","High","High","High","High","High"
"Ag00001aa012663_T001",TRUE,"Master Protein","Ag00001aa012663_T001",25,21,35,960,NA,NA,NA,NA,NA,NA,NA,NA,NA,NA,NA,NA,NA,NA,NA,NA,NA,NA,NA,NA,"Not Found","Not Found","Not Found","High","Not Found","Not Found"
"Ag00001aa017929_T001",TRUE,"Master Protein","Ag00001aa017929_T001",55,9,62,203,NA,0.946,0.572682389618992,1,122.9,116.3,9.41,9.14,1291.1,1302.6,1177.6,1336.8,1325.8,1203.2,2326.2,2755.9,2380.4,2252.1,2097.3,2511.1,"High","High","High","High","High","High"
"Ag00001aa106134_T001",TRUE,"Master Protein","Ag00001aa106134_T001",39,12,40,498,NA,1.796,0.00175185635692621,0.0165703365570211,59.9,107.6,9.99,0.96,665.1,472.3,509,1082.5,1174.6,885.3,1198.3,999.3,1028.9,1823.7,1858.1,1847.7,"High","High","High","High","High","High"
"Ag00001aa122903_T001",TRUE,"Master Protein","Ag00001aa122903_T001",52,12,46,396,NA,1.036,0.920908887783657,1,20.3,21,21.92,36.85,6.1,3.5,5.6,11.7,7.2,5,11,7.4,11.3,19.7,11.4,10.4,"High","High","High","High","High","High"
"Ag00001aa123440_T001",TRUE,"Master Protein","Ag00001aa123440_T001",26,17,29,989,NA,0.952,0.99835459032148,1,154.2,146.9,3.84,4.48,1281.9,1033,1165.1,1305.6,1460.4,1012.3,2309.6,2185.5,2355.1,2199.5,2310.2,2112.7,"High","High","High","High","High","High"
"Ag00001aa121045_T001",TRUE,"Master Protein","Ag00001aa121045_T001",31,10,31,464,NA,1.076,0.387792892782739,0.806230387472252,110,118.4,12.09,1.55,686.8,466.9,602.3,791.3,817.2,627.4,1237.4,987.8,1217.5,1333.1,1292.7,1309.4,"High","High","High","High","High","High"
"Ag00001aa069289_T001",TRUE,"Master Protein","Ag00001aa069289_T001",33,14,27,635,NA,1.058,0.96224000712586,1,64.6,68.3,12.12,7.84,364.9,285.2,254.9,410.8,403.6,283.5,657.4,603.4,515.2,692.1,638.5,591.7,"High","High","High","High","High","High"
"Ag00001aa121953_T001",TRUE,"Master Protein","Ag00001aa121953_T001",42,14,35,474,NA,4.474,1.61191326942811e-05,0.000643262778228948,86.1,385.2,14.92,11.57,184.1,188.4,147.5,726.5,938.1,730.7,331.7,398.6,298.2,1223.9,1484,1525,"High","High","High","High","High","High"
"Ag00001aa135449_T001",TRUE,"Master Protein","Ag00001aa135449_T001",78,9,88,139,NA,0.782,0.163656029221722,0.435126058285438,125.9,98.4,3.01,2.55,1814.1,1591.9,1717.3,1544.6,1726.9,1261.7,3268.5,3368,3471.3,2602.1,2731.8,2633.2,"High","High","High","High","High","High"
"Ag00001aa112064_T002",TRUE,"Master Protein","Ag00001aa112064_T002",39,13,49,499,NA,0.691,0.00140142044991798,0.0142875354338088,117.9,81.4,13.18,1.06,1628.1,1738.8,1468,1217.2,1317.5,979,2933.4,3678.8,2967.4,2050.6,2084.2,2043.2,"High","High","High","High","High","High"
"Ag00001aa002960_T001",TRUE,"Master Protein","Ag00001aa002960_T001",34,11,55,438,NA,NA,NA,NA,NA,NA,NA,NA,NA,NA,NA,NA,NA,NA,NA,NA,NA,NA,NA,NA,"High","High","High","High","High","High"
"Ag00001aa062930_T001",TRUE,"Master Protein","Ag00001aa062930_T001",29,12,34,564,NA,5.454,4.30736097201123e-06,0.000643262778228948,77.1,420.8,16.46,8.95,475.7,401,312.1,2746.9,3371.4,2178.5,857.1,848.4,630.9,4627.6,5333.2,4546.6,"High","High","High","High","High","High"
"Ag00001aa029475_T001",TRUE,"Master Protein","Ag00001aa029475_T001",34,13,38,641,NA,1.573,0.0258220231419122,0.116087088572354,89.9,141.4,4.06,4.49,447.7,375.7,424.2,707.3,822.5,608.1,806.6,794.9,857.5,1191.6,1301.1,1269.1,"High","High","High","High","High","High"
"Ag00001aa148934_T001",TRUE,"Master Protein","Ag00001aa148934_T001",25,10,25,697,NA,2.067,0.00446332251688486,0.032637632544939,43.9,90.7,6.01,11.36,240.7,193.9,190.2,503.3,547.6,335.2,433.7,410.2,384.5,847.9,866.3,699.6,"High","High","High","High","High","High"
"Ag00001aa102742_T001",TRUE,"Master Protein","Ag00001aa102742_T001",50,11,34,242,NA,2.855,0.00350946861471291,0.0274808455651435,34.5,98.6,2.73,24.5,191.1,154.2,167.3,573.2,578.3,672,344.3,326.2,338.2,965.7,914.8,1402.5,"High","High","High","High","High","High"
"Ag00001aa071392_T001",TRUE,"Master Protein","Ag00001aa071392_T001",32,13,38,418,NA,1.428,0.532806098733973,1,126.3,180.4,20.22,13.42,84.8,53.3,84.1,129.5,142.7,83.6,152.8,112.8,170,218.2,225.7,174.5,"High","High","High","High","High","High"
"Ag00001aa127851_T001",TRUE,"Master Protein","Ag00001aa127851_T001",61,9,60,217,NA,1.57,0.0010489474068951,0.0115806903153087,73.8,115.8,9.63,7.13,1342.6,1290.7,1119.7,2174.6,2400.8,2010.7,2419,2730.8,2263.3,3663.5,3797.8,4196.4,"High","High","High","High","High","High"
"Ag00001aa004202_T001",TRUE,"Master Protein","Ag00001aa004202_T001",41,9,37,273,NA,0.678,0.000481383040794259,0.00692106032251306,141.3,95.8,5.74,2.15,1497.3,1421.6,1370.6,1107.7,1187.3,930.5,2697.7,3007.7,2770.5,1866.1,1878.2,1942,"High","High","High","High","High","High"
"Ag00001aa126233_T003",TRUE,"Master Protein","Ag00001aa126233_T003",24,11,36,633,NA,1.945,0.0897081994794258,0.282244541023177,85.8,166.9,29.21,10.69,87.7,41.3,58.5,140.5,145.4,92.5,158,87.4,118.3,236.7,230,193.1,"High","High","High","High","High","High"
"Ag00001aa091927_T001",TRUE,"Master Protein","Ag00001aa091927_T001",26,17,33,902,NA,1.024,0.999989541169079,1,100,102.4,17.86,12.63,192.9,114.3,152.7,187.7,212.2,125.3,347.6,241.8,308.7,316.2,335.7,261.5,"High","High","High","High","High","High"
"Ag00001aa000885_T002",TRUE,"Master Protein","Ag00001aa000885_T002",35,15,38,539,NA,0.962,0.999982140267848,1,99.8,96,15.63,6.47,688.7,644.1,492.1,708.4,718.6,618.6,1240.8,1362.7,994.7,1193.4,1136.8,1291,"High","High","High","High","High","High"
"Ag00001aa000897_T005",TRUE,"Master Protein","Ag00001aa000897_T005",20,14,41,956,NA,0.907,0.794300036945704,1,123.1,111.6,20.46,7.86,32.1,20.9,19.4,23.8,26.3,17.1,57.8,44.2,39.2,40.1,41.6,35.7,"High","High","High","High","High","High"
"Ag00001aa104263_T002",TRUE,"Master Protein","Ag00001aa104263_T002",44,12,39,464,NA,0.9,0.958931380985278,1,136.4,122.8,1.87,4.85,1398.9,1194,1208.4,1337.7,1433.8,1176.8,2520.4,2526.2,2442.6,2253.6,2268.1,2456,"High","High","High","High","High","High"
"Ag00001aa126959_T001",TRUE,"Master Protein","Ag00001aa126959_T001",49,12,62,241,NA,0.729,0.0287392516378371,0.124339387879144,172.9,126,3.16,7.45,831.4,747.1,740.2,594.6,735.3,523.1,1498,1580.7,1496.2,1001.7,1163.2,1091.7,"High","High","High","High","High","High"
"Ag00001aa031125_T002",TRUE,"Master Protein","Ag00001aa031125_T002",36,12,62,373,NA,1.103,0.932364248716489,1,27.1,29.9,27.99,9.08,4.3,2.4,4.5,5.5,5.4,3.7,7.7,5.1,9.1,9.3,8.5,7.7,"High","High","High","High","High","High"
"Ag00001aa058853_T001",TRUE,"Master Protein","Ag00001aa058853_T001",56,10,28,295,NA,1.195,0.0320022662906132,0.133591246813145,105.2,125.7,10.9,0.84,503.3,462,388.7,652.2,685.3,518.4,906.8,977.5,785.7,1098.7,1084.1,1081.9,"High","High","High","High","High","High"
"Ag00001aa063940_T001",TRUE,"Master Protein","Ag00001aa063940_T001",56,10,52,240,NA,1.238,0.16277353564526,0.433747344398034,76.5,94.7,4.75,8.72,923.7,794.5,761.6,1223,1136.3,1018.9,1664.3,1680.9,1539.5,2060.3,1797.5,2126.5,"High","High","High","High","High","High"
"Ag00001aa028578_T001",TRUE,"Master Protein","Ag00001aa028578_T001",70,10,37,223,"Met-loss [N-Term]",1.695,0.0663214208928988,0.224614576357365,14.2,24.1,50.36,14.45,7.2,6.7,2.2,14.6,13.9,8.8,13,14.2,4.4,24.6,22,18.4,"High","High","High","High","High","High"
"Ag00001aa069530_T001",TRUE,"Master Protein","Ag00001aa069530_T001",32,14,36,549,NA,0.968,0.999999996783902,1,35.5,34.3,19,17.58,53.9,54.6,38.9,68.7,59.4,39.3,97.1,115.5,78.6,115.7,94,82,"High","High","High","High","High","High"
"Ag00001aa121027_T001",TRUE,"Master Protein","Ag00001aa121027_T001",28,22,34,1012,NA,1.549,0.149167839899108,0.410958967263089,65.2,101,17.13,8.81,597.9,373.6,413.2,768,818.6,530.1,1077.3,790.4,835.2,1293.8,1294.9,1106.3,"High","High","High","High","High","High"
"Ag00001aa069276_T001",TRUE,"Master Protein","Ag00001aa069276_T001",41,7,91,210,NA,0.926,0.998343995351471,1,82,75.9,19.83,12.45,1730.1,988.6,1266.6,1407.2,1676,988.6,3117.2,2091.6,2560.3,2370.7,2651.3,2063.3,"High","High","High","High","High","High"
"Ag00001aa084807_T002",TRUE,"Master Protein","Ag00001aa084807_T002",19,16,38,1019,NA,1.016,0.999967384678562,1,65,66,6.75,6.34,26.6,20,21.4,26.1,25.8,22.2,47.9,42.3,43.3,44,40.8,46.3,"High","High","High","High","High","High"
"Ag00001aa035027_T001",TRUE,"Master Protein","Ag00001aa035027_T001",43,4,50,207,NA,1.491,0.0449332735303833,0.170004683788923,50.8,75.7,16.79,4.01,420.9,355.5,274.6,665.7,671.1,550.4,758.3,752.1,555.1,1121.5,1061.6,1148.7,"High","High","High","High","High","High"
"Ag00001aa040781_T001",TRUE,"Master Protein","Ag00001aa040781_T001",66,11,43,211,NA,0.957,0.668923483609992,1,108.6,104,9.81,3.87,721.2,709.2,618.6,738.4,761.1,623,1299.4,1500.5,1250.4,1244,1204,1300.2,"High","High","High","High","High","High"
"Ag00001aa149404_T002",TRUE,"Master Protein","Ag00001aa149404_T002",32,13,38,418,NA,0.916,0.998454059859264,1,134.6,123.3,25.58,16.08,74.9,43.9,78,73.4,85.5,46.9,134.9,92.9,157.7,123.7,135.3,97.9,"High","High","High","High","High","High"
"Ag00001aa056547_T003",TRUE,"Master Protein","Ag00001aa056547_T003",35,12,66,368,NA,0.758,0.00175785250506333,0.016587558317771,124.6,94.4,13.42,5.38,1796.3,1962.1,1692.8,1522.1,1638.7,1353.5,3236.4,4151.3,3421.8,2564.2,2592.3,2824.8,"High","High","High","High","High","High"
"Ag00001aa104679_T001",TRUE,"Master Protein","Ag00001aa104679_T001",41,7,89,210,NA,1.054,0.99999999945665,1,109.8,115.7,22.98,11.23,195.1,111.2,122.4,148.9,164.8,147.7,351.5,235.3,247.4,250.8,260.7,308.3,"High","High","High","High","High","High"
"Ag00001aa088355_T001",TRUE,"Master Protein","Ag00001aa088355_T001",21,14,57,763,NA,NA,NA,NA,NA,NA,NA,NA,NA,NA,NA,NA,NA,NA,NA,NA,NA,NA,NA,NA,"High","High","High","High","High","High"
"Ag00001aa132024_T001",TRUE,"Master Protein","Ag00001aa132024_T001",32,10,50,438,NA,1.088,0.999293309812594,1,31,33.7,9.97,30.31,21.9,22.4,23.2,30.3,20.6,29.5,39.5,47.4,46.9,51,32.6,61.6,"High","High","High","High","High","High"
"Ag00001aa152989_T002",TRUE,"Master Protein","Ag00001aa152989_T002",27,16,29,851,NA,2.279,0.000878200409937691,0.0101876014817864,57.1,130,6.65,7.63,271.9,243.8,223.4,662.7,648.8,573.1,489.9,515.8,451.6,1116.4,1026.3,1196.1,"High","High","High","High","High","High"
"Ag00001aa132298_T001",TRUE,"Master Protein","Ag00001aa132298_T001",58,6,42,171,NA,NA,NA,NA,NA,NA,NA,NA,NA,NA,NA,NA,NA,NA,NA,NA,NA,NA,NA,NA,"High","High","High","High","High","High"
"Ag00001aa108135_T001",TRUE,"Master Protein","Ag00001aa108135_T001",29,12,53,657,NA,0.927,0.998781546163551,1,70.6,65.5,13.85,10.95,656.5,479.8,444.5,657.5,572.7,450.8,1182.8,1015.1,898.5,1107.7,906,940.8,"High","High","High","High","High","High"
"Ag00001aa051743_T001",TRUE,"Master Protein","Ag00001aa051743_T001",39,12,47,390,NA,0.785,0.2143389464654,0.528265963368075,122.5,96.1,10.47,4.19,1277.2,1318.5,1180.2,1098.9,1183.7,957.8,2301.2,2789.6,2385.6,1851.3,1872.5,1999,"High","High","High","High","High","High"
"Ag00001aa041691_T001",TRUE,"Master Protein","Ag00001aa041691_T001",70,8,52,165,NA,0.88,0.696740032056844,1,146.9,129.2,10.54,2.28,918.6,678.9,877.2,864.5,942.1,682.3,1655.1,1436.4,1773.2,1456.4,1490.3,1424,"High","High","High","High","High","High"
"Ag00001aa107614_T001",TRUE,"Master Protein","Ag00001aa107614_T001",24,16,29,989,NA,0.953,0.99997479514704,1,168.2,160.3,9.8,16.61,88.2,74.1,92.1,89.9,123.3,69.5,158.9,156.8,186.2,151.5,195,145,"High","High","High","High","High","High"
"Ag00001aa095610_T001",TRUE,"Master Protein","Ag00001aa095610_T001",31,12,57,505,NA,0.857,0.0584848762597501,0.204195914827509,92.4,79.2,13.96,2.06,991.5,1040.8,845.5,937.7,968,728.2,1786.4,2202.1,1709.1,1579.7,1531.3,1519.8,"High","High","High","High","High","High"
"Ag00001aa053073_T001",TRUE,"Master Protein","Ag00001aa053073_T001",26,17,33,895,NA,0.899,0.999967781559425,1,77.2,69.4,19.58,8.73,395.5,230.4,339.6,415.6,390.2,284.8,712.6,487.5,686.5,700.1,617.3,594.4,"High","High","High","High","High","High"
"Ag00001aa031026_T001",TRUE,"Master Protein","Ag00001aa031026_T001",51,16,93,314,NA,1.942,0.000289464952523022,0.00479754381484678,78,151.5,13.02,8.86,41.4,35.8,29.4,83.7,104.8,69.4,74.6,75.7,59.4,141,165.8,144.8,"High","High","High","High","High","High"
"Ag00001aa124402_T001",TRUE,"Master Protein","Ag00001aa124402_T001",43,10,74,276,NA,4.499,0.023421662418309,0.108656820825771,37,166.6,20.89,10.55,694,667.6,456.3,2853.6,3740.1,2695.3,1250.4,1412.5,922.4,4807.4,5916.5,5625.2,"High","High","High","High","High","High"
"Ag00001aa029945_T001",TRUE,"Master Protein","Ag00001aa029945_T001",32,13,36,518,NA,1.271,NA,NA,12,15.3,NA,17.55,2.5,0,0,3,4.1,0,4.5,0,0,5.1,6.5,0,"High","Not Found","Not Found","High","High","Not Found"
"Ag00001aa058588_T001",TRUE,"Master Protein","Ag00001aa058588_T001",31,13,36,522,NA,1.374,0.00172156979350135,0.0164001090285338,77.3,106.2,1.04,12.35,330.9,281.5,289.5,443.5,517.4,455.8,596.2,595.6,585.2,747.1,818.5,951.3,"High","High","High","High","High","High"
"Ag00001aa003252_T002",TRUE,"Master Protein","Ag00001aa003252_T002",57,10,53,208,NA,0.596,0.014790985850753,0.0771799340495947,186.1,111,13.37,7.24,2971.3,3247.9,2813,1835,2143.3,1711.4,5353.5,6871.7,5686.1,3091.4,3390.5,3571.8,"High","High","High","High","High","High"
"Ag00001aa041527_T001",TRUE,"Master Protein","Ag00001aa041527_T001",65,9,38,223,"Met-loss [N-Term]",0.502,0.000361864158112235,0.00557556177942032,104.1,52.3,27.16,13.19,97,132.1,91.3,67.8,58.6,43.4,174.8,279.5,184.6,114.2,92.7,90.6,"High","High","High","High","High","High"
"Ag00001aa127431_T001",TRUE,"Master Protein","Ag00001aa127431_T001",41,14,51,366,NA,0.81,0.197937864946745,0.497543785158093,156.9,127.1,9.6,2.63,210.1,199,227.1,200.1,224,163.4,378.5,421,459.1,337.1,354.3,341,"High","High","High","High","High","High"
"Ag00001aa027652_T001",TRUE,"Master Protein","Ag00001aa027652_T001",35,19,32,563,NA,1.074,0.893958292718007,1,103.6,111.2,5.15,4.08,657.3,518,598.7,754.8,755.9,619.6,1184.3,1095.9,1210.2,1271.6,1195.8,1293.1,"High","High","High","High","High","High"
"Ag00001aa108510_T001",TRUE,"Master Protein","Ag00001aa108510_T001",20,13,54,772,NA,2.282,0.00335572342478052,0.0264385578823581,69,157.4,16.75,4.17,135.5,132.8,99,330.7,374.1,262,244.1,281,200.1,557.1,591.8,546.8,"High","High","High","High","High","High"
"Ag00001aa039079_T002",TRUE,"Master Protein","Ag00001aa039079_T002",41,8,26,360,NA,1.684,0.147410461212643,0.408187239017722,50.3,84.7,7.08,6.67,197.6,146.8,160.2,297.8,344.7,274.6,356,310.6,323.8,501.7,545.3,573.1,"High","High","High","High","High","High"
"Ag00001aa011312_T001",TRUE,"Master Protein","Ag00001aa011312_T001",32,15,29,755,NA,0.524,0.268017190372341,0.619674246715114,44.8,23.5,3.22,46.19,4.6,4.1,0,3.7,2,0,8.3,8.7,0,6.2,3.2,0,"High","High","Not Found","High","High","Not Found"
"Ag00001aa010889_T001",TRUE,"Master Protein","Ag00001aa010889_T001",46,15,33,472,NA,3.056,5.68440855164276e-07,0.000243315493093643,92.4,282.4,9.51,8.34,709.7,642.3,556.2,2100.7,2644.4,1872.2,1278.7,1358.9,1124.3,3539,4183.2,3907.4,"High","High","High","High","High","High"
"Ag00001aa011601_T001",TRUE,"Master Protein","Ag00001aa011601_T001",47,14,38,439,NA,0.921,0.836232017651229,1,121.6,112,5.29,1.6,1111.4,1049.9,1028.1,1117,1228.2,917.1,2002.4,2221.3,2078.2,1881.8,1942.9,1914,"High","High","High","High","High","High"
"Ag00001aa122721_T001",TRUE,"Master Protein","Ag00001aa122721_T001",48,8,54,242,NA,1.521,0.578362960723144,1,18.2,27.6,15.33,3.94,19,13.6,19.4,30.9,35.1,24.8,34.2,28.8,39.2,52.1,55.5,51.8,"High","High","High","High","High","High"
"Ag00001aa028523_T002",TRUE,"Master Protein","Ag00001aa028523_T002",30,11,44,504,NA,1.14,0.642029010656014,1,51.8,59.1,5.86,8.12,483.6,388.3,383.4,571.7,591.9,394.9,871.3,821.5,775,963.1,936.3,824.2,"High","High","High","High","High","High"
"Ag00001aa028081_T001",TRUE,"Master Protein","Ag00001aa028081_T001",51,16,31,328,NA,0.78,0.958229380233183,1,76.6,59.7,21.02,9.75,376.7,209.3,301.7,325.5,289.1,227.9,678.7,442.8,609.8,548.4,457.3,475.6,"High","High","High","High","High","High"
"Ag00001aa073857_T001",TRUE,"Master Protein","Ag00001aa073857_T001",34,17,33,726,NA,1.479,7.11639808377296e-05,0.00183521427524209,92.4,136.5,9.28,3.45,474,357,449.7,706,798.2,605.7,854,755.3,909,1189.4,1262.7,1264.1,"High","High","High","High","High","High"
"Ag00001aa142034_T003",TRUE,"Master Protein","Ag00001aa142034_T003",37,11,40,441,NA,0.763,0.208491343627346,0.516536707899535,156.5,119.4,14.57,9.18,150,167.2,141.8,129.8,135.2,120.9,270.3,353.7,286.6,218.7,213.9,252.3,"High","High","High","High","High","High"
"Ag00001aa030057_T001",TRUE,"Master Protein","Ag00001aa030057_T001",38,15,30,543,NA,0.666,0.00802684857283031,0.0493253475115423,132.3,88.1,9.05,1.9,981.7,716.5,886.5,698.8,725.6,570.9,1768.8,1515.9,1791.9,1177.2,1147.8,1191.5,"High","High","High","High","High","High"
"Ag00001aa050972_T001",TRUE,"Master Protein","Ag00001aa050972_T001",33,13,34,543,NA,NA,NA,NA,NA,NA,NA,NA,NA,NA,NA,NA,NA,NA,NA,NA,NA,NA,NA,NA,"High","High","High","High","High","High"
"Ag00001aa057842_T001",TRUE,"Master Protein","Ag00001aa057842_T001",16,17,41,1321,NA,1.042,0.989438030200583,1,193.5,201.5,14.34,8.31,51,34.3,47.4,63.2,60.5,43.4,91.9,72.6,95.8,106.5,95.7,90.6,"High","High","High","High","High","High"
"Ag00001aa067844_T001",TRUE,"Master Protein","Ag00001aa067844_T001",37,19,32,754,NA,NA,NA,NA,NA,NA,NA,NA,NA,NA,NA,NA,NA,NA,NA,NA,NA,NA,NA,NA,"High","High","High","High","High","High"
"Ag00001aa089904_T001",TRUE,"Master Protein","Ag00001aa089904_T001",31,10,56,400,NA,0.834,0.293067648932041,0.658207903509293,135.5,113,13.69,1.86,1128.2,806.3,1112.3,1002.1,1103.9,812.1,2032.7,1705.9,2248.4,1688.2,1746.3,1694.9,"High","High","High","High","High","High"
"Ag00001aa021851_T001",TRUE,"Master Protein","Ag00001aa021851_T001",26,8,41,420,NA,0.835,0.00163834752306524,0.0158488845616003,144.3,120.4,8.73,4.98,170.4,144.5,175.7,152.1,170.8,117.2,307,305.7,355.2,256.2,270.2,244.6,"High","High","High","High","High","High"
"Ag00001aa032043_T002",TRUE,"Master Protein","Ag00001aa032043_T002",49,12,46,323,NA,0.826,0.967736894139036,1,206,170.2,3.78,13.66,109.4,98.5,96,94.2,127.6,78,197.1,208.4,194.1,158.7,201.9,162.8,"High","High","High","High","High","High"
"Ag00001aa003316_T002",TRUE,"Master Protein","Ag00001aa003316_T002",26,7,66,352,NA,0.76,0.023545509102275,0.108998010285847,72.8,55.3,2.68,2.47,832.1,671.6,721.3,642.8,719.1,530.7,1499.2,1420.9,1458,1082.9,1137.5,1107.6,"High","High","High","High","High","High"
"Ag00001aa056904_T003",TRUE,"Master Protein","Ag00001aa056904_T003",36,10,28,461,NA,1.039,0.999999992838365,1,28.8,29.9,5.84,26.34,23.7,20.3,23.4,34.4,28.2,16.3,42.7,42.9,47.3,58,44.6,34,"High","High","High","High","High","High"
"Ag00001aa000647_T004",TRUE,"Master Protein","Ag00001aa000647_T004",23,22,33,1118,NA,1.16,0.105004554707927,0.317222885426889,102.4,118.8,13.39,1.47,838.9,551.1,716.9,974.1,1062.6,807.7,1511.5,1166,1449.1,1641,1680.9,1685.7,"High","High","High","High","High","High"
"Ag00001aa140662_T001",TRUE,"Master Protein","Ag00001aa140662_T001",52,12,65,276,"Met-loss [N-Term]",0.783,0.0894391549445565,0.281695520250852,148.2,116,17.2,6.76,2271.8,2683.3,2236.8,1958.4,2237.4,1810.2,4093.2,5677.1,4521.4,3299.3,3539.4,3778,"High","High","High","High","High","High"
"Ag00001aa040607_T001",TRUE,"Master Protein","Ag00001aa040607_T001",16,6,55,419,NA,1.499,0.00139167280255226,0.0141942288924414,29,43.5,8.33,10.58,51.7,41.8,51.4,98.5,87.3,66.9,93.1,88.4,103.9,165.9,138.1,139.6,"High","High","High","High","High","High"
"Ag00001aa027795_T002",TRUE,"Master Protein","Ag00001aa027795_T002",27,18,27,895,NA,0.18,0.000141403006733376,0.00286605618069452,200.6,36,13.9,19.53,1090,797.3,1104.1,283.3,214.4,169,1963.9,1686.9,2231.8,477.3,339.2,352.7,"High","High","High","High","High","High"
"Ag00001aa047794_T002",TRUE,"Master Protein","Ag00001aa047794_T002",22,10,38,653,NA,1.58,0.0112650450068189,0.0634483962151549,38,60.1,13.41,5.89,185.1,122,138,251.7,278.7,227.9,333.5,258.1,278.9,424,440.9,475.6,"High","High","High","High","High","High"
"Ag00001aa008400_T001",TRUE,"Master Protein","Ag00001aa008400_T001",20,10,43,742,NA,0.785,0.0122475951537999,0.0673589474125461,123.4,96.9,2.74,2.88,1265.8,1049.4,1068,1034.7,1059.1,849.4,2280.6,2220.2,2158.8,1743.1,1675.4,1772.7,"High","High","High","High","High","High"
"Ag00001aa038479_T001",TRUE,"Master Protein","Ag00001aa038479_T001",55,8,43,256,NA,1.425,0.708424278124708,1,96.7,137.9,15.21,5.11,821.1,851.6,665.6,1318.9,1333.1,961.3,1479.4,1801.8,1345.4,2221.9,2108.8,2006.3,"High","High","High","High","High","High"
"Ag00001aa023320_T001",TRUE,"Master Protein","Ag00001aa023320_T001",20,10,43,741,NA,NA,NA,NA,NA,NA,NA,NA,NA,NA,NA,NA,NA,NA,NA,NA,NA,NA,NA,NA,"High","High","High","High","High","High"
"Ag00001aa086844_T001",TRUE,"Master Protein","Ag00001aa086844_T001",47,13,35,300,NA,1.579,0.0278570617806615,0.121656453756659,82.2,129.9,12.13,5.8,1013.5,1053,894.9,1616,1823.1,1464.8,1826,2227.9,1808.9,2722.4,2884,3057.1,"High","High","High","High","High","High"
"Ag00001aa138163_T001",TRUE,"Master Protein","Ag00001aa138163_T001",24,15,66,714,NA,NA,NA,NA,NA,NA,NA,NA,NA,NA,NA,NA,NA,NA,NA,NA,NA,NA,NA,NA,"High","High","High","High","High","High"
"Ag00001aa122432_T002",TRUE,"Master Protein","Ag00001aa122432_T002",24,23,31,1123,NA,0.958,0.940186482211886,1,119.6,114.7,17.63,4.31,677,414.7,597.3,667.3,731.5,586,1219.8,877.4,1207.4,1124.2,1157.2,1223,"High","High","High","High","High","High"
"Ag00001aa114502_T001",TRUE,"Master Protein","Ag00001aa114502_T001",22,15,37,727,NA,1.031,0.999999999387429,1,25.3,26.1,33.85,17.88,6.8,5.2,9.9,7.5,7.9,8.1,12.3,11,20,12.6,12.5,16.9,"High","High","High","High","High","High"
"Ag00001aa141787_T001",TRUE,"Master Protein","Ag00001aa141787_T001",28,17,32,888,NA,NA,NA,NA,NA,NA,NA,NA,NA,NA,NA,NA,NA,NA,NA,NA,NA,NA,NA,NA,"High","High","High","High","High","High"
"Ag00001aa000390_T003",TRUE,"Master Protein","Ag00001aa000390_T003",35,19,32,754,NA,1.007,0.999998098055568,1,115.5,116.4,12.58,3.37,511.8,397.8,532.3,551.4,613,434.9,922.1,841.6,1076,928.9,969.7,907.7,"High","High","High","High","High","High"
"Ag00001aa047508_T001",TRUE,"Master Protein","Ag00001aa047508_T001",59,5,45,152,NA,0.974,0.999999990967975,1,36.7,35.7,17.88,4.45,3.9,4.2,5,5.3,5.3,0,7,8.9,10.1,8.9,8.4,0,"High","High","High","High","High","Not Found"
"Ag00001aa141937_T002",TRUE,"Master Protein","Ag00001aa141937_T002",22,9,44,608,NA,1.046,0.947917755328328,1,20.9,21.8,12.3,47.62,177.7,123.6,163.8,419.9,206.7,160.5,320.2,261.5,331.1,707.4,327,335,"High","High","High","High","High","High"
"Ag00001aa021416_T001",TRUE,"Master Protein","Ag00001aa021416_T001",51,11,44,237,NA,0.968,0.998034364650875,1,110.1,106.5,2.09,5.81,1454.8,1220.9,1244.3,1484.1,1520.8,1291.1,2621.1,2583.1,2515.2,2500.2,2405.8,2694.6,"High","High","High","High","High","High"
"Ag00001aa064906_T003",TRUE,"Master Protein","Ag00001aa064906_T003",35,15,39,549,NA,1.28,0.800257108617848,1,78.4,100.3,26.22,2.91,1083.4,1347.1,879.9,1425.4,1580,1218.1,1952,2850.1,1778.6,2401.3,2499.4,2542.2,"High","High","High","High","High","High"
"Ag00001aa105661_T001",TRUE,"Master Protein","Ag00001aa105661_T001",29,16,38,692,NA,1.161,0.97651369351229,1,110.2,128,12.36,21.01,21.1,19.6,16,26.2,31.6,15.6,38,41.5,32.3,44.1,50,32.6,"High","High","High","High","High","High"
"Ag00001aa116752_T001",TRUE,"Master Protein","Ag00001aa116752_T001",54,13,59,243,NA,0.863,0.517001934985484,0.982244658203084,160.5,138.6,16.31,4.62,91.3,103.2,83.4,86.4,87.1,72.4,164.5,218.3,168.6,145.6,137.8,151.1,"High","High","High","High","High","High"
"Ag00001aa146395_T002",TRUE,"Master Protein","Ag00001aa146395_T002",47,12,37,351,NA,0.88,0.998679384204895,1,46.6,41,6.47,13.34,86.8,73.9,69,93.4,87,57.7,156.4,156.4,139.5,157.3,137.6,120.4,"High","High","High","High","High","High"
"Ag00001aa085719_T001",TRUE,"Master Protein","Ag00001aa085719_T001",28,12,41,510,NA,1.197,0.135302883282864,0.382073157911425,103.7,124.2,5.88,4.56,1249.4,1006.2,1184.5,1600.1,1769.4,1224.4,2251.1,2128.8,2394.3,2695.6,2799,2555.4,"High","High","High","High","High","High"
"Ag00001aa145421_T001",TRUE,"Master Protein","Ag00001aa145421_T001",45,13,44,404,NA,0.974,0.999990261751444,1,57.6,56.1,18.37,9.28,17.4,10.7,15.9,18.4,19.3,12.5,31.4,22.6,32.1,31,30.5,26.1,"High","High","High","High","High","High"
"Ag00001aa129781_T002",TRUE,"Master Protein","Ag00001aa129781_T002",42,8,53,253,NA,1.196,0.991519363195294,1,18,21.5,27.56,21.55,4.7,3.7,6.3,8,6.4,4.3,8.5,7.8,12.7,13.5,10.1,9,"High","High","High","High","High","High"
"Ag00001aa120548_T002",TRUE,"Master Protein","Ag00001aa120548_T002",38,14,46,484,"Met-loss [N-Term]",1.31,0.933091016553352,1,65.3,85.6,10.08,37.47,68.5,51.3,50.2,84.4,122.9,42.3,123.4,108.5,101.5,142.2,194.4,88.3,"High","High","High","High","High","High"
"Ag00001aa050514_T001",TRUE,"Master Protein","Ag00001aa050514_T001",49,7,63,172,NA,1.269,0.797792684986156,1,30.3,38.5,14,8.04,44.6,30.7,30.9,51.3,46.6,39.5,80.4,65,62.5,86.4,73.7,82.4,"High","High","High","High","High","High"
"Ag00001aa040483_T001",TRUE,"Master Protein","Ag00001aa040483_T001",60,9,56,209,NA,1.295,0.139157991175191,0.39049624064353,77.2,99.9,13.69,4.38,945.8,932.8,743.3,1399.4,1394.9,1041,1704.1,1973.6,1502.5,2357.5,2206.6,2172.6,"High","High","High","High","High","High"
"Ag00001aa150460_T002",TRUE,"Master Protein","Ag00001aa150460_T002",38,7,22,359,NA,0.481,0.00333364987755735,0.026328985580337,70.2,33.8,24.13,27.63,19.7,15.5,25,10.5,10.8,4.9,35.5,32.8,50.5,17.7,17.1,10.2,"High","High","High","High","High","High"
"Ag00001aa066301_T002",TRUE,"Master Protein","Ag00001aa066301_T002",32,14,36,416,NA,0.71,0.758535209608468,1,250.4,177.8,23.73,26.23,2018.7,2464.1,2928.1,1463.2,2340.3,2031.4,3637.1,5213.4,5918.8,2465,3702.1,4239.6,"High","High","High","High","High","High"
"Ag00001aa126546_T001",TRUE,"Master Protein","Ag00001aa126546_T001",19,15,33,1071,NA,1.069,0.999445474105969,1,132.5,141.6,12.93,6.47,985.4,646.6,793.5,1017.5,1164.3,776,1775.4,1368,1604,1714.1,1841.8,1619.5,"High","High","High","High","High","High"
"Ag00001aa009090_T004",TRUE,"Master Protein","Ag00001aa009090_T004",38,12,22,498,NA,0.838,0.630217261093942,1,129.6,108.6,13.37,9.99,588.9,386.5,501.1,541.3,536.6,357.7,1061,817.7,1012.9,911.9,848.9,746.5,"High","High","High","High","High","High"
"Ag00001aa010523_T001",TRUE,"Master Protein","Ag00001aa010523_T001",50,10,39,226,"Met-loss [N-Term]",0.69,0.0281182424534759,0.12224106524979,92,63.5,10.83,7.88,838.7,864.6,761.4,669.1,670.9,461.3,1511.1,1829.3,1539.1,1127.2,1061.3,962.8,"High","High","High","High","High","High"
"Ag00001aa101223_T001",TRUE,"Master Protein","Ag00001aa101223_T001",53,13,56,240,NA,0.803,0.084131514488358,0.268922995754928,113.6,91.3,9.09,1.3,1976.2,1979.1,1793.6,1729.1,1846.9,1366.7,3560.6,4187.2,3625.5,2913,2921.6,2852.4,"High","High","High","High","High","High"
"Ag00001aa070919_T002",TRUE,"Master Protein","Ag00001aa070919_T002",32,16,30,561,NA,0.906,0.929655982969689,1,170,154.1,26.12,6.79,24.8,16.4,29,21.5,25.6,19.7,44.7,34.7,58.6,36.2,40.5,41.1,"High","High","High","High","High","High"
"Ag00001aa008756_T002",TRUE,"Master Protein","Ag00001aa008756_T002",39,9,27,401,NA,0.656,0.00111041820895041,0.0119278631944759,142.1,93.2,12.13,13.01,150.2,120,158.1,105.3,130.7,76.7,270.6,253.9,319.6,177.4,206.8,160.1,"High","High","High","High","High","High"
"Ag00001aa083412_T001",TRUE,"Master Protein","Ag00001aa083412_T001",33,17,33,553,NA,1.685,0.00439407000547365,0.0322267854309138,124.2,209.3,13.89,8.68,76.6,54.4,52.3,115.1,111.4,100.5,138,115.1,105.7,193.9,176.2,209.7,"High","High","High","High","High","High"
"Ag00001aa088484_T002",TRUE,"Master Protein","Ag00001aa088484_T002",55,12,36,246,NA,1.325,0.0113305919571521,0.0636509403632863,93.7,124.2,9.82,4.35,235,206.3,178.9,331,380.8,268.8,423.4,436.5,361.6,557.6,602.4,561,"High","High","High","High","High","High"
"Ag00001aa118726_T001",TRUE,"Master Protein","Ag00001aa118726_T001",33,12,61,416,NA,1.159,0.102213830781444,0.310761335523789,93.1,107.8,5.12,4.74,767.1,645.3,621.5,938.9,1032.1,712.2,1382.1,1365.3,1256.3,1581.7,1632.7,1486.4,"High","High","High","High","High","High"
"Ag00001aa001166_T002",TRUE,"Master Protein","Ag00001aa001166_T002",30,13,38,416,NA,0.648,0.487306355216347,0.945586528052135,234.7,152.1,27.52,18.61,225.6,258.4,352,164.2,255.4,169.8,406.5,546.7,711.5,276.6,404,354.4,"High","High","High","High","High","High"
"Ag00001aa009685_T003",TRUE,"Master Protein","Ag00001aa009685_T003",20,13,35,821,NA,0.696,0.949200908387601,1,49.5,34.5,15.18,39.89,6.7,4.2,5.4,8,4.8,3.2,12.1,8.9,10.9,13.5,7.6,6.7,"High","High","High","High","High","High"
"Ag00001aa054755_T001",TRUE,"Master Protein","Ag00001aa054755_T001",39,11,22,409,NA,0.944,0.558833852580228,1,109.7,103.6,13.15,5.74,404.8,439.8,380.6,397.1,459.2,358.6,729.3,930.5,769.3,669,726.4,748.4,"High","High","High","High","High","High"
"Ag00001aa000091_T001",TRUE,"Master Protein","Ag00001aa000091_T001",30,6,42,317,NA,1.49,0.00463619785559954,0.0336198393933893,73.1,108.9,5.17,2.37,477.1,450.4,453.6,800.2,863.7,676.2,859.6,952.9,916.9,1348.1,1366.3,1411.3,"High","High","High","High","High","High"
"Ag00001aa141013_T001",TRUE,"Master Protein","Ag00001aa141013_T001",22,9,38,593,NA,2.193,0.00218635461289785,0.0195193373858054,29.5,64.7,12.02,2.46,36,28.9,25.3,79.6,82.4,65.6,64.9,61.1,51.1,134.1,130.3,136.9,"High","High","High","High","High","High"
"Ag00001aa053462_T001",TRUE,"Master Protein","Ag00001aa053462_T001",25,7,39,391,NA,1.105,0.999952964088423,1,51.1,56.5,9.19,7.34,95.1,69.2,72.7,98.4,91.2,77.8,171.3,146.4,147,165.8,144.3,162.4,"High","High","High","High","High","High"
"Ag00001aa033796_T002",TRUE,"Master Protein","Ag00001aa033796_T002",48,12,54,241,NA,0.851,0.204268681288393,0.509716056923135,123.7,105.3,11.18,2.66,1739.1,1778,1534.3,1528.4,1715.2,1278.2,3133.4,3761.8,3101.4,2574.8,2713.3,2667.7,"High","High","High","High","High","High"
"Ag00001aa016953_T001",TRUE,"Master Protein","Ag00001aa016953_T001",38,12,20,498,NA,NA,NA,NA,NA,NA,NA,NA,NA,NA,NA,NA,NA,NA,NA,NA,NA,NA,NA,NA,"High","High","High","High","High","High"
"Ag00001aa018979_T001",TRUE,"Master Protein","Ag00001aa018979_T001",36,10,53,330,NA,0.869,0.991394274461341,1,57.3,49.8,10.18,22.31,7.7,5.9,5.6,8.2,5.6,5.2,13.9,12.5,11.3,13.8,8.9,10.9,"High","High","High","High","High","High"
"Ag00001aa128979_T001",TRUE,"Master Protein","Ag00001aa128979_T001",28,11,33,484,NA,1.229,0.122488539859725,0.357930223868628,58.7,72.2,1.5,5.39,499.4,415.5,432.9,700.8,683.1,514.4,899.8,879.1,875.1,1180.6,1080.6,1073.6,"High","High","High","High","High","High"
"Ag00001aa078238_T001",TRUE,"Master Protein","Ag00001aa078238_T001",18,6,48,502,NA,0.997,0.99141153203444,1,80,79.8,4.33,4.17,652.2,512.4,544.4,616.1,712.4,525.7,1175.1,1084.1,1100.4,1037.9,1126.9,1097.2,"High","High","High","High","High","High"
"Ag00001aa036252_T001",TRUE,"Master Protein","Ag00001aa036252_T001",28,16,38,692,NA,1.18,0.0605473072627926,0.208887771879566,123.7,146,7.63,7.81,749.6,563.3,680.4,880.5,1007.8,830.5,1350.6,1191.8,1375.3,1483.3,1594.2,1733.3,"High","High","High","High","High","High"
"Ag00001aa142969_T001",TRUE,"Master Protein","Ag00001aa142969_T001",27,11,27,547,NA,1.496,7.80544519254356e-05,0.00194207298130969,93.8,140.3,4.04,3.31,497.9,400.5,410.8,752.4,758.7,611,897.1,847.3,830.4,1267.5,1200.2,1275.2,"High","High","High","High","High","High"
"Ag00001aa095452_T002",TRUE,"Master Protein","Ag00001aa095452_T002",42,15,41,396,NA,NA,NA,NA,NA,NA,NA,NA,NA,NA,NA,NA,NA,NA,NA,NA,NA,NA,NA,NA,"Not Found","Not Found","Not Found","Not Found","Not Found","Not Found"
"Ag00001aa090705_T004",TRUE,"Master Protein","Ag00001aa090705_T004",35,11,33,426,NA,0.947,0.81457879032062,1,115.3,109.2,8.15,5.23,611.4,476.2,463.4,566.4,580.3,487.5,1101.6,1007.5,936.7,954.2,918,1017.4,"High","High","High","High","High","High"
"Ag00001aa094613_T001",TRUE,"Master Protein","Ag00001aa094613_T001",19,6,50,502,NA,1.047,0.987791459139361,1,29,30.3,7.22,9.85,45.2,34.8,42,56.1,53.9,37.2,81.4,73.6,84.9,94.5,85.3,77.6,"High","High","High","High","High","High"
"Ag00001aa089258_T001",TRUE,"Master Protein","Ag00001aa089258_T001",23,9,89,467,NA,0.574,0.0806585717090907,0.259913169563051,118.9,68.3,9.13,7.54,68.4,54.9,68.6,40.8,50,33.9,123.2,116.2,138.7,68.7,79.1,70.8,"High","High","High","High","High","High"
"Ag00001aa088277_T001",TRUE,"Master Protein","Ag00001aa088277_T001",39,8,37,313,NA,0.247,0.0030236501291192,0.02481133735476,235.8,58.2,3.74,12.01,1804.3,1641,1716.8,413.1,541.6,417,3250.9,3471.9,3470.3,695.9,856.8,870.3,"High","Not Found","Not Found","High","High","High"
"Ag00001aa103197_T001",TRUE,"Master Protein","Ag00001aa103197_T001",32,11,27,486,NA,1.312,0.00142078125877632,0.0144170890098732,80.6,105.8,4.45,10.19,568.9,462.3,464,746.1,811.3,722.2,1025,978.1,937.9,1256.9,1283.4,1507.3,"High","High","High","High","High","High"
"Ag00001aa042251_T002",TRUE,"Master Protein","Ag00001aa042251_T002",40,11,22,407,NA,NA,NA,NA,NA,NA,NA,NA,NA,NA,NA,NA,NA,NA,NA,NA,NA,NA,NA,NA,"High","High","High","High","High","High"
"Ag00001aa142763_T001",TRUE,"Master Protein","Ag00001aa142763_T001",11,23,32,2324,NA,1.247,0.271044075753234,0.624454532152919,86,107.2,21.45,7.07,552,304.9,399.1,614.6,636.1,432.8,994.6,645.1,806.7,1035.4,1006.3,903.3,"High","High","High","High","High","High"
"Ag00001aa026636_T001",TRUE,"Master Protein","Ag00001aa026636_T001",22,9,24,694,NA,0.885,0.999992236021156,1,32.1,28.4,5.99,20.92,14.5,11,12.6,18.2,13.3,10.8,26.1,23.3,25.5,30.7,21,22.5,"High","High","High","High","High","High"
"Ag00001aa010355_T001",TRUE,"Master Protein","Ag00001aa010355_T001",39,4,14,238,NA,5.896,0.0236612136720603,0.109376165437587,30.8,181.6,5.36,7.82,19.9,15.3,17.4,123.1,132,86.8,35.9,32.4,35.2,207.4,208.8,181.2,"High","High","High","High","High","High"
"Ag00001aa068853_T001",TRUE,"Master Protein","Ag00001aa068853_T001",40,11,32,430,NA,0.926,0.95577103883493,1,28.1,26,4.04,5.85,35.3,32.5,33.4,39,39.5,28,63.6,68.8,67.5,65.7,62.5,58.4,"High","High","High","High","High","High"
"Ag00001aa018751_T001",TRUE,"Master Protein","Ag00001aa018751_T001",34,10,49,370,NA,0.967,0.984972172554891,1,122.6,118.6,1.16,2.36,1884,1641.4,1693,1966.6,2009.4,1586.4,3394.4,3472.8,3422.2,3313.1,3178.7,3310.9,"High","High","High","High","High","High"
"Ag00001aa052272_T002",TRUE,"Master Protein","Ag00001aa052272_T002",36,10,26,466,NA,1.132,0.535908667333762,1,73.9,83.7,4.43,4.05,496.6,400.1,405.7,595.3,605.6,443.3,894.7,846.5,820.1,1002.9,958,925.2,"High","High","High","High","High","High"
"Ag00001aa129056_T001",TRUE,"Master Protein","Ag00001aa129056_T001",37,16,34,523,"Met-loss [N-Term]",0.511,0.00238474543005063,0.0208924536229028,182.7,93.3,6.25,6.2,1571.5,1369.7,1573.7,878.3,1011.7,679.2,2831.4,2897.9,3181,1479.6,1600.4,1417.5,"High","High","High","High","High","High"
"Ag00001aa156796_T001",TRUE,"Master Protein","Ag00001aa156796_T001",43,15,36,507,NA,0.685,0.225662820063239,0.549427883455298,106.5,73,11.78,9.22,563.9,552.4,458.7,413.3,408.7,371.6,1016,1168.7,927.2,696.3,646.5,775.5,"High","High","High","High","High","High"
"Ag00001aa042497_T001",TRUE,"Master Protein","Ag00001aa042497_T001",31,16,29,561,NA,1.189,0.219745973288957,0.537878929894802,94,111.7,9.86,9.07,61.2,43.8,54.8,77.8,71.8,64.8,110.3,92.7,110.8,131.1,113.6,135.2,"High","High","High","High","High","High"
"Ag00001aa010230_T001",TRUE,"Master Protein","Ag00001aa010230_T001",30,10,25,490,NA,1.208,0.462572454981114,0.915026417002507,61.2,73.9,4.15,14.7,16.2,12.7,13.8,18.2,21.3,19.5,29.2,26.9,27.9,30.7,33.7,40.7,"High","High","High","High","High","High"
"Ag00001aa093196_T001",TRUE,"Master Protein","Ag00001aa093196_T001",32,9,80,358,NA,1.045,0.999999854654476,1,117.5,122.8,10.16,12.11,208.8,147.7,159.6,180.3,244.1,161.5,376.2,312.5,322.6,303.7,386.1,337.1,"High","High","High","High","High","High"
"Ag00001aa051930_T002",TRUE,"Master Protein","Ag00001aa051930_T002",36,12,61,374,NA,0.625,0.0722349728644907,0.239171108931518,216,135,19.57,13.18,87.2,107.8,87.4,61.8,69.8,63.8,157.1,228.1,176.7,104.1,110.4,133.2,"High","High","High","High","High","High"
"Ag00001aa019566_T001",TRUE,"Master Protein","Ag00001aa019566_T001",91,11,73,160,"Met-loss+Acetyl [N-Term]",2.11,0.199217933945946,0.50021686227068,31.7,66.8,8.24,13.22,694.3,585.2,532,1550.4,2055.9,1246.1,1250.9,1238.1,1075.4,2611.9,3252.2,2600.7,"High","High","High","High","High","High"
"Ag00001aa145064_T002",TRUE,"Master Protein","Ag00001aa145064_T002",20,13,50,819,NA,1.311,0.771613569451055,1,54.4,71.4,3.94,15.12,180.8,145.8,149.4,240,291.2,162.6,325.8,308.5,302,404.3,460.7,339.4,"High","High","High","High","High","High"
"Ag00001aa121679_T001",TRUE,"Master Protein","Ag00001aa121679_T001",44,16,38,342,NA,0.848,0.986487788597893,1,62,52.6,11.81,8.22,572.8,386.7,484.4,563,518.6,397.9,1032,818.2,979.2,948.5,820.4,830.4,"High","High","High","High","High","High"
"Ag00001aa017831_T002",TRUE,"Master Protein","Ag00001aa017831_T002",65,13,35,324,"Met-loss [N-Term]",0.993,0.999999908690249,1,42.5,42.2,2.71,9.19,187.4,160.8,160,222.3,211.9,149.8,337.6,340.2,323.4,374.5,335.2,312.6,"Not Found","Not Found","Not Found","Not Found","Not Found","Not Found"
"Ag00001aa107534_T001",TRUE,"Master Protein","Ag00001aa107534_T001",39,9,46,308,NA,0.58,0.00545292095092709,0.0379713186638323,162,94,7.41,8.21,828.6,818.7,800.2,557.3,678.1,444.8,1492.9,1732.1,1617.5,938.9,1072.7,928.3,"High","High","High","High","High","High"
"Ag00001aa082678_T001",TRUE,"Master Protein","Ag00001aa082678_T001",50,12,38,284,NA,0.992,0.962654507051087,1,116.2,115.2,21.32,7.38,631.6,712.8,498.4,670,629.5,546.4,1138,1508.1,1007.5,1128.7,995.8,1140.4,"High","High","High","High","High","High"
"Ag00001aa050559_T001",TRUE,"Master Protein","Ag00001aa050559_T001",37,13,34,426,"Met-loss [N-Term]",0.788,0.0193488761522596,0.094353480352958,141.5,111.5,14.1,3.75,1177.6,834.7,1161.2,1009,1057.5,757.8,2121.7,1766,2347.2,1699.8,1672.9,1581.6,"High","High","High","High","High","High"
"Ag00001aa033935_T001",TRUE,"Master Protein","Ag00001aa033935_T001",31,10,38,425,NA,1.167,0.952860979323875,1,138,161,3.28,3.34,1438,1173.5,1202,1629.8,1831.3,1399.8,2590.9,2482.8,2429.7,2745.7,2896.9,2921.5,"High","High","High","High","High","High"
"Ag00001aa081119_T001",TRUE,"Master Protein","Ag00001aa081119_T001",13,13,25,1468,NA,2.138,0.00234893427978489,0.0206525995916461,67.6,144.5,3.92,6.05,465.4,367.6,392.6,933.6,1121.8,812.8,838.5,777.7,793.6,1572.8,1774.6,1696.4,"High","High","High","High","High","High"
"Ag00001aa115446_T001",TRUE,"Master Protein","Ag00001aa115446_T001",54,13,54,243,NA,0.817,0.223570452433397,0.545615368506444,169.8,138.7,17.31,5.82,232.9,260,201.1,196,216.7,177.2,419.6,550.1,406.5,330.2,342.8,369.8,"High","High","High","High","High","High"
"Ag00001aa104784_T001",TRUE,"Master Protein","Ag00001aa104784_T001",57,9,42,206,NA,0.675,0.0909750069549972,0.284907463487095,208.8,140.9,9.48,23.78,55,50.5,43.7,39.7,48.4,22.5,99.1,106.8,88.3,66.9,76.6,47,"High","High","High","High","High","High"
"Ag00001aa063365_T001",TRUE,"Master Protein","Ag00001aa063365_T001",56,9,30,210,NA,1.249,0.557288552727888,1,103.8,129.6,16.56,5.65,75.7,77.9,58.8,107.7,107.7,77.7,136.4,164.8,118.9,181.4,170.4,162.2,"High","High","High","High","High","High"
"Ag00001aa065367_T001",TRUE,"Master Protein","Ag00001aa065367_T001",22,17,26,1089,NA,0.929,0.89031824551842,1,117.7,109.3,6.65,3.39,588.3,439.7,506.1,550.7,600.8,475.2,1060,930.3,1023,927.7,950.4,991.8,"High","High","High","High","High","High"
"Ag00001aa099205_T001",TRUE,"Master Protein","Ag00001aa099205_T001",31,4,71,144,NA,0.604,0.875516491240957,1,44.3,26.8,17.8,35.7,833.9,961,754.2,858.3,582.2,351.8,1502.5,2033.2,1524.5,1445.9,921,734.2,"Not Found","Not Found","Not Found","High","Not Found","Not Found"
"Ag00001aa039268_T001",TRUE,"Master Protein","Ag00001aa039268_T001",34,11,35,476,NA,1.093,0.866173930526342,1,115.9,126.7,4.3,10.88,1527.2,1397.1,1356.2,1625.1,1900.7,1627.7,2751.6,2955.9,2741.4,2737.8,3006.7,3397.1,"High","High","High","High","High","High"
"Ag00001aa018896_T001",TRUE,"Master Protein","Ag00001aa018896_T001",52,11,49,275,NA,0.614,0.0633381114688532,0.216883669727278,210.8,129.5,25.05,15.91,30.4,41.9,32.1,18,25.2,19.7,54.8,88.6,64.9,30.3,39.9,41.1,"High","High","High","High","High","High"
"Ag00001aa049986_T001",TRUE,"Master Protein","Ag00001aa049986_T001",22,9,56,736,NA,NA,NA,NA,NA,NA,NA,NA,NA,NA,NA,NA,NA,NA,NA,NA,NA,NA,NA,NA,"High","High","High","High","High","High"
"Ag00001aa090288_T001",TRUE,"Master Protein","Ag00001aa090288_T001",25,17,38,727,NA,1.353,0.0307890379313208,0.130075772444339,62,83.8,4.56,7.26,866,712.3,815.8,1211,1334.4,1121.5,1560.3,1507,1649,2040.1,2110.9,2340.6,"High","High","High","High","High","High"
"Ag00001aa101583_T001",TRUE,"Master Protein","Ag00001aa101583_T001",43,10,22,358,NA,0.987,0.999999999998811,1,27,26.6,10.32,8.96,125.4,87.3,107,133.8,135,90.4,225.9,184.7,216.3,225.4,213.6,188.7,"High","High","High","High","High","High"
"Ag00001aa049833_T001",TRUE,"Master Protein","Ag00001aa049833_T001",42,12,44,499,NA,1.054,0.99999034066099,1,41.1,43.4,14.16,5.32,453.4,300.4,324.2,426.6,408.6,330.9,816.9,635.6,655.3,718.7,646.4,690.6,"High","High","High","High","High","High"
"Ag00001aa010011_T001",TRUE,"Master Protein","Ag00001aa010011_T001",52,11,49,275,NA,0.643,0.0125156438694773,0.068501237031656,154.8,99.5,18.94,4.22,1383.6,1698.7,1403.3,1082.5,1203.3,838.2,2492.9,3594,2836.6,1823.7,1903.5,1749.4,"High","High","High","High","High","High"
"Ag00001aa006018_T001",TRUE,"Master Protein","Ag00001aa006018_T001",22,11,31,642,NA,5.861,2.79079941412075e-06,0.000513110207364225,69.9,410,13.62,6.1,38.2,31,26.1,212.2,255.3,184.2,68.8,65.6,52.8,357.5,403.9,384.4,"High","High","High","High","High","High"
"Ag00001aa071409_T001",TRUE,"Master Protein","Ag00001aa071409_T001",17,15,22,1362,NA,1.51,0.34102213430414,0.737377106287766,37,56,13.54,7.25,161,108.1,115.8,235.8,223.5,167.3,290.1,228.7,234.1,397.2,353.6,349.2,"High","High","High","High","High","High"
"Ag00001aa080561_T001",TRUE,"Master Protein","Ag00001aa080561_T001",36,12,57,372,NA,0.742,0.20709306707598,0.5136597655383,202.6,150.3,22.45,5.63,514.6,655.1,492.5,406.1,483.3,353.9,927.2,1386,995.5,684.1,764.5,738.6,"High","High","High","High","High","High"
"Ag00001aa097019_T002",TRUE,"Master Protein","Ag00001aa097019_T002",24,7,33,426,NA,0.88,0.0156229167962886,0.0806907572603108,106.7,93.8,3.14,9.11,699.2,633.1,636,573.7,722,542,1259.8,1339.5,1285.6,966.5,1142.1,1131.2,"High","High","High","High","High","High"
"Ag00001aa023914_T001",TRUE,"Master Protein","Ag00001aa023914_T001",22,7,37,399,NA,0.533,0.0120208530877319,0.0663876399905418,141.3,75.2,4.53,6.76,779.2,725.4,738.8,511.3,502.8,361.1,1403.9,1534.7,1493.4,861.4,795.4,753.6,"High","High","High","High","High","High"
"Ag00001aa107501_T002",TRUE,"Master Protein","Ag00001aa107501_T002",33,15,31,657,NA,1.43,0.157355172602193,0.426994295781634,100.2,143.3,2.77,11.89,415.5,367.2,364.2,531,676.8,541.8,748.6,776.9,736.2,894.6,1070.6,1130.8,"High","High","High","High","High","High"
"Ag00001aa080228_T001",TRUE,"Master Protein","Ag00001aa080228_T001",46,8,34,264,NA,0.778,0.533590207995267,1,61.4,47.7,19.17,33.57,7,7.5,5.4,6.2,3.3,4.7,12.6,15.9,10.9,10.4,5.2,9.8,"High","High","High","High","High","High"
"Ag00001aa079837_T001",TRUE,"Master Protein","Ag00001aa079837_T001",32,13,41,587,NA,0.785,0.125380960369065,0.364372174025484,129.3,101.5,17.08,8.17,1240.1,837,1238.4,1128.8,1108.6,773.7,2234.3,1770.9,2503.3,1901.7,1753.7,1614.7,"High","High","High","High","High","High"
"Ag00001aa090788_T001",TRUE,"Master Protein","Ag00001aa090788_T001",22,15,27,995,NA,0.893,0.999816902853633,1,109.5,97.8,15.52,7.09,813,514.6,703.1,824.8,802.1,579.9,1464.8,1088.8,1421.2,1389.5,1268.8,1210.3,"High","High","High","High","High","High"
"Ag00001aa064227_T003",TRUE,"Master Protein","Ag00001aa064227_T003",33,10,31,463,NA,1.138,0.989736254047665,1,6.6,7.5,23.03,33.03,9.6,12.1,8.8,18.8,10.9,9.7,17.3,25.6,17.8,31.7,17.2,20.2,"High","High","High","High","High","High"
"Ag00001aa106896_T001",TRUE,"Master Protein","Ag00001aa106896_T001",21,6,30,512,NA,0.646,0.0794578045318636,0.257445055656401,107,69.1,5.95,12.59,95.8,84.9,95.9,82.6,73.3,52.8,172.6,179.6,193.8,139.2,116,110.2,"High","High","High","High","High","High"
"Ag00001aa102365_T001",TRUE,"Master Protein","Ag00001aa102365_T001",91,11,73,160,"Met-loss+Acetyl [N-Term]",NA,NA,NA,NA,NA,NA,NA,NA,NA,NA,NA,NA,NA,NA,NA,NA,NA,NA,NA,"High","High","High","High","High","High"
"Ag00001aa104490_T001",TRUE,"Master Protein","Ag00001aa104490_T001",47,12,30,319,"Met-loss+Acetyl [N-Term]",4.994,5.88420494740394e-06,0.000643262778228948,50.6,252.6,16.51,3.78,420,298,269.8,1768.9,2027.1,1508.6,756.7,630.5,545.4,2980,3206.7,3148.5,"High","High","High","High","High","High"
"Ag00001aa067238_T001",TRUE,"Master Protein","Ag00001aa067238_T001",68,12,57,214,NA,0.723,0.0502072137845653,0.18383188327247,167.5,121.1,13.08,5.79,2726.1,2960.7,2569.1,2150.3,2372.1,1941.9,4911.7,6264,5193.1,3622.5,3752.4,4052.8,"High","High","High","High","High","High"
"Ag00001aa029867_T001",TRUE,"Master Protein","Ag00001aa029867_T001",60,10,30,210,NA,0.898,0.860680905807832,1,141.5,127.2,9.28,7.18,963.4,986,928.2,1000.6,1054.9,907.6,1735.8,2086.1,1876.2,1685.7,1668.8,1894.2,"High","High","High","High","High","High"
"Ag00001aa039870_T001",TRUE,"Master Protein","Ag00001aa039870_T001",29,12,32,611,NA,NA,NA,NA,NA,NA,NA,NA,NA,NA,NA,NA,NA,NA,NA,NA,NA,NA,NA,NA,"High","High","High","High","High","High"
"Ag00001aa009918_T001",TRUE,"Master Protein","Ag00001aa009918_T001",35,10,54,330,NA,0.8,0.228225704761821,0.554092230947025,98,78.4,7.69,9.17,1314.4,1227.4,1104.1,1232,1198.2,827.6,2368.2,2596.8,2231.8,2075.5,1895.4,1727.2,"High","High","High","High","High","High"
"Ag00001aa031297_T001",TRUE,"Master Protein","Ag00001aa031297_T001",23,16,29,860,NA,0.844,0.0971711971428201,0.299249481297525,103.7,87.5,8.95,3.08,431.1,333.8,321.4,353.8,381.6,272.7,776.7,706.2,649.7,596,603.7,569.1,"High","High","High","High","High","High"
"Ag00001aa055274_T002",TRUE,"Master Protein","Ag00001aa055274_T002",34,7,54,246,NA,0.838,0.0258837807007425,0.116233194571006,129.3,108.4,9.99,5.29,448.1,453.6,402.9,433.6,416.4,327,807.4,959.7,814.4,730.5,658.7,682.5,"High","High","High","High","High","High"
"Ag00001aa064749_T001",TRUE,"Master Protein","Ag00001aa064749_T001",57,9,43,206,NA,0.753,0.0028297111076141,0.0237245845800526,152.9,115.1,8.7,3.73,1838.1,1832.7,1676.9,1514.4,1517.8,1232.7,3311.8,3877.5,3389.6,2551.3,2401,2572.7,"High","High","High","High","High","High"
"Ag00001aa104415_T001",TRUE,"Master Protein","Ag00001aa104415_T001",68,12,58,215,NA,0.496,0.0296996598738068,0.127392674599975,240.8,119.4,21.59,3.08,131.1,165.8,127.7,76,85.3,61.3,236.2,350.8,258.1,128,134.9,127.9,"High","High","High","High","High","High"
"Ag00001aa100613_T002",TRUE,"Master Protein","Ag00001aa100613_T002",43,10,24,410,NA,0.772,0.620209772779152,1,138.6,107.1,17.65,17.28,54.8,53.6,39.2,54.8,48.2,31.4,98.7,113.4,79.2,92.3,76.2,65.5,"High","High","High","High","High","High"
"Ag00001aa118915_T001",TRUE,"Master Protein","Ag00001aa118915_T001",58,10,39,193,NA,0.963,0.774696134418861,1,107.4,103.4,1.58,3.32,1094.7,959.7,979.5,1131.5,1149.7,929.6,1972.3,2030.5,1979.9,1906.2,1818.7,1940.1,"High","High","High","High","High","High"
"Ag00001aa086093_T001",TRUE,"Master Protein","Ag00001aa086093_T001",40,9,21,350,NA,1.244,0.984898417590553,1,76.7,95.4,8.56,25.81,115.8,86.8,107.4,159.3,102.1,124.4,208.6,183.6,217.1,268.4,161.5,259.6,"High","High","High","High","High","High"
"Ag00001aa057520_T001",TRUE,"Master Protein","Ag00001aa057520_T001",22,17,25,1084,NA,1.326,0.00231273671355092,0.0203945217551609,91.4,121.2,7.58,5.41,460.9,421.5,379,609.5,722.8,527.6,830.4,891.8,766.1,1026.8,1143.4,1101.1,"High","High","High","High","High","High"
"Ag00001aa094751_T001",TRUE,"Master Protein","Ag00001aa094751_T001",50,9,31,307,NA,0.868,0.145962220451616,0.405307023145937,130.6,113.3,6.56,2.3,703.1,571.3,680.1,627.1,695.2,526.8,1266.8,1208.7,1374.7,1056.5,1099.7,1099.5,"High","High","High","High","High","High"
"Ag00001aa109113_T001",TRUE,"Master Protein","Ag00001aa109113_T001",36,12,36,378,NA,2.494,0.0430224732109407,0.165686707373913,74.9,186.8,1.29,11.74,801,672.5,695.8,1819,2243.4,1859.6,1443.2,1422.8,1406.5,3064.4,3548.8,3881.1,"High","High","High","High","High","High"
"Ag00001aa093839_T001",TRUE,"Master Protein","Ag00001aa093839_T001",18,18,33,1051,NA,1.263,0.0593878397123178,0.206501611580278,82.4,104.2,15.17,9.65,708.2,443.7,560.7,898.7,905.1,599,1276,938.7,1133.4,1514,1431.8,1250.1,"High","High","High","High","High","High"
"Ag00001aa024524_T001",TRUE,"Master Protein","Ag00001aa024524_T001",31,10,33,437,NA,1.013,0.999297661917794,1,115.8,117.4,5.95,6.07,796.6,615,718.9,790.3,919.4,718.1,1435.3,1301.2,1453.2,1331.4,1454.4,1498.7,"High","High","High","High","High","High"
"Ag00001aa013105_T001",TRUE,"Master Protein","Ag00001aa013105_T001",35,7,25,263,NA,1.097,0.754422711821581,1,82.7,90.7,17.45,2.76,498.1,453.2,335.6,599,603.7,471.7,897.4,958.8,678.4,1009.1,955,984.5,"High","High","High","High","High","High"
"Ag00001aa067523_T001",TRUE,"Master Protein","Ag00001aa067523_T001",41,13,40,404,NA,1.348,0.846542603467896,1,89.5,120.6,17.09,10,1169.3,725.1,819.2,1401,1411.2,927.6,2106.8,1534.1,1655.9,2360.2,2232.4,1935.9,"High","High","High","High","High","High"
"Ag00001aa155278_T001",TRUE,"Master Protein","Ag00001aa155278_T001",34,16,38,607,NA,2.595,0.0210244798824014,0.100087777606735,53.7,139.4,10.71,6.81,747.2,599.4,538.5,1731.6,2080.3,1576.8,1346.2,1268.2,1088.5,2917.2,3290.8,3290.9,"High","High","High","High","High","High"
"Ag00001aa058164_T001",TRUE,"Master Protein","Ag00001aa058164_T001",41,11,45,284,NA,1.565,0.804975540809773,1,59.7,93.5,16.57,7.49,613.9,729,700.5,1315.3,1228.9,1065.5,1106.1,1542.4,1416,2215.8,1944,2223.8,"High","High","High","High","High","High"
"Ag00001aa024379_T002",TRUE,"Master Protein","Ag00001aa024379_T002",53,8,57,241,NA,1.076,0.983126502014172,1,102.4,110.2,5.43,6.36,1023.3,782.5,856.4,1106,1178,797.9,1843.7,1655.6,1731.1,1863.2,1863.5,1665.3,"High","High","High","High","High","High"
"Ag00001aa033910_T001",TRUE,"Master Protein","Ag00001aa033910_T001",33,12,49,371,NA,1.306,0.63929368678738,1,49.6,64.7,6.56,4.65,534.5,444.3,420.1,728.5,716.9,591.1,963,940,849.2,1227.3,1134.1,1233.7,"High","High","High","High","High","High"
"Ag00001aa071681_T001",TRUE,"Master Protein","Ag00001aa071681_T001",26,12,31,611,NA,NA,NA,NA,NA,NA,NA,NA,NA,NA,NA,NA,NA,NA,NA,NA,NA,NA,NA,NA,"High","High","High","High","High","High"
"Ag00001aa037973_T002",TRUE,"Master Protein","Ag00001aa037973_T002",34,10,52,379,NA,1.11,0.892933907260204,1,51.6,57.3,15.47,12.45,26,16.6,22.9,30.5,32.9,19.8,46.8,35.1,46.3,51.4,52,41.3,"High","High","High","High","High","High"
"Ag00001aa005079_T001",TRUE,"Master Protein","Ag00001aa005079_T001",31,17,33,538,NA,1.189,0.000691366678273519,0.00869621397246158,105.9,125.9,3.26,1.26,752.4,662,715.9,980.9,1070.5,797.8,1355.6,1400.6,1447.1,1652.5,1693.4,1665,"High","High","High","High","High","High"
"Ag00001aa064148_T003",TRUE,"Master Protein","Ag00001aa064148_T003",37,12,38,445,NA,0.998,0.99878622943784,1,114.5,114.3,0.24,3.91,835.3,708,742.1,898.4,946.5,674,1505,1497.9,1500.1,1513.5,1497.3,1406.7,"High","High","High","High","High","High"
"Ag00001aa021864_T001",TRUE,"Master Protein","Ag00001aa021864_T001",35,10,54,331,NA,0.713,0.0379549557675777,0.151076236474464,130.1,92.8,4.15,6.9,64.8,57,62.7,49.1,59.7,41.2,116.8,120.6,126.7,82.7,94.4,86,"High","High","High","High","High","High"
"Ag00001aa116262_T002",TRUE,"Master Protein","Ag00001aa116262_T002",39,10,25,410,NA,0.858,0.00850660058440889,0.0511823522602409,107.6,92.3,5.49,5.24,373.5,354.6,347.9,381.5,381.4,277.7,672.9,750.2,703.2,642.7,603.3,579.6,"High","High","High","High","High","High"
"Ag00001aa008440_T001",TRUE,"Master Protein","Ag00001aa008440_T001",61,11,70,234,NA,1.226,0.747235105021619,1,35.8,43.9,7.21,8.1,20,19.6,18.7,31.5,29.2,22.2,36,41.5,37.8,53.1,46.2,46.3,"High","High","High","High","High","High"
"Ag00001aa052013_T001",TRUE,"Master Protein","Ag00001aa052013_T001",24,10,25,779,NA,0.757,0.678894979416302,1,69.5,52.7,15.1,12.64,31.3,33.1,26.2,30.2,27,19.2,56.4,70,53,50.9,42.7,40.1,"High","Not Found","Not Found","High","Not Found","Not Found"
"Ag00001aa013587_T001",TRUE,"Master Protein","Ag00001aa013587_T001",34,8,52,235,NA,1.2,0.952935842765703,1,133.8,160.6,4.79,9.98,1355.3,1050.9,1136.5,1492.2,1938.9,1321.3,2441.9,2223.4,2297.3,2513.9,3067.2,2757.6,"High","High","High","High","High","High"
"Ag00001aa015508_T001",TRUE,"Master Protein","Ag00001aa015508_T001",54,9,47,224,NA,0.949,0.998436486368703,1,81.3,77.2,21.41,11.27,110.1,119.1,81.6,104.1,137.8,90.2,198.4,252,164.9,175.4,218,188.3,"High","High","High","High","High","High"
"Ag00001aa009666_T002",TRUE,"Master Protein","Ag00001aa009666_T002",31,11,27,440,NA,1.085,0.770847949119477,1,104,112.9,9.33,4.2,544.3,413.4,521.8,631.2,722.6,509.9,980.7,874.6,1054.8,1063.4,1143.1,1064.2,"High","High","High","High","High","High"
"Ag00001aa121540_T002",TRUE,"Master Protein","Ag00001aa121540_T002",38,9,27,401,NA,0.653,1.49576370787052e-05,0.000643262778228948,162.5,106.1,10.07,4.6,865.3,753.1,923.3,617.8,708.6,494.6,1559,1593.4,1866.3,1040.8,1120.9,1032.3,"High","High","High","High","High","High"
"Ag00001aa122916_T003",TRUE,"Master Protein","Ag00001aa122916_T003",21,7,32,515,NA,0.594,0.200548439627434,0.502076736367977,65.6,38.9,11.22,21.87,62.4,46.2,60.6,55.6,42.2,30.7,112.4,97.7,122.5,93.7,66.8,64.1,"High","High","High","High","High","High"
"Ag00001aa002001_T001",TRUE,"Master Protein","Ag00001aa002001_T001",32,11,30,479,NA,1.21,0.0820051227950975,0.263539720499386,85.3,103.2,4.48,7.75,686,561.4,559,852.9,955.2,620.6,1236,1187.8,1129.9,1436.9,1511,1295.2,"High","High","High","High","High","High"
"Ag00001aa052785_T001",TRUE,"Master Protein","Ag00001aa052785_T001",37,10,25,344,NA,1.253,0.5531879528666,1,50.3,63,6.09,1.11,20.7,15.9,18.6,27.3,29.7,22.4,37.3,33.6,37.6,46,47,46.7,"High","High","High","High","High","High"
"Ag00001aa129453_T001",TRUE,"Master Protein","Ag00001aa129453_T001",33,4,71,135,NA,NA,NA,NA,NA,NA,NA,NA,NA,NA,NA,NA,NA,NA,NA,NA,NA,NA,NA,NA,"High","High","High","High","High","High"
"Ag00001aa138842_T001",TRUE,"Master Protein","Ag00001aa138842_T001",25,9,23,577,NA,1.486,6.013854667275e-05,0.00167265157350253,81,120.3,8.78,3.98,337.4,300.1,264.4,511.8,571.1,447.3,607.9,634.9,534.5,862.2,903.4,933.5,"High","High","High","High","High","High"
"Ag00001aa154648_T001",TRUE,"Master Protein","Ag00001aa154648_T001",61,6,29,169,NA,0.95,0.858464035187182,1,155.7,148,5.26,9.35,182.1,147.3,146.1,175.8,188.1,120.4,328.1,311.6,295.3,296.2,297.6,251.3,"High","High","High","High","High","High"
"Ag00001aa051195_T002",TRUE,"Master Protein","Ag00001aa051195_T002",50,9,51,214,NA,0.562,0.0128637813855353,0.069702453536172,192.1,108,16.93,4.36,1775.4,2101.4,1786.9,1174.2,1283.7,1031.5,3198.8,4446,3612,1978.1,2030.7,2152.8,"High","High","High","High","High","High"
"Ag00001aa127648_T001",TRUE,"Master Protein","Ag00001aa127648_T001",20,7,37,518,NA,0.438,0.000854534109224092,0.0100985002615099,111.6,48.9,14.92,11.35,850.1,955.9,810.1,464.3,453.8,298.3,1531.6,2022.4,1637.5,782.2,717.9,622.6,"High","High","High","High","High","High"
"Ag00001aa007663_T001",TRUE,"Master Protein","Ag00001aa007663_T001",31,6,59,338,NA,1.907,0.0190304977567965,0.0933547940998153,62.5,119.2,19.12,7.57,744.8,450,499.3,1142.5,1369.5,905.1,1341.9,952.1,1009.3,1924.7,2166.4,1889,"High","High","High","High","High","High"
"Ag00001aa149652_T001",TRUE,"Master Protein","Ag00001aa149652_T001",41,11,34,398,NA,0.833,0.796298769330191,1,140.4,116.9,5.99,5.11,1042.8,1001.3,991.6,991,1146,792.7,1878.8,2118.5,2004.4,1669.5,1812.9,1654.4,"High","High","High","High","High","High"
"Ag00001aa135132_T002",TRUE,"Master Protein","Ag00001aa135132_T002",32,13,35,418,NA,1.143,0.572176983515161,1,104.2,119.1,16.38,1.81,529.4,355.7,517.8,633.6,689.4,530.2,953.8,752.6,1046.7,1067.4,1090.6,1106.6,"Not Found","Not Found","Not Found","High","Not Found","Not Found"
"Ag00001aa096585_T002",TRUE,"Master Protein","Ag00001aa096585_T002",44,10,38,230,NA,0.768,0.0172410049309791,0.0866631365531039,126.1,96.8,20.22,1.9,1096.9,1335.8,1028.5,927.2,1008.9,777.4,1976.3,2826.2,2079,1562,1596,1622.5,"High","High","High","High","High","High"
"Ag00001aa089343_T002",TRUE,"Master Protein","Ag00001aa089343_T002",31,12,36,536,NA,1.357,0.106057416678225,0.319472334631894,76.4,103.7,12.29,1.09,605.5,414.5,543.2,887.6,924.8,709.1,1090.9,877,1098,1495.3,1462.9,1479.9,"High","High","High","High","High","High"
"Ag00001aa040652_T001",TRUE,"Master Protein","Ag00001aa040652_T001",20,13,26,982,NA,0.874,0.255165289568769,0.598633842732399,126,110.1,5.86,4.55,532.5,457.4,526.6,502.2,570.2,396.2,959.4,967.7,1064.5,846,902,826.9,"High","High","High","High","High","High"
"Ag00001aa127417_T001",TRUE,"Master Protein","Ag00001aa127417_T001",69,8,45,167,NA,1.598,0.0270130715459233,0.119127395627868,43.1,68.9,11.78,10.41,147.4,145.6,121.2,258.4,225.9,203.4,265.6,308.1,245,435.3,357.4,424.5,"High","High","High","High","High","High"
"Ag00001aa101854_T001",TRUE,"Master Protein","Ag00001aa101854_T001",32,12,25,555,NA,0.536,0.186527598626688,0.476637204209448,146,78.3,21.89,12.34,668.6,566,852,312.1,408.3,318.8,1204.6,1197.5,1722.2,525.8,645.9,665.4,"High","High","High","High","High","High"
"Ag00001aa128650_T001",TRUE,"Master Protein","Ag00001aa128650_T001",19,7,23,545,NA,1.161,0.45133476527032,0.89777313402181,139.3,161.8,12.99,0.79,142.3,94.1,121.2,167.4,181.1,136.3,256.4,199.1,245,282,286.5,284.5,"High","High","High","High","High","High"
"Ag00001aa104185_T004",TRUE,"Master Protein","Ag00001aa104185_T004",37,12,38,445,NA,0.85,0.127668898272672,0.36881782320051,146.2,124.3,10.3,23.23,126.5,100.7,128.7,115,129.2,61.8,227.9,213.1,260.2,193.7,204.4,129,"High","High","High","High","High","High"
"Ag00001aa126766_T003",TRUE,"Master Protein","Ag00001aa126766_T003",28,6,22,313,NA,0.869,0.0323730402164756,0.134526462099008,97,84.3,9.04,2.64,463.4,470.1,437.4,456.1,466.5,371.8,834.9,994.6,884.1,768.4,738,776,"High","High","High","High","High","High"
"Ag00001aa055815_T003",TRUE,"Master Protein","Ag00001aa055815_T003",23,8,32,467,NA,0.756,0.0185578095903903,0.0914311594453377,144.8,109.5,5.38,1.45,1057.3,939,1048.1,869.5,949.8,719.6,1905,1986.7,2118.6,1464.8,1502.5,1501.8,"High","High","High","High","High","High"
"Ag00001aa051386_T002",TRUE,"Master Protein","Ag00001aa051386_T002",46,12,23,384,NA,0.76,0.000130781295057725,0.00270364522896438,117.4,89.3,5.62,1.61,469.2,372.7,436.4,381.4,417.1,307.2,845.4,788.5,882.1,642.5,659.8,641.1,"High","High","High","High","High","High"
"Ag00001aa023218_T001",TRUE,"Master Protein","Ag00001aa023218_T001",47,10,21,358,NA,0.95,0.764009506179562,1,80,76,12.53,39.01,22.5,15,17.2,19.6,20.9,7.1,40.5,31.7,34.8,33,33.1,14.8,"High","High","High","High","High","Not Found"
"Ag00001aa118595_T001",TRUE,"Master Protein","Ag00001aa118595_T001",46,7,116,152,NA,0.804,0.996456200658174,1,31.7,25.5,19.37,26.2,8.5,5.6,8.7,6.5,11.2,5.9,15.3,11.8,17.6,11,17.7,12.3,"High","High","High","High","High","High"
"Ag00001aa091250_T002",TRUE,"Master Protein","Ag00001aa091250_T002",35,14,25,677,NA,1.202,0.14147381103782,0.396632528804691,76,91.4,4.18,2.79,284.2,244.9,237,360.4,389.2,306.9,512.1,518.1,479.1,607.2,615.7,640.5,"High","High","High","High","High","High"
"Ag00001aa034329_T001",TRUE,"Master Protein","Ag00001aa034329_T001",28,5,36,282,NA,1.039,0.985877754729319,1,31.9,33.1,9.9,3.39,27.5,19.2,22.3,29,29.6,21.9,49.5,40.6,45.1,48.9,46.8,45.7,"High","High","High","High","High","High"
"Ag00001aa009932_T001",TRUE,"Master Protein","Ag00001aa009932_T001",26,8,38,420,NA,0.91,0.424676017743201,0.859564838860504,137.6,125.2,11.53,3.32,673.6,522.5,686.6,625,709.9,529.2,1213.6,1105.5,1387.9,1052.9,1123,1104.5,"High","High","High","High","High","High"
"Ag00001aa118596_T001",TRUE,"Master Protein","Ag00001aa118596_T001",59,8,117,150,NA,NA,NA,NA,NA,NA,NA,NA,NA,NA,NA,NA,NA,NA,NA,NA,NA,NA,NA,NA,"High","High","High","High","High","High"
"Ag00001aa006961_T002",TRUE,"Master Protein","Ag00001aa006961_T002",48,7,28,287,NA,0.531,0.0013408832396149,0.0137764193532158,183.3,97.3,13.33,9.39,987.1,921.1,1139.7,573.9,654.1,556.7,1778.5,1948.8,2303.8,966.8,1034.7,1161.9,"High","High","High","High","High","High"
"Ag00001aa083939_T002",TRUE,"Master Protein","Ag00001aa083939_T002",46,10,40,237,NA,1.244,0.274906485786754,0.630064518770488,19.3,23.9,11.96,17.23,17.2,13.8,12.1,23.8,17.9,17.4,31,29.2,24.5,40.1,28.3,36.3,"High","High","High","High","High","High"
"Ag00001aa088719_T005",TRUE,"Master Protein","Ag00001aa088719_T005",42,10,22,397,NA,1.046,0.991031674987125,1,70.4,73.7,13.46,20.12,123.9,104.4,137.6,138.6,138.8,150.9,223.2,220.9,278.1,233.5,219.6,314.9,"High","High","High","High","High","High"
"Ag00001aa063811_T001",TRUE,"Master Protein","Ag00001aa063811_T001",35,13,43,393,NA,1.655,0.000876215394393975,0.0101830668653217,89.4,148,10.67,5.59,1253.7,864.6,987.9,2067.1,1968.3,1584,2258.8,1829.3,1996.9,3482.4,3113.7,3305.9,"High","High","High","High","High","High"
"Ag00001aa124475_T001",TRUE,"Master Protein","Ag00001aa124475_T001",26,9,32,492,NA,0.893,0.824633850204494,1,91.8,81.9,6.58,6.85,221.2,169.5,200.9,203.7,247.3,170.5,398.5,358.6,406.1,343.2,391.2,355.8,"High","High","High","High","High","High"
"Ag00001aa000786_T001",TRUE,"Master Protein","Ag00001aa000786_T001",44,13,42,404,NA,1.395,0.466917766039451,0.921388514886692,80.5,112.3,21.35,3.91,206,113.4,154.6,264.9,275.6,198,371.2,239.9,312.5,446.3,436,413.2,"High","High","High","High","High","High"
"Ag00001aa064811_T002",TRUE,"Master Protein","Ag00001aa064811_T002",30,12,44,499,NA,NA,NA,NA,NA,NA,NA,NA,NA,NA,NA,NA,NA,NA,NA,NA,NA,NA,NA,NA,"High","High","High","High","High","High"
"Ag00001aa125798_T002",TRUE,"Master Protein","Ag00001aa125798_T002",32,12,35,509,NA,1.196,0.835841139967667,1,33.8,40.4,18.54,13.92,9.5,5.6,6.9,9.9,12.6,7.3,17.1,11.8,13.9,16.7,19.9,15.2,"High","High","High","High","High","High"
"Ag00001aa031214_T001",TRUE,"Master Protein","Ag00001aa031214_T001",23,10,28,781,NA,0.83,0.408821090924896,0.834856696344259,82.8,68.7,11.82,3.01,491.6,512.2,441,461.3,467.7,352.8,885.7,1083.7,891.4,777.1,739.9,736.3,"High","High","High","High","High","High"
"Ag00001aa155995_T001",TRUE,"Master Protein","Ag00001aa155995_T001",20,8,22,617,NA,0.632,0.184449096264975,0.473508740826274,92.9,58.6,11.1,3.37,430,351.4,451.4,301.3,309.3,227.4,774.7,743.5,912.4,507.6,489.3,474.6,"High","High","High","High","High","High"
"Ag00001aa000491_T002",TRUE,"Master Protein","Ag00001aa000491_T002",23,11,49,619,NA,0.882,0.0279421080127283,0.121737906523742,106.8,94.2,3.7,2.3,1358.8,1094.3,1229.4,1240,1380.6,1034.6,2448.2,2315.2,2485.1,2089,2184,2159.3,"High","High","High","High","High","High"
"Ag00001aa048517_T001",TRUE,"Master Protein","Ag00001aa048517_T001",39,11,37,342,NA,1.315,0.629914907508031,1,72.1,94.8,5.86,1.31,209.7,196,184.6,301.5,314,237.9,377.8,414.7,373.1,507.9,496.7,496.5,"High","High","High","High","High","High"
"Ag00001aa005554_T001",TRUE,"Master Protein","Ag00001aa005554_T001",45,13,22,418,NA,1.056,0.9995597280379,1,123.2,130,7.96,4.25,467.8,456.8,418.5,521,564.6,455.6,842.8,966.5,845.9,877.7,893.1,950.9,"High","High","High","High","High","High"
"Ag00001aa061964_T001",TRUE,"Master Protein","Ag00001aa061964_T001",35,11,39,414,NA,1.174,0.844652373134019,1,88.2,103.5,11.49,1.96,754,520.1,566.3,823.6,849.3,641.8,1358.5,1100.4,1144.7,1387.5,1343.5,1339.5,"High","High","High","High","High","High"
"Ag00001aa045235_T001",TRUE,"Master Protein","Ag00001aa045235_T001",19,6,27,519,NA,0.969,0.913771538947332,1,116.7,113.2,16.94,3.89,156.5,98.5,141.8,160.4,172.8,139.1,282,208.4,286.6,270.2,273.4,290.3,"High","High","High","High","High","High"
"Ag00001aa129357_T002",TRUE,"Master Protein","Ag00001aa129357_T002",20,15,28,1043,NA,NA,NA,NA,NA,NA,NA,NA,NA,NA,NA,NA,NA,NA,NA,NA,NA,NA,NA,NA,"High","High","High","High","High","High"
"Ag00001aa003233_T001",TRUE,"Master Protein","Ag00001aa003233_T001",46,4,32,171,NA,NA,NA,NA,NA,NA,NA,NA,NA,NA,NA,NA,NA,NA,NA,NA,NA,NA,NA,NA,"High","High","High","High","High","High"
"Ag00001aa024174_T001",TRUE,"Master Protein","Ag00001aa024174_T001",54,13,42,249,"Met-loss+Acetyl [N-Term]",1.015,0.999915100676025,1,109,110.7,10.75,5.88,1259.9,1196,1009.5,1367.9,1364,1163.2,2270,2530.4,2040.6,2304.5,2157.7,2427.7,"High","High","High","High","High","High"
"Ag00001aa109487_T002",TRUE,"Master Protein","Ag00001aa109487_T002",17,15,27,1143,NA,0.715,0.0051106540771173,0.0359874595516006,142.3,101.7,14.85,3.68,835,578.7,816.8,642.5,639.6,515.3,1504.4,1224.4,1651.1,1082.4,1011.8,1075.5,"High","High","High","High","High","High"
"Ag00001aa105239_T001",TRUE,"Master Protein","Ag00001aa105239_T001",32,9,30,428,NA,0.922,0.999999977913542,1,140.8,129.7,17.03,3.77,243.9,156.3,228.1,231.4,256,201.4,439.4,330.7,461.1,389.8,405,420.3,"High","High","High","High","High","High"
"Ag00001aa036779_T001",TRUE,"Master Protein","Ag00001aa036779_T001",33,4,14,204,NA,0.987,0.999997770090013,1,101.8,100.5,6.63,8.24,200.6,181.9,166.7,211.7,207.9,185.8,361.4,384.9,337,356.6,328.9,387.8,"High","High","High","High","High","High"
"Ag00001aa077992_T001",TRUE,"Master Protein","Ag00001aa077992_T001",39,12,47,368,NA,1.127,0.500540026131761,0.963565826431647,106.4,119.9,8.69,0.89,839.7,781.8,687.8,1019.7,1077.8,808.7,1512.9,1654.1,1390.3,1717.9,1705,1687.8,"High","High","High","High","High","High"
"Ag00001aa014563_T002",TRUE,"Master Protein","Ag00001aa014563_T002",30,13,30,620,NA,1.113,0.99987183606201,1,67.4,75,24.02,7.54,19.8,10.7,12.9,15.4,19,13.9,35.7,22.6,26.1,25.9,30.1,29,"High","High","High","High","High","High"
"Ag00001aa110313_T001",TRUE,"Master Protein","Ag00001aa110313_T001",38,5,28,246,NA,0.86,0.999988025059404,1,40.1,34.5,10.94,10.09,136.2,94.7,119.7,146.2,131.1,99.7,245.4,200.4,242,246.3,207.4,208.1,"High","High","High","High","High","High"
"Ag00001aa155706_T001",TRUE,"Master Protein","Ag00001aa155706_T001",37,7,30,317,NA,1.916,0.563586404524634,1,53.3,102.2,29.68,29.3,382.6,202.3,209.2,499.9,518.4,225.6,689.3,428,422.9,842.2,820.1,470.8,"High","High","High","High","High","High"
"Ag00001aa107918_T002",TRUE,"Master Protein","Ag00001aa107918_T002",48,9,56,220,NA,1.111,0.995808451207021,1,38.2,42.4,3.93,18.36,45.9,38.9,38.1,54.3,61.7,32.5,82.7,82.3,77,91.5,97.6,67.8,"High","High","High","High","High","High"
"Ag00001aa059489_T001",TRUE,"Master Protein","Ag00001aa059489_T001",40,14,28,533,NA,2.141,0.149483107664116,0.411536076955633,35.2,75.4,5.75,7.72,187.4,160.5,151.4,429.1,424.6,375.5,337.6,339.6,306,722.9,671.7,783.7,"High","High","High","High","High","High"
"Ag00001aa005657_T001",TRUE,"Master Protein","Ag00001aa005657_T001",32,11,41,426,NA,0.843,0.183545955902144,0.471901780270036,121.1,102.1,4.49,7.91,1083.7,923.7,1043.6,978.5,1026.2,895.8,1952.5,1954.3,2109.5,1648.4,1623.4,1869.6,"High","High","High","High","High","High"
"Ag00001aa103170_T001",TRUE,"Master Protein","Ag00001aa103170_T001",44,9,39,246,NA,0.959,0.710594468970084,1,110.8,106.3,5.21,0.68,1085.1,984.1,929.4,1115,1172.7,898.7,1955.1,2082.1,1878.7,1878.4,1855.1,1875.6,"High","Not Found","High","High","High","High"
"Ag00001aa040242_T002",TRUE,"Master Protein","Ag00001aa040242_T002",28,6,33,359,NA,1.096,0.997675450714091,1,64.8,71.1,17.79,11.6,8.7,7,10.1,10.2,12.9,7.9,15.7,14.8,20.4,17.2,20.4,16.5,"High","High","High","High","High","High"
"Ag00001aa027333_T001",TRUE,"Master Protein","Ag00001aa027333_T001",52,11,33,375,NA,1.153,0.919781496258421,1,89.9,103.7,5.72,3.9,431.6,337.2,345.9,494.9,489.5,394.3,777.6,713.4,699.2,833.7,774.3,822.9,"High","High","High","High","High","High"
"Ag00001aa009716_T001",TRUE,"Master Protein","Ag00001aa009716_T001",42,9,39,242,NA,1.017,0.999999999995426,1,36.8,37.4,2.82,1.77,104.1,84.8,88.1,105.9,116.8,87.4,187.6,179.4,178.1,178.4,184.8,182.4,"High","High","High","High","High","High"
"Ag00001aa070523_T002",TRUE,"Master Protein","Ag00001aa070523_T002",25,8,18,420,NA,0.431,0.000403962311120942,0.00605262385026093,135.1,58.2,25.44,6.78,127.3,80,141.1,54.4,62.5,50.3,229.4,169.3,285.2,91.6,98.9,105,"High","High","High","High","High","High"
"Ag00001aa024358_T002",TRUE,"Master Protein","Ag00001aa024358_T002",23,16,31,888,NA,1.106,0.0113806366199537,0.0636930862815723,96.8,107.1,5.84,1.75,723.7,557.6,648.6,854.3,938.7,691.2,1303.9,1179.7,1311.1,1439.2,1484.9,1442.6,"High","High","High","High","High","High"
"Ag00001aa045862_T001",TRUE,"Master Protein","Ag00001aa045862_T001",25,12,27,726,NA,NA,NA,NA,NA,NA,NA,NA,NA,NA,NA,NA,NA,NA,NA,NA,NA,NA,NA,NA,"High","High","High","High","High","High"
"Ag00001aa122191_T001",TRUE,"Master Protein","Ag00001aa122191_T001",35,9,24,422,NA,0.85,0.993802997369592,1,106.1,90.1,23.5,7.34,342.8,180.9,275.8,300.7,299.5,209.5,617.6,382.7,557.5,506.6,473.8,437.2,"High","High","High","High","High","High"
"Ag00001aa032669_T001",TRUE,"Master Protein","Ag00001aa032669_T001",23,5,27,322,NA,1.138,0.472807732956668,0.928300798034208,116.8,133,2.5,8.57,373.2,302.3,325,443.2,472.6,413.9,672.4,639.6,656.9,746.6,747.6,863.8,"High","High","High","High","High","High"
"Ag00001aa090759_T002",TRUE,"Master Protein","Ag00001aa090759_T002",28,11,37,587,NA,0.643,0.394244918252588,0.816838726657473,145,93.2,29.15,12.58,29.5,15.4,29.5,17.4,21.6,18.1,53.2,32.6,59.6,29.3,34.2,37.8,"High","High","High","High","High","High"
"Ag00001aa115329_T002",TRUE,"Master Protein","Ag00001aa115329_T002",41,12,29,347,NA,0.891,0.24632955137661,0.584928390776338,110.1,98.1,5.96,1.51,493.7,469.4,448.8,492.1,510.4,387.2,889.5,993.1,907.2,829,807.4,808.1,"High","High","High","High","High","High"
"Ag00001aa119220_T002",TRUE,"Master Protein","Ag00001aa119220_T002",17,16,21,1193,NA,0.848,0.860980574711668,1,111.8,94.9,10.19,6.82,413,409.8,449.6,436.6,494.5,326.9,744.1,867,908.8,735.5,782.3,682.3,"High","High","High","High","High","High"
"Ag00001aa011199_T002",TRUE,"Master Protein","Ag00001aa011199_T002",52,11,57,276,"Met-loss [N-Term]",1.344,0.0657787428814555,0.223093641906997,26.7,35.9,18.17,14.76,126.4,76.1,88.9,182.2,152.7,114.2,227.7,161,179.7,306.9,241.6,238.3,"High","High","High","High","High","High"
"Ag00001aa001210_T001",TRUE,"Master Protein","Ag00001aa001210_T001",19,6,27,625,NA,1.055,0.999999348471194,1,30.3,32,7.07,18.03,128,97.7,100.3,154.4,137.8,86.7,230.6,206.7,202.7,260.1,218,180.9,"High","High","High","High","High","High"
"Ag00001aa032343_T001",TRUE,"Master Protein","Ag00001aa032343_T001",61,10,47,223,NA,0.944,0.987789574092396,1,32.5,30.7,12.29,22.62,91.3,64.5,86,128.5,98.2,69.1,164.5,136.5,173.8,216.5,155.3,144.2,"High","High","High","High","High","High"
"Ag00001aa082925_T001",TRUE,"Master Protein","Ag00001aa082925_T001",27,12,31,630,NA,0.463,0.0233891000503192,0.108632616679542,205,94.9,7.94,7.78,768.1,657,785,382.2,463.6,307.4,1383.9,1390,1586.8,643.9,733.4,641.6,"High","High","High","High","High","High"
"Ag00001aa090073_T001",TRUE,"Master Protein","Ag00001aa090073_T001",29,10,23,505,NA,1.768,0.0015202457325576,0.0150609215632764,71.2,125.8,3.5,2.7,512.1,407.4,448.3,950.8,985.3,788.2,922.7,861.9,906.2,1601.8,1558.7,1645,"High","High","High","High","High","High"
"Ag00001aa012571_T001",TRUE,"Master Protein","Ag00001aa012571_T001",23,15,32,987,NA,1.068,0.983230873737872,1,31.6,33.7,2.66,6.94,77.5,65.9,65.9,95.3,94.1,67,139.6,139.4,133.2,160.5,148.9,139.8,"High","High","High","High","High","High"
"Ag00001aa121585_T003",TRUE,"Master Protein","Ag00001aa121585_T003",25,7,27,413,NA,1.137,0.703650215069828,1,56.7,64.5,0.91,6.24,50.9,44,45.3,61.9,62.2,53.4,91.7,93.1,91.6,104.3,98.4,111.4,"High","High","High","High","High","High"
"Ag00001aa008138_T001",TRUE,"Master Protein","Ag00001aa008138_T001",26,10,43,385,"Met-loss [N-Term]",0.817,0.348033442007021,0.748697277236521,136.4,111.4,5.25,6.48,1783.9,1677.8,1727.5,1691,1803.6,1525.2,3214.1,3549.8,3491.9,2848.8,2853.1,3183.2,"High","High","High","High","High","High"
"Ag00001aa001251_T001",TRUE,"Master Protein","Ag00001aa001251_T001",38,8,38,289,NA,0.985,0.999998361479662,1,134,132,3.35,14.06,425.6,340.6,376.3,392.1,473.7,418.6,766.8,720.6,760.6,660.6,749.3,873.6,"High","High","High","High","High","High"
"Ag00001aa117497_T001",TRUE,"Master Protein","Ag00001aa117497_T001",19,17,31,1058,NA,1.109,0.959266319983109,1,98.4,109.1,28.39,38.17,13.3,8.9,6.6,18.5,13.2,6.9,24,18.8,13.3,31.2,20.9,14.4,"High","High","High","High","High","High"
"Ag00001aa001946_T001",TRUE,"Master Protein","Ag00001aa001946_T001",41,10,59,323,"Met-loss [N-Term]",0.894,0.997336073629106,1,45.8,41,14.54,22.21,50.3,34.3,47.9,69.2,51.2,38.7,90.6,72.6,96.8,116.6,81,80.8,"High","High","High","High","High","High"
"Ag00001aa060429_T001",TRUE,"Master Protein","Ag00001aa060429_T001",33,11,21,485,NA,0.771,0.0355244857678457,0.145092810617267,141.4,109,3.35,0.89,612.6,532.8,582.9,520.9,545,416.4,1103.7,1127.3,1178.3,877.5,862.1,869,"High","High","High","High","High","High"
"Ag00001aa041877_T002",TRUE,"Master Protein","Ag00001aa041877_T002",40,13,36,411,NA,1.194,0.0734365673677929,0.242744975700834,83.4,99.6,10.49,4.71,724,499.7,581.5,832.9,951.9,660.8,1304.4,1057.2,1175.4,1403.2,1505.8,1379.1,"High","High","High","High","High","High"
"Ag00001aa046514_T001",TRUE,"Master Protein","Ag00001aa046514_T001",61,10,44,221,NA,1.185,0.964320021583826,1,54.6,64.6,15.54,10.24,717.8,731.1,563.3,927.8,968.7,618,1293.3,1546.8,1138.6,1563,1532.4,1289.8,"High","High","High","High","High","High"
"Ag00001aa027681_T001",TRUE,"Master Protein","Ag00001aa027681_T001",17,11,24,981,NA,0.713,0.264245225110949,0.613570701342455,149.4,106.5,7.31,26.78,171.3,133,161.1,130.6,186,82.7,308.6,281.4,325.6,220,294.2,172.6,"High","High","High","High","High","High"
"Ag00001aa111539_T001",TRUE,"Master Protein","Ag00001aa111539_T001",41,14,37,377,NA,0.705,0.0317709409750303,0.132795032696685,126.1,89,16.36,1.73,852.7,998.1,854.1,722.9,762.3,597.5,1536.3,2111.7,1726.5,1217.8,1205.9,1247,"High","High","High","High","High","High"
"Ag00001aa023812_T001",TRUE,"Master Protein","Ag00001aa023812_T001",51,9,33,208,NA,0.85,0.966198289298622,1,50.5,42.9,7.79,16.95,424.4,319,387.2,460.8,410.8,265.1,764.7,674.9,782.7,776.3,649.8,553.3,"High","High","High","High","High","High"
"Ag00001aa084486_T001",TRUE,"Master Protein","Ag00001aa084486_T001",26,9,37,501,NA,0.682,0.915848285687458,1,33.3,22.7,11.8,25.47,7.1,7.5,7.8,5.4,6.8,7.1,12.8,15.9,15.8,9.1,10.8,14.8,"High","High","High","High","High","High"
"Ag00001aa150873_T001",TRUE,"Master Protein","Ag00001aa150873_T001",40,10,20,417,NA,0.941,0.682999280658284,1,105,98.8,2.01,3.78,568.7,465.3,495.5,539.3,596,469.5,1024.6,984.4,1001.6,908.5,942.8,979.9,"High","High","High","High","High","High"
"Ag00001aa097214_T001",TRUE,"Master Protein","Ag00001aa097214_T001",38,7,35,193,NA,0.645,0.0421510787979279,0.163656437913265,200.2,129.1,7.13,6.5,769.9,701.5,791.2,515.3,604.7,471.9,1387.1,1484.2,1599.3,868.1,956.6,984.9,"High","High","High","High","High","High"
"Ag00001aa097706_T001",TRUE,"Master Protein","Ag00001aa097706_T001",24,8,35,288,NA,1.468,0.0226110481542493,0.106052133767156,109.3,160.5,4.82,14.81,564.7,528.8,537.4,832.5,1008.3,901.4,1017.4,1118.8,1086.3,1402.5,1595,1881.3,"High","High","High","High","High","High"
"Ag00001aa026617_T001",TRUE,"Master Protein","Ag00001aa026617_T001",53,13,34,322,NA,0.717,0.200917419364383,0.502947658891981,166.6,119.4,10.36,2.98,1378.2,1445.5,1383.3,1157.9,1266.7,991.9,2483.1,3058.3,2796.2,1950.7,2003.8,2070.1,"High","High","High","High","High","High"
"Ag00001aa071303_T002",TRUE,"Master Protein","Ag00001aa071303_T002",25,6,33,359,NA,1.418,0.383641538884525,0.798993422529624,56.3,79.8,22.03,36.43,7.8,5.5,8.9,8.4,12.6,14.1,14.1,11.6,18,14.2,19.9,29.4,"High","High","High","High","High","High"
"Ag00001aa031473_T001",TRUE,"Master Protein","Ag00001aa031473_T001",25,8,29,442,NA,1.258,0.0910446446291829,0.284907463487095,81.9,103,9.3,7.53,569.8,432.6,545.7,766.9,803.6,697.3,1026.6,915.3,1103.1,1292,1271.2,1455.3,"High","High","High","High","High","High"
"Ag00001aa079302_T001",TRUE,"Master Protein","Ag00001aa079302_T001",32,10,36,417,NA,1.289,0.858701204263386,1,110.6,142.6,9.33,4.17,783.5,554.7,627.7,923.5,1068.9,783.4,1411.7,1173.6,1268.8,1555.8,1690.9,1635,"High","High","High","High","High","High"
"Ag00001aa035719_T001",TRUE,"Master Protein","Ag00001aa035719_T001",36,10,49,394,NA,1.571,0.000104458905204052,0.00231616973436632,79,124.1,7.23,6.04,398.9,384.5,356.3,648.5,715.4,588.2,718.7,813.5,720.2,1092.5,1131.7,1227.6,"High","High","High","High","High","High"
"Ag00001aa052127_T002",TRUE,"Master Protein","Ag00001aa052127_T002",32,12,32,465,NA,1.749,0.00253789820141814,0.0217363350781114,54.2,94.9,8.96,6.97,405.2,356,313.6,687.7,807.3,636.9,730.1,753.2,633.9,1158.5,1277.1,1329.2,"High","High","High","High","High","High"
"Ag00001aa080470_T002",TRUE,"Master Protein","Ag00001aa080470_T002",49,12,25,246,NA,0.995,0.99999999921862,1,14.6,14.5,5.86,0.82,3.7,2.9,0,3.8,4,0,6.7,6.1,0,6.4,6.3,0,"High","High","High","High","High","High"
"Ag00001aa056636_T001",TRUE,"Master Protein","Ag00001aa056636_T001",22,9,17,778,NA,0.783,0.599915399390556,1,51,39.9,3.37,9.25,40.4,36.8,37.2,40.1,36,28.2,72.8,77.9,75.2,67.6,56.9,58.9,"High","High","High","High","High","High"
"Ag00001aa001505_T001",TRUE,"Master Protein","Ag00001aa001505_T001",38,7,47,290,"Met-loss [N-Term]",0.194,6.73480692947592e-06,0.000643262778228948,285.4,55.3,7.1,22.33,2626,2575,2572.1,598.2,462,553.5,4731.3,5448,5199.2,1007.8,730.8,1155.2,"High","High","High","High","High","High"
"Ag00001aa085683_T002",TRUE,"Master Protein","Ag00001aa085683_T002",32,13,34,587,NA,1.075,0.999874845282329,1,27.4,29.4,20.12,24.84,9.8,8,5.9,10.8,7.3,9,17.7,16.9,11.9,18.2,11.5,18.8,"High","High","High","High","High","High"
"Ag00001aa134807_T002",TRUE,"Master Protein","Ag00001aa134807_T002",38,12,24,493,NA,0.954,0.895528002461907,1,108.7,103.7,11.18,5.72,522.9,524.5,446.3,533.7,564,473,942.1,1109.7,902.1,899.1,892.2,987.2,"High","High","High","High","High","High"
"Ag00001aa056157_T001",TRUE,"Master Protein","Ag00001aa056157_T001",34,6,18,331,NA,0.774,0.0243766798766395,0.111975822227708,73.6,57,5.05,6.24,178.7,155.1,147.4,155.8,157.6,111,322,328.1,298,262.5,249.3,231.7,"High","High","High","High","High","High"
"Ag00001aa068834_T001",TRUE,"Master Protein","Ag00001aa068834_T001",30,14,34,641,NA,0.581,0.0217982416555654,0.102989670585145,165.4,96.1,16.01,6.66,65.5,46.7,42.5,38,36,27.5,118,98.8,85.9,64,56.9,57.4,"High","High","High","High","High","High"
"Ag00001aa081335_T001",TRUE,"Master Protein","Ag00001aa081335_T001",42,12,30,320,NA,1.106,0.808022684519981,1,9.7,10.8,24.62,69.38,15.6,8.6,14.7,45.6,13.2,14.9,28.1,18.2,29.7,76.8,20.9,31.1,"High","High","High","High","High","High"
"Ag00001aa019229_T001",TRUE,"Master Protein","Ag00001aa019229_T001",31,11,24,440,NA,1.134,0.856943097592457,1,134,152,10.15,11,65.7,46.5,50.2,68.3,84.9,52.3,118.4,98.4,101.5,115.1,134.3,109.2,"High","High","High","High","High","High"
"Ag00001aa064147_T003",TRUE,"Master Protein","Ag00001aa064147_T003",27,9,32,445,NA,1.021,0.962807926357118,1,140.6,143.5,11.42,4.52,46.3,49.4,48.9,59.9,62.3,51.5,83.4,104.5,98.8,100.9,98.6,107.5,"High","High","High","High","High","High"
"Ag00001aa097893_T001",TRUE,"Master Protein","Ag00001aa097893_T001",37,12,18,415,NA,0.885,0.701595534986173,1,122,108,7.89,3.93,674.1,504.6,612.8,638.7,634.5,514.8,1214.5,1067.6,1238.7,1076,1003.7,1074.4,"High","High","High","High","High","High"
"Ag00001aa141278_T001",TRUE,"Master Protein","Ag00001aa141278_T001",45,8,48,246,NA,0.802,0.0204905915687377,0.0981765869162441,111.4,89.4,10.14,6.71,790.9,786.8,685.2,757.4,716.7,547.9,1425,1664.7,1385,1276,1133.8,1143.5,"High","High","High","High","High","High"
"Ag00001aa078310_T002",TRUE,"Master Protein","Ag00001aa078310_T002",24,9,25,510,NA,1.447,0.000327864452811855,0.00516521949585153,120,173.7,2.98,1.85,406.9,326.5,353.3,596.9,653.3,499.2,733.1,690.8,714.2,1005.6,1033.5,1041.9,"High","High","High","High","High","High"
"Ag00001aa010191_T001",TRUE,"Master Protein","Ag00001aa010191_T001",40,8,39,246,NA,NA,NA,NA,NA,NA,NA,NA,NA,NA,NA,NA,NA,NA,NA,NA,NA,NA,NA,NA,"High","High","High","High","High","High"
"Ag00001aa005889_T001",TRUE,"Master Protein","Ag00001aa005889_T001",40,13,32,475,NA,1.664,0.00679945474986265,0.0445114387181735,42.7,71,5.08,9.02,401.9,309.5,337.6,673.9,711.3,630.7,724.1,654.8,682.4,1135.3,1125.2,1316.3,"High","High","High","High","High","High"
"Ag00001aa137737_T001",TRUE,"Master Protein","Ag00001aa137737_T001",24,8,19,520,NA,0.901,0.999999636730626,1,48.6,43.9,18.81,21.81,29.3,30,21.5,40.4,30,22.8,52.8,63.5,43.5,68.1,47.5,47.6,"High","High","High","High","High","High"
"Ag00001aa092530_T001",TRUE,"Master Protein","Ag00001aa092530_T001",39,11,30,397,NA,0.919,0.384431995170887,0.800455062739353,109.8,100.9,4.51,3.89,826.8,765.2,747.2,823.8,836.5,685.1,1489.7,1619,1510.4,1387.8,1323.3,1429.8,"High","High","High","High","High","High"
"Ag00001aa097196_T002",TRUE,"Master Protein","Ag00001aa097196_T002",34,10,43,368,NA,1.121,0.918946014430918,1,13.1,14.7,5.76,24.04,39.7,36.6,34.3,63.9,50.7,32.4,71.5,77.4,69.3,107.7,80.2,67.6,"High","High","High","High","High","High"
"Ag00001aa003923_T001",TRUE,"Master Protein","Ag00001aa003923_T001",24,6,23,274,NA,0.79,0.964503546763777,1,21.5,17,5.7,42.12,11,10.2,9.6,15.9,9.9,5.8,19.8,21.6,19.4,26.8,15.7,12.1,"High","High","High","High","High","High"
"Ag00001aa040058_T001",TRUE,"Master Protein","Ag00001aa040058_T001",52,4,58,154,NA,1.158,0.476806665769235,0.932763639935434,114.4,132.5,14.49,7.36,1319.9,838.7,1054.2,1603.9,1478.4,1182.8,2378.1,1774.5,2130.9,2702,2338.7,2468.6,"High","High","High","High","High","High"
"Ag00001aa042815_T001",TRUE,"Master Protein","Ag00001aa042815_T001",35,11,34,406,NA,1.171,0.538510362886929,1,48.9,57.3,15.78,4.67,30.1,21.1,30.4,37.7,41.2,28.5,54.2,44.6,61.4,63.5,65.2,59.5,"High","High","High","High","High","High"
"Ag00001aa089788_T002",TRUE,"Master Protein","Ag00001aa089788_T002",40,9,21,367,NA,NA,NA,NA,NA,NA,NA,NA,NA,NA,NA,NA,NA,NA,NA,NA,NA,NA,NA,NA,"High","High","High","High","High","High"
"Ag00001aa077822_T002",TRUE,"Master Protein","Ag00001aa077822_T002",31,8,34,374,NA,0.906,0.994706275411421,1,42.1,38.2,3.46,17.23,345.3,274.5,295.9,393.9,342.6,226.7,622.1,580.8,598.1,663.6,542,473.1,"High","High","High","High","High","High"
"Ag00001aa023281_T001",TRUE,"Master Protein","Ag00001aa023281_T001",61,11,64,235,NA,1.46,0.269971678863648,0.622404965411927,22.7,33.1,3.64,6.38,377.5,306.5,313.4,563.9,535.6,453.6,680.2,648.5,633.5,950,847.3,946.7,"High","High","High","High","High","High"
"Ag00001aa021065_T002",TRUE,"Master Protein","Ag00001aa021065_T002",44,14,25,443,NA,0.691,0.000119349566611526,0.00253322909149808,131.9,91.2,1.31,7.07,538.2,468.1,491.5,406.5,392.2,341.8,969.7,990.4,993.5,684.8,620.4,713.4,"High","High","High","High","High","High"
"Ag00001aa096904_T001",TRUE,"Master Protein","Ag00001aa096904_T001",49,16,31,338,NA,0.869,0.939150328623345,1,45.7,39.8,10.06,11.13,122.3,85.2,102.1,125.3,113.4,82.3,220.4,180.3,206.4,211.1,179.4,171.8,"High","High","High","High","High","High"
"Ag00001aa018750_T001",TRUE,"Master Protein","Ag00001aa018750_T001",40,10,33,310,NA,1.154,0.650712448190413,1,41.2,47.6,10.07,14.07,63.2,55.5,47.9,80.6,83.1,49.7,113.9,117.4,96.8,135.8,131.5,103.7,"High","High","High","High","High","High"
"Ag00001aa026513_T001",TRUE,"Master Protein","Ag00001aa026513_T001",49,9,29,226,NA,0.681,5.28751602526523e-05,0.00153886730132139,104.4,71.1,10.73,4.56,749.5,761.9,663.2,545.5,623.2,434.3,1350.4,1612,1340.6,919,985.8,906.4,"High","High","High","High","High","High"
"Ag00001aa155180_T001",TRUE,"Master Protein","Ag00001aa155180_T001",32,10,26,428,NA,1.102,0.143107200560445,0.399932210299541,104.8,115.5,11.75,2.37,495.3,336.8,427.5,555,602,469.5,892.4,712.6,864.1,935,952.3,979.9,"High","High","High","High","High","High"
"Ag00001aa051939_T001",TRUE,"Master Protein","Ag00001aa051939_T001",39,10,39,288,NA,0.92,0.647925722811037,1,92.1,84.7,10.74,2.17,842.7,818.4,694.2,801.5,882.6,674,1518.3,1731.5,1403.2,1350.3,1396.2,1406.7,"High","High","High","High","High","High"
"Ag00001aa021899_T002",TRUE,"Master Protein","Ag00001aa021899_T002",28,12,22,578,NA,1.238,0.746854735818263,1,39.8,49.3,16.11,16.32,22.5,14.3,15.8,26.9,25,15.6,40.5,30.3,31.9,45.3,39.5,32.6,"High","High","High","High","High","High"
"Ag00001aa096535_T002",TRUE,"Master Protein","Ag00001aa096535_T002",25,12,24,523,NA,0.996,0.998234058323638,1,80.2,79.9,3.01,5.54,349.8,286.6,318.4,369.7,396.8,329.2,630.2,606.4,643.6,622.8,627.7,687.1,"High","High","High","High","High","High"
"Ag00001aa097659_T001",TRUE,"Master Protein","Ag00001aa097659_T001",33,8,19,356,NA,NA,NA,NA,NA,NA,NA,NA,NA,NA,NA,NA,NA,NA,NA,NA,NA,NA,NA,NA,"High","High","High","High","High","High"
"Ag00001aa118863_T001",TRUE,"Master Protein","Ag00001aa118863_T001",32,8,19,358,NA,0.781,0.205186968850377,0.510632343862768,132.7,103.7,9.51,5.93,478.7,468.1,514.6,416.8,489.2,375.7,862.5,990.4,1040.2,702.2,773.9,784.1,"High","High","High","High","High","High"
"Ag00001aa087132_T001",TRUE,"Master Protein","Ag00001aa087132_T001",44,7,29,250,NA,0.836,0.0445656075322064,0.168989153855818,114.3,95.6,4.84,5.19,884.2,736.9,717.7,836.2,824.4,612.5,1593.1,1559.1,1450.7,1408.7,1304.1,1278.3,"High","High","High","High","High","High"
"Ag00001aa127404_T001",TRUE,"Master Protein","Ag00001aa127404_T001",29,8,21,500,NA,0.993,0.999995982164003,1,105,104.2,5.03,12.76,76.6,59.1,64.1,89.9,81.3,56.7,138,125,129.6,151.5,128.6,118.3,"High","High","High","High","High","High"
"Ag00001aa007607_T002",TRUE,"Master Protein","Ag00001aa007607_T002",31,10,24,532,NA,1.971,0.000510230723896776,0.00721684353763934,58.7,115.8,3.63,8.45,267.8,242.1,237.6,562.2,601.3,524.7,482.5,512.2,480.3,947.1,951.2,1095.1,"High","High","High","High","High","High"
"Ag00001aa027095_T003",TRUE,"Master Protein","Ag00001aa027095_T003",22,7,20,411,NA,0.849,0.802297190763146,1,102.3,86.8,10.61,9.4,360,368.6,324.5,330.4,318,291.1,648.6,779.9,655.9,556.6,503,607.5,"High","High","High","High","High","High"
"Ag00001aa073363_T001",TRUE,"Master Protein","Ag00001aa073363_T001",20,7,25,602,NA,4.071,0.0138225292197264,0.0731351401734513,50.9,207.2,19.7,6.12,123.5,81,75.8,414.1,409.5,350.8,222.5,171.4,153.2,697.6,647.8,732.1,"High","High","High","High","High","High"
"Ag00001aa057078_T001",TRUE,"Master Protein","Ag00001aa057078_T001",34,11,32,407,NA,0.729,0.0363784893141206,0.147468991716221,139.5,101.7,5.83,13.35,716.8,571,671.7,559.1,569.1,550.4,1291.5,1208.1,1357.8,941.9,900.3,1148.7,"High","High","High","High","High","High"
"Ag00001aa149326_T001",TRUE,"Master Protein","Ag00001aa149326_T001",31,10,39,404,NA,1.98,0.0516331615423189,0.187126348567934,87.8,173.9,21.62,13.58,104.5,58.6,71.3,186.7,180.4,114.6,188.3,124,144.1,314.5,285.4,239.2,"High","High","High","High","High","High"
"Ag00001aa018317_T001",TRUE,"Master Protein","Ag00001aa018317_T001",18,6,56,336,NA,1.26,0.866333954721815,1,26.1,32.9,13.7,11.01,11.4,9.2,12.4,16.5,14.1,12.4,20.5,19.5,25.1,27.8,22.3,25.9,"High","High","High","High","High","High"
"Ag00001aa069485_T001",TRUE,"Master Protein","Ag00001aa069485_T001",35,11,20,379,NA,1.089,0.993755648086548,1,41.7,45.4,8.43,19.23,126.2,96.4,95.5,160.8,116.5,106.4,227.4,204,193,270.9,184.3,222.1,"High","High","High","High","High","High"
"Ag00001aa048548_T001",TRUE,"Master Protein","Ag00001aa048548_T001",31,8,15,449,NA,1.105,0.721649106967323,1,15.4,17,30.59,52.34,5.6,4.6,2.7,11.8,6.8,3.4,10.1,9.7,5.5,19.9,10.8,7.1,"High","High","High","High","High","High"
"Ag00001aa123063_T001",TRUE,"Master Protein","Ag00001aa123063_T001",21,9,50,537,NA,NA,NA,NA,NA,NA,NA,NA,NA,NA,NA,NA,NA,NA,NA,NA,NA,NA,NA,NA,"High","High","High","High","High","High"
"Ag00001aa108741_T001",TRUE,"Master Protein","Ag00001aa108741_T001",36,9,21,340,NA,NA,NA,NA,NA,NA,NA,NA,NA,NA,NA,NA,NA,NA,NA,NA,NA,NA,NA,NA,"High","High","High","High","High","High"
"Ag00001aa043737_T001",TRUE,"Master Protein","Ag00001aa043737_T001",43,11,31,350,NA,1.925,NA,NA,11.2,21.6,NA,6.11,2,0,0,4.3,4.2,0,3.6,0,0,7.2,6.6,0,"High","Not Found","Not Found","High","High","Not Found"
"Ag00001aa130270_T001",TRUE,"Master Protein","Ag00001aa130270_T001",48,13,25,354,NA,0.851,0.153091674643438,0.417851042803272,128.7,109.4,5.11,8.26,263.7,242.2,259.5,258.7,282.4,182.9,475.1,512.4,524.5,435.8,446.7,381.7,"High","High","High","High","High","High"
"Ag00001aa048543_T001",TRUE,"Master Protein","Ag00001aa048543_T001",31,10,33,425,NA,NA,NA,NA,NA,NA,NA,NA,NA,NA,NA,NA,NA,NA,NA,NA,NA,NA,NA,NA,"High","High","High","High","High","High"
"Ag00001aa079247_T001",TRUE,"Master Protein","Ag00001aa079247_T001",31,10,17,415,NA,0.848,0.56157973044712,1,138.8,117.6,8.26,12.23,217.3,173.6,213.8,189.3,209.8,191,391.5,367.3,432.2,318.9,331.9,398.6,"High","High","High","High","High","High"
"Ag00001aa028950_T002",TRUE,"Master Protein","Ag00001aa028950_T002",50,8,24,256,NA,0.68,0.137010827245886,0.385662503334075,94.6,64.4,10.04,8.43,366.7,284.2,267.2,257.2,231.5,196,660.7,601.3,540.1,433.3,366.2,409.1,"High","High","High","High","High","High"
"Ag00001aa037675_T001",TRUE,"Master Protein","Ag00001aa037675_T001",24,7,36,453,NA,0.797,0.552341434896318,1,100.6,80.2,14.09,6.45,684.2,453,614.7,618,621,438.4,1232.7,958.4,1242.5,1041.1,982.4,915,"High","High","High","High","High","High"
"Ag00001aa089960_T002",TRUE,"Master Protein","Ag00001aa089960_T002",16,12,26,927,NA,0.618,0.0284954634434833,0.123539080872839,164.4,101.7,11.57,5.51,778.7,594,783.3,515,564.7,384.3,1403,1256.7,1583.3,867.6,893.3,802.1,"High","High","High","High","High","High"
"Ag00001aa143292_T001",TRUE,"Master Protein","Ag00001aa143292_T001",55,7,32,165,NA,1.806,0.12795950578916,0.369478228950989,37.5,67.7,1.83,10.44,245.6,212.3,227,481.5,490.1,451.6,442.5,449.2,458.9,811.2,775.3,942.5,"High","High","High","High","High","High"
"Ag00001aa059296_T001",TRUE,"Master Protein","Ag00001aa059296_T001",42,13,25,531,NA,1.411,0.427975851309423,0.864628723868058,42.7,60.2,8.69,14.58,81.6,59.7,63.1,100.5,113.8,106.3,147,126.3,127.5,169.3,180,221.9,"High","High","High","High","High","High"
"Ag00001aa097918_T001",TRUE,"Master Protein","Ag00001aa097918_T001",42,7,100,151,NA,1.5,0.469007173629796,0.923523749743067,30.6,46,9.96,10.91,70.7,50.6,53.6,96.5,88.5,83.4,127.4,107.1,108.3,162.6,140,174.1,"High","High","High","High","High","High"
"Ag00001aa074213_T001",TRUE,"Master Protein","Ag00001aa074213_T001",48,5,26,132,NA,0.603,0.627435072539442,1,75.3,45.5,2.53,13.65,204.1,173.5,173.9,159,140,99.3,367.7,367.1,351.5,267.9,221.5,207.2,"High","High","High","High","High","High"
"Ag00001aa021532_T001",TRUE,"Master Protein","Ag00001aa021532_T001",32,11,47,362,NA,5.613,1.83525683433716e-05,0.000707850839858586,41.7,234.3,12.54,6.81,419.9,313.9,291.3,2212.9,2340.7,1998.4,756.5,664.1,588.8,3728,3702.8,4170.8,"High","High","High","High","High","High"
"Ag00001aa061178_T001",TRUE,"Master Protein","Ag00001aa061178_T001",32,12,30,465,NA,1.594,0.173852690536639,0.454281158915952,125.8,200.6,16.1,11.44,70.8,81.7,68.7,131.4,138.1,127.7,127.6,172.9,138.9,221.4,218.5,266.5,"High","High","High","High","High","High"
"Ag00001aa025741_T001",TRUE,"Master Protein","Ag00001aa025741_T001",26,7,19,348,NA,1.328,0.807486709668327,1,50.9,67.6,13.66,9.82,134.6,100.2,91.2,195.5,175,134.9,242.5,212,184.3,329.4,276.8,281.5,"High","High","High","High","High","High"
"Ag00001aa083173_T002",TRUE,"Master Protein","Ag00001aa083173_T002",43,4,35,207,NA,1.109,0.834456820117778,1,39.5,43.8,39.34,16.44,13.7,6.4,15.7,18.5,17.3,10.7,24.7,13.5,31.7,31.2,27.4,22.3,"High","High","High","High","High","High"
"Ag00001aa143275_T001",TRUE,"Master Protein","Ag00001aa143275_T001",32,10,32,417,NA,1.23,NA,NA,36.4,44.8,12.52,NA,0,3.2,4,5.4,0,0,0,6.8,8.1,9.1,0,0,"Not Found","High","High","High","Not Found","Not Found"
"Ag00001aa139922_T001",TRUE,"Master Protein","Ag00001aa139922_T001",41,8,31,221,NA,0.978,0.976668117632835,1,104.2,101.9,4.18,3.5,1122.7,1014.8,980.9,1174.3,1223.8,992.9,2022.8,2147,1982.8,1978.3,1935.9,2072.2,"High","High","High","High","High","High"
"Ag00001aa011281_T001",TRUE,"Master Protein","Ag00001aa011281_T001",29,10,27,479,NA,1.19,0.308460644751545,0.684800552582205,108.7,129.4,15.06,4.22,81.3,63,53.5,93.3,100.3,81.3,146.5,133.3,108.1,157.2,158.7,169.7,"High","High","High","High","High","High"
"Ag00001aa050176_T001",TRUE,"Master Protein","Ag00001aa050176_T001",20,6,31,352,NA,1.092,0.999819876336366,1,59.3,64.8,12.51,8.22,35.6,24.2,26.2,37.3,33.7,27.7,64.1,51.2,53,62.8,53.3,57.8,"High","High","High","High","High","High"
"Ag00001aa136564_T002",TRUE,"Master Protein","Ag00001aa136564_T002",50,10,27,325,NA,100,NA,NA,0,10.8,NA,NA,0,0,0,2,0,0,0,0,0,3.4,0,0,"High","High","High","High","High","High"
"Ag00001aa004704_T001",TRUE,"Master Protein","Ag00001aa004704_T001",23,9,20,520,NA,0.982,0.996816901671578,1,30.1,29.6,4.25,47.99,77.6,64.4,73.2,167.2,86.8,60,139.8,136.3,148,281.7,137.3,125.2,"High","High","High","High","High","High"
"Ag00001aa109567_T001",TRUE,"Master Protein","Ag00001aa109567_T001",39,11,28,397,NA,0.995,0.999653236086696,1,44.1,43.9,3.57,3.9,15.5,13,12.9,16.2,17.3,14,27.9,27.5,26.1,27.3,27.4,29.2,"High","High","High","High","High","High"
"Ag00001aa070932_T001",TRUE,"Master Protein","Ag00001aa070932_T001",19,14,26,1131,NA,1.249,0.435855613103821,0.875531299000731,108.3,135.3,31.33,12.16,507.8,223.7,388.7,632.5,620.5,400,914.9,473.3,785.7,1065.6,981.6,834.8,"High","High","High","High","High","High"
"Ag00001aa013413_T001",TRUE,"Master Protein","Ag00001aa013413_T001",12,11,27,1129,NA,0.891,0.0473891088233831,0.176246964879725,138.4,123.3,13.58,3.61,936.7,753.9,1015,905.8,950.7,682.4,1687.7,1595,2051.7,1526,1503.9,1424.2,"High","High","High","High","High","High"
"Ag00001aa038198_T001",TRUE,"Master Protein","Ag00001aa038198_T001",23,8,44,481,NA,2.168,0.0057936970428728,0.0395697887432424,104.5,226.5,15.83,10.49,156.7,129.8,103.3,353.4,341.2,318.8,282.3,274.6,208.8,595.4,539.7,665.4,"High","High","High","High","High","High"
"Ag00001aa052084_T001",TRUE,"Master Protein","Ag00001aa052084_T001",23,15,25,775,NA,1.022,0.998965663677483,1,39,39.9,12.67,13.63,8.2,6,5.7,7.5,8.2,7.7,14.8,12.7,11.5,12.6,13,16.1,"High","High","High","High","High","High"
"Ag00001aa125303_T002",TRUE,"Master Protein","Ag00001aa125303_T002",43,10,23,368,NA,1.075,0.999837776091789,1,63.6,68.3,17.58,8.21,312,196.9,209.4,272.5,287.6,189.3,562.1,416.6,423.3,459.1,455,395.1,"High","High","High","High","High","High"
"Ag00001aa141414_T001",TRUE,"Master Protein","Ag00001aa141414_T001",59,5,23,153,NA,0.993,0.998487314199756,1,142.2,141.2,16.4,10.09,124.5,135.8,105.9,125.2,140.8,122.5,224.3,287.3,214.1,210.9,222.7,255.7,"High","High","High","High","High","High"
"Ag00001aa047977_T001",TRUE,"Master Protein","Ag00001aa047977_T001",24,7,35,453,NA,1.167,0.983279504325747,1,20.3,23.7,46.77,26.67,17.7,6.7,8,11.2,13.5,5.9,31.9,14.2,16.2,18.9,21.4,12.3,"High","High","High","High","High","High"
"Ag00001aa068953_T003",TRUE,"Master Protein","Ag00001aa068953_T003",25,12,24,716,NA,1.613,0.0388536575091348,0.153763204447574,71.5,115.4,14.54,0.99,445.2,283.2,343.2,670.9,700.5,536.2,802.1,599.2,693.7,1130.2,1108.1,1119.1,"High","High","High","High","High","High"
"Ag00001aa115744_T001",TRUE,"Master Protein","Ag00001aa115744_T001",31,14,24,570,NA,0.757,0.166123475398649,0.437958974519371,139.1,105.4,14.02,6.84,709.7,765.1,634.4,630.2,587.6,465.3,1278.7,1618.7,1282.4,1061.7,929.5,971.1,"High","High","High","High","High","High"
"Ag00001aa009274_T001",TRUE,"Master Protein","Ag00001aa009274_T001",23,13,22,896,NA,NA,NA,NA,NA,NA,NA,NA,NA,NA,NA,NA,NA,NA,NA,NA,NA,NA,NA,NA,"High","High","High","High","High","High"
"Ag00001aa055898_T001",TRUE,"Master Protein","Ag00001aa055898_T001",34,10,37,293,NA,1.59,0.125360036250308,0.364355788813844,24.8,39.4,4.52,12.25,68.3,54,56.2,107.8,96,92.8,123.1,114.2,113.6,181.6,151.9,193.7,"High","High","High","High","High","High"
"Ag00001aa144639_T001",TRUE,"Master Protein","Ag00001aa144639_T001",12,12,20,1302,NA,1.053,0.947699523208617,1,100,105.3,18.53,4.17,334.9,196.4,248.9,331.7,325.6,253.8,603.4,415.5,503.1,558.8,515.1,529.7,"High","High","High","High","High","High"
"Ag00001aa072400_T002",TRUE,"Master Protein","Ag00001aa072400_T002",29,8,26,396,NA,2.191,0.0020357443832878,0.0183247745921631,43.1,94.5,11.65,2.27,216.8,165.4,152.9,438.2,486.2,367.4,390.6,349.9,309.1,738.2,769.1,766.8,"High","High","High","High","High","High"
"Ag00001aa046661_T001",TRUE,"Master Protein","Ag00001aa046661_T001",34,3,19,147,NA,1.071,0.650851604606409,1,95,101.7,7.52,3.8,416.2,374.1,337,454.5,522,384.7,749.9,791.5,681.2,765.7,825.8,802.9,"High","High","High","High","High","High"
"Ag00001aa048135_T001",TRUE,"Master Protein","Ag00001aa048135_T001",11,18,20,2163,NA,1.056,0.991989990485047,1,71,75,17.57,8.95,331.7,198.5,271.1,343.5,387.2,245.6,597.6,420,548,578.7,612.5,512.6,"High","High","High","High","High","High"
"Ag00001aa026565_T001",TRUE,"Master Protein","Ag00001aa026565_T001",65,7,21,158,NA,0.748,0.127417652505045,0.36858339382406,116.9,87.4,5.37,4.97,532.1,432,503.2,425.8,474.7,325.7,958.7,914,1017.2,717.3,750.9,679.8,"High","High","High","High","High","High"
"Ag00001aa007346_T002",TRUE,"Master Protein","Ag00001aa007346_T002",32,4,43,215,NA,0.949,0.992153009175471,1,92.1,87.4,7.09,3.48,660.1,578.1,527.8,649.3,741.1,540.7,1189.3,1223.1,1066.9,1093.9,1172.4,1128.5,"High","High","High","High","High","High"
"Ag00001aa093462_T001",TRUE,"Master Protein","Ag00001aa093462_T001",25,14,25,721,NA,1.332,0.160012430974774,0.431649649696098,74.3,98.9,23.14,7.21,696.5,375.2,479.3,855.6,815.5,605.3,1254.9,793.8,968.8,1441.4,1290,1263.3,"High","High","High","High","High","High"
"Ag00001aa096557_T001",TRUE,"Master Protein","Ag00001aa096557_T001",43,10,54,235,NA,1.146,0.920747623537736,1,23,26.3,3.21,9.64,123.6,99,105.2,159.4,154,106.1,222.7,209.5,212.6,268.5,243.6,221.4,"High","High","High","High","High","High"
"Ag00001aa018173_T001",TRUE,"Master Protein","Ag00001aa018173_T001",38,12,22,443,NA,0.891,0.999995175674861,1,52.1,46.4,16.81,10.64,39.1,24.7,35.5,43.2,39.7,28.5,70.4,52.3,71.8,72.8,62.8,59.5,"High","High","High","High","High","High"
"Ag00001aa051572_T001",TRUE,"Master Protein","Ag00001aa051572_T001",32,6,31,325,NA,1.225,0.0266725511165971,0.118524781583745,114,139.7,6.73,3.41,671.3,515,529.3,764.1,843.8,660.4,1209.5,1089.6,1069.9,1287.3,1334.8,1378.3,"High","High","High","High","High","High"
"Ag00001aa143245_T003",TRUE,"Master Protein","Ag00001aa143245_T003",31,10,47,449,NA,0.93,0.998439728498095,1,38.6,35.9,6.69,16.17,42,39.3,42.7,59.8,48.9,36.7,75.7,83.1,86.3,100.7,77.4,76.6,"High","High","High","High","High","High"
"Ag00001aa066574_T001",TRUE,"Master Protein","Ag00001aa066574_T001",22,8,22,621,NA,1.147,0.903924657568372,1,73.8,84.6,12.88,6.51,428.2,309.9,297.3,460.7,475.2,327.5,771.5,655.7,601,776.1,751.7,683.5,"High","High","High","High","High","High"
"Ag00001aa004465_T001",TRUE,"Master Protein","Ag00001aa004465_T001",41,9,44,294,NA,1.079,0.537311622485426,1,89.2,96.3,21.14,10.35,566.2,314.5,459.5,595.1,737,460.9,1020.1,665.4,928.8,1002.5,1165.9,961.9,"High","High","High","High","High","High"
"Ag00001aa090548_T001",TRUE,"Master Protein","Ag00001aa090548_T001",44,10,39,249,NA,0.65,0.0201844041147562,0.0974509735627564,161.3,104.9,15.58,5.44,1524.9,1759.1,1521.4,1187,1251.4,1045.7,2747.5,3721.8,3075.3,1999.7,1979.6,2182.4,"High","High","High","High","High","High"
"Ag00001aa132402_T001",TRUE,"Master Protein","Ag00001aa132402_T001",25,9,20,531,NA,0.893,0.999679321877012,1,17.8,15.9,20.39,28.52,4.2,0,2.8,5,3.1,2.8,7.6,0,5.7,8.4,4.9,5.8,"High","Not Found","High","High","High","High"
"Ag00001aa138976_T001",TRUE,"Master Protein","Ag00001aa138976_T001",67,10,70,160,"Met-loss+Acetyl [N-Term]",1.056,0.865380378286389,1,96.2,101.6,3.14,12.97,174.3,144.4,160.9,196.9,188.8,184.8,314,305.5,325.2,331.7,298.7,385.7,"High","High","High","High","High","High"
"Ag00001aa055095_T001",TRUE,"Master Protein","Ag00001aa055095_T001",39,7,46,260,NA,1.014,0.949641130682471,1,93.9,95.1,7.95,9.31,1211.9,1061.1,953.6,1286.3,1399,1227,2183.5,2245,1927.6,2167,2213.1,2560.8,"High","High","High","High","High","High"
"Ag00001aa005694_T001",TRUE,"Master Protein","Ag00001aa005694_T001",32,8,32,329,NA,3.229,0.000162911079309325,0.00323317336109637,32.4,104.5,7.7,15.56,88,78.7,70.7,300.7,323.6,316.2,158.6,166.5,142.9,506.6,511.9,659.9,"High","High","High","High","High","High"
"Ag00001aa104167_T001",TRUE,"Master Protein","Ag00001aa104167_T001",21,7,50,402,NA,0.242,0.00016269257283652,0.00323317336109637,295,71.4,25.67,13.8,345.5,238.2,413.2,89.4,117.8,69.8,622.5,504,835.2,150.6,186.3,145.7,"High","High","High","High","High","High"
"Ag00001aa017895_T001",TRUE,"Master Protein","Ag00001aa017895_T001",17,5,27,408,NA,2.501,0.00148134832553803,0.0148234335380036,46.6,116.6,19.13,4.15,375,394.7,282.7,1003,1121.3,782.7,675.6,835.1,571.4,1689.7,1773.8,1633.5,"High","High","High","High","High","High"
"Ag00001aa114288_T001",TRUE,"Master Protein","Ag00001aa114288_T001",23,9,15,686,NA,0.878,0.793079548368472,1,32.2,28.3,18.17,37.97,15.2,14.3,19.1,20.9,16.8,7.5,27.4,30.3,38.6,35.2,26.6,15.7,"High","High","High","High","High","High"
"Ag00001aa024911_T003",TRUE,"Master Protein","Ag00001aa024911_T003",25,9,20,531,NA,0.726,0.00378295487789482,0.0289008052786862,134.7,97.8,9.93,6.59,604.8,424.2,516.2,453.7,428.3,363.1,1089.7,897.5,1043.4,764.3,677.5,757.8,"High","High","High","High","High","High"
"Ag00001aa117039_T001",TRUE,"Master Protein","Ag00001aa117039_T001",26,9,25,445,NA,1.218,0.745687999119074,1,104.1,126.8,6.94,8.24,289.1,218.4,259.2,376.6,352.8,313.4,520.9,462.1,523.9,634.4,558.1,654.1,"High","High","High","High","High","High"
"Ag00001aa102316_T001",TRUE,"Master Protein","Ag00001aa102316_T001",22,13,22,943,NA,0.878,0.956834829964471,1,101.3,89,9.11,8.67,341.4,266.1,253.5,293.5,361.4,236.2,615.1,563,512.4,494.4,571.7,493,"High","High","High","High","High","High"
"Ag00001aa066486_T001",TRUE,"Master Protein","Ag00001aa066486_T001",14,12,25,1067,NA,0.631,0.00114468346607777,0.0122462635087207,147.2,92.9,13.77,10.56,119.8,81.9,112.2,81.1,86.1,54.1,215.8,173.3,226.8,136.6,136.2,112.9,"High","High","High","High","High","High"
"Ag00001aa116892_T001",TRUE,"Master Protein","Ag00001aa116892_T001",51,11,23,289,NA,0.984,0.903386933847128,1,42.8,42.1,6.16,9.81,67.3,56.2,65.9,70.8,76.4,48.3,121.3,118.9,133.2,119.3,120.9,100.8,"High","High","High","High","High","High"
"Ag00001aa003842_T001",TRUE,"Master Protein","Ag00001aa003842_T001",67,10,69,160,"Met-loss+Acetyl [N-Term]",1.038,0.756371260104933,1,116.6,121,9.48,5.06,1711.1,1261.9,1589.1,1898.8,2113.4,1447.5,3082.9,2669.8,3212.2,3198.8,3343.2,3021,"High","High","High","High","High","High"
"Ag00001aa013015_T001",TRUE,"Master Protein","Ag00001aa013015_T001",14,4,47,365,NA,0.883,0.999511383038246,1,21.7,19.1,7.03,4.46,134.9,107.8,129.8,127.5,135.6,95.1,243.1,228.1,262.4,214.8,214.5,198.5,"High","High","High","High","High","High"
"Ag00001aa149781_T002",TRUE,"Master Protein","Ag00001aa149781_T002",25,14,33,723,NA,0.706,0.0337539907480687,0.139777644800376,106.2,75,9.96,0.76,1136.3,985.8,1208.6,883,926.8,705.1,2047.3,2085.7,2443,1487.6,1466.1,1471.6,"High","High","High","High","High","High"
"Ag00001aa091880_T001",TRUE,"Master Protein","Ag00001aa091880_T001",30,5,103,279,NA,0.95,0.982707675618988,1,19,18.1,5.81,59.75,433.8,331,380,1074,461.2,323.1,781.6,700.3,768.1,1809.3,729.6,674.3,"High","High","High","High","High","High"
"Ag00001aa005818_T001",TRUE,"Master Protein","Ag00001aa005818_T001",44,8,28,284,NA,0.93,0.897440491893455,1,117.4,109.1,11.73,3.99,787.1,833.4,736,812.9,874.3,705.7,1418.1,1763.2,1487.7,1369.5,1383.1,1472.8,"High","High","High","High","High","High"
"Ag00001aa127812_T001",TRUE,"Master Protein","Ag00001aa127812_T001",26,4,116,308,"Acetyl [N-Term]",4.554,3.95822292165171e-07,0.000209906314329338,82.4,375.3,14.51,8.14,1833.6,1526.8,1242.7,8182.4,9299.6,7756.7,3303.6,3230.3,2512,13784.6,14711.1,16188.6,"High","High","High","High","High","High"
"Ag00001aa064901_T001",TRUE,"Master Protein","Ag00001aa064901_T001",35,9,27,287,NA,0.714,0.029044790824761,0.124875835876443,147.2,105.1,5.53,7.58,792.3,748.9,771.4,660.9,685.1,597.5,1427.5,1584.5,1559.3,1113.4,1083.8,1247,"High","High","High","High","High","High"
"Ag00001aa126669_T001",TRUE,"Master Protein","Ag00001aa126669_T001",25,13,30,727,NA,1.634,0.00291766475421329,0.0243080940515302,139.3,227.5,14.54,11.41,396.4,256.6,345.7,556.8,721.7,555.8,714.2,542.9,698.8,938,1141.7,1160,"High","High","High","High","High","High"
"Ag00001aa154703_T002",TRUE,"Master Protein","Ag00001aa154703_T002",30,8,31,409,NA,1.386,0.0698723446885178,0.232711918051704,67.4,93.4,6.04,5.77,332,282.1,265.7,475.9,522.8,429.1,598.2,596.8,537.1,801.7,827,895.6,"High","High","High","High","High","Not Found"
"Ag00001aa136825_T001",TRUE,"Master Protein","Ag00001aa136825_T001",37,8,34,289,NA,1.03,0.957534069348166,1,112.7,116.1,2.49,10.11,702.7,628.9,640.6,791.5,832.3,752.7,1266.1,1330.6,1294.9,1333.4,1316.6,1570.9,"High","High","High","High","High","High"
"Ag00001aa064863_T001",TRUE,"Master Protein","Ag00001aa064863_T001",26,9,19,378,NA,1.556,0.377730082206945,0.790133763886331,112.5,175,8.77,17.47,83.9,72.9,64.7,144,109.7,112.7,151.2,154.2,130.8,242.6,173.5,235.2,"High","High","High","High","High","High"
"Ag00001aa103800_T002",TRUE,"Master Protein","Ag00001aa103800_T002",28,7,32,406,NA,1.736,0.0103310281755663,0.0596825951509448,95.7,166.1,10.75,4.88,139.1,111.1,100.1,232.8,257.9,207,250.6,235.1,202.3,392.2,408,432,"High","High","High","High","High","High"
"Ag00001aa085903_T002",TRUE,"Master Protein","Ag00001aa085903_T002",42,9,29,281,NA,0.969,0.999999999876241,1,116.4,112.8,2.8,10.58,718,644.2,669.1,778.1,769.9,717.2,1293.6,1363,1352.5,1310.8,1217.9,1496.8,"High","High","High","High","High","High"
"Ag00001aa062907_T001",TRUE,"Master Protein","Ag00001aa062907_T001",37,11,32,354,NA,1.025,0.983549846057794,1,92.2,94.5,13.93,3,468.1,305,402.8,495.6,502.7,402.8,843.4,645.3,814.2,834.9,795.2,840.7,"High","High","High","High","High","High"
"Ag00001aa066110_T001",TRUE,"Master Protein","Ag00001aa066110_T001",51,9,46,216,NA,0.713,0.127360317056928,0.368506981957872,133.1,94.9,7.31,8.42,79.3,76.5,80.8,68.5,83.9,55,142.9,161.9,163.3,115.4,132.7,114.8,"High","High","High","High","High","High"
"Ag00001aa123881_T001",TRUE,"Master Protein","Ag00001aa123881_T001",17,6,21,777,NA,0.755,0.745257678384858,1,31.3,23.6,13,18.93,12.8,12.8,10.4,14.1,11,8.3,23.1,27.1,21,23.8,17.4,17.3,"High","High","High","High","High","High"
"Ag00001aa100449_T002",TRUE,"Master Protein","Ag00001aa100449_T002",32,8,22,391,"Met-loss+Acetyl [N-Term]",0.864,0.00781958488998602,0.0489077999049349,119.6,103.3,5.38,0.79,443.3,381.2,435.1,413.5,434.8,334.4,798.7,806.5,879.5,696.6,687.8,697.9,"Not Found","Not Found","Not Found","Not Found","Not Found","Not Found"
"Ag00001aa070785_T001",TRUE,"Master Protein","Ag00001aa070785_T001",18,15,23,891,NA,0.298,0.00135835952262986,0.0139319524876959,166.8,49.6,22.28,3.5,94.1,62.1,102.3,31.6,31.9,23.9,169.5,131.4,206.8,53.2,50.5,49.9,"High","High","High","High","High","High"
"Ag00001aa035256_T001",TRUE,"Master Protein","Ag00001aa035256_T001",24,11,25,623,NA,0.36,0.0684322505967424,0.229223036147267,290.7,104.6,9.37,15.34,143.9,126.5,152.4,56.6,60.9,59.3,259.3,267.6,308.1,95.4,96.3,123.8,"High","High","High","High","High","High"
"Ag00001aa003952_T001",TRUE,"Master Protein","Ag00001aa003952_T001",45,8,38,228,"Met-loss+Acetyl [N-Term]",1.086,0.979058889882024,1,80.7,87.6,4.88,14.97,888.3,759.3,728.1,1101.6,1098.5,660.9,1600.5,1606.5,1471.8,1855.8,1737.7,1379.3,"High","High","High","High","High","High"
"Ag00001aa024316_T001",TRUE,"Master Protein","Ag00001aa024316_T001",23,9,23,539,NA,0.483,0.00561204858873776,0.0385631310372094,151.1,72.9,24.81,14.79,242.4,214.4,330.4,105,138.4,114,436.7,453.6,667.9,176.9,218.9,237.9,"High","High","High","High","High","High"
"Ag00001aa002737_T003",TRUE,"Master Protein","Ag00001aa002737_T003",28,7,18,375,NA,1.035,0.987613008882614,1,92.5,95.7,4.16,3.33,204.9,179.8,198.2,245.8,248.8,186.5,369.2,380.4,400.6,414.1,393.6,389.2,"High","High","High","High","High","High"
"Ag00001aa044213_T001",TRUE,"Master Protein","Ag00001aa044213_T001",17,6,20,777,NA,0.847,0.99900954354245,1,32.8,27.8,3.2,26.83,125.3,102.8,104.8,163.8,116.5,82.7,225.8,217.5,211.8,275.9,184.3,172.6,"High","High","High","High","High","High"
"Ag00001aa079074_T001",TRUE,"Master Protein","Ag00001aa079074_T001",23,10,54,591,NA,0.984,0.999983995551298,1,51.9,51.1,7.19,2.03,196.4,145.8,170.9,207.7,212.8,162.8,353.9,308.5,345.5,349.9,336.6,339.8,"High","High","High","High","High","High"
"Ag00001aa048041_T001",TRUE,"Master Protein","Ag00001aa048041_T001",37,15,23,465,NA,1.048,0.996600249435506,1,106,111.1,2.37,5.23,354.2,312,312.1,418.9,401.8,320.5,638.2,660.1,630.9,705.7,635.6,668.9,"Not Found","Not Found","High","High","Not Found","Not Found"
"Ag00001aa042491_T001",TRUE,"Master Protein","Ag00001aa042491_T001",51,10,28,310,NA,0.833,0.125997970381846,0.365230161987315,125.1,104.3,10.58,5.43,673.1,692.7,614.6,614.6,619.4,523.4,1212.7,1465.6,1242.3,1035.4,979.8,1092.4,"High","High","High","High","High","High"
"Ag00001aa082198_T001",TRUE,"Master Protein","Ag00001aa082198_T001",29,11,17,541,NA,0.8,0.0123913688191936,0.0679146165036325,122.4,97.9,6.93,6.39,348.5,300.8,276.8,324.6,305.5,240.6,627.9,636.4,559.5,546.8,483.3,502.1,"High","High","High","High","High","High"
"Ag00001aa102000_T003",TRUE,"Master Protein","Ag00001aa102000_T003",25,11,29,568,NA,0.958,0.907302109945853,1,59.9,57.4,10.09,10.66,529.8,368.4,430.8,495.4,543.4,336,954.6,779.4,870.8,834.6,859.6,701.2,"High","High","High","High","High","High"
"Ag00001aa033586_T003",TRUE,"Master Protein","Ag00001aa033586_T003",59,5,21,153,NA,0.775,0.0599816683226568,0.20798501176259,124,96.1,16.44,5.84,486.5,556,453.5,421.8,408.9,345.9,876.5,1176.3,916.7,710.6,646.8,721.9,"High","High","High","High","High","High"
"Ag00001aa121304_T001",TRUE,"Master Protein","Ag00001aa121304_T001",28,13,23,613,NA,1.017,0.906102653351884,1,100.8,102.6,14.53,4.15,438.6,290.4,400,491.6,508.2,365.4,790.2,614.4,808.6,828.2,803.9,762.6,"High","High","High","High","High","High"
"Ag00001aa009667_T002",TRUE,"Master Protein","Ag00001aa009667_T002",17,14,23,1127,NA,NA,NA,NA,NA,NA,NA,NA,NA,NA,NA,NA,NA,NA,NA,NA,NA,NA,NA,NA,"Not Found","Not Found","Not Found","Not Found","Not Found","Not Found"
"Ag00001aa147759_T001",TRUE,"Master Protein","Ag00001aa147759_T001",33,8,22,386,"Met-loss+Acetyl [N-Term]",NA,NA,NA,NA,NA,NA,NA,NA,NA,NA,NA,NA,NA,NA,NA,NA,NA,NA,NA,"High","High","High","High","High","High"
"Ag00001aa122326_T001",TRUE,"Master Protein","Ag00001aa122326_T001",29,11,17,541,NA,NA,NA,NA,NA,NA,NA,NA,NA,NA,NA,NA,NA,NA,NA,NA,NA,NA,NA,NA,"High","High","High","High","High","High"
"Ag00001aa091881_T001",TRUE,"Master Protein","Ag00001aa091881_T001",16,2,32,360,NA,1.041,0.99992747283764,1,45.1,47,4.32,23.57,150.7,120.9,123.6,202.4,168.4,101.9,271.5,255.8,249.8,341,266.4,212.7,"High","High","High","High","High","High"
"Ag00001aa028716_T001",TRUE,"Master Protein","Ag00001aa028716_T001",70,8,32,165,NA,1.14,0.916418366723889,1,116.6,132.9,5.19,4.22,1175.2,1082,1028.2,1432.6,1434.6,1180,2117.4,2289.2,2078.4,2413.5,2269.4,2462.7,"High","High","High","High","High","High"
"Ag00001aa099855_T001",TRUE,"Master Protein","Ag00001aa099855_T001",15,7,19,616,NA,0.977,0.999999999671674,1,24.5,24,9.87,6.76,144.2,100.9,121,141.8,160.6,106.3,259.8,213.5,244.6,238.9,254.1,221.9,"High","High","High","High","High","High"
"Ag00001aa107277_T003",TRUE,"Master Protein","Ag00001aa107277_T003",27,12,19,656,NA,1.455,0.0257954923688974,0.116055371103254,114.2,166.1,4.93,16.48,54.9,43.2,49.6,64.2,91,71,98.9,91.4,100.3,108.2,144,148.2,"High","High","High","High","High","High"
"Ag00001aa103253_T001",TRUE,"Master Protein","Ag00001aa103253_T001",29,10,40,360,NA,1.051,0.987972541910193,1,33.6,35.3,15.48,16.3,9.7,7.9,6.4,9.3,11.1,10.3,17.5,16.7,12.9,15.7,17.6,21.5,"High","High","High","High","High","High"
"Ag00001aa102694_T001",TRUE,"Master Protein","Ag00001aa102694_T001",17,14,23,1125,NA,0.796,0.00214335872997329,0.0191992103298171,125.3,99.7,13.69,1.71,425.6,335.3,455.6,362.1,381.2,298.8,766.8,709.4,920.9,610,603,623.6,"High","High","High","High","High","High"
"Ag00001aa037104_T001",TRUE,"Master Protein","Ag00001aa037104_T001",30,9,42,344,NA,0.802,0.999999777408382,1,36.9,29.6,13.29,48.93,6.9,7.1,5.8,12.8,6.3,4.7,12.4,15,11.7,21.6,10,9.8,"High","High","High","High","High","High"
"Ag00001aa156498_T002",TRUE,"Master Protein","Ag00001aa156498_T002",44,10,30,324,"Met-loss [N-Term]",NA,NA,NA,NA,NA,NA,NA,NA,NA,NA,NA,NA,NA,NA,NA,NA,NA,NA,NA,"Not Found","Not Found","Not Found","Not Found","Not Found","Not Found"
"Ag00001aa071581_T001",TRUE,"Master Protein","Ag00001aa071581_T001",33,8,21,384,NA,1.592,0.930715526446547,1,32.6,51.9,20.69,30.77,5.6,5.4,7.4,14.6,11.5,6.3,10.1,11.4,15,24.6,18.2,13.1,"High","High","High","High","High","High"
"Ag00001aa022823_T001",TRUE,"Master Protein","Ag00001aa022823_T001",21,10,27,624,NA,1.051,0.999996553081656,1,47.1,49.5,14.02,7.11,12.1,12.7,10.3,13.6,15.9,10.5,21.8,26.9,20.8,22.9,25.2,21.9,"High","High","High","High","High","High"
"Ag00001aa069788_T001",TRUE,"Master Protein","Ag00001aa069788_T001",19,6,27,453,NA,0.729,0.000882008830268788,0.0102056128535373,127.2,92.7,9.56,5.45,624.2,547.6,662.6,501.2,519.8,437.1,1124.6,1158.6,1339.4,844.4,822.3,912.2,"High","High","High","High","High","High"
"Ag00001aa124024_T001",TRUE,"Master Protein","Ag00001aa124024_T001",35,9,34,330,NA,3.452,1.48379385533914e-06,0.000394037648656672,47.7,164.6,7.34,5.69,322.1,264.1,248.6,1047,1242.4,924.2,580.3,558.8,502.5,1763.8,1965.4,1928.9,"High","High","High","High","High","High"
"Ag00001aa030705_T001",TRUE,"Master Protein","Ag00001aa030705_T001",16,7,15,703,NA,0.61,0.148704190515694,0.410672353740248,211.7,129.1,15.31,12.86,970.5,741.1,1044.7,550.4,759.3,511,1748.6,1568,2111.7,927.2,1201.1,1066.5,"High","High","High","High","High","High"
"Ag00001aa122019_T001",TRUE,"Master Protein","Ag00001aa122019_T001",44,9,33,230,NA,1.024,0.989905134375995,1,121.7,124.6,19.57,1.12,42,49,36.8,46.5,49,36.7,75.7,103.7,74.4,78.3,77.5,76.6,"High","High","High","High","High","High"
"Ag00001aa107264_T001",TRUE,"Master Protein","Ag00001aa107264_T001",19,6,54,357,NA,0.766,0.929128266590563,1,37.7,28.9,9.61,15.58,520.8,479.9,414.1,534.5,454.1,324,938.3,1015.3,837.1,900.5,718.3,676.2,"High","High","High","High","High","High"
"Ag00001aa031373_T001",TRUE,"Master Protein","Ag00001aa031373_T001",16,10,39,759,NA,1.085,0.999999963762344,1,60,65.2,13.28,12.88,8.8,9.7,8.6,11.2,9.9,9.7,15.9,20.5,17.4,18.9,15.7,20.2,"High","High","High","High","High","High"
"Ag00001aa125027_T001",TRUE,"Master Protein","Ag00001aa125027_T001",18,8,17,690,NA,NA,NA,NA,NA,NA,NA,NA,NA,NA,NA,NA,NA,NA,NA,NA,NA,NA,NA,NA,"High","High","High","High","High","High"
"Ag00001aa015316_T001",TRUE,"Master Protein","Ag00001aa015316_T001",36,10,38,342,NA,0.954,0.999533562779532,1,21.1,20.1,7.67,17.05,34.5,25.4,27.6,31.6,40.4,21.8,62.2,53.7,55.8,53.2,63.9,45.5,"High","High","High","High","High","High"
"Ag00001aa000802_T001",TRUE,"Master Protein","Ag00001aa000802_T001",23,5,40,303,NA,1.034,0.999993265693102,1,36.8,38,11.35,10.52,35.6,26.9,25.3,39.7,34.4,28.2,64.1,56.9,51.1,66.9,54.4,58.9,"High","High","High","High","High","High"
"Ag00001aa129168_T002",TRUE,"Master Protein","Ag00001aa129168_T002",28,5,16,313,NA,NA,NA,NA,NA,NA,NA,NA,NA,NA,NA,NA,NA,NA,NA,NA,NA,NA,NA,NA,"High","High","High","High","High","High"
"Ag00001aa141352_T001",TRUE,"Master Protein","Ag00001aa141352_T001",10,16,18,2149,NA,1.624,0.413104431968973,0.841819033975587,55.1,89.5,38.73,12.66,10.1,4,5.8,11.3,13.1,7.7,18.2,8.5,11.7,19,20.7,16.1,"High","High","High","High","High","High"
"Ag00001aa064814_T001",TRUE,"Master Protein","Ag00001aa064814_T001",27,13,28,572,NA,1.342,0.106034682406213,0.319472334631894,66.7,89.5,12.31,11.33,298.8,200.4,255.5,490.8,438.1,323.5,538.4,424,516.5,826.8,693,675.2,"High","High","High","High","High","High"
"Ag00001aa138894_T001",TRUE,"Master Protein","Ag00001aa138894_T001",29,5,19,263,NA,0.853,0.939000605765723,1,68.4,58.4,18.29,15.02,49.4,29,38.7,39.6,34.4,35.3,89,61.4,78.2,66.7,54.4,73.7,"High","High","High","High","High","High"
"Ag00001aa087960_T001",TRUE,"Master Protein","Ag00001aa087960_T001",19,8,22,608,NA,2.886,0.048522109670429,0.179457840666033,54.2,156.3,15.28,9.95,349,240.1,233.7,1023.2,916.1,702.4,628.8,508,472.4,1723.8,1449.2,1465.9,"High","High","High","High","High","High"
"Ag00001aa007755_T001",TRUE,"Master Protein","Ag00001aa007755_T001",36,3,31,139,NA,1.153,0.809022025004617,1,118.7,136.9,14.96,7.96,463.9,292.1,374,517.2,479.1,419,835.8,618,756,871.3,757.9,874.5,"High","High","High","High","High","High"
"Ag00001aa060403_T001",TRUE,"Master Protein","Ag00001aa060403_T001",34,10,22,447,NA,1.179,0.292194407550446,0.657485688508678,52.5,61.9,4.58,4.83,232.9,202.8,194.2,307.1,296.9,237,419.6,429.1,392.6,517.4,469.7,494.6,"High","High","High","High","High","High"
"Ag00001aa010788_T001",TRUE,"Master Protein","Ag00001aa010788_T001",53,6,26,171,NA,1.124,0.97997829644465,1,124.1,139.5,10.38,4.43,501.1,493.4,424.4,612.9,599.7,486.4,902.8,1043.9,857.9,1032.5,948.7,1015.1,"Not Found","Not Found","Not Found","High","Not Found","Not Found"
"Ag00001aa026628_T001",TRUE,"Master Protein","Ag00001aa026628_T001",37,8,35,289,NA,0.936,0.994383049832928,1,105,98.3,5.47,3.37,131.1,124.4,125.7,141.1,157.4,111.8,236.2,263.2,254.1,237.7,249,233.3,"High","High","High","High","High","High"
"Ag00001aa063055_T001",TRUE,"Master Protein","Ag00001aa063055_T001",34,10,21,417,NA,0.919,0.981149896097335,1,193.5,177.9,8.12,6.72,244,244.5,240.4,253.7,282.4,233.4,439.6,517.3,485.9,427.4,446.7,487.1,"High","High","High","High","High","High"
"Ag00001aa026707_T002",TRUE,"Master Protein","Ag00001aa026707_T002",36,13,30,408,NA,0.789,0.426640212658381,0.862755136270818,224,176.7,17,23.71,442.4,482.4,555.5,307.4,515.8,385.8,797.1,1020.6,1122.9,517.9,815.9,805.2,"High","High","High","High","High","High"
"Ag00001aa065491_T001",TRUE,"Master Protein","Ag00001aa065491_T001",30,6,33,317,NA,1.064,0.91435745787285,1,38.2,40.7,2.67,9.69,57.2,51.3,51.8,74.3,65.4,53.4,103.1,108.5,104.7,125.2,103.5,111.4,"High","High","High","High","High","High"
"Ag00001aa007354_T001",TRUE,"Master Protein","Ag00001aa007354_T001",44,12,17,361,NA,0.886,0.276876865362542,0.632707596728823,109.8,97.3,10.75,2.97,419.9,371.3,456.1,413.3,425.8,342.5,756.5,785.6,921.9,696.3,673.6,714.8,"High","High","High","High","High","High"
"Ag00001aa091692_T002",TRUE,"Master Protein","Ag00001aa091692_T002",48,9,48,220,NA,1.184,0.113864537021154,0.337445617858539,102,120.8,1.66,0.87,1088,956.9,992.9,1409.5,1524.3,1138.7,1960.3,2024.5,2007,2374.5,2411.3,2376.5,"High","High","High","High","High","High"
"Ag00001aa039809_T001",TRUE,"Master Protein","Ag00001aa039809_T001",53,8,25,215,NA,0.772,0.150018230270065,0.412437662827827,148.6,114.7,4.31,1.67,497.9,460.8,454.8,421.1,442.6,346.8,897.1,974.9,919.3,709.4,700.2,723.8,"High","High","High","High","High","High"
"Ag00001aa085051_T001",TRUE,"Master Protein","Ag00001aa085051_T001",37,11,34,365,NA,0.869,0.962621531890089,1,31.6,27.4,6.94,20.37,94.6,71,75.7,108.5,81.2,63.7,170.4,150.2,153,182.8,128.5,132.9,"High","High","High","High","High","High"
"Ag00001aa037583_T002",TRUE,"Master Protein","Ag00001aa037583_T002",32,13,22,465,NA,0.417,NA,NA,39.8,16.6,NA,NA,0,0,4.5,0,2.4,0,0,0,9.1,0,3.8,0,"Not Found","Not Found","High","High","High","Not Found"
"Ag00001aa127536_T001",TRUE,"Master Protein","Ag00001aa127536_T001",24,10,26,727,NA,1.326,0.174510659036634,0.455351512730949,55.9,74.1,17.19,4.12,70.9,51.3,75.7,101.9,107.1,76.1,127.7,108.5,153,171.7,169.4,158.8,"High","High","High","High","High","High"
"Ag00001aa125922_T002",TRUE,"Master Protein","Ag00001aa125922_T002",16,8,76,589,NA,0.99,0.999998501961847,1,52.6,52.1,11.86,18.41,8.9,6,6.9,8.2,7.3,8,16,12.7,13.9,13.8,11.5,16.7,"High","High","High","High","High","High"
"Ag00001aa070885_T001",TRUE,"Master Protein","Ag00001aa070885_T001",32,4,27,192,NA,1.501,0.0515108791227072,0.186967156200525,157.7,236.7,16.88,4.79,72.5,74.6,55.9,116.4,114.3,94.5,130.6,157.8,113,196.1,180.8,197.2,"High","High","High","High","High","High"
"Ag00001aa081755_T002",TRUE,"Master Protein","Ag00001aa081755_T002",26,12,23,544,NA,0.646,0.0586053039424947,0.204556454059643,91.8,59.3,16.71,13.53,12.6,8,11.5,8.7,10.4,6,22.7,16.9,23.2,14.7,16.5,12.5,"High","High","High","High","High","High"
"Ag00001aa079495_T001",TRUE,"Master Protein","Ag00001aa079495_T001",61,9,39,205,NA,0.604,0.596983234283816,1,103,62.2,19.61,16.97,1614.7,1054.9,995.4,1041.5,823.2,645.7,2909.2,2231.9,2012.1,1754.6,1302.2,1347.6,"High","High","High","High","High","High"
"Ag00001aa087212_T002",TRUE,"Master Protein","Ag00001aa087212_T002",23,12,21,668,NA,0.761,0.210198142449213,0.519900687290592,112.1,85.3,14.41,5.27,376.8,255.4,354.8,282.1,331.8,247.7,678.9,540.4,717.2,475.2,524.9,517,"High","High","High","High","High","High"
"Ag00001aa027410_T001",TRUE,"Master Protein","Ag00001aa027410_T001",17,7,18,622,NA,0.752,0.0362795657574012,0.147143054176181,153,115,4.77,7.84,692,541.4,570.6,514.7,512.3,453.7,1246.8,1145.5,1153.4,867.1,810.4,946.9,"High","High","High","High","High","High"
"Ag00001aa054527_T001",TRUE,"Master Protein","Ag00001aa054527_T001",34,9,33,394,NA,1.645,2.99229300975146e-05,0.00103053123527009,93.8,154.3,6.51,5.35,232.7,221.6,207.8,391,463.2,331.1,419.3,468.8,420,658.7,732.7,691,"High","High","High","High","High","High"
"Ag00001aa008791_T002",TRUE,"Master Protein","Ag00001aa008791_T002",28,10,20,512,NA,NA,NA,NA,NA,NA,NA,NA,NA,NA,NA,NA,NA,NA,NA,NA,NA,NA,NA,NA,"High","High","High","High","High","High"
"Ag00001aa035946_T001",TRUE,"Master Protein","Ag00001aa035946_T001",44,8,47,169,NA,0.745,0.0358673866057442,0.145818698129715,121.8,90.7,10.69,4.76,2121.5,2204.6,1976.7,1812.9,1881.2,1333.1,3822.4,4664.3,3995.7,3054.1,2975.9,2782.2,"High","High","High","High","High","High"
"Ag00001aa121877_T002",TRUE,"Master Protein","Ag00001aa121877_T002",37,11,25,410,NA,1.39,0.000144936159697795,0.00292523141622069,90.5,125.7,7.01,0.45,411.7,332.7,319,580.8,614.4,469.7,741.8,703.9,644.8,978.5,971.9,980.3,"High","High","High","High","High","High"
"Ag00001aa084908_T001",TRUE,"Master Protein","Ag00001aa084908_T001",22,9,20,541,NA,1.301,0.0074185326861379,0.0474070094120062,76.4,99.4,0.69,3.79,448.5,377.6,394.9,583,656.8,506.2,808.1,798.9,798.2,982.2,1039,1056.5,"High","High","High","High","High","High"
"Ag00001aa039972_T001",TRUE,"Master Protein","Ag00001aa039972_T001",31,8,21,385,NA,0.459,0.185875182738298,0.475445308446937,284.5,130.7,3.58,27.1,1281.3,1158.3,1138.5,629.3,542,698,2308.6,2450.6,2301.3,1060.2,857.4,1456.8,"High","High","High","High","High","High"
"Ag00001aa042230_T001",TRUE,"Master Protein","Ag00001aa042230_T001",31,6,42,338,NA,2.244,0.152346347911931,0.416866898040268,91.2,204.8,21.85,9.29,136,76.1,92.1,248,305.7,196.2,245,161,186.2,417.8,483.6,409.5,"High","High","High","High","High","High"
"Ag00001aa063297_T001",TRUE,"Master Protein","Ag00001aa063297_T001",47,8,25,284,NA,0.734,0.502594728598341,0.966271761760088,54,39.6,10.17,11.54,17.9,18.4,19,19.7,16.9,13.5,32.3,38.9,38.4,33.2,26.7,28.2,"High","High","High","High","High","High"
"Ag00001aa143504_T001",TRUE,"Master Protein","Ag00001aa143504_T001",22,9,49,592,NA,0.972,0.602336603322476,1,63.9,62.1,11.82,21.04,37.9,31.4,40.6,39.4,44.4,22.2,68.3,66.4,82.1,66.4,70.2,46.3,"High","High","High","High","High","High"
"Ag00001aa107539_T001",TRUE,"Master Protein","Ag00001aa107539_T001",37,8,24,300,NA,0.89,0.84001182263005,1,52.3,46.5,6.46,7.14,166.4,158.1,148.2,148.4,168.6,138.1,299.8,334.5,299.6,250,266.7,288.2,"High","High","High","High","High","High"
"Ag00001aa078226_T001",TRUE,"Master Protein","Ag00001aa078226_T001",26,8,34,396,NA,0.425,6.24780448778006e-05,0.00171569893745076,170.4,72.4,19.99,2.71,207.9,136.8,215.3,94.5,102.6,73.7,374.6,289.4,435.2,159.2,162.3,153.8,"High","High","High","High","High","High"
"Ag00001aa133406_T001",TRUE,"Master Protein","Ag00001aa133406_T001",34,6,26,207,NA,1.451,0.149221759593138,0.410958967263089,102.9,149.3,10.32,12.32,189.3,140.6,180.9,238.8,321.3,237.1,341.1,297.5,365.7,402.3,508.3,494.8,"High","High","High","High","High","High"
"Ag00001aa119173_T001",TRUE,"Master Protein","Ag00001aa119173_T001",16,5,18,502,NA,0.879,0.429922093733216,0.867337498961984,54.4,47.8,6.58,10.66,88.8,66.7,77.4,87.2,86.9,56.9,160,141.1,156.5,146.9,137.5,118.8,"High","High","High","High","High","High"
"Ag00001aa015636_T001",TRUE,"Master Protein","Ag00001aa015636_T001",26,8,20,395,NA,1.94,2.29426650055764e-06,0.000463441833112643,85.3,165.5,6.4,2.49,562.1,421.2,476.4,1065.4,1181,900.7,1012.7,891.1,963,1794.8,1868.2,1879.8,"High","High","High","High","High","High"
"Ag00001aa033911_T001",TRUE,"Master Protein","Ag00001aa033911_T001",29,9,44,343,NA,1.386,0.512803465229181,0.978324267424585,63.7,88.4,18.02,12.24,20.9,14.6,22,37,33,23.8,37.7,30.9,44.5,62.3,52.2,49.7,"Not Found","Not Found","Not Found","Not Found","Not Found","Not Found"
"Ag00001aa018584_T001",TRUE,"Master Protein","Ag00001aa018584_T001",51,7,19,283,NA,0.617,0.965218599061,1,26.2,16.2,21.62,26.39,35.7,20.9,33.5,32.3,25.1,15.6,64.3,44.2,67.7,54.4,39.7,32.6,"High","High","High","High","High","High"
"Ag00001aa028640_T003",TRUE,"Master Protein","Ag00001aa028640_T003",23,6,20,413,NA,1.911,0.324042569074277,0.710503051830969,35.3,67.4,7.34,9.66,116.6,115,111.7,256.1,235.8,215.9,210.1,243.3,225.8,431.4,373,450.6,"High","High","High","High","High","High"
"Ag00001aa113485_T001",TRUE,"Master Protein","Ag00001aa113485_T001",34,5,29,235,NA,1.586,0.0425286501569728,0.164430317135702,70.8,112.2,6.98,2.95,95.4,70.7,81,150.9,170.3,124.4,171.9,149.6,163.7,254.2,269.4,259.6,"High","High","High","High","High","High"
"Ag00001aa133171_T001",TRUE,"Master Protein","Ag00001aa133171_T001",41,8,30,273,NA,1.286,0.879492085921136,1,33.6,43.2,7.66,17.32,12.8,10,9.8,17.3,17.2,9.9,23.1,21.2,19.8,29.1,27.2,20.7,"High","High","High","High","High","High"
"Ag00001aa021657_T001",TRUE,"Master Protein","Ag00001aa021657_T001",23,6,25,430,NA,0.871,0.999999998545935,1,188.2,164,30.9,15,668.7,647.6,355.1,725.4,572,503,1204.8,1370.1,717.8,1222.1,904.9,1049.8,"High","High","High","High","High","High"
"Ag00001aa097753_T002",TRUE,"Master Protein","Ag00001aa097753_T002",34,8,16,435,NA,1.059,0.847146812780222,1,76.4,80.9,4.33,4.2,184.5,150.9,172.2,203.5,235.2,168.7,332.4,319.3,348.1,342.8,372.1,352.1,"High","High","High","High","High","High"
"Ag00001aa099313_T001",TRUE,"Master Protein","Ag00001aa099313_T001",23,8,29,488,NA,1.141,0.726483303753699,1,96.1,109.7,9.73,2.74,397.3,312.4,396.3,485,515.9,410.1,715.8,661,801.1,817.1,816.1,855.9,"High","High","High","High","High","High"
"Ag00001aa094049_T002",TRUE,"Master Protein","Ag00001aa094049_T002",40,13,34,393,NA,1.107,0.645705896026295,1,106.7,118.1,8.17,5.24,1083.5,783.8,911.5,1247.1,1289.5,908.3,1952.2,1658.3,1842.5,2100.9,2039.9,1895.7,"High","High","High","High","High","High"
"Ag00001aa155841_T001",TRUE,"Master Protein","Ag00001aa155841_T001",26,4,30,336,NA,0.859,0.981812056403982,1,31.8,27.3,9.07,16.95,123.3,97.5,122.1,132.1,120.7,75.7,222.2,206.3,246.8,222.5,190.9,158,"High","High","High","High","High","High"
"Ag00001aa101544_T002",TRUE,"Master Protein","Ag00001aa101544_T002",23,7,23,408,NA,1.13,0.999999999923282,1,19.4,21.9,8.49,54.44,4.9,3.7,0,8.6,2.7,4.5,8.8,7.8,0,14.5,4.3,9.4,"High","High","Not Found","High","High","High"
"Ag00001aa107761_T003",TRUE,"Master Protein","Ag00001aa107761_T003",21,9,14,747,NA,1.241,0.0883746836950403,0.279080413428058,74.7,92.7,5.47,2.03,291,223.4,254.9,380.2,404.2,296,524.3,472.7,515.2,640.5,639.4,617.8,"High","High","High","High","High","High"
"Ag00001aa104370_T003",TRUE,"Master Protein","Ag00001aa104370_T003",22,11,21,716,NA,1.04,0.997315265255702,1,26.4,27.5,15.31,11.74,5.6,3.5,4.5,6.1,5.5,0,10.1,7.4,9.1,10.3,8.7,0,"High","High","High","High","High","Not Found"
"Ag00001aa150200_T001",TRUE,"Master Protein","Ag00001aa150200_T001",31,10,30,358,NA,4.301,0.00188457572756839,0.0174566311342528,43.1,185.2,16.21,23.76,135.9,122.5,93.2,438.8,761.4,504.6,244.9,259.2,188.4,739.2,1204.5,1053.1,"High","High","High","High","High","High"
"Ag00001aa031400_T002",TRUE,"Master Protein","Ag00001aa031400_T002",33,7,21,327,NA,1.398,0.00632883901996506,0.0423509845255158,52.9,73.9,7.55,9.66,136.4,112.8,105.1,198.1,190.2,175,245.8,238.7,212.4,333.7,300.9,365.2,"High","High","High","High","High","High"
"Ag00001aa051540_T001",TRUE,"Master Protein","Ag00001aa051540_T001",51,10,50,233,NA,0.754,0.0103293957650196,0.0596825951509448,120.8,91.1,8.93,1.94,1784.8,1782.9,1620.5,1467.4,1562,1144.8,3215.7,3772.1,3275.6,2472.1,2470.9,2389.3,"High","High","High","High","High","High"
"Ag00001aa041594_T002",TRUE,"Master Protein","Ag00001aa041594_T002",23,6,20,413,NA,1.441,0.276311806930568,0.631766736690362,10.9,15.6,8.21,23.52,2.3,2.2,0,5.4,4,2.9,4.1,4.7,0,9.1,6.3,6.1,"High","High","Not Found","High","High","High"
"Ag00001aa129549_T003",TRUE,"Master Protein","Ag00001aa129549_T003",35,13,32,377,NA,0.79,0.180609422354158,0.466414538595202,75.5,59.6,17.81,8.12,32.9,39.3,32.5,35.3,32.8,24.8,59.3,83.1,65.7,59.5,51.9,51.8,"High","High","High","High","High","High"
"Ag00001aa083484_T001",TRUE,"Master Protein","Ag00001aa083484_T001",30,8,20,396,NA,1.067,0.972264731525945,1,81,86.4,3.31,2.52,464.6,388.3,433.3,531.9,541.2,427.8,837.1,821.5,875.9,896.1,856.1,892.8,"High","High","High","High","High","High"
"Ag00001aa007215_T001",TRUE,"Master Protein","Ag00001aa007215_T001",29,12,22,624,NA,1.129,0.904620718940714,1,104.4,117.9,9.41,8.12,659.5,466.2,527.6,714.9,774.2,504.2,1188.2,986.4,1066.5,1204.4,1224.7,1052.3,"High","High","High","High","High","High"
"Ag00001aa053088_T001",TRUE,"Master Protein","Ag00001aa053088_T001",37,12,28,475,NA,1.791,0.000620259823610803,0.00794867563694104,41.4,74.2,16.99,6.94,17.7,16.7,12.4,33.9,35.9,30.7,31.9,35.3,25.1,57.1,56.8,64.1,"High","High","High","High","High","High"
"Ag00001aa050944_T001",TRUE,"Master Protein","Ag00001aa050944_T001",46,9,22,199,NA,1.955,0.0483296508018017,0.178879744799961,65.7,128.4,25.6,14.02,293.2,366.2,244.2,613,573.3,574.7,528.3,774.8,493.6,1032.7,906.9,1199.4,"High","High","High","High","High","High"
"Ag00001aa008966_T003",TRUE,"Master Protein","Ag00001aa008966_T003",16,11,26,958,NA,0.651,0.162364269953109,0.432947168430731,213.7,139.1,12.59,30.74,29.4,31.2,33.1,25.5,31.7,12.6,53,66,66.9,43,50.1,26.3,"High","High","High","High","High","High"
"Ag00001aa052946_T001",TRUE,"Master Protein","Ag00001aa052946_T001",37,9,21,325,NA,1.442,0.132935723852877,0.379178837571394,47.3,68.2,7.23,2.37,201.9,172.5,158.6,322.9,331.6,249.4,363.8,365,320.6,544,524.6,520.5,"High","High","High","High","High","High"
"Ag00001aa008784_T002",TRUE,"Master Protein","Ag00001aa008784_T002",40,8,16,332,NA,0.954,0.867251687520458,1,100.1,95.5,10.37,3.68,321.9,317.1,272.9,328.3,353.4,250,580,670.9,551.6,553.1,559,521.8,"High","High","High","High","High","High"
"Ag00001aa014914_T001",TRUE,"Master Protein","Ag00001aa014914_T001",14,8,22,700,NA,1.396,9.74824457470325e-05,0.00224284901238057,94.1,131.5,6.95,4.38,392.7,368.8,338.2,558.4,649.1,473.4,707.5,780.3,683.6,940.7,1026.8,988,"High","High","High","High","High","High"
"Ag00001aa122856_T002",TRUE,"Master Protein","Ag00001aa122856_T002",15,7,19,546,NA,0.989,0.99997146395215,1,24.5,24.3,30.62,19.78,5.4,0,3.1,5.9,4.3,3.7,9.7,0,6.3,9.9,6.8,7.7,"High","Not Found","High","High","High","High"
"Ag00001aa043967_T001",TRUE,"Master Protein","Ag00001aa043967_T001",34,5,46,205,NA,1.076,0.845082161827589,1,38.1,41,5.33,10.04,449.2,370,360.4,591.8,531.6,403.6,809.3,782.8,728.5,997,840.9,842.3,"High","High","High","High","High","High"
"Ag00001aa093773_T001",TRUE,"Master Protein","Ag00001aa093773_T001",42,7,65,220,"Met-loss [N-Term]",0.652,0.917675019913655,1,144.9,94.5,14.35,10.66,276.2,176.1,216.1,169.1,209.2,129.7,497.6,372.6,436.8,284.9,330.9,270.7,"High","High","High","High","High","High"
"Ag00001aa074837_T002",TRUE,"Master Protein","Ag00001aa074837_T002",31,7,29,374,NA,1.09,0.999999999934578,1,60.1,65.4,4.84,22.9,11.2,10,9.5,14.4,13.9,7.3,20.2,21.2,19.2,24.3,22,15.2,"High","High","High","High","High","High"
"Ag00001aa042003_T005",TRUE,"Master Protein","Ag00001aa042003_T005",21,14,24,823,NA,1.249,0.0400603513881864,0.157779004575151,72.4,90.4,6.21,3.66,449.1,342,362.6,514.2,578.5,445.3,809.2,723.6,733,866.3,915.1,929.4,"High","High","High","High","High","High"
"Ag00001aa126450_T001",TRUE,"Master Protein","Ag00001aa126450_T001",35,4,46,125,NA,1.171,0.965511332658237,1,10.4,12.1,5.33,73.28,23.7,18.9,22,85.8,31.6,19.5,42.7,40,44.5,144.5,50,40.7,"High","High","High","High","High","High"
"Ag00001aa089134_T001",TRUE,"Master Protein","Ag00001aa089134_T001",27,12,22,570,NA,0.404,0.000288774882714615,0.00479754381484678,244.3,98.6,11.91,10.32,107.6,113.4,119,66.7,61.2,44.4,193.9,239.9,240.5,112.4,96.8,92.7,"High","High","High","High","High","High"
"Ag00001aa028842_T001",TRUE,"Master Protein","Ag00001aa028842_T001",33,8,17,362,NA,1.569,0.0575926499668644,0.202057880365996,61.1,95.8,3.42,10.78,161.9,139.4,136.8,271.6,241,223.6,291.7,294.9,276.5,457.6,381.2,466.7,"High","High","High","High","High","High"
"Ag00001aa092611_T001",TRUE,"Master Protein","Ag00001aa092611_T001",42,11,21,394,NA,0.871,0.470875964239931,0.926593997481595,130,113.2,10.47,1.83,426.8,434.3,381.6,399,411.5,321.9,769,918.9,771.4,672.2,651,671.8,"High","High","High","High","High","High"
"Ag00001aa020416_T001",TRUE,"Master Protein","Ag00001aa020416_T001",43,9,47,234,NA,1.477,0.887060046832032,1,33.3,49.1,18.67,31.33,12.6,8.3,12.7,20.4,21.2,8.8,22.7,17.6,25.7,34.4,33.5,18.4,"High","High","High","High","High","High"
"Ag00001aa135320_T002",TRUE,"Master Protein","Ag00001aa135320_T002",26,11,21,484,NA,0.932,0.458429195939874,0.908393249742595,113.6,106,4.06,2.83,307.4,278,269.6,306.5,336.7,241.2,553.9,588.2,545,516.4,532.6,503.4,"High","High","High","High","High","High"
"Ag00001aa056983_T002",TRUE,"Master Protein","Ag00001aa056983_T002",25,8,26,443,NA,1.063,0.480824543663134,0.937346350106686,147.7,157.1,21.15,4.3,478.9,268.5,403.6,524.8,548.3,389.9,862.8,568.1,815.8,884.1,867.4,813.7,"High","High","High","High","High","High"
"Ag00001aa037734_T001",TRUE,"Master Protein","Ag00001aa037734_T001",34,11,23,375,NA,0.704,0.241036860097523,0.576611260265411,96.7,68.1,17.56,5.35,64.5,38.8,47.2,40.5,39,32.2,116.2,82.1,95.4,68.2,61.7,67.2,"High","High","High","High","High","High"
"Ag00001aa016285_T001",TRUE,"Master Protein","Ag00001aa016285_T001",33,6,30,230,NA,0.793,0.00521707757347412,0.0365318040661954,114.9,91.1,1.71,5.1,526.1,463.5,475.4,452.3,496.4,340.3,947.9,980.6,961,762,785.3,710.2,"High","High","High","High","High","High"
"Ag00001aa141258_T001",TRUE,"Master Protein","Ag00001aa141258_T001",33,14,21,465,NA,0.904,0.803148554381372,1,117.6,106.4,12.83,28.14,14.9,12.9,16.6,10.4,15.6,15,26.8,27.3,33.6,17.5,24.7,31.3,"High","High","High","High","High","High"
"Ag00001aa028347_T001",TRUE,"Master Protein","Ag00001aa028347_T001",21,11,23,613,NA,1.11,0.555178033415993,1,124.8,138.6,24.95,4.27,204.9,112.8,194.7,243.3,241.2,197.6,369.2,238.7,393.6,409.9,381.6,412.4,"High","High","High","High","High","High"
"Ag00001aa083331_T001",TRUE,"Master Protein","Ag00001aa083331_T001",29,12,28,508,NA,1.155,0.0181493638600931,0.0899580447014307,97.6,112.7,1.37,6.39,901.7,755.7,782.2,1096.5,1110.9,955.2,1624.6,1598.9,1581.1,1847.2,1757.3,1993.5,"High","High","High","High","High","High"
"Ag00001aa104959_T001",TRUE,"Master Protein","Ag00001aa104959_T001",31,4,21,208,NA,0.499,0.0150929942452769,0.0783783465861481,172.9,86.3,17.61,6.2,148.7,173.8,139.8,83.7,99.1,67.6,267.9,367.7,282.6,141,156.8,141.1,"High","High","High","High","High","High"
"Ag00001aa149477_T001",TRUE,"Master Protein","Ag00001aa149477_T001",14,7,39,621,NA,NA,NA,NA,NA,NA,NA,NA,NA,NA,NA,NA,NA,NA,NA,NA,NA,NA,NA,NA,"Not Found","Not Found","Not Found","Not Found","Not Found","Not Found"
"Ag00001aa042526_T002",TRUE,"Master Protein","Ag00001aa042526_T002",36,10,23,336,NA,0.774,0.0666768307502436,0.225465872856122,118.8,92,8.25,4.52,559.4,502.3,446.2,463.2,509.6,353.1,1007.9,1062.7,901.9,780.3,806.1,736.9,"High","High","High","High","High","High"
"Ag00001aa129885_T002",TRUE,"Master Protein","Ag00001aa129885_T002",46,6,20,177,NA,5.19,5.80955142148731e-06,0.000643262778228948,52.8,274,14.75,11.34,278.9,203.7,185.1,1601.7,1414,1065.2,502.5,431,374.2,2698.3,2236.8,2223.1,"High","High","High","High","High","High"
"Ag00001aa016375_T001",TRUE,"Master Protein","Ag00001aa016375_T001",26,8,31,344,NA,1.016,0.999995439029298,1,106.3,108,7,3.95,845.4,820.6,774.8,911.9,1050.7,762.3,1523.2,1736.2,1566.2,1536.2,1662.1,1591,"High","High","High","High","High","High"
"Ag00001aa008135_T004",TRUE,"Master Protein","Ag00001aa008135_T004",20,7,17,539,NA,1.034,0.971588877005054,1,132,136.5,8.33,7.52,20.4,14.7,16.8,20.6,22.2,19,36.8,31.1,34,34.7,35.1,39.7,"High","High","High","High","High","High"
"Ag00001aa047921_T001",TRUE,"Master Protein","Ag00001aa047921_T001",29,11,23,383,NA,1.076,0.997667084441395,1,112.3,120.8,10.74,12.55,570.2,404.1,516.7,656.1,565.2,543.5,1027.3,855,1044.4,1105.3,894.1,1134.3,"High","High","High","High","High","High"
"Ag00001aa094675_T001",TRUE,"Master Protein","Ag00001aa094675_T001",24,9,21,510,NA,1.133,0.679917266878458,1,27.3,30.9,18.47,12.96,25.8,19.4,29,38.5,33.3,24.8,46.5,41,58.6,64.9,52.7,51.8,"High","High","High","High","High","High"
"Ag00001aa031495_T002",TRUE,"Master Protein","Ag00001aa031495_T002",36,10,26,328,NA,0.499,0.000231759828347555,0.00419137122040389,155.6,77.6,19.15,2.24,756.4,921.2,740.8,429.5,477.7,358,1362.8,1949,1497.4,723.6,755.7,747.2,"High","High","High","High","High","High"
"Ag00001aa019513_T001",TRUE,"Master Protein","Ag00001aa019513_T001",37,7,23,209,NA,1.112,0.94197980053842,1,84.1,93.5,8.39,7.03,464.4,347.9,355.1,522.9,483.9,392.2,836.7,736.1,717.8,880.9,765.5,818.5,"High","High","High","High","High","High"
"Ag00001aa091655_T001",TRUE,"Master Protein","Ag00001aa091655_T001",32,9,16,426,NA,1.074,0.993956697665584,1,101.1,108.7,7.3,3.91,159.8,140.5,163.4,178.5,201.9,155.2,287.9,297.3,330.3,300.7,319.4,323.9,"High","High","High","High","High","High"
"Ag00001aa039010_T001",TRUE,"Master Protein","Ag00001aa039010_T001",26,8,16,394,NA,NA,NA,NA,NA,NA,NA,NA,NA,NA,NA,NA,NA,NA,NA,NA,NA,NA,NA,NA,"High","High","High","High","High","High"
"Ag00001aa024407_T001",TRUE,"Master Protein","Ag00001aa024407_T001",40,2,23,89,NA,0.832,0.0225324758256965,0.10572521531128,110.8,92.2,14.13,7.2,558.3,597.5,490.2,496.9,494.1,432.4,1005.9,1264.1,990.9,837.1,781.6,902.4,"High","High","High","High","High","High"
"Ag00001aa078859_T001",TRUE,"Master Protein","Ag00001aa078859_T001",20,7,14,659,NA,0.854,0.0924429645112267,0.288077744115669,110.2,94.1,2.9,14,177,159.1,159.3,172.2,173.8,105.6,318.9,336.6,322,290.1,274.9,220.4,"High","High","High","High","High","High"
"Ag00001aa023611_T003",TRUE,"Master Protein","Ag00001aa023611_T003",20,7,18,539,NA,1.066,0.880811856893143,1,37.8,40.3,14.88,17.45,22.6,14.7,20.2,30.2,22.6,20.8,40.7,31.1,40.8,50.9,35.8,43.4,"High","High","High","High","High","High"
"Ag00001aa064445_T001",TRUE,"Master Protein","Ag00001aa064445_T001",64,9,20,185,NA,1.888,0.00317327444087456,0.0254695062913549,29.1,54.9,2.31,8.21,163.7,133.6,140.7,306.2,339.5,288.8,294.9,282.7,284.4,515.8,537.1,602.7,"High","High","High","High","High","High"
"Ag00001aa119027_T001",TRUE,"Master Protein","Ag00001aa119027_T001",44,10,23,243,NA,2.011,0.000532834857259079,0.00733717600094016,66.1,132.9,4.32,6.24,508.8,450.3,432.3,1155,1165.6,822.7,916.7,952.7,873.8,1945.8,1843.9,1717,"High","High","High","High","High","High"
"Ag00001aa107048_T001",TRUE,"Master Protein","Ag00001aa107048_T001",47,4,46,152,NA,0.955,0.94635818685495,1,134,127.9,13.09,5.19,70.4,50.5,48.8,63.5,64.5,46.2,126.8,106.8,98.6,107,102,96.4,"High","High","High","High","High","High"
"Ag00001aa051419_T001",TRUE,"Master Protein","Ag00001aa051419_T001",27,9,20,447,NA,NA,NA,NA,NA,NA,NA,NA,NA,NA,NA,NA,NA,NA,NA,NA,NA,NA,NA,NA,"High","High","High","High","High","High"
"Ag00001aa009358_T001",TRUE,"Master Protein","Ag00001aa009358_T001",30,9,30,339,NA,1.007,0.924155257848984,1,113.8,114.7,8.18,4.94,1174.8,860.8,1036.2,1252.3,1273.1,1064.9,2116.7,1821.2,2094.5,2109.7,2013.9,2222.5,"High","High","High","High","High","High"
"Ag00001aa064305_T001",TRUE,"Master Protein","Ag00001aa064305_T001",61,6,25,142,NA,1.027,0.998843672715068,1,55.3,56.9,5.42,3.52,428,338.2,393.8,470.3,480,390.3,771.1,715.5,796,792.3,759.3,814.6,"High","High","High","High","High","High"
"Ag00001aa047376_T001",TRUE,"Master Protein","Ag00001aa047376_T001",49,11,33,249,"Met-loss+Acetyl [N-Term]",1.074,0.988916571901786,1,47,50.5,22.42,18.94,28.4,16,18.5,24.9,25.4,13.9,51.2,33.9,37.4,41.9,40.2,29,"High","High","High","High","High","High"
"Ag00001aa030620_T001",TRUE,"Master Protein","Ag00001aa030620_T001",22,6,20,372,NA,1.336,0.871576542556304,1,48,64.1,41.92,17.7,11.4,6.1,4.4,8.4,10.9,9.7,20.5,12.9,8.9,14.2,17.2,20.2,"High","High","High","High","High","High"
"Ag00001aa054928_T001",TRUE,"Master Protein","Ag00001aa054928_T001",26,9,17,436,NA,1.261,0.0715160559161151,0.237285176616999,69.2,87.3,5.68,4.68,223,188,179,308.5,299.3,240.4,401.8,397.8,361.8,519.7,473.5,501.7,"High","High","High","High","High","High"
"Ag00001aa004224_T001",TRUE,"Master Protein","Ag00001aa004224_T001",23,9,28,504,NA,0.773,0.0498154390932707,0.18284582787607,129.4,100,3.29,2.23,874.5,697.9,762.8,701.2,753,590.2,1575.6,1476.6,1541.9,1181.3,1191.2,1231.8,"High","High","High","High","High","High"
"Ag00001aa006156_T001",TRUE,"Master Protein","Ag00001aa006156_T001",22,8,18,495,NA,0.951,0.966200178400868,1,86.5,82.2,5.25,6.93,65.1,51.6,59.9,61.8,70.5,57.3,117.3,109.2,121.1,104.1,111.5,119.6,"High","High","High","High","High","High"
"Ag00001aa140442_T001",TRUE,"Master Protein","Ag00001aa140442_T001",37,7,86,191,NA,0.892,0.845101064426853,1,136.5,121.7,4.29,0.44,3572.3,3279.1,3433.8,3693.9,3900.5,2963.9,6436.3,6937.7,6941,6223,6170.2,6185.8,"High","High","High","High","High","High"
"Ag00001aa008965_T006",TRUE,"Master Protein","Ag00001aa008965_T006",45,10,25,346,NA,1.002,0.994370878412599,1,38.4,38.4,15.4,4.11,328.7,207.8,241.3,290,291.4,239.3,592.2,439.6,487.8,488.6,461,499.4,"High","High","High","High","High","High"
"Ag00001aa061846_T001",TRUE,"Master Protein","Ag00001aa061846_T001",26,10,20,624,NA,NA,NA,NA,NA,NA,NA,NA,NA,NA,NA,NA,NA,NA,NA,NA,NA,NA,NA,NA,"High","High","High","High","High","High"
"Ag00001aa065981_T001",TRUE,"Master Protein","Ag00001aa065981_T001",30,6,37,303,NA,2.577,0.0825368723929744,0.265069912470889,36.2,93.2,8.79,8.04,153.9,119.5,115.1,386.7,358.9,315.3,277.3,252.8,232.7,651.5,567.7,658,"High","High","High","High","High","High"
"Ag00001aa155334_T001",TRUE,"Master Protein","Ag00001aa155334_T001",24,7,17,405,NA,2.221,0.167765408635791,0.441521064396898,50.6,112.3,41.27,8.34,197.6,92.8,85.4,237.4,275.7,226.5,356,196.3,172.6,399.9,436.1,472.7,"High","High","High","High","High","High"
"Ag00001aa032453_T001",TRUE,"Master Protein","Ag00001aa032453_T001",39,8,17,285,NA,1.052,0.999975189900933,1,127.8,134.3,9.29,5.08,532,532,477.7,602.7,619.2,518.5,958.5,1125.6,965.6,1015.3,979.5,1082.1,"High","High","High","High","High","High"
"Ag00001aa065057_T001",TRUE,"Master Protein","Ag00001aa065057_T001",28,14,20,610,NA,0.744,0.113104705456296,0.335527536932952,158.5,117.9,20.31,2.33,669.6,435.9,690.8,533.9,567.5,413.4,1206.4,922.2,1396.4,899.4,897.7,862.8,"High","High","High","High","High","High"
"Ag00001aa019936_T001",TRUE,"Master Protein","Ag00001aa019936_T001",45,10,30,343,NA,0.851,0.849648068481754,1,54.4,46.2,17.42,4.59,264.4,160.6,226.2,217.1,253.1,186.4,476.4,339.8,457.2,365.7,400.4,389,"High","High","High","High","High","High"
"Ag00001aa120298_T001",TRUE,"Master Protein","Ag00001aa120298_T001",23,5,35,288,NA,0.961,0.998747039874207,1,32.4,31.2,2.76,5.17,296.7,241.2,252,291,329.9,225.8,534.6,510.3,509.4,490.2,521.9,471.3,"High","High","High","High","High","High"
"Ag00001aa055436_T001",TRUE,"Master Protein","Ag00001aa055436_T001",29,10,21,469,NA,1.141,0.88931612978912,1,59.6,68,9.37,9.27,223.1,157.4,184.3,288.7,268.7,196,402,333,372.5,486.4,425.1,409.1,"High","High","High","High","High","High"
"Ag00001aa063882_T002",TRUE,"Master Protein","Ag00001aa063882_T002",37,13,18,444,NA,0.362,0.00180932342607276,0.0169191970121108,258.5,93.5,15.36,8.73,661.8,639.2,798.5,249.5,311.4,234.4,1192.4,1352.4,1614.1,420.3,492.6,489.2,"High","High","High","High","High","High"
"Ag00001aa000981_T001",TRUE,"Master Protein","Ag00001aa000981_T001",37,8,28,279,NA,0.956,0.999900230854124,1,125.6,120.2,15.07,5.99,989.6,634.9,866,1033.6,1058.4,740.9,1783,1343.3,1750.5,1741.3,1674.3,1546.3,"High","High","High","High","High","High"
"Ag00001aa150087_T001",TRUE,"Master Protein","Ag00001aa150087_T001",31,10,20,408,NA,0.995,0.999945598886298,1,99.3,98.8,5.55,4.41,258.9,197.6,223,278.7,283.4,206,466.5,418.1,450.8,469.5,448.3,429.9,"High","High","High","High","High","High"
"Ag00001aa031163_T002",TRUE,"Master Protein","Ag00001aa031163_T002",33,11,19,426,NA,1.085,0.779263104114359,1,107.7,116.8,3.45,3.29,567.1,486.9,478,657.8,724,513.8,1021.8,1030.1,966.2,1108.2,1145.3,1072.3,"High","High","High","High","High","High"
"Ag00001aa072111_T001",TRUE,"Master Protein","Ag00001aa072111_T001",37,11,28,365,NA,0.961,0.975011926581905,1,68.4,65.7,2.07,6.46,303.2,256.9,279.3,333.5,312.2,251.5,546.3,543.5,564.6,561.8,493.9,524.9,"High","High","High","High","High","High"
"Ag00001aa034470_T001",TRUE,"Master Protein","Ag00001aa034470_T001",20,4,15,333,NA,0.828,0.110935011555062,0.330530866928306,129.6,107.4,6.96,6.2,405,369.5,414.9,384.4,383.7,329.3,729.7,781.8,838.7,647.6,607,687.3,"High","High","High","High","High","High"
"Ag00001aa064253_T002",TRUE,"Master Protein","Ag00001aa064253_T002",23,11,21,716,NA,NA,NA,NA,NA,NA,NA,NA,NA,NA,NA,NA,NA,NA,NA,NA,NA,NA,NA,NA,"High","High","High","High","High","High"
"Ag00001aa014413_T002",TRUE,"Master Protein","Ag00001aa014413_T002",16,5,61,460,NA,0.934,0.9998387096159,1,26.8,25,20.43,19.47,2.6,0,3.1,3.5,3.2,1.9,4.7,0,6.3,5.9,5.1,4,"High","Not Found","High","High","High","High"
"Ag00001aa002953_T001",TRUE,"Master Protein","Ag00001aa002953_T001",31,7,39,249,NA,0.977,0.99801799707235,1,108.1,105.6,4.6,6.85,1571.8,1421.1,1359.9,1641.9,1683.9,1455.5,2832,3006.7,2748.9,2766.1,2663.8,3037.7,"High","High","High","High","High","High"
"Ag00001aa008548_T001",TRUE,"Master Protein","Ag00001aa008548_T001",26,6,31,247,NA,0.842,0.081739222967949,0.262826941678677,105,88.3,3.49,7.69,147.2,130.1,127,136.5,141.1,95,265.2,275.3,256.7,230,223.2,198.3,"High","High","High","High","High","High"
"Ag00001aa077963_T001",TRUE,"Master Protein","Ag00001aa077963_T001",26,9,22,544,NA,0.882,0.845055342901437,1,83.4,73.6,9.89,1.55,487.3,344.6,425.6,442.4,485.9,363.7,878,729.1,860.3,745.3,768.6,759.1,"High","High","High","High","High","High"
"Ag00001aa043291_T002",TRUE,"Master Protein","Ag00001aa043291_T002",42,6,33,168,"Met-loss+Acetyl [N-Term]",NA,NA,NA,NA,NA,NA,NA,NA,NA,NA,NA,NA,NA,NA,NA,NA,NA,NA,NA,"High","High","High","High","High","High"
"Ag00001aa079439_T001",TRUE,"Master Protein","Ag00001aa079439_T001",28,7,25,315,NA,0.424,3.86930003610786e-05,0.00123135695141077,220.3,93.4,16.13,6.08,122.3,144.4,134,62,72.6,56.2,220.4,305.5,270.9,104.4,114.8,117.3,"High","High","High","High","High","High"
"Ag00001aa027257_T001",TRUE,"Master Protein","Ag00001aa027257_T001",26,11,20,484,NA,1.216,0.119875590560195,0.351242111443491,94.7,115.1,4.74,8.23,215.7,182.6,176.4,278.8,259.9,230.3,388.6,386.3,356.6,469.7,411.1,480.6,"High","High","High","High","High","High"
"Ag00001aa064944_T001",TRUE,"Master Protein","Ag00001aa064944_T001",45,10,51,197,NA,4.923,4.01534401446302e-05,0.00126767867455285,34.7,170.9,2.45,12.22,370.3,329.1,330.4,1695.7,2078.4,1750.8,667.2,696.3,667.9,2856.7,3287.8,3654,"High","High","High","High","High","High"
"Ag00001aa122398_T002",TRUE,"Master Protein","Ag00001aa122398_T002",30,8,43,314,NA,1.306,0.966746183150044,1,32.7,42.7,22.67,6.35,329.5,189.2,207.1,356.2,336.7,262,593.7,400.3,418.6,600.1,532.6,546.8,"High","High","High","High","High","High"
"Ag00001aa122304_T002",TRUE,"Master Protein","Ag00001aa122304_T002",26,9,19,433,NA,0.954,0.942901859646962,1,117.2,111.8,1.65,4.81,823.2,678.3,721.3,818.3,879.3,720.1,1483.2,1435.1,1458,1378.6,1391,1502.9,"High","High","High","High","High","High"
"Ag00001aa032738_T001",TRUE,"Master Protein","Ag00001aa032738_T001",45,11,33,249,"Met-loss+Acetyl [N-Term]",NA,NA,NA,NA,NA,NA,NA,NA,NA,NA,NA,NA,NA,NA,NA,NA,NA,NA,NA,"High","High","High","High","High","High"
"Ag00001aa113331_T001",TRUE,"Master Protein","Ag00001aa113331_T001",34,9,19,340,NA,1.067,0.969856288316364,1,110.4,117.8,5.88,2.47,427.4,369.1,423.8,478.4,534.8,399.3,770.1,780.9,856.7,805.9,846,833.4,"High","High","High","High","High","High"
"Ag00001aa106668_T001",TRUE,"Master Protein","Ag00001aa106668_T001",23,10,24,551,NA,0.883,0.586766881619346,1,74.8,66,15.63,3.87,399,252.4,288.7,323.3,319.9,246.8,718.9,534,583.6,544.7,506.1,515.1,"High","High","High","High","High","High"
"Ag00001aa147737_T001",TRUE,"Master Protein","Ag00001aa147737_T001",15,6,13,691,NA,0.666,0.00847809566934221,0.0511345871392816,145.4,96.8,3.05,11.66,44.1,35.6,39.3,31.4,31.7,29.9,79.5,75.3,79.4,52.9,50.1,62.4,"High","High","High","High","High","High"
"Ag00001aa009734_T001",TRUE,"Master Protein","Ag00001aa009734_T001",21,6,20,401,NA,0.929,0.768212950284966,1,118.6,110.2,4.71,9.01,360.4,298.9,292.9,349.1,371.5,239.9,649.3,632.4,592.1,588.1,587.7,500.7,"High","High","High","High","High","High"
"Ag00001aa078426_T001",TRUE,"Master Protein","Ag00001aa078426_T001",47,12,16,311,NA,0.328,2.05610506376352e-06,0.000429906318419889,223,73.2,14.04,1.78,819,900.2,941.4,379.4,394.9,295.7,1475.6,1904.6,1902.9,639.2,624.7,617.1,"High","High","High","High","High","High"
"Ag00001aa026882_T001",TRUE,"Master Protein","Ag00001aa026882_T001",24,10,18,647,NA,0.648,0.00885999244023661,0.0526125510227902,67.1,43.5,18.52,14.17,32.6,22.3,34,22.6,25.9,14.8,58.7,47.2,68.7,38.1,41,30.9,"High","High","High","High","High","High"
"Ag00001aa125399_T001",TRUE,"Master Protein","Ag00001aa125399_T001",18,8,23,613,NA,0.224,0.0311467528794688,0.131022647627997,265.7,59.5,21.16,5.13,94.7,52.6,77,20.7,23.9,16.5,170.6,111.3,155.6,34.9,37.8,34.4,"High","High","High","High","High","High"
"Ag00001aa119153_T001",TRUE,"Master Protein","Ag00001aa119153_T001",32,6,31,301,NA,1.337,0.983492175633452,1,43.6,58.3,13.03,12.85,51.4,33.9,43.5,72.1,74.3,45.5,92.6,71.7,87.9,121.5,117.5,95,"High","High","High","High","High","High"
"Ag00001aa010286_T001",TRUE,"Master Protein","Ag00001aa010286_T001",25,9,37,379,NA,5.17,0.000964390903274381,0.010812678756102,47.3,244.7,47.92,16.62,19.1,13.2,5.7,85.7,106.3,57.6,34.4,27.9,11.5,144.4,168.2,120.2,"High","High","High","High","High","High"
"Ag00001aa040015_T001",TRUE,"Master Protein","Ag00001aa040015_T001",18,9,20,737,NA,1.007,0.999952659578587,1,82.5,83.1,6.62,1.79,360.8,309.3,361.1,387.3,416.4,323.6,650.1,654.4,729.9,652.5,658.7,675.4,"High","High","High","High","High","High"
"Ag00001aa039572_T001",TRUE,"Master Protein","Ag00001aa039572_T001",47,8,16,283,NA,0.968,0.999953026795561,1,95.2,92.2,9.71,2.01,99,74.2,94.3,100.7,109.1,84.6,178.4,157,190.6,169.6,172.6,176.6,"High","High","High","High","High","High"
"Ag00001aa030298_T001",TRUE,"Master Protein","Ag00001aa030298_T001",28,8,27,452,NA,0.45,0.000196210572728672,0.00365095644930572,147.3,66.2,16.57,5.08,113.2,69,91.4,49.3,52.5,43.4,204,146,184.8,83.1,83.1,90.6,"High","High","High","High","High","High"
"Ag00001aa047271_T001",TRUE,"Master Protein","Ag00001aa047271_T001",33,6,28,230,NA,NA,NA,NA,NA,NA,NA,NA,NA,NA,NA,NA,NA,NA,NA,NA,NA,NA,NA,NA,"High","High","High","High","High","High"
"Ag00001aa027321_T002",TRUE,"Master Protein","Ag00001aa027321_T002",24,6,11,385,NA,0.423,0.0275873849469167,0.120594636049295,189.2,80.1,34.73,8.18,47.5,20.4,43.2,20.7,22.9,19.5,85.6,43.2,87.3,34.9,36.2,40.7,"High","High","High","High","High","High"
"Ag00001aa107464_T001",TRUE,"Master Protein","Ag00001aa107464_T001",26,7,21,387,NA,1.001,0.999999999979461,1,74.4,74.5,2.18,7.88,411,364.2,379.7,456.1,515.9,334,740.5,770.5,767.5,768.4,816.1,697.1,"High","High","High","High","High","High"
"Ag00001aa047115_T005",TRUE,"Master Protein","Ag00001aa047115_T005",21,11,16,729,NA,1.75,0.0980476894849297,0.300904376757786,60.9,106.5,17.4,13.96,14.8,8.9,11,24,24.6,14.8,26.7,18.8,22.2,40.4,38.9,30.9,"High","High","High","High","High","High"
"Ag00001aa112012_T001",TRUE,"Master Protein","Ag00001aa112012_T001",24,9,19,379,NA,0.906,0.997204959168559,1,128.4,116.4,16.13,11.31,177.9,111,152.8,166.1,147.4,138.9,320.5,234.8,308.9,279.8,233.2,289.9,"High","High","High","High","High","High"
"Ag00001aa136657_T001",TRUE,"Master Protein","Ag00001aa136657_T001",24,9,16,478,NA,1.164,0.0220166707520562,0.103939267982969,119.2,138.7,9.53,6.58,408.5,297,372,474.6,541.5,437.1,736,628.4,752,799.5,856.6,912.2,"High","High","High","High","High","High"
"Ag00001aa048233_T001",TRUE,"Master Protein","Ag00001aa048233_T001",17,4,12,364,NA,1.099,0.877391645658238,1,41.6,45.7,14.61,16.03,117,74.3,90.4,148.2,126.9,88.4,210.8,157.2,182.7,249.7,200.7,184.5,"High","High","High","High","High","High"
"Ag00001aa015404_T003",TRUE,"Master Protein","Ag00001aa015404_T003",33,10,22,475,NA,0.991,0.999786812976819,1,111.6,110.6,1.81,5.32,267.2,229.4,246.5,271,304.2,243.3,481.4,485.3,498.3,456.5,481.2,507.8,"High","High","High","High","High","High"
"Ag00001aa145004_T001",TRUE,"Master Protein","Ag00001aa145004_T001",18,8,21,555,NA,0.46,0.19794460960959,0.497543785158093,144.6,66.5,20.54,9.29,525.4,296.5,378.5,194,248.2,168.7,946.6,627.3,765.1,326.8,392.6,352.1,"High","High","High","High","High","High"
"Ag00001aa118591_T001",TRUE,"Master Protein","Ag00001aa118591_T001",45,5,58,154,NA,NA,NA,NA,NA,NA,NA,NA,NA,NA,NA,NA,NA,NA,NA,NA,NA,NA,NA,NA,"High","High","High","High","High","High"
"Ag00001aa030909_T001",TRUE,"Master Protein","Ag00001aa030909_T001",43,8,22,221,NA,1.019,0.868617655827658,1,110.5,112.6,9.32,11.31,677.5,482.1,584.5,848.3,761.1,557.5,1220.7,1020,1181.5,1429.1,1204,1163.5,"Not Found","Not Found","Not Found","High","Not Found","Not Found"
"Ag00001aa039983_T002",TRUE,"Master Protein","Ag00001aa039983_T002",29,11,17,484,NA,100,NA,NA,0,30.3,NA,45.67,0,0,0,6.3,2.4,4.1,0,0,0,10.6,3.8,8.6,"Not Found","Not Found","Not Found","High","High","High"
"Ag00001aa068964_T001",TRUE,"Master Protein","Ag00001aa068964_T001",41,10,19,320,NA,0.947,0.985150287033618,1,82.8,78.4,12.77,6.09,238.5,253.5,215.9,245.4,260.3,219.3,429.7,536.3,436.4,413.4,411.8,457.7,"High","High","High","High","High","High"
"Ag00001aa055357_T001",TRUE,"Master Protein","Ag00001aa055357_T001",17,9,15,870,NA,0.763,0.128128125141982,0.36977830891364,124.8,95.2,16.18,5.57,324.7,223,323.9,249.1,296.6,213.8,585,471.8,654.7,419.7,469.2,446.2,"High","High","High","High","High","High"
"Ag00001aa119448_T001",TRUE,"Master Protein","Ag00001aa119448_T001",27,9,22,509,NA,0.826,0.386846140730098,0.8045427633228,183.5,151.5,11.3,9.18,233.9,168.1,219.8,178.4,220,171.7,421.4,355.7,444.3,300.5,348,358.3,"High","High","High","High","High","High"
"Ag00001aa144657_T001",TRUE,"Master Protein","Ag00001aa144657_T001",22,9,18,535,NA,0.609,0.0082807820498465,0.0501475408892635,111,67.6,9.96,7.39,337.1,289.8,252.7,247.3,230.9,177.3,607.4,613.1,510.8,416.6,365.3,370,"High","High","High","High","High","High"
"Ag00001aa094569_T001",TRUE,"Master Protein","Ag00001aa094569_T001",13,12,16,1193,NA,0.715,0.268111902467297,0.619674246715114,165.2,118.1,16.21,22.25,61.7,52.8,72.2,47.4,61.8,29.8,111.2,111.7,145.9,79.9,97.8,62.2,"High","High","High","High","High","High"
"Ag00001aa154929_T001",TRUE,"Master Protein","Ag00001aa154929_T001",20,6,11,441,NA,0.724,0.0383534281376892,0.152289240894546,138.6,100.4,15.24,9.01,405.5,275,390.2,314.1,310.1,281,730.6,581.8,788.7,529.2,490.5,586.5,"High","High","High","High","High","High"
"Ag00001aa009291_T002",TRUE,"Master Protein","Ag00001aa009291_T002",26,11,18,578,NA,1.218,0.26557249049873,0.615477480167986,78,95,7.01,5.63,437.2,396.6,448.1,625.4,596.5,489.8,787.7,839.1,905.8,1053.6,943.6,1022.2,"High","High","High","High","High","High"
"Ag00001aa105248_T001",TRUE,"Master Protein","Ag00001aa105248_T001",38,7,14,309,NA,0.957,0.945990443026395,1,102.1,97.7,1.38,5.43,153.5,130.2,139.8,166.2,158.8,126.8,276.6,275.5,282.6,280,251.2,264.6,"High","High","High","High","High","High"
"Ag00001aa061613_T001",TRUE,"Master Protein","Ag00001aa061613_T001",17,14,19,1092,NA,1.02,0.927116770300134,1,122.8,125.2,19.3,3.76,491.6,303.2,464.5,536.1,534.8,433.1,885.7,641.5,938.9,903.2,846,903.9,"High","High","High","High","High","High"
"Ag00001aa059138_T001",TRUE,"Master Protein","Ag00001aa059138_T001",21,8,16,474,NA,1.294,0.0332543293833601,0.13782474566961,94.2,121.9,14.25,7.77,54.8,44.9,37.1,80,77.7,55.4,98.7,95,75,134.8,122.9,115.6,"High","High","High","High","High","High"
"Ag00001aa040947_T001",TRUE,"Master Protein","Ag00001aa040947_T001",21,14,23,701,"Met-loss [N-Term]",0.977,0.999999999017477,1,108.7,106.2,10.86,5.52,447.4,316.3,405.2,467.8,451.9,377.4,806.1,669.2,819.1,788.1,714.9,787.7,"High","High","High","High","High","High"
"Ag00001aa039931_T001",TRUE,"Master Protein","Ag00001aa039931_T001",23,10,18,665,NA,0.838,0.00168286309742482,0.0161347008856549,113.5,95.1,10.56,1.39,405.5,340.7,428.8,370.1,386.8,290.8,730.6,720.8,866.8,623.5,611.9,606.9,"High","High","High","High","High","High"
"Ag00001aa059234_T001",TRUE,"Master Protein","Ag00001aa059234_T001",19,7,28,371,NA,0.735,0.0353602168209992,0.144595321349346,78.1,57.4,13.14,8.43,402.2,414,339.6,313.9,336.7,293.3,724.7,875.9,686.5,528.8,532.6,612.1,"High","High","High","High","High","High"
"Ag00001aa018188_T001",TRUE,"Master Protein","Ag00001aa018188_T001",16,12,18,1045,NA,0.657,0.000177258993050433,0.00339641909835219,153,100.5,12.63,2.45,616.5,505.6,665.3,422.9,461.5,358.5,1110.8,1069.7,1344.8,712.4,730,748.2,"High","High","High","High","High","High"
"Ag00001aa027716_T001",TRUE,"Master Protein","Ag00001aa027716_T001",13,7,38,673,NA,4.117,0.00151468112370423,0.0150609215632764,46.3,190.6,13.92,20.05,41.7,38.8,30.7,183.6,138.2,155,75.1,82.1,62.1,309.3,218.6,323.5,"High","High","High","High","High","High"
"Ag00001aa136054_T001",TRUE,"Master Protein","Ag00001aa136054_T001",19,7,19,584,NA,0.967,0.998767215923923,1,99.7,96.4,16.79,1.13,324.4,210.9,307.6,332.4,357.3,274.4,584.5,446.2,621.8,560,565.2,572.7,"High","High","High","High","High","High"
"Ag00001aa062385_T001",TRUE,"Master Protein","Ag00001aa062385_T001",39,8,26,288,NA,0.195,1.00594910179552e-08,2.17980025367255e-05,224.9,43.9,6.04,5.15,232.2,220.4,209.5,49.1,50.6,42.4,418.4,466.3,423.5,82.7,80,88.5,"High","High","High","High","High","High"
"Ag00001aa016310_T001",TRUE,"Master Protein","Ag00001aa016310_T001",17,13,18,1092,NA,1.196,0.0923162825594978,0.288017134959187,126.9,151.8,7,5.83,130.5,97.2,113.5,150.5,173.5,136.3,235.1,205.6,229.4,253.5,274.5,284.5,"High","High","High","High","High","High"
"Ag00001aa150179_T001",TRUE,"Master Protein","Ag00001aa150179_T001",31,7,14,318,NA,0.923,0.860063365382867,1,90.7,83.7,7.66,3.68,278.5,220.5,212.9,251.4,272.2,217.6,501.8,466.5,430.4,423.5,430.6,454.1,"High","High","High","High","High","High"
"Ag00001aa081532_T001",TRUE,"Master Protein","Ag00001aa081532_T001",25,9,35,426,NA,0.763,0.00474646707809478,0.0340623299763717,156.9,119.7,2.73,2.16,246.5,206,227.5,194.7,214.1,163.8,444.1,435.8,459.9,328,338.7,341.9,"High","High","High","High","High","High"
"Ag00001aa079190_T001",TRUE,"Master Protein","Ag00001aa079190_T001",67,10,25,147,"Met-loss [N-Term]",0.692,0.0123538904756141,0.0677871393592858,147.3,101.9,1.4,2.02,576.6,485.5,522.5,434.7,444.6,344.4,1038.9,1027.2,1056.2,732.3,703.3,718.8,"High","High","High","High","High","High"
"Ag00001aa152397_T002",TRUE,"Master Protein","Ag00001aa152397_T002",29,6,23,330,NA,0.858,0.743975021251839,1,47.8,41,11.01,22.09,24.4,16.9,18.6,24.4,20.4,12.7,44,35.8,37.6,41.1,32.3,26.5,"High","High","High","High","High","High"
"Ag00001aa016394_T001",TRUE,"Master Protein","Ag00001aa016394_T001",45,11,35,249,"Met-loss+Acetyl [N-Term]",1.084,0.678233010731445,1,90.2,97.8,2.13,4.39,104,88.9,89.5,120.6,119.2,97.8,187.4,188.1,180.9,203.2,188.6,204.1,"High","High","High","High","High","High"
"Ag00001aa127380_T002",TRUE,"Master Protein","Ag00001aa127380_T002",26,12,19,657,NA,1.155,0.261431734973869,0.60925413896635,102.4,118.3,4.11,5.61,493.3,423.2,473.4,572.8,682.3,495.5,888.8,895.4,956.9,965,1079.3,1034.1,"High","High","High","High","High","High"
"Ag00001aa054114_T001",TRUE,"Master Protein","Ag00001aa054114_T001",11,15,18,1873,NA,0.509,0.0127763627884291,0.069362775768667,164.8,83.9,25.7,11.63,344.4,245.2,421.3,187.6,230,138.8,620.5,518.8,851.6,316,363.8,289.7,"High","High","High","High","High","High"
"Ag00001aa085318_T001",TRUE,"Master Protein","Ag00001aa085318_T001",15,8,14,870,NA,NA,NA,NA,NA,NA,NA,NA,NA,NA,NA,NA,NA,NA,NA,NA,NA,NA,NA,NA,"High","High","High","High","High","High"
"Ag00001aa048819_T001",TRUE,"Master Protein","Ag00001aa048819_T001",20,5,21,352,NA,NA,NA,NA,NA,NA,NA,NA,NA,NA,NA,NA,NA,NA,NA,NA,NA,NA,NA,NA,"High","High","High","High","High","High"
"Ag00001aa118242_T001",TRUE,"Master Protein","Ag00001aa118242_T001",39,9,33,311,NA,0.93,0.994769615047373,1,87,80.8,15.43,10.78,557.2,572.5,443.5,554,589.7,536.1,1003.9,1211.3,896.5,933.3,932.9,1118.9,"High","High","High","High","High","High"
"Ag00001aa090027_T001",TRUE,"Master Protein","Ag00001aa090027_T001",17,8,16,694,NA,0.913,0.898170695923175,1,100.6,91.8,3.58,4.32,263.1,234.8,251.7,269.1,273.6,226.1,474,496.8,508.8,453.3,432.8,471.9,"High","Not Found","High","High","High","High"
"Ag00001aa051505_T001",TRUE,"Master Protein","Ag00001aa051505_T001",22,6,18,376,NA,1.106,0.852828208453406,1,76.1,84.2,6.84,0.89,326.7,242.6,275.1,365.2,385.1,297.1,588.6,513.3,556.1,615.2,609.2,620.1,"High","High","High","High","High","High"
"Ag00001aa077518_T001",TRUE,"Master Protein","Ag00001aa077518_T001",13,5,70,468,NA,1.019,1,1,19,19.3,15.56,1.99,39.3,40,30.8,43.7,45.6,33.9,70.8,84.6,62.3,73.6,72.1,70.8,"High","High","High","High","High","High"
"Ag00001aa011953_T002",TRUE,"Master Protein","Ag00001aa011953_T002",31,5,31,225,NA,1.092,0.805382492054486,1,97.6,106.5,11.98,1.86,512.9,485.7,399.4,610.5,637.7,474.8,924.1,1027.6,807.3,1028.5,1008.8,990.9,"High","High","High","High","High","High"
"Ag00001aa087672_T001",TRUE,"Master Protein","Ag00001aa087672_T001",58,8,30,190,NA,1.242,0.367714019650101,0.778189930060045,100.2,124.5,11.23,12.24,595.6,405.2,473.1,814.3,751.1,516.5,1073.1,857.3,956.3,1371.8,1188.2,1078,"High","High","High","High","High","High"
"Ag00001aa031817_T001",TRUE,"Master Protein","Ag00001aa031817_T001",38,6,25,302,NA,0.965,0.999974526094451,1,40.8,39.4,10.47,10.36,165.3,121.2,121.1,171.4,156.5,114.3,297.8,256.4,244.8,288.8,247.6,238.5,"High","High","High","High","High","High"
"Ag00001aa007877_T007",TRUE,"Master Protein","Ag00001aa007877_T007",38,9,20,387,NA,0.912,0.698377741693613,1,82.9,75.5,4.95,9.76,43.1,37.3,42.1,42.7,48.4,30.2,77.7,78.9,85.1,71.9,76.6,63,"High","High","High","High","High","High"
"Ag00001aa086158_T001",TRUE,"Master Protein","Ag00001aa086158_T001",33,6,23,203,NA,0.909,0.999997767468264,1,130.3,118.5,13.96,9.43,638.3,431.4,591.1,620.4,642.9,578.5,1150,912.7,1194.8,1045.2,1017,1207.4,"High","High","High","High","High","High"
"Ag00001aa094213_T001",TRUE,"Master Protein","Ag00001aa094213_T001",36,9,18,327,NA,0.747,0.00151046209661831,0.0150578730802987,129.7,97,6.92,3.8,579.4,536.4,489.9,445,493.2,387.6,1043.9,1134.9,990.3,749.7,780.2,808.9,"High","High","High","High","High","High"
"Ag00001aa024697_T001",TRUE,"Master Protein","Ag00001aa024697_T001",11,17,18,1708,NA,0.637,0.0377141222935218,0.150503571412575,184,117.2,17.69,7.33,709.8,465.5,696.1,483.5,537.5,352.5,1278.9,984.9,1407.1,814.5,850.3,735.7,"High","High","High","High","High","High"
"Ag00001aa136334_T001",TRUE,"Master Protein","Ag00001aa136334_T001",30,8,21,428,NA,1.008,0.996243676620928,1,108.5,109.3,8.16,5.27,555.3,471,427.3,559.4,634.7,501.7,1000.5,996.5,863.7,942.4,1004,1047.1,"High","High","High","High","High","High"
"Ag00001aa101633_T001",TRUE,"Master Protein","Ag00001aa101633_T001",26,6,25,249,NA,0.754,0.0018851052416331,0.0174566311342528,98,73.8,3.11,8,556.6,499.4,495,492.6,447.9,362.2,1002.8,1056.6,1000.6,829.9,708.5,755.9,"High","High","High","High","High","Not Found"
"Ag00001aa112528_T001",TRUE,"Master Protein","Ag00001aa112528_T001",38,9,18,311,NA,0.855,0.985127580954213,1,120.2,102.8,14.7,4.69,30.9,28.3,22.1,28.9,30.1,21.3,55.7,59.9,44.7,48.7,47.6,44.5,"High","High","High","High","High","High"
"Ag00001aa094776_T001",TRUE,"Master Protein","Ag00001aa094776_T001",60,4,31,88,NA,0.893,0.836014344824986,1,129.5,115.7,5.35,8.78,692.2,550.1,640.3,661.3,645,582.8,1247.2,1163.9,1294.3,1114.1,1020.3,1216.3,"High","High","High","High","High","High"
"Ag00001aa076177_T001",TRUE,"Master Protein","Ag00001aa076177_T001",63,6,24,134,NA,2.248,0.0736622051655526,0.243153624473911,75.9,170.5,13.62,5.2,406.8,342.8,281.9,1032.6,1030.5,752.7,732.9,725.3,569.8,1739.6,1630.2,1570.9,"High","High","High","High","High","High"
"Ag00001aa014645_T001",TRUE,"Master Protein","Ag00001aa014645_T001",38,11,21,371,NA,1.046,0.879705394146734,1,101.3,106,4.52,7.53,358.2,295.6,291.9,374.3,413.7,348.6,645.4,625.4,590,630.6,654.4,727.5,"High","High","High","High","High","High"
"Ag00001aa002842_T002",TRUE,"Master Protein","Ag00001aa002842_T002",30,5,24,269,NA,1.081,0.871272896681507,1,94,101.6,1.63,4.78,709.8,601.1,613.5,830.7,807.6,659,1278.9,1271.8,1240.1,1399.5,1277.5,1375.4,"High","High","High","High","High","High"
"Ag00001aa007426_T001",TRUE,"Master Protein","Ag00001aa007426_T001",26,7,31,394,NA,NA,NA,NA,NA,NA,NA,NA,NA,NA,NA,NA,NA,NA,NA,NA,NA,NA,NA,NA,"High","High","High","High","High","High"
"Ag00001aa011709_T002",TRUE,"Master Protein","Ag00001aa011709_T002",13,7,14,779,NA,1.92,0.0369769561286688,0.148907370549578,47.8,91.9,6.39,4.16,184.7,152.3,145.3,380.4,372.8,296.4,332.8,322.2,293.7,640.8,589.7,618.6,"High","High","High","High","High","High"
"Ag00001aa152096_T001",TRUE,"Master Protein","Ag00001aa152096_T001",28,10,14,594,NA,1.133,0.0464672300721768,0.174616568816082,114.2,129.5,2.8,10.22,377.5,332.7,329.5,457.6,481.1,435.9,680.2,703.9,666,770.9,761.1,909.7,"High","High","High","High","High","High"
"Ag00001aa052179_T002",TRUE,"Master Protein","Ag00001aa052179_T002",39,7,20,263,NA,0.62,0.0109545965963359,0.062113909799921,174.4,108.1,8.93,9.32,895.4,662.2,822.9,575.1,632.3,551.1,1613.3,1401,1663.4,968.9,1000.2,1150.2,"High","High","High","High","High","High"
"Ag00001aa134152_T001",TRUE,"Master Protein","Ag00001aa134152_T001",25,8,18,406,NA,0.878,0.222330027541269,0.54325561624538,133.6,117.3,8.17,8.66,76.5,55.6,61.3,64.6,75.7,48.3,137.8,117.6,123.9,108.8,119.8,100.8,"High","High","High","High","High","High"
"Ag00001aa030512_T001",TRUE,"Master Protein","Ag00001aa030512_T001",30,8,20,447,NA,1.317,0.0884063432928185,0.279143409554593,25.4,33.5,17.75,14.24,13,9,13.5,21.1,19.5,12.8,23.4,19,27.3,35.5,30.8,26.7,"High","High","High","High","High","High"
"Ag00001aa026379_T001",TRUE,"Master Protein","Ag00001aa026379_T001",21,14,19,915,NA,0.899,0.920420287347501,1,112.4,101,12.15,7.58,375.6,274.6,367.1,361,416.8,271.6,676.7,581,742,608.2,659.3,566.8,"High","High","High","High","High","High"
"Ag00001aa036451_T002",TRUE,"Master Protein","Ag00001aa036451_T002",39,12,20,461,NA,1.065,0.895640250313748,1,100.7,107.3,10.47,4.59,417.6,392.5,332.9,475.8,537.9,372.8,752.4,830.4,672.9,801.6,850.9,778.1,"High","High","High","High","High","High"
"Ag00001aa093375_T001",TRUE,"Master Protein","Ag00001aa093375_T001",28,12,17,599,NA,0.686,0.64992945579514,1,77.9,53.5,25.88,11,324.9,164.3,222.4,202,195,130.7,585.4,347.6,449.6,340.3,308.5,272.8,"High","High","High","High","High","High"
"Ag00001aa061059_T001",TRUE,"Master Protein","Ag00001aa061059_T001",22,6,19,254,NA,1.497,0.0433030200053789,0.166398643373885,90.7,135.7,11.58,5.87,107.4,104.1,86.6,172,183.2,125.2,193.5,220.2,175.1,289.8,289.8,261.3,"High","High","High","High","High","High"
"Ag00001aa009863_T001",TRUE,"Master Protein","Ag00001aa009863_T001",20,5,55,391,NA,0.932,0.992290600916893,1,61.8,57.5,53.81,25.35,42.6,79.6,33.1,38.9,45.2,49.5,76.8,168.4,66.9,65.5,71.5,103.3,"High","High","High","High","High","High"
"Ag00001aa131850_T001",TRUE,"Master Protein","Ag00001aa131850_T001",33,5,23,263,NA,0.997,0.999983854819891,1,146.7,146.2,8.39,9.4,118.6,95.2,89.4,119.2,115.4,105.6,213.7,201.4,180.7,200.8,182.6,220.4,"High","High","High","High","High","High"
"Ag00001aa072729_T001",TRUE,"Master Protein","Ag00001aa072729_T001",15,4,16,488,NA,1.052,0.974214637221686,1,86.4,90.9,8.39,0.53,308.3,239.7,232.5,317.8,334.9,255.6,555.5,507.1,470,535.4,529.8,533.4,"High","High","High","High","High","High"
"Ag00001aa118663_T001",TRUE,"Master Protein","Ag00001aa118663_T001",19,9,16,671,NA,1.081,0.995615586921788,1,116,125.5,7.78,12.15,389.2,324,390.9,450.1,530.9,315,701.2,685.5,790.2,758.3,839.8,657.4,"High","High","High","High","High","High"
"Ag00001aa157377_T001",TRUE,"Master Protein","Ag00001aa157377_T001",25,8,23,350,NA,1.039,0.803382788490476,1,89.9,93.3,12.07,5.47,736.3,613.9,523,825.6,852.8,598.6,1326.6,1298.8,1057.2,1390.9,1349,1249.3,"High","High","High","High","High","High"
"Ag00001aa028766_T001",TRUE,"Master Protein","Ag00001aa028766_T001",28,10,16,563,NA,0.803,0.0116639711017074,0.0650649228130814,117.9,94.7,8.81,1.69,479.5,371,463.4,411.8,428.3,335.5,863.9,784.9,936.7,693.7,677.5,700.2,"High","High","High","High","High","High"
"Ag00001aa032609_T004",TRUE,"Master Protein","Ag00001aa032609_T004",21,11,15,729,NA,1.887,0.0105989653549968,0.0605351926847653,36.6,69.1,7.98,2.96,116.1,97.1,89.1,235.9,236.8,185.7,209.2,205.4,180.1,397.4,374.6,387.6,"High","High","High","High","High","High"
"Ag00001aa034222_T001",TRUE,"Master Protein","Ag00001aa034222_T001",22,6,16,441,NA,1.077,0.998775939120553,1,111.6,120.1,12.37,4.74,212.8,216.1,179.5,245,280.9,195.2,383.4,457.2,362.8,412.7,444.4,407.4,"High","High","High","High","High","High"
"Ag00001aa089095_T002",TRUE,"Master Protein","Ag00001aa089095_T002",27,8,28,376,NA,1.282,0.821761696267562,1,78.6,100.8,5.06,4.67,48.8,40.9,47,70.1,68,54,87.9,86.5,95,118.1,107.6,112.7,"High","High","High","High","High","High"
"Ag00001aa067981_T001",TRUE,"Master Protein","Ag00001aa067981_T001",53,8,32,160,"Met-loss+Acetyl [N-Term]",0.985,0.999999964485216,1,68.2,67.2,3.26,6.03,279,224.4,248.6,311.8,294.3,237.1,502.7,474.8,502.5,525.3,465.6,494.8,"High","High","High","High","High","High"
"Ag00001aa091015_T002",TRUE,"Master Protein","Ag00001aa091015_T002",38,6,31,173,NA,0.998,0.999991057489768,1,142.8,142.5,13.86,4.48,557.7,389.4,537.8,608.3,593.8,480.4,1004.8,823.9,1087.1,1024.8,939.3,1002.6,"High","High","High","High","High","High"
"Ag00001aa108322_T002",TRUE,"Master Protein","Ag00001aa108322_T002",47,10,22,289,NA,0.626,1.59345188903703e-05,0.000643262778228948,180.3,112.9,6.55,2.57,775.3,706.3,787.9,555.4,611.8,441,1396.9,1494.3,1592.6,935.7,967.8,920.4,"High","High","High","High","High","High"
"Ag00001aa146021_T001",TRUE,"Master Protein","Ag00001aa146021_T001",22,7,16,484,NA,0.763,0.216657984722964,0.531904390138693,129,98.4,1.38,4.14,391,341.9,350.8,315.7,363.5,259.3,704.5,723.4,709.1,531.8,575,541.2,"High","High","High","High","High","High"
"Ag00001aa097243_T001",TRUE,"Master Protein","Ag00001aa097243_T001",40,7,87,155,NA,1.186,0.904794709812381,1,118.6,140.7,5.12,14.58,231.3,195,223.8,305.7,245.5,236.8,416.7,412.6,452.4,515,388.4,494.2,"High","High","High","High","High","High"
"Ag00001aa006909_T002",TRUE,"Master Protein","Ag00001aa006909_T002",26,13,21,564,NA,0.568,0.00747670826989211,0.0476255527314667,156.6,89,17.96,6.96,89.1,107.3,89.6,56.6,69.3,49.3,160.5,227,181.1,95.4,109.6,102.9,"High","High","High","High","High","High"
"Ag00001aa140147_T001",TRUE,"Master Protein","Ag00001aa140147_T001",11,6,12,778,NA,2.76,0.0185059375774436,0.0913266103718312,67.6,186.6,25.03,6.71,17.1,12,9.1,39,44.3,36,30.8,25.4,18.4,65.7,70.1,75.1,"High","High","High","High","High","High"
"Ag00001aa030665_T001",TRUE,"Master Protein","Ag00001aa030665_T001",45,9,44,233,NA,0.8,0.94242339344557,1,184.6,147.8,29.82,13.92,23.3,35.1,25.3,24.3,25,24.3,42,74.3,51.1,40.9,39.5,50.7,"High","High","High","High","High","High"
"Ag00001aa114895_T001",TRUE,"Master Protein","Ag00001aa114895_T001",18,11,17,886,NA,1.106,0.705828424161007,1,54.1,59.8,13.1,3.79,149.3,121.4,103.1,171.8,170,136.1,269,256.8,208.4,289.4,268.9,284,"High","High","High","High","High","High"
"Ag00001aa032996_T001",TRUE,"Master Protein","Ag00001aa032996_T001",34,5,31,214,NA,1.128,0.403013315833771,0.826128775044183,130.8,147.5,11.11,7.08,288.5,259,217.8,325.6,370.6,302.7,519.8,548,440.3,548.5,586.3,631.7,"High","High","High","High","High","High"
"Ag00001aa090761_T001",TRUE,"Master Protein","Ag00001aa090761_T001",17,12,19,816,NA,0.992,0.997420521195591,1,137,135.8,3.83,5.48,489,446.7,464.4,544.7,588.5,485.9,881,945.1,938.7,917.6,931,1014.1,"High","High","High","High","High","High"
"Ag00001aa097249_T001",TRUE,"Master Protein","Ag00001aa097249_T001",35,11,30,369,NA,0.76,0.659358303726915,1,99.2,75.4,14.08,16.84,29.4,24.2,20,23.1,20.8,22.1,53,51.2,40.4,38.9,32.9,46.1,"High","High","High","High","High","High"
"Ag00001aa019732_T001",TRUE,"Master Protein","Ag00001aa019732_T001",40,7,53,170,NA,1.088,0.978065452703274,1,126.6,137.7,3.04,4.2,2252.2,1814,1913.4,2606.6,2660.1,1934.6,4057.8,3837.9,3867.7,4391.3,4208,4037.6,"High","High","High","High","High","High"
"Ag00001aa107746_T001",TRUE,"Master Protein","Ag00001aa107746_T001",22,8,21,492,NA,1.066,0.872903833816415,1,78.4,83.6,8.56,2.86,297.8,216.9,263.2,348.3,350.5,271.8,536.6,458.9,532,586.8,554.5,567.3,"High","High","High","High","High","High"
"Ag00001aa009906_T001",TRUE,"Master Protein","Ag00001aa009906_T001",22,13,19,803,NA,1.068,0.94557190952994,1,126.9,135.5,6.99,1.24,598.8,498.8,593.7,684,723.9,561.9,1078.9,1055.3,1200.1,1152.3,1145.1,1172.7,"High","High","High","High","High","High"
"Ag00001aa113654_T001",TRUE,"Master Protein","Ag00001aa113654_T001",35,8,16,328,NA,NA,NA,NA,NA,NA,NA,NA,NA,NA,NA,NA,NA,NA,NA,NA,NA,NA,NA,NA,"High","High","High","High","High","High"
"Ag00001aa110662_T001",TRUE,"Master Protein","Ag00001aa110662_T001",30,8,19,395,NA,1.445,0.997034046759949,1,27.2,39.3,32.59,20.85,10.7,5.4,5.6,9.8,11.2,5.6,19.3,11.4,11.3,16.5,17.7,11.7,"High","High","High","High","High","High"
"Ag00001aa101134_T001",TRUE,"Master Protein","Ag00001aa101134_T001",15,7,39,656,NA,1.067,0.675832607112647,1,32.9,35.1,52.62,14.25,10.1,9.1,2.8,12.9,10.3,9.3,18.2,19.3,5.7,21.7,16.3,19.4,"High","High","High","High","High","High"
"Ag00001aa056333_T002",TRUE,"Master Protein","Ag00001aa056333_T002",18,6,26,423,NA,1.433,0.0127865429068436,0.069362775768667,87,124.7,10.62,0.98,304.6,216.1,227.9,391.9,419.1,311.8,548.8,457.2,460.7,660.2,663,650.7,"High","High","High","High","High","High"
"Ag00001aa108417_T001",TRUE,"Master Protein","Ag00001aa108417_T001",35,8,16,328,NA,0.856,0.148087452023301,0.409443510779191,124.8,106.9,1.37,2.8,389.3,336.4,356.6,375,378,292,701.4,711.7,720.8,631.8,598,609.4,"High","High","High","High","High","High"
"Ag00001aa018857_T001",TRUE,"Master Protein","Ag00001aa018857_T001",38,11,17,399,NA,0.853,0.448288746000394,0.893653136210203,139.5,119,11.16,3.78,429.1,320.7,420.2,391.5,400.7,327.6,773.1,678.5,849.4,659.5,633.9,683.7,"High","High","High","High","High","High"
"Ag00001aa093725_T001",TRUE,"Master Protein","Ag00001aa093725_T001",39,10,19,395,NA,0.766,0.248496609685155,0.58849132523153,131.2,100.4,4.45,32.35,20.7,16.7,16.9,17.1,17.1,7.1,37.3,35.3,34.2,28.8,27.1,14.8,"High","High","High","High","High","High"
"Ag00001aa040590_T003",TRUE,"Master Protein","Ag00001aa040590_T003",31,12,21,488,NA,0.89,0.191624198384599,0.485755013580271,130.3,116,5.05,0.93,606.9,522.5,592.6,592.6,620.4,471.4,1093.5,1105.5,1197.9,998.3,981.4,983.8,"High","High","High","High","High","High"
"Ag00001aa008378_T001",TRUE,"Master Protein","Ag00001aa008378_T001",42,8,23,250,NA,0.85,0.937039397508785,1,76.2,64.8,4.38,7.91,239.8,195.1,222.9,244.1,232.2,169.7,432.1,412.8,450.6,411.2,367.3,354.2,"High","High","High","High","High","High"
"Ag00001aa018989_T001",TRUE,"Master Protein","Ag00001aa018989_T001",24,13,17,800,NA,1.201,0.366963090484243,0.77722873865136,120.5,144.7,5.04,15.49,66,51.3,58.5,84.3,110.6,62.5,118.9,108.5,118.3,142,175,130.4,"High","High","High","High","High","High"
"Ag00001aa009326_T001",TRUE,"Master Protein","Ag00001aa009326_T001",66,8,44,160,"Met-loss+Acetyl [N-Term]",1.337,0.971229731244016,1,48.7,65.2,6.41,19.12,21.4,18.7,17.3,21.8,33.5,24.7,38.6,39.6,35,36.7,53,51.6,"High","High","High","High","High","High"
"Ag00001aa027024_T001",TRUE,"Master Protein","Ag00001aa027024_T001",25,6,36,226,NA,1.16,0.999284310774295,1,53,61.4,6.86,0.92,631.7,603.2,560.7,790.1,834.4,626.2,1138.1,1276.2,1133.4,1331.1,1319.9,1306.9,"High","High","High","High","High","High"
"Ag00001aa123653_T001",TRUE,"Master Protein","Ag00001aa123653_T001",33,6,30,275,NA,0.813,0.0961671851784914,0.297268969772341,106.1,86.3,1.6,8.81,727,618.2,629.8,604.8,672.1,576.8,1309.9,1307.9,1273.1,1018.9,1063.2,1203.8,"High","High","High","High","High","High"
"Ag00001aa019616_T002",TRUE,"Master Protein","Ag00001aa019616_T002",33,4,12,177,NA,1.123,0.990192380997409,1,29.4,33.1,14.26,11.27,41.4,47,44.6,60.1,71.9,43.5,74.6,99.4,90.2,101.2,113.7,90.8,"High","High","High","High","High","High"
"Ag00001aa042421_T001",TRUE,"Master Protein","Ag00001aa042421_T001",24,9,21,424,NA,1.141,0.511509806444689,0.976012467692572,90.1,102.8,2.88,2.13,365.6,296.9,327.6,446.1,458,360.5,658.7,628.2,662.2,751.5,724.5,752.4,"High","High","High","High","High","High"
"Ag00001aa039278_T001",TRUE,"Master Protein","Ag00001aa039278_T001",45,5,23,132,NA,0.749,0.0179352944768956,0.0893428796554405,96.9,72.5,7.02,5.35,348.4,319.1,290.3,279,294.5,245.6,627.7,675.1,586.8,470,465.9,512.6,"High","High","High","High","High","High"
"Ag00001aa009885_T001",TRUE,"Master Protein","Ag00001aa009885_T001",31,10,40,448,NA,1.268,0.902589560005144,1,48,60.8,18.43,14.28,100.4,68.4,62.5,121.5,116,73.5,180.9,144.7,126.3,204.7,183.5,153.4,"High","High","High","High","High","High"
"Ag00001aa120638_T001",TRUE,"Master Protein","Ag00001aa120638_T001",30,9,15,386,NA,1.125,0.76871229649121,1,129.8,146,6.32,5.15,166.3,127.5,132.8,180.2,186.7,156.2,299.6,269.8,268.4,303.6,295.3,326,"High","High","High","High","High","High"
"Ag00001aa070045_T001",TRUE,"Master Protein","Ag00001aa070045_T001",21,8,27,509,NA,0.944,0.918377831875082,1,122.3,115.4,17.36,6.86,197.6,137.8,125.1,154.2,173.9,142.6,356,291.5,252.9,259.8,275.1,297.6,"High","High","High","High","High","High"
"Ag00001aa106444_T001",TRUE,"Master Protein","Ag00001aa106444_T001",49,6,18,177,NA,0.895,0.993396826802012,1,32.2,28.9,10.34,10.64,24.1,16.8,18.8,23.5,20.5,16.3,43.4,35.5,38,39.6,32.4,34,"High","High","High","High","High","High"
"Ag00001aa002958_T003",TRUE,"Master Protein","Ag00001aa002958_T003",24,8,14,539,NA,1.01,0.996016718668258,1,128.9,130.2,3.58,2.92,376.1,303.8,340.7,420,432.8,319.9,677.6,642.8,688.7,707.6,684.6,667.6,"High","High","High","High","High","High"
"Ag00001aa096742_T003",TRUE,"Master Protein","Ag00001aa096742_T003",25,7,19,409,NA,NA,NA,NA,NA,NA,NA,NA,NA,NA,NA,NA,NA,NA,NA,NA,NA,NA,NA,NA,"High","High","High","High","High","High"
"Ag00001aa144335_T001",TRUE,"Master Protein","Ag00001aa144335_T001",22,8,14,531,NA,NA,NA,NA,NA,NA,NA,NA,NA,NA,NA,NA,NA,NA,NA,NA,NA,NA,NA,NA,"Not Found","Not Found","Not Found","High","Not Found","Not Found"
"Ag00001aa048965_T001",TRUE,"Master Protein","Ag00001aa048965_T001",28,9,20,509,NA,1.066,0.760233241593959,1,139.5,148.7,13.57,7.77,38.7,25.7,34.3,39,48.3,35.4,69.7,54.4,69.3,65.7,76.4,73.9,"High","High","High","High","High","High"
"Ag00001aa002474_T001",TRUE,"Master Protein","Ag00001aa002474_T001",21,6,12,349,NA,1.696,0.521342207179567,0.987579500145606,21.4,36.3,36.73,35.43,5.9,2.7,3,9.5,6.5,3.9,10.6,5.7,6.1,16,10.3,8.1,"High","High","High","High","High","High"
"Ag00001aa010522_T001",TRUE,"Master Protein","Ag00001aa010522_T001",37,6,13,224,NA,0.941,0.720665083020102,1,66.9,63,9.8,11.41,196.1,199.2,179,202.2,178.6,168.4,353.3,421.5,361.8,340.6,282.5,351.5,"High","High","High","High","High","High"
"Ag00001aa104993_T004",TRUE,"Master Protein","Ag00001aa104993_T004",15,13,20,1058,NA,1.736,0.00123940631774111,0.013077684369047,74,128.5,16.59,6.09,210.6,131.3,149.5,331.6,312.7,251.4,379.4,277.8,302.2,558.6,494.7,524.7,"High","High","High","High","High","High"
"Ag00001aa051976_T002",TRUE,"Master Protein","Ag00001aa051976_T002",28,10,18,432,NA,1.32,0.26930263435999,0.621283158401541,100.9,133.1,5.6,7.5,80.2,76.3,74.8,108.9,134.8,95.6,144.5,161.4,151.2,183.5,213.2,199.5,"High","High","High","High","High","High"
"Ag00001aa104039_T001",TRUE,"Master Protein","Ag00001aa104039_T001",25,8,18,385,NA,0.68,0.00313983504557136,0.0252756190970074,150.1,102.1,0.92,4.43,1313.1,1138.3,1176,937.9,1087.4,774.7,2365.8,2408.3,2377.1,1580,1720.2,1616.8,"High","High","High","High","High","High"
"Ag00001aa076788_T001",TRUE,"Master Protein","Ag00001aa076788_T001",47,5,19,191,NA,1.038,0.891867874698431,1,12.8,13.3,13.81,55.17,90.1,58.3,69.1,203.3,88.6,69.5,162.3,123.3,139.7,342.5,140.2,145,"High","High","High","High","High","High"
"Ag00001aa021281_T001",TRUE,"Master Protein","Ag00001aa021281_T001",55,8,24,225,"Met-loss [N-Term]",0.821,0.962183305943604,1,58.1,47.7,8.7,14.4,157.6,153.3,166.3,192.1,155.7,127.6,284,324.3,336.2,323.6,246.3,266.3,"High","High","High","High","High","High"
"Ag00001aa135333_T001",TRUE,"Master Protein","Ag00001aa135333_T001",32,7,22,274,NA,1.133,0.973427821407412,1,143.4,162.4,7.88,12.17,56,41.3,49.5,71.9,60.1,54.3,100.9,87.4,100.1,121.1,95.1,113.3,"High","High","High","High","High","High"
"Ag00001aa026922_T001",TRUE,"Master Protein","Ag00001aa026922_T001",32,7,22,274,NA,1.024,0.998384690983426,1,109.7,112.3,12.24,15.95,121.7,88.1,117.9,157.3,141.9,92.3,219.3,186.4,238.3,265,224.5,192.6,"High","High","High","High","High","High"
"Ag00001aa111106_T002",TRUE,"Master Protein","Ag00001aa111106_T002",27,8,14,499,NA,0.516,3.27747892269192e-05,0.00111126582647631,150.4,77.6,6.02,10.61,381.3,360.7,341.6,200.5,225.1,197.8,687,763.1,690.5,337.8,356.1,412.8,"High","High","High","High","High","High"
"Ag00001aa085813_T001",TRUE,"Master Protein","Ag00001aa085813_T001",16,9,17,905,NA,0.606,0.0304125838158074,0.128662733123128,190.9,115.8,21.47,10.32,175.8,116.2,188.4,105.4,121.4,104.2,316.7,245.8,380.8,177.6,192,217.5,"High","High","High","High","High","High"
"Ag00001aa053721_T002",TRUE,"Master Protein","Ag00001aa053721_T002",39,6,39,168,"Met-loss+Acetyl [N-Term]",1.601,0.00238585579633921,0.0208924536229028,81,129.6,15.46,7.53,221.9,230.7,179.4,344.6,404.6,323.2,399.8,488.1,362.6,580.5,640,674.5,"High","High","High","High","High","High"
"Ag00001aa000788_T001",TRUE,"Master Protein","Ag00001aa000788_T001",19,10,16,715,NA,1.438,0.0466706268434225,0.175297992663066,78.8,113.2,13.09,21.47,238,155.8,194.7,419.2,357.7,220,428.8,329.6,393.6,706.2,565.8,459.2,"High","High","High","High","High","High"
"Ag00001aa066518_T001",TRUE,"Master Protein","Ag00001aa066518_T001",16,10,17,867,NA,1.243,0.0717758834682297,0.237849292138012,76.2,94.6,6.43,11.43,212.4,188.4,173.6,277.7,300.6,273.8,382.7,398.6,350.9,467.8,475.5,571.4,"High","High","High","High","High","High"
"Ag00001aa032560_T001",TRUE,"Master Protein","Ag00001aa032560_T001",15,10,19,917,NA,1.27,0.560876281621631,1,105.5,134,5.81,12.63,17.6,13.4,14.5,22.1,21.3,20.7,31.7,28.4,29.3,37.2,33.7,43.2,"High","High","High","High","High","High"
"Ag00001aa094561_T001",TRUE,"Master Protein","Ag00001aa094561_T001",28,3,12,174,NA,3.971,5.68690148428086e-06,0.000643262778228948,75.4,299.3,12.06,13.81,52.6,54.8,46.8,219.2,296.8,180.3,94.8,115.9,94.6,369.3,469.5,376.3,"High","High","High","High","High","High"
"Ag00001aa084998_T001",TRUE,"Master Protein","Ag00001aa084998_T001",27,8,27,376,NA,1.125,0.731528934574336,1,81.7,92,10.36,7.3,259.6,184.3,233,348.5,332.7,245.7,467.7,389.9,471,587.1,526.3,512.8,"High","High","High","High","High","High"
"Ag00001aa008454_T001",TRUE,"Master Protein","Ag00001aa008454_T001",27,6,39,230,NA,1.355,0.981404370931673,1,34.4,46.6,12.36,9.41,155.6,111.1,110.1,204.6,201.4,136.7,280.3,235.1,222.6,344.7,318.6,285.3,"High","High","High","High","High","High"
"Ag00001aa021888_T002",TRUE,"Master Protein","Ag00001aa021888_T002",15,11,21,916,NA,1.265,0.12258286249813,0.358118042714232,115.2,145.7,6.85,5.16,291.3,279.9,262,397.6,423,350.3,524.8,592.2,529.6,669.8,669.1,731.1,"High","High","High","High","High","High"
"Ag00001aa043443_T001",TRUE,"Master Protein","Ag00001aa043443_T001",52,12,49,211,NA,0.728,0.54394488679588,1,94.4,68.7,12.06,12.74,1599,1133.7,1145.5,1249.8,1053.1,836.2,2881,2398.6,2315.5,2105.5,1665.9,1745.2,"High","High","High","High","High","High"
"Ag00001aa056229_T001",TRUE,"Master Protein","Ag00001aa056229_T001",19,7,26,433,NA,1.022,0.999967066522268,1,6.2,6.3,12,61.26,12.4,8.4,9.4,23.4,7.3,9.3,22.3,17.8,19,39.4,11.5,19.4,"High","High","High","High","High","High"
"Ag00001aa097403_T001",TRUE,"Master Protein","Ag00001aa097403_T001",44,9,21,263,NA,0.701,0.00295031317597028,0.0244944844522562,119.1,83.5,13.37,5.73,671.4,724.6,615.4,517.9,517.9,440.3,1209.7,1533.1,1244,872.5,819.3,918.9,"High","High","High","High","High","High"
"Ag00001aa053323_T001",TRUE,"Master Protein","Ag00001aa053323_T001",17,12,22,791,NA,1.11,0.283933804196267,0.643518855112649,116.8,129.7,15.51,2.62,655,438.9,625.1,806.3,816.3,627.8,1180.1,928.6,1263.6,1358.3,1291.3,1310.2,"High","High","High","High","High","High"
"Ag00001aa054041_T001",TRUE,"Master Protein","Ag00001aa054041_T001",25,13,20,564,NA,0.497,0.000374871440156244,0.00573151741344722,163.9,81.4,16.18,8.25,350,409.9,355.6,186.6,233.1,171,630.6,867.2,718.8,314.4,368.7,356.9,"High","High","High","High","High","High"
"Ag00001aa070929_T001",TRUE,"Master Protein","Ag00001aa070929_T001",25,9,14,594,NA,1.212,0.00783146234462873,0.0489692383123217,98.6,119.5,3.13,6.82,136.7,119.4,117.4,170.2,188.7,156.7,246.3,252.6,237.3,286.7,298.5,327,"High","High","High","High","High","High"
"Ag00001aa149383_T003",TRUE,"Master Protein","Ag00001aa149383_T003",13,11,14,1362,NA,NA,NA,NA,NA,NA,NA,NA,NA,NA,NA,NA,NA,NA,NA,NA,NA,NA,NA,NA,"High","High","High","High","High","High"
"Ag00001aa022287_T001",TRUE,"Master Protein","Ag00001aa022287_T001",46,10,17,256,NA,0.944,0.999948712125176,1,113,106.7,11.75,1.16,512.8,353.7,457.7,517.9,549.3,425.5,923.9,748.3,925.2,872.5,868.9,888,"High","High","High","High","High","High"
"Ag00001aa067625_T001",TRUE,"Master Protein","Ag00001aa067625_T001",35,9,22,326,NA,0.906,0.818441841604335,1,108.4,98.2,9.34,3.05,374.8,363.7,402.1,413.6,428.6,345.2,675.3,769.5,812.8,696.8,678,720.4,"High","High","High","High","High","High"
"Ag00001aa041929_T001",TRUE,"Master Protein","Ag00001aa041929_T001",39,6,15,256,NA,1.122,0.981520871682475,1,43.4,48.7,7.96,15.16,24.5,18.5,22.6,29.4,24.8,25.4,44.1,39.1,45.7,49.5,39.2,53,"High","High","High","High","High","High"
"Ag00001aa116069_T001",TRUE,"Master Protein","Ag00001aa116069_T001",30,6,17,325,NA,0.504,0.00557659735675242,0.0384397988832247,241.2,121.5,23.02,16.33,545.2,668.7,473.4,308.7,312.9,181.1,982.3,1414.8,956.9,520.1,495,378,"High","High","High","High","High","High"
"Ag00001aa070807_T001",TRUE,"Master Protein","Ag00001aa070807_T001",27,10,17,509,NA,0.923,0.990429343819887,1,119,109.9,13.58,2.88,263.8,283.6,237.9,263.5,284,203.7,475.3,600,480.9,443.9,449.3,425.1,"High","High","High","High","High","High"
"Ag00001aa051626_T001",TRUE,"Master Protein","Ag00001aa051626_T001",19,7,30,435,NA,1.28,7.76942960419857e-05,0.00193918454498091,68.1,87.2,2.45,2.82,302.9,253.8,278.7,414.8,424.4,339.8,545.7,537,563.4,698.8,671.4,709.2,"High","High","High","High","High","High"
"Ag00001aa010042_T001",TRUE,"Master Protein","Ag00001aa010042_T001",27,11,24,458,NA,1.092,0.781518454943084,1,107.9,117.8,0.91,2.14,587,508.6,525.1,663.2,732.7,555.9,1057.6,1076.1,1061.4,1117.3,1159.1,1160.2,"High","High","High","High","High","High"
"Ag00001aa096122_T001",TRUE,"Master Protein","Ag00001aa096122_T001",27,7,37,314,NA,1.722,0.867518757052103,1,27.5,47.4,29.82,6.79,14.7,6.9,9.5,20,20.9,14.2,26.5,14.6,19.2,33.7,33.1,29.6,"High","High","High","High","High","High"
"Ag00001aa074874_T001",TRUE,"Master Protein","Ag00001aa074874_T001",19,5,9,547,NA,1.026,0.998349137146632,1,140.3,143.9,15.49,14.68,18.8,11.7,14.9,21.8,17.4,14.8,33.9,24.8,30.1,36.7,27.5,30.9,"High","High","High","High","High","High"
"Ag00001aa003976_T001",TRUE,"Master Protein","Ag00001aa003976_T001",23,6,18,299,NA,0.799,0.0371457170852152,0.149359870520106,140.2,112,6.31,4.68,740.8,690,747.3,692.3,690.8,574,1334.7,1459.9,1510.6,1166.3,1092.8,1198,"High","High","High","High","High","High"
"Ag00001aa065130_T001",TRUE,"Master Protein","Ag00001aa065130_T001",14,12,16,1112,NA,NA,NA,NA,NA,NA,NA,NA,NA,NA,NA,NA,NA,NA,NA,NA,NA,NA,NA,NA,"High","High","High","High","High","High"
"Ag00001aa016317_T001",TRUE,"Master Protein","Ag00001aa016317_T001",28,6,20,322,NA,0.961,0.999999994483762,1,64.4,61.9,3.4,4.19,179.3,154.6,151.7,198,196.2,148.8,323,327.1,306.6,333.6,310.4,310.6,"High","High","High","High","High","High"
"Ag00001aa003701_T001",TRUE,"Master Protein","Ag00001aa003701_T001",17,12,23,1127,NA,0.713,0.14221576253781,0.398431466367093,145.1,103.4,21.88,8.34,475.3,284.5,463.3,362.3,404.1,259.8,856.4,601.9,936.5,610.4,639.2,542.2,"High","High","High","High","High","High"
"Ag00001aa096738_T001",TRUE,"Master Protein","Ag00001aa096738_T001",22,8,32,426,NA,1.019,0.999959521740076,1,59.4,60.5,8.03,1.48,14.1,11.1,10.7,14.2,15,11.7,25.4,23.5,21.6,23.9,23.7,24.4,"High","High","High","High","High","High"
"Ag00001aa137998_T002",TRUE,"Master Protein","Ag00001aa137998_T002",50,13,40,290,NA,1.651,0.00692822454665654,0.0448997173175925,38.2,63.1,1.59,2.61,598.8,522.6,531,1012.2,1129.8,853.7,1078.9,1105.7,1073.4,1705.2,1787.2,1781.7,"High","High","High","High","High","High"
"Ag00001aa004557_T001",TRUE,"Master Protein","Ag00001aa004557_T001",16,9,14,816,NA,1.974,0.000391031367695027,0.00592161606123168,68.6,135.4,12.28,3.14,257.2,171,207.3,491.1,523.7,375.5,463.4,361.8,419,827.3,828.4,783.7,"High","High","High","High","High","High"
"Ag00001aa038162_T001",TRUE,"Master Protein","Ag00001aa038162_T001",45,5,26,118,NA,1.262,0.907800638819413,1,49.8,62.9,17.01,13.11,391.8,417.4,315.9,529,452.6,440.9,705.9,883.1,638.6,891.2,716,920.2,"High","High","High","High","High","High"
"Ag00001aa101501_T001",TRUE,"Master Protein","Ag00001aa101501_T001",37,9,14,358,NA,0.623,0.00450416040865864,0.0328925145529373,142.5,88.8,8.8,4.13,570.8,561.5,504.2,396.4,404.9,294.6,1028.4,1188,1019.2,667.8,640.5,614.8,"High","High","High","High","High","High"
"Ag00001aa061576_T001",TRUE,"Master Protein","Ag00001aa061576_T001",28,9,18,424,NA,1.196,0.260078350538424,0.607923891211723,118.3,141.5,9.41,9.1,92.2,71.2,90,105.2,125.6,101.9,166.1,150.6,181.9,177.2,198.7,212.7,"High","High","High","High","High","High"
"Ag00001aa082559_T001",TRUE,"Master Protein","Ag00001aa082559_T001",22,4,24,209,NA,0.782,0.725313147209844,1,38.3,29.9,1.18,25.47,68,57.8,61.8,79.5,60.6,39.7,122.5,122.3,124.9,133.9,95.9,82.9,"High","High","High","High","High","High"
"Ag00001aa015268_T001",TRUE,"Master Protein","Ag00001aa015268_T001",27,7,21,400,NA,0.646,0.00470338925909586,0.0340036355413433,182.6,118,3.56,5.25,753.2,599,661,475.1,545.6,424.9,1357.1,1267.3,1336.1,800.4,863.1,886.8,"High","High","High","High","High","High"
"Ag00001aa065968_T001",TRUE,"Master Protein","Ag00001aa065968_T001",37,8,17,328,NA,2.587,0.00361177009253444,0.0280973080697294,71.4,184.6,5.27,10.71,366.1,346,340.1,934.4,1124.4,935.6,659.6,732,687.5,1574.2,1778.7,1952.6,"High","High","High","High","High","High"
"Ag00001aa036844_T001",TRUE,"Master Protein","Ag00001aa036844_T001",23,10,17,710,NA,1.331,0.0054798930914729,0.0381257243807204,93.2,123.9,9.84,2.22,160.8,112.6,135.1,208.7,229.7,175.8,289.7,238.2,273.1,351.6,363.4,366.9,"High","High","High","High","High","High"
"Ag00001aa008707_T001",TRUE,"Master Protein","Ag00001aa008707_T001",28,6,13,316,NA,1.157,0.989790658448021,1,66.8,77.3,14.57,6.97,161.6,169.5,135.4,206.8,213,145.7,291.2,358.6,273.7,348.4,336.9,304.1,"High","High","High","High","High","High"
"Ag00001aa095913_T005",TRUE,"Master Protein","Ag00001aa095913_T005",55,8,28,210,NA,0.682,0.999087700554848,1,37.5,25.5,24.2,59.43,89.5,63.1,48.5,120.4,43.5,43.6,161.3,133.5,98,202.8,68.8,91,"High","High","High","High","High","High"
"Ag00001aa087670_T002",TRUE,"Master Protein","Ag00001aa087670_T002",29,8,15,397,NA,1.229,0.704587730713332,1,87.9,108,25.8,8.52,80.6,83.5,51.3,102.1,112.8,96.7,145.2,176.7,103.7,172,178.4,201.8,"High","High","High","High","High","High"
"Ag00001aa055001_T002",TRUE,"Master Protein","Ag00001aa055001_T002",33,6,24,272,NA,0.938,0.988269892626673,1,52.6,49.3,25.81,30.39,8.8,4.9,8.7,9.1,9.4,4,15.9,10.4,17.6,15.3,14.9,8.3,"High","High","High","High","High","High"
"Ag00001aa042693_T001",TRUE,"Master Protein","Ag00001aa042693_T001",25,10,19,624,NA,0.799,0.274511487144184,0.629582970034521,45.1,36,20.16,15.96,13.2,15.5,11.5,13.8,10.8,9.1,23.8,32.8,23.2,23.2,17.1,19,"High","High","High","High","High","High"
"Ag00001aa018403_T001",TRUE,"Master Protein","Ag00001aa018403_T001",47,7,26,225,NA,0.693,0.0518558757326822,0.187733392157384,159.7,110.6,15.17,13.63,421,464.4,501.7,403.9,451.4,262.2,758.5,982.5,1014.1,680.4,714.1,547.2,"High","High","High","High","High","High"
"Ag00001aa045830_T001",TRUE,"Master Protein","Ag00001aa045830_T001",13,7,43,657,NA,1.46,0.908165743249095,1,64.3,93.9,26.01,42.44,14.6,13.2,8.2,25.8,10.8,18.4,26.3,27.9,16.6,43.5,17.1,38.4,"High","High","High","High","High","High"
"Ag00001aa120632_T003",TRUE,"Master Protein","Ag00001aa120632_T003",20,13,19,826,NA,0.867,0.981392417991737,1,34.5,29.9,48.01,5.52,2.6,0,4.7,3.3,3.8,0,4.7,0,9.5,5.6,6,0,"High","Not Found","High","High","High","High"
"Ag00001aa055040_T001",TRUE,"Master Protein","Ag00001aa055040_T001",14,8,16,801,NA,1.857,0.383215169956644,0.798314699448224,61.4,114,6.2,7.28,38.3,29.1,33.8,75.3,84,55.1,69,61.6,68.3,126.9,132.9,115,"High","High","High","High","High","High"
"Ag00001aa004071_T001",TRUE,"Master Protein","Ag00001aa004071_T001",26,10,28,590,NA,1.109,0.601687742945959,1,84.5,93.8,3.47,4.96,258.6,234.9,243.7,352.8,345.4,261.5,465.9,497,492.6,594.4,546.4,545.8,"High","High","High","High","High","High"
"Ag00001aa083456_T001",TRUE,"Master Protein","Ag00001aa083456_T001",27,2,17,130,NA,0.778,0.00929326841196099,0.0547625082490734,93,72.4,6.92,7.41,292.7,225,229.3,219.9,239.5,157.7,527.4,476,463.5,370.5,378.9,329.1,"High","High","High","High","High","High"
"Ag00001aa088463_T001",TRUE,"Master Protein","Ag00001aa088463_T001",38,10,28,354,NA,1.066,0.947354596671956,1,31.6,33.7,14.63,14.39,15.5,17.7,16,25,21.8,15.4,27.9,37.4,32.3,42.1,34.5,32.1,"High","High","High","High","High","High"
"Ag00001aa004423_T002",TRUE,"Master Protein","Ag00001aa004423_T002",17,4,17,315,NA,1.402,0.841807091780783,1,34.6,48.5,30.38,19.54,144.6,76.9,77,174,144.2,96.6,260.5,162.7,155.6,293.1,228.1,201.6,"High","High","High","High","High","High"
"Ag00001aa031826_T002",TRUE,"Master Protein","Ag00001aa031826_T002",28,10,15,400,NA,0.845,0.204726426046017,0.510515045440233,121.5,102.7,3.07,3.28,233.5,189.6,210.3,209.5,236.8,170.3,420.7,401.1,425.1,352.9,374.6,355.4,"High","High","High","High","High","High"
"Ag00001aa054167_T001",TRUE,"Master Protein","Ag00001aa054167_T001",11,13,15,1671,NA,1.131,0.979144319818113,1,77.2,87.3,13.3,13.73,193.9,126.8,149.2,202.5,228.4,132.1,349.4,268.3,301.6,341.1,361.3,275.7,"High","High","High","High","High","High"
"Ag00001aa144481_T002",TRUE,"Master Protein","Ag00001aa144481_T002",20,6,21,304,NA,0.868,0.652366493869702,1,128,111.1,16.1,13.55,511.1,346.3,501.4,474.4,519.2,304.2,920.9,732.7,1013.5,799.2,821.3,634.9,"High","High","High","High","High","High"
"Ag00001aa108590_T001",TRUE,"Master Protein","Ag00001aa108590_T001",33,5,26,235,NA,1.661,0.00825087947685488,0.0500427387303595,65.6,108.9,12.75,2.03,469.1,369.6,323.9,798.2,820.9,622.2,845.2,782,654.7,1344.7,1298.6,1298.6,"High","High","High","High","High","High"
"Ag00001aa096730_T003",TRUE,"Master Protein","Ag00001aa096730_T003",15,7,11,762,NA,1.585,0.00557945301110274,0.0384397988832247,75.2,119.2,4.34,3.51,179.5,146.2,146.7,291.1,294.7,239.1,323.4,309.3,296.5,490.4,466.2,499,"High","High","High","High","High","High"
"Ag00001aa090627_T001",TRUE,"Master Protein","Ag00001aa090627_T001",12,6,10,638,NA,0.254,3.19448858587812e-07,0.000177078674262769,227,57.7,18.38,3.38,316,388.2,377.5,109,123.6,92.9,569.3,821.3,763.1,183.6,195.5,193.9,"High","High","High","High","High","High"
"Ag00001aa044234_T001",TRUE,"Master Protein","Ag00001aa044234_T001",42,6,30,184,NA,1.238,0.91600296651613,1,113.2,140.1,4.33,5.35,1057.3,834,877.6,1373.7,1388.4,996.3,1905,1764.5,1774,2314.2,2196.3,2079.3,"High","High","High","High","High","High"
"Ag00001aa114791_T001",TRUE,"Master Protein","Ag00001aa114791_T001",54,8,12,183,NA,1.518,0.484659324515101,0.94343321021984,21.4,32.5,10.52,10.55,71.8,71.6,61.8,115.2,124.1,111.7,129.4,151.5,124.9,194.1,196.3,233.1,"High","High","High","High","High","High"
"Ag00001aa049776_T001",TRUE,"Master Protein","Ag00001aa049776_T001",12,8,18,830,NA,1.381,0.983853065275486,1,42.4,58.5,44.11,1.19,380.1,167,160.4,289.6,304.1,236,684.8,353.3,324.2,487.9,481.1,492.5,"High","High","High","High","High","High"
"Ag00001aa009579_T001",TRUE,"Master Protein","Ag00001aa009579_T001",35,6,27,158,NA,1.321,0.337259107324906,0.731075671352898,56.7,74.8,1.29,11.66,118.7,103.7,107.5,170.4,200.4,120.1,213.9,219.4,217.3,287.1,317,250.7,"High","High","High","High","High","High"
"Ag00001aa026773_T001",TRUE,"Master Protein","Ag00001aa026773_T001",34,7,15,331,NA,0.871,0.72843260011814,1,75.5,65.7,10.82,3.89,183.6,178.6,151.3,181,182.2,135.7,330.8,377.9,305.8,304.9,288.2,283.2,"High","High","High","High","High","High"
"Ag00001aa018374_T001",TRUE,"Master Protein","Ag00001aa018374_T001",32,7,17,338,NA,1.059,0.995219858418331,1,35.5,37.6,1.97,11.41,155.9,131.2,133.7,204.2,175.2,140.8,280.9,277.6,270.3,344,277.1,293.9,"High","High","High","High","High","High"
"Ag00001aa095498_T001",TRUE,"Master Protein","Ag00001aa095498_T001",25,7,19,416,NA,0.697,0.201290293142244,0.503616608306762,117.6,81.9,10.42,4.71,693.7,655.5,556.9,510.7,550.6,449.3,1249.9,1386.9,1125.7,860.4,871,937.7,"High","High","High","High","High","High"
"Ag00001aa133834_T001",TRUE,"Master Protein","Ag00001aa133834_T001",48,7,22,193,NA,0.926,0.526263882520797,0.992957009717859,157.9,146.3,2.51,3.26,143.8,121.6,133.3,134.9,152.4,115,259.1,257.3,269.4,227.3,241.1,240,"High","High","High","High","High","High"
"Ag00001aa006114_T002",TRUE,"Master Protein","Ag00001aa006114_T002",15,10,19,786,NA,NA,NA,NA,NA,NA,NA,NA,NA,NA,NA,NA,NA,NA,NA,NA,NA,NA,NA,NA,"Not Found","Not Found","Not Found","Not Found","Not Found","Not Found"
"Ag00001aa095671_T002",TRUE,"Master Protein","Ag00001aa095671_T002",10,11,15,1218,NA,1.003,0.998445485071902,1,108.2,108.5,7.67,23.07,52.6,40.3,49.1,56.4,67.2,31.8,94.8,85.3,99.2,95,106.3,66.4,"High","High","High","High","High","High"
"Ag00001aa057728_T001",TRUE,"Master Protein","Ag00001aa057728_T001",42,7,21,221,NA,NA,NA,NA,NA,NA,NA,NA,NA,NA,NA,NA,NA,NA,NA,NA,NA,NA,NA,NA,"High","High","High","High","High","High"
"Ag00001aa061138_T001",TRUE,"Master Protein","Ag00001aa061138_T001",66,7,15,103,NA,0.991,0.999977872370627,1,121.5,120.5,32.6,4.43,520.9,635.7,348,586.7,588.2,434.8,938.5,1345,703.4,988.4,930.5,907.4,"High","High","High","High","High","High"
"Ag00001aa042232_T001",TRUE,"Master Protein","Ag00001aa042232_T001",21,6,24,349,NA,2.225,0.0296112050310001,0.127081865883853,97.7,217.4,39.53,26.01,305.6,157.9,128.8,441.2,701.5,339.7,550.6,334.1,260.4,743.3,1109.7,709,"High","High","High","High","High","High"
"Ag00001aa090543_T002",TRUE,"Master Protein","Ag00001aa090543_T002",35,5,32,182,NA,1.128,0.852949810381377,1,115.5,130.2,9.23,1,285.1,203.2,224.9,300.7,324.1,247.6,513.7,429.9,454.6,506.6,512.7,516.8,"High","High","High","High","High","High"
"Ag00001aa140853_T001",TRUE,"Master Protein","Ag00001aa140853_T001",14,5,18,515,NA,0.996,0.967444414264026,1,75.8,75.5,20.28,6.71,243.2,275.9,198.8,279.2,276,197.2,438.2,583.7,401.8,470.4,436.6,411.6,"Not Found","Not Found","Not Found","High","Not Found","Not Found"
"Ag00001aa113583_T001",TRUE,"Master Protein","Ag00001aa113583_T001",44,6,27,150,NA,1.32,0.671161689422015,1,94.5,124.7,15.48,21.49,77.8,49,57.4,123.7,89,73.4,140.2,103.7,116,208.4,140.8,153.2,"High","High","High","High","High","High"
"Ag00001aa029510_T002",TRUE,"Master Protein","Ag00001aa029510_T002",33,6,24,273,NA,0.695,0.0795063306254533,0.257453185272151,105.4,73.3,9.5,9.95,75.7,76.6,69.3,57.8,68.1,42.3,136.4,162.1,140.1,97.4,107.7,88.3,"High","High","High","High","High","High"
"Ag00001aa016681_T001",TRUE,"Master Protein","Ag00001aa016681_T001",27,5,30,214,NA,1.02,0.999171976919507,1,115.2,117.5,3.7,16.29,1088.7,904.6,902,1158.7,1450.8,792.8,1961.5,1913.9,1823.3,1952,2295,1654.6,"High","High","High","High","High","High"
"Ag00001aa071108_T001",TRUE,"Master Protein","Ag00001aa071108_T001",27,6,22,255,NA,1.504,1.45832906626175e-05,0.000643262778228948,91.7,137.9,4.79,8.32,444,350.4,362.9,658.3,809.4,534.3,800,741.4,733.6,1109,1280.4,1115.1,"High","High","High","High","High","High"
"Ag00001aa106808_T005",TRUE,"Master Protein","Ag00001aa106808_T005",19,8,24,502,NA,0.915,0.292107147157029,0.657351393470067,80.8,74,5.39,1.73,147.7,130.7,122.9,144.6,149.7,117.1,266.1,276.5,248.4,243.6,236.8,244.4,"High","High","High","High","High","High"
"Ag00001aa102013_T002",TRUE,"Master Protein","Ag00001aa102013_T002",31,9,24,345,NA,1.181,0.993756214952029,1,49,57.9,24.08,13.13,24.2,15,13.7,23.8,23.7,14.8,43.6,31.7,27.7,40.1,37.5,30.9,"High","High","High","High","High","High"
"Ag00001aa091570_T001",TRUE,"Master Protein","Ag00001aa091570_T001",42,6,26,156,NA,0.915,0.984016919218531,1,141.1,129.1,2.43,4.4,807,669,735.1,832.6,840.8,616.2,1454,1415.4,1485.9,1402.7,1330.1,1286,"High","High","High","High","High","High"
"Ag00001aa078016_T003",TRUE,"Master Protein","Ag00001aa078016_T003",22,11,22,723,NA,1.109,0.763383119277768,1,25.1,27.9,2.28,19.49,11.8,9.7,10.6,17.9,13.1,11.3,21.3,20.5,21.4,30.2,20.7,23.6,"High","High","High","High","High","High"
"Ag00001aa055021_T002",TRUE,"Master Protein","Ag00001aa055021_T002",19,11,17,706,NA,0.694,0.200108477551582,0.50187138793345,133.9,93,3.99,6.93,729.2,596.3,676,487,576.7,449.3,1313.8,1261.6,1366.5,820.4,912.3,937.7,"High","High","High","High","High","High"
"Ag00001aa042406_T001",TRUE,"Master Protein","Ag00001aa042406_T001",17,7,13,670,NA,0.697,0.0358442784910241,0.145799355309224,133.5,93,3.4,14.3,180.6,143.8,157.3,131.5,121.1,122.3,325.4,304.2,318,221.5,191.6,255.2,"High","High","High","High","High","High"
"Ag00001aa063385_T001",TRUE,"Master Protein","Ag00001aa063385_T001",42,9,20,219,NA,1.258,0.559131227375836,1,107,134.5,12.02,9.73,756.6,505.7,610,1016.1,980.4,675.1,1363.2,1069.9,1233,1711.8,1550.9,1409,"High","High","High","High","High","High"
"Ag00001aa034303_T001",TRUE,"Master Protein","Ag00001aa034303_T001",33,6,16,333,NA,0.62,0.0235680199396774,0.109081033647019,198.8,123.3,31.63,6.88,399.8,617,427.9,332.7,309.1,257,720.3,1305.4,864.9,560.5,489,536.4,"High","High","High","High","High","High"
"Ag00001aa004321_T004",TRUE,"Master Protein","Ag00001aa004321_T004",13,9,15,950,NA,1.294,0.586082595134928,1,90.1,116.6,9.52,3.12,259.3,221.4,271.8,346.7,383.1,297.8,467.2,468.4,549.4,584.1,606,621.5,"High","High","High","High","High","High"
"Ag00001aa084079_T003",TRUE,"Master Protein","Ag00001aa084079_T003",9,4,45,494,NA,1.463,0.980724532064329,1,22.7,33.2,24.71,18.7,13.6,8.9,7.4,11.6,17.5,13.2,24.5,18.8,15,19.5,27.7,27.5,"High","High","High","High","High","High"
"Ag00001aa016940_T001",TRUE,"Master Protein","Ag00001aa016940_T001",28,10,17,375,NA,0.936,0.975863178855277,1,132.3,123.9,13.79,10.54,86.5,71.8,95.8,98.1,84.9,69.9,155.8,151.9,193.6,165.3,134.3,145.9,"High","High","High","High","High","High"
"Ag00001aa111092_T001",TRUE,"Master Protein","Ag00001aa111092_T001",44,11,19,354,NA,NA,NA,NA,NA,NA,NA,NA,NA,NA,NA,NA,NA,NA,NA,NA,NA,NA,NA,NA,"High","High","High","High","High","High"
"Ag00001aa127370_T003",TRUE,"Master Protein","Ag00001aa127370_T003",18,6,22,434,NA,0.532,1.95747376430244e-06,0.000420345447260478,116.1,61.8,7.85,3.29,426,411.7,440.6,274.8,309.9,222.2,767.5,871,890.6,462.9,490.2,463.7,"High","High","High","High","High","High"
"Ag00001aa068598_T002",TRUE,"Master Protein","Ag00001aa068598_T002",33,9,19,317,NA,0.787,0.834236070769682,1,124.4,97.9,15.82,6.2,473.6,293.1,365.2,350.4,332.1,278.3,853.3,620.1,738.2,590.3,525.4,580.8,"High","High","High","High","High","High"
"Ag00001aa066275_T001",TRUE,"Master Protein","Ag00001aa066275_T001",15,7,23,613,NA,0.918,0.999660447371941,1,82.1,75.4,7.27,9.34,32.7,25.6,31,29.9,34.2,29,58.9,54.2,62.7,50.4,54.1,60.5,"High","High","High","High","High","High"
"Ag00001aa003896_T001",TRUE,"Master Protein","Ag00001aa003896_T001",27,8,45,361,NA,0.58,0.00139148145340229,0.0141942288924414,173.5,100.7,14.5,6.84,92.5,104.2,90.6,56,67.2,51.1,166.7,220.5,183.1,94.3,106.3,106.6,"High","High","High","High","High","High"
"Ag00001aa109322_T001",TRUE,"Master Protein","Ag00001aa109322_T001",17,7,15,482,NA,0.441,0.00152940872017771,0.0151202763393429,284.7,125.5,8.91,14.39,1226.9,1218.9,1286.9,626.1,718.7,663.3,2210.5,2578.9,2601.3,1054.8,1136.9,1384.3,"High","High","High","High","High","High"
"Ag00001aa056761_T001",TRUE,"Master Protein","Ag00001aa056761_T001",13,5,11,662,NA,0.349,0.000276105501245905,0.00469418739493394,179.6,62.7,19.04,2.39,304.8,382.3,342,140.2,156.6,115.6,549.2,808.8,691.3,236.2,247.7,241.3,"High","High","High","High","High","High"
"Ag00001aa095457_T001",TRUE,"Master Protein","Ag00001aa095457_T001",67,9,22,147,"Met-loss [N-Term]",NA,NA,NA,NA,NA,NA,NA,NA,NA,NA,NA,NA,NA,NA,NA,NA,NA,NA,NA,"High","High","Not Found","High","High","High"
"Ag00001aa052871_T001",TRUE,"Master Protein","Ag00001aa052871_T001",43,6,19,214,NA,0.783,0.999629084683705,1,40.5,31.7,28.73,9,12,5.7,10,10.7,10,7.3,21.6,12.1,20.2,18,15.8,15.2,"High","High","High","High","High","High"
"Ag00001aa007481_T001",TRUE,"Master Protein","Ag00001aa007481_T001",28,9,20,424,NA,1.064,0.992516483072271,1,55.8,59.3,7.88,4.31,66.1,61.7,69,83.6,87.8,62.2,119.1,130.5,139.5,140.8,138.9,129.8,"High","High","High","High","High","High"
"Ag00001aa128777_T001",TRUE,"Master Protein","Ag00001aa128777_T001",19,8,19,543,NA,NA,NA,NA,NA,NA,NA,NA,NA,NA,NA,NA,NA,NA,NA,NA,NA,NA,NA,NA,"High","High","High","High","High","High"
"Ag00001aa006973_T001",TRUE,"Master Protein","Ag00001aa006973_T001",24,9,16,493,NA,0.357,0.0130475270083773,0.0704259179736597,175.8,62.7,5.05,3.38,376.3,326,310,144.3,152.8,109.5,678,689.7,626.6,243.1,241.7,228.5,"High","High","High","High","High","High"
"Ag00001aa106506_T001",TRUE,"Master Protein","Ag00001aa106506_T001",32,5,22,220,NA,0.656,0.0217536792350485,0.102887918327367,179.5,117.8,11.38,6.77,222.6,232.5,204,160.6,165.4,142.6,401.1,491.9,412.4,270.6,261.6,297.6,"High","High","High","High","High","High"
"Ag00001aa026467_T002",TRUE,"Master Protein","Ag00001aa026467_T002",13,9,17,945,NA,0.964,0.999792357158693,1,54.6,52.6,7.9,7.71,85.6,63.9,77.5,90.8,94,63.2,154.2,135.2,156.7,153,148.7,131.9,"High","High","High","High","High","High"
"Ag00001aa127927_T001",TRUE,"Master Protein","Ag00001aa127927_T001",35,4,30,170,NA,0.571,0.008276662612551,0.0501475408892635,78.6,44.9,9.64,17.95,593.6,544.1,639.5,401.9,415.6,230,1069.5,1151.2,1292.7,677.1,657.4,480,"High","High","High","High","High","High"
"Ag00001aa141694_T001",TRUE,"Master Protein","Ag00001aa141694_T001",40,7,16,216,NA,1.537,0.854381125217576,1,46.2,71,13.27,4.1,88.7,62.4,61.8,121,128.3,90.7,159.8,132,124.9,203.8,203,189.3,"High","High","High","High","High","High"
"Ag00001aa035195_T001",TRUE,"Master Protein","Ag00001aa035195_T001",30,8,14,399,NA,100,NA,NA,0,20.7,NA,36.51,0,0,0,4.3,2.7,0,0,0,0,7.2,4.3,0,"High","High","High","High","High","High"
"Ag00001aa027772_T001",TRUE,"Master Protein","Ag00001aa027772_T001",21,7,12,437,NA,0.423,0.0190758794278038,0.0934591401688667,231.3,97.8,29.24,10.83,42.2,29.5,54.1,22.3,19.4,15.4,76,62.4,109.4,37.6,30.7,32.1,"High","High","High","High","High","High"
"Ag00001aa028648_T003",TRUE,"Master Protein","Ag00001aa028648_T003",28,4,9,282,NA,0.758,0.974289471680226,1,36.7,27.8,8.66,18.81,68.1,48.8,57.3,70.4,55.5,41.2,122.7,103.2,115.8,118.6,87.8,86,"High","High","High","High","High","High"
"Ag00001aa000793_T002",TRUE,"Master Protein","Ag00001aa000793_T002",35,7,15,322,NA,3.586,0.000127260136288943,0.00265852112934552,87.6,314,14.48,15.82,22.5,16.5,23.1,79.4,91.9,86.4,40.5,34.9,46.7,133.8,145.4,180.3,"High","High","High","High","High","High"
"Ag00001aa080592_T001",TRUE,"Master Protein","Ag00001aa080592_T001",14,8,15,854,NA,0.559,0.0521075488560364,0.188444171526701,128.4,71.8,5.41,4.13,311,287.9,307.4,193.9,224.3,163.2,560.3,609.1,621.4,326.7,354.8,340.6,"High","High","High","High","High","High"
"Ag00001aa040662_T001",TRUE,"Master Protein","Ag00001aa040662_T001",23,7,22,367,NA,1.187,0.0698853585496845,0.232716877115155,67.8,80.5,3.26,7.59,460.2,386,385.2,540.8,612.8,507.3,829.2,816.7,778.6,911.1,969.4,1058.8,"High","High","High","High","High","High"
"Ag00001aa027834_T001",TRUE,"Master Protein","Ag00001aa027834_T001",48,7,31,225,NA,1.461,0.97631123627698,1,26.9,39.3,10.22,4.23,219.8,159.6,163.1,313.1,308.8,236.3,396,337.7,329.7,527.5,488.5,493.2,"High","High","High","High","High","High"
"Ag00001aa022428_T001",TRUE,"Master Protein","Ag00001aa022428_T001",30,9,19,339,NA,0.852,0.999363400059409,1,35,29.8,26.57,9.08,13.3,7.4,13.4,13.6,12.9,9.2,24,15.7,27.1,22.9,20.4,19.2,"High","High","High","High","High","High"
"Ag00001aa027611_T003",TRUE,"Master Protein","Ag00001aa027611_T003",28,11,19,488,NA,1.82,0.157931972463376,0.427974817603117,19.4,35.3,52.76,18.89,4.2,2.2,6.7,10.3,7.6,6.6,7.6,4.7,13.5,17.4,12,13.8,"High","High","High","High","High","High"
"Ag00001aa040677_T001",TRUE,"Master Protein","Ag00001aa040677_T001",11,12,16,1218,NA,0.864,0.970615544641349,1,123.9,107,19.51,11.88,403.2,232,330,365.9,364.2,233.1,726.5,490.8,667.1,616.4,576.1,486.5,"High","High","High","High","High","High"
"Ag00001aa086195_T001",TRUE,"Master Protein","Ag00001aa086195_T001",14,8,14,877,NA,NA,NA,NA,NA,NA,NA,NA,NA,NA,NA,NA,NA,NA,NA,NA,NA,NA,NA,NA,"High","High","High","High","High","High"
"Ag00001aa039865_T002",TRUE,"Master Protein","Ag00001aa039865_T002",39,7,30,231,NA,0.675,0.937518171526279,1,197.5,133.3,1.01,15.36,1303.1,1105.9,1179.6,875.8,1242.4,759.2,2347.8,2339.8,2384.4,1475.4,1965.4,1584.5,"High","High","High","High","High","High"
"Ag00001aa052778_T002",TRUE,"Master Protein","Ag00001aa052778_T002",23,7,12,519,NA,0.541,0.0257784860044694,0.116044568914548,76.8,41.5,36.72,4.47,129.4,183.5,98.9,74.9,74.1,61,233.1,388.2,199.9,126.2,117.2,127.3,"High","High","High","High","High","High"
"Ag00001aa102326_T001",TRUE,"Master Protein","Ag00001aa102326_T001",18,7,14,557,NA,1.018,0.992615964744161,1,89,90.5,3.55,6.18,292.7,264.9,278,338.6,344.3,294.7,527.4,560.5,561.9,570.4,544.7,615.1,"High","High","High","High","High","High"
"Ag00001aa030938_T001",TRUE,"Master Protein","Ag00001aa030938_T001",23,8,14,506,NA,0.693,0.445881492250102,0.890119870123403,120.2,83.4,12.18,9.31,29.3,31.1,32.5,31.4,28.8,21.5,52.8,65.8,65.7,52.9,45.6,44.9,"High","High","High","High","High","High"
"Ag00001aa004534_T001",TRUE,"Master Protein","Ag00001aa004534_T001",16,13,16,986,NA,1.095,0.821244002012009,1,98,107.3,10.65,6.96,440.9,305,344.2,493.6,481.4,347.8,794.4,645.3,695.8,831.6,761.5,725.9,"High","High","High","High","High","High"
"Ag00001aa023590_T001",TRUE,"Master Protein","Ag00001aa023590_T001",55,6,17,104,NA,0.877,0.707360303743162,1,112.1,98.3,6.78,1.99,576.1,456.7,448.5,513.8,525.8,406.1,1038,966.3,906.6,865.6,831.8,847.6,"High","High","High","High","High","High"
"Ag00001aa001668_T001",TRUE,"Master Protein","Ag00001aa001668_T001",27,5,10,328,NA,0.929,0.989106298088957,1,42.7,39.6,17,15.7,47.6,34.6,30.1,47.2,43,27.8,85.8,73.2,60.8,79.5,68,58,"High","High","High","High","High","High"
"Ag00001aa082379_T001",TRUE,"Master Protein","Ag00001aa082379_T001",23,8,22,251,NA,1.09,0.682955366562243,1,118.9,129.6,21.07,12.42,81.1,45.1,65.7,103,91.5,66.1,146.1,95.4,132.8,173.5,144.7,138,"High","High","High","High","High","High"
"Ag00001aa088052_T001",TRUE,"Master Protein","Ag00001aa088052_T001",13,8,15,905,NA,0.54,0.0300781751341418,0.128196845324656,156.2,84.3,17.84,11.88,23.9,18.7,27.3,13.8,15.5,9.3,43.1,39.6,55.2,23.2,24.5,19.4,"High","High","High","High","High","High"
"Ag00001aa069574_T002",TRUE,"Master Protein","Ag00001aa069574_T002",41,8,45,198,NA,0.652,0.637529285887058,1,5.7,3.7,35.11,14.9,3.9,2,0,1.9,2.5,0,7,4.2,0,3.2,4,0,"High","High","High","High","High","High"
"Ag00001aa047622_T002",TRUE,"Master Protein","Ag00001aa047622_T002",14,5,18,497,NA,1.198,0.973111521767154,1,45.3,54.3,19.16,19.56,17.2,12.3,10.4,20.2,19.7,11,31,26,21,34,31.2,23,"High","High","High","High","High","High"
"Ag00001aa133789_T002",TRUE,"Master Protein","Ag00001aa133789_T002",25,8,19,422,NA,NA,NA,NA,NA,NA,NA,NA,NA,NA,NA,NA,NA,NA,NA,NA,NA,NA,NA,NA,"High","High","High","High","High","High"
"Ag00001aa098278_T001",TRUE,"Master Protein","Ag00001aa098278_T001",27,7,19,394,NA,NA,NA,NA,NA,NA,NA,NA,NA,NA,NA,NA,NA,NA,NA,NA,NA,NA,NA,NA,"High","High","High","High","High","High"
"Ag00001aa053570_T001",TRUE,"Master Protein","Ag00001aa053570_T001",41,10,49,211,NA,1.223,0.994243739315302,1,15.8,19.4,9.98,60.63,10.3,7.2,8.7,24.7,13.6,5.7,18.6,15.2,17.6,41.6,21.5,11.9,"High","High","High","High","High","High"
"Ag00001aa071917_T001",TRUE,"Master Protein","Ag00001aa071917_T001",52,6,16,158,NA,0.885,0.9953344482021,1,83.4,73.8,17.75,5.68,87,66.1,54.1,76.9,73.1,59.3,156.8,139.8,109.4,129.6,115.6,123.8,"High","High","High","High","High","High"
"Ag00001aa135121_T001",TRUE,"Master Protein","Ag00001aa135121_T001",25,6,32,224,NA,2.305,0.0147525580927922,0.0770131350634679,54.2,125,9.1,25.53,193.7,178.6,155.7,477.4,433.7,534.4,349,377.9,314.7,804.3,686.1,1115.3,"High","High","High","High","High","High"
"Ag00001aa017105_T001",TRUE,"Master Protein","Ag00001aa017105_T001",43,7,13,239,NA,0.834,0.999998574480854,1,61.1,51,45.61,22.18,2.3,5.2,5.5,3.8,5.8,4.8,4.1,11,11.1,6.4,9.2,10,"High","High","High","High","High","High"
"Ag00001aa089644_T001",TRUE,"Master Protein","Ag00001aa089644_T001",19,2,17,158,NA,1.397,0.165393866695993,0.436726288530596,92.7,129.5,7.34,6.58,404.5,304.7,317.7,519.2,569.4,474.5,728.8,644.7,642.2,874.7,900.7,990.3,"High","High","High","High","High","High"
"Ag00001aa135418_T001",TRUE,"Master Protein","Ag00001aa135418_T001",23,9,13,517,NA,1.476,0.0123830358930055,0.0679146165036325,102.7,151.5,4.41,11.12,338.2,314,320.6,567.6,544.1,514.9,609.3,664.3,648.1,956.2,860.7,1074.6,"High","High","High","High","High","High"
"Ag00001aa063785_T001",TRUE,"Master Protein","Ag00001aa063785_T001",15,3,38,248,NA,1.666,0.00204697469600024,0.0184189085896042,78.8,131.3,18.04,2.31,574.7,551.6,400.2,1039.4,1057.7,826.4,1035.5,1167,809,1751,1673.2,1724.7,"High","High","High","High","High","High"
"Ag00001aa079468_T001",TRUE,"Master Protein","Ag00001aa079468_T001",26,11,18,522,NA,1.237,0.273118880268297,0.626931975161319,88.3,109.2,22,11.69,484.4,264.5,348.5,618.9,533.9,417.5,872.8,559.6,704.4,1042.6,844.6,871.3,"High","High","High","High","High","High"
"Ag00001aa135109_T001",TRUE,"Master Protein","Ag00001aa135109_T001",22,8,16,478,NA,1.037,0.9950033850025,1,85.1,88.3,1.34,5.18,177.5,148.6,159.7,208.6,200.4,158.9,319.8,314.4,322.8,351.4,317,331.6,"High","High","High","High","High","High"
"Ag00001aa031401_T001",TRUE,"Master Protein","Ag00001aa031401_T001",28,7,17,327,NA,1.136,0.363001199753976,0.772110322609774,70.7,80.3,7.75,7.07,268.6,241.9,216.9,337.3,313,263.4,483.9,511.8,438.4,568.2,495.1,549.7,"High","High","High","High","High","High"
"Ag00001aa020094_T004",TRUE,"Master Protein","Ag00001aa020094_T004",28,6,13,336,NA,0.942,0.585854776999766,1,96.2,90.6,15.47,6.63,129.4,136.7,107.1,137.9,128.6,105.2,233.1,289.2,216.5,232.3,203.4,219.6,"High","High","High","High","High","High"
"Ag00001aa023928_T001",TRUE,"Master Protein","Ag00001aa023928_T001",13,6,18,738,NA,0.555,0.0369570876155776,0.148907370549578,78.8,43.7,15.54,22.77,234.6,146.2,191.4,184.2,134.2,102.8,422.7,309.3,386.9,310.3,212.3,214.5,"High","High","High","High","High","High"
"Ag00001aa132697_T001",TRUE,"Master Protein","Ag00001aa132697_T001",26,7,11,343,NA,1.124,0.342371526677874,0.739937230020292,74.2,83.4,5.25,4.77,353.7,285,283.9,415.1,428.5,304.9,637.3,603,573.9,699.3,677.8,636.3,"High","High","High","High","High","High"
"Ag00001aa055550_T001",TRUE,"Master Protein","Ag00001aa055550_T001",38,8,17,197,NA,0.688,0.729885990542114,1,40.5,27.9,7.01,55.48,9.9,7.4,8.7,13.3,4.6,5.8,17.8,15.7,17.6,22.4,7.3,12.1,"High","High","High","High","High","High"
"Ag00001aa001282_T004",TRUE,"Master Protein","Ag00001aa001282_T004",18,5,20,446,NA,NA,NA,NA,NA,NA,NA,NA,NA,NA,NA,NA,NA,NA,NA,NA,NA,NA,NA,NA,"High","High","High","High","High","High"
"Ag00001aa093104_T001",TRUE,"Master Protein","Ag00001aa093104_T001",19,8,14,553,NA,0.835,0.490181557564644,0.949684435187422,140.2,117.1,4.01,6.11,593.3,535.5,571.6,537.4,645.2,453.4,1069,1133,1155.4,905.3,1020.6,946.3,"High","High","High","High","High","High"
"Ag00001aa145079_T002",TRUE,"Master Protein","Ag00001aa145079_T002",21,5,12,431,NA,1.088,0.836878640658013,1,129.3,140.8,10.2,10.2,63.9,66.6,62.1,81.1,80.6,74.5,115.1,140.9,125.5,136.6,127.5,155.5,"High","High","High","High","High","High"
"Ag00001aa078520_T001",TRUE,"Master Protein","Ag00001aa078520_T001",44,7,21,229,NA,0.965,0.994288060742746,1,106.7,103.1,6.43,9.81,536.7,404.4,437,565.4,539.1,375.7,967,855.6,883.3,952.5,852.8,784.1,"High","High","High","High","High","High"
"Ag00001aa117858_T001",TRUE,"Master Protein","Ag00001aa117858_T001",10,12,14,1626,NA,1.112,0.999999998816484,1,88.8,98.7,24.93,2.01,33.7,19.7,19.4,26.8,29.7,22.2,60.7,41.7,39.2,45.1,47,46.3,"High","High","High","High","High","High"
"Ag00001aa141010_T001",TRUE,"Master Protein","Ag00001aa141010_T001",16,7,13,727,NA,1.149,0.999528343324764,1,25,28.7,20.84,21.74,20.1,14.9,11.7,21.5,24.1,11.9,36.2,31.5,23.7,36.2,38.1,24.8,"High","High","High","High","High","High"
"Ag00001aa125834_T001",TRUE,"Master Protein","Ag00001aa125834_T001",21,6,15,352,NA,0.882,0.397190976447696,0.819356135245386,127.6,112.5,7.39,6.25,265.4,260.3,246,248.3,277.3,226.7,478.2,550.7,497.3,418.3,438.7,473.1,"High","High","High","High","High","High"
"Ag00001aa075353_T005",TRUE,"Master Protein","Ag00001aa075353_T005",11,6,26,760,NA,NA,NA,NA,NA,NA,NA,NA,NA,NA,NA,NA,NA,NA,NA,NA,NA,NA,NA,NA,"High","High","High","High","High","High"
"Ag00001aa069089_T001",TRUE,"Master Protein","Ag00001aa069089_T001",39,9,23,318,"Met-loss+Acetyl [N-Term]",4.555,1.05251127546779e-06,0.000348439705028477,79.8,363.6,10.18,17.59,92.3,90.9,78.6,443.3,478.9,482.5,166.3,192.3,158.9,746.8,757.6,1007,"High","High","High","High","High","High"
"Ag00001aa036852_T002",TRUE,"Master Protein","Ag00001aa036852_T002",41,8,13,325,NA,NA,NA,NA,NA,NA,NA,NA,NA,NA,NA,NA,NA,NA,NA,NA,NA,NA,NA,NA,"Not Found","Not Found","Not Found","Not Found","Not Found","Not Found"
"Ag00001aa004436_T001",TRUE,"Master Protein","Ag00001aa004436_T001",20,9,18,472,NA,0.991,0.968819142478662,1,95.2,94.4,19.28,10.1,287.9,239.6,177.6,298.3,290.8,269.4,518.7,506.9,359,502.5,460,562.3,"High","High","High","High","High","High"
"Ag00001aa138465_T001",TRUE,"Master Protein","Ag00001aa138465_T001",22,5,20,319,NA,2.165,0.0365756621578754,0.147916098268598,66.3,143.6,39.33,12.72,741.7,354.2,334.3,770.4,1038.5,777.3,1336.3,749.4,675.7,1297.9,1642.8,1622.3,"High","High","High","High","High","High"
"Ag00001aa118989_T002",TRUE,"Master Protein","Ag00001aa118989_T002",17,9,13,807,NA,1.002,0.999981646247681,1,111,111.2,4.08,4.36,198.1,156.8,176,216.3,225.3,160.4,356.9,331.7,355.8,364.4,356.4,334.8,"High","High","High","High","High","High"
"Ag00001aa006098_T001",TRUE,"Master Protein","Ag00001aa006098_T001",33,11,13,447,NA,0.941,0.999996138248256,1,124.5,117.1,11.86,13.35,522.4,372.8,493.2,525.7,496.8,491,941.2,788.7,996.9,885.6,785.9,1024.7,"High","High","High","High","High","High"
"Ag00001aa003929_T004",TRUE,"Master Protein","Ag00001aa003929_T004",21,7,18,435,NA,1.158,0.394334755313288,0.816838726657473,66.2,76.7,10.91,3.59,289.6,258,218.2,369.5,381.9,277.6,521.8,545.9,441.1,622.5,604.1,579.4,"High","High","High","High","High","High"
"Ag00001aa000067_T001",TRUE,"Master Protein","Ag00001aa000067_T001",36,6,15,216,NA,0.846,0.999908457382747,1,50.7,42.9,9.44,6.22,21.1,18.2,16,19.1,21.8,14.6,38,38.5,32.3,32.2,34.5,30.5,"High","High","High","High","High","High"
"Ag00001aa026945_T001",TRUE,"Master Protein","Ag00001aa026945_T001",23,6,15,223,NA,0.727,0.0242486034578208,0.111667255027167,127.6,92.8,16.56,5.21,207.6,236,190.3,171.4,164.7,134,374,499.3,384.7,288.8,260.5,279.7,"High","High","High","High","High","High"
"Ag00001aa019556_T001",TRUE,"Master Protein","Ag00001aa019556_T001",30,5,11,233,NA,0.929,0.989444679401513,1,143.1,132.9,5.24,11.17,302.2,244.8,284.5,300.3,301.6,282.6,544.5,517.9,575.1,505.9,477.1,589.8,"High","High","High","High","High","High"
"Ag00001aa083183_T001",TRUE,"Master Protein","Ag00001aa083183_T001",17,6,16,474,NA,NA,NA,NA,NA,NA,NA,NA,NA,NA,NA,NA,NA,NA,NA,NA,NA,NA,NA,NA,"High","High","High","High","High","High"
"Ag00001aa098453_T001",TRUE,"Master Protein","Ag00001aa098453_T001",22,8,11,521,NA,1.139,0.744484005500636,1,63.6,72.4,10.26,8.44,163.9,115.6,144.6,206.7,210.5,141.3,295.3,244.6,292.3,348.2,333,294.9,"High","High","High","High","High","High"
"Ag00001aa111778_T001",TRUE,"Master Protein","Ag00001aa111778_T001",28,6,14,363,NA,1.734,0.00103450121009385,0.011463677751649,58.9,102.1,4,11.98,247.4,195.8,207.1,431,441.5,416.4,445.7,414.3,418.6,726.1,698.4,869,"High","High","High","High","High","High"
"Ag00001aa112216_T001",TRUE,"Master Protein","Ag00001aa112216_T001",10,4,12,459,NA,0.664,0.0516692314823378,0.187126348567934,127.6,84.7,8.68,29.48,54,44.5,40.7,37.1,47.2,19.3,97.3,94.1,82.3,62.5,74.7,40.3,"High","High","High","High","High","High"
"Ag00001aa057281_T001",TRUE,"Master Protein","Ag00001aa057281_T001",27,6,16,328,NA,1.106,0.998408744765368,1,48,53.1,13.52,15.74,100.9,69.4,70.9,114.1,102.7,67.3,181.8,146.8,143.3,192.2,162.5,140.5,"High","High","High","High","High","High"
"Ag00001aa153039_T003",TRUE,"Master Protein","Ag00001aa153039_T003",60,8,28,210,NA,1.096,0.998905830658521,1,33.9,37.1,20.69,18.1,5.3,3.1,3.5,6.2,4.9,3.7,9.5,6.6,7.1,10.4,7.8,7.7,"High","High","High","High","High","High"
"Ag00001aa079894_T001",TRUE,"Master Protein","Ag00001aa079894_T001",33,8,18,305,NA,1.218,0.918365114744407,1,94,114.5,10.52,5.59,366,369.6,322,476.8,514.2,351.2,659.4,782,650.9,803.2,813.4,733,"High","High","High","High","High","High"
"Ag00001aa050328_T001",TRUE,"Master Protein","Ag00001aa050328_T001",20,7,24,371,NA,0.597,0.00659291532846473,0.0437253004366403,123.9,74,19.33,2.09,158,191.5,151.6,108.4,119.8,87.7,284.7,405.2,306.4,182.6,189.5,183,"High","High","High","High","High","High"
"Ag00001aa007324_T002",TRUE,"Master Protein","Ag00001aa007324_T002",8,3,30,461,NA,0.624,0.00935767881273308,0.0549248047722989,104.2,65.1,11.63,2.14,672.8,501.3,476.5,405.9,415.3,317.2,1212.2,1060.6,963.2,683.8,657,662,"High","High","High","High","High","High"
"Ag00001aa028025_T001",TRUE,"Master Protein","Ag00001aa028025_T001",53,6,28,152,"Met-loss+Acetyl [N-Term]",1.93,0.00219969711949963,0.0195641718434303,36.4,70.2,12.82,4.99,193.1,167.5,137.9,399.4,424.4,295,347.9,354.4,278.7,672.9,671.4,615.7,"High","High","High","High","High","High"
"Ag00001aa058591_T001",TRUE,"Master Protein","Ag00001aa058591_T001",26,9,22,389,NA,1.037,0.993029702886518,1,105.7,109.6,14.58,4.63,868.6,555.7,651.1,868.7,848.5,654.1,1565,1175.7,1316.1,1463.5,1342.2,1365.1,"High","High","High","High","High","High"
"Ag00001aa131096_T001",TRUE,"Master Protein","Ag00001aa131096_T001",40,9,28,216,NA,0.454,0.151456370988541,0.415433148317936,263.6,119.7,28.16,20.11,73.6,111.3,89.2,48.6,50.5,54,132.6,235.5,180.3,81.9,79.9,112.7,"High","High","High","High","High","High"
"Ag00001aa070632_T002",TRUE,"Master Protein","Ag00001aa070632_T002",29,8,15,398,NA,1.145,0.541414802791432,1,63,72.1,18.46,8.41,328.5,303.4,219.4,402.1,420.8,370.8,591.9,641.9,443.5,677.4,665.7,773.9,"High","High","High","High","High","High"
"Ag00001aa101771_T001",TRUE,"Master Protein","Ag00001aa101771_T001",26,5,11,316,NA,0.778,0.994194337404185,1,58,45.2,8.14,23.9,7.1,7,7.3,9.9,7,5.5,12.8,14.8,14.8,16.7,11.1,11.5,"High","High","High","High","High","High"
"Ag00001aa024317_T002",TRUE,"Master Protein","Ag00001aa024317_T002",17,8,25,330,NA,1.234,0.449873098053263,0.895613059817722,104.9,129.5,14.58,13.89,618.6,392.8,480.6,844.7,757.9,520.2,1114.5,831.1,971.5,1423,1198.9,1085.7,"High","High","High","High","High","High"
"Ag00001aa154996_T001",TRUE,"Master Protein","Ag00001aa154996_T001",36,6,15,216,NA,NA,NA,NA,NA,NA,NA,NA,NA,NA,NA,NA,NA,NA,NA,NA,NA,NA,NA,NA,"Not Found","Not Found","Not Found","Not Found","Not Found","Not Found"
"Ag00001aa069057_T001",TRUE,"Master Protein","Ag00001aa069057_T001",48,6,15,174,NA,3.628,0.00105792208290045,0.0116743660963033,37.3,135.2,3.85,4.47,18.3,14.5,15.4,67,71.4,58.4,33,30.7,31.1,112.9,112.9,121.9,"High","High","High","High","High","High"
"Ag00001aa005766_T001",TRUE,"Master Protein","Ag00001aa005766_T001",35,5,38,202,NA,0.963,0.999123046277514,1,99.1,95.5,13.98,20.22,20.5,13.2,16.9,17.4,20.8,20.6,36.9,27.9,34.2,29.3,32.9,43,"High","High","High","High","High","High"
"Ag00001aa050341_T001",TRUE,"Master Protein","Ag00001aa050341_T001",13,10,13,1029,NA,0.648,0.0260163756970548,0.116630869120745,141.3,91.6,15.61,6.68,319,198.6,243.3,202,188.2,152.7,574.8,420.2,491.8,340.3,297.7,318.7,"High","High","High","High","High","High"
"Ag00001aa076277_T001",TRUE,"Master Protein","Ag00001aa076277_T001",25,6,24,300,NA,1.08,0.947274158577252,1,114.5,123.7,11.23,10.97,686.6,728.8,726.1,940.9,875.1,827,1237.1,1541.9,1467.7,1585.1,1384.3,1726,"High","High","High","High","High","High"
"Ag00001aa064751_T001",TRUE,"Master Protein","Ag00001aa064751_T001",35,7,27,220,NA,NA,NA,NA,NA,NA,NA,NA,NA,NA,NA,NA,NA,NA,NA,NA,NA,NA,NA,NA,"High","High","High","High","High","High"
"Ag00001aa070841_T001",TRUE,"Master Protein","Ag00001aa070841_T001",47,7,42,145,NA,1.19,0.812429723576495,1,20.5,24.4,6.54,39.6,26.2,21.3,20.5,53.1,33.9,20.4,47.2,45.1,41.4,89.5,53.6,42.6,"High","High","High","High","High","High"
"Ag00001aa027097_T001",TRUE,"Master Protein","Ag00001aa027097_T001",41,6,21,152,"Met-loss+Acetyl [N-Term]",1.36,0.0987010051778897,0.302706788396832,124,168.6,5.63,5.19,433.1,330.8,376.8,636.1,654.7,463.3,780.3,699.9,761.7,1071.6,1035.7,966.9,"High","High","High","High","High","High"
"Ag00001aa104329_T001",TRUE,"Master Protein","Ag00001aa104329_T001",45,5,21,141,NA,1.043,0.957152524964224,1,68,70.9,12.08,10.32,131.2,95,126.7,168.4,147.3,118.1,236.4,201,256.1,283.7,233,246.5,"High","High","High","High","High","High"
"Ag00001aa089866_T005",TRUE,"Master Protein","Ag00001aa089866_T005",14,9,14,876,NA,NA,NA,NA,NA,NA,NA,NA,NA,NA,NA,NA,NA,NA,NA,NA,NA,NA,NA,NA,"High","High","High","High","High","High"
"Ag00001aa092812_T001",TRUE,"Master Protein","Ag00001aa092812_T001",33,8,33,256,NA,0.97,0.999984303473669,1,16.6,16.1,5.5,19.62,197.4,151.3,163,237.7,202,130.4,355.7,320.1,329.5,400.4,319.5,272.2,"High","High","High","High","High","High"
"Ag00001aa069315_T001",TRUE,"Master Protein","Ag00001aa069315_T001",24,5,25,281,NA,0.698,0.00168346203652558,0.0161347008856549,127.2,88.7,7.84,3.35,604.9,595.3,553.7,449,493.5,387.5,1089.9,1259.5,1119.2,756.4,780.7,808.7,"High","High","High","High","High","High"
"Ag00001aa089747_T001",TRUE,"Master Protein","Ag00001aa089747_T001",33,4,25,204,"Met-loss+Acetyl [N-Term]",0.97,0.879211220143305,1,104.5,101.3,1.77,6.96,638.9,532.4,577.2,662.7,646.7,563.3,1151.1,1126.4,1166.7,1116.4,1023,1175.6,"High","High","High","High","High","High"
"Ag00001aa111762_T001",TRUE,"Master Protein","Ag00001aa111762_T001",40,9,27,216,NA,0.671,0.0772705325490247,0.252650262529294,186,124.8,19.67,8.46,226.8,274.8,214.6,163.3,184,155.4,408.6,581.4,433.8,275.1,291.1,324.3,"High","High","High","High","High","High"
"Ag00001aa104476_T001",TRUE,"Master Protein","Ag00001aa104476_T001",21,5,10,257,NA,0.943,0.996094010794702,1,90.9,85.7,4.99,3.89,208.3,176.6,169.7,211.8,209.6,168.9,375.3,373.6,343,356.8,331.6,352.5,"High","High","High","High","High","High"
"Ag00001aa096111_T002",TRUE,"Master Protein","Ag00001aa096111_T002",22,6,30,312,NA,1.027,0.999544822644266,1,41.4,42.5,2.14,13.34,44.5,36.7,38.1,57.4,50.4,36.2,80.2,77.6,77,96.7,79.7,75.6,"High","High","High","High","High","High"
"Ag00001aa017961_T001",TRUE,"Master Protein","Ag00001aa017961_T001",21,8,12,478,NA,100,NA,NA,0,13,NA,NA,0,0,0,3.1,0,0,0,0,0,5.2,0,0,"Not Found","Not Found","Not Found","High","Not Found","Not Found"
"Ag00001aa017611_T001",TRUE,"Master Protein","Ag00001aa017611_T001",19,10,18,661,NA,0.96,0.99989292205949,1,128.2,123.1,16.8,1.3,483.7,320.4,469.9,492.7,528.9,407.9,871.5,677.9,949.8,830,836.7,851.3,"High","High","High","High","High","High"
"Ag00001aa093617_T001",TRUE,"Master Protein","Ag00001aa093617_T001",21,12,16,628,NA,1.155,0.468627340250284,0.922852055701071,99.3,114.7,3.21,9.26,347.6,277.7,302.4,419,435.1,390.1,626.3,587.5,611.3,705.9,688.3,814.2,"High","High","High","High","High","High"
"Ag00001aa000662_T001",TRUE,"Master Protein","Ag00001aa000662_T001",28,8,16,326,NA,0.87,0.584889212185998,1,133,115.6,11.58,6.19,122.5,131.5,122.2,127.5,125,107.1,220.7,278.2,247,214.8,197.7,223.5,"High","High","High","High","High","High"
"Ag00001aa079962_T002",TRUE,"Master Protein","Ag00001aa079962_T002",21,2,15,244,NA,0.61,0.721730751533433,1,59.7,36.4,19.85,9.03,68.9,63.1,88.1,43.1,55,39,124.1,133.5,178.1,72.6,87,81.4,"High","High","High","High","High","High"
"Ag00001aa084153_T002",TRUE,"Master Protein","Ag00001aa084153_T002",12,5,11,652,NA,0.802,0.517847623227008,0.982244658203084,124.4,99.8,13.45,10.08,204.7,142.4,194.6,175.5,181.8,165.4,368.8,301.3,393.4,295.7,287.6,345.2,"High","High","High","High","High","High"
"Ag00001aa057695_T001",TRUE,"Master Protein","Ag00001aa057695_T001",21,8,11,545,NA,NA,NA,NA,NA,NA,NA,NA,NA,NA,NA,NA,NA,NA,NA,NA,NA,NA,NA,NA,"High","High","High","High","High","High"
"Ag00001aa054589_T002",TRUE,"Master Protein","Ag00001aa054589_T002",26,5,15,258,NA,0.62,0.305382781258874,0.679800018286538,171,106,10.67,5.64,792.7,621.3,802.2,525.5,602.2,409,1428.2,1314.5,1621.5,885.3,952.6,853.6,"High","High","High","High","High","High"
"Ag00001aa075778_T002",TRUE,"Master Protein","Ag00001aa075778_T002",24,8,12,367,NA,1.069,0.979846236534311,1,74.2,79.3,2.05,5.45,66.6,58.7,61.6,72,84.8,63.6,120,124.2,124.5,121.3,134.1,132.7,"High","High","High","High","High","High"
"Ag00001aa012942_T001",TRUE,"Master Protein","Ag00001aa012942_T001",24,5,10,449,NA,1.052,0.999998864578042,1,95.3,100.2,3.14,12.44,103.9,85.6,95.4,116.9,104.2,101.2,187.2,181.1,192.8,196.9,164.8,211.2,"High","High","High","High","High","High"
"Ag00001aa038237_T001",TRUE,"Master Protein","Ag00001aa038237_T001",23,7,13,539,NA,1.266,0.747123689248952,1,69.7,88.2,14.15,2.48,99.4,68.1,68.8,110.5,112,87.4,179.1,144.1,139.1,186.2,177.2,182.4,"High","High","High","High","High","High"
"Ag00001aa086196_T001",TRUE,"Master Protein","Ag00001aa086196_T001",27,5,15,331,NA,0.999,0.999973908587227,1,75.2,75.1,11.74,6.7,173.8,121.1,127.6,148.2,179.2,123.5,313.1,256.2,257.9,249.7,283.5,257.8,"High","High","High","High","High","High"
"Ag00001aa120819_T002",TRUE,"Master Protein","Ag00001aa120819_T002",29,7,13,362,NA,1.009,0.99260540475065,1,33.3,33.6,9.71,20.49,13.9,13,11.2,15,11.6,13.3,25,27.5,22.6,25.3,18.4,27.8,"High","High","High","High","High","High"
"Ag00001aa083302_T001",TRUE,"Master Protein","Ag00001aa083302_T001",32,7,27,249,NA,1.021,0.999999454577918,1,110.4,112.7,9.46,7.94,92.5,83.9,72.7,101,94.5,83.2,166.7,177.5,147,170.2,149.5,173.6,"High","High","High","High","High","High"
"Ag00001aa041522_T001",TRUE,"Master Protein","Ag00001aa041522_T001",18,8,16,621,NA,0.753,0.175934828489269,0.458515479102363,147.1,110.7,3.25,8.77,1106.1,952.3,937.3,888.2,948.3,832.7,1992.9,2014.8,1894.6,1496.3,1500.1,1737.9,"High","High","High","High","High","High"
"Ag00001aa142770_T001",TRUE,"Master Protein","Ag00001aa142770_T001",23,11,17,598,NA,1.221,0.235510935366902,0.567091489585359,85,103.7,17.01,6.92,270.7,164,222.6,326,377.5,249.7,487.7,347,450,549.2,597.2,521.1,"High","High","High","High","High","High"
"Ag00001aa004163_T002",TRUE,"Master Protein","Ag00001aa004163_T002",6,11,12,2183,NA,1.469,0.063807383776571,0.218165742445219,60.6,89.1,21.44,16.42,161.9,89,120.8,255.2,226.8,148.7,291.7,188.3,244.2,429.9,358.8,310.3,"High","High","High","High","High","High"
"Ag00001aa133433_T002",TRUE,"Master Protein","Ag00001aa133433_T002",22,7,22,399,NA,NA,NA,NA,NA,NA,NA,NA,NA,NA,NA,NA,NA,NA,NA,NA,NA,NA,NA,NA,"High","High","High","High","High","High"
"Ag00001aa096211_T001",TRUE,"Master Protein","Ag00001aa096211_T001",26,8,15,497,NA,0.996,0.999734646543235,1,72,71.8,9.03,4.7,89.8,72.4,90.2,95.7,106.1,73.2,161.8,153.2,182.3,161.2,167.8,152.8,"High","High","High","High","High","High"
"Ag00001aa007662_T001",TRUE,"Master Protein","Ag00001aa007662_T001",16,4,9,348,NA,1.484,0.796464484140569,1,53,78.7,3.63,9.25,31.1,24.7,27.3,48.6,53.2,33.8,56,52.3,55.2,81.9,84.2,70.5,"High","High","High","High","High","High"
"Ag00001aa003682_T001",TRUE,"Master Protein","Ag00001aa003682_T001",26,7,11,342,NA,1.841,0.0117032734129862,0.0651469465371177,31.6,58.1,34.14,10.28,3,3,5,8.2,7.3,5.6,5.4,6.3,10.1,13.8,11.5,11.7,"High","High","High","High","High","High"
"Ag00001aa033312_T001",TRUE,"Master Protein","Ag00001aa033312_T001",54,8,14,206,NA,0.583,3.03207493812518e-05,0.00103542318374143,168.1,98,10.18,8.54,319.5,321.2,281.6,199.3,202.1,180.5,575.7,679.6,569.2,335.8,319.7,376.7,"High","High","High","High","High","High"
"Ag00001aa094852_T001",TRUE,"Master Protein","Ag00001aa094852_T001",14,13,19,1125,NA,0.736,0.255592961894765,0.598870917106421,117.7,86.6,9.27,9.18,224.9,163.1,202.3,177,184.6,165,405.2,345.1,408.9,298.2,292,344.4,"High","High","High","High","High","High"
"Ag00001aa028790_T001",TRUE,"Master Protein","Ag00001aa028790_T001",15,5,22,452,NA,0.689,0.0203750669187431,0.0981513792316671,155,106.8,13.38,15.02,259.8,201.6,273.7,186.6,203.9,195.9,468.1,426.5,553.3,314.4,322.6,408.9,"High","High","High","High","High","High"
"Ag00001aa006183_T002",TRUE,"Master Protein","Ag00001aa006183_T002",55,5,28,137,NA,1.12,0.430568965923392,0.867910517695558,80.9,90.6,2.57,11.16,369.5,312.4,313.9,478.5,468,308.6,665.7,661,634.5,806.1,740.3,644.1,"High","High","High","High","High","High"
"Ag00001aa089624_T001",TRUE,"Master Protein","Ag00001aa089624_T001",9,9,14,1219,NA,1.172,0.571594011333091,1,114.1,133.8,21.87,9.92,430.4,235.1,346.7,504.4,519.3,336.3,775.5,497.4,700.8,849.7,821.5,701.9,"High","High","High","High","High","High"
"Ag00001aa153239_T001",TRUE,"Master Protein","Ag00001aa153239_T001",26,8,16,517,NA,NA,NA,NA,NA,NA,NA,NA,NA,NA,NA,NA,NA,NA,NA,NA,NA,NA,NA,NA,"High","High","High","High","High","High"
"Ag00001aa075505_T001",TRUE,"Master Protein","Ag00001aa075505_T001",13,7,15,640,NA,NA,NA,NA,NA,NA,NA,NA,NA,NA,NA,NA,NA,NA,NA,NA,NA,NA,NA,NA,"High","Not Found","High","High","High","High"
"Ag00001aa001409_T002",TRUE,"Master Protein","Ag00001aa001409_T002",29,6,13,334,NA,0.914,0.692959201398249,1,91.4,83.6,14.31,8.03,245.4,240,188.4,215.9,269.8,193.7,442.1,507.8,380.8,363.7,426.8,404.3,"High","High","High","High","High","High"
"Ag00001aa021295_T001",TRUE,"Master Protein","Ag00001aa021295_T001",37,6,14,224,NA,1.268,0.794647420613983,1,39.1,49.6,13.56,11.31,21.2,18.9,24.2,31.5,26.9,24.3,38.2,40,48.9,53.1,42.6,50.7,"High","High","High","High","High","High"
"Ag00001aa068005_T001",TRUE,"Master Protein","Ag00001aa068005_T001",31,5,14,213,NA,0.928,0.999870897132784,1,44,40.8,5.07,23.23,20.1,16.9,19.4,26.4,17.9,16.1,36.2,35.8,39.2,44.5,28.3,33.6,"High","High","High","High","High","High"
"Ag00001aa128662_T001",TRUE,"Master Protein","Ag00001aa128662_T001",21,6,11,463,NA,1.015,0.999602062875488,1,68.2,69.2,8.66,8.3,176.1,134.7,132.5,171.7,162.7,145.3,317.3,285,267.8,289.3,257.4,303.2,"High","High","High","High","High","High"
"Ag00001aa136700_T001",TRUE,"Master Protein","Ag00001aa136700_T001",28,5,14,333,NA,NA,NA,NA,NA,NA,NA,NA,NA,NA,NA,NA,NA,NA,NA,NA,NA,NA,NA,NA,"High","High","High","High","High","High"
"Ag00001aa079300_T001",TRUE,"Master Protein","Ag00001aa079300_T001",16,9,14,796,NA,1.052,0.998618525605208,1,101.3,106.7,9.44,9.31,267.2,188.3,217.5,289.2,292.5,194.2,481.4,398.4,439.6,487.2,462.7,405.3,"High","High","High","High","High","High"
"Ag00001aa123995_T001",TRUE,"Master Protein","Ag00001aa123995_T001",42,6,18,212,NA,1.47,0.516905567403711,0.982244658203084,30.1,44.3,9.08,4.37,115.6,84.3,88.5,152.4,166.2,133.8,208.3,178.4,178.9,256.7,262.9,279.2,"High","High","High","High","High","High"
"Ag00001aa153269_T002",TRUE,"Master Protein","Ag00001aa153269_T002",47,5,11,176,NA,1.916,0.40745953883881,0.833093632506594,7,13.3,0.34,74.99,0,2.4,2.5,10.4,3.4,0,0,5.1,5.1,17.5,5.4,0,"Not Found","High","High","High","High","Not Found"
"Ag00001aa038737_T001",TRUE,"Master Protein","Ag00001aa038737_T001",18,7,12,544,NA,0.924,0.999999973904921,1,114,105.4,31.24,8.08,145.6,163.7,89.9,164.2,153.3,115,262.3,346.3,181.7,276.6,242.5,240,"High","High","High","High","High","High"
"Ag00001aa113585_T001",TRUE,"Master Protein","Ag00001aa113585_T001",13,12,17,1172,NA,1.098,0.736069852355346,1,103.4,113.5,16.42,10.05,309.1,200.3,288.7,368.3,386.5,246.7,556.9,423.8,583.6,620.5,611.4,514.9,"High","High","High","High","High","High"
"Ag00001aa089777_T001",TRUE,"Master Protein","Ag00001aa089777_T001",18,5,12,347,NA,1.127,0.546640233959479,1,132.2,149,10.09,7.96,567.7,453.7,413.8,642.1,640.6,568.4,1022.8,959.9,836.4,1081.7,1013.4,1186.3,"High","High","High","High","High","High"
"Ag00001aa022599_T001",TRUE,"Master Protein","Ag00001aa022599_T001",26,8,21,351,NA,2.234,0.19011603793267,0.483526022211174,16.4,36.7,5.57,35.47,64.7,60.7,63.7,160.4,181.4,236.3,116.6,128.4,128.8,270.2,287,493.2,"High","High","High","High","High","High"
"Ag00001aa047478_T001",TRUE,"Master Protein","Ag00001aa047478_T001",29,4,16,118,NA,1.284,0.927859793236664,1,64.7,83.1,26.33,4.09,166.4,212.4,141.2,228.5,233.9,192.4,299.8,449.4,285.4,384.9,370,401.5,"High","High","High","High","High","High"
"Ag00001aa129378_T001",TRUE,"Master Protein","Ag00001aa129378_T001",39,8,13,274,NA,1.163,0.792037378675613,1,38.7,45,10.79,16.41,124.6,86,97,164.3,144.2,96.1,224.5,182,196.1,276.8,228.1,200.6,"High","High","High","High","High","High"
"Ag00001aa066149_T001",TRUE,"Master Protein","Ag00001aa066149_T001",67,6,12,110,NA,0.468,0.00165060524710869,0.0159189376629841,159.6,74.7,18.02,7.08,162.9,178.3,209.3,102.6,124.4,84.6,293.5,377.2,423.1,172.8,196.8,176.6,"High","High","High","High","High","High"
"Ag00001aa044642_T003",TRUE,"Master Protein","Ag00001aa044642_T003",20,7,18,527,NA,0.96,0.981873831180665,1,86.8,83.4,1.55,6.27,97.8,85.2,89.8,95.5,115.3,82.9,176.2,180.3,181.5,160.9,182.4,173,"High","High","High","High","High","High"
"Ag00001aa123093_T001",TRUE,"Master Protein","Ag00001aa123093_T001",20,9,14,558,NA,0.801,0.358455477628264,0.763620052260908,126.2,101.2,2.39,4.62,448.5,367.1,383.1,343,393.4,301.9,808.1,776.7,774.4,577.8,622.3,630.1,"High","High","High","High","High","High"
"Ag00001aa104392_T001",TRUE,"Master Protein","Ag00001aa104392_T001",19,8,13,562,NA,NA,NA,NA,NA,NA,NA,NA,NA,NA,NA,NA,NA,NA,NA,NA,NA,NA,NA,NA,"High","High","High","High","High","High"
"Ag00001aa022502_T002",TRUE,"Master Protein","Ag00001aa022502_T002",33,4,10,177,NA,NA,NA,NA,NA,NA,NA,NA,NA,NA,NA,NA,NA,NA,NA,NA,NA,NA,NA,NA,"Not Found","Not Found","Not Found","Not Found","Not Found","Not Found"
"Ag00001aa073725_T001",TRUE,"Master Protein","Ag00001aa073725_T001",51,4,21,121,NA,0.69,0.000209338859324726,0.00385610591256891,138,95.2,8.54,8.16,469.1,464.4,423.5,350.4,360.2,318.2,845.2,982.5,856.1,590.3,569.8,664.1,"High","High","High","High","High","High"
"Ag00001aa031546_T001",TRUE,"Master Protein","Ag00001aa031546_T001",26,7,12,349,NA,0.46,2.57143773338964e-05,0.000913454393637487,194.2,89.3,8.79,7.35,642,569.8,675.5,315.7,350.5,293.5,1156.7,1205.5,1365.4,531.8,554.5,612.5,"High","High","High","High","High","High"
"Ag00001aa071942_T001",TRUE,"Master Protein","Ag00001aa071942_T001",27,10,13,478,NA,1.377,0.221517714832241,0.541548333409365,77.3,106.4,4.77,5.88,131,102.3,108.3,178.9,180.2,153.6,236,216.4,218.9,301.4,285.1,320.6,"High","High","High","High","High","High"
"Ag00001aa068351_T001",TRUE,"Master Protein","Ag00001aa068351_T001",17,6,16,582,NA,0.736,0.317063064505678,0.698928623467801,164.7,121.3,16.08,8.76,76.6,48.8,68.8,58.2,73,48.7,138,103.2,139.1,98,115.5,101.6,"High","High","High","High","High","High"
"Ag00001aa045897_T001",TRUE,"Master Protein","Ag00001aa045897_T001",22,7,12,394,NA,1.358,0.393545230971134,0.816480470487244,18.3,24.9,8.9,11.67,41.8,31.6,31.4,56.7,57.4,36.4,75.3,66.9,63.5,95.5,90.8,76,"High","High","High","High","High","High"
"Ag00001aa029231_T001",TRUE,"Master Protein","Ag00001aa029231_T001",32,3,14,149,"Met-loss [N-Term]",0.721,0.0014073313201951,0.0143232917797483,115.3,83.2,4.41,5.6,280.1,260.5,260.4,225.3,223.4,189.3,504.7,551.1,526.4,379.6,353.4,395.1,"High","High","High","High","High","High"
"Ag00001aa065369_T001",TRUE,"Master Protein","Ag00001aa065369_T001",8,10,13,1319,NA,1.258,0.011842720593502,0.0657236526348577,119.4,150.2,16.46,1.81,507,324.9,466,682.3,747.7,548.2,913.5,687.4,942,1149.4,1182.8,1144.1,"High","High","High","High","High","High"
"Ag00001aa018649_T001",TRUE,"Master Protein","Ag00001aa018649_T001",26,10,27,371,NA,7.037,2.36392198971203e-06,0.000465527470126367,48.4,340.3,17.8,14.84,39.2,26.2,25,261.9,246.6,156.6,70.6,55.4,50.5,441.2,390.1,326.8,"High","High","High","High","High","High"
"Ag00001aa001280_T001",TRUE,"Master Protein","Ag00001aa001280_T001",40,7,24,223,NA,1.08,0.660572258602442,1,103.7,112,13.57,1.15,56.2,52.2,41.6,64.3,69.1,53.1,101.3,110.4,84.1,108.3,109.3,110.8,"High","High","High","High","High","High"
"Ag00001aa009709_T001",TRUE,"Master Protein","Ag00001aa009709_T001",40,7,12,233,NA,NA,NA,NA,NA,NA,NA,NA,NA,NA,NA,NA,NA,NA,NA,NA,NA,NA,NA,NA,"High","Not Found","Not Found","High","High","High"
"Ag00001aa143704_T001",TRUE,"Master Protein","Ag00001aa143704_T001",16,6,12,662,NA,0.856,0.340194573081715,0.736287607077521,151.9,130,5.07,28.96,52.8,40.7,44.2,45.4,52.2,21.9,95.1,86.1,89.3,76.5,82.6,45.7,"High","High","High","High","High","High"
"Ag00001aa096657_T002",TRUE,"Master Protein","Ag00001aa096657_T002",18,8,13,510,NA,0.591,0.937600333631799,1,15.7,9.3,29.59,72.69,4.9,2.9,5.6,8.4,2.4,2.5,8.8,6.1,11.3,14.2,3.8,5.2,"High","High","High","High","High","High"
"Ag00001aa009659_T001",TRUE,"Master Protein","Ag00001aa009659_T001",21,9,14,659,NA,0.815,0.945367693355409,1,97,79.1,13.28,6.57,254.4,169.9,225.5,210.4,234.9,193.2,458.4,359.5,455.8,354.5,371.6,403.2,"High","High","High","High","High","High"
"Ag00001aa046618_T001",TRUE,"Master Protein","Ag00001aa046618_T001",47,8,15,204,NA,NA,NA,NA,NA,NA,NA,NA,NA,NA,NA,NA,NA,NA,NA,NA,NA,NA,NA,NA,"High","High","High","High","High","High"
"Ag00001aa024279_T001",TRUE,"Master Protein","Ag00001aa024279_T001",25,9,24,590,NA,NA,NA,NA,NA,NA,NA,NA,NA,NA,NA,NA,NA,NA,NA,NA,NA,NA,NA,NA,"High","High","High","High","High","High"
"Ag00001aa109972_T001",TRUE,"Master Protein","Ag00001aa109972_T001",61,5,16,109,NA,0.648,0.190903266319559,0.48495899562965,129.6,84,8.54,3.16,826,819.7,856.1,672.3,674.7,537.5,1488.2,1734.3,1730.5,1132.6,1067.3,1121.8,"High","High","High","High","High","High"
"Ag00001aa090091_T001",TRUE,"Master Protein","Ag00001aa090091_T001",35,5,28,182,NA,1.142,0.474033481649893,0.930193633704359,115.8,132.2,6.99,2.26,860.7,637.5,729.1,998.7,1025.3,810.1,1550.7,1348.8,1473.8,1682.5,1621.9,1690.7,"High","High","High","High","High","High"
"Ag00001aa031593_T001",TRUE,"Master Protein","Ag00001aa031593_T001",18,5,9,457,NA,0.794,0.547963079492717,1,39.9,31.6,6.35,4.94,23.9,22.8,23.8,22.8,22.2,18.3,43.1,48.2,48.1,38.4,35.1,38.2,"High","High","High","High","High","High"
"Ag00001aa088667_T001",TRUE,"Master Protein","Ag00001aa088667_T001",28,7,28,314,NA,NA,NA,NA,NA,NA,NA,NA,NA,NA,NA,NA,NA,NA,NA,NA,NA,NA,NA,NA,"High","High","High","High","High","High"
"Ag00001aa039531_T001",TRUE,"Master Protein","Ag00001aa039531_T001",43,8,19,221,NA,1.633,0.191343434514695,0.485750074270704,15.5,25.4,26.53,58.54,5.6,5.9,8.4,12.1,9.6,21.3,10.1,12.5,17,20.4,15.2,44.5,"High","High","High","High","High","High"
"Ag00001aa012688_T001",TRUE,"Master Protein","Ag00001aa012688_T001",41,8,13,237,NA,1.19,0.790996600847502,1,106.9,127.2,8.95,1.92,295.1,247.7,303.7,370.4,399.8,310.5,531.7,524.1,613.9,624,632.4,648,"High","High","High","High","High","High"
"Ag00001aa125991_T001",TRUE,"Master Protein","Ag00001aa125991_T001",15,8,11,762,NA,0.471,0.00243154649651922,0.0210692425037708,170.5,80.3,14.31,2.9,352.7,266.3,369.9,178.1,189.2,136.5,635.5,563.4,747.7,300,299.3,284.9,"High","High","High","High","High","High"
"Ag00001aa054355_T001",TRUE,"Master Protein","Ag00001aa054355_T001",14,8,15,770,NA,0.704,0.896223556469145,1,168.9,119,39.25,18.58,495.8,575.6,261.1,455.4,397.7,253.8,893.3,1217.8,527.8,767.2,629.1,529.7,"High","High","High","High","High","High"
"Ag00001aa151968_T001",TRUE,"Master Protein","Ag00001aa151968_T001",24,6,17,370,NA,0.858,0.856383265002977,1,143.6,123.2,19.79,9.09,326.5,216.1,338.7,299.5,324.1,207.4,588.3,457.2,684.6,504.6,512.7,432.9,"High","High","High","High","High","High"
"Ag00001aa118857_T001",TRUE,"Master Protein","Ag00001aa118857_T001",45,7,22,223,NA,1.401,0.505184077175123,0.969286606020446,57.7,80.9,19.42,12.3,70.4,44,45,85.3,70.9,62.5,126.8,93.1,91,143.7,112.2,130.4,"High","High","High","High","High","High"
"Ag00001aa042890_T001",TRUE,"Master Protein","Ag00001aa042890_T001",18,6,10,595,NA,1.423,0.0780323868824987,0.254547690397049,58,82.5,10.75,11.73,173.6,120.2,134.3,229.3,235.9,221.2,312.8,254.3,271.5,386.3,373.2,461.7,"High","High","High","High","High","High"
"Ag00001aa110095_T001",TRUE,"Master Protein","Ag00001aa110095_T001",47,8,22,159,NA,0.649,0.000418417991760789,0.00624118351164591,158.9,103.2,9.75,7.19,771.3,794.6,736.6,573.8,562.8,492.7,1389.7,1681.2,1488.9,966.7,890.3,1028.3,"High","High","High","High","High","High"
"Ag00001aa112210_T001",TRUE,"Master Protein","Ag00001aa112210_T001",37,4,29,131,NA,NA,NA,NA,NA,NA,NA,NA,NA,NA,NA,NA,NA,NA,NA,NA,NA,NA,NA,NA,"High","High","High","High","High","High"
"Ag00001aa010555_T001",TRUE,"Master Protein","Ag00001aa010555_T001",25,10,13,552,NA,0.906,0.556010424653685,1,100.9,91.4,8.17,3.03,358.4,259.9,306.1,322.2,364.6,268.5,645.7,549.9,618.7,542.8,576.8,560.4,"High","High","High","High","High","High"
"Ag00001aa104792_T004",TRUE,"Master Protein","Ag00001aa104792_T004",30,7,13,343,NA,0.766,0.37680054074818,0.789158921823532,78.3,60,15.88,10.43,201.1,165.1,132,186,169.2,124.1,362.3,349.3,266.8,313.3,267.7,259,"High","High","High","High","High","High"
"Ag00001aa019610_T001",TRUE,"Master Protein","Ag00001aa019610_T001",18,9,15,579,NA,0.839,0.865319848475232,1,43.2,36.2,14.25,8.28,4.5,3.3,4.6,4.6,4.3,3.2,8.1,7,9.3,7.7,6.8,6.7,"High","High","High","High","High","High"
"Ag00001aa028596_T001",TRUE,"Master Protein","Ag00001aa028596_T001",34,10,12,499,NA,0.949,0.940942286699214,1,96.3,91.4,4.48,3.85,95.8,78.1,89.4,93.2,107.2,78.5,172.6,165.2,180.7,157,169.6,163.8,"High","High","High","High","High","High"
"Ag00001aa044449_T001",TRUE,"Master Protein","Ag00001aa044449_T001",45,6,28,166,NA,0.828,0.707340858925634,1,145.5,120.5,2.45,5.84,1498.4,1303.3,1402.4,1451.6,1377.1,1094.3,2699.7,2757.4,2834.8,2445.5,2178.4,2283.9,"High","High","High","High","High","High"
"Ag00001aa015617_T001",TRUE,"Master Protein","Ag00001aa015617_T001",47,8,15,204,NA,0.87,0.774524631599878,1,127.5,111,3.86,5.39,546.3,502.6,506.5,526.4,616.1,427,984.3,1063.4,1023.8,886.8,974.6,891.2,"High","Not Found","Not Found","High","Not Found","Not Found"
"Ag00001aa030713_T001",TRUE,"Master Protein","Ag00001aa030713_T001",50,4,10,114,NA,1.67,0.398421113756634,0.819823898907546,57.7,96.4,21.61,5.32,121.3,72.1,76,166.7,162.1,122.9,218.5,152.5,153.6,280.8,256.4,256.5,"High","High","High","High","High","High"
"Ag00001aa007574_T001",TRUE,"Master Protein","Ag00001aa007574_T001",28,6,27,263,NA,2.879,0.00136605045326943,0.0139927712093383,42.7,123.1,15.93,2.91,279.1,187.5,186.4,705.5,722.1,538.3,502.9,396.7,376.8,1188.5,1142.3,1123.5,"High","High","High","High","High","High"
"Ag00001aa048970_T001",TRUE,"Master Protein","Ag00001aa048970_T001",31,7,14,309,NA,1.047,0.993354304355178,1,79.8,83.5,10.27,5.16,124.5,125,109.2,140,148.5,103,224.3,264.5,220.7,235.9,234.9,215,"High","High","High","High","High","High"
"Ag00001aa071439_T002",TRUE,"Master Protein","Ag00001aa071439_T002",17,5,11,411,NA,NA,NA,NA,NA,NA,NA,NA,NA,NA,NA,NA,NA,NA,NA,NA,NA,NA,NA,NA,"High","High","High","High","High","High"
"Ag00001aa022458_T001",TRUE,"Master Protein","Ag00001aa022458_T001",54,6,28,160,"Met-loss+Acetyl [N-Term]",1.036,0.999962683335751,1,38.6,40,12.02,5.32,59.7,45.4,60.4,65.3,76.6,53.4,107.6,96.1,122.1,110,121.2,111.4,"High","High","High","High","High","High"
"Ag00001aa003845_T001",TRUE,"Master Protein","Ag00001aa003845_T001",28,7,11,456,"Met-loss [N-Term]",1.231,0.0255610483272659,0.115327114883345,43.6,53.6,5,8.1,59.2,46.9,48,72.5,73.9,65.4,106.7,99.2,97,122.1,116.9,136.5,"High","High","High","High","High","High"
"Ag00001aa081539_T003",TRUE,"Master Protein","Ag00001aa081539_T003",15,7,10,751,NA,1.758,0.00644309127906995,0.0427911740674035,88.7,156,8.93,9.78,16.7,16.5,17.6,31.3,40.3,29.4,30.1,34.9,35.6,52.7,63.8,61.4,"High","High","High","High","High","High"
"Ag00001aa009234_T002",TRUE,"Master Protein","Ag00001aa009234_T002",19,8,11,545,NA,1.23,0.107566133997808,0.322063355102594,87.7,107.9,4.2,3.31,298.6,240.8,273.9,394,395.4,317.1,538,509.5,553.7,663.8,625.5,661.8,"High","High","High","High","High","High"
"Ag00001aa075695_T001",TRUE,"Master Protein","Ag00001aa075695_T001",47,5,13,176,NA,0.65,0.00179281247840035,0.0168151375453439,142.2,92.4,8.73,5.31,353.5,317.1,372.8,279.5,275.5,204.1,636.9,670.9,753.6,470.9,435.8,426,"High","High","High","High","High","High"
"Ag00001aa009930_T001",TRUE,"Master Protein","Ag00001aa009930_T001",20,8,26,475,NA,0.755,0.169371116829212,0.445206213138631,154.2,116.4,8.47,3.29,724.1,728.4,729.4,660.4,669.1,540.1,1304.6,1541.1,1474.4,1112.6,1058.5,1127.2,"High","High","High","High","High","High"
"Ag00001aa029877_T001",TRUE,"Master Protein","Ag00001aa029877_T001",14,8,17,750,NA,0.632,0.0553907433104944,0.197737570398225,127.6,80.6,16.39,11.77,573.1,599.1,456.6,445.9,376.9,312.6,1032.6,1267.5,923,751.2,596.2,652.4,"High","High","High","High","High","High"
"Ag00001aa098816_T001",TRUE,"Master Protein","Ag00001aa098816_T001",63,5,19,115,NA,0.827,0.0363957117766097,0.147472744545989,105.2,87,15.49,2.38,571.9,583.2,450,505.6,523,415.6,1030.4,1233.9,909.6,851.8,827.3,867.4,"High","High","High","High","High","High"
"Ag00001aa088335_T002",TRUE,"Master Protein","Ag00001aa088335_T002",26,10,14,470,NA,1.12,0.906024779408432,1,147.2,164.8,22.57,18.31,26.3,20.1,14.8,24.6,30.1,28.4,47.4,42.5,29.9,41.4,47.6,59.3,"High","High","High","High","High","High"
"Ag00001aa083455_T002",TRUE,"Master Protein","Ag00001aa083455_T002",42,6,12,251,NA,1.119,0.995617094682494,1,95.7,107.1,15.3,2.26,153.8,167.9,135.3,184.1,194.3,153.7,277.1,355.2,273.5,310.1,307.4,320.8,"High","High","High","High","High","High"
"Ag00001aa095493_T001",TRUE,"Master Protein","Ag00001aa095493_T001",19,5,15,299,NA,NA,NA,NA,NA,NA,NA,NA,NA,NA,NA,NA,NA,NA,NA,NA,NA,NA,NA,NA,"High","High","High","High","High","High"
"Ag00001aa113221_T001",TRUE,"Master Protein","Ag00001aa113221_T001",9,10,13,1377,NA,1.059,0.820477558603156,1,105.1,111.3,13.24,18.17,124.4,82.4,108,137.2,172.1,90.3,224.1,174.3,218.3,231.1,272.2,188.5,"High","High","High","High","High","High"
"Ag00001aa018369_T001",TRUE,"Master Protein","Ag00001aa018369_T001",28,6,15,338,NA,NA,NA,NA,NA,NA,NA,NA,NA,NA,NA,NA,NA,NA,NA,NA,NA,NA,NA,NA,"High","High","High","High","High","High"
"Ag00001aa150145_T001",TRUE,"Master Protein","Ag00001aa150145_T001",52,5,24,135,NA,0.677,0.021588774295996,0.1023041797454,149.5,101.3,11.46,5.73,977.9,1006.4,865.8,648.2,754.4,583.7,1761.9,2129.3,1750.1,1092,1193.4,1218.2,"High","High","High","High","High","High"
"Ag00001aa044993_T001",TRUE,"Master Protein","Ag00001aa044993_T001",24,7,11,352,NA,0.954,0.999999996681072,1,45.4,43.3,6.9,5.47,51.5,39.3,46.9,55.9,53.4,42.4,92.8,83.1,94.8,94.2,84.5,88.5,"High","High","High","High","High","High"
"Ag00001aa047796_T003",TRUE,"Master Protein","Ag00001aa047796_T003",17,8,13,727,NA,1.083,0.999913701974362,1,29.1,31.6,16.59,18.01,128.6,83.8,86.3,143.8,121.4,82.2,231.7,177.3,174.4,242.3,192,171.6,"High","High","High","High","High","High"
"Ag00001aa002468_T003",TRUE,"Master Protein","Ag00001aa002468_T003",12,6,12,778,NA,2.608,0.0291761801409417,0.125372891624209,77.6,202.2,6.37,3.6,19.9,16.3,19.3,54,59.1,46.8,35.9,34.5,39,91,93.5,97.7,"High","High","High","High","High","High"
"Ag00001aa008780_T001",TRUE,"Master Protein","Ag00001aa008780_T001",17,11,14,840,NA,0.765,0.238406434371797,0.571983469520498,113,86.4,11,0.34,282,194.7,244.2,225,238.6,180.4,508.1,411.9,493.6,379.1,377.4,376.5,"High","High","High","High","High","High"
"Ag00001aa064668_T001",TRUE,"Master Protein","Ag00001aa064668_T001",33,4,29,135,NA,0.834,0.700771396549334,1,125.7,104.8,16.39,8.41,495.6,587.9,532.6,553.7,567.3,379.3,892.9,1243.8,1076.6,932.8,897.4,791.6,"High","High","High","High","High","High"
"Ag00001aa042858_T001",TRUE,"Master Protein","Ag00001aa042858_T001",24,2,11,265,NA,1.033,0.999999967824401,1,39.8,41.1,6.04,11.39,52.2,40.3,41.8,57.4,48.6,42.2,94.1,85.3,84.5,96.7,76.9,88.1,"High","High","High","High","High","High"
"Ag00001aa079196_T001",TRUE,"Master Protein","Ag00001aa079196_T001",29,7,21,312,NA,0.836,0.189833026949352,0.482857755881416,121.6,101.6,15.06,10.47,89,85,65.6,84.7,84.7,55.5,160.4,179.8,132.6,142.7,134,115.8,"High","High","High","High","High","High"
"Ag00001aa019181_T001",TRUE,"Master Protein","Ag00001aa019181_T001",40,7,11,234,NA,0.955,0.999999971649999,1,102.5,97.9,7.11,10.6,200.2,174.2,159.3,187.1,217.8,186.3,360.7,368.6,322,315.2,344.5,388.8,"Not Found","Not Found","Not Found","Not Found","Not Found","Not Found"
"Ag00001aa026634_T002",TRUE,"Master Protein","Ag00001aa026634_T002",33,9,18,264,NA,1.167,0.685768887873953,1,126.2,147.3,11.21,10.34,890.3,625.7,807.2,1183.9,1183.2,777.7,1604.1,1323.8,1631.7,1994.5,1871.7,1623.1,"High","High","High","High","High","High"
"Ag00001aa108583_T002",TRUE,"Master Protein","Ag00001aa108583_T002",18,6,19,522,NA,3.276,0.00768842810304848,0.0484562063099587,66.4,217.4,9.59,12.05,285.2,221.7,209.7,824.8,971.4,844.9,513.9,469.1,423.9,1389.5,1536.7,1763.3,"High","High","High","High","High","High"
"Ag00001aa143464_T001",TRUE,"Master Protein","Ag00001aa143464_T001",17,4,43,265,NA,0.486,0.0912438960447755,0.285119232580397,194.4,94.6,19.2,23.68,3707.6,2237.1,3374.5,2791.7,1980,1556.9,6680.1,4733.1,6821.1,4703.1,3132.2,3249.3,"High","High","High","High","High","High"
"Ag00001aa008427_T002",TRUE,"Master Protein","Ag00001aa008427_T002",20,5,14,376,NA,0.782,0.351932605098174,0.753427840409563,124.2,97.1,11.77,2.97,276.2,189.1,242.8,227.8,231.4,185.4,497.6,400.1,490.8,383.8,366.1,386.9,"High","High","High","High","High","High"
"Ag00001aa054501_T001",TRUE,"Master Protein","Ag00001aa054501_T001",28,7,13,348,NA,0.727,0.325961553671447,0.712146101509059,137.3,99.8,16.28,5.84,891.7,1012.1,822.9,717.4,834.2,567.3,1606.6,2141.3,1663.4,1208.6,1319.6,1184,"High","High","High","High","High","High"
"Ag00001aa092718_T001",TRUE,"Master Protein","Ag00001aa092718_T001",23,12,15,580,NA,NA,NA,NA,NA,NA,NA,NA,NA,NA,NA,NA,NA,NA,NA,NA,NA,NA,NA,NA,"High","High","High","High","High","High"
"Ag00001aa071816_T001",TRUE,"Master Protein","Ag00001aa071816_T001",18,3,17,198,NA,1.005,0.998998678513032,1,137.3,138.1,20.32,15.25,107.6,75.7,118.9,94.2,136.5,93.4,193.9,160.2,240.3,158.7,215.9,194.9,"High","High","High","High","High","High"
"Ag00001aa019786_T001",TRUE,"Master Protein","Ag00001aa019786_T001",47,8,10,238,NA,1.25,0.295322837499994,0.661963057612363,85.2,106.5,4.2,4.66,225.4,207.9,204.9,307.3,306.4,254.4,406.1,439.9,414.2,517.7,484.7,530.9,"High","High","High","High","High","High"
"Ag00001aa009663_T003",TRUE,"Master Protein","Ag00001aa009663_T003",15,6,10,853,NA,0.795,0.784169345697151,1,114.7,91.2,17.28,8.98,217.1,204.7,151.1,184.6,173,156.6,391.2,433.1,305.4,311,273.7,326.8,"High","High","High","High","High","High"
"Ag00001aa083660_T002",TRUE,"Master Protein","Ag00001aa083660_T002",17,7,11,599,NA,0.998,0.999999995170075,1,104.4,104.1,14.38,8.66,83.5,64.1,88.8,89.1,106.8,68.6,150.4,135.6,179.5,150.1,168.9,143.2,"High","High","High","High","High","High"
"Ag00001aa111680_T001",TRUE,"Master Protein","Ag00001aa111680_T001",21,6,15,403,NA,1.807,0.162928829886639,0.433958049434892,80.5,145.4,31.03,4.3,19.7,8.8,13.6,28.9,33.4,23.8,35.5,18.6,27.5,48.7,52.8,49.7,"High","High","High","High","High","High"
"Ag00001aa154308_T001",TRUE,"Master Protein","Ag00001aa154308_T001",18,4,10,316,NA,0.938,0.982089091881968,1,38.4,36,14.1,23.45,19.1,13.8,19.2,21.4,20.4,10.7,34.4,29.2,38.8,36.1,32.3,22.3,"High","High","High","High","High","High"
"Ag00001aa020030_T001",TRUE,"Master Protein","Ag00001aa020030_T001",21,9,10,541,NA,0.835,0.829989204570446,1,131.3,109.6,21.3,2.9,317.1,194.3,313.4,283.2,288.9,231.5,571.3,411.1,633.5,477.1,457,483.2,"High","High","High","High","High","High"
"Ag00001aa003757_T001",TRUE,"Master Protein","Ag00001aa003757_T001",28,10,15,478,NA,0.823,0.562801398632434,1,95.6,78.7,27.28,7.65,112,55.1,75.3,74.4,86.7,56.5,201.8,116.6,152.2,125.3,137.2,117.9,"High","High","High","High","High","High"
"Ag00001aa018539_T001",TRUE,"Master Protein","Ag00001aa018539_T001",58,8,12,200,NA,0.505,2.3576723471308e-06,0.000465527470126367,173.8,87.8,15.84,2.88,402.2,472.1,436.6,255,281.8,217.9,724.7,998.8,882.5,429.6,445.8,454.8,"High","High","High","High","High","High"
"Ag00001aa015663_T001",TRUE,"Master Protein","Ag00001aa015663_T001",22,3,10,228,NA,0.918,0.988951869089224,1,35.1,32.2,8.33,19.32,67.2,62.7,70.8,88,77,48.2,121.1,132.7,143.1,148.3,121.8,100.6,"High","High","High","High","High","High"
"Ag00001aa081615_T001",TRUE,"Master Protein","Ag00001aa081615_T001",18,8,14,540,NA,0.907,0.827085678595977,1,129.7,117.6,15.68,2.5,352.9,270.1,383,342.2,358.1,285.1,635.8,571.5,774.2,576.5,566.5,595,"High","High","High","High","High","High"
"Ag00001aa055510_T001",TRUE,"Master Protein","Ag00001aa055510_T001",19,10,12,762,NA,1.242,0.577631768087528,1,80.7,100.2,11.88,5.2,118.1,82.6,86,137.9,137.2,100.6,212.8,174.8,173.8,232.3,217,210,"High","High","High","High","High","High"
"Ag00001aa032708_T001",TRUE,"Master Protein","Ag00001aa032708_T001",42,6,15,279,NA,0.649,0.169863916035767,0.446245338148548,160.2,104,6.26,9.66,581.4,547.1,583.4,391.8,505.9,360.2,1047.5,1157.5,1179.3,660.1,800.3,751.8,"High","High","High","High","High","High"
"Ag00001aa026706_T001",TRUE,"Master Protein","Ag00001aa026706_T001",28,5,19,227,NA,0.991,0.998552439510924,1,90.6,89.8,13.52,2.89,458.9,456.9,366.3,500.7,503.3,392.7,826.8,966.7,740.4,843.5,796.2,819.6,"High","High","High","High","High","High"
"Ag00001aa005457_T001",TRUE,"Master Protein","Ag00001aa005457_T001",11,5,15,564,NA,0.882,0.999738019632207,1,26.6,23.4,6.27,10.07,113.7,86.7,101.4,126.6,113.3,86.6,204.9,183.4,205,213.3,179.2,180.7,"High","High","High","High","High","High"
"Ag00001aa078383_T001",TRUE,"Master Protein","Ag00001aa078383_T001",37,6,28,193,NA,1.192,0.938644905785277,1,53.7,63.9,13,9.42,341.6,353.6,292.2,454.3,402.4,351.4,615.5,748.1,590.6,765.3,636.6,733.4,"High","High","High","High","High","High"
"Ag00001aa031407_T001",TRUE,"Master Protein","Ag00001aa031407_T001",6,8,15,1614,NA,1.132,0.953465216682176,1,103.5,117.2,10.54,1.12,470.8,336.5,350.5,478.4,516.9,383.3,848.3,711.9,708.5,805.9,817.7,800,"High","High","High","High","High","High"
"Ag00001aa094262_T001",TRUE,"Master Protein","Ag00001aa094262_T001",42,5,15,182,NA,0.385,0.0037711582518275,0.0288847455303857,213.8,82.4,14.62,5.67,1001.7,1146.4,1063.9,476.4,523.6,428.9,1804.8,2425.5,2150.5,802.6,828.3,895.1,"High","High","High","High","High","High"
"Ag00001aa066864_T001",TRUE,"Master Protein","Ag00001aa066864_T001",29,5,15,293,NA,1.265,0.491293067425881,0.951439314146047,71.2,90.1,6.9,1.83,160.7,124,125.7,200.6,209.8,156.1,289.5,262.4,254.1,337.9,331.9,325.8,"High","High","High","High","High","High"
"Ag00001aa000113_T001",TRUE,"Master Protein","Ag00001aa000113_T001",30,5,14,196,NA,0.674,0.555048004152555,1,185.3,124.8,18.33,15.11,382.2,236.3,256,206.9,189.9,194.8,688.6,499.9,517.5,348.6,300.4,406.6,"High","High","High","High","High","High"
"Ag00001aa078267_T001",TRUE,"Master Protein","Ag00001aa078267_T001",37,7,14,263,NA,0.723,0.569529257250841,1,33.2,24,14.01,19.82,9.6,10.1,11.3,11.9,8.7,7.4,17.3,21.4,22.8,20,13.8,15.4,"High","High","High","High","High","High"
"Ag00001aa094682_T001",TRUE,"Master Protein","Ag00001aa094682_T001",23,5,11,341,NA,NA,NA,NA,NA,NA,NA,NA,NA,NA,NA,NA,NA,NA,NA,NA,NA,NA,NA,NA,"High","High","High","High","High","High"
"Ag00001aa043616_T002",TRUE,"Master Protein","Ag00001aa043616_T002",45,4,28,129,NA,1.215,0.125458044057306,0.364418466749934,127.5,155,9.41,7.71,381.1,269.4,322.2,469.7,499.4,431.8,686.6,570,651.3,791.3,790,901.2,"High","High","High","High","High","High"
"Ag00001aa033169_T002",TRUE,"Master Protein","Ag00001aa033169_T002",10,7,13,791,NA,0.929,0.803578117447103,1,121,112.4,12.72,5.92,258.5,206.5,274.8,271.7,257,207.3,465.7,436.9,555.5,457.7,406.5,432.6,"High","High","High","High","High","High"
"Ag00001aa082503_T001",TRUE,"Master Protein","Ag00001aa082503_T001",19,9,14,596,NA,1.367,0.0261440671128311,0.116894688644162,66,90.3,10.69,10.64,114.4,81.5,104.4,167.3,189,116,206.1,172.4,211,281.8,299,242.1,"High","High","High","High","High","High"
"Ag00001aa102556_T001",TRUE,"Master Protein","Ag00001aa102556_T001",25,6,7,461,NA,0.767,0.00749692699287341,0.0477033507213376,148.3,113.8,6.63,2.27,204.3,198,200.7,186.1,189.9,149.1,368.1,418.9,405.7,313.5,300.4,311.2,"High","High","High","High","High","High"
"Ag00001aa032196_T004",TRUE,"Master Protein","Ag00001aa032196_T004",13,9,12,969,NA,0.843,0.184347994321497,0.473507339642189,151.5,127.7,13.98,6.89,401.1,292.5,405.8,361.5,360.8,313.8,722.7,618.9,820.3,609,570.8,654.9,"High","High","High","High","High","High"
"Ag00001aa026770_T001",TRUE,"Master Protein","Ag00001aa026770_T001",27,8,16,372,NA,1.319,0.0539484932475499,0.193312730764973,55.1,72.7,6.13,4.16,180.4,137.4,146.1,246.3,242.8,186.6,325,290.7,295.3,414.9,384.1,389.4,"High","High","High","High","High","High"
"Ag00001aa151242_T003",TRUE,"Master Protein","Ag00001aa151242_T003",9,7,13,826,NA,0.795,0.780737844009622,1,74.7,59.4,10.62,8.87,455.6,387.9,485.6,387.5,448.2,284.3,820.9,820.7,981.6,652.8,709,593.3,"High","High","High","High","High","High"
"Ag00001aa136581_T001",TRUE,"Master Protein","Ag00001aa136581_T001",19,9,11,809,NA,0.771,0.414172196271836,0.843778501738075,138.2,106.5,24.52,11.07,215,139.7,240.8,162.5,188.7,163.1,387.4,295.6,486.7,273.8,298.5,340.4,"High","High","High","High","High","High"
"Ag00001aa030963_T002",TRUE,"Master Protein","Ag00001aa030963_T002",26,7,9,398,NA,1.281,0.159230654133246,0.43036873476812,48.3,61.9,16.55,7.75,67.5,41.1,53.4,92.2,87.4,64.5,121.6,87,107.9,155.3,138.3,134.6,"High","High","High","High","High","High"
"Ag00001aa069541_T002",TRUE,"Master Protein","Ag00001aa069541_T002",28,8,14,373,NA,0.657,0.0967324752959916,0.298050062196905,170.6,112.2,12.54,4.26,919.7,635.1,844.3,657.6,688.5,489.2,1657,1343.7,1706.6,1107.8,1089.1,1021,"High","High","High","High","High","High"
"Ag00001aa086216_T001",TRUE,"Master Protein","Ag00001aa086216_T001",48,5,13,122,NA,0.643,0.883251436011732,1,40.1,25.8,22.36,52.12,6.8,8.6,9.4,12.6,7.4,3.6,12.3,18.2,19,21.2,11.7,7.5,"High","High","High","High","High","High"
"Ag00001aa007387_T001",TRUE,"Master Protein","Ag00001aa007387_T001",21,4,34,432,NA,0.789,0.190415021235878,0.4839765884174,112,88.4,4.48,10.11,65.5,58.6,56.1,55.3,66.6,41.4,118,124,113.4,93.2,105.4,86.4,"High","High","High","High","High","High"
"Ag00001aa080571_T001",TRUE,"Master Protein","Ag00001aa080571_T001",48,5,12,122,NA,0.712,0.129236816328379,0.372264501994348,161.3,114.9,42.15,7.11,360,617.1,337,287.9,343.1,228.8,648.6,1305.6,681.2,485,542.8,477.5,"High","High","High","High","High","High"
"Ag00001aa033794_T001",TRUE,"Master Protein","Ag00001aa033794_T001",18,9,17,475,NA,1.251,0.0470533818493918,0.1760090849707,91.6,114.7,5.17,0.23,719.8,558.7,639.3,963.1,1022.3,773.9,1296.9,1182.1,1292.3,1622.5,1617.2,1615.2,"High","High","High","High","High","High"
"Ag00001aa072504_T001",TRUE,"Master Protein","Ag00001aa072504_T001",28,7,27,314,NA,1.036,0.999942332922035,1,149.7,155.1,6.67,6.49,187.3,157.3,185.6,209.6,221.1,150.2,337.5,332.8,375.2,353.1,349.8,313.5,"High","High","High","High","High","High"
"Ag00001aa061896_T002",TRUE,"Master Protein","Ag00001aa061896_T002",26,3,14,230,NA,1.127,0.679602188124006,1,41.3,46.5,9.47,4.9,31.9,22.5,26.8,39.3,38.6,29.1,57.5,47.6,54.2,66.2,61.1,60.7,"High","High","High","High","High","High"
"Ag00001aa071551_T001",TRUE,"Master Protein","Ag00001aa071551_T001",19,9,11,643,NA,1.241,0.261340876676546,0.60925413896635,133.2,165.3,11.7,10.84,82.3,55.5,68.5,102,97.6,91.9,148.3,117.4,138.5,171.8,154.4,191.8,"High","High","High","High","High","High"
"Ag00001aa113694_T004",TRUE,"Master Protein","Ag00001aa113694_T004",14,12,13,1000,NA,0.555,0.00091703152120659,0.0104186669873595,181.7,100.9,13.22,6.77,582.7,414.8,566.3,346.1,374.3,250,1049.9,877.6,1144.7,583.1,592.1,521.8,"High","High","High","High","High","High"
"Ag00001aa074740_T001",TRUE,"Master Protein","Ag00001aa074740_T001",17,5,18,366,NA,1.225,0.984635175219268,1,32.8,40.2,9.57,6.93,64.8,45.8,55.5,81.7,86.9,58.3,116.8,96.9,112.2,137.6,137.5,121.7,"High","High","High","High","High","High"
"Ag00001aa047741_T001",TRUE,"Master Protein","Ag00001aa047741_T001",17,5,9,383,NA,0.837,0.415253392421773,0.845511238446605,149.2,124.9,8.54,5.14,216.8,186.5,224.4,187.5,221.2,158.3,390.6,394.6,453.6,315.9,349.9,330.4,"High","High","High","High","High","High"
"Ag00001aa024656_T001",TRUE,"Master Protein","Ag00001aa024656_T001",11,10,16,992,NA,1.912,5.3967719128134e-05,0.00155735418055472,89.8,171.6,8.23,6.65,267.4,198,207.4,433.4,506.7,398.8,481.8,418.9,419.2,730.1,801.6,832.3,"High","High","High","High","High","High"
"Ag00001aa050391_T003",TRUE,"Master Protein","Ag00001aa050391_T003",30,7,19,301,NA,0.856,0.996231293029925,1,94.6,81,12.22,22.48,12.7,8.6,11.1,11.4,10.2,12,22.9,18.2,22.4,19.2,16.1,25,"High","High","High","High","High","High"
"Ag00001aa093678_T002",TRUE,"Master Protein","Ag00001aa093678_T002",21,6,12,383,NA,0.924,0.539923907747637,1,94,86.9,3.38,8.87,232.7,187.1,208.1,245.3,244.9,165.8,419.3,395.9,420.6,413.2,387.4,346,"High","High","High","High","High","High"
"Ag00001aa094674_T001",TRUE,"Master Protein","Ag00001aa094674_T001",15,7,12,610,NA,0.788,0.802853482980426,1,61.6,48.5,7.47,23.85,50.4,42.8,39.3,56.9,45.1,29,90.8,90.6,79.4,95.9,71.3,60.5,"High","High","High","High","High","High"
"Ag00001aa084602_T003",TRUE,"Master Protein","Ag00001aa084602_T003",12,13,16,1140,NA,0.889,0.967652002856193,1,182.2,162,22.49,10.23,53.3,34.3,56.9,55.7,48.3,40.9,96,72.6,115,93.8,76.4,85.4,"High","High","High","High","High","High"
"Ag00001aa077283_T001",TRUE,"Master Protein","Ag00001aa077283_T001",12,13,16,1165,NA,NA,NA,NA,NA,NA,NA,NA,NA,NA,NA,NA,NA,NA,NA,NA,NA,NA,NA,NA,"High","High","High","High","High","High"
"Ag00001aa008172_T001",TRUE,"Master Protein","Ag00001aa008172_T001",29,3,9,134,NA,1.571,0.000950022109341808,0.0107016668233796,88.5,139.1,10.61,9.03,288.4,261.8,221.8,428.6,515.9,414.1,519.6,553.9,448.3,722,816.1,864.2,"High","High","High","High","High","High"
"Ag00001aa103768_T001",TRUE,"Master Protein","Ag00001aa103768_T001",27,6,14,277,NA,0.819,0.727391671442481,1,224.6,183.9,13.2,16.65,340,222.6,263,258.4,325.4,176.6,612.6,471,531.6,435.3,514.8,368.6,"High","High","High","High","High","High"
"Ag00001aa007448_T001",TRUE,"Master Protein","Ag00001aa007448_T001",39,9,12,299,NA,0.929,0.999380425485941,1,53.4,49.7,11.53,6,92.9,83.9,69.9,92.3,90.3,77,167.4,177.5,141.3,155.5,142.8,160.7,"High","High","High","High","High","High"
"Ag00001aa034045_T003",TRUE,"Master Protein","Ag00001aa034045_T003",20,6,11,368,NA,1.108,0.992464212069479,1,127,140.8,12,6.01,233.5,157.2,180,239.3,244.3,208.3,420.7,332.6,363.8,403.1,386.5,434.7,"High","High","High","High","High","High"
"Ag00001aa069393_T002",TRUE,"Master Protein","Ag00001aa069393_T002",26,6,13,342,NA,NA,NA,NA,NA,NA,NA,NA,NA,NA,NA,NA,NA,NA,NA,NA,NA,NA,NA,NA,"High","High","High","High","High","High"
"Ag00001aa065907_T001",TRUE,"Master Protein","Ag00001aa065907_T001",41,6,18,152,"Met-loss+Acetyl [N-Term]",1.024,0.999986948820162,1,149.4,153,10.88,8.67,77.6,64.5,82,97.6,89.1,68.6,139.8,136.5,165.8,164.4,140.9,143.2,"High","High","High","High","High","High"
"Ag00001aa094786_T002",TRUE,"Master Protein","Ag00001aa094786_T002",20,5,9,333,NA,0.567,0.161792675733712,0.432947168430731,290.4,164.8,8.31,6.75,1440.9,1312.4,1162.9,940.1,875.1,705.9,2596.1,2776.7,2350.7,1583.8,1384.3,1473.2,"High","High","High","High","High","High"
"Ag00001aa145884_T006",TRUE,"Master Protein","Ag00001aa145884_T006",14,8,12,841,NA,1.487,0.372546456545578,0.78265620819852,60.8,90.5,21.4,8.43,122.3,73.7,76.1,144.8,146.6,98.9,220.4,155.9,153.8,243.9,231.9,206.4,"High","High","High","High","High","High"
"Ag00001aa031150_T001",TRUE,"Master Protein","Ag00001aa031150_T001",25,5,11,319,NA,0.36,0.00334686201650614,0.0263983464677168,143.3,51.5,21.04,12.51,200.4,118.7,188,84.8,82.1,53.2,361.1,251.1,380,142.9,129.9,111,"High","High","High","High","High","High"
"Ag00001aa143278_T001",TRUE,"Master Protein","Ag00001aa143278_T001",15,8,13,796,NA,0.932,0.99855809708613,1,40.2,37.5,6.34,26.75,23.2,17.4,19.6,33.3,22.5,17.7,41.8,36.8,39.6,56.1,35.6,36.9,"High","High","High","High","High","High"
"Ag00001aa008496_T001",TRUE,"Master Protein","Ag00001aa008496_T001",34,8,13,357,NA,1.548,0.777248988246447,1,35.9,55.6,16.21,18.87,6.1,6.9,5.6,10.4,14.3,7.6,11,14.6,11.3,17.5,22.6,15.9,"High","High","High","High","High","High"
"Ag00001aa091198_T001",TRUE,"Master Protein","Ag00001aa091198_T001",27,4,12,277,NA,0.838,0.340021400882065,0.736260002854732,98.8,82.7,8.36,5.04,147.2,147.6,139.1,145.2,148.9,106,265.2,312.3,281.2,244.6,235.5,221.2,"High","High","High","High","High","High"
"Ag00001aa025656_T001",TRUE,"Master Protein","Ag00001aa025656_T001",22,8,17,482,NA,1.133,0.985539999812951,1,29,32.8,8.47,7.84,105.2,78.2,80.7,119.6,118.5,82.5,189.5,165.4,163.1,201.5,187.5,172.2,"High","High","High","High","High","High"
"Ag00001aa029911_T001",TRUE,"Master Protein","Ag00001aa029911_T001",31,7,10,377,NA,0.882,0.649252602441243,1,112.2,99,5.14,5.21,273,239.4,226.5,257.5,261.5,219.9,491.9,506.5,457.8,433.8,413.7,458.9,"High","High","High","High","High","High"
"Ag00001aa070937_T001",TRUE,"Master Protein","Ag00001aa070937_T001",5,10,11,2676,NA,1.361,0.0924444816555106,0.288077744115669,77.9,106,17.61,11.34,188.2,115.8,167.5,276.8,291.2,181.2,339.1,245,338.6,466.3,460.7,378.2,"High","High","High","High","High","High"
"Ag00001aa044965_T001",TRUE,"Master Protein","Ag00001aa044965_T001",23,4,21,288,NA,NA,NA,NA,NA,NA,NA,NA,NA,NA,NA,NA,NA,NA,NA,NA,NA,NA,NA,NA,"Not Found","Not Found","Not Found","High","Not Found","Not Found"
"Ag00001aa025007_T001",TRUE,"Master Protein","Ag00001aa025007_T001",46,7,21,150,NA,1.436,0.526583225229243,0.993087602762597,17.3,24.9,12.86,23.2,116.8,84.1,81.3,205.1,161.5,106.6,210.4,177.9,164.3,345.5,255.5,222.5,"High","High","High","High","High","High"
"Ag00001aa104497_T001",TRUE,"Master Protein","Ag00001aa104497_T001",23,8,13,436,NA,2.809,2.28559380013316e-05,0.000844642074728278,98.9,277.7,7.26,12.64,355.8,346.2,324.4,919.4,1164.2,956.2,641.1,732.5,655.7,1548.9,1841.7,1995.6,"High","High","High","High","High","High"
"Ag00001aa019568_T001",TRUE,"Master Protein","Ag00001aa019568_T001",48,7,40,161,NA,4.162,0.00244431615333007,0.0210867607060353,66.6,277,7.16,37.39,198.3,171.6,157.1,882.6,1677.4,681,357.3,363.1,317.6,1486.9,2653.5,1421.3,"High","High","High","High","High","High"
"Ag00001aa083443_T001",TRUE,"Master Protein","Ag00001aa083443_T001",32,9,13,397,NA,1.296,0.0601626240501985,0.208301437770176,45.3,58.8,16.68,13.66,10.1,6.7,9.8,14,14.9,14.2,18.2,14.2,19.8,23.6,23.6,29.6,"High","High","High","High","High","High"
"Ag00001aa032200_T001",TRUE,"Master Protein","Ag00001aa032200_T001",34,3,9,147,NA,1.087,0.599972682121229,1,75.1,81.6,3.62,9.3,191.6,152.9,170.2,222,225.1,203.7,345.2,323.5,344,374,356.1,425.1,"High","High","High","High","High","High"
"Ag00001aa022922_T002",TRUE,"Master Protein","Ag00001aa022922_T002",18,10,12,715,NA,0.93,0.973369503077541,1,123.7,115,5.95,4.34,487.8,387.4,456.8,485.2,515.6,421.4,878.9,819.6,923.4,817.4,815.6,879.5,"High","High","High","High","High","High"
"Ag00001aa093308_T002",TRUE,"Master Protein","Ag00001aa093308_T002",14,7,13,702,NA,0.831,0.56385640028088,1,78.8,65.5,3.24,4.08,303.7,270.8,266.4,283.8,287.4,211.4,547.2,572.9,538.5,478.1,454.6,441.2,"High","High","High","High","High","High"
"Ag00001aa072468_T001",TRUE,"Master Protein","Ag00001aa072468_T001",22,8,13,483,NA,1.107,0.999810949283412,1,140.3,155.3,10.72,5.42,183.4,158.3,197.1,200.8,236,177.7,330.4,334.9,398.4,338.3,373.3,370.9,"High","High","High","High","High","High"
"Ag00001aa033457_T001",TRUE,"Master Protein","Ag00001aa033457_T001",38,7,13,239,NA,1.295,0.99267345742079,1,27.7,35.9,3.03,10.2,118.5,95,103,164.9,170.4,109.5,213.5,201,208.2,277.8,269.6,228.5,"High","High","High","High","High","High"
"Ag00001aa137156_T002",TRUE,"Master Protein","Ag00001aa137156_T002",29,6,12,332,NA,NA,NA,NA,NA,NA,NA,NA,NA,NA,NA,NA,NA,NA,NA,NA,NA,NA,NA,NA,"High","High","High","High","High","High"
"Ag00001aa030383_T001",TRUE,"Master Protein","Ag00001aa030383_T001",33,9,29,288,NA,1.62,0.733768912519016,1,7.1,11.5,17.68,18.09,12.9,14.6,11.3,29,23.8,16.8,23.2,30.9,22.8,48.9,37.6,35.1,"High","High","High","High","High","High"
"Ag00001aa105541_T002",TRUE,"Master Protein","Ag00001aa105541_T002",16,7,12,462,NA,1.003,0.994005553372515,1,122.3,122.7,17.42,12.9,171.2,102.5,137.5,191.6,176.3,119.8,308.5,216.9,277.9,322.8,278.9,250,"High","High","High","High","High","High"
"Ag00001aa029761_T001",TRUE,"Master Protein","Ag00001aa029761_T001",25,4,14,325,NA,1.332,0.887535093341516,1,30,40,12.13,7.9,49.3,35.2,35.1,63.7,62.7,43.9,88.8,74.5,71,107.3,99.2,91.6,"High","High","High","High","High","High"
"Ag00001aa150086_T001",TRUE,"Master Protein","Ag00001aa150086_T001",20,5,11,338,NA,0.612,0.00148547788465891,0.0148461877022521,148.4,90.8,4.92,3.45,264.6,245.3,257.5,181.1,200.8,156.6,476.7,519,520.5,305.1,317.6,326.8,"High","High","High","High","Not Found","High"
"Ag00001aa007010_T002",TRUE,"Master Protein","Ag00001aa007010_T002",19,6,15,389,NA,1.654,0.00387314846859144,0.0294013907316387,96.2,159.2,8.07,14.77,327.1,239.8,258.7,582.4,546.8,348.8,589.3,507.4,522.9,981.2,865,728,"High","High","High","High","High","High"
"Ag00001aa031675_T001",TRUE,"Master Protein","Ag00001aa031675_T001",31,8,11,384,NA,0.774,0.0137230659403395,0.0727218763348002,130.3,100.8,2.9,1.96,243.6,213.8,230.1,207.8,219.4,172.6,438.9,452.3,465.1,350.1,347.1,360.2,"High","High","High","High","High","High"
"Ag00001aa127975_T001",TRUE,"Master Protein","Ag00001aa127975_T001",32,5,21,220,NA,NA,NA,NA,NA,NA,NA,NA,NA,NA,NA,NA,NA,NA,NA,NA,NA,NA,NA,NA,"High","High","High","High","High","High"
"Ag00001aa073071_T001",TRUE,"Master Protein","Ag00001aa073071_T001",29,8,12,397,NA,0.796,0.106025839885004,0.319472334631894,123.1,98,6.22,2.02,129.6,98.2,113.7,108.3,119.6,87.7,233.5,207.8,229.8,182.4,189.2,183,"High","High","High","High","High","High"
"Ag00001aa007874_T003",TRUE,"Master Protein","Ag00001aa007874_T003",13,4,8,382,NA,0.919,0.845712974770712,1,152.9,140.5,9.93,21.37,148.8,120.9,152.6,146.2,113,132.4,268.1,255.8,308.5,246.3,178.8,276.3,"High","High","High","High","High","High"
"Ag00001aa039557_T002",TRUE,"Master Protein","Ag00001aa039557_T002",23,9,12,479,NA,NA,NA,NA,NA,NA,NA,NA,NA,NA,NA,NA,NA,NA,NA,NA,NA,NA,NA,NA,"High","High","High","High","High","High"
"Ag00001aa004470_T002",TRUE,"Master Protein","Ag00001aa004470_T002",42,4,34,166,NA,1.062,0.999981671791847,1,176.9,187.9,21.8,7.47,560.8,628.3,432.5,637.2,640.5,562.5,1010.4,1329.3,874.2,1073.5,1013.2,1174,"High","High","High","High","High","High"
"Ag00001aa145484_T001",TRUE,"Master Protein","Ag00001aa145484_T001",41,6,17,152,"Met-loss+Acetyl [N-Term]",NA,NA,NA,NA,NA,NA,NA,NA,NA,NA,NA,NA,NA,NA,NA,NA,NA,NA,NA,"High","High","High","High","High","High"
"Ag00001aa083985_T001",TRUE,"Master Protein","Ag00001aa083985_T001",25,6,13,309,NA,NA,NA,NA,NA,NA,NA,NA,NA,NA,NA,NA,NA,NA,NA,NA,NA,NA,NA,NA,"High","High","High","High","High","High"
"Ag00001aa082574_T001",TRUE,"Master Protein","Ag00001aa082574_T001",46,6,12,142,NA,1.017,0.999994816296042,1,130.7,133,6.26,4.14,291,218.6,244.6,309.5,303.4,241,524.3,462.5,494.4,521.4,480,503,"High","High","High","High","High","High"
"Ag00001aa034719_T001",TRUE,"Master Protein","Ag00001aa034719_T001",25,9,13,471,NA,1.529,0.063808008195926,0.218165742445219,56.9,86.9,1.44,2.33,269.5,230.7,235,440.7,458,363.7,485.6,488.1,475,742.4,724.5,759.1,"High","Not Found","High","High","High","Not Found"
"Ag00001aa080504_T001",TRUE,"Master Protein","Ag00001aa080504_T001",37,5,21,142,NA,0.931,0.999696547269803,1,138.7,129.1,3.75,8.55,805.2,636.2,696.2,882.9,828.5,608.1,1450.7,1346,1407.3,1487.4,1310.6,1269.1,"High","High","High","High","High","High"
"Ag00001aa052437_T002",TRUE,"Master Protein","Ag00001aa052437_T002",31,8,18,348,NA,0.911,0.418994964565438,0.850331250462493,138.6,126.2,11.31,4.29,591.8,489.2,627.8,553.3,613.9,486.6,1066.3,1035,1269,932.1,971.1,1015.6,"High","High","High","High","High","High"
"Ag00001aa137519_T001",TRUE,"Master Protein","Ag00001aa137519_T001",30,5,12,228,NA,0.97,0.99628603364821,1,83.6,81.1,8.71,3.98,282.1,269.3,238.2,285,311.7,248.7,508.3,569.8,481.5,480.1,493.1,519,"High","High","High","High","High","High"
"Ag00001aa017834_T001",TRUE,"Master Protein","Ag00001aa017834_T001",36,6,10,273,NA,0.991,0.99882935790073,1,56,55.6,7.23,8.55,133.3,98.2,111.3,139.8,141,95.2,240.2,207.8,225,235.5,223,198.7,"High","High","High","High","High","High"
"Ag00001aa026881_T001",TRUE,"Master Protein","Ag00001aa026881_T001",21,5,12,327,NA,0.922,0.990318846802081,1,103.2,95.2,4.41,5.94,196.2,161.8,184.7,207.8,206,149.2,353.5,342.3,373.3,350.1,325.9,311.4,"High","High","High","High","High","High"
"Ag00001aa068621_T001",TRUE,"Master Protein","Ag00001aa068621_T001",20,6,14,387,NA,NA,NA,NA,NA,NA,NA,NA,NA,NA,NA,NA,NA,NA,NA,NA,NA,NA,NA,NA,"High","High","High","High","High","High"
"Ag00001aa006007_T001",TRUE,"Master Protein","Ag00001aa006007_T001",19,7,16,388,NA,0.689,0.0485796346039092,0.17947057818022,155.9,107.4,11.88,15.33,59.7,40.2,50.2,46.1,44.2,27.3,107.6,85.1,101.5,77.7,69.9,57,"High","High","High","High","High","High"
"Ag00001aa068872_T001",TRUE,"Master Protein","Ag00001aa068872_T001",16,4,14,449,NA,0.748,0.132136595122887,0.37828583729872,112.3,84,16.69,6.03,265.4,185.1,271.7,209,226.1,188.3,478.2,391.6,549.2,352.1,357.7,393,"High","High","High","High","High","High"
"Ag00001aa094687_T001",TRUE,"Master Protein","Ag00001aa094687_T001",12,9,12,900,NA,0.479,0.00415426378934658,0.0309134663873446,185.7,88.9,25.91,7.9,334.7,176.4,306.8,187.5,170.7,138.4,603,373.2,620.2,315.9,270,288.8,"High","High","High","High","High","High"
"Ag00001aa099305_T001",TRUE,"Master Protein","Ag00001aa099305_T001",31,7,11,274,NA,NA,NA,NA,NA,NA,NA,NA,NA,NA,NA,NA,NA,NA,NA,NA,NA,NA,NA,NA,"High","High","High","High","High","High"
"Ag00001aa148066_T002",TRUE,"Master Protein","Ag00001aa148066_T002",26,8,17,321,NA,0.946,0.994197657387285,1,113.7,107.6,8.69,13.35,511.8,386.9,481.3,576.3,551.4,355.3,922.1,818.6,972.9,970.9,872.3,741.5,"High","High","High","High","High","High"
"Ag00001aa007636_T003",TRUE,"Master Protein","Ag00001aa007636_T003",29,7,9,461,NA,0.763,0.048057192297811,0.178032828444355,124.5,95,9.5,3.17,161.5,139.4,170.1,133.6,138.5,111.8,291,294.9,343.8,225.1,219.1,233.3,"High","High","High","High","High","High"
"Ag00001aa059287_T003",TRUE,"Master Protein","Ag00001aa059287_T003",23,7,17,359,NA,1.033,0.999144760898187,1,99.3,102.6,5.75,3.91,248,211.9,200.1,261.5,291.9,228.2,446.8,448.3,404.5,440.5,461.8,476.3,"High","High","High","High","High","High"
"Ag00001aa117147_T003",TRUE,"Master Protein","Ag00001aa117147_T003",34,8,17,246,NA,1.649,0.0757703990912891,0.24887187994212,107.3,177,11.86,16.15,571.5,383.7,452.5,1025.9,953.7,597.1,1029.7,811.8,914.7,1728.3,1508.7,1246.2,"High","High","High","High","High","High"
"Ag00001aa106413_T002",TRUE,"Master Protein","Ag00001aa106413_T002",25,5,17,220,NA,0.898,0.796016718419942,1,145.7,130.9,7.63,8.23,670.6,652.2,601.9,645.4,690.8,600.4,1208.2,1379.9,1216.7,1087.3,1092.8,1253.1,"High","High","High","High","High","High"
"Ag00001aa054708_T002",TRUE,"Master Protein","Ag00001aa054708_T002",10,8,11,1165,NA,1.049,0.999310716297946,1,88.1,92.4,9.62,11.22,226.5,161.5,199.4,253.9,267.2,166.6,408.1,341.7,403.1,427.7,422.7,347.7,"High","High","High","High","High","High"
"Ag00001aa008193_T001",TRUE,"Master Protein","Ag00001aa008193_T001",34,4,16,149,NA,1.06,0.999999999904525,1,123.7,131.1,9.97,6.35,494.3,495.6,436.4,521.2,596.8,477.8,890.6,1048.6,882.1,878,944.1,997.2,"High","High","High","High","High","High"
"Ag00001aa022956_T005",TRUE,"Master Protein","Ag00001aa022956_T005",24,5,11,308,"Met-loss [N-Term]",NA,NA,NA,NA,NA,NA,NA,NA,NA,NA,NA,NA,NA,NA,NA,NA,NA,NA,NA,"Not Found","Not Found","Not Found","Not Found","Not Found","Not Found"
"Ag00001aa010729_T001",TRUE,"Master Protein","Ag00001aa010729_T001",17,5,12,356,NA,0.847,0.819029926357202,1,192.4,162.9,12.99,13.03,109.8,121.5,113.9,115.7,131.8,77.1,197.8,257.1,230.2,194.9,208.5,160.9,"High","High","High","High","High","High"
"Ag00001aa016306_T001",TRUE,"Master Protein","Ag00001aa016306_T001",23,3,21,123,NA,0.145,0.0164557075986329,0.0833485436296247,180.4,26.1,28.08,44.08,309,152,271.6,56,50.2,16.9,556.7,321.6,549,94.3,79.4,35.3,"High","High","High","High","High","High"
"Ag00001aa106460_T001",TRUE,"Master Protein","Ag00001aa106460_T001",11,5,11,641,NA,0.193,0.00210915099979281,0.0189141170921977,295.1,56.9,17.78,12.75,611.2,746.7,694.1,143,196.3,129.6,1101.2,1579.8,1403,240.9,310.5,270.5,"High","High","High","High","High","High"
"Ag00001aa091933_T002",TRUE,"Master Protein","Ag00001aa091933_T002",17,8,11,561,NA,0.368,7.67566033753608e-05,0.0019309189165595,243.8,89.6,5.35,12.11,608.7,469.3,536.1,284.7,251.9,184.7,1096.7,992.9,1083.7,479.6,398.5,385.5,"High","High","High","High","High","High"
"Ag00001aa002267_T002",TRUE,"Master Protein","Ag00001aa002267_T002",44,9,14,257,NA,1.425,0.0849489752700373,0.270918353563903,43.7,62.3,8.02,5.32,171.2,167.2,152.9,285.7,277.2,211.1,308.5,353.7,309.1,481.3,438.5,440.6,"High","High","High","High","High","High"
"Ag00001aa113493_T001",TRUE,"Master Protein","Ag00001aa113493_T001",18,6,19,518,NA,NA,NA,NA,NA,NA,NA,NA,NA,NA,NA,NA,NA,NA,NA,NA,NA,NA,NA,NA,"High","Not Found","Not Found","High","High","High"
"Ag00001aa020201_T001",TRUE,"Master Protein","Ag00001aa020201_T001",45,2,11,80,NA,1.002,0.997973157031801,1,47.1,47.2,6.01,21.26,40.3,37.3,34.8,50.9,46,26.6,72.6,78.9,70.3,85.7,72.8,55.5,"High","High","High","High","High","High"
"Ag00001aa054552_T002",TRUE,"Master Protein","Ag00001aa054552_T002",40,9,12,300,NA,0.886,0.880897442680904,1,48.2,42.7,20.54,19.79,17,13.2,20.2,21,15.4,13,30.6,27.9,40.8,35.4,24.4,27.1,"High","High","High","High","High","High"
"Ag00001aa037134_T001",TRUE,"Master Protein","Ag00001aa037134_T001",19,7,10,542,NA,0.841,0.952453881417301,1,164.7,138.5,17.05,2.05,376.2,232.8,331,326.5,355.6,274.6,677.8,492.5,669.1,550,562.5,573.1,"High","High","High","High","High","High"
"Ag00001aa152296_T001",TRUE,"Master Protein","Ag00001aa152296_T001",32,6,14,228,NA,0.726,0.0132715482909831,0.0708929030654939,109.2,79.2,8.54,10.05,343.7,329.8,293.5,310.5,275.2,215.3,619.3,697.8,593.3,523.1,435.3,449.3,"High","High","High","High","High","High"
"Ag00001aa094004_T001",TRUE,"Master Protein","Ag00001aa094004_T001",23,4,14,228,NA,1.196,0.997233960455896,1,24.1,28.8,11.57,11.36,88.8,68.8,62.7,103.3,91.1,85.7,160,145.6,126.7,174,144.1,178.9,"High","High","High","High","High","High"
"Ag00001aa156402_T001",TRUE,"Master Protein","Ag00001aa156402_T001",25,6,9,452,NA,1.074,0.75864658486526,1,92.4,99.2,11.25,1.58,82.8,68.3,59.5,90.3,98.1,75.2,149.2,144.5,120.3,152.1,155.2,156.9,"High","High","High","High","High","High"
"Ag00001aa093416_T001",TRUE,"Master Protein","Ag00001aa093416_T001",52,7,13,148,NA,0.29,1.41687145105429e-06,0.000394037648656672,208.3,60.4,15.24,7.44,150.4,174.1,157.8,62.3,58.5,44.3,271,368.3,319,105,92.5,92.5,"High","High","High","High","High","High"
"Ag00001aa022611_T001",TRUE,"Master Protein","Ag00001aa022611_T001",35,6,11,214,NA,0.832,0.162249866175839,0.432947168430731,125.3,104.3,9.69,7.97,231.7,235.7,213.2,243,226.7,170.9,417.5,498.7,431,409.4,358.6,356.7,"High","High","High","High","High","High"
"Ag00001aa136270_T002",TRUE,"Master Protein","Ag00001aa136270_T002",13,7,13,786,NA,0.627,0.0732494412196933,0.242227203234269,110.7,69.4,9.64,27.4,172.6,132.9,126.9,104.7,126,54.2,311,281.2,256.5,176.4,199.3,113.1,"High","High","High","High","High","High"
"Ag00001aa148286_T001",TRUE,"Master Protein","Ag00001aa148286_T001",11,10,16,992,NA,NA,NA,NA,NA,NA,NA,NA,NA,NA,NA,NA,NA,NA,NA,NA,NA,NA,NA,NA,"High","High","High","High","High","High"
"Ag00001aa039470_T001",TRUE,"Master Protein","Ag00001aa039470_T001",14,5,16,599,NA,1.343,0.997796600380266,1,31.5,42.3,22.64,27.38,11.4,6.4,7.4,13,12.7,6,20.5,13.5,15,21.9,20.1,12.5,"High","High","High","High","High","High"
"Ag00001aa099478_T001",TRUE,"Master Protein","Ag00001aa099478_T001",26,9,15,389,NA,1.39,0.122914624721564,0.358691600742311,57.7,80.2,14.48,17.11,154.2,145.1,113.4,211.4,309.8,185,277.8,307,229.2,356.1,490.1,386.1,"High","High","High","High","High","High"
"Ag00001aa046279_T001",TRUE,"Master Protein","Ag00001aa046279_T001",33,6,12,236,NA,0.916,0.895053709672254,1,160.9,147.3,5.52,4.33,592.5,481.8,562.7,580.4,575.1,471.9,1067.5,1019.4,1137.4,977.8,909.8,984.9,"High","High","High","High","High","High"
"Ag00001aa121075_T002",TRUE,"Master Protein","Ag00001aa121075_T002",25,7,10,489,NA,0.825,0.332178262705995,0.721374004178215,140.9,116.2,15.6,8.99,86.7,64,91.4,76.5,91.9,58.6,156.2,135.4,184.8,128.9,145.4,122.3,"High","High","High","High","High","High"
"Ag00001aa099047_T001",TRUE,"Master Protein","Ag00001aa099047_T001",25,8,24,350,NA,0.898,0.913182301943162,1,140.5,126.1,11.01,9.99,130.8,137.6,124.4,134,137.2,125.2,235.7,291.1,251.5,225.7,217,261.3,"High","High","High","High","High","High"
"Ag00001aa101737_T001",TRUE,"Master Protein","Ag00001aa101737_T001",49,4,10,164,NA,1.211,0.895577559321648,1,47.2,57.2,10.57,3.69,64.6,47,47.4,71.5,76.9,54.4,116.4,99.4,95.8,120.5,121.6,113.5,"High","High","High","High","High","High"
"Ag00001aa063324_T001",TRUE,"Master Protein","Ag00001aa063324_T001",54,7,12,158,NA,NA,NA,NA,NA,NA,NA,NA,NA,NA,NA,NA,NA,NA,NA,NA,NA,NA,NA,NA,"High","High","High","High","High","High"
"Ag00001aa072025_T001",TRUE,"Master Protein","Ag00001aa072025_T001",10,7,12,947,NA,NA,NA,NA,NA,NA,NA,NA,NA,NA,NA,NA,NA,NA,NA,NA,NA,NA,NA,NA,"High","High","High","High","High","High"
"Ag00001aa039841_T001",TRUE,"Master Protein","Ag00001aa039841_T001",30,8,14,372,NA,1.746,0.800908635467321,1,18.3,31.9,34.49,32.35,9.9,4.7,5.2,12.2,11.6,5,17.8,9.9,10.5,20.6,18.4,10.4,"High","High","High","High","High","High"
"Ag00001aa023989_T001",TRUE,"Master Protein","Ag00001aa023989_T001",25,4,8,314,NA,0.938,0.580105267913193,1,36.5,34.2,40.02,22.63,11.7,19.1,10.6,13.8,12.7,7,21.1,40.4,21.4,23.2,20.1,14.6,"High","High","High","High","High","High"
"Ag00001aa050832_T001",TRUE,"Master Protein","Ag00001aa050832_T001",35,5,11,251,NA,0.751,0.614564316507961,1,209.6,157.5,12.23,9.35,541.7,417.4,556.2,420.4,463.5,403.5,976,883.1,1124.3,708.2,733.2,842.1,"High","High","High","High","High","High"
"Ag00001aa018819_T001",TRUE,"Master Protein","Ag00001aa018819_T001",44,5,17,143,NA,0.682,0.000257889938038991,0.00448690844021707,128.2,87.4,4.13,2.97,338.7,304.2,293.7,258.7,260.9,199.3,610.2,643.6,593.7,435.8,412.7,415.9,"High","High","High","High","High","High"
"Ag00001aa155740_T001",TRUE,"Master Protein","Ag00001aa155740_T001",40,7,20,252,"Met-loss [N-Term]",1.829,0.221845101497838,0.542293081663672,57.3,104.8,13.12,20.37,217.9,162,149.4,372.1,409.4,209.3,392.6,342.7,302,626.9,647.6,436.8,"High","High","High","High","High","High"
"Ag00001aa112021_T001",TRUE,"Master Protein","Ag00001aa112021_T001",20,6,10,479,NA,0.392,0.00301566156827526,0.02481133735476,251.4,98.6,17.5,17.5,268.5,190.4,283.5,113.4,119.9,66.1,483.8,402.8,573.1,191,189.7,138,"High","High","High","High","High","High"
"Ag00001aa055266_T001",TRUE,"Master Protein","Ag00001aa055266_T001",24,4,10,329,NA,1.02,0.998856051591298,1,26.4,27,8.73,7.85,62.4,44.6,51.3,60.8,75,50.7,112.4,94.4,103.7,102.4,118.6,105.8,"High","High","High","High","High","High"
"Ag00001aa010364_T001",TRUE,"Master Protein","Ag00001aa010364_T001",20,7,11,500,NA,1.27,0.0786628768357343,0.255799226774429,98.9,125.6,9.06,6.04,334,237.5,269.6,410.8,393.7,332.3,601.8,502.5,545,692.1,622.8,693.5,"High","High","High","High","High","High"
"Ag00001aa100404_T001",TRUE,"Master Protein","Ag00001aa100404_T001",29,5,13,344,NA,1.112,0.345951330535124,0.745848038588569,93.7,104.2,3.47,2.13,151.7,135.4,132.5,181.1,185.5,145.6,273.3,286.5,267.8,305.1,293.4,303.9,"High","High","High","High","High","High"
"Ag00001aa140533_T002",TRUE,"Master Protein","Ag00001aa140533_T002",28,8,13,419,NA,0.87,0.16536505441043,0.436726288530596,53.1,46.2,17.47,17.07,24.7,21.6,29.8,23.6,25.4,14,44.5,45.7,60.2,39.8,40.2,29.2,"High","High","High","High","High","High"
"Ag00001aa032194_T001",TRUE,"Master Protein","Ag00001aa032194_T001",39,4,9,155,NA,0.738,0.130324201734897,0.375079409871168,166.3,122.7,3.3,8.81,488.7,400,408.1,353.8,394.7,337.8,880.5,846.3,824.9,596,624.4,705,"High","High","High","High","High","High"
"Ag00001aa100138_T002",TRUE,"Master Protein","Ag00001aa100138_T002",33,7,12,336,NA,0.891,0.999977853544674,1,46.2,41.2,21.86,27.5,10.7,9.3,6.4,10.2,7.7,10.3,19.3,19.7,12.9,17.2,12.2,21.5,"High","High","High","High","High","High"
"Ag00001aa029239_T002",TRUE,"Master Protein","Ag00001aa029239_T002",33,7,12,336,NA,1.26,0.172932527852039,0.452323025774302,68.2,86,2.74,3.42,152.8,132.5,143.7,209.6,217.4,176.3,275.3,280.3,290.5,353.1,343.9,367.9,"High","High","High","High","High","High"
"Ag00001aa115556_T001",TRUE,"Master Protein","Ag00001aa115556_T001",32,7,12,232,NA,0.99,0.999856999730041,1,105.6,104.5,8.49,7,290.6,209.2,246.6,300.5,279.8,236.4,523.6,442.6,498.5,506.2,442.6,493.4,"High","High","High","High","High","High"
"Ag00001aa052432_T001",TRUE,"Master Protein","Ag00001aa052432_T001",27,7,16,318,NA,1.034,0.999080422648775,1,112.2,116,2.86,1.39,261.1,210,226.7,281.2,295.5,230.3,470.4,444.3,458.2,473.7,467.5,480.6,"High","High","High","High","High","High"
"Ag00001aa101669_T001",TRUE,"Master Protein","Ag00001aa101669_T001",10,8,11,1030,NA,1.141,0.400797054936924,0.8232140113293,89.2,101.8,10.06,1.13,306.4,214.6,240.2,326.3,350.2,269.3,552,454,485.5,549.7,554,562,"High","High","High","High","High","High"
"Ag00001aa125655_T001",TRUE,"Master Protein","Ag00001aa125655_T001",19,8,13,499,NA,1.357,0.651242513497633,1,69.4,94.2,5.56,7.17,127.7,105.6,102.1,179.9,183.1,159.5,230.1,223.4,206.4,303.1,289.6,332.9,"High","High","High","High","High","High"
"Ag00001aa036286_T001",TRUE,"Master Protein","Ag00001aa036286_T001",26,4,10,214,NA,0.721,0.00374516267911662,0.0286948561939646,139.6,100.6,9.68,6.69,217.2,220.2,198.3,171.5,199,132.4,391.3,465.9,400.8,288.9,314.8,276.3,"High","High","High","High","High","High"
"Ag00001aa009768_T001",TRUE,"Master Protein","Ag00001aa009768_T001",8,4,10,595,NA,0.319,0.000719938201853454,0.00897982573489216,258,82.3,14.53,7.8,445.8,479.4,528,170.9,211.8,155.1,803.2,1014.3,1067.3,287.9,335,323.7,"High","High","High","High","High","High"
"Ag00001aa005058_T001",TRUE,"Master Protein","Ag00001aa005058_T001",27,6,10,322,NA,0.879,0.247815134134255,0.587476195268078,114.1,100.2,0.68,3.9,255.3,219.4,230.6,226.4,258.5,195.4,460,464.2,466.1,381.4,408.9,407.8,"High","High","High","High","High","High"
"Ag00001aa032231_T004",TRUE,"Master Protein","Ag00001aa032231_T004",12,7,9,821,NA,0.707,0.166173056114834,0.437958974519371,125.4,88.6,19.52,0.45,143.9,89.8,139,108.8,115.2,88.1,259.3,190,281,183.3,182.2,183.9,"High","High","High","High","High","High"
"Ag00001aa017904_T002",TRUE,"Master Protein","Ag00001aa017904_T002",14,4,12,441,NA,NA,NA,NA,0,0,NA,NA,0,0,0,0,0,0,0,0,0,0,0,0,"Not Found","Not Found","High","High","High","Not Found"
"Ag00001aa009750_T003",TRUE,"Master Protein","Ag00001aa009750_T003",21,6,13,326,NA,1.191,0.200530873662115,0.502076736367977,108.3,128.9,5.57,13.92,320.5,250.5,291.7,377.3,434.6,397,577.5,530,589.6,635.6,687.5,828.6,"High","High","High","High","High","High"
"Ag00001aa000982_T001",TRUE,"Master Protein","Ag00001aa000982_T001",29,4,17,213,NA,1.965,0.713451442078346,1,71.5,140.5,32.02,17.67,117.2,58.9,62.7,111.2,168.1,119.3,211.2,124.6,126.7,187.3,265.9,249,"High","High","High","High","High","High"
"Ag00001aa004786_T002",TRUE,"Master Protein","Ag00001aa004786_T002",9,8,14,1022,NA,0.926,0.380847825492535,0.794911450826626,79.9,74,8.14,2.25,274.4,224.7,274.4,266.6,296.9,219.4,494.4,475.4,554.7,449.1,469.7,457.9,"High","High","High","High","High","High"
"Ag00001aa156408_T001",TRUE,"Master Protein","Ag00001aa156408_T001",10,4,8,642,NA,1.241,0.102636695673227,0.311609766662469,71.9,89.2,13.18,7.75,85.5,68.4,58.7,101.5,113.5,95.2,154,144.7,118.7,171,179.5,198.7,"High","High","High","High","High","High"
"Ag00001aa027170_T004",TRUE,"Master Protein","Ag00001aa027170_T004",14,8,9,803,NA,0.819,0.534117383473912,1,128.8,105.5,9.22,5.79,340.5,252.8,317,295.1,348.5,240.6,613.5,534.9,640.8,497.1,551.3,502.1,"High","High","High","High","High","High"
"Ag00001aa121031_T001",TRUE,"Master Protein","Ag00001aa121031_T001",12,3,11,329,NA,NA,NA,NA,NA,NA,NA,NA,NA,NA,NA,NA,NA,NA,NA,NA,NA,NA,NA,NA,"High","High","High","High","High","High"
"Ag00001aa112819_T001",TRUE,"Master Protein","Ag00001aa112819_T001",25,4,12,357,NA,0.981,0.999878745216818,1,38.1,37.4,12.22,6.56,100.6,67.7,76.5,90,87.8,75.8,181.3,143.2,154.6,151.6,138.9,158.2,"High","High","High","High","High","High"
"Ag00001aa143244_T003",TRUE,"Master Protein","Ag00001aa143244_T003",10,5,12,651,NA,1.766,0.130913325342114,0.375498254680241,50.6,89.4,10.55,6.36,39.9,27.6,31.4,70.4,66,53.7,71.9,58.4,63.5,118.6,104.4,112.1,"High","High","High","High","High","High"
"Ag00001aa073091_T002",TRUE,"Master Protein","Ag00001aa073091_T002",39,4,38,131,NA,0.647,0.00384873101878891,0.0292906617381393,186.5,120.6,7.66,0.76,2327.5,2306.8,2210.7,1735.7,1826.6,1381.3,4193.5,4880.6,4468.7,2924.1,2889.5,2882.8,"High","High","High","High","High","High"
"Ag00001aa008486_T001",TRUE,"Master Protein","Ag00001aa008486_T001",13,9,12,1256,NA,1.19,0.14153556012232,0.39671232491482,76.7,91.3,6.4,4.43,135.7,101.9,116.7,160.8,177.5,141.7,244.5,215.6,235.9,270.9,280.8,295.7,"High","High","High","High","High","High"
"Ag00001aa042586_T002",TRUE,"Master Protein","Ag00001aa042586_T002",7,2,16,461,NA,1.775,NA,NA,9.4,16.8,NA,30.6,0,2.7,0,7.5,0,3.9,0,5.7,0,12.6,0,8.1,"High","High","High","High","High","High"
"Ag00001aa106557_T001",TRUE,"Master Protein","Ag00001aa106557_T001",53,5,18,133,NA,0.644,0.00266861414061415,0.0225085232327243,167.7,108,10.12,5.83,463.2,465.7,500.4,394.3,401.1,283.3,834.6,985.3,1011.5,664.3,634.5,591.3,"High","High","High","High","High","High"
"Ag00001aa090023_T001",TRUE,"Master Protein","Ag00001aa090023_T001",24,10,14,550,NA,1.222,0.0588711171908122,0.20530386969425,103.3,126.3,10.51,9.62,402.2,283.3,304.9,447.2,463.1,418.2,724.7,599.4,616.3,753.4,732.6,872.8,"High","High","High","High","High","High"
"Ag00001aa102114_T001",TRUE,"Master Protein","Ag00001aa102114_T001",40,5,26,132,NA,1.123,0.844571346743356,1,127.8,143.4,5.41,8.4,714.4,546,609,916.5,829.8,662.2,1287.2,1155.2,1231,1544,1312.7,1382,"High","High","High","High","High","High"
"Ag00001aa107374_T001",TRUE,"Master Protein","Ag00001aa107374_T001",24,6,11,446,NA,1.19,0.528096177282211,0.995153805178178,91.3,108.7,7.91,2.01,195.6,144.8,174.5,241.1,265.2,202,352.4,306.4,352.7,406.2,419.5,421.6,"High","High","High","High","High","High"
"Ag00001aa062977_T001",TRUE,"Master Protein","Ag00001aa062977_T001",15,9,13,848,NA,1.4,0.0112051465166977,0.0633505389876674,67.9,95,6.11,1.29,124.9,100.9,98.5,177.4,193.1,143.1,225,213.5,199.1,298.9,305.5,298.7,"High","High","High","High","High","High"
"Ag00001aa031811_T001",TRUE,"Master Protein","Ag00001aa031811_T001",34,7,13,216,NA,1.313,0.482219515751089,0.939457622795518,138,181.2,10.29,4.25,439,304.5,367,590.4,615.8,438.8,791,644.2,741.8,994.6,974.1,915.8,"High","High","High","High","High","High"
"Ag00001aa092188_T001",TRUE,"Master Protein","Ag00001aa092188_T001",32,7,10,267,NA,0.895,0.178053955779059,0.462977759980417,123.1,110.2,17.91,4.79,246.2,212.6,297.4,242,235.6,192.9,443.6,449.8,601.2,407.7,372.7,402.6,"High","High","High","High","High","High"
"Ag00001aa064448_T001",TRUE,"Master Protein","Ag00001aa064448_T001",13,6,18,604,NA,0.894,0.998492833544444,1,43.7,39.1,11.48,12.04,26.8,20.7,27.2,24.2,27.3,24.5,48.3,43.8,55,40.8,43.2,51.1,"High","Not Found","High","High","High","High"
"Ag00001aa064955_T002",TRUE,"Master Protein","Ag00001aa064955_T002",27,7,10,339,NA,1.177,0.525499113565955,0.991749554311805,96.4,113.4,7.43,10.15,170.7,126.6,136.3,217.1,205,143.5,307.6,267.9,275.5,365.7,324.3,299.5,"High","High","High","High","High","High"
"Ag00001aa135673_T001",TRUE,"Master Protein","Ag00001aa135673_T001",24,9,16,443,NA,1.005,0.999732561608487,1,88.3,88.7,18.42,14.13,220.8,131,186.8,235.4,239.8,144.4,397.8,277.2,377.6,396.6,379.3,301.4,"High","High","High","High","High","High"
"Ag00001aa059759_T001",TRUE,"Master Protein","Ag00001aa059759_T001",33,7,14,219,NA,1.16,0.481841329621401,0.938944566126204,141.8,164.5,19.98,7.16,67.8,38.9,57,88.3,84.5,62.4,122.2,82.3,115.2,148.8,133.7,130.2,"High","High","High","High","High","High"
"Ag00001aa149935_T002",TRUE,"Master Protein","Ag00001aa149935_T002",25,3,10,200,NA,2.888,0.00015565555641972,0.00312166474603817,75.7,218.5,9.88,27.38,125.6,108.6,94.6,359.6,413.2,470.3,226.3,229.8,191.2,605.8,653.6,981.5,"High","High","High","High","High","High"
"Ag00001aa103500_T001",TRUE,"Master Protein","Ag00001aa103500_T001",36,5,10,207,NA,1.189,0.999959810976411,1,29.8,35.5,20.71,21.88,35.3,20.7,23.2,33.1,35.9,17.9,63.6,43.8,46.9,55.8,56.8,37.4,"High","High","High","High","High","High"
"Ag00001aa022261_T003",TRUE,"Master Protein","Ag00001aa022261_T003",22,5,6,461,NA,0.915,0.998491225806486,1,60.5,55.4,7.42,9.14,9.5,7.8,9.4,9,9.9,8.6,17.1,16.5,19,15.2,15.7,17.9,"High","High","High","High","High","High"
"Ag00001aa005842_T001",TRUE,"Master Protein","Ag00001aa005842_T001",50,7,12,167,NA,0.07,7.96579916073625e-06,0.000643262778228948,291.1,20.3,30.41,16.24,759.8,1225.2,1089.4,109.7,84.8,73.5,1369,2592.2,2202.1,184.8,134.1,153.4,"High","High","High","High","High","High"
"Ag00001aa022039_T001",TRUE,"Master Protein","Ag00001aa022039_T001",41,3,27,144,NA,0.811,0.171526517936072,0.449434547820624,137.7,111.7,11.24,12.86,468.9,468.3,396.9,406.7,418.4,399.7,844.8,990.8,802.3,685.2,661.9,834.2,"High","High","High","High","High","High"
"Ag00001aa106568_T001",TRUE,"Master Protein","Ag00001aa106568_T001",29,3,33,146,NA,0.99,0.999814736211023,1,20.1,19.9,7.83,46.82,159.9,124.2,152.1,314,180.3,106.7,288.1,262.8,307.5,529,285.2,222.7,"High","High","High","High","High","High"
"Ag00001aa036840_T001",TRUE,"Master Protein","Ag00001aa036840_T001",16,8,9,809,NA,0.825,0.992388910796455,1,57.9,47.8,4.97,21.33,6.5,0,5.4,5,5.9,6,11.7,0,10.9,8.4,9.3,12.5,"High","Not Found","High","High","High","High"
"Ag00001aa088615_T001",TRUE,"Master Protein","Ag00001aa088615_T001",28,5,10,331,"Met-loss [N-Term]",1.217,0.935320432305078,1,24.4,29.7,4.45,6,13.9,11,12.5,18.7,17.7,14.6,25,23.3,25.3,31.5,28,30.5,"High","High","High","High","High","High"
"Ag00001aa074283_T001",TRUE,"Master Protein","Ag00001aa074283_T001",23,8,12,388,NA,1.763,0.0523810350080133,0.188631870441306,58.3,102.8,23.87,24.82,30.3,24.4,16.8,45,77.6,43.6,54.6,51.6,34,75.8,122.8,91,"High","High","High","High","High","High"
"Ag00001aa061731_T001",TRUE,"Master Protein","Ag00001aa061731_T001",14,7,9,835,NA,0.969,0.727326637024363,1,64.4,62.4,17.15,19.66,57.8,36.7,39.1,52.9,48.4,28.6,104.1,77.6,79,89.1,76.6,59.7,"High","High","High","High","High","High"
"Ag00001aa145191_T001",TRUE,"Master Protein","Ag00001aa145191_T001",12,6,10,659,NA,0.986,0.999999996822795,1,90.1,88.9,8.12,5.58,306.5,221.9,251.3,287.3,316.6,258.4,552.2,469.5,508,484,500.8,539.3,"High","High","High","High","High","High"
"Ag00001aa036562_T001",TRUE,"Master Protein","Ag00001aa036562_T001",38,6,11,246,NA,0.429,0.360791724312087,0.768047828945512,67.5,29,10.39,15.67,71.7,49.7,60.4,31.1,34.2,19.2,129.2,105.2,122.1,52.4,54.1,40.1,"High","High","High","High","High","High"
"Ag00001aa102927_T001",TRUE,"Master Protein","Ag00001aa102927_T001",10,4,7,636,NA,0.961,0.999309142499128,1,63.8,61.3,19.5,3.3,32.9,20.6,31.9,33.1,37.6,27.3,59.3,43.6,64.5,55.8,59.5,57,"High","High","High","High","High","High"
"Ag00001aa003816_T001",TRUE,"Master Protein","Ag00001aa003816_T001",25,6,8,442,NA,0.948,0.936350034008798,1,73.3,69.6,4.3,15.94,127.5,116.1,112.3,147.7,113.9,104.4,229.7,245.6,227,248.8,180.2,217.9,"High","High","High","High","High","High"
"Ag00001aa034901_T001",TRUE,"Master Protein","Ag00001aa034901_T001",20,7,9,496,NA,1.291,0.951789517604665,1,53.6,69.2,29.16,24.94,150,77,86.1,184,142,92.5,270.3,162.9,174,310,224.6,193.1,"High","High","High","High","High","High"
"Ag00001aa078803_T001",TRUE,"Master Protein","Ag00001aa078803_T001",12,4,9,540,NA,0.671,0.0137166485851506,0.0727218763348002,92.6,62.1,11.02,11.36,60.8,58,48.7,49.9,42.5,35.2,109.5,122.7,98.4,84.1,67.2,73.5,"High","High","High","High","High","High"
"Ag00001aa030570_T002",TRUE,"Master Protein","Ag00001aa030570_T002",21,8,12,529,NA,0.617,0.000300258524372654,0.00485876591102959,123.4,76.2,10.46,7.62,217.5,170.6,219.4,133.9,152.9,125.8,391.9,360.9,443.5,225.6,241.9,262.6,"High","High","High","High","High","High"
"Ag00001aa030871_T002",TRUE,"Master Protein","Ag00001aa030871_T002",28,9,10,439,NA,2.393,0.000407592055419626,0.00609495874089222,65.6,157,18.64,2.05,186.9,114.1,125.8,368.1,384.6,285.2,336.7,241.4,254.3,620.1,608.4,595.2,"High","High","High","High","High","High"
"Ag00001aa111062_T001",TRUE,"Master Protein","Ag00001aa111062_T001",19,5,15,305,NA,0.97,0.999999985694381,1,33,32.1,4.63,26.84,77.1,60.8,69.3,102.8,85.2,48,138.9,128.6,140.1,173.2,134.8,100.2,"High","High","High","High","High","High"
"Ag00001aa141498_T001",TRUE,"Master Protein","Ag00001aa141498_T001",30,7,23,230,NA,1,0.998896897938228,1,123.9,123.9,8.12,3.58,912,679.5,705.7,879.3,909.1,660.8,1643.2,1437.6,1426.5,1481.3,1438.1,1379.1,"High","High","High","High","High","High"
"Ag00001aa009143_T001",TRUE,"Master Protein","Ag00001aa009143_T001",24,3,10,213,NA,1.433,0.101915019661114,0.31034276196597,59.5,85.3,9.77,10.31,147.3,139.1,119.8,225.8,238.2,215.8,265.4,294.3,242.2,380.4,376.8,450.4,"High","High","High","High","High","High"
"Ag00001aa069060_T001",TRUE,"Master Protein","Ag00001aa069060_T001",13,6,17,604,NA,1.163,0.999964928703144,1,120.7,140.4,33.07,16.17,14.6,23.6,16.6,18.2,26.8,18.7,26.3,49.9,33.6,30.7,42.4,39,"High","High","High","High","High","High"
"Ag00001aa019399_T001",TRUE,"Master Protein","Ag00001aa019399_T001",17,9,15,672,NA,0.793,0.365561413088221,0.77619114932931,160.6,127.4,6,5.23,203.2,167,196.3,163.8,183.6,146.8,366.1,353.3,396.8,275.9,290.4,306.4,"High","High","High","High","High","High"
"Ag00001aa054821_T001",TRUE,"Master Protein","Ag00001aa054821_T001",37,6,18,217,NA,0.938,0.960055907018861,1,106.1,99.6,0.88,12.98,125,106.1,112.9,113,133.6,117.8,225.2,224.5,228.2,190.4,211.3,245.9,"High","High","High","High","High","High"
"Ag00001aa056946_T001",TRUE,"Master Protein","Ag00001aa056946_T001",29,6,12,308,NA,1.191,0.508208680143424,0.972204020858641,96,114.3,23.82,13.26,279.8,182.9,310.8,356.4,357.7,347.3,504.1,387,628.2,600.4,565.8,724.8,"High","High","High","High","High","High"
"Ag00001aa021684_T001",TRUE,"Master Protein","Ag00001aa021684_T001",28,6,14,217,NA,0.344,0.00201710706991487,0.0182189329740397,268.7,92.5,14.79,9.2,377.4,433.4,403.7,149.5,191.5,134.6,680,917,816,251.9,302.9,280.9,"High","High","High","High","High","High"
"Ag00001aa087312_T001",TRUE,"Master Protein","Ag00001aa087312_T001",16,5,9,385,NA,0.753,0.678802469378821,1,234.5,176.5,19.02,3.45,513.5,335.8,517.6,411.2,440.2,353,925.2,710.5,1046.3,692.7,696.4,736.7,"High","High","High","High","High","High"
"Ag00001aa072348_T001",TRUE,"Master Protein","Ag00001aa072348_T001",41,4,11,103,"Met-loss [N-Term]",0.961,0.775929067095646,1,113.1,108.7,5.92,7.03,298.5,250.4,291.9,310.3,290.3,247.7,537.8,529.8,590,522.8,459.2,517,"High","High","High","High","High","High"
"Ag00001aa052822_T002",TRUE,"Master Protein","Ag00001aa052822_T002",23,7,11,435,NA,1.185,0.856756196004332,1,90.7,107.5,11.71,4.15,248.4,172.2,223.5,315.5,312.1,254.2,447.5,364.3,451.8,531.5,493.7,530.5,"High","High","High","High","High","High"
"Ag00001aa154168_T001",TRUE,"Master Protein","Ag00001aa154168_T001",28,9,12,310,NA,1.175,0.319168670321302,0.702790247185086,103.5,121.6,12.12,4,198.1,215,198.7,270.2,298.4,236.2,356.9,454.9,401.6,455.2,472,493,"High","High","High","High","High","High"
"Ag00001aa059110_T001",TRUE,"Master Protein","Ag00001aa059110_T001",20,5,8,425,NA,0.987,0.972457647043128,1,108.7,107.3,8.6,6.23,225.5,176.5,219.4,238,261.7,175.6,406.3,373.4,443.5,401,414,366.5,"High","High","High","High","High","High"
"Ag00001aa011166_T001",TRUE,"Master Protein","Ag00001aa011166_T001",21,9,13,617,NA,1.613,0.0527371990514561,0.18954220093343,103.3,166.6,20.79,20.31,224.5,125.3,179.4,390.2,369.8,208.3,404.5,265.1,362.6,657.4,585,434.7,"High","High","High","High","High","High"
"Ag00001aa152648_T002",TRUE,"Master Protein","Ag00001aa152648_T002",24,5,10,333,NA,NA,NA,NA,NA,NA,NA,NA,NA,NA,NA,NA,NA,NA,NA,NA,NA,NA,NA,NA,"High","High","High","High","High","High"
"Ag00001aa078176_T002",TRUE,"Master Protein","Ag00001aa078176_T002",28,3,10,174,NA,1.259,0.959062229612095,1,34.1,43,20.54,10.82,12.9,7.3,9.2,13.9,13.4,12.6,23.2,15.4,18.6,23.4,21.2,26.3,"High","High","High","High","High","High"
"Ag00001aa002922_T001",TRUE,"Master Protein","Ag00001aa002922_T001",25,6,8,403,NA,0.856,0.993392839435467,1,84.1,72,9.37,9.56,76.3,62.6,56.7,77.7,71.7,52.6,137.5,132.4,114.6,130.9,113.4,109.8,"High","High","High","High","High","High"
"Ag00001aa037910_T001",TRUE,"Master Protein","Ag00001aa037910_T001",16,4,8,383,NA,NA,NA,NA,NA,NA,NA,NA,NA,NA,NA,NA,NA,NA,NA,NA,NA,NA,NA,NA,"High","High","High","High","High","High"
"Ag00001aa018437_T001",TRUE,"Master Protein","Ag00001aa018437_T001",31,5,23,140,NA,1.199,0.853424941563441,1,117.5,140.9,7.72,10.81,891.1,654.7,714.2,1027.1,924.4,864.8,1605.5,1385.2,1443.7,1730.3,1462.3,1804.9,"High","High","High","High","High","High"
"Ag00001aa142399_T001",TRUE,"Master Protein","Ag00001aa142399_T001",20,5,8,334,NA,NA,NA,NA,NA,NA,NA,NA,NA,NA,NA,NA,NA,NA,NA,NA,NA,NA,NA,NA,"Not Found","Not Found","Not Found","Not Found","Not Found","Not Found"
"Ag00001aa052028_T001",TRUE,"Master Protein","Ag00001aa052028_T001",46,4,13,167,"Met-loss+Acetyl [N-Term]",3.108,0.00186507854392781,0.0173656297551029,25.8,80.3,8.06,4.28,40.1,34.2,31,136.9,134,107.6,72.2,72.4,62.7,230.6,212,224.6,"High","High","High","High","High","High"
"Ag00001aa041572_T001",TRUE,"Master Protein","Ag00001aa041572_T001",17,5,8,453,NA,1.009,0.999601641697243,1,57.5,58,0.73,13.97,89,76.8,80.3,95.5,103.5,98.2,160.4,162.5,162.3,160.9,163.7,204.9,"High","High","High","High","High","High"
"Ag00001aa050882_T001",TRUE,"Master Protein","Ag00001aa050882_T001",33,7,13,219,NA,1.439,0.6091674794369,1,78.6,113.2,17.74,10.27,146.7,91.2,99.7,172.2,186.7,116.8,264.3,193,201.5,290.1,295.3,243.8,"High","High","High","High","High","High"
"Ag00001aa011027_T003",TRUE,"Master Protein","Ag00001aa011027_T003",13,3,11,478,NA,1.125,0.909876690398945,1,114.4,128.7,4.53,2.85,493.2,394.4,451.2,570.9,631.7,487.4,888.6,834.4,912,961.8,999.3,1017.2,"High","High","High","High","High","High"
"Ag00001aa054182_T002",TRUE,"Master Protein","Ag00001aa054182_T002",17,5,15,367,NA,3.016,4.37530340107184e-05,0.00135793921703058,89.9,271.3,8.5,16.43,49.6,37.8,37.5,111.8,152.5,125.4,89.4,80,75.8,188.3,241.2,261.7,"High","High","High","High","High","High"
"Ag00001aa102390_T001",TRUE,"Master Protein","Ag00001aa102390_T001",42,6,14,192,NA,1.22,0.948536808301109,1,83.9,102.4,15.49,14.11,324.6,202.7,247,370.2,301.9,291.8,584.8,428.9,499.3,623.7,477.6,609,"High","High","High","High","High","High"
"Ag00001aa039752_T001",TRUE,"Master Protein","Ag00001aa039752_T001",16,7,13,502,NA,2.213,0.000191824209212377,0.00360593205897966,72.5,160.5,1.96,10.3,437.7,360.2,377.3,1002,958.5,893.3,788.6,762.1,762.7,1688,1516.3,1864.4,"High","High","High","High","High","High"
"Ag00001aa018157_T001",TRUE,"Master Protein","Ag00001aa018157_T001",23,6,10,399,NA,1.204,0.0897591852066416,0.282330422088349,111.5,134.2,11.84,2.89,234.6,161.2,208.5,315.3,320.8,241.4,422.7,341.1,421.5,531.2,507.5,503.8,"High","High","High","High","High","High"
"Ag00001aa042374_T001",TRUE,"Master Protein","Ag00001aa042374_T001",31,5,10,266,NA,1.628,0.0144718396151692,0.0758466950455525,68.3,111.2,5.26,10.63,226.8,198.8,187.7,366,420.5,363.6,408.6,420.6,379.4,616.6,665.2,758.9,"High","High","High","High","High","High"
"Ag00001aa018685_T001",TRUE,"Master Protein","Ag00001aa018685_T001",13,4,12,505,NA,1.21,0.25075800158539,0.591145062386446,88.9,107.5,14.2,8.82,223.2,165.8,230.5,288.8,274.4,248.1,402.1,350.8,465.9,486.5,434.1,517.8,"High","High","High","High","High","High"
"Ag00001aa004181_T001",TRUE,"Master Protein","Ag00001aa004181_T001",46,5,11,98,NA,1.021,0.973086207449569,1,115.4,117.7,29.82,5.82,796.6,1076.3,678.7,947.4,904.7,701.8,1435.3,2277.2,1371.9,1596.1,1431.2,1464.7,"High","High","High","High","High","High"
"Ag00001aa018712_T001",TRUE,"Master Protein","Ag00001aa018712_T001",18,5,14,400,NA,NA,NA,NA,NA,NA,NA,NA,NA,NA,NA,NA,NA,NA,NA,NA,NA,NA,NA,NA,"High","High","High","High","High","High"
"Ag00001aa071123_T001",TRUE,"Master Protein","Ag00001aa071123_T001",36,2,19,86,"Met-loss [N-Term]",0.787,0.630109909930752,1,115.4,90.8,25.28,12.75,74.6,47.6,83.5,66.7,55.2,50.7,134.4,100.7,168.8,112.4,87.3,105.8,"High","High","High","High","High","High"
"Ag00001aa097898_T001",TRUE,"Master Protein","Ag00001aa097898_T001",16,5,13,540,NA,0.924,0.468129764252095,0.922792616591818,94.2,87,6.13,2.92,327,313.5,302.3,319.9,356.8,272.7,589.2,663.3,611.1,538.9,564.4,569.1,"High","High","High","High","High","High"
"Ag00001aa042322_T001",TRUE,"Master Protein","Ag00001aa042322_T001",19,6,12,298,NA,0.719,0.0138701410756803,0.0733707684598126,156.1,112.2,6.52,7.21,198.6,161,155.4,164,154.3,117.3,357.8,340.6,314.1,276.3,244.1,244.8,"High","High","High","High","High","High"
"Ag00001aa138024_T002",TRUE,"Master Protein","Ag00001aa138024_T002",25,7,12,380,NA,0.505,0.100658817859936,0.307169835169559,285.4,144.2,13.55,10.18,953.9,1059.2,1053.6,601.7,779.2,515.8,1718.7,2241,2129.7,1013.7,1232.6,1076.5,"High","High","High","High","High","High"
"Ag00001aa002104_T002",TRUE,"Master Protein","Ag00001aa002104_T002",29,7,12,390,NA,0.88,0.216781587819843,0.532098231621232,115.7,101.7,12.03,11.36,305.7,308.3,257.4,287.6,265.5,252.9,550.8,652.3,520.3,484.5,420,527.8,"High","High","High","High","High","High"
"Ag00001aa090263_T001",TRUE,"Master Protein","Ag00001aa090263_T001",10,10,11,1201,NA,1.3,0.750127079959271,1,51.9,67.5,15.6,14.05,66.3,50.6,43.1,95.5,88,58.2,119.5,107.1,87.1,160.9,139.2,121.5,"High","High","High","High","High","High"
"Ag00001aa056153_T001",TRUE,"Master Protein","Ag00001aa056153_T001",11,8,9,1090,NA,1.206,0.185851451398952,0.475445308446937,114.4,137.9,11.99,3.98,210.9,158.7,211.3,272,278.8,228.8,380,335.8,427.1,458.2,441,477.5,"High","High","High","High","High","High"
"Ag00001aa064165_T001",TRUE,"Master Protein","Ag00001aa064165_T001",30,3,15,112,NA,0.814,0.247376707297581,0.587180959484678,112.6,91.6,7.7,9.99,684.3,504,546.3,562.2,491.5,430.5,1232.9,1066.3,1104.3,947.1,777.5,898.5,"High","High","High","High","High","High"
"Ag00001aa023522_T001",TRUE,"Master Protein","Ag00001aa023522_T001",26,6,13,380,NA,1.237,0.467906774362567,0.922729037288503,41.8,51.7,0.98,3.89,82.4,70.4,74.8,109.4,110.4,90.3,148.5,148.9,151.2,184.3,174.6,188.5,"High","High","High","High","High","High"
"Ag00001aa117876_T001",TRUE,"Master Protein","Ag00001aa117876_T001",32,9,11,290,NA,0.576,1.76003833589622e-05,0.000679939607365029,135.3,77.9,11.73,6.91,314.7,256,332.9,186.9,206.5,172.2,567,541.6,672.9,314.9,326.7,359.4,"High","High","High","High","High","High"
"Ag00001aa011457_T001",TRUE,"Master Protein","Ag00001aa011457_T001",8,4,8,786,NA,0.878,0.999616121777021,1,34.9,30.6,9.39,17.94,36.9,36.6,32.5,45.8,36.9,27,66.5,77.4,65.7,77.2,58.4,56.4,"High","High","High","High","High","High"
"Ag00001aa001881_T002",TRUE,"Master Protein","Ag00001aa001881_T002",18,4,8,316,NA,1.01,0.999971733658167,1,67.3,68,7.97,4.74,182.3,136.4,141.2,185.2,184.3,136.6,328.5,288.6,285.4,312,291.5,285.1,"High","High","High","High","High","High"
"Ag00001aa069578_T003",TRUE,"Master Protein","Ag00001aa069578_T003",34,4,7,273,"Acetyl [N-Term]",0.617,NA,NA,9,5.5,NA,69.23,0,5.6,0,11.8,3.8,3.5,0,11.8,0,19.9,6,7.3,"High","High","High","High","High","High"
"Ag00001aa130867_T001",TRUE,"Master Protein","Ag00001aa130867_T001",15,8,12,776,NA,1.193,0.348246631679867,0.748697277236521,57.9,69.1,11.87,5.35,144.5,97.5,122.5,173.5,203.4,141.5,260.3,206.3,247.6,292.3,321.8,295.3,"High","High","High","High","High","High"
"Ag00001aa069792_T001",TRUE,"Master Protein","Ag00001aa069792_T001",42,5,14,166,NA,1.285,0.193277726463367,0.488336642779396,69.2,88.9,14.47,5.16,205.4,216.7,174.2,282.3,295.2,246.3,370.1,458.5,352.1,475.6,467,514,"High","High","High","High","High","High"
"Ag00001aa002758_T001",TRUE,"Master Protein","Ag00001aa002758_T001",19,5,8,332,NA,0.668,0.0323668029156798,0.134526462099008,179.7,120,18.75,10.13,402,454.4,340.5,318.5,277,231.7,724.3,961.4,688.3,536.6,438.2,483.6,"High","High","High","High","High","High"
"Ag00001aa021480_T001",TRUE,"Master Protein","Ag00001aa021480_T001",32,6,11,198,NA,1.331,0.0121113213453004,0.0667172303181371,114,151.8,2.13,6.18,375.4,333.3,339.2,541.7,635.7,430.8,676.4,705.2,685.7,912.6,1005.6,899.1,"High","High","High","High","High","High"
"Ag00001aa028821_T001",TRUE,"Master Protein","Ag00001aa028821_T001",15,7,13,579,NA,0.776,0.00420264207347432,0.0310349837951388,116.4,90.3,13.91,1.14,309.2,233.8,322.3,256.5,267.9,207.2,557.1,494.7,651.5,432.1,423.8,432.4,"High","High","High","High","High","High"
"Ag00001aa069360_T001",TRUE,"Master Protein","Ag00001aa069360_T001",23,8,10,431,NA,0.848,0.21946772670759,0.53725302801706,82.1,69.6,20.94,6.22,116.6,136,98.1,102.9,112.6,93.4,210.1,287.7,198.3,173.4,178.1,194.9,"High","High","High","High","High","High"
"Ag00001aa078362_T001",TRUE,"Master Protein","Ag00001aa078362_T001",23,5,9,235,NA,1.876,0.158053729342311,0.42825607509416,128.1,240.2,6.52,8.39,83.9,63.3,73.8,182,176.9,124.3,151.2,133.9,149.2,306.6,279.8,259.4,"High","High","High","High","High","High"
"Ag00001aa151090_T002",TRUE,"Master Protein","Ag00001aa151090_T002",10,10,11,1239,NA,0.594,0.00202897705162575,0.018291489032735,160.2,95.1,5.61,1.79,114.7,109.2,109.9,78.3,86,63.2,206.7,231,222.1,131.9,136,131.9,"High","High","High","High","High","High"
"Ag00001aa017272_T001",TRUE,"Master Protein","Ag00001aa017272_T001",12,3,7,364,NA,1.309,0.398349529756539,0.819823898907546,103.1,135,15.11,5.14,148.4,106.9,98,169.6,187.2,151.4,267.4,226.2,198.1,285.7,296.1,316,"High","High","High","High","High","High"
"Ag00001aa105496_T002",TRUE,"Master Protein","Ag00001aa105496_T002",12,5,8,576,NA,1.269,0.555389353475769,1,45.5,57.7,19.02,7.2,4.4,5.5,4.8,8,7.4,5.9,7.9,11.6,9.7,13.5,11.7,12.3,"High","High","High","High","High","High"
"Ag00001aa016315_T002",TRUE,"Master Protein","Ag00001aa016315_T002",19,6,11,363,NA,0.926,0.999437708570104,1,135.3,125.4,10.91,9.64,233,159.4,192.2,213.6,260,164.1,419.8,337.2,388.5,359.8,411.3,342.5,"High","High","High","High","High","High"
"Ag00001aa006979_T001",TRUE,"Master Protein","Ag00001aa006979_T001",22,4,10,297,NA,0.76,0.00475898437157463,0.0340623299763717,98,74.4,0.35,5.79,151.5,128.6,134.1,134.2,130.7,97.4,273,272.1,271.1,226.1,206.8,203.3,"High","High","High","High","High","High"
"Ag00001aa006944_T001",TRUE,"Master Protein","Ag00001aa006944_T001",18,5,10,340,NA,1.999,0.376224889381456,0.788091788671797,16,31.9,22.08,3.09,15.5,9.4,9.4,23.6,26.2,18.7,27.9,19.9,19,39.8,41.4,39,"High","High","High","High","High","High"
"Ag00001aa054773_T001",TRUE,"Master Protein","Ag00001aa054773_T001",20,5,9,324,NA,1.046,0.999999495874115,1,36.4,38.1,6.4,7.14,9.4,9.1,9,11.3,10.8,9.4,16.9,19.3,18.2,19,17.1,19.6,"High","High","High","High","High","High"
"Ag00001aa020481_T001",TRUE,"Master Protein","Ag00001aa020481_T001",31,8,13,375,NA,0.64,5.13175051830572e-06,0.000643262778228948,148.6,95.1,11.7,5.85,394.7,315.8,412.8,254.9,287.5,231.3,711.1,668.1,834.4,429.4,454.8,482.7,"High","High","High","High","High","High"
"Ag00001aa054452_T001",TRUE,"Master Protein","Ag00001aa054452_T001",29,3,10,177,NA,3.445,NA,NA,5.1,17.4,NA,NA,1.9,0,0,7,0,0,3.4,0,0,11.8,0,0,"High","Not Found","Not Found","High","Not Found","Not Found"
"Ag00001aa085044_T001",TRUE,"Master Protein","Ag00001aa085044_T001",24,5,14,266,NA,0.979,0.999352824161449,1,105.4,103.2,11.38,5.95,137.3,93,112.3,145.2,140.5,105.4,247.4,196.8,227,244.6,222.3,220,"High","High","High","High","High","High"
"Ag00001aa027254_T002",TRUE,"Master Protein","Ag00001aa027254_T002",41,4,13,126,NA,0.638,0.167470884312523,0.440811968052108,174.6,111.4,10.42,12.95,774.6,811.6,799,560.6,651.3,581.6,1395.6,1717.1,1615.1,944.4,1030.3,1213.8,"High","High","High","High","High","High"
"Ag00001aa028611_T002",TRUE,"Master Protein","Ag00001aa028611_T002",16,4,18,342,NA,0.928,0.999967207768157,1,178.7,165.9,24.49,15.4,43.2,22.2,32.5,36.2,32.7,33.8,77.8,47,65.7,61,51.7,70.5,"High","High","High","High","High","High"
"Ag00001aa090609_T001",TRUE,"Master Protein","Ag00001aa090609_T001",19,6,11,424,NA,1.061,0.999999988032417,1,123.8,131.4,9.76,8.76,90.4,74,92.9,90.1,113.9,82.8,162.9,156.6,187.8,151.8,180.2,172.8,"High","High","High","High","High","High"
"Ag00001aa054036_T001",TRUE,"Master Protein","Ag00001aa054036_T001",18,7,16,325,NA,1.898,0.0107160326818968,0.0609902948915215,109.6,208.1,18.28,12.91,88.9,52.2,69.6,184.1,168.8,115.2,160.2,110.4,140.7,310.1,267,240.4,"High","High","High","High","High","High"
"Ag00001aa033867_T001",TRUE,"Master Protein","Ag00001aa033867_T001",20,6,8,361,NA,0.653,4.63845002518504e-05,0.00140111120572971,164.4,107.3,6.66,3.37,263.7,223.5,262.6,177.4,202.1,148.6,475.1,472.9,530.8,298.9,319.7,310.1,"High","High","High","High","High","High"
"Ag00001aa122178_T001",TRUE,"Master Protein","Ag00001aa122178_T001",22,5,13,353,NA,1.003,0.965280363470681,1,92.3,92.6,5.88,16.72,111.4,101.2,111.7,127.5,130.4,133,200.7,214.1,225.8,214.8,206.3,277.6,"High","High","High","High","High","High"
"Ag00001aa019756_T001",TRUE,"Master Protein","Ag00001aa019756_T001",35,7,13,258,NA,1.498,0.257839571242704,0.603423075124309,52.5,78.6,13.65,6.91,246.4,162.6,181.1,332.6,310.6,262.7,443.9,344,366.1,560.3,491.3,548.3,"High","High","High","High","High","High"
"Ag00001aa082041_T001",TRUE,"Master Protein","Ag00001aa082041_T001",45,6,14,192,NA,0.738,0.272822613435949,0.626931975161319,138.6,102.3,22.23,6.73,396.8,383.6,538.4,324.8,378.6,299.6,714.9,811.6,1088.3,547.2,598.9,625.3,"High","High","High","High","High","High"
"Ag00001aa064837_T001",TRUE,"Master Protein","Ag00001aa064837_T001",30,5,7,242,NA,0.519,2.24151182159904e-05,0.000829637822665136,126.8,65.8,4.69,2.92,100.3,93,96.8,60.3,61.1,48.8,180.7,196.8,195.7,101.6,96.7,101.8,"High","High","High","High","High","High"
"Ag00001aa012213_T001",TRUE,"Master Protein","Ag00001aa012213_T001",24,3,8,238,NA,0.946,0.999999980762766,1,57.5,54.4,14.44,7.66,60.6,58.2,45.5,69,63.9,49.5,109.2,123.1,92,116.2,101.1,103.3,"High","High","High","High","High","High"
"Ag00001aa054603_T001",TRUE,"Master Protein","Ag00001aa054603_T001",22,6,14,387,NA,2.048,0.00407301699311935,0.0304913420376862,68.9,141,11.76,11.11,114.8,100.1,83.9,251.4,245.6,231.6,206.8,211.8,169.6,423.5,388.5,483.4,"High","High","High","High","High","High"
"Ag00001aa086952_T001",TRUE,"Master Protein","Ag00001aa086952_T001",12,7,11,854,NA,0.481,0.0750555868375772,0.247410450540795,169.1,81.3,9.41,9.71,104.6,80.2,101.4,45.8,57.3,44.4,188.5,169.7,205,77.2,90.6,92.7,"High","High","High","High","High","High"
"Ag00001aa105611_T001",TRUE,"Master Protein","Ag00001aa105611_T001",28,8,12,394,NA,NA,NA,NA,NA,NA,NA,NA,NA,NA,NA,NA,NA,NA,NA,NA,NA,NA,NA,NA,"High","High","High","High","High","High"
"Ag00001aa103243_T001",TRUE,"Master Protein","Ag00001aa103243_T001",32,4,8,303,NA,0.957,0.999990338088598,1,99.4,95.1,5.43,7.23,88.7,83.5,86.5,99.3,98.4,86.2,159.8,176.7,174.8,167.3,155.7,179.9,"High","High","High","High","High","High"
"Ag00001aa028572_T001",TRUE,"Master Protein","Ag00001aa028572_T001",22,8,8,569,NA,0.879,0.644288947127879,1,141.2,124.1,18.73,0.66,249.9,172.6,264,235.4,247.6,189.6,450.3,365.2,533.6,396.6,391.7,395.7,"High","High","High","High","High","High"
"Ag00001aa076989_T001",TRUE,"Master Protein","Ag00001aa076989_T001",12,11,13,1096,NA,0.982,0.982911783465941,1,118.6,116.5,9.32,6.48,158.8,144.8,169.9,162.2,195.9,144.2,286.1,306.4,343.4,273.3,309.9,301,"High","High","High","High","High","High"
"Ag00001aa107617_T001",TRUE,"Master Protein","Ag00001aa107617_T001",13,4,9,354,NA,1.177,0.656040961834889,1,70.2,82.6,13.7,2.35,212.1,165.9,143.6,245.3,262.4,190.5,382.1,351,290.3,413.2,415.1,397.6,"High","High","High","High","High","High"
"Ag00001aa007822_T001",TRUE,"Master Protein","Ag00001aa007822_T001",19,3,6,229,NA,0.937,0.999996955690724,1,34.3,32.2,21.33,27.74,63.8,67.7,46.2,89.7,55.9,51.6,115,143.2,93.4,151.1,88.4,107.7,"High","High","High","High","High","High"
"Ag00001aa130954_T001",TRUE,"Master Protein","Ag00001aa130954_T001",21,7,11,304,NA,1.174,0.521979865864644,0.988630280711137,139,163.1,6.47,9.07,25.2,24.2,25,31.8,37.5,30.8,45.4,51.2,50.5,53.6,59.3,64.3,"High","High","High","High","High","High"
"Ag00001aa012742_T001",TRUE,"Master Protein","Ag00001aa012742_T001",6,9,10,1831,NA,1.111,0.478314878269274,0.934745394368144,100.8,112,12.24,2.9,284.5,197.8,261.6,350.3,352.3,272.9,512.6,418.5,528.8,590.1,557.3,569.6,"High","High","High","High","High","High"
"Ag00001aa124039_T001",TRUE,"Master Protein","Ag00001aa124039_T001",25,5,17,269,NA,1.472,NA,NA,32.1,47.3,27.46,NA,2.3,3.3,3.5,6.1,0,0,4.1,7,7.1,10.3,0,0,"High","High","High","High","Not Found","Not Found"
"Ag00001aa098373_T001",TRUE,"Master Protein","Ag00001aa098373_T001",9,6,8,988,NA,1.29,0.0441152917999682,0.168218220339792,78.9,101.8,15.94,4.66,73.2,47.1,66.6,101,115.5,80.3,131.9,99.7,134.6,170.2,182.7,167.6,"High","High","High","High","High","High"
"Ag00001aa083170_T001",TRUE,"Master Protein","Ag00001aa083170_T001",20,6,8,431,NA,1.792,0.0255964258805903,0.11537753541788,67,120.1,21.17,3.48,128.7,99.2,74.7,223.3,226,183.2,231.9,209.9,151,376.2,357.5,382.3,"High","High","High","High","High","High"
"Ag00001aa091530_T001",TRUE,"Master Protein","Ag00001aa091530_T001",17,4,8,335,NA,1.226,0.996709152600476,1,155.8,191.1,40.94,16.48,123.1,170.3,80.3,176.3,171.9,102.2,221.8,360.3,162.3,297,271.9,213.3,"High","High","High","High","High","High"
"Ag00001aa105769_T002",TRUE,"Master Protein","Ag00001aa105769_T002",19,5,31,383,NA,0.873,0.999999986577786,1,97.5,85.1,16.24,16.56,16.4,13.5,10.7,14.8,14.5,15,29.5,28.6,21.6,24.9,22.9,31.3,"High","High","High","High","High","High"
"Ag00001aa080969_T001",TRUE,"Master Protein","Ag00001aa080969_T001",27,8,12,473,NA,0.949,0.999888962236899,1,56.1,53.3,14.38,10.32,172.6,110.2,133,168.6,146.1,122.3,311,233.2,268.8,284,231.1,255.2,"High","High","High","High","High","High"
"Ag00001aa066994_T001",TRUE,"Master Protein","Ag00001aa066994_T001",30,7,17,261,NA,1.615,0.17868297131417,0.463618145241273,101.2,163.5,12,7.45,421.9,295.5,305.6,606,562.6,483.8,760.1,625.2,617.7,1020.9,890,1009.7,"High","High","High","High","High","High"
"Ag00001aa022074_T001",TRUE,"Master Protein","Ag00001aa022074_T001",33,6,16,209,NA,NA,NA,NA,NA,NA,NA,NA,NA,NA,NA,NA,NA,NA,NA,NA,NA,NA,NA,NA,"High","High","High","High","High","High"
"Ag00001aa022663_T001",TRUE,"Master Protein","Ag00001aa022663_T001",36,6,11,272,NA,0.917,0.987077282763216,1,115.6,106,4.41,10.33,180.4,165.8,173.9,216,203.3,142.3,325,350.8,351.5,363.9,321.6,297,"High","High","High","High","High","High"
"Ag00001aa101319_T002",TRUE,"Master Protein","Ag00001aa101319_T002",24,6,11,315,NA,0.899,0.341032271342353,0.737377106287766,50.8,45.7,7.35,16.64,28.4,23.9,28.5,27.3,29.6,16.4,51.2,50.6,57.6,46,46.8,34.2,"High","High","High","High","High","High"
"Ag00001aa020709_T002",TRUE,"Master Protein","Ag00001aa020709_T002",17,8,11,569,NA,0.688,0.105546851013081,0.318578541312879,168.9,116.1,9.84,8.17,423.2,306.3,386.2,271.8,337.3,251.2,762.5,648,780.7,457.9,533.6,524.3,"High","High","High","High","High","High"
"Ag00001aa118351_T001",TRUE,"Master Protein","Ag00001aa118351_T001",19,6,18,447,NA,0.864,0.0785319559927448,0.255547809289156,56.2,48.5,7.26,19.35,45.6,44.3,41.4,46.8,45.7,25.6,82.2,93.7,83.7,78.8,72.3,53.4,"High","High","High","High","High","High"
"Ag00001aa091950_T002",TRUE,"Master Protein","Ag00001aa091950_T002",12,4,5,584,NA,0.827,0.928124894596189,1,170.2,140.7,15.91,6.29,142.6,94.5,135.5,135.8,134.3,96.8,256.9,199.9,273.9,228.8,212.4,202,"High","High","High","High","High","High"
"Ag00001aa040276_T001",TRUE,"Master Protein","Ag00001aa040276_T001",17,5,12,514,NA,1.024,0.999999145308431,1,82.9,84.9,3.6,5.11,231,183.1,200.2,226.4,262,201,416.2,387.4,404.7,381.4,414.5,419.5,"High","High","High","High","High","High"
"Ag00001aa117955_T001",TRUE,"Master Protein","Ag00001aa117955_T001",14,8,10,840,NA,1.128,0.992098192247619,1,87.4,98.7,16.34,10.33,183.7,118,126.1,194.5,181.8,128.4,331,249.7,254.9,327.7,287.6,268,"High","High","High","High","High","High"
"Ag00001aa044048_T001",TRUE,"Master Protein","Ag00001aa044048_T001",16,6,23,328,NA,4.658,2.02985811419421e-05,0.000764355418798311,77.8,362.4,8,10.6,365.3,348.6,313.7,1708.9,2231,1469,658.2,737.5,634.1,2878.9,3529.2,3065.9,"High","High","High","High","High","High"
"Ag00001aa042357_T001",TRUE,"Master Protein","Ag00001aa042357_T001",16,5,9,472,NA,1.073,0.975255678504412,1,121.1,129.9,7.96,7.66,169.6,124,135.6,174.6,201.4,131,305.6,262.4,274.1,294.1,318.6,273.4,"High","High","High","High","High","High"
"Ag00001aa085673_T001",TRUE,"Master Protein","Ag00001aa085673_T001",18,7,12,347,NA,0.972,0.99999960658255,1,96.8,94.1,10.6,10.62,172.1,130.7,124.2,154.2,199.4,128.8,310.1,276.5,251.1,259.8,315.4,268.8,"High","High","High","High","High","High"
"Ag00001aa002167_T001",TRUE,"Master Protein","Ag00001aa002167_T001",44,5,8,213,NA,1.148,0.179434381401999,0.464386309999788,74.3,85.3,4.06,8.5,72.3,64.3,69.9,106.8,98.3,74.8,130.3,136,141.3,179.9,155.5,156.1,"High","High","High","High","High","High"
"Ag00001aa072586_T001",TRUE,"Master Protein","Ag00001aa072586_T001",14,7,11,716,NA,1.274,0.309128354427593,0.685941487258993,75.1,95.8,17.29,13.89,148,107.6,93,165.3,183.4,171.5,266.7,227.7,188,278.5,290.1,357.9,"High","High","High","High","High","High"
"Ag00001aa033917_T004",TRUE,"Master Protein","Ag00001aa033917_T004",16,4,16,355,NA,0.984,0.999543187506652,1,67.2,66.1,10.44,11.9,45.4,37.7,33.2,46.6,45.9,43.8,81.8,79.8,67.1,78.5,72.6,91.4,"High","High","High","High","High","High"
"Ag00001aa069071_T001",TRUE,"Master Protein","Ag00001aa069071_T001",28,5,9,246,NA,0.986,NA,NA,30.1,29.7,NA,NA,0,2.1,0,2.6,0,0,0,4.4,0,4.4,0,0,"High","High","High","High","Not Found","Not Found"
"Ag00001aa095351_T002",TRUE,"Master Protein","Ag00001aa095351_T002",16,5,17,436,NA,0.626,0.0160641464274019,0.0817998278665996,109.6,68.6,13.19,14.17,38.8,43.1,40.1,26.1,32.1,28,69.9,91.2,81.1,44,50.8,58.4,"High","High","High","High","High","High"
"Ag00001aa082008_T001",TRUE,"Master Protein","Ag00001aa082008_T001",21,5,12,354,NA,0.982,0.999776784498289,1,114,111.9,8.49,4.75,140.4,107.9,133.9,147.5,157,129.1,253,228.3,270.7,248.5,248.4,269.4,"High","High","High","High","High","High"
"Ag00001aa137535_T001",TRUE,"Master Protein","Ag00001aa137535_T001",33,5,10,255,NA,1.04,0.999999229645759,1,86.7,90.2,2.92,19.58,93,77.9,78.3,117.1,108.4,63.4,167.6,164.8,158.3,197.3,171.5,132.3,"High","High","High","High","High","High"
"Ag00001aa000745_T001",TRUE,"Master Protein","Ag00001aa000745_T001",17,5,22,302,NA,1.091,0.890656888991067,1,71.9,78.4,11.53,3.98,434.2,320.4,309.1,450.6,467.5,336.2,782.3,677.9,624.8,759.1,739.5,701.7,"High","High","High","High","High","High"
"Ag00001aa069771_T001",TRUE,"Master Protein","Ag00001aa069771_T001",21,5,9,313,NA,1.604,0.071618928956535,0.237527311897588,73.5,117.8,27.89,5.33,24,14.5,12.5,29.2,31.9,21.8,43.2,30.7,25.3,49.2,50.5,45.5,"High","High","High","High","High","High"
"Ag00001aa143197_T001",TRUE,"Master Protein","Ag00001aa143197_T001",19,6,17,471,NA,0.902,0.999999420035605,1,59.5,53.7,13.73,17.96,199.1,154.7,134.6,226.3,173,141.5,358.7,327.3,272.1,381.2,273.7,295.3,"High","High","High","High","High","High"
"Ag00001aa060566_T001",TRUE,"Master Protein","Ag00001aa060566_T001",49,4,7,111,NA,1.395,0.363433695057213,0.77263695642024,16.6,23.2,17.28,35.4,30,18,23.9,64.5,35.8,32.3,54.1,38.1,48.3,108.7,56.6,67.4,"High","High","High","High","High","High"
"Ag00001aa113139_T002",TRUE,"Master Protein","Ag00001aa113139_T002",5,5,18,1007,NA,NA,NA,NA,NA,NA,NA,NA,NA,NA,NA,NA,NA,NA,NA,NA,NA,NA,NA,NA,"High","High","High","High","High","High"
"Ag00001aa084387_T001",TRUE,"Master Protein","Ag00001aa084387_T001",31,6,8,367,NA,1.277,0.974733354471643,1,43.4,55.4,9.71,37.36,53.8,47.5,41.2,73.5,113.6,40.1,96.9,100.5,83.3,123.8,179.7,83.7,"High","High","High","High","High","High"
"Ag00001aa126186_T002",TRUE,"Master Protein","Ag00001aa126186_T002",19,6,15,400,NA,NA,NA,NA,NA,NA,NA,NA,NA,NA,NA,NA,NA,NA,NA,NA,NA,NA,NA,NA,"High","High","High","High","High","High"
"Ag00001aa033447_T001",TRUE,"Master Protein","Ag00001aa033447_T001",13,6,8,531,NA,1.129,0.623505086752083,1,94.7,106.9,8.9,8.76,101.8,72.7,86.3,110.5,124.5,105.7,183.4,153.8,174.4,186.2,196.9,220.6,"High","High","High","High","High","High"
"Ag00001aa105609_T001",TRUE,"Master Protein","Ag00001aa105609_T001",32,5,12,171,NA,1.177,0.983541123831103,1,111.6,131.4,14.29,13.28,356.6,237.7,251.9,415.9,379,258.5,642.5,502.9,509.2,700.7,599.5,539.5,"High","High","High","High","High","High"
"Ag00001aa095660_T001",TRUE,"Master Protein","Ag00001aa095660_T001",20,8,9,494,NA,0.866,0.620646281570795,1,88.3,76.5,15.61,4.67,115.8,81,116.3,107.2,116.3,80.6,208.6,171.4,235.1,180.6,184,168.2,"High","High","High","High","High","High"
"Ag00001aa030165_T002",TRUE,"Master Protein","Ag00001aa030165_T002",21,5,15,361,NA,1.739,0.0132738306083781,0.0708929030654939,95.3,165.7,19.35,8.64,653.1,420.7,408.8,830.6,978.6,797.4,1176.7,890.1,826.3,1399.3,1548.1,1664.2,"High","High","High","High","High","High"
"Ag00001aa091931_T001",TRUE,"Master Protein","Ag00001aa091931_T001",42,6,14,168,NA,1.056,0.999980938109638,1,68.9,72.8,7.53,10.97,321,302.8,274.3,392.5,386.2,254.2,578.4,640.6,554.5,661.2,610.9,530.5,"High","High","High","High","High","High"
"Ag00001aa072392_T001",TRUE,"Master Protein","Ag00001aa072392_T001",9,8,10,1028,NA,0.875,0.999909779258738,1,127,111.2,24.85,14.15,206,109.1,182.6,205.9,204.2,125.4,371.2,230.8,369.1,346.9,323,261.7,"High","High","High","High","High","High"
"Ag00001aa088164_T001",TRUE,"Master Protein","Ag00001aa088164_T001",39,4,30,131,NA,0.857,0.430747985955899,0.868051149242882,42.8,36.7,14.52,3.07,27.1,17.5,19.9,21.2,21.8,16.1,48.8,37,40.2,35.7,34.5,33.6,"High","High","High","High","High","High"
"Ag00001aa153066_T001",TRUE,"Master Protein","Ag00001aa153066_T001",25,6,9,338,NA,0.826,0.900885332798069,1,62.4,51.5,3.69,13.32,61.7,51.1,51.1,53,64.9,37.7,111.2,108.1,103.3,89.3,102.7,78.7,"High","High","High","High","High","High"
"Ag00001aa051295_T004",TRUE,"Master Protein","Ag00001aa051295_T004",39,6,26,170,"Met-loss+Acetyl [N-Term]",1.487,0.00795153082716316,0.0493132997388445,86.3,128.3,19.13,8.66,646.2,682.8,489.7,1027.9,996.6,898.8,1164.3,1444.6,989.9,1731.7,1576.5,1875.8,"High","High","High","High","High","High"
"Ag00001aa005644_T001",TRUE,"Master Protein","Ag00001aa005644_T001",29,6,10,371,NA,0.753,0.0404575722118518,0.158897131527714,100,75.3,3.44,5.25,114.1,103.9,103.9,93.9,103.5,70.7,205.6,219.8,210,158.2,163.7,147.6,"High","High","High","High","High","High"
"Ag00001aa096860_T002",TRUE,"Master Protein","Ag00001aa096860_T002",24,6,11,357,NA,0.918,0.990703104070161,1,74.3,68.2,14.41,6.42,131,118.3,93.2,131.7,124,103.8,236,250.3,188.4,221.9,196.2,216.6,"High","High","High","High","High","High"
"Ag00001aa009190_T001",TRUE,"Master Protein","Ag00001aa009190_T001",21,7,18,345,NA,NA,NA,NA,NA,NA,NA,NA,NA,NA,NA,NA,NA,NA,NA,NA,NA,NA,NA,NA,"Not Found","Not Found","Not Found","Not Found","Not Found","Not Found"
"Ag00001aa000789_T001",TRUE,"Master Protein","Ag00001aa000789_T001",17,7,13,573,NA,0.901,0.90832223684706,1,121.4,109.4,6.96,4.68,267,203.2,242.5,239.5,274,211.4,481.1,429.9,490.2,403.5,433.4,441.2,"High","High","High","High","High","High"
"Ag00001aa076051_T001",TRUE,"Master Protein","Ag00001aa076051_T001",21,4,43,179,NA,0.487,0.0186203875214562,0.0916069261014305,201.5,98.1,10.53,8.56,1388,1306.5,1106.9,769.4,769.5,523.3,2500.8,2764.2,2237.5,1296.2,1217.3,1092.2,"High","High","High","High","High","High"
"Ag00001aa084371_T001",TRUE,"Master Protein","Ag00001aa084371_T001",17,5,9,423,NA,0.725,0.978170945101281,1,205.3,148.9,20.32,3.13,193,112.7,172.4,151.5,152,120.8,347.7,238.4,348.5,255.2,240.4,252.1,"High","High","High","High","High","High"
"Ag00001aa103035_T001",TRUE,"Master Protein","Ag00001aa103035_T001",26,6,13,260,NA,1.067,0.999999982241938,1,121.4,129.5,18.2,24.13,317.2,187,255.9,351.3,348.9,174.7,571.5,395.6,517.3,591.8,551.9,364.6,"High","High","High","High","High","High"
"Ag00001aa014749_T001",TRUE,"Master Protein","Ag00001aa014749_T001",26,5,10,144,NA,1.224,0.98189961183371,1,94.9,116.2,19.6,8.98,72.1,83.4,62.1,95.1,86,76.2,129.9,176.5,125.5,160.2,136,159,"High","High","High","High","High","High"
"Ag00001aa034956_T001",TRUE,"Master Protein","Ag00001aa034956_T001",37,8,17,216,NA,1.275,0.342783806153023,0.740559666769098,106.2,135.4,18.09,6.27,1104.5,661.5,942.4,1598.2,1535.3,1155.6,1990,1399.6,1904.9,2692.4,2428.7,2411.8,"High","High","High","High","High","High"
"Ag00001aa053278_T001",TRUE,"Master Protein","Ag00001aa053278_T001",20,4,13,279,NA,1.263,0.925268328623227,1,204.9,258.8,38.19,54.04,414.7,172.5,225.6,296.6,364,606.1,747.2,365,456,499.7,575.8,1265,"High","High","High","High","High","High"
"Ag00001aa015365_T001",TRUE,"Master Protein","Ag00001aa015365_T001",15,6,11,472,NA,0.894,0.9480241642428,1,61.7,55.2,26.9,7.09,32.1,36.7,22.5,30.7,29.6,25.8,57.8,77.6,45.5,51.7,46.8,53.8,"High","High","High","High","High","High"
"Ag00001aa049223_T001",TRUE,"Master Protein","Ag00001aa049223_T001",14,5,7,549,NA,1.001,0.989932801458669,1,122.9,123,12.76,10.56,41.2,33,43.9,44.1,41.4,38.8,74.2,69.8,88.7,74.3,65.5,81,"High","High","High","High","High","High"
"Ag00001aa009817_T004",TRUE,"Master Protein","Ag00001aa009817_T004",13,6,11,604,NA,1.124,0.198376601363543,0.498156834186832,88.2,99.2,13.52,4.54,141.9,93.3,122.5,175.8,176,130,255.7,197.4,247.6,296.2,278.4,271.3,"High","High","High","High","High","High"
"Ag00001aa143830_T002",TRUE,"Master Protein","Ag00001aa143830_T002",19,6,10,438,NA,0.909,0.994347156813601,1,98.9,89.9,6.62,16.01,191.5,148.8,177.5,186.2,169,176.6,345,314.8,358.8,313.7,267.3,368.6,"High","High","High","High","High","High"
"Ag00001aa069870_T002",TRUE,"Master Protein","Ag00001aa069870_T002",27,3,6,224,NA,NA,NA,NA,NA,NA,NA,NA,NA,NA,NA,NA,NA,NA,NA,NA,NA,NA,NA,NA,"Not Found","Not Found","Not Found","Not Found","Not Found","Not Found"
"Ag00001aa069947_T001",TRUE,"Master Protein","Ag00001aa069947_T001",18,10,12,868,NA,0.788,0.003923800237988,0.0296254996745904,117.2,92.3,13.91,3.49,160.9,130.8,176.4,141.1,140.2,109.4,289.9,276.7,356.6,237.7,221.8,228.3,"High","High","High","High","High","High"
"Ag00001aa143849_T002",TRUE,"Master Protein","Ag00001aa143849_T002",22,6,8,323,NA,0.737,0.0204591578927522,0.0981765869162441,140.3,103.4,3.63,1.25,283.4,247.3,271.2,226.3,247.1,184.8,510.6,523.2,548.2,381.2,390.9,385.7,"High","High","High","High","High","High"
"Ag00001aa134618_T003",TRUE,"Master Protein","Ag00001aa134618_T003",17,8,9,612,NA,0.651,0.20895036829026,0.517405046599483,203,132.2,21.13,8.69,290.9,172.5,274.1,174.9,218.8,163.6,524.1,365,554.1,294.6,346.1,341.4,"High","High","High","High","High","High"
"Ag00001aa045319_T003",TRUE,"Master Protein","Ag00001aa045319_T003",7,6,9,1154,NA,0.629,0.0105064930470302,0.0603496919988914,141.5,89,22.02,4.39,172.4,118.9,193.4,115.9,132.8,93.2,310.6,251.6,390.9,195.3,210.1,194.5,"High","High","High","High","High","High"
"Ag00001aa129540_T002",TRUE,"Master Protein","Ag00001aa129540_T002",16,7,11,465,NA,0.627,0.0641206711915971,0.218840251793086,106.8,67,5.38,13.1,231.3,217,208.4,151.2,167.1,154.6,416.7,459.1,421.3,254.7,264.3,322.7,"High","High","High","High","High","High"
"Ag00001aa002585_T003",TRUE,"Master Protein","Ag00001aa002585_T003",16,6,12,402,NA,1.452,0.655335922354087,1,67.4,97.9,6.05,15.38,92.6,80,92.1,145.9,156.2,89.2,166.8,169.3,186.2,245.8,247.1,186.2,"High","High","High","High","High","High"
"Ag00001aa084905_T001",TRUE,"Master Protein","Ag00001aa084905_T001",4,7,15,2264,NA,1.053,0.936370310114501,1,110.2,116.1,31.83,7.89,188.4,82.3,148.2,188.9,199.4,132,339.4,174.1,299.6,318.2,315.4,275.5,"High","High","High","High","High","High"
"Ag00001aa141867_T001",TRUE,"Master Protein","Ag00001aa141867_T001",17,4,8,368,NA,0.913,0.99769936202915,1,170.9,156.1,16.29,23.18,31,20.3,20.9,21.3,24.8,26.2,55.9,42.9,42.2,35.9,39.2,54.7,"High","High","High","High","High","High"
"Ag00001aa095126_T001",TRUE,"Master Protein","Ag00001aa095126_T001",20,7,9,480,NA,1.563,0.00750537746983448,0.0477061806322599,63.5,99.3,8.43,1.43,45.2,42.7,47.7,83.8,87.4,68.1,81.4,90.3,96.4,141.2,138.3,142.1,"High","High","High","High","High","High"
"Ag00001aa108048_T001",TRUE,"Master Protein","Ag00001aa108048_T001",17,4,10,297,NA,2.754,0.036884375984984,0.148735575364249,85.4,235.3,15.94,24.63,241.8,247.6,189.3,712.2,1104.1,544.8,435.7,523.9,382.6,1199.8,1746.6,1137,"High","High","High","High","High","High"
"Ag00001aa121061_T001",TRUE,"Master Protein","Ag00001aa121061_T001",29,7,15,375,NA,0.858,0.25269367847487,0.595283511093889,80.6,69.2,2.3,3.48,158.1,128.9,136.2,148.4,149.4,112.5,284.9,272.7,275.3,250,236.3,234.8,"High","High","High","High","High","High"
"Ag00001aa144456_T001",TRUE,"Master Protein","Ag00001aa144456_T001",29,5,17,249,NA,1.381,0.0354183666705835,0.144783431308528,90.6,125.1,17.14,2.56,449.6,312.6,286.4,542.3,555.2,441.7,810.1,661.4,578.9,913.6,878.3,921.8,"High","High","High","High","High","High"
"Ag00001aa079831_T001",TRUE,"Master Protein","Ag00001aa079831_T001",16,7,11,404,NA,1.045,0.999618015594507,1,116.9,122.2,11.39,8.13,147.6,114.8,104.6,156.7,160.5,107.9,265.9,242.9,211.4,264,253.9,225.2,"High","High","High","High","High","High"
"Ag00001aa036621_T002",TRUE,"Master Protein","Ag00001aa036621_T002",28,8,14,384,NA,0.995,0.999999874847978,1,95,94.6,3.88,3.06,268.5,230.7,224.7,285.8,291.3,234.3,483.8,488.1,454.2,481.5,460.8,489,"High","High","High","High","High","High"
"Ag00001aa009208_T002",TRUE,"Master Protein","Ag00001aa009208_T002",12,5,9,675,NA,0.992,0.999406949400086,1,92.5,91.8,23.79,4,110.9,70.3,62.5,87.6,93,75.6,199.8,148.7,126.3,147.6,147.1,157.8,"High","High","High","High","High","High"
"Ag00001aa010341_T001",TRUE,"Master Protein","Ag00001aa010341_T001",34,6,10,198,NA,1.123,0.739372278347092,1,116.8,131.2,6.6,27.05,19.4,15.9,18.9,23.3,35.9,16.5,35,33.6,38.2,39.3,56.8,34.4,"Not Found","Not Found","Not Found","Not Found","Not Found","Not Found"
"Ag00001aa133652_T001",TRUE,"Master Protein","Ag00001aa133652_T001",30,7,17,261,NA,1.623,0.546769198061613,1,28.7,46.6,20.36,21.66,26.8,16.1,17.3,47.6,35.1,27.2,48.3,34.1,35,80.2,55.5,56.8,"High","High","High","High","High","High"
"Ag00001aa094889_T001",TRUE,"Master Protein","Ag00001aa094889_T001",35,4,8,223,NA,1.051,0.998578519383011,1,30.3,31.8,8.08,36.33,13.7,10.3,12.6,22.3,16.4,8.6,24.7,21.8,25.5,37.6,25.9,17.9,"High","High","High","High","High","High"
"Ag00001aa070623_T004",TRUE,"Master Protein","Ag00001aa070623_T004",41,6,11,203,NA,0.489,0.000128006827737503,0.00266710729541183,184.3,90.2,20.21,6.82,240.6,309.6,280.6,146.9,177.4,133,433.5,655,567.2,247.5,280.6,277.6,"High","High","High","High","High","High"
"Ag00001aa041745_T001",TRUE,"Master Protein","Ag00001aa041745_T001",17,3,6,284,NA,0.81,0.374357506325126,0.784800837358462,147.9,119.8,7.5,2.99,119.9,118.4,113.4,105.9,119.6,89,216,250.5,229.2,178.4,189.2,185.7,"High","High","High","High","High","High"
"Ag00001aa054630_T002",TRUE,"Master Protein","Ag00001aa054630_T002",31,5,10,264,NA,2.217,8.34944080757571e-05,0.002049611442733,78.1,173.2,11.62,5.89,55.9,56.9,48.3,134.2,128.1,107,100.7,120.4,97.6,226.1,202.6,223.3,"High","High","High","High","High","High"
"Ag00001aa109805_T002",TRUE,"Master Protein","Ag00001aa109805_T002",17,6,11,479,NA,3.665,0.00155633239751585,0.0153419102676541,58.1,213.1,3.78,11.65,175.2,143.5,144.8,626.1,703.5,628.8,315.7,303.6,292.7,1054.8,1112.9,1312.3,"High","High","High","High","High","High"
"Ag00001aa102060_T001",TRUE,"Master Protein","Ag00001aa102060_T001",16,6,10,548,NA,1.245,0.522541195835021,0.988766927287064,94,117.1,8.12,4.27,175.2,131.8,134.6,209.6,205.7,166.4,315.7,278.9,272.1,353.1,325.4,347.3,"High","High","High","High","High","High"
"Ag00001aa022657_T001",TRUE,"Master Protein","Ag00001aa022657_T001",21,5,9,306,NA,1.207,0.27597921786665,0.631628595583646,75.2,90.8,8.71,4.21,161.8,138.2,123.7,208.9,234.9,164,291.5,292.4,250,351.9,371.6,342.3,"High","High","High","High","High","High"
"Ag00001aa116873_T001",TRUE,"Master Protein","Ag00001aa116873_T001",27,6,10,369,NA,1.307,0.161613920604738,0.432947168430731,62.5,81.6,14.7,0.99,176.3,138.6,117.1,226.4,245.7,183.6,317.6,293.2,236.7,381.4,388.7,383.2,"High","High","High","High","High","High"
"Ag00001aa010636_T001",TRUE,"Master Protein","Ag00001aa010636_T001",25,7,11,420,NA,2.222,5.42754023502567e-06,0.000643262778228948,92.6,205.9,3.77,7.75,214.3,169.6,181.7,454.6,516,427.8,386.1,358.8,367.3,765.8,816.3,892.8,"High","High","High","High","High","High"
"Ag00001aa051018_T001",TRUE,"Master Protein","Ag00001aa051018_T001",8,5,35,714,NA,0.287,0.111620284397214,0.332281890707131,198.2,56.8,8.61,21.9,138.7,138.5,127.5,30.5,50.4,35.4,249.9,293,257.7,51.4,79.7,73.9,"High","High","High","High","High","High"
"Ag00001aa152518_T003",TRUE,"Master Protein","Ag00001aa152518_T003",21,7,10,478,NA,1.51,0.0376446335845148,0.150401858216643,81,122.3,6.01,9.4,129.4,118.6,110.3,198.4,222.6,191.7,233.1,250.9,223,334.2,352.1,400.1,"High","High","High","High","High","High"
"Ag00001aa118570_T001",TRUE,"Master Protein","Ag00001aa118570_T001",20,6,8,540,NA,1.038,0.999999683227706,1,89.5,92.8,8.11,6.86,167.2,124.7,129.3,177,173.1,124.9,301.2,263.8,261.4,298.2,273.8,260.7,"High","High","High","High","High","High"
"Ag00001aa115597_T001",TRUE,"Master Protein","Ag00001aa115597_T001",24,5,9,396,NA,0.809,0.485640745533688,0.943644173419935,107.4,86.8,14.96,8.61,31.4,20,26.8,26,28.9,18.5,56.6,42.3,54.2,43.8,45.7,38.6,"High","High","High","High","High","High"
"Ag00001aa097695_T001",TRUE,"Master Protein","Ag00001aa097695_T001",60,7,9,161,NA,0.975,0.99920614995903,1,41,40,6.33,5.77,60.6,58.3,56,67.6,64.3,52.9,109.2,123.3,113.2,113.9,101.7,110.4,"High","High","High","High","High","High"
"Ag00001aa117519_T001",TRUE,"Master Protein","Ag00001aa117519_T001",56,4,9,90,"Met-loss [N-Term]",0.4,0.0413172018199855,0.160921049441369,178.9,71.6,8.47,18.68,82.9,76.4,87.5,51.6,39.8,31,149.4,161.6,176.9,86.9,63,64.7,"High","High","High","High","High","High"
"Ag00001aa114344_T001",TRUE,"Master Protein","Ag00001aa114344_T001",42,6,13,168,NA,1.514,0.0404310346942567,0.158897131527714,29.3,44.3,16.39,2.67,3.2,0,3.6,5.7,6.4,4.7,5.8,0,7.3,9.6,10.1,9.8,"High","Not Found","High","High","High","High"
"Ag00001aa000107_T002",TRUE,"Master Protein","Ag00001aa000107_T002",18,6,11,478,NA,1.121,0.856783742952969,1,84.5,94.7,4.37,3.28,358.4,333,337,453.2,476,383.9,645.7,704.5,681.2,763.5,753,801.2,"High","High","High","High","High","High"
"Ag00001aa082621_T001",TRUE,"Master Protein","Ag00001aa082621_T001",22,5,8,426,NA,0.973,0.999999883073618,1,82.8,80.6,14.78,10.68,66.4,48.2,44.1,58.9,59.2,55,119.6,102,89.1,99.2,93.6,114.8,"High","High","High","High","High","High"
"Ag00001aa072229_T001",TRUE,"Master Protein","Ag00001aa072229_T001",20,6,8,473,NA,1.563,0.747134495588472,1,26.3,41.1,4.8,13.79,7.8,7.3,7.2,13.5,11.9,11.9,14.1,15.4,14.6,22.7,18.8,24.8,"High","High","High","High","High","High"
"Ag00001aa106563_T001",TRUE,"Master Protein","Ag00001aa106563_T001",45,4,22,136,NA,0.604,0.82831076404372,1,141.1,85.2,17.48,4.67,107.2,125.2,132.5,102.7,100.9,76.6,193.1,264.9,267.8,173,159.6,159.9,"High","High","High","High","High","High"
"Ag00001aa037090_T001",TRUE,"Master Protein","Ag00001aa037090_T001",14,10,14,937,NA,0.99,0.895637857674661,1,112.4,111.2,22.59,7.49,274.2,147.5,220.5,296.6,277.4,211.4,494,312.1,445.7,499.7,438.8,441.2,"High","High","High","High","High","High"
"Ag00001aa027961_T001",TRUE,"Master Protein","Ag00001aa027961_T001",18,6,10,511,NA,0.453,3.62910871900546e-05,0.00117691748879203,217.2,98.3,20.04,4.55,202.1,256.5,216.3,117.5,130.2,90.1,364.1,542.7,437.2,197.9,206,188,"High","High","High","High","High","High"
"Ag00001aa068127_T001",TRUE,"Master Protein","Ag00001aa068127_T001",18,6,8,363,NA,1.173,0.995405698770403,1,152.1,178.5,16.06,8.38,161,103.3,111.8,146.7,167.6,139.8,290.1,218.6,226,247.1,265.1,291.8,"High","High","High","High","High","High"
"Ag00001aa086308_T001",TRUE,"Master Protein","Ag00001aa086308_T001",11,6,9,667,NA,0.618,0.0795880261332099,0.257542789968937,173.4,107.2,15.54,16.83,40.4,25.3,33.8,30.9,26.7,18,72.8,53.5,68.3,52.1,42.2,37.6,"High","High","High","High","High","High"
"Ag00001aa124181_T001",TRUE,"Master Protein","Ag00001aa124181_T001",28,6,9,362,NA,0.89,0.923527296712118,1,141.3,125.7,7.54,10.68,154.3,139.9,125.9,146.8,172.2,105.3,278,296,254.5,247.3,272.4,219.8,"High","High","High","High","High","High"
"Ag00001aa042962_T002",TRUE,"Master Protein","Ag00001aa042962_T002",9,8,9,1088,NA,2.47,0.00803533832804659,0.0493253475115423,45.8,113,5.52,11.31,75.4,61.6,60.2,210,203.5,135,135.9,130.3,121.7,353.8,321.9,281.8,"High","High","High","High","High","High"
"Ag00001aa035340_T001",TRUE,"Master Protein","Ag00001aa035340_T001",16,5,9,469,NA,0.707,0.235506706092761,0.567091489585359,138.3,97.8,4.34,2.46,326.3,302.4,309.4,268.8,272.5,211.9,587.9,639.8,625.4,452.8,431.1,442.2,"High","High","High","High","High","High"
"Ag00001aa002088_T001",TRUE,"Master Protein","Ag00001aa002088_T001",21,8,13,440,NA,0.963,0.997137691554385,1,78.8,75.9,4.12,8.31,172,151,145.6,184.6,188.6,126.6,309.9,319.5,294.3,311,298.3,264.2,"High","High","High","High","High","High"
"Ag00001aa003223_T003",TRUE,"Master Protein","Ag00001aa003223_T003",26,5,11,261,NA,0.817,0.132369782212496,0.378453415955026,144.5,118,6.15,0.83,161,151.4,161.1,155.3,166.6,124.2,290.1,320.3,325.6,261.6,263.5,259.2,"High","High","High","High","High","High"
"Ag00001aa152213_T001",TRUE,"Master Protein","Ag00001aa152213_T001",13,6,10,566,NA,0.576,0.00570390448824831,0.0390124153176146,191.5,110.4,21.26,7.83,565.9,670,484.6,348.9,331.8,293.3,1019.6,1417.5,979.6,587.8,524.9,612.1,"High","High","High","High","High","High"
"Ag00001aa012513_T003",TRUE,"Master Protein","Ag00001aa012513_T003",31,7,9,290,NA,0.875,0.728271041051349,1,105.9,92.7,4.74,8.37,121.1,110.4,105.6,124.7,112.5,91.5,218.2,233.6,213.5,210.1,178,191,"High","High","High","High","High","High"
"Ag00001aa017260_T001",TRUE,"Master Protein","Ag00001aa017260_T001",23,3,8,178,NA,1.203,0.916898951914518,1,112.5,135.4,21.52,10.07,63.8,35.8,43.7,70.9,67.2,46.9,115,75.7,88.3,119.4,106.3,97.9,"High","High","High","High","High","High"
"Ag00001aa065283_T001",TRUE,"Master Protein","Ag00001aa065283_T001",8,5,7,888,NA,2.853,0.000245803354777974,0.00431042463386202,91.4,260.8,5.03,1.73,40.9,31.5,35,116.4,127.9,96.7,73.7,66.6,70.7,196.1,202.3,201.8,"High","High","High","High","High","High"
"Ag00001aa117226_T002",TRUE,"Master Protein","Ag00001aa117226_T002",20,7,12,371,NA,0.912,0.999999999006084,1,88.8,80.9,2.07,21.04,110.1,92.4,94.2,105.8,107.4,117.8,198.4,195.5,190.4,178.2,169.9,245.9,"High","High","High","High","High","High"
"Ag00001aa042735_T001",TRUE,"Master Protein","Ag00001aa042735_T001",39,4,13,185,NA,1.8,0.226646396473935,0.551599916195794,48.7,87.6,13.45,4.32,180.6,120.8,131,281.4,301.3,245.2,325.4,255.6,264.8,474.1,476.6,511.7,"High","High","High","High","High","High"
"Ag00001aa080313_T001",TRUE,"Master Protein","Ag00001aa080313_T001",27,5,15,173,NA,1.296,0.228747430134616,0.554671794983591,105.2,136.4,7,9.51,679.2,516.3,534.9,951.4,843,678.3,1223.7,1092.4,1081.2,1602.8,1333.5,1415.6,"High","High","High","High","High","High"
"Ag00001aa074963_T001",TRUE,"Master Protein","Ag00001aa074963_T001",20,4,7,322,NA,0.704,0.00679215807236178,0.0445018910975303,136.7,96.2,8.6,8.3,415.8,420.6,404,341.2,357,314,749.2,889.9,816.6,574.8,564.7,655.3,"High","High","High","High","High","High"
"Ag00001aa051103_T001",TRUE,"Master Protein","Ag00001aa051103_T001",22,7,12,424,NA,1.085,0.882254402117861,1,82.6,89.6,5.09,1.99,296.5,228.2,249.6,333.8,346.1,259.2,534.2,482.8,504.5,562.3,547.5,541,"High","High","High","High","High","High"
"Ag00001aa142538_T001",TRUE,"Master Protein","Ag00001aa142538_T001",25,5,12,340,NA,1.047,0.846206959251518,1,78.5,82.1,6.97,3.2,119.7,94.3,113.5,140.6,142.7,106.9,215.7,199.5,229.4,236.9,225.7,223.1,"High","High","High","High","High","High"
"Ag00001aa009023_T001",TRUE,"Master Protein","Ag00001aa009023_T001",16,6,8,567,NA,1.391,0.357803863851769,0.763118548565746,97.4,135.4,10.24,11.88,39.9,27.8,31.4,56.4,55.8,35.9,71.9,58.8,63.5,95,88.3,74.9,"High","High","High","High","High","High"
"Ag00001aa074156_T001",TRUE,"Master Protein","Ag00001aa074156_T001",25,6,11,314,NA,1.084,0.981610736927018,1,105.4,114.2,9.62,4.18,198.6,194.4,170,235.2,230.9,185.8,357.8,411.3,343.6,396.2,365.3,387.8,"High","High","High","High","High","High"
"Ag00001aa114725_T001",TRUE,"Master Protein","Ag00001aa114725_T001",29,5,11,344,NA,NA,NA,NA,NA,NA,NA,NA,NA,NA,NA,NA,NA,NA,NA,NA,NA,NA,NA,NA,"High","High","High","High","High","High"
"Ag00001aa104822_T001",TRUE,"Master Protein","Ag00001aa104822_T001",8,5,9,782,"Met-loss [N-Term]",0.957,0.980060797161108,1,167.4,160.2,5.73,9.94,266.1,232.2,264.2,258.1,297.3,253.4,479.4,491.3,534,434.8,470.3,528.9,"High","High","High","High","High","High"
"Ag00001aa018713_T005",TRUE,"Master Protein","Ag00001aa018713_T005",16,5,11,393,NA,0.912,0.950018952089875,1,101.7,92.8,5.65,7.59,118.5,95.4,111.8,115.6,111.3,98.1,213.5,201.8,226,194.7,176.1,204.7,"High","High","High","High","High","High"
"Ag00001aa022804_T001",TRUE,"Master Protein","Ag00001aa022804_T001",13,7,10,842,NA,0.62,0.00642492252895455,0.0427242137667509,134.6,83.5,8.89,16.37,98.4,84.3,75.1,69.4,53.5,52.7,177.3,178.4,151.8,116.9,84.6,110,"High","High","High","High","High","High"
"Ag00001aa137803_T003",TRUE,"Master Protein","Ag00001aa137803_T003",13,6,10,634,NA,1.185,0.474610898344456,0.930943496785588,138.7,164.5,5.7,6.32,382.7,290.9,320.9,410.8,486.1,372.7,689.5,615.5,648.7,692.1,769,777.8,"High","High","High","High","High","High"
"Ag00001aa026677_T001",TRUE,"Master Protein","Ag00001aa026677_T001",21,5,9,354,NA,1.244,0.33517431972341,0.727019299747676,87.9,109.4,17.65,7.58,169.9,185.8,140.3,207.3,240.7,194.8,306.1,393.1,283.6,349.2,380.8,406.6,"High","High","High","High","High","High"
"Ag00001aa074030_T001",TRUE,"Master Protein","Ag00001aa074030_T001",23,4,17,241,NA,0.766,0.316364599574951,0.698111376621098,74.7,57.2,1.56,5.7,601.5,496.6,529.8,486.7,469.9,394.7,1083.7,1050.7,1070.9,819.9,743.3,823.8,"High","High","High","High","High","High"
"Ag00001aa016018_T001",TRUE,"Master Protein","Ag00001aa016018_T001",22,4,7,306,NA,0.641,0.037229397928872,0.149395113840085,84.9,54.4,13.54,13.47,65,71.2,61.4,47.1,50.3,47.7,117.1,150.6,124.1,79.3,79.6,99.6,"High","High","High","High","High","High"
"Ag00001aa025476_T001",TRUE,"Master Protein","Ag00001aa025476_T001",15,4,11,523,NA,1.482,0.149560952701623,0.411643024661462,54.3,80.4,17.86,2.66,114.8,68,90,162.1,164,129.2,206.8,143.9,181.9,273.1,259.4,269.6,"High","High","High","High","High","High"
"Ag00001aa070881_T001",TRUE,"Master Protein","Ag00001aa070881_T001",10,6,8,694,NA,0.313,2.12235590535403e-05,0.000795416279245578,211.8,66.4,18.74,21.91,87.7,70.1,103,38.7,31.3,20.5,158,148.3,208.2,65.2,49.5,42.8,"High","High","High","High","High","High"
"Ag00001aa148431_T001",TRUE,"Master Protein","Ag00001aa148431_T001",20,5,12,333,"Met-loss [N-Term]",1.402,0.0303979066827353,0.128651367842628,59.6,83.5,9.67,9.81,177.1,124.2,144.6,281.2,249.7,196.4,319.1,262.8,292.3,473.7,395,409.9,"High","High","High","High","High","High"
"Ag00001aa022077_T002",TRUE,"Master Protein","Ag00001aa022077_T002",7,9,9,1794,NA,0.553,0.0346099331090658,0.142382182531531,205,113.4,10.79,7.04,485.7,338.4,426.2,282.8,322.2,212.1,875.1,716,861.5,476.4,509.7,442.7,"High","High","High","High","High","High"
"Ag00001aa027688_T002",TRUE,"Master Protein","Ag00001aa027688_T002",14,5,8,601,NA,1.061,0.876434335905571,1,110.4,117.2,11.78,9.57,106.2,110.8,117.9,147.7,174.2,109.1,191.3,234.4,238.3,248.8,275.6,227.7,"High","High","High","High","High","High"
"Ag00001aa024328_T001",TRUE,"Master Protein","Ag00001aa024328_T001",21,7,10,450,NA,0.776,0.00875616518198263,0.0522171511828216,141.7,110,4.56,5.57,192.1,176,169.7,158.7,169.8,141.2,346.1,372.4,343,267.4,268.6,294.7,"High","High","High","High","High","High"
"Ag00001aa118882_T001",TRUE,"Master Protein","Ag00001aa118882_T001",35,5,9,223,NA,0.867,0.813084650258615,1,60.4,52.3,7.5,8.5,105.2,77.1,87,93.6,96.4,64.1,189.5,163.1,175.9,157.7,152.5,133.8,"High","High","High","High","High","High"
"Ag00001aa071892_T001",TRUE,"Master Protein","Ag00001aa071892_T001",53,5,8,145,"Met-loss+Acetyl [N-Term]",0.741,0.241274463905087,0.576832309091439,126.6,93.8,13.17,17.86,72.9,80.9,77.5,68.9,62.9,67.9,131.3,171.2,156.7,116.1,99.5,141.7,"High","High","High","High","High","High"
"Ag00001aa043569_T001",TRUE,"Master Protein","Ag00001aa043569_T001",39,6,22,135,NA,1.162,0.514368933120418,0.979986662502816,138.3,160.7,2.51,5.57,1453.7,1180.6,1248.6,1840.2,1853.4,1328.8,2619.2,2497.8,2523.9,3100.1,2931.9,2773.3,"High","High","High","High","High","High"
"Ag00001aa054677_T001",TRUE,"Master Protein","Ag00001aa054677_T001",19,6,11,301,NA,0.846,0.0314977383021739,0.132109817028087,108.4,91.7,10.01,4.67,190.4,134.1,147.7,149.9,171.1,118.8,343,283.7,298.6,252.5,270.7,247.9,"High","High","High","High","High","High"
"Ag00001aa079297_T001",TRUE,"Master Protein","Ag00001aa079297_T001",16,7,9,639,NA,0.778,0.330819922483972,0.718948183107946,156.4,121.7,24.99,2.61,154.8,104.6,180.3,128.8,138.3,99.8,278.9,221.3,364.5,217,218.8,208.3,"High","High","High","High","High","High"
"Ag00001aa092162_T002",TRUE,"Master Protein","Ag00001aa092162_T002",13,6,8,598,NA,0.733,0.0172321350912524,0.0866368217749616,134.6,98.7,9.3,14,214.5,164,206.9,168.2,156,156.5,386.5,347,418.2,283.4,246.8,326.6,"High","High","High","High","High","High"
"Ag00001aa090930_T003",TRUE,"Master Protein","Ag00001aa090930_T003",21,6,8,369,NA,1.037,0.999999999760435,1,59.4,61.6,22.02,6.99,163.7,103.7,96.5,149.7,139.9,109,294.9,219.4,195.1,252.2,221.3,227.5,"High","High","High","High","High","High"
"Ag00001aa026593_T001",TRUE,"Master Protein","Ag00001aa026593_T001",24,6,8,322,NA,0.882,0.6217053564792,1,143.8,126.8,3.69,8.47,385.5,326.8,365.2,363.6,373.3,331.7,694.6,691.4,738.2,612.5,590.5,692.3,"High","High","High","High","High","High"
"Ag00001aa080388_T001",TRUE,"Master Protein","Ag00001aa080388_T001",13,6,22,501,NA,0.599,0.00055703860912637,0.007459310273672,107.6,64.4,2.21,2.87,537.8,465.4,466.2,357,359.3,277.9,969,984.7,942.4,601.4,568.4,580,"High","High","High","High","High","High"
"Ag00001aa006648_T002",TRUE,"Master Protein","Ag00001aa006648_T002",24,5,9,335,NA,0.653,0.0462946838389198,0.174220021995244,159.6,104.3,10.67,7.64,124.7,93.2,120.9,81.4,92.8,76.5,224.7,197.2,244.4,137.1,146.8,159.7,"High","High","High","High","High","High"
"Ag00001aa001617_T001",TRUE,"Master Protein","Ag00001aa001617_T001",20,5,9,339,NA,0.628,0.0124484740466566,0.0682119143393349,119.4,75,4.09,4.65,178.7,155.8,150.5,112.6,131.4,96.9,322,329.6,304.2,189.7,207.9,202.2,"High","High","High","High","High","High"
"Ag00001aa024486_T001",TRUE,"Master Protein","Ag00001aa024486_T001",16,4,13,361,NA,1.034,0.999999875900619,1,14,14.5,62.49,6.56,96.2,40.9,23.8,53.1,56.5,47.9,173.3,86.5,48.1,89.5,89.4,100,"High","High","High","High","High","High"
"Ag00001aa140247_T001",TRUE,"Master Protein","Ag00001aa140247_T001",15,5,7,465,NA,0.717,0.0281089374519974,0.12224106524979,121,86.8,7.55,5.98,303.2,298.6,303.7,240,278.4,217.8,546.3,631.8,613.9,404.3,440.4,454.6,"High","High","High","High","High","High"
"Ag00001aa122641_T001",TRUE,"Master Protein","Ag00001aa122641_T001",28,3,22,173,NA,0.798,0.814785287222127,1,221.8,177,27.45,12.34,427,642.1,543.7,520.7,514.1,494,769.3,1358.5,1099,877.2,813.3,1031,"High","High","High","High","High","High"
"Ag00001aa019079_T001",TRUE,"Master Protein","Ag00001aa019079_T001",13,6,11,604,NA,1.208,0.974788599745095,1,48.2,58.3,5.24,18.4,10.5,9.8,9.4,14.8,10.9,11,18.9,20.7,19,24.9,17.2,23,"High","High","High","High","High","High"
"Ag00001aa125579_T001",TRUE,"Master Protein","Ag00001aa125579_T001",21,5,9,260,NA,0.618,0.00682556573367354,0.0445737492679021,120.8,74.7,5.25,6.6,246.2,191.6,200.7,166,158.5,119.4,443.6,405.4,405.7,279.7,250.7,249.2,"High","High","High","High","High","High"
"Ag00001aa084257_T003",TRUE,"Master Protein","Ag00001aa084257_T003",8,7,10,1234,NA,1.07,0.759701395499152,1,116.8,124.9,25.01,5.32,107.5,64.8,113.7,119.9,141.3,99.3,193.7,137.1,229.8,202,223.5,207.2,"High","High","High","High","High","High"
"Ag00001aa075731_T002",TRUE,"Master Protein","Ag00001aa075731_T002",18,4,12,298,NA,0.915,0.572982951103061,1,135.9,124.4,9.2,7.7,282.7,281.2,251.9,276.7,304.8,198.9,509.3,594.9,509.2,466.1,482.2,415.1,"High","High","High","High","High","High"
"Ag00001aa085422_T002",TRUE,"Master Protein","Ag00001aa085422_T002",14,6,20,474,NA,0.818,0.991384432397834,1,36.4,29.8,31.18,16.28,17.6,13.5,8.2,15.1,11.6,11.2,31.7,28.6,16.6,25.4,18.4,23.4,"High","High","High","High","High","High"
"Ag00001aa010320_T001",TRUE,"Master Protein","Ag00001aa010320_T001",15,5,8,403,NA,2.187,0.0942656198166119,0.293024949654246,83.1,181.8,17.55,12.06,37.7,24,25.1,62.3,83.2,53.2,67.9,50.8,50.7,105,131.6,111,"High","High","High","High","High","High"
"Ag00001aa141646_T001",TRUE,"Master Protein","Ag00001aa141646_T001",8,3,8,566,NA,1.088,0.967471282666217,1,68.2,74.2,16.05,29.8,15.9,10.1,11.2,14.9,8.8,11.8,28.6,21.4,22.6,25.1,13.9,24.6,"High","High","High","High","High","High"
"Ag00001aa011553_T001",TRUE,"Master Protein","Ag00001aa011553_T001",20,5,14,364,NA,0.903,0.999328771239575,1,42.7,38.6,19.64,12.82,96.9,99.7,70.2,113.9,99.7,73,174.6,210.9,141.9,191.9,157.7,152.4,"High","High","High","High","High","High"
"Ag00001aa042401_T001",TRUE,"Master Protein","Ag00001aa042401_T001",15,5,13,387,NA,2.289,0.00608244679995595,0.0411060963775872,46.7,106.9,23.42,9.82,69.4,61.6,40.7,169.9,154.2,140.9,125,130.3,82.3,286.2,243.9,294.1,"High","High","High","High","High","High"
"Ag00001aa020051_T002",TRUE,"Master Protein","Ag00001aa020051_T002",15,9,11,715,NA,NA,NA,NA,NA,NA,NA,NA,NA,NA,NA,NA,NA,NA,NA,NA,NA,NA,NA,NA,"High","High","High","High","High","High"
"Ag00001aa052690_T001",TRUE,"Master Protein","Ag00001aa052690_T001",14,5,11,528,NA,0.94,0.933524052475202,1,25.9,24.3,8.43,36.55,12.1,8.7,10,13.6,6.6,9.1,21.8,18.4,20.2,22.9,10.4,19,"High","High","High","High","High","High"
"Ag00001aa094125_T002",TRUE,"Master Protein","Ag00001aa094125_T002",11,5,7,598,NA,NA,NA,NA,NA,NA,NA,NA,NA,NA,NA,NA,NA,NA,NA,NA,NA,NA,NA,NA,"Not Found","High","Not Found","High","Not Found","Not Found"
"Ag00001aa123912_T001",TRUE,"Master Protein","Ag00001aa123912_T001",20,5,7,452,NA,0.863,0.999880571784417,1,26.4,22.8,8.28,26.89,18,18.1,17.6,27,19.4,13.5,32.4,38.3,35.6,45.5,30.7,28.2,"High","High","High","High","High","High"
"Ag00001aa015062_T001",TRUE,"Master Protein","Ag00001aa015062_T001",24,5,9,333,NA,0.672,0.0361179661058295,0.146737317214684,135.6,91.2,17.33,4.95,245.6,152.9,221.2,189,188,138.7,442.5,323.5,447.1,318.4,297.4,289.5,"High","High","High","High","High","High"
"Ag00001aa113340_T001",TRUE,"Master Protein","Ag00001aa113340_T001",24,6,19,228,NA,0.953,0.639815352096888,1,116.9,111.3,7.09,8.13,389.2,330.9,391,396.5,383.3,342,701.2,700.1,790.4,668,606.3,713.8,"High","High","High","High","High","High"
"Ag00001aa010331_T001",TRUE,"Master Protein","Ag00001aa010331_T001",11,5,7,598,NA,1.248,0.731385797897277,1,79.5,99.3,15.69,10.15,99.5,61.7,79.8,119.5,137.5,85,179.3,130.5,161.3,201.3,217.5,177.4,"High","High","High","High","High","High"
"Ag00001aa055723_T001",TRUE,"Master Protein","Ag00001aa055723_T001",22,7,11,360,NA,1.345,0.97767585023455,1,64.4,86.7,39.02,3.54,148.1,75.2,64.1,133.7,135.3,100.9,266.8,159.1,129.6,225.2,214,210.6,"High","High","High","High","High","High"
"Ag00001aa068947_T001",TRUE,"Master Protein","Ag00001aa068947_T001",37,4,12,164,NA,1.435,0.210447608439312,0.520409710007204,50.6,72.7,13.25,13.02,71.3,73.9,60.7,117,116.5,72.9,128.5,156.4,122.7,197.1,184.3,152.1,"High","High","High","High","High","High"
"Ag00001aa153248_T001",TRUE,"Master Protein","Ag00001aa153248_T001",11,10,12,1057,NA,NA,NA,NA,NA,NA,NA,NA,NA,NA,NA,NA,NA,NA,NA,NA,NA,NA,NA,NA,"High","High","Not Found","Not Found","High","Not Found"
"Ag00001aa041500_T003",TRUE,"Master Protein","Ag00001aa041500_T003",18,5,8,403,NA,1.359,0.0024426559364239,0.0210867607060353,95,129.2,3.57,4.18,270.2,214.9,229,363.1,397.8,318.1,486.8,454.7,462.9,611.7,629.3,663.9,"High","High","High","High","High","High"
"Ag00001aa089484_T001",TRUE,"Master Protein","Ag00001aa089484_T001",11,11,11,1280,NA,1.5,0.0867806992403254,0.275360056854685,68.3,102.4,23.57,7.13,271.1,150.6,172.2,331,330.1,231.6,488.4,318.6,348.1,557.6,522.2,483.4,"High","High","High","High","High","High"
"Ag00001aa157463_T001",TRUE,"Master Protein","Ag00001aa157463_T001",9,9,10,1107,NA,0.532,0.0158305679298378,0.0813753325804647,128,68.1,22.64,14.02,253.1,328,251.3,196.2,170.9,122.1,456,694,508,330.5,270.3,254.8,"High","High","High","High","High","High"
"Ag00001aa087842_T001",TRUE,"Master Protein","Ag00001aa087842_T001",12,5,14,593,NA,0.604,0.0321770235955682,0.133992231730252,177.3,107.1,12.55,15.76,110.5,115.6,125.4,97.5,75.5,70.8,199.1,244.6,253.5,164.3,119.4,147.8,"High","High","High","High","High","High"
"Ag00001aa045781_T001",TRUE,"Master Protein","Ag00001aa045781_T001",16,7,9,668,NA,0.84,0.943506345766859,1,132.4,111.2,17.65,1.95,122.8,149.7,137.6,136.1,150.7,111.9,221.3,316.7,278.1,229.3,238.4,233.5,"High","High","High","High","High","High"
"Ag00001aa061771_T001",TRUE,"Master Protein","Ag00001aa061771_T001",16,7,13,523,NA,0.932,0.962473682351481,1,95.1,88.7,14.15,4.03,428.2,275.5,325.6,364.1,373.9,307.1,771.5,582.9,658.2,613.4,591.5,640.9,"High","High","High","High","High","High"
"Ag00001aa073218_T002",TRUE,"Master Protein","Ag00001aa073218_T002",12,2,6,362,NA,1.161,0.997737865038466,1,20.1,23.4,26.26,86.55,9,11.1,7.2,33.1,11.9,4.7,16.2,23.5,14.6,55.8,18.8,9.8,"High","High","High","High","High","High"
"Ag00001aa064023_T001",TRUE,"Master Protein","Ag00001aa064023_T001",16,5,11,359,NA,0.696,0.562654447104928,1,206.6,143.9,16.97,5.81,384.1,236.6,274.1,229,245.4,167.4,692,500.6,554.1,385.8,388.2,349.4,"High","High","High","High","High","High"
"Ag00001aa085338_T001",TRUE,"Master Protein","Ag00001aa085338_T001",26,10,13,470,NA,1.035,0.997941885058938,1,116.8,120.9,3.27,3.34,299.4,242.7,251,315.4,349.8,248.2,539.4,513.5,507.4,531.3,553.4,518,"High","High","High","High","High","High"
"Ag00001aa001746_T001",TRUE,"Master Protein","Ag00001aa001746_T001",21,5,12,226,NA,0.826,0.933541644823935,1,110.8,91.5,2.98,13.97,64.1,56.8,56.1,56.6,74.1,43.5,115.5,120.2,113.4,95.4,117.2,90.8,"High","High","High","High","High","High"
"Ag00001aa033409_T001",TRUE,"Master Protein","Ag00001aa033409_T001",31,6,8,246,NA,1.316,0.579894812167611,1,79.1,104.1,5.78,7.14,99.2,90.4,84.4,139.6,133.4,116.1,178.7,191.3,170.6,235.2,211,242.3,"High","High","High","High","High","High"
"Ag00001aa012703_T002",TRUE,"Master Protein","Ag00001aa012703_T002",20,5,8,302,"Met-loss [N-Term]",1.242,0.627550124404879,1,8.6,10.6,21.66,10.82,5.5,0,3.6,5.8,7.2,0,9.9,0,7.3,9.8,11.4,0,"High","Not Found","High","High","High","Not Found"
"Ag00001aa107101_T002",TRUE,"Master Protein","Ag00001aa107101_T002",6,5,8,1337,NA,1.507,0.012180242380019,0.0670194499931056,82.6,124.5,6.75,3.74,60.2,46,54.7,99,98,78.3,108.5,97.3,110.6,166.8,155,163.4,"High","High","High","High","High","High"
"Ag00001aa058563_T002",TRUE,"Master Protein","Ag00001aa058563_T002",13,7,8,746,NA,1.311,0.171189273531626,0.448698870013178,69.3,90.9,4.82,1.88,256.3,210.9,207.6,346.4,381.4,280.2,461.8,446.2,419.6,583.6,603.3,584.8,"High","High","High","High","High","High"
"Ag00001aa053563_T002",TRUE,"Master Protein","Ag00001aa053563_T002",21,4,8,305,NA,1.013,0.999999633293122,1,47.5,48.1,8.73,10.08,41.9,30,33.9,41.2,41.6,38.2,75.5,63.5,68.5,69.4,65.8,79.7,"High","High","High","High","High","High"
"Ag00001aa015579_T001",TRUE,"Master Protein","Ag00001aa015579_T001",25,6,9,296,NA,0.704,0.0205888609191959,0.0985453993714765,87.5,61.6,3.44,5.51,140.2,121.9,133.6,107.7,120.8,82,252.6,257.9,270.1,181.4,191.1,171.1,"High","High","High","High","High","High"
"Ag00001aa064934_T001",TRUE,"Master Protein","Ag00001aa064934_T001",27,4,15,146,NA,1.128,0.828213714955939,1,131.5,148.4,14.9,8.16,535.7,337.5,423.1,654.2,609.9,457.6,965.2,714.1,855.2,1102.1,964.8,955,"High","High","High","High","High","High"
"Ag00001aa060780_T001",TRUE,"Master Protein","Ag00001aa060780_T001",5,8,10,2013,NA,0.975,0.999999999969621,1,127.4,124.2,15.44,12.34,166.6,103.9,134.5,175.2,167.5,110.3,300.2,219.8,271.9,295.2,265,230.2,"High","High","High","High","High","High"
"Ag00001aa002294_T001",TRUE,"Master Protein","Ag00001aa002294_T001",25,4,11,252,NA,0.698,0.0300087047656022,0.128041439253096,121.2,84.6,16.05,14.35,240.9,151.9,171.8,143.9,160,91.8,434,321.4,347.3,242.4,253.1,191.6,"High","High","High","High","High","High"
"Ag00001aa074503_T002",TRUE,"Master Protein","Ag00001aa074503_T002",23,8,9,476,NA,0.861,0.735503421647752,1,95.4,82.1,6.53,3.72,135.4,102.1,119,123,138.4,97.8,244,216,240.5,207.2,218.9,204.1,"High","High","High","High","High","High"
"Ag00001aa100899_T001",TRUE,"Master Protein","Ag00001aa100899_T001",15,4,9,356,NA,0.889,0.996199032255155,1,93.9,83.5,16.49,9.24,283.8,266.2,199.8,298.6,264.6,217.9,511.3,563.2,403.9,503,418.6,454.8,"High","High","High","High","High","High"
"Ag00001aa064662_T001",TRUE,"Master Protein","Ag00001aa064662_T001",10,4,10,463,NA,0.927,0.999999877241678,1,47.6,44.1,17.21,11.57,109.9,87.4,69.6,101.7,96.6,92.3,198,184.9,140.7,171.3,152.8,192.6,"High","High","High","High","High","High"
"Ag00001aa010217_T001",TRUE,"Master Protein","Ag00001aa010217_T001",16,5,11,390,NA,0.817,0.98255835825402,1,148.1,121.1,6.89,22.14,31.5,30.1,31.9,30.9,29.4,33.7,56.8,63.7,64.5,52.1,46.5,70.3,"High","High","High","High","High","High"
"Ag00001aa117290_T003",TRUE,"Master Protein","Ag00001aa117290_T003",19,6,8,600,NA,0.996,0.997712773110996,1,74.5,74.2,10.16,14.58,24.2,16.8,19.8,25.1,25.2,15.2,43.6,35.5,40,42.3,39.9,31.7,"High","High","High","High","High","High"
"Ag00001aa002291_T001",TRUE,"Master Protein","Ag00001aa002291_T001",20,5,13,362,NA,NA,NA,NA,NA,NA,NA,NA,NA,NA,NA,NA,NA,NA,NA,NA,NA,NA,NA,NA,"Not Found","Not Found","Not Found","Not Found","Not Found","Not Found"
"Ag00001aa052264_T001",TRUE,"Master Protein","Ag00001aa052264_T001",17,7,17,408,NA,0.73,0.0227677726368446,0.106626036918285,138.4,101,2.2,7.06,398.1,326.6,355.5,331.8,330.9,232.5,717.3,691,718.6,559,523.5,485.2,"High","High","High","High","High","High"
"Ag00001aa118827_T001",TRUE,"Master Protein","Ag00001aa118827_T001",45,5,7,164,NA,1.055,0.995055226645362,1,10,10.6,30.99,39.01,13.7,8.6,6.5,18.2,9.1,9.2,24.7,18.2,13.1,30.7,14.4,19.2,"High","High","High","High","High","High"
"Ag00001aa047515_T001",TRUE,"Master Protein","Ag00001aa047515_T001",16,3,9,263,NA,1.214,0.374639221790302,0.785115218093338,111.8,135.8,4.46,9.01,485.2,378,417.2,607.7,581.3,528,874.2,799.7,843.3,1023.8,919.6,1102,"High","High","High","High","High","High"
"Ag00001aa142962_T001",TRUE,"Master Protein","Ag00001aa142962_T001",56,6,12,152,"Met-loss [N-Term]",2.754,0.03166131791169,0.132664765767868,77.8,214.3,6.39,10.98,186.1,147.5,146.1,454.4,543.3,457.3,335.3,312.1,295.3,765.5,859.4,954.4,"High","High","High","High","High","High"
"Ag00001aa102225_T001",TRUE,"Master Protein","Ag00001aa102225_T001",18,6,13,354,NA,2.402,0.592409083580723,1,18.5,44.4,14.16,25.69,10.2,7,9.7,18.5,27.9,25.4,18.4,14.8,19.6,31.2,44.1,53,"High","High","High","High","High","High"
"Ag00001aa007351_T001",TRUE,"Master Protein","Ag00001aa007351_T001",13,6,8,694,NA,0.678,0.0883436295550134,0.279080413428058,162.3,110.1,15.91,11.23,219.4,192.1,258.3,137,174.2,137.5,395.3,406.4,522.1,230.8,275.6,287,"High","High","High","High","High","High"
"Ag00001aa007110_T003",TRUE,"Master Protein","Ag00001aa007110_T003",19,6,9,433,NA,0.877,0.253934350043342,0.59740177033126,153,134.2,6.93,8.58,138.6,108.7,130.7,130,145,92.8,249.7,230,264.2,219,229.4,193.7,"High","High","High","High","High","High"
"Ag00001aa053157_T001",TRUE,"Master Protein","Ag00001aa053157_T001",17,7,11,527,NA,0.9,0.543044370529579,1,133.7,120.4,9.39,5.66,316.2,261.4,324.9,283.5,338,245.7,569.7,553.1,656.7,477.6,534.7,512.8,"High","High","High","High","High","High"
"Ag00001aa027119_T002",TRUE,"Master Protein","Ag00001aa027119_T002",34,6,9,248,NA,2.909,0.0005369257591189,0.00735949533890633,34.2,99.6,21.17,1.83,44.3,27.6,27,101.2,107.4,79,79.8,58.4,54.6,170.5,169.9,164.9,"High","High","High","High","High","High"
"Ag00001aa071887_T001",TRUE,"Master Protein","Ag00001aa071887_T001",14,3,7,385,NA,0.655,0.236293467320332,0.568516310391384,84.4,55.2,5.31,1.52,89.8,70.8,72.4,59.7,62,46.9,161.8,149.8,146.3,100.6,98.1,97.9,"High","High","High","High","High","High"
"Ag00001aa028344_T001",TRUE,"Master Protein","Ag00001aa028344_T001",26,6,12,267,NA,0.957,0.941433799742239,1,94.1,90,24.5,7.19,155.5,190,128.5,145.9,169.5,136,280.2,402,259.7,245.8,268.1,283.8,"High","High","High","High","High","High"
"Ag00001aa094026_T001",TRUE,"Master Protein","Ag00001aa094026_T001",9,4,7,683,NA,1.994,1.04165927811151e-05,0.000643262778228948,115.6,230.5,8.74,7.94,277.5,219,272.7,591.8,581.1,516.4,500,463.3,551.2,997,919.2,1077.8,"High","High","High","High","High","High"
"Ag00001aa118088_T002",TRUE,"Master Protein","Ag00001aa118088_T002",13,4,19,423,NA,0.651,0.0269032874305902,0.118830474107855,133.8,87,8.23,7.76,208.5,182.4,163.1,148,154.5,103.2,375.7,385.9,329.7,249.3,244.4,215.4,"High","High","High","High","High","High"
"Ag00001aa012894_T001",TRUE,"Master Protein","Ag00001aa012894_T001",24,5,15,230,NA,2.085,0.0410933472814292,0.160529543847875,35,72.9,9.13,26.3,40.7,32,30.2,83.8,118.9,53.4,73.3,67.7,61,141.2,188.1,111.4,"High","High","High","High","High","High"
"Ag00001aa093374_T002",TRUE,"Master Protein","Ag00001aa093374_T002",13,5,8,476,NA,0.895,0.982131634095839,1,123.5,110.5,13.63,9.29,191.1,133.3,183.1,188.5,194.7,127.3,344.3,282,370.1,317.6,308,265.7,"High","High","High","High","High","Not Found"
"Ag00001aa090992_T001",TRUE,"Master Protein","Ag00001aa090992_T001",17,5,8,476,NA,0.705,0.0940320508137953,0.292527794726915,143.1,100.9,11.38,11.89,140,127.7,106.5,105.6,114.8,69.6,252.2,270.2,215.3,177.9,181.6,145.3,"High","High","High","High","High","High"
"Ag00001aa011999_T001",TRUE,"Master Protein","Ag00001aa011999_T001",12,3,10,519,NA,NA,NA,NA,NA,NA,NA,NA,NA,NA,NA,NA,NA,NA,NA,NA,NA,NA,NA,NA,"High","High","High","High","High","High"
"Ag00001aa076840_T001",TRUE,"Master Protein","Ag00001aa076840_T001",42,6,13,201,NA,1.009,0.993858654024722,1,35.3,35.6,13.36,28.79,109.7,71.5,85.3,153.7,96.5,83.4,197.6,151.3,172.4,258.9,152.7,174.1,"High","High","High","High","High","High"
"Ag00001aa149153_T001",TRUE,"Master Protein","Ag00001aa149153_T001",17,7,10,523,NA,1.1,0.887971579198157,1,54.4,59.8,19.14,8.7,10.7,9.6,6.9,10.8,13.4,10.2,19.3,20.3,13.9,18.2,21.2,21.3,"High","High","High","High","High","High"
"Ag00001aa075891_T001",TRUE,"Master Protein","Ag00001aa075891_T001",23,8,8,475,NA,NA,NA,NA,NA,NA,NA,NA,NA,NA,NA,NA,NA,NA,NA,NA,NA,NA,NA,NA,"High","High","High","High","High","High"
"Ag00001aa122642_T001",TRUE,"Master Protein","Ag00001aa122642_T001",32,3,10,150,NA,0.513,0.0666603497094963,0.225465872856122,152.4,78.2,22.65,8.6,134.8,176.8,182.8,126.2,119.9,86.3,242.9,374.1,369.5,212.6,189.7,180.1,"High","High","High","High","High","High"
"Ag00001aa042464_T001",TRUE,"Master Protein","Ag00001aa042464_T001",20,5,8,405,NA,0.92,0.858363386696625,1,124.4,114.5,9.01,11.66,358,356.6,322,355.6,337.8,323.3,645,754.5,650.9,599.1,534.4,674.7,"High","High","High","High","High","High"
"Ag00001aa083729_T005",TRUE,"Master Protein","Ag00001aa083729_T005",9,6,8,870,NA,1.058,0.995668833853581,1,55.5,58.7,13.05,9.45,137,99.3,94.7,146.6,129.4,106.5,246.8,210.1,191.4,247,204.7,222.3,"High","High","High","High","High","High"
"Ag00001aa057672_T002",TRUE,"Master Protein","Ag00001aa057672_T002",23,6,7,396,NA,NA,NA,NA,NA,NA,NA,NA,NA,NA,NA,NA,NA,NA,NA,NA,NA,NA,NA,NA,"High","Not Found","High","High","High","High"
"Ag00001aa036120_T001",TRUE,"Master Protein","Ag00001aa036120_T001",15,5,28,399,NA,0.925,0.986407353191948,1,56.1,51.8,7.63,1.43,106.1,78.3,92.9,103.1,107.3,83.5,191.2,165.7,187.8,173.7,169.7,174.3,"High","High","High","High","High","High"
"Ag00001aa008535_T002",TRUE,"Master Protein","Ag00001aa008535_T002",21,4,9,345,NA,0.761,0.169934927604228,0.446245338148548,136.5,103.9,20.58,11,353.6,228.7,213.8,252.1,232.9,164.5,637.1,483.9,432.2,424.7,368.4,343.3,"High","High","High","High","High","High"
"Ag00001aa012956_T001",TRUE,"Master Protein","Ag00001aa012956_T001",15,7,8,638,NA,0.76,0.0870510899703357,0.276107755227268,122.9,93.4,15.5,6.84,172.6,110,151.6,138.2,134.5,116.8,311,232.7,306.4,232.8,212.8,243.8,"High","High","High","High","High","High"
"Ag00001aa032261_T001",TRUE,"Master Protein","Ag00001aa032261_T001",21,3,5,208,NA,1.361,0.21549164421721,0.5295318383053,110.6,150.6,6.14,12.69,136.8,105.7,124.3,243.4,212.1,157.1,246.5,223.6,251.3,410,335.5,327.9,"High","High","High","High","High","High"
"Ag00001aa065782_T002",TRUE,"Master Protein","Ag00001aa065782_T002",10,6,9,731,NA,0.909,0.99600125940291,1,84.2,76.5,15.69,15.59,148.4,133,175.8,194.9,158.5,122.6,267.4,281.4,355.4,328.3,250.7,255.9,"High","High","High","High","High","High"
"Ag00001aa003857_T002",TRUE,"Master Protein","Ag00001aa003857_T002",13,5,11,616,NA,0.835,0.587786251896822,1,137.5,114.9,4.98,9.54,511,463.2,502.9,485.9,516.8,460.5,920.7,980,1016.6,818.6,817.5,961.1,"High","High","High","High","High","High"
"Ag00001aa054867_T001",TRUE,"Master Protein","Ag00001aa054867_T001",35,6,7,284,NA,2.114,0.416946169181611,0.846936663489413,37,78.3,9.95,4.61,37.5,39,37.3,94.6,103.4,71.6,67.6,82.5,75.4,159.4,163.6,149.4,"High","High","High","High","High","High"
"Ag00001aa025848_T001",TRUE,"Master Protein","Ag00001aa025848_T001",17,5,8,465,NA,NA,NA,NA,NA,NA,NA,NA,NA,NA,NA,NA,NA,NA,NA,NA,NA,NA,NA,NA,"High","High","High","High","High","High"
"Ag00001aa015823_T002",TRUE,"Master Protein","Ag00001aa015823_T002",19,7,8,409,NA,1.124,0.843519329165788,1,94.8,106.5,6.37,6.37,125,97.1,98.8,148.5,146,105.8,225.2,205.4,199.7,250.2,231,220.8,"High","High","High","High","High","High"
"Ag00001aa040764_T001",TRUE,"Master Protein","Ag00001aa040764_T001",12,4,9,489,NA,0.992,0.999033721265878,1,58.1,57.6,12.34,21.85,9.8,10.7,10.2,13.8,9.4,9.8,17.7,22.6,20.6,23.2,14.9,20.5,"High","High","High","High","High","High"
"Ag00001aa000068_T001",TRUE,"Master Protein","Ag00001aa000068_T001",22,4,12,214,NA,1.263,0.99927793583228,1,43.2,54.6,2.14,22.68,23.7,20,21.8,32.5,34.1,17,42.7,42.3,44.1,54.8,53.9,35.5,"High","High","High","High","High","High"
"Ag00001aa048438_T001",TRUE,"Master Protein","Ag00001aa048438_T001",8,3,6,566,NA,0.782,0.829499985323805,1,47.5,37.1,27.55,13.04,83.4,51.1,43.5,57.4,47.1,40.5,150.3,108.1,87.9,96.7,74.5,84.5,"High","High","High","High","High","High"
"Ag00001aa010289_T001",TRUE,"Master Protein","Ag00001aa010289_T001",14,4,9,419,NA,0.862,0.82346984012175,1,134.8,116.2,11.1,6.02,180.4,127.1,163.7,166.3,171.2,145.7,325,268.9,330.9,280.2,270.8,304.1,"High","High","High","High","High","High"
"Ag00001aa127432_T001",TRUE,"Master Protein","Ag00001aa127432_T001",20,6,11,351,NA,0.993,0.998336942485335,1,136.4,135.4,3.92,8.08,151.1,121.2,136.7,160.4,164.6,145.3,272.2,256.4,276.3,270.2,260.4,303.2,"High","High","High","High","High","High"
"Ag00001aa015388_T001",TRUE,"Master Protein","Ag00001aa015388_T001",22,2,9,196,NA,1.175,0.244728909514434,0.582753075642962,48.2,56.6,10.32,1.23,19.9,15.4,19.8,25,26.4,20.5,35.9,32.6,40,42.1,41.8,42.8,"High","High","High","High","High","High"
"Ag00001aa119226_T002",TRUE,"Master Protein","Ag00001aa119226_T002",28,3,10,174,NA,1.257,0.978781866106908,1,73.3,92.1,14.22,15.02,14.4,9.2,11.5,13.4,19,14,25.9,19.5,23.2,22.6,30.1,29.2,"High","High","High","High","High","High"
"Ag00001aa064953_T002",TRUE,"Master Protein","Ag00001aa064953_T002",23,6,10,391,NA,0.706,0.0213363167579061,0.101168181070509,190.6,134.6,13.11,2.98,199.8,141.6,192.7,152,160.7,116.1,360,299.6,389.5,256.1,254.2,242.3,"High","High","High","High","High","High"
"Ag00001aa066927_T001",TRUE,"Master Protein","Ag00001aa066927_T001",15,5,10,421,NA,0.654,0.0151510925766357,0.0785773373926651,216.9,141.8,8.49,9.43,450.6,454.5,449.3,390.3,344.5,284.4,811.9,961.6,908.2,657.5,545,593.6,"High","High","High","High","High","High"
"Ag00001aa033527_T001",TRUE,"Master Protein","Ag00001aa033527_T001",14,7,11,608,NA,0.633,0.831304052870873,1,174.6,110.5,40.17,16.87,23.2,11.4,28.2,15.7,14.7,15.5,41.8,24.1,57,26.4,23.3,32.3,"High","High","High","High","High","High"
"Ag00001aa109847_T001",TRUE,"Master Protein","Ag00001aa109847_T001",45,4,13,135,NA,1.376,0.764140370014159,1,21,28.9,5.57,21.38,39.2,30.9,31.4,67.7,47.2,43.1,70.6,65.4,63.5,114.1,74.7,90,"High","High","High","High","High","High"
"Ag00001aa124297_T002",TRUE,"Master Protein","Ag00001aa124297_T002",31,7,9,374,NA,0.939,0.970280841974234,1,93.4,87.7,2.62,7.74,42.9,38.4,38.7,42.5,52.2,35.2,77.3,81.2,78.2,71.6,82.6,73.5,"High","High","High","High","High","High"
"Ag00001aa046023_T001",TRUE,"Master Protein","Ag00001aa046023_T001",24,5,13,192,NA,0.891,0.958861569557263,1,47.2,42.1,3.84,15.6,70.7,59.1,58.5,77.4,70.4,45.7,127.4,125,118.3,130.4,111.4,95.4,"High","High","High","High","High","High"
"Ag00001aa065136_T001",TRUE,"Master Protein","Ag00001aa065136_T001",40,9,13,282,NA,0.926,0.951577491355032,1,147.3,136.4,12.13,6.46,555.7,404,539.6,550.6,604.6,404.1,1001.2,854.8,1090.7,927.6,956.4,843.4,"High","High","High","High","High","High"
"Ag00001aa037818_T003",TRUE,"Master Protein","Ag00001aa037818_T003",24,7,11,254,NA,1.457,0.00201671265959558,0.0182189329740397,114.3,166.4,5.28,2.19,268.4,227.4,261.1,424,432.5,337.5,483.6,481.1,527.8,714.3,684.2,704.4,"High","High","High","High","High","High"
"Ag00001aa064587_T001",TRUE,"Master Protein","Ag00001aa064587_T001",10,4,11,512,NA,1.016,0.999994137757125,1,104.4,106.1,16.04,4.8,190.1,117.1,146.5,185.1,190.2,135.8,342.5,247.8,296.1,311.8,300.9,283.4,"High","High","High","High","High","High"
"Ag00001aa032368_T001",TRUE,"Master Protein","Ag00001aa032368_T001",13,9,9,856,NA,2.682,0.00245303164694033,0.021131356102808,53.2,142.8,13.14,5.02,162.1,113.6,113.6,382.7,377.3,314.8,292.1,240.3,229.6,644.7,596.9,657,"High","High","High","High","High","High"
"Ag00001aa152885_T003",TRUE,"Master Protein","Ag00001aa152885_T003",12,5,9,569,NA,0.862,0.998802368436386,1,42.1,36.3,22.55,30.09,23.1,30.5,30.9,41.3,23.6,25.8,41.6,64.5,62.5,69.6,37.3,53.8,"High","High","High","High","High","High"
"Ag00001aa130398_T001",TRUE,"Master Protein","Ag00001aa130398_T001",12,6,10,614,NA,1.581,0.00303531883396879,0.02481133735476,42.2,66.8,8.36,5.17,17.5,12.6,14.5,27.5,27.6,23.2,31.5,26.7,29.3,46.3,43.7,48.4,"High","High","High","High","High","High"
"Ag00001aa054082_T001",TRUE,"Master Protein","Ag00001aa054082_T001",14,4,10,351,NA,0.766,0.390866568015005,0.81155884278795,80.4,61.6,8.26,18.85,20.5,18.6,21.5,17.9,15.2,16.9,36.9,39.4,43.5,30.2,24,35.3,"High","High","High","High","High","High"
"Ag00001aa128338_T001",TRUE,"Master Protein","Ag00001aa128338_T001",9,3,15,443,NA,0.774,0.401170114864762,0.823625396892029,115.4,89.3,17.97,3.64,52.4,43,33,41.8,45.1,31.9,94.4,91,66.7,70.4,71.3,66.6,"High","High","High","High","High","High"
"Ag00001aa018823_T002",TRUE,"Master Protein","Ag00001aa018823_T002",25,8,13,510,NA,0.734,0.187751787599917,0.478431859015568,95.3,70,7.06,3.26,201.4,195.4,202.1,178.1,184.9,149.5,362.9,413.4,408.5,300,292.5,312,"High","High","High","High","High","High"
"Ag00001aa006389_T001",TRUE,"Master Protein","Ag00001aa006389_T001",26,6,10,315,NA,1.09,0.934363039137059,1,66.7,72.7,7.99,10.71,149.9,125.9,115.2,172.3,153,141.7,270.1,266.4,232.9,290.3,242,295.7,"High","High","High","High","High","High"
"Ag00001aa010769_T001",TRUE,"Master Protein","Ag00001aa010769_T001",33,7,15,184,"Met-loss [N-Term]",0.52,0.0287066079933709,0.124251081919373,195,101.5,17.51,7.14,1158.5,745.2,764.8,535.9,497.3,393.2,2087.3,1576.6,1545.9,902.8,786.7,820.6,"High","High","High","High","High","High"
"Ag00001aa047250_T001",TRUE,"Master Protein","Ag00001aa047250_T001",35,5,8,211,NA,1.171,0.980534003065656,1,82.2,96.3,5.8,22.73,25.6,19.5,22.3,35.6,23.8,25.3,46.1,41.3,45.1,60,37.6,52.8,"High","High","High","High","High","High"
"Ag00001aa009351_T001",TRUE,"Master Protein","Ag00001aa009351_T001",22,6,9,389,NA,1.172,0.00605693251752282,0.040945276088393,102.9,120.7,8.48,3.8,302.8,268.4,238,379.7,388.3,317.6,545.6,567.9,481.1,639.7,614.3,662.8,"High","High","High","High","High","High"
"Ag00001aa124950_T001",TRUE,"Master Protein","Ag00001aa124950_T001",24,5,11,325,NA,0.515,0.066390477901771,0.224720737186398,244.9,126,35.12,18.4,119,180.6,108.4,87.8,71.3,50.8,214.4,382.1,219.1,147.9,112.8,106,"High","High","High","High","High","High"
"Ag00001aa059602_T001",TRUE,"Master Protein","Ag00001aa059602_T001",35,5,12,228,NA,2.201,0.00330173722601823,0.0261202152404151,61.9,136.3,3.87,5.86,275.9,238.9,232.1,634.9,691.6,571.8,497.1,505.4,469.2,1069.6,1094,1193.4,"High","High","High","High","High","High"
"Ag00001aa022745_T002",TRUE,"Master Protein","Ag00001aa022745_T002",7,5,6,868,NA,0.758,0.82274679598762,1,134.9,102.2,25.51,6.81,54.9,27.6,40.6,40.2,39.3,28.4,98.9,58.4,82.1,67.7,62.2,59.3,"High","High","High","High","High","High"
"Ag00001aa028612_T002",TRUE,"Master Protein","Ag00001aa028612_T002",33,7,13,311,NA,0.879,0.999908118576147,1,32.4,28.5,12.98,8.51,13.9,15.1,15.5,15.9,19.8,13.2,25,31.9,31.3,26.8,31.3,27.5,"High","High","High","High","High","High"
"Ag00001aa064920_T003",TRUE,"Master Protein","Ag00001aa064920_T003",23,6,6,380,NA,0.758,0.178511703160803,0.463558661786786,138.9,105.3,12.32,10.08,162.1,128.6,113,122.4,118.7,110,292.1,272.1,228.4,206.2,187.8,229.6,"High","High","High","High","High","High"
"Ag00001aa072584_T002",TRUE,"Master Protein","Ag00001aa072584_T002",12,7,9,676,NA,1.148,0.339353068432502,0.735079947215297,80.1,92,9.02,1.37,57.8,52.4,45.8,70.3,75.6,58.3,104.1,110.9,92.6,118.4,119.6,121.7,"High","High","High","High","High","High"
"Ag00001aa046346_T001",TRUE,"Master Protein","Ag00001aa046346_T001",9,7,8,1112,NA,1.052,0.914631981402407,1,78.1,82.2,14.34,18.29,76.2,49.3,65.7,82.9,105.3,55.2,137.3,104.3,132.8,139.7,166.6,115.2,"High","High","High","High","High","High"
"Ag00001aa080596_T003",TRUE,"Master Protein","Ag00001aa080596_T003",13,7,9,676,NA,0.98,0.999770497932843,1,106.6,104.4,8.28,8.88,25.8,19.1,23.3,23.3,28.8,22.2,46.5,40.4,47.1,39.3,45.6,46.3,"High","High","High","High","High","High"
"Ag00001aa057279_T001",TRUE,"Master Protein","Ag00001aa057279_T001",19,5,11,300,NA,1.007,0.999162333900682,1,155.4,156.4,9.23,6.76,71.9,72,64.9,72.5,88.4,63.3,129.5,152.3,131.2,122.1,139.8,132.1,"High","High","High","High","High","High"
"Ag00001aa023126_T001",TRUE,"Master Protein","Ag00001aa023126_T001",23,3,12,173,NA,1.288,0.590816405906468,1,16.5,21.3,10.43,19.81,42.8,32.1,31.1,65.7,55.3,36,77.1,67.9,62.9,110.7,87.5,75.1,"High","High","High","High","High","High"
"Ag00001aa099692_T001",TRUE,"Master Protein","Ag00001aa099692_T001",10,2,16,205,NA,0.694,0.982723451513876,1,86.9,60.3,23.86,11.8,212.1,174.7,118.6,152.2,176.8,105.7,382.1,369.6,239.7,256.4,279.7,220.6,"High","High","High","High","High","High"
"Ag00001aa129568_T001",TRUE,"Master Protein","Ag00001aa129568_T001",19,5,7,384,NA,0.999,0.998588215511349,1,62.5,62.5,5.68,12.5,196.9,160.7,156.7,236.4,197.6,162.8,354.8,340,316.7,398.3,312.6,339.8,"High","High","High","High","High","High"
"Ag00001aa040833_T001",TRUE,"Master Protein","Ag00001aa040833_T001",33,2,13,93,"Met-loss [N-Term]",0.451,0.00565876091208017,0.0388262018135702,163,73.5,10.33,26.9,177.2,183.8,186.9,101.1,123.2,53.5,319.3,388.9,377.8,170.3,194.9,111.7,"High","High","High","High","High","High"
"Ag00001aa037844_T001",TRUE,"Master Protein","Ag00001aa037844_T001",27,7,11,316,"Met-loss+Acetyl [N-Term]",1.149,0.783949903843827,1,71.3,81.9,14.63,5.79,184.9,173.2,135,231.2,220.7,183.4,333.1,366.4,272.9,389.5,349.1,382.8,"High","High","High","High","High","High"
"Ag00001aa096875_T001",TRUE,"Master Protein","Ag00001aa096875_T001",12,3,10,394,NA,0.79,0.417603561298796,0.848087116564548,163.5,129.2,16.59,5.81,600.9,497.1,695.2,481.4,540.9,436.3,1082.7,1051.7,1405.3,811,855.7,910.6,"High","High","High","High","High","High"
"Ag00001aa067474_T001",TRUE,"Master Protein","Ag00001aa067474_T001",48,6,16,122,NA,0.986,0.999937612093059,1,66.5,65.6,29.17,1.56,266.6,406.6,310.9,372.8,391.9,291.7,480.3,860.3,628.4,628,619.9,608.8,"High","High","High","High","High","High"
"Ag00001aa035085_T001",TRUE,"Master Protein","Ag00001aa035085_T001",41,2,5,93,NA,1.008,0.998937067899722,1,88.8,89.5,11.04,3.96,92.3,93.7,80.7,104.8,106,78.3,166.3,198.2,163.1,176.6,167.7,163.4,"High","High","High","High","High","High"
"Ag00001aa027348_T001",TRUE,"Master Protein","Ag00001aa027348_T001",41,6,19,168,"Met-loss+Acetyl [N-Term]",0.864,0.937823972695532,1,111.5,96.4,1.76,8.84,33.8,29.2,31.2,31.7,38,24.3,60.9,61.8,63.1,53.4,60.1,50.7,"High","High","High","High","High","High"
"Ag00001aa092934_T001",TRUE,"Master Protein","Ag00001aa092934_T001",11,6,7,847,NA,0.955,0.958435375075686,1,17.7,16.9,22.94,35.66,7.9,4.3,6.8,11.9,8.3,4.8,14.2,9.1,13.7,20,13.1,10,"High","High","High","High","High","High"
"Ag00001aa055541_T001",TRUE,"Master Protein","Ag00001aa055541_T001",29,6,10,261,NA,0.866,0.974624996238884,1,61.8,53.5,8.12,9.89,73.7,68.4,77.3,86.3,79.2,58.1,132.8,144.7,156.3,145.4,125.3,121.3,"High","High","High","High","High","High"
"Ag00001aa117298_T001",TRUE,"Master Protein","Ag00001aa117298_T001",28,6,19,243,NA,1.472,0.628765413039871,1,91,134,12.03,26.72,9.4,9,7.4,14.8,17.6,7.7,16.9,19,15,24.9,27.8,16.1,"High","High","High","High","High","High"
"Ag00001aa138466_T001",TRUE,"Master Protein","Ag00001aa138466_T001",22,4,9,265,NA,2.402,0.037818676841357,0.150844374362548,69.6,167.2,51.07,10.27,171.8,72.6,61.1,236.9,233.2,155.6,309.5,153.6,123.5,399.1,368.9,324.7,"High","High","High","High","High","High"
"Ag00001aa025765_T001",TRUE,"Master Protein","Ag00001aa025765_T001",20,7,8,426,NA,1.134,0.76473512492706,1,91.7,104,10.28,11.01,211.4,206.3,177.2,250.3,273,245.9,380.9,436.5,358.2,421.7,431.9,513.2,"High","High","High","High","High","High"
"Ag00001aa032667_T002",TRUE,"Master Protein","Ag00001aa032667_T002",21,6,9,363,NA,1.209,0.101765340862278,0.310030504191368,109.9,132.9,15.79,7.47,54.1,34.9,49.2,64.2,74.5,60.2,97.5,73.8,99.5,108.2,117.9,125.6,"High","High","High","High","High","High"
"Ag00001aa081844_T001",TRUE,"Master Protein","Ag00001aa081844_T001",16,4,9,540,NA,0.957,0.999522177487369,1,65.6,62.7,2.15,4.38,97,81.8,89.2,106.7,105.2,80.1,174.8,173.1,180.3,179.8,166.4,167.2,"High","High","High","High","High","High"
"Ag00001aa045993_T001",TRUE,"Master Protein","Ag00001aa045993_T001",19,2,8,129,NA,0.934,0.999036605002436,1,136.5,127.5,7.49,6.81,410.8,380.8,343.5,410.5,432.7,370,740.1,805.7,694.3,691.6,684.5,772.2,"High","High","High","High","High","High"
"Ag00001aa143034_T001",TRUE,"Master Protein","Ag00001aa143034_T001",24,6,8,436,NA,2.626,0.000653775865248285,0.00827808899253875,68.1,179,13.27,12.91,92.5,66.2,63.9,186.1,232.5,194.9,166.7,140.1,129.2,313.5,367.8,406.8,"High","High","High","High","High","High"
"Ag00001aa007066_T002",TRUE,"Master Protein","Ag00001aa007066_T002",17,5,14,367,NA,2.166,1.87790752372852e-05,0.000721632728505299,111.9,242.3,10.19,8.64,295.1,306.1,280.8,696.5,874.9,589.2,531.7,647.6,567.6,1173.4,1384,1229.7,"High","High","High","High","High","High"
"Ag00001aa050518_T001",TRUE,"Master Protein","Ag00001aa050518_T001",14,3,11,270,NA,1.08,0.75471388995607,1,92.9,100.3,7.49,7.58,232.8,203.6,184.6,266.3,324,217,419.4,430.8,373.1,448.6,512.5,452.9,"High","High","High","High","High","High"
"Ag00001aa000131_T001",TRUE,"Master Protein","Ag00001aa000131_T001",10,6,10,649,NA,0.816,0.244450387883493,0.582497195400473,151.6,123.7,9.26,4.72,266.6,189.9,229.9,238.4,231.3,181.7,480.3,401.8,464.7,401.6,365.9,379.2,"High","High","High","High","High","High"
"Ag00001aa028870_T001",TRUE,"Master Protein","Ag00001aa028870_T001",11,6,8,637,NA,0.444,6.6921569172651e-05,0.00175676489295078,209.7,93,18.49,2.47,445.9,551,481.3,253.2,282.7,206.8,803.4,1165.8,972.9,426.6,447.2,431.6,"High","High","High","High","High","High"
"Ag00001aa154978_T001",TRUE,"Master Protein","Ag00001aa154978_T001",31,4,10,242,NA,1.01,0.999999999591626,1,24.3,24.6,16.31,23.83,63.4,46.1,40.7,72.5,62.3,36,114.2,97.5,82.3,122.1,98.6,75.1,"High","High","High","High","High","High"
"Ag00001aa053673_T001",TRUE,"Master Protein","Ag00001aa053673_T001",16,4,9,346,NA,1.017,0.99494398059797,1,111.9,113.8,3.54,4.87,301.5,239.2,260.6,317.2,367.5,256.6,543.2,506.1,526.8,534.4,581.4,535.5,"High","High","High","High","High","High"
"Ag00001aa019713_T001",TRUE,"Master Protein","Ag00001aa019713_T001",17,4,8,333,NA,0.86,0.227972591155186,0.553761966085766,130.3,112,1.49,3.47,170.4,149.3,155.3,152,170.6,131.1,307,315.9,313.9,256.1,269.9,273.6,"High","High","High","High","High","High"
"Ag00001aa020551_T001",TRUE,"Master Protein","Ag00001aa020551_T001",14,5,10,408,NA,1.302,0.0476070576585805,0.176809259325323,107.2,139.5,1.07,9.56,398.8,345.8,355.2,555.2,576.7,519.6,718.5,731.6,718,935.3,912.3,1084.4,"High","High","High","High","High","High"
"Ag00001aa096937_T001",TRUE,"Master Protein","Ag00001aa096937_T001",60,3,8,87,NA,1.687,0.0142459577118804,0.0748453703933983,51.8,87.3,10.25,9.52,150.2,111.7,109.9,244.2,216.6,191,270.6,236.3,222.1,411.4,342.6,398.6,"High","High","High","High","High","High"
"Ag00001aa047439_T001",TRUE,"Master Protein","Ag00001aa047439_T001",23,6,8,419,NA,0.862,0.753219395759561,1,122,105.2,0.51,3.62,469.5,403.7,419.3,433.7,477.2,336.4,845.9,854.1,847.6,730.6,754.9,702.1,"High","High","High","High","High","High"
"Ag00001aa033461_T001",TRUE,"Master Protein","Ag00001aa033461_T001",15,3,8,303,NA,0.849,0.168084864225254,0.44226413772747,115.4,98,14.97,4.28,142.2,110.1,153.7,138.6,136.9,104.2,256.2,232.9,310.7,233.5,216.6,217.5,"High","High","High","High","High","High"
"Ag00001aa068682_T001",TRUE,"Master Protein","Ag00001aa068682_T001",43,7,8,239,NA,1.014,0.998024157232834,1,74.8,75.9,8.35,13.06,84.2,62.5,64.9,87,84.8,54,151.7,132.2,131.2,146.6,134.1,112.7,"High","High","High","High","High","High"
"Ag00001aa036259_T001",TRUE,"Master Protein","Ag00001aa036259_T001",25,6,9,256,NA,NA,NA,NA,NA,NA,NA,NA,NA,NA,NA,NA,NA,NA,NA,NA,NA,NA,NA,NA,"High","High","High","High","High","High"
"Ag00001aa150735_T001",TRUE,"Master Protein","Ag00001aa150735_T001",14,10,11,673,NA,1.244,0.0375027090437576,0.150212497524283,105.8,131.6,14.98,1.44,187.5,119.5,160.5,239.6,257.6,189.8,337.8,252.8,324.4,403.6,407.5,396.1,"High","High","High","High","High","High"
"Ag00001aa070626_T001",TRUE,"Master Protein","Ag00001aa070626_T001",11,3,9,367,NA,1.439,0.313481175858903,0.694436552766989,105.5,151.8,10.93,7.83,41.3,32.9,29.6,60.1,63.3,42,74.4,69.6,59.8,101.2,100.1,87.7,"High","High","High","High","High","High"
"Ag00001aa013539_T001",TRUE,"Master Protein","Ag00001aa013539_T001",11,3,17,322,NA,2.893,0.078475987067092,0.255547809289156,61.9,179,55.36,20.84,376.7,139.3,133.3,523.6,539,282.2,678.7,294.7,269.4,882.1,852.6,589,"High","High","High","High","High","High"
"Ag00001aa127928_T001",TRUE,"Master Protein","Ag00001aa127928_T001",63,3,14,73,NA,0.42,0.493194867016445,0.954358893505763,235.2,98.7,22.86,6.7,543.8,627.7,775.1,342.2,352.3,242.3,979.8,1328,1566.8,576.5,557.3,505.7,"High","High","High","High","High","High"
"Ag00001aa034533_T001",TRUE,"Master Protein","Ag00001aa034533_T001",27,3,9,122,NA,1.612,0.360645108981006,0.767856702982617,98.6,159,8.77,21.4,180.5,134.9,136.8,287.7,290.9,152.3,325.2,285.4,276.5,484.7,460.2,317.9,"High","High","High","High","High","High"
"Ag00001aa131157_T001",TRUE,"Master Protein","Ag00001aa131157_T001",27,9,21,284,NA,0.448,0.0142525229155746,0.0748453703933983,168.6,75.5,21.52,3.43,27.9,36.2,29.4,15.8,16.4,13.3,50.3,76.6,59.4,26.6,25.9,27.8,"High","High","High","High","High","High"
"Ag00001aa012526_T001",TRUE,"Master Protein","Ag00001aa012526_T001",15,5,7,453,NA,0.73,0.998413740895692,1,203.6,148.6,25.38,22.63,38.3,29.3,20.3,26.6,28.6,31.3,69,62,41,44.8,45.2,65.3,"High","High","High","High","High","High"
"Ag00001aa028228_T001",TRUE,"Master Protein","Ag00001aa028228_T001",13,5,8,423,NA,0.775,0.0630254633765879,0.215906143294675,100.4,77.8,8.87,7.45,190.3,137.4,167,164,150.5,125.4,342.9,290.7,337.6,276.3,238.1,261.7,"High","High","High","High","High","High"
"Ag00001aa107081_T001",TRUE,"Master Protein","Ag00001aa107081_T001",15,3,17,222,NA,1.467,0.948243402323888,1,85.2,125,53.53,32.24,240.5,71.7,113.7,200.1,281.9,109.5,433.3,151.7,229.8,337.1,445.9,228.5,"High","High","High","High","High","High"
"Ag00001aa123022_T001",TRUE,"Master Protein","Ag00001aa123022_T001",12,7,9,744,NA,1.208,0.273069081775048,0.626931975161319,92.7,112,23.33,3.58,324.9,171.5,239.6,347.4,363.1,294.8,585.4,362.8,484.3,585.3,574.4,615.3,"High","High","High","High","High","High"
"Ag00001aa157044_T001",TRUE,"Master Protein","Ag00001aa157044_T001",25,4,14,177,NA,0.986,0.998245876954593,1,21.3,21,14.9,12.41,17.5,11.4,15.7,22.7,19.6,14.9,31.5,24.1,31.7,38.2,31,31.1,"High","High","High","High","High","High"
"Ag00001aa100626_T002",TRUE,"Master Protein","Ag00001aa100626_T002",15,4,12,431,NA,0.647,0.0251595605526387,0.1138605060438,187.7,121.4,3.91,6.93,668.9,532.6,597.7,441.8,538.5,373.5,1205.2,1126.8,1208.2,744.3,851.9,779.5,"High","High","High","High","High","High"
"Ag00001aa078772_T002",TRUE,"Master Protein","Ag00001aa078772_T002",8,4,7,578,NA,0.92,0.999904803055531,1,104.5,96.2,11.73,14.05,11.5,10.4,12.8,15.2,12.8,9.7,20.7,22,25.9,25.6,20.2,20.2,"High","High","High","High","High","High"
"Ag00001aa096736_T003",TRUE,"Master Protein","Ag00001aa096736_T003",19,4,8,353,"Met-loss [N-Term]",1.092,0.960940797086843,1,55.5,60.6,15.47,6.19,69.9,48.7,46.3,63.2,71.1,57.7,125.9,103,93.6,106.5,112.5,120.4,"High","High","High","High","High","High"
"Ag00001aa069606_T001",TRUE,"Master Protein","Ag00001aa069606_T001",18,5,11,376,NA,1.449,0.118331295199893,0.347357728126189,50.1,72.6,20.5,10.68,107.3,87.2,64,184.8,161.1,128.1,193.3,184.5,129.4,311.3,254.8,267.4,"High","High","High","High","High","High"
"Ag00001aa018149_T001",TRUE,"Master Protein","Ag00001aa018149_T001",17,5,9,371,NA,1.427,0.535250100063072,1,55.8,79.5,3.91,3.33,131.3,103.4,112.4,202.1,202.1,155.3,236.6,218.8,227.2,340.5,319.7,324.1,"High","High","High","High","High","High"
"Ag00001aa010481_T001",TRUE,"Master Protein","Ag00001aa010481_T001",13,9,10,715,NA,1.124,0.32542435484513,0.71189564262927,108.3,121.7,13.51,4.8,366.8,242.2,320,466.7,459.5,345.9,660.9,512.4,646.8,786.2,726.9,721.9,"High","High","High","High","High","High"
"Ag00001aa153924_T001",TRUE,"Master Protein","Ag00001aa153924_T001",13,4,8,355,NA,NA,NA,NA,NA,NA,NA,NA,NA,NA,NA,NA,NA,NA,NA,NA,NA,NA,NA,NA,"Not Found","Not Found","Not Found","Not Found","Not Found","Not Found"
"Ag00001aa092197_T003",TRUE,"Master Protein","Ag00001aa092197_T003",15,6,8,493,NA,0.988,0.979280414250788,1,113.3,111.9,15.52,22.14,12,7.7,10.7,16.3,13.5,8.5,21.6,16.3,21.6,27.5,21.4,17.7,"High","High","High","High","High","High"
"Ag00001aa024576_T001",TRUE,"Master Protein","Ag00001aa024576_T001",28,5,9,279,NA,0.91,0.945077658817958,1,102.4,93.2,14.7,10.19,102.4,115.6,99.9,109.1,136.3,86.1,184.5,244.6,201.9,183.8,215.6,179.7,"High","High","High","High","High","High"
"Ag00001aa088228_T002",TRUE,"Master Protein","Ag00001aa088228_T002",15,6,6,646,NA,1.505,0.0137810146895885,0.0729316754309571,45.8,68.9,4.74,13.5,45.5,42.6,42.8,74.4,82.3,76.6,82,90.1,86.5,125.3,130.2,159.9,"High","High","High","High","High","High"
"Ag00001aa031300_T001",TRUE,"Master Protein","Ag00001aa031300_T001",63,5,10,103,NA,NA,NA,NA,NA,NA,NA,NA,NA,NA,NA,NA,NA,NA,NA,NA,NA,NA,NA,NA,"High","High","High","High","High","High"
"Ag00001aa139665_T001",TRUE,"Master Protein","Ag00001aa139665_T001",14,8,10,861,NA,0.977,0.995621524251147,1,96.7,94.5,17.47,8.79,97.3,74.5,60.9,103.9,93.9,73.8,175.3,157.6,123.1,175,148.5,154,"High","High","High","High","High","High"
"Ag00001aa054641_T001",TRUE,"Master Protein","Ag00001aa054641_T001",6,4,11,720,NA,0.905,0.751338612981823,1,138.7,125.5,11.21,10.69,332.4,241,315.1,321.6,350.2,217,598.9,509.9,636.9,541.8,554,452.9,"High","High","High","High","High","High"
"Ag00001aa009960_T002",TRUE,"Master Protein","Ag00001aa009960_T002",21,9,11,437,NA,1.182,NA,NA,38.5,45.5,NA,33.87,0,3.1,0,5.6,4.9,2.2,0,6.6,0,9.4,7.8,4.6,"Not Found","High","Not Found","High","High","High"
"Ag00001aa109193_T001",TRUE,"Master Protein","Ag00001aa109193_T001",22,4,24,224,NA,0.846,0.45099492340248,0.897538983985388,108.2,91.6,11.69,11.08,577.4,553.8,458.7,522.5,523.6,490.2,1040.3,1171.7,927.2,880.2,828.3,1023.1,"High","High","High","High","High","High"
"Ag00001aa051544_T001",TRUE,"Master Protein","Ag00001aa051544_T001",6,6,7,1152,NA,0.919,0.932445110589608,1,103.2,94.8,22.61,12.79,71.8,39.4,48.7,58.1,57.2,36.3,129.4,83.4,98.4,97.9,90.5,75.8,"High","High","High","High","High","High"
"Ag00001aa118191_T001",TRUE,"Master Protein","Ag00001aa118191_T001",29,7,8,324,NA,1.305,0.00313547700175854,0.0252490641263231,141.4,184.6,5.84,6.49,330.5,250.4,280,468.2,437.9,354,595.5,529.8,566,788.8,692.7,738.8,"High","High","High","High","High","High"
"Ag00001aa064964_T001",TRUE,"Master Protein","Ag00001aa064964_T001",17,2,12,128,NA,0.83,0.243431653706022,0.580301719945669,164.4,136.5,9.76,10.16,122.2,126.6,121.1,120.6,108.4,99.5,220.2,267.9,244.8,203.2,171.5,207.7,"High","High","High","High","High","High"
"Ag00001aa005066_T003",TRUE,"Master Protein","Ag00001aa005066_T003",8,6,7,1441,NA,0.62,0.000325981202870862,0.00515257821726118,124.8,77.4,4.82,7.93,86.9,68.3,78.1,57.6,60.1,52.6,156.6,144.5,157.9,97,95.1,109.8,"High","High","High","High","High","High"
"Ag00001aa097484_T001",TRUE,"Master Protein","Ag00001aa097484_T001",14,3,5,354,NA,0.567,0.0819660192263636,0.263449573122924,260.3,147.6,30.94,6.05,237.1,319.7,194.8,150.7,153.2,107.8,427.2,676.4,393.8,253.9,242.3,225,"High","High","High","High","High","High"
"Ag00001aa065363_T001",TRUE,"Master Protein","Ag00001aa065363_T001",22,5,9,352,NA,1.836,0.324291700059407,0.710853132482621,20.9,38.4,13.19,34.67,8.3,9.2,8.4,18.5,19.9,7.5,15,19.5,17,31.2,31.5,15.7,"High","High","High","High","High","High"
"Ag00001aa129460_T001",TRUE,"Master Protein","Ag00001aa129460_T001",15,3,9,234,NA,0.244,0.0245417117209554,0.112538715002057,330.8,80.6,17.31,10.37,353.9,249.8,370.8,91.3,98.2,88.2,637.6,528.5,749.5,153.8,155.3,184.1,"High","High","High","High","High","High"
"Ag00001aa044525_T002",TRUE,"Master Protein","Ag00001aa044525_T002",17,7,11,423,NA,2.102,0.000255817555309013,0.00445410317629337,73.9,155.2,20.29,3.05,199,147.2,117.2,388.5,395,317.3,358.5,311.4,236.9,654.5,624.9,662.2,"High","High","High","High","High","High"
"Ag00001aa054239_T001",TRUE,"Master Protein","Ag00001aa054239_T001",43,5,9,129,NA,1.296,0.252275566676179,0.594605004182083,69,89.4,12.82,3.8,128.9,114.4,93.4,178.7,178.4,144.8,232.2,242,188.8,301.1,282.2,302.2,"High","High","High","High","High","High"
"Ag00001aa096030_T001",TRUE,"Master Protein","Ag00001aa096030_T001",9,2,6,317,NA,0.735,0.0395081406063513,0.155758524560534,102.1,75,8.69,5.96,42.5,30.4,35,31.1,29.7,24.9,76.6,64.3,70.7,52.4,47,52,"High","High","High","High","High","High"
"Ag00001aa094834_T001",TRUE,"Master Protein","Ag00001aa094834_T001",14,4,7,571,NA,0.788,0.699868881253086,1,51.8,40.8,3.58,26.07,46.4,37.6,38.6,37.2,45.2,20,83.6,79.6,78,62.7,71.5,41.7,"High","High","High","High","High","High"
"Ag00001aa062567_T001",TRUE,"Master Protein","Ag00001aa062567_T001",21,7,9,512,NA,0.873,0.904212441051567,1,126.4,110.4,17.5,1.51,116.9,78,116.4,109.2,114.7,89.6,210.6,165,235.3,184,181.4,187,"High","High","High","High","High","High"
"Ag00001aa020689_T002",TRUE,"Master Protein","Ag00001aa020689_T002",28,2,7,134,NA,0.906,0.868989085345941,1,51.9,47,18.57,6.67,18.9,13.6,20.6,19.4,19.5,13.7,34.1,28.8,41.6,32.7,30.8,28.6,"High","High","High","High","High","High"
"Ag00001aa117966_T003",TRUE,"Master Protein","Ag00001aa117966_T003",25,5,10,263,NA,1.486,0.263505765753743,0.612375315640265,54.2,80.6,11.6,7.84,108.1,103.2,85.6,171.8,167.3,148.4,194.8,218.3,173,289.4,264.7,309.7,"High","High","High","High","High","High"
"Ag00001aa087789_T001",TRUE,"Master Protein","Ag00001aa087789_T001",13,3,6,493,NA,1.209,0.986390268812624,1,128.5,155.3,55.51,23.94,86.1,141.1,49.5,111.3,107.6,126.2,155.1,298.5,100.1,187.5,170.2,263.4,"High","High","High","High","High","High"
"Ag00001aa068681_T001",TRUE,"Master Protein","Ag00001aa068681_T001",24,4,9,246,NA,1.199,0.999215073650302,1,35.5,42.6,7.37,9.53,86.9,65.8,67.9,106.8,105.5,71.2,156.6,139.2,137.3,179.9,166.9,148.6,"High","High","High","High","High","High"
"Ag00001aa146597_T001",TRUE,"Master Protein","Ag00001aa146597_T001",9,6,9,966,NA,1.662,0.468564902494323,0.922852055701071,63.6,105.6,12.71,5.73,121.7,82.5,89.2,177.9,185.4,156.4,219.3,174.5,180.3,299.7,293.3,326.4,"High","High","High","High","High","High"
"Ag00001aa032938_T001",TRUE,"Master Protein","Ag00001aa032938_T001",8,9,10,1120,"Met-loss [N-Term]",1.038,0.912087799430363,1,100.6,104.5,13.79,8.37,90.9,58.6,72.2,102.6,94,72.6,163.8,124,145.9,172.8,148.7,151.5,"High","High","High","High","High","High"
"Ag00001aa120859_T001",TRUE,"Master Protein","Ag00001aa120859_T001",9,5,14,671,NA,0.99,0.999993753895377,1,190.2,188.3,8.99,6.58,300.4,306.4,294.9,387.7,366.1,282.7,541.2,648.3,596.1,653.1,579.1,590,"High","High","High","High","High","High"
"Ag00001aa042240_T003",TRUE,"Master Protein","Ag00001aa042240_T003",21,4,15,214,NA,0.958,0.999825450348516,1,12.4,11.9,10.48,64.22,18.3,16,19.7,38.7,20.5,8.2,33,33.9,39.8,65.2,32.4,17.1,"High","High","High","High","High","High"
"Ag00001aa108817_T001",TRUE,"Master Protein","Ag00001aa108817_T001",16,4,7,306,NA,0.883,0.371030094852288,0.781275672921064,128.9,113.8,12.38,7.18,38.9,33,42.6,34.6,39.1,32.2,70.1,69.8,86.1,58.3,61.9,67.2,"High","High","High","High","High","High"
"Ag00001aa063510_T001",TRUE,"Master Protein","Ag00001aa063510_T001",14,4,9,345,NA,0.887,0.860444756873821,1,149.9,133,13.08,7.85,385.1,425,384.3,371.7,435.7,351.1,693.8,899.2,776.8,626.2,689.2,732.8,"High","High","High","High","High","High"
"Ag00001aa117981_T003",TRUE,"Master Protein","Ag00001aa117981_T003",10,5,7,702,NA,0.62,0.00293653734410382,0.0243886077122155,168.8,104.6,3.01,17.78,38.4,34.6,35.9,26.7,29.9,16,69.2,73.2,72.6,45,47.3,33.4,"High","High","High","High","High","High"
"Ag00001aa018534_T001",TRUE,"Master Protein","Ag00001aa018534_T001",25,5,6,227,NA,0.886,0.657213660013632,1,143.8,127.5,18.08,7.98,116.2,126.3,94,119.7,108.7,88.9,209.4,267.2,190,201.7,172,185.5,"High","High","High","High","High","High"
"Ag00001aa001519_T002",TRUE,"Master Protein","Ag00001aa001519_T002",16,6,8,501,NA,0.922,0.999714668610033,1,93.1,85.9,23.96,11.01,275.2,159,271.1,279.3,289.1,182.8,495.8,336.4,548,470.5,457.3,381.5,"High","High","High","High","High","High"
"Ag00001aa088716_T003",TRUE,"Master Protein","Ag00001aa088716_T003",39,9,12,310,"Met-loss [N-Term]",0.708,0.000109389698304208,0.00239651916248078,148,104.8,1.52,4.13,534.4,464.5,490.7,442,437.3,333.5,962.8,982.8,991.9,744.6,691.8,696,"High","High","High","High","High","High"
"Ag00001aa033385_T001",TRUE,"Master Protein","Ag00001aa033385_T001",25,7,11,429,NA,0.58,0.000844044148949674,0.0100342325857179,164,95.1,6.88,5.27,472.5,423.4,482.1,308.4,342.7,233.8,851.3,895.8,974.5,519.6,542.1,488,"High","High","High","High","High","High"
"Ag00001aa083673_T001",TRUE,"Master Protein","Ag00001aa083673_T001",17,5,12,447,NA,0.983,0.999907460410841,1,136.7,134.3,19.23,9.17,177.1,192.4,139.1,186.1,192.3,172.5,319.1,407.1,281.2,313.5,304.2,360,"High","High","High","High","High","High"
"Ag00001aa038068_T001",TRUE,"Master Protein","Ag00001aa038068_T001",16,5,7,496,NA,1.287,0.120710624062808,0.353167845238871,101.9,131.2,10.42,9.05,146.1,113.3,145.9,196.3,246.3,162.3,263.2,239.7,294.9,330.7,389.6,338.7,"High","High","High","High","High","High"
"Ag00001aa079704_T001",TRUE,"Master Protein","Ag00001aa079704_T001",38,3,12,78,NA,0.76,0.0623272256341425,0.214006583193679,153.4,116.5,36,7.86,374.6,569.4,333.1,304.4,361.1,235.5,674.9,1204.7,673.3,512.8,571.2,491.5,"High","High","High","High","High","High"
"Ag00001aa101281_T001",TRUE,"Master Protein","Ag00001aa101281_T001",30,4,8,197,NA,1.708,0.321954601897741,0.707617325111532,24.1,41.2,11.22,16.6,11.9,12.7,12.2,25,19.7,20.3,21.4,26.9,24.7,42.1,31.2,42.4,"High","High","High","High","High","High"
"Ag00001aa115730_T002",TRUE,"Master Protein","Ag00001aa115730_T002",35,4,9,170,NA,0.775,0.0699310612496967,0.232739008091004,114.1,88.5,12.15,4.48,257.6,203.8,269.4,220.6,227.4,162.9,464.1,431.2,544.6,371.6,359.7,340,"High","High","High","High","High","High"
"Ag00001aa065884_T002",TRUE,"Master Protein","Ag00001aa065884_T002",19,3,10,252,NA,0.868,0.831179276759685,1,206.2,179,10.39,4.7,652.8,660.2,578.1,561,645.5,494,1176.2,1396.8,1168.6,945.1,1021.1,1031,"High","High","High","High","High","High"
"Ag00001aa011686_T001",TRUE,"Master Protein","Ag00001aa011686_T001",22,7,12,330,NA,0.712,0.876394261249518,1,65.2,46.4,5.9,15.01,214.8,168.3,197.8,195.8,174.2,117.8,387,356.1,399.8,329.9,275.6,245.9,"High","High","High","High","High","High"
"Ag00001aa028864_T001",TRUE,"Master Protein","Ag00001aa028864_T001",15,4,6,355,NA,0.793,0.116239824757497,0.342907483034616,148.4,117.7,11.36,7.53,251.2,247.7,281.3,217.8,262.8,202.3,452.6,524.1,568.6,366.9,415.7,422.2,"High","High","High","High","High","High"
"Ag00001aa054312_T001",TRUE,"Master Protein","Ag00001aa054312_T001",52,3,14,98,NA,0.812,0.111859525852963,0.332869370565696,135.7,110.2,25.38,3.86,162.3,206.9,141.3,141,143.2,117.2,292.4,437.7,285.6,237.5,226.5,244.6,"High","High","High","High","High","High"
"Ag00001aa089163_T001",TRUE,"Master Protein","Ag00001aa089163_T001",36,5,21,165,NA,1.372,0.0597470171082077,0.207525188724757,119.8,164.3,17.52,12.73,59.4,35.6,48.7,95.3,79.7,64.7,107,75.3,98.4,160.5,126.1,135,"High","High","High","High","High","High"
"Ag00001aa083267_T002",TRUE,"Master Protein","Ag00001aa083267_T002",15,4,5,351,NA,0.677,0.016202812136747,0.0824530807197912,167.2,113.3,7.36,11.92,207.8,205,198.8,161.6,180.1,108.2,374.4,433.7,401.8,272.2,284.9,225.8,"High","High","High","High","High","High"
"Ag00001aa029425_T001",TRUE,"Master Protein","Ag00001aa029425_T001",13,6,9,487,NA,0.767,0.0284707639932478,0.123539080872839,122.6,94,7.65,6.71,200.9,156.7,191.2,164.9,175.6,118.2,362,331.5,386.5,277.8,277.8,246.7,"High","High","High","High","High","High"
"Ag00001aa041441_T001",TRUE,"Master Protein","Ag00001aa041441_T001",16,5,8,518,NA,0.488,0.0105123309774877,0.0603496919988914,183.2,89.4,8.52,14.77,85,84.2,88.2,51.6,45.9,46.9,153.1,178.1,178.3,86.9,72.6,97.9,"High","High","High","High","High","High"
"Ag00001aa025276_T001",TRUE,"Master Protein","Ag00001aa025276_T001",22,4,5,175,NA,0.79,0.362578517823122,0.771575890619761,179.4,141.7,18.8,8,152.4,142.3,193,154.6,140.5,113.9,274.6,301.1,390.1,260.4,222.3,237.7,"High","High","High","High","High","High"
"Ag00001aa060927_T002",TRUE,"Master Protein","Ag00001aa060927_T002",16,6,7,503,NA,0.935,0.895405766292898,1,135.7,126.9,6.95,9.7,184.7,160.6,187,188.6,195.5,176.7,332.8,339.8,378,317.7,309.3,368.8,"High","High","High","High","High","High"
"Ag00001aa000837_T001",TRUE,"Master Protein","Ag00001aa000837_T001",56,7,17,118,NA,0.943,0.676544118692214,1,127.4,120.1,38.49,6.78,441.7,737.9,441.3,537.3,531.9,378.9,795.8,1561.2,892,905.2,841.4,790.8,"High","High","High","High","High","High"
"Ag00001aa089876_T001",TRUE,"Master Protein","Ag00001aa089876_T001",16,4,12,432,"Met-loss [N-Term]",NA,NA,NA,NA,NA,NA,NA,NA,NA,NA,NA,NA,NA,NA,NA,NA,NA,NA,NA,"High","High","High","High","High","High"
"Ag00001aa078087_T001",TRUE,"Master Protein","Ag00001aa078087_T001",37,7,12,262,NA,0.88,0.998255722314874,1,22.2,19.5,21.12,40.29,36.7,22.6,22.6,44.7,26.6,17.8,66.1,47.8,45.7,75.3,42.1,37.1,"High","High","High","High","High","High"
"Ag00001aa115058_T001",TRUE,"Master Protein","Ag00001aa115058_T001",17,3,6,336,NA,1.565,0.00388799286582742,0.0294085483264975,59,92.3,6.44,9.53,92.4,72.9,86.8,162.8,143.6,124.8,166.5,154.2,175.5,274.3,227.2,260.5,"High","High","High","High","High","High"
"Ag00001aa077509_T002",TRUE,"Master Protein","Ag00001aa077509_T002",25,5,8,272,"Met-loss [N-Term]",0.746,0.970643370912573,1,30.4,22.7,8.38,45.92,14.7,12.3,11.2,19.4,8.3,9.3,26.5,26,22.6,32.7,13.1,19.4,"High","High","High","High","High","High"
"Ag00001aa094666_T001",TRUE,"Master Protein","Ag00001aa094666_T001",12,4,10,439,NA,1.309,0.546837325374186,1,74.4,97.4,31.14,10.04,230.5,105.3,147,241.8,245.8,160.3,415.3,222.8,297.1,407.4,388.8,334.6,"High","High","High","High","High","High"
"Ag00001aa068648_T003",TRUE,"Master Protein","Ag00001aa068648_T003",16,8,12,978,"Met-loss [N-Term]",0.927,0.87871852632702,1,67.9,63,3.51,4.67,233.9,206,201,247.7,246.9,182.9,421.4,435.8,406.3,417.3,390.6,381.7,"High","High","High","High","High","High"
"Ag00001aa116171_T001",TRUE,"Master Protein","Ag00001aa116171_T001",16,4,7,306,NA,0.925,0.999938933905877,1,112.7,104.3,2.18,13.56,24.6,21.5,22.9,23.6,26.6,24.5,44.3,45.5,46.3,39.8,42.1,51.1,"High","High","High","High","High","High"
"Ag00001aa092860_T001",TRUE,"Master Protein","Ag00001aa092860_T001",12,5,9,349,NA,0.902,0.211327867697441,0.521936696138867,100.2,90.4,6.82,3.92,222.6,215.3,203.7,229.6,226.1,178,401.1,455.5,411.8,386.8,357.7,371.5,"High","High","High","High","High","High"
"Ag00001aa010604_T002",TRUE,"Master Protein","Ag00001aa010604_T002",9,5,9,616,NA,0.991,0.999999195514297,1,137,135.7,7.46,7.92,261.1,195.5,234.3,276.6,307.5,199.4,470.4,413.6,473.6,466,486.4,416.2,"High","High","High","High","High","High"
"Ag00001aa127444_T002",TRUE,"Master Protein","Ag00001aa127444_T002",14,3,9,260,NA,1.056,0.488571446381862,0.947180886210498,107.9,113.9,2.98,8.26,131.8,108.4,120.4,148.9,154.4,136.2,237.5,229.3,243.4,250.8,244.2,284.3,"High","High","High","High","High","High"
"Ag00001aa065403_T002",TRUE,"Master Protein","Ag00001aa065403_T002",17,4,11,241,NA,1.154,0.864862047690426,1,88.7,102.3,6.46,9.83,479.3,413.7,384,570.1,629.7,552,863.6,875.3,776.2,960.4,996.1,1152.1,"High","High","High","High","High","High"
"Ag00001aa042136_T001",TRUE,"Master Protein","Ag00001aa042136_T001",35,5,10,192,NA,1.06,0.993099103329965,1,167.4,177.4,8.63,2.33,22,15.8,18.7,24.3,24.7,19.2,39.6,33.4,37.8,40.9,39.1,40.1,"High","High","High","High","High","High"
"Ag00001aa103754_T001",TRUE,"Master Protein","Ag00001aa103754_T001",17,5,10,371,NA,1.695,0.669298308255859,1,45.8,77.7,21.48,10.91,14.6,9.3,8.7,19.8,23.9,14.6,26.3,19.7,17.6,33.4,37.8,30.5,"High","High","High","High","High","High"
"Ag00001aa017783_T001",TRUE,"Master Protein","Ag00001aa017783_T001",24,6,8,275,"Met-loss [N-Term]",0.985,0.785208715315402,1,112,110.3,13.89,6.51,234.1,247.8,202.9,247.7,234.6,199,421.8,524.3,410.1,417.3,371.1,415.3,"High","High","High","High","High","High"
"Ag00001aa009034_T002",TRUE,"Master Protein","Ag00001aa009034_T002",7,5,6,867,NA,NA,NA,NA,NA,NA,NA,NA,NA,NA,NA,NA,NA,NA,NA,NA,NA,NA,NA,NA,"High","High","High","High","High","High"
"Ag00001aa138220_T001",TRUE,"Master Protein","Ag00001aa138220_T001",20,5,8,363,NA,1.093,0.989150373827213,1,53.4,58.4,6.05,13.52,51.7,40.2,47.3,64.9,52.8,48.8,93.1,85.1,95.6,109.3,83.5,101.8,"High","High","High","High","High","High"
"Ag00001aa100331_T001",TRUE,"Master Protein","Ag00001aa100331_T001",32,5,9,146,NA,0.817,0.72827273109813,1,138.4,113,13.33,8.11,327.1,218.5,290.7,294.5,268,229.9,589.3,462.3,587.6,496.1,424,479.8,"High","High","High","High","High","High"
"Ag00001aa122442_T001",TRUE,"Master Protein","Ag00001aa122442_T001",29,5,14,195,NA,0.974,0.661640024786218,1,160,155.8,25.1,15.56,483.5,255.9,432.7,640,536.2,391.9,871.1,541.4,874.6,1078.2,848.2,817.9,"High","High","High","High","High","High"
"Ag00001aa017812_T001",TRUE,"Master Protein","Ag00001aa017812_T001",22,4,6,242,NA,NA,NA,NA,NA,NA,NA,NA,NA,NA,NA,NA,NA,NA,NA,NA,NA,NA,NA,NA,"High","High","High","High","High","High"
"Ag00001aa018455_T003",TRUE,"Master Protein","Ag00001aa018455_T003",13,5,6,565,NA,4.065,4.35459341119326e-06,0.000643262778228948,61.7,250.7,10.92,7.32,154.9,130.7,113,611.5,710.6,571.6,279.1,276.5,228.4,1030.2,1124.1,1193,"High","High","High","High","High","High"
"Ag00001aa126647_T002",TRUE,"Master Protein","Ag00001aa126647_T002",34,2,10,139,NA,0.825,0.993666684987636,1,106.8,88.2,25.72,10.97,606.2,444.8,317.4,471.2,408.2,372.2,1092.2,941.1,641.6,793.8,645.7,776.8,"High","High","High","High","High","High"
"Ag00001aa007715_T004",TRUE,"Master Protein","Ag00001aa007715_T004",12,6,10,481,NA,0.754,0.211925890561278,0.523088487876009,172.5,130.1,14.66,5.34,185.6,211.5,206.7,189.2,199.2,138.3,334.4,447.5,417.8,318.7,315.1,288.6,"High","High","High","High","High","High"
"Ag00001aa008194_T002",TRUE,"Master Protein","Ag00001aa008194_T002",21,5,10,257,NA,1.902,0.194697325320074,0.491350497229146,41,78,20.49,9.9,129.9,75.9,86.6,208.7,182.7,159.5,234,160.6,175.1,351.6,289,332.9,"High","High","High","High","High","High"
"Ag00001aa058537_T002",TRUE,"Master Protein","Ag00001aa058537_T002",16,8,9,592,NA,1.154,0.531835350769873,0.999198188772025,104.1,120.1,3.03,4.37,230.4,194.1,215,272.4,316.6,229.5,415.1,410.7,434.6,458.9,500.8,479,"High","High","High","High","High","High"
"Ag00001aa117929_T002",TRUE,"Master Protein","Ag00001aa117929_T002",13,5,8,479,NA,0.577,0.570106590576784,1,154.7,89.2,38.54,34.55,34.2,15.8,38.1,21.1,29.7,10.9,61.6,33.4,77,35.5,47,22.7,"High","High","High","High","High","High"
"Ag00001aa117060_T001",TRUE,"Master Protein","Ag00001aa117060_T001",8,3,14,498,NA,1.241,0.907446653456075,1,20.3,25.3,16.42,5.78,26.8,16.9,18.8,30,28.5,22.6,48.3,35.8,38,50.5,45.1,47.2,"High","High","High","High","High","High"
"Ag00001aa106933_T001",TRUE,"Master Protein","Ag00001aa106933_T001",28,4,11,199,NA,0.53,0.0127067931627834,0.0690558873297096,84.3,44.7,2.45,19.51,139.3,122.9,130.2,111.5,87.1,64.4,251,260,263.2,187.8,137.8,134.4,"High","High","High","High","High","High"
"Ag00001aa085764_T001",TRUE,"Master Protein","Ag00001aa085764_T001",15,3,7,342,NA,1.133,0.231482113481392,0.559992657763367,82.3,93.3,8.4,8.5,74.9,62.8,57.1,101.3,95.2,69.8,134.9,132.9,115.4,170.7,150.6,145.7,"High","High","High","High","High","High"
"Ag00001aa041470_T002",TRUE,"Master Protein","Ag00001aa041470_T002",12,4,6,530,NA,0.877,0.916386058219582,1,46.1,40.4,7.29,5.23,64.3,50.6,61.3,63,64.2,45.8,115.9,107.1,123.9,106.1,101.6,95.6,"High","High","High","High","High","High"
"Ag00001aa123503_T001",TRUE,"Master Protein","Ag00001aa123503_T001",19,4,11,217,NA,0.459,0.0407359618673396,0.15953903476453,222.5,102.2,3.97,4.64,64.1,55.3,53.7,31.5,32.7,27.1,115.5,117,108.5,53.1,51.7,56.6,"High","High","High","High","High","High"
"Ag00001aa022087_T001",TRUE,"Master Protein","Ag00001aa022087_T001",36,3,16,126,NA,1.249,0.684988526310371,1,112.6,140.6,0.88,5.12,149,125.3,133.4,199,198.2,166.3,268.5,265.1,269.7,335.2,313.5,347.1,"High","High","High","High","High","High"
"Ag00001aa142659_T002",TRUE,"Master Protein","Ag00001aa142659_T002",11,6,8,961,NA,2.101,0.7585924711815,1,47.5,99.8,24.13,17.98,45.5,27.7,26,73.1,79.7,42.9,82,58.6,52.6,123.1,126.1,89.5,"High","High","High","High","High","High"
"Ag00001aa023585_T001",TRUE,"Master Protein","Ag00001aa023585_T001",14,4,11,383,NA,1.221,0.760714599661433,1,48,58.7,11.45,7.18,98.2,67.1,75.3,110.3,110,96.2,176.9,142,152.2,185.8,174,200.8,"High","High","High","High","High","High"
"Ag00001aa150683_T002",TRUE,"Master Protein","Ag00001aa150683_T002",9,5,7,627,NA,0.858,0.325796221690124,0.712055633615056,110.4,94.7,11.98,11.77,56.4,53.5,63.8,57.8,61.4,37.7,101.6,113.2,129,97.4,97.1,78.7,"High","High","High","High","High","High"
"Ag00001aa033147_T001",TRUE,"Master Protein","Ag00001aa033147_T001",21,6,7,506,NA,0.698,0.429993590587085,0.867337498961984,155.1,108.2,4.55,2.96,43,34.8,39.9,31.7,35.7,25.9,77.5,73.6,80.7,53.4,56.5,54.1,"High","High","High","High","High","High"
"Ag00001aa137696_T001",TRUE,"Master Protein","Ag00001aa137696_T001",14,5,6,428,NA,0.912,0.969905667790616,1,103.9,94.8,13.09,3.97,122.8,89.8,122.4,119.8,119,96.7,221.3,190,247.4,201.8,188.2,201.8,"High","High","High","High","High","High"
"Ag00001aa045351_T001",TRUE,"Master Protein","Ag00001aa045351_T001",9,3,6,513,NA,0.62,0.050024032109663,0.183296315942333,117.1,72.7,13.27,4.79,272.7,179.5,232.8,180.8,184.5,132.6,491.3,379.8,470.6,304.6,291.9,276.7,"High","High","High","High","High","High"
"Ag00001aa100890_T001",TRUE,"Master Protein","Ag00001aa100890_T001",16,3,8,360,NA,1.04,0.992576142356609,1,44.1,45.9,5.16,5.91,93.1,74.3,75,90.9,103.3,82.6,167.7,157.2,151.6,153.1,163.4,172.4,"High","High","High","High","High","High"
"Ag00001aa092941_T001",TRUE,"Master Protein","Ag00001aa092941_T001",25,3,15,163,"Met-loss [N-Term]",0.823,0.101958976714025,0.31034276196597,113.7,93.6,19.17,9.6,542.6,627.8,473.6,462.1,508.9,445.2,977.6,1328.3,957.3,778.5,805,929.2,"High","High","High","High","High","High"
"Ag00001aa017295_T001",TRUE,"Master Protein","Ag00001aa017295_T001",46,5,8,182,NA,0.975,0.999759311781816,1,80.1,78,9.67,12.79,102.4,105.5,105.1,122.9,122.7,118.4,184.5,223.2,212.4,207,194.1,247.1,"High","High","High","High","High","High"
"Ag00001aa073617_T002",TRUE,"Master Protein","Ag00001aa073617_T002",15,6,10,589,NA,0.519,0.0132657848493587,0.0708929030654939,179.5,93.1,5.44,11.78,114.4,106.7,101.6,66.4,67.6,42.6,206.1,225.7,205.4,111.9,106.9,88.9,"High","High","High","High","High","High"
"Ag00001aa069206_T001",TRUE,"Master Protein","Ag00001aa069206_T001",10,4,10,512,NA,0.98,0.999758010954183,1,89,87.2,11.04,7.25,82.6,56.4,68.5,80.2,96.8,65,148.8,119.3,138.5,135.1,153.1,135.7,"High","High","High","High","High","High"
"Ag00001aa125037_T001",TRUE,"Master Protein","Ag00001aa125037_T001",16,4,9,336,NA,NA,NA,NA,NA,NA,NA,NA,NA,NA,NA,NA,NA,NA,NA,NA,NA,NA,NA,NA,"Not Found","Not Found","Not Found","Not Found","High","Not Found"
"Ag00001aa087171_T001",TRUE,"Master Protein","Ag00001aa087171_T001",15,6,8,542,NA,0.758,0.720709022725389,1,149,112.9,4.15,1.05,145.1,127.3,122.7,119.3,124.5,94.9,261.4,269.3,248,201,196.9,198.1,"High","High","High","High","High","High"
"Ag00001aa036211_T001",TRUE,"Master Protein","Ag00001aa036211_T001",7,5,10,941,NA,0.888,0.404096647534354,0.827851112215632,100.3,89,7.91,15.45,155.1,148.3,133.9,154.1,156.8,92.1,279.4,313.8,270.7,259.6,248,192.2,"High","High","High","High","High","High"
"Ag00001aa064251_T001",TRUE,"Master Protein","Ag00001aa064251_T001",26,5,8,290,NA,0.794,0.288073189148494,0.651039398553475,91.8,72.9,11.4,8.18,60.4,57.3,47.7,49.3,61.3,41.4,108.8,121.2,96.4,83.1,97,86.4,"High","High","High","High","High","High"
"Ag00001aa000695_T001",TRUE,"Master Protein","Ag00001aa000695_T001",19,3,8,267,NA,0.844,0.992456718677771,1,247.8,209.1,21.3,9.77,57.4,63.7,44.2,51.8,53.9,48.7,103.4,134.8,89.3,87.3,85.3,101.6,"High","High","High","High","High","High"
"Ag00001aa101082_T002",TRUE,"Master Protein","Ag00001aa101082_T002",23,5,7,358,NA,0.972,0.999999914620132,1,52.8,51.3,9.21,14.55,123.8,87.8,99.6,139.8,123.7,85.2,223.1,185.8,201.3,235.5,195.7,177.8,"High","High","High","High","High","High"
"Ag00001aa031230_T001",TRUE,"Master Protein","Ag00001aa031230_T001",46,4,12,169,"Met-loss+Acetyl [N-Term]",1.011,0.998954973920202,1,26.7,27,40.47,10.92,6.3,3.2,7.9,6.2,8.2,5.5,11.4,6.8,16,10.4,13,11.5,"High","High","High","High","High","High"
"Ag00001aa032060_T001",TRUE,"Master Protein","Ag00001aa032060_T001",19,4,10,302,NA,1.785,0.127103131967258,0.367896812819862,103.8,185.3,13.25,27.08,346.5,232.5,252.2,614.4,575.2,283.2,624.3,491.9,509.8,1035.1,909.9,591.1,"High","High","High","High","High","High"
"Ag00001aa046015_T001",TRUE,"Master Protein","Ag00001aa046015_T001",18,4,11,330,NA,0.844,0.999459185243698,1,75,63.3,59.63,16.72,44.8,9,28,34.3,30.2,19.9,80.7,19,56.6,57.8,47.8,41.5,"High","High","High","High","High","High"
"Ag00001aa145998_T001",TRUE,"Master Protein","Ag00001aa145998_T001",11,6,8,639,NA,1.532,0.37291756884134,0.783228757679282,43.8,67.2,25.34,6.05,40.8,23.5,23.5,46.6,44.1,36.5,73.5,49.7,47.5,78.5,69.8,76.2,"High","High","High","High","High","High"
"Ag00001aa064272_T001",TRUE,"Master Protein","Ag00001aa064272_T001",19,3,8,193,NA,1.039,0.987045838410729,1,23.6,24.5,11.14,26.55,14.1,9.6,11.3,19.6,15,9.5,25.4,20.3,22.8,33,23.7,19.8,"High","High","High","High","High","High"
"Ag00001aa020716_T002",TRUE,"Master Protein","Ag00001aa020716_T002",11,3,7,426,NA,0.477,0.000486876609625764,0.00694505737105907,165.6,79,12.27,14.72,158.5,121.9,162.6,81.4,86.1,50.1,285.6,257.9,328.7,137.1,136.2,104.6,"High","High","High","High","High","High"
"Ag00001aa092322_T002",TRUE,"Master Protein","Ag00001aa092322_T002",19,5,10,455,NA,NA,NA,NA,NA,NA,NA,NA,NA,NA,NA,NA,NA,NA,NA,NA,NA,NA,NA,NA,"High","High","High","High","High","High"
"Ag00001aa045557_T001",TRUE,"Master Protein","Ag00001aa045557_T001",8,4,5,628,NA,NA,NA,NA,NA,NA,NA,NA,NA,NA,NA,NA,NA,NA,NA,NA,NA,NA,NA,NA,"High","High","High","High","High","High"
"Ag00001aa008113_T001",TRUE,"Master Protein","Ag00001aa008113_T001",25,6,8,345,NA,0.996,0.999948059574588,1,88.6,88.3,7.07,17.7,66.7,65.1,62,74.1,66.8,72.1,120.2,137.7,125.3,124.8,105.7,150.5,"High","High","High","High","High","High"
"Ag00001aa005145_T002",TRUE,"Master Protein","Ag00001aa005145_T002",18,6,10,334,NA,1.679,0.146735573652846,0.406601852312164,86.3,145,37.98,10.17,19.5,12.1,7.8,28.7,25,20.6,35.1,25.6,15.8,48.3,39.5,43,"High","High","High","High","High","High"
"Ag00001aa088041_T001",TRUE,"Master Protein","Ag00001aa088041_T001",21,3,8,165,NA,0.703,0.382143456983326,0.796499776202742,128.3,90.3,13.82,8.69,105.4,118.3,114.8,96.9,96.8,87,189.9,250.3,232.1,163.2,153.1,181.6,"High","High","High","High","High","High"
"Ag00001aa044277_T001",TRUE,"Master Protein","Ag00001aa044277_T001",12,4,7,631,NA,1.051,0.917438557189724,1,118.7,124.8,7.53,5.21,89.1,65.4,76.1,90.3,102.2,80.9,160.5,138.4,153.8,152.1,161.7,168.8,"High","High","High","High","High","High"
"Ag00001aa145320_T001",TRUE,"Master Protein","Ag00001aa145320_T001",16,4,9,301,NA,1.019,0.999983942236929,1,120.5,122.8,5.71,3.01,154.7,123,144.3,160.8,181.2,136.1,278.7,260.2,291.7,270.9,286.6,284,"High","High","High","High","High","High"
"Ag00001aa130156_T002",TRUE,"Master Protein","Ag00001aa130156_T002",25,6,9,255,NA,0.827,0.100908680851087,0.307774704640628,62.5,51.6,37.56,10.24,83.4,135.3,80.7,82.8,72.4,64.6,150.3,286.3,163.1,139.5,114.5,134.8,"High","High","High","High","High","High"
"Ag00001aa105295_T001",TRUE,"Master Protein","Ag00001aa105295_T001",10,4,9,511,NA,NA,NA,NA,NA,NA,NA,NA,NA,NA,NA,NA,NA,NA,NA,NA,NA,NA,NA,NA,"High","High","High","High","High","High"
"Ag00001aa007655_T003",TRUE,"Master Protein","Ag00001aa007655_T003",21,4,13,214,NA,0.958,0.986165765706706,1,88.4,84.7,15.36,5.26,301.2,326.7,261.3,332.7,328.8,243,542.7,691.2,528.2,560.5,520.1,507.2,"High","High","High","High","High","High"
"Ag00001aa009194_T001",TRUE,"Master Protein","Ag00001aa009194_T001",47,5,15,129,NA,1.104,0.515797132142211,0.98144331777295,92.3,101.9,7.09,6.64,393,377.1,349.5,463.9,489.5,417.2,708.1,797.8,706.5,781.5,774.3,870.7,"High","High","High","High","High","High"
"Ag00001aa107080_T001",TRUE,"Master Protein","Ag00001aa107080_T001",20,4,15,220,NA,1.365,0.884351390186644,1,65.9,89.9,19.26,6.64,120.3,71.1,83.1,122.5,144.9,112.2,216.7,150.4,168,206.4,229.2,234.2,"Not Found","Not Found","Not Found","Not Found","Not Found","Not Found"
"Ag00001aa027123_T001",TRUE,"Master Protein","Ag00001aa027123_T001",16,6,10,573,NA,0.802,0.400945026056045,0.823305103469322,147.3,118.2,6.46,8.07,166.8,133.9,159.4,127.4,159,115.5,300.5,283.3,322.2,214.6,251.5,241.1,"High","High","High","High","High","High"
"Ag00001aa000341_T001",TRUE,"Master Protein","Ag00001aa000341_T001",18,7,7,458,NA,0.602,0.010612286688181,0.0605518251734979,103.6,62.4,19.09,12.88,167.3,96.6,127.6,107.4,98.2,67.3,301.4,204.4,257.9,180.9,155.3,140.5,"High","High","High","High","High","High"
"Ag00001aa015462_T001",TRUE,"Master Protein","Ag00001aa015462_T001",32,5,8,284,NA,1.171,0.999999679773098,1,91.6,107.2,7.93,21.9,99.3,74,77.3,108.8,122.8,60.3,178.9,156.6,156.3,183.3,194.3,125.8,"High","High","High","High","High","High"
"Ag00001aa102138_T001",TRUE,"Master Protein","Ag00001aa102138_T001",16,6,9,469,NA,2.186,0.107841121421264,0.322400723717202,53.6,117.2,8.87,3.35,37.2,30.5,27.9,84.9,84.8,67.6,67,64.5,56.4,143,134.1,141.1,"High","High","High","High","High","High"
"Ag00001aa000654_T001",TRUE,"Master Protein","Ag00001aa000654_T001",17,4,6,303,NA,0.376,0.000121942987341472,0.00256769703734217,226.4,85.2,12.3,13.79,257,187,250.7,118.9,110.2,72.8,463,395.6,506.8,200.3,174.3,151.9,"High","High","High","High","High","High"
"Ag00001aa145029_T001",TRUE,"Master Protein","Ag00001aa145029_T001",26,5,8,253,NA,0.792,0.325616030823918,0.712053551442102,175.7,139,5.05,3.71,661.9,570.6,543.5,560.3,590,478.9,1192.6,1207.2,1098.6,943.9,933.3,999.5,"High","High","High","High","High","High"
"Ag00001aa082320_T003",TRUE,"Master Protein","Ag00001aa082320_T003",8,4,6,773,NA,1.364,0.0706260615489733,0.23456079184636,122.9,167.7,8.84,6.18,70.2,53.7,52.6,92,95,81,126.5,113.6,106.3,155,150.3,169.1,"High","High","High","High","High","High"
"Ag00001aa121310_T002",TRUE,"Master Protein","Ag00001aa121310_T002",19,4,11,220,NA,1.156,0.821598239407797,1,114.7,132.6,1.52,5.44,429,358.1,371.2,526.9,506.9,419.7,772.9,757.6,750.3,887.7,801.9,875.9,"High","High","High","High","High","High"
"Ag00001aa114752_T002",TRUE,"Master Protein","Ag00001aa114752_T002",11,4,10,497,NA,1.022,0.998762810623791,1,37.1,38,3.57,2.94,53.5,43.9,44.4,58.5,58.8,45.5,96.4,92.9,89.7,98.6,93,95,"High","High","High","High","High","High"
"Ag00001aa028292_T001",TRUE,"Master Protein","Ag00001aa028292_T001",40,5,7,168,NA,0.807,0.273038456504257,0.626931975161319,128.8,103.9,8.61,4.37,182.1,151.1,185.1,157.1,179.2,125.4,328.1,319.7,374.2,264.7,283.5,261.7,"High","High","High","High","High","High"
"Ag00001aa111548_T001",TRUE,"Master Protein","Ag00001aa111548_T001",21,5,9,343,NA,1.109,0.995696011758762,1,53.7,59.5,6.83,4.09,76.7,65,76.6,92.7,91.2,73.4,138.2,137.5,154.8,156.2,144.3,153.2,"High","High","High","High","High","High"
"Ag00001aa088949_T001",TRUE,"Master Protein","Ag00001aa088949_T001",18,5,6,475,NA,NA,NA,NA,NA,NA,NA,NA,NA,NA,NA,NA,NA,NA,NA,NA,NA,NA,NA,NA,"High","High","High","High","High","High"
"Ag00001aa028299_T001",TRUE,"Master Protein","Ag00001aa028299_T001",24,5,7,244,NA,0.769,0.0652917508387725,0.221662750746757,99.1,76.2,14.11,0.34,205.2,223.8,187.4,172.4,184.2,140.1,369.7,473.5,378.8,290.4,291.4,292.4,"High","High","High","High","High","High"
"Ag00001aa001702_T001",TRUE,"Master Protein","Ag00001aa001702_T001",22,2,10,148,NA,NA,NA,NA,NA,NA,NA,NA,NA,NA,NA,NA,NA,NA,NA,NA,NA,NA,NA,NA,"High","High","High","High","High","High"
"Ag00001aa029839_T001",TRUE,"Master Protein","Ag00001aa029839_T001",20,4,13,282,NA,NA,NA,NA,NA,NA,NA,NA,NA,NA,NA,NA,NA,NA,NA,NA,NA,NA,NA,NA,"High","High","High","High","High","High"
"Ag00001aa145771_T001",TRUE,"Master Protein","Ag00001aa145771_T001",16,6,7,466,NA,1.361,0.542946681815849,1,17.9,24.4,25.43,36.62,2.8,2.9,4.1,8,4.3,4,5,6.1,8.3,13.5,6.8,8.3,"High","High","High","High","High","High"
"Ag00001aa142959_T001",TRUE,"Master Protein","Ag00001aa142959_T001",14,4,7,315,NA,0.63,0.00249183240959194,0.0213729101529448,257.3,162.2,14.93,4.06,163.6,141.5,188.5,117,119.3,87.1,294.8,299.4,381,197.1,188.7,181.8,"High","High","High","High","High","High"
"Ag00001aa040085_T001",TRUE,"Master Protein","Ag00001aa040085_T001",24,4,12,194,NA,0.704,0.0265146620606465,0.118021192320741,126.8,89.3,11.65,2.24,520.8,502.6,417.1,406.9,416.2,316.7,938.3,1063.4,843.1,685.5,658.4,661,"High","High","High","High","High","High"
"Ag00001aa007756_T001",TRUE,"Master Protein","Ag00001aa007756_T001",15,5,9,353,NA,1.062,0.548068543800537,1,108.6,115.3,7.35,8.78,130,110.2,101.5,145.1,156.5,136.7,234.2,233.2,205.2,244.4,247.6,285.3,"High","High","High","High","High","High"
"Ag00001aa117873_T001",TRUE,"Master Protein","Ag00001aa117873_T001",20,6,7,432,NA,0.834,0.164110267996531,0.435896183192033,119.3,99.5,7.56,3.44,81.2,74.5,84.2,74.3,84.6,63,146.3,157.6,170.2,125.2,133.8,131.5,"High","High","High","High","High","High"
"Ag00001aa027712_T002",TRUE,"Master Protein","Ag00001aa027712_T002",9,6,7,700,NA,0.87,0.786313001217476,1,168.4,146.5,9.26,6.81,314.4,293.2,254.9,286.4,345.7,236.2,566.5,620.3,515.2,482.5,546.9,493,"High","High","High","High","High","High"
"Ag00001aa081980_T001",TRUE,"Master Protein","Ag00001aa081980_T001",14,2,9,230,NA,0.861,0.262011867714182,0.609477396197446,54.2,46.7,35.02,33.35,49.8,78.4,49.2,55.7,54.1,22.4,89.7,165.9,99.5,93.8,85.6,46.7,"High","High","High","High","High","High"
"Ag00001aa028981_T001",TRUE,"Master Protein","Ag00001aa028981_T001",32,5,8,197,NA,0.729,0.830812863468725,1,99.2,72.3,12,12.84,10.8,7.4,9.6,8.4,8.1,7.9,19.5,15.7,19.4,14.2,12.8,16.5,"High","High","High","High","High","High"
"Ag00001aa125113_T001",TRUE,"Master Protein","Ag00001aa125113_T001",12,7,10,640,NA,0.863,0.901107907676066,1,120.4,103.9,7.24,6.64,338.9,250.6,275.5,285.4,297,254.6,610.6,530.2,556.9,480.8,469.8,531.4,"High","High","High","High","High","High"
"Ag00001aa007691_T004",TRUE,"Master Protein","Ag00001aa007691_T004",6,4,10,890,NA,0.781,0.191866036248769,0.485988903791425,119.3,93.2,17.11,12.62,216.5,144.2,213.2,180.9,200.1,118.9,390.1,305.1,431,304.8,316.5,248.2,"High","High","High","High","High","High"
"Ag00001aa064592_T001",TRUE,"Master Protein","Ag00001aa064592_T001",13,3,5,357,NA,0.298,0.00476152389164586,0.0340623299763717,280,83.4,25.45,11.79,98.2,141.1,131.1,39.5,49.9,40.3,176.9,298.5,265,66.5,78.9,84.1,"High","High","High","High","High","High"
"Ag00001aa043824_T002",TRUE,"Master Protein","Ag00001aa043824_T002",13,4,5,520,NA,1.015,0.999999663267064,1,132.6,134.5,6.62,3.69,85.8,74.2,86.2,99.1,100.7,74.4,154.6,157,174.2,167,159.3,155.3,"High","High","High","High","High","High"
"Ag00001aa121339_T001",TRUE,"Master Protein","Ag00001aa121339_T001",10,6,7,647,NA,0.929,0.999999999994836,1,166.7,154.9,4.88,17.26,215.6,184.8,177,270.6,228.2,157.7,388.5,391,357.8,455.9,361,329.1,"High","High","High","High","High","High"
"Ag00001aa101142_T001",TRUE,"Master Protein","Ag00001aa101142_T001",11,5,9,660,NA,0.948,0.999258434081358,1,119.7,113.5,15.8,9.13,366.9,251.3,361.9,365.7,396.3,347.3,661.1,531.7,731.5,616.1,626.9,724.8,"High","High","High","High","High","High"
"Ag00001aa048747_T001",TRUE,"Master Protein","Ag00001aa048747_T001",22,7,11,398,NA,NA,NA,NA,NA,NA,NA,NA,NA,NA,NA,NA,NA,NA,NA,NA,NA,NA,NA,NA,"High","High","High","High","High","High"
"Ag00001aa032614_T001",TRUE,"Master Protein","Ag00001aa032614_T001",28,8,9,310,NA,1.558,0.0663411755465992,0.224617650614878,103.9,161.9,16.31,4.55,25.6,19.5,16.4,40.1,39,30.8,46.1,41.3,33.2,67.6,61.7,64.3,"High","High","High","High","High","High"
"Ag00001aa028774_T001",TRUE,"Master Protein","Ag00001aa028774_T001",16,9,9,642,NA,NA,NA,NA,NA,NA,NA,NA,NA,NA,NA,NA,NA,NA,NA,NA,NA,NA,NA,NA,"High","High","High","High","High","High"
"Ag00001aa078870_T001",TRUE,"Master Protein","Ag00001aa078870_T001",19,5,9,435,NA,0.809,0.0487557510574226,0.179759022769486,129.5,104.7,15.76,5.75,205.9,165.5,231.1,192.9,184,143.8,371,350.2,467.1,325,291.1,300.1,"High","High","High","High","High","High"
"Ag00001aa137659_T001",TRUE,"Master Protein","Ag00001aa137659_T001",25,6,7,339,NA,1.224,0.804773727150082,1,77.7,95.1,11.24,9.57,96.5,65.6,76.9,101.4,120.3,99.2,173.9,138.8,155.4,170.8,190.3,207,"High","High","High","High","High","High"
"Ag00001aa106823_T001",TRUE,"Master Protein","Ag00001aa106823_T001",11,3,4,456,NA,0.98,0.980673576969137,1,55.2,54.1,8.04,21.76,34.3,27.1,33.3,41.6,38.3,21.5,61.8,57.3,67.3,70.1,60.6,44.9,"High","High","High","High","High","High"
"Ag00001aa072903_T001",TRUE,"Master Protein","Ag00001aa072903_T001",26,5,11,220,NA,1.13,0.924825297319127,1,76.3,86.2,15.08,6.33,180.3,155,122.7,217.8,226.7,193.3,324.9,327.9,248,366.9,358.6,403.4,"High","High","High","High","High","High"
"Ag00001aa056271_T001",TRUE,"Master Protein","Ag00001aa056271_T001",8,5,7,806,NA,NA,NA,NA,NA,NA,NA,NA,NA,NA,NA,NA,NA,NA,NA,NA,NA,NA,NA,NA,"High","High","High","High","High","High"
"Ag00001aa061554_T001",TRUE,"Master Protein","Ag00001aa061554_T001",22,6,11,387,NA,1.287,0.975225438821701,1,85,109.4,34.19,35.59,10.3,4.9,10.6,7.5,15.1,12.9,18.6,10.4,21.4,12.6,23.9,26.9,"High","High","High","High","High","High"
"Ag00001aa085945_T001",TRUE,"Master Protein","Ag00001aa085945_T001",21,7,8,434,NA,1.088,0.964808555927945,1,48.3,52.6,8,21.54,50.2,38.6,47.4,72.9,62.2,38.2,90.4,81.7,95.8,122.8,98.4,79.7,"High","High","High","High","High","High"
"Ag00001aa091389_T002",TRUE,"Master Protein","Ag00001aa091389_T002",22,4,8,301,NA,NA,NA,NA,NA,NA,NA,NA,NA,NA,NA,NA,NA,NA,NA,NA,NA,NA,NA,NA,"High","High","High","High","High","High"
"Ag00001aa087646_T001",TRUE,"Master Protein","Ag00001aa087646_T001",28,7,12,263,NA,0.862,0.298728417129919,0.668402379677908,123.4,106.4,10.08,3.68,300.5,310.1,282.7,296.7,294.5,236,541.4,656.1,571.4,499.8,465.9,492.5,"High","High","High","High","High","High"
"Ag00001aa033018_T002",TRUE,"Master Protein","Ag00001aa033018_T002",13,6,7,628,NA,1.215,0.834302513708068,1,92.4,112.2,0.42,12.45,226.9,193.1,200.7,294.7,383.7,234.3,408.8,408.5,405.7,496.5,607,489,"High","High","High","High","High","High"
"Ag00001aa126393_T001",TRUE,"Master Protein","Ag00001aa126393_T001",18,3,7,232,NA,1.095,0.973102068441743,1,39.5,43.3,4.54,18.19,38.5,33,31.8,51.1,37.6,36.4,69.4,69.8,64.3,86.1,59.5,76,"High","High","High","High","High","High"
"Ag00001aa120791_T001",TRUE,"Master Protein","Ag00001aa120791_T001",15,4,6,355,NA,NA,NA,NA,NA,NA,NA,NA,NA,NA,NA,NA,NA,NA,NA,NA,NA,NA,NA,NA,"High","High","High","High","High","High"
"Ag00001aa024980_T001",TRUE,"Master Protein","Ag00001aa024980_T001",30,5,6,310,NA,0.937,0.993074275325241,1,106.7,99.9,11.65,4.71,98.9,89.7,74.5,93.3,105.5,82.7,178.2,189.8,150.6,157.2,166.9,172.6,"High","High","High","High","High","High"
"Ag00001aa034948_T001",TRUE,"Master Protein","Ag00001aa034948_T001",17,6,8,647,NA,1.041,0.999946603572356,1,72.6,75.6,11.78,6.18,60.1,49.1,63.8,66.9,65.6,56.2,108.3,103.9,129,112.7,103.8,117.3,"High","High","High","High","High","High"
"Ag00001aa083258_T001",TRUE,"Master Protein","Ag00001aa083258_T001",11,5,9,642,NA,0.231,0.000304961435026119,0.00490821118520092,356.2,82.3,26.06,13.96,234,338.8,277.7,63.7,82,68.1,421.6,716.8,561.3,107.3,129.7,142.1,"High","High","High","High","High","High"
"Ag00001aa110319_T001",TRUE,"Master Protein","Ag00001aa110319_T001",26,6,10,326,NA,1.04,0.998396296942456,1,39.1,40.7,10.49,12.92,92.3,64.4,71.2,104.5,86.6,71.7,166.3,136.3,143.9,176,137,149.6,"High","High","High","High","High","High"
"Ag00001aa141332_T001",TRUE,"Master Protein","Ag00001aa141332_T001",20,5,9,352,NA,1.063,0.99189786331787,1,103.9,110.4,3.93,9.38,112.5,92.2,104.4,110.7,136.2,107.2,202.7,195.1,211,186.5,215.5,223.7,"High","High","High","High","High","High"
"Ag00001aa021830_T001",TRUE,"Master Protein","Ag00001aa021830_T001",19,9,11,437,NA,1.843,0.000285675616133574,0.00479754381484678,91.8,169.2,2.74,7.48,171.4,147.6,146.6,337.8,317.6,276.7,308.8,312.3,296.3,569.1,502.4,577.5,"Not Found","Not Found","Not Found","Not Found","Not Found","Not Found"
"Ag00001aa090432_T004",TRUE,"Master Protein","Ag00001aa090432_T004",21,5,18,256,NA,3.91,0.000186081414659145,0.00352353423848714,61.3,239.8,14.32,2.41,221.5,164.6,148,808.2,836.2,664.9,399.1,348.2,299.2,1361.5,1322.8,1387.7,"High","High","High","High","High","High"
"Ag00001aa047805_T001",TRUE,"Master Protein","Ag00001aa047805_T001",21,6,8,316,"Met-loss+Acetyl [N-Term]",1.306,0.997507483234831,1,18,23.5,24.08,35.35,4.7,5.8,4,8.7,4.4,5.3,8.5,12.3,8.1,14.7,7,11.1,"High","High","High","High","High","High"
"Ag00001aa041658_T001",TRUE,"Master Protein","Ag00001aa041658_T001",37,5,7,198,NA,0.823,0.379839955176122,0.793224563831964,84,69.1,17.75,13.43,168.5,108.7,162.2,148.3,161.7,95.1,303.6,230,327.9,249.8,255.8,198.5,"High","High","High","High","High","High"
"Ag00001aa009599_T003",TRUE,"Master Protein","Ag00001aa009599_T003",15,7,10,604,NA,2.644,7.21427997945057e-05,0.00183521427524209,74.4,196.7,8.44,12.01,62,46.4,57.2,147.1,186.7,150.7,111.7,98.2,115.6,247.8,295.3,314.5,"High","High","High","High","High","High"
"Ag00001aa054251_T001",TRUE,"Master Protein","Ag00001aa054251_T001",11,3,8,342,NA,1.93,0.138778073926651,0.389854351221645,55.9,108,11.4,4.88,48.8,35.4,35.1,85.8,84.5,70.2,87.9,74.9,71,144.5,133.7,146.5,"High","High","High","High","High","High"
"Ag00001aa034572_T002",TRUE,"Master Protein","Ag00001aa034572_T002",13,3,7,374,NA,0.751,0.191525616094043,0.485750074270704,131.5,98.8,10.33,10.53,89.2,62.1,69.9,69.2,67.1,45.2,160.7,131.4,141.3,116.6,106.1,94.3,"High","High","High","High","High","High"
"Ag00001aa073055_T003",TRUE,"Master Protein","Ag00001aa073055_T003",14,4,13,374,NA,0.684,0.630372217250927,1,212.3,145.1,24.24,15.64,592.4,648.1,417,433.1,386.4,401.7,1067.3,1371.2,842.9,729.6,611.2,838.4,"High","High","High","High","High","High"
"Ag00001aa033969_T001",TRUE,"Master Protein","Ag00001aa033969_T001",34,4,12,162,NA,0.809,0.911254491066547,1,161.4,130.6,4.9,19.07,24.9,23.3,23.9,23.2,28.6,14.7,44.9,49.3,48.3,39.1,45.2,30.7,"High","High","High","High","High","High"
"Ag00001aa013345_T001",TRUE,"Master Protein","Ag00001aa013345_T001",22,8,10,562,NA,0.94,0.999997271358394,1,86.4,81.2,9.8,5.76,78,54.6,65,80.8,77.9,59.2,140.5,115.5,131.4,136.1,123.2,123.6,"High","High","High","High","High","High"
"Ag00001aa150010_T001",TRUE,"Master Protein","Ag00001aa150010_T001",43,8,14,263,NA,1.128,0.994090967967475,1,58.2,65.6,11.01,9.91,12.6,12.4,10.5,15.2,14,12.9,22.7,26.2,21.2,25.6,22.1,26.9,"High","High","High","High","High","High"
"Ag00001aa069175_T001",TRUE,"Master Protein","Ag00001aa069175_T001",9,5,10,677,NA,0.738,0.409734893213962,0.836024731608287,126.4,93.3,18.45,14.99,254.4,155.9,231.8,200.8,177.6,182.3,458.4,329.8,468.6,338.3,280.9,380.5,"High","High","High","High","High","High"
"Ag00001aa017063_T001",TRUE,"Master Protein","Ag00001aa017063_T001",28,5,7,243,NA,0.927,0.989134058390177,1,80.8,74.9,3.79,21.17,8.6,7.9,8,8.9,7.1,8.3,15.5,16.7,16.2,15,11.2,17.3,"Not Found","Not Found","Not Found","Not Found","Not Found","Not Found"
"Ag00001aa044021_T001",TRUE,"Master Protein","Ag00001aa044021_T001",30,3,13,128,NA,1.743,0.855226936767134,1,48.5,84.5,46.45,26.56,22.7,11.1,8.2,24.3,20.7,26.5,40.9,23.5,16.6,40.9,32.7,55.3,"High","High","High","High","High","High"
"Ag00001aa027409_T003",TRUE,"Master Protein","Ag00001aa027409_T003",7,3,4,739,NA,0.619,0.368004568368721,0.778189930060045,208.5,129,34.53,8.73,188.5,226.1,117,136.8,122.4,100.7,339.6,478.4,236.5,230.5,193.6,210.2,"High","High","High","High","High","High"
"Ag00001aa003926_T001",TRUE,"Master Protein","Ag00001aa003926_T001",12,7,9,592,NA,1.19,0.579166992254973,1,92.4,110,18.85,18.38,157.3,92.3,132,188.4,222.6,116.3,283.4,195.3,266.8,317.4,352.1,242.7,"High","High","High","High","High","High"
"Ag00001aa066572_T001",TRUE,"Master Protein","Ag00001aa066572_T001",38,6,16,170,"Met-loss+Acetyl [N-Term]",0.61,0.0365538079899576,0.147877896681709,194.2,118.6,6.77,4.89,231.4,218.2,201.5,148,160.9,131,416.9,461.7,407.3,249.3,254.5,273.4,"High","High","High","High","High","High"
"Ag00001aa081975_T001",TRUE,"Master Protein","Ag00001aa081975_T001",17,4,24,239,NA,1.245,0.814084865791054,1,33,41,6.21,12.24,76.3,59.6,60.4,108.2,90.7,75.2,137.5,126.1,122.1,182.3,143.5,156.9,"High","High","High","High","High","High"
"Ag00001aa017840_T001",TRUE,"Master Protein","Ag00001aa017840_T001",21,7,11,411,NA,0.923,0.999240746974278,1,87,80.3,7.83,9.53,220.5,180.6,168.6,235.9,223,158.1,397.3,382.1,340.8,397.4,352.8,330,"High","High","High","High","High","High"
"Ag00001aa106472_T002",TRUE,"Master Protein","Ag00001aa106472_T002",14,6,7,524,NA,0.878,0.487414363622539,0.945586528052135,79.3,69.7,10.79,15.45,83.9,60.3,77.8,78.8,89.6,50,151.2,127.6,157.3,132.8,141.7,104.4,"High","High","High","High","High","High"
"Ag00001aa037153_T001",TRUE,"Master Protein","Ag00001aa037153_T001",9,5,7,845,NA,0.89,0.420567060129959,0.853015354429688,103.9,92.5,14.43,7.61,137.9,107.2,148.1,131.3,142.5,93.6,248.5,226.8,299.4,221.2,225.4,195.3,"High","High","High","High","High","High"
"Ag00001aa107982_T001",TRUE,"Master Protein","Ag00001aa107982_T001",20,9,9,626,NA,0.876,0.717987701842969,1,117.8,103.1,11.53,11.49,61.8,65.6,58.8,64.2,65.8,41.5,111.3,138.8,118.9,108.2,104.1,86.6,"High","High","High","High","High","High"
"Ag00001aa028628_T001",TRUE,"Master Protein","Ag00001aa028628_T001",8,3,4,789,NA,1.103,0.554484621348269,1,91.2,100.6,13.01,6.21,54.6,37.5,50.4,61,73.5,52,98.4,79.3,101.9,102.8,116.3,108.5,"High","High","High","High","High","High"
"Ag00001aa015648_T001",TRUE,"Master Protein","Ag00001aa015648_T001",17,2,8,150,NA,0.821,0.0369653447810501,0.148907370549578,100.7,82.6,8.68,8.16,294.2,243.7,299.1,274,275,187.9,530.1,515.6,604.6,461.6,435,392.2,"High","High","High","High","High","High"
"Ag00001aa000814_T002",TRUE,"Master Protein","Ag00001aa000814_T002",15,2,4,266,"Met-loss [N-Term]",0.794,0.54452916028809,1,172.9,137.3,8,42.48,129.4,94.8,102.8,129.1,104.3,41.1,233.1,200.6,207.8,217.5,165,85.8,"High","High","High","High","High","High"
"Ag00001aa025815_T001",TRUE,"Master Protein","Ag00001aa025815_T001",16,7,7,634,NA,1.078,0.481606158819906,0.938639771188166,53.4,57.6,10.65,11.78,47.6,33.6,42.7,54.9,67.2,40.4,85.8,71.1,86.3,92.5,106.3,84.3,"High","High","High","High","High","High"
"Ag00001aa009652_T001",TRUE,"Master Protein","Ag00001aa009652_T001",15,5,8,581,NA,0.87,0.774588741657818,1,101.2,88,4.53,11.28,109.9,93.5,105.8,122.9,107.7,82.5,198,197.8,213.9,207,170.4,172.2,"High","High","High","High","High","High"
"Ag00001aa006983_T003",TRUE,"Master Protein","Ag00001aa006983_T003",9,3,6,584,NA,0.553,0.185768387302507,0.475445308446937,157.6,87.1,11.05,12.18,33,23.6,30.6,19.5,18.4,17.8,59.5,49.9,61.9,32.9,29.1,37.1,"High","High","High","High","High","High"
"Ag00001aa107024_T001",TRUE,"Master Protein","Ag00001aa107024_T001",18,6,8,450,NA,0.997,0.999994745767185,1,120.7,120.3,7.95,10.14,265.3,212.9,260.5,256,301.2,253.1,478,450.4,526.6,431.3,476.5,528.2,"High","High","High","High","High","High"
"Ag00001aa105747_T001",TRUE,"Master Protein","Ag00001aa105747_T001",15,3,9,286,NA,1.105,0.999994644306662,1,117.4,129.7,5.11,11.91,80.4,66.6,76.9,95,82.1,77.5,144.9,140.9,155.4,160,129.9,161.7,"High","High","High","High","High","High"
"Ag00001aa147405_T001",TRUE,"Master Protein","Ag00001aa147405_T001",14,5,7,538,NA,NA,NA,NA,NA,NA,NA,NA,NA,NA,NA,NA,NA,NA,NA,NA,NA,NA,NA,NA,"High","High","High","High","High","High"
"Ag00001aa028035_T001",TRUE,"Master Protein","Ag00001aa028035_T001",12,4,6,491,NA,0.876,0.996414890950194,1,74.1,64.9,17.52,9.55,45.9,40.2,30.1,43,39.8,36.4,82.7,85.1,60.8,72.4,63,76,"High","High","High","High","High","High"
"Ag00001aa079581_T001",TRUE,"Master Protein","Ag00001aa079581_T001",37,4,13,169,NA,0.858,0.635996303589822,1,133.1,114.2,12.44,9.31,277.1,198.7,266.8,260.9,270.7,176.4,499.3,420.4,539.3,439.5,428.2,368.2,"High","High","High","High","High","High"
"Ag00001aa002312_T001",TRUE,"Master Protein","Ag00001aa002312_T001",11,4,5,681,NA,0.775,0.593400844011936,1,179.3,139,16.18,6.28,73.8,87.2,81.8,76.1,76.6,65.8,133,184.5,165.3,128.2,121.2,137.3,"High","High","High","High","High","High"
"Ag00001aa067212_T001",TRUE,"Master Protein","Ag00001aa067212_T001",15,4,11,273,NA,1.33,0.104952765032557,0.317106617735585,85.8,114.1,17.76,3.23,122.2,72.7,92.2,147.1,148.8,119.8,220.2,153.8,186.4,247.8,235.4,250,"High","High","High","High","High","High"
"Ag00001aa095429_T001",TRUE,"Master Protein","Ag00001aa095429_T001",7,3,5,795,NA,3.618,1.10123097147863e-05,0.000643262778228948,75.2,272.1,14.24,10.53,41.7,31.1,27.9,141.3,162.3,99.6,75.1,65.8,56.4,238,256.7,207.9,"High","High","High","High","High","High"
"Ag00001aa052147_T001",TRUE,"Master Protein","Ag00001aa052147_T001",17,5,5,452,NA,1.463,0.0569002554173996,0.200918835515078,76.4,111.9,14,3.46,114,77,105.6,178.4,183.8,149.3,205.4,162.9,213.5,300.5,290.8,311.6,"High","High","High","High","High","High"
"Ag00001aa130097_T001",TRUE,"Master Protein","Ag00001aa130097_T001",29,6,16,200,NA,0.447,0.0691846997967709,0.231029210472938,117.7,52.6,22.91,25.29,459.3,272.9,455.6,279,177.7,177.3,827.5,577.4,920.9,470,281.1,370,"High","High","High","High","High","High"
"Ag00001aa092904_T001",TRUE,"Master Protein","Ag00001aa092904_T001",56,3,11,108,NA,1.843,0.524654184080847,0.990742694984862,9.5,17.5,18.26,43.29,3.2,0,2.2,7.6,4.3,0,5.8,0,4.4,12.8,6.8,0,"High","Not Found","High","High","High","Not Found"
"Ag00001aa008940_T001",TRUE,"Master Protein","Ag00001aa008940_T001",42,5,6,129,NA,0.762,0.0591089524661134,0.205746661158832,141,107.4,8.72,8.51,139.5,127.4,147.7,133.7,129.8,91.1,251.3,269.5,298.6,225.2,205.3,190.1,"High","High","High","High","High","High"
"Ag00001aa041752_T001",TRUE,"Master Protein","Ag00001aa041752_T001",14,9,9,754,NA,0.809,0.853796457646235,1,69.5,56.2,13.25,14.34,60.9,46.2,62.9,66,56.1,41.4,109.7,97.7,127.1,111.2,88.7,86.4,"High","High","High","High","High","High"
"Ag00001aa090361_T001",TRUE,"Master Protein","Ag00001aa090361_T001",10,6,7,797,NA,1.149,0.354321488759166,0.75724979880422,100.4,115.4,9.45,4.07,58.6,44.9,43.3,64.8,67.8,55.5,105.6,95,87.5,109.2,107.3,115.8,"High","High","High","High","High","High"
"Ag00001aa012077_T001",TRUE,"Master Protein","Ag00001aa012077_T001",14,3,5,363,NA,0.691,0.000227275101547852,0.00411651164171323,141.5,97.8,6.51,6.09,119.2,106.7,120.8,92.6,101,68.1,214.8,225.7,244.2,156,159.8,142.1,"High","High","High","High","High","High"
"Ag00001aa114358_T002",TRUE,"Master Protein","Ag00001aa114358_T002",8,5,6,736,NA,0.972,0.995047289647699,1,99.4,96.6,4.37,0.99,67.7,55.1,55.3,66.1,71.6,54.3,122,116.6,111.8,111.4,113.3,113.3,"High","High","High","High","High","High"
"Ag00001aa105731_T002",TRUE,"Master Protein","Ag00001aa105731_T002",20,6,7,371,NA,1.391,0.6346960832241,1,82.2,114.3,17.21,10.08,181.7,114.4,123.9,195.9,220.2,191.6,327.4,242,250.4,330,348.3,399.9,"High","High","High","High","High","High"
"Ag00001aa036345_T001",TRUE,"Master Protein","Ag00001aa036345_T001",20,3,6,266,NA,0.41,0.126908480431252,0.367511911014376,249.6,102.4,41.87,0.78,172.7,223.3,98.7,76.5,80.7,60.8,311.2,472.4,199.5,128.9,127.7,126.9,"High","High","High","High","High","High"
"Ag00001aa065863_T001",TRUE,"Master Protein","Ag00001aa065863_T001",17,7,8,549,NA,1.138,0.277703049377496,0.63342869712555,71.7,81.6,6.47,6.8,106.9,92.4,85.7,130.1,130.7,113.4,192.6,195.5,173.2,219.2,206.8,236.7,"High","High","High","High","High","High"
"Ag00001aa082220_T004",TRUE,"Master Protein","Ag00001aa082220_T004",12,3,5,467,NA,1.365,0.170567755743382,0.447414220963932,90.3,123.3,9.85,5.19,119.3,84.8,91.7,157.4,159.9,114.5,214.9,179.4,185.4,265.2,252.9,239,"High","High","High","High","High","High"
"Ag00001aa111951_T001",TRUE,"Master Protein","Ag00001aa111951_T001",14,5,6,579,NA,1.296,0.084507346783798,0.269762571037714,71.4,92.6,11.26,6.65,88.1,63.7,63.7,110.8,103.3,83.7,158.7,134.8,128.8,186.7,163.4,174.7,"High","High","High","High","High","High"
"Ag00001aa068600_T001",TRUE,"Master Protein","Ag00001aa068600_T001",11,4,6,425,NA,NA,NA,NA,NA,NA,NA,NA,NA,NA,NA,NA,NA,NA,NA,NA,NA,NA,NA,NA,"High","High","High","High","High","High"
"Ag00001aa090246_T001",TRUE,"Master Protein","Ag00001aa090246_T001",28,4,9,188,"Met-loss [N-Term]",0.589,0.00117802780215426,0.0125298842892231,173,101.9,11.73,3.17,553.8,594.8,544.4,370.5,409.9,318.6,997.8,1258.4,1100.4,624.2,648.4,664.9,"High","High","High","High","High","High"
"Ag00001aa004414_T001",TRUE,"Master Protein","Ag00001aa004414_T001",8,5,8,841,NA,0.896,0.999999999846423,1,81.7,73.2,18.72,4.73,151.8,90.8,133.3,150.2,152.7,110.3,273.5,192.1,269.4,253,241.6,230.2,"High","High","High","High","High","High"
"Ag00001aa043171_T001",TRUE,"Master Protein","Ag00001aa043171_T001",20,6,9,377,NA,1.179,0.620071609473182,1,73.4,86.5,3.94,2.07,132.8,113.9,110.9,167.4,178.2,140,239.3,241,224.2,282,281.9,292.2,"High","High","High","High","High","High"
"Ag00001aa122590_T001",TRUE,"Master Protein","Ag00001aa122590_T001",19,5,6,378,NA,0.789,0.841326693275783,1,113.7,89.7,19.73,4.78,187.9,114.7,121.7,115.2,132.6,92.3,338.5,242.7,246,194.1,209.8,192.6,"Not Found","High","High","High","High","Not Found"
"Ag00001aa000134_T004",TRUE,"Master Protein","Ag00001aa000134_T004",10,6,8,841,NA,NA,NA,NA,NA,NA,NA,NA,NA,NA,NA,NA,NA,NA,NA,NA,NA,NA,NA,NA,"High","High","High","High","High","High"
"Ag00001aa108188_T003",TRUE,"Master Protein","Ag00001aa108188_T003",10,4,6,584,NA,1.058,0.999788467806497,1,93.5,98.9,11.46,16.66,78.1,79.3,67.5,88.4,82.2,86.5,140.7,167.8,136.4,148.9,130,180.5,"High","High","High","High","High","High"
"Ag00001aa042417_T002",TRUE,"Master Protein","Ag00001aa042417_T002",11,4,8,467,NA,0.547,0.0432035458124371,0.16615032558652,161.7,88.5,15.23,2.93,153.8,163.2,129,92.2,95.9,70.2,277.1,345.3,260.8,155.3,151.7,146.5,"High","High","High","High","High","High"
"Ag00001aa042915_T001",TRUE,"Master Protein","Ag00001aa042915_T001",20,6,11,395,NA,0.981,0.994845235214899,1,57.4,56.4,4.95,15.71,79,61.7,70.5,82.9,88.9,50.4,142.3,130.5,142.5,139.7,140.6,105.2,"High","High","High","High","High","High"
"Ag00001aa093002_T001",TRUE,"Master Protein","Ag00001aa093002_T001",23,7,11,422,NA,NA,NA,NA,NA,NA,NA,NA,NA,NA,NA,NA,NA,NA,NA,NA,NA,NA,NA,NA,"High","High","High","High","High","High"
"Ag00001aa004100_T001",TRUE,"Master Protein","Ag00001aa004100_T001",21,5,11,229,NA,0.953,0.999998830664791,1,135.6,129.2,9.55,9.44,75.9,78.3,75.8,100.6,92.3,68.6,136.8,165.7,153.2,169.5,146,143.2,"High","High","High","High","High","High"
"Ag00001aa064228_T001",TRUE,"Master Protein","Ag00001aa064228_T001",9,3,7,486,NA,0.977,0.999972052431821,1,120.7,117.9,25.29,11.47,187,94.6,136.4,159.9,180,108.8,336.9,200.1,275.7,269.4,284.7,227.1,"High","High","High","High","High","High"
"Ag00001aa126527_T001",TRUE,"Master Protein","Ag00001aa126527_T001",7,2,7,412,NA,0.917,0.858140776619507,1,172.1,157.9,13.41,2.84,302.6,331.4,287.4,317.1,336.9,243.3,545.2,701.2,580.9,534.2,532.9,507.8,"High","High","High","High","High","High"
"Ag00001aa108204_T002",TRUE,"Master Protein","Ag00001aa108204_T002",20,4,8,299,NA,1.603,0.225125550927582,0.548900637849739,25.9,41.5,6.98,3.93,61.7,45.7,52.1,103.5,101.9,80.9,111.2,96.7,105.3,174.4,161.2,168.8,"High","High","High","High","High","High"
"Ag00001aa003625_T001",TRUE,"Master Protein","Ag00001aa003625_T001",19,4,6,336,NA,2.552,0.122790417273568,0.358504701878096,87.7,223.9,18.8,14.39,76.1,44.2,59.5,182.2,156.9,158.5,137.1,93.5,120.3,306.9,248.2,330.8,"High","High","High","High","High","High"
"Ag00001aa065488_T001",TRUE,"Master Protein","Ag00001aa065488_T001",30,3,8,229,NA,NA,NA,NA,NA,NA,NA,NA,NA,NA,NA,NA,NA,NA,NA,NA,NA,NA,NA,NA,"High","Not Found","Not Found","High","High","Not Found"
"Ag00001aa036586_T001",TRUE,"Master Protein","Ag00001aa036586_T001",20,6,9,382,NA,1.061,0.91605368772407,1,69.6,73.9,17.63,7.44,138.4,86.5,126.8,157.1,148.4,129.5,249.4,183,256.3,264.7,234.8,270.3,"High","High","High","High","High","High"
"Ag00001aa098090_T001",TRUE,"Master Protein","Ag00001aa098090_T001",27,5,6,339,NA,1.028,0.999862371640471,1,51.5,52.9,3.97,13.26,54.5,48.5,46.9,71.5,63.8,44.8,98.2,102.6,94.8,120.5,100.9,93.5,"High","High","High","High","High","High"
"Ag00001aa107512_T001",TRUE,"Master Protein","Ag00001aa107512_T001",31,5,10,171,NA,1.188,0.722750048849214,1,117.4,139.5,5.93,6.71,354.2,267.9,297.3,473.6,451.5,340,638.2,566.8,601,797.9,714.2,709.6,"High","High","High","High","High","High"
"Ag00001aa122377_T003",TRUE,"Master Protein","Ag00001aa122377_T003",26,5,7,194,NA,0.458,0.13075256176763,0.375498254680241,201.4,92.2,12.48,10.66,116.1,119.6,132.3,69.5,73.2,46.1,209.2,253,267.4,117.1,115.8,96.2,"High","High","High","High","High","High"
"Ag00001aa016130_T001",TRUE,"Master Protein","Ag00001aa016130_T001",25,7,8,310,NA,NA,NA,NA,NA,NA,NA,NA,NA,NA,NA,NA,NA,NA,NA,NA,NA,NA,NA,NA,"High","High","High","High","High","High"
"Ag00001aa096397_T001",TRUE,"Master Protein","Ag00001aa096397_T001",15,2,6,227,NA,NA,NA,NA,NA,NA,NA,NA,NA,NA,NA,NA,NA,NA,NA,NA,NA,NA,NA,NA,"High","High","High","High","High","High"
"Ag00001aa059299_T001",TRUE,"Master Protein","Ag00001aa059299_T001",18,5,6,416,NA,NA,NA,NA,NA,NA,NA,NA,NA,NA,NA,NA,NA,NA,NA,NA,NA,NA,NA,NA,"High","High","High","High","High","High"
"Ag00001aa135886_T001",TRUE,"Master Protein","Ag00001aa135886_T001",24,5,7,239,NA,1.875,0.16828081735055,0.442584305678882,17.5,32.8,17.36,25.35,14.7,10.6,15.7,32.4,31.4,15.6,26.5,22.4,31.7,54.6,49.7,32.6,"High","High","High","High","High","High"
"Ag00001aa052430_T001",TRUE,"Master Protein","Ag00001aa052430_T001",16,3,5,275,NA,0.522,0.0201322718378931,0.0972386690026384,136.7,71.4,8.96,18.09,70.1,70.2,73.1,45.8,65.6,36.7,126.3,148.5,147.8,77.2,103.8,76.6,"High","High","High","High","High","High"
"Ag00001aa005392_T001",TRUE,"Master Protein","Ag00001aa005392_T001",10,2,4,386,NA,0.943,0.999994955769211,1,101.7,95.9,11.97,15.76,92.6,88.9,73.2,93.4,89.5,92,166.8,188.1,148,157.3,141.6,192,"High","High","High","High","High","High"
"Ag00001aa089726_T001",TRUE,"Master Protein","Ag00001aa089726_T001",40,6,10,186,NA,1.253,0.740193876656098,1,96.9,121.4,13.55,6.74,244.3,203.3,269.9,327.3,353.6,236.4,440.2,430.1,545.6,551.4,559.4,493.4,"High","High","High","High","High","High"
"Ag00001aa079284_T001",TRUE,"Master Protein","Ag00001aa079284_T001",16,4,9,378,NA,0.853,0.999660401990137,1,89,75.9,37.16,20.43,11,7.8,4.4,8.1,8.9,9.3,19.8,16.5,8.9,13.6,14.1,19.4,"High","High","High","High","High","High"
"Ag00001aa073060_T002",TRUE,"Master Protein","Ag00001aa073060_T002",12,3,5,362,NA,0.834,0.882989681243725,1,166.5,138.8,28.33,7.2,417,585.4,403.2,388.1,474.3,325.5,751.3,1238.5,815,653.8,750.3,679.3,"High","High","High","High","High","High"
"Ag00001aa068518_T001",TRUE,"Master Protein","Ag00001aa068518_T001",10,4,5,522,NA,0.801,0.607924573291232,1,148.9,119.3,9.14,17.94,51.3,40.8,51.1,41.8,46.8,46.5,92.4,86.3,103.3,70.4,74,97,"High","High","High","High","High","High"
"Ag00001aa020241_T001",TRUE,"Master Protein","Ag00001aa020241_T001",19,6,10,372,NA,1.143,0.906474222305105,1,113.3,129.5,9.59,6.72,186.9,192.1,178.9,245.4,279.1,184.9,336.7,406.4,361.6,413.4,441.5,385.9,"High","High","High","High","High","High"
"Ag00001aa035901_T001",TRUE,"Master Protein","Ag00001aa035901_T001",12,6,9,651,NA,1.481,0.00852725049442937,0.0511823522602409,108.6,160.8,5.26,10.7,60.3,56.1,53.6,109.1,94.3,77.1,108.6,118.7,108.3,183.8,149.2,160.9,"High","High","High","High","High","High"
"Ag00001aa065848_T003",TRUE,"Master Protein","Ag00001aa065848_T003",7,3,7,583,NA,0.972,0.999999998434394,1,48.2,46.9,4.57,10.03,68,57.6,55.8,70.3,67.9,62.9,122.5,121.9,112.8,118.4,107.4,131.3,"High","High","High","High","High","High"
"Ag00001aa115154_T001",TRUE,"Master Protein","Ag00001aa115154_T001",16,3,11,360,NA,1.039,0.986155941615626,1,56.6,58.9,6.96,3.42,89.1,66,75,88.7,99.6,76.4,160.5,139.6,151.6,149.4,157.6,159.5,"High","High","High","High","High","High"
"Ag00001aa127514_T001",TRUE,"Master Protein","Ag00001aa127514_T001",22,5,8,332,NA,1.005,0.964824277882289,1,113.4,113.9,7.26,5.43,259.9,224.3,205.2,272.2,297.4,243.6,468.3,474.6,414.8,458.6,470.5,508.4,"High","High","High","High","High","High"
"Ag00001aa012950_T001",TRUE,"Master Protein","Ag00001aa012950_T001",44,5,20,157,NA,0.71,0.0270630617545428,0.119193484845026,134.9,95.7,1.62,10.68,424.1,350.4,368.7,313.9,345.7,213.4,764.1,741.4,745.3,528.8,546.9,445.4,"High","High","High","High","High","High"
"Ag00001aa042418_T001",TRUE,"Master Protein","Ag00001aa042418_T001",22,4,6,452,"Met-loss+Acetyl [N-Term]",0.938,0.988955025369708,1,57.4,53.9,32.76,12.74,122.3,66.7,59.7,92.2,83.7,58.1,220.4,141.1,120.7,155.3,132.4,121.3,"High","High","High","High","High","High"
"Ag00001aa140490_T001",TRUE,"Master Protein","Ag00001aa140490_T001",18,3,4,265,NA,1.059,0.83785522122644,1,123.5,130.8,5.44,8.46,178,137.5,158.1,187.2,235.7,162.1,320.7,290.9,319.6,315.4,372.9,338.3,"High","High","High","High","High","High"
"Ag00001aa055942_T001",TRUE,"Master Protein","Ag00001aa055942_T001",28,6,7,301,NA,0.524,0.15267529017344,0.417431545833232,203.5,106.6,10.59,20.92,94.3,98.6,99.3,60.9,92.7,50.4,169.9,208.6,200.7,102.6,146.6,105.2,"High","High","High","High","High","High"
"Ag00001aa056405_T001",TRUE,"Master Protein","Ag00001aa056405_T001",7,3,5,704,NA,0.797,0.998673326028744,1,110.9,88.4,20.54,24.15,17.7,10,12.7,10.8,18,9.8,31.9,21.2,25.7,18.2,28.5,20.5,"High","High","High","High","High","High"
"Ag00001aa145890_T001",TRUE,"Master Protein","Ag00001aa145890_T001",8,4,6,653,NA,0.84,0.336607308428589,0.72986189426943,97.9,82.2,6.53,13.09,188,146.7,147.7,144.3,164.8,149.3,338.7,310.4,298.6,243.1,260.7,311.6,"High","High","High","High","High","High"
"Ag00001aa065112_T001",TRUE,"Master Protein","Ag00001aa065112_T001",7,5,5,1052,NA,0.888,0.999412166024565,1,105.9,94.1,27.91,3.29,248.3,121.5,213.8,234.7,242.7,177.4,447.4,257.1,432.2,395.4,383.9,370.2,"High","High","High","High","High","High"
"Ag00001aa079335_T002",TRUE,"Master Protein","Ag00001aa079335_T002",38,5,9,174,"Met-loss+Acetyl [N-Term]",1.262,0.951662533255631,1,31.6,39.8,5.45,14.55,20.3,17.2,16.4,30.1,23.9,22,36.6,36.4,33.2,50.7,37.8,45.9,"High","High","High","High","High","High"
"Ag00001aa108604_T004",TRUE,"Master Protein","Ag00001aa108604_T004",19,4,7,320,NA,0.697,0.0844494486081053,0.269722237307088,63.4,44.2,10.67,7.54,11.7,12.3,12.2,10.2,10.1,8.9,21.1,26,24.7,17.2,16,18.6,"High","High","High","High","High","High"
"Ag00001aa009487_T001",TRUE,"Master Protein","Ag00001aa009487_T001",14,5,6,464,NA,1.043,0.996441824939533,1,72.2,75.3,5.37,4.55,63.6,50.7,51,69.6,70.7,51.3,114.6,107.3,103.1,117.3,111.8,107.1,"High","High","High","High","High","High"
"Ag00001aa072573_T001",TRUE,"Master Protein","Ag00001aa072573_T001",21,5,10,389,NA,1.807,0.00365474213083017,0.0282136413831677,69.5,125.6,20.03,6.41,116.1,67.4,80,172.8,205.6,140,209.2,142.6,161.7,291.1,325.2,292.2,"High","High","High","High","High","High"
"Ag00001aa091951_T001",TRUE,"Master Protein","Ag00001aa091951_T001",20,5,8,287,NA,0.472,0.0175010233679475,0.0878473293203865,207.2,97.8,4.54,2.37,369.2,301.7,345.7,186.3,201.4,145.7,665.2,638.3,698.8,313.9,318.6,304.1,"High","High","High","High","High","High"
"Ag00001aa016462_T001",TRUE,"Master Protein","Ag00001aa016462_T001",18,5,6,435,NA,0.539,0.000369055011121389,0.00566534462708469,157,84.6,9.06,19.02,61.6,60.2,65.5,44.5,43.4,24.5,111,127.4,132.4,75,68.7,51.1,"High","High","High","High","High","High"
"Ag00001aa051560_T001",TRUE,"Master Protein","Ag00001aa051560_T001",8,7,7,1090,NA,NA,NA,NA,NA,NA,NA,NA,NA,NA,NA,NA,NA,NA,NA,NA,NA,NA,NA,NA,"High","High","High","High","High","High"
"Ag00001aa157268_T002",TRUE,"Master Protein","Ag00001aa157268_T002",27,4,9,205,NA,1.694,0.0139981660807242,0.0739176596698702,105.9,179.4,8.22,7.76,61.3,60.3,55.2,121,119.5,83.6,110.4,127.6,111.6,203.8,189,174.5,"High","High","High","High","High","High"
"Ag00001aa007348_T001",TRUE,"Master Protein","Ag00001aa007348_T001",11,2,6,214,NA,1.344,0.444980547213763,0.888395705116614,134.4,180.7,6.03,9.61,135.9,129.3,123.4,186.8,211.9,181.7,244.9,273.6,249.4,314.7,335.2,379.2,"High","High","High","High","High","High"
"Ag00001aa042090_T005",TRUE,"Master Protein","Ag00001aa042090_T005",17,5,8,416,"Met-loss [N-Term]",1.233,0.992722650448791,1,85,104.9,18.06,8.52,52.8,32.8,35.5,52.8,48.2,42.4,95.1,69.4,71.8,89,76.2,88.5,"High","High","High","High","High","High"
"Ag00001aa106500_T001",TRUE,"Master Protein","Ag00001aa106500_T001",19,5,6,374,NA,1.055,0.999999582180378,1,50.3,53,30.22,5.46,7.8,5.4,10.1,8.8,9.7,6.6,14.1,11.4,20.4,14.8,15.3,13.8,"High","High","High","High","High","High"
"Ag00001aa113443_T002",TRUE,"Master Protein","Ag00001aa113443_T002",20,5,9,306,NA,0.842,0.74197615757136,1,148.4,125,8.92,1.85,250.3,190.2,238,225.5,238,186.9,451,402.4,481.1,379.9,376.5,390.1,"High","High","High","High","High","High"
"Ag00001aa104681_T001",TRUE,"Master Protein","Ag00001aa104681_T001",27,5,6,262,NA,1.144,0.584951776863935,1,92.2,105.5,8.92,9.57,163.5,121.6,151.4,200,182.1,165.5,294.6,257.3,306,336.9,288.1,345.4,"High","High","High","High","High","High"
"Ag00001aa010726_T001",TRUE,"Master Protein","Ag00001aa010726_T001",14,6,8,443,NA,1.037,0.630193984521707,1,100,103.7,21.67,4.85,93.1,52.3,81.2,108,107.6,79.4,167.7,110.7,164.1,181.9,170.2,165.7,"High","High","High","High","High","High"
"Ag00001aa004324_T001",TRUE,"Master Protein","Ag00001aa004324_T001",11,3,6,328,NA,0.799,0.705542177253307,1,34.6,27.7,15.27,24.44,72,76.3,60.2,85.1,65.5,43.4,129.7,161.4,121.7,143.4,103.6,90.6,"High","High","High","High","High","High"
"Ag00001aa006381_T001",TRUE,"Master Protein","Ag00001aa006381_T001",11,6,8,768,NA,0.663,0.202734267500149,0.506559692762163,121.4,80.5,21.41,5.59,262.1,268.9,182,191.9,183.1,150,472.2,568.9,367.9,323.3,289.6,313.1,"High","High","High","High","High","High"
"Ag00001aa022717_T003",TRUE,"Master Protein","Ag00001aa022717_T003",18,6,6,419,NA,0.274,0.00939997795677883,0.0551187883340172,303.1,83,14.64,18.43,181.8,197.5,215,61.1,92.3,54.8,327.6,417.9,434.6,102.9,146,114.4,"High","High","High","High","High","High"
"Ag00001aa118645_T002",TRUE,"Master Protein","Ag00001aa118645_T002",10,5,6,578,NA,1.463,0.0759163408519747,0.249248195667723,55,80.5,17.91,3.43,43.7,35.6,51.2,71.5,71.2,55.2,78.7,75.3,103.5,120.5,112.6,115.2,"High","High","High","High","High","High"
"Ag00001aa006357_T001",TRUE,"Master Protein","Ag00001aa006357_T001",17,4,6,335,NA,0.973,0.999999979522995,1,98.9,96.2,15.88,3.76,196.1,121.2,158.3,184.8,201.3,141.7,353.3,256.4,320,311.3,318.4,295.7,"High","High","High","High","High","High"
"Ag00001aa095751_T001",TRUE,"Master Protein","Ag00001aa095751_T001",14,4,9,286,NA,0.883,0.830429459073891,1,113.5,100.3,10.12,5.03,214,216.6,191.5,202.9,212.3,176.7,385.6,458.3,387.1,341.8,335.8,368.8,"High","High","High","High","High","High"
"Ag00001aa059127_T001",TRUE,"Master Protein","Ag00001aa059127_T001",18,5,6,416,NA,1.084,0.591910227931825,1,74.1,80.3,13.95,4.61,85.2,58.2,80.1,98.8,105.9,73.8,153.5,123.1,161.9,166.4,167.5,154,"High","High","High","High","High","High"
"Ag00001aa064553_T001",TRUE,"Master Protein","Ag00001aa064553_T001",19,4,10,112,NA,1.196,0.82750172081828,1,138.1,165.2,6.2,15.32,333.2,250.6,281.2,486.1,383.9,325.8,600.3,530.2,568.4,818.9,607.3,680,"High","High","High","High","High","High"
"Ag00001aa003288_T004",TRUE,"Master Protein","Ag00001aa003288_T004",24,6,7,290,NA,0.666,0.306929686833114,0.682396792776244,159,105.9,5.76,25.13,36.6,30,29.1,25.1,19,24.2,65.9,63.5,58.8,42.3,30.1,50.5,"High","High","High","High","High","High"
"Ag00001aa064898_T002",TRUE,"Master Protein","Ag00001aa064898_T002",14,4,8,299,NA,1.284,0.478585490348653,0.934745394368144,138.3,177.6,20.94,8.44,524,669.8,542.8,803.7,890.5,760.8,944.1,1417.1,1097.2,1354,1408.7,1587.8,"High","High","High","High","High","High"
"Ag00001aa053165_T001",TRUE,"Master Protein","Ag00001aa053165_T001",8,3,7,559,NA,1.179,0.997273022356633,1,55.6,65.6,22.68,9.8,37.9,20.8,25.6,36.2,32.4,29.3,68.3,44,51.7,61,51.3,61.2,"High","High","High","High","High","High"
"Ag00001aa011854_T002",TRUE,"Master Protein","Ag00001aa011854_T002",8,2,5,506,NA,0.897,0.999696788430966,1,172.3,154.5,21.45,18.11,198.2,108.9,155.8,167.6,210.5,110.6,357.1,230.4,314.9,282.4,333,230.8,"High","High","High","High","High","High"
"Ag00001aa005955_T001",TRUE,"Master Protein","Ag00001aa005955_T001",13,6,10,530,NA,NA,NA,NA,NA,NA,NA,NA,NA,NA,NA,NA,NA,NA,NA,NA,NA,NA,NA,NA,"Not Found","Not Found","Not Found","Not Found","Not Found","Not Found"
"Ag00001aa111531_T001",TRUE,"Master Protein","Ag00001aa111531_T001",7,4,6,780,NA,NA,NA,NA,NA,NA,NA,NA,NA,NA,NA,NA,NA,NA,NA,NA,NA,NA,NA,NA,"High","High","High","High","High","High"
"Ag00001aa041473_T002",TRUE,"Master Protein","Ag00001aa041473_T002",11,5,9,499,NA,1.246,0.990292105834869,1,31.6,39.4,22.22,7.62,54.5,32.1,33.8,50.5,53.8,46.4,98.2,67.9,68.3,85.1,85.1,96.8,"High","High","High","High","High","High"
"Ag00001aa019201_T001",TRUE,"Master Protein","Ag00001aa019201_T001",36,3,14,126,NA,1.064,0.990637312706652,1,118.4,125.9,1.73,3.28,474.9,391.8,411.8,525.6,546.1,441.6,855.6,828.9,832.4,885.5,863.9,921.6,"High","High","High","High","High","High"
"Ag00001aa121923_T003",TRUE,"Master Protein","Ag00001aa121923_T003",15,4,6,377,NA,1.476,0.00414683271707794,0.0308887202013343,82.2,121.3,9.06,10.43,101.4,78.7,75.4,127,155.4,126.3,182.7,166.5,152.4,214,245.8,263.6,"High","High","High","High","High","High"
"Ag00001aa104256_T001",TRUE,"Master Protein","Ag00001aa104256_T001",20,6,6,544,NA,1.004,0.999833795915067,1,72.3,72.6,11.51,6.38,91.6,61.9,73.3,86.2,103.4,71.3,165,131,148.2,145.2,163.6,148.8,"High","High","High","High","High","High"
"Ag00001aa023209_T001",TRUE,"Master Protein","Ag00001aa023209_T001",14,4,6,479,NA,0.959,0.999996208247004,1,40.2,38.6,15.64,5.97,15.7,10.3,14.6,15,18,13,28.3,21.8,29.5,25.3,28.5,27.1,"High","High","High","High","High","High"
"Ag00001aa149895_T002",TRUE,"Master Protein","Ag00001aa149895_T002",11,4,5,572,NA,0.534,0.194016481418364,0.489935616189764,229.2,122.3,19.01,9.34,145.9,176.3,140.8,100.7,89.2,72.8,262.9,373,284.6,169.6,141.1,151.9,"High","High","High","High","High","High"
"Ag00001aa069037_T001",TRUE,"Master Protein","Ag00001aa069037_T001",5,3,5,813,NA,0.706,0.345432086599173,0.745065533994923,155.4,109.6,9.04,10.13,205.2,157.6,197.8,157.4,164.9,105.2,369.7,333.4,399.8,265.2,260.9,219.6,"High","High","High","High","High","High"
"Ag00001aa073481_T001",TRUE,"Master Protein","Ag00001aa073481_T001",12,3,7,500,NA,0.132,0.0805038723648797,0.25959013821554,345.4,45.7,65.76,50.01,247.7,36.8,220.9,28.7,37.3,56.6,446.3,77.9,446.5,48.3,59,118.1,"High","High","High","High","High","High"
"Ag00001aa005625_T001",TRUE,"Master Protein","Ag00001aa005625_T001",11,6,8,605,NA,0.768,0.115662851323,0.341458970043972,144.5,110.9,8.14,4.94,303.8,303.9,303.5,279.7,314.7,216.2,547.4,643,613.5,471.2,497.8,451.2,"High","High","High","High","High","High"
"Ag00001aa108338_T001",TRUE,"Master Protein","Ag00001aa108338_T001",25,5,8,395,NA,1.119,0.952517497844352,1,104.3,116.7,3.98,1.29,106.9,89.6,88.3,128.4,133.5,101.6,192.6,189.6,178.5,216.3,211.2,212,"High","High","High","High","High","High"
"Ag00001aa094009_T001",TRUE,"Master Protein","Ag00001aa094009_T001",19,5,9,456,NA,0.662,2.3495765613557e-05,0.000853727239580405,140.3,92.9,6.1,5.42,189.5,165.2,189.3,143.6,146.3,104,341.4,349.5,382.6,241.9,231.4,217.1,"High","High","High","High","High","High"
"Ag00001aa131667_T001",TRUE,"Master Protein","Ag00001aa131667_T001",26,6,12,216,NA,NA,NA,NA,NA,NA,NA,NA,NA,NA,NA,NA,NA,NA,NA,NA,NA,NA,NA,NA,"Not Found","Not Found","Not Found","Not Found","Not Found","Not Found"
"Ag00001aa094747_T001",TRUE,"Master Protein","Ag00001aa094747_T001",11,4,6,446,NA,0.857,0.44386161727013,0.886458777482265,109.8,94,6.92,6.8,106.2,90.3,106.4,100.4,103.6,71,191.3,191.1,215.1,169.1,163.9,148.2,"High","High","High","High","High","High"
"Ag00001aa035179_T001",TRUE,"Master Protein","Ag00001aa035179_T001",11,2,10,245,NA,1.073,0.995444960530867,1,99.3,106.5,9.46,18.48,167.4,118.3,142.1,142.5,194.8,167.5,301.6,250.3,287.2,240.1,308.2,349.6,"High","High","High","High","High","High"
"Ag00001aa037085_T001",TRUE,"Master Protein","Ag00001aa037085_T001",25,5,6,223,NA,1.399,0.610812603065273,1,92.6,129.6,11.11,17.11,21.2,15.5,15.3,29.9,29,17.1,38.2,32.8,30.9,50.4,45.9,35.7,"High","High","High","High","High","High"
"Ag00001aa092591_T001",TRUE,"Master Protein","Ag00001aa092591_T001",7,2,4,602,"Met-loss [N-Term]",0.293,0.000103839448333587,0.00230457829653573,220.8,64.7,33.62,25.7,36.8,59.9,41.6,11.6,20.6,11.8,66.3,126.7,84.1,19.5,32.6,24.6,"High","High","High","High","High","High"
"Ag00001aa078309_T004",TRUE,"Master Protein","Ag00001aa078309_T004",12,7,9,619,NA,0.976,0.983770963909978,1,152.5,148.9,11.63,7.17,279.7,283.6,240,292,334,219.3,503.9,600,485.1,491.9,528.4,457.7,"High","High","High","High","High","High"
"Ag00001aa048528_T002",TRUE,"Master Protein","Ag00001aa048528_T002",12,8,11,907,NA,NA,NA,NA,NA,NA,NA,NA,NA,NA,NA,NA,NA,NA,NA,NA,NA,NA,NA,NA,"High","High","High","High","High","High"
"Ag00001aa002174_T002",TRUE,"Master Protein","Ag00001aa002174_T002",7,4,8,825,NA,1.142,0.999999328088735,1,16.4,18.7,7.62,22.44,24.3,21.4,25,34.7,32.7,17.7,43.8,45.3,50.5,58.5,51.7,36.9,"High","High","High","High","High","High"
"Ag00001aa042689_T001",TRUE,"Master Protein","Ag00001aa042689_T001",13,5,9,525,NA,0.884,0.756403686743479,1,121.2,107.2,8.06,4.26,107,80.4,98.3,103.3,101.3,81.7,192.8,170.1,198.7,174,160.2,170.5,"High","High","High","High","High","High"
"Ag00001aa009020_T002",TRUE,"Master Protein","Ag00001aa009020_T002",15,4,6,355,NA,4.192,5.60614019684547e-06,0.000643262778228948,57.3,240.4,24.84,15.24,135,114.2,74.8,601.2,617.2,613.6,243.2,241.6,151.2,1012.8,976.4,1280.6,"High","High","High","High","High","High"
"Ag00001aa047637_T001",TRUE,"Master Protein","Ag00001aa047637_T001",16,5,9,434,NA,0.833,0.100505897025196,0.307118065318905,135.8,113.2,15.88,11.95,50.7,32,36.4,36.4,32.1,30.7,91.3,67.7,73.6,61.3,50.8,64.1,"High","High","High","High","High","High"
"Ag00001aa090881_T002",TRUE,"Master Protein","Ag00001aa090881_T002",19,4,8,321,"Met-loss [N-Term]",1.427,0.010207062911986,0.0590809984385865,97.5,139.1,8.37,5.82,181,140.5,136.6,273,268.2,197.1,326.1,297.3,276.1,459.9,424.3,411.4,"High","High","High","High","High","High"
"Ag00001aa042061_T001",TRUE,"Master Protein","Ag00001aa042061_T001",13,4,5,371,NA,0.834,0.949701394926266,1,120.2,100.3,13.77,8.9,64,53,43.9,55.5,67.3,43.2,115.3,112.1,88.7,93.5,106.5,90.2,"High","High","High","High","High","High"
"Ag00001aa007484_T001",TRUE,"Master Protein","Ag00001aa007484_T001",11,4,7,466,NA,0.972,0.999515382712195,1,48.3,47,27.41,10.59,5.1,4,2.6,5.2,5.2,3.4,9.2,8.5,5.3,8.8,8.2,7.1,"High","High","High","High","High","High"
"Ag00001aa086010_T001",TRUE,"Master Protein","Ag00001aa086010_T001",8,5,9,868,NA,0.85,0.345945760064911,0.745848038588569,131.5,111.8,2.69,6.48,215.2,176.5,194.7,195.7,225.3,150.3,387.7,373.4,393.6,329.7,356.4,313.7,"High","High","High","High","High","High"
"Ag00001aa024076_T002",TRUE,"Master Protein","Ag00001aa024076_T002",10,5,8,614,NA,0.964,0.996727377370757,1,122.2,117.7,15.83,3.03,88.1,57.9,82.6,94.6,96.7,72,158.7,122.5,167,159.4,153,150.3,"High","High","High","High","High","High"
"Ag00001aa131828_T002",TRUE,"Master Protein","Ag00001aa131828_T002",11,3,7,387,NA,0.613,0.0515728766791903,0.187021312722529,127,77.8,8.85,27.46,57.5,42,44.3,44.2,34.7,20.7,103.6,88.9,89.5,74.5,54.9,43.2,"High","High","High","High","High","High"
"Ag00001aa028857_T001",TRUE,"Master Protein","Ag00001aa028857_T001",13,5,6,471,NA,0.314,7.72011129166472e-05,0.0019309189165595,274.7,86.1,12.26,4.15,157.1,169.9,169.9,59.9,69,51.6,283.1,359.5,343.4,100.9,109.2,107.7,"High","High","High","High","High","High"
"Ag00001aa128970_T001",TRUE,"Master Protein","Ag00001aa128970_T001",10,5,6,808,"Met-loss [N-Term]",0.567,0.00192010768025597,0.0176436725777106,156.5,88.7,15.78,5.83,122.2,87.1,125.4,74.1,83.9,56.6,220.2,184.3,253.5,124.8,132.7,118.1,"High","High","High","High","High","High"
"Ag00001aa022232_T001",TRUE,"Master Protein","Ag00001aa022232_T001",17,4,7,273,NA,1.088,0.999607276893131,1,145.9,158.8,6.22,8.06,144.4,136.7,128.7,168.1,159,141.1,260.2,289.2,260.2,283.2,251.5,294.5,"High","High","High","High","High","High"
"Ag00001aa031051_T001",TRUE,"Master Protein","Ag00001aa031051_T001",14,3,8,239,NA,0.994,0.994815142872103,1,116.9,116.2,9.09,11.25,224,169.4,212.6,238.1,207.9,193.5,403.6,358.4,429.7,401.1,328.9,403.8,"High","High","High","High","High","High"
"Ag00001aa010026_T001",TRUE,"Master Protein","Ag00001aa010026_T001",29,3,5,184,NA,0.835,0.329159407750902,0.716777237634798,133.9,111.9,7.62,3.41,187.4,146.2,178.3,173.7,178.3,131,337.6,309.3,360.4,292.6,282.1,273.4,"High","High","High","High","High","High"
"Ag00001aa095760_T002",TRUE,"Master Protein","Ag00001aa095760_T002",13,5,5,570,NA,0.922,0.827994674900446,1,95.7,88.2,9.12,19.68,93.6,89.2,78.1,92.3,114.3,58,168.6,188.7,157.9,155.5,180.8,121,"High","High","High","High","High","High"
"Ag00001aa079522_T001",TRUE,"Master Protein","Ag00001aa079522_T001",29,5,10,248,NA,0.883,0.9459988679693,1,85,75,9.22,10.11,70.7,64.6,56.2,73.6,71.1,48.5,127.4,136.7,113.6,124,112.5,101.2,"High","High","High","High","High","High"
"Ag00001aa094770_T001",TRUE,"Master Protein","Ag00001aa094770_T001",16,5,9,469,NA,1.084,0.967317519318262,1,83.1,90.1,8.45,4.81,40.4,29.1,32.7,44.6,45.3,32.7,72.8,61.6,66.1,75.1,71.7,68.2,"High","High","High","High","High","High"
"Ag00001aa127057_T001",TRUE,"Master Protein","Ag00001aa127057_T001",6,2,7,573,NA,0.618,0.755347518924398,1,208.5,128.9,32.18,13.2,185.2,194.6,103.3,148.7,130.4,94.2,333.7,411.7,208.8,250.5,206.3,196.6,"High","High","High","High","High","High"
"Ag00001aa093397_T001",TRUE,"Master Protein","Ag00001aa093397_T001",56,3,11,108,NA,1.097,0.995727532179794,1,12.5,13.8,15.27,56.07,2.8,0,3.1,7.1,3.9,1.9,5,0,6.3,12,6.2,4,"High","Not Found","High","High","High","High"
"Ag00001aa007599_T001",TRUE,"Master Protein","Ag00001aa007599_T001",31,4,6,202,"Met-loss [N-Term]",0.706,0.0759355247105834,0.249276844374255,134.7,95.1,4.01,15.75,161.1,127.3,142.1,120.4,122.9,123.5,290.3,269.3,287.2,202.8,194.4,257.8,"High","High","High","High","High","High"
"Ag00001aa000608_T001",TRUE,"Master Protein","Ag00001aa000608_T001",20,2,16,152,NA,0.981,0.899291194917594,1,53,52,13.99,12.76,276.3,275.9,219,289.9,314.2,187.6,497.8,583.7,442.7,488.4,497,391.5,"High","High","High","High","High","High"
"Ag00001aa009282_T002",TRUE,"Master Protein","Ag00001aa009282_T002",6,5,8,1006,NA,1.082,0.764150918926605,1,111.3,120.5,9.86,5.92,106.1,97.6,83.8,122.8,126.1,107.2,191.2,206.5,169.4,206.9,199.5,223.7,"High","High","High","High","High","High"
"Ag00001aa146720_T001",TRUE,"Master Protein","Ag00001aa146720_T001",22,4,8,226,NA,1.309,0.963926705711416,1,8.5,11.2,9.76,14.38,5.7,4.4,5.6,8.1,8.5,5,10.3,9.3,11.3,13.6,13.4,10.4,"High","High","High","High","High","High"
"Ag00001aa010504_T001",TRUE,"Master Protein","Ag00001aa010504_T001",21,5,7,276,NA,0.97,0.995011180521712,1,109.4,106.2,8.07,5.39,259.3,226.1,203,269.1,286.7,197.6,467.2,478.4,410.3,453.3,453.5,412.4,"High","High","High","High","High","High"
"Ag00001aa091619_T001",TRUE,"Master Protein","Ag00001aa091619_T001",36,5,14,118,NA,1.119,0.998881519692978,1,31.9,35.6,13.11,19.83,99.3,104.9,87.8,145.5,104.1,95.9,178.9,221.9,177.5,245.1,164.7,200.1,"High","High","High","High","High","High"
"Ag00001aa047914_T001",TRUE,"Master Protein","Ag00001aa047914_T001",31,4,9,137,NA,0.903,0.912298555789526,1,166.7,150.6,12.35,27.89,899.9,636.6,850.4,1000.6,926,452.4,1621.4,1346.9,1719,1685.7,1464.8,944.2,"High","High","High","High","High","High"
"Ag00001aa104322_T001",TRUE,"Master Protein","Ag00001aa104322_T001",12,4,5,474,NA,0.504,0.00361004289670874,0.0280973080697294,179,90.3,19.14,9.96,47.7,39.6,57.6,29.5,27.4,19.7,85.9,83.8,116.4,49.7,43.3,41.1,"High","High","High","High","High","High"
"Ag00001aa036379_T001",TRUE,"Master Protein","Ag00001aa036379_T001",19,5,7,367,NA,0.986,0.999987838297299,1,94.7,93.3,11.16,8.77,95.5,74,68,91.6,91.7,82.5,172.1,156.6,137.5,154.3,145.1,172.2,"High","High","High","High","High","High"
"Ag00001aa029649_T005",TRUE,"Master Protein","Ag00001aa029649_T005",15,5,8,364,NA,1.007,0.937263767129153,1,93.5,94.2,6.36,9.7,147.7,122.7,116.5,177,165.2,118.7,266.1,259.6,235.5,298.2,261.3,247.7,"High","High","High","High","High","High"
"Ag00001aa149155_T001",TRUE,"Master Protein","Ag00001aa149155_T001",18,4,5,330,NA,1.706,0.137490224040057,0.386783545405263,65.8,112.2,13.02,6.2,86.1,59.7,61,127.9,126.9,108.9,155.1,126.3,123.3,215.5,200.7,227.3,"High","High","High","High","High","High"
"Ag00001aa008085_T001",TRUE,"Master Protein","Ag00001aa008085_T001",14,5,5,525,NA,1.17,0.258632089803896,0.605099577205111,79.4,92.9,13.88,0.64,132.3,85.5,110.1,154.6,164.6,123.4,238.4,180.9,222.6,260.4,260.4,257.5,"High","High","High","High","High","High"
"Ag00001aa009239_T001",TRUE,"Master Protein","Ag00001aa009239_T001",19,4,7,401,NA,0.943,0.999509766039926,1,107.1,101,11.04,3.55,195.8,143.1,186.7,197.5,206.4,167.5,352.8,302.8,377.4,332.7,326.5,349.6,"High","High","High","High","High","High"
"Ag00001aa091966_T001",TRUE,"Master Protein","Ag00001aa091966_T001",25,6,8,313,NA,0.943,0.646742237011256,1,51.6,48.7,7.64,14.71,43.3,36.2,43.5,48.7,46.5,29.2,78,76.6,87.9,82,73.6,60.9,"High","Not Found","High","High","High","Not Found"
"Ag00001aa106868_T001",TRUE,"Master Protein","Ag00001aa106868_T001",17,4,7,338,NA,1.234,0.494269369914748,0.956008952400794,162.4,200.4,19.42,14.2,143.4,83.9,100.4,148.6,196.8,115.7,258.4,177.5,202.9,250.3,311.3,241.5,"High","High","High","High","High","High"
"Ag00001aa108407_T001",TRUE,"Master Protein","Ag00001aa108407_T001",22,6,7,343,NA,0.871,0.836448267814046,1,112.7,98.2,11.32,9.15,115.8,84.9,111.5,102.1,129.7,87.1,208.6,179.6,225.4,172,205.2,181.8,"High","High","High","High","High","High"
"Ag00001aa029719_T002",TRUE,"Master Protein","Ag00001aa029719_T002",10,3,4,650,NA,0.336,8.28277719284731e-05,0.00203534306359493,183.9,61.8,23.98,7.03,54.3,39.8,65.8,19.5,19.5,17,97.8,84.2,133,32.9,30.8,35.5,"High","High","High","High","High","High"
"Ag00001aa035573_T001",TRUE,"Master Protein","Ag00001aa035573_T001",9,4,10,414,NA,2.085,0.000203583645468797,0.00377929888893632,64.6,134.6,16.24,5.06,17.5,10.8,14.6,34,38.9,30.3,31.5,22.8,29.5,57.3,61.5,63.2,"High","High","High","High","High","High"
"Ag00001aa089693_T001",TRUE,"Master Protein","Ag00001aa089693_T001",14,5,7,444,NA,0.738,0.0621814293426705,0.213757065237912,103.7,76.6,7.8,13.74,213.3,156.4,185,169.2,174.5,105,384.3,330.9,374,285,276,219.1,"High","High","High","High","High","High"
"Ag00001aa030289_T001",TRUE,"Master Protein","Ag00001aa030289_T001",14,3,5,229,NA,1.564,0.0232098992242771,0.108222057494106,71.4,111.7,15.6,7.14,63.7,42,43.6,82.5,80.2,70.1,114.8,88.9,88.1,139,126.9,146.3,"High","High","High","High","High","High"
"Ag00001aa031962_T001",TRUE,"Master Protein","Ag00001aa031962_T001",23,4,5,306,NA,1.146,0.324550493980597,0.710947266535661,66.8,76.5,9.03,6.1,73.5,58.8,54.7,84.6,90.6,61.5,132.4,124.4,110.6,142.5,143.3,128.4,"High","High","High","High","High","High"
"Ag00001aa056456_T001",TRUE,"Master Protein","Ag00001aa056456_T001",7,5,9,785,NA,0.808,0.400222183448051,0.822600324624278,191.8,154.9,34.98,9.45,273.6,367.7,199.9,236.3,215.2,194.9,493,778,404.1,398.1,340.4,406.8,"High","High","High","High","High","High"
"Ag00001aa111599_T001",TRUE,"Master Protein","Ag00001aa111599_T001",8,3,5,550,NA,0.948,0.999828531877668,1,181.9,172.4,15.34,12.14,41,25.6,32.7,37.2,33.8,32.7,73.9,54.2,66.1,62.7,53.5,68.2,"High","High","High","High","High","High"
"Ag00001aa092263_T001",TRUE,"Master Protein","Ag00001aa092263_T001",13,7,8,629,NA,1,0.998653734741747,1,124.3,124.3,10.37,1.11,171.1,126.2,162.4,186.1,194.9,147.1,308.3,267,328.3,313.5,308.3,307,"High","High","High","High","High","High"
"Ag00001aa096084_T001",TRUE,"Master Protein","Ag00001aa096084_T001",30,6,10,304,NA,0.627,0.000597575521154026,0.00784034656596873,174.4,109.3,10.92,4.68,223.8,231.5,243,182.2,207,143.4,403.2,489.8,491.2,306.9,327.5,299.3,"High","High","High","High","High","High"
"Ag00001aa110246_T001",TRUE,"Master Protein","Ag00001aa110246_T001",22,5,5,338,NA,1.463,0.0500244894749683,0.183296315942333,72.1,105.5,20.44,7.23,76.4,74.1,51.1,117.9,127.3,108.3,137.7,156.8,103.3,198.6,201.4,226,"High","High","High","High","High","High"
"Ag00001aa045259_T001",TRUE,"Master Protein","Ag00001aa045259_T001",7,3,6,586,NA,0.426,3.40095015338715e-05,0.00112903966373449,203.2,86.5,3.6,10.69,136.3,116.8,129.6,55.6,73.4,50.4,245.6,247.1,262,93.7,116.1,105.2,"High","High","High","High","High","High"
"Ag00001aa102041_T001",TRUE,"Master Protein","Ag00001aa102041_T001",18,4,13,328,NA,1.25,0.963381481373963,1,52.5,65.6,35.66,7.99,15.9,6.8,9.2,13.8,13,11.5,28.6,14.4,18.6,23.2,20.6,24,"High","High","High","High","High","High"
"Ag00001aa006676_T001",TRUE,"Master Protein","Ag00001aa006676_T001",17,4,7,310,NA,1.29,0.095147238420467,0.29480431236062,90.4,116.6,8.6,3.97,83.7,84.3,84.9,131.4,140.9,99.3,150.8,178.4,171.6,221.4,222.9,207.2,"High","High","High","High","High","High"
"Ag00001aa138100_T001",TRUE,"Master Protein","Ag00001aa138100_T001",11,2,7,250,NA,1.031,0.978262584686395,1,113.4,116.9,19,28.73,119.5,69.1,92.8,118,122.2,53.9,215.3,146.2,187.6,198.8,193.3,112.5,"High","High","High","High","High","High"
"Ag00001aa009865_T002",TRUE,"Master Protein","Ag00001aa009865_T002",9,5,7,674,NA,0.29,0.00699711581162865,0.0452600413801847,314.7,91.3,16.69,5.35,350.9,295,410.1,107,125.8,87.9,632.2,624.1,829,180.3,199,183.5,"High","High","High","High","High","High"
"Ag00001aa067608_T002",TRUE,"Master Protein","Ag00001aa067608_T002",13,4,5,490,NA,0.629,0.0267614122457138,0.118830474107855,77.1,48.5,19.48,10.26,84.2,86.6,61.2,66.2,58.5,45.7,151.7,183.2,123.7,111.5,92.5,95.4,"High","High","High","High","High","High"
"Ag00001aa023157_T001",TRUE,"Master Protein","Ag00001aa023157_T001",17,4,7,396,NA,0.656,0.0315590342972578,0.132343620955214,161.8,106.2,10.3,2.63,303.7,318,301.2,237.2,243.8,194.6,547.2,672.8,608.8,399.6,385.7,406.1,"High","High","High","High","High","High"
"Ag00001aa002400_T001",TRUE,"Master Protein","Ag00001aa002400_T001",13,6,6,634,NA,NA,NA,NA,NA,NA,NA,NA,NA,NA,NA,NA,NA,NA,NA,NA,NA,NA,NA,NA,"High","High","High","High","High","High"
"Ag00001aa057004_T001",TRUE,"Master Protein","Ag00001aa057004_T001",15,3,4,274,NA,0.464,0.329628566315103,0.71738269640582,258.3,119.8,11.09,5.7,206.7,207.8,229.2,114.9,137.1,97.7,372.4,439.6,463.3,193.6,216.9,203.9,"High","High","High","High","High","High"
"Ag00001aa073758_T001",TRUE,"Master Protein","Ag00001aa073758_T001",14,4,8,327,NA,1.301,0.996280763398493,1,46.6,60.6,47.74,7.19,151.9,53.2,72.7,114.1,106.7,91.6,273.7,112.6,147,192.2,168.8,191.2,"High","High","High","High","High","High"
"Ag00001aa142761_T001",TRUE,"Master Protein","Ag00001aa142761_T001",9,5,7,652,NA,1.185,0.953870827761218,1,95.5,113.2,14.04,3.9,51.3,34.7,36,48.3,55,41.8,92.4,73.4,72.8,81.4,87,87.2,"High","High","High","High","High","High"
"Ag00001aa053327_T001",TRUE,"Master Protein","Ag00001aa053327_T001",15,4,6,442,NA,0.551,0.775329571579848,1,99.3,54.7,15.64,13.56,61,40.4,57.5,29.9,38.3,31.7,109.9,85.5,116.2,50.4,60.6,66.2,"High","High","High","High","High","High"
"Ag00001aa069528_T001",TRUE,"Master Protein","Ag00001aa069528_T001",16,2,9,216,NA,0.918,0.999773192955916,1,38.7,35.5,16.88,15.85,61.9,42.4,62.5,64.3,64.7,38,111.5,89.7,126.3,108.3,102.3,79.3,"High","High","High","High","High","High"
"Ag00001aa046921_T001",TRUE,"Master Protein","Ag00001aa046921_T001",21,5,7,352,NA,1.518,0.0003745164757748,0.00573151741344722,94.7,143.8,2.17,12.16,90.1,75,76.9,143,129.5,125.3,162.3,158.7,155.4,240.9,204.9,261.5,"High","High","High","High","High","High"
"Ag00001aa009963_T001",TRUE,"Master Protein","Ag00001aa009963_T001",8,6,7,768,NA,0.893,0.986234379151517,1,124.8,111.5,11.25,5.84,160.2,113.9,148.1,150,178,123.5,288.6,241,299.4,252.7,281.6,257.8,"High","High","High","High","High","High"
"Ag00001aa099522_T001",TRUE,"Master Protein","Ag00001aa099522_T001",7,3,8,594,NA,0.339,3.44255831932205e-05,0.00113494910234247,237.6,80.6,15.36,8.72,222.5,249.8,263.4,93.5,118.1,85.9,400.9,528.5,532.4,157.5,186.8,179.3,"High","High","High","High","High","High"
"Ag00001aa026505_T003",TRUE,"Master Protein","Ag00001aa026505_T003",11,6,7,496,NA,0.755,0.0352102844227155,0.144130575218933,152.3,115.1,11.41,1.63,463.6,353.4,464.7,375.9,388.5,302.3,835.3,747.7,939.3,633.3,614.6,630.9,"High","High","High","High","High","High"
"Ag00001aa030648_T002",TRUE,"Master Protein","Ag00001aa030648_T002",7,4,5,896,NA,1.153,0.941602495355627,1,110.9,127.9,3.54,10.33,200.2,174,191.1,262.7,268.3,173.4,360.7,368.1,386.3,442.6,424.4,361.9,"High","High","High","High","High","High"
"Ag00001aa000538_T001",TRUE,"Master Protein","Ag00001aa000538_T001",17,7,8,382,NA,0.809,0.354775575090569,0.757880499001506,95.8,77.4,5.93,6.46,113,96.2,90.7,97.7,101.9,87,203.6,203.5,183.3,164.6,161.2,181.6,"High","High","High","High","High","High"
"Ag00001aa100594_T001",TRUE,"Master Protein","Ag00001aa100594_T001",28,5,12,219,NA,1.613,0.0413352665641332,0.160938813103999,17.4,28.1,2.97,4.68,75.3,60.5,64.6,125,137.7,95.1,135.7,128,130.6,210.6,217.8,198.5,"High","High","High","High","High","High"
"Ag00001aa141978_T001",TRUE,"Master Protein","Ag00001aa141978_T001",17,4,5,340,NA,1.016,0.997276160386289,1,93.3,94.8,4.28,6.1,113.4,94,92.9,119.9,123.6,105.3,204.3,198.9,187.8,202,195.5,219.8,"High","High","High","High","High","High"
"Ag00001aa002692_T001",TRUE,"Master Protein","Ag00001aa002692_T001",27,3,6,149,NA,0.824,0.385401863612496,0.802309067342135,115.8,95.3,16.59,10.82,56.5,67.3,60.8,62.4,53.9,48.5,101.8,142.4,122.9,105.1,85.3,101.2,"High","High","High","High","High","High"
"Ag00001aa020048_T001",TRUE,"Master Protein","Ag00001aa020048_T001",24,4,6,185,NA,0.966,0.999998662325012,1,17.5,16.9,1.21,17.04,27.9,23.5,25.2,36.8,30.7,21.7,50.3,49.7,50.9,62,48.6,45.3,"High","High","High","High","High","High"
"Ag00001aa061715_T001",TRUE,"Master Protein","Ag00001aa061715_T001",17,3,9,238,NA,1.266,0.307214504258525,0.682520731056594,13.6,17.2,9.28,33.99,21.2,18.6,22.4,50.5,31.5,23.2,38.2,39.4,45.3,85.1,49.8,48.4,"High","High","High","High","High","High"
"Ag00001aa141979_T001",TRUE,"Master Protein","Ag00001aa141979_T001",17,4,5,340,NA,1.198,0.855315531463199,1,73.4,88,36.38,15.71,18.4,10.9,7.8,16.4,15.4,15.9,33.2,23.1,15.8,27.6,24.4,33.2,"High","High","High","High","High","High"
"Ag00001aa046293_T001",TRUE,"Master Protein","Ag00001aa046293_T001",21,6,6,424,NA,1.259,0.0591361963248515,0.205746661158832,95.4,120.1,9.66,14.37,114.7,94.2,84.8,135.8,158.6,144.6,206.7,199.3,171.4,228.8,250.9,301.8,"High","High","High","High","High","High"
"Ag00001aa034003_T001",TRUE,"Master Protein","Ag00001aa034003_T001",9,5,5,685,NA,0.856,0.511066641994492,0.975326520608619,97.2,83.2,19.66,7.01,107.4,62.4,75.4,81.3,75.3,62.5,193.5,132,152.4,137,119.1,130.4,"High","High","High","High","High","High"
"Ag00001aa156904_T001",TRUE,"Master Protein","Ag00001aa156904_T001",32,5,5,237,NA,1.092,0.791958616609062,1,49.4,54,7.39,5.97,43,32.6,39.3,50.5,53.5,36.6,77.5,69,79.4,85.1,84.6,76.4,"High","High","High","High","High","High"
"Ag00001aa029644_T002",TRUE,"Master Protein","Ag00001aa029644_T002",10,4,7,559,NA,1.03,0.999955144988899,1,120.7,124.3,3.04,4.15,124.5,100.1,106.1,131.1,133.8,110.2,224.3,211.8,214.5,220.9,211.7,230,"High","High","High","High","High","High"
"Ag00001aa110661_T002",TRUE,"Master Protein","Ag00001aa110661_T002",8,4,6,643,NA,1.13,0.955871577654072,1,27.8,31.4,14.1,12.34,61.1,39.5,45.9,73.4,66.3,46.8,110.1,83.6,92.8,123.7,104.9,97.7,"High","High","High","High","High","High"
"Ag00001aa046418_T001",TRUE,"Master Protein","Ag00001aa046418_T001",11,4,6,513,NA,0.632,0.0604816144898472,0.208691338011002,183.4,116,16.19,5.48,113.6,88.4,125.8,72.8,86.5,62,204.7,187,254.3,122.6,136.8,129.4,"High","High","High","High","High","High"
"Ag00001aa088349_T001",TRUE,"Master Protein","Ag00001aa088349_T001",10,3,4,386,NA,1.009,0.999987325792267,1,19.5,19.7,36.85,22.9,14,7.6,17.2,18.3,12.2,12.2,25.2,16.1,34.8,30.8,19.3,25.5,"High","High","High","High","High","High"
"Ag00001aa027238_T002",TRUE,"Master Protein","Ag00001aa027238_T002",17,4,7,307,"Met-loss+Acetyl [N-Term]",0.734,0.0132308167871097,0.0708929030654939,139.6,102.4,11.7,3.25,56.2,47,60.4,44.1,48.7,34.6,101.3,99.4,122.1,74.3,77,72.2,"High","High","High","High","High","High"
"Ag00001aa037143_T002",TRUE,"Master Protein","Ag00001aa037143_T002",10,4,8,557,NA,NA,NA,NA,NA,NA,NA,NA,NA,NA,NA,NA,NA,NA,NA,NA,NA,NA,NA,NA,"High","High","High","High","High","High"
"Ag00001aa026676_T002",TRUE,"Master Protein","Ag00001aa026676_T002",10,6,6,659,NA,0.448,0.000651727342028785,0.00825867779085493,211.9,95,14.46,13.92,80.7,65.5,89.2,38.7,34.1,34.2,145.4,138.6,180.3,65.2,53.9,71.4,"High","High","High","High","High","High"
"Ag00001aa054959_T001",TRUE,"Master Protein","Ag00001aa054959_T001",13,3,9,262,NA,0.599,0.0487136605404928,0.179715030590185,162.5,97.3,24.2,8.98,573.1,769.4,584.3,398.3,447,382.1,1032.6,1627.8,1181.1,671,707.1,797.5,"High","High","High","High","High","High"
"Ag00001aa136444_T001",TRUE,"Master Protein","Ag00001aa136444_T001",25,4,11,224,NA,0.672,0.0701237309197797,0.233249965141483,124.8,83.9,9.15,5.26,214.1,217.6,202.1,170,163,131.6,385.7,460.4,408.5,286.4,257.9,274.7,"High","High","High","High","High","High"
"Ag00001aa111964_T003",TRUE,"Master Protein","Ag00001aa111964_T003",7,5,6,862,NA,0.82,0.00267733227157552,0.0225421730926436,94.6,77.6,3.68,10.5,83.8,68.1,69.5,70.1,75.6,47.2,151,144.1,140.5,118.1,119.6,98.5,"High","High","High","High","High","High"
"Ag00001aa033943_T001",TRUE,"Master Protein","Ag00001aa033943_T001",28,3,6,192,NA,1.138,0.523351063373133,0.989419094746351,84.9,96.6,8.06,2.18,102.1,91.9,81.9,124.3,134.1,97.4,184,194.4,165.6,209.4,212.1,203.3,"High","High","High","High","High","High"
"Ag00001aa035681_T001",TRUE,"Master Protein","Ag00001aa035681_T001",18,4,8,272,NA,0.936,0.988037598922255,1,111.1,104,21.66,8.2,167.1,95.6,151.2,167.3,164,146.5,301.1,202.3,305.6,281.8,259.4,305.8,"High","High","High","High","High","High"
"Ag00001aa099111_T001",TRUE,"Master Protein","Ag00001aa099111_T001",17,6,8,565,NA,1.147,0.83050218437641,1,29.7,34.1,11.08,20.48,58.4,40.3,50.7,79.6,74.3,42.3,105.2,85.3,102.5,134.1,117.5,88.3,"High","High","High","High","High","High"
"Ag00001aa146322_T001",TRUE,"Master Protein","Ag00001aa146322_T001",18,4,10,225,NA,0.971,0.999996316204987,1,29.9,29.1,14.04,6.89,94.7,60.8,77.1,99,95.7,70.1,170.6,128.6,155.8,166.8,151.4,146.3,"High","High","High","High","High","High"
"Ag00001aa107699_T004",TRUE,"Master Protein","Ag00001aa107699_T004",12,4,4,583,NA,NA,NA,NA,0,0,NA,NA,0,0,0,0,0,0,0,0,0,0,0,0,"Not Found","Not Found","Not Found","Not Found","Not Found","Not Found"
"Ag00001aa023931_T001",TRUE,"Master Protein","Ag00001aa023931_T001",15,3,5,331,NA,0.944,0.999999994150181,1,117.1,110.5,11.64,5.96,31.8,28.6,23.8,32.1,33.4,28.3,57.3,60.5,48.1,54.1,52.8,59.1,"High","High","High","High","High","High"
"Ag00001aa074751_T002",TRUE,"Master Protein","Ag00001aa074751_T002",8,3,6,806,NA,0.737,0.722379401145529,1,153.7,113.3,27.61,11.54,18.1,11.3,20.8,14.1,15.2,13.9,32.6,23.9,42,23.8,24,29,"High","High","High","High","High","High"
"Ag00001aa108942_T001",TRUE,"Master Protein","Ag00001aa108942_T001",44,5,11,153,"Met-loss+Acetyl [N-Term]",0.716,0.283514286258222,0.643170181434832,109.4,78.3,19.66,5.43,109.1,133.3,105.4,97.8,96.4,71.2,196.6,282,213.1,164.8,152.5,148.6,"High","High","High","High","High","High"
"Ag00001aa111126_T001",TRUE,"Master Protein","Ag00001aa111126_T001",26,3,16,195,NA,0.989,0.987830244115424,1,98.3,97.2,12.57,9.19,258.9,236.7,192.8,310.1,291.6,209.9,466.5,500.8,389.7,522.4,461.3,438.1,"High","High","High","High","High","High"
"Ag00001aa135849_T001",TRUE,"Master Protein","Ag00001aa135849_T001",29,5,7,210,NA,1.247,0.796052000661932,1,169.9,211.9,9.04,14.64,39.3,34.8,41.5,54.5,49.4,50.3,70.8,73.6,83.9,91.8,78.1,105,"High","High","High","High","High","High"
"Ag00001aa032160_T003",TRUE,"Master Protein","Ag00001aa032160_T003",8,4,5,579,NA,0.941,0.850103537448669,1,130.4,122.7,15.13,3.35,189.4,148.2,206.8,190.6,201.7,162.4,341.2,313.6,418,321.1,319.1,338.9,"High","High","High","High","High","High"
"Ag00001aa000655_T001",TRUE,"Master Protein","Ag00001aa000655_T001",12,5,7,421,NA,5.98,2.79846983375354e-06,0.000513110207364225,52.4,313.3,14.8,12.51,72.6,72.9,56.9,464.3,447,433.6,130.8,154.2,115,782.2,707.1,904.9,"High","High","High","High","High","High"
"Ag00001aa064399_T001",TRUE,"Master Protein","Ag00001aa064399_T001",25,3,21,159,NA,0.766,0.993420634878616,1,136.9,104.8,18.76,25.36,100,62.4,94.6,119,80.7,66.1,180.2,132,191.2,200.5,127.7,138,"High","High","High","High","High","High"
"Ag00001aa069062_T001",TRUE,"Master Protein","Ag00001aa069062_T001",21,7,8,528,"Met-loss [N-Term]",1.239,0.130736427588447,0.375498254680241,107.4,133,6.15,6.29,55.1,50.8,55.5,72.2,84.2,65.9,99.3,107.5,112.2,121.6,133.2,137.5,"High","High","High","High","High","High"
"Ag00001aa104291_T003",TRUE,"Master Protein","Ag00001aa104291_T003",15,3,7,233,NA,1.375,0.522591279995068,0.988766927287064,176.2,242.2,15.09,15.6,71.7,63.3,83.6,103.3,116.4,110.9,129.2,133.9,169,174,184.1,231.5,"High","High","High","High","High","High"
"Ag00001aa106453_T001",TRUE,"Master Protein","Ag00001aa106453_T001",18,5,7,308,NA,4.533,0.000965315122279375,0.010812678756102,25.1,113.9,5.78,18.04,13.3,12.7,12.8,71.4,53.9,56.2,24,26.9,25.9,120.3,85.3,117.3,"High","High","High","High","High","High"
"Ag00001aa143262_T001",TRUE,"Master Protein","Ag00001aa143262_T001",3,4,5,1428,NA,1.274,0.175539514360803,0.457735462674116,83.2,106,4.51,0.19,89,75.3,85.4,121.3,129.5,97.8,160.4,159.3,172.6,204.4,204.9,204.1,"High","High","High","High","High","High"
"Ag00001aa065518_T001",TRUE,"Master Protein","Ag00001aa065518_T001",6,3,5,653,NA,1.035,0.999836812815466,1,63.8,66.1,9.98,6.78,48.6,35.6,45.3,53.8,51.4,44.3,87.6,75.3,91.6,90.6,81.3,92.5,"High","High","High","High","High","High"
"Ag00001aa007156_T002",TRUE,"Master Protein","Ag00001aa007156_T002",18,2,7,232,NA,0.92,0.941586815432121,1,205.8,189.2,2.98,11.83,36.2,30,30.4,36.6,36.9,23.4,65.2,63.5,61.4,61.7,58.4,48.8,"High","High","High","High","High","High"
"Ag00001aa105748_T001",TRUE,"Master Protein","Ag00001aa105748_T001",17,5,16,326,NA,1.467,0.246559295814189,0.585357308269621,41.3,60.5,5.47,12.13,51.4,48.1,45.9,86.3,72.2,65.2,92.6,101.8,92.8,145.4,114.2,136.1,"High","High","High","High","High","High"
"Ag00001aa142341_T001",TRUE,"Master Protein","Ag00001aa142341_T001",5,6,6,1949,NA,0.991,0.943636228184791,1,146.4,145.1,8.35,8.16,205.5,153.2,188.1,214.1,231.9,200,370.3,324.1,380.2,360.7,366.8,417.4,"High","High","High","High","High","High"
"Ag00001aa025805_T001",TRUE,"Master Protein","Ag00001aa025805_T001",23,4,5,316,NA,0.695,0.912530760860338,1,32.3,22.5,13.21,29,20,19.2,15.4,23.5,15.4,12,36,40.6,31.1,39.6,24.4,25,"High","High","High","High","High","High"
"Ag00001aa047303_T001",TRUE,"Master Protein","Ag00001aa047303_T001",18,5,5,363,NA,NA,NA,NA,NA,NA,NA,NA,NA,NA,NA,NA,NA,NA,NA,NA,NA,NA,NA,NA,"High","High","High","High","High","High"
"Ag00001aa081896_T003",TRUE,"Master Protein","Ag00001aa081896_T003",8,4,5,737,NA,0.73,0.0148616911699844,0.0774810303429019,145.7,106.4,11.03,3.22,229.7,181.2,235.1,187.6,191.1,142.3,413.9,383.4,475.2,316,302.3,297,"High","High","High","High","High","High"
"Ag00001aa081587_T001",TRUE,"Master Protein","Ag00001aa081587_T001",7,5,17,799,NA,0.342,0.00192654817082771,0.0176620008460959,251.6,86.2,21.14,6.24,103.5,135.5,117.7,43.8,51.5,39.8,186.5,286.7,237.9,73.8,81.5,83.1,"High","High","High","High","High","High"
"Ag00001aa139864_T001",TRUE,"Master Protein","Ag00001aa139864_T001",18,4,5,326,NA,0.876,0.434463397780146,0.873176184611093,98.7,86.5,2.15,3.56,84.8,75.3,77.9,78.7,90,66.1,152.8,159.3,157.5,132.6,142.4,138,"High","High","High","High","High","High"
"Ag00001aa005699_T001",TRUE,"Master Protein","Ag00001aa005699_T001",9,4,8,505,NA,NA,NA,NA,NA,NA,NA,NA,NA,NA,NA,NA,NA,NA,NA,NA,NA,NA,NA,NA,"High","High","High","High","High","High"
"Ag00001aa078294_T001",TRUE,"Master Protein","Ag00001aa078294_T001",17,5,6,411,NA,1.244,0.204348323542435,0.509716056923135,71.6,89,5.67,7.45,59.1,45.4,48.2,67.8,76.6,63.4,106.5,96.1,97.4,114.2,121.2,132.3,"High","High","High","High","High","High"
"Ag00001aa001569_T001",TRUE,"Master Protein","Ag00001aa001569_T001",5,6,6,1936,NA,NA,NA,NA,NA,NA,NA,NA,NA,NA,NA,NA,NA,NA,NA,NA,NA,NA,NA,NA,"High","High","High","High","High","High"
"Ag00001aa148905_T001",TRUE,"Master Protein","Ag00001aa148905_T001",31,5,9,171,NA,NA,NA,NA,NA,NA,NA,NA,NA,NA,NA,NA,NA,NA,NA,NA,NA,NA,NA,NA,"High","High","High","High","High","High"
"Ag00001aa045919_T001",TRUE,"Master Protein","Ag00001aa045919_T001",17,5,5,426,NA,1.168,0.267850527551262,0.619674246715114,98.3,114.7,12.75,11.4,25.5,16.8,20.2,28.3,27.5,26.1,45.9,35.5,40.8,47.7,43.5,54.5,"High","High","High","High","High","High"
"Ag00001aa129135_T001",TRUE,"Master Protein","Ag00001aa129135_T001",12,4,5,396,NA,1.009,0.958985964077878,1,135.2,136.5,7.42,7.8,119.8,88.3,103.2,125,128.8,113,215.8,186.8,208.6,210.6,203.7,235.8,"High","High","High","High","High","High"
"Ag00001aa070848_T001",TRUE,"Master Protein","Ag00001aa070848_T001",7,3,4,744,NA,1.51,0.00680295230954464,0.0445114387181735,95.7,144.5,16.77,5,61.2,39.5,57.4,92.9,109.3,79.8,110.3,83.6,116,156.5,172.9,166.5,"High","High","High","High","High","High"
"Ag00001aa102111_T001",TRUE,"Master Protein","Ag00001aa102111_T001",17,5,7,321,NA,1.175,0.999759339821477,1,121.1,142.4,22.5,11,151.2,114.4,182.5,192,202.4,126.6,272.4,242,368.9,323.5,320.2,264.2,"High","High","High","High","High","High"
"Ag00001aa144402_T001",TRUE,"Master Protein","Ag00001aa144402_T001",11,3,6,347,NA,1.035,0.999999950259242,1,105.7,109.4,12.29,8.42,50,53.5,46.9,53.6,62,51.2,90.1,113.2,94.8,90.3,98.1,106.9,"High","High","High","High","High","High"
"Ag00001aa126492_T001",TRUE,"Master Protein","Ag00001aa126492_T001",32,4,8,226,NA,0.875,0.979662322057451,1,49.3,43.1,19.02,45.8,5,0,3.4,6.2,2.5,3.3,9,0,6.9,10.4,4,6.9,"High","Not Found","High","High","High","High"
"Ag00001aa083329_T001",TRUE,"Master Protein","Ag00001aa083329_T001",17,5,15,323,NA,1.876,0.128096947370006,0.36977830891364,86,161.4,20.87,9.97,19.4,23.7,17.9,40.3,36.6,33.6,35,50.1,36.2,67.9,57.9,70.1,"High","High","High","High","High","High"
"Ag00001aa031522_T002",TRUE,"Master Protein","Ag00001aa031522_T002",10,3,6,337,NA,0.88,0.366912579666716,0.777190815687892,111,97.7,12.8,7.51,63.6,55.2,70.9,61,62.9,54.9,114.6,116.8,143.3,102.8,99.5,114.6,"High","High","High","High","High","High"
"Ag00001aa090028_T001",TRUE,"Master Protein","Ag00001aa090028_T001",10,4,7,559,NA,0.953,0.999999851987827,1,69.2,65.9,8.56,8.84,69.2,67,72.9,80.2,95.1,60.6,124.7,141.8,147.4,135.1,150.4,126.5,"High","High","High","High","High","High"
"Ag00001aa016836_T001",TRUE,"Master Protein","Ag00001aa016836_T001",24,2,8,131,NA,0.307,0.125094027827761,0.363848840427395,314.4,96.6,30.02,18.38,342.5,512.3,361.7,133.3,189,103.9,617.1,1083.9,731.1,224.6,299,216.8,"High","High","High","High","High","High"
"Ag00001aa046017_T001",TRUE,"Master Protein","Ag00001aa046017_T001",16,3,10,187,NA,0.969,0.999944457489303,1,47.3,45.9,13.2,13.07,153.1,101.7,133.6,174.6,142.9,125.4,275.8,215.2,270.1,294.1,226.1,261.7,"High","High","High","High","High","High"
"Ag00001aa106281_T001",TRUE,"Master Protein","Ag00001aa106281_T001",6,4,11,827,NA,0.952,0.982333534484247,1,75.9,72.2,5.69,5.63,37.5,28.5,31.9,33.7,40.1,29.4,67.6,60.3,64.5,56.8,63.4,61.4,"High","High","High","High","High","High"
"Ag00001aa107412_T002",TRUE,"Master Protein","Ag00001aa107412_T002",12,3,3,493,NA,2.403,0.00824427944433559,0.0500281682370629,41.3,99.3,7.36,4.37,12.3,11.5,12.7,34.7,34.5,28.4,22.2,24.3,25.7,58.5,54.6,59.3,"High","High","High","High","High","High"
"Ag00001aa000513_T001",TRUE,"Master Protein","Ag00001aa000513_T001",15,2,3,246,NA,NA,NA,NA,NA,NA,NA,NA,NA,NA,NA,NA,NA,NA,NA,NA,NA,NA,NA,NA,"High","High","High","High","High","High"
"Ag00001aa008190_T001",TRUE,"Master Protein","Ag00001aa008190_T001",13,4,6,453,NA,0.869,0.637539848474725,1,112.6,97.8,6.3,4.38,187.7,141.4,162.4,169.3,178.1,146.3,338.2,299.2,328.3,285.2,281.7,305.3,"High","High","High","High","High","High"
"Ag00001aa142901_T001",TRUE,"Master Protein","Ag00001aa142901_T001",21,4,5,218,NA,1.201,0.345394503639806,0.745065533994923,125.5,150.7,2.29,5.13,187.4,159.7,173.8,240.9,269.6,184.4,337.6,337.9,351.3,405.8,426.5,384.9,"High","High","High","High","High","High"
"Ag00001aa092316_T001",TRUE,"Master Protein","Ag00001aa092316_T001",4,2,20,580,NA,0.456,0.104680790194777,0.316445315799964,274.8,125.3,20.46,30.45,74.4,70,97.1,39.1,42.7,52.4,134,148.1,196.3,65.9,67.5,109.4,"High","High","High","High","High","High"
"Ag00001aa072099_T002",TRUE,"Master Protein","Ag00001aa072099_T002",13,3,6,371,NA,NA,NA,NA,NA,NA,NA,NA,NA,NA,NA,NA,NA,NA,NA,NA,NA,NA,NA,NA,"High","High","High","High","High","High"
"Ag00001aa119019_T001",TRUE,"Master Protein","Ag00001aa119019_T001",14,5,7,734,NA,0.877,0.99986710226247,1,150.2,131.7,23.75,9.98,84.9,44.5,67.7,71.2,70,64.6,153,94.1,136.8,119.9,110.7,134.8,"High","High","High","High","High","High"
"Ag00001aa120699_T001",TRUE,"Master Protein","Ag00001aa120699_T001",17,6,8,431,NA,0.703,0.0195614748964,0.0952148898571761,99,69.6,14.41,4.01,217,151.5,211.9,161.6,173.7,140.3,391,320.5,428.3,272.2,274.8,292.8,"High","High","High","High","High","High"
"Ag00001aa029219_T001",TRUE,"Master Protein","Ag00001aa029219_T001",19,4,11,241,NA,0.219,6.53305569642271e-07,0.000243315493093643,339,74.3,30.09,6.03,913.7,1388.6,1004,273.3,281.1,195.9,1646.2,2937.9,2029.5,460.4,444.7,408.9,"High","High","High","High","High","High"
"Ag00001aa107409_T003",TRUE,"Master Protein","Ag00001aa107409_T003",10,4,12,580,NA,1.007,0.999574528146001,1,88.8,89.4,23.07,9.93,20.1,25.4,18.5,25.7,23.8,17.2,36.2,53.7,37.4,43.3,37.6,35.9,"High","High","High","High","High","High"
"Ag00001aa129510_T002",TRUE,"Master Protein","Ag00001aa129510_T002",17,3,9,239,NA,0.902,0.994678711588977,1,125.2,113,4.15,5.87,146.1,123.8,120.8,152.3,149.4,109.9,263.2,261.9,244.2,256.6,236.3,229.4,"High","High","High","High","High","High"
"Ag00001aa108620_T002",TRUE,"Master Protein","Ag00001aa108620_T002",21,5,7,306,NA,NA,NA,NA,NA,NA,NA,NA,NA,NA,NA,NA,NA,NA,NA,NA,NA,NA,NA,NA,"High","High","High","High","High","High"
"Ag00001aa039512_T001",TRUE,"Master Protein","Ag00001aa039512_T001",11,5,7,445,NA,1.603,4.70253757388628e-05,0.00140287466346875,107.5,172.4,10.68,5.6,289.6,208.8,269,496.5,523.5,438.6,521.8,441.8,543.8,836.4,828.1,915.4,"High","High","High","High","High","High"
"Ag00001aa128712_T001",TRUE,"Master Protein","Ag00001aa128712_T001",14,6,8,411,NA,1.065,0.99999663097083,1,80.8,86,23.75,8.74,123.8,136.3,88.9,147,150.2,100,223.1,288.4,179.7,247.6,237.6,208.7,"High","High","High","High","High","High"
"Ag00001aa122473_T001",TRUE,"Master Protein","Ag00001aa122473_T001",13,4,5,450,NA,0.759,0.216167586586046,0.530919175050488,147,111.7,13.74,3.24,155.5,107.9,148.4,126.3,134.3,107.7,280.2,228.3,300,212.8,212.4,224.8,"High","High","High","High","High","High"
"Ag00001aa084059_T001",TRUE,"Master Protein","Ag00001aa084059_T001",19,5,6,394,NA,1.178,0.999173662612568,1,39.2,46.2,26.62,23.28,7.9,7.3,11.3,10.8,14.2,6.7,14.2,15.4,22.8,18.2,22.5,14,"High","High","High","High","High","High"
"Ag00001aa028173_T001",TRUE,"Master Protein","Ag00001aa028173_T001",27,3,4,161,NA,0.599,0.0322922757991798,0.13437826221181,118.8,71.2,22.35,9.99,128.7,124.5,175,84.8,110.3,75.6,231.9,263.4,353.7,142.9,174.5,157.8,"High","High","High","High","High","High"
"Ag00001aa002666_T001",TRUE,"Master Protein","Ag00001aa002666_T001",28,5,5,251,"Met-loss [N-Term]",0.812,0.536803017421968,1,173.8,141.1,11.43,7.48,146.7,147.5,164,137.8,170.5,121.4,264.3,312.1,331.5,232.1,269.7,253.4,"High","High","High","High","High","High"
"Ag00001aa009742_T001",TRUE,"Master Protein","Ag00001aa009742_T001",13,4,6,488,NA,2.997,7.01038998762726e-05,0.00182423204961881,68,203.8,13.95,9.15,116.1,77.4,83,298.5,270.8,242.3,209.2,163.8,167.8,502.9,428.4,505.7,"High","High","High","High","High","High"
"Ag00001aa003379_T001",TRUE,"Master Protein","Ag00001aa003379_T001",6,2,9,410,NA,2.471,0.00400989606158986,0.0300660215552236,41.4,102.4,31.56,19,189.7,125.7,87.5,390.1,558.3,303.7,341.8,265.9,176.9,657.2,883.2,633.8,"High","High","High","High","High","High"
"Ag00001aa079060_T001",TRUE,"Master Protein","Ag00001aa079060_T001",7,3,7,545,NA,0.607,0.00228415686235928,0.0202006330759991,98.2,59.6,12.55,4.45,171.7,166.5,135.6,119.4,118.7,88.8,309.4,352.3,274.1,201.1,187.8,185.3,"High","High","High","High","High","High"
"Ag00001aa137472_T001",TRUE,"Master Protein","Ag00001aa137472_T001",10,4,6,497,NA,0.699,0.0099672840957935,0.0577966028398878,72.2,50.5,2.54,15.32,34.6,31,31.7,26.6,24.6,25.3,62.3,65.6,64.1,44.8,38.9,52.8,"High","High","High","High","High","High"
"Ag00001aa003254_T001",TRUE,"Master Protein","Ag00001aa003254_T001",23,3,8,203,NA,0.913,0.880501260753739,1,124.7,113.9,23.59,8.01,173.3,233,182.8,200.2,213.3,140.2,312.2,493,369.5,337.3,337.4,292.6,"High","High","High","High","High","High"
"Ag00001aa090824_T003",TRUE,"Master Protein","Ag00001aa090824_T003",6,5,6,893,NA,1.117,0.916363213358437,1,107.1,119.6,20.55,5.7,41.9,32,24.6,41.7,47.8,37.7,75.5,67.7,49.7,70.3,75.6,78.7,"High","High","High","High","High","High"
"Ag00001aa079340_T002",TRUE,"Master Protein","Ag00001aa079340_T002",8,4,8,573,NA,0.864,0.517500064528519,0.982244658203084,35.2,30.4,7.13,27.57,18.6,14.5,17.5,20,18.3,9.1,33.5,30.7,35.4,33.7,28.9,19,"High","High","High","High","High","High"
"Ag00001aa068361_T001",TRUE,"Master Protein","Ag00001aa068361_T001",23,3,6,178,NA,NA,NA,NA,NA,NA,NA,NA,NA,NA,NA,NA,NA,NA,NA,NA,NA,NA,NA,NA,"High","High","High","High","High","High"
"Ag00001aa109858_T001",TRUE,"Master Protein","Ag00001aa109858_T001",10,4,6,516,NA,0.609,0.838087275478147,1,134.7,82,20.11,2.93,173.6,99.7,147.6,111.3,111.8,87,312.8,210.9,298.4,187.5,176.9,181.6,"High","High","High","High","High","High"
"Ag00001aa079031_T001",TRUE,"Master Protein","Ag00001aa079031_T001",18,4,5,365,NA,0.811,0.981946250885881,1,17.5,14.2,17.73,32.34,12.2,10.7,14.8,16.6,11.6,7.3,22,22.6,29.9,28,18.4,15.2,"High","High","High","High","High","High"
"Ag00001aa008154_T001",TRUE,"Master Protein","Ag00001aa008154_T001",27,4,7,194,NA,0.647,0.0243733405464732,0.111975822227708,150.6,97.5,8.9,10.01,125.4,121.1,133.3,98.4,116.2,72.1,225.9,256.2,269.4,165.8,183.8,150.5,"High","High","High","High","High","High"
"Ag00001aa122415_T001",TRUE,"Master Protein","Ag00001aa122415_T001",20,3,6,241,NA,1.041,0.999691120889649,1,109.1,113.6,1,4.92,71.8,60.2,64.2,75.1,88.2,64.5,129.4,127.4,129.8,126.5,139.5,134.6,"High","High","High","High","High","High"
"Ag00001aa089566_T001",TRUE,"Master Protein","Ag00001aa089566_T001",24,6,8,326,NA,1.066,0.999999999343072,1,105.6,112.5,11.8,2.72,157.5,163.2,139.8,184.2,191.2,140.8,283.8,345.3,282.6,310.3,302.5,293.9,"High","High","High","High","High","High"
"Ag00001aa030729_T001",TRUE,"Master Protein","Ag00001aa030729_T001",19,3,9,177,NA,1.187,0.975700064612324,1,103.9,123.4,5.03,19.91,367.1,288.8,298.6,466.2,458.5,252.5,661.4,611,603.6,785.4,725.3,527,"High","High","High","High","High","High"
"Ag00001aa105701_T001",TRUE,"Master Protein","Ag00001aa105701_T001",5,4,4,940,NA,100,NA,NA,0,11,NA,NA,0,0,0,2.3,0,0,0,0,0,3.9,0,0,"Not Found","Not Found","Not Found","High","Not Found","Not Found"
"Ag00001aa000977_T001",TRUE,"Master Protein","Ag00001aa000977_T001",18,5,6,344,NA,0.265,0.000439804781029118,0.00646312377349572,303,80.4,14.35,6.55,133.6,145,156.7,48.3,54.9,36.5,240.7,306.8,316.7,81.4,86.8,76.2,"High","High","High","High","High","High"
"Ag00001aa057026_T001",TRUE,"Master Protein","Ag00001aa057026_T001",6,5,8,861,NA,1.019,0.994363165964899,1,77.1,78.6,20.17,12.61,47.2,27.8,42.6,54.7,54.8,34.4,85,58.8,86.1,92.2,86.7,71.8,"High","High","High","High","High","High"
"Ag00001aa027902_T001",TRUE,"Master Protein","Ag00001aa027902_T001",14,4,10,314,NA,0.72,0.0192206361340661,0.0939363070326224,129.1,93,10.58,2.78,94.4,72.7,94,74.1,74.7,58.7,170.1,153.8,190,124.8,118.2,122.5,"High","High","High","High","High","High"
"Ag00001aa000853_T005",TRUE,"Master Protein","Ag00001aa000853_T005",16,5,5,559,NA,1.229,0.522924295019553,0.989004482749034,84.1,103.3,16,1.45,59.4,41,39,63.1,67.4,52.3,107,86.7,78.8,106.3,106.6,109.2,"High","High","High","High","High","High"
"Ag00001aa089291_T001",TRUE,"Master Protein","Ag00001aa089291_T001",18,3,10,248,NA,NA,NA,NA,NA,NA,NA,NA,NA,NA,NA,NA,NA,NA,NA,NA,NA,NA,NA,NA,"High","High","High","High","High","High"
"Ag00001aa108859_T001",TRUE,"Master Protein","Ag00001aa108859_T001",5,6,6,1372,NA,0.819,0.796877873307234,1,89,72.9,3.41,0.91,12.6,10.5,10.5,10.8,11.4,8.8,22.7,22.2,21.2,18.2,18,18.4,"High","High","High","High","High","High"
"Ag00001aa022269_T001",TRUE,"Master Protein","Ag00001aa022269_T001",9,5,5,645,NA,0.434,2.16442610161405e-05,0.000803859085570628,207.8,90.1,5.83,14.32,265.8,215.1,252.8,123.3,145.5,82.6,478.9,455.1,511,207.7,230.2,172.4,"High","High","High","High","High","High"
"Ag00001aa009522_T001",TRUE,"Master Protein","Ag00001aa009522_T001",9,5,5,641,NA,NA,NA,NA,NA,NA,NA,NA,NA,NA,NA,NA,NA,NA,NA,NA,NA,NA,NA,NA,"Not Found","Not Found","Not Found","Not Found","Not Found","Not Found"
"Ag00001aa131871_T001",TRUE,"Master Protein","Ag00001aa131871_T001",29,5,12,241,NA,0.594,0.464287196897175,0.917717026722039,63.8,37.9,5.65,17.92,55,52.3,53.2,40.7,40.4,23,99.1,110.7,107.5,68.6,63.9,48,"High","High","High","High","High","High"
"Ag00001aa079700_T001",TRUE,"Master Protein","Ag00001aa079700_T001",33,2,9,79,NA,NA,NA,NA,NA,NA,NA,NA,NA,NA,NA,NA,NA,NA,NA,NA,NA,NA,NA,NA,"High","High","High","High","High","High"
"Ag00001aa058709_T001",TRUE,"Master Protein","Ag00001aa058709_T001",8,2,3,478,NA,1.026,0.905876354183539,1,44.1,45.3,24.73,9.91,12.9,18.3,16.1,19.8,21.1,18.9,23.2,38.7,32.5,33.4,33.4,39.4,"High","High","High","High","High","High"
"Ag00001aa037022_T001",TRUE,"Master Protein","Ag00001aa037022_T001",15,3,5,291,NA,0.54,0.0225323205119086,0.10572521531128,214.1,115.6,21.19,3.67,236.1,284,208.8,136.4,140,114.2,425.4,600.9,422.1,229.8,221.5,238.3,"High","High","High","High","High","High"
"Ag00001aa000089_T001",TRUE,"Master Protein","Ag00001aa000089_T001",20,2,7,246,NA,0.603,0.270589415067433,0.62370847089714,232.7,140.4,18.15,1.51,48.5,31.1,31.5,24,25.1,18.8,87.4,65.8,63.7,40.4,39.7,39.2,"High","High","High","High","High","High"
"Ag00001aa030546_T001",TRUE,"Master Protein","Ag00001aa030546_T001",8,5,6,653,NA,1.276,0.54073041054178,1,130.8,167,17.4,8.63,125.3,75.8,105.7,167.9,172.4,114.6,225.8,160.4,213.7,282.9,272.7,239.2,"High","High","High","High","High","High"
"Ag00001aa036197_T001",TRUE,"Master Protein","Ag00001aa036197_T001",10,3,3,484,NA,0.655,0.602288103448446,1,162.2,106.2,12.9,9.67,46.3,44.6,53.4,41.8,37,29.6,83.4,94.4,107.9,70.4,58.5,61.8,"High","High","High","High","High","High"
"Ag00001aa091580_T001",TRUE,"Master Protein","Ag00001aa091580_T001",8,4,6,721,NA,0.847,0.465713461460634,0.919621080886063,97.3,82.5,12.04,14.25,16.2,14,17.8,14.9,17.4,9.9,29.2,29.6,36,25.1,27.5,20.7,"High","High","High","High","High","High"
"Ag00001aa075149_T001",TRUE,"Master Protein","Ag00001aa075149_T001",19,5,6,397,NA,0.9,0.97226453417785,1,101.6,91.4,8.84,21.04,29,27.5,24.2,27.9,23.4,27.2,52.3,58.2,48.9,47,37,56.8,"Not Found","Not Found","Not Found","Not Found","Not Found","Not Found"
"Ag00001aa087250_T001",TRUE,"Master Protein","Ag00001aa087250_T001",20,3,4,202,NA,NA,NA,NA,NA,NA,NA,NA,NA,NA,NA,NA,NA,NA,NA,NA,NA,NA,NA,NA,"Not Found","Not Found","Not Found","High","High","High"
"Ag00001aa107127_T001",TRUE,"Master Protein","Ag00001aa107127_T001",21,3,5,243,NA,0.902,0.998812043831278,1,80.3,72.4,15.2,3.11,36.2,32.4,25.2,34,37.2,29.2,65.2,68.5,50.9,57.3,58.8,60.9,"High","High","High","High","High","High"
"Ag00001aa021483_T001",TRUE,"Master Protein","Ag00001aa021483_T001",45,4,14,138,NA,0.89,0.926616504510706,1,135.4,120.4,10.7,21.22,390.9,301.7,281,392.9,271,272.1,704.3,638.3,568,661.9,428.7,567.9,"High","High","High","High","High","High"
"Ag00001aa092509_T001",TRUE,"Master Protein","Ag00001aa092509_T001",9,2,4,277,NA,100,NA,NA,0,35.5,NA,8.24,0,0,0,3.4,3.7,2.4,0,0,0,5.7,5.9,5,"High","High","High","High","High","High"
"Ag00001aa010362_T001",TRUE,"Master Protein","Ag00001aa010362_T001",5,3,5,809,NA,0.755,0.0160640171616652,0.0817998278665996,98,74,7.89,3.64,64.1,50.6,62,50.4,55.1,43.7,115.5,107.1,125.3,84.9,87.2,91.2,"High","High","High","High","High","High"
"Ag00001aa120563_T001",TRUE,"Master Protein","Ag00001aa120563_T001",16,4,5,371,NA,1.794,0.0280667548104853,0.122160622766307,53.3,95.6,3.75,9.33,23.4,21.1,20.6,44.9,41.9,38.2,42.2,44.6,41.6,75.6,66.3,79.7,"High","High","High","High","High","High"
"Ag00001aa039091_T001",TRUE,"Master Protein","Ag00001aa039091_T001",11,4,5,560,NA,0.528,0.000179039999801733,0.00341134886912399,168.7,89.1,11.36,14.15,128.5,97.2,127.8,78.6,77.3,47.8,231.5,205.6,258.3,132.4,122.3,99.8,"High","High","High","High","High","High"
"Ag00001aa071868_T003",TRUE,"Master Protein","Ag00001aa071868_T003",15,5,6,409,NA,1.034,0.944999492175323,1,116.5,120.5,26.56,8.17,63.1,31.2,51,63.3,59.8,53.2,113.7,66,103.1,106.6,94.6,111,"High","High","High","High","High","High"
"Ag00001aa095884_T001",TRUE,"Master Protein","Ag00001aa095884_T001",16,3,7,315,NA,0.896,0.921145227251325,1,54.2,48.5,22.34,11.52,9.7,6.9,11.2,10.3,8.7,7.5,17.5,14.6,22.6,17.4,13.8,15.7,"High","High","High","High","High","High"
"Ag00001aa095386_T001",TRUE,"Master Protein","Ag00001aa095386_T001",14,3,6,352,NA,0.721,0.0109577525888852,0.062113909799921,120,86.5,13.65,16.75,102.1,93.1,117.7,93.5,89.8,53.8,184,197,237.9,157.5,142.1,112.3,"High","High","High","High","High","High"
"Ag00001aa030095_T001",TRUE,"Master Protein","Ag00001aa030095_T001",20,3,4,202,NA,0.833,0.595363662982199,1,96.7,80.6,16.16,16.58,24.3,28.5,24.9,28.6,26.5,16.5,43.8,60.3,50.3,48.2,41.9,34.4,"High","High","High","High","High","Not Found"
"Ag00001aa096188_T001",TRUE,"Master Protein","Ag00001aa096188_T001",6,4,6,631,NA,0.51,0.14421268061436,0.401963275343549,171.9,87.7,25.23,10.97,340.1,179.8,305.3,174.7,197.5,173.8,612.8,380.4,617.1,294.3,312.4,362.7,"High","High","High","High","High","High"
"Ag00001aa011928_T001",TRUE,"Master Protein","Ag00001aa011928_T001",27,3,5,149,NA,0.674,0.148730116158856,0.410696368021604,192.5,129.7,15.62,10.81,68.4,79.9,74.8,60.5,62.1,57.4,123.2,169,151.2,101.9,98.2,119.8,"High","High","High","High","High","High"
"Ag00001aa146920_T001",TRUE,"Master Protein","Ag00001aa146920_T001",6,4,8,679,NA,0.516,0.00584033328689126,0.0397857056948672,162.9,84.1,10.84,7.57,135.6,141.5,145.2,86.1,95.8,80.4,244.3,299.4,293.5,145,151.5,167.8,"High","High","High","High","High","High"
"Ag00001aa090789_T001",TRUE,"Master Protein","Ag00001aa090789_T001",25,5,5,224,NA,1.707,0.00457790670968672,0.0333187738418603,81.4,139,8.16,10.66,52.9,42.8,40.1,99.6,97.7,64.9,95.3,90.6,81.1,167.8,154.6,135.4,"High","High","High","High","High","High"
"Ag00001aa082067_T001",TRUE,"Master Protein","Ag00001aa082067_T001",10,2,5,210,NA,1.013,0.982683422126768,1,138.7,140.5,4.98,17.12,159.7,148.1,142.4,173.1,195.9,105.9,287.7,313.3,287.8,291.6,309.9,221,"High","High","High","High","High","High"
"Ag00001aa140167_T002",TRUE,"Master Protein","Ag00001aa140167_T002",15,6,10,351,NA,0.8,0.987494536538943,1,36.5,29.2,8.23,34.33,13.2,13.2,13.3,17.4,9.1,10.3,23.8,27.9,26.9,29.3,14.4,21.5,"High","High","High","High","High","High"
"Ag00001aa121387_T001",TRUE,"Master Protein","Ag00001aa121387_T001",3,5,5,1719,NA,0.637,0.00311609128196999,0.025149999417246,156.7,99.8,9.29,4.77,241.5,178.7,224.2,164.5,176,122.4,435.1,378.1,453.2,277.1,278.4,255.5,"High","High","High","High","High","High"
"Ag00001aa058525_T002",TRUE,"Master Protein","Ag00001aa058525_T002",10,3,5,467,NA,1.423,0.0346254143162587,0.142421290015935,89.7,127.6,11.03,9.22,46.1,41.3,34.8,60.2,74.7,57.8,83.1,87.4,70.3,101.4,118.2,120.6,"High","High","High","High","High","High"
"Ag00001aa121131_T001",TRUE,"Master Protein","Ag00001aa121131_T001",24,5,6,287,NA,0.936,0.96698117540387,1,55.9,52.3,12.5,10.41,74.9,52.4,53.5,68.9,65.6,45.2,134.9,110.9,108.1,116.1,103.8,94.3,"High","High","High","High","High","High"
"Ag00001aa036189_T002",TRUE,"Master Protein","Ag00001aa036189_T002",13,5,6,370,NA,NA,NA,NA,NA,NA,NA,NA,NA,NA,NA,NA,NA,NA,NA,NA,NA,NA,NA,NA,"Not Found","High","Not Found","High","Not Found","High"
"Ag00001aa126888_T002",TRUE,"Master Protein","Ag00001aa126888_T002",17,4,7,291,NA,0.728,0.171848861438106,0.449932937306536,143.7,104.6,2.15,3.96,272.6,241.7,251.3,219.5,247.8,174.3,491.2,511.4,508,369.8,392,363.8,"High","High","High","High","High","High"
"Ag00001aa058552_T001",TRUE,"Master Protein","Ag00001aa058552_T001",11,5,7,521,NA,1.111,0.9285499816026,1,148.9,165.4,13.32,9.75,137.7,97.5,133.3,163.6,159.9,147.1,248.1,206.3,269.4,275.6,252.9,307,"High","High","High","High","High","High"
"Ag00001aa108719_T001",TRUE,"Master Protein","Ag00001aa108719_T001",39,5,11,129,NA,0.794,0.411609736569185,0.839131857754285,129.3,102.6,4.04,6.21,102.4,81.6,92,91.3,92.6,65.1,184.5,172.6,186,153.8,146.5,135.9,"High","High","High","High","High","High"
"Ag00001aa047958_T002",TRUE,"Master Protein","Ag00001aa047958_T002",7,6,7,882,NA,1.781,0.0212349698881826,0.100807955039777,66.6,118.6,8.73,10.82,107.8,98.7,86.7,176.9,218.7,177.2,194.2,208.8,175.3,298,346,369.8,"High","High","High","High","High","High"
"Ag00001aa142772_T001",TRUE,"Master Protein","Ag00001aa142772_T001",22,4,8,226,NA,NA,NA,NA,NA,NA,NA,NA,NA,NA,NA,NA,NA,NA,NA,NA,NA,NA,NA,NA,"High","High","High","High","High","High"
"Ag00001aa073202_T001",TRUE,"Master Protein","Ag00001aa073202_T001",24,3,7,144,NA,0.981,0.989821897218935,1,129,126.6,6.22,7.83,128.5,109.2,127.2,134.8,155.8,101,231.5,231,257.1,227.1,246.5,210.8,"High","High","High","High","High","High"
"Ag00001aa012001_T001",TRUE,"Master Protein","Ag00001aa012001_T001",12,3,4,407,NA,1.118,0.999967039165442,1,44,49.2,16.02,7.48,17.9,11.6,12.3,16.5,18.7,12.2,32.3,24.5,24.9,27.8,29.6,25.5,"High","High","High","High","High","High"
"Ag00001aa013364_T001",TRUE,"Master Protein","Ag00001aa013364_T001",8,2,3,354,NA,1.093,0.980445961604024,1,45,49.2,7.16,16.52,27.7,25.5,28.5,35,42.6,23.1,49.9,54,57.6,59,67.4,48.2,"High","High","High","High","High","High"
"Ag00001aa028441_T001",TRUE,"Master Protein","Ag00001aa028441_T001",10,3,7,339,NA,1.12,0.941433337899562,1,146.5,164.1,20.71,8.41,103.2,76.6,119.4,122.2,150.9,99.8,185.9,162.1,241.4,205.9,238.7,208.3,"High","High","High","High","High","High"
"Ag00001aa029146_T001",TRUE,"Master Protein","Ag00001aa029146_T001",14,3,4,371,NA,NA,NA,NA,NA,NA,NA,NA,NA,NA,NA,NA,NA,NA,NA,NA,NA,NA,NA,NA,"High","High","High","High","High","High"
"Ag00001aa100992_T001",TRUE,"Master Protein","Ag00001aa100992_T001",14,4,6,441,NA,3.361,0.00801908531235418,0.0493132997388445,37.1,124.7,12.47,21.4,28.5,31.2,29.2,109.2,125.4,129.8,51.3,66,59,184,198.4,270.9,"High","High","High","High","High","High"
"Ag00001aa008944_T001",TRUE,"Master Protein","Ag00001aa008944_T001",37,4,5,175,NA,0.841,0.446666765684302,0.891015903159346,157.4,132.5,24.52,4.06,124.9,161.5,115,116.1,131,91.9,225,341.7,232.5,195.6,207.2,191.8,"High","High","High","High","High","High"
"Ag00001aa089938_T001",TRUE,"Master Protein","Ag00001aa089938_T001",19,2,3,172,NA,0.147,3.12461168919809e-05,0.00106549705613341,365.8,53.8,22.21,16.57,40.1,53.1,43.6,7.7,6.9,7.3,72.2,112.3,88.1,13,10.9,15.2,"High","High","High","High","High","High"
"Ag00001aa029179_T003",TRUE,"Master Protein","Ag00001aa029179_T003",19,5,6,416,"Met-loss [N-Term]",NA,NA,NA,NA,NA,NA,NA,NA,NA,NA,NA,NA,NA,NA,NA,NA,NA,NA,NA,"High","High","High","High","High","High"
"Ag00001aa094507_T001",TRUE,"Master Protein","Ag00001aa094507_T001",10,4,7,522,NA,1.823,0.00752040700711498,0.0477380616302511,62.1,113.2,18.07,1.63,139,82.8,101.1,217.7,239.5,178.5,250.4,175.2,204.4,366.8,378.9,372.5,"High","High","High","High","High","High"
"Ag00001aa032354_T002",TRUE,"Master Protein","Ag00001aa032354_T002",14,3,8,269,NA,1.368,0.658233795987906,1,19.4,26.5,12.06,11.58,41.9,31.5,42,61.3,53.8,50.8,75.5,66.6,84.9,103.3,85.1,106,"High","High","High","High","High","High"
"Ag00001aa039286_T001",TRUE,"Master Protein","Ag00001aa039286_T001",27,3,5,196,"Met-loss [N-Term]",0.991,0.99639932788106,1,61,60.4,7.13,10.15,26.6,25,27.3,31.1,38.4,24.1,47.9,52.9,55.2,52.4,60.7,50.3,"High","High","High","High","High","High"
"Ag00001aa073521_T001",TRUE,"Master Protein","Ag00001aa073521_T001",10,4,8,582,NA,NA,NA,NA,NA,NA,NA,NA,NA,NA,NA,NA,NA,NA,NA,NA,NA,NA,NA,NA,"High","High","High","High","High","High"
"Ag00001aa039637_T001",TRUE,"Master Protein","Ag00001aa039637_T001",10,4,4,787,NA,1.004,0.991474081008205,1,103.4,103.8,15.1,17.3,64.1,45.4,64.5,68.8,91.3,49.6,115.5,96.1,130.4,115.9,144.4,103.5,"High","High","High","High","High","High"
"Ag00001aa092186_T003",TRUE,"Master Protein","Ag00001aa092186_T003",19,4,8,345,NA,NA,NA,NA,NA,NA,NA,NA,NA,NA,NA,NA,NA,NA,NA,NA,NA,NA,NA,NA,"High","High","High","High","High","High"
"Ag00001aa008985_T001",TRUE,"Master Protein","Ag00001aa008985_T001",10,3,7,374,NA,0.766,0.67938667654062,1,63.4,48.6,20.37,11.54,74.6,64.4,93.7,59.6,78.4,50,134.4,136.3,189.4,100.4,124,104.4,"High","High","High","High","High","High"
"Ag00001aa022674_T001",TRUE,"Master Protein","Ag00001aa022674_T001",11,6,6,631,NA,0.95,0.999880743167012,1,85.6,81.3,9.77,6.27,62.7,45.1,56.5,63.7,70.3,47.1,113,95.4,114.2,107.3,111.2,98.3,"High","High","High","High","High","High"
"Ag00001aa016693_T001",TRUE,"Master Protein","Ag00001aa016693_T001",16,4,5,362,NA,1.003,0.998822728869721,1,96.1,96.4,3.88,5.17,120.8,96.3,100.7,121.3,137,93.7,217.6,203.7,203.6,204.4,216.7,195.6,"High","High","High","High","High","High"
"Ag00001aa075801_T001",TRUE,"Master Protein","Ag00001aa075801_T001",13,3,7,342,NA,0.794,0.883481093675074,1,77.8,61.7,14.9,23.53,118.5,81.6,115.2,100.6,90.5,108.2,213.5,172.6,232.9,169.5,143.2,225.8,"High","High","High","High","High","High"
"Ag00001aa033720_T001",TRUE,"Master Protein","Ag00001aa033720_T001",6,5,6,1430,NA,0.858,0.347779639211821,0.748571020431007,130.5,112,14.54,11.39,80.5,58.6,82.2,73.9,82.4,50,145,124,166.2,124.5,130.3,104.4,"High","High","High","High","High","High"
"Ag00001aa117864_T002",TRUE,"Master Protein","Ag00001aa117864_T002",15,3,9,242,NA,0.336,0.000129763795715054,0.0026872717938002,255.6,85.8,9.9,8.62,778.8,808.3,763.1,271.4,327.2,259.6,1403.2,1710.1,1542.5,457.2,517.6,541.8,"High","High","High","High","High","High"
"Ag00001aa156117_T001",TRUE,"Master Protein","Ag00001aa156117_T001",5,3,7,693,NA,0.545,0.0025405320693459,0.0217363350781114,137.5,74.9,18.3,13.3,258.8,256.5,185.1,178.1,160.7,111,466.3,542.7,374.2,300,254.2,231.7,"High","High","High","High","High","High"
"Ag00001aa034687_T002",TRUE,"Master Protein","Ag00001aa034687_T002",20,3,8,216,NA,0.708,0.757415003255344,1,130.7,92.5,26.79,7.07,33,19.4,35.4,24.7,26.6,22.6,59.5,41,71.6,41.6,42.1,47.2,"High","High","High","High","High","High"
"Ag00001aa120413_T001",TRUE,"Master Protein","Ag00001aa120413_T001",31,2,5,124,NA,0.793,0.0851733844824304,0.27141614873305,168.9,134,3.57,8.9,79.1,67.1,74.8,67.1,82,52.9,142.5,142,151.2,113,129.7,110.4,"High","High","High","High","High","High"
"Ag00001aa064373_T002",TRUE,"Master Protein","Ag00001aa064373_T002",13,4,6,414,NA,1.347,0.0798236067857607,0.257900159523093,107.5,144.8,4.01,12.89,219.7,198.2,192.2,292.7,337,302.6,395.8,419.3,388.5,493.1,533.1,631.5,"High","High","High","High","High","High"
"Ag00001aa012199_T001",TRUE,"Master Protein","Ag00001aa012199_T001",9,2,4,403,NA,0.732,0.28627102075184,0.647469947893094,132.8,97.2,12.78,7.26,86,59,78.7,63.8,71.7,59.4,154.9,124.8,159.1,107.5,113.4,124,"High","High","High","High","High","High"
"Ag00001aa068097_T001",TRUE,"Master Protein","Ag00001aa068097_T001",24,2,3,149,NA,1.534,0.174211759951404,0.454920191739885,55.2,84.7,27.93,18.43,6.6,4.5,3.3,6.6,10.2,7,11.9,9.5,6.7,11.1,16.1,14.6,"High","High","High","High","High","High"
"Ag00001aa108511_T001",TRUE,"Master Protein","Ag00001aa108511_T001",14,3,5,222,NA,0.816,0.331514124828528,0.720259837700556,142.4,116.2,4.09,14.83,196.5,179.3,174.8,171.5,215.6,121.8,354,379.4,353.3,288.9,341.1,254.2,"High","High","High","High","High","High"
"Ag00001aa019666_T001",TRUE,"Master Protein","Ag00001aa019666_T001",11,6,6,722,NA,0.943,0.999999131876465,1,126.9,119.7,10.75,4.83,187.1,134.2,172.8,181.9,200.9,161.5,337.1,283.9,349.3,306.4,317.8,337.1,"High","High","High","High","High","High"
"Ag00001aa116953_T001",TRUE,"Master Protein","Ag00001aa116953_T001",8,3,5,506,NA,0.432,0.00670114526840526,0.0443074892143434,140,60.5,17.67,19.12,41.5,49.2,50.9,26.4,27.3,28.8,74.8,104.1,102.9,44.5,43.2,60.1,"High","High","High","High","High","High"
"Ag00001aa033326_T001",TRUE,"Master Protein","Ag00001aa033326_T001",11,2,4,468,NA,1.652,0.75564784829716,1,55.3,91.3,42.53,3.32,60.3,22.9,31.5,66,66.3,50.4,108.6,48.5,63.7,111.2,104.9,105.2,"High","High","High","High","High","High"
"Ag00001aa029106_T002",TRUE,"Master Protein","Ag00001aa029106_T002",11,3,6,280,NA,1.321,0.619884970537501,1,89.3,117.9,15.67,15.73,74.6,83.2,67.7,115,89.6,86.6,134.4,176,136.8,193.7,141.7,180.7,"High","High","High","High","High","High"
"Ag00001aa095771_T001",TRUE,"Master Protein","Ag00001aa095771_T001",22,4,9,239,NA,0.767,0.0598882269866702,0.207907919961298,112.4,86.2,14.03,8.77,164.4,170.7,137.5,134.9,140.5,124.8,296.2,361.2,277.9,227.3,222.3,260.5,"High","High","High","High","High","High"
"Ag00001aa130775_T001",TRUE,"Master Protein","Ag00001aa130775_T001",8,3,5,478,NA,0.661,0.0387252847976338,0.153411537182017,154,101.8,31.76,15.73,51,30.6,61.4,38.6,38.4,22.8,91.9,64.7,124.1,65,60.7,47.6,"High","High","High","High","High","High"
"Ag00001aa098297_T001",TRUE,"Master Protein","Ag00001aa098297_T001",23,6,7,310,NA,1.175,0.997175371142634,1,146.4,172.1,2.01,17.86,26.2,22.2,22.5,33.9,34.9,19.4,47.2,47,45.5,57.1,55.2,40.5,"High","High","High","High","High","High"
"Ag00001aa003094_T001",TRUE,"Master Protein","Ag00001aa003094_T001",5,2,6,639,NA,NA,NA,NA,NA,NA,NA,NA,NA,NA,NA,NA,NA,NA,NA,NA,NA,NA,NA,NA,"High","High","High","High","High","High"
"Ag00001aa075133_T002",TRUE,"Master Protein","Ag00001aa075133_T002",27,2,29,113,NA,0.844,0.999922698849337,1,21.6,18.3,6.96,54.02,101.9,95.2,104.3,226.5,107.4,73.8,183.6,201.4,210.8,381.6,169.9,154,"High","High","High","High","High","High"
"Ag00001aa063810_T001",TRUE,"Master Protein","Ag00001aa063810_T001",25,4,11,224,NA,1.426,0.00404875326674436,0.0303382844596412,96.5,137.7,8.8,9.06,378.3,297.5,282.6,532.8,499.8,453.3,681.6,629.4,571.2,897.6,790.6,946.1,"High","High","High","High","High","High"
"Ag00001aa086603_T001",TRUE,"Master Protein","Ag00001aa086603_T001",12,5,5,602,NA,0.776,0.60316453884344,1,177.2,137.5,18.65,5.57,133.9,86,131.1,105.3,118.3,95,241.3,182,265,177.4,187.1,198.3,"High","High","High","High","High","High"
"Ag00001aa068180_T001",TRUE,"Master Protein","Ag00001aa068180_T001",5,2,4,656,NA,1.006,0.907532356287048,1,114.2,114.9,5.04,11.78,89.4,72.2,83.6,93.7,102.4,93.3,161.1,152.8,169,157.9,162,194.7,"High","High","High","High","High","High"
"Ag00001aa034316_T001",TRUE,"Master Protein","Ag00001aa034316_T001",15,4,5,307,NA,1.183,0.879311096291591,1,152.8,180.7,15.48,9.76,149,94.9,107.2,152.1,142.9,131.7,268.5,200.8,216.7,256.2,226.1,274.9,"High","High","High","High","High","High"
"Ag00001aa011190_T001",TRUE,"Master Protein","Ag00001aa011190_T001",33,3,12,112,NA,1.083,0.94141445076253,1,129.7,140.6,10.32,3.96,182,146.3,132.2,209.3,212,156.3,327.9,309.5,267.2,352.6,335.4,326.2,"High","High","High","High","High","High"
"Ag00001aa055045_T001",TRUE,"Master Protein","Ag00001aa055045_T001",23,2,7,115,NA,0.81,0.99210098520275,1,96.4,78.1,7.12,10.3,84.8,75.2,68.4,73.5,86.9,53.6,152.8,159.1,138.3,123.8,137.5,111.9,"High","High","High","High","High","High"
"Ag00001aa003677_T002",TRUE,"Master Protein","Ag00001aa003677_T002",7,3,6,541,NA,1.045,0.928584446750809,1,138,144.3,12.13,10.85,61,66.1,64.9,71.8,86.7,72.1,109.9,139.8,131.2,121,137.2,150.5,"High","High","High","High","High","High"
"Ag00001aa078581_T001",TRUE,"Master Protein","Ag00001aa078581_T001",13,6,6,473,NA,1.619,0.0148842906872979,0.0774971500267438,71.9,116.3,1.38,3.14,62.1,53.8,54.8,107.5,116.6,83.1,111.9,113.8,110.8,181.1,184.5,173.4,"High","High","High","High","High","High"
"Ag00001aa064819_T002",TRUE,"Master Protein","Ag00001aa064819_T002",18,6,7,257,NA,0.878,0.999999893928018,1,142.3,124.9,12.52,14.92,63.2,65.6,71.9,91.7,77,57.1,113.9,138.8,145.3,154.5,121.8,119.2,"High","High","High","High","High","High"
"Ag00001aa039713_T001",TRUE,"Master Protein","Ag00001aa039713_T001",9,6,6,659,NA,0.632,0.0234359295855118,0.10870185203352,165.3,104.6,11.87,8.46,462.2,401,507.4,278.7,339.2,264.6,832.8,848.4,1025.6,469.5,536.6,552.2,"High","High","High","High","High","High"
"Ag00001aa119282_T001",TRUE,"Master Protein","Ag00001aa119282_T001",31,4,7,180,NA,1.065,0.646220020286161,1,105.6,112.4,14.71,15.23,74.1,50.6,71,77.7,89.9,83.7,133.5,107.1,143.5,130.9,142.2,174.7,"High","High","High","High","High","High"
"Ag00001aa035134_T002",TRUE,"Master Protein","Ag00001aa035134_T002",5,2,5,763,NA,0.928,0.804688967188323,1,99.1,92,10.97,5.11,62.6,47.7,62.2,58.3,66.2,52.1,112.8,100.9,125.7,98.2,104.7,108.7,"High","High","High","High","High","High"
"Ag00001aa140878_T001",TRUE,"Master Protein","Ag00001aa140878_T001",12,3,5,317,NA,0.592,0.0494924285410607,0.182031939439148,137.3,81.3,5,7.22,193.3,180.1,187.7,120.2,142,111.8,348.3,381,379.4,202.5,224.6,233.3,"High","High","High","High","High","High"
"Ag00001aa081984_T001",TRUE,"Master Protein","Ag00001aa081984_T001",27,3,5,190,NA,1.086,0.809037154251772,1,149.8,162.7,10.5,4.14,193,139.1,178.3,224.1,232.8,191.2,347.7,294.3,360.4,377.5,368.3,399,"High","High","High","High","High","High"
"Ag00001aa013887_T001",TRUE,"Master Protein","Ag00001aa013887_T001",12,3,5,367,NA,1.419,0.714476321666631,1,136.1,193.1,23.2,3.27,37.2,20.6,24.1,38.8,43.7,33.2,67,43.6,48.7,65.4,69.1,69.3,"High","High","High","High","High","High"
"Ag00001aa006700_T002",TRUE,"Master Protein","Ag00001aa006700_T002",8,3,4,529,NA,1.371,0.659670383496867,1,87.6,120.1,1.48,5.27,23.4,19.5,21,34.3,33.5,28,42.2,41.3,42.4,57.8,53,58.4,"High","High","High","High","High","High"
"Ag00001aa016131_T001",TRUE,"Master Protein","Ag00001aa016131_T001",16,5,6,311,NA,NA,NA,NA,NA,NA,NA,NA,NA,NA,NA,NA,NA,NA,NA,NA,NA,NA,NA,NA,"High","High","High","High","High","High"
"Ag00001aa034459_T001",TRUE,"Master Protein","Ag00001aa034459_T001",22,5,9,249,NA,NA,NA,NA,NA,NA,NA,NA,NA,NA,NA,NA,NA,NA,NA,NA,NA,NA,NA,NA,"High","High","High","High","High","High"
"Ag00001aa076915_T001",TRUE,"Master Protein","Ag00001aa076915_T001",10,5,7,613,NA,2.077,0.649801917493247,1,47,97.7,22.71,6.26,109.8,82.8,61.5,216,241.3,161.4,197.8,175.2,124.3,363.9,381.7,336.8,"High","High","High","High","High","High"
"Ag00001aa140024_T001",TRUE,"Master Protein","Ag00001aa140024_T001",7,6,6,935,NA,1.208,0.27342952082058,0.627342964508552,93.6,113.1,7.18,6.05,198.2,149.6,178.8,256,283.3,190.5,357.1,316.5,361.4,431.3,448.2,397.6,"High","High","High","High","High","High"
"Ag00001aa000699_T001",TRUE,"Master Protein","Ag00001aa000699_T001",23,5,10,274,NA,1.042,0.999924929217767,1,37.7,39.3,7.53,5.67,78.7,57.7,64.5,84.5,85.9,60.9,141.8,122.1,130.4,142.4,135.9,127.1,"High","High","High","High","High","High"
"Ag00001aa059612_T001",TRUE,"Master Protein","Ag00001aa059612_T001",8,3,4,648,NA,1.241,0.179380660200932,0.464386309999788,70.5,87.5,2.97,7.22,32.4,27.9,27.6,43.6,40.6,34.7,58.4,59,55.8,73.5,64.2,72.4,"High","High","High","High","High","High"
"Ag00001aa028759_T001",TRUE,"Master Protein","Ag00001aa028759_T001",22,4,8,216,NA,NA,NA,NA,NA,NA,NA,NA,NA,NA,NA,NA,NA,NA,NA,NA,NA,NA,NA,NA,"High","High","High","High","High","High"
"Ag00001aa013113_T001",TRUE,"Master Protein","Ag00001aa013113_T001",21,3,11,145,NA,1.167,0.814966233892534,1,110.6,129,13.02,7.82,567,572.1,466.1,795.3,732.9,571,1021.6,1210.4,942.2,1339.8,1159.4,1191.7,"High","High","High","High","High","High"
"Ag00001aa073494_T001",TRUE,"Master Protein","Ag00001aa073494_T001",22,3,8,224,NA,0.884,0.88749856206529,1,133.3,117.9,2.4,15.43,81.2,72.3,75.2,79.8,71.7,74.2,146.3,153,152,134.4,113.4,154.9,"High","High","High","High","High","High"
"Ag00001aa067012_T001",TRUE,"Master Protein","Ag00001aa067012_T001",7,3,3,732,NA,1.638,0.0366115406905448,0.14801097081069,93.4,153,13.76,12.59,27.3,17.8,23.3,45.8,53,31.2,49.2,37.7,47.1,77.2,83.8,65.1,"High","High","High","High","High","High"
"Ag00001aa017501_T001",TRUE,"Master Protein","Ag00001aa017501_T001",22,2,3,79,NA,0.716,NA,NA,43.4,31.1,NA,NA,4.7,0,0,3.6,0,0,8.5,0,0,6.1,0,0,"High","High","High","High","High","High"
"Ag00001aa102080_T001",TRUE,"Master Protein","Ag00001aa102080_T001",10,5,6,880,NA,0.775,0.867762573284519,1,127.4,98.8,26.33,8.85,50.3,27,48.1,41.7,38.7,34.8,90.6,57.1,97.2,70.3,61.2,72.6,"High","High","High","High","High","High"
"Ag00001aa143478_T001",TRUE,"Master Protein","Ag00001aa143478_T001",15,5,6,486,NA,0.885,0.991568649216285,1,132.1,117,14.91,18.11,62,44.1,62.4,58.7,56.3,60.2,111.7,93.3,126.1,98.9,89.1,125.6,"High","High","High","High","High","High"
"Ag00001aa050319_T001",TRUE,"Master Protein","Ag00001aa050319_T001",14,5,6,538,NA,0.622,0.00096270090675743,0.010812678756102,163.4,101.7,16.9,6.51,151.2,116.4,168.2,111.7,105.9,81.2,272.4,246.3,340,188.2,167.5,169.5,"High","High","High","High","High","High"
"Ag00001aa042455_T001",TRUE,"Master Protein","Ag00001aa042455_T001",32,5,5,185,NA,0.576,9.13143101364255e-05,0.00217222344951281,119.9,69,4.59,2.55,129.1,102.6,117.3,79.5,83.2,66.3,232.6,217.1,237.1,133.9,131.6,138.4,"High","High","High","High","High","High"
"Ag00001aa026862_T002",TRUE,"Master Protein","Ag00001aa026862_T002",14,4,5,323,NA,0.648,0.0878856140099836,0.278051698372972,135.8,88,22.92,5.56,62.6,38.2,64,43.8,42.1,35,112.8,80.8,129.4,73.8,66.6,73,"High","High","High","High","High","High"
"Ag00001aa096726_T001",TRUE,"Master Protein","Ag00001aa096726_T001",15,4,7,326,NA,NA,NA,NA,NA,NA,NA,NA,NA,NA,NA,NA,NA,NA,NA,NA,NA,NA,NA,NA,"High","High","High","High","High","High"
"Ag00001aa060756_T001",TRUE,"Master Protein","Ag00001aa060756_T001",6,4,5,946,NA,0.537,0.1343394044261,0.380435315232136,204.7,109.9,6.63,17.71,22.3,16.9,19.9,12.8,14.1,7.6,40.2,35.8,40.2,21.6,22.3,15.9,"High","High","High","High","High","High"
"Ag00001aa005547_T003",TRUE,"Master Protein","Ag00001aa005547_T003",13,4,6,377,NA,0.655,0.186809821863642,0.476694027828046,100.1,65.6,4.56,4.67,31.1,24.2,26.9,20.2,22.5,17.9,56,51.2,54.4,34,35.6,37.4,"High","High","High","High","High","High"
"Ag00001aa115169_T001",TRUE,"Master Protein","Ag00001aa115169_T001",14,4,6,439,NA,0.593,0.859082786974319,1,33.3,19.7,30.47,43.46,7.3,0,4.2,7.2,3.7,3,13.2,0,8.5,12.1,5.9,6.3,"High","Not Found","High","High","High","High"
"Ag00001aa009785_T001",TRUE,"Master Protein","Ag00001aa009785_T001",33,5,7,245,NA,0.609,0.000691727709841716,0.00869621397246158,162.7,99.1,9.45,7.67,297.1,244.3,304.6,193.5,186.3,164.5,535.3,516.9,615.7,326,294.7,343.3,"High","High","High","High","High","High"
"Ag00001aa022335_T001",TRUE,"Master Protein","Ag00001aa022335_T001",20,4,6,244,NA,0.99,0.99993914027393,1,25.8,25.6,5.21,2.07,66.3,50.9,55.8,67.2,68.7,53.5,119.5,107.7,112.8,113.2,108.7,111.7,"High","High","High","High","High","High"
"Ag00001aa016138_T001",TRUE,"Master Protein","Ag00001aa016138_T001",9,4,5,684,NA,NA,NA,NA,NA,NA,NA,NA,NA,NA,NA,NA,NA,NA,NA,NA,NA,NA,NA,NA,"High","High","High","High","High","High"
"Ag00001aa068963_T002",TRUE,"Master Protein","Ag00001aa068963_T002",21,6,6,312,NA,1.035,0.99238316967868,1,140.5,145.5,20.22,7.56,165.3,202.4,157,174.8,215.9,157.4,297.8,428.2,317.4,294.5,341.5,328.5,"High","High","High","High","High","High"
"Ag00001aa112906_T001",TRUE,"Master Protein","Ag00001aa112906_T001",16,2,4,182,NA,1.178,0.990494223786709,1,126.9,149.4,10.85,14.53,65.9,60.3,72.5,69.9,95,74.6,118.7,127.6,146.5,117.8,150.3,155.7,"High","High","High","High","High","High"
"Ag00001aa007674_T001",TRUE,"Master Protein","Ag00001aa007674_T001",7,3,5,545,NA,0.946,0.999736928611207,1,66.7,63.1,3.55,8.85,73.2,66.5,65.8,74.7,78.6,69.6,131.9,140.7,133,125.8,124.3,145.3,"High","High","High","High","High","High"
"Ag00001aa113631_T002",TRUE,"Master Protein","Ag00001aa113631_T002",9,4,4,641,NA,1.176,0.3904852102162,0.811190994484343,92.8,109.1,1.42,7.21,91.6,76,81.4,110.3,134.9,92.7,165,160.8,164.5,185.8,213.4,193.5,"High","High","High","High","High","High"
"Ag00001aa105766_T001",TRUE,"Master Protein","Ag00001aa105766_T001",10,3,5,465,NA,1.161,0.601209422110636,1,130.3,151.3,5.14,2.96,125.1,99.8,115.7,155.3,168.7,120.6,225.4,211.1,233.9,261.6,266.9,251.7,"High","High","High","High","High","High"
"Ag00001aa121893_T001",TRUE,"Master Protein","Ag00001aa121893_T001",15,4,7,327,NA,1.276,0.0670726728433888,0.226111122939862,89.9,114.6,12.95,7.15,59.3,38.9,48,81.3,75.6,59.3,106.8,82.3,97,137,119.6,123.8,"High","High","High","High","High","High"
"Ag00001aa094728_T001",TRUE,"Master Protein","Ag00001aa094728_T001",12,5,6,773,NA,0.665,0.111857308226475,0.332869370565696,116.4,77.4,13.46,9.38,56,37.6,50.5,42.6,42.4,28.5,100.9,79.6,102.1,71.8,67.1,59.5,"High","High","High","High","High","High"
"Ag00001aa013335_T002",TRUE,"Master Protein","Ag00001aa013335_T002",13,5,6,562,NA,0.922,0.539287201072646,1,120.7,111.2,8.09,2.03,180.3,139.1,171.2,177.7,182.7,143.5,324.9,294.3,346.1,299.4,289,299.5,"High","High","High","High","High","High"
"Ag00001aa025033_T001",TRUE,"Master Protein","Ag00001aa025033_T001",35,5,5,233,NA,0.519,0.000538446786102931,0.00737186536102783,135.6,70.4,13.63,12.01,160.9,136.9,180.1,89.3,100,59.9,289.9,289.6,364,150.4,158.2,125,"High","High","High","High","High","High"
"Ag00001aa079640_T001",TRUE,"Master Protein","Ag00001aa079640_T001",15,4,9,274,NA,1.377,0.00102596122625576,0.0114008446568915,74.3,102.3,7.07,6.1,211.4,157.1,171.3,286.1,272.2,228.4,380.9,332.4,346.3,482,430.6,476.7,"High","High","High","High","High","High"
"Ag00001aa002068_T002",TRUE,"Master Protein","Ag00001aa002068_T002",15,3,3,316,NA,0.89,0.990782611910189,1,109,97,15.26,4.97,95.3,60.1,80.2,89.5,91.2,65.4,171.7,127.2,162.1,150.8,144.3,136.5,"High","High","High","High","High","High"
"Ag00001aa015819_T002",TRUE,"Master Protein","Ag00001aa015819_T002",22,5,5,316,NA,1.263,0.542852204929986,1,65.8,83.1,10.34,2.98,85.3,59.3,72.5,109.9,117,84.2,153.7,125.5,146.5,185.1,185.1,175.7,"High","High","High","High","High","High"
"Ag00001aa017649_T001",TRUE,"Master Protein","Ag00001aa017649_T001",5,5,5,1457,"Met-loss [N-Term]",2.123,7.35811561591859e-06,0.000643262778228948,87.6,185.9,4.97,9.63,139.6,120,114.6,306.6,389.9,255.9,251.5,253.9,231.6,516.5,616.8,534.1,"High","High","High","High","High","High"
"Ag00001aa009439_T001",TRUE,"Master Protein","Ag00001aa009439_T001",22,4,5,168,NA,0.821,0.983090183176654,1,90.3,74.1,12.94,17.41,89.4,59.1,75.8,94,79.5,54.5,161.1,125,153.2,158.4,125.8,113.7,"High","High","High","High","High","High"
"Ag00001aa108256_T001",TRUE,"Master Protein","Ag00001aa108256_T001",9,7,10,875,NA,1.2,0.968861476978348,1,64.5,77.4,4.01,13.29,105.4,84.2,95,135.3,150.2,88,189.9,178.1,192,227.9,237.6,183.7,"High","High","High","High","High","High"
"Ag00001aa007595_T001",TRUE,"Master Protein","Ag00001aa007595_T001",15,3,6,250,NA,0.699,0.209242748738672,0.518021412436123,159.9,111.7,12.37,8.64,216.3,211.7,173.4,161.6,168,149,389.7,447.9,350.5,272.2,265.8,311,"High","High","High","High","High","High"
"Ag00001aa138998_T001",TRUE,"Master Protein","Ag00001aa138998_T001",9,5,8,618,NA,0.787,0.650622290240338,1,78.9,62.1,16.45,9.85,84.1,56.7,82.7,81.9,75.4,55.1,151.5,120,167.2,138,119.3,115,"High","High","High","High","High","High"
"Ag00001aa050107_T001",TRUE,"Master Protein","Ag00001aa050107_T001",11,4,5,554,NA,0.838,0.951739633146386,1,68.2,57.1,17.43,11.88,15.2,9.8,14.5,12.6,14.5,12.8,27.4,20.7,29.3,21.2,22.9,26.7,"High","High","High","High","High","High"
"Ag00001aa002874_T001",TRUE,"Master Protein","Ag00001aa002874_T001",5,2,6,517,NA,NA,NA,NA,NA,NA,NA,NA,NA,NA,NA,NA,NA,NA,NA,NA,NA,NA,NA,NA,"High","High","High","High","High","High"
"Ag00001aa089354_T001",TRUE,"Master Protein","Ag00001aa089354_T001",16,3,6,197,NA,0.972,0.993119197661194,1,53.8,52.3,12.36,13.97,22.7,16.4,22,23.6,25,24,40.9,34.7,44.5,39.8,39.5,50.1,"High","High","High","High","High","High"
"Ag00001aa041893_T003",TRUE,"Master Protein","Ag00001aa041893_T003",8,4,4,547,NA,0.976,0.998260434280161,1,111.5,108.9,13.7,3.71,88.1,66.8,91.7,92,101.6,71.5,158.7,141.3,185.4,155,160.7,149.2,"High","High","High","High","High","High"
"Ag00001aa017041_T001",TRUE,"Master Protein","Ag00001aa017041_T001",19,4,7,355,NA,0.533,0.000113977987012737,0.0024630818662154,165.5,88.2,11.17,7.58,178.3,147.5,188.8,103.4,108.2,72.4,321.2,312.1,381.6,174.2,171.2,151.1,"High","High","High","High","High","High"
"Ag00001aa122826_T001",TRUE,"Master Protein","Ag00001aa122826_T001",12,3,5,294,NA,0.555,0.00600418416579263,0.0406463316602763,75,41.6,29.41,9.06,37.6,45.4,26.8,22.3,22.2,20.1,67.7,96.1,54.2,37.6,35.1,41.9,"High","High","High","High","High","High"
"Ag00001aa039071_T001",TRUE,"Master Protein","Ag00001aa039071_T001",19,2,4,195,NA,0.548,0.00125793300179,0.013249708807188,134.9,73.9,12.43,8.78,55,42.6,56.9,35.9,34.3,24.4,99.1,90.1,115,60.5,54.3,50.9,"High","High","High","High","High","High"
"Ag00001aa085164_T001",TRUE,"Master Protein","Ag00001aa085164_T001",4,7,8,1708,"Met-loss [N-Term]",1.126,0.755259053281428,1,72.2,81.3,24.39,5.61,170.1,87.6,129,189.8,182.2,140.7,306.5,185.3,260.8,319.7,288.2,293.6,"High","High","High","High","High","High"
"Ag00001aa064391_T002",TRUE,"Master Protein","Ag00001aa064391_T002",13,6,8,553,NA,0.98,0.996308792947598,1,85.9,84.2,14.07,6.75,106.9,68.8,81.8,97,102.4,69.2,192.6,145.6,165.3,163.4,162,144.4,"High","High","High","High","High","High"
"Ag00001aa032562_T001",TRUE,"Master Protein","Ag00001aa032562_T001",16,4,4,419,NA,1.026,0.975658551962245,1,37.5,38.5,17.81,8.97,13.8,8.4,12.1,14.9,16.5,10.5,24.9,17.8,24.5,25.1,26.1,21.9,"High","High","High","High","High","High"
"Ag00001aa039253_T001",TRUE,"Master Protein","Ag00001aa039253_T001",22,5,6,226,NA,1.348,0.996373243761503,1,35.5,47.9,13.42,7.38,26.1,22.5,29.3,38.1,36.8,32.3,47,47.6,59.2,64.2,58.2,67.4,"High","High","High","High","High","High"
"Ag00001aa085321_T001",TRUE,"Master Protein","Ag00001aa085321_T001",36,3,7,87,NA,0.478,0.000151509136580352,0.00305272339774241,185.2,88.6,20.58,7.12,246.6,291.6,215,121,147.8,101.8,444.3,616.9,434.6,203.8,233.8,212.5,"High","High","High","High","High","High"
"Ag00001aa069767_T001",TRUE,"Master Protein","Ag00001aa069767_T001",15,6,6,550,NA,0.94,0.992625323265996,1,142.5,134,16.08,6.96,86.7,58.2,84.1,87.2,82.9,71.6,156.2,123.1,170,146.9,131.1,149.4,"High","High","High","High","High","High"
"Ag00001aa009255_T001",TRUE,"Master Protein","Ag00001aa009255_T001",6,5,6,1189,NA,1.072,0.99999937284261,1,117.9,126.3,14.47,2.01,41.8,37,48.3,48.8,54.1,40.2,75.3,78.3,97.6,82.2,85.6,83.9,"High","High","High","High","High","High"
"Ag00001aa065847_T001",TRUE,"Master Protein","Ag00001aa065847_T001",22,4,7,333,NA,1.042,0.999784347801531,1,47.5,49.6,7.61,10.71,36.9,27.1,31.8,42,36.2,32.1,66.5,57.3,64.3,70.8,57.3,67,"High","High","High","High","High","High"
"Ag00001aa013542_T001",TRUE,"Master Protein","Ag00001aa013542_T001",10,2,9,296,NA,2.282,0.196448062771589,0.494576355703805,45.2,103.3,60.98,7.17,312.4,108.2,99,310.1,311.8,272.3,562.9,228.9,200.1,522.4,493.2,568.3,"High","High","High","High","High","High"
"Ag00001aa005856_T001",TRUE,"Master Protein","Ag00001aa005856_T001",9,3,4,456,NA,1.433,0.408152642669983,0.833867008715326,70.9,101.6,7.12,9.75,51.5,41.3,39.8,73.1,92.5,60,92.8,87.4,80.5,123.1,146.3,125.2,"High","High","High","High","High","High"
"Ag00001aa028787_T002",TRUE,"Master Protein","Ag00001aa028787_T002",30,4,6,166,NA,1.334,0.835260558900733,1,127.1,169.5,26.15,23.89,17.9,13.4,9.3,14.4,23.9,18.4,32.3,28.4,18.8,24.3,37.8,38.4,"High","High","High","High","High","High"
"Ag00001aa091758_T002",TRUE,"Master Protein","Ag00001aa091758_T002",10,3,12,392,NA,1.166,0.680793662835714,1,92.4,107.8,9.76,16.89,29.3,24.1,30.2,33.8,49.3,29.5,52.8,51,61,56.9,78,61.6,"High","High","High","High","High","High"
"Ag00001aa020705_T001",TRUE,"Master Protein","Ag00001aa020705_T001",18,3,3,279,NA,NA,NA,NA,NA,NA,NA,NA,NA,NA,NA,NA,NA,NA,NA,NA,NA,NA,NA,NA,"High","High","High","High","High","High"
"Ag00001aa114313_T002",TRUE,"Master Protein","Ag00001aa114313_T002",18,3,9,158,NA,0.669,0.113276116217986,0.335910612860404,188.2,125.9,18.86,12.8,459.2,387.1,556.5,378.2,312.3,265.3,827.4,819,1124.9,637.1,494,553.7,"High","High","High","High","High","High"
"Ag00001aa117961_T001",TRUE,"Master Protein","Ag00001aa117961_T001",11,3,7,313,NA,0.742,0.339584721626118,0.735381250538762,85.5,63.5,30.07,5.72,165.1,229.4,147.4,136.8,130,106,297.5,485.3,298,230.5,205.6,221.2,"High","High","High","High","High","High"
"Ag00001aa030753_T001",TRUE,"Master Protein","Ag00001aa030753_T001",11,4,7,456,NA,0.642,0.120061062381022,0.351439946323718,147.4,94.6,10.71,12.01,267.7,268.9,232,183.8,227.1,136.2,482.3,568.9,469,309.6,359.3,284.3,"High","High","High","High","High","High"
"Ag00001aa019910_T001",TRUE,"Master Protein","Ag00001aa019910_T001",11,3,6,364,NA,NA,NA,NA,NA,NA,NA,NA,NA,NA,NA,NA,NA,NA,NA,NA,NA,NA,NA,NA,"High","High","High","High","High","High"
"Ag00001aa025068_T002",TRUE,"Master Protein","Ag00001aa025068_T002",15,4,7,414,NA,1.017,0.999985950764475,1,108.4,110.3,12.93,7.29,75.4,74.1,60,90.9,84.3,66.2,135.9,156.8,121.3,153.1,133.4,138.2,"High","High","High","High","High","High"
"Ag00001aa000180_T001",TRUE,"Master Protein","Ag00001aa000180_T001",21,7,7,356,NA,1.784,0.851604748282053,1,39.2,70,32.84,13.93,12.7,17.7,10.5,27.7,25.8,16.9,22.9,37.4,21.2,46.7,40.8,35.3,"High","High","High","High","High","High"
"Ag00001aa147442_T001",TRUE,"Master Protein","Ag00001aa147442_T001",9,5,5,797,NA,0.888,0.897744058088807,1,59.5,52.8,14.48,36.21,9.9,6.8,9.5,9.4,12.6,4.4,17.8,14.4,19.2,15.8,19.9,9.2,"High","High","High","High","High","High"
"Ag00001aa078401_T001",TRUE,"Master Protein","Ag00001aa078401_T001",15,4,4,446,NA,1.262,0.795467116204027,1,59.2,74.7,14.35,2.84,27,30.5,27,41.6,41.9,33,48.6,64.5,54.6,70.1,66.3,68.9,"High","High","High","High","High","High"
"Ag00001aa040972_T001",TRUE,"Master Protein","Ag00001aa040972_T001",9,3,4,492,NA,NA,NA,NA,NA,NA,NA,NA,NA,NA,NA,NA,NA,NA,NA,NA,NA,NA,NA,NA,"High","High","High","High","High","High"
"Ag00001aa091363_T001",TRUE,"Master Protein","Ag00001aa091363_T001",13,3,10,246,NA,1.442,0.0117478166375773,0.0653796304864096,115.7,166.8,11.38,10.39,234.4,220.1,183.2,396.4,342.6,291.7,422.3,465.7,370.3,667.8,542,608.8,"High","High","High","High","High","High"
"Ag00001aa139879_T001",TRUE,"Master Protein","Ag00001aa139879_T001",16,4,4,407,NA,1.068,0.999227776613819,1,97.1,103.7,4.75,7.99,81.3,63.6,67.1,86,96.7,62.5,146.5,134.6,135.6,144.9,153,130.4,"High","High","High","High","High","High"
"Ag00001aa051586_T001",TRUE,"Master Protein","Ag00001aa051586_T001",5,5,6,1384,NA,1.026,0.974232065697289,1,111.8,114.8,17.85,5.76,107.5,73.6,110.7,118,138.3,94.8,193.7,155.7,223.8,198.8,218.8,197.9,"High","High","High","High","High","High"
"Ag00001aa047731_T001",TRUE,"Master Protein","Ag00001aa047731_T001",16,4,6,364,NA,0.899,0.800080665421445,1,92.1,82.8,9.41,5.39,95.8,70.3,72.2,86.4,83.4,64.1,172.6,148.7,145.9,145.6,131.9,133.8,"High","High","High","High","High","High"
"Ag00001aa014576_T002",TRUE,"Master Protein","Ag00001aa014576_T002",23,4,4,276,NA,1.129,0.998330060797084,1,45.8,51.8,9.98,13.58,26.2,22.1,27.5,35.2,33.7,21.6,47.2,46.8,55.6,59.3,53.3,45.1,"High","High","High","High","High","High"
"Ag00001aa014003_T001",TRUE,"Master Protein","Ag00001aa014003_T001",13,2,5,248,NA,1.289,0.711012794757526,1,29.3,37.8,19.31,12.23,10.3,9.4,6.7,14.2,15.7,9.4,18.6,19.9,13.5,23.9,24.8,19.6,"High","High","High","High","High","High"
"Ag00001aa020163_T003",TRUE,"Master Protein","Ag00001aa020163_T003",11,3,4,495,NA,1.073,0.79072700215299,1,101.5,108.9,4.85,7.11,65.3,56.1,53.7,82.1,79.8,57.7,117.7,118.7,108.5,138.3,126.2,120.4,"High","High","High","High","High","High"
"Ag00001aa110604_T001",TRUE,"Master Protein","Ag00001aa110604_T001",43,5,10,124,NA,1.019,0.999995502820122,1,29.4,30,6.32,9.01,41,38.5,35.9,44.7,54.5,35,73.9,81.5,72.6,75.3,86.2,73,"High","High","High","High","High","High"
"Ag00001aa110763_T002",TRUE,"Master Protein","Ag00001aa110763_T002",7,4,5,806,NA,0.572,5.86807188158733e-05,0.00164383137856795,150.8,86.2,7.13,5.87,128.7,113.9,131.5,84.7,87.1,60.9,231.9,241,265.8,142.7,137.8,127.1,"High","High","High","High","High","High"
"Ag00001aa017788_T001",TRUE,"Master Protein","Ag00001aa017788_T001",12,4,8,351,NA,0.654,0.00295987324529123,0.024565298981463,159.4,104.2,11.19,1.51,180.3,178.7,201,146.8,158.1,116.3,324.9,378.1,406.3,247.3,250.1,242.7,"High","High","High","High","High","High"
"Ag00001aa157141_T001",TRUE,"Master Protein","Ag00001aa157141_T001",1,5,5,5047,NA,1.046,0.958315220233844,1,55.9,58.4,17.41,15.97,56.7,34.4,48.3,60.6,71.4,39.2,102.2,72.8,97.6,102.1,112.9,81.8,"High","High","High","High","High","High"
"Ag00001aa097469_T001",TRUE,"Master Protein","Ag00001aa097469_T001",9,3,4,455,NA,0.675,0.0424865746106831,0.164347613180825,127.1,85.8,12.57,16.64,32.8,24.1,32.5,19.3,28.8,19.1,59.1,51,65.7,32.5,45.6,39.9,"High","High","High","High","High","High"
"Ag00001aa092340_T001",TRUE,"Master Protein","Ag00001aa092340_T001",8,3,12,387,NA,1.285,0.01907921530717,0.0934591401688667,77.3,99.3,9.39,8.08,97.4,68.7,79.5,122.6,139.8,90.1,175.5,145.4,160.7,206.5,221.2,188,"High","High","High","High","High","High"
"Ag00001aa029482_T001",TRUE,"Master Protein","Ag00001aa029482_T001",34,2,5,93,NA,1.074,0.99998945872575,1,108.9,117,20.27,4.32,68.8,83.2,63.4,79.5,87,69.8,124,176,128.2,133.9,137.6,145.7,"High","High","High","High","High","High"
"Ag00001aa074006_T002",TRUE,"Master Protein","Ag00001aa074006_T002",11,4,8,587,NA,NA,NA,NA,NA,NA,NA,NA,NA,NA,NA,NA,NA,NA,NA,NA,NA,NA,NA,NA,"High","High","High","High","High","High"
"Ag00001aa015325_T002",TRUE,"Master Protein","Ag00001aa015325_T002",50,3,10,101,NA,1.114,0.83624613928101,1,92,102.5,13.25,2.96,416.3,422.8,343.5,489.1,551.1,400.3,750.1,894.5,694.3,824,871.8,835.4,"High","High","High","High","High","High"
"Ag00001aa015932_T001",TRUE,"Master Protein","Ag00001aa015932_T001",23,3,4,184,NA,1.186,0.863398945934313,1,95.9,113.8,6.51,16.93,155.5,119.8,123,178.5,166.5,175.9,280.2,253.5,248.6,300.7,263.4,367.1,"High","High","High","High","High","High"
"Ag00001aa044676_T001",TRUE,"Master Protein","Ag00001aa044676_T001",7,2,5,309,NA,1.259,0.539780715887979,1,40.8,51.4,7.77,16.42,14.2,14.1,14.1,16.8,24.9,17.2,25.6,29.8,28.5,28.3,39.4,35.9,"High","High","High","High","High","High"
"Ag00001aa151302_T001",TRUE,"Master Protein","Ag00001aa151302_T001",16,4,7,183,NA,0.942,0.999887035643379,1,141.3,133.1,3.15,10.38,172.9,156.3,161.8,182.9,183.8,169.9,311.5,330.7,327.1,308.1,290.8,354.6,"High","High","High","High","High","High"
"Ag00001aa065273_T001",TRUE,"Master Protein","Ag00001aa065273_T001",15,5,6,443,NA,1.026,0.999999955092488,1,76.8,78.8,29.63,6.96,156.3,92.8,78.6,133.6,125.6,96.5,281.6,196.3,158.9,225.1,198.7,201.4,"High","High","High","High","High","High"
"Ag00001aa010580_T002",TRUE,"Master Protein","Ag00001aa010580_T002",6,5,5,1049,NA,0.441,3.89902260364838e-05,0.00123258757003399,185.5,81.8,8.65,7.58,98.5,82.3,100.6,50.3,49.5,34.9,177.5,174.1,203.4,84.7,78.3,72.8,"High","High","High","High","High","High"
"Ag00001aa041620_T001",TRUE,"Master Protein","Ag00001aa041620_T001",7,2,10,370,NA,1.312,0.881467860230622,1,36.1,47.4,16.31,27.61,12.9,12.5,9.4,18.1,29,13.5,23.2,26.4,19,30.5,45.9,28.2,"High","High","High","High","High","High"
"Ag00001aa112523_T002",TRUE,"Master Protein","Ag00001aa112523_T002",13,4,6,414,NA,0.889,0.991330168902726,1,85.3,75.9,14.7,3.75,48.9,31.3,41.7,44.5,44.9,36.6,88.1,66.2,84.3,75,71,76.4,"High","High","High","High","High","High"
"Ag00001aa068178_T001",TRUE,"Master Protein","Ag00001aa068178_T001",15,5,6,442,NA,0.907,0.993946855471936,1,84.2,76.4,23.51,20.4,28.3,16,17.6,26.5,20.4,15.1,51,33.9,35.6,44.6,32.3,31.5,"High","High","High","High","High","High"
"Ag00001aa105362_T002",TRUE,"Master Protein","Ag00001aa105362_T002",7,4,4,722,NA,0.317,0.000140389898594329,0.00285036935510598,230.4,72.9,19.3,6.69,202.6,251.7,251.2,105.9,101.6,75.7,365,532.5,507.8,178.4,160.7,158,"High","High","High","High","High","High"
"Ag00001aa063719_T001",TRUE,"Master Protein","Ag00001aa063719_T001",12,3,4,439,NA,0.638,0.00290600934606011,0.0242448858147318,162.5,103.7,6.3,8.39,118.4,89.6,103.9,84.2,84.7,57.5,213.3,189.6,210,141.8,134,120,"High","High","High","High","High","High"
"Ag00001aa048576_T002",TRUE,"Master Protein","Ag00001aa048576_T002",29,4,7,182,NA,0.969,0.999733081193105,1,41.6,40.3,5.87,9.34,98.7,78.5,92.4,118.7,108.9,81.2,177.8,166.1,186.8,200,172.3,169.5,"High","High","High","High","High","High"
"Ag00001aa107429_T004",TRUE,"Master Protein","Ag00001aa107429_T004",6,2,8,346,NA,0.627,0.284232526708591,0.643518855112649,152.5,95.6,14.83,10.12,212.3,226.7,181.9,142.3,129,118.8,382.5,479.6,367.7,239.7,204.1,247.9,"High","High","High","High","High","High"
"Ag00001aa050576_T001",TRUE,"Master Protein","Ag00001aa050576_T001",26,3,4,189,NA,2.315,0.000517028535524156,0.00723657790531637,64.7,149.8,3.75,8.05,12.4,11.1,10.8,29,32.7,27.4,22.3,23.5,21.8,48.9,51.7,57.2,"High","High","High","High","High","High"
"Ag00001aa004636_T001",TRUE,"Master Protein","Ag00001aa004636_T001",14,2,5,319,NA,0.224,0.00318454934069845,0.0254695062913549,247.2,55.5,13.6,4.95,130.9,146.7,137.4,37,39.4,32.5,235.8,310.4,277.7,62.3,62.3,67.8,"High","High","High","High","High","High"
"Ag00001aa020511_T001",TRUE,"Master Protein","Ag00001aa020511_T001",28,3,6,152,NA,1.146,0.69528075328128,1,22.9,26.2,48.8,12.75,9.5,2.9,9.2,10.9,12.4,11.2,17.1,6.1,18.6,18.4,19.6,23.4,"High","High","High","High","High","High"
"Ag00001aa011952_T003",TRUE,"Master Protein","Ag00001aa011952_T003",13,5,7,490,NA,0.55,4.76853176981651e-05,0.00140324349710304,134.2,73.8,11.4,3.69,143.3,112,146.6,84.8,84.4,68,258.2,237,296.3,142.9,133.5,141.9,"High","High","High","High","High","High"
"Ag00001aa146881_T001",TRUE,"Master Protein","Ag00001aa146881_T001",17,4,6,195,NA,1.473,0.759087475266347,1,25.2,37.1,5.76,31.17,15,13.5,15,28.3,26.6,11.9,27,28.6,30.3,47.7,42.1,24.8,"High","High","High","High","High","High"
"Ag00001aa009568_T002",TRUE,"Master Protein","Ag00001aa009568_T002",11,3,5,322,NA,0.998,0.999867916405873,1,90.5,90.2,1.91,13.87,124.2,105.1,114,132.5,121,121.3,223.8,222.4,230.4,223.2,191.4,253.2,"High","High","High","High","High","High"
"Ag00001aa010173_T001",TRUE,"Master Protein","Ag00001aa010173_T001",24,4,4,226,NA,0.675,0.0410954554690273,0.160529543847875,130.9,88.4,19.04,8.66,72.2,77.6,94.8,65.8,73.4,46.9,130.1,164.2,191.6,110.9,116.1,97.9,"High","High","High","High","High","High"
"Ag00001aa060941_T002",TRUE,"Master Protein","Ag00001aa060941_T002",13,6,7,595,NA,0.867,0.99999994611751,1,43.7,37.9,12.35,23.04,31.8,23.1,31,42.2,31.4,22.9,57.3,48.9,62.7,71.1,49.7,47.8,"High","High","High","High","High","High"
"Ag00001aa071550_T001",TRUE,"Master Protein","Ag00001aa071550_T001",15,5,6,625,NA,0.983,0.999523898864117,1,34.2,33.7,16.29,22.48,19.2,20.4,15.7,28.5,20.5,16.3,34.6,43.2,31.7,48,32.4,34,"High","High","High","High","High","High"
"Ag00001aa040162_T001",TRUE,"Master Protein","Ag00001aa040162_T001",4,3,4,835,NA,1.607,0.0423755846227483,0.164078043383338,76.8,123.4,14.78,14.47,66.1,41.8,53.7,129.6,110.3,80.9,119.1,88.4,108.5,218.3,174.5,168.8,"High","High","High","High","High","High"
"Ag00001aa087809_T001",TRUE,"Master Protein","Ag00001aa087809_T001",15,4,9,273,NA,1.251,0.90514569328394,1,27.5,34.4,48.84,25.4,2,3.5,0,3.2,4.9,0,3.6,7.4,0,5.4,7.8,0,"High","High","Not Found","High","High","Not Found"
"Ag00001aa019651_T001",TRUE,"Master Protein","Ag00001aa019651_T001",14,3,5,268,NA,2.112,1.31034842321132e-06,0.000394037648656672,47.1,99.5,10.04,2.47,98.2,72.1,72.7,193.5,196.5,154.4,176.9,152.5,147,326,310.8,322.2,"High","High","High","High","High","High"
"Ag00001aa067768_T001",TRUE,"Master Protein","Ag00001aa067768_T001",15,2,3,247,NA,0.955,0.99999999999769,1,37.6,35.9,2.83,21.44,75.2,61.8,63.4,98.2,78.9,52.8,135.5,130.8,128.2,165.4,124.8,110.2,"High","High","High","High","High","High"
"Ag00001aa007700_T001",TRUE,"Master Protein","Ag00001aa007700_T001",20,3,5,244,NA,0.814,0.645102226887013,1,154,125.4,2.91,3.25,104.9,94.4,97.8,99.5,99.4,77.1,189,199.7,197.7,167.6,157.2,160.9,"High","High","High","High","High","High"
"Ag00001aa006418_T001",TRUE,"Master Protein","Ag00001aa006418_T001",14,6,8,496,NA,0.966,0.998663688920268,1,54.2,52.3,17.59,12.91,102.8,109.5,81.7,119,97.7,85.7,185.2,231.7,165.1,200.5,154.6,178.9,"High","High","High","High","High","High"
"Ag00001aa081246_T002",TRUE,"Master Protein","Ag00001aa081246_T002",21,4,6,205,NA,0.817,0.571214808312936,1,158.6,129.6,6.96,7.04,96.8,76.8,92.4,84.6,85.9,74.7,174.4,162.5,186.8,142.5,135.9,155.9,"High","High","High","High","High","High"
"Ag00001aa129841_T001",TRUE,"Master Protein","Ag00001aa129841_T001",13,3,14,397,NA,NA,NA,NA,NA,NA,NA,NA,NA,NA,NA,NA,NA,NA,NA,NA,NA,NA,NA,NA,"Not Found","Not Found","High","Not Found","Not Found","High"
"Ag00001aa031394_T002",TRUE,"Master Protein","Ag00001aa031394_T002",17,3,3,283,NA,0.906,0.90832309603712,1,122,110.5,11.67,3.8,65.8,65.3,54.6,65.9,67.9,49.3,118.6,138.2,110.4,111,107.4,102.9,"High","High","High","High","High","High"
"Ag00001aa135111_T001",TRUE,"Master Protein","Ag00001aa135111_T001",20,6,6,317,"Met-loss [N-Term]",0.835,0.579484046373483,1,76.7,64,8.05,11.34,50.8,47.5,42.4,37.5,49.5,36.6,91.5,100.5,85.7,63.2,78.3,76.4,"High","High","High","High","High","High"
"Ag00001aa076498_T002",TRUE,"Master Protein","Ag00001aa076498_T002",9,4,8,588,NA,1.018,0.989823076729492,1,99.7,101.5,10.75,0.73,219.8,152.2,189.3,232.1,246.2,184.7,396,322,382.6,391,389.5,385.5,"High","High","High","High","High","High"
"Ag00001aa146360_T003",TRUE,"Master Protein","Ag00001aa146360_T003",13,5,5,503,NA,1.282,0.98478679982886,1,28.9,37.1,21.21,4.55,35.5,20.5,23.4,36,39,27.1,64,43.4,47.3,60.6,61.7,56.6,"High","High","High","High","High","High"
"Ag00001aa028810_T001",TRUE,"Master Protein","Ag00001aa028810_T001",11,3,5,209,NA,1.074,0.999881324218061,1,114.2,122.6,16.28,13.39,167.1,173.1,131.8,194.1,204.4,122.3,301.1,366.2,266.4,327,323.3,255.2,"High","High","High","High","High","High"
"Ag00001aa007078_T001",TRUE,"Master Protein","Ag00001aa007078_T001",23,3,7,137,NA,1.115,0.528496277910424,0.995199658735413,121.2,135.1,7.59,19.6,61.4,48.7,47,93.9,72.6,54.6,110.6,103,95,158.2,114.8,114,"High","High","High","High","High","High"
"Ag00001aa117252_T001",TRUE,"Master Protein","Ag00001aa117252_T001",43,4,5,110,NA,0.704,0.0747651423698086,0.246487127735374,76.7,54,2.08,12.85,109,96.2,100.8,105,90.6,68,196.4,203.5,203.8,176.9,143.3,141.9,"High","High","High","High","High","High"
"Ag00001aa111607_T001",TRUE,"Master Protein","Ag00001aa111607_T001",40,4,7,164,"Met-loss+Acetyl [N-Term]",0.915,0.99989782711675,1,238.7,218.5,17.01,21.49,146.5,174.8,151.5,150.2,177.2,180.7,264,369.8,306.2,253,280.3,377.1,"High","High","High","High","High","High"
"Ag00001aa042218_T004",TRUE,"Master Protein","Ag00001aa042218_T004",13,5,7,476,NA,0.898,0.759099472232431,1,88.7,79.7,15.15,7.45,90,69.2,97.1,97.7,91.3,69.8,162.2,146.4,196.3,164.6,144.4,145.7,"High","High","High","High","High","High"
"Ag00001aa007492_T001",TRUE,"Master Protein","Ag00001aa007492_T001",13,6,8,461,NA,0.827,0.00943098878566873,0.0552000646394098,125.4,103.8,3.82,5.9,266.3,244.1,251.2,249.3,241.4,204.4,479.8,516.4,507.8,420,381.9,426.6,"High","High","High","High","High","High"
"Ag00001aa083246_T003",TRUE,"Master Protein","Ag00001aa083246_T003",13,4,6,579,NA,0.885,0.73095994740223,1,106.3,94.1,2.36,5.73,159.1,140.6,140.9,150.6,163.2,111,286.7,297.5,284.8,253.7,258.2,231.7,"High","High","High","High","High","High"
"Ag00001aa125478_T001",TRUE,"Master Protein","Ag00001aa125478_T001",20,3,6,306,"Met-loss+Acetyl [N-Term]",1.041,0.999140096422891,1,112.2,116.8,13.06,5.46,31,20.3,25.3,33.1,31.6,25.5,55.9,42.9,51.1,55.8,50,53.2,"High","High","High","High","High","High"
"Ag00001aa028895_T001",TRUE,"Master Protein","Ag00001aa028895_T001",15,6,7,542,NA,1.392,0.470877374202658,0.926593997481595,51.4,71.5,11.61,7.73,91.4,83.9,69.6,136.1,129.4,114.1,164.7,177.5,140.7,229.3,204.7,238.1,"High","High","High","High","High","High"
"Ag00001aa011314_T001",TRUE,"Master Protein","Ag00001aa011314_T001",7,5,6,722,NA,1.078,0.932309461692414,1,73.9,79.7,9.94,7.63,61.2,42.9,48.3,62.5,72.6,47.3,110.3,90.8,97.6,105.3,114.8,98.7,"High","High","High","High","High","High"
"Ag00001aa094759_T002",TRUE,"Master Protein","Ag00001aa094759_T002",21,5,6,297,NA,0.831,0.078831834747644,0.256278725183421,104.2,86.6,4.25,9.79,110.5,88.9,90.7,93.7,98.8,63.2,199.1,188.1,183.3,157.9,156.3,131.9,"High","High","High","High","High","High"
"Ag00001aa048920_T001",TRUE,"Master Protein","Ag00001aa048920_T001",14,4,4,307,NA,0.99,0.999973902907031,1,118.9,117.7,17.06,8.1,131.2,88.8,84.7,126.1,116.6,89.1,236.4,187.9,171.2,212.4,184.5,186,"High","High","High","High","High","High"
"Ag00001aa092719_T001",TRUE,"Master Protein","Ag00001aa092719_T001",27,5,7,230,NA,0.579,0.00199219671940409,0.0181244278640137,134.1,77.6,8.49,0.74,136.9,102.3,126.2,85.6,90.3,68.1,246.7,216.4,255.1,144.2,142.8,142.1,"High","High","High","High","High","High"
"Ag00001aa020093_T001",TRUE,"Master Protein","Ag00001aa020093_T001",23,2,4,164,NA,100,NA,NA,0,16.4,NA,NA,0,0,0,10.1,0,0,0,0,0,17,0,0,"Not Found","Not Found","Not Found","High","Not Found","Not Found"
"Ag00001aa128738_T001",TRUE,"Master Protein","Ag00001aa128738_T001",9,2,3,354,NA,0.758,0.833640850896733,1,145.4,110.3,16.41,4.2,14.5,9.1,12.8,11.6,13.3,9.4,26.1,19.3,25.9,19.5,21,19.6,"High","High","High","High","High","High"
"Ag00001aa096091_T002",TRUE,"Master Protein","Ag00001aa096091_T002",16,3,3,336,NA,NA,NA,NA,NA,NA,NA,NA,NA,NA,NA,NA,NA,NA,NA,NA,NA,NA,NA,NA,"High","High","High","High","High","High"
"Ag00001aa109018_T001",TRUE,"Master Protein","Ag00001aa109018_T001",8,2,4,265,NA,0.824,0.999731699321493,1,44.8,37,9.36,27.63,55.1,38.9,44.8,44.3,44.6,54.5,99.3,82.3,90.6,74.6,70.6,113.7,"High","High","High","High","High","High"
"Ag00001aa087887_T001",TRUE,"Master Protein","Ag00001aa087887_T001",12,3,5,501,NA,0.281,0.04276611624829,0.16497380593854,190.5,53.6,46.95,22.97,131,39.8,114.4,38.6,35.7,41.9,236,84.2,231.2,65,56.5,87.4,"High","High","High","High","High","High"
"Ag00001aa074933_T001",TRUE,"Master Protein","Ag00001aa074933_T001",10,4,4,418,NA,1.337,0.629233024871232,1,156.1,208.7,6.86,9.93,117.9,108.5,99.1,169,179.6,114.1,212.4,229.6,200.3,284.7,284.1,238.1,"High","High","High","High","High","High"
"Ag00001aa087480_T001",TRUE,"Master Protein","Ag00001aa087480_T001",14,3,4,413,NA,1.1,0.996704723812855,1,46.9,51.6,24.03,11.92,15,15.2,9.7,14.5,18.8,14.7,27,32.2,19.6,24.4,29.7,30.7,"Not Found","High","Not Found","High","High","Not Found"
"Ag00001aa087757_T001",TRUE,"Master Protein","Ag00001aa087757_T001",25,3,8,169,NA,NA,NA,NA,NA,NA,NA,NA,NA,NA,NA,NA,NA,NA,NA,NA,NA,NA,NA,NA,"High","High","High","High","High","High"
"Ag00001aa024065_T001",TRUE,"Master Protein","Ag00001aa024065_T001",12,3,5,300,NA,0.398,0.0522771591120417,0.188514124749565,118.8,47.3,12.84,0.69,37.3,38.4,42.9,19.2,20.3,15.6,67.2,81.2,86.7,32.3,32.1,32.6,"High","High","High","High","High","High"
"Ag00001aa033456_T001",TRUE,"Master Protein","Ag00001aa033456_T001",21,5,5,239,NA,1.083,0.937081065005802,1,55,59.6,11.15,20,56.7,48.8,41.6,65.7,60.2,67.4,102.2,103.2,84.1,110.7,95.2,140.7,"High","High","High","High","High","High"
"Ag00001aa096795_T003",TRUE,"Master Protein","Ag00001aa096795_T003",10,4,4,606,NA,1.009,0.99541139350763,1,108.4,109.4,14.51,18.54,78.2,56.3,79,84.4,90,48.4,140.9,119.1,159.7,142.2,142.4,101,"High","High","High","High","High","High"
"Ag00001aa129821_T001",TRUE,"Master Protein","Ag00001aa129821_T001",19,3,5,175,NA,0.733,0.955773135788472,1,17.9,13.1,15.45,42.9,12.5,11.3,14.8,19.2,9.6,8.4,22.5,23.9,29.9,32.3,15.2,17.5,"High","High","High","High","High","High"
"Ag00001aa024473_T001",TRUE,"Master Protein","Ag00001aa024473_T001",15,4,5,363,NA,1.172,0.161418771641634,0.432947168430731,77.8,91.2,12.51,5.82,102,71.6,95.8,127.8,146.4,99,183.8,151.5,193.6,215.3,231.6,206.6,"High","High","High","High","High","High"
"Ag00001aa070856_T001",TRUE,"Master Protein","Ag00001aa070856_T001",26,3,7,129,NA,1.252,0.920633599871535,1,60,75.1,12.21,13.23,100.5,67.3,77.6,144,124.1,92.3,181.1,142.4,156.9,242.6,196.3,192.6,"High","High","High","High","High","High"
"Ag00001aa038837_T002",TRUE,"Master Protein","Ag00001aa038837_T002",22,5,5,316,NA,1.137,0.927208623050282,1,74.3,84.5,17.96,14.61,21.3,17,13.3,25.1,20.2,19.6,38.4,36,26.9,42.3,32,40.9,"High","High","High","High","High","High"
"Ag00001aa033710_T002",TRUE,"Master Protein","Ag00001aa033710_T002",9,5,6,658,NA,1.162,0.890654191552631,1,109.5,127.3,10.2,7.26,106.1,74.7,81.6,110.7,121.2,102.3,191.2,158,164.9,186.5,191.7,213.5,"High","High","High","High","High","High"
"Ag00001aa043420_T001",TRUE,"Master Protein","Ag00001aa043420_T001",8,4,7,770,NA,1.224,0.0752414729383429,0.247578098972714,84.1,102.9,11.86,4.45,45.2,30.4,37.7,55.3,63.6,44.7,81.4,64.3,76.2,93.2,100.6,93.3,"High","High","High","High","High","High"
"Ag00001aa010133_T001",TRUE,"Master Protein","Ag00001aa010133_T001",17,3,4,190,NA,0.886,0.458464960329058,0.908393249742595,102.3,90.7,7.71,11.49,226.6,211.6,235.7,252.4,213.7,190.1,408.3,447.7,476.4,425.2,338.1,396.7,"High","High","High","High","High","High"
"Ag00001aa063389_T001",TRUE,"Master Protein","Ag00001aa063389_T001",10,4,4,564,NA,1.109,0.977313927455013,1,25.1,27.8,30.34,22.67,31,14,24.2,41.8,34.3,21.6,55.9,29.6,48.9,70.4,54.3,45.1,"High","High","High","High","High","High"
"Ag00001aa091569_T002",TRUE,"Master Protein","Ag00001aa091569_T002",16,5,7,355,NA,0.666,0.100251617447708,0.306437234352855,179.2,119.3,12.5,6.02,230.4,242.7,206.6,165.1,194.3,132.6,415.1,513.5,417.6,278.1,307.4,276.7,"High","High","High","High","High","High"
"Ag00001aa066442_T001",TRUE,"Master Protein","Ag00001aa066442_T001",16,4,4,291,NA,0.601,0.000164432580484486,0.00323317336109637,128.3,77,7.09,4.76,150.4,112.9,133.9,96.5,98,81.7,271,238.9,270.7,162.6,155,170.5,"High","High","High","High","High","High"
"Ag00001aa047468_T002",TRUE,"Master Protein","Ag00001aa047468_T002",12,4,4,557,NA,0.545,0.000477036417438237,0.00690804377038749,115.8,63.1,13.47,5.59,100.4,66.1,74.8,53.2,52.1,38.7,180.9,139.8,151.2,89.6,82.4,80.8,"High","High","High","High","High","High"
"Ag00001aa089627_T001",TRUE,"Master Protein","Ag00001aa089627_T001",9,4,6,439,NA,1.789,0.00103268014252111,0.0114541479186288,33.3,59.5,4.87,4.27,61.6,48.2,50.6,107.5,115.7,93.8,111,102,102.3,181.1,183,195.8,"High","High","High","High","High","High"
"Ag00001aa015171_T001",TRUE,"Master Protein","Ag00001aa015171_T001",9,2,12,235,NA,4.121,3.03310310334481e-06,0.00054358680880697,51.2,210.9,6.46,8.31,40.4,30.7,32.4,163.4,170.6,112.8,72.8,65,65.5,275.3,269.9,235.4,"High","High","High","High","High","High"
"Ag00001aa068425_T001",TRUE,"Master Protein","Ag00001aa068425_T001",11,4,6,526,NA,1.413,0.00815226789754753,0.049697559490011,104.9,148.3,19.64,8.69,69.6,41.5,63,100.3,112,95.6,125.4,87.8,127.3,169,177.2,199.5,"High","High","High","High","High","High"
"Ag00001aa022523_T001",TRUE,"Master Protein","Ag00001aa022523_T001",21,3,5,287,NA,0.966,0.996525701224807,1,126.1,121.7,7.93,8.96,105.6,76.7,87.9,91.7,116.9,82.2,190.3,162.3,177.7,154.5,184.9,171.6,"High","High","High","High","High","High"
"Ag00001aa027452_T001",TRUE,"Master Protein","Ag00001aa027452_T001",10,2,4,213,NA,0.861,0.932964031374079,1,102.2,88,14.51,5.29,50.3,54.4,59.4,61.7,59.1,47.5,90.6,115.1,120.1,103.9,93.5,99.1,"High","High","High","High","High","High"
"Ag00001aa008510_T002",TRUE,"Master Protein","Ag00001aa008510_T002",5,5,6,1370,NA,0.945,0.981665889223311,1,69.3,65.5,10.5,7.65,63.3,44.8,47.7,54.1,64.2,42.1,114,94.8,96.4,91.1,101.6,87.9,"High","High","High","High","High","High"
"Ag00001aa075412_T001",TRUE,"Master Protein","Ag00001aa075412_T001",26,3,5,144,NA,NA,NA,NA,NA,NA,NA,NA,NA,NA,NA,NA,NA,NA,NA,NA,NA,NA,NA,NA,"High","High","Not Found","High","High","High"
"Ag00001aa019796_T001",TRUE,"Master Protein","Ag00001aa019796_T001",17,4,5,394,NA,1.172,0.252386147575775,0.594748019141491,88.9,104.1,8.65,6.16,55.7,50.8,44.7,69.8,76.2,51.3,100.4,107.5,90.4,117.6,120.5,107.1,"High","High","High","High","High","High"
"Ag00001aa071680_T001",TRUE,"Master Protein","Ag00001aa071680_T001",9,4,4,523,NA,1.429,0.179069666537688,0.464299420384242,107.9,154.3,20.87,10.14,122.2,72.2,113.6,211.6,184.8,150.8,220.2,152.8,229.6,356.5,292.3,314.7,"High","High","High","High","High","High"
"Ag00001aa072110_T001",TRUE,"Master Protein","Ag00001aa072110_T001",8,2,5,361,NA,NA,NA,NA,NA,NA,NA,NA,NA,NA,NA,NA,NA,NA,NA,NA,NA,NA,NA,NA,"High","High","High","High","High","High"
"Ag00001aa087255_T001",TRUE,"Master Protein","Ag00001aa087255_T001",11,5,5,428,NA,0.556,0.00816895194375022,0.0497462393496314,83.1,46.2,21.82,10.92,113.9,68.8,112.1,67.7,68.4,63.7,205.2,145.6,226.6,114.1,108.2,132.9,"High","High","High","High","High","High"
"Ag00001aa093992_T002",TRUE,"Master Protein","Ag00001aa093992_T002",8,3,10,387,NA,NA,NA,NA,NA,NA,NA,NA,NA,NA,NA,NA,NA,NA,NA,NA,NA,NA,NA,NA,"Not Found","Not Found","Not Found","High","High","Not Found"
"Ag00001aa004070_T001",TRUE,"Master Protein","Ag00001aa004070_T001",15,4,4,368,NA,1.169,0.08504925085241,0.271144384617354,117.5,137.3,14.46,4.31,230.2,151.9,208.2,295,306.4,218.8,414.8,321.4,420.9,497,484.7,456.6,"High","High","High","High","High","High"
"Ag00001aa090102_T001",TRUE,"Master Protein","Ag00001aa090102_T001",14,3,7,323,NA,NA,NA,NA,NA,NA,NA,NA,NA,NA,NA,NA,NA,NA,NA,NA,NA,NA,NA,NA,"High","High","High","High","High","High"
"Ag00001aa120107_T001",TRUE,"Master Protein","Ag00001aa120107_T001",6,3,5,557,NA,1.122,0.532110857075208,0.999243235582184,105,117.7,17.43,6.18,82.1,63.6,51.5,82.8,95.4,75.6,147.9,134.6,104.1,139.5,150.9,157.8,"High","High","High","High","High","High"
"Ag00001aa001253_T001",TRUE,"Master Protein","Ag00001aa001253_T001",13,3,4,403,NA,0.75,0.000420706836895435,0.00624795524251687,119.7,89.7,7.38,3.78,90.4,68,71,60,68.2,51.8,162.9,143.9,143.5,101.1,107.9,108.1,"High","High","High","High","High","High"
"Ag00001aa106844_T003",TRUE,"Master Protein","Ag00001aa106844_T003",9,4,5,670,NA,0.337,1.04739455620839e-05,0.000643262778228948,239.6,80.6,18.63,5.99,392.4,272.1,415.2,139.1,150.4,125.2,707,575.7,839.3,234.3,237.9,261.3,"High","High","High","High","High","High"
"Ag00001aa076310_T002",TRUE,"Master Protein","Ag00001aa076310_T002",9,4,6,403,NA,0.81,0.328941199189682,0.716367512460966,124.7,101,10.63,11.61,57.8,60.1,54.1,52.6,54.4,50.8,104.1,127.2,109.4,88.6,86.1,106,"High","High","High","High","High","High"
"Ag00001aa018451_T001",TRUE,"Master Protein","Ag00001aa018451_T001",11,4,5,547,NA,1.489,0.00187904071681444,0.0174207757782921,77,114.6,7.44,4.07,123.7,91.7,98.8,175.9,201.2,142.5,222.9,194,199.7,296.3,318.3,297.4,"High","High","High","High","High","High"
"Ag00001aa091159_T001",TRUE,"Master Protein","Ag00001aa091159_T001",19,2,6,135,NA,1.213,0.765486696582968,1,127,154.1,7.8,11.18,240.9,223.3,200.1,318.9,332.9,208.7,434,472.4,404.5,537.2,526.6,435.6,"High","High","High","High","High","High"
"Ag00001aa063605_T001",TRUE,"Master Protein","Ag00001aa063605_T001",10,3,4,349,NA,0.686,0.182997481233071,0.471050535925645,115.8,79.5,23.66,10.26,169.9,223.8,168.6,145.3,126.6,112.1,306.1,473.5,340.8,244.8,200.3,234,"High","High","High","High","High","High"
"Ag00001aa070748_T001",TRUE,"Master Protein","Ag00001aa070748_T001",20,2,3,172,NA,0.45,0.000182297930134911,0.0034651144040636,87.1,39.2,10.21,5.62,147.7,150.2,133.1,70.2,76.6,63,266.1,317.8,269,118.3,121.2,131.5,"High","High","High","High","High","High"
"Ag00001aa079465_T001",TRUE,"Master Protein","Ag00001aa079465_T001",16,3,7,315,NA,0.774,0.910376866970946,1,144.3,111.7,15.22,18.31,20.2,12.9,17.6,14.7,17.4,16.8,36.4,27.3,35.6,24.8,27.5,35.1,"High","High","High","High","High","High"
"Ag00001aa072455_T001",TRUE,"Master Protein","Ag00001aa072455_T001",19,3,10,262,NA,1.255,0.92728012446317,1,68.2,85.5,8.9,14.57,36.8,26.3,29.5,45.3,47.3,27.8,66.3,55.6,59.6,76.3,74.8,58,"High","High","High","High","High","High"
"Ag00001aa044203_T002",TRUE,"Master Protein","Ag00001aa044203_T002",19,4,7,270,NA,0.915,0.850561623538532,1,84.1,76.9,7.36,4.59,107.3,105.7,101.6,111.5,126.1,87.4,193.3,223.6,205.4,187.8,199.5,182.4,"High","High","High","High","High","High"
"Ag00001aa123324_T001",TRUE,"Master Protein","Ag00001aa123324_T001",22,4,5,288,"Met-loss [N-Term]",1.172,0.843555864640979,1,54.9,64.3,9.45,25.95,13.4,13.1,11.5,16.8,16,19.5,24.1,27.7,23.2,28.3,25.3,40.7,"High","High","High","High","High","High"
"Ag00001aa065040_T001",TRUE,"Master Protein","Ag00001aa065040_T001",13,3,5,270,NA,0.327,0.000278929560548313,0.00473544516041994,267.3,87.5,20.21,16.75,54,41.6,63.5,18.9,21,11.5,97.3,88,128.4,31.8,33.2,24,"High","High","High","High","High","High"
"Ag00001aa022109_T001",TRUE,"Master Protein","Ag00001aa022109_T001",29,3,5,207,NA,1.165,0.765085713315152,1,90.8,105.8,6.41,10.32,87.5,68.4,68.9,100.1,113.6,70.1,157.7,144.7,139.3,168.6,179.7,146.3,"High","High","High","High","High","High"
"Ag00001aa003786_T001",TRUE,"Master Protein","Ag00001aa003786_T001",9,2,9,395,NA,0.776,0.810696023508999,1,118.6,92,7.56,4.9,147.5,109,129.2,125.2,120.9,97.1,265.8,230.6,261.2,210.9,191.3,202.7,"High","High","High","High","High","High"
"Ag00001aa019414_T001",TRUE,"Master Protein","Ag00001aa019414_T001",14,5,5,464,NA,1.155,0.984175684716042,1,99.6,115.1,7.53,5.08,20.6,20.1,18.7,24.3,27.6,21.7,37.1,42.5,37.8,40.9,43.7,45.3,"High","High","High","High","High","High"
"Ag00001aa121948_T001",TRUE,"Master Protein","Ag00001aa121948_T001",17,3,4,231,NA,1.07,0.87939531040683,1,114.3,122.2,8.05,2.56,111.2,105.6,94.7,126,140.8,102.7,200.4,223.4,191.4,212.3,222.7,214.3,"High","High","High","High","High","High"
"Ag00001aa120684_T001",TRUE,"Master Protein","Ag00001aa120684_T001",13,4,11,341,NA,0.587,0.0688584461111481,0.230326960637851,102.3,60,18.99,43.63,15,8.7,11.2,10.1,8.4,3.1,27,18.4,22.6,17,13.3,6.5,"High","High","High","High","High","High"
"Ag00001aa008073_T003",TRUE,"Master Protein","Ag00001aa008073_T003",10,3,4,386,NA,0.969,0.999568499267542,1,90.8,87.9,8.38,7.44,104.3,104.4,105.9,123.1,124.6,109.2,187.9,220.9,214.1,207.4,197.1,227.9,"High","High","High","High","High","High"
"Ag00001aa003272_T001",TRUE,"Master Protein","Ag00001aa003272_T001",9,4,5,472,NA,0.848,0.190381130697029,0.4839765884174,65,55.1,6.64,4.63,37.9,30,29.6,34,33.1,25.8,68.3,63.5,59.8,57.3,52.4,53.8,"High","High","High","High","High","High"
"Ag00001aa085062_T001",TRUE,"Master Protein","Ag00001aa085062_T001",21,3,3,212,NA,0.792,0.148649518654569,0.410672353740248,60.2,47.6,13.68,8.8,8.7,8.1,10.1,8.5,7.6,6.5,15.7,17.1,20.4,14.3,12,13.6,"High","High","High","High","High","High"
"Ag00001aa030762_T001",TRUE,"Master Protein","Ag00001aa030762_T001",7,4,4,656,NA,NA,NA,NA,NA,NA,NA,NA,NA,NA,NA,NA,NA,NA,NA,NA,NA,NA,NA,NA,"High","High","High","High","High","High"
"Ag00001aa079296_T001",TRUE,"Master Protein","Ag00001aa079296_T001",24,6,6,250,NA,0.828,0.0282411455877665,0.122614926453552,123.3,102.1,10.09,9.32,144.4,119.6,150.3,127.9,141.1,89.3,260.2,253,303.8,215.5,223.2,186.4,"High","High","High","High","High","High"
"Ag00001aa011330_T001",TRUE,"Master Protein","Ag00001aa011330_T001",9,4,5,432,NA,1.036,0.999651028926217,1,55.4,57.4,10.89,8.73,66.4,50.6,47.6,74.6,70.1,51.1,119.6,107.1,96.2,125.7,110.9,106.6,"High","High","High","High","High","High"
"Ag00001aa024193_T001",TRUE,"Master Protein","Ag00001aa024193_T001",22,4,5,220,NA,0.345,2.24931576142673e-07,0.00016530211288258,172.6,59.6,11.55,2.14,121.5,130.5,125.5,52,54.1,42.8,218.9,276.1,253.7,87.6,85.6,89.3,"High","High","High","High","High","High"
"Ag00001aa061390_T001",TRUE,"Master Protein","Ag00001aa061390_T001",25,3,7,288,NA,0.208,0.00270683122672133,0.0227343302044149,279.6,58,18.39,3.43,70.7,42.3,49.8,12.4,12.5,10.1,127.4,89.5,100.7,20.9,19.8,21.1,"High","High","High","High","High","High"
"Ag00001aa048615_T001",TRUE,"Master Protein","Ag00001aa048615_T001",26,5,9,247,NA,2.293,6.30489622870378e-05,0.00172938442471097,45.9,105.2,14.79,6.93,41.1,40.5,31.5,100.8,111.4,73.7,74.1,85.7,63.7,169.8,176.2,153.8,"High","High","High","High","High","High"
"Ag00001aa028571_T001",TRUE,"Master Protein","Ag00001aa028571_T001",23,4,5,183,NA,1.78,0.300114975454139,0.670937962382748,25.5,45.3,14.21,11.59,12.1,10.5,13.8,26.8,25,17.2,21.8,22.2,27.9,45.1,39.5,35.9,"High","High","High","High","High","High"
"Ag00001aa087978_T001",TRUE,"Master Protein","Ag00001aa087978_T001",14,3,3,413,NA,1.075,0.977260541683853,1,45.9,49.4,1.48,26.1,6.7,5.6,5.8,7.6,4.9,6.1,12.1,11.8,11.7,12.8,7.8,12.7,"High","High","High","High","High","High"
"Ag00001aa002927_T001",TRUE,"Master Protein","Ag00001aa002927_T001",9,4,6,526,NA,0.214,0.000805349133431665,0.00970000098255542,281.3,60.2,32.24,7.19,270,436,319,81.9,95.5,62.9,486.5,922.5,644.8,138,151.1,131.3,"High","High","High","High","High","High"
"Ag00001aa009838_T001",TRUE,"Master Protein","Ag00001aa009838_T001",26,4,7,164,NA,1.703,0.805868038285741,1,38.3,65.2,6.59,10.47,65.9,49.2,55.9,114.2,136.6,84.1,118.7,104.1,113,192.4,216.1,175.5,"High","High","High","High","High","High"
"Ag00001aa081371_T001",TRUE,"Master Protein","Ag00001aa081371_T001",7,2,7,394,NA,1.573,NA,NA,15.3,24,NA,NA,2.2,0,0,3.7,0,0,4,0,0,6.2,0,0,"High","Not Found","Not Found","High","Not Found","Not Found"
"Ag00001aa064543_T002",TRUE,"Master Protein","Ag00001aa064543_T002",15,3,4,279,NA,1.275,0.145735079895999,0.405053797154971,117,149.2,6.17,6.62,220.3,195.6,181.1,270.1,320,247,396.9,413.8,366.1,455,506.2,515.5,"High","High","High","High","High","High"
"Ag00001aa157643_T001",TRUE,"Master Protein","Ag00001aa157643_T001",14,2,8,155,NA,0.959,0.998939916506105,1,115.6,110.9,2.63,4.99,184.8,164.9,172.3,187.7,220.9,160.1,333,348.9,348.3,316.2,349.4,334.1,"High","High","High","High","High","High"
"Ag00001aa096883_T004",TRUE,"Master Protein","Ag00001aa096883_T004",7,4,5,998,NA,NA,NA,NA,NA,NA,NA,NA,NA,NA,NA,NA,NA,NA,NA,NA,NA,NA,NA,NA,"High","High","High","High","High","High"
"Ag00001aa071026_T001",TRUE,"Master Protein","Ag00001aa071026_T001",4,3,7,776,NA,0.543,2.35861243682578e-05,0.000854405562981448,229.4,124.5,13.78,2.89,176.2,115,151.1,94,105.7,79.4,317.5,243.3,305.4,158.4,167.2,165.7,"High","High","High","High","High","High"
"Ag00001aa053985_T001",TRUE,"Master Protein","Ag00001aa053985_T001",14,3,4,334,NA,NA,NA,NA,NA,NA,NA,NA,NA,NA,NA,NA,NA,NA,NA,NA,NA,NA,NA,NA,"High","High","High","High","High","High"
"Ag00001aa064245_T001",TRUE,"Master Protein","Ag00001aa064245_T001",17,3,4,222,NA,0.852,0.561548411036957,1,106.1,90.4,12.13,2.08,55.3,59.8,54.3,55.5,58.6,46.2,99.6,126.5,109.8,93.5,92.7,96.4,"High","High","High","High","High","High"
"Ag00001aa123006_T001",TRUE,"Master Protein","Ag00001aa123006_T001",21,3,8,222,NA,1.731,0.804492925500044,1,55.9,96.8,52.98,9.2,83.9,30.4,32.6,64.3,72.1,61.9,151.2,64.3,65.9,108.3,114.1,129.2,"High","High","High","High","High","High"
"Ag00001aa008956_T001",TRUE,"Master Protein","Ag00001aa008956_T001",28,5,8,170,NA,0.76,0.623556905571929,1,72.5,55.2,12.84,14.49,99.7,76.3,68.6,85.4,68.2,58.8,179.6,161.4,138.7,143.9,107.9,122.7,"High","High","High","High","High","High"
"Ag00001aa086292_T001",TRUE,"Master Protein","Ag00001aa086292_T001",14,4,7,419,NA,1.194,0.877427449122285,1,83.6,99.8,19,13.18,114.7,67.8,80.3,130.9,122.5,81.1,206.7,143.4,162.3,220.5,193.8,169.3,"High","High","High","High","High","High"
"Ag00001aa024085_T001",TRUE,"Master Protein","Ag00001aa024085_T001",12,4,4,384,NA,0.82,0.0844048212918369,0.269688112642389,81.3,66.7,10.84,13.7,51.5,42.3,54,51.7,48.1,31.7,92.8,89.5,109.2,87.1,76.1,66.2,"High","High","High","High","High","High"
"Ag00001aa090760_T001",TRUE,"Master Protein","Ag00001aa090760_T001",20,4,5,314,NA,1.232,0.0812699568982928,0.261741750118593,70.3,86.6,3.58,8.99,153.9,122.3,134.9,197.6,212.3,186.5,277.3,258.8,272.7,332.9,335.8,389.2,"High","High","High","High","High","High"
"Ag00001aa055469_T001",TRUE,"Master Protein","Ag00001aa055469_T001",15,4,8,349,NA,1.751,0.000981877853694746,0.0109518205524885,92.2,161.5,4.14,2.04,133.2,107.4,122,242.3,268.4,201.4,240,227.2,246.6,408.2,424.6,420.3,"High","High","High","High","High","High"
"Ag00001aa030818_T001",TRUE,"Master Protein","Ag00001aa030818_T001",30,4,4,150,"Met-loss [N-Term]",1.471,0.0236684956086204,0.109376165437587,103.3,152,9.72,7.04,94.8,74.3,69.5,129.4,146.2,120.1,170.8,157.2,140.5,218,231.3,250.7,"High","High","High","High","High","High"
"Ag00001aa107003_T001",TRUE,"Master Protein","Ag00001aa107003_T001",13,4,8,353,NA,1.671,0.0910083900330831,0.284907463487095,52.4,87.6,20.84,18.18,28.1,16.6,18.2,36.5,47.5,25.1,50.6,35.1,36.8,61.5,75.1,52.4,"High","High","High","High","High","High"
"Ag00001aa000452_T001",TRUE,"Master Protein","Ag00001aa000452_T001",17,4,4,466,NA,1.118,0.99402004624764,1,58.8,65.7,17.21,15.81,29.7,25.8,19.5,35.5,40.2,22.3,53.5,54.6,39.4,59.8,63.6,46.5,"High","High","High","High","High","High"
"Ag00001aa031328_T002",TRUE,"Master Protein","Ag00001aa031328_T002",7,3,4,419,NA,0.85,0.837619379267692,1,207.8,176.7,9.04,8.44,64.9,64.2,57.5,59,54.7,48.6,116.9,135.8,116.2,99.4,86.5,101.4,"High","High","High","High","High","High"
"Ag00001aa041105_T001",TRUE,"Master Protein","Ag00001aa041105_T001",5,2,4,524,NA,0.593,0.00865422070857924,0.0517127111581085,145.4,86.2,3.12,5.5,48.1,43.4,43.3,32.5,32.8,23.5,86.7,91.8,87.5,54.8,51.9,49,"High","High","High","High","High","High"
"Ag00001aa058386_T002",TRUE,"Master Protein","Ag00001aa058386_T002",16,3,5,351,NA,0.992,0.999780923377593,1,101.5,100.7,8.25,6.35,19.4,18,20.4,24.7,23.4,18.1,35,38.1,41.2,41.6,37,37.8,"High","High","High","High","High","High"
"Ag00001aa151548_T001",TRUE,"Master Protein","Ag00001aa151548_T001",9,5,8,781,NA,1.697,0.538268432831119,1,34.6,58.7,17.5,15.37,14.4,10,9.1,16.6,22.7,18.1,25.9,21.2,18.4,28,35.9,37.8,"High","High","High","High","High","High"
"Ag00001aa070339_T001",TRUE,"Master Protein","Ag00001aa070339_T001",6,3,6,398,NA,1.175,0.862690405896478,1,147.4,173.2,14,6.58,115.8,122.6,100.1,145.5,151.5,129.7,208.6,259.4,202.3,245.1,239.7,270.7,"High","High","High","High","High","High"
"Ag00001aa010516_T001",TRUE,"Master Protein","Ag00001aa010516_T001",8,3,5,371,NA,0.533,0.00316338259561844,0.0254394020071394,249.2,132.8,15.46,1.58,185.8,166.9,219.5,111.7,121.8,89.6,334.8,353.1,443.7,188.2,192.7,187,"High","High","High","High","High","High"
"Ag00001aa030234_T001",TRUE,"Master Protein","Ag00001aa030234_T001",18,3,4,112,NA,1.076,0.99997989198468,1,145,156,9.24,17.31,51.7,37,40.4,54.2,41.3,42.1,93.1,78.3,81.7,91.3,65.3,87.9,"High","High","High","High","High","High"
"Ag00001aa093445_T001",TRUE,"Master Protein","Ag00001aa093445_T001",13,2,5,224,NA,1.216,0.931585278130573,1,115.1,140,17.57,15.2,101.3,60.4,80.5,117.5,129.2,73.2,182.5,127.8,162.7,197.9,204.4,152.8,"High","High","High","High","High","High"
"Ag00001aa020140_T001",TRUE,"Master Protein","Ag00001aa020140_T001",15,5,6,505,NA,0.832,0.0440077659461495,0.168218220339792,94.5,78.7,9.25,2.96,171.5,125.9,129.8,127.9,144.5,106.2,309,266.4,262.4,215.5,228.6,221.6,"High","High","High","High","High","High"
"Ag00001aa041954_T001",TRUE,"Master Protein","Ag00001aa041954_T001",24,4,5,198,NA,1.48,0.159483522985762,0.430759122253668,125.2,185.4,2.94,7.4,70.9,61.3,60.6,102.6,126.7,90.6,127.7,129.7,122.5,172.8,200.4,189.1,"High","High","High","High","High","High"
"Ag00001aa090750_T001",TRUE,"Master Protein","Ag00001aa090750_T001",13,3,4,277,NA,1.771,2.85272523607993e-05,0.000991218057247832,88.1,156,12.62,2.93,87.7,60.4,63.3,129,145.4,108.6,158,127.8,128,217.3,230,226.7,"High","High","High","High","High","High"
"Ag00001aa012158_T001",TRUE,"Master Protein","Ag00001aa012158_T001",11,4,6,528,NA,NA,NA,NA,NA,NA,NA,NA,NA,NA,NA,NA,NA,NA,NA,NA,NA,NA,NA,NA,"High","High","High","High","High","High"
"Ag00001aa092670_T002",TRUE,"Master Protein","Ag00001aa092670_T002",7,4,5,448,NA,1.041,0.730058148410448,1,88,91.6,5.36,17.04,77.8,64.4,74.7,86.1,92.2,92.5,140.2,136.3,151,145,145.9,193.1,"High","High","High","High","High","High"
"Ag00001aa147144_T001",TRUE,"Master Protein","Ag00001aa147144_T001",13,4,5,284,NA,1.12,0.647813001718875,1,66.7,74.7,18.2,9.66,25.1,15.1,21.8,32.7,31.2,21.8,45.2,31.9,44.1,55.1,49.4,45.5,"High","High","High","High","High","High"
"Ag00001aa000044_T001",TRUE,"Master Protein","Ag00001aa000044_T001",8,2,5,394,NA,0.589,0.00686644333358788,0.0447181812293445,254,149.7,33.83,19.85,107.9,152.8,89.3,81.5,72.4,44,194.4,323.3,180.5,137.3,114.5,91.8,"High","High","High","High","High","High"
"Ag00001aa148972_T001",TRUE,"Master Protein","Ag00001aa148972_T001",14,3,9,199,NA,1.102,0.994227727927056,1,108.9,120,11.62,8.83,279.7,238.2,303.1,329.7,320.4,289.9,503.9,504,612.7,555.4,506.8,605,"Not Found","Not Found","Not Found","Not Found","Not Found","Not Found"
"Ag00001aa154356_T004",TRUE,"Master Protein","Ag00001aa154356_T004",8,4,4,586,NA,1.162,0.931044752894903,1,85.6,99.5,3.19,1.12,19.1,16.3,18,24.1,25.1,19.2,34.4,34.5,36.4,40.6,39.7,40.1,"High","High","High","High","High","High"
"Ag00001aa116929_T001",TRUE,"Master Protein","Ag00001aa116929_T001",14,4,6,403,NA,0.86,0.106331296598482,0.320135504069903,77.2,66.4,6.36,8.5,77.7,71.3,65.8,73.3,66.4,57.7,140,150.9,133,123.5,105,120.4,"High","High","High","High","High","High"
"Ag00001aa021912_T001",TRUE,"Master Protein","Ag00001aa021912_T001",11,3,3,501,NA,0.335,0.0108453632157125,0.0616821946098123,358.9,120.2,26.25,23.46,71.8,102.3,78.9,31.7,27.4,33.1,129.4,216.4,159.5,53.4,43.3,69.1,"High","High","High","High","High","High"
"Ag00001aa029242_T001",TRUE,"Master Protein","Ag00001aa029242_T001",6,2,4,564,NA,1.259,0.0312042249180792,0.131132564377175,76.8,96.7,6.62,9.2,30.2,26.2,24.2,37.1,43.3,36,54.4,55.4,48.9,62.5,68.5,75.1,"High","High","High","High","High","High"
"Ag00001aa008083_T001",TRUE,"Master Protein","Ag00001aa008083_T001",13,2,3,225,NA,0.893,0.971658574800016,1,93.5,83.5,13.62,5.28,34,31.8,25.3,33,31.8,26.2,61.3,67.3,51.1,55.6,50.3,54.7,"High","High","High","High","High","High"
"Ag00001aa093869_T001",TRUE,"Master Protein","Ag00001aa093869_T001",37,3,5,90,"Met-loss [N-Term]",1.422,0.918870441208159,1,14.6,20.7,38.99,7.27,2.4,3.6,0,5.1,4.9,0,4.3,7.6,0,8.6,7.8,0,"High","High","Not Found","High","High","Not Found"
"Ag00001aa104359_T001",TRUE,"Master Protein","Ag00001aa104359_T001",7,2,6,320,NA,1.582,0.0463709447305164,0.17430970487251,61.5,97.3,17.34,5.66,38.9,39.5,29.2,65.8,69.4,58.2,70.1,83.6,59,110.9,109.8,121.5,"High","High","High","High","High","High"
"Ag00001aa047131_T001",TRUE,"Master Protein","Ag00001aa047131_T001",8,4,5,684,NA,1.092,0.988494857997191,1,61.5,67.1,9.87,11.77,48.1,33.6,39,51.1,58.6,35.1,86.7,71.1,78.8,86.1,92.7,73.3,"High","High","High","High","High","High"
"Ag00001aa060062_T003",TRUE,"Master Protein","Ag00001aa060062_T003",16,3,5,333,"Met-loss [N-Term]",1.283,0.187337768198316,0.477683252329382,72.9,93.5,6.57,11.79,52.4,50.9,50.2,77.3,76.7,72.9,94.4,107.7,101.5,130.2,121.3,152.1,"High","High","High","High","High","High"
"Ag00001aa052591_T001",TRUE,"Master Protein","Ag00001aa052591_T001",21,4,8,306,NA,0.954,0.999796863243516,1,77,73.5,6.61,4.55,110.8,99.1,90.9,119.8,116.7,91.3,199.6,209.7,183.7,201.8,184.6,190.5,"High","High","High","High","High","High"
"Ag00001aa061239_T002",TRUE,"Master Protein","Ag00001aa061239_T002",6,4,5,961,NA,0.452,0.00165226765305515,0.0159189376629841,185,83.6,2.98,6.74,89.6,79.6,78.7,43.3,51.6,34.8,161.4,168.4,159.1,72.9,81.6,72.6,"High","High","High","High","High","High"
"Ag00001aa001397_T001",TRUE,"Master Protein","Ag00001aa001397_T001",7,3,4,732,NA,1.041,0.984681068395701,1,47.6,49.5,11.55,14.11,35.6,25.1,26,32.8,38,21.7,64.1,53.1,52.6,55.3,60.1,45.3,"High","High","High","High","High","High"
"Ag00001aa005791_T001",TRUE,"Master Protein","Ag00001aa005791_T001",19,4,4,257,NA,0.695,0.358034605061311,0.763170486843041,196.8,136.8,9.35,8.64,187.1,133.3,146.7,122.4,119.4,107.6,337.1,282,296.5,206.2,188.9,224.6,"High","High","High","High","High","High"
"Ag00001aa100013_T001",TRUE,"Master Protein","Ag00001aa100013_T001",11,4,4,687,NA,1.324,0.575671059676283,1,85.1,112.7,26.62,13.94,53.1,65.7,42.3,92.8,76.8,60.7,95.7,139,85.5,156.3,121.5,126.7,"High","High","High","High","High","High"
"Ag00001aa030389_T001",TRUE,"Master Protein","Ag00001aa030389_T001",6,4,6,561,NA,0.657,0.123420390743166,0.359859135627414,235.6,154.9,9.95,8.88,288.9,206.7,259.4,203.1,193.9,175.6,520.5,437.3,524.3,342.2,306.7,366.5,"High","High","High","High","High","High"
"Ag00001aa044936_T001",TRUE,"Master Protein","Ag00001aa044936_T001",37,4,5,139,NA,0.89,0.892745972700613,1,110.6,98.4,5.21,5.12,108.7,83.9,89.8,95.9,110.3,76,195.8,177.5,181.5,161.6,174.5,158.6,"High","High","High","High","High","High"
"Ag00001aa056200_T001",TRUE,"Master Protein","Ag00001aa056200_T001",7,2,6,458,NA,0.792,0.395250187245802,0.81709333094007,160,126.7,29.32,19.09,192.3,114.8,97.2,114.2,136.3,70.1,346.5,242.9,196.5,192.4,215.6,146.3,"High","High","High","High","High","High"
"Ag00001aa073026_T001",TRUE,"Master Protein","Ag00001aa073026_T001",11,4,5,435,NA,NA,NA,NA,NA,NA,NA,NA,NA,NA,NA,NA,NA,NA,NA,NA,NA,NA,NA,NA,"High","High","High","High","High","High"
"Ag00001aa044570_T002",TRUE,"Master Protein","Ag00001aa044570_T002",8,4,6,772,NA,0.895,0.919340950958796,1,175.3,156.9,28.48,2.5,103.3,131.3,81.9,103,105.3,79.5,186.1,277.8,165.6,173.5,166.6,165.9,"High","High","High","High","High","High"
"Ag00001aa135387_T001",TRUE,"Master Protein","Ag00001aa135387_T001",25,4,5,202,NA,0.855,0.737656901080881,1,99.6,85.2,10.23,6.2,41.5,40.4,45.4,43.4,45.3,38.5,74.8,85.5,91.8,73.1,71.7,80.4,"High","High","High","High","High","High"
"Ag00001aa083337_T001",TRUE,"Master Protein","Ag00001aa083337_T001",6,3,3,649,NA,1.317,0.850001820305323,1,89.4,117.7,10.75,8.37,74.6,52,56.9,89.9,93.8,82.7,134.4,110,115,151.5,148.4,172.6,"High","High","High","High","High","High"
"Ag00001aa013881_T001",TRUE,"Master Protein","Ag00001aa013881_T001",4,4,5,1397,NA,0.956,0.999996362237023,1,152.7,146.1,5.56,6.44,108.8,87.9,102.8,123.8,118.5,89.3,196,186,207.8,208.6,187.5,186.4,"High","High","High","High","High","High"
"Ag00001aa051068_T002",TRUE,"Master Protein","Ag00001aa051068_T002",16,3,4,356,NA,1.049,0.999988641768632,1,85.3,89.5,3.04,8.87,103.7,92.7,91.8,123,109.8,93.9,186.8,196.1,185.6,207.2,173.7,196,"High","High","High","High","High","High"
"Ag00001aa099022_T001",TRUE,"Master Protein","Ag00001aa099022_T001",9,5,6,557,NA,0.577,0.000511297740100169,0.00721684353763934,215.8,124.6,14.93,8.26,491,424.2,565.4,278.7,327.5,265.5,884.6,897.5,1142.9,469.5,518.1,554.1,"High","High","High","High","High","High"
"Ag00001aa090087_T003",TRUE,"Master Protein","Ag00001aa090087_T003",10,3,4,592,NA,1.342,0.406853733269752,0.83192636066036,54.2,72.8,12.1,4.75,34.9,26.4,24.4,45.5,47.4,33.5,62.9,55.9,49.3,76.7,75,69.9,"High","High","High","High","High","High"
"Ag00001aa089874_T002",TRUE,"Master Protein","Ag00001aa089874_T002",6,3,3,974,NA,0.698,0.067933052177733,0.227839064543189,128.2,89.5,5.17,21.88,33.4,25.9,29.6,24.8,34.2,16.9,60.2,54.8,59.8,41.8,54.1,35.3,"High","High","High","High","High","High"
"Ag00001aa089372_T002",TRUE,"Master Protein","Ag00001aa089372_T002",30,4,7,194,NA,0.711,0.0507266806364081,0.184570471630197,148,105.2,12.04,15.76,183.3,192.7,166.3,132.1,151.1,143,330.3,407.7,336.2,222.5,239,298.4,"High","High","High","High","High","High"
"Ag00001aa121093_T001",TRUE,"Master Protein","Ag00001aa121093_T001",22,4,5,257,NA,1.2,0.83082579259033,1,88,105.7,19.4,12.72,65.1,54.6,40.2,82.3,70.5,67.9,117.3,115.5,81.3,138.6,111.5,141.7,"High","High","High","High","High","High"
"Ag00001aa030633_T003",TRUE,"Master Protein","Ag00001aa030633_T003",17,3,5,189,NA,1.276,0.932730290560824,1,31.5,40.2,6.42,11.37,51.4,38.5,42.9,74.1,62.9,53,92.6,81.5,86.7,124.8,99.5,110.6,"High","High","High","High","High","High"
"Ag00001aa059992_T001",TRUE,"Master Protein","Ag00001aa059992_T001",23,4,8,207,NA,NA,NA,NA,NA,NA,NA,NA,NA,NA,NA,NA,NA,NA,NA,NA,NA,NA,NA,NA,"High","High","High","High","High","High"
"Ag00001aa068418_T001",TRUE,"Master Protein","Ag00001aa068418_T001",23,3,12,159,NA,NA,NA,NA,NA,NA,NA,NA,NA,NA,NA,NA,NA,NA,NA,NA,NA,NA,NA,NA,"High","High","High","High","High","High"
"Ag00001aa052434_T001",TRUE,"Master Protein","Ag00001aa052434_T001",19,4,5,360,NA,0.743,0.540167644672993,1,153.6,114.1,19.37,27.47,236.5,147.5,151.7,181.3,146.5,84,426.1,312.1,306.6,305.4,231.7,175.3,"High","High","High","High","High","High"
"Ag00001aa019029_T001",TRUE,"Master Protein","Ag00001aa019029_T001",10,3,3,536,NA,0.644,0.107997687624931,0.322585574214016,164.1,105.8,29.32,4.58,51.8,70.4,45.3,35.7,35.2,29,93.3,148.9,91.6,60.1,55.7,60.5,"High","High","Not Found","High","High","High"
"Ag00001aa096577_T001",TRUE,"Master Protein","Ag00001aa096577_T001",4,2,3,1020,NA,0.758,0.220708749799455,0.539902890006139,105.1,79.7,6.87,16.1,27.8,25.1,28.4,23.9,30.9,17.1,50.1,53.1,57.4,40.3,48.9,35.7,"High","High","High","High","High","High"
"Ag00001aa106507_T001",TRUE,"Master Protein","Ag00001aa106507_T001",13,2,14,205,NA,0.856,0.602726328373422,1,69.2,59.3,13.36,9.93,14.2,11.9,15.7,13,12.8,11.8,25.6,25.2,31.7,21.9,20.2,24.6,"High","High","High","High","High","High"
"Ag00001aa098848_T001",TRUE,"Master Protein","Ag00001aa098848_T001",14,3,8,329,NA,0.533,0.0602289523736051,0.208301437770176,255.8,136.3,40.24,3.19,976.3,1547.8,829.2,556.3,591.5,473.9,1759,3274.7,1676.1,937.2,935.7,989.1,"High","High","High","High","High","High"
"Ag00001aa014497_T002",TRUE,"Master Protein","Ag00001aa014497_T002",22,4,4,229,NA,0.873,0.37387704121684,0.783931487899772,142.8,124.7,4.84,4.6,203.9,169.4,194.5,190.4,206.7,143.4,367.4,358.4,393.2,320.8,327,299.3,"High","High","High","High","High","High"
"Ag00001aa137412_T001",TRUE,"Master Protein","Ag00001aa137412_T001",34,2,5,74,NA,5.758,0.0481278929006451,0.178160654632672,36.1,207.8,15.47,6,66.9,69.4,53.9,412,396.2,335,120.5,146.8,109,694.1,626.8,699.2,"High","High","High","High","High","High"
"Ag00001aa020567_T002",TRUE,"Master Protein","Ag00001aa020567_T002",8,3,4,406,NA,0.874,0.539100098604175,1,90.7,79.3,6.13,12.31,40,35.2,40.1,36.2,48.7,31.2,72.1,74.5,81.1,61,77,65.1,"High","High","High","High","High","High"
"Ag00001aa104168_T002",TRUE,"Master Protein","Ag00001aa104168_T002",10,4,6,296,NA,1.053,0.79827284501975,1,112.9,118.9,9.5,14.71,25.6,22.1,19.4,36.8,30.7,23.2,46.1,46.8,39.2,62,48.6,48.4,"High","High","High","High","High","High"
"Ag00001aa070994_T002",TRUE,"Master Protein","Ag00001aa070994_T002",22,4,4,210,NA,0.784,0.205255708427698,0.510750085194968,127.7,100.1,21.13,10.32,119,77.6,125.1,85.4,106.2,84.4,214.4,164.2,252.9,143.9,168,176.1,"High","High","High","High","High","High"
"Ag00001aa027510_T001",TRUE,"Master Protein","Ag00001aa027510_T001",10,4,4,621,NA,0.18,0.00410544429514992,0.0306570708706746,322.8,58.2,8.2,10.62,259.7,254.8,268.8,52.9,69.5,46.6,467.9,539.1,543.3,89.1,109.9,97.3,"High","High","High","High","High","High"
"Ag00001aa010267_T001",TRUE,"Master Protein","Ag00001aa010267_T001",6,3,4,762,NA,0.755,0.0903504774507664,0.283700381487128,123.9,93.5,11.13,16.7,61.1,42.4,53.9,48.8,57.7,31.2,110.1,89.7,109,82.2,91.3,65.1,"High","High","High","High","High","High"
"Ag00001aa002965_T001",TRUE,"Master Protein","Ag00001aa002965_T001",21,4,4,178,NA,NA,NA,NA,NA,NA,NA,NA,NA,NA,NA,NA,NA,NA,NA,NA,NA,NA,NA,NA,"High","High","High","High","High","High"
"Ag00001aa041859_T001",TRUE,"Master Protein","Ag00001aa041859_T001",9,5,6,542,NA,1.579,0.343283780983739,0.741572612246547,127.3,201.1,12.91,18.88,101.4,100.6,81.7,144.4,182.4,169.7,182.7,212.8,165.1,243.3,288.5,354.2,"High","High","High","High","High","High"
"Ag00001aa014124_T001",TRUE,"Master Protein","Ag00001aa014124_T001",9,2,3,458,NA,0.677,0.621960516123226,1,158.6,107.3,24.38,7.52,43.3,42.3,26.8,32.8,30.1,25.3,78,89.5,54.2,55.3,47.6,52.8,"High","High","High","High","High","High"
"Ag00001aa090669_T001",TRUE,"Master Protein","Ag00001aa090669_T001",20,4,6,209,NA,2.858,0.000188589173218512,0.00355915402441524,106.1,303.4,8.42,2.34,102.3,79,77.2,280.2,312.1,228.9,184.3,167.1,156.1,472,493.7,477.7,"High","High","High","High","High","High"
"Ag00001aa041444_T001",TRUE,"Master Protein","Ag00001aa041444_T001",17,2,4,181,NA,0.561,0.856718113608608,1,164.4,92.3,37.83,15.09,48.3,18.3,32.9,17.1,23.6,18.4,87,38.7,66.5,28.8,37.3,38.4,"High","High","High","High","High","High"
"Ag00001aa016228_T001",TRUE,"Master Protein","Ag00001aa016228_T001",15,2,10,142,NA,1.012,0.99999733381301,1,143.6,145.3,14.22,7.96,675.9,498.4,693.9,763.6,778.8,526.9,1217.8,1054.5,1402.6,1286.4,1232,1099.7,"High","High","High","High","High","High"
"Ag00001aa018786_T001",TRUE,"Master Protein","Ag00001aa018786_T001",8,2,5,260,NA,0.425,0.00017045592387599,0.00330862276308883,173.1,73.6,18.07,9.65,51.4,61.9,62.9,32.1,35,22.1,92.6,131,127.1,54.1,55.4,46.1,"High","High","High","High","High","High"
"Ag00001aa016979_T001",TRUE,"Master Protein","Ag00001aa016979_T001",17,4,5,266,"Met-loss [N-Term]",NA,NA,NA,NA,NA,NA,NA,NA,NA,NA,NA,NA,NA,NA,NA,NA,NA,NA,NA,"High","High","High","High","High","High"
"Ag00001aa121554_T001",TRUE,"Master Protein","Ag00001aa121554_T001",13,4,5,411,NA,1.007,0.999024453527326,1,47,47.3,8.22,9.01,23,18.5,17.4,23.4,28.2,18,41.4,39.1,35.2,39.4,44.6,37.6,"High","High","High","High","High","High"
"Ag00001aa009614_T001",TRUE,"Master Protein","Ag00001aa009614_T001",14,3,3,229,NA,0.967,0.999997901966811,1,118.4,114.5,13.16,3.66,86.8,62.5,85.3,89.8,95,76.9,156.4,132.2,172.4,151.3,150.3,160.5,"High","High","High","High","High","High"
"Ag00001aa055669_T001",TRUE,"Master Protein","Ag00001aa055669_T001",12,3,4,327,NA,0.819,0.747181988371568,1,113.6,93,12.84,16.34,75,49.3,60.3,71.6,63.1,41.9,135.1,104.3,121.9,120.6,99.8,87.4,"High","High","High","High","High","High"
"Ag00001aa006972_T001",TRUE,"Master Protein","Ag00001aa006972_T001",18,3,7,159,NA,1.261,0.528492948330321,0.995199658735413,115.7,146,5.78,13.98,380.4,294.8,306.1,545.1,497.3,333.4,685.4,623.7,618.7,918.3,786.7,695.8,"High","High","High","High","High","High"
"Ag00001aa070189_T001",TRUE,"Master Protein","Ag00001aa070189_T001",7,3,5,409,NA,0.851,0.991486119397098,1,145.7,124.1,12.94,18.72,122,87.9,119.4,111.1,110.7,117.9,219.8,186,241.4,187.2,175.1,246.1,"High","High","High","High","High","High"
"Ag00001aa120598_T001",TRUE,"Master Protein","Ag00001aa120598_T001",17,3,4,325,NA,0.901,0.996692486361161,1,88.8,80,6.07,13.68,36.6,27.6,30.8,33.3,43.5,25.7,65.9,58.4,62.3,56.1,68.8,53.6,"High","High","High","High","High","High"
"Ag00001aa137379_T002",TRUE,"Master Protein","Ag00001aa137379_T002",17,4,4,316,NA,0.591,0.00594627189595986,0.0404034597811002,80.3,47.5,7.63,17.25,19.7,19.1,20.2,14.1,15.1,15.2,35.5,40.4,40.8,23.8,23.9,31.7,"High","High","High","High","High","High"
"Ag00001aa130363_T001",TRUE,"Master Protein","Ag00001aa130363_T001",12,4,5,396,NA,0.955,0.847431236747409,1,158.9,151.7,17.81,6.92,175.1,209.3,173.3,178.4,211.4,164.5,315.5,442.8,350.3,300.5,334.4,343.3,"High","High","High","High","High","High"
"Ag00001aa064851_T001",TRUE,"Master Protein","Ag00001aa064851_T001",9,4,6,505,NA,0.788,0.160089056814774,0.431669698689614,120.7,95.1,12.6,6.43,132.5,94.8,127.7,121.1,118.9,86.2,238.7,200.6,258.1,204,188.1,179.9,"High","High","High","High","High","High"
"Ag00001aa146008_T001",TRUE,"Master Protein","Ag00001aa146008_T001",8,2,4,330,"Met-loss [N-Term]",1.164,0.849195419692789,1,83.8,97.6,5.36,5.09,34.8,27.3,28.1,40.7,42.5,29.8,62.7,57.8,56.8,68.6,67.2,62.2,"High","High","High","High","High","High"
"Ag00001aa048386_T001",TRUE,"Master Protein","Ag00001aa048386_T001",15,2,6,261,NA,1.198,0.660715335264633,1,72.8,87.2,10.78,9.97,122.5,84,100.7,144.7,149.3,135.8,220.7,177.7,203.6,243.8,236.2,283.4,"High","High","High","High","High","High"
"Ag00001aa011695_T002",TRUE,"Master Protein","Ag00001aa011695_T002",15,3,6,337,NA,0.407,0.0125402647654337,0.0685572823277242,243.3,99.1,11.46,13.35,218.1,226.3,240.6,115.8,138,79.9,393,478.8,486.3,195.1,218.3,166.8,"High","High","High","High","High","High"
"Ag00001aa071149_T001",TRUE,"Master Protein","Ag00001aa071149_T001",5,3,7,1135,NA,1.183,0.198241298642301,0.497974454045513,94.4,111.7,12.94,5.83,103.1,71.7,96.7,129.8,138.9,116,185.8,151.7,195.5,218.7,219.7,242.1,"High","High","High","High","High","High"
"Ag00001aa135006_T001",TRUE,"Master Protein","Ag00001aa135006_T001",22,4,5,255,NA,0.781,0.312340656328182,0.692360446781228,96.4,75.2,7.89,14.65,62.7,56.4,65.2,55.3,68.3,38.6,113,119.3,131.8,93.2,108,80.6,"High","High","High","High","High","High"
"Ag00001aa080645_T002",TRUE,"Master Protein","Ag00001aa080645_T002",12,4,6,343,NA,1.03,0.925800867562206,1,119.4,122.9,7.59,2.46,137,134.8,137.8,170.3,181.4,131.7,246.8,285.2,278.5,286.9,287,274.9,"High","High","High","High","High","High"
"Ag00001aa008735_T001",TRUE,"Master Protein","Ag00001aa008735_T001",9,4,4,572,NA,0.994,0.997513015464754,1,118.1,117.3,14.68,8.46,103.8,78.3,109.5,110.3,104.9,94.1,187,165.7,221.3,185.8,165.9,196.4,"High","High","High","High","High","High"
"Ag00001aa058780_T001",TRUE,"Master Protein","Ag00001aa058780_T001",14,4,6,390,NA,1.37,0.159395442339854,0.430618810338068,70.6,96.7,5.43,9.05,34.9,26.8,28.8,43.2,50.4,41.8,62.9,56.7,58.2,72.8,79.7,87.2,"High","High","High","High","High","High"
"Ag00001aa017790_T001",TRUE,"Master Protein","Ag00001aa017790_T001",11,4,5,455,NA,1.156,0.334650794080808,0.726280281135404,93.3,107.9,10.68,2.48,53,48.9,41.3,63.9,69.8,54.2,95.5,103.5,83.5,107.7,110.4,113.1,"High","High","High","High","High","High"
"Ag00001aa030659_T002",TRUE,"Master Protein","Ag00001aa030659_T002",7,4,6,669,NA,1.253,0.199958312184063,0.501705929391508,96.6,121.1,8.6,4.74,60.8,43.6,51,77.7,75.7,61.9,109.5,92.2,103.1,130.9,119.8,129.2,"High","High","High","High","High","High"
"Ag00001aa031545_T001",TRUE,"Master Protein","Ag00001aa031545_T001",16,4,6,328,NA,1.188,0.235260491144457,0.567091489585359,94.8,112.6,9.98,1.62,72.8,51.6,55.9,79.6,87.2,64.3,131.2,109.2,113,134.1,137.9,134.2,"High","High","High","High","High","High"
"Ag00001aa009611_T001",TRUE,"Master Protein","Ag00001aa009611_T001",7,3,4,481,NA,0.919,0.95826735443494,1,149.4,137.3,2.19,7.96,103.7,92.2,93.9,95.6,110.3,90.5,186.8,195.1,189.8,161.1,174.5,188.9,"High","High","High","High","High","High"
"Ag00001aa030603_T002",TRUE,"Master Protein","Ag00001aa030603_T002",10,2,11,271,"Met-loss [N-Term]",0.669,0.476593077292273,0.932763639935434,24.3,16.3,13.96,1.46,83.3,77.1,97,64.8,68.9,53.6,150.1,163.1,196.1,109.2,109,111.9,"High","High","High","High","High","High"
"Ag00001aa072767_T001",TRUE,"Master Protein","Ag00001aa072767_T001",33,3,8,112,NA,1.285,0.655842629148983,1,152.5,195.9,5.97,14.55,36.6,29,34.2,58.2,46.3,40.6,65.9,61.4,69.1,98,73.2,84.7,"High","High","High","High","High","High"
"Ag00001aa007374_T001",TRUE,"Master Protein","Ag00001aa007374_T001",9,2,3,337,NA,0.491,0.0186789773636408,0.0918193657330875,272.6,133.8,21.34,7.21,401.5,478.5,347.2,219.9,203.1,170.1,723.4,1012.4,701.8,370.5,321.3,355,"High","High","High","High","High","High"
"Ag00001aa078396_T005",TRUE,"Master Protein","Ag00001aa078396_T005",17,4,6,300,NA,0.99,0.999999411187533,1,110.1,109,9.74,9.84,166.4,116.9,140.8,181.3,178.2,120.1,299.8,247.3,284.6,305.4,281.9,250.7,"High","High","High","High","High","High"
"Ag00001aa126852_T001",TRUE,"Master Protein","Ag00001aa126852_T001",6,3,4,587,NA,0.635,0.402579584642001,0.825665718424259,164,104.1,21.03,3.87,111.7,66.1,104.6,72.1,82.9,61.2,201.3,139.8,211.4,121.5,131.1,127.7,"High","High","High","High","High","High"
"Ag00001aa093880_T001",TRUE,"Master Protein","Ag00001aa093880_T001",7,4,5,614,NA,0.554,0.00323047447190505,0.0257358253717677,200.8,111.2,16.96,18.52,154.8,185.9,168.7,91.3,119.4,107.2,278.9,393.3,341,153.8,188.9,223.7,"High","High","High","High","High","High"
"Ag00001aa028935_T001",TRUE,"Master Protein","Ag00001aa028935_T001",21,5,6,343,NA,0.742,0.00491467078272889,0.035063182513357,130.7,97,7.32,12.28,238.4,230.1,212.9,189.6,170,164.7,429.5,486.8,430.4,319.4,268.9,343.7,"High","High","High","High","High","High"
"Ag00001aa046178_T001",TRUE,"Master Protein","Ag00001aa046178_T001",38,3,11,117,NA,0.73,0.643096389729395,1,68.1,49.7,27.09,6.8,15.4,15.6,9.3,13,12.1,9.7,27.7,33,18.8,21.9,19.1,20.2,"High","High","High","High","High","High"
"Ag00001aa080179_T001",TRUE,"Master Protein","Ag00001aa080179_T001",11,4,5,435,NA,0.676,0.998805102911021,1,31.1,21,11.25,56.71,3.6,2.6,3.4,6.2,2.6,2.1,6.5,5.5,6.9,10.4,4.1,4.4,"High","High","High","High","High","High"
"Ag00001aa150119_T001",TRUE,"Master Protein","Ag00001aa150119_T001",7,5,5,901,NA,1.239,0.79833658838935,1,66,81.8,17.8,18.59,55,36.2,54.3,85.3,77.6,47.2,99.1,76.6,109.8,143.7,122.8,98.5,"High","High","High","High","High","High"
"Ag00001aa116751_T001",TRUE,"Master Protein","Ag00001aa116751_T001",9,4,4,588,NA,1.258,0.513631308459512,0.979354921081588,37.6,47.2,16.16,19.77,14,8.7,11.9,19.9,14.2,14.5,25.2,18.4,24.1,33.5,22.5,30.3,"High","High","High","High","High","High"
"Ag00001aa072948_T001",TRUE,"Master Protein","Ag00001aa072948_T001",6,4,4,815,NA,0.681,0.541770658921207,1,183.6,125.1,29.54,12.58,287.3,142.7,272.1,171.6,223,177,517.6,301.9,550,289.1,352.8,369.4,"High","High","High","High","High","High"
"Ag00001aa064493_T001",TRUE,"Master Protein","Ag00001aa064493_T001",15,2,4,248,NA,0.657,0.00690149443688248,0.0448362009805208,140.8,92.4,6.46,16.94,79.8,69.1,80,59.6,60.7,34.6,143.8,146.2,161.7,100.4,96,72.2,"High","High","High","High","High","High"
"Ag00001aa040324_T001",TRUE,"Master Protein","Ag00001aa040324_T001",11,3,6,290,NA,1.183,0.588895009120249,1,113.9,134.7,14.94,4.06,190.2,199.8,158.2,240.7,252.5,206.5,342.7,422.7,319.8,405.5,399.4,431,"High","High","High","High","High","High"
"Ag00001aa047059_T001",TRUE,"Master Protein","Ag00001aa047059_T001",5,4,6,760,NA,0.542,0.313047859010669,0.69367005367466,148.9,80.8,11.02,16.14,97.7,87.5,107.1,59.6,63,62.7,176,185.1,216.5,100.4,99.7,130.9,"High","High","High","High","High","High"
"Ag00001aa081195_T001",TRUE,"Master Protein","Ag00001aa081195_T001",16,5,5,311,NA,1.286,0.23277368124288,0.562546229960995,88.2,113.4,14.1,6.41,126,129.6,103.7,173.3,196.8,131.2,227,274.2,209.6,292,311.3,273.8,"High","High","High","High","High","High"
"Ag00001aa034593_T002",TRUE,"Master Protein","Ag00001aa034593_T002",12,3,4,390,NA,0.633,1.28291562184746e-05,0.000643262778228948,173.8,109.9,4.15,5.29,231.4,184.8,209.3,159.3,166.7,116.3,416.9,391,423.1,268.4,263.7,242.7,"High","High","High","High","High","High"
"Ag00001aa051975_T001",TRUE,"Master Protein","Ag00001aa051975_T001",30,4,5,196,NA,2.336,0.145233607641465,0.403801268137402,46,107.5,13.64,14.29,56.1,39.7,38.6,146.8,122.3,94,101.1,84,78,247.3,193.5,196.2,"High","High","High","High","High","High"
"Ag00001aa004147_T001",TRUE,"Master Protein","Ag00001aa004147_T001",7,3,3,665,NA,0.903,0.999882118614862,1,16.7,15.1,6.89,34.19,0,2.6,3,5.3,3.2,2.5,0,5.5,6.1,8.9,5.1,5.2,"High","High","High","High","High","High"
"Ag00001aa027535_T001",TRUE,"Master Protein","Ag00001aa027535_T001",6,4,6,797,NA,0.786,0.00968595228418068,0.0564899336055128,112.3,88.2,9.99,12.2,113,89.4,113.8,96.9,101.1,62.2,203.6,189.1,230,163.2,159.9,129.8,"High","High","High","High","High","High"
"Ag00001aa145422_T001",TRUE,"Master Protein","Ag00001aa145422_T001",17,3,4,227,NA,1.329,0.694541875612772,1,33.9,45,13.25,9.7,22.5,14.7,17.5,27.9,29.9,19,40.5,31.1,35.4,47,47.3,39.7,"High","High","High","High","High","High"
"Ag00001aa100409_T001",TRUE,"Master Protein","Ag00001aa100409_T001",5,3,4,745,NA,0.464,5.32559041852565e-05,0.00154054336427157,205.1,95.1,13.9,4.06,174.8,190.3,160.2,89.1,101.7,71.9,314.9,402.6,323.8,150.1,160.9,150.1,"High","High","High","High","High","High"
"Ag00001aa106883_T001",TRUE,"Master Protein","Ag00001aa106883_T001",12,3,4,362,NA,0.533,0.000249855035965085,0.0043630363642958,167.4,89.2,4.83,5.89,106.8,89.3,102.3,56.6,67.8,49.1,192.4,188.9,206.8,95.4,107.3,102.5,"High","High","High","High","High","High"
"Ag00001aa094559_T001",TRUE,"Master Protein","Ag00001aa094559_T001",23,3,6,165,NA,1.76,0.436472686392335,0.876401562871511,47.7,83.9,11.32,5.12,47.2,36.6,33.5,80.9,86,71.2,85,77.4,67.7,136.3,136,148.6,"High","High","High","High","High","High"
"Ag00001aa060501_T001",TRUE,"Master Protein","Ag00001aa060501_T001",24,3,4,189,NA,1.017,0.999998656449642,1,46.2,47,6.23,18.98,9.1,8.6,9.1,8.2,11.7,9.7,16.4,18.2,18.4,13.8,18.5,20.2,"High","High","High","High","High","High"
"Ag00001aa152439_T001",TRUE,"Master Protein","Ag00001aa152439_T001",28,2,8,110,NA,2.009,0.470203531629203,0.925573654299586,19.1,38.4,30.5,38.71,7.3,5.8,10.3,19.5,16.7,6.8,13.2,12.3,20.8,32.9,26.4,14.2,"High","High","High","High","High","High"
"Ag00001aa072993_T001",TRUE,"Master Protein","Ag00001aa072993_T001",8,4,6,542,NA,NA,NA,NA,NA,NA,NA,NA,NA,NA,NA,NA,NA,NA,NA,NA,NA,NA,NA,NA,"High","High","High","High","High","High"
"Ag00001aa008136_T001",TRUE,"Master Protein","Ag00001aa008136_T001",8,2,4,397,NA,0.825,0.609602207726359,1,127.7,105.4,10.73,15.26,57.1,40.2,51.1,50.4,61.9,34.5,102.9,85.1,103.3,84.9,97.9,72,"High","High","High","High","High","High"
"Ag00001aa045553_T001",TRUE,"Master Protein","Ag00001aa045553_T001",24,3,5,169,NA,1.037,0.999976496401667,1,24.2,25.1,2.7,12.68,69.4,60.5,60,87.3,72.1,62.1,125,128,121.3,147.1,114.1,129.6,"High","High","High","High","High","High"
"Ag00001aa005848_T002",TRUE,"Master Protein","Ag00001aa005848_T002",11,3,6,372,NA,0.724,0.506646090222548,0.970043633759695,118.4,85.8,28.47,15.33,14.3,13.8,8,11.2,11.8,6.8,25.8,29.2,16.2,18.9,18.7,14.2,"High","High","High","High","High","High"
"Ag00001aa086531_T001",TRUE,"Master Protein","Ag00001aa086531_T001",43,2,4,80,NA,0.414,0.0115534433173841,0.0645692555482219,120,49.7,31.45,31.56,40,52,30.4,26.9,15.9,14.3,72.1,110,61.4,45.3,25.2,29.8,"High","High","High","High","High","High"
"Ag00001aa009760_T002",TRUE,"Master Protein","Ag00001aa009760_T002",12,4,5,343,NA,0.652,0.0127252058908267,0.0691244319994862,100.1,65.2,10.51,12.03,53.9,55.2,58.2,45.6,48.1,29.5,97.1,116.8,117.6,76.8,76.1,61.6,"High","High","High","High","High","High"
"Ag00001aa115677_T001",TRUE,"Master Protein","Ag00001aa115677_T001",7,4,4,741,NA,0.811,0.875687876705141,1,134.9,109.4,14.66,5.34,79,55.3,77.8,68.1,73,60.4,142.3,117,157.3,114.7,115.5,126.1,"High","High","High","High","High","High"
"Ag00001aa156551_T001",TRUE,"Master Protein","Ag00001aa156551_T001",5,2,4,585,NA,NA,NA,NA,NA,NA,NA,NA,NA,NA,NA,NA,NA,NA,NA,NA,NA,NA,NA,NA,"High","High","High","High","High","High"
"Ag00001aa044263_T001",TRUE,"Master Protein","Ag00001aa044263_T001",43,3,6,101,NA,1.116,0.999957185614646,1,47.6,53.1,9.41,29.73,22.4,20.9,24.1,29.9,31.2,13.4,40.4,44.2,48.7,50.4,49.4,28,"High","High","High","High","High","High"
"Ag00001aa156369_T001",TRUE,"Master Protein","Ag00001aa156369_T001",19,3,6,203,NA,1.193,0.0250068422765672,0.113707592799647,110.8,132.3,6.45,4.86,240.9,180.3,201.7,288.8,326.3,224.7,434,381.5,407.7,486.5,516.2,469,"High","High","High","High","High","High"
"Ag00001aa042477_T002",TRUE,"Master Protein","Ag00001aa042477_T002",7,3,3,552,NA,0.604,0.27746076553931,0.633360927733671,193.8,117,2.2,23.56,18.5,16.4,17.1,14,9.2,10,33.3,34.7,34.6,23.6,14.6,20.9,"High","High","High","High","High","High"
"Ag00001aa065872_T001",TRUE,"Master Protein","Ag00001aa065872_T001",18,2,4,152,NA,1.439,0.125504582333053,0.364464817798569,120.6,173.6,15.41,12.01,113.1,98.2,76.9,147.4,199.6,140.5,203.8,207.8,155.4,248.3,315.7,293.2,"High","High","High","High","High","High"
"Ag00001aa029091_T001",TRUE,"Master Protein","Ag00001aa029091_T001",5,2,3,546,NA,1.613,0.00771971506964753,0.0485122932771206,54.2,87.4,15.51,5.29,42.5,38.9,29.9,69.2,78.1,62.1,76.6,82.3,60.4,116.6,123.5,129.6,"High","High","High","High","High","High"
"Ag00001aa055824_T001",TRUE,"Master Protein","Ag00001aa055824_T001",4,2,4,445,NA,0.669,0.421332560773961,0.854204552063294,176.9,118.3,8.04,17.25,21.2,15.4,17.2,16.6,14.7,9.5,38.2,32.6,34.8,28,23.3,19.8,"High","High","High","High","High","High"
"Ag00001aa115854_T004",TRUE,"Master Protein","Ag00001aa115854_T004",9,3,3,477,NA,0.864,0.95584865084816,1,89.8,77.5,12.92,12.66,34.3,37,38.5,39.9,49,28.9,61.8,78.3,77.8,67.2,77.5,60.3,"High","High","High","High","High","High"
"Ag00001aa089034_T002",TRUE,"Master Protein","Ag00001aa089034_T002",6,3,4,637,NA,1.233,0.0216366708356622,0.102429331884577,63.8,78.6,7.61,2.08,50,43.1,39.2,65.6,70.2,55,90.1,91.2,79.2,110.5,111,114.8,"High","High","High","High","High","High"
"Ag00001aa072226_T001",TRUE,"Master Protein","Ag00001aa072226_T001",12,5,8,479,NA,0.569,0.183958670382657,0.472860872127792,263.6,150,13.3,3.09,914,613.7,819.4,538.7,610.3,449.2,1646.8,1298.4,1656.3,907.5,965.4,937.5,"High","High","High","High","High","High"
"Ag00001aa031847_T001",TRUE,"Master Protein","Ag00001aa031847_T001",20,3,6,210,NA,0.64,0.0037973713338213,0.0289830749641257,112.9,72.3,12.9,4.06,115.7,127.7,118.3,90.9,102.1,71.5,208.5,270.2,239.1,153.1,161.5,149.2,"High","High","High","High","High","High"
"Ag00001aa010132_T001",TRUE,"Master Protein","Ag00001aa010132_T001",24,5,5,235,NA,1.324,0.357976943880945,0.763170486843041,77.1,102.1,9.61,12.6,70.4,63.2,54.7,99.7,84.8,80.9,126.8,133.7,110.6,168,134.1,168.8,"High","High","High","High","High","High"
"Ag00001aa008443_T002",TRUE,"Master Protein","Ag00001aa008443_T002",20,4,4,230,NA,1.193,0.995505785959047,1,62.6,74.7,19.02,7.98,8.9,8.1,11.2,11.6,14.4,9.8,16,17.1,22.6,19.5,22.8,20.5,"High","High","High","High","High","High"
"Ag00001aa068599_T002",TRUE,"Master Protein","Ag00001aa068599_T002",18,2,3,163,NA,100,NA,NA,0,18.1,NA,NA,0,0,0,2.7,0,0,0,0,0,4.5,0,0,"High","High","High","High","High","High"
"Ag00001aa128190_T001",TRUE,"Master Protein","Ag00001aa128190_T001",19,3,4,290,NA,NA,NA,NA,NA,NA,NA,NA,NA,NA,NA,NA,NA,NA,NA,NA,NA,NA,NA,NA,"High","High","High","High","High","High"
"Ag00001aa047463_T001",TRUE,"Master Protein","Ag00001aa047463_T001",13,4,5,395,NA,1.907,5.64951303172467e-05,0.00160502732567568,45.2,86.3,6.97,0.89,107.5,79.6,90.1,204.4,221.6,166.4,193.7,168.4,182.1,344.3,350.6,347.3,"High","High","High","High","High","High"
"Ag00001aa000800_T001",TRUE,"Master Protein","Ag00001aa000800_T001",13,3,4,302,NA,1.276,0.98050326372799,1,30.5,38.9,10.16,21.87,28.2,19.7,24.1,47.3,39.3,24.8,50.8,41.7,48.7,79.7,62.2,51.8,"High","High","High","High","High","High"
"Ag00001aa041736_T002",TRUE,"Master Protein","Ag00001aa041736_T002",6,3,3,965,NA,0.882,0.589114720637672,1,128.7,113.6,19.33,5.04,81.4,59.5,91,74.2,81.8,66.1,146.7,125.9,183.9,125,129.4,138,"High","High","High","High","High","High"
"Ag00001aa061628_T001",TRUE,"Master Protein","Ag00001aa061628_T001",8,3,3,575,NA,0.699,0.856755615167959,1,160.3,112,30.51,10.82,68.3,30.9,55.1,44,57.4,37.3,123.1,65.4,111.4,74.1,90.8,77.8,"High","High","High","High","High","High"
"Ag00001aa116859_T001",TRUE,"Master Protein","Ag00001aa116859_T001",26,4,7,152,NA,0.92,0.910271728496549,1,145.1,133.5,3.97,5.46,234.8,185.8,196.9,217.3,210.7,176.2,423,393.1,398,366.1,333.3,367.7,"High","High","High","High","High","High"
"Ag00001aa027594_T001",TRUE,"Master Protein","Ag00001aa027594_T001",12,3,3,319,NA,0.93,0.984685846760541,1,114.2,106.2,9.87,6.39,131,96.7,123,130.3,127.1,109.3,236,204.6,248.6,219.5,201.1,228.1,"High","High","High","High","High","High"
"Ag00001aa003132_T001",TRUE,"Master Protein","Ag00001aa003132_T001",9,2,3,275,NA,NA,NA,NA,NA,NA,NA,NA,NA,NA,NA,NA,NA,NA,NA,NA,NA,NA,NA,NA,"High","High","High","High","High","High"
"Ag00001aa034684_T001",TRUE,"Master Protein","Ag00001aa034684_T001",20,3,3,257,NA,1.239,0.840433610449689,1,28.1,34.8,33.83,18.08,8.3,3.5,5.5,10.6,8.1,6.6,15,7.4,11.1,17.9,12.8,13.8,"High","High","High","High","High","High"
"Ag00001aa151995_T001",TRUE,"Master Protein","Ag00001aa151995_T001",13,5,5,471,NA,1.193,0.316311505997675,0.698111376621098,46.7,55.7,5.87,5.38,43.5,39.2,43.6,62.9,60.3,47.4,78.4,82.9,88.1,106,95.4,98.9,"High","High","High","High","High","High"
"Ag00001aa055549_T001",TRUE,"Master Protein","Ag00001aa055549_T001",7,5,5,806,NA,0.932,0.999999052165457,1,96.7,90.1,15.34,10.71,69.5,47.7,68,78.7,67.9,55.9,125.2,100.9,137.5,132.6,107.4,116.7,"High","High","High","High","High","High"
"Ag00001aa001866_T001",TRUE,"Master Protein","Ag00001aa001866_T001",10,3,3,346,NA,1.512,0.363153583939343,0.772110322609774,66,99.7,3.09,15.35,76.7,61.8,65,117.9,131.7,74,138.2,130.8,131.4,198.6,208.3,154.4,"High","High","High","High","High","High"
"Ag00001aa008506_T001",TRUE,"Master Protein","Ag00001aa008506_T001",23,3,5,184,NA,0.943,0.991274340082241,1,104.8,98.8,27.13,9.87,24.7,28.1,17.1,24.9,28.8,17.9,44.5,59.5,34.6,41.9,45.6,37.4,"High","High","High","High","High","High"
"Ag00001aa082217_T001",TRUE,"Master Protein","Ag00001aa082217_T001",6,4,5,640,NA,1.403,0.158192342949025,0.428485532560563,47.9,67.2,17.57,18.04,49.7,30.2,42.9,76.5,57.1,58.3,89.5,63.9,86.7,128.9,90.3,121.7,"High","High","High","High","High","High"
"Ag00001aa089959_T001",TRUE,"Master Protein","Ag00001aa089959_T001",5,2,2,709,NA,0.38,8.87068986999973e-05,0.0021357753913264,199.1,75.6,9.63,14.93,70.8,60.2,74.2,30.5,24.2,23.2,127.6,127.4,150,51.4,38.3,48.4,"High","High","High","High","High","High"
"Ag00001aa034124_T002",TRUE,"Master Protein","Ag00001aa034124_T002",12,3,4,281,NA,100,NA,NA,0,23.6,NA,NA,0,0,0,4.4,0,0,0,0,0,7.4,0,0,"High","High","High","High","High","High"
"Ag00001aa056305_T001",TRUE,"Master Protein","Ag00001aa056305_T001",22,3,4,184,NA,1.014,0.999999949687166,1,105.5,107,12.45,8.69,50.6,33.6,39.6,48.2,55.6,35.4,91.2,71.1,80,81.2,88,73.9,"High","High","High","High","High","High"
"Ag00001aa047186_T002",TRUE,"Master Protein","Ag00001aa047186_T002",16,4,4,361,NA,0.816,0.577077360406151,1,128.5,104.9,20.24,3.7,31.6,17.8,24.2,23.7,23.7,19.2,56.9,37.7,48.9,39.9,37.5,40.1,"High","High","High","High","High","High"
"Ag00001aa017258_T001",TRUE,"Master Protein","Ag00001aa017258_T001",20,4,5,295,NA,1.135,0.99506659625525,1,69.5,78.8,12.86,13.13,80.8,59.2,55.9,90.5,74.2,68.1,145.6,125.3,113,152.5,117.4,142.1,"High","High","High","High","High","High"
"Ag00001aa063972_T001",TRUE,"Master Protein","Ag00001aa063972_T001",6,3,3,779,NA,0.368,0.0600064157531184,0.20798501176259,255.7,94.2,21.41,6.27,46.7,33.6,53.5,17.8,19.6,16.2,84.1,71.1,108.1,30,31,33.8,"High","High","High","High","High","High"
"Ag00001aa050969_T001",TRUE,"Master Protein","Ag00001aa050969_T001",5,3,4,1006,NA,1.35,0.292469496009807,0.65757138066242,121,163.4,10.77,12.28,56.2,39.2,49.4,66.2,85.2,68,101.3,82.9,99.9,111.5,134.8,141.9,"High","High","High","High","High","High"
"Ag00001aa052407_T001",TRUE,"Master Protein","Ag00001aa052407_T001",8,3,4,626,NA,0.888,0.986526508835345,1,127.7,113.4,11.16,15.58,29.4,28.7,32.8,32,41.4,23.2,53,60.7,66.3,53.9,65.5,48.4,"High","High","High","High","High","High"
"Ag00001aa016017_T001",TRUE,"Master Protein","Ag00001aa016017_T001",11,2,3,194,NA,0.748,0.108746292953764,0.324740245407908,158.6,118.6,11.01,11.46,82.3,80.4,67.9,65.8,58.5,55.4,148.3,170.1,137.3,110.9,92.5,115.6,"High","High","High","High","High","High"
"Ag00001aa030098_T001",TRUE,"Master Protein","Ag00001aa030098_T001",18,4,7,208,NA,0.589,3.98289898440041e-06,0.000616470001247845,191,112.5,5.95,8.52,124.6,107,123.4,79.5,72.6,63.9,224.5,226.4,249.4,133.9,114.8,133.4,"High","High","High","High","High","High"
"Ag00001aa140168_T001",TRUE,"Master Protein","Ag00001aa140168_T001",14,3,5,223,NA,0.814,0.932262700386855,1,75.3,61.3,8.58,18.46,143.9,119.4,108.9,122.1,95.6,104.2,259.3,252.6,220.1,205.7,151.2,217.5,"High","High","High","High","High","High"
"Ag00001aa135942_T001",TRUE,"Master Protein","Ag00001aa135942_T001",10,3,3,473,NA,1.436,0.0352880444433652,0.144324953217579,61.3,88,8.07,10.14,37.5,27.7,33.5,57.6,64.2,39.9,67.6,58.6,67.7,97,101.6,83.3,"High","High","High","High","High","High"
"Ag00001aa031643_T001",TRUE,"Master Protein","Ag00001aa031643_T001",13,4,5,388,NA,0.808,0.373342228300588,0.783235763078635,120.4,97.2,17.15,3.5,60.2,70.6,58.2,56.4,57.7,46.9,108.5,149.4,117.6,95,91.3,97.9,"High","High","High","High","High","High"
"Ag00001aa069303_T001",TRUE,"Master Protein","Ag00001aa069303_T001",12,4,4,419,NA,1.167,0.9637627227234,1,98.9,115.4,15.68,6.47,134.6,89.9,90.9,120.3,140.3,110.3,242.5,190.2,183.7,202.7,221.9,230.2,"High","High","High","High","High","High"
"Ag00001aa060199_T001",TRUE,"Master Protein","Ag00001aa060199_T001",14,3,4,303,NA,0.748,0.204861403324208,0.510515045440233,75.3,56.4,4.87,16.83,137.3,110.6,111.1,125.5,110.7,72.6,247.4,234,224.6,211.4,175.1,151.5,"High","High","High","High","High","High"
"Ag00001aa027483_T001",TRUE,"Master Protein","Ag00001aa027483_T001",20,2,5,137,NA,0.652,0.134475152152235,0.380435315232136,179.8,117.2,16.1,11.96,89.7,102.7,107.2,83.8,98.7,58.8,161.6,217.3,216.7,141.2,156.1,122.7,"High","High","High","High","High","High"
"Ag00001aa096229_T001",TRUE,"Master Protein","Ag00001aa096229_T001",21,4,4,301,NA,0.907,0.999999785716944,1,77.4,70.2,17.29,5.91,43,35.1,27.4,38,42.6,34.5,77.5,74.3,55.4,64,67.4,72,"High","High","High","High","High","High"
"Ag00001aa134149_T002",TRUE,"Master Protein","Ag00001aa134149_T002",5,4,5,927,NA,0.639,0.00598750383247615,0.0405449265201425,179.5,114.7,16.77,5.87,104.6,66.9,96.8,74,76.1,53.2,188.5,141.5,195.7,124.7,120.4,111,"High","High","High","High","High","High"
"Ag00001aa068975_T004",TRUE,"Master Protein","Ag00001aa068975_T004",9,3,5,216,NA,1.846,0.143943157641354,0.401618764548674,15,27.7,33.38,17.19,5.9,3.4,7.1,12.4,9.4,9.4,10.6,7.2,14.4,20.9,14.9,19.6,"High","High","High","High","High","High"
"Ag00001aa128402_T002",TRUE,"Master Protein","Ag00001aa128402_T002",14,3,5,269,NA,1.769,0.000880024813349478,0.0101876014817864,74.6,131.9,12.58,1.02,132.4,137,114.5,254.8,266.5,202.2,238.5,289.9,231.4,429.3,421.6,422,"High","High","High","High","High","High"
"Ag00001aa020105_T001",TRUE,"Master Protein","Ag00001aa020105_T001",7,2,4,406,NA,0.599,0.203951147223304,0.509204938222967,75.2,45,10.55,23.01,44.7,32.3,41.5,40.3,28.5,23.1,80.5,68.3,83.9,67.9,45.1,48.2,"High","High","High","High","High","High"
"Ag00001aa127684_T001",TRUE,"Master Protein","Ag00001aa127684_T001",14,3,5,201,NA,0.67,0.150574912409534,0.413253150511648,109.7,73.4,18.08,6.48,145.5,138.4,100.4,104.2,120.3,80.3,262.2,292.8,202.9,175.5,190.3,167.6,"High","High","High","High","High","High"
"Ag00001aa071631_T001",TRUE,"Master Protein","Ag00001aa071631_T001",24,2,3,130,NA,0.771,0.288382787862852,0.651647210823756,135,104.1,10.97,8.04,173.7,133.4,173.8,152.5,152.6,104.8,313,282.2,351.3,256.9,241.4,218.7,"High","High","High","High","High","High"
"Ag00001aa091205_T003",TRUE,"Master Protein","Ag00001aa091205_T003",12,2,4,177,NA,1.333,0.606958589616375,1,28.4,37.9,26.08,17.2,6.6,6.9,9.8,12.6,12.3,7.2,11.9,14.6,19.8,21.2,19.5,15,"High","High","High","High","High","High"
"Ag00001aa005758_T001",TRUE,"Master Protein","Ag00001aa005758_T001",12,3,4,299,NA,0.273,0.00905530721932624,0.0534925162031872,261.7,71.3,7.93,32.1,37.4,30,36.7,10.9,8.5,12.3,67.4,63.5,74.2,18.4,13.4,25.7,"High","High","High","High","High","High"
"Ag00001aa129206_T001",TRUE,"Master Protein","Ag00001aa129206_T001",17,2,3,178,NA,0.651,0.0883231322469009,0.279080413428058,182,118.6,19.3,8.02,268.9,160.1,183,151.2,152.3,104,484.5,338.7,369.9,254.7,240.9,217.1,"High","High","High","High","High","High"
"Ag00001aa096619_T001",TRUE,"Master Protein","Ag00001aa096619_T001",20,2,2,147,NA,0.771,NA,NA,16.3,12.6,NA,27.58,0,3.9,0,4.6,3.3,0,0,8.3,0,7.7,5.2,0,"High","High","High","High","High","High"
"Ag00001aa003078_T001",TRUE,"Master Protein","Ag00001aa003078_T001",11,2,4,167,NA,0.755,0.0752992150964941,0.24769970894839,147.8,111.6,14.14,3.91,245.9,278.3,254.4,219.2,245.4,191.2,443,588.8,514.2,369.3,388.2,399,"High","High","High","High","High","High"
"Ag00001aa127491_T001",TRUE,"Master Protein","Ag00001aa127491_T001",4,4,5,1245,NA,0.781,0.665820269395302,1,108.3,84.5,15.58,35.02,30.4,19,25.3,23.7,33.8,12.3,54.8,40.2,51.1,39.9,53.5,25.7,"High","High","High","High","High","High"
"Ag00001aa107009_T001",TRUE,"Master Protein","Ag00001aa107009_T001",7,4,5,912,NA,0.676,0.00156901525892272,0.0153905546138609,126.7,85.7,11.76,2.44,147.6,107.2,142,111.2,113.4,86.2,265.9,226.8,287,187.3,179.4,179.9,"High","High","High","High","High","High"
"Ag00001aa058683_T001",TRUE,"Master Protein","Ag00001aa058683_T001",17,2,3,179,NA,1.002,0.997869455526645,1,142.7,143,16.46,12.71,81.4,55.2,80.6,100.9,83.6,70.4,146.7,116.8,162.9,170,132.2,146.9,"High","High","High","High","High","High"
"Ag00001aa146474_T001",TRUE,"Master Protein","Ag00001aa146474_T001",2,4,4,3641,NA,0.909,0.988614590279048,1,85.7,77.9,25.09,13.45,14.6,9.9,7.8,11.3,13.5,7.8,26.3,20.9,15.8,19,21.4,16.3,"High","High","High","High","High","High"
"Ag00001aa126882_T001",TRUE,"Master Protein","Ag00001aa126882_T001",14,2,3,221,NA,1.45,0.480134146142281,0.936506900911105,64.3,93.2,13.13,18.67,19.1,15.6,13.2,28.4,27.1,29.3,34.4,33,26.7,47.8,42.9,61.2,"High","High","High","High","High","High"
"Ag00001aa124575_T002",TRUE,"Master Protein","Ag00001aa124575_T002",11,3,4,427,NA,0.914,0.991398034444605,1,121,110.6,7.03,3.83,44.8,34.4,41.3,43.8,44.1,36,80.7,72.8,83.5,73.8,69.8,75.1,"High","High","High","High","High","High"
"Ag00001aa149984_T001",TRUE,"Master Protein","Ag00001aa149984_T001",11,3,3,494,NA,0.799,0.541613267083154,1,109,87.1,10.04,9.63,54.8,55.7,58.6,62,54.5,45.1,98.7,117.8,118.5,104.4,86.2,94.1,"High","High","High","High","High","High"
"Ag00001aa026892_T002",TRUE,"Master Protein","Ag00001aa026892_T002",7,3,4,688,NA,1.03,0.999176734292905,1,139.4,143.6,5.73,12.82,133.1,121.7,133,137.7,167.7,143.8,239.8,257.5,268.8,232,265.3,300.1,"High","High","High","High","High","High"
"Ag00001aa153533_T001",TRUE,"Master Protein","Ag00001aa153533_T001",18,3,3,304,NA,1.152,0.962080977648501,1,95.5,110.1,15.36,10.88,31.7,32.5,25.2,41.7,41.6,27.1,57.1,68.8,50.9,70.3,65.8,56.6,"High","High","High","High","High","High"
"Ag00001aa009585_T002",TRUE,"Master Protein","Ag00001aa009585_T002",4,4,4,1176,NA,0.567,0.00597801008390708,0.0405449265201425,167.5,94.9,19.27,7.84,192.5,112.7,164.7,107.8,133.2,90.4,346.8,238.4,332.9,181.6,210.7,188.7,"High","High","High","High","High","High"
"Ag00001aa028273_T001",TRUE,"Master Protein","Ag00001aa028273_T001",5,3,7,779,NA,0.372,0.0075681038953469,0.0479514419057652,262.9,97.7,43.19,14.56,213,356.1,183.6,84.7,89.6,86.9,383.8,753.4,371.1,142.7,141.7,181.4,"High","High","High","High","High","High"
"Ag00001aa134024_T001",TRUE,"Master Protein","Ag00001aa134024_T001",15,2,3,302,NA,1.122,0.965904257827282,1,23.8,26.7,38.09,15.9,6,7.3,11.5,13.1,10.5,8.3,10.8,15.4,23.2,22.1,16.6,17.3,"High","High","High","High","High","High"
"Ag00001aa048830_T001",TRUE,"Master Protein","Ag00001aa048830_T001",6,3,6,516,NA,0.726,0.16012852306652,0.431669698689614,77.6,56.3,20.1,3.86,138.6,84.8,88.5,77.3,77,62.5,249.7,179.4,178.9,130.2,121.8,130.4,"High","High","High","High","High","High"
"Ag00001aa079579_T001",TRUE,"Master Protein","Ag00001aa079579_T001",9,4,6,482,NA,2.211,0.0198393700824907,0.096213881034842,49.9,110.4,17.34,10.57,20.2,13,13.4,36.1,41.6,25.5,36.4,27.5,27.1,60.8,65.8,53.2,"High","High","High","High","High","High"
"Ag00001aa057349_T001",TRUE,"Master Protein","Ag00001aa057349_T001",8,3,4,444,NA,0.749,0.728733034196944,1,209.8,157,9.34,8.6,89.3,91.6,90.3,81.1,81.3,72.9,160.9,193.8,182.5,136.6,128.6,152.1,"High","High","High","High","High","High"
"Ag00001aa036911_T001",TRUE,"Master Protein","Ag00001aa036911_T001",12,4,5,503,NA,0.923,0.999994491279014,1,107,98.7,13.15,14.83,85.5,85.2,68.9,84.4,86.9,85.7,154,180.3,139.3,142.2,137.5,178.9,"High","High","High","High","High","High"
"Ag00001aa085589_T001",TRUE,"Master Protein","Ag00001aa085589_T001",11,4,5,502,NA,0.475,0.0406783435470964,0.15953903476453,295.2,140.3,5.09,5.59,72.5,63,71.1,37.6,38,32.2,130.6,133.3,143.7,63.3,60.1,67.2,"High","High","High","High","High","High"
"Ag00001aa022733_T001",TRUE,"Master Protein","Ag00001aa022733_T001",10,2,13,195,NA,0.955,0.79510705554352,1,124.4,118.8,17.37,9.03,236.9,266.4,206.9,241.9,235.3,213.7,426.8,563.6,418.2,407.5,372.2,446,"High","High","High","High","High","High"
"Ag00001aa023211_T001",TRUE,"Master Protein","Ag00001aa023211_T001",33,3,5,129,NA,1.051,0.999704151765908,1,54.1,56.9,26.06,34.06,6.5,7,4.3,8.3,4.3,5.9,11.7,14.8,8.7,14,6.8,12.3,"High","High","High","High","High","High"
"Ag00001aa052845_T003",TRUE,"Master Protein","Ag00001aa052845_T003",18,5,6,348,NA,1.122,0.478803514263296,0.934745394368144,101.3,113.6,7,2.3,86.2,63.8,72,94.1,103.2,79.5,155.3,135,145.5,158.5,163.3,165.9,"High","High","High","High","High","High"
"Ag00001aa067998_T001",TRUE,"Master Protein","Ag00001aa067998_T001",21,2,4,239,NA,0.887,0.992471015933859,1,36.3,32.2,31.68,37.18,5.7,2.5,4.5,5.8,5.1,2.1,10.3,5.3,9.1,9.8,8.1,4.4,"High","High","High","High","High","High"
"Ag00001aa072988_T001",TRUE,"Master Protein","Ag00001aa072988_T001",10,4,5,460,NA,1.148,0.95923971706963,1,127.8,146.7,9.47,4.19,109.8,106.6,93.2,130.3,143.6,114.3,197.8,225.5,188.4,219.5,227.2,238.5,"High","High","High","High","High","High"
"Ag00001aa051512_T001",TRUE,"Master Protein","Ag00001aa051512_T001",23,3,4,201,NA,1.207,0.967738650369828,1,48.9,59,22.93,27.42,5.5,3.4,5.7,7.1,9.1,3.9,9.9,7.2,11.5,12,14.4,8.1,"High","High","High","High","High","High"
"Ag00001aa048827_T002",TRUE,"Master Protein","Ag00001aa048827_T002",13,2,4,279,NA,0.988,0.999999954767479,1,97.7,96.5,14.84,17.42,21.7,21.8,17,20.3,30.3,18.5,39.1,46.1,34.4,34.2,47.9,38.6,"High","High","High","High","High","High"
"Ag00001aa050916_T001",TRUE,"Master Protein","Ag00001aa050916_T001",9,4,4,523,NA,0.862,0.630742758500754,1,103.9,89.5,8.7,5.44,69.5,64.8,57,64,68.2,56.7,125.2,137.1,115.2,107.8,107.9,118.3,"High","High","High","High","High","High"
"Ag00001aa029956_T001",TRUE,"Master Protein","Ag00001aa029956_T001",16,4,4,311,NA,1.146,0.994330883271884,1,132.6,152,13.59,4.5,30.5,24.6,33.1,38.1,39.8,28.2,55,52,66.9,64.2,63,58.9,"High","High","High","High","High","High"
"Ag00001aa060352_T001",TRUE,"Master Protein","Ag00001aa060352_T001",32,2,5,87,NA,1.157,0.930248230643377,1,110.2,127.5,21.74,3.79,94.6,106.4,73.5,120.5,119,94.5,170.4,225.1,148.6,203,188.2,197.2,"High","High","High","High","High","High"
"Ag00001aa012294_T001",TRUE,"Master Protein","Ag00001aa012294_T001",10,3,4,391,NA,1.209,0.0941004159494191,0.292587726920213,65.2,78.8,0.98,5.5,62.6,54.3,56,75.4,89.5,65.6,112.8,114.9,113.2,127,141.6,136.9,"High","High","High","High","High","High"
"Ag00001aa033320_T001",TRUE,"Master Protein","Ag00001aa033320_T001",10,2,5,315,NA,1.022,0.99768790051358,1,93.8,95.9,14.29,23.75,26.4,18.3,25.5,18.7,31.6,23.3,47.6,38.7,51.5,31.5,50,48.6,"High","High","High","High","High","High"
"Ag00001aa009617_T002",TRUE,"Master Protein","Ag00001aa009617_T002",16,3,3,226,NA,1.007,0.999998276894604,1,119.3,120.1,8.44,11.1,39.4,33.7,40.6,40.1,45.4,40,71,71.3,82.1,67.6,71.8,83.5,"High","High","High","High","High","High"
"Ag00001aa105551_T001",TRUE,"Master Protein","Ag00001aa105551_T001",5,2,2,643,NA,0.31,0.000234339220190116,0.00419360606196852,269.8,83.7,16.77,8.85,88.6,53.7,70.1,26.1,31.8,20.5,159.6,113.6,141.7,44,50.3,42.8,"High","High","High","High","High","High"
"Ag00001aa051029_T001",TRUE,"Master Protein","Ag00001aa051029_T001",15,3,3,324,NA,0.307,0.00190751722212701,0.0175822043722426,107,32.9,21.81,29.55,84.4,56.9,48.7,32.5,23.4,15.1,152.1,120.4,98.4,54.8,37,31.5,"High","High","High","High","High","High"
"Ag00001aa065397_T001",TRUE,"Master Protein","Ag00001aa065397_T001",33,2,2,99,NA,NA,NA,NA,NA,NA,NA,NA,NA,NA,NA,NA,NA,NA,NA,NA,NA,NA,NA,NA,"High","High","High","High","High","High"
"Ag00001aa126015_T002",TRUE,"Master Protein","Ag00001aa126015_T002",9,4,4,424,NA,0.765,0.994741223653062,1,221.5,169.5,28.12,13.61,109.3,55.6,102.3,102.5,83.1,72.2,196.9,117.6,206.8,172.7,131.5,150.7,"High","High","High","High","High","High"
"Ag00001aa082219_T001",TRUE,"Master Protein","Ag00001aa082219_T001",12,2,4,204,NA,NA,NA,NA,NA,NA,NA,NA,NA,NA,NA,NA,NA,NA,NA,NA,NA,NA,NA,NA,"High","High","High","High","High","High"
"Ag00001aa040419_T001",TRUE,"Master Protein","Ag00001aa040419_T001",5,2,2,658,NA,1.173,0.984535282532479,1,102.2,119.9,5.76,11.91,18.5,14.8,14.7,21.8,23.8,14.4,33.3,31.3,29.7,36.7,37.6,30.1,"High","High","High","High","High","High"
"Ag00001aa041999_T001",TRUE,"Master Protein","Ag00001aa041999_T001",12,3,4,311,NA,1.022,0.999999999969723,1,61.3,62.6,8.54,4.24,96.6,91.2,80.7,107.9,105.8,85.2,174,193,163.1,181.8,167.4,177.8,"High","High","High","High","High","High"
"Ag00001aa003271_T002",TRUE,"Master Protein","Ag00001aa003271_T002",14,4,4,486,NA,1.21,0.215475375719292,0.5295318383053,109.5,132.5,30.91,5.03,40.5,18.9,36.4,52.4,52,43.5,73,40,73.6,88.3,82.3,90.8,"High","High","High","High","High","High"
"Ag00001aa033793_T004",TRUE,"Master Protein","Ag00001aa033793_T004",9,2,2,512,NA,1.502,0.0135544243657044,0.0720451842395426,76.4,114.8,9.53,5.78,25,17.6,20.9,35.1,40.1,31.8,45,37.2,42.2,59.1,63.4,66.4,"High","High","High","High","High","High"
"Ag00001aa142479_T001",TRUE,"Master Protein","Ag00001aa142479_T001",12,2,2,350,NA,NA,NA,NA,NA,NA,NA,NA,NA,NA,NA,NA,NA,NA,NA,NA,NA,NA,NA,NA,"High","High","High","High","High","High"
"Ag00001aa037915_T002",TRUE,"Master Protein","Ag00001aa037915_T002",17,3,3,164,NA,0.728,0.985661167469685,1,197.1,143.5,19.35,25.63,96.5,59.6,91.5,67.9,80,87.3,173.9,126.1,185,114.4,126.6,182.2,"High","High","High","High","High","High"
"Ag00001aa008904_T004",TRUE,"Master Protein","Ag00001aa008904_T004",7,4,4,630,NA,1.516,0.50151799543857,0.964603460873506,82.2,124.6,39.43,15.01,13.4,6.7,5.8,14.5,11.4,10.3,24.1,14.2,11.7,24.4,18,21.5,"High","High","High","High","High","High"
"Ag00001aa030960_T002",TRUE,"Master Protein","Ag00001aa030960_T002",5,3,4,704,NA,0.814,0.888442462468974,1,115.4,93.9,13.5,4.32,167.4,112.3,150.9,145.7,144.8,119,301.6,237.6,305,245.5,229.1,248.4,"High","High","High","High","High","High"
"Ag00001aa009842_T002",TRUE,"Master Protein","Ag00001aa009842_T002",5,4,4,1295,NA,0.955,0.999999729042369,1,76.1,72.7,29.12,1.93,115.5,54,79.7,94.1,96.7,73.7,208.1,114.2,161.1,158.5,153,153.8,"High","High","High","High","High","High"
"Ag00001aa058813_T002",TRUE,"Master Protein","Ag00001aa058813_T002",8,3,3,601,NA,1.213,0.0177491663626714,0.0887681765465036,106.8,129.5,6.11,6.32,97,73.4,84.2,122.5,135.2,90.5,174.8,155.3,170.2,206.4,213.9,188.9,"High","High","High","High","High","High"
"Ag00001aa003172_T002",TRUE,"Master Protein","Ag00001aa003172_T002",10,4,6,510,NA,0.752,0.263540274703719,0.612375315640265,79.9,60.1,9.67,8.38,102.5,105.9,100.3,97.9,96.4,66.8,184.7,224.1,202.7,164.9,152.5,139.4,"High","High","High","High","High","High"
"Ag00001aa155741_T001",TRUE,"Master Protein","Ag00001aa155741_T001",13,4,4,542,NA,0.569,0.000752101035493835,0.00916138094498115,139.7,79.4,10.29,5.98,97.7,68.9,86.3,58.2,62.7,52.3,176,145.8,174.4,98,99.2,109.2,"High","High","High","High","High","High"
"Ag00001aa056960_T001",TRUE,"Master Protein","Ag00001aa056960_T001",26,3,7,288,NA,0.197,0.000780733175542836,0.00943211149125141,300,59,19.34,28.93,48,39.7,29.5,9.8,8.1,10.9,86.5,84,59.6,16.5,12.8,22.7,"High","High","High","High","High","High"
"Ag00001aa030378_T001",TRUE,"Master Protein","Ag00001aa030378_T001",9,4,5,564,NA,0.975,0.946531559368754,1,97.7,95.3,17.58,11.49,97.7,59.4,84.5,98.9,100,94,176,125.7,170.8,166.6,158.2,196.2,"High","High","High","High","High","High"
"Ag00001aa105197_T001",TRUE,"Master Protein","Ag00001aa105197_T001",10,3,4,347,NA,1.259,0.213455265137611,0.526372822244992,116,146,5.99,2.44,91.2,68.9,76.4,119.8,122.9,92.4,164.3,145.8,154.4,201.8,194.4,192.8,"High","High","High","High","High","High"
"Ag00001aa022567_T001",TRUE,"Master Protein","Ag00001aa022567_T001",8,3,3,633,NA,NA,NA,NA,NA,NA,NA,NA,NA,NA,NA,NA,NA,NA,NA,NA,NA,NA,NA,NA,"High","High","High","High","High","High"
"Ag00001aa101572_T001",TRUE,"Master Protein","Ag00001aa101572_T001",9,3,4,475,NA,0.956,0.989886804852254,1,53.9,51.6,13.64,8.2,29.4,26,33.5,30.9,38,25.2,53,55,67.7,52.1,60.1,52.6,"High","High","High","High","High","High"
"Ag00001aa118606_T001",TRUE,"Master Protein","Ag00001aa118606_T001",18,3,4,200,NA,1.917,0.0182678936305898,0.0903389030246345,39.8,76.3,4.53,10.92,28.7,22.4,25.1,64.8,55.5,46.6,51.7,47.4,50.7,109.2,87.8,97.3,"High","High","High","High","High","High"
"Ag00001aa146394_T001",TRUE,"Master Protein","Ag00001aa146394_T001",9,2,3,362,NA,2.084,0.230357538681855,0.557951660605699,85.5,178.2,39.83,13.84,82.9,38.9,37.4,80.1,108.4,83.9,149.4,82.3,75.6,134.9,171.5,175.1,"High","High","High","High","High","High"
"Ag00001aa156945_T001",TRUE,"Master Protein","Ag00001aa156945_T001",13,4,4,335,NA,0.83,0.923993697787507,1,83.7,69.5,16.57,13.52,27.6,27,20.2,24.5,22.4,22.3,49.7,57.1,40.8,41.3,35.4,46.5,"High","High","High","High","High","High"
"Ag00001aa104834_T001",TRUE,"Master Protein","Ag00001aa104834_T001",12,3,4,353,NA,1.101,0.98795428550936,1,89.1,98.1,15.14,18.65,40.6,33.1,45.5,47.8,51.5,27.5,73.2,70,92,80.5,81.5,57.4,"High","High","High","High","High","High"
"Ag00001aa034991_T001",TRUE,"Master Protein","Ag00001aa034991_T001",25,4,4,164,NA,0.885,0.624563579329126,1,109.1,96.5,2.69,4.14,76.7,68.3,71.8,73.8,80.8,64.6,138.2,144.5,145.1,124.3,127.8,134.8,"High","High","High","High","High","High"
"Ag00001aa049653_T001",TRUE,"Master Protein","Ag00001aa049653_T001",9,3,5,404,NA,0.427,0.0959640181868741,0.296717906019241,312.6,133.4,17.54,18.73,318.2,237.8,350.5,123,190,117.2,573.3,503.1,708.5,207.2,300.6,244.6,"High","High","High","High","High","High"
"Ag00001aa129133_T002",TRUE,"Master Protein","Ag00001aa129133_T002",7,2,4,414,NA,0.976,0.999478837848037,1,92.8,90.6,9.67,4.08,60.2,51.6,45.3,64.6,66.9,48.1,108.5,109.2,91.6,108.8,105.8,100.4,"High","High","High","High","High","High"
"Ag00001aa007141_T001",TRUE,"Master Protein","Ag00001aa007141_T001",31,3,4,88,NA,1.154,0.835648990552204,1,45,51.9,7.64,13.43,20.7,16.6,20.2,28.9,27.2,17.8,37.3,35.1,40.8,48.7,43,37.1,"High","High","High","High","High","High"
"Ag00001aa005682_T001",TRUE,"Master Protein","Ag00001aa005682_T001",17,3,7,192,NA,0.865,0.430377648219432,0.867745019705496,156.1,135,11.04,10.66,162.1,171.1,155.8,146.9,172.2,146.6,292.1,362,314.9,247.5,272.4,306,"High","High","High","High","High","High"
"Ag00001aa077514_T001",TRUE,"Master Protein","Ag00001aa077514_T001",11,3,5,411,NA,0.451,0.205738330013056,0.511577178613729,327.1,147.6,15.21,23.98,139.7,109.5,152.9,53.7,92.4,54.4,251.7,231.7,309.1,90.5,146.2,113.5,"High","High","High","High","High","High"
"Ag00001aa053975_T001",TRUE,"Master Protein","Ag00001aa053975_T001",21,4,7,285,NA,0.535,0.000852542934952849,0.0100849694280576,166.1,88.8,15.1,3.86,75.2,86.9,81.5,54.9,54.2,42.2,135.5,183.9,164.7,92.5,85.7,88.1,"High","High","High","High","High","High"
"Ag00001aa042260_T003",TRUE,"Master Protein","Ag00001aa042260_T003",11,2,3,271,NA,0.944,0.534468572130118,1,108,102,9.7,2,114.5,117.9,109.5,124.3,127.7,100.1,206.3,249.4,221.3,209.4,202,208.9,"High","High","High","High","High","High"
"Ag00001aa054492_T001",TRUE,"Master Protein","Ag00001aa054492_T001",12,4,5,316,NA,0.527,2.91861623757939e-09,9.93830523413461e-06,140.8,74.2,4.15,2.38,213.8,196.1,191.9,121.7,124.2,98,385.2,414.9,387.9,205,196.5,204.5,"High","High","High","High","High","High"
"Ag00001aa136355_T001",TRUE,"Master Protein","Ag00001aa136355_T001",8,2,2,492,NA,0.492,0.233908739413093,0.564945659403231,210.6,103.6,18.96,4.96,130.6,162.9,155.9,92,106.6,74.2,235.3,344.7,315.1,155,168.6,154.9,"High","High","High","High","High","High"
"Ag00001aa055267_T001",TRUE,"Master Protein","Ag00001aa055267_T001",6,3,6,526,NA,0.871,0.999998602719935,1,46.5,40.5,21.7,9.25,11.3,9.6,6.7,10.5,9.7,8.8,20.4,20.3,13.5,17.7,15.3,18.4,"High","High","High","High","High","High"
"Ag00001aa033056_T002",TRUE,"Master Protein","Ag00001aa033056_T002",16,3,5,218,NA,1.098,0.777777394574661,1,152.2,167.1,2.92,5.64,168.3,149.5,148,214.3,205.1,159.5,303.2,316.3,299.2,361,324.4,332.9,"High","High","High","High","High","High"
"Ag00001aa121507_T001",TRUE,"Master Protein","Ag00001aa121507_T001",11,2,8,226,NA,0.662,0.00153348233284278,0.0151542640487731,218.2,144.5,18.84,3.61,495.4,583.7,453.3,349.7,400.1,290.8,892.6,1235,916.3,589.1,632.9,606.9,"High","High","High","High","High","High"
"Ag00001aa048266_T001",TRUE,"Master Protein","Ag00001aa048266_T001",10,4,5,581,NA,0.652,0.196452799790386,0.494576355703805,144.6,94.2,19.22,22.07,23.1,14,21.2,16.1,19.7,9.5,41.6,29.6,42.9,27.1,31.2,19.8,"High","High","High","High","High","High"
"Ag00001aa078228_T002",TRUE,"Master Protein","Ag00001aa078228_T002",15,4,4,400,NA,0.679,0.000468641623323607,0.00681546170441824,143.6,97.5,3.08,1.11,106.6,85.4,91.6,73.4,79.5,60.5,192.1,180.7,185.2,123.7,125.8,126.3,"High","High","High","High","High","High"
"Ag00001aa087860_T001",TRUE,"Master Protein","Ag00001aa087860_T001",18,2,7,193,NA,NA,NA,NA,NA,NA,NA,NA,NA,NA,NA,NA,NA,NA,NA,NA,NA,NA,NA,NA,"High","High","High","High","High","High"
"Ag00001aa058329_T001",TRUE,"Master Protein","Ag00001aa058329_T001",11,3,16,206,NA,1.04,0.999842143652534,1,135.4,140.9,12.37,12.71,162.1,172.3,149,186,168.8,165.3,292.1,364.5,301.2,313.3,267,345,"High","High","High","High","High","High"
"Ag00001aa055138_T001",TRUE,"Master Protein","Ag00001aa055138_T001",10,3,5,467,NA,0.492,0.000840893831666079,0.0100017691475013,211.7,104.2,12.25,4.93,263.2,282.6,288.6,170.5,181.5,149.7,474.2,597.9,583.4,287.2,287.1,312.4,"High","High","High","High","High","High"
"Ag00001aa021656_T004",TRUE,"Master Protein","Ag00001aa021656_T004",18,4,4,233,NA,1.494,0.000726844308647112,0.00900003165761692,107.9,161.1,4.87,1.3,125.2,112.8,123,213.1,221.3,170.8,225.6,238.7,248.6,359,350.1,356.5,"High","High","High","High","High","High"
"Ag00001aa036755_T004",TRUE,"Master Protein","Ag00001aa036755_T004",4,3,4,797,NA,1.163,0.765689559434726,1,106.1,123.4,8.22,15.89,34,25.1,30.5,42.3,45.6,25.7,61.3,53.1,61.7,71.3,72.1,53.6,"High","High","High","High","High","High"
"Ag00001aa155726_T002",TRUE,"Master Protein","Ag00001aa155726_T002",14,2,7,164,NA,NA,NA,NA,NA,NA,NA,NA,NA,NA,NA,NA,NA,NA,NA,NA,NA,NA,NA,NA,"High","High","High","High","High","High"
"Ag00001aa030621_T002",TRUE,"Master Protein","Ag00001aa030621_T002",16,3,5,206,NA,1.604,0.0178527967269875,0.0889691120184975,86.9,139.4,10.99,7.67,27.4,29.1,28,50.3,57.4,47.3,49.4,61.6,56.6,84.7,90.8,98.7,"High","High","High","High","High","High"
"Ag00001aa109920_T001",TRUE,"Master Protein","Ag00001aa109920_T001",12,5,6,349,NA,0.733,0.229921795350051,0.55726782717852,147.9,108.3,21.64,12.93,101.5,110.1,75.1,87.1,71.5,64.2,182.9,232.9,151.8,146.7,113.1,134,"High","High","High","High","High","High"
"Ag00001aa145595_T001",TRUE,"Master Protein","Ag00001aa145595_T001",17,4,4,391,NA,1.934,0.0192433593449091,0.0939542632825179,57.5,111.2,8.82,9.52,53.9,45,40.7,106.4,116.4,102.1,97.1,95.2,82.3,179.2,184.1,213.1,"High","High","High","High","High","High"
"Ag00001aa062558_T001",TRUE,"Master Protein","Ag00001aa062558_T001",11,4,5,379,NA,0.59,0.00131346573978386,0.0135825463659384,197.8,116.8,12.96,7.43,150.3,120.5,160.8,94.9,109.4,71.5,270.8,254.9,325,159.9,173.1,149.2,"High","High","High","High","High","High"
"Ag00001aa090780_T001",TRUE,"Master Protein","Ag00001aa090780_T001",9,2,2,399,NA,0.523,0.00319063373829442,0.0254695062913549,170.9,89.3,15.54,8.5,68.1,77.4,65,41.8,43.4,28.7,122.7,163.8,131.4,70.4,68.7,59.9,"High","High","High","High","High","High"
"Ag00001aa078187_T001",TRUE,"Master Protein","Ag00001aa078187_T001",13,2,4,167,NA,1.448,0.946866733918323,1,28.5,41.3,19.2,12.01,3.9,4.7,5,10.2,9.1,6.6,7,9.9,10.1,17.2,14.4,13.8,"High","High","High","High","High","High"
"Ag00001aa050480_T002",TRUE,"Master Protein","Ag00001aa050480_T002",6,2,4,352,NA,NA,NA,NA,NA,NA,NA,NA,NA,NA,NA,NA,NA,NA,NA,NA,NA,NA,NA,NA,"High","High","High","High","High","High"
"Ag00001aa009973_T001",TRUE,"Master Protein","Ag00001aa009973_T001",9,3,4,416,NA,0.793,0.0687226467584696,0.230001826472182,133.2,105.7,7.03,0.61,98,76.1,91.6,84,88.5,67.1,176.6,161,185.2,141.5,140,140,"High","High","High","High","High","High"
"Ag00001aa018678_T003",TRUE,"Master Protein","Ag00001aa018678_T003",5,2,3,641,NA,1.57,0.179506873898517,0.464422646938571,44.3,69.6,8.33,19.84,4.5,4,4.7,9.1,8.4,4.9,8.1,8.5,9.5,15.3,13.3,10.2,"High","High","High","High","High","High"
"Ag00001aa026657_T003",TRUE,"Master Protein","Ag00001aa026657_T003",6,3,3,557,NA,1.21,0.805325091426352,1,99.9,120.9,3.76,12.27,75.9,61.4,69.2,93.6,125.1,79.3,136.8,129.9,139.9,157.7,197.9,165.5,"High","High","High","High","High","High"
"Ag00001aa126331_T001",TRUE,"Master Protein","Ag00001aa126331_T001",27,3,3,222,NA,1.182,0.489499493465498,0.948825723854893,46.4,54.8,8.31,8.49,12.4,9.5,9.4,14.1,17.1,11.1,22.3,20.1,19,23.8,27.1,23.2,"High","High","High","High","High","High"
"Ag00001aa004176_T001",TRUE,"Master Protein","Ag00001aa004176_T001",9,3,3,348,NA,0.772,0.864355361975616,1,51,39.3,2.64,36.23,11.1,9,9.5,11.2,5.5,7.1,20,19,19.2,18.9,8.7,14.8,"High","High","High","High","High","High"
"Ag00001aa031109_T001",TRUE,"Master Protein","Ag00001aa031109_T001",9,3,5,594,NA,NA,NA,NA,NA,NA,NA,NA,NA,NA,NA,NA,NA,NA,NA,NA,NA,NA,NA,NA,"High","High","High","High","High","High"
"Ag00001aa016350_T002",TRUE,"Master Protein","Ag00001aa016350_T002",2,3,4,1996,NA,0.549,0.00708906264599873,0.0456688911432502,183.2,100.6,16.76,11.14,94.8,67.3,98.8,66.9,59.3,44.6,170.8,142.4,199.7,112.7,93.8,93.1,"High","High","High","High","High","High"
"Ag00001aa014883_T002",TRUE,"Master Protein","Ag00001aa014883_T002",6,2,2,513,NA,0.205,0.000107490130371368,0.00236359294052761,290.2,59.4,22.76,16.46,108.4,143.7,114.3,24.9,29.9,27.7,195.3,304,231,41.9,47.3,57.8,"High","High","High","High","High","High"
"Ag00001aa016428_T001",TRUE,"Master Protein","Ag00001aa016428_T001",22,2,3,136,NA,0.7,0.999999922357957,1,101.9,71.3,65.51,33.89,12.8,18.2,4,16.2,10.2,7.4,23.1,38.5,8.1,27.3,16.1,15.4,"High","High","High","High","High","High"
"Ag00001aa010983_T002",TRUE,"Master Protein","Ag00001aa010983_T002",11,3,3,307,NA,0.726,0.321725621427341,0.707179261558658,113,82,10.01,17.68,32.4,30.6,35.3,27.2,29.7,29.8,58.4,64.7,71.4,45.8,47,62.2,"High","High","High","High","High","High"
"Ag00001aa064483_T001",TRUE,"Master Protein","Ag00001aa064483_T001",3,3,3,1365,NA,0.514,0.415732157853424,0.845511238446605,261.9,134.6,33.28,8.55,199.9,91.5,190.6,109.9,116.1,102.1,360.2,193.6,385.3,185.1,183.7,213.1,"High","High","High","High","High","High"
"Ag00001aa033081_T001",TRUE,"Master Protein","Ag00001aa033081_T001",14,3,4,364,NA,0.995,0.966124814991291,1,30.3,30.2,67.2,15.89,2.1,2.4,6.3,3,3.8,2.1,3.8,5.1,12.7,5.1,6,4.4,"High","High","High","High","High","High"
"Ag00001aa101274_T001",TRUE,"Master Protein","Ag00001aa101274_T001",11,3,4,398,NA,0.857,0.423507023219115,0.858029188733601,121.8,104.4,21.55,6.41,38.4,22.5,24.5,25.2,28.5,19,69.2,47.6,49.5,42.5,45.1,39.7,"High","High","High","High","High","High"
"Ag00001aa085594_T001",TRUE,"Master Protein","Ag00001aa085594_T001",48,4,5,91,"Met-loss [N-Term]",0.609,0.0156126315945562,0.0806907572603108,197.4,120.3,4.69,4.24,458.4,428.7,427.6,314,309.8,252.4,825.9,907,864.3,529,490.1,526.8,"High","High","High","High","High","High"
"Ag00001aa009671_T001",TRUE,"Master Protein","Ag00001aa009671_T001",13,3,5,265,NA,0.894,0.48002354796523,0.936506900911105,145.6,130.1,11.16,15.39,128.8,130.2,111.4,123.1,111.3,115,232.1,275.5,225.2,207.4,176.1,240,"Not Found","Not Found","High","High","High","Not Found"
"Ag00001aa094230_T001",TRUE,"Master Protein","Ag00001aa094230_T001",7,3,3,637,NA,0.557,0.0080540262164529,0.0494018962674656,193.6,107.9,22.68,4.59,120.6,78.8,131,71.9,78.7,54.5,217.3,166.7,264.8,121.1,124.5,113.7,"High","High","High","High","High","High"
"Ag00001aa068076_T001",TRUE,"Master Protein","Ag00001aa068076_T001",9,3,4,479,NA,0.807,0.507840309883516,0.971733292637351,161.6,130.5,10.87,10.73,58.9,57.6,65.3,58.4,70.7,43.4,106.1,121.9,132,98.4,111.8,90.6,"High","High","High","High","High","High"
"Ag00001aa115445_T002",TRUE,"Master Protein","Ag00001aa115445_T002",7,3,3,588,NA,NA,NA,NA,NA,NA,NA,NA,NA,NA,NA,NA,NA,NA,NA,NA,NA,NA,NA,NA,"High","High","High","High","High","Not Found"
"Ag00001aa068063_T001",TRUE,"Master Protein","Ag00001aa068063_T001",4,4,4,909,NA,0.774,0.296686551097311,0.664083071833552,142.6,110.3,16.21,15.76,78,48.7,67.4,66.7,52,50.5,140.5,103,136.2,112.4,82.3,105.4,"High","High","High","High","High","High"
"Ag00001aa140872_T001",TRUE,"Master Protein","Ag00001aa140872_T001",14,4,5,428,NA,2.013,0.329450722340533,0.717346069033429,80.2,161.5,37.47,7.29,91.6,46.5,41.4,108,133.1,94.9,165,98.4,83.7,181.9,210.6,198.1,"High","High","High","High","High","High"
"Ag00001aa052340_T001",TRUE,"Master Protein","Ag00001aa052340_T001",27,3,4,130,NA,0.47,0.0365708424520002,0.147916098268598,203.2,95.6,28.7,4.71,459.5,703.8,564,318.2,332.8,275.5,827.9,1489,1140.1,536.1,526.5,575,"High","High","High","High","High","High"
"Ag00001aa018454_T001",TRUE,"Master Protein","Ag00001aa018454_T001",20,4,11,164,NA,1.099,0.807911046759735,1,135.8,149.3,12.45,10.49,434.4,289.4,365.9,573.8,514,386.7,782.7,612.3,739.6,966.7,813.1,807.1,"High","High","High","High","High","High"
"Ag00001aa039889_T001",TRUE,"Master Protein","Ag00001aa039889_T001",8,3,4,399,NA,0.184,0.0529715470316316,0.190012008283818,286.9,52.9,14.03,23.61,234.6,264.3,256.9,37.6,64,45.9,422.7,559.2,519.3,63.3,101.2,95.8,"High","High","High","High","High","High"
"Ag00001aa021901_T001",TRUE,"Master Protein","Ag00001aa021901_T001",21,2,3,163,NA,1.033,0.997987728757481,1,96.4,99.6,10.75,7.9,99,97,82.5,104.2,116.5,98,178.4,205.2,166.8,175.5,184.3,204.5,"High","High","High","High","High","High"
"Ag00001aa015196_T001",TRUE,"Master Protein","Ag00001aa015196_T001",46,2,4,46,NA,0.914,0.991448365317368,1,127.2,116.3,3.11,8.43,63.1,56.8,56.5,61.8,76,50,113.7,120.2,114.2,104.1,120.2,104.4,"High","High","High","High","High","High"
"Ag00001aa154422_T001",TRUE,"Master Protein","Ag00001aa154422_T001",20,4,5,296,NA,1.295,0.935035619601823,1,44.3,57.4,22.24,14.7,6.8,8.3,9.5,13.5,11.6,11.8,12.3,17.6,19.2,22.7,18.4,24.6,"High","High","High","High","High","High"
"Ag00001aa070947_T001",TRUE,"Master Protein","Ag00001aa070947_T001",9,3,3,447,NA,NA,NA,NA,NA,NA,NA,NA,NA,NA,NA,NA,NA,NA,NA,NA,NA,NA,NA,NA,"High","High","High","High","High","High"
"Ag00001aa001363_T001",TRUE,"Master Protein","Ag00001aa001363_T001",10,4,5,436,NA,0.659,0.00132051277354017,0.0136317637375936,169.9,111.9,2.63,5.43,252.6,208.7,230.2,178,178.8,151.1,455.1,441.6,465.3,299.9,282.8,315.4,"High","High","High","High","High","High"
"Ag00001aa051763_T001",TRUE,"Master Protein","Ag00001aa051763_T001",24,3,3,182,NA,0.604,0.000649470061733992,0.00824931564801808,195.4,118,7.08,2.76,175.5,172.1,166.9,126.6,128.4,97.6,316.2,364.1,337.4,213.3,203.1,203.7,"High","High","High","High","High","High"
"Ag00001aa090314_T001",TRUE,"Master Protein","Ag00001aa090314_T001",19,3,6,194,NA,1.384,0.983068881227332,1,124.5,172.3,23.54,39.98,33,19.5,19.6,33.9,54.7,18.4,59.5,41.3,39.6,57.1,86.5,38.4,"High","High","High","High","High","High"
"Ag00001aa111033_T001",TRUE,"Master Protein","Ag00001aa111033_T001",13,3,3,283,NA,1.123,0.999937126399687,1,45,50.6,12.55,5.35,23,19.9,25.5,25.7,29.9,22.9,41.4,42.1,51.5,43.3,47.3,47.8,"High","High","High","High","High","High"
"Ag00001aa018628_T001",TRUE,"Master Protein","Ag00001aa018628_T001",9,2,3,391,NA,1.13,0.733941758694179,1,118.1,133.4,8.8,9.25,94.5,94.8,87.2,115.9,125.9,110.4,170.3,200.6,176.3,195.3,199.2,230.4,"High","High","High","High","High","High"
"Ag00001aa066684_T001",TRUE,"Master Protein","Ag00001aa066684_T001",15,3,15,175,NA,1.172,0.642467411062103,1,114,133.6,11.54,11.51,296.2,265.9,221.8,370.2,395.5,363.2,533.7,562.6,448.3,623.7,625.6,758,"High","High","High","High","High","High"
"Ag00001aa006587_T001",TRUE,"Master Protein","Ag00001aa006587_T001",7,3,4,513,NA,0.628,0.0264515096295723,0.117828103818069,138.2,86.7,12.33,4.75,245,213.9,177.3,161,175.2,142.2,441.4,452.6,358.4,271.2,277.1,296.8,"High","High","High","High","High","High"
"Ag00001aa050402_T001",TRUE,"Master Protein","Ag00001aa050402_T001",17,5,7,314,NA,1.301,0.100564545217908,0.307118065318905,103.2,134.4,8.73,10.67,53.6,39.6,48.9,74.6,81.1,50.3,96.6,83.8,98.8,125.7,128.3,105,"High","High","High","High","High","High"
"Ag00001aa078522_T001",TRUE,"Master Protein","Ag00001aa078522_T001",9,3,3,416,NA,1.309,0.99872063564669,1,51.3,67.1,39.59,29.32,3.8,4.5,7.4,7.4,8.7,3.6,6.8,9.5,15,12.5,13.8,7.5,"High","High","High","High","High","High"
"Ag00001aa053449_T001",TRUE,"Master Protein","Ag00001aa053449_T001",13,3,4,370,NA,0.876,0.860002725585481,1,133.2,116.7,7.8,17.01,32,27.9,32.9,24,32.7,27.3,57.7,59,66.5,40.4,51.7,57,"High","High","High","High","High","High"
"Ag00001aa012766_T001",TRUE,"Master Protein","Ag00001aa012766_T001",9,2,2,281,NA,NA,NA,NA,NA,NA,NA,NA,NA,NA,NA,NA,NA,NA,NA,NA,NA,NA,NA,NA,"High","High","High","High","High","High"
"Ag00001aa025369_T001",TRUE,"Master Protein","Ag00001aa025369_T001",7,2,2,553,NA,1.091,0.915006441366023,1,58.4,63.8,7.26,8.51,28.5,23.2,22,31.8,35.2,22.6,51.3,49.1,44.5,53.6,55.7,47.2,"High","High","High","High","High","High"
"Ag00001aa096269_T002",TRUE,"Master Protein","Ag00001aa096269_T002",12,2,3,381,NA,0.602,0.153553598667974,0.418637538089004,100.9,60.8,16.49,12.25,13.7,9.8,14.3,8.1,9.4,8.3,24.7,20.7,28.9,13.6,14.9,17.3,"High","High","High","High","High","High"
"Ag00001aa035417_T001",TRUE,"Master Protein","Ag00001aa035417_T001",4,3,5,863,NA,1.408,0.938897000511823,1,105.1,147.9,16.37,9.83,19.9,12.4,14.3,24.6,21.8,19.5,35.9,26.2,28.9,41.4,34.5,40.7,"High","High","High","High","High","High"
"Ag00001aa052408_T001",TRUE,"Master Protein","Ag00001aa052408_T001",11,4,4,402,NA,1.367,0.00817068833083601,0.0497462393496314,115.3,157.6,4.52,9.3,89.9,83.8,83.9,137.6,164.8,104.2,162,177.3,169.6,231.8,260.7,217.5,"High","High","High","High","High","High"
"Ag00001aa132193_T001",TRUE,"Master Protein","Ag00001aa132193_T001",14,2,3,173,NA,NA,NA,NA,NA,NA,NA,NA,NA,NA,NA,NA,NA,NA,NA,NA,NA,NA,NA,NA,"High","High","High","High","High","High"
"Ag00001aa037792_T001",TRUE,"Master Protein","Ag00001aa037792_T001",15,4,8,302,NA,1.69,0.631988938438985,1,57.3,96.9,29.69,5.88,133.2,78.4,67.2,169.4,161.4,134.3,240,165.9,135.8,285.4,255.3,280.3,"High","High","High","High","High","High"
"Ag00001aa078616_T001",TRUE,"Master Protein","Ag00001aa078616_T001",8,3,3,735,NA,0.799,0.984855575894689,1,167.4,133.7,9.84,13.38,24.3,23.3,20.1,20.1,22.1,20.6,43.8,49.3,40.6,33.9,35,43,"High","High","High","High","High","High"
"Ag00001aa052062_T001",TRUE,"Master Protein","Ag00001aa052062_T001",8,2,2,308,NA,4.127,4.77898622897044e-08,6.70070092669055e-05,75.4,311.2,12.95,7.22,73.4,49.2,54.2,240,285.8,222.6,132.2,104.1,109.6,404.3,452.1,464.6,"High","High","High","High","High","High"
"Ag00001aa042463_T001",TRUE,"Master Protein","Ag00001aa042463_T001",13,3,3,403,NA,0.959,0.994870715691855,1,73.5,70.5,1.17,5.57,67.5,56.3,60.1,64.1,76.2,55.8,121.6,119.1,121.5,108,120.5,116.5,"High","High","High","High","High","High"
"Ag00001aa008892_T003",TRUE,"Master Protein","Ag00001aa008892_T003",13,3,4,282,NA,0.733,0.254381093326419,0.597499777348101,137.6,100.8,24.87,4.24,85.8,44.4,58.9,51.8,51.2,41.8,154.6,93.9,119.1,87.3,81,87.2,"High","High","High","High","High","High"
"Ag00001aa015003_T001",TRUE,"Master Protein","Ag00001aa015003_T001",10,2,4,250,NA,0.712,0.99196664337323,1,23.5,16.7,23.26,20.56,6.6,3.6,5.8,3.5,5.6,4,11.9,7.6,11.7,5.9,8.9,8.3,"High","High","High","High","High","High"
"Ag00001aa153345_T001",TRUE,"Master Protein","Ag00001aa153345_T001",50,3,3,121,NA,1.216,0.748534772008647,1,34.5,41.9,2.98,16.54,32.4,26.2,28.9,43,33.5,34,58.4,55.4,58.4,72.4,53,71,"High","High","High","High","High","High"
"Ag00001aa005724_T001",TRUE,"Master Protein","Ag00001aa005724_T001",15,3,4,140,NA,1.316,0.210110592136256,0.51979201599998,120.3,158.3,7.48,10.47,61.8,47.2,57.2,97.3,84.1,70.2,111.3,99.9,115.6,163.9,133,146.5,"High","High","High","High","High","High"
"Ag00001aa104619_T001",TRUE,"Master Protein","Ag00001aa104619_T001",21,3,3,151,NA,0.672,0.151520515395723,0.415561270851739,98.2,66,33.38,16.48,72.3,111.4,72.1,66.1,61.9,38.2,130.3,235.7,145.7,111.4,97.9,79.7,"High","High","High","High","High","High"
"Ag00001aa027861_T005",TRUE,"Master Protein","Ag00001aa027861_T005",9,4,4,475,NA,1.521,0.0269108449082984,0.118830474107855,77.3,117.5,18.38,5.11,86.8,53,59,115.5,114.7,84.5,156.4,112.1,119.3,194.6,181.4,176.4,"High","High","High","High","High","High"
"Ag00001aa149306_T004",TRUE,"Master Protein","Ag00001aa149306_T004",13,3,5,284,NA,0.925,0.999977676339757,1,115.2,106.6,11.1,20.93,99.1,67.5,80.6,115.5,95.3,62.1,178.6,142.8,162.9,194.6,150.8,129.6,"High","High","High","High","High","High"
"Ag00001aa017650_T001",TRUE,"Master Protein","Ag00001aa017650_T001",2,2,10,1457,NA,0.298,0.979194734566889,1,226.3,67.5,61.19,117.93,65.2,12,57.7,6.6,22,79.2,117.5,25.4,116.6,11.1,34.8,165.3,"High","High","High","High","High","High"
"Ag00001aa071693_T001",TRUE,"Master Protein","Ag00001aa071693_T001",23,2,2,149,NA,1.069,0.979354288203984,1,26.6,28.4,35.52,26.35,7.8,6.1,11.8,10.7,6.6,7.2,14.1,12.9,23.9,18,10.4,15,"High","High","High","High","High","High"
"Ag00001aa064379_T001",TRUE,"Master Protein","Ag00001aa064379_T001",5,4,7,829,NA,0.936,0.999702777455692,1,127.8,119.6,6.63,5.9,32.1,31,31.8,35.7,35.2,30,57.8,65.6,64.3,60.1,55.7,62.6,"High","High","High","High","High","High"
"Ag00001aa137329_T001",TRUE,"Master Protein","Ag00001aa137329_T001",8,2,2,436,NA,NA,NA,NA,NA,NA,NA,NA,NA,NA,NA,NA,NA,NA,NA,NA,NA,NA,NA,NA,"High","High","High","High","High","High"
"Ag00001aa022365_T001",TRUE,"Master Protein","Ag00001aa022365_T001",7,3,4,726,NA,1.055,0.884236605659602,1,124.7,131.6,18.16,8.42,73.7,44.2,63.4,80.7,73.8,64.8,132.8,93.5,128.2,136,116.7,135.2,"High","High","High","High","High","High"
"Ag00001aa083065_T001",TRUE,"Master Protein","Ag00001aa083065_T001",17,4,4,334,NA,0.968,0.993145729897467,1,90.7,87.7,11.36,7.35,32.6,23.8,23.4,25.6,30.8,23.7,58.7,50.4,47.3,43.1,48.7,49.5,"High","High","High","High","High","High"
"Ag00001aa052350_T001",TRUE,"Master Protein","Ag00001aa052350_T001",12,3,3,310,NA,1.728,0.0145308124961101,0.0759553611090527,90.1,155.7,10.49,10.33,51.7,53.4,47.8,95.2,122.8,80,93.1,113,96.6,160.4,194.3,167,"High","High","High","High","High","High"
"Ag00001aa045952_T001",TRUE,"Master Protein","Ag00001aa045952_T001",6,3,4,659,NA,1.163,0.986460793888861,1,62.6,72.8,9.64,10.94,60.9,45.9,45,70.3,71.4,45.8,109.7,97.1,91,118.4,112.9,95.6,"High","High","High","High","High","High"
"Ag00001aa135523_T001",TRUE,"Master Protein","Ag00001aa135523_T001",7,2,4,488,NA,0.454,0.0126067332072144,0.0686372984758251,211.8,96,17.86,13.89,213.5,218.1,272.5,113.5,132.3,119.8,384.7,461.4,550.8,191.2,209.3,250,"High","High","High","High","High","High"
"Ag00001aa032943_T001",TRUE,"Master Protein","Ag00001aa032943_T001",17,4,4,244,NA,1.162,0.955168097998755,1,111.6,129.7,15.71,8.56,61.1,69.5,58,80.9,78,70.2,110.1,147,117.2,136.3,123.4,146.5,"High","High","High","High","High","High"
"Ag00001aa122187_T001",TRUE,"Master Protein","Ag00001aa122187_T001",6,2,3,420,NA,NA,NA,NA,NA,NA,NA,NA,NA,NA,NA,NA,NA,NA,NA,NA,NA,NA,NA,NA,"High","High","High","High","High","High"
"Ag00001aa126282_T001",TRUE,"Master Protein","Ag00001aa126282_T001",10,2,3,446,NA,1.174,0.327589415086146,0.714860505171964,54.8,64.3,21.49,6.81,21.6,13.6,22.1,29.6,27.6,21.9,38.9,28.8,44.7,49.9,43.7,45.7,"High","High","High","High","High","High"
"Ag00001aa013303_T001",TRUE,"Master Protein","Ag00001aa013303_T001",9,4,4,663,NA,1.223,1,1,27.2,33.3,11.99,32.99,9.9,8.8,11,15.1,14.4,6.1,17.8,18.6,22.2,25.4,22.8,12.7,"High","High","High","High","High","High"
"Ag00001aa065860_T001",TRUE,"Master Protein","Ag00001aa065860_T001",12,4,5,367,NA,2.317,0.0241379594961761,0.111200696279639,99.7,231.1,13.87,16.74,10.1,8.6,7,32.9,26.4,20.2,18.2,18.2,14.1,55.4,41.8,42.2,"High","High","High","High","High","High"
"Ag00001aa001753_T001",TRUE,"Master Protein","Ag00001aa001753_T001",18,2,3,242,NA,1.129,0.998750507815535,1,99.7,112.5,24.78,2.57,39.9,47,30.8,47.1,52.8,38.9,71.9,99.4,62.3,79.3,83.5,81.2,"High","High","High","High","High","High"
"Ag00001aa016173_T001",TRUE,"Master Protein","Ag00001aa016173_T001",22,3,4,112,NA,1.215,0.357073448795472,0.762106261236469,120.6,146.6,1.83,21.54,160.6,141.6,144.3,286.8,224.1,156.4,289.4,299.6,291.7,483.2,354.5,326.4,"High","High","High","High","High","High"
"Ag00001aa133916_T001",TRUE,"Master Protein","Ag00001aa133916_T001",14,3,5,235,NA,0.944,0.997691760531946,1,92.5,87.4,13.63,9.39,35.7,34.9,27.8,33.1,42.5,29.1,64.3,73.8,56.2,55.8,67.2,60.7,"High","High","High","High","High","High"
"Ag00001aa061758_T001",TRUE,"Master Protein","Ag00001aa061758_T001",46,3,4,138,NA,0.929,0.997162289544715,1,89.7,83.3,15.72,9.35,13.6,12.8,16.4,17.2,15.9,11.7,24.5,27.1,33.2,29,25.2,24.4,"High","High","High","High","High","High"
"Ag00001aa004447_T001",TRUE,"Master Protein","Ag00001aa004447_T001",15,3,7,267,NA,0.944,0.970109184440749,1,142.4,134.5,8.75,7.2,35.4,25.7,27.6,33.2,33.3,23.2,63.8,54.4,55.8,55.9,52.7,48.4,"High","High","High","High","High","High"
"Ag00001aa081289_T001",TRUE,"Master Protein","Ag00001aa081289_T001",11,3,5,287,NA,0.71,0.999207906188113,1,24.1,17.1,33.68,40.55,29.4,17.9,13.2,30.5,17,12.8,53,37.9,26.7,51.4,26.9,26.7,"High","High","High","High","High","High"
"Ag00001aa080696_T001",TRUE,"Master Protein","Ag00001aa080696_T001",2,2,2,2144,NA,0.282,0.00833961345222478,0.0504250128561481,240.3,67.7,32.83,14.75,98.9,48.7,102,29.8,38,21.6,178.2,103,206.2,50.2,60.1,45.1,"High","High","High","High","High","High"
"Ag00001aa065279_T001",TRUE,"Master Protein","Ag00001aa065279_T001",24,3,4,163,"Met-loss+Acetyl [N-Term]",3.476,0.000143193623133753,0.00289496454708747,92.3,320.9,35.97,2.57,34.4,50.3,28.4,127.9,135.3,107.5,62,106.4,57.4,215.5,214,224.4,"High","High","High","High","High","High"
"Ag00001aa079146_T004",TRUE,"Master Protein","Ag00001aa079146_T004",26,3,3,155,NA,NA,NA,NA,NA,NA,NA,NA,NA,NA,NA,NA,NA,NA,NA,NA,NA,NA,NA,NA,"High","High","High","High","High","High"
"Ag00001aa085261_T002",TRUE,"Master Protein","Ag00001aa085261_T002",9,2,3,328,NA,1.664,0.591772360793965,1,39.9,66.3,20.04,16.48,22.8,13,16.5,25.2,37.1,26.6,41.1,27.5,33.4,42.5,58.7,55.5,"High","High","High","High","High","High"
"Ag00001aa011358_T001",TRUE,"Master Protein","Ag00001aa011358_T001",3,2,2,883,NA,2.155,0.0421774416051849,0.163656437913265,55.1,118.7,26.81,16.36,17.3,10.2,9.4,29.9,29.4,17.4,31.2,21.6,19,50.4,46.5,36.3,"High","High","High","High","High","High"
"Ag00001aa012476_T001",TRUE,"Master Protein","Ag00001aa012476_T001",3,3,3,1274,NA,1.236,0.534188639851048,1,104.1,128.7,29.62,8.77,145.6,66.7,107,158.7,146.2,130.7,262.3,141.1,216.3,267.4,231.3,272.8,"High","High","High","High","High","High"
"Ag00001aa154100_T001",TRUE,"Master Protein","Ag00001aa154100_T001",14,3,3,224,NA,1.014,0.999999958263938,1,47.5,48.2,31.89,20.61,30.2,13.8,18.5,22.5,20.1,22.9,54.4,29.2,37.4,37.9,31.8,47.8,"High","High","High","High","High","High"
"Ag00001aa015725_T005",TRUE,"Master Protein","Ag00001aa015725_T005",8,3,3,461,NA,0.419,0.000529755245120889,0.00730743404091522,171,71.7,11.33,14.88,27.9,21.9,28.6,13.2,10.5,10.1,50.3,46.3,57.8,22.2,16.6,21.1,"High","High","High","High","High","High"
"Ag00001aa052006_T002",TRUE,"Master Protein","Ag00001aa052006_T002",16,4,5,213,NA,0.388,0.0471370592651382,0.1760090849707,223.6,86.9,13.33,15.9,170,189.1,182.6,73.2,107.1,68.7,306.3,400.1,369.1,123.3,169.4,143.4,"High","High","High","High","High","High"
"Ag00001aa150036_T001",TRUE,"Master Protein","Ag00001aa150036_T001",5,3,5,613,NA,1.518,0.193218587302972,0.488290738650726,63.7,96.6,19.23,10.73,68.4,39.6,56.1,102.2,94.6,88.9,123.2,83.8,113.4,172.2,149.6,185.5,"High","High","High","High","High","High"
"Ag00001aa150311_T001",TRUE,"Master Protein","Ag00001aa150311_T001",11,2,2,221,NA,0.926,0.99999999812014,1,44.4,41.1,7.64,11.77,16.4,16.2,16.4,17.3,19.4,17.4,29.5,34.3,33.2,29.1,30.7,36.3,"High","High","High","High","High","High"
"Ag00001aa046981_T002",TRUE,"Master Protein","Ag00001aa046981_T002",9,4,6,454,NA,0.643,0.728899583593304,1,144.9,93.2,34.92,21.75,88.7,39.3,50.1,29.3,48.7,31.2,159.8,83.1,101.3,49.4,77,65.1,"High","High","High","High","High","High"
"Ag00001aa003988_T002",TRUE,"Master Protein","Ag00001aa003988_T002",22,2,2,172,NA,0.373,0.000591462049631897,0.00781490544070171,218.9,81.6,0.89,10.17,94.1,79.4,84.6,38.3,33.7,30.3,169.5,168,171,64.5,53.3,63.2,"High","High","High","High","High","High"
"Ag00001aa007138_T002",TRUE,"Master Protein","Ag00001aa007138_T002",13,2,4,284,NA,0.9,0.998846541624298,1,99.3,89.4,12.48,16.58,109.3,81.3,76,117.6,97.9,70.3,196.9,172,153.6,198.1,154.9,146.7,"High","High","High","High","High","High"
"Ag00001aa114969_T001",TRUE,"Master Protein","Ag00001aa114969_T001",13,2,3,233,NA,NA,NA,NA,NA,NA,NA,NA,NA,NA,NA,NA,NA,NA,NA,NA,NA,NA,NA,NA,"High","High","High","High","High","High"
"Ag00001aa044964_T001",TRUE,"Master Protein","Ag00001aa044964_T001",5,2,3,591,NA,NA,NA,NA,NA,NA,NA,NA,NA,NA,NA,NA,NA,NA,NA,NA,NA,NA,NA,NA,"High","High","High","High","High","High"
"Ag00001aa147159_T001",TRUE,"Master Protein","Ag00001aa147159_T001",20,3,4,179,NA,NA,NA,NA,NA,NA,NA,NA,NA,NA,NA,NA,NA,NA,NA,NA,NA,NA,NA,NA,"High","High","High","High","High","High"
"Ag00001aa028867_T001",TRUE,"Master Protein","Ag00001aa028867_T001",10,2,12,218,NA,0.68,0.269487177761687,0.62140818120611,169,114.9,20.19,5.01,36,28.8,21.5,24.6,26.5,18.3,64.9,60.9,43.5,41.4,41.9,38.2,"High","High","High","High","High","High"
"Ag00001aa042509_T001",TRUE,"Master Protein","Ag00001aa042509_T001",15,3,3,379,NA,0.938,0.999991415365174,1,127.1,119.2,19.83,3.63,37.9,22.9,35.3,36,41.1,30.7,68.3,48.5,71.4,60.6,65,64.1,"High","High","High","High","High","High"
"Ag00001aa088327_T001",TRUE,"Master Protein","Ag00001aa088327_T001",9,2,3,332,NA,NA,NA,NA,NA,NA,NA,NA,NA,NA,NA,NA,NA,NA,NA,NA,NA,NA,NA,NA,"High","High","High","High","High","High"
"Ag00001aa008148_T001",TRUE,"Master Protein","Ag00001aa008148_T001",18,2,5,159,NA,0.946,0.989650839654681,1,120.9,114.3,8.33,5.46,142.4,106.1,109.5,135.7,134.2,98.6,256.6,224.5,221.3,228.6,212.3,205.8,"High","High","High","High","High","High"
"Ag00001aa157588_T001",TRUE,"Master Protein","Ag00001aa157588_T001",7,2,6,291,NA,1.125,0.983990334150957,1,116.9,131.5,10.58,5.98,205.4,159.2,148,217,259.4,181.5,370.1,336.8,299.2,365.6,410.3,378.8,"High","High","High","High","High","High"
"Ag00001aa085927_T001",TRUE,"Master Protein","Ag00001aa085927_T001",10,3,3,384,NA,0.891,0.582072833174888,1,150.1,133.7,5.59,5.68,68.9,54.2,63.3,59.7,69.9,53.5,124.1,114.7,128,100.6,110.6,111.7,"High","High","High","High","High","High"
"Ag00001aa055678_T001",TRUE,"Master Protein","Ag00001aa055678_T001",19,2,3,308,NA,1.26,0.1458618219326,0.405122627311285,87.7,110.4,16.34,36.73,42.5,33.3,27.3,47.6,56.1,72.9,76.6,70.5,55.2,80.2,88.7,152.1,"High","High","High","High","High","High"
"Ag00001aa137598_T001",TRUE,"Master Protein","Ag00001aa137598_T001",12,3,9,278,NA,1.146,0.991569585800497,1,34.3,39.3,5.79,7.01,47.1,36.2,38.2,57.4,53.3,42.4,84.9,76.6,77.2,96.7,84.3,88.5,"High","High","High","High","High","High"
"Ag00001aa045425_T001",TRUE,"Master Protein","Ag00001aa045425_T001",9,3,4,356,NA,1.414,0.386501535068697,0.80396636616611,86.3,122,30.3,5.68,163.5,77.9,100,165.3,180.7,148.6,294.6,164.8,202.1,278.5,285.9,310.1,"High","High","High","High","High","High"
"Ag00001aa091606_T001",TRUE,"Master Protein","Ag00001aa091606_T001",16,3,5,184,NA,NA,NA,NA,NA,NA,NA,NA,NA,NA,NA,NA,NA,NA,NA,NA,NA,NA,NA,NA,"High","High","High","High","High","High"
"Ag00001aa022920_T001",TRUE,"Master Protein","Ag00001aa022920_T001",23,3,6,132,NA,4.949,0.00111601025823005,0.0119771366569885,67.1,332.3,18.2,7.35,37.5,34.5,25.1,192.3,235.1,160.2,67.6,73,50.7,324,371.9,334.3,"High","High","High","High","High","High"
"Ag00001aa106588_T001",TRUE,"Master Protein","Ag00001aa106588_T001",14,3,4,299,NA,1.116,0.985379353409589,1,27.8,31,29.28,9.82,21.6,10.4,13.6,20.5,18,14.7,38.9,22,27.5,34.5,28.5,30.7,"High","High","High","High","High","High"
"Ag00001aa123818_T002",TRUE,"Master Protein","Ag00001aa123818_T002",16,3,3,229,NA,1.202,0.964936695308608,1,22.6,27.2,15.84,35.06,5,3.4,0,7.4,0,3.6,9,7.2,0,12.5,0,7.5,"High","High","Not Found","High","Not Found","High"
"Ag00001aa083245_T002",TRUE,"Master Protein","Ag00001aa083245_T002",10,2,4,290,NA,1.725,0.0602550097929754,0.208301437770176,82.4,142.2,14.53,12.28,62.1,51.5,42,111.6,100.2,97.1,111.9,109,84.9,188,158.5,202.7,"High","High","High","High","High","High"
"Ag00001aa031577_T002",TRUE,"Master Protein","Ag00001aa031577_T002",6,3,3,720,NA,1.621,0.0623362857490231,0.214006583193679,65.1,105.5,14.98,18.39,40.2,25.3,32.4,63,69.4,36.9,72.4,53.5,65.5,106.1,109.8,77,"High","High","High","High","High","High"
"Ag00001aa106225_T001",TRUE,"Master Protein","Ag00001aa106225_T001",6,4,5,603,NA,1.694,0.00518913753492567,0.036378906553673,63.6,107.8,10.06,2.18,102.4,91.5,78.6,186.5,197.6,144.6,184.5,193.6,158.9,314.2,312.6,301.8,"High","High","High","High","High","High"
"Ag00001aa025443_T001",TRUE,"Master Protein","Ag00001aa025443_T001",4,2,3,915,NA,0.966,0.97095188939967,1,121.3,117.2,17.64,4.08,36.2,22.4,32.6,37.4,42.4,29.8,65.2,47.4,65.9,63,67.1,62.2,"High","High","High","High","High","High"
"Ag00001aa002920_T002",TRUE,"Master Protein","Ag00001aa002920_T002",5,3,4,902,NA,0.752,0.00303025578636784,0.02481133735476,126.4,95,12.55,4.33,124.3,82.4,97.1,87.6,87,71.5,224,174.3,196.3,147.6,137.6,149.2,"High","High","High","High","High","High"
"Ag00001aa090253_T001",TRUE,"Master Protein","Ag00001aa090253_T001",18,3,4,292,NA,NA,NA,NA,NA,NA,NA,NA,NA,NA,NA,NA,NA,NA,NA,NA,NA,NA,NA,NA,"High","High","High","High","High","High"
"Ag00001aa079146_T002",TRUE,"Master Protein","Ag00001aa079146_T002",26,3,3,150,NA,NA,NA,NA,NA,NA,NA,NA,NA,NA,NA,NA,NA,NA,NA,NA,NA,NA,NA,NA,"High","High","High","High","High","High"
"Ag00001aa115192_T001",TRUE,"Master Protein","Ag00001aa115192_T001",10,2,3,219,NA,0.855,0.504903040864036,0.96928531528494,99.1,84.7,12.38,7.9,71,47.3,55.1,56.5,58.1,51.1,127.9,100.1,111.4,95.2,91.9,106.6,"High","High","High","High","High","High"
"Ag00001aa009787_T001",TRUE,"Master Protein","Ag00001aa009787_T001",18,3,3,284,NA,0.809,0.99999913808882,1,192.9,156,17.1,25.03,25.5,22.2,16.8,32.1,22,17.8,45.9,47,34,54.1,34.8,37.1,"High","High","High","High","High","High"
"Ag00001aa007270_T001",TRUE,"Master Protein","Ag00001aa007270_T001",13,3,3,269,NA,1.119,0.991538390425307,1,114.8,128.4,14.78,14.83,347.5,260.1,229.8,391,389.1,235.1,626.1,550.3,464.5,658.7,615.5,490.7,"High","High","High","High","High","High"
"Ag00001aa020698_T002",TRUE,"Master Protein","Ag00001aa020698_T002",7,3,3,619,NA,NA,NA,NA,NA,NA,NA,NA,NA,NA,NA,NA,NA,NA,NA,NA,NA,NA,NA,NA,"High","High","High","High","High","High"
"Ag00001aa086416_T001",TRUE,"Master Protein","Ag00001aa086416_T001",4,2,4,640,NA,NA,NA,NA,NA,NA,NA,NA,NA,NA,NA,NA,NA,NA,NA,NA,NA,NA,NA,NA,"High","High","High","High","High","High"
"Ag00001aa051899_T001",TRUE,"Master Protein","Ag00001aa051899_T001",5,2,3,460,NA,NA,NA,NA,NA,NA,NA,NA,NA,NA,NA,NA,NA,NA,NA,NA,NA,NA,NA,NA,"High","High","High","High","High","High"
"Ag00001aa004627_T001",TRUE,"Master Protein","Ag00001aa004627_T001",19,3,6,206,NA,1.006,0.999870455240982,1,134.1,134.9,8.8,7.95,146.6,148.7,141.1,152.6,190.2,137.5,264.1,314.6,285.2,257.1,300.9,287,"High","High","High","High","High","High"
"Ag00001aa105755_T001",TRUE,"Master Protein","Ag00001aa105755_T001",8,2,3,338,NA,0.827,0.916867772033958,1,111,91.9,8.79,43.45,17.8,15,13.5,19.8,16.6,6.1,32.1,31.7,27.3,33.4,26.3,12.7,"High","High","High","High","High","High"
"Ag00001aa154451_T002",TRUE,"Master Protein","Ag00001aa154451_T002",13,4,5,397,NA,0.954,0.999441806295594,1,20.9,20,9.6,79.45,3.4,2.6,3.3,9.8,2.3,2.8,6.1,5.5,6.7,16.5,3.6,5.8,"High","High","High","High","High","High"
"Ag00001aa068683_T001",TRUE,"Master Protein","Ag00001aa068683_T001",14,3,3,238,NA,1.05,0.714871970710963,1,26.8,28.1,32.62,38.38,17.1,7.3,12.7,16,31.2,12.6,30.8,15.4,25.7,27,49.4,26.3,"High","High","High","High","High","High"
"Ag00001aa017712_T001",TRUE,"Master Protein","Ag00001aa017712_T001",18,3,13,122,NA,1.064,0.990874980645139,1,106.1,112.9,21,4.82,291.6,357,269.1,320,365.9,283.6,525.4,755.3,544,539.1,578.8,591.9,"High","High","High","High","High","High"
"Ag00001aa119621_T002",TRUE,"Master Protein","Ag00001aa119621_T002",5,2,3,372,NA,0.985,0.988059489752406,1,145.3,143.1,15.35,12.47,54.7,60.2,48.8,57.7,53.8,52.4,98.6,127.4,98.6,97.2,85.1,109.4,"High","High","High","High","High","High"
"Ag00001aa054523_T001",TRUE,"Master Protein","Ag00001aa054523_T001",5,2,2,687,NA,NA,NA,NA,NA,NA,NA,NA,NA,NA,NA,NA,NA,NA,NA,NA,NA,NA,NA,NA,"Not Found","Not Found","High","High","Not Found","Not Found"
"Ag00001aa037254_T001",TRUE,"Master Protein","Ag00001aa037254_T001",7,4,7,634,NA,1.068,0.999854831554956,1,83.1,88.7,9,3.33,49.5,36.1,38,48.7,54.2,38.5,89.2,76.4,76.8,82,85.7,80.4,"High","High","High","High","High","High"
"Ag00001aa106756_T001",TRUE,"Master Protein","Ag00001aa106756_T001",11,3,6,294,NA,0.709,0.0165719900647434,0.083706284209202,142.2,100.8,6.83,8.2,87.3,83.1,77.1,64.3,70.5,60.4,157.3,175.8,155.8,108.3,111.5,126.1,"High","High","High","High","High","High"
"Ag00001aa016947_T001",TRUE,"Master Protein","Ag00001aa016947_T001",17,4,8,200,NA,0.755,0.00555043533438493,0.0384397988832247,139.5,105.4,6.42,3.28,310.5,300.3,292,254.3,289.1,213.6,559.4,635.4,590.2,428.4,457.3,445.8,"High","High","High","High","High","High"
"Ag00001aa116265_T001",TRUE,"Master Protein","Ag00001aa116265_T001",14,3,3,306,NA,0.574,0.134991591537411,0.381465272778391,227.1,130.3,1.41,14.62,98.2,81.4,87,74.2,63.8,45.8,176.9,172.2,175.9,125,100.9,95.6,"High","High","High","High","High","High"
"Ag00001aa145084_T001",TRUE,"Master Protein","Ag00001aa145084_T001",15,3,6,234,NA,1.14,0.524716218387687,0.990742694984862,83.1,94.7,11.29,7.6,183.2,154,132.5,227,208.8,177.9,330.1,325.8,267.8,382.4,330.3,371.3,"High","High","High","High","High","High"
"Ag00001aa151135_T001",TRUE,"Master Protein","Ag00001aa151135_T001",10,2,2,284,NA,0.742,0.956470182540137,1,103.1,76.5,28.37,15.27,11.4,6.1,11.5,8.5,12,7.3,20.5,12.9,23.2,14.3,19,15.2,"High","High","High","High","High","High"
"Ag00001aa037584_T001",TRUE,"Master Protein","Ag00001aa037584_T001",5,2,4,498,NA,1.015,0.999996376098697,1,112.1,113.7,32.83,13.65,25.7,11,17.7,22.7,18.5,17.4,46.3,23.3,35.8,38.2,29.3,36.3,"High","High","High","High","High","High"
"Ag00001aa039547_T001",TRUE,"Master Protein","Ag00001aa039547_T001",10,2,3,261,NA,1.389,0.222305976234384,0.54325561624538,107.3,149.1,8.02,3.24,129.4,122.9,110.3,197.1,196.8,155.2,233.1,260,223,332,311.3,323.9,"High","High","High","High","High","High"
"Ag00001aa031067_T001",TRUE,"Master Protein","Ag00001aa031067_T001",11,4,4,606,NA,1.179,0.416671155415059,0.846915124113016,101.6,119.8,22.09,8.57,61.6,37.4,61.4,77.7,76.4,68.7,111,79.1,124.1,130.9,120.9,143.4,"High","High","High","High","High","High"
"Ag00001aa095936_T001",TRUE,"Master Protein","Ag00001aa095936_T001",6,3,3,620,NA,0.721,0.144930265781145,0.40319302231085,145.4,104.9,32.13,11.59,35.9,22,44.2,27.7,24.7,23.5,64.7,46.5,89.3,46.7,39.1,49,"High","High","High","High","High","High"
"Ag00001aa077512_T001",TRUE,"Master Protein","Ag00001aa077512_T001",7,3,4,570,NA,1.311,0.440988903476156,0.881829824098798,84.3,110.6,1.29,14.07,44.2,38.6,40.1,63.1,60.8,60.6,79.6,81.7,81.1,106.3,96.2,126.5,"High","High","High","High","High","High"
"Ag00001aa084542_T001",TRUE,"Master Protein","Ag00001aa084542_T001",6,3,3,605,NA,1.223,0.506713092966184,0.970043633759695,62.8,76.9,7.81,7.97,64.9,56.5,51,86.7,90.4,60.2,116.9,119.5,103.1,146.1,143,125.6,"High","High","High","High","High","High"
"Ag00001aa123175_T001",TRUE,"Master Protein","Ag00001aa123175_T001",7,3,3,577,NA,0.762,0.0204953304453445,0.0981765869162441,128.8,98.1,12.37,1.43,133.5,115.4,147.5,113,117.3,89.1,240.5,244.2,298.2,190.4,185.6,186,"High","High","High","High","High","High"
"Ag00001aa080385_T001",TRUE,"Master Protein","Ag00001aa080385_T001",9,2,5,231,NA,1.582,0.0835177453292204,0.26731958878304,41.5,65.6,36.57,4.46,9.1,8.5,4.1,15,16.4,13.2,16.4,18,8.3,25.3,25.9,27.5,"High","High","High","High","High","High"
"Ag00001aa050364_T004",TRUE,"Master Protein","Ag00001aa050364_T004",3,3,5,684,NA,1.025,0.999997898561094,1,135.8,139.3,7.18,9.78,73.2,70,64.5,91.2,80.4,64.8,131.9,148.1,130.4,153.6,127.2,135.2,"High","High","High","High","High","High"
"Ag00001aa124608_T001",TRUE,"Master Protein","Ag00001aa124608_T001",4,2,4,621,NA,0.297,0.00388283270989687,0.0294085483264975,277.5,82.4,13.23,14.67,83.9,93.3,87.7,28.9,33.3,30.8,151.2,197.4,177.3,48.7,52.7,64.3,"High","High","High","High","High","High"
"Ag00001aa020414_T001",TRUE,"Master Protein","Ag00001aa020414_T001",10,2,4,232,NA,0.783,0.598612648157084,1,112.6,88.1,8,6.75,50.6,41.6,38.6,42.6,39.7,33,91.2,88,78,71.8,62.8,68.9,"High","High","High","High","High","High"
"Ag00001aa116387_T003",TRUE,"Master Protein","Ag00001aa116387_T003",5,3,3,997,NA,2.057,0.000132316039996194,0.0027095233070011,77.6,159.7,11.48,5.11,50.6,34.2,41,101.2,103.1,86.5,91.2,72.4,82.9,170.5,163.1,180.5,"High","High","High","High","High","High"
"Ag00001aa085080_T002",TRUE,"Master Protein","Ag00001aa085080_T002",7,2,2,605,NA,0.272,0.00072614070733712,0.00900003165761692,238.8,64.9,35.29,10.27,178.9,72.2,143.3,54.2,49.8,36.1,322.3,152.8,289.7,91.3,78.8,75.3,"High","High","High","High","High","High"
"Ag00001aa100182_T001",TRUE,"Master Protein","Ag00001aa100182_T001",15,3,4,243,NA,0.881,0.351010727451924,0.752062175239915,115.6,101.9,3.27,21.89,47.7,38.1,41.7,44.1,47.3,23.7,85.9,80.6,84.3,74.3,74.8,49.5,"High","High","High","High","High","High"
"Ag00001aa001264_T001",TRUE,"Master Protein","Ag00001aa001264_T001",8,3,3,362,NA,1.057,0.999155194280879,1,63.5,67.1,19.43,13.5,43.7,27.9,43.3,49.4,58.9,34,78.7,59,87.5,83.2,93.2,71,"High","High","High","High","High","High"
"Ag00001aa063409_T001",TRUE,"Master Protein","Ag00001aa063409_T001",44,3,6,101,NA,NA,NA,NA,NA,NA,NA,NA,NA,NA,NA,NA,NA,NA,NA,NA,NA,NA,NA,NA,"Not Found","Not Found","Not Found","Not Found","Not Found","Not Found"
"Ag00001aa040830_T002",TRUE,"Master Protein","Ag00001aa040830_T002",8,3,4,638,NA,0.213,1.13253352710396e-05,0.000643262778228948,270.4,57.7,12.08,18.05,116.6,122.8,129.8,32.9,39.8,20.9,210.1,259.8,262.4,55.4,63,43.6,"High","High","High","High","High","High"
"Ag00001aa028038_T001",TRUE,"Master Protein","Ag00001aa028038_T001",15,4,5,302,NA,1.05,0.923173407860723,1,55.8,58.6,2.67,12.52,73,60.5,66.8,99.6,87.3,64.3,131.5,128,135,167.8,138.1,134.2,"High","High","High","High","High","High"
"Ag00001aa001538_T001",TRUE,"Master Protein","Ag00001aa001538_T001",15,2,3,185,NA,0.306,0.0692879058699608,0.231309037019102,324.9,99.3,25.58,16.23,233.1,320.6,238.7,73.7,93.2,82.5,420,678.3,482.5,124.2,147.4,172.2,"High","High","High","High","High","High"
"Ag00001aa100558_T001",TRUE,"Master Protein","Ag00001aa100558_T001",14,4,4,329,NA,NA,NA,NA,NA,NA,NA,NA,NA,NA,NA,NA,NA,NA,NA,NA,NA,NA,NA,NA,"High","High","High","High","High","High"
"Ag00001aa039540_T001",TRUE,"Master Protein","Ag00001aa039540_T001",14,2,4,180,NA,0.369,0.00167914212802611,0.0161062502066923,174.1,64.3,14.07,2.88,154.4,174.7,162.2,71.9,80.2,57.7,278.2,369.6,327.9,121.1,126.9,120.4,"High","High","High","High","High","High"
"Ag00001aa148976_T001",TRUE,"Master Protein","Ag00001aa148976_T001",12,4,4,500,NA,0.943,0.859610506274095,1,110.4,104.2,6.77,3.33,91.4,71.6,85.8,92.2,93.1,75.1,164.7,151.5,173.4,155.3,147.3,156.7,"High","High","High","High","High","High"
"Ag00001aa050259_T001",TRUE,"Master Protein","Ag00001aa050259_T001",22,3,4,190,NA,7.909,0.0036366996999857,0.0282136413831677,52.4,414.8,27.06,2.91,25.3,24.4,14.6,214,231.5,165.8,45.6,51.6,29.5,360.5,366.2,346,"High","High","High","High","High","High"
"Ag00001aa009489_T001",TRUE,"Master Protein","Ag00001aa009489_T001",25,3,16,153,NA,0.862,0.980879159211588,1,71.9,62,28.34,34.01,8.2,4.5,8.5,7.4,13.8,6.1,14.8,9.5,17.2,12.5,21.8,12.7,"High","High","High","High","High","High"
"Ag00001aa043843_T001",TRUE,"Master Protein","Ag00001aa043843_T001",9,2,2,326,NA,1.677,0.715118980113407,1,40.9,68.6,18.38,9.03,6.1,4,0,9.6,10.5,6.7,11,8.5,0,16.2,16.6,14,"High","High","High","High","High","High"
"Ag00001aa021441_T001",TRUE,"Master Protein","Ag00001aa021441_T001",7,2,3,413,NA,1.723,0.150304030838992,0.412699790240549,94.9,163.4,14.71,4.52,29.9,19.1,22.3,46.1,49.9,34.7,53.9,40.4,45.1,77.7,78.9,72.4,"High","High","High","High","High","High"
"Ag00001aa126088_T001",TRUE,"Master Protein","Ag00001aa126088_T001",9,2,3,268,NA,0.486,9.42252529485543e-05,0.00219152205087143,172.8,84,17.64,13.77,168,128.2,188.1,87.3,104.7,60.1,302.7,271.2,380.2,147.1,165.6,125.4,"High","High","High","High","High","High"
"Ag00001aa100265_T001",TRUE,"Master Protein","Ag00001aa100265_T001",14,4,6,448,NA,1.212,0.589976087847832,1,75.3,91.3,3.86,2.43,90.1,82.8,82.7,120.3,122.8,97.1,162.3,175.2,167.2,202.7,194.3,202.7,"High","High","High","High","High","High"
"Ag00001aa030164_T001",TRUE,"Master Protein","Ag00001aa030164_T001",11,2,3,341,NA,NA,NA,NA,NA,NA,NA,NA,NA,NA,NA,NA,NA,NA,NA,NA,NA,NA,NA,NA,"High","High","High","High","High","High"
"Ag00001aa010298_T001",TRUE,"Master Protein","Ag00001aa010298_T001",7,2,3,300,NA,0.789,0.787694365650741,1,150.5,118.7,20.46,8.14,56.2,37.4,59.4,54,50.5,37.7,101.3,79.1,120.1,91,79.9,78.7,"High","High","High","High","High","High"
"Ag00001aa027448_T001",TRUE,"Master Protein","Ag00001aa027448_T001",12,3,3,458,NA,NA,NA,NA,NA,NA,NA,NA,NA,NA,NA,NA,NA,NA,NA,NA,NA,NA,NA,NA,"Not Found","Not Found","Not Found","Not Found","Not Found","Not Found"
"Ag00001aa076333_T001",TRUE,"Master Protein","Ag00001aa076333_T001",6,3,5,574,NA,0.888,0.998205814551158,1,37.1,32.9,29.18,6.17,4.9,3.2,2.4,3.4,3.8,3.1,8.8,6.8,4.9,5.7,6,6.5,"High","High","High","High","High","High"
"Ag00001aa027099_T004",TRUE,"Master Protein","Ag00001aa027099_T004",3,3,4,990,NA,1.101,0.763151338933258,1,97.3,107.1,25.62,24.06,13.1,6.6,10.5,12.4,20.6,11.2,23.6,14,21.2,20.9,32.6,23.4,"High","High","High","High","High","High"
"Ag00001aa019050_T001",TRUE,"Master Protein","Ag00001aa019050_T001",5,3,4,863,NA,NA,NA,NA,NA,NA,NA,NA,NA,NA,NA,NA,NA,NA,NA,NA,NA,NA,NA,NA,"High","High","High","High","High","High"
"Ag00001aa093288_T002",TRUE,"Master Protein","Ag00001aa093288_T002",15,3,5,284,NA,1.343,0.558621420617225,1,103.7,139.3,6.67,6.95,64.4,59.9,55.1,92.5,90.9,79.2,116,126.7,111.4,155.8,143.8,165.3,"High","High","High","High","High","High"
"Ag00001aa048715_T002",TRUE,"Master Protein","Ag00001aa048715_T002",8,3,3,536,NA,1.272,0.114365083562971,0.337962575230223,74.1,94.3,2.86,4.8,45.2,38.8,38.5,61.3,65.5,53.8,81.4,82.1,77.8,103.3,103.6,112.3,"High","High","High","High","High","High"
"Ag00001aa018550_T001",TRUE,"Master Protein","Ag00001aa018550_T001",6,2,3,408,NA,1.452,0.394871155909896,0.816839873146419,107.2,155.6,16.01,14.56,29.7,18.6,25.6,36.5,47.5,39.5,53.5,39.4,51.7,61.5,75.1,82.4,"High","High","High","High","High","High"
"Ag00001aa044640_T001",TRUE,"Master Protein","Ag00001aa044640_T001",9,3,10,346,NA,0.842,0.864377468195505,1,41.9,35.3,15.06,12.58,62.9,39.5,49.4,52.5,43.7,40.3,113.3,83.6,99.9,88.4,69.1,84.1,"High","High","High","High","High","High"
"Ag00001aa140968_T001",TRUE,"Master Protein","Ag00001aa140968_T001",5,3,3,913,NA,0.99,0.998288904405658,1,116.4,115.2,18.82,4.17,44.3,29.9,45.9,46.9,49.8,40.6,79.8,63.3,92.8,79,78.8,84.7,"High","High","High","High","High","High"
"Ag00001aa079824_T002",TRUE,"Master Protein","Ag00001aa079824_T002",7,3,3,699,NA,NA,NA,NA,NA,NA,NA,NA,NA,NA,NA,NA,NA,NA,NA,NA,NA,NA,NA,NA,"High","High","High","High","High","High"
"Ag00001aa016427_T001",TRUE,"Master Protein","Ag00001aa016427_T001",6,3,3,513,NA,0.473,3.59258263231688e-05,0.00117691748879203,232.8,110,17.27,2.6,343.9,290.5,406.7,171,185.1,145.2,619.6,614.6,822.1,288.1,292.8,303,"High","High","High","High","High","High"
"Ag00001aa125382_T001",TRUE,"Master Protein","Ag00001aa125382_T001",10,4,5,380,NA,NA,NA,NA,NA,NA,NA,NA,NA,NA,NA,NA,NA,NA,NA,NA,NA,NA,NA,NA,"High","High","High","High","High","High"
"Ag00001aa140658_T001",TRUE,"Master Protein","Ag00001aa140658_T001",2,3,8,1066,NA,NA,NA,NA,NA,NA,NA,NA,NA,NA,NA,NA,NA,NA,NA,NA,NA,NA,NA,NA,"High","High","High","High","High","High"
"Ag00001aa009115_T001",TRUE,"Master Protein","Ag00001aa009115_T001",4,2,5,496,NA,0.792,0.328073970188253,0.71539393956703,118.7,94,7.65,17.82,148.7,146.6,138.2,131.3,142.5,77.1,267.9,310.2,279.4,221.2,225.4,160.9,"High","High","High","High","High","High"
"Ag00001aa004029_T001",TRUE,"Master Protein","Ag00001aa004029_T001",11,3,3,287,NA,0.209,0.000164507337888531,0.00323317336109637,229.4,47.9,12.52,25.32,65.1,43.8,56.8,16.8,10.6,11.5,117.3,92.7,114.8,28.3,16.8,24,"High","High","High","High","High","Not Found"
"Ag00001aa003570_T002",TRUE,"Master Protein","Ag00001aa003570_T002",12,3,3,284,NA,0.877,0.989922412877302,1,77,67.5,13.74,6.66,51.7,49.9,39.6,48.5,50.7,43.4,93.1,105.6,80,81.7,80.2,90.6,"High","High","High","High","High","High"
"Ag00001aa012564_T001",TRUE,"Master Protein","Ag00001aa012564_T001",21,2,3,119,NA,1.182,0.353710179191811,0.756825478565172,105.7,125,7.56,12.15,127.3,106.9,98.6,158.7,151.1,145.9,229.4,226.2,199.3,267.4,239,304.5,"High","High","High","High","High","High"
"Ag00001aa110469_T001",TRUE,"Master Protein","Ag00001aa110469_T001",10,4,4,453,NA,0.693,0.495603856594795,0.957194785448749,102.5,71,20.75,10.26,39.8,23.3,36.3,29.5,27.5,25.6,71.7,49.3,73.4,49.7,43.5,53.4,"High","High","High","High","High","High"
"Ag00001aa016497_T001",TRUE,"Master Protein","Ag00001aa016497_T001",3,2,4,726,NA,1.386,0.999999999037214,1,86.3,119.7,75.84,13.95,140.1,32.8,40.7,67.7,62.3,62.5,252.4,69.4,82.3,114.1,98.6,130.4,"High","High","High","High","High","High"
"Ag00001aa016257_T001",TRUE,"Master Protein","Ag00001aa016257_T001",5,2,3,542,NA,1.335,0.0504314953966936,0.184368884091348,78.1,104.3,10.5,3.92,30.7,21.2,25.6,39.8,45.8,33.1,55.3,44.9,51.7,67,72.5,69.1,"High","High","High","High","High","High"
"Ag00001aa007022_T001",TRUE,"Master Protein","Ag00001aa007022_T001",12,3,4,295,NA,0.77,0.0389151454052795,0.153899449673065,87,67.1,4.31,15.33,82,64.3,68.8,63.6,51.5,51.9,147.7,136,139.1,107.1,81.5,108.3,"High","High","High","High","High","High"
"Ag00001aa030195_T001",TRUE,"Master Protein","Ag00001aa030195_T001",14,2,4,171,NA,0.918,0.999999594576636,1,85.4,78.4,20.81,6.77,37.5,33.7,23.4,36.8,40.3,26.8,67.6,71.3,47.3,62,63.8,55.9,"High","High","High","High","High","High"
"Ag00001aa106018_T001",TRUE,"Master Protein","Ag00001aa106018_T001",8,2,2,490,NA,0.98,0.999478290818736,1,160.4,157.2,10.29,14.63,56.9,48.1,60.1,55.7,63.5,59.1,102.5,101.8,121.5,93.8,100.5,123.3,"High","High","High","High","High","High"
"Ag00001aa005135_T002",TRUE,"Master Protein","Ag00001aa005135_T002",13,4,5,392,NA,1.313,0.875863155227215,1,35,45.9,6.01,25.28,12.3,10.4,12.1,19.1,18.4,9.2,22.2,22,24.5,32.2,29.1,19.2,"High","High","High","High","High","High"
"Ag00001aa064825_T001",TRUE,"Master Protein","Ag00001aa064825_T001",9,3,3,477,NA,0.952,0.867235631886989,1,59,56.1,20.7,14.97,21.4,13,20.6,27.9,23.2,17.5,38.6,27.5,41.6,47,36.7,36.5,"High","High","High","High","High","High"
"Ag00001aa015444_T001",TRUE,"Master Protein","Ag00001aa015444_T001",9,2,2,362,NA,0.721,0.373413794748515,0.783235763078635,160.8,116,22.33,10.63,143.9,93.8,154.9,111,117,106.6,259.3,198.5,313.1,187,185.1,222.5,"High","High","High","High","High","High"
"Ag00001aa075796_T002",TRUE,"Master Protein","Ag00001aa075796_T002",14,3,4,323,NA,NA,NA,NA,NA,NA,NA,NA,NA,NA,NA,NA,NA,NA,NA,NA,NA,NA,NA,NA,"High","High","High","High","High","High"
"Ag00001aa008862_T001",TRUE,"Master Protein","Ag00001aa008862_T001",25,3,3,261,NA,0.966,0.995804001378881,1,88,85,13.03,13.02,27.4,27.8,22.7,28.3,33.1,19.3,49.4,58.8,45.9,47.7,52.4,40.3,"High","High","High","High","High","High"
"Ag00001aa033160_T001",TRUE,"Master Protein","Ag00001aa033160_T001",5,3,3,732,NA,0.573,0.403818266397039,0.827351916609921,84.9,48.6,16.04,10.97,56.7,34.9,44.1,30.3,30.4,28.4,102.2,73.8,89.1,51,48.1,59.3,"High","High","High","High","High","High"
"Ag00001aa089436_T002",TRUE,"Master Protein","Ag00001aa089436_T002",14,3,3,334,NA,1.401,0.510841503436368,0.975326520608619,81.7,114.4,20.09,7.68,65.4,76.8,57.1,98,95.8,84.7,117.8,162.5,115.4,165.1,151.5,176.8,"High","High","High","High","High","High"
"Ag00001aa041563_T001",TRUE,"Master Protein","Ag00001aa041563_T001",19,3,7,320,NA,NA,NA,NA,NA,NA,NA,NA,NA,NA,NA,NA,NA,NA,NA,NA,NA,NA,NA,NA,"High","High","High","High","High","High"
"Ag00001aa135929_T001",TRUE,"Master Protein","Ag00001aa135929_T001",7,3,4,430,NA,0.966,0.998822671559476,1,60.3,58.3,15.22,17.49,56.6,36.2,40.9,58.3,50.5,33.4,102,76.6,82.7,98.2,79.9,69.7,"High","High","High","High","High","High"
"Ag00001aa078868_T001",TRUE,"Master Protein","Ag00001aa078868_T001",17,3,4,157,NA,1.483,0.137990962300284,0.387826031999713,112.9,167.3,5.81,17.07,172.8,132.9,154.2,315.4,291.8,180.1,311.3,281.2,311.7,531.3,461.6,375.9,"High","High","High","High","High","High"
"Ag00001aa156261_T001",TRUE,"Master Protein","Ag00001aa156261_T001",25,3,4,174,NA,0.731,0.977192168006138,1,15.5,11.4,31.76,36.14,2.9,3.9,0,4.8,2.7,2.3,5.2,8.3,0,8.1,4.3,4.8,"High","High","High","High","High","High"
"Ag00001aa016688_T001",TRUE,"Master Protein","Ag00001aa016688_T001",28,2,2,137,NA,0.776,0.78009486892076,1,74.6,58,18.44,12.65,27.3,28.4,20.6,27.2,22.9,18.3,49.2,60.1,41.6,45.8,36.2,38.2,"High","High","High","High","High","Not Found"
"Ag00001aa030294_T001",TRUE,"Master Protein","Ag00001aa030294_T001",16,2,2,249,NA,1.177,0.372351431028394,0.782398518747888,66.1,77.8,19.07,6.47,51.3,31.8,48.5,64.6,76.7,52,92.4,67.3,98,108.8,121.3,108.5,"High","High","High","High","High","High"
"Ag00001aa093259_T001",TRUE,"Master Protein","Ag00001aa093259_T001",6,2,3,382,NA,1.853,0.195824468316779,0.493724563867013,73.3,135.7,16.15,14.27,30.7,24.7,34.7,61.1,50.1,49.1,55.3,52.3,70.1,102.9,79.3,102.5,"High","High","High","High","High","High"
"Ag00001aa033338_T001",TRUE,"Master Protein","Ag00001aa033338_T001",7,3,3,471,NA,1.42,0.0440166603917374,0.168218220339792,116,164.7,21.85,6.1,105.6,59.3,92.8,171.4,162.2,127.6,190.3,125.5,187.6,288.8,256.6,266.3,"High","High","High","High","High","High"
"Ag00001aa019224_T002",TRUE,"Master Protein","Ag00001aa019224_T002",13,3,5,265,NA,1.083,0.96894909861993,1,84.7,91.7,27.32,30,15.3,19.6,12.7,20.2,11.5,14.3,27.6,41.5,25.7,34,18.2,29.8,"High","High","High","High","High","High"
"Ag00001aa140506_T001",TRUE,"Master Protein","Ag00001aa140506_T001",6,2,5,466,NA,0.93,0.992188303429541,1,97.7,90.8,5.43,7.38,24,18.9,19.3,24.6,23.5,17.3,43.2,40,39,41.4,37.2,36.1,"High","High","High","High","High","High"
"Ag00001aa086098_T001",TRUE,"Master Protein","Ag00001aa086098_T001",4,2,2,778,NA,1.536,0.592363758877998,1,45.8,70.3,21.03,16.76,28.5,15.8,21.4,47.5,42,27.5,51.3,33.4,43.3,80,66.4,57.4,"High","High","High","High","High","High"
"Ag00001aa035695_T001",TRUE,"Master Protein","Ag00001aa035695_T001",12,3,3,391,NA,1.425,0.516783444448342,0.982244658203084,110.3,157.1,10.11,20.9,53.1,55.4,52.9,63.4,96.3,77.4,95.7,117.2,106.9,106.8,152.3,161.5,"High","High","High","High","High","High"
"Ag00001aa022298_T001",TRUE,"Master Protein","Ag00001aa022298_T001",25,3,16,159,NA,0.564,0.152155692777828,0.416632176111695,169.2,95.5,12.75,21.7,412.6,271.7,331.5,302.9,238.9,163.5,743.4,574.8,670.1,510.3,377.9,341.2,"High","High","High","High","High","High"
"Ag00001aa077935_T002",TRUE,"Master Protein","Ag00001aa077935_T002",11,4,4,517,NA,0.896,0.888579656878511,1,118,105.8,15.54,4.11,70.3,51.2,73.2,67.4,69.3,57,126.7,108.3,148,113.5,109.6,119,"High","High","High","High","High","High"
"Ag00001aa048771_T001",TRUE,"Master Protein","Ag00001aa048771_T001",9,3,3,492,NA,0.748,0.0802735294017913,0.259057655946534,56.6,42.3,6.43,10.05,26.8,21.6,21,23.9,21.6,16.2,48.3,45.7,42.4,40.3,34.2,33.8,"High","High","High","High","High","High"
"Ag00001aa033400_T001",TRUE,"Master Protein","Ag00001aa033400_T001",14,3,5,283,NA,0.797,0.988411178439165,1,114.6,91.4,11.2,20.26,65.8,58.6,49.3,76.7,57.3,45.3,118.6,124,99.7,129.2,90.6,94.5,"High","High","High","High","High","High"
"Ag00001aa101961_T001",TRUE,"Master Protein","Ag00001aa101961_T001",8,3,3,528,NA,0.711,0.583722199116998,1,168.5,119.9,10.22,2.04,160.7,143.8,123.1,120,133.1,98.7,289.5,304.2,248.8,202.2,210.6,206,"High","High","High","High","High","High"
"Ag00001aa077941_T001",TRUE,"Master Protein","Ag00001aa077941_T001",9,2,3,363,NA,0.786,0.231346143574283,0.559947875531744,111.7,87.8,20.61,14.19,88.6,54.3,55.6,53.6,47,47.4,159.6,114.9,112.4,90.3,74.3,98.9,"High","High","High","High","High","High"
"Ag00001aa080744_T001",TRUE,"Master Protein","Ag00001aa080744_T001",14,3,3,250,NA,NA,NA,NA,NA,NA,NA,NA,NA,NA,NA,NA,NA,NA,NA,NA,NA,NA,NA,NA,"High","High","High","High","High","High"
"Ag00001aa070800_T002",TRUE,"Master Protein","Ag00001aa070800_T002",9,3,3,411,"Met-loss [N-Term]",0.94,0.999585856013808,1,105.7,99.4,4.67,11.52,50.6,47.3,47.7,53.8,52.8,50.1,91.2,100.1,96.4,90.6,83.5,104.6,"High","High","High","High","High","High"
"Ag00001aa065131_T001",TRUE,"Master Protein","Ag00001aa065131_T001",15,2,3,194,"Met-loss [N-Term]",1.014,0.998977137124298,1,83.3,84.5,28.65,13.67,11.1,5.3,7.4,9,7.5,7.3,20,11.2,15,15.2,11.9,15.2,"High","High","High","High","High","High"
"Ag00001aa145807_T001",TRUE,"Master Protein","Ag00001aa145807_T001",10,3,4,244,NA,2.324,0.0264205350681614,0.117712125959756,24,55.7,12.72,10.45,11.4,7.6,9.8,24.1,29.1,24,20.5,16.1,19.8,40.6,46,50.1,"High","High","High","High","High","High"
"Ag00001aa030654_T002",TRUE,"Master Protein","Ag00001aa030654_T002",4,2,3,501,NA,0.824,0.0422785782756239,0.163813626153724,139.6,115,8.74,5.35,124.3,103.1,126.6,111.4,107.2,88.4,224,218.1,255.9,187.7,169.6,184.5,"High","High","High","High","High","High"
"Ag00001aa079201_T001",TRUE,"Master Protein","Ag00001aa079201_T001",7,2,5,255,NA,1.042,0.999999996533605,1,96.7,100.7,9.46,12.2,63.6,65.5,63.2,79,69.1,66.3,114.6,138.6,127.8,133.1,109.3,138.4,"High","High","High","High","High","High"
"Ag00001aa092583_T001",TRUE,"Master Protein","Ag00001aa092583_T001",7,2,3,363,NA,0.505,0.00617659059175679,0.0415890433178291,203.2,102.6,14.03,10.87,26.1,29.5,27.9,18.5,18,12,47,62.4,56.4,31.2,28.5,25,"High","High","High","High","High","High"
"Ag00001aa016730_T001",TRUE,"Master Protein","Ag00001aa016730_T001",9,3,4,398,NA,0.282,0.000169426061398803,0.00330207653270799,289.2,81.5,40.08,7.78,122.3,224.7,143.7,45.1,56.1,39.2,220.4,475.4,290.5,76,88.7,81.8,"High","High","High","High","High","High"
"Ag00001aa089951_T002",TRUE,"Master Protein","Ag00001aa089951_T002",13,4,4,329,NA,0.685,0.106726868360217,0.320539234267394,118.5,81.2,16.19,2.37,19.4,11.9,15.3,12.1,13.4,10.2,35,25.2,30.9,20.4,21.2,21.3,"High","High","High","High","High","High"
"Ag00001aa059909_T001",TRUE,"Master Protein","Ag00001aa059909_T001",7,3,4,581,NA,0.641,0.892447839024203,1,168,107.6,10.15,19.53,204.3,142,164.4,91.7,144,102,368.1,300.4,332.3,154.5,227.8,212.9,"High","High","High","High","High","High"
"Ag00001aa080459_T002",TRUE,"Master Protein","Ag00001aa080459_T002",17,3,4,258,NA,1.051,0.994572716041223,1,83.6,87.9,15.66,4.54,76.4,53.5,76.9,81.3,94.8,69.3,137.7,113.2,155.4,137,150,144.6,"High","High","High","High","High","High"
"Ag00001aa081202_T001",TRUE,"Master Protein","Ag00001aa081202_T001",17,4,4,312,NA,2.05,0.00205347115227172,0.0184703918436033,44.4,91.1,15.61,10.77,8.8,5.6,6.3,15.5,14,13.1,15.9,11.8,12.7,26.1,22.1,27.3,"High","High","High","High","High","High"
"Ag00001aa030002_T001",TRUE,"Master Protein","Ag00001aa030002_T001",13,3,4,376,NA,0.838,0.933752768374871,1,112.1,94,24.97,14.05,14.5,8.3,14.5,13,14.6,8.4,26.1,17.6,29.3,21.9,23.1,17.5,"High","High","High","High","High","High"
"Ag00001aa027609_T001",TRUE,"Master Protein","Ag00001aa027609_T001",18,2,3,162,NA,1.19,0.929635905462359,1,67.3,80.1,13.36,8.97,11.1,8.1,11.1,15.4,13.7,11.4,20,17.1,22.4,25.9,21.7,23.8,"High","High","High","High","High","High"
"Ag00001aa106638_T001",TRUE,"Master Protein","Ag00001aa106638_T001",37,2,3,57,NA,0.53,0.0167733953548185,0.0846877042316147,167.9,88.9,20.1,10.94,143,180.5,149,94.7,116.8,71.8,257.6,381.9,301.2,159.5,184.8,149.9,"High","High","High","High","High","High"
"Ag00001aa038955_T001",TRUE,"Master Protein","Ag00001aa038955_T001",25,3,6,181,NA,0.733,0.189775701688477,0.482763460559929,183.5,134.5,23.5,6.08,196.4,223.4,148.5,163.3,163.9,116.7,353.9,472.7,300.2,275.1,259.3,243.6,"High","High","High","High","High","High"
"Ag00001aa120742_T001",TRUE,"Master Protein","Ag00001aa120742_T001",9,2,4,298,NA,0.974,0.993038265257667,1,120.7,117.6,9.62,2.86,168,137,171.8,175,180.2,144.6,302.7,289.9,347.3,294.8,285.1,301.8,"High","High","High","High","High","High"
"Ag00001aa082034_T001",TRUE,"Master Protein","Ag00001aa082034_T001",17,3,3,230,"Met-loss [N-Term]",0.179,3.32796338196051e-05,0.00112199908306097,253.1,45.3,39.21,13.48,48.1,29.5,67,7.3,9.8,7.6,86.7,62.4,135.4,12.3,15.5,15.9,"High","High","High","High","High","High"
"Ag00001aa142364_T001",TRUE,"Master Protein","Ag00001aa142364_T001",16,3,4,365,NA,0.499,0.0038523909426017,0.0292998055226082,136.3,68,4.87,8.34,53.3,49.3,51.9,30.9,36.5,23.5,96,104.3,104.9,52.1,57.7,49,"High","High","High","High","High","High"
"Ag00001aa045267_T001",TRUE,"Master Protein","Ag00001aa045267_T001",17,2,4,191,NA,0.791,0.0675301432169638,0.22677493571704,79.8,63.2,7.19,13.82,78.3,57.8,64.4,73.3,65.1,45.4,141.1,122.3,130.2,123.5,103,94.8,"High","High","High","High","High","High"
"Ag00001aa009454_T001",TRUE,"Master Protein","Ag00001aa009454_T001",14,2,2,222,NA,0.618,0.00754337515142378,0.0478456333446879,150.4,93,5.21,16.66,63.9,58.1,54.9,51.9,40,34.1,115.1,122.9,111,87.4,63.3,71.2,"High","High","High","High","High","High"
"Ag00001aa083925_T001",TRUE,"Master Protein","Ag00001aa083925_T001",24,2,2,119,NA,0.878,0.890724765249055,1,35.6,31.2,3.31,7.79,11.1,10,10.5,9.9,12.3,8.9,20,21.2,21.2,16.7,19.5,18.6,"High","High","High","High","High","High"
"Ag00001aa065947_T001",TRUE,"Master Protein","Ag00001aa065947_T001",4,3,3,648,NA,1.467,0.11308017762243,0.335527536932952,111.9,164.2,2,3.99,83.8,68.6,73.7,124.1,138.2,108.5,151,145.1,149,209.1,218.6,226.4,"High","High","High","High","High","High"
"Ag00001aa083794_T001",TRUE,"Master Protein","Ag00001aa083794_T001",12,2,3,277,"Met-loss [N-Term]",1.092,0.999674198890595,1,152.1,166.1,5.68,17.73,67.2,56.6,65.6,62.3,83.6,72.1,121.1,119.8,132.6,105,132.2,150.5,"High","High","High","High","High","High"
"Ag00001aa106498_T003",TRUE,"Master Protein","Ag00001aa106498_T003",3,2,3,1118,NA,1.543,0.225556835540933,0.549225940540779,92.8,143.1,29.16,3.2,31.8,15.1,20.8,40.2,41,30.5,57.3,31.9,42,67.7,64.9,63.7,"High","High","High","High","High","High"
"Ag00001aa094111_T001",TRUE,"Master Protein","Ag00001aa094111_T001",14,4,4,368,NA,1.149,0.993133091622017,1,96,110.3,11.72,24.8,35,25.2,33.3,47.7,45.8,23.2,63.1,53.3,67.3,80.4,72.5,48.4,"High","High","High","High","High","High"
"Ag00001aa073441_T001",TRUE,"Master Protein","Ag00001aa073441_T001",12,2,3,234,NA,0.886,0.624371544769921,1,124.8,110.6,15.1,8.66,186.5,154.8,211,154.4,194.3,142.7,336,327.5,426.5,260.1,307.4,297.8,"High","High","High","High","High","High"
"Ag00001aa046380_T001",TRUE,"Master Protein","Ag00001aa046380_T001",13,3,3,228,NA,2.566,0.00221418518104499,0.0196563567878542,82.7,212.2,12.58,12.45,67.6,46.7,48.7,136.7,185.9,121.5,121.8,98.8,98.4,230.3,294.1,253.6,"High","High","High","High","High","High"
"Ag00001aa097048_T001",TRUE,"Master Protein","Ag00001aa097048_T001",13,3,4,326,NA,1.025,0.979810977752304,1,95.1,97.5,10.5,11.68,17.5,18.3,18.3,22.5,27,16.2,31.5,38.7,37,37.9,42.7,33.8,"High","High","High","High","High","High"
"Ag00001aa066669_T002",TRUE,"Master Protein","Ag00001aa066669_T002",9,2,4,316,NA,NA,NA,NA,NA,NA,NA,NA,NA,NA,NA,NA,NA,NA,NA,NA,NA,NA,NA,NA,"High","High","High","High","High","High"
"Ag00001aa051748_T001",TRUE,"Master Protein","Ag00001aa051748_T001",14,3,5,176,NA,2.661,0.321420423434719,0.707075540767,11.6,30.8,68.72,36.2,9.5,2.2,3.5,14.9,11.9,5.6,17.1,4.7,7.1,25.1,18.8,11.7,"High","High","High","High","High","High"
"Ag00001aa065846_T001",TRUE,"Master Protein","Ag00001aa065846_T001",11,2,4,333,NA,1.125,0.998782453402023,1,45.4,51.1,17.89,5.65,41.1,27.8,26,36.3,43.2,31.7,74.1,58.8,52.6,61.2,68.3,66.2,"High","High","High","High","High","High"
"Ag00001aa064396_T003",TRUE,"Master Protein","Ag00001aa064396_T003",11,2,4,266,NA,0.682,0.00377773836149464,0.028888730056011,156.8,106.9,9.91,1.12,25.1,21.3,26.4,18.3,19.7,14.6,45.2,45.1,53.4,30.8,31.2,30.5,"High","High","High","High","High","High"
"Ag00001aa116787_T001",TRUE,"Master Protein","Ag00001aa116787_T001",12,4,4,455,NA,0.732,0.273625274039321,0.627731668142566,120.7,88.3,16.87,5.2,159.5,99.3,141.1,131.9,131.9,96.1,287.4,210.1,285.2,222.2,208.7,200.6,"High","High","High","High","High","High"
"Ag00001aa092045_T001",TRUE,"Master Protein","Ag00001aa092045_T001",17,3,3,211,NA,NA,NA,NA,NA,NA,NA,NA,NA,NA,NA,NA,NA,NA,NA,NA,NA,NA,NA,NA,"High","High","High","High","High","High"
"Ag00001aa091754_T001",TRUE,"Master Protein","Ag00001aa091754_T001",13,2,6,141,NA,0.858,0.604973264017393,1,123.1,105.5,0.76,13.71,85.8,72.1,75.5,77.7,71.5,71.4,154.6,152.5,152.6,130.9,113.1,149,"High","High","High","High","High","High"
"Ag00001aa069025_T001",TRUE,"Master Protein","Ag00001aa069025_T001",4,4,4,1343,NA,0.968,0.998793450941915,1,46.2,44.7,13.52,20.17,25.5,18.7,25.7,31.2,28.1,16.7,45.9,39.6,51.9,52.6,44.5,34.9,"High","High","High","High","High","High"
"Ag00001aa117052_T001",TRUE,"Master Protein","Ag00001aa117052_T001",4,2,3,870,NA,NA,NA,NA,NA,NA,NA,NA,NA,NA,NA,NA,NA,NA,NA,NA,NA,NA,NA,NA,"Not Found","Not Found","Not Found","High","High","Not Found"
"Ag00001aa069745_T002",TRUE,"Master Protein","Ag00001aa069745_T002",14,2,4,162,NA,NA,NA,NA,NA,NA,NA,NA,NA,NA,NA,NA,NA,NA,NA,NA,NA,NA,NA,NA,"High","High","High","High","High","High"
"Ag00001aa016133_T001",TRUE,"Master Protein","Ag00001aa016133_T001",7,2,4,361,NA,0.715,0.0980628124959928,0.300904376757786,138.4,99,8.07,5.55,43,34.7,42.5,32.9,38.4,26.4,77.5,73.4,85.9,55.4,60.7,55.1,"High","High","High","High","High","High"
"Ag00001aa026759_T001",TRUE,"Master Protein","Ag00001aa026759_T001",18,3,3,242,NA,0.939,0.998679017535289,1,148.5,139.4,9.25,3.85,146.7,106.6,132.3,147.8,146.9,118.9,264.3,225.5,267.4,249,232.4,248.2,"High","High","High","High","High","High"
"Ag00001aa029804_T001",TRUE,"Master Protein","Ag00001aa029804_T001",14,3,3,243,NA,0.568,0.129812750434313,0.373742809439822,150.1,85.2,14.69,19.35,19.1,20.3,16.3,11.6,15.3,7.9,34.4,42.9,32.9,19.5,24.2,16.5,"High","High","High","High","High","High"
"Ag00001aa031487_T001",TRUE,"Master Protein","Ag00001aa031487_T001",49,4,5,112,NA,0.793,0.472511229922903,0.928300798034208,151.1,119.9,3.52,6.88,356.4,302,298,327.6,304.8,242.9,642.1,639,602.4,551.9,482.2,506.9,"High","High","High","High","High","High"
"Ag00001aa104572_T002",TRUE,"Master Protein","Ag00001aa104572_T002",18,3,4,281,NA,1.259,0.367603252442435,0.778189930060045,139.4,175.4,5.2,7.07,152.2,117.3,132.9,181.7,222.4,162,274.2,248.2,268.6,306.1,351.8,338.1,"High","High","High","High","High","High"
"Ag00001aa063927_T001",TRUE,"Master Protein","Ag00001aa063927_T001",8,3,3,594,NA,0.578,0.00243167839099989,0.0210692425037708,159.2,92,8.36,5.76,69.7,55,68,46.1,45.9,33.2,125.6,116.4,137.5,77.7,72.6,69.3,"High","High","High","High","High","High"
"Ag00001aa122345_T001",TRUE,"Master Protein","Ag00001aa122345_T001",14,2,4,201,NA,1.055,0.976201644161463,1,136.1,143.5,8.73,1.45,18.4,15.8,14.1,20.6,22.1,17.1,33.2,33.4,28.5,34.7,35,35.7,"High","High","High","High","High","High"
"Ag00001aa006969_T001",TRUE,"Master Protein","Ag00001aa006969_T001",6,3,4,528,NA,0.478,0.0164930753299029,0.0834491495571141,138.7,66.3,35.09,9.76,71.2,86,44,33.6,43.4,29.4,128.3,182,88.9,56.6,68.7,61.4,"High","High","High","High","High","High"
"Ag00001aa109480_T001",TRUE,"Master Protein","Ag00001aa109480_T001",25,3,5,110,NA,0.773,0.358842838055178,0.764308630853652,128,98.9,24.76,6.49,89.5,105.2,68.9,75.7,71.2,59.7,161.3,222.6,139.3,127.5,112.6,124.6,"High","High","High","High","High","High"
"Ag00001aa011707_T001",TRUE,"Master Protein","Ag00001aa011707_T001",7,2,11,205,NA,0.578,0.0320617278735286,0.133652211541348,87,50.3,11.5,5.91,324.5,270.3,232.9,212.2,209.1,152.7,584.7,571.9,470.8,357.5,330.8,318.7,"High","High","High","High","High","High"
"Ag00001aa019074_T001",TRUE,"Master Protein","Ag00001aa019074_T001",6,2,3,431,NA,NA,NA,NA,NA,NA,NA,NA,NA,NA,NA,NA,NA,NA,NA,NA,NA,NA,NA,NA,"High","High","High","High","High","High"
"Ag00001aa043624_T001",TRUE,"Master Protein","Ag00001aa043624_T001",4,4,4,1474,NA,0.522,0.0266247574338853,0.118378608131708,180.2,94,20.6,5.04,176.2,101.5,154.8,96.9,103.8,71.8,317.5,214.7,312.9,163.2,164.2,149.9,"High","High","High","High","High","High"
"Ag00001aa134909_T001",TRUE,"Master Protein","Ag00001aa134909_T001",17,2,2,133,NA,0.381,0.00342447756390929,0.0268771311206262,232.7,88.8,25.87,8.52,134.8,195.9,178.9,81.5,100.5,66.1,242.9,414.5,361.6,137.3,159,138,"High","High","High","High","High","High"
"Ag00001aa045644_T001",TRUE,"Master Protein","Ag00001aa045644_T001",14,3,7,265,NA,0.538,0.0258772630833433,0.116233194571006,252.1,135.7,3.9,13.93,124.3,102.7,102.5,69.4,65.2,65.2,224,217.3,207.2,116.9,103.1,136.1,"High","High","High","High","High","High"
"Ag00001aa025240_T001",TRUE,"Master Protein","Ag00001aa025240_T001",24,3,3,271,NA,0.934,0.999998274532673,1,51.3,48,11.74,17.13,17.8,14.4,12.6,16.9,15.5,16.5,32.1,30.5,25.5,28.5,24.5,34.4,"High","High","High","High","High","High"
"Ag00001aa075097_T001",TRUE,"Master Protein","Ag00001aa075097_T001",12,2,14,136,NA,0.826,0.626168702549571,1,215.8,178.2,26.27,34.07,152.7,123.1,203.2,134.9,79.1,123.2,275.1,260.4,410.7,227.3,125.1,257.1,"High","High","High","High","High","High"
"Ag00001aa028489_T001",TRUE,"Master Protein","Ag00001aa028489_T001",30,2,3,134,NA,0.861,0.663055571993291,1,124.5,107.2,18.01,8.97,55.2,67.7,60.3,62.3,60.4,54.8,99.5,143.2,121.9,105,95.5,114.4,"High","High","High","High","High","High"
"Ag00001aa002297_T001",TRUE,"Master Protein","Ag00001aa002297_T001",8,2,4,305,NA,0.621,1.54970171477586e-05,0.000643262778228948,138.4,86,7.28,4.44,101.2,85.1,101.4,62.9,71.6,55.3,182.3,180,205,106,113.3,115.4,"High","High","High","High","High","High"
"Ag00001aa016327_T003",TRUE,"Master Protein","Ag00001aa016327_T003",7,4,4,822,NA,NA,NA,NA,NA,NA,NA,NA,NA,NA,NA,NA,NA,NA,NA,NA,NA,NA,NA,NA,"High","High","High","High","High","High"
"Ag00001aa007075_T001",TRUE,"Master Protein","Ag00001aa007075_T001",3,3,3,1237,NA,1.594,0.00416948763403924,0.0309134663873446,71.7,114.3,7.64,2.24,33.5,26.4,32.2,56.5,62.8,46.1,60.4,55.9,65.1,95.2,99.3,96.2,"High","High","High","High","High","High"
"Ag00001aa067312_T001",TRUE,"Master Protein","Ag00001aa067312_T001",6,2,3,425,NA,0.949,0.851232992827321,1,133.4,126.6,7.79,15.36,65.8,60.2,53.9,68.3,54.4,53.9,118.6,127.4,109,115.1,86.1,112.5,"High","High","High","High","High","High"
"Ag00001aa005129_T002",TRUE,"Master Protein","Ag00001aa005129_T002",11,2,3,211,NA,1.157,0.499180604277489,0.961104110142022,105.4,121.9,12.88,2.15,93.5,61.5,76.8,103.2,113.5,86.8,168.5,130.1,155.2,173.9,179.5,181.2,"High","High","High","High","High","High"
"Ag00001aa099500_T005",TRUE,"Master Protein","Ag00001aa099500_T005",6,2,2,597,NA,1.077,1,1,121.1,130.4,16.76,15.81,37.1,28.9,41.5,34.9,45.5,38.8,66.8,61.1,83.9,58.8,72,81,"High","High","High","High","High","High"
"Ag00001aa009238_T001",TRUE,"Master Protein","Ag00001aa009238_T001",17,2,3,173,NA,0.556,0.0208827391668577,0.0995123892005637,106.7,59.3,9.09,20.86,43.1,33.8,42.4,31.5,27.3,16.7,77.7,71.5,85.7,53.1,43.2,34.9,"High","High","High","High","High","High"
"Ag00001aa029925_T001",TRUE,"Master Protein","Ag00001aa029925_T001",18,3,5,229,NA,0.765,0.491406670433461,0.951439314146047,88.2,67.5,4.51,23.51,24.2,22.1,23.5,30.1,22.6,16,43.6,46.8,47.5,50.7,35.8,33.4,"High","High","High","High","High","High"
"Ag00001aa084390_T002",TRUE,"Master Protein","Ag00001aa084390_T002",18,4,7,251,NA,2.793,1.0050208067991e-05,0.000643262778228948,56.4,157.4,8.69,8.36,17.1,17.2,16,50.9,57.1,48.3,30.8,36.4,32.3,85.7,90.3,100.8,"High","High","High","High","High","High"
"Ag00001aa092808_T001",TRUE,"Master Protein","Ag00001aa092808_T001",11,2,3,299,NA,1.428,0.268012023621437,0.619674246715114,97,138.5,16.51,5.64,36.2,39.1,30.2,55.3,55.5,47.1,65.2,82.7,61,93.2,87.8,98.3,"High","High","High","High","High","High"
"Ag00001aa126188_T002",TRUE,"Master Protein","Ag00001aa126188_T002",8,2,2,386,NA,1.306,0.984349834161794,1,15.5,20.2,3.68,36.25,2.6,0,2.2,4.6,2.9,0,4.7,0,4.4,7.7,4.6,0,"High","Not Found","High","High","High","High"
"Ag00001aa140070_T001",TRUE,"Master Protein","Ag00001aa140070_T001",16,3,4,250,NA,0.806,0.826969474415764,1,65.6,52.9,4.13,15.17,68,53.9,60.7,58.6,78.1,44.9,122.5,114,122.7,98.7,123.5,93.7,"High","High","High","High","High","High"
"Ag00001aa093439_T001",TRUE,"Master Protein","Ag00001aa093439_T001",17,3,3,237,NA,NA,NA,NA,NA,NA,NA,NA,NA,NA,NA,NA,NA,NA,NA,NA,NA,NA,NA,NA,"High","High","High","High","High","High"
"Ag00001aa026896_T001",TRUE,"Master Protein","Ag00001aa026896_T001",9,3,4,470,NA,0.918,0.999657789682706,1,124.7,114.5,6.32,13.59,50.5,48.8,47.9,65.1,54.4,42.6,91,103.2,96.8,109.7,86.1,88.9,"High","High","High","High","High","High"
"Ag00001aa104847_T001",TRUE,"Master Protein","Ag00001aa104847_T001",22,3,3,205,NA,NA,NA,NA,NA,NA,NA,NA,NA,NA,NA,NA,NA,NA,NA,NA,NA,NA,NA,NA,"High","High","High","High","High","High"
"Ag00001aa057106_T002",TRUE,"Master Protein","Ag00001aa057106_T002",3,2,2,898,NA,NA,NA,NA,NA,NA,NA,NA,NA,NA,NA,NA,NA,NA,NA,NA,NA,NA,NA,NA,"High","High","High","High","High","High"
"Ag00001aa055731_T001",TRUE,"Master Protein","Ag00001aa055731_T001",13,3,4,308,NA,1.147,0.999397405610032,1,59,67.6,2.38,18.54,15,12.3,12.8,23.1,17.5,14.3,27,26,25.9,38.9,27.7,29.8,"High","High","High","High","High","High"
"Ag00001aa077873_T001",TRUE,"Master Protein","Ag00001aa077873_T001",6,2,3,470,NA,0.719,0.472773441083031,0.928300798034208,129.4,93.1,14.84,24.18,29.5,28.5,22.1,22.7,32.6,15.5,53.2,60.3,44.7,38.2,51.6,32.3,"High","High","High","High","High","High"
"Ag00001aa067063_T001",TRUE,"Master Protein","Ag00001aa067063_T001",3,4,4,1376,NA,0.64,0.0200450943225823,0.0969748058195801,126.4,80.9,29.7,11.57,70.9,38.4,37.9,35.9,30.6,24.9,127.7,81.2,76.6,60.5,48.4,52,"High","High","High","High","High","High"
"Ag00001aa078503_T001",TRUE,"Master Protein","Ag00001aa078503_T001",15,3,4,241,NA,1,0.999006882027654,1,86.7,86.7,10.19,9.39,48.6,40.3,50.7,52,59.9,37.6,87.6,85.3,102.5,87.6,94.8,78.5,"High","High","High","High","High","High"
"Ag00001aa010183_T001",TRUE,"Master Protein","Ag00001aa010183_T001",8,3,3,543,NA,0.163,0.000112147103948357,0.00242571539901364,327.5,53.4,32.96,26.3,52.2,28.7,60,9.1,10.6,4.7,94.1,60.7,121.3,15.3,16.8,9.8,"High","High","High","High","High","High"
"Ag00001aa133031_T002",TRUE,"Master Protein","Ag00001aa133031_T002",11,3,3,287,NA,NA,NA,NA,NA,NA,NA,NA,NA,NA,NA,NA,NA,NA,NA,NA,NA,NA,NA,NA,"Not Found","Not Found","Not Found","Not Found","Not Found","Not Found"
"Ag00001aa104949_T001",TRUE,"Master Protein","Ag00001aa104949_T001",3,3,4,1025,NA,0.453,0.00372678802033044,0.0286827458787599,179.8,81.5,14.51,5.92,213.1,151.5,212.6,103.3,119.2,80.6,383.9,320.5,429.7,174,188.6,168.2,"High","High","High","High","High","High"
"Ag00001aa030945_T004",TRUE,"Master Protein","Ag00001aa030945_T004",14,3,3,250,NA,0.563,4.40313631333566e-07,0.000209906314329338,156.1,87.9,3.1,8.44,159.2,131.1,133.4,88.1,110.4,74.8,286.8,277.4,269.7,148.4,174.6,156.1,"High","High","High","High","High","High"
"Ag00001aa073422_T001",TRUE,"Master Protein","Ag00001aa073422_T001",4,2,4,510,NA,NA,NA,NA,NA,NA,NA,NA,NA,NA,NA,NA,NA,NA,NA,NA,NA,NA,NA,NA,"High","High","High","High","High","High"
"Ag00001aa047973_T001",TRUE,"Master Protein","Ag00001aa047973_T001",6,2,2,529,NA,1.003,0.962249924509224,1,171.1,171.6,10.69,9.4,66.6,56.6,71,61.2,76.1,59,120,119.8,143.5,103.1,120.4,123.1,"High","High","High","High","High","High"
"Ag00001aa155387_T001",TRUE,"Master Protein","Ag00001aa155387_T001",13,2,4,180,NA,0.732,0.159318348198859,0.430556932842176,126.3,92.5,12.82,14.54,46.4,49.9,43.1,38.6,40.3,23.7,83.6,105.6,87.1,65,63.8,49.5,"High","High","High","High","High","High"
"Ag00001aa028067_T001",TRUE,"Master Protein","Ag00001aa028067_T001",6,2,3,396,NA,0.325,0.015783780979343,0.0811698389263471,269.2,87.4,20.32,14.33,39.2,50.5,44.6,18.4,18.5,11.2,70.6,106.8,90.2,31,29.3,23.4,"High","High","High","High","High","High"
"Ag00001aa122208_T001",TRUE,"Master Protein","Ag00001aa122208_T001",7,3,3,511,NA,0.962,0.999999980553674,1,119,114.5,7.74,7.16,85.6,77.3,69.3,88.1,104.7,69.6,154.2,163.5,140.1,148.4,165.6,145.3,"High","High","High","High","High","High"
"Ag00001aa048304_T001",TRUE,"Master Protein","Ag00001aa048304_T001",34,2,3,86,NA,4.21,0.021310904017032,0.101087902119398,46.4,195.3,11.8,17.13,36.7,25.2,27.4,139.2,147.4,81.8,66.1,53.3,55.4,234.5,233.2,170.7,"High","High","High","High","High","High"
"Ag00001aa054371_T001",TRUE,"Master Protein","Ag00001aa054371_T001",10,2,3,401,NA,1.088,0.998613931213381,1,85.2,92.7,8.41,2.97,38.9,30.8,38.1,45.3,48.2,34.7,70.1,65.2,77,76.3,76.2,72.4,"High","High","High","High","High","High"
"Ag00001aa003218_T001",TRUE,"Master Protein","Ag00001aa003218_T001",9,3,5,309,NA,0.729,0.00397525742372906,0.0299476093400777,156.4,114,4.47,6.32,177,164.6,167.6,146.5,143.7,123.5,318.9,348.2,338.8,246.8,227.3,257.8,"High","High","High","High","High","High"
"Ag00001aa156503_T001",TRUE,"Master Protein","Ag00001aa156503_T001",21,3,3,207,NA,1.934,0.301709790669136,0.673392379897743,93,179.8,20.73,25.58,28.8,16.9,18.9,46.2,46.7,22.4,51.9,35.8,38.2,77.8,73.9,46.7,"High","High","High","High","High","High"
"Ag00001aa007628_T001",TRUE,"Master Protein","Ag00001aa007628_T001",17,2,2,196,NA,0.938,0.999871614696378,1,31.8,29.8,7.84,26.22,7,6.1,7.2,6.1,10.7,5.8,12.6,12.9,14.6,10.3,16.9,12.1,"High","High","High","High","High","High"
"Ag00001aa071011_T001",TRUE,"Master Protein","Ag00001aa071011_T001",7,2,3,488,NA,0.77,0.164505487575873,0.436535972021095,56,43.1,2.23,23.66,46.9,40.7,43.7,47.7,41.9,23.7,84.5,86.1,88.3,80.4,66.3,49.5,"High","High","High","High","High","High"
"Ag00001aa155985_T001",TRUE,"Master Protein","Ag00001aa155985_T001",10,3,3,349,NA,0.569,0.000108180744986641,0.00237658639401067,244.5,139.2,8.11,13.38,307.1,261.7,314.2,187.1,180.1,177.4,553.3,553.7,635.1,315.2,284.9,370.2,"High","High","High","High","High","High"
"Ag00001aa032565_T001",TRUE,"Master Protein","Ag00001aa032565_T001",13,3,3,387,NA,0.848,0.314792683744384,0.69617725085648,104.5,88.7,14.63,7.1,104.4,74.2,104.4,94.7,91.4,79.7,188.1,157,211,159.5,144.6,166.3,"High","High","High","High","High","High"
"Ag00001aa076213_T001",TRUE,"Master Protein","Ag00001aa076213_T001",12,3,3,346,NA,0.786,0.0338935383024795,0.140087806307942,97.1,76.3,6.9,17.04,38,30.3,36.4,33,34,19.2,68.5,64.1,73.6,55.6,53.8,40.1,"High","High","High","High","High","High"
"Ag00001aa002786_T001",TRUE,"Master Protein","Ag00001aa002786_T001",5,2,2,496,NA,0.497,0.000265880269297303,0.00457488353129619,165,82.1,17.69,4.85,87.1,58.5,87.7,46.7,45.5,37.4,156.9,123.8,177.3,78.7,72,78.1,"High","High","High","High","High","High"
"Ag00001aa094840_T002",TRUE,"Master Protein","Ag00001aa094840_T002",12,3,4,325,NA,1.201,0.537267843566301,1,72.4,86.9,4.97,2.25,43.4,33.6,36.1,51,56.8,42,78.2,71.1,73,85.9,89.9,87.7,"High","High","High","High","High","High"
"Ag00001aa001266_T001",TRUE,"Master Protein","Ag00001aa001266_T001",2,2,3,887,NA,0.128,0.0113483432426048,0.0636509403632863,466.3,59.5,26.41,21.7,211.9,291.8,210.3,24.2,40.2,26,381.8,617.4,425.1,40.8,63.6,54.3,"High","High","High","High","High","High"
"Ag00001aa129302_T001",TRUE,"Master Protein","Ag00001aa129302_T001",12,2,4,223,NA,0.404,0.000105585657987017,0.00233463798124169,211.5,85.4,16.75,3.41,496.3,592.2,527.6,262.6,261.3,206.3,894.2,1252.9,1066.5,442.4,413.4,430.6,"High","High","High","High","High","High"
"Ag00001aa152046_T001",TRUE,"Master Protein","Ag00001aa152046_T001",9,3,7,418,NA,0.726,0.274706298340686,0.629765976954232,240.6,174.7,17.72,4.19,115.5,79.2,118.8,84.6,97.8,72.4,208.1,167.6,240.1,142.5,154.7,151.1,"High","High","High","High","High","High"
"Ag00001aa091749_T001",TRUE,"Master Protein","Ag00001aa091749_T001",14,3,3,270,NA,0.972,0.613713537000981,1,132.1,128.4,19.2,25.24,16.2,19.3,15,17.5,11.6,14.3,29.2,40.8,30.3,29.5,18.4,29.8,"High","High","High","High","High","High"
"Ag00001aa122693_T002",TRUE,"Master Protein","Ag00001aa122693_T002",10,2,3,220,NA,1.098,0.94550967932606,1,129.2,141.8,9.83,16,41.9,43.4,42.7,49,59.9,54.3,75.5,91.8,86.3,82.5,94.8,113.3,"High","High","High","High","High","High"
"Ag00001aa007007_T001",TRUE,"Master Protein","Ag00001aa007007_T001",12,2,2,244,NA,NA,NA,NA,NA,NA,NA,NA,NA,NA,NA,NA,NA,NA,NA,NA,NA,NA,NA,NA,"High","High","High","High","High","High"
"Ag00001aa027903_T001",TRUE,"Master Protein","Ag00001aa027903_T001",5,2,2,523,NA,0.962,0.999694311535491,1,130.6,125.7,23.96,8.69,38,19.8,27.8,32.1,35,22.5,68.5,41.9,56.2,54.1,55.4,47,"High","High","High","High","High","High"
"Ag00001aa026010_T001",TRUE,"Master Protein","Ag00001aa026010_T001",5,3,4,535,NA,1.213,0.755140398537683,1,103.4,125.4,13.46,0.74,69.5,64.8,80.4,99.4,104.3,79.7,125.2,137.1,162.5,167.5,165,166.3,"High","High","High","High","High","High"
"Ag00001aa088747_T001",TRUE,"Master Protein","Ag00001aa088747_T001",2,3,3,1417,NA,0.937,0.99999998756121,1,69,64.6,5.2,15.57,41.8,34.3,33.6,50.1,43,30.2,75.3,72.6,67.9,84.4,68,63,"High","High","High","High","High","High"
"Ag00001aa122425_T001",TRUE,"Master Protein","Ag00001aa122425_T001",18,2,2,186,NA,1,0.894914209215856,1,12.7,12.7,37.96,81.58,2.2,0,3.4,11.2,3.2,2.5,4,0,6.9,18.9,5.1,5.2,"High","High","High","High","High","High"
"Ag00001aa045453_T001",TRUE,"Master Protein","Ag00001aa045453_T001",15,2,2,275,NA,1.094,0.854673481261779,1,76.3,83.5,35.84,2.9,13.4,5.3,9.6,12.6,13.5,9.7,24.1,11.2,19.4,21.2,21.4,20.2,"High","High","High","High","High","High"
"Ag00001aa044902_T001",TRUE,"Master Protein","Ag00001aa044902_T001",6,2,2,525,NA,NA,NA,NA,NA,NA,NA,NA,NA,NA,NA,NA,NA,NA,NA,NA,NA,NA,NA,NA,"Not Found","Not Found","Not Found","Not Found","Not Found","Not Found"
"Ag00001aa010858_T002",TRUE,"Master Protein","Ag00001aa010858_T002",8,2,2,332,NA,0.778,0.0440711647714679,0.168218220339792,57.6,44.8,9.23,1.09,23.3,22,25,21.5,22.5,17.4,42,46.5,50.5,36.2,35.6,36.3,"High","High","High","High","High","High"
"Ag00001aa023800_T001",TRUE,"Master Protein","Ag00001aa023800_T001",5,2,3,335,NA,1.74,0.00430346787544145,0.0316512197581418,86.7,150.9,16.26,11.02,17.4,10.7,14.3,24.5,31.8,24.1,31.4,22.6,28.9,41.3,50.3,50.3,"High","High","High","High","High","High"
"Ag00001aa091088_T001",TRUE,"Master Protein","Ag00001aa091088_T001",3,2,3,422,NA,0.741,0.0280801330817501,0.122160622766307,124.5,92.3,7.7,5.28,82.7,70.1,83.8,62.1,73.5,52.9,149,148.3,169.4,104.6,116.3,110.4,"High","High","High","High","High","High"
"Ag00001aa084587_T001",TRUE,"Master Protein","Ag00001aa084587_T001",15,2,3,195,NA,1.006,0.999816054426593,1,99.8,100.4,9.45,12.58,31.8,22.5,27.1,32.7,28.1,27,57.3,47.6,54.8,55.1,44.5,56.4,"High","High","High","High","High","High"
"Ag00001aa000564_T001",TRUE,"Master Protein","Ag00001aa000564_T001",10,2,2,212,NA,1.547,0.706868945779378,1,33.6,52.1,7.11,40.41,17.1,13.2,15.9,28.3,28.8,42.7,30.8,27.9,32.1,47.7,45.6,89.1,"High","High","High","High","High","High"
"Ag00001aa010770_T001",TRUE,"Master Protein","Ag00001aa010770_T001",3,2,3,581,NA,1.051,0.999999931644359,1,86.6,91.1,22.96,2.76,31.1,19.7,17.9,25.6,27.7,21.8,56,41.7,36.2,43.1,43.8,45.5,"High","High","High","High","High","High"
"Ag00001aa128404_T001",TRUE,"Master Protein","Ag00001aa128404_T001",17,3,4,188,"Met-loss [N-Term]",1.113,0.998081302919556,1,128.7,143.3,12.14,14.67,149.4,108.6,145.1,177.9,201.5,114.3,269.2,229.8,293.3,299.7,318.8,238.5,"High","High","High","High","High","High"
"Ag00001aa095412_T002",TRUE,"Master Protein","Ag00001aa095412_T002",21,2,2,149,NA,NA,NA,NA,NA,NA,NA,NA,NA,NA,NA,NA,NA,NA,NA,NA,NA,NA,NA,NA,"High","High","High","High","High","High"
"Ag00001aa145017_T002",TRUE,"Master Protein","Ag00001aa145017_T002",14,2,3,258,NA,0.909,0.999999293523197,1,113.7,103.4,10.71,5.82,71.7,60.2,52.4,75.7,72.8,55.5,129.2,127.4,105.9,127.5,115.2,115.8,"High","High","High","High","High","High"
"Ag00001aa022714_T001",TRUE,"Master Protein","Ag00001aa022714_T001",9,3,3,621,NA,1.026,0.728750502008463,1,116.3,119.4,17.24,5.61,81.8,49.8,69.7,84,91.4,75.3,147.4,105.4,140.9,141.5,144.6,157.2,"High","High","High","High","High","High"
"Ag00001aa081880_T001",TRUE,"Master Protein","Ag00001aa081880_T001",3,2,3,696,NA,0.425,0.00303448935288031,0.02481133735476,207,88,11.26,8.22,151,148.1,124.5,75.5,73.1,51.8,272.1,313.3,251.7,127.2,115.6,108.1,"High","High","High","High","High","High"
"Ag00001aa150196_T001",TRUE,"Master Protein","Ag00001aa150196_T001",15,2,3,176,NA,0.337,0.00156053844864856,0.0153770130061956,195.1,65.7,17.99,38.74,47.9,57.4,58.8,27.2,25.3,9.5,86.3,121.4,118.9,45.8,40,19.8,"High","High","High","High","High","High"
"Ag00001aa063217_T002",TRUE,"Master Protein","Ag00001aa063217_T002",12,2,13,139,NA,0.705,0.215211862932682,0.5295318383053,157.4,110.9,11.39,18.48,986.8,668.2,793.9,781,571.3,542.1,1777.9,1413.7,1604.8,1315.7,903.7,1131.4,"High","High","High","High","High","High"
"Ag00001aa147948_T001",TRUE,"Master Protein","Ag00001aa147948_T001",11,4,6,406,NA,0.615,0.0412855616715584,0.160861725869172,88,54.1,3.06,1.77,75.7,67,71.7,50.6,55.1,42.3,136.4,141.8,144.9,85.2,87.2,88.3,"High","High","High","High","High","High"
"Ag00001aa028070_T001",TRUE,"Master Protein","Ag00001aa028070_T001",5,3,3,1045,NA,1.333,0.546100420427449,1,93.8,125,21.04,3.31,60.7,34.1,42.7,68.3,74.7,53,109.4,72.1,86.3,115.1,118.2,110.6,"High","High","High","High","High","High"
"Ag00001aa026979_T002",TRUE,"Master Protein","Ag00001aa026979_T002",10,2,4,262,NA,1.056,0.999509399043581,1,126,133.1,7.35,3.52,146.4,144.4,143,182.9,182.4,146.3,263.8,305.5,289.1,308.1,288.5,305.3,"High","High","High","High","High","High"
"Ag00001aa151368_T001",TRUE,"Master Protein","Ag00001aa151368_T001",13,2,3,318,NA,1.012,0.999999296824376,1,46.6,47.2,20.65,10.89,31.8,19.9,19.6,25.3,32.1,20.1,57.3,42.1,39.6,42.6,50.8,41.9,"High","High","High","High","High","High"
"Ag00001aa034236_T001",TRUE,"Master Protein","Ag00001aa034236_T001",3,2,2,1024,NA,0.662,0.136369782629397,0.384493747191189,110.8,73.3,20.59,16.09,21.5,13,20.5,13.6,16.2,15,38.7,27.5,41.4,22.9,25.6,31.3,"High","High","High","High","High","High"
"Ag00001aa005728_T001",TRUE,"Master Protein","Ag00001aa005728_T001",7,2,2,420,NA,1.442,0.992291617876431,1,60,86.5,8.2,45.24,8.7,6.3,7.4,12.8,15.2,4.2,15.7,13.3,15,21.6,24,8.8,"High","High","High","High","High","High"
"Ag00001aa097840_T001",TRUE,"Master Protein","Ag00001aa097840_T001",10,2,2,308,NA,NA,NA,NA,NA,NA,NA,NA,NA,NA,NA,NA,NA,NA,NA,NA,NA,NA,NA,NA,"High","High","High","High","High","High"
"Ag00001aa002401_T001",TRUE,"Master Protein","Ag00001aa002401_T001",6,3,3,634,NA,1.324,0.439135959779181,0.879674320303938,78,103.2,8.67,9.48,18.2,16.2,14.3,22.5,28.9,20.8,32.8,34.3,28.9,37.9,45.7,43.4,"High","High","High","High","High","High"
"Ag00001aa073060_T001",TRUE,"Master Protein","Ag00001aa073060_T001",11,2,2,260,NA,0.645,0.0755120309345935,0.248296974666433,179.9,116.1,13.36,9.21,58,48.9,40.4,33.8,42.2,32.3,104.5,103.5,81.7,56.9,66.8,67.4,"High","High","High","High","High","High"
"Ag00001aa055447_T001",TRUE,"Master Protein","Ag00001aa055447_T001",9,2,2,308,NA,0.963,0.99539246403892,1,55.4,53.4,5.17,23.12,17.4,16.3,16.9,23.3,20.8,11.7,31.4,34.5,34.2,39.3,32.9,24.4,"High","High","High","High","High","High"
"Ag00001aa030332_T001",TRUE,"Master Protein","Ag00001aa030332_T001",6,3,3,419,NA,0.701,0.394883615466781,0.816839873146419,208.2,145.9,8.13,8.63,135.7,129.6,116.3,101.7,104.2,92.9,244.5,274.2,235.1,171.3,164.8,193.9,"High","High","High","High","High","High"
"Ag00001aa146564_T001",TRUE,"Master Protein","Ag00001aa146564_T001",5,2,2,612,NA,0.814,0.206401343225298,0.512530723733535,119.4,97.2,24.16,33.55,17.9,12.8,21.4,16.6,16.6,6.7,32.3,27.1,43.3,28,26.3,14,"High","High","High","High","High","High"
"Ag00001aa004069_T001",TRUE,"Master Protein","Ag00001aa004069_T001",8,2,2,336,NA,1.389,0.842284301054265,1,29,40.3,7.84,19.6,5.5,4.9,5.7,9.5,6.8,6.9,9.9,10.4,11.5,16,10.8,14.4,"High","High","High","High","High","High"
"Ag00001aa006571_T003",TRUE,"Master Protein","Ag00001aa006571_T003",11,2,2,423,NA,0.691,0.00455221665573191,0.0331632752741339,120.2,83.1,11.16,5.74,30.4,20.8,25.8,21.4,25,17.1,54.8,44,52.2,36.1,39.5,35.7,"High","High","High","High","High","High"
"Ag00001aa119023_T001",TRUE,"Master Protein","Ag00001aa119023_T001",6,3,3,440,NA,1.109,0.939313465422803,1,77.1,85.5,9.04,13,110.2,90.4,82.4,125.9,111.6,109.7,198.6,191.3,166.6,212.1,176.5,228.9,"High","High","High","High","High","High"
"Ag00001aa001040_T001",TRUE,"Master Protein","Ag00001aa001040_T001",4,2,3,824,NA,0.684,0.547655528158306,1,136.1,93.1,23.45,24.19,26.6,16.7,28.3,28.7,20.4,15.7,47.9,35.3,57.2,48.3,32.3,32.8,"High","High","High","High","High","High"
"Ag00001aa008998_T001",TRUE,"Master Protein","Ag00001aa008998_T001",6,3,3,524,NA,0.909,0.999999995262362,1,131.5,119.5,24.78,9.4,20,11.4,19.8,21.1,20.7,14.1,36,24.1,40,35.5,32.7,29.4,"High","High","High","High","High","High"
"Ag00001aa092520_T001",TRUE,"Master Protein","Ag00001aa092520_T001",15,3,8,189,NA,1.197,0.680452171207073,1,32.7,39.1,2.96,20.4,75.8,66.4,65.5,125.8,90.6,78.3,136.6,140.5,132.4,211.9,143.3,163.4,"High","High","High","High","High","High"
"Ag00001aa030800_T001",TRUE,"Master Protein","Ag00001aa030800_T001",10,3,3,302,NA,0.625,0.00934645265058787,0.0549130010794706,137.4,85.9,2.9,6.11,156.3,137,135.3,104.5,107.1,91.4,281.6,289.9,273.5,176,169.4,190.8,"High","High","High","High","High","High"
"Ag00001aa055073_T001",TRUE,"Master Protein","Ag00001aa055073_T001",5,3,3,650,NA,1.453,0.944926659674427,1,115.7,168.1,24.31,16.82,55.7,31.1,34.2,44.7,63.5,49.9,100.4,65.8,69.1,75.3,100.5,104.1,"High","High","High","High","High","High"
"Ag00001aa016230_T003",TRUE,"Master Protein","Ag00001aa016230_T003",5,3,4,818,NA,0.691,0.0698741062886409,0.232711918051704,122.2,84.4,15.36,2.09,19.9,13.8,19.7,14.7,15.2,12,35.9,29.2,39.8,24.8,24,25,"High","High","High","High","High","High"
"Ag00001aa092590_T001",TRUE,"Master Protein","Ag00001aa092590_T001",1,2,3,1850,NA,0.769,0.683067610128598,1,134.9,103.8,29.43,24.39,37.9,20.9,40.5,22.1,33.2,29.5,68.3,44.2,81.9,37.2,52.5,61.6,"High","High","High","High","High","High"
"Ag00001aa009799_T002",TRUE,"Master Protein","Ag00001aa009799_T002",10,3,3,431,NA,0.995,0.983658202810577,1,74.4,74.1,30.56,16.37,18.3,8.7,11.1,10.3,15.2,10.7,33,18.4,22.4,17.4,24,22.3,"High","High","High","High","High","High"
"Ag00001aa017597_T001",TRUE,"Master Protein","Ag00001aa017597_T001",10,3,3,289,NA,1.008,0.991640170861103,1,102.3,103.2,9.54,4.49,44.8,34,43.1,47.1,54.7,39,80.7,71.9,87.1,79.3,86.5,81.4,"High","High","High","High","High","High"
"Ag00001aa010914_T001",TRUE,"Master Protein","Ag00001aa010914_T001",6,3,3,629,NA,1.465,0.369568852648931,0.779975488909148,89.1,130.5,6.8,5.97,84.1,62.5,70.1,123.2,119.2,101.1,151.5,132.2,141.7,207.6,188.6,211,"High","High","High","High","High","High"
"Ag00001aa004490_T001",TRUE,"Master Protein","Ag00001aa004490_T001",15,2,3,210,NA,1.136,0.758564342759292,1,96.8,110,1.57,14.47,36.3,30.1,32.4,44.1,39,39.6,65.4,63.7,65.5,74.3,61.7,82.6,"High","High","High","High","High","High"
"Ag00001aa005950_T001",TRUE,"Master Protein","Ag00001aa005950_T001",5,2,2,422,NA,1.132,0.877896383012782,1,16.2,18.3,18.3,40.69,3.2,0,3.7,7.6,4.7,2.9,5.8,0,7.5,12.8,7.4,6.1,"High","High","High","High","High","High"
"Ag00001aa157619_T001",TRUE,"Master Protein","Ag00001aa157619_T001",10,2,2,283,NA,0.859,0.840598436870383,1,126.3,108.5,2.16,9.91,116.8,96.4,105.2,107.3,112.6,101.6,210.4,204,212.6,180.8,178.1,212,"High","High","High","High","High","High"
"Ag00001aa017907_T002",TRUE,"Master Protein","Ag00001aa017907_T002",13,2,3,279,NA,1.123,0.947473292804747,1,60.8,68.3,8.04,5.63,66.5,51.9,50.5,79.1,75.6,59.1,119.8,109.8,102.1,133.3,119.6,123.3,"High","High","High","High","High","High"
"Ag00001aa148452_T001",TRUE,"Master Protein","Ag00001aa148452_T001",13,2,10,135,NA,0.867,0.946136954117767,1,104.9,90.9,9.18,8.94,51.9,38,47.3,48.1,43.9,39.2,93.5,80.4,95.6,81,69.4,81.8,"High","High","High","High","High","High"
"Ag00001aa013053_T001",TRUE,"Master Protein","Ag00001aa013053_T001",3,2,2,703,NA,0.626,0.0428239610090203,0.16506337881808,166.1,104.1,7.79,0.92,197.1,146.8,177.1,130.4,141.4,106.6,355.1,310.6,358,219.7,223.7,222.5,"High","High","High","High","High","High"
"Ag00001aa108337_T002",TRUE,"Master Protein","Ag00001aa108337_T002",4,2,2,734,NA,0.24,0.0302205938026198,0.128196845324656,166.2,39.8,15.87,21.05,67.7,42.3,57.5,15.9,17.6,18.5,122,89.5,116.2,26.8,27.8,38.6,"High","High","High","High","High","High"
"Ag00001aa012228_T001",TRUE,"Master Protein","Ag00001aa012228_T001",3,2,2,627,NA,0.628,0.0195067321234458,0.0949872251061192,125,78.5,16.68,15.29,50.8,31.3,43.4,32.7,36.4,20.5,91.5,66.2,87.7,55.1,57.6,42.8,"High","High","High","High","High","High"
"Ag00001aa108211_T001",TRUE,"Master Protein","Ag00001aa108211_T001",9,2,2,331,NA,0.826,0.688036242015852,1,119.9,99,14.7,5.25,78.2,51.3,55.5,55,58.9,40.6,140.9,108.5,112.2,92.7,93.2,84.7,"High","High","High","High","High","High"
"Ag00001aa001624_T001",TRUE,"Master Protein","Ag00001aa001624_T001",6,2,2,459,NA,NA,NA,NA,NA,NA,NA,NA,NA,NA,NA,NA,NA,NA,NA,NA,NA,NA,NA,NA,"High","High","High","High","High","High"
"Ag00001aa012686_T001",TRUE,"Master Protein","Ag00001aa012686_T001",13,2,11,135,NA,1.094,0.998446974355288,1,130.1,142.3,25.89,25.07,158.1,79.1,113.2,187.3,119.7,119.9,284.9,167.4,228.8,315.5,189.4,250.2,"High","High","High","High","High","High"
"Ag00001aa000553_T001",TRUE,"Master Protein","Ag00001aa000553_T001",3,2,3,941,NA,0.867,0.563470325543748,1,123.3,106.8,12.14,16.42,69.6,50,66.7,64.5,54.8,57.9,125.4,105.8,134.8,108.7,86.7,120.8,"High","High","High","High","High","High"
"Ag00001aa122652_T001",TRUE,"Master Protein","Ag00001aa122652_T001",10,3,3,347,NA,0.904,0.999999999009824,1,62.4,56.4,19.09,12.28,63.4,60.7,43.1,61.3,63.3,59.8,114.2,128.4,87.1,103.3,100.1,124.8,"Not Found","Not Found","Not Found","High","Not Found","Not Found"
"Ag00001aa045441_T001",TRUE,"Master Protein","Ag00001aa045441_T001",14,3,4,358,NA,0.95,0.998732452911043,1,83.8,79.6,15.04,7.43,13.4,12.2,15.8,14.3,15.5,13.2,24.1,25.8,31.9,24.1,24.5,27.5,"High","High","High","High","High","High"
"Ag00001aa052620_T002",TRUE,"Master Protein","Ag00001aa052620_T002",4,2,3,561,NA,1.451,0.125740292778427,0.364556655645852,48.5,70.4,7.45,13.12,14.6,10.8,11.7,22.6,21.7,14,26.3,22.8,23.7,38.1,34.3,29.2,"High","High","High","High","High","High"
"Ag00001aa135253_T001",TRUE,"Master Protein","Ag00001aa135253_T001",17,2,4,132,NA,0.641,0.0478072943058122,0.177497611693667,221.4,141.8,16.83,13.85,55.7,56.9,42.6,43.2,34.8,30.8,100.4,120.4,86.1,72.8,55.1,64.3,"High","High","High","High","High","High"
"Ag00001aa031557_T002",TRUE,"Master Protein","Ag00001aa031557_T002",6,2,2,368,NA,1.997,0.0310646602911828,0.13091535408427,113.7,227,10.32,16.21,77,72.4,61.6,140.2,175.1,156.6,138.7,153.2,124.5,236.2,277,326.8,"High","High","High","High","High","High"
"Ag00001aa078897_T001",TRUE,"Master Protein","Ag00001aa078897_T001",12,2,2,272,NA,0.356,0.00126568656462145,0.0132902664996991,277.7,98.8,26.68,15.37,59,80.9,89.9,33.1,38.5,35.8,106.3,171.2,181.7,55.8,60.9,74.7,"High","High","High","High","High","High"
"Ag00001aa028316_T001",TRUE,"Master Protein","Ag00001aa028316_T001",12,2,5,161,NA,1.221,0.709340942956727,1,107.9,131.8,14.85,11.54,173.7,109.6,135.8,210.5,178.5,160.6,313,231.9,274.5,354.6,282.4,335.2,"High","High","High","High","High","High"
"Ag00001aa089464_T001",TRUE,"Master Protein","Ag00001aa089464_T001",17,2,2,206,NA,0.788,0.144631379670965,0.402831685655191,95.8,75.4,23.92,27.22,21.1,18.3,28.1,18.1,21.2,9.2,38,38.7,56.8,30.5,33.5,19.2,"High","High","High","High","High","High"
"Ag00001aa015438_T001",TRUE,"Master Protein","Ag00001aa015438_T001",9,2,3,317,NA,1.728,0.254621345032562,0.597534151835792,72.1,124.6,31.17,14.12,105.7,55.1,56,97.6,137.9,96.5,190.4,116.6,113.2,164.4,218.1,201.4,"High","High","High","High","High","High"
"Ag00001aa028606_T001",TRUE,"Master Protein","Ag00001aa028606_T001",9,3,3,462,NA,0.533,0.00239713654256701,0.0209152415459558,185.2,98.7,10.64,8.61,34,35.7,35.5,22.7,22.6,20.3,61.3,75.5,71.8,38.2,35.8,42.4,"High","High","High","High","High","High"
"Ag00001aa032414_T002",TRUE,"Master Protein","Ag00001aa032414_T002",11,3,3,389,NA,1.23,0.212464473993293,0.524092228304267,73.6,90.5,15.85,7.41,54.4,34.2,47,70.2,65.2,56,98,72.4,95,118.3,103.1,116.9,"High","High","High","High","High","High"
"Ag00001aa025420_T001",TRUE,"Master Protein","Ag00001aa025420_T001",8,3,3,493,NA,0.969,0.964070698278346,1,101.5,98.4,24.57,1.67,6.6,9.1,9.2,10.7,11.7,8.6,11.9,19.3,18.6,18,18.5,17.9,"High","High","High","High","High","High"
"Ag00001aa078257_T001",TRUE,"Master Protein","Ag00001aa078257_T001",14,3,9,244,NA,NA,NA,NA,NA,NA,NA,NA,NA,NA,NA,NA,NA,NA,NA,NA,NA,NA,NA,NA,"High","High","High","High","High","High"
"Ag00001aa047656_T001",TRUE,"Master Protein","Ag00001aa047656_T001",28,2,2,137,NA,0.926,0.985410798703602,1,117.5,108.8,6.19,21.82,17.4,16.6,15.8,21.9,18.7,11.4,31.4,35.1,31.9,36.9,29.6,23.8,"High","High","High","High","High","High"
"Ag00001aa016574_T002",TRUE,"Master Protein","Ag00001aa016574_T002",5,4,4,976,NA,0.847,0.873732180307216,1,98.8,83.7,11.6,8.82,202,136.2,164.2,156.8,198.4,134.7,363.9,288.2,331.9,264.2,313.9,281.1,"High","High","High","High","High","High"
"Ag00001aa005522_T001",TRUE,"Master Protein","Ag00001aa005522_T001",3,2,4,678,NA,NA,NA,NA,NA,NA,NA,NA,NA,NA,NA,NA,NA,NA,NA,NA,NA,NA,NA,NA,"High","High","High","High","High","High"
"Ag00001aa149693_T001",TRUE,"Master Protein","Ag00001aa149693_T001",10,3,3,462,NA,0.645,NA,NA,56.6,36.5,25.34,NA,5.6,5.1,7.8,0,4.4,0,10.1,10.8,15.8,0,7,0,"High","High","High","Not Found","High","Not Found"
"Ag00001aa004411_T001",TRUE,"Master Protein","Ag00001aa004411_T001",19,3,4,187,"Met-loss [N-Term]",NA,NA,NA,NA,NA,NA,NA,NA,NA,NA,NA,NA,NA,NA,NA,NA,NA,NA,NA,"High","High","High","High","High","High"
"Ag00001aa148576_T002",TRUE,"Master Protein","Ag00001aa148576_T002",4,2,3,421,NA,0.88,0.165010178175106,0.436535972021095,92.2,81.1,20.64,27.6,30.6,19.1,18.9,21.1,13.4,17.5,55.1,40.4,38.2,35.5,21.2,36.5,"High","High","High","High","High","High"
"Ag00001aa009414_T002",TRUE,"Master Protein","Ag00001aa009414_T002",9,2,2,373,NA,1.247,0.638056442972024,1,74.2,92.6,11.19,2.2,41.9,31.2,40.9,54.1,60.1,45.1,75.5,66,82.7,91.1,95.1,94.1,"High","High","High","High","High","High"
"Ag00001aa055069_T001",TRUE,"Master Protein","Ag00001aa055069_T001",10,2,6,167,NA,4.465,0.0019771504639704,0.0180012828339184,56.9,254.2,15.88,9.74,51.9,38,33.6,214.6,191.4,172,93.5,80.4,67.9,361.5,302.8,359,"High","High","High","High","High","High"
"Ag00001aa006059_T003",TRUE,"Master Protein","Ag00001aa006059_T003",6,3,3,589,NA,0.769,0.987059471047781,1,116.1,89.3,23.13,16.45,25.9,14.9,24.8,27.2,21.5,17.2,46.7,31.5,50.1,45.8,34,35.9,"High","High","High","High","High","High"
"Ag00001aa088624_T001",TRUE,"Master Protein","Ag00001aa088624_T001",5,2,2,426,NA,1.282,0.995033566015252,1,44,56.4,20.94,27.13,19.9,11.1,14.5,23.9,14.7,18,35.9,23.5,29.3,40.3,23.3,37.6,"High","High","High","High","High","High"
"Ag00001aa023683_T001",TRUE,"Master Protein","Ag00001aa023683_T001",10,2,3,342,NA,0.592,0.200093468707347,0.50187138793345,207.3,122.7,31.88,14.71,133.8,139.6,74.6,84.7,72.1,73.2,241.1,295.4,150.8,142.7,114.1,152.8,"High","High","High","High","High","High"
"Ag00001aa048040_T001",TRUE,"Master Protein","Ag00001aa048040_T001",9,3,4,479,NA,1.039,0.993952280842803,1,77.1,80.1,5.57,9.04,43.7,33.9,39.3,43.5,51.7,42.1,78.7,71.7,79.4,73.3,81.8,87.9,"High","High","High","High","High","High"
"Ag00001aa028059_T001",TRUE,"Master Protein","Ag00001aa028059_T001",3,2,3,865,NA,0.667,0.0113597541661948,0.0636509403632863,154.3,103,22.74,25.42,25.5,30.4,21.2,18.2,21.8,9.8,45.9,64.3,42.9,30.7,34.5,20.5,"High","High","High","High","High","High"
"Ag00001aa129550_T001",TRUE,"Master Protein","Ag00001aa129550_T001",15,3,5,149,NA,1.014,0.994819789642294,1,159.7,162,5.73,12.26,429.5,349.9,410.1,568.1,496.2,370.7,773.8,740.3,829,957.1,784.9,773.7,"High","High","High","High","High","High"
"Ag00001aa001580_T002",TRUE,"Master Protein","Ag00001aa001580_T002",17,2,2,145,NA,0.286,8.36034877105263e-07,0.000290393135866042,189.9,54.4,11.68,10.34,54.6,41.7,55.1,17.3,15.1,13.5,98.4,88.2,111.4,29.1,23.9,28.2,"High","High","High","High","High","High"
"Ag00001aa026603_T001",TRUE,"Master Protein","Ag00001aa026603_T001",4,2,2,519,NA,0.873,0.753294817991815,1,124.3,108.5,14.46,11.87,63.2,40.4,52.7,55.2,49.5,47.5,113.9,85.5,106.5,93,78.3,99.1,"High","High","High","High","High","High"
"Ag00001aa157627_T001",TRUE,"Master Protein","Ag00001aa157627_T001",18,2,3,290,NA,0.948,0.997935142292954,1,57.8,54.8,11.66,9.14,47.8,33,42.6,49,44.1,39.1,86.1,69.8,86.1,82.5,69.8,81.6,"High","High","High","High","High","High"
"Ag00001aa005059_T001",TRUE,"Master Protein","Ag00001aa005059_T001",15,2,3,155,NA,3.37,0.000159762894763493,0.00318403708995203,79.5,268.1,6.14,4.2,64.2,54.1,51.1,229,228.6,187.7,115.7,114.5,103.3,385.8,361.6,391.7,"High","High","High","High","High","High"
"Ag00001aa046150_T002",TRUE,"Master Protein","Ag00001aa046150_T002",8,2,2,361,NA,0.559,0.00254332264360013,0.0217363350781114,207.1,115.9,16.67,8.76,73.5,69,51.6,47.9,42.8,35.5,132.4,146,104.3,80.7,67.7,74.1,"High","High","High","High","High","High"
"Ag00001aa088576_T001",TRUE,"Master Protein","Ag00001aa088576_T001",5,2,2,457,NA,1.137,0.250188388879006,0.590386143680823,115.6,131.4,7.66,5.08,56.6,49.6,44.8,68,73.3,60.2,102,104.9,90.6,114.6,116,125.6,"High","High","High","High","High","High"
"Ag00001aa029936_T001",TRUE,"Master Protein","Ag00001aa029936_T001",13,3,3,326,NA,1.119,0.999999941552634,1,129.6,145.1,18.36,12.8,20,15.5,22.9,19.2,25.5,19.7,36,32.8,46.3,32.3,40.3,41.1,"High","High","High","High","High","High"
"Ag00001aa026750_T001",TRUE,"Master Protein","Ag00001aa026750_T001",5,3,3,836,NA,0.52,0.00640975389534149,0.0427238699416132,155.7,80.9,7.08,8.68,96.5,81.2,96.4,59.4,57.1,40.4,173.9,171.8,194.9,100.1,90.3,84.3,"High","High","High","High","High","High"
"Ag00001aa001455_T001",TRUE,"Master Protein","Ag00001aa001455_T001",11,3,3,405,NA,NA,NA,NA,NA,NA,NA,NA,NA,NA,NA,NA,NA,NA,NA,NA,NA,NA,NA,NA,"High","High","High","High","High","High"
"Ag00001aa136773_T001",TRUE,"Master Protein","Ag00001aa136773_T001",7,2,4,269,NA,0.432,0.0113529451809236,0.0636509403632863,183.9,79.4,10.47,4.23,82.6,59.3,75.8,39.5,40.6,29.3,148.8,125.5,153.2,66.5,64.2,61.2,"High","High","High","High","High","High"
"Ag00001aa122336_T001",TRUE,"Master Protein","Ag00001aa122336_T001",6,2,10,266,NA,0.649,0.437786811777305,0.877709348601551,230.7,149.6,14.85,12.39,164.6,124.3,174.3,122.8,121.6,77.4,296.6,263,352.3,206.9,192.4,161.5,"High","High","High","High","High","High"
"Ag00001aa005936_T001",TRUE,"Master Protein","Ag00001aa005936_T001",18,3,3,196,NA,1.184,0.999965541997962,1,44.4,52.6,10.42,49.03,3.3,2.8,3.5,6,3.1,0,5.9,5.9,7.1,10.1,4.9,0,"High","High","High","High","High","High"
"Ag00001aa073238_T001",TRUE,"Master Protein","Ag00001aa073238_T001",10,3,3,343,NA,NA,NA,NA,NA,NA,NA,NA,NA,NA,NA,NA,NA,NA,NA,NA,NA,NA,NA,NA,"High","High","High","High","High","High"
"Ag00001aa053717_T002",TRUE,"Master Protein","Ag00001aa053717_T002",9,2,2,340,NA,1.011,0.999512332667438,1,77.9,78.8,1.74,16.24,24.6,20.8,22.5,26.6,31.9,17.4,44.3,44,45.5,44.8,50.5,36.3,"High","High","High","High","High","High"
"Ag00001aa035294_T001",TRUE,"Master Protein","Ag00001aa035294_T001",13,2,3,216,NA,0.967,0.943430333323065,1,127,122.8,6.42,8.35,94.4,71.6,76,94,84.7,71.2,170.1,151.5,153.6,158.4,134,148.6,"High","High","High","High","High","High"
"Ag00001aa012519_T001",TRUE,"Master Protein","Ag00001aa012519_T001",8,2,3,379,NA,0.6,0.0211459210520502,0.100545416755769,141.1,84.7,15.55,16.4,187.7,116.7,149.8,107.8,121.5,66.7,338.2,246.9,302.8,181.6,192.2,139.2,"High","High","High","High","High","High"
"Ag00001aa079389_T001",TRUE,"Master Protein","Ag00001aa079389_T001",9,2,2,232,NA,0.901,0.999999742365544,1,144.1,129.9,29.69,6.24,62.5,28.9,51.1,56,53.1,44.6,112.6,61.1,103.3,94.3,84,93.1,"High","High","High","High","High","High"
"Ag00001aa082410_T001",TRUE,"Master Protein","Ag00001aa082410_T001",7,3,3,541,NA,1.482,0.142341558909812,0.398502865653543,83,123,16.88,6.27,50,33.7,32.5,66.3,66.8,47.2,90.1,71.3,65.7,111.7,105.7,98.5,"High","High","High","High","High","High"
"Ag00001aa149292_T001",TRUE,"Master Protein","Ag00001aa149292_T001",23,3,3,132,NA,0.542,0.00787106225071954,0.0491863280064655,124.7,67.6,16.42,7.38,54.7,64.5,63.2,45.2,43.8,31.6,98.6,136.5,127.8,76.1,69.3,66,"High","High","High","High","High","High"
"Ag00001aa020735_T001",TRUE,"Master Protein","Ag00001aa020735_T001",4,2,3,711,NA,0.615,0.062506799909506,0.214468415523677,173.9,107,20.83,22.82,54.2,30.7,46.2,34.1,24.9,29.9,97.7,65,93.4,57.4,39.4,62.4,"High","High","High","High","High","High"
"Ag00001aa015223_T003",TRUE,"Master Protein","Ag00001aa015223_T003",7,3,4,471,NA,1.036,0.999330942904218,1,112.6,116.6,9.81,16.32,31.4,22.5,23.9,29.7,36,19.6,56.6,47.6,48.3,50,56.9,40.9,"High","High","High","High","High","High"
"Ag00001aa056845_T001",TRUE,"Master Protein","Ag00001aa056845_T001",4,3,4,732,NA,1.239,0.264403467432547,0.613570701342455,81.7,101.2,12.23,6.46,58,38.6,46.8,71,74.1,50.7,104.5,81.7,94.6,119.6,117.2,105.8,"High","High","High","High","High","High"
"Ag00001aa034381_T001",TRUE,"Master Protein","Ag00001aa034381_T001",5,2,4,549,NA,1.075,0.999999928809497,1,103.6,111.3,17.85,4.08,129.3,142.7,107.8,150.9,148.7,120,233,301.9,217.9,254.2,235.2,250.4,"High","High","High","High","High","High"
"Ag00001aa039706_T001",TRUE,"Master Protein","Ag00001aa039706_T001",13,3,3,215,NA,0.304,0.00485648883551026,0.0346688433313036,209.8,63.8,38.12,7.3,70.8,26.7,57.3,20.9,20.2,17.7,127.6,56.5,115.8,35.2,32,36.9,"High","High","High","High","High","High"
"Ag00001aa137774_T001",TRUE,"Master Protein","Ag00001aa137774_T001",9,3,3,332,"Met-loss [N-Term]",0.387,0.000141626974363818,0.00286704411946619,248.1,96,22.47,10.6,51.3,67.4,53.4,24,26.4,23.5,92.4,142.6,107.9,40.4,41.8,49,"High","High","High","High","High","High"
"Ag00001aa095558_T003",TRUE,"Master Protein","Ag00001aa095558_T003",6,2,2,486,NA,1.142,0.249430500512418,0.58937579348758,72.2,82.4,9.67,1.46,30.1,24.9,22.3,35.7,38.7,28.5,54.2,52.7,45.1,60.1,61.2,59.5,"High","High","High","High","High","High"
"Ag00001aa116526_T001",TRUE,"Master Protein","Ag00001aa116526_T001",16,3,5,222,NA,0.994,0.99985827795488,1,41,40.8,9.84,19.41,15.9,16.5,15.9,20.2,20.2,11.1,28.6,34.9,32.1,34,32,23.2,"High","High","High","High","High","High"
"Ag00001aa150306_T001",TRUE,"Master Protein","Ag00001aa150306_T001",8,2,5,235,NA,0.935,0.999440895375858,1,24.4,22.8,31.94,32.17,15.5,17.7,9.6,20.7,16.5,8.6,27.9,37.4,19.4,34.9,26.1,17.9,"High","High","High","High","High","High"
"Ag00001aa101203_T001",TRUE,"Master Protein","Ag00001aa101203_T001",4,2,2,729,NA,1.034,0.994139959198958,1,39.8,41.1,47,26.19,4.2,5.1,1.9,5.6,4.1,0,7.6,10.8,3.8,9.4,6.5,0,"High","High","High","High","High","High"
"Ag00001aa058257_T001",TRUE,"Master Protein","Ag00001aa058257_T001",16,2,4,249,NA,NA,NA,NA,NA,NA,NA,NA,NA,NA,NA,NA,NA,NA,NA,NA,NA,NA,NA,NA,"High","High","High","High","High","High"
"Ag00001aa139974_T002",TRUE,"Master Protein","Ag00001aa139974_T002",8,2,2,344,NA,0.74,0.0495875542771408,0.18214962918014,116.5,86.2,16.56,10.21,52,31.9,38.5,32.4,41.9,27.6,93.7,67.5,77.8,54.6,66.3,57.6,"High","High","High","High","High","High"
"Ag00001aa066481_T001",TRUE,"Master Protein","Ag00001aa066481_T001",10,3,3,491,NA,1.087,0.748739902499598,1,116.8,127,12.55,1.66,112.3,74.5,87.3,115.9,121.3,90.5,202.3,157.6,176.5,195.3,191.9,188.9,"High","High","High","High","High","High"
"Ag00001aa031279_T002",TRUE,"Master Protein","Ag00001aa031279_T002",3,2,2,849,NA,1.575,0.00133402770134883,0.0137415230291057,90.9,143.2,6.92,7.83,18.8,14,15.3,31.3,30.8,21.6,33.9,29.6,30.9,52.7,48.7,45.1,"High","High","High","High","High","High"
"Ag00001aa029125_T001",TRUE,"Master Protein","Ag00001aa029125_T001",12,2,2,281,NA,1.02,0.949351662063886,1,113.4,115.7,7.51,13.02,73.1,59.1,56.1,75.7,100.1,60.9,131.7,125,113.4,127.5,158.3,127.1,"High","High","High","High","High","High"
"Ag00001aa092237_T001",TRUE,"Master Protein","Ag00001aa092237_T001",11,3,3,420,NA,0.335,0.0004350657760821,0.00642915551065898,157.7,52.9,11.48,25.25,53.7,57.6,54.2,21.8,17.9,22.6,96.8,121.9,109.6,36.7,28.3,47.2,"High","High","High","High","High","High"
"Ag00001aa013608_T001",TRUE,"Master Protein","Ag00001aa013608_T001",6,2,2,335,NA,NA,NA,NA,NA,NA,NA,NA,NA,NA,NA,NA,NA,NA,NA,NA,NA,NA,NA,NA,"Not Found","Not Found","Not Found","Not Found","Not Found","Not Found"
"Ag00001aa120445_T001",TRUE,"Master Protein","Ag00001aa120445_T001",9,2,2,296,NA,1.304,0.79816381540474,1,44.2,57.6,11.06,26.3,6.6,4.5,5.4,10.8,9,5.1,11.9,9.5,10.9,18.2,14.2,10.6,"High","High","High","High","High","High"
"Ag00001aa005953_T001",TRUE,"Master Protein","Ag00001aa005953_T001",8,2,2,242,NA,0.862,0.93068100708088,1,101.6,87.6,8.56,24.41,11.4,9.8,11.8,9.1,11.3,11.7,20.5,20.7,23.9,15.3,17.9,24.4,"High","High","High","High","High","High"
"Ag00001aa083567_T001",TRUE,"Master Protein","Ag00001aa083567_T001",9,2,3,308,NA,0.725,0.217089278277784,0.532305322192085,74.6,54.1,12.35,20.88,17.4,13.5,18,13.5,18,9,31.4,28.6,36.4,22.7,28.5,18.8,"High","High","High","High","High","High"
"Ag00001aa073038_T001",TRUE,"Master Protein","Ag00001aa073038_T001",2,2,3,1486,NA,0.791,0.655635253335347,1,129.9,102.7,16.76,12.57,31.5,20,28.8,21.4,28.8,21.5,56.8,42.3,58.2,36.1,45.6,44.9,"High","High","High","High","High","High"
"Ag00001aa080904_T001",TRUE,"Master Protein","Ag00001aa080904_T001",5,2,2,485,NA,NA,NA,NA,NA,NA,NA,NA,NA,NA,NA,NA,NA,NA,NA,NA,NA,NA,NA,NA,"High","High","High","High","High","High"
"Ag00001aa078431_T002",TRUE,"Master Protein","Ag00001aa078431_T002",2,2,3,1066,NA,NA,NA,NA,NA,NA,NA,NA,NA,NA,NA,NA,NA,NA,NA,NA,NA,NA,NA,NA,"High","High","High","High","High","High"
"Ag00001aa026548_T001",TRUE,"Master Protein","Ag00001aa026548_T001",7,2,3,337,NA,1.084,0.950326725484299,1,32.8,35.6,7.04,14.97,16.4,14.2,16.6,23.6,18.9,15.6,29.5,30,33.6,39.8,29.9,32.6,"High","High","High","High","High","High"
"Ag00001aa125664_T001",TRUE,"Master Protein","Ag00001aa125664_T001",10,3,4,394,NA,0.966,0.999965902363459,1,59.1,57.1,9.47,22.41,48.4,42.9,51.5,66.8,55.4,34.6,87.2,90.8,104.1,112.5,87.6,72.2,"High","High","High","High","High","High"
"Ag00001aa096400_T001",TRUE,"Master Protein","Ag00001aa096400_T001",8,2,5,239,NA,0.882,0.996557678322168,1,29.9,26.4,7.3,10.2,11,10.8,10.3,10.5,13.5,8.8,19.8,22.8,20.8,17.7,21.4,18.4,"High","High","High","High","High","High"
"Ag00001aa042912_T001",TRUE,"Master Protein","Ag00001aa042912_T001",8,2,4,496,NA,0.408,0.000610812725403309,0.00794867563694104,164.2,67,14.34,3.2,139.7,109.1,150.3,63,64.9,47.7,251.7,230.8,303.8,106.1,102.7,99.6,"High","High","High","High","High","High"
"Ag00001aa053776_T002",TRUE,"Master Protein","Ag00001aa053776_T002",4,2,3,1111,NA,1.011,0.999998618076659,1,109.7,111,22.29,21.91,26.6,14.7,23,27.9,31,15.3,47.9,31.1,46.5,47,49,31.9,"High","High","High","High","High","High"
"Ag00001aa028884_T001",TRUE,"Master Protein","Ag00001aa028884_T001",14,2,3,183,NA,0.807,0.675474713479457,1,93.5,75.4,24.97,7.18,20.9,22,13.8,17.4,19.2,16.1,37.7,46.5,27.9,29.3,30.4,33.6,"High","High","High","High","High","High"
"Ag00001aa070621_T001",TRUE,"Master Protein","Ag00001aa070621_T001",5,3,3,562,NA,0.563,0.692965424301592,1,138.4,77.8,44.13,58.18,149.8,74.4,198.3,42.3,96,123.1,269.9,157.4,400.8,71.3,151.9,256.9,"High","High","High","High","High","High"
"Ag00001aa056699_T002",TRUE,"Master Protein","Ag00001aa056699_T002",3,2,2,849,NA,1.207,0.631391817389202,1,115.9,139.9,11.18,7.13,37.2,30.8,26.8,52.7,49.7,37.7,67,65.2,54.2,88.8,78.6,78.7,"High","High","High","High","High","High"
"Ag00001aa041955_T001",TRUE,"Master Protein","Ag00001aa041955_T001",24,3,3,182,"Met-loss [N-Term]",1.187,0.779461605358179,1,47.6,56.5,16.35,23.05,24.2,14.9,18,35.4,27.3,18.7,43.6,31.5,36.4,59.6,43.2,39,"High","High","High","High","High","High"
"Ag00001aa016226_T002",TRUE,"Master Protein","Ag00001aa016226_T002",6,2,2,365,NA,0.85,0.995924779323676,1,162.7,138.3,16.34,3.69,77.3,48.8,68.9,70.3,70.9,57.7,139.3,103.2,139.3,118.4,112.2,120.4,"High","High","High","High","High","High"
"Ag00001aa112288_T001",TRUE,"Master Protein","Ag00001aa112288_T001",2,2,2,1637,NA,0.932,0.993417966148388,1,95.8,89.2,20.78,6.06,43.1,24.2,31,37.7,36.9,27.1,77.7,51.2,62.7,63.5,58.4,56.6,"High","High","High","High","High","High"
"Ag00001aa123282_T001",TRUE,"Master Protein","Ag00001aa123282_T001",5,2,4,426,NA,1.151,0.505324236292127,0.969286606020446,113.9,131.1,6.95,11.57,69.2,63.8,70.9,87.6,98.2,87.8,124.7,135,143.3,147.6,155.3,183.2,"High","High","High","High","High","High"
"Ag00001aa131525_T002",TRUE,"Master Protein","Ag00001aa131525_T002",12,2,2,251,NA,0.578,0.000267168898958059,0.00457488353129619,153,88.4,6.63,1.84,64.3,50.7,60.6,40.8,42.3,31.8,115.9,107.3,122.5,68.7,66.9,66.4,"High","High","High","High","High","High"
"Ag00001aa050939_T001",TRUE,"Master Protein","Ag00001aa050939_T001",11,2,2,242,NA,0.581,4.22061115463723e-05,0.00132197749647744,160.2,93,4.85,11.65,136.2,127.8,127.3,88.7,84.1,80.5,245.4,270.4,257.3,149.4,133,168,"High","High","High","High","High","High"
"Ag00001aa151170_T001",TRUE,"Master Protein","Ag00001aa151170_T001",6,2,2,419,NA,0.514,0.0892601247552133,0.281349430518928,187.3,96.2,29.82,10.67,67.7,34,65.7,37.2,47.4,30,122,71.9,132.8,62.7,75,62.6,"High","High","High","High","High","High"
"Ag00001aa014630_T002",TRUE,"Master Protein","Ag00001aa014630_T002",15,2,5,182,NA,3.75,0.323142900723462,0.708660795072632,14.8,55.5,66.06,19.14,9.3,13.6,3,37.3,52.5,28.1,16.8,28.8,6.1,62.8,83.1,58.6,"High","High","High","High","High","High"
"Ag00001aa080519_T001",TRUE,"Master Protein","Ag00001aa080519_T001",3,2,2,857,NA,NA,NA,NA,NA,NA,NA,NA,NA,NA,NA,NA,NA,NA,NA,NA,NA,NA,NA,NA,"High","High","High","High","High","High"
"Ag00001aa042621_T002",TRUE,"Master Protein","Ag00001aa042621_T002",6,2,2,577,NA,NA,NA,NA,NA,NA,NA,NA,NA,NA,NA,NA,NA,NA,NA,NA,NA,NA,NA,NA,"Not Found","Not Found","Not Found","Not Found","Not Found","Not Found"
"Ag00001aa013422_T001",TRUE,"Master Protein","Ag00001aa013422_T001",6,2,4,451,NA,0.608,0.613586874806994,1,254.3,154.5,21.52,10.74,39.7,32.3,23.2,26.8,23,19.9,71.5,68.3,46.9,45.1,36.4,41.5,"High","High","High","High","High","High"
"Ag00001aa067595_T001",TRUE,"Master Protein","Ag00001aa067595_T001",8,3,4,349,NA,NA,NA,NA,NA,NA,NA,NA,NA,NA,NA,NA,NA,NA,NA,NA,NA,NA,NA,NA,"High","High","High","High","High","High"
"Ag00001aa101269_T001",TRUE,"Master Protein","Ag00001aa101269_T001",23,3,3,180,NA,0.805,0.99999184449179,1,38.7,31.2,32.41,4.3,13.5,10.9,6.2,10.6,12.3,8.9,24.3,23.1,12.5,17.9,19.5,18.6,"High","High","High","High","High","High"
"Ag00001aa068858_T002",TRUE,"Master Protein","Ag00001aa068858_T002",5,2,3,377,NA,0.529,0.0228318212968168,0.106626036918285,157,83,3.94,28.77,27.7,23.5,23,15.6,15.5,19.4,49.9,49.7,46.5,26.3,24.5,40.5,"High","High","High","High","High","High"
"Ag00001aa145744_T001",TRUE,"Master Protein","Ag00001aa145744_T001",7,2,2,380,NA,NA,NA,NA,NA,NA,NA,NA,NA,NA,NA,NA,NA,NA,NA,NA,NA,NA,NA,NA,"Not Found","Not Found","Not Found","Not Found","Not Found","Not Found"
"Ag00001aa107437_T001",TRUE,"Master Protein","Ag00001aa107437_T001",14,2,2,287,NA,0.982,0.998334723304957,1,35.8,35.2,9.33,28.11,12.5,12.1,10.6,20.7,13.9,10.6,22.5,25.6,21.4,34.9,22,22.1,"High","High","High","High","High","High"
"Ag00001aa111979_T001",TRUE,"Master Protein","Ag00001aa111979_T001",49,3,4,80,NA,100,NA,NA,0,10.8,NA,NA,0,0,0,2.9,0,0,0,0,0,4.9,0,0,"Not Found","Not Found","Not Found","High","Not Found","Not Found"
"Ag00001aa063469_T001",TRUE,"Master Protein","Ag00001aa063469_T001",7,4,4,604,NA,1.9,0.185791958782198,0.475445308446937,56.6,107.5,32.88,9.7,107.6,62.2,50.5,148.4,154.5,139.4,193.9,131.6,102.1,250,244.4,290.9,"High","High","High","High","High","High"
"Ag00001aa039261_T001",TRUE,"Master Protein","Ag00001aa039261_T001",9,2,2,236,NA,1.299,NA,NA,3.4,4.5,NA,70.32,2.5,0,0,10.4,3.7,2.7,4.5,0,0,17.5,5.9,5.6,"High","High","High","High","High","High"
"Ag00001aa009677_T001",TRUE,"Master Protein","Ag00001aa009677_T001",6,2,2,512,NA,0.691,0.0143607297386975,0.0752974821934874,169.9,117.5,9.44,17.47,44.3,43.9,47.3,29.3,40.6,33.6,79.8,92.9,95.6,49.4,64.2,70.1,"High","High","High","High","High","High"
"Ag00001aa013100_T001",TRUE,"Master Protein","Ag00001aa013100_T001",13,3,3,340,NA,0.852,0.292618712648359,0.65757138066242,134.7,114.8,18.39,12.59,20.3,18.5,25.3,19.8,17.4,16.9,36.6,39.1,51.1,33.4,27.5,35.3,"High","High","High","High","High","High"
"Ag00001aa006881_T002",TRUE,"Master Protein","Ag00001aa006881_T002",9,2,3,351,NA,1.254,0.842630859501591,1,51.7,64.8,22.97,9.4,24.8,21,14.3,28,35.3,26.7,44.7,44.4,28.9,47.2,55.8,55.7,"High","High","High","High","High","High"
"Ag00001aa008534_T001",TRUE,"Master Protein","Ag00001aa008534_T001",9,2,2,317,NA,0.816,0.920474197753426,1,112.6,92,4.44,13.91,29.1,22.7,24.6,24.1,24.8,24.1,52.4,48,49.7,40.6,39.2,50.3,"High","High","High","High","High","High"
"Ag00001aa042369_T001",TRUE,"Master Protein","Ag00001aa042369_T001",6,2,2,560,NA,0.91,0.971649939897242,1,48.9,44.5,4.04,14.99,15.4,12.7,14.4,12.7,18.3,12.1,27.7,26.9,29.1,21.4,28.9,25.3,"High","High","High","High","High","High"
"Ag00001aa096933_T001",TRUE,"Master Protein","Ag00001aa096933_T001",7,3,4,539,NA,0.837,0.827802913895768,1,91.5,76.6,0.97,13.53,12.9,11.2,11.6,10.1,12.4,10.7,23.2,23.7,23.4,17,19.6,22.3,"High","High","High","High","High","High"
"Ag00001aa035973_T003",TRUE,"Master Protein","Ag00001aa035973_T003",6,2,3,624,NA,0.82,0.947915450022795,1,109.2,89.5,6.42,10.29,19.6,17.6,16.2,16.8,18.3,16.3,35.3,37.2,32.7,28.3,28.9,34,"High","High","High","High","High","High"
"Ag00001aa121631_T002",TRUE,"Master Protein","Ag00001aa121631_T002",7,3,3,603,NA,1.006,0.99980496761957,1,129.3,130.2,7.09,7.06,83.5,64,76.9,82.4,95.7,76.6,150.4,135.4,155.4,138.8,151.4,159.9,"High","High","High","High","High","High"
"Ag00001aa017981_T001",TRUE,"Master Protein","Ag00001aa017981_T001",16,2,3,261,NA,1.56,0.786862097982748,1,48.8,76.2,43.96,7.11,19.2,7.8,8.8,15.8,19.3,13.3,34.6,16.5,17.8,26.6,30.5,27.8,"High","High","High","High","High","High"
"Ag00001aa004348_T001",TRUE,"Master Protein","Ag00001aa004348_T001",4,2,2,1051,NA,NA,NA,NA,NA,NA,NA,NA,NA,NA,NA,NA,NA,NA,NA,NA,NA,NA,NA,NA,"High","High","High","High","High","High"
"Ag00001aa106762_T002",TRUE,"Master Protein","Ag00001aa106762_T002",4,2,2,474,NA,0.313,0.0303409404102286,0.128455889097373,175.9,55,24.39,11.62,29.2,24.9,16.4,10.8,10.4,6.9,52.6,52.7,33.2,18.2,16.5,14.4,"High","High","High","High","High","High"
"Ag00001aa121708_T001",TRUE,"Master Protein","Ag00001aa121708_T001",8,2,2,405,NA,0.409,0.0495096938825305,0.182031939439148,145.5,59.5,21.95,5.92,18.2,9.9,14.4,7.8,7.5,5.7,32.8,20.9,29.1,13.1,11.9,11.9,"High","High","High","High","High","High"
"Ag00001aa002930_T001",TRUE,"Master Protein","Ag00001aa002930_T001",10,3,3,312,NA,1.069,0.959585934661677,1,135.7,145,31.18,20.59,14,8.9,17.4,16,16.6,17.9,25.2,18.8,35.2,27,26.3,37.4,"High","High","High","High","High","High"
"Ag00001aa009580_T001",TRUE,"Master Protein","Ag00001aa009580_T001",9,2,2,477,NA,0.989,0.990969918286717,1,110.4,109.2,16.11,22.85,46.7,36.4,51.7,49.4,65.4,31.2,84.1,77,104.5,83.2,103.5,65.1,"High","High","High","High","High","High"
"Ag00001aa010843_T001",TRUE,"Master Protein","Ag00001aa010843_T001",11,2,2,328,NA,0.361,0.385960518498812,0.803233795938882,264.8,95.6,52.92,43.55,59.8,80.6,26.5,41.5,24.6,15.1,107.7,170.5,53.6,69.9,38.9,31.5,"High","High","High","High","High","High"
"Ag00001aa072345_T001",TRUE,"Master Protein","Ag00001aa072345_T001",5,3,3,694,NA,1.168,0.687587850374709,1,130,151.8,21.91,11.85,142.4,79.5,123.8,173.5,157.7,151.6,256.6,168.2,250.2,292.3,249.5,316.4,"High","High","High","High","High","High"
"Ag00001aa014161_T001",TRUE,"Master Protein","Ag00001aa014161_T001",2,2,4,772,NA,1.219,0.999090575104932,1,39.7,48.4,14.14,19.98,15.7,10.1,13.1,20.7,20.4,11.2,28.3,21.4,26.5,34.9,32.3,23.4,"High","High","High","High","High","High"
"Ag00001aa053405_T001",TRUE,"Master Protein","Ag00001aa053405_T001",8,2,2,305,NA,NA,NA,NA,NA,NA,NA,NA,NA,NA,NA,NA,NA,NA,NA,NA,NA,NA,NA,NA,"High","High","High","High","High","High"
"Ag00001aa001550_T001",TRUE,"Master Protein","Ag00001aa001550_T001",9,2,3,409,NA,0.785,0.823828157085983,1,33,25.9,11.51,20.4,37,25.2,28.5,36.5,28.6,20.5,66.7,53.3,57.6,61.5,45.2,42.8,"High","High","High","High","High","High"
"Ag00001aa022028_T001",TRUE,"Master Protein","Ag00001aa022028_T001",5,2,2,657,NA,0.634,0.138587899478853,0.389457813248991,173.6,110.1,15.05,14.05,26.1,21.4,29.3,17.7,23.2,13.6,47,45.3,59.2,29.8,36.7,28.4,"High","High","High","High","High","High"
"Ag00001aa043921_T002",TRUE,"Master Protein","Ag00001aa043921_T002",5,2,2,506,NA,0.717,0.0192317997281086,0.0939363070326224,120.8,86.5,19.51,5.94,67.9,75.8,55.2,51.1,60.7,42,122.3,160.4,111.6,86.1,96,87.7,"High","High","High","High","High","High"
"Ag00001aa077303_T001",TRUE,"Master Protein","Ag00001aa077303_T001",5,2,2,525,NA,0.708,0.154035733270149,0.419131933587588,160.2,113.4,17.1,10.75,99.7,62.1,89.1,75.5,66.8,61.8,179.6,131.4,180.1,127.2,105.7,129,"High","High","High","High","High","High"
"Ag00001aa016014_T001",TRUE,"Master Protein","Ag00001aa016014_T001",8,2,2,475,NA,0.823,0.811592830131414,1,86.9,71.5,7.02,16.17,39.6,32.2,30.7,33.3,28.9,30.4,71.3,68.1,62.1,56.1,45.7,63.4,"High","High","High","High","High","High"
"Ag00001aa139155_T001",TRUE,"Master Protein","Ag00001aa139155_T001",15,2,2,184,NA,0.649,0.757227016835329,1,59.8,38.8,25.61,34.47,29.8,26.5,16.7,30.1,16.1,16.7,53.7,56.1,33.8,50.7,25.5,34.9,"High","High","High","High","High","High"
"Ag00001aa003498_T001",TRUE,"Master Protein","Ag00001aa003498_T001",8,2,3,277,NA,0.91,0.89036656606173,1,93.1,84.8,4.68,13.52,57.8,45.4,47.6,52,47.2,47,104.1,96.1,96.2,87.6,74.7,98.1,"High","High","High","High","High","High"
"Ag00001aa042377_T001",TRUE,"Master Protein","Ag00001aa042377_T001",1,2,3,2365,NA,2.304,0.000289088699909068,0.00479754381484678,53.6,123.4,11.74,24.47,74.5,52.3,54.3,151.3,152.8,177.4,134.2,110.7,109.8,254.9,241.7,370.2,"High","High","High","High","High","High"
"Ag00001aa032409_T001",TRUE,"Master Protein","Ag00001aa032409_T001",5,2,3,571,NA,NA,NA,NA,NA,NA,NA,NA,NA,NA,NA,NA,NA,NA,NA,NA,NA,NA,NA,NA,"High","High","High","High","High","High"
"Ag00001aa006747_T001",TRUE,"Master Protein","Ag00001aa006747_T001",6,2,2,558,NA,0.751,0.280349675393454,0.637819009951937,108.3,81.4,30.02,14.41,29.4,14.4,17.4,17.4,16.7,10.5,53,30.5,35.2,29.3,26.4,21.9,"High","High","High","High","High","High"
"Ag00001aa071003_T001",TRUE,"Master Protein","Ag00001aa071003_T001",7,2,2,338,NA,0.792,0.280902819561541,0.637819009951937,98.4,77.9,23.41,10.84,21.2,14.8,24.6,19.1,16.4,14.5,38.2,31.3,49.7,32.2,25.9,30.3,"High","High","High","High","High","High"
"Ag00001aa089381_T001",TRUE,"Master Protein","Ag00001aa089381_T001",18,3,8,136,NA,1.043,0.999999999883959,1,84.4,88,11.8,18.82,161.1,111.3,144.5,183,136.4,145,290.3,235.5,292.1,308.3,215.8,302.6,"High","High","High","High","High","High"
"Ag00001aa009868_T004",TRUE,"Master Protein","Ag00001aa009868_T004",9,2,2,296,NA,NA,NA,NA,NA,NA,NA,NA,NA,NA,NA,NA,NA,NA,NA,NA,NA,NA,NA,NA,"High","High","High","High","High","High"
"Ag00001aa132359_T001",TRUE,"Master Protein","Ag00001aa132359_T001",6,2,3,400,NA,0.957,0.995015409586868,1,154.5,147.8,3.56,4.41,132,109.9,123.3,140.2,136.7,109,237.8,232.5,249.2,236.2,216.2,227.5,"High","High","High","High","High","High"
"Ag00001aa045219_T001",TRUE,"Master Protein","Ag00001aa045219_T001",7,3,4,478,NA,NA,NA,NA,NA,NA,NA,NA,NA,NA,NA,NA,NA,NA,NA,NA,NA,NA,NA,NA,"Not Found","Not Found","Not Found","Not Found","Not Found","Not Found"
"Ag00001aa079490_T002",TRUE,"Master Protein","Ag00001aa079490_T002",4,2,2,714,NA,0.642,0.000212884821731318,0.00389433815102663,155.4,99.7,9.7,7.09,98,89.9,105.7,64.8,79,58.5,176.6,190.2,213.7,109.2,125,122.1,"High","High","High","High","High","High"
"Ag00001aa001206_T001",TRUE,"Master Protein","Ag00001aa001206_T001",7,2,2,490,NA,1.012,0.999993478724462,1,45.9,46.4,19.83,9.01,18.3,17.6,12.3,19.8,21.6,13.8,33,37.2,24.9,33.4,34.2,28.8,"High","High","High","High","High","High"
"Ag00001aa145974_T001",TRUE,"Master Protein","Ag00001aa145974_T001",9,3,3,344,NA,1.27,NA,NA,26.3,33.4,28.29,NA,3.1,2,3.7,0,0,3.4,5.6,4.2,7.5,0,0,7.1,"High","High","High","High","High","High"
"Ag00001aa010234_T001",TRUE,"Master Protein","Ag00001aa010234_T001",7,2,3,415,NA,0.872,0.982119135162309,1,99.5,86.8,7.64,9.4,72.9,54.4,65.4,68,68.8,62.4,131.3,115.1,132.2,114.6,108.8,130.2,"High","High","High","High","High","High"
"Ag00001aa156366_T001",TRUE,"Master Protein","Ag00001aa156366_T001",16,2,2,192,NA,100,NA,NA,0,19.1,NA,NA,0,0,0,2.8,0,0,0,0,0,4.7,0,0,"High","High","High","High","High","High"
"Ag00001aa031526_T001",TRUE,"Master Protein","Ag00001aa031526_T001",7,3,4,470,NA,0.905,0.746214758722998,1,83,75.1,11.39,3.9,28.4,19.8,21.1,22.9,23.2,19,51.2,41.9,42.7,38.6,36.7,39.7,"High","High","High","High","High","High"
"Ag00001aa064895_T001",TRUE,"Master Protein","Ag00001aa064895_T001",49,3,4,80,NA,0.753,0.0923485128692952,0.288042286410955,178,134.1,21.98,14.49,155.9,181.5,127.1,125.6,130.7,127.6,280.9,384,256.9,211.6,206.8,266.3,"High","High","High","High","High","High"
"Ag00001aa022954_T002",TRUE,"Master Protein","Ag00001aa022954_T002",22,2,3,175,NA,0.862,0.843707930181907,1,67.4,58.1,19.36,12.49,50.8,62.1,49.8,51.5,64.7,38.6,91.5,131.4,100.7,86.8,102.3,80.6,"Not Found","Not Found","Not Found","High","Not Found","Not Found"
"Ag00001aa031277_T001",TRUE,"Master Protein","Ag00001aa031277_T001",5,2,2,619,NA,1.083,0.329899386632312,0.71738269640582,120.9,130.8,14.45,13.77,28.9,18.6,24.7,40.3,34,25.9,52.1,39.4,49.9,67.9,53.8,54.1,"High","High","High","High","High","High"
"Ag00001aa142506_T001",TRUE,"Master Protein","Ag00001aa142506_T001",10,3,4,358,NA,0.819,0.472904100689165,0.928300798034208,117.6,96.3,12.64,8.44,49.8,37.9,51,42.1,52.5,35.2,89.7,80.2,103.1,70.9,83.1,73.5,"High","High","High","High","High","High"
"Ag00001aa007447_T001",TRUE,"Master Protein","Ag00001aa007447_T001",11,3,4,306,NA,NA,NA,NA,NA,NA,NA,NA,NA,NA,NA,NA,NA,NA,NA,NA,NA,NA,NA,NA,"High","High","High","High","High","High"
"Ag00001aa058147_T001",TRUE,"Master Protein","Ag00001aa058147_T001",5,2,2,706,NA,NA,NA,NA,NA,NA,NA,NA,NA,NA,NA,NA,NA,NA,NA,NA,NA,NA,NA,NA,"High","High","High","High","High","High"
"Ag00001aa005647_T001",TRUE,"Master Protein","Ag00001aa005647_T001",5,2,3,376,NA,1.29,0.999146001854003,1,141.8,183,31.61,11.15,47.1,22.6,27,41.8,46.8,28.5,84.9,47.8,54.6,70.4,74,59.5,"High","High","High","High","High","High"
"Ag00001aa090489_T002",TRUE,"Master Protein","Ag00001aa090489_T002",9,2,3,396,NA,0.665,0.183392880306077,0.471660843221369,82.1,54.6,4.68,6.51,16.1,12.7,14.5,11.2,12.2,10.2,29,26.9,29.3,18.9,19.3,21.3,"High","High","High","High","High","High"
"Ag00001aa128197_T001",TRUE,"Master Protein","Ag00001aa128197_T001",36,2,2,84,NA,1.067,1,1,99.5,106.2,16.92,9.19,85.1,56.3,55.9,69,88.3,60.9,153.3,119.1,113,116.2,139.7,127.1,"High","High","High","High","High","High"
"Ag00001aa065297_T001",TRUE,"Master Protein","Ag00001aa065297_T001",7,2,2,355,NA,NA,NA,NA,NA,NA,NA,NA,NA,NA,NA,NA,NA,NA,NA,NA,NA,NA,NA,NA,"High","High","High","High","High","High"
"Ag00001aa009292_T001",TRUE,"Master Protein","Ag00001aa009292_T001",6,2,2,567,NA,NA,NA,NA,NA,NA,NA,NA,NA,NA,NA,NA,NA,NA,NA,NA,NA,NA,NA,NA,"High","High","High","High","High","High"
"Ag00001aa040975_T001",TRUE,"Master Protein","Ag00001aa040975_T001",13,3,4,299,NA,NA,NA,NA,NA,NA,NA,NA,NA,NA,NA,NA,NA,NA,NA,NA,NA,NA,NA,NA,"Not Found","Not Found","Not Found","Not Found","Not Found","Not Found"
"Ag00001aa009860_T001",TRUE,"Master Protein","Ag00001aa009860_T001",5,3,3,711,NA,0.778,0.189465369729721,0.482228493620665,118.3,92,13.35,13.35,69.5,45.7,52.3,56.4,52,34.9,125.2,96.7,105.7,95,82.3,72.8,"High","High","High","High","High","High"
"Ag00001aa022037_T001",TRUE,"Master Protein","Ag00001aa022037_T001",16,2,4,137,NA,1.065,0.987030135866878,1,123.4,131.4,11.77,4.37,110.1,74.2,86.2,114.1,117.3,84.4,198.4,157,174.2,192.2,185.6,176.1,"High","High","High","High","High","High"
"Ag00001aa090792_T003",TRUE,"Master Protein","Ag00001aa090792_T003",8,3,3,451,NA,0.59,0.000870766194640327,0.0101444687270024,116.2,68.5,4.04,9.03,49.8,44.5,43,31.4,33.8,21.7,89.7,94.1,86.9,52.9,53.5,45.3,"High","High","High","High","High","High"
"Ag00001aa141190_T001",TRUE,"Master Protein","Ag00001aa141190_T001",11,2,2,473,NA,NA,NA,NA,NA,NA,NA,NA,NA,NA,NA,NA,NA,NA,NA,NA,NA,NA,NA,NA,"Not Found","Not Found","Not Found","Not Found","Not Found","Not Found"
"Ag00001aa100439_T001",TRUE,"Master Protein","Ag00001aa100439_T001",6,2,3,529,NA,0.699,0.00932412875620825,0.0548223811132165,157.9,110.4,9.03,10.1,52,38.8,48.5,32.8,42.2,31.4,93.7,82.1,98,55.3,66.8,65.5,"High","High","High","High","High","High"
"Ag00001aa064700_T002",TRUE,"Master Protein","Ag00001aa064700_T002",10,2,2,286,NA,0.974,0.776246461385162,1,106.9,104.2,21.37,16.21,57.8,33.8,37.2,46.7,46.3,27.3,104.1,71.5,75.2,78.7,73.2,57,"High","High","High","High","High","High"
"Ag00001aa016305_T001",TRUE,"Master Protein","Ag00001aa016305_T001",13,2,2,252,NA,0.246,7.10408330204526e-05,0.00183459295327791,220.6,54.3,34.49,25.18,136.6,207.8,127.6,55.6,40.1,29.1,246.1,439.6,257.9,93.7,63.4,60.7,"High","High","High","High","High","High"
"Ag00001aa016477_T001",TRUE,"Master Protein","Ag00001aa016477_T001",8,2,2,327,NA,1.353,0.0297686953724159,0.127551073682708,80.2,108.5,12.28,8.81,49.4,43.9,36.2,68.4,86.1,57.7,89,92.9,73.2,115.2,136.2,120.4,"High","High","High","High","High","High"
"Ag00001aa030765_T002",TRUE,"Master Protein","Ag00001aa030765_T002",6,2,2,332,NA,0.814,0.468038928443576,0.922760620213489,167.3,136.2,4.01,10.46,74.3,63,61.6,68.3,68.6,44.8,133.9,133.3,124.5,115.1,108.5,93.5,"High","High","High","High","High","High"
"Ag00001aa086167_T001",TRUE,"Master Protein","Ag00001aa086167_T001",14,2,2,218,NA,NA,NA,NA,NA,NA,NA,NA,NA,NA,NA,NA,NA,NA,NA,NA,NA,NA,NA,NA,"High","High","High","High","High","High"
"Ag00001aa068355_T001",TRUE,"Master Protein","Ag00001aa068355_T001",10,2,2,316,NA,NA,NA,NA,NA,NA,NA,NA,NA,NA,NA,NA,NA,NA,NA,NA,NA,NA,NA,NA,"High","High","High","High","High","High"
"Ag00001aa050033_T001",TRUE,"Master Protein","Ag00001aa050033_T001",4,2,2,466,NA,0.328,0.0310361710255532,0.13091535408427,275.4,90.3,18.77,11.84,107.4,62.8,88.3,40.6,37,26.1,193.5,132.9,178.5,68.4,58.5,54.5,"High","High","High","High","High","High"
"Ag00001aa143255_T004",TRUE,"Master Protein","Ag00001aa143255_T004",5,2,3,334,NA,1.956,0.000116966267488805,0.00250805660484682,75.2,147.2,5.98,12.38,30.1,24.3,23.8,59.7,60.2,57.5,54.2,51.4,48.1,100.6,95.2,120,"High","High","High","High","High","High"
"Ag00001aa024956_T001",TRUE,"Master Protein","Ag00001aa024956_T001",5,2,2,721,NA,0.572,0.0362232909009333,0.147039911770206,184.4,105.4,18.7,14.91,51,32.7,49.9,36.1,33.2,21.6,91.9,69.2,100.9,60.8,52.5,45.1,"High","High","High","High","High","High"
"Ag00001aa057024_T001",TRUE,"Master Protein","Ag00001aa057024_T001",5,2,2,519,NA,1.081,0.995965209735308,1,90.8,98.1,17.6,2.06,60,36.4,42.8,55.5,60.6,44.1,108.1,77,86.5,93.5,95.9,92,"High","High","High","High","High","High"
"Ag00001aa069600_T002",TRUE,"Master Protein","Ag00001aa069600_T002",15,2,2,178,NA,1.437,0.651021309818691,1,107.3,154.1,15.98,20.07,12.4,9.2,8,13.7,21.8,13.4,22.3,19.5,16.2,23.1,34.5,28,"High","High","High","High","High","High"
"Ag00001aa098026_T002",TRUE,"Master Protein","Ag00001aa098026_T002",3,2,2,717,NA,NA,NA,NA,NA,NA,NA,NA,NA,NA,NA,NA,NA,NA,NA,NA,NA,NA,NA,NA,"High","High","High","High","High","High"
"Ag00001aa005748_T005",TRUE,"Master Protein","Ag00001aa005748_T005",5,2,3,504,NA,1.207,0.200546798807935,0.502076736367977,94.9,114.5,10.42,8.73,79.3,55.1,62.1,100,95.8,68,142.9,116.6,125.5,168.5,151.5,141.9,"High","High","High","High","High","High"
"Ag00001aa134055_T001",TRUE,"Master Protein","Ag00001aa134055_T001",18,3,3,152,NA,1.26,0.976443343828889,1,91.1,114.7,22.35,24.11,22.9,18.4,13.1,30.8,20.3,23.5,41.3,38.9,26.5,51.9,32.1,49,"High","High","High","High","High","High"
"Ag00001aa116233_T001",TRUE,"Master Protein","Ag00001aa116233_T001",2,3,3,1861,NA,1.42,0.616075283735451,1,64.8,92.1,38.42,4.48,54.5,22.3,30.1,51.3,54.7,38.3,98.2,47.2,60.8,86.4,86.5,79.9,"High","High","High","High","High","High"
"Ag00001aa007213_T006",TRUE,"Master Protein","Ag00001aa007213_T006",5,2,2,570,NA,NA,NA,NA,NA,NA,NA,NA,NA,NA,NA,NA,NA,NA,NA,NA,NA,NA,NA,NA,"High","High","High","High","High","High"
"Ag00001aa017234_T001",TRUE,"Master Protein","Ag00001aa017234_T001",11,2,2,177,NA,NA,NA,NA,NA,NA,NA,NA,NA,NA,NA,NA,NA,NA,NA,NA,NA,NA,NA,NA,"High","High","High","High","High","High"
"Ag00001aa100996_T001",TRUE,"Master Protein","Ag00001aa100996_T001",13,2,2,230,NA,NA,NA,NA,NA,NA,NA,NA,NA,NA,NA,NA,NA,NA,NA,NA,NA,NA,NA,NA,"High","High","High","High","High","High"
"Ag00001aa119043_T001",TRUE,"Master Protein","Ag00001aa119043_T001",7,2,2,347,NA,NA,NA,NA,NA,NA,NA,NA,NA,NA,NA,NA,NA,NA,NA,NA,NA,NA,NA,NA,"High","High","High","High","High","High"
"Ag00001aa094126_T001",TRUE,"Master Protein","Ag00001aa094126_T001",9,3,4,492,NA,0.876,0.184388954797735,0.473507339642189,78.6,68.9,16.52,12.04,69.4,77.3,61.1,66,56.2,52.5,125,163.5,123.5,111.2,88.9,109.6,"High","High","High","High","High","High"
"Ag00001aa089435_T001",TRUE,"Master Protein","Ag00001aa089435_T001",7,2,2,367,NA,0.822,0.505994830929303,0.969914981104212,153.9,126.5,17.88,13.61,69.6,47.3,71.2,61.2,71.5,41.2,125.4,100.1,143.9,103.1,113.1,86,"High","High","High","High","High","High"
"Ag00001aa121033_T001",TRUE,"Master Protein","Ag00001aa121033_T001",9,2,4,453,NA,0.877,0.983953381666887,1,140.9,123.6,13.34,13.68,95.7,92,73.6,105.4,95.6,65,172.4,194.6,148.8,177.6,151.2,135.7,"High","High","High","High","High","High"
"Ag00001aa073393_T001",TRUE,"Master Protein","Ag00001aa073393_T001",15,2,4,168,NA,1.257,0.956010522009314,1,88.7,111.5,40.46,39.7,87.3,36.7,43.2,61.7,69.4,96.8,157.3,77.6,87.3,103.9,109.8,202,"High","High","High","High","High","High"
"Ag00001aa099143_T001",TRUE,"Master Protein","Ag00001aa099143_T001",7,2,2,493,NA,0.789,0.0126572042470663,0.0688491831202812,152.2,120.1,19.56,8.18,121.6,93.2,141,90.6,109.3,85.7,219.1,197.2,285,152.6,172.9,178.9,"High","High","High","High","High","High"
"Ag00001aa139595_T001",TRUE,"Master Protein","Ag00001aa139595_T001",14,2,2,168,NA,1.577,0.059381022644624,0.206501611580278,75.7,119.4,17.1,13.73,37.6,35.8,26.5,63.4,79.6,46.1,67.7,75.7,53.6,106.8,125.9,96.2,"High","High","High","High","High","High"
"Ag00001aa065324_T001",TRUE,"Master Protein","Ag00001aa065324_T001",3,2,2,688,NA,0.878,0.797509769413663,1,163,143.1,3.14,13.89,27.4,23.6,25.9,26.6,21.8,21,49.4,49.9,52.4,44.8,34.5,43.8,"High","High","High","High","High","High"
"Ag00001aa091460_T004",TRUE,"Master Protein","Ag00001aa091460_T004",8,2,3,326,NA,1.502,0.00495787470252296,0.0351713992289694,95.9,144.1,1.7,8.42,76.6,64,66,114.5,128.6,108.8,138,135.4,133.4,192.9,203.4,227.1,"High","High","High","High","High","High"
"Ag00001aa007017_T001",TRUE,"Master Protein","Ag00001aa007017_T001",8,3,3,416,NA,0.617,0.234517703813994,0.565614083589028,147.2,90.8,5.68,5.9,139.8,117.8,112.2,85,97.2,77.2,251.9,249.2,226.8,143.2,153.8,161.1,"High","High","High","High","High","High"
"Ag00001aa010744_T003",TRUE,"Master Protein","Ag00001aa010744_T003",7,3,5,457,NA,0.256,0.0298810637470377,0.127642479475697,350.9,89.9,27.46,12.94,130.1,193.2,188.7,47.4,61.8,49.3,234.4,408.8,381.4,79.9,97.8,102.9,"High","High","High","High","High","High"
"Ag00001aa011971_T001",TRUE,"Master Protein","Ag00001aa011971_T001",6,2,3,258,NA,0.856,NA,NA,12.7,10.9,NA,35.75,4,0,0,3.2,3.9,4.9,7.2,0,0,5.4,6.2,10.2,"High","Not Found","Not Found","High","High","High"
"Ag00001aa032902_T001",TRUE,"Master Protein","Ag00001aa032902_T001",3,2,2,1076,NA,0.572,0.0560808219908672,0.199186778866683,155.1,88.7,27.11,8.08,32.2,20.2,36.8,18.4,23,15.9,58,42.7,74.4,31,36.4,33.2,"High","High","High","High","High","High"
"Ag00001aa107417_T001",TRUE,"Master Protein","Ag00001aa107417_T001",36,2,2,80,NA,0.884,0.999999986541262,1,33.3,29.4,12.91,14.35,15.2,10.6,14.3,18.1,15.3,11.4,27.4,22.4,28.9,30.5,24.2,23.8,"High","High","High","High","High","High"
"Ag00001aa064376_T001",TRUE,"Master Protein","Ag00001aa064376_T001",9,2,2,200,NA,NA,NA,NA,NA,NA,NA,NA,NA,NA,NA,NA,NA,NA,NA,NA,NA,NA,NA,NA,"Not Found","Not Found","Not Found","Not Found","Not Found","Not Found"
"Ag00001aa017635_T001",TRUE,"Master Protein","Ag00001aa017635_T001",9,3,3,374,NA,0.946,0.994945333087734,1,48.4,45.8,33.85,14.72,5.2,2.3,4.8,6.6,5.6,4.1,9.4,4.9,9.7,11.1,8.9,8.6,"High","High","High","High","High","High"
"Ag00001aa091054_T003",TRUE,"Master Protein","Ag00001aa091054_T003",5,2,2,657,NA,0.624,0.00240337500395926,0.0209152415459558,130.7,81.6,12.04,3.35,111.3,77.6,102.2,74.3,74.7,60.1,200.5,164.2,206.6,125.2,118.2,125.4,"High","High","High","High","High","High"
"Ag00001aa026466_T001",TRUE,"Master Protein","Ag00001aa026466_T001",11,2,2,251,NA,0.768,0.418512434623067,0.849426293569092,131.4,101,12.89,6.63,50.5,36.2,49.1,45.2,42.3,33.5,91,76.6,99.2,76.1,66.9,69.9,"High","High","High","High","High","High"
"Ag00001aa085259_T001",TRUE,"Master Protein","Ag00001aa085259_T001",1,2,2,1413,NA,1.099,0.749665034472343,1,109.5,120.3,11.87,13.64,52.6,35.8,45.8,70.3,64.3,43.3,94.8,75.7,92.6,118.4,101.7,90.4,"High","High","High","High","High","High"
"Ag00001aa094256_T001",TRUE,"Master Protein","Ag00001aa094256_T001",8,2,2,321,NA,0.873,0.68932067380098,1,125.3,109.4,5.29,7.07,144,127.4,142.4,139.7,146.5,126.1,259.4,269.5,287.8,235.3,231.7,263.2,"High","High","High","High","High","High"
"Ag00001aa101477_T001",TRUE,"Master Protein","Ag00001aa101477_T001",5,2,2,503,NA,0.914,0.999949036331665,1,133.5,121.9,31.48,10.35,17.2,18.8,10.2,15.1,17.9,15,31,39.8,20.6,25.4,28.3,31.3,"High","High","High","High","High","High"
"Ag00001aa059362_T001",TRUE,"Master Protein","Ag00001aa059362_T001",6,2,2,353,NA,NA,NA,NA,NA,NA,NA,NA,NA,NA,NA,NA,NA,NA,NA,NA,NA,NA,NA,NA,"High","High","High","High","High","High"
"Ag00001aa104248_T003",TRUE,"Master Protein","Ag00001aa104248_T003",7,2,2,395,NA,NA,NA,NA,NA,NA,NA,NA,NA,NA,NA,NA,NA,NA,NA,NA,NA,NA,NA,NA,"High","High","High","High","High","High"
"Ag00001aa016551_T001",TRUE,"Master Protein","Ag00001aa016551_T001",20,2,2,263,NA,2.667,0.0209656159030053,0.0998873517217737,53.1,141.5,12.29,48.75,7.6,5.1,6.5,20.8,38.6,11.1,13.7,10.8,13.1,35,61.1,23.2,"High","High","High","High","High","High"
"Ag00001aa067257_T002",TRUE,"Master Protein","Ag00001aa067257_T002",22,3,3,213,NA,1.042,0.968188275449592,1,76.1,79.3,6.84,12.3,34,26.6,26.5,41.7,35.4,28.1,61.3,56.3,53.6,70.3,56,58.6,"High","High","High","High","High","High"
"Ag00001aa008032_T001",TRUE,"Master Protein","Ag00001aa008032_T001",6,2,2,532,NA,0.881,0.999686697613778,1,60.5,53.3,32.19,20.85,8.7,4.5,9.3,8.2,12,6.3,15.7,9.5,18.8,13.8,19,13.1,"High","High","High","High","High","High"
"Ag00001aa067589_T001",TRUE,"Master Protein","Ag00001aa067589_T001",7,2,2,360,NA,1.46,0.27198083086158,0.626189035488904,66.7,97.4,4.56,5.16,21.5,17.7,17.5,29.9,35.1,26.2,38.7,37.4,35.4,50.4,55.5,54.7,"High","High","High","High","High","High"
"Ag00001aa105680_T002",TRUE,"Master Protein","Ag00001aa105680_T002",8,2,2,281,"Met-loss [N-Term]",0.927,0.993111048225929,1,109,101.1,6.8,12.45,83.2,62,71.5,92.4,77.1,64.2,149.9,131.2,144.5,155.7,122,134,"High","High","High","High","High","High"
"Ag00001aa069672_T001",TRUE,"Master Protein","Ag00001aa069672_T001",7,2,3,396,NA,0.865,0.724748944660573,1,147.6,127.7,11.24,9.3,42.6,30,38.8,39.4,36.2,32.8,76.8,63.5,78.4,66.4,57.3,68.5,"High","High","High","High","High","High"
"Ag00001aa105819_T001",TRUE,"Master Protein","Ag00001aa105819_T001",6,2,4,342,NA,1.026,0.954509085470903,1,102.2,104.8,13.47,17.02,31.1,21.5,21.8,27.7,22.5,23.9,56,45.5,44.1,46.7,35.6,49.9,"High","High","High","High","High","High"
"Ag00001aa090888_T002",TRUE,"Master Protein","Ag00001aa090888_T002",10,2,2,273,NA,1.075,0.999999982510087,1,160.4,172.5,13.57,24.95,26.5,18,18.8,24.3,20,25.1,47.7,38.1,38,40.9,31.6,52.4,"High","High","High","High","High","High"
"Ag00001aa013360_T001",TRUE,"Master Protein","Ag00001aa013360_T001",9,2,2,360,NA,2.012,0.348211500122558,0.748697277236521,10.4,20.9,29.63,17.92,3.8,4.2,6.1,12.3,11.3,6.9,6.8,8.9,12.3,20.7,17.9,14.4,"High","High","High","High","High","High"
"Ag00001aa004081_T001",TRUE,"Master Protein","Ag00001aa004081_T001",9,2,5,194,NA,0.894,0.92402158626817,1,167.8,150,22.11,17.08,43.6,28.4,46.7,44,44.4,25.4,78.6,60.1,94.4,74.1,70.2,53,"High","High","High","High","High","High"
"Ag00001aa009608_T002",TRUE,"Master Protein","Ag00001aa009608_T002",7,2,6,372,NA,NA,NA,NA,NA,NA,NA,NA,NA,NA,NA,NA,NA,NA,NA,NA,NA,NA,NA,NA,"High","High","High","High","High","High"
"Ag00001aa000427_T001",TRUE,"Master Protein","Ag00001aa000427_T001",7,2,7,383,NA,0.331,3.24571620158309e-06,0.00054524643927092,216.9,71.7,18.16,14.1,36.1,24.3,36.8,14.7,11.8,10.3,65,51.4,74.4,24.8,18.7,21.5,"Not Found","Not Found","Not Found","Not Found","Not Found","Not Found"
"Ag00001aa079224_T002",TRUE,"Master Protein","Ag00001aa079224_T002",4,3,3,1240,NA,0.994,0.992974007907652,1,115.3,114.6,21.28,21.6,18.1,10.2,15.6,18.6,23.4,11.4,32.6,21.6,31.5,31.3,37,23.8,"High","High","High","High","High","High"
"Ag00001aa079258_T002",TRUE,"Master Protein","Ag00001aa079258_T002",4,3,3,1006,NA,1.248,0.630019161357397,1,94.1,117.5,31.94,6.45,59.6,26,41.6,62.3,70.7,47.1,107.4,55,84.1,105,111.8,98.3,"High","High","High","High","High","High"
"Ag00001aa002657_T001",TRUE,"Master Protein","Ag00001aa002657_T001",9,2,3,330,NA,0.116,0.00107405175397757,0.0117487901419782,352.6,41,24.3,18.75,138,193.9,170.3,20.5,25.3,23.9,248.6,410.2,344.2,34.5,40,49.9,"High","High","High","High","High","High"
"Ag00001aa041830_T001",TRUE,"Master Protein","Ag00001aa041830_T001",20,2,3,203,NA,0.913,0.465151406659087,0.918968000756402,109.3,99.8,4.14,3.76,60.5,55.9,55.6,58.6,64.9,51,109,118.3,112.4,98.7,102.7,106.4,"High","High","High","High","High","High"
"Ag00001aa070723_T001",TRUE,"Master Protein","Ag00001aa070723_T001",6,2,2,470,NA,0.813,0.0472825292565533,0.176070358906297,136.5,111,6.57,4.47,188.6,142,152.7,152.6,148.9,120.2,339.8,300.4,308.7,257.1,235.5,250.9,"High","High","High","High","High","High"
"Ag00001aa008911_T001",TRUE,"Master Protein","Ag00001aa008911_T001",30,2,3,97,NA,0.749,0.184386593344479,0.473507339642189,87.9,65.8,25.86,5.69,78.8,110,83,74.6,77.5,65.4,142,232.7,167.8,125.7,122.6,136.5,"High","High","High","High","High","High"
"Ag00001aa017317_T001",TRUE,"Master Protein","Ag00001aa017317_T001",15,2,2,177,NA,0.801,0.163071079408807,0.433958049434892,141.8,113.7,10.6,13.31,112.3,112.3,96.9,112.5,92.2,77.7,202.3,237.6,195.9,189.5,145.9,162.2,"High","High","High","High","High","High"
"Ag00001aa092837_T001",TRUE,"Master Protein","Ag00001aa092837_T001",5,2,2,504,NA,NA,NA,NA,NA,NA,NA,NA,NA,NA,NA,NA,NA,NA,NA,NA,NA,NA,NA,NA,"High","High","High","High","High","High"
"Ag00001aa060619_T001",TRUE,"Master Protein","Ag00001aa060619_T001",8,2,2,332,NA,NA,NA,NA,NA,NA,NA,NA,NA,NA,NA,NA,NA,NA,NA,NA,NA,NA,NA,NA,"Not Found","Not Found","Not Found","Not Found","Not Found","Not Found"
"Ag00001aa028003_T001",TRUE,"Master Protein","Ag00001aa028003_T001",15,3,3,178,NA,0.642,0.0318380151691514,0.132975456381968,179.3,115.1,2.65,8.43,231.9,205.6,204.8,159.2,191.7,124.1,417.8,435,414,268.2,303.3,259,"High","High","High","High","High","High"
"Ag00001aa035976_T001",TRUE,"Master Protein","Ag00001aa035976_T001",22,2,2,168,NA,0.582,0.237259697504637,0.569978043713015,95.7,55.7,16.03,19.58,23.4,15.4,22.1,19.9,15.5,11.5,42.2,32.6,44.7,33.5,24.5,24,"High","High","High","High","High","High"
"Ag00001aa018035_T001",TRUE,"Master Protein","Ag00001aa018035_T001",3,2,2,636,NA,0.722,0.544219984694721,1,119.6,86.3,19.08,16.34,16.6,9.8,11.6,8.8,10.7,9.8,29.9,20.7,23.4,14.8,16.9,20.5,"High","High","High","High","High","High"
"Ag00001aa066365_T001",TRUE,"Master Protein","Ag00001aa066365_T001",5,2,2,361,NA,0.86,0.999956432863989,1,42.4,36.4,34.06,31.33,6.2,3.6,7.6,5.7,4.6,6.5,11.2,7.6,15.4,9.6,7.3,13.6,"High","High","High","High","High","High"
"Ag00001aa015457_T001",TRUE,"Master Protein","Ag00001aa015457_T001",10,2,3,340,NA,0.81,0.999991752946496,1,123,99.6,25.31,15.43,36.7,19.1,32,28.3,40.5,25.1,66.1,40.4,64.7,47.7,64.1,52.4,"High","High","High","High","High","High"
"Ag00001aa002730_T001",TRUE,"Master Protein","Ag00001aa002730_T001",6,2,3,258,NA,1.636,0.731069269503507,1,100.2,163.9,18.75,34.05,158.9,92.4,121.7,254.5,254.4,101.5,286.3,195.5,246,428.7,402.4,211.8,"High","High","High","High","High","High"
"Ag00001aa066611_T001",TRUE,"Master Protein","Ag00001aa066611_T001",10,2,2,383,NA,NA,NA,NA,NA,NA,NA,NA,NA,NA,NA,NA,NA,NA,NA,NA,NA,NA,NA,NA,"Not Found","Not Found","Not Found","Not Found","Not Found","Not Found"
"Ag00001aa030374_T001",TRUE,"Master Protein","Ag00001aa030374_T001",13,2,3,183,NA,NA,NA,NA,NA,NA,NA,NA,NA,NA,NA,NA,NA,NA,NA,NA,NA,NA,NA,NA,"High","High","High","High","High","High"
"Ag00001aa032775_T001",TRUE,"Master Protein","Ag00001aa032775_T001",9,2,2,405,NA,1.128,0.949222178341034,1,61,68.8,17.86,17.66,20.8,16.1,23.6,25.1,25.7,26.6,37.5,34.1,47.7,42.3,40.7,55.5,"High","High","High","High","High","High"
"Ag00001aa088568_T001",TRUE,"Master Protein","Ag00001aa088568_T001",10,3,3,320,NA,1.167,0.661477782051784,1,54.8,63.9,9.94,11.72,55.5,38.8,46.7,75.1,63.5,52.8,100,82.1,94.4,126.5,100.5,110.2,"High","High","High","High","High","High"
"Ag00001aa080471_T001",TRUE,"Master Protein","Ag00001aa080471_T001",13,2,2,198,NA,NA,NA,NA,NA,NA,NA,NA,NA,NA,NA,NA,NA,NA,NA,NA,NA,NA,NA,NA,"High","High","High","High","High","High"
"Ag00001aa010696_T001",TRUE,"Master Protein","Ag00001aa010696_T001",4,2,2,754,NA,NA,NA,NA,NA,NA,NA,NA,NA,NA,NA,NA,NA,NA,NA,NA,NA,NA,NA,NA,"High","High","High","High","High","High"
"Ag00001aa005548_T001",TRUE,"Master Protein","Ag00001aa005548_T001",10,2,2,292,NA,1.099,0.591421782555256,1,88.2,97,7.7,5.66,26.2,25.1,27.1,37.8,36.9,27.5,47.2,53.1,54.8,63.7,58.4,57.4,"High","High","High","High","High","High"
"Ag00001aa095737_T001",TRUE,"Master Protein","Ag00001aa095737_T001",4,2,2,575,NA,0.616,0.0922638367876382,0.287928883696012,165.9,102.2,22.13,17.35,22.3,29.8,28,20.7,19,20.3,40.2,63,56.6,34.9,30.1,42.4,"High","High","High","High","High","High"
"Ag00001aa077159_T001",TRUE,"Master Protein","Ag00001aa077159_T001",7,2,2,549,NA,0.741,0.00157565797544434,0.0153923702879883,111.5,82.6,3.94,7.7,55.2,47.8,53,44.5,44,38.9,99.5,101.1,107.1,75,69.6,81.2,"High","High","High","High","High","High"
"Ag00001aa013246_T001",TRUE,"Master Protein","Ag00001aa013246_T001",15,2,3,248,NA,1.065,0.999995758930294,1,23.8,25.4,16.09,5.25,18.6,12.1,12.7,17.2,16.5,13.1,33.5,25.6,25.7,29,26.1,27.3,"High","High","High","High","High","High"
"Ag00001aa069259_T001",TRUE,"Master Protein","Ag00001aa069259_T001",18,2,2,124,NA,0.602,0.00077077960581351,0.00933551965659086,141.7,85.4,8.54,7.13,104.8,82.8,102.7,73.9,71.9,51.9,188.8,175.2,207.6,124.5,113.7,108.3,"High","High","High","High","High","High"
"Ag00001aa152873_T001",TRUE,"Master Protein","Ag00001aa152873_T001",13,2,2,224,NA,NA,NA,NA,NA,NA,NA,NA,NA,NA,NA,NA,NA,NA,NA,NA,NA,NA,NA,NA,"High","High","High","High","High","High"
"Ag00001aa124113_T003",TRUE,"Master Protein","Ag00001aa124113_T003",11,2,3,385,NA,1.318,0.821237566797384,1,62.5,82.4,19.19,8.13,65.8,37.9,51.3,87.1,78.8,65.5,118.6,80.2,103.7,146.7,124.7,136.7,"High","High","High","High","High","High"
"Ag00001aa145180_T002",TRUE,"Master Protein","Ag00001aa145180_T002",3,2,2,907,NA,0.385,0.000293399961386998,0.00479754381484678,313.1,120.6,16.96,15.27,194.5,188.3,241.5,73.1,105.8,73.5,350.4,398.4,488.2,123.1,167.4,153.4,"High","High","High","High","High","High"
"Ag00001aa094965_T001",TRUE,"Master Protein","Ag00001aa094965_T001",5,2,2,384,NA,1.208,0.83669771938304,1,41.9,50.6,19.97,5.76,12.7,7.2,10,14.6,14,11.7,22.9,15.2,20.2,24.6,22.1,24.4,"High","High","High","High","High","High"
"Ag00001aa001723_T001",TRUE,"Master Protein","Ag00001aa001723_T001",12,2,4,148,NA,0.542,2.00764862119396e-05,0.00076322667519584,170.2,92.2,3.57,1.71,130.1,114.2,111.3,77.3,80.3,60.4,234.4,241.6,225,130.2,127,126.1,"High","High","High","High","High","High"
"Ag00001aa024173_T001",TRUE,"Master Protein","Ag00001aa024173_T001",6,2,2,534,NA,0.771,0.936460190302597,1,130.9,100.9,31.7,13.77,22.7,13.3,26.8,17.8,24.4,15.1,40.9,28.1,54.2,30,38.6,31.5,"High","High","High","High","High","High"
"Ag00001aa115087_T001",TRUE,"Master Protein","Ag00001aa115087_T001",4,2,2,656,NA,0.549,0.235594416658357,0.567120633757686,223.6,122.7,20.7,28.38,59.3,44.2,68.8,34.8,31.1,40.4,106.8,93.5,139.1,58.6,49.2,84.3,"High","High","High","High","High","High"
"Ag00001aa054004_T001",TRUE,"Master Protein","Ag00001aa054004_T001",13,2,3,197,NA,0.994,0.996974812451175,1,107.7,107.1,7.89,3.95,119.6,116,123.6,153.6,151.9,116.9,215.5,245.4,249.8,258.8,240.3,244,"High","High","High","High","High","High"
"Ag00001aa087323_T002",TRUE,"Master Protein","Ag00001aa087323_T002",10,2,2,362,NA,0.427,0.128702536244581,0.370949655855603,172.5,73.6,37.07,18.66,35.6,62,41.4,21.2,28,14.7,64.1,131.2,83.7,35.7,44.3,30.7,"High","High","High","High","High","High"
"Ag00001aa042002_T002",TRUE,"Master Protein","Ag00001aa042002_T002",3,2,3,776,NA,1.364,0.600676831585615,1,95.7,130.6,9.35,10.38,18,18.3,18.7,32.6,32.6,21.4,32.4,38.7,37.8,54.9,51.6,44.7,"High","High","High","High","High","High"
"Ag00001aa141746_T001",TRUE,"Master Protein","Ag00001aa141746_T001",4,2,2,610,NA,NA,NA,NA,NA,NA,NA,NA,NA,NA,NA,NA,NA,NA,NA,NA,NA,NA,NA,NA,"High","High","High","High","High","High"
"Ag00001aa034216_T001",TRUE,"Master Protein","Ag00001aa034216_T001",16,2,2,176,NA,0.659,0.02443602129247,0.112140354934023,132.8,87.5,13.18,10.08,58.4,38.7,50.6,45.5,42.6,30.2,105.2,81.9,102.3,76.7,67.4,63,"High","High","High","High","High","High"
"Ag00001aa052150_T001",TRUE,"Master Protein","Ag00001aa052150_T001",6,2,2,541,NA,0.627,0.17113480512909,0.448605434406356,175.7,110.1,28.35,13.37,173,198.2,117.4,116,98.4,96.1,311.7,419.3,237.3,195.4,155.7,200.6,"High","High","High","High","High","High"
"Ag00001aa040693_T001",TRUE,"Master Protein","Ag00001aa040693_T001",16,2,2,148,NA,1.215,0.254113800528136,0.59740177033126,114.9,139.5,15.72,18.81,70,80.9,69.7,100.9,108.2,111.6,126.1,171.2,140.9,170,171.2,232.9,"High","High","High","High","High","High"
"Ag00001aa064743_T002",TRUE,"Master Protein","Ag00001aa064743_T002",8,2,3,358,NA,0.307,0.0191994485401895,0.0939363070326224,120.1,36.8,40.04,8.56,106.3,37.9,83.2,32.8,32.6,22.3,191.5,80.2,168.2,55.3,51.6,46.5,"High","High","High","High","High","High"
"Ag00001aa095228_T001",TRUE,"Master Protein","Ag00001aa095228_T001",6,2,2,515,NA,1.319,0.162573918778897,0.433263855994387,88.5,116.7,14,17.13,55.7,36,42.2,77.7,58.5,53.9,100.4,76.2,85.3,130.9,92.5,112.5,"High","High","High","High","High","High"
"Ag00001aa110868_T001",TRUE,"Master Protein","Ag00001aa110868_T001",17,2,3,86,NA,0.714,0.0473600899121561,0.176246964879725,174.7,124.7,7.59,6.01,288.3,277.6,254.1,220.1,211,178,519.4,587.3,513.6,370.8,333.8,371.5,"High","High","High","High","High","High"
"Ag00001aa096191_T001",TRUE,"Master Protein","Ag00001aa096191_T001",6,2,2,356,NA,1.604,0.0591282645983264,0.205746661158832,149,239.1,15.76,14.11,99.5,95.7,72.8,170.7,185.1,107.7,179.3,202.5,147.2,287.6,292.8,224.8,"High","High","High","High","High","High"
"Ag00001aa036598_T001",TRUE,"Master Protein","Ag00001aa036598_T001",8,3,3,306,NA,NA,NA,NA,NA,NA,NA,NA,NA,NA,NA,NA,NA,NA,NA,NA,NA,NA,NA,NA,"High","High","High","High","High","High"
"Ag00001aa010417_T001",TRUE,"Master Protein","Ag00001aa010417_T001",9,2,2,213,NA,0.785,0.369516562622586,0.779975488909148,204.3,160.4,14.27,4.45,214.4,170.8,233.5,177.5,191.8,155.6,386.3,361.4,472,299,303.4,324.7,"High","High","High","High","High","High"
"Ag00001aa140999_T001",TRUE,"Master Protein","Ag00001aa140999_T001",2,3,3,1850,NA,0.823,0.912077335666136,1,110.6,91,18.82,4.83,74.3,46.7,71.1,70.3,68.4,52.8,133.9,98.8,143.7,118.4,108.2,110.2,"High","High","High","High","High","High"
"Ag00001aa157053_T002",TRUE,"Master Protein","Ag00001aa157053_T002",12,2,3,227,NA,0.69,0.0162552471945374,0.0826140878739859,182.9,126.2,10.16,13.14,109.5,78.8,82,57.7,72.7,60.7,197.3,166.7,165.8,97.2,115,126.7,"High","High","High","High","High","High"
"Ag00001aa032468_T001",TRUE,"Master Protein","Ag00001aa032468_T001",9,2,2,226,NA,3.001,0.00245713663168901,0.0211342208828038,73.2,219.5,19.64,19.78,47.4,30,29.8,99,120.4,117,85.4,63.5,60.2,166.8,190.5,244.2,"High","High","High","High","High","High"
"Ag00001aa055677_T001",TRUE,"Master Protein","Ag00001aa055677_T001",21,2,4,112,NA,0.781,0.414806744135322,0.844999021725453,206.8,161.5,26.59,13.47,57.6,76,51.7,39.2,51.6,41.2,103.8,160.8,104.5,66,81.6,86,"High","High","High","High","High","High"
"Ag00001aa044986_T001",TRUE,"Master Protein","Ag00001aa044986_T001",10,3,4,345,NA,0.803,0.999128845988743,1,43.2,34.7,3.23,79.5,0,3.6,3.6,6.7,2,0,0,7.6,7.3,11.3,3.2,0,"High","High","High","High","High","High"
"Ag00001aa046717_T001",TRUE,"Master Protein","Ag00001aa046717_T001",36,2,2,61,NA,NA,NA,NA,NA,NA,NA,NA,NA,NA,NA,NA,NA,NA,NA,NA,NA,NA,NA,NA,"High","High","High","High","High","High"
"Ag00001aa123525_T001",TRUE,"Master Protein","Ag00001aa123525_T001",23,3,4,236,NA,NA,NA,NA,NA,NA,NA,NA,NA,NA,NA,NA,NA,NA,NA,NA,NA,NA,NA,NA,"High","High","High","High","High","High"
"Ag00001aa009823_T001",TRUE,"Master Protein","Ag00001aa009823_T001",5,2,2,473,NA,2.077,2.49766731230672e-06,0.000476920068826836,70.3,146.1,4.66,15.26,68.1,54.4,62.4,142.3,161.1,152.2,122.7,115.1,126.1,239.7,254.8,317.6,"High","High","High","High","High","High"
"Ag00001aa042052_T001",TRUE,"Master Protein","Ag00001aa042052_T001",5,2,2,524,NA,1.344,0.165785273255584,0.437275398176398,57.9,77.8,7.76,1.89,9.7,7.7,7.4,13,13.4,10.5,17.5,16.3,15,21.9,21.2,21.9,"High","High","High","High","High","High"
"Ag00001aa079508_T002",TRUE,"Master Protein","Ag00001aa079508_T002",4,2,2,229,NA,0.581,0.000629179177520256,0.00802413851009782,71.1,41.3,7.87,10.55,31.9,27.7,25,20.7,21.1,13.6,57.5,58.6,50.5,34.9,33.4,28.4,"High","High","High","High","High","High"
"Ag00001aa004564_T002",TRUE,"Master Protein","Ag00001aa004564_T002",5,3,3,608,NA,1.73,0.379312634306137,0.79302657234638,83.5,144.4,27.29,12.6,88.6,47.2,51.9,121.6,114.7,76.2,159.6,99.9,104.9,204.9,181.4,159,"High","High","High","High","High","High"
"Ag00001aa096337_T001",TRUE,"Master Protein","Ag00001aa096337_T001",7,2,4,294,NA,1.045,0.999994993531075,1,98.7,103.2,21.7,11.13,67.9,79.9,56.8,75.9,80,73.5,122.3,169,114.8,127.9,126.6,153.4,"High","High","High","High","High","High"
"Ag00001aa106210_T001",TRUE,"Master Protein","Ag00001aa106210_T001",14,2,2,221,NA,NA,NA,NA,NA,NA,NA,NA,NA,NA,NA,NA,NA,NA,NA,NA,NA,NA,NA,NA,"High","High","High","High","High","High"
"Ag00001aa090582_T002",TRUE,"Master Protein","Ag00001aa090582_T002",11,2,2,269,NA,0.803,NA,NA,44.5,35.7,NA,19.03,4.7,0,0,4.9,4.3,2.7,8.5,0,0,8.3,6.8,5.6,"High","High","High","High","High","High"
"Ag00001aa042471_T002",TRUE,"Master Protein","Ag00001aa042471_T002",4,2,3,548,NA,1.698,0.000397074252489582,0.005990292330596,78.3,133,8.17,12.12,49.6,43.8,39.1,84.6,95.9,85.9,89.4,92.7,79,142.5,151.7,179.3,"High","High","High","High","High","High"
"Ag00001aa109740_T001",TRUE,"Master Protein","Ag00001aa109740_T001",5,2,3,375,NA,1.212,0.452285405426154,0.899063874884315,81,98.1,15.06,7.94,172.4,169.7,131.2,223.4,234.2,204.6,310.6,359,265.2,376.4,370.5,427,"High","High","High","High","High","High"
"Ag00001aa003117_T001",TRUE,"Master Protein","Ag00001aa003117_T001",7,2,2,432,NA,1.252,0.526624739843901,0.993087602762597,87.3,109.3,7.6,19.79,14.7,12.4,11.4,19.5,24.1,12.2,26.5,26.2,23,32.9,38.1,25.5,"High","High","High","High","High","High"
"Ag00001aa004140_T001",TRUE,"Master Protein","Ag00001aa004140_T001",8,2,2,265,NA,0.444,0.0317892455347913,0.132795032696685,271.9,120.8,15.14,14.57,61.4,68,55.9,29.8,24.9,25,110.6,143.9,113,50.2,39.4,52.2,"High","High","High","High","High","High"
"Ag00001aa082267_T002",TRUE,"Master Protein","Ag00001aa082267_T002",8,2,2,343,NA,0.941,0.925944578066732,1,37.3,35.1,32.02,13.43,15.6,13.1,23.2,15.7,20.3,12,28.1,27.7,46.9,26.4,32.1,25,"High","High","High","High","High","High"
"Ag00001aa017553_T001",TRUE,"Master Protein","Ag00001aa017553_T001",7,2,2,323,NA,NA,NA,NA,NA,NA,NA,NA,NA,NA,NA,NA,NA,NA,NA,NA,NA,NA,NA,NA,"High","High","High","High","High","High"
"Ag00001aa091254_T001",TRUE,"Master Protein","Ag00001aa091254_T001",4,2,3,820,"Met-loss [N-Term]",0.54,0.0055765132602954,0.0384397988832247,189.4,102.2,23.61,2.51,194.3,149.2,241,112.2,124.4,90.1,350.1,315.7,487.2,189,196.8,188,"High","High","High","High","High","High"
"Ag00001aa100639_T002",TRUE,"Master Protein","Ag00001aa100639_T002",3,2,2,583,NA,0.809,0.766484819283373,1,153.7,124.4,18.59,10.71,25.7,29.1,33.3,31.6,31.5,20.6,46.3,61.6,67.3,53.2,49.8,43,"High","High","High","High","High","High"
"Ag00001aa036142_T002",TRUE,"Master Protein","Ag00001aa036142_T002",9,2,4,254,NA,NA,NA,NA,NA,NA,NA,NA,NA,NA,NA,NA,NA,NA,NA,NA,NA,NA,NA,NA,"Not Found","Not Found","High","High","High","Not Found"
"Ag00001aa083500_T002",TRUE,"Master Protein","Ag00001aa083500_T002",9,2,2,332,NA,NA,NA,NA,NA,NA,NA,NA,NA,NA,NA,NA,NA,NA,NA,NA,NA,NA,NA,NA,"High","High","High","High","High","High"
"Ag00001aa082203_T001",TRUE,"Master Protein","Ag00001aa082203_T001",6,2,2,307,NA,1.263,0.92559168607241,1,75.4,95.3,21.41,18.04,25.1,13.8,19.7,34.5,31.8,19.3,45.2,29.2,39.8,58.1,50.3,40.3,"High","High","High","High","High","High"
"Ag00001aa098798_T001",TRUE,"Master Protein","Ag00001aa098798_T001",9,2,2,259,NA,1.314,0.0506440519333097,0.184410048689914,112.2,147.4,19.81,12.49,49.7,28.8,42.6,62.6,84.6,54.2,89.5,60.9,86.1,105.5,133.8,113.1,"High","High","High","High","High","High"
"Ag00001aa071426_T001",TRUE,"Master Protein","Ag00001aa071426_T001",5,2,2,448,NA,0.86,0.969074834947322,1,152.1,130.8,16.65,16.98,31.4,33.5,25.6,34.2,25.9,23.3,56.6,70.9,51.7,57.6,41,48.6,"High","High","High","High","High","High"
"Ag00001aa100208_T002",TRUE,"Master Protein","Ag00001aa100208_T002",6,2,2,406,NA,1.045,0.972621829054203,1,122,127.5,2.05,10.27,81.9,67.4,73.2,107.5,97.5,72.2,147.6,142.6,148,181.1,154.2,150.7,"High","High","High","High","High","High"
"Ag00001aa043260_T001",TRUE,"Master Protein","Ag00001aa043260_T001",5,2,2,539,NA,NA,NA,NA,NA,NA,NA,NA,NA,NA,NA,NA,NA,NA,NA,NA,NA,NA,NA,NA,"High","High","High","High","High","High"
"Ag00001aa067360_T003",TRUE,"Master Protein","Ag00001aa067360_T003",3,2,2,731,NA,0.641,0.0135651446076132,0.0720451842395426,186.3,119.4,11.58,3.15,238.8,255.7,234.4,178.9,201.8,145.5,430.3,541,473.8,301.4,319.2,303.7,"High","High","High","High","High","High"
"Ag00001aa005993_T001",TRUE,"Master Protein","Ag00001aa005993_T001",3,2,2,702,NA,NA,NA,NA,NA,NA,NA,NA,NA,NA,NA,NA,NA,NA,NA,NA,NA,NA,NA,NA,"High","High","High","High","High","High"
"Ag00001aa033434_T001",TRUE,"Master Protein","Ag00001aa033434_T001",6,2,3,563,NA,0.58,0.124479291481687,0.362281854915445,145.8,84.6,16.88,26.28,99.1,60.2,74.2,47.7,55,61.4,178.6,127.4,150,80.4,87,128.1,"High","High","High","High","High","High"
"Ag00001aa009859_T001",TRUE,"Master Protein","Ag00001aa009859_T001",3,3,3,1477,NA,0.882,0.999597342294394,1,128.2,113.1,23.81,7.14,43.7,23.4,37.8,40,48.1,32.3,78.7,49.5,76.4,67.4,76.1,67.4,"High","High","High","High","High","High"
"Ag00001aa021817_T002",TRUE,"Master Protein","Ag00001aa021817_T002",5,2,2,520,NA,0.789,0.392571872308139,0.814602868315207,120.7,95.3,10.92,2.61,35.3,34.5,29.2,29.8,31.6,25.1,63.6,73,59,50.2,50,52.4,"High","High","High","High","High","High"
"Ag00001aa026700_T001",TRUE,"Master Protein","Ag00001aa026700_T001",3,2,2,1054,NA,0.979,0.975564933360003,1,118,115.6,21.52,11.05,10.9,6.2,9.7,11.4,11.6,10.8,19.6,13.1,19.6,19.2,18.4,22.5,"High","High","High","High","High","High"
"Ag00001aa118638_T002",TRUE,"Master Protein","Ag00001aa118638_T002",3,2,2,928,NA,0.647,0.67471353644039,1,193.7,125.4,9.47,7.25,85.6,63.4,64,58.3,54.9,41.6,154.2,134.1,129.4,98.2,86.8,86.8,"High","High","High","High","High","High"
"Ag00001aa014580_T002",TRUE,"Master Protein","Ag00001aa014580_T002",9,2,2,266,NA,0.499,0.0272672860186766,0.11965824525703,141,70.4,22.93,16.46,44.4,25.6,42.4,23.7,20.9,22.1,80,54.2,85.7,39.9,33.1,46.1,"High","High","High","High","High","High"
"Ag00001aa012639_T001",TRUE,"Master Protein","Ag00001aa012639_T001",19,2,2,115,NA,1.602,0.00283458701656547,0.0237487578653267,75.4,120.7,6.91,10.21,64.3,62.3,58.9,113.2,127,78.7,115.9,131.8,119.1,190.7,200.9,164.3,"High","High","High","High","High","High"
"Ag00001aa075953_T002",TRUE,"Master Protein","Ag00001aa075953_T002",4,2,3,586,NA,0.632,0.00336083362911332,0.0264385578823581,176.3,111.4,4.73,4.43,171.3,140.2,161.2,110.9,123.3,97.8,308.6,296.6,325.8,186.8,195,204.1,"High","High","High","High","High","High"
"Ag00001aa113972_T001",TRUE,"Master Protein","Ag00001aa113972_T001",7,2,3,326,NA,1.184,0.390029880053198,0.810598327748542,111.5,132,7.14,13.04,39.4,31.9,38.4,49.9,47.1,46.3,71,67.5,77.6,84.1,74.5,96.6,"High","High","High","High","High","High"
"Ag00001aa101708_T001",TRUE,"Master Protein","Ag00001aa101708_T001",3,2,2,632,NA,0.442,0.00980069237942816,0.0570892726187804,206.8,91.4,16.93,18.51,25.8,20.6,29.4,12.2,9.6,10.5,46.5,43.6,59.4,20.6,15.2,21.9,"High","High","High","High","High","High"
"Ag00001aa090042_T001",TRUE,"Master Protein","Ag00001aa090042_T001",11,2,3,149,NA,1.041,0.87102485818295,1,139.6,145.3,43.43,6.72,118.5,198.9,102.2,123.2,150.1,106.5,213.5,420.8,206.6,207.6,237.4,222.3,"High","High","High","High","High","High"
"Ag00001aa091215_T002",TRUE,"Master Protein","Ag00001aa091215_T002",13,2,2,247,NA,1.003,0.999143645040678,1,28.3,28.4,20.49,12.03,4.1,4.2,2.9,4.4,3.8,3.6,7.4,8.9,5.9,7.4,6,7.5,"High","High","High","High","High","High"
"Ag00001aa129063_T003",TRUE,"Master Protein","Ag00001aa129063_T003",6,2,3,518,NA,0.73,0.0162844571872091,0.0826216095177341,117.5,85.8,12.38,10,42.4,36.9,47,34.4,30.4,27.3,76.4,78.1,95,58,48.1,57,"High","High","High","High","High","High"
"Ag00001aa149258_T001",TRUE,"Master Protein","Ag00001aa149258_T001",12,2,3,208,NA,NA,NA,NA,NA,NA,NA,NA,NA,NA,NA,NA,NA,NA,NA,NA,NA,NA,NA,NA,"High","High","High","High","High","High"
"Ag00001aa088166_T001",TRUE,"Master Protein","Ag00001aa088166_T001",10,2,2,323,NA,1.012,0.992887891142824,1,93.5,94.6,3.88,14.79,52.5,43,43.3,52.9,58.2,55.5,94.6,91,87.5,89.1,92.1,115.8,"High","High","High","High","High","High"
"Ag00001aa100894_T001",TRUE,"Master Protein","Ag00001aa100894_T001",15,2,3,145,NA,NA,NA,NA,NA,NA,NA,NA,NA,NA,NA,NA,NA,NA,NA,NA,NA,NA,NA,NA,"High","High","High","High","High","High"
"Ag00001aa009225_T001",TRUE,"Master Protein","Ag00001aa009225_T001",5,2,2,340,NA,NA,NA,NA,NA,NA,NA,NA,NA,NA,NA,NA,NA,NA,NA,NA,NA,NA,NA,NA,"High","High","High","High","High","High"
"Ag00001aa152237_T001",TRUE,"Master Protein","Ag00001aa152237_T001",2,2,5,908,NA,NA,NA,NA,NA,NA,NA,NA,NA,NA,NA,NA,NA,NA,NA,NA,NA,NA,NA,NA,"High","High","Not Found","High","High","High"
"Ag00001aa127144_T001",TRUE,"Master Protein","Ag00001aa127144_T001",5,2,2,642,NA,0.782,0.263238514883649,0.612211263612709,169.9,132.8,9.11,7.44,32.1,32.8,32.2,30.2,28.2,24.4,57.8,69.4,65.1,50.9,44.6,50.9,"High","High","High","High","High","High"
"Ag00001aa031275_T001",TRUE,"Master Protein","Ag00001aa031275_T001",20,3,3,163,NA,0.842,0.319371011194224,0.703105885547752,165.3,139.1,12.24,3.89,128.8,123.9,146.7,135.4,133.4,105.7,232.1,262.1,296.5,228.1,211,220.6,"High","High","High","High","High","High"
"Ag00001aa112390_T001",TRUE,"Master Protein","Ag00001aa112390_T001",21,2,4,135,NA,0.768,0.783264635502759,1,135,103.7,9.44,32.36,34.4,35.4,34.5,31.8,40,15.3,62,74.9,69.7,53.6,63.3,31.9,"High","High","High","High","High","High"
"Ag00001aa029384_T001",TRUE,"Master Protein","Ag00001aa029384_T001",5,2,2,454,NA,0.624,0.0251358560385403,0.1138605060438,174.4,108.9,14.82,9.05,39.9,36.6,47,28.7,32.2,20.4,71.9,77.4,95,48.3,50.9,42.6,"High","High","High","High","High","High"
"Ag00001aa085599_T001",TRUE,"Master Protein","Ag00001aa085599_T001",2,2,2,903,NA,NA,NA,NA,NA,NA,NA,NA,NA,NA,NA,NA,NA,NA,NA,NA,NA,NA,NA,NA,"High","High","High","High","High","High"
"Ag00001aa043504_T001",TRUE,"Master Protein","Ag00001aa043504_T001",10,2,3,203,NA,NA,NA,NA,NA,NA,NA,NA,NA,NA,NA,NA,NA,NA,NA,NA,NA,NA,NA,NA,"High","High","High","High","High","High"
"Ag00001aa044595_T001",TRUE,"Master Protein","Ag00001aa044595_T001",5,2,2,449,NA,1.329,0.0893174668877634,0.281349430518928,117.8,156.5,12.73,3.17,46.3,30.5,37.3,62.1,62.2,48,83.4,64.5,75.4,104.6,98.4,100.2,"High","High","High","High","High","High"
"Ag00001aa051538_T001",TRUE,"Master Protein","Ag00001aa051538_T001",9,2,2,417,NA,1.244,0.505504354734023,0.969286606020446,92.6,115.2,13.57,7.45,27.8,20.1,19,31.4,37.4,24.7,50.1,42.5,38.4,52.9,59.2,51.6,"High","High","High","High","High","High"
"Ag00001aa032840_T001",TRUE,"Master Protein","Ag00001aa032840_T001",4,2,4,557,NA,NA,NA,NA,NA,NA,NA,NA,NA,NA,NA,NA,NA,NA,NA,NA,NA,NA,NA,NA,"High","Not Found","High","High","High","Not Found"
"Ag00001aa122874_T002",TRUE,"Master Protein","Ag00001aa122874_T002",6,2,2,448,NA,NA,NA,NA,NA,NA,NA,NA,NA,NA,NA,NA,NA,NA,NA,NA,NA,NA,NA,NA,"High","High","High","High","High","High"
"Ag00001aa146756_T001",TRUE,"Master Protein","Ag00001aa146756_T001",11,2,2,210,NA,0.92,0.987936112647934,1,48.7,44.9,14.63,20.47,7.3,4.8,6.6,9.9,7.4,5.8,13.2,10.2,13.3,16.7,11.7,12.1,"High","High","High","High","High","High"
"Ag00001aa113885_T001",TRUE,"Master Protein","Ag00001aa113885_T001",10,2,2,346,NA,1.967,0.315556857970566,0.697414303809589,19.2,37.8,21.33,11.22,7.2,4.6,4.3,13.5,12.1,8.9,13,9.7,8.7,22.7,19.1,18.6,"High","High","High","High","High","High"
"Ag00001aa007429_T001",TRUE,"Master Protein","Ag00001aa007429_T001",4,3,3,889,NA,0.29,0.0116814110068257,0.0650712028802921,299.3,86.9,31.27,36.55,37.2,22.4,44.5,11.8,12.3,4.5,67,47.4,90,19.9,19.5,9.4,"High","High","High","High","High","High"
"Ag00001aa124422_T002",TRUE,"Master Protein","Ag00001aa124422_T002",4,3,3,759,NA,1.331,0.44347952473364,0.886066886131689,85.2,113.4,10.83,14.31,44,31.2,32.7,58.4,55.6,35.3,79.3,66,66.1,98.4,88,73.7,"High","High","High","High","High","High"
"Ag00001aa108774_T001",TRUE,"Master Protein","Ag00001aa108774_T001",14,2,2,177,NA,NA,NA,NA,NA,NA,NA,NA,NA,NA,NA,NA,NA,NA,NA,NA,NA,NA,NA,NA,"High","High","High","High","High","High"
"Ag00001aa023453_T002",TRUE,"Master Protein","Ag00001aa023453_T002",1,2,2,2057,NA,0.832,0.989110518738633,1,109.3,90.9,8.78,17.39,35,31,36.8,32.4,28.4,30.6,63.1,65.6,74.4,54.6,44.9,63.9,"High","High","High","High","High","High"
"Ag00001aa129051_T001",TRUE,"Master Protein","Ag00001aa129051_T001",22,3,3,315,NA,0.42,0.0317437421604087,0.132791126383907,155.7,65.4,11.25,11.28,43.2,31.2,40.8,19.4,23,13.9,77.8,66,82.5,32.7,36.4,29,"High","High","High","High","High","High"
"Ag00001aa041329_T003",TRUE,"Master Protein","Ag00001aa041329_T003",10,2,2,313,NA,0.69,0.022417101773277,0.105557889740781,165.8,114.4,10.47,1.46,131.4,134.9,119.8,101.6,105.6,79.9,236.7,285.4,242.2,171.2,167,166.8,"High","High","High","High","High","High"
"Ag00001aa088663_T001",TRUE,"Master Protein","Ag00001aa088663_T001",5,2,2,494,NA,0.509,0.00107551015647744,0.0117487901419782,151.3,77,2.67,17.29,45.5,37.4,38.5,23.9,31.8,17.3,82,79.1,77.8,40.3,50.3,36.1,"High","High","High","High","High","High"
"Ag00001aa016144_T003",TRUE,"Master Protein","Ag00001aa016144_T003",3,2,2,1056,NA,NA,NA,NA,NA,NA,NA,NA,NA,NA,NA,NA,NA,NA,NA,NA,NA,NA,NA,NA,"High","Not Found","High","Not Found","High","Not Found"
"Ag00001aa151848_T001",TRUE,"Master Protein","Ag00001aa151848_T001",12,2,4,153,"Met-loss+Acetyl [N-Term]",NA,NA,NA,NA,NA,NA,NA,NA,NA,NA,NA,NA,NA,NA,NA,NA,NA,NA,NA,"High","High","High","High","High","High"
"Ag00001aa129172_T002",TRUE,"Master Protein","Ag00001aa129172_T002",8,2,2,270,NA,1.209,0.887247743427309,1,65.9,79.7,8.52,13.4,19.6,14.4,17.6,20.3,27,21.2,35.3,30.5,35.6,34.2,42.7,44.2,"High","High","High","High","High","High"
"Ag00001aa091946_T002",TRUE,"Master Protein","Ag00001aa091946_T002",13,2,2,178,NA,1.152,0.949014189448739,1,112.3,129.4,28.46,12.58,16.4,7.9,10.8,16.9,15.9,10.6,29.5,16.7,21.8,28.5,25.2,22.1,"High","High","High","High","High","High"
"Ag00001aa150487_T002",TRUE,"Master Protein","Ag00001aa150487_T002",4,2,3,545,NA,NA,NA,NA,NA,NA,NA,NA,NA,NA,NA,NA,NA,NA,NA,NA,NA,NA,NA,NA,"High","High","High","High","High","High"
"Ag00001aa067265_T001",TRUE,"Master Protein","Ag00001aa067265_T001",3,2,4,526,NA,NA,NA,NA,NA,NA,NA,NA,NA,NA,NA,NA,NA,NA,NA,NA,NA,NA,NA,NA,"High","High","High","High","High","High"
"Ag00001aa114677_T001",TRUE,"Master Protein","Ag00001aa114677_T001",5,2,2,632,NA,0.966,0.846003915083514,1,80.8,78.1,26.45,8.22,33.5,18.8,19.1,23.9,24.3,16.4,60.4,39.8,38.6,40.3,38.4,34.2,"High","High","High","High","High","High"
"Ag00001aa089583_T001",TRUE,"Master Protein","Ag00001aa089583_T001",4,2,2,584,NA,NA,NA,NA,NA,NA,NA,NA,NA,NA,NA,NA,NA,NA,NA,NA,NA,NA,NA,NA,"High","High","High","High","High","High"
"Ag00001aa154446_T001",TRUE,"Master Protein","Ag00001aa154446_T001",7,2,3,311,NA,NA,NA,NA,NA,NA,NA,NA,NA,NA,NA,NA,NA,NA,NA,NA,NA,NA,NA,NA,"High","High","High","High","High","High"
"Ag00001aa020708_T001",TRUE,"Master Protein","Ag00001aa020708_T001",14,2,2,174,NA,1.115,0.904588447108034,1,103.6,115.5,5.89,3.69,102.2,93.2,86.8,114.7,130.7,98.4,184.1,197.2,175.5,193.2,206.8,205.4,"High","High","High","High","High","High"
"Ag00001aa023841_T003",TRUE,"Master Protein","Ag00001aa023841_T003",5,2,2,552,NA,0.867,0.995508893942352,1,119.3,103.5,16.51,15.52,11.2,12.5,13.8,15.9,14.5,9.4,20.2,26.4,27.9,26.8,22.9,19.6,"High","High","High","High","High","High"
"Ag00001aa095413_T001",TRUE,"Master Protein","Ag00001aa095413_T001",11,3,3,378,NA,1.035,0.999793075844499,1,90.8,94,11.28,13.48,83.3,61.9,81.3,92.8,98.2,58.5,150.1,131,164.3,156.3,155.3,122.1,"High","High","High","High","High","High"
"Ag00001aa046375_T001",TRUE,"Master Protein","Ag00001aa046375_T001",10,2,2,233,NA,NA,NA,NA,NA,NA,NA,NA,NA,NA,NA,NA,NA,NA,NA,NA,NA,NA,NA,NA,"High","High","High","High","High","High"
"Ag00001aa010743_T001",TRUE,"Master Protein","Ag00001aa010743_T001",15,2,2,197,NA,0.511,0.000970049033337195,0.0108401728826186,201.3,102.9,14.84,11.1,121.4,139.2,125.5,77,78,72.8,218.7,294.5,253.7,129.7,123.4,151.9,"High","High","High","High","High","High"
"Ag00001aa027235_T001",TRUE,"Master Protein","Ag00001aa027235_T001",8,2,2,477,NA,NA,NA,NA,NA,NA,NA,NA,NA,NA,NA,NA,NA,NA,NA,NA,NA,NA,NA,NA,"High","High","High","High","High","High"
"Ag00001aa009761_T001",TRUE,"Master Protein","Ag00001aa009761_T001",5,2,2,382,NA,0.512,0.00525911640485999,0.0366753360521482,214.9,110,17.13,8.06,23.9,28.4,24.1,14.8,15.9,10.4,43.1,60.1,48.7,24.9,25.2,21.7,"High","High","High","High","High","High"
"Ag00001aa013161_T001",TRUE,"Master Protein","Ag00001aa013161_T001",7,2,2,291,NA,1.076,0.99116096235392,1,132.9,142.9,13.59,10.31,43.2,31.6,43.5,49.7,47.3,44.1,77.8,66.9,87.9,83.7,74.8,92,"High","High","High","High","High","High"
"Ag00001aa029530_T001",TRUE,"Master Protein","Ag00001aa029530_T001",5,2,2,420,NA,0.855,0.893096138128031,1,92,78.6,17.02,14.59,11,9.5,13.1,10.2,10.3,10.2,19.8,20.1,26.5,17.2,16.3,21.3,"High","High","High","High","High","High"
"Ag00001aa093306_T001",TRUE,"Master Protein","Ag00001aa093306_T001",4,2,2,984,NA,NA,NA,NA,NA,NA,NA,NA,NA,NA,NA,NA,NA,NA,NA,NA,NA,NA,NA,NA,"High","High","High","High","High","High"
"Ag00001aa007478_T002",TRUE,"Master Protein","Ag00001aa007478_T002",5,2,2,368,NA,1.199,0.583979833007883,1,101.5,121.8,4.32,8.06,114.2,90.1,94.8,127.2,145.3,120.5,205.8,190.6,191.6,214.3,229.9,251.5,"High","High","High","High","High","High"
"Ag00001aa103642_T001",TRUE,"Master Protein","Ag00001aa103642_T001",13,2,2,231,NA,1.551,0.678831178484722,1,66,102.3,20.76,7.85,23.2,28.9,22.5,41.2,50.5,33.8,41.8,61.1,45.5,69.4,79.9,70.5,"High","High","High","High","High","High"
"Ag00001aa076946_T002",TRUE,"Master Protein","Ag00001aa076946_T002",6,2,2,363,NA,NA,NA,NA,NA,NA,NA,NA,NA,NA,NA,NA,NA,NA,NA,NA,NA,NA,NA,NA,"High","High","High","High","High","High"
"Ag00001aa074747_T001",TRUE,"Master Protein","Ag00001aa074747_T001",6,2,2,516,NA,0.755,0.69514469750404,1,207.8,156.8,4.47,11.78,84.6,76.7,82.3,70.1,77.4,70.1,152.4,162.3,166.4,118.1,122.4,146.3,"High","High","High","High","High","High"
"Ag00001aa053556_T001",TRUE,"Master Protein","Ag00001aa053556_T001",6,2,2,305,NA,0.689,0.366304887781435,0.776259862203186,139.4,96,18.27,14.71,46.8,29.6,44.5,28.1,36.7,30.5,84.3,62.6,90,47.3,58.1,63.7,"High","High","High","High","High","High"
"Ag00001aa155582_T001",TRUE,"Master Protein","Ag00001aa155582_T001",5,3,3,608,NA,0.782,0.999719046619697,1,62.1,48.6,13.22,30.6,8.4,5.5,7,10.3,6.4,5.3,15.1,11.6,14.1,17.4,10.1,11.1,"High","High","High","High","High","High"
"Ag00001aa014963_T002",TRUE,"Master Protein","Ag00001aa014963_T002",5,2,3,379,NA,0.795,0.928607080199829,1,141,112,23.86,9.83,175.9,197.6,129.5,149.5,162,102.2,316.9,418.1,261.8,251.9,256.3,213.3,"High","High","High","High","High","High"
"Ag00001aa003407_T001",TRUE,"Master Protein","Ag00001aa003407_T001",9,2,2,371,NA,0.81,0.13659282970014,0.38480400528691,111.4,90.2,6.52,14.75,80.8,61.4,72.2,71.6,57.7,56.5,145.6,129.9,145.9,120.6,91.3,117.9,"High","High","High","High","High","High"
"Ag00001aa035949_T001",TRUE,"Master Protein","Ag00001aa035949_T001",16,2,2,170,"Met-loss [N-Term]",1.397,0.0977429122848255,0.300658156822958,112.1,156.6,31.48,7.34,66.2,30.8,60.6,98.9,105.9,70.3,119.3,65.2,122.5,166.6,167.5,146.7,"High","High","High","High","High","High"
"Ag00001aa008978_T001",TRUE,"Master Protein","Ag00001aa008978_T001",5,2,3,371,NA,0.88,0.999767589850175,1,125.2,110.2,17.96,10.59,15,8.9,11.2,11.8,12.6,11.4,27,18.8,22.6,19.9,19.9,23.8,"High","High","High","High","High","High"
"Ag00001aa064470_T001",TRUE,"Master Protein","Ag00001aa064470_T001",12,2,2,217,NA,0.427,0.000807147681923581,0.00970694861066119,144.7,61.8,27.49,5.19,47.5,66.1,46.4,24.4,25.3,17.8,85.6,139.8,93.8,41.1,40,37.1,"High","High","High","High","High","High"
"Ag00001aa041523_T001",TRUE,"Master Protein","Ag00001aa041523_T001",10,2,3,221,NA,1.013,0.978516129916845,1,134,135.7,16.7,13.58,46.4,54.6,46.4,56.4,62.4,36.4,83.6,115.5,93.8,95,98.7,76,"High","High","High","High","High","High"
"Ag00001aa095095_T001",TRUE,"Master Protein","Ag00001aa095095_T001",3,2,2,1105,NA,NA,NA,NA,NA,NA,NA,NA,NA,NA,NA,NA,NA,NA,NA,NA,NA,NA,NA,NA,"High","High","High","High","High","High"
"Ag00001aa043392_T003",TRUE,"Master Protein","Ag00001aa043392_T003",5,2,2,473,NA,1.292,0.398596205925472,0.819823898907546,113.1,146.1,16.44,14.14,26,27.9,32.3,37.2,48.2,39.9,46.8,59,65.3,62.7,76.2,83.3,"High","High","High","High","High","High"
"Ag00001aa041534_T001",TRUE,"Master Protein","Ag00001aa041534_T001",13,2,2,227,NA,1.229,0.997668084784613,1,73.9,90.8,47.82,15.77,9.5,15.6,6.9,11.5,13.3,12.5,17.1,33,13.9,19.4,21,26.1,"High","High","High","High","High","High"
"Ag00001aa093381_T004",TRUE,"Master Protein","Ag00001aa093381_T004",2,2,2,891,NA,1.094,0.553459240056112,1,121.5,132.9,22.92,5.68,55,31.8,52.7,62,68.5,55.9,99.1,67.3,106.5,104.4,108.4,116.7,"High","High","High","High","High","High"
"Ag00001aa027334_T001",TRUE,"Master Protein","Ag00001aa027334_T001",5,2,2,498,NA,1.375,0.5105225137961,0.975326520608619,77.8,106.9,15.64,10.68,12,10.4,14,20,17.2,14.5,21.6,22,28.3,33.7,27.2,30.3,"High","High","High","High","High","High"
"Ag00001aa016396_T001",TRUE,"Master Protein","Ag00001aa016396_T001",9,2,3,184,NA,0.901,0.992712193051666,1,129.9,117.1,8.36,8.89,23.4,17.8,22,23.6,21.1,18.2,42.2,37.7,44.5,39.8,33.4,38,"High","High","High","High","High","High"
"Ag00001aa008049_T001",TRUE,"Master Protein","Ag00001aa008049_T001",2,2,3,629,NA,0.44,4.88072414274177e-05,0.00142649165736078,172.2,75.8,4.06,15.9,57.3,52.9,53.7,36.8,30.2,22.7,103.2,111.9,108.5,62,47.8,47.4,"High","High","High","High","High","High"
"Ag00001aa105878_T001",TRUE,"Master Protein","Ag00001aa105878_T001",7,2,3,448,NA,0.317,0.0742675001525991,0.244914240957022,232.8,73.7,39.16,18.83,141.2,78.3,183.9,47.8,47.6,50.8,254.4,165.7,371.7,80.5,75.3,106,"High","High","High","High","High","High"
"Ag00001aa138480_T001",TRUE,"Master Protein","Ag00001aa138480_T001",14,2,2,153,NA,0.465,6.93586698006232e-05,0.00181077026655822,231.1,107.5,16.57,5.54,114.7,134.6,114.5,60.2,68.1,54.3,206.7,284.8,231.4,101.4,107.7,113.3,"High","High","High","High","High","High"
"Ag00001aa098377_T001",TRUE,"Master Protein","Ag00001aa098377_T001",11,2,2,397,NA,1.827,0.00518872866987374,0.036378906553673,75.3,137.5,9.1,11.97,26.7,19.6,20.3,51.9,43.7,36.3,48.1,41.5,41,87.4,69.1,75.8,"High","High","High","High","High","High"
"Ag00001aa054916_T001",TRUE,"Master Protein","Ag00001aa054916_T001",14,2,2,140,NA,0.563,0.00308765680978329,0.0250331250741478,164.4,92.5,5.54,5.45,99.2,94.2,92.1,66.9,66.2,48.6,178.7,199.3,186.2,112.7,104.7,101.4,"High","High","High","High","High","High"
"Ag00001aa127903_T001",TRUE,"Master Protein","Ag00001aa127903_T001",15,2,2,104,"Met-loss [N-Term]",NA,NA,NA,NA,NA,NA,NA,NA,NA,NA,NA,NA,NA,NA,NA,NA,NA,NA,NA,"High","High","High","High","High","High"
"Ag00001aa127126_T001",TRUE,"Master Protein","Ag00001aa127126_T001",10,2,3,210,NA,1.351,0.249512969125825,0.58937579348758,39.5,53.4,24.64,14.89,26.3,19.2,14.1,37.9,34.7,22.7,47.4,40.6,28.5,63.8,54.9,47.4,"High","High","High","High","High","High"
"Ag00001aa003048_T002",TRUE,"Master Protein","Ag00001aa003048_T002",16,2,2,126,NA,0.301,0.00820981714828262,0.049942713889695,289.7,87.2,24.07,10.08,204.9,119.1,203.9,66,60.5,55.9,369.2,252,412.2,111.2,95.7,116.7,"High","High","High","High","High","High"
"Ag00001aa008184_T002",TRUE,"Master Protein","Ag00001aa008184_T002",8,2,2,333,NA,1.83,6.90652351975629e-06,0.000643262778228948,85.1,155.8,14.33,6.64,60.5,45.2,40.4,103.9,119.1,79.1,109,95.6,81.7,175,188.4,165.1,"High","High","High","High","High","High"
"Ag00001aa036396_T001",TRUE,"Master Protein","Ag00001aa036396_T001",2,2,2,994,NA,1.214,NA,NA,41.6,50.6,33.97,NA,5.9,2.6,3.5,5.1,0,0,10.6,5.5,7.1,8.6,0,0,"High","High","High","High","Not Found","Not Found"
"Ag00001aa004801_T001",TRUE,"Master Protein","Ag00001aa004801_T001",2,2,3,823,NA,0.832,0.106885828654393,0.320670939182644,89.2,74.2,15.89,15.16,34.3,26.6,37.7,34,32.5,20.2,61.8,56.3,76.2,57.3,51.4,42.2,"High","High","High","High","High","High"
"Ag00001aa101463_T001",TRUE,"Master Protein","Ag00001aa101463_T001",5,2,2,577,NA,NA,NA,NA,NA,NA,NA,NA,NA,NA,NA,NA,NA,NA,NA,NA,NA,NA,NA,NA,"High","High","High","High","High","High"
"Ag00001aa005116_T001",TRUE,"Master Protein","Ag00001aa005116_T001",4,2,3,374,NA,0.595,0.0904966191283413,0.284087635130139,183.7,109.3,25.11,10.64,115.5,130.2,82.9,86.9,76.6,59.3,208.1,275.5,167.6,146.4,121.2,123.8,"High","High","High","High","High","High"
"Ag00001aa019743_T001",TRUE,"Master Protein","Ag00001aa019743_T001",4,2,2,980,NA,0.347,3.24823772346328e-06,0.00054524643927092,190.7,66.2,19.51,5.45,120.2,152,133.2,55.5,61.3,41.7,216.6,321.6,269.2,93.5,97,87,"High","High","High","High","High","High"
"Ag00001aa072788_T002",TRUE,"Master Protein","Ag00001aa072788_T002",13,2,2,184,NA,0.423,0.000573440516673407,0.00761902349800854,122.5,51.8,21.59,9.97,42.3,55.7,53.3,25.6,28.8,25,76.2,117.8,107.7,43.1,45.6,52.2,"High","High","High","High","High","High"
"Ag00001aa073129_T001",TRUE,"Master Protein","Ag00001aa073129_T001",9,2,3,349,NA,1.16,0.950384802419232,1,81.7,94.8,15.53,17.17,26.1,21.9,17.4,31.9,34.7,19,47,46.3,35.2,53.7,54.9,39.7,"High","High","High","High","High","High"
"Ag00001aa132492_T001",TRUE,"Master Protein","Ag00001aa132492_T001",5,2,2,497,NA,0.925,0.847512879373986,1,77,71.2,44.62,3.54,34.3,14.8,14.5,17.2,19.4,13.8,61.8,31.3,29.3,29,30.7,28.8,"High","High","High","High","High","High"
"Ag00001aa108052_T001",TRUE,"Master Protein","Ag00001aa108052_T001",6,2,2,293,NA,0.825,1,1,180.2,148.6,21.63,25.84,63,79.8,84.8,71.6,123.9,66.7,113.5,168.8,171.4,120.6,196,139.2,"High","High","High","High","High","High"
"Ag00001aa115494_T001",TRUE,"Master Protein","Ag00001aa115494_T001",9,2,2,251,NA,0.01,NA,NA,19.4,0,NA,NA,0,0,1.9,0,0,0,0,0,3.8,0,0,0,"High","High","High","High","High","High"
"Ag00001aa064839_T001",TRUE,"Master Protein","Ag00001aa064839_T001",22,2,2,113,NA,NA,NA,NA,NA,NA,NA,NA,NA,NA,NA,NA,NA,NA,NA,NA,NA,NA,NA,NA,"High","High","High","High","High","High"
"Ag00001aa029435_T001",TRUE,"Master Protein","Ag00001aa029435_T001",13,2,2,123,NA,1.248,0.999284708134939,1,140.1,174.8,18.41,19.16,204.8,166.6,241.7,294.1,291.1,162,369,352.5,488.6,495.5,460.5,338.1,"High","High","High","High","High","High"
"Ag00001aa062576_T001",TRUE,"Master Protein","Ag00001aa062576_T001",10,2,2,322,NA,0.795,0.976065071393893,1,70.1,55.7,19.46,21.78,42,24.1,31.5,41.4,32,22.6,75.7,51,63.7,69.7,50.6,47.2,"High","High","High","High","High","High"
"Ag00001aa054102_T001",TRUE,"Master Protein","Ag00001aa054102_T001",7,2,2,321,NA,0.787,0.0571163798225445,0.200918835515078,131.6,103.6,3.85,2.17,62.4,53.5,59.6,51.7,57.5,42.7,112.4,113.2,120.5,87.1,91,89.1,"High","High","High","High","High","High"
"Ag00001aa117904_T001",TRUE,"Master Protein","Ag00001aa117904_T001",14,2,4,151,NA,1.121,0.864375596797827,1,138.7,155.5,5.08,12.32,91.2,72.5,73.7,122.9,104.6,82.4,164.3,153.4,149,207,165.5,172,"High","High","High","High","High","High"
"Ag00001aa008102_T001",TRUE,"Master Protein","Ag00001aa008102_T001",1,2,2,2575,NA,1.179,0.932660518645498,1,87.5,103.1,16.71,20.55,38.4,23.3,30.2,52.3,45.5,27.9,69.2,49.3,61,88.1,72,58.2,"High","High","High","High","High","High"
"Ag00001aa090219_T001",TRUE,"Master Protein","Ag00001aa090219_T001",16,2,2,180,NA,1.078,0.994046781261755,1,52.5,56.5,2.92,20.12,17.6,15,16.5,20.3,26.8,13.6,31.7,31.7,33.4,34.2,42.4,28.4,"High","High","High","High","High","High"
"Ag00001aa009205_T002",TRUE,"Master Protein","Ag00001aa009205_T002",9,2,3,291,NA,1.109,0.999972370530213,1,89.3,99.1,13.34,8.41,115.2,78.4,82.2,109.4,104.8,94,207.6,165.9,166.2,184.3,165.8,196.2,"High","High","High","High","High","High"
"Ag00001aa020092_T001",TRUE,"Master Protein","Ag00001aa020092_T001",4,2,2,442,NA,1.091,0.882339637651648,1,114.3,124.7,5.45,10.49,20.4,18.9,17.9,23.8,24.5,22.5,36.8,40,36.2,40.1,38.8,47,"High","High","High","High","High","High"
"Ag00001aa042043_T002",TRUE,"Master Protein","Ag00001aa042043_T002",9,2,2,448,NA,0.604,0.00613310666085409,0.0413780725638602,168.3,101.6,3.22,5.98,197.5,159.3,176.7,127.5,134.3,113.3,355.8,337,357.2,214.8,212.4,236.5,"High","High","High","High","High","High"
"Ag00001aa016444_T001",TRUE,"Master Protein","Ag00001aa016444_T001",3,2,2,831,NA,0.431,0.0480709550204677,0.178032828444355,276.8,119.4,29.5,1.18,149.8,76.3,146.7,69.1,72.8,56.5,269.9,161.4,296.5,116.4,115.2,117.9,"High","High","High","High","High","High"
"Ag00001aa073196_T001",TRUE,"Master Protein","Ag00001aa073196_T001",10,2,3,291,NA,NA,NA,NA,NA,NA,NA,NA,NA,NA,NA,NA,NA,NA,NA,NA,NA,NA,NA,NA,"High","High","High","High","High","High"
"Ag00001aa023248_T001",TRUE,"Master Protein","Ag00001aa023248_T001",11,2,3,331,NA,0.706,0.0180457515774294,0.0897430700186953,128.9,91,16.73,10.05,58.5,43.6,63.4,44.2,48.9,30.5,105.4,92.2,128.2,74.5,77.4,63.7,"High","High","High","High","High","High"
"Ag00001aa043060_T001",TRUE,"Master Protein","Ag00001aa043060_T001",11,2,3,195,NA,0.988,0.999775615258187,1,87.7,86.7,1.75,7.64,96.5,82.5,88.8,108.7,109,75.3,173.9,174.5,179.5,183.1,172.4,157.2,"High","High","High","High","High","High"
"Ag00001aa029808_T003",TRUE,"Master Protein","Ag00001aa029808_T003",7,2,2,628,NA,0.543,0.0010876013026887,0.0117622797871542,163.8,88.9,14.7,16.77,47.9,34,47.9,27.8,22.3,23.4,86.3,71.9,96.8,46.8,35.3,48.8,"High","High","High","High","High","High"
"Ag00001aa030680_T001",TRUE,"Master Protein","Ag00001aa030680_T001",4,2,2,651,NA,1.654,0.00475542417586472,0.0340623299763717,81.5,134.8,6.28,11.19,11.7,9,10.6,20.7,19.6,18.6,21.1,19,21.4,34.9,31,38.8,"High","High","High","High","High","High"
"Ag00001aa082311_T001",TRUE,"Master Protein","Ag00001aa082311_T001",15,2,2,192,NA,NA,NA,NA,NA,NA,NA,NA,NA,NA,NA,NA,NA,NA,NA,NA,NA,NA,NA,NA,"High","High","High","High","High","High"
"Ag00001aa003779_T002",TRUE,"Master Protein","Ag00001aa003779_T002",10,2,2,336,NA,1.056,0.992537850544248,1,95.3,100.6,13.18,14.05,37.3,29.4,39.6,43.3,35.3,34,67.2,62.2,80,72.9,55.8,71,"High","High","High","High","High","High"
"Ag00001aa026355_T001",TRUE,"Master Protein","Ag00001aa026355_T001",6,2,2,396,NA,1.746,0.0304437747446905,0.128662733123128,123.6,215.9,9.55,10.14,124.6,116.5,100.7,221.5,285.7,187.8,224.5,246.5,203.6,373.2,452,391.9,"High","High","High","High","High","High"
"Ag00001aa020413_T001",TRUE,"Master Protein","Ag00001aa020413_T001",7,2,2,250,NA,NA,NA,NA,NA,NA,NA,NA,NA,NA,NA,NA,NA,NA,NA,NA,NA,NA,NA,NA,"High","High","High","High","High","High"
"Ag00001aa118229_T001",TRUE,"Master Protein","Ag00001aa118229_T001",7,2,2,498,NA,0.927,0.999731056841711,1,46.3,42.9,8.02,11.98,14.9,13.3,15.5,14,18.9,12.5,26.8,28.1,31.3,23.6,29.9,26.1,"High","High","High","High","High","High"
"Ag00001aa129408_T001",TRUE,"Master Protein","Ag00001aa129408_T001",7,2,2,351,NA,1.109,0.999286004843711,1,93.3,103.5,15.59,8.1,54.4,42.4,59.7,56.9,68.7,53.7,98,89.7,120.7,95.9,108.7,112.1,"High","High","High","High","High","High"
"Ag00001aa036295_T001",TRUE,"Master Protein","Ag00001aa036295_T001",27,2,5,130,NA,1.183,0.999014812183678,1,22.5,26.7,16.16,47.33,11,9.8,13.1,19.1,15.5,5.3,19.8,20.7,26.5,32.2,24.5,11.1,"High","High","High","High","High","High"
"Ag00001aa008224_T001",TRUE,"Master Protein","Ag00001aa008224_T001",8,2,2,314,NA,0.653,0.00473941955926971,0.0340623299763717,93.1,60.7,7.93,9.4,41.7,30.3,34.3,29.6,28.6,19.8,75.1,64.1,69.3,49.9,45.2,41.3,"High","High","High","High","High","High"
"Ag00001aa061797_T001",TRUE,"Master Protein","Ag00001aa061797_T001",7,2,4,372,NA,1.136,0.990944731234236,1,44.7,50.8,18.2,14.02,22.1,26.6,21.9,34,27.3,24.1,39.8,56.3,44.3,57.3,43.2,50.3,"High","High","High","High","High","High"
"Ag00001aa142355_T001",TRUE,"Master Protein","Ag00001aa142355_T001",13,2,2,201,NA,0.704,0.381635510590691,0.795997902558604,113.8,80.1,20.19,17.89,15.8,9.9,15.6,12.9,9.6,9.6,28.5,20.9,31.5,21.7,15.2,20,"High","High","High","High","High","High"
"Ag00001aa013257_T001",TRUE,"Master Protein","Ag00001aa013257_T001",14,2,2,261,NA,0.795,0.113718474692335,0.337096575396904,129.7,103.1,14.84,2.74,48.3,47.9,58,47.8,51.8,37.2,87,101.3,117.2,80.5,81.9,77.6,"High","High","High","High","High","High"
"Ag00001aa000743_T001",TRUE,"Master Protein","Ag00001aa000743_T001",6,2,2,389,NA,NA,NA,NA,NA,NA,NA,NA,NA,NA,NA,NA,NA,NA,NA,NA,NA,NA,NA,NA,"High","High","High","High","High","High"
"Ag00001aa062686_T001",TRUE,"Master Protein","Ag00001aa062686_T001",15,2,3,117,NA,0.436,0.000817907429683462,0.00978696862145331,168.4,73.3,9.52,4.42,18.3,18.1,19.6,9.9,11.3,7.9,33,38.3,39.6,16.7,17.9,16.5,"High","High","High","High","High","High"
"Ag00001aa082028_T002",TRUE,"Master Protein","Ag00001aa082028_T002",1,2,2,1203,NA,2.119,0.144218406223277,0.401963275343549,94.2,199.7,17.43,6.58,7.5,9,8.9,22,24.1,20.1,13.5,19,18,37.1,38.1,41.9,"High","High","High","High","High","High"
"Ag00001aa078892_T001",TRUE,"Master Protein","Ag00001aa078892_T001",6,2,2,266,NA,0.798,0.949306538238804,1,143.6,114.5,7.05,12.96,62.8,61.6,60.4,57.8,60.2,57.3,113.1,130.3,122.1,97.4,95.2,119.6,"High","High","High","High","High","High"
"Ag00001aa092505_T002",TRUE,"Master Protein","Ag00001aa092505_T002",7,2,2,367,NA,NA,NA,NA,NA,NA,NA,NA,NA,NA,NA,NA,NA,NA,NA,NA,NA,NA,NA,NA,"High","High","High","High","High","High"
"Ag00001aa129993_T001",TRUE,"Master Protein","Ag00001aa129993_T001",3,2,2,873,NA,NA,NA,NA,NA,NA,NA,NA,NA,NA,NA,NA,NA,NA,NA,NA,NA,NA,NA,NA,"High","High","High","High","High","High"
"Ag00001aa046393_T001",TRUE,"Master Protein","Ag00001aa046393_T001",8,2,2,235,NA,1.364,0.970146200822057,1,46.6,63.6,3.84,1.66,37.3,29.5,32.7,53.5,58.4,42.9,67.2,62.4,66.1,90.1,92.4,89.5,"High","High","High","High","High","High"
"Ag00001aa043654_T002",TRUE,"Master Protein","Ag00001aa043654_T002",2,2,2,1178,NA,0.564,0.026837617998316,0.118830474107855,184.1,103.8,16.88,19.05,52.8,35.7,52.6,40.8,33.9,22.9,95.1,75.5,106.3,68.7,53.6,47.8,"High","High","High","High","High","High"
"Ag00001aa009596_T001",TRUE,"Master Protein","Ag00001aa009596_T001",8,2,2,384,NA,NA,NA,NA,NA,NA,NA,NA,NA,NA,NA,NA,NA,NA,NA,NA,NA,NA,NA,NA,"High","High","High","High","High","High"
"Ag00001aa003283_T001",TRUE,"Master Protein","Ag00001aa003283_T001",6,2,2,302,NA,1.015,0.995280503597174,1,137.7,139.8,22.85,28.78,49.2,29.1,29.8,37.1,53.9,23,88.6,61.6,60.2,62.5,85.3,48,"High","High","High","High","High","High"
"Ag00001aa072227_T001",TRUE,"Master Protein","Ag00001aa072227_T001",4,2,2,478,NA,NA,NA,NA,NA,NA,NA,NA,NA,NA,NA,NA,NA,NA,NA,NA,NA,NA,NA,NA,"High","High","High","High","High","High"
"Ag00001aa140693_T002",TRUE,"Master Protein","Ag00001aa140693_T002",6,2,3,464,NA,0.662,0.0590695857319554,0.205746661158832,177.6,117.5,21.26,8.15,108.3,65.5,105.2,79,81.6,54.5,195.1,138.6,212.6,133.1,129.1,113.7,"High","High","High","High","High","High"
"Ag00001aa084539_T001",TRUE,"Master Protein","Ag00001aa084539_T001",14,2,2,189,NA,0.463,0.168762766191661,0.443704974072848,239.7,110.9,23.21,3.9,19.3,25.2,26.9,13.8,15.6,12,34.8,53.3,54.4,23.2,24.7,25,"High","High","High","High","High","High"
"Ag00001aa087808_T001",TRUE,"Master Protein","Ag00001aa087808_T001",13,2,2,252,NA,0.815,0.605654321004676,1,111.9,91.2,9.44,23.5,67.9,61.6,53.4,59.2,77.4,36.3,122.3,130.3,107.9,99.7,122.4,75.8,"High","High","High","High","High","High"
"Ag00001aa123126_T001",TRUE,"Master Protein","Ag00001aa123126_T001",3,2,2,663,NA,NA,NA,NA,NA,NA,NA,NA,NA,NA,NA,NA,NA,NA,NA,NA,NA,NA,NA,NA,"High","High","High","High","High","High"
"Ag00001aa072487_T003",TRUE,"Master Protein","Ag00001aa072487_T003",2,2,2,964,NA,NA,NA,NA,NA,NA,NA,NA,NA,NA,NA,NA,NA,NA,NA,NA,NA,NA,NA,NA,"High","High","High","High","High","High"
"Ag00001aa091386_T001",TRUE,"Master Protein","Ag00001aa091386_T001",3,2,2,640,NA,0.93,0.836203981932293,1,146.3,136,15.38,7.97,90.7,70.2,98.7,90.2,88.5,78.7,163.4,148.5,199.5,152,140,164.3,"High","High","High","High","High","High"
"Ag00001aa001932_T001",TRUE,"Master Protein","Ag00001aa001932_T001",7,3,3,385,NA,1.067,0.999978676935888,1,139.7,149.1,4.5,14.36,183.7,143.1,155.3,198.8,216.4,125.1,331,302.8,313.9,334.9,342.3,261.1,"High","High","High","High","High","High"
"Ag00001aa058006_T001",TRUE,"Master Protein","Ag00001aa058006_T001",3,2,2,753,NA,NA,NA,NA,NA,NA,NA,NA,NA,NA,NA,NA,NA,NA,NA,NA,NA,NA,NA,NA,"High","High","High","High","High","High"
"Ag00001aa114542_T001",TRUE,"Master Protein","Ag00001aa114542_T001",13,2,3,236,NA,NA,NA,NA,NA,NA,NA,NA,NA,NA,NA,NA,NA,NA,NA,NA,NA,NA,NA,NA,"High","High","High","High","High","High"
"Ag00001aa034032_T001",TRUE,"Master Protein","Ag00001aa034032_T001",8,2,2,264,NA,1.334,0.165666869912278,0.437204994600205,55.9,74.5,6.98,9.18,43.5,42.6,42.1,67.4,64.2,58.5,78.4,90.1,85.1,113.5,101.6,122.1,"High","High","High","High","High","High"
"Ag00001aa070343_T001",TRUE,"Master Protein","Ag00001aa070343_T001",9,2,2,404,NA,NA,NA,NA,NA,NA,NA,NA,NA,NA,NA,NA,NA,NA,NA,NA,NA,NA,NA,NA,"High","High","High","High","High","High"
"Ag00001aa022086_T001",TRUE,"Master Protein","Ag00001aa022086_T001",9,2,2,231,NA,0.453,0.000617552718223502,0.00794867563694104,145.3,65.8,16.89,14.2,28.3,19.6,28.9,15,14.6,9.1,51,41.5,58.4,25.3,23.1,19,"High","High","High","High","High","High"
"Ag00001aa070574_T001",TRUE,"Master Protein","Ag00001aa070574_T001",5,2,4,298,NA,NA,NA,NA,NA,NA,NA,NA,NA,NA,NA,NA,NA,NA,NA,NA,NA,NA,NA,NA,"Not Found","Not Found","Not Found","Not Found","Not Found","Not Found"
"Ag00001aa005789_T001",TRUE,"Master Protein","Ag00001aa005789_T001",7,2,2,461,NA,0.591,0.205162092916172,0.51062374926907,90.8,53.6,13.6,10.03,62.8,41.7,55.7,39.5,35.4,32.3,113.1,88.2,112.6,66.5,56,67.4,"High","High","High","High","High","High"
"Ag00001aa083903_T001",TRUE,"Master Protein","Ag00001aa083903_T001",7,2,2,320,NA,1.009,0.972910871299321,1,58.6,59.1,25.07,23.76,25.4,14.1,24.5,38.3,29.2,20,45.8,29.8,49.5,64.5,46.2,41.7,"High","High","High","High","High","High"
"Ag00001aa068331_T001",TRUE,"Master Protein","Ag00001aa068331_T001",3,2,2,555,NA,0.185,1.79920821552493e-06,0.000408437400240497,302.4,55.8,16.48,7.36,129.8,153.8,148.1,32.8,34.7,29.9,233.9,325.4,299.4,55.3,54.9,62.4,"High","High","High","High","High","High"
"Ag00001aa113859_T001",TRUE,"Master Protein","Ag00001aa113859_T001",6,2,2,452,NA,1.525,0.00421968941156026,0.0311009637643631,85.9,131,6.64,1.32,95,92,88.2,161.4,175.2,129.5,171.2,194.6,178.3,271.9,277.1,270.3,"High","High","High","High","High","High"
"Ag00001aa007133_T002",TRUE,"Master Protein","Ag00001aa007133_T002",13,2,2,289,NA,0.797,0.613860290998374,1,107.2,85.5,3.86,4.71,33.2,30.1,29.4,28.3,30,24.7,59.8,63.7,59.4,47.7,47.5,51.6,"High","High","High","High","High","High"
"Ag00001aa005268_T001",TRUE,"Master Protein","Ag00001aa005268_T001",7,2,2,431,NA,0.351,0.000153721931986373,0.00308947383712241,210.6,74,18.95,6.46,66.5,83.3,75.7,31.9,35,23.4,119.8,176.2,153,53.7,55.4,48.8,"High","High","High","High","High","High"
"Ag00001aa132041_T001",TRUE,"Master Protein","Ag00001aa132041_T001",22,2,2,143,NA,0.747,0.192293686920932,0.486107998880828,177.5,132.7,7.06,9.22,61.8,59.4,55.2,49.5,49.5,44.9,111.3,125.7,111.6,83.4,78.3,93.7,"High","High","High","High","High","High"
"Ag00001aa126439_T001",TRUE,"Master Protein","Ag00001aa126439_T001",14,2,3,242,NA,NA,NA,NA,NA,NA,NA,NA,NA,NA,NA,NA,NA,NA,NA,NA,NA,NA,NA,NA,"High","High","High","High","High","High"
"Ag00001aa136803_T002",TRUE,"Master Protein","Ag00001aa136803_T002",5,2,2,718,NA,1.136,0.848251047388856,1,84.5,96,10.08,8.12,24.8,18.5,18.2,23.9,28.1,22.7,44.7,39.1,36.8,40.3,44.5,47.4,"High","High","High","High","High","High"
"Ag00001aa117431_T002",TRUE,"Master Protein","Ag00001aa117431_T002",7,2,2,322,NA,0.884,0.965103634580185,1,123.2,109,3.93,12.26,27.3,24.9,24.4,29.6,24.7,20.9,49.2,52.7,49.3,49.9,39.1,43.6,"High","High","High","High","High","High"
"Ag00001aa032157_T001",TRUE,"Master Protein","Ag00001aa032157_T001",24,2,2,90,NA,1.084,0.99643538765831,1,32.1,34.8,28.05,33.37,31.6,25,42.8,46.8,39,18.7,56.9,52.9,86.5,78.8,61.7,39,"High","High","High","High","High","High"
"Ag00001aa086367_T001",TRUE,"Master Protein","Ag00001aa086367_T001",8,2,2,279,NA,NA,NA,NA,NA,NA,NA,NA,NA,NA,NA,NA,NA,NA,NA,NA,NA,NA,NA,NA,"High","High","High","High","High","High"
"Ag00001aa040516_T001",TRUE,"Master Protein","Ag00001aa040516_T001",8,2,2,243,NA,0.893,0.99998819882314,1,166.7,148.8,22.85,18.29,23.6,21.6,14.3,29.9,24,17.5,42.5,45.7,28.9,50.4,38,36.5,"High","High","High","High","High","High"
"Ag00001aa017699_T001",TRUE,"Master Protein","Ag00001aa017699_T001",31,2,3,107,NA,1.055,0.989903365119533,1,145.3,153.2,20.9,2.71,245,297.5,222.9,270.4,303,227.7,441.4,629.4,450.6,455.5,479.3,475.2,"High","High","High","High","High","High"
"Ag00001aa029672_T001",TRUE,"Master Protein","Ag00001aa029672_T001",5,2,2,670,NA,0.998,0.999921988429794,1,122.7,122.5,11.98,1.98,84.6,64.4,85.6,90.3,97.4,71,152.4,136.3,173,152.1,154.1,148.2,"High","High","High","High","High","High"
"Ag00001aa027596_T001",TRUE,"Master Protein","Ag00001aa027596_T001",4,2,2,534,NA,1.051,0.953381760100701,1,77.6,81.5,25.52,14.13,25.8,14.5,25.6,32.6,26.1,23.4,46.5,30.7,51.7,54.9,41.3,48.8,"High","High","High","High","High","High"
"Ag00001aa108539_T002",TRUE,"Master Protein","Ag00001aa108539_T002",7,2,2,314,"Met-loss+Acetyl [N-Term]",0.567,0.00984212192957201,0.0571768994182984,86.9,49.3,11.72,8.38,45.8,49.3,45.7,35.6,32.7,25.1,82.5,104.3,92.4,60,51.7,52.4,"High","High","High","High","High","High"
"Ag00001aa118526_T001",TRUE,"Master Protein","Ag00001aa118526_T001",9,2,2,275,NA,1.613,0.318097992666523,0.70069159534232,41.4,66.7,20.35,12.54,31.3,21.9,18.5,53.9,45.9,35.8,56.4,46.3,37.4,90.8,72.6,74.7,"High","High","High","High","High","High"
"Ag00001aa066247_T001",TRUE,"Master Protein","Ag00001aa066247_T001",12,2,2,239,NA,0.705,0.514615691139485,0.979986662502816,158.2,111.5,24.83,20.91,31,20.8,16.7,24.4,19.6,13.3,55.9,44,33.8,41.1,31,27.8,"High","High","High","High","High","High"
"Ag00001aa017786_T001",TRUE,"Master Protein","Ag00001aa017786_T001",12,2,2,173,NA,0.648,0.617917603287132,1,81.5,52.8,20.37,16.45,23.7,13.6,20.4,19.4,15,12.8,42.7,28.8,41.2,32.7,23.7,26.7,"High","High","High","High","High","High"
"Ag00001aa057686_T001",TRUE,"Master Protein","Ag00001aa057686_T001",2,2,2,1123,NA,NA,NA,NA,NA,NA,NA,NA,NA,NA,NA,NA,NA,NA,NA,NA,NA,NA,NA,NA,"High","High","High","High","High","High"
"Ag00001aa030020_T001",TRUE,"Master Protein","Ag00001aa030020_T001",4,2,2,683,NA,1.243,0.964763742358364,1,60.4,75.1,10.06,7.83,50.9,37.3,37.7,58.3,54,47,91.7,78.9,76.2,98.2,85.4,98.1,"High","High","High","High","High","High"
"Ag00001aa092370_T003",TRUE,"Master Protein","Ag00001aa092370_T003",7,2,2,501,NA,1.038,0.997435868325677,1,103.6,107.6,23.57,13.06,22.5,11.8,17.4,18.2,25.2,17.5,40.5,25,35.2,30.7,39.9,36.5,"High","High","High","High","High","High"
"Ag00001aa039916_T001",TRUE,"Master Protein","Ag00001aa039916_T001",2,2,2,927,NA,1.093,0.699475671981357,1,77.1,84.3,22.03,6.96,27,15.1,23.7,34.3,32,25.1,48.6,31.9,47.9,57.8,50.6,52.4,"High","High","High","High","High","High"
"Ag00001aa071254_T003",TRUE,"Master Protein","Ag00001aa071254_T003",6,2,2,366,NA,NA,NA,NA,NA,NA,NA,NA,NA,NA,NA,NA,NA,NA,NA,NA,NA,NA,NA,NA,"High","High","High","High","High","High"
"Ag00001aa009138_T002",TRUE,"Master Protein","Ag00001aa009138_T002",3,2,2,739,NA,NA,NA,NA,NA,NA,NA,NA,NA,NA,NA,NA,NA,NA,NA,NA,NA,NA,NA,NA,"High","High","High","High","High","High"
"Ag00001aa147308_T001",TRUE,"Master Protein","Ag00001aa147308_T001",4,2,2,359,NA,NA,NA,NA,NA,NA,NA,NA,NA,NA,NA,NA,NA,NA,NA,NA,NA,NA,NA,NA,"High","High","High","High","High","High"
"Ag00001aa009621_T001",TRUE,"Master Protein","Ag00001aa009621_T001",2,2,2,1047,NA,0.795,0.291675670455805,0.656566368966339,126.7,100.6,26.12,8.67,32.8,21,37.4,28,25.5,22.5,59.1,44.4,75.6,47.2,40.3,47,"High","High","High","High","High","High"
"Ag00001aa100417_T001",TRUE,"Master Protein","Ag00001aa100417_T001",14,2,2,124,NA,1.96,NA,NA,27.6,54.1,25.23,NA,3.2,1.9,0,5.6,0,0,5.8,4,0,9.4,0,0,"High","High","Not Found","High","Not Found","Not Found"
"Ag00001aa028651_T001",TRUE,"Master Protein","Ag00001aa028651_T001",14,2,2,225,NA,0.753,0.995315814828147,1,64.5,48.6,20.68,19.36,9.1,5.6,8.9,9.8,7.8,5.6,16.4,11.8,18,16.5,12.3,11.7,"High","High","High","High","High","High"
"Ag00001aa124862_T001",TRUE,"Master Protein","Ag00001aa124862_T001",1,2,2,1232,NA,1.904,0.0157657028807964,0.0811698389263471,79.5,151.4,15.61,13.58,9,10.5,9.5,21.7,24,14,16.2,22.2,19.2,36.6,38,29.2,"High","High","High","High","High","High"
"Ag00001aa015288_T001",TRUE,"Master Protein","Ag00001aa015288_T001",15,2,2,104,"Met-loss [N-Term]",1.084,0.99178071789856,1,124.2,134.6,9.98,4.79,27,20.9,19.7,30.6,30.3,22.6,48.6,44.2,39.8,51.6,47.9,47.2,"High","High","High","High","High","High"
"Ag00001aa056185_T001",TRUE,"Master Protein","Ag00001aa056185_T001",12,2,2,123,NA,1.218,NA,NA,12,14.6,NA,19.22,2.2,0,0,2.5,3.5,0,4,0,0,4.2,5.5,0,"High","Not Found","Not Found","High","High","Not Found"
"Ag00001aa051043_T001",TRUE,"Master Protein","Ag00001aa051043_T001",2,2,2,1194,NA,0.871,0.999308198022337,1,105,91.5,19.11,11.25,37,22.7,34.5,38.5,36.7,24.8,66.7,48,69.7,64.9,58.1,51.8,"High","High","High","High","High","High"
"Ag00001aa112227_T001",TRUE,"Master Protein","Ag00001aa112227_T001",7,2,2,219,"Met-loss [N-Term]",0.333,0.00207987563951528,0.0187008358142159,250.3,83.3,16.55,4.57,79.4,94.1,91.2,34.2,38.8,30.2,143.1,199.1,184.3,57.6,61.4,63,"High","High","High","High","High","High"
"Ag00001aa120702_T002",TRUE,"Master Protein","Ag00001aa120702_T002",5,2,2,385,NA,NA,NA,NA,NA,NA,NA,NA,NA,NA,NA,NA,NA,NA,NA,NA,NA,NA,NA,NA,"High","High","Not Found","Not Found","Not Found","Not Found"
"Ag00001aa140249_T001",TRUE,"Master Protein","Ag00001aa140249_T001",3,2,2,487,NA,0.637,0.00558326826415745,0.0384397988832247,172.7,110,9.67,2.73,90.3,70.1,89,61.5,68.2,49.1,162.7,148.3,179.9,103.6,107.9,102.5,"High","High","High","High","High","High"
"Ag00001aa039769_T002",TRUE,"Master Protein","Ag00001aa039769_T002",4,2,2,760,NA,1.546,0.146190983108134,0.405469894503781,69.9,108,9.56,10.26,107.6,75.8,86.1,150.2,170.1,147.7,193.9,160.4,174,253,269.1,308.3,"High","High","High","High","High","High"
"Ag00001aa147057_T001",TRUE,"Master Protein","Ag00001aa147057_T001",4,2,2,491,NA,1.186,0.872463104172594,1,98.6,116.9,13.27,12.08,13.8,10.7,14.5,17.5,21.3,12.7,24.9,22.6,29.3,29.5,33.7,26.5,"High","High","High","High","High","High"
"Ag00001aa111619_T001",TRUE,"Master Protein","Ag00001aa111619_T001",3,2,3,542,NA,0.27,0.0414715069210646,0.161205942428326,288.4,77.9,12.74,21.01,28.4,31.1,30.7,7.2,10.6,8.9,51.2,65.8,62.1,12.1,16.8,18.6,"High","High","High","High","High","High"
"Ag00001aa007279_T001",TRUE,"Master Protein","Ag00001aa007279_T001",3,2,2,591,NA,NA,NA,NA,NA,NA,NA,NA,NA,NA,NA,NA,NA,NA,NA,NA,NA,NA,NA,NA,"High","High","High","High","High","High"
"Ag00001aa035500_T001",TRUE,"Master Protein","Ag00001aa035500_T001",4,2,2,596,NA,0.648,0.136819116023303,0.385168353552787,169.6,109.8,15.35,24.99,99.2,63.4,87.1,67.7,83.3,37.7,178.7,134.1,176.1,114.1,131.8,78.7,"High","High","High","High","High","High"
"Ag00001aa053228_T001",TRUE,"Master Protein","Ag00001aa053228_T001",3,2,2,629,NA,0.293,1.10163953082054e-05,0.000643262778228948,198.4,58.1,7.03,16.91,77.2,72.7,79,32.7,25,21.6,139.1,153.8,159.7,55.1,39.5,45.1,"High","High","High","High","High","High"
"Ag00001aa034051_T001",TRUE,"Master Protein","Ag00001aa034051_T001",10,2,3,265,NA,1.134,0.999998885111123,1,90.4,102.6,3.19,26.86,48.3,38.7,42.5,59.8,61.6,28.4,87,81.9,85.9,100.7,97.4,59.3,"High","High","High","High","High","High"
"Ag00001aa027791_T001",TRUE,"Master Protein","Ag00001aa027791_T001",2,2,3,1111,NA,0.551,0.149026571592286,0.410896166625069,236.1,130.1,48.39,19.08,37,17.2,50.8,15.9,24.7,17.6,66.7,36.4,102.7,26.8,39.1,36.7,"High","High","High","High","High","High"
"Ag00001aa052081_T001",TRUE,"Master Protein","Ag00001aa052081_T001",7,2,3,537,NA,0.988,0.990414619902169,1,62.1,61.3,7.99,13.8,27.2,21.6,26.5,36.2,30.6,23.2,49,45.7,53.6,61,48.4,48.4,"High","High","High","High","High","High"
"Ag00001aa031641_T001",TRUE,"Master Protein","Ag00001aa031641_T001",3,2,2,626,NA,0.799,0.141872926427444,0.397517700049906,170.4,136.1,4.8,14.24,23.5,18.7,21.5,16.2,22.9,16.2,42.3,39.6,43.5,27.3,36.2,33.8,"High","High","High","High","High","High"
"Ag00001aa131199_T001",TRUE,"Master Protein","Ag00001aa131199_T001",7,2,2,440,NA,1.805,0.0407950334321955,0.15953903476453,71.6,129.3,8.49,11.52,10.1,8.2,10.1,19.5,18.1,17.3,18.2,17.3,20.4,32.9,28.6,36.1,"High","High","High","High","High","High"
"Ag00001aa010530_T002",TRUE,"Master Protein","Ag00001aa010530_T002",5,2,2,433,NA,0.395,0.052053991272151,0.188279049463277,130.1,51.3,21.19,47.21,9.4,11,12.9,9.2,3.8,4.4,16.9,23.3,26.1,15.5,6,9.2,"High","High","High","High","High","High"
"Ag00001aa037664_T001",TRUE,"Master Protein","Ag00001aa037664_T001",8,2,3,433,NA,0.896,0.772238113830361,1,131.1,117.5,2.01,12.8,52.6,45.6,48.8,51.3,57,33.7,94.8,96.5,98.6,86.4,90.2,70.3,"High","High","High","High","High","High"
"Ag00001aa046867_T003",TRUE,"Master Protein","Ag00001aa046867_T003",4,2,2,820,NA,NA,NA,NA,NA,NA,NA,NA,NA,NA,NA,NA,NA,NA,NA,NA,NA,NA,NA,NA,"High","High","High","High","High","High"
"Ag00001aa056689_T004",TRUE,"Master Protein","Ag00001aa056689_T004",7,2,2,498,NA,NA,NA,NA,NA,NA,NA,NA,NA,NA,NA,NA,NA,NA,NA,NA,NA,NA,NA,NA,"High","High","High","High","High","High"
"Ag00001aa114047_T001",TRUE,"Master Protein","Ag00001aa114047_T001",4,2,2,851,NA,NA,NA,NA,NA,NA,NA,NA,NA,NA,NA,NA,NA,NA,NA,NA,NA,NA,NA,NA,"High","High","High","High","High","High"
"Ag00001aa106579_T003",TRUE,"Master Protein","Ag00001aa106579_T003",3,2,2,876,NA,1.12,0.619495644686644,1,124.7,139.7,21.66,21.47,78.7,49.9,81.4,94.3,95.7,105.7,141.8,105.6,164.5,158.9,151.4,220.6,"High","High","High","High","High","High"
"Ag00001aa091447_T002",TRUE,"Master Protein","Ag00001aa091447_T002",3,2,2,544,NA,0.833,0.240476440234476,0.575559436633092,129.1,107.5,4.45,3.69,65,51.8,53.3,51.6,57.7,44.8,117.1,109.6,107.7,86.9,91.3,93.5,"High","High","High","High","High","High"
"Ag00001aa022702_T001",TRUE,"Master Protein","Ag00001aa022702_T001",3,2,2,622,NA,0.679,0.17312055874804,0.452603389601727,156.7,106.5,5.31,13.85,52.9,40.5,44.9,36.6,35.8,35.4,95.3,85.7,90.8,61.7,56.6,73.9,"High","High","High","High","High","High"
"Ag00001aa052322_T002",TRUE,"Master Protein","Ag00001aa052322_T002",5,2,2,521,NA,NA,NA,NA,NA,NA,NA,NA,NA,NA,NA,NA,NA,NA,NA,NA,NA,NA,NA,NA,"High","High","High","High","High","High"
"Ag00001aa156079_T001",TRUE,"Master Protein","Ag00001aa156079_T001",4,2,2,407,NA,NA,NA,NA,NA,NA,NA,NA,NA,NA,NA,NA,NA,NA,NA,NA,NA,NA,NA,NA,"High","High","High","High","High","High"
"Ag00001aa041367_T001",TRUE,"Master Protein","Ag00001aa041367_T001",5,2,2,465,"Met-loss [N-Term]",NA,NA,NA,NA,NA,NA,NA,NA,NA,NA,NA,NA,NA,NA,NA,NA,NA,NA,NA,"High","High","High","High","High","High"
"Ag00001aa045318_T001",TRUE,"Master Protein","Ag00001aa045318_T001",5,2,2,567,NA,NA,NA,NA,NA,NA,NA,NA,NA,NA,NA,NA,NA,NA,NA,NA,NA,NA,NA,NA,"High","High","High","High","High","High"
"Ag00001aa054836_T001",TRUE,"Master Protein","Ag00001aa054836_T001",3,2,3,661,NA,0.723,0.528262438204575,0.995199658735413,141.4,102.3,11.43,14.7,380.8,360.3,299.7,273.7,313.6,291.3,686.1,762.3,605.8,461.1,496.1,608,"High","High","High","High","High","High"
"Ag00001aa135511_T001",TRUE,"Master Protein","Ag00001aa135511_T001",17,2,2,187,NA,0.783,0.807212743614175,1,39.9,31.2,8,16.82,45.1,34.2,34.6,40.2,35.8,23.2,81.3,72.4,69.9,67.7,56.6,48.4,"High","High","High","High","High","High"
"Ag00001aa015115_T001",TRUE,"Master Protein","Ag00001aa015115_T001",2,2,2,959,NA,NA,NA,NA,NA,NA,NA,NA,NA,NA,NA,NA,NA,NA,NA,NA,NA,NA,NA,NA,"High","High","High","High","High","High"
"Ag00001aa097585_T001",TRUE,"Master Protein","Ag00001aa097585_T001",3,2,2,585,NA,NA,NA,NA,NA,NA,NA,NA,NA,NA,NA,NA,NA,NA,NA,NA,NA,NA,NA,NA,"High","High","High","High","High","High"
"Ag00001aa106179_T001",TRUE,"Master Protein","Ag00001aa106179_T001",8,2,2,271,NA,0.593,0.00884093044162282,0.0525124390746378,193.6,114.8,19.15,17.19,63,76.4,61,43.4,47.7,26,113.5,161.6,123.3,73.1,75.5,54.3,"High","High","High","High","High","High"
"Ag00001aa122749_T002",TRUE,"Master Protein","Ag00001aa122749_T002",3,2,3,819,NA,1.78,1.47607272253936e-05,0.000643262778228948,88.5,157.5,10.6,5.85,28,21.3,20.2,49.7,50.7,35.7,50.4,45.1,40.8,83.7,80.2,74.5,"High","High","High","High","High","High"
"Ag00001aa111547_T001",TRUE,"Master Protein","Ag00001aa111547_T001",6,2,2,392,NA,1.079,0.987745564862818,1,83.6,90.2,29.81,14.32,35.4,17.2,21.4,27.5,29.5,28.3,63.8,36.4,43.3,46.3,46.7,59.1,"High","High","High","High","High","High"
"Ag00001aa131767_T001",TRUE,"Master Protein","Ag00001aa131767_T001",4,2,2,545,NA,NA,NA,NA,NA,NA,NA,NA,NA,NA,NA,NA,NA,NA,NA,NA,NA,NA,NA,NA,"High","High","High","High","High","High"
"Ag00001aa095523_T001",TRUE,"Master Protein","Ag00001aa095523_T001",5,2,2,458,NA,1.785,0.057343594832994,0.201331849527065,74.1,132.2,34.68,21.19,14,6.1,8.2,23.4,18.7,12.7,25.2,12.9,16.6,39.4,29.6,26.5,"High","High","High","High","High","High"
"Ag00001aa064631_T001",TRUE,"Master Protein","Ag00001aa064631_T001",4,2,3,496,NA,0.62,0.405110453919455,0.829001783964983,251.8,156.2,3.79,6.56,29,22.9,24.8,16.6,20,14.9,52.3,48.5,50.1,28,31.6,31.1,"High","High","High","High","High","High"
"Ag00001aa078174_T002",TRUE,"Master Protein","Ag00001aa078174_T002",12,2,3,165,NA,NA,NA,NA,NA,NA,NA,NA,NA,NA,NA,NA,NA,NA,NA,NA,NA,NA,NA,NA,"High","High","High","High","High","High"
"Ag00001aa139153_T001",TRUE,"Master Protein","Ag00001aa139153_T001",3,2,2,1556,NA,0.899,0.999721186760513,1,49.4,44.5,5.25,17.11,5.7,4.4,4.7,5,5.4,5.4,10.3,9.3,9.5,8.4,8.5,11.3,"High","High","High","High","High","High"
"Ag00001aa001984_T001",TRUE,"Master Protein","Ag00001aa001984_T001",7,2,2,280,NA,1.144,0.993883716475939,1,35.2,40.3,50.97,45.21,7,4.9,1.9,8.2,7.5,2.4,12.6,10.4,3.8,13.8,11.9,5,"High","High","High","High","High","High"
"Ag00001aa024253_T002",TRUE,"Master Protein","Ag00001aa024253_T002",5,2,2,442,NA,0.674,0.0286309438107658,0.123968606116878,90.5,60.9,6.93,9.67,26.9,25.9,27.1,21.9,24.4,15.3,48.5,54.8,54.8,36.9,38.6,31.9,"High","High","High","High","High","High"
"Ag00001aa075795_T001",TRUE,"Master Protein","Ag00001aa075795_T001",11,2,2,323,NA,0.75,0.0124796650167321,0.0683514005833703,166.6,124.9,12.91,5.09,79.5,70.5,89.6,66.4,69.9,58.1,143.2,149.2,181.1,111.9,110.6,121.3,"High","High","High","High","High","High"
"Ag00001aa056330_T001",TRUE,"Master Protein","Ag00001aa056330_T001",2,2,2,617,NA,0.266,0.000290670637373758,0.00479754381484678,264.5,70.5,27.26,31.82,43.3,21.5,37.3,15.6,12.7,6.5,78,45.5,75.4,26.3,20.1,13.6,"High","High","High","High","High","High"
"Ag00001aa008863_T002",TRUE,"Master Protein","Ag00001aa008863_T002",5,2,2,510,NA,1.245,0.664565802183911,1,96.5,120.1,16,5.82,47.5,29.4,39.3,58.7,63.4,43.1,85.6,62.2,79.4,98.9,100.3,90,"High","High","High","High","High","High"
"Ag00001aa151058_T002",TRUE,"Master Protein","Ag00001aa151058_T002",6,2,2,703,NA,NA,NA,NA,NA,NA,NA,NA,NA,NA,NA,NA,NA,NA,NA,NA,NA,NA,NA,NA,"High","High","High","High","High","High"
"Ag00001aa005220_T001",TRUE,"Master Protein","Ag00001aa005220_T001",3,2,2,522,NA,0.6,9.47918792770786e-05,0.00219152205087143,156.3,93.7,7.05,3.82,226.8,185.3,222.2,137.6,154.9,119.6,408.6,392,449.1,231.8,245,249.6,"High","High","High","High","High","High"
"Ag00001aa015734_T001",TRUE,"Master Protein","Ag00001aa015734_T001",23,2,3,84,NA,0.406,0.0850539756579943,0.271144384617354,350.1,142.2,8.61,15.23,36.6,29,36,15.9,20,11.2,65.9,61.4,72.8,26.8,31.6,23.4,"High","High","High","High","High","High"
"Ag00001aa090240_T001",TRUE,"Master Protein","Ag00001aa090240_T001",9,2,2,222,NA,0.619,0.148994841511102,0.410896166625069,200.9,124.4,9.95,14.9,38.7,40,40.2,36.6,31.8,22.3,69.7,84.6,81.3,61.7,50.3,46.5,"High","High","High","High","High","High"
"Ag00001aa008750_T001",TRUE,"Master Protein","Ag00001aa008750_T001",2,2,2,784,NA,1.185,0.999500183892657,1,84.3,99.9,26.85,10.95,20.9,12.4,11.3,19.3,16.6,14.9,37.7,26.2,22.8,32.5,26.3,31.1,"High","High","High","High","High","High"
"Ag00001aa034965_T001",TRUE,"Master Protein","Ag00001aa034965_T001",16,2,6,87,NA,1.154,0.580942956930616,1,77.3,89.2,19,11.44,45.2,43.3,30.8,55.8,58.6,54.2,81.4,91.6,62.3,94,92.7,113.1,"High","High","High","High","High","High"
"Ag00001aa053812_T001",TRUE,"Master Protein","Ag00001aa053812_T001",2,2,2,1068,NA,2.006,0.0647505044095772,0.220809314217257,52.3,105,20.51,8.85,17.4,12.7,10.2,32,29.4,26.3,31.4,26.9,20.6,53.9,46.5,54.9,"High","High","High","High","High","High"
"Ag00001aa146659_T001",TRUE,"Master Protein","Ag00001aa146659_T001",9,2,2,234,NA,1.101,0.92920831960414,1,60,66,3.74,8.92,39.4,32.1,36.2,53.1,49.4,36.4,71,67.9,73.2,89.5,78.1,76,"High","High","High","High","High","High"
"Ag00001aa078441_T002",TRUE,"Master Protein","Ag00001aa078441_T002",9,2,2,460,NA,0.756,0.886501800279442,1,97.5,73.7,15.57,17.46,39.1,24.4,32.3,29.3,31,31.5,70.4,51.6,65.3,49.4,49,65.7,"High","High","High","High","High","High"
"Ag00001aa103175_T003",TRUE,"Master Protein","Ag00001aa103175_T003",3,2,2,443,NA,NA,NA,NA,NA,NA,NA,NA,NA,NA,NA,NA,NA,NA,NA,NA,NA,NA,NA,NA,"High","High","High","High","High","High"
