"protein_id","log2FC","padj","neg_log10padj","DAP"
"Td00001aa000021_T002",-0.0388362425626015,0.293373749407435,0.532578748698362,"NS"
"Td00001aa000033_T002",-0.0456655128350433,0.745166781525967,0.127746513573867,"NS"
"Td00001aa000039_T002",-0.952844778259709,0.000753446819501052,3.12294739605315,"NS"
"Td00001aa000041_T001",0.724855277368514,0.0029533268066275,2.52968849260083,"NS"
"Td00001aa000042_T001",0.000634070674285722,0.999154383321993,0.000367402019603763,"NS"
"Td00001aa000049_T001",-0.345923463955683,0.32368594048772,0.489876164054974,"NS"
"Td00001aa000066_T001",-0.57136392327944,0.0614726594393479,1.21131799796016,"NS"
"Td00001aa000068_T001",0.2761239767058,0.0355633945468108,1.44899679206099,"NS"
"Td00001aa000075_T001",-0.514299969971994,0.00130300021929976,2.88505551119404,"NS"
"Td00001aa000079_T006",-0.721368078316576,7.91378692422447e-11,10.1016156471303,"NS"
"Td00001aa000081_T004",0.567680700608296,0.740951019852107,0.130210499862801,"NS"
"Td00001aa000082_T002",-0.226278579892334,0.983001977416172,0.00744560853605536,"NS"
"Td00001aa000084_T001",-0.0570075153704203,0.627205677741884,0.202590018881001,"NS"
"Td00001aa000086_T002",-0.193299662106366,0.515069461917698,0.288134198350417,"NS"
"Td00001aa000108_T001",-1.08434872725706,2.57911559108549e-06,5.58852919316814,"Down"
"Td00001aa000109_T003",0.34229795626539,0.00211809471038964,2.67405462436075,"NS"
"Td00001aa000119_T001",-0.42810343385404,1.77446473911831e-06,5.75093262621692,"NS"
"Td00001aa000122_T001",0.399344910542776,0.24633057658369,0.608481676600307,"NS"
"Td00001aa000125_T004",-1.84101674191573,0.000271968905656294,3.56548074623722,"Down"
"Td00001aa000146_T001",-0.330746138918579,1.14713221770062e-06,5.94038652271906,"NS"
"Td00001aa000147_T002",-0.0757491062963956,0.92267825623962,0.0349497138164776,"NS"
"Td00001aa000149_T001",-0.0392842587661265,0.923067439139603,0.0347665683389161,"NS"
"Td00001aa000157_T001",-0.296731346815685,6.38487384033232e-05,4.19484767960477,"NS"
"Td00001aa000161_T001",-0.557405537664952,2.79415894805357e-05,4.55374889231664,"NS"
"Td00001aa000195_T001",0.919115294865434,0.000419183375465508,3.37759594951374,"NS"
"Td00001aa000234_T001",-0.415399006816765,1.32159415739753e-08,7.87890188998103,"NS"
"Td00001aa000235_T002",-0.224238363250172,0.0417019117608904,1.37984403499809,"NS"
"Td00001aa000236_T001",0.784851620884691,6.76433298249154e-05,4.16977502187571,"NS"
"Td00001aa000271_T002",-0.190316687463497,0.583687810724739,0.23381937605811,"NS"
"Td00001aa000272_T006",-0.198209532644832,0.0381402458399515,1.41861651195624,"NS"
"Td00001aa000301_T001",-0.564606546301548,0.00137369741259613,2.86210891975969,"NS"
"Td00001aa000302_T001",0.258927881771284,0.561224783213685,0.250863159141724,"NS"
"Td00001aa000318_T002",-0.837306981740642,3.53327077280829e-05,4.4518230790581,"NS"
"Td00001aa000324_T002",-0.347895133970781,0.000172795306835251,3.7624680572462,"NS"
"Td00001aa000336_T002",0.0489347170757784,0.985214349388235,0.00646927140180758,"NS"
"Td00001aa000346_T001",0.837177804666903,8.96274491254488e-07,6.04755896379683,"NS"
"Td00001aa000350_T001",0.40637912503726,0.302918948029587,0.51867356005335,"NS"
"Td00001aa000354_T001",0.176336908963959,0.860144899053941,0.0654283818275962,"NS"
"Td00001aa000358_T001",0.0198500410031945,0.829824238072413,0.0810138841523006,"NS"
"Td00001aa000380_T001",-0.556066333603921,0.0314698554980348,1.50210525125742,"NS"
"Td00001aa000395_T001",-0.725503565856051,1.97578982772894e-05,4.70425925484562,"NS"
"Td00001aa000422_T001",-0.0614832741594543,0.94776770710249,0.0232980929209795,"NS"
"Td00001aa000432_T001",0.0244030421248524,0.97723179485618,0.0100024114223442,"NS"
"Td00001aa000433_T001",0.0818813446988668,0.254881744652804,0.593661268808745,"NS"
"Td00001aa000441_T001",-0.213710615463443,0.895518790754636,0.0479252968775626,"NS"
"Td00001aa000442_T001",-0.0879150490884099,0.828617526399344,0.0816458850154897,"NS"
"Td00001aa000457_T002",-0.209805499126742,0.129943766967467,0.886244547533162,"NS"
"Td00001aa000466_T003",0.0222720742801992,0.737864973889856,0.132023104924594,"NS"
"Td00001aa000478_T001",-0.142934444072572,0.174252222154498,0.758821674846693,"NS"
"Td00001aa000490_T002",0.247219328208726,0.931262200529441,0.030928024484828,"NS"
"Td00001aa000499_T001",-0.280349257554344,0.0191846194873105,1.71704681028897,"NS"
"Td00001aa000504_T001",-0.400690038789578,0.00154094355860391,2.81221326824834,"NS"
"Td00001aa000547_T002",-0.13744730635333,0.547399444872919,0.261695647351087,"NS"
"Td00001aa000549_T001",-1.40470876362206,2.95509571089981e-11,10.5294284484401,"Down"
"Td00001aa000552_T001",-0.343636245213644,0.0721526791262503,1.14174753833147,"NS"
"Td00001aa000573_T001",-0.100084769156015,0.510315933099464,0.292160871900666,"NS"
"Td00001aa000595_T001",-0.186900469141082,0.0947250433615246,1.02353518724942,"NS"
"Td00001aa000601_T001",0.63134958582455,9.01187951280346e-07,6.04518462334794,"NS"
"Td00001aa000663_T001",0.214569408476908,0.770000386949228,0.113509056580931,"NS"
"Td00001aa000684_T003",0.0740803346735945,0.217140260204899,0.663259646081316,"NS"
"Td00001aa000699_T001",-0.0039846213014206,0.665403364578395,0.176915007473603,"NS"
"Td00001aa000706_T002",0.0429859812403023,0.953659979159647,0.0206064423784818,"NS"
"Td00001aa000708_T002",0.110151905414201,0.554287478011853,0.256264932505828,"NS"
"Td00001aa000745_T003",-0.123890663991283,0.737619344404474,0.132167702233771,"NS"
"Td00001aa000756_T002",0.275275886930482,0.00298514837319488,2.52503407791539,"NS"
"Td00001aa000777_T003",0.63476021619105,0.0437748229311234,1.35877560195934,"NS"
"Td00001aa000799_T001",-0.352375862051898,0.0457120426490761,1.33996937176686,"NS"
"Td00001aa000801_T002",-0.712113875929093,1.95073133886388e-14,13.7098025389516,"NS"
"Td00001aa000807_T002",0.543349311750621,0.00310688219115643,2.50767521430238,"NS"
"Td00001aa000820_T001",-0.238558019746374,0.091383559947847,1.03913192752795,"NS"
"Td00001aa000830_T001",-0.0668210143364778,0.997819434883132,0.000948041406757976,"NS"
"Td00001aa000832_T001",-0.533165375347707,3.78301818714993e-06,5.42216157079822,"NS"
"Td00001aa000835_T001",-0.199874263279091,0.148426400083556,0.828488845749085,"NS"
"Td00001aa000845_T001",0.102611053763702,0.945482055950421,0.0243467090988626,"NS"
"Td00001aa000864_T001",0.0665689178035472,0.70370481163807,0.152609479439112,"NS"
"Td00001aa000866_T001",-0.442907650270085,0.00106674424025784,2.97193969337701,"NS"
"Td00001aa000868_T002",-0.252274935539759,2.96518889479383e-05,4.52794763506412,"NS"
"Td00001aa000869_T002",-0.103776993130541,0.22665029078138,0.644643719426084,"NS"
"Td00001aa000883_T001",-0.569452602439422,2.92210147611788e-05,4.53430470635079,"NS"
"Td00001aa000885_T001",0.675631481334947,0.0165294571309239,1.78174140952085,"NS"
"Td00001aa000920_T002",-1.09944056131962,2.65598378186024e-12,11.5757745812129,"Down"
"Td00001aa000926_T002",0.64485282311077,9.56937689088454e-10,9.01911634034863,"NS"
"Td00001aa000964_T002",0.325094559572171,0.998489020291247,0.000656706409845499,"NS"
"Td00001aa000967_T002",-2.91139937402286,1.68148174924093e-10,9.77430784214475,"Down"
"Td00001aa000997_T001",-0.377661790602876,0.0106701931522275,1.97182771888975,"NS"
"Td00001aa001066_T001",-0.718090278547922,1.73349349860396e-06,5.76107778280811,"NS"
"Td00001aa001073_T002",0.298457434942803,0.409178499560926,0.38808719452822,"NS"
"Td00001aa001084_T001",-0.279315894409731,0.0788968258437344,1.10294046886004,"NS"
"Td00001aa001111_T001",0.680646486065881,0.041755823681812,1.37928294493502,"NS"
"Td00001aa001113_T004",-0.180547985097047,0.74599645156455,0.127263238304275,"NS"
"Td00001aa001118_T001",-0.406508121828739,3.99552718770377e-09,8.39842590981548,"NS"
"Td00001aa001127_T001",-0.285833917319995,0.230831105431412,0.636705668622946,"NS"
"Td00001aa001133_T001",0.0824035401623943,0.716028529089817,0.145069673530906,"NS"
"Td00001aa001138_T001",-1.08033857795143,1.96330376206118e-06,5.70701250122477,"Down"
"Td00001aa001141_T006",0.0316208429338981,0.99900131850405,0.000433938582170514,"NS"
"Td00001aa001142_T003",-0.258863543999377,0.0817010848267703,1.08777217686841,"NS"
"Td00001aa001143_T001",-0.676399317137708,0.00263982452930632,2.57842493998118,"NS"
"Td00001aa001145_T003",0.18413785257964,0.216076033636332,0.66539340080165,"NS"
"Td00001aa001192_T001",0.220836385107448,0.221677379530499,0.65427862103208,"NS"
"Td00001aa001210_T001",-0.214717496508564,0.00416280439133387,2.38061399597371,"NS"
"Td00001aa001215_T001",-0.462075687750995,0.00053483165514462,3.27178289601031,"NS"
"Td00001aa001237_T002",0.0259327536803897,0.999955217434126,1.94492567417199e-05,"NS"
"Td00001aa001245_T001",-0.498836327211259,0.00361762768178934,2.44157613180036,"NS"
"Td00001aa001265_T002",0.0602798391826926,0.100331543696197,0.998562505668657,"NS"
"Td00001aa001267_T001",-0.441284256486698,1.78947045042886e-05,4.74727546873061,"NS"
"Td00001aa001268_T005",1.93542222127546,5.02942648467089e-07,6.298481535569,"Up"
"Td00001aa001283_T001",0.170978286512578,0.334226653827736,0.475958919048461,"NS"
"Td00001aa001300_T001",-0.289392316131563,5.25110658801695e-15,14.2797491662268,"NS"
"Td00001aa001301_T001",-0.324780806145822,0.141046121885624,0.850638850429053,"NS"
"Td00001aa001315_T001",-0.0409885027291236,0.978982560668858,0.00922504453265553,"NS"
"Td00001aa001319_T001",-0.224172826523512,0.226058050737496,0.645780021571029,"NS"
"Td00001aa001322_T001",0.585759982934864,9.76889013789848e-06,5.0101547744968,"NS"
"Td00001aa001355_T001",-0.989503517225063,0.000132915480326521,3.87642443494241,"NS"
"Td00001aa001373_T007",-0.0152060566878733,0.970561141233198,0.0129771007044649,"NS"
"Td00001aa001418_T004",0.116514786032027,0.38169635020103,0.418281992775898,"NS"
"Td00001aa001425_T001",0.1057556118819,0.226690128361562,0.644567391613432,"NS"
"Td00001aa001489_T001",0.128781216253737,0.999870358085405,5.63064180468027e-05,"NS"
"Td00001aa001495_T004",0.191041522486217,0.680794245670853,0.166984123728341,"NS"
"Td00001aa001498_T001",-0.00185730493484582,0.999955482894855,1.93339634638579e-05,"NS"
"Td00001aa001507_T002",-1.06474309684983,6.98848892113083e-08,7.15561671898369,"Down"
"Td00001aa001511_T001",1.82096946220412,1.42184171587071e-08,7.84714874801558,"Up"
"Td00001aa001519_T001",-0.54380516165333,2.01513656186893e-06,5.69569551723678,"NS"
"Td00001aa001541_T001",0.917100803275787,0.000156594954374059,3.80522223539944,"NS"
"Td00001aa001544_T001",-0.412727575494744,0.653231158234998,0.184933108187061,"NS"
"Td00001aa001550_T005",-0.112876156949439,0.156076211708595,0.806663284707975,"NS"
"Td00001aa001578_T001",-0.539250791942473,3.0130161939862e-05,4.52099853412819,"NS"
"Td00001aa001591_T001",-0.103165974084532,0.163594249650543,0.786231965878195,"NS"
"Td00001aa001592_T001",-1.13098716246944,1.82355666717873e-07,6.7390807364025,"Down"
"Td00001aa001603_T002",0.172680333214618,0.464571659331654,0.332947287371109,"NS"
"Td00001aa001617_T001",0.103415789660103,0.91871033710793,0.0368213970201155,"NS"
"Td00001aa001626_T001",0.0830423059972404,0.984916224585199,0.0066007083325121,"NS"
"Td00001aa001679_T001",-0.78399553571537,0.000362504839752715,3.44068619084784,"NS"
"Td00001aa001703_T002",-0.0406555797081327,0.927065168443913,0.0328897358654262,"NS"
"Td00001aa001759_T002",-1.06318749520364,1.82701581364548e-06,5.73825769361668,"Down"
"Td00001aa001768_T001",1.011102347304,5.06264497541648e-05,4.29562252701246,"Up"
"Td00001aa001792_T001",-0.0444908543808255,0.525853647593134,0.279135109243064,"NS"
"Td00001aa001816_T003",-0.00485465656551099,0.937545771948012,0.0280075203797687,"NS"
"Td00001aa001820_T002",0.397894023292635,0.0281901203655567,1.5499030697834,"NS"
"Td00001aa001856_T001",-1.48990640408291,0.00151016745537953,2.82097489316042,"Down"
"Td00001aa001862_T001",0.440141986028581,0.0172357210431868,1.76357054349902,"NS"
"Td00001aa001865_T001",0.580098172276126,0.000108275673968257,3.96546910429834,"NS"
"Td00001aa001885_T002",0.32091385232792,0.00764534929749539,2.1166026679352,"NS"
"Td00001aa001943_T002",-0.127001615512398,0.0127413553228184,1.89478437279232,"NS"
"Td00001aa001961_T001",-0.241546823653341,0.421448858007509,0.37525511862569,"NS"
"Td00001aa001965_T002",0.525063715702592,4.31105450177115e-07,6.3654164866175,"NS"
"Td00001aa001981_T001",0.353338863436925,1.10722016587475e-07,6.95576601298091,"NS"
"Td00001aa001998_T001",0.0347742744942069,0.99474651410105,0.00228757408087669,"NS"
"Td00001aa002029_T003",0.0487218811774884,0.768373756226325,0.114427476866994,"NS"
"Td00001aa002075_T002",0.768946083089542,0.020254964996556,1.69346850300203,"NS"
"Td00001aa002093_T001",-0.559887315646721,1.63185699647585e-06,5.78731790217688,"NS"
"Td00001aa002133_T001",-0.393816044723635,2.875654950682e-07,6.54126322607944,"NS"
"Td00001aa002147_T001",0.043494360469634,0.996193576385819,0.0016562629943069,"NS"
"Td00001aa002157_T002",-0.249156636987624,0.501909516446357,0.299374569807167,"NS"
"Td00001aa002232_T001",2.56882364389705,1.928066275992e-14,13.7148780415935,"Up"
"Td00001aa002263_T001",0.0694994351400414,0.944971722368234,0.024581187261301,"NS"
"Td00001aa002278_T003",0.0962135422666304,0.516586615005087,0.286856850785117,"NS"
"Td00001aa002280_T001",-1.39951789021041,2.06928813738693e-05,4.68417903192273,"Down"
"Td00001aa002302_T001",-0.2234256988208,0.000853927115408265,3.06857919573583,"NS"
"Td00001aa002304_T001",-0.841653425120366,2.76376948875804e-06,5.558498181969,"NS"
"Td00001aa002316_T001",-1.17161956523322,0.000196380625336571,3.70690136137837,"Down"
"Td00001aa002331_T006",-0.217892403243684,0.803897615915885,0.094799259303984,"NS"
"Td00001aa002356_T001",-0.213269475304824,0.711243452040302,0.147981718847635,"NS"
"Td00001aa002372_T002",1.7666852950229,1.6204512778021e-13,12.7903640223916,"Up"
"Td00001aa002377_T001",0.584481750537744,5.50628310156769e-05,4.25914146343162,"NS"
"Td00001aa002382_T003",-0.0687858769045098,0.845562308830196,0.0728543840637859,"NS"
"Td00001aa002383_T002",-0.236900099399177,0.0592561900663566,1.22726627533909,"NS"
"Td00001aa002406_T001",-0.113152415320722,0.997763440416331,0.000972413321606609,"NS"
"Td00001aa002493_T003",-0.659353006780722,0.0234357438207437,1.63012125796976,"NS"
"Td00001aa002517_T001",-0.353601215326266,0.00222013145190849,2.65362131061766,"NS"
"Td00001aa002518_T002",-1.22019854366991,0.338886094932441,0.4699462506315,"NS"
"Td00001aa002522_T001",-0.509142206613292,0.0361248942342431,1.4421934157524,"NS"
"Td00001aa002537_T001",-0.426024236747126,1.99576059180949e-06,5.69989155718295,"NS"
"Td00001aa002569_T001",-0.666107885569823,1.3246255111516e-05,4.87790688506923,"NS"
"Td00001aa002573_T001",-0.0883245344578617,0.863917360113172,0.0635277989138729,"NS"
"Td00001aa002575_T002",0.11891639638472,0.996395506346762,0.00156823975978386,"NS"
"Td00001aa002598_T001",-0.432908906729255,0.000711151169267198,3.1480380715624,"NS"
"Td00001aa002600_T001",-0.265458911996553,2.4032926739634e-05,4.61919333741606,"NS"
"Td00001aa002603_T003",2.08634453136465,6.2384124024342e-13,12.2049259187451,"Up"
"Td00001aa002606_T002",-0.539292965359792,1.58121699905181e-05,4.80100852537213,"NS"
"Td00001aa002617_T001",-0.129018454300461,0.448705737584257,0.348038377123376,"NS"
"Td00001aa002620_T001",-0.470753455597603,0.0010431946258579,2.98163465892645,"NS"
"Td00001aa002622_T001",-0.153921369391541,0.924678543723328,0.0340092196402456,"NS"
"Td00001aa002628_T001",-0.00569715026466012,0.561596376211121,0.250575703222609,"NS"
"Td00001aa002632_T004",0.644668829324812,1.79906064947464e-06,5.74495419558264,"NS"
"Td00001aa002636_T001",-0.188274473202562,0.108463616535089,0.964715918847206,"NS"
"Td00001aa002645_T002",-0.314420380388041,0.00202967298085026,2.69257392960052,"NS"
"Td00001aa002647_T002",-0.50127801221849,0.000541696214395274,3.2662441994377,"NS"
"Td00001aa002661_T001",-0.589212808812189,0.000469342580874025,3.32851004284753,"NS"
"Td00001aa002689_T005",0.278150082803419,0.0671817643432711,1.17274859480092,"NS"
"Td00001aa002692_T001",-0.0617303447962922,0.999414331334702,0.000254427181851131,"NS"
"Td00001aa002694_T002",0.232897784562206,0.0312146914947337,1.50564095298952,"NS"
"Td00001aa002708_T001",0.0118850761150805,0.682293951923149,0.16602847843143,"NS"
"Td00001aa002709_T002",-0.372993068078333,0.000347313752544126,3.45927801963834,"NS"
"Td00001aa002710_T001",-0.725910193306696,4.31464822884652e-05,4.36505460632152,"NS"
"Td00001aa002713_T001",0.308449678270784,0.455044790080229,0.341945853612511,"NS"
"Td00001aa002733_T002",-0.744738126936111,3.98388868835643e-05,4.39969280446217,"NS"
"Td00001aa002734_T001",-0.317492647110223,0.948846643701746,0.0228039742703132,"NS"
"Td00001aa002739_T002",0.359450159881606,0.00662811619450884,2.17860988676572,"NS"
"Td00001aa002742_T001",1.12751162383156,0.0119293126291552,1.92338457979698,"Up"
"Td00001aa002746_T002",0.18594739145085,0.162230906490414,0.789866405121141,"NS"
"Td00001aa002748_T001",0.278362218206487,0.326679733161103,0.485877807824284,"NS"
"Td00001aa002777_T001",-0.0177212631020557,0.768967981571015,0.114091743054904,"NS"
"Td00001aa002792_T002",-0.144352779966195,0.98193976621263,0.00791515172810793,"NS"
"Td00001aa002810_T003",-0.613060165723575,0.00260563773008989,2.58408596573762,"NS"
"Td00001aa002818_T001",-0.349258169632528,0.00613999896932294,2.21183170176069,"NS"
"Td00001aa002840_T001",-0.137514133051367,0.45395156179296,0.342990485399111,"NS"
"Td00001aa002846_T004",0.272349441199734,0.932236800474344,0.0304737570916099,"NS"
"Td00001aa002847_T001",2.12593693016137,6.37609170871386e-13,12.195445445015,"Up"
"Td00001aa002854_T001",0.65071951858788,0.0515297732053884,1.28794176896654,"NS"
"Td00001aa002896_T001",0.299574184858284,0.936602468697098,0.0284447018388907,"NS"
"Td00001aa002912_T001",-0.362563451915072,0.0909929180718374,1.0409924072614,"NS"
"Td00001aa002916_T001",-0.358382355262334,0.216453994517814,0.664634395154418,"NS"
"Td00001aa002931_T001",0.733681956080098,0.0037902442408853,2.42133280347492,"NS"
"Td00001aa002989_T005",0.0541806340841285,0.511618430988614,0.291053818508338,"NS"
"Td00001aa003020_T002",-0.066918680073397,0.338121973101005,0.47092660537609,"NS"
"Td00001aa003089_T001",0.0944887169185759,0.988960331585323,0.0048211281390278,"NS"
"Td00001aa003097_T001",-0.798755569402101,0.0767489978545608,1.11492728658792,"NS"
"Td00001aa003107_T001",-0.402543952980573,7.62654754016964e-05,4.11767201821551,"NS"
"Td00001aa003108_T001",-0.223189166794236,0.756970778885619,0.120920885115083,"NS"
"Td00001aa003158_T001",-0.581776780167075,3.09781627426158e-07,6.50894434301337,"NS"
"Td00001aa003163_T001",0.120535827607711,0.0948083023884142,1.02315362971262,"NS"
"Td00001aa003177_T001",-0.277438554573958,0.00412508185882567,2.38456742881502,"NS"
"Td00001aa003180_T003",0.22713047368615,4.63117396587126e-05,4.33430890481935,"NS"
"Td00001aa003184_T001",-0.367504348858591,0.134128857068651,0.872477776082497,"NS"
"Td00001aa003191_T001",0.735521079866668,0.00303916298090911,2.51724600942596,"NS"
"Td00001aa003193_T001",0.265590838738519,0.560532750992788,0.251399007226177,"NS"
"Td00001aa003200_T001",-0.492505608805739,2.47570434640363e-07,6.60630122087651,"NS"
"Td00001aa003202_T003",-0.146588842108015,0.0918366942403388,1.03698375755736,"NS"
"Td00001aa003203_T002",0.775552870113859,2.02906165419971e-05,4.69270475647976,"NS"
"Td00001aa003206_T001",-0.748733143317757,3.44535989308569e-07,6.46276540614602,"NS"
"Td00001aa003210_T002",-0.148351729749387,0.920454229538276,0.035997802329087,"NS"
"Td00001aa003221_T001",0.262273701665226,0.85894019072357,0.066037075683347,"NS"
"Td00001aa003242_T002",0.498563701347237,1.30663309654415e-05,4.8838463454846,"NS"
"Td00001aa003249_T002",-0.343902287131884,0.000448766707147716,3.34797936975179,"NS"
"Td00001aa003250_T001",-0.45188384454329,0.00053695423555848,3.27006272750599,"NS"
"Td00001aa003262_T002",-0.124910400260201,0.234478781200935,0.62989645198639,"NS"
"Td00001aa003276_T001",0.623151982129054,0.000668503802830007,3.17489611788084,"NS"
"Td00001aa003277_T001",1.28584276855704,4.3319060319994e-16,15.36332097269,"Up"
"Td00001aa003303_T001",-0.116340137486652,0.725891724188132,0.139128154912194,"NS"
"Td00001aa003309_T001",0.0357603189161574,0.995917161358198,0.00177678392691071,"NS"
"Td00001aa003315_T003",-0.24808022685856,0.00818611550546383,2.08692213178559,"NS"
"Td00001aa003317_T002",0.163380927979949,0.805450519501838,0.0939611340372652,"NS"
"Td00001aa003322_T003",-0.235006467654681,6.19881374036514e-05,4.2076914129704,"NS"
"Td00001aa003331_T001",0.763209527815384,1.5124921332721e-12,11.8203068755088,"NS"
"Td00001aa003346_T001",-0.684601904677138,0.00644717925555937,2.19063025461936,"NS"
"Td00001aa003349_T002",0.629476552417812,1.06959619689287e-05,4.97078014994145,"NS"
"Td00001aa003350_T001",-1.13586895336921,0.0248863467864116,1.60403885136039,"Down"
"Td00001aa003359_T001",-0.481716529484533,0.000807678449065579,3.09276150505573,"NS"
"Td00001aa003366_T001",0.261555824323957,7.39557944071588e-05,4.13102779353362,"NS"
"Td00001aa003368_T001",-0.514888123655183,0.280279726763168,0.552408314559747,"NS"
"Td00001aa003400_T002",-0.893471660853026,1.59511131074789e-15,14.7972090054238,"NS"
"Td00001aa003426_T001",0.810575803690581,0.00305607195918078,2.5148364239487,"NS"
"Td00001aa003441_T001",-0.249358823460451,0.00524585161486549,2.28018399810642,"NS"
"Td00001aa003470_T001",-0.612191725612177,0.000543449342221894,3.26484093256913,"NS"
"Td00001aa003479_T001",-0.200919125268702,0.157356123885576,0.803116350825366,"NS"
"Td00001aa003480_T001",2.11911379050249,3.94816642951377e-13,12.4036045485313,"Up"
"Td00001aa003491_T001",-1.28438108805807,3.39421888085347e-12,11.4692601550408,"Down"
"Td00001aa003508_T001",-0.406517936996206,3.99734210444857e-06,5.39822868193345,"NS"
"Td00001aa003516_T002",-0.0272704526820976,0.628720800054404,0.201542171589651,"NS"
"Td00001aa003538_T002",-0.116761080946426,0.143781661213643,0.84229650297688,"NS"
"Td00001aa003542_T001",-0.0399936889986185,0.6990490421518,0.155492355028599,"NS"
"Td00001aa003543_T003",-0.55710321451509,7.83084484822967e-05,4.10619138058179,"NS"
"Td00001aa003546_T001",-0.290877570039371,0.00769041221334135,2.1140503809812,"NS"
"Td00001aa003547_T001",-0.346798908812102,0.0366557595595264,1.43585777686467,"NS"
"Td00001aa003563_T002",0.126633722416337,0.407264988474418,0.390122923491035,"NS"
"Td00001aa003578_T002",0.697525455078109,8.33573612386118e-08,7.07905604185703,"NS"
"Td00001aa003586_T003",-1.13790257297633,2.44292809982405e-05,4.61208931497874,"Down"
"Td00001aa003625_T001",0.593248845861572,3.01561595710292e-08,7.52062396728863,"NS"
"Td00001aa003628_T001",-0.0822601304819852,0.792991422557784,0.100731510230908,"NS"
"Td00001aa003659_T005",0.426624042969027,0.0199778925373001,1.69945032730598,"NS"
"Td00001aa003661_T001",-0.137615475130558,0.0249638341854363,1.60268871074863,"NS"
"Td00001aa003666_T001",-0.482051972552624,0.0110083993589781,1.95827582363487,"NS"
"Td00001aa003679_T001",-0.337400978029135,0.000194096080243403,3.71198323506939,"NS"
"Td00001aa003685_T001",-0.160374314348709,0.947753262081877,0.0233047120962304,"NS"
"Td00001aa003686_T001",0.313176620831509,0.00153205480224233,2.81472569952994,"NS"
"Td00001aa003698_T001",-0.185006545607257,0.265376349205181,0.576137784815108,"NS"
"Td00001aa003701_T002",-0.432339227047492,1.23852635940528e-07,6.90709474594335,"NS"
"Td00001aa003712_T002",-0.022133676756194,0.999506689597888,0.000214294846787967,"NS"
"Td00001aa003729_T001",-0.165405594987346,0.897027646031455,0.0471941719682966,"NS"
"Td00001aa003754_T001",0.184064417773165,0.0122015421702265,1.91358527476033,"NS"
"Td00001aa003762_T003",-0.3718469968017,0.000788582592910103,3.10315281372808,"NS"
"Td00001aa003767_T001",-0.710717815890312,0.000924904769203626,3.0339029811404,"NS"
"Td00001aa003775_T001",0.0120087603907543,0.988466037607214,0.0050382478810788,"NS"
"Td00001aa003788_T002",-0.144100356826029,0.390325587624031,0.408572977799782,"NS"
"Td00001aa003795_T001",-0.0690877279260516,0.696794296754613,0.15689541267625,"NS"
"Td00001aa003797_T005",0.21753056060052,0.295675305114907,0.529184946357162,"NS"
"Td00001aa003812_T002",-0.339384579300973,0.110255522778164,0.957599647193379,"NS"
"Td00001aa003819_T001",-0.29945769577474,0.00259821051152183,2.58532566454531,"NS"
"Td00001aa003823_T002",0.346139738409524,2.69270462756399e-05,4.56981128329643,"NS"
"Td00001aa003830_T003",-0.0258994263672835,0.996019266259088,0.00173226082420915,"NS"
"Td00001aa003840_T002",0.0774875144021102,0.662709886965933,0.178676550123076,"NS"
"Td00001aa003847_T004",0.734239330907571,4.09554905355761e-07,6.38768786803149,"NS"
"Td00001aa003848_T001",-0.154004632201505,0.997040246176022,0.0012873107561578,"NS"
"Td00001aa003862_T002",0.242975170978831,0.92936599174095,0.0318132236900241,"NS"
"Td00001aa003870_T001",-0.231314325679985,0.0405448200210366,1.39206462307995,"NS"
"Td00001aa003885_T002",-0.565269155686967,0.687970053193707,0.162430465857198,"NS"
"Td00001aa003899_T001",-0.376800638963368,0.0335153608177608,1.47475610074231,"NS"
"Td00001aa003919_T001",-0.133922762800293,0.0673861871907664,1.17142911595143,"NS"
"Td00001aa003921_T001",-0.596127835605797,3.54820361485484e-05,4.44999146599065,"NS"
"Td00001aa003943_T001",0.390557516419089,0.176598492250121,0.753013008630747,"NS"
"Td00001aa003944_T004",-0.453528133410372,5.64876355974944e-05,4.24804660314385,"NS"
"Td00001aa003995_T002",-0.0472137813584805,0.141069388336166,0.850567216713495,"NS"
"Td00001aa004007_T001",-0.492535366323483,0.00451577593476935,2.34526761517652,"NS"
"Td00001aa004024_T001",-0.0564763362639905,0.984447079841231,0.0068076249302934,"NS"
"Td00001aa004040_T001",2.82923915273416,3.14539115131224e-24,23.5023253393146,"Up"
"Td00001aa004045_T001",0.123531070739741,0.370579375572867,0.431118754807037,"NS"
"Td00001aa004059_T001",-0.910346644930774,1.36921029852759e-08,7.86352984297202,"NS"
"Td00001aa004064_T001",-0.0416844109704169,0.872975989148887,0.0589977012240396,"NS"
"Td00001aa004106_T001",0.114730189220061,0.299556539362581,0.523521195258777,"NS"
"Td00001aa004112_T002",-0.191839145530552,0.208503621421214,0.680886397526716,"NS"
"Td00001aa004116_T001",-0.487213568420359,0.000229408684704236,3.63939014507585,"NS"
"Td00001aa004117_T001",-0.489508520581203,5.27395225467667e-08,7.27786380621197,"NS"
"Td00001aa004160_T001",-0.154765210352961,0.339721897586999,0.468876458738747,"NS"
"Td00001aa004171_T002",0.81938563252866,9.50458922273614e-07,6.02206664809407,"NS"
"Td00001aa004183_T001",0.331000514158629,0.446692068177952,0.349991759140274,"NS"
"Td00001aa004206_T002",0.304708305310533,0.875904284793129,0.0575433491484914,"NS"
"Td00001aa004207_T001",-0.399807146994324,5.67082194346569e-12,11.2463539887895,"NS"
"Td00001aa004212_T001",0.243949813834977,0.0743177561235438,1.12890741147236,"NS"
"Td00001aa004217_T003",-0.354915826906798,0.000391139331574232,3.40766851075,"NS"
"Td00001aa004221_T001",-0.455180514216532,0.000163708421166092,3.78592897989228,"NS"
"Td00001aa004249_T001",-1.54170070648808,6.64353502329501e-08,7.17760077114595,"Down"
"Td00001aa004250_T001",-0.0538285845568825,0.919498550854104,0.0364489508811096,"NS"
"Td00001aa004258_T003",-0.190988245738406,5.32074729943343e-07,6.27402736672228,"NS"
"Td00001aa004275_T001",-0.48088533620362,8.29551651809386e-06,5.0811565675692,"NS"
"Td00001aa004277_T002",0.0714793221254674,0.997999476467963,0.000869686535408687,"NS"
"Td00001aa004295_T001",2.81770281159142,1.70305161605915e-22,21.7687721892482,"Up"
"Td00001aa004301_T001",0.0467771198395971,0.962635213240213,0.0165382558560391,"NS"
"Td00001aa004305_T001",0.00634593287008802,0.283390635173938,0.547614505392305,"NS"
"Td00001aa004315_T001",-0.210024974273813,0.500443367952863,0.300645061795349,"NS"
"Td00001aa004318_T001",-0.293431147238095,0.000354734900576685,3.45009608138363,"NS"
"Td00001aa004331_T001",-0.168557245052469,0.245207389379436,0.610466446395226,"NS"
"Td00001aa004340_T001",0.723733312969605,4.20213596544732e-06,5.37652989955306,"NS"
"Td00001aa004346_T001",-0.148408723062295,0.0489803718924735,1.30997792173813,"NS"
"Td00001aa004354_T003",0.451082577629949,0.00250192103472208,2.60172640156732,"NS"
"Td00001aa004356_T001",0.375561951751119,0.000941400308134259,3.02622566387838,"NS"
"Td00001aa004358_T001",-0.00882512944160305,0.210423561992742,0.676905632053935,"NS"
"Td00001aa004363_T001",-0.461737100239534,0.0247242139815148,1.60687750636039,"NS"
"Td00001aa004380_T001",0.189470086395319,0.313527069316534,0.503724957074772,"NS"
"Td00001aa004381_T002",-0.0681607385073022,0.995941470389776,0.00176618349763612,"NS"
"Td00001aa004406_T001",0.0665787567237631,0.868968337752242,0.0609960474753817,"NS"
"Td00001aa004413_T003",-0.546435130350925,6.62543922154239e-06,5.17878532566749,"NS"
"Td00001aa004439_T001",-0.192890009799747,0.251269230052698,0.599860691019463,"NS"
"Td00001aa004459_T002",0.211939007152196,0.350341713998901,0.455508149633541,"NS"
"Td00001aa004461_T001",0.337639971151897,0.0487688729300813,1.31185728102731,"NS"
"Td00001aa004514_T002",-0.454723299900015,0.176786323990447,0.752551334601289,"NS"
"Td00001aa004518_T002",-0.748609774196592,1.84835443590499e-08,7.73321474588745,"NS"
"Td00001aa004575_T001",0.419973790421914,2.84383929396396e-05,4.5460949493335,"NS"
"Td00001aa004576_T001",-0.412796181702689,0.00041860805783704,3.37819241612996,"NS"
"Td00001aa004618_T002",-0.214673688818897,0.000891885504645505,3.04969089438197,"NS"
"Td00001aa004630_T001",-0.676260054855482,0.0430527629635628,1.36599897193798,"NS"
"Td00001aa004632_T001",0.522390644913508,7.34525424848682e-05,4.13399316695285,"NS"
"Td00001aa004645_T002",-0.213856237784311,0.676163865360998,0.16994804193115,"NS"
"Td00001aa004647_T002",0.313740913001742,0.178538401193816,0.748268358639185,"NS"
"Td00001aa004654_T002",-0.0527178345408422,0.199430235309931,0.700208998317122,"NS"
"Td00001aa004670_T003",0.705329386761711,0.0344346404926176,1.46300444681217,"NS"
"Td00001aa004680_T001",-1.2473848588998,6.64837339830974e-08,7.17728459688467,"Down"
"Td00001aa004682_T001",-0.372400794898096,1.35021361451443e-07,6.86959751723397,"NS"
"Td00001aa004700_T002",0.0299145179081937,0.364877361835504,0.437853080825288,"NS"
"Td00001aa004701_T002",-0.19014105439154,0.141192386222897,0.850188721914069,"NS"
"Td00001aa004721_T002",1.57744686311704,6.47359740741984e-17,16.1888543128378,"Up"
"Td00001aa004731_T001",-0.00825253361309759,0.979219841200744,0.00911979532443552,"NS"
"Td00001aa004734_T001",-0.591961645331951,2.06003457115285e-08,7.68612549131292,"NS"
"Td00001aa004735_T002",-0.353053261524001,2.34750436202322e-06,5.62939359207533,"NS"
"Td00001aa004745_T002",0.339014304620059,8.65280690226992e-07,6.06284298797737,"NS"
"Td00001aa004757_T002",-0.320949004099583,0.00143993209058613,2.84165798941806,"NS"
"Td00001aa004786_T001",0.478350749672293,6.84639900578561e-08,7.16453779392713,"NS"
"Td00001aa004794_T001",-0.039618681893042,0.952291236406302,0.0212302123073837,"NS"
"Td00001aa004803_T002",-0.0989739002220424,0.81880634524805,0.0868188004800537,"NS"
"Td00001aa004811_T003",0.366484398295407,0.124547904568521,0.90466357476725,"NS"
"Td00001aa004834_T001",-0.40170929099885,2.90382268847506e-05,4.53702990579834,"NS"
"Td00001aa004836_T001",0.102831070670645,0.603252731416538,0.219500703009819,"NS"
"Td00001aa004866_T002",-0.0121287010668169,0.999839028593623,6.99146208120627e-05,"NS"
"Td00001aa004869_T001",1.06560764413154,1.32704516961682e-10,9.87711429448186,"Up"
"Td00001aa004878_T001",-0.322550792607822,2.48687239762784e-07,6.60434649797406,"NS"
"Td00001aa004886_T001",0.332790268480346,0.00176959684472746,2.75212566474174,"NS"
"Td00001aa004913_T002",0.180239528712381,0.00889797821196468,2.0507086620219,"NS"
"Td00001aa004916_T001",0.21666651491012,0.0551256879225189,1.25864597785808,"NS"
"Td00001aa004922_T001",0.0903070286275791,0.990774743557924,0.00402507281009079,"NS"
"Td00001aa004930_T003",-0.307471341811407,0.027317469142682,1.56355953882219,"NS"
"Td00001aa004939_T001",-0.378824932309342,0.000116832112153743,3.93243777182636,"NS"
"Td00001aa004942_T001",-0.0644335610594185,0.972247681431868,0.0122230838632452,"NS"
"Td00001aa004960_T001",0.374779657752686,0.0138965908376722,1.85709172938495,"NS"
"Td00001aa004962_T002",-0.173482186584176,0.0981028793572079,1.00831824572305,"NS"
"Td00001aa004979_T001",0.224370037158494,0.0474659217734148,1.3236180808451,"NS"
"Td00001aa004993_T001",-1.0267061851184,6.46491015295137e-05,4.18943750641368,"Down"
"Td00001aa005001_T002",0.216602163823169,0.423688987586417,0.372952823921138,"NS"
"Td00001aa005001_T003",0.325074859766931,0.000457067792786601,3.34001938012799,"NS"
"Td00001aa005008_T001",-0.263348623053545,0.0263391678892717,1.57939794945039,"NS"
"Td00001aa005018_T003",0.086031229189292,0.944354230699513,0.0248650697046244,"NS"
"Td00001aa005075_T001",-0.197331523277568,0.56732477631372,0.246168249431303,"NS"
"Td00001aa005088_T002",-0.0725127616201323,0.994313960861389,0.00247646274508753,"NS"
"Td00001aa005106_T004",-0.19823139158738,0.663440446201749,0.178198055537691,"NS"
"Td00001aa005115_T001",-0.123566050482419,0.12189425917625,0.914016747759684,"NS"
"Td00001aa005123_T001",0.0128535675751727,0.999999972909027,1.17654602515399e-08,"NS"
"Td00001aa005149_T001",-0.129366261104251,0.395977107490145,0.402329921089869,"NS"
"Td00001aa005150_T002",0.0393167090788529,0.741280808993199,0.130017243175495,"NS"
"Td00001aa005153_T003",0.230732789054097,0.533351177666663,0.272986741627758,"NS"
"Td00001aa005184_T001",-1.99024082701818,2.59724877281229e-06,5.58548645026087,"Down"
"Td00001aa005198_T001",-0.12272018545146,0.6358423337962,0.196650560532547,"NS"
"Td00001aa005203_T002",-0.302389232848436,2.27465013304676e-08,7.6430853932803,"NS"
"Td00001aa005205_T001",0.0706989524659868,0.824704746225494,0.0837015060387724,"NS"
"Td00001aa005227_T001",-0.1252407206982,0.0368101532877699,1.43403237402592,"NS"
"Td00001aa005230_T005",-1.96851008782918,9.77019218621332e-09,8.01009689333435,"Down"
"Td00001aa005231_T002",-0.0708962730151452,0.520835817040867,0.283299157680373,"NS"
"Td00001aa005240_T002",-0.0760840086681096,0.748422899759523,0.12585293270724,"NS"
"Td00001aa005243_T001",-0.621448164613003,2.73455339348994e-06,5.56311359239479,"NS"
"Td00001aa005256_T003",-0.114320004850703,0.255716797845907,0.592240742555708,"NS"
"Td00001aa005264_T001",-0.266349855015289,0.518699965891536,0.285083780564577,"NS"
"Td00001aa005266_T002",-0.272064699645887,0.000134741544511483,3.87049847873657,"NS"
"Td00001aa005269_T001",-1.12518693309195,7.38807125607835e-08,7.13146892455118,"Down"
"Td00001aa005316_T002",-0.76947646374038,2.8131927184844e-06,5.55080051536148,"NS"
"Td00001aa005362_T004",0.458420033495325,0.117903973646021,0.928471557895082,"NS"
"Td00001aa005368_T002",0.182308937589619,0.780218424807577,0.107783798067064,"NS"
"Td00001aa005386_T003",0.239329257487284,0.00350882020604985,2.45483888471161,"NS"
"Td00001aa005388_T001",0.661747080390893,0.734698266761661,0.133890984705418,"NS"
"Td00001aa005406_T001",-0.191940289595248,4.00661275028106e-08,7.39722263124919,"NS"
"Td00001aa005408_T002",0.626506541971075,5.89764378288483e-06,5.22932146233685,"NS"
"Td00001aa005420_T002",-0.399453638084948,7.72389309072199e-05,4.11216374608255,"NS"
"Td00001aa005444_T003",-1.1673209749763,3.72111677519249e-13,12.4293267008395,"Down"
"Td00001aa005455_T001",-0.514396446634206,1.12806631863603e-08,7.94766536757694,"NS"
"Td00001aa005464_T001",-0.55079496468466,5.44740772382796e-06,5.26381011773554,"NS"
"Td00001aa005467_T001",-0.651168422941149,1.63527041612694e-05,4.78641042005509,"NS"
"Td00001aa005489_T002",-0.441468316691362,1.81000298257671e-05,4.74232070948687,"NS"
"Td00001aa005500_T001",-0.128895680196362,0.245393884070122,0.61013626535676,"NS"
"Td00001aa005503_T002",0.293117142242832,4.95691443652329e-06,5.3047885775779,"NS"
"Td00001aa005508_T001",-0.110081971258103,0.03455135676185,1.46153489408962,"NS"
"Td00001aa005514_T002",0.618469334387704,0.018847052264036,1.7247565651171,"NS"
"Td00001aa005535_T003",-0.615894431712843,1.80227657961918e-09,8.74417856086789,"NS"
"Td00001aa005553_T002",-0.484051553816929,4.30269367045263e-05,4.36625957233895,"NS"
"Td00001aa005585_T002",-0.424733354931885,1.13502952144722e-05,4.94499284258109,"NS"
"Td00001aa005591_T003",-0.0969064497913394,0.961166267751323,0.017201479219081,"NS"
"Td00001aa005593_T003",-0.0926398324002233,0.488062256330405,0.311524776652509,"NS"
"Td00001aa005598_T002",-0.196230924837786,0.116231889134371,0.934674703485382,"NS"
"Td00001aa005601_T001",0.376348476089681,0.616618334556854,0.209983566086176,"NS"
"Td00001aa005618_T001",-0.547040415934572,5.83716304283315e-06,5.23379817586684,"NS"
"Td00001aa005619_T001",0.0955577401449084,0.500061526675774,0.300976557560226,"NS"
"Td00001aa005634_T002",-0.159954279486337,0.342317214952223,0.465571259872458,"NS"
"Td00001aa005636_T001",0.0620368475363481,0.411287614155598,0.38585436898553,"NS"
"Td00001aa005646_T001",-0.321028884300052,6.08977685311723e-06,5.21539862087047,"NS"
"Td00001aa005658_T001",-0.357091718334744,2.25457959673487e-12,11.6469344275508,"NS"
"Td00001aa005664_T002",-0.0881768182340133,0.0887524857618327,1.05181947446972,"NS"
"Td00001aa005677_T001",0.0657083394214831,0.720864293852019,0.142146485597371,"NS"
"Td00001aa005684_T001",-1.09466191808494,0.000136479709344777,3.86493191107466,"Down"
"Td00001aa005690_T002",-0.0350475858243714,0.928896141148302,0.0320328412783535,"NS"
"Td00001aa005694_T001",-0.436821907248332,1.26122065907069e-06,5.89920892402712,"NS"
"Td00001aa005698_T001",0.00854320747250209,0.314400951451362,0.502516148353206,"NS"
"Td00001aa005711_T001",0.230955601021648,0.299069606186479,0.524227721158621,"NS"
"Td00001aa005723_T001",-0.382079865163589,1.73218659884061e-05,4.76140532566641,"NS"
"Td00001aa005725_T001",-0.225863845859944,0.0194835693414337,1.71033147850008,"NS"
"Td00001aa005738_T001",-0.716961547726452,0.000370437048755078,3.43128558444893,"NS"
"Td00001aa005745_T001",-0.193425641591611,0.0995224829822815,1.00207879732316,"NS"
"Td00001aa005755_T002",-0.609436436220437,0.0728074135499241,1.13782439678726,"NS"
"Td00001aa005757_T001",-0.193995118113305,0.99993849579752,2.67117572020889e-05,"NS"
"Td00001aa005787_T001",-0.233994140954011,0.335914253685951,0.473771567561079,"NS"
"Td00001aa005791_T001",-1.04122991168879,7.087444061235e-09,8.14951035582289,"Down"
"Td00001aa005796_T001",0.198411857917555,0.0135867707465923,1.86688375250861,"NS"
"Td00001aa005799_T001",0.411931121898707,0.000145955425755633,3.83577975588712,"NS"
"Td00001aa005804_T001",-0.0640182868270046,0.520982890918582,0.283176538699815,"NS"
"Td00001aa005805_T001",-0.0542655595778932,0.998327224940469,0.000727085272559339,"NS"
"Td00001aa005806_T001",-0.656807542038208,0.000999209783580695,3.00034332229774,"NS"
"Td00001aa005818_T001",-0.122656935822398,0.97036783341078,0.013063608270645,"NS"
"Td00001aa005822_T002",0.173654301292723,0.0648141501489324,1.18833016911814,"NS"
"Td00001aa005860_T001",-0.0219497370097834,0.999999995550593,1.9323527957251e-09,"NS"
"Td00001aa005876_T002",0.442100928940818,0.000326580391268577,3.48600989498058,"NS"
"Td00001aa005888_T001",0.71009262200187,6.47908461109414e-08,7.18848634851719,"NS"
"Td00001aa005892_T003",-0.153288267254704,0.0355104076467879,1.44964434212434,"NS"
"Td00001aa005911_T002",-0.312381105623487,0.0884363724047635,1.05336908016959,"NS"
"Td00001aa005913_T001",0.837445796451571,2.34694597015628e-13,12.6294969083277,"NS"
"Td00001aa005921_T001",-0.356962710115132,0.0520208882474455,1.28382223657554,"NS"
"Td00001aa005930_T001",-0.184218656873387,0.921746896865385,0.0353883158064764,"NS"
"Td00001aa005934_T001",-0.462079107403798,0.000540789734076159,3.26697156129052,"NS"
"Td00001aa005935_T001",-0.012900367137821,0.983042046959165,0.00742790600121791,"NS"
"Td00001aa005944_T001",-0.52496324462924,7.99569157024062e-06,5.09714396692086,"NS"
"Td00001aa005966_T002",0.157245373415431,0.668306318104199,0.175024433078283,"NS"
"Td00001aa005976_T004",-0.660197303905365,0.0129639727386599,1.8872618908967,"NS"
"Td00001aa005997_T001",-0.0744976836274442,0.889932928364215,0.0506427236235859,"NS"
"Td00001aa006013_T001",-0.424154200701033,0.0102566709360061,1.98899357769708,"NS"
"Td00001aa006065_T001",1.20727417364965,1.50234901452578e-05,4.82322916355363,"Up"
"Td00001aa006108_T001",-0.638035861626564,5.41454927620543e-09,8.26643768954723,"NS"
"Td00001aa006129_T001",-0.305193168631187,8.05357763347011e-07,6.09401115052486,"NS"
"Td00001aa006168_T001",0.305603202748256,0.999968486244225,1.36864658942015e-05,"NS"
"Td00001aa006196_T003",-0.131870325188354,0.929265035297248,0.0318604033892948,"NS"
"Td00001aa006197_T001",0.0854328236447125,0.497170643628789,0.303494523003888,"NS"
"Td00001aa006198_T001",-0.503519488728312,0.0489126001277235,1.31057925005731,"NS"
"Td00001aa006199_T002",-0.390972235178308,0.000834915591997057,3.07835742844797,"NS"
"Td00001aa006225_T002",0.220875768144935,0.0045453269661002,2.34243487053539,"NS"
"Td00001aa006231_T002",-0.324048509745169,0.000289169437246775,3.5388476101897,"NS"
"Td00001aa006258_T001",-0.0447324095119298,0.901358751385249,0.0451023203006123,"NS"
"Td00001aa006273_T001",-1.32567293044776,0.00495823996447731,2.30467245846242,"Down"
"Td00001aa006274_T001",-1.05364275236056,0.177281357101486,0.751336932383575,"NS"
"Td00001aa006283_T001",-0.239563138743537,0.122098300298375,0.913290381724031,"NS"
"Td00001aa006291_T005",-0.579625679640513,0.00739976051436978,2.13078233553534,"NS"
"Td00001aa006297_T002",-0.136845885727087,0.363633935529878,0.439335593751377,"NS"
"Td00001aa006308_T001",-0.575517116122615,0.375281229017173,0.42564315777753,"NS"
"Td00001aa006317_T002",0.0580678990343996,0.700350892345186,0.154684313661128,"NS"
"Td00001aa006318_T001",-0.725555935758646,0.000565380607340164,3.24765909197242,"NS"
"Td00001aa006342_T001",-0.245360935770638,0.269567632015979,0.56933225635322,"NS"
"Td00001aa006347_T001",-0.568992856839549,0.0700749442801804,1.15443723889511,"NS"
"Td00001aa006360_T001",0.306975477030968,0.781684624013914,0.10696843066996,"NS"
"Td00001aa006367_T003",0.409898442244571,0.908818531165047,0.0415228261085494,"NS"
"Td00001aa006372_T001",-0.834847724503324,3.88919653574205e-05,4.4101401097629,"NS"
"Td00001aa006382_T002",-0.701994753140151,1.84531108711677e-07,6.73393040889271,"NS"
"Td00001aa006422_T001",-0.377627461341016,3.58264457129081e-05,4.44579627539063,"NS"
"Td00001aa006432_T004",-0.223557747037802,0.424590398403529,0.372029831101516,"NS"
"Td00001aa006434_T002",-0.513582677484509,0.0107841352762723,1.96721467298141,"NS"
"Td00001aa006442_T001",-0.2234637542959,0.118704596618821,0.92553246345874,"NS"
"Td00001aa006447_T002",-0.291911956550382,0.0390125567025281,1.40879558710387,"NS"
"Td00001aa006454_T006",0.163609625559509,0.996838213569212,0.00137532178428576,"NS"
"Td00001aa006468_T001",-0.0340989224674941,0.999358570280947,0.000278658767077832,"NS"
"Td00001aa006493_T002",-0.112473105799315,0.49784364595221,0.302907031461301,"NS"
"Td00001aa006501_T002",-0.367548096658587,2.09719369426871e-07,6.67836145677007,"NS"
"Td00001aa006513_T001",-0.377467988227334,5.19596082365278e-05,4.28433413206698,"NS"
"Td00001aa006532_T001",0.0812154955834686,0.999966220345855,1.46705651806585e-05,"NS"
"Td00001aa006536_T002",-1.34002016086624,1.20151243503595e-07,6.92027173011223,"Down"
"Td00001aa006561_T001",-0.190103866457882,0.999985071232541,6.48352972454638e-06,"NS"
"Td00001aa006588_T004",-0.00709303586043728,0.95262142834252,0.0210796536597793,"NS"
"Td00001aa006589_T003",0.577616197507076,0.000401204561620107,3.3966341377773,"NS"
"Td00001aa006630_T003",-0.143072786917181,0.930113042126578,0.0314642658671843,"NS"
"Td00001aa006646_T002",-1.20851636844924,1.97141947163792e-08,7.70522095824968,"Down"
"Td00001aa006669_T002",-0.18590488937525,0.0392565927351822,1.40608739756649,"NS"
"Td00001aa006670_T001",0.276783838144169,0.539808753030105,0.267760077612303,"NS"
"Td00001aa006676_T001",-0.286999358858679,0.105074501824042,0.978502660381128,"NS"
"Td00001aa006685_T001",-1.21543802119908,0.00101047059103261,2.99547632177076,"Down"
"Td00001aa006712_T002",-0.0429914437315466,0.16593518015374,0.780061528822449,"NS"
"Td00001aa006718_T004",-0.100902557934077,0.905316505032774,0.043199561835055,"NS"
"Td00001aa006740_T001",0.00978751086085354,0.999996365697782,1.5783602669924e-06,"NS"
"Td00001aa006742_T001",0.101274208080315,0.999990630141666,4.0692968351152e-06,"NS"
"Td00001aa006749_T002",-0.238371137295509,0.224011953597592,0.649728806474048,"NS"
"Td00001aa006761_T001",0.125730678986545,0.841468282005894,0.0749622495151662,"NS"
"Td00001aa006763_T001",-0.167576171732906,0.19556334403228,0.708712545133148,"NS"
"Td00001aa006764_T001",-0.0503429559036565,0.975226429699593,0.0108945373761868,"NS"
"Td00001aa006775_T001",-0.793665667580113,3.2012007651968e-05,4.49468708796679,"NS"
"Td00001aa006778_T001",-0.63757014433697,0.284770264185625,0.545505361855133,"NS"
"Td00001aa006785_T001",-0.226251219616766,0.544993846025295,0.263608401672615,"NS"
"Td00001aa006801_T002",-0.112497880452525,0.999897077526949,4.47009625161973e-05,"NS"
"Td00001aa006823_T001",-0.349563785628222,0.249303608928317,0.603271434587645,"NS"
"Td00001aa006829_T002",-0.353745430289949,0.00574526642457093,2.24068982702128,"NS"
"Td00001aa006830_T001",-0.35218311474803,0.00400227677235634,2.39769288157916,"NS"
"Td00001aa006833_T001",-0.229339607914462,0.973658733100807,0.011593236449891,"NS"
"Td00001aa006835_T001",-0.100599457200855,0.124645788193376,0.904322391811464,"NS"
"Td00001aa006869_T002",-0.310483451654279,0.694813782226642,0.158131575536375,"NS"
"Td00001aa006888_T001",0.0504754765002103,0.73332125601984,0.134705726379908,"NS"
"Td00001aa006889_T002",-0.337154265802022,3.66467204911883e-05,4.4359648842236,"NS"
"Td00001aa006920_T004",-0.0349610648185661,0.817195481209915,0.0876740435215098,"NS"
"Td00001aa006923_T001",0.0010465477242943,0.99992929049456,3.07098337821103e-05,"NS"
"Td00001aa006929_T002",-0.0352779731914509,0.190760567721254,0.719511393735335,"NS"
"Td00001aa006933_T002",-0.122396937493601,0.597187018431584,0.223889641477498,"NS"
"Td00001aa006947_T001",0.138517801316294,0.509847520143742,0.292559688728638,"NS"
"Td00001aa006949_T001",-0.477252678983688,0.00348304606371417,2.45804078190565,"NS"
"Td00001aa006961_T001",1.17444657677515,0.000111740598489999,3.9517890068598,"Up"
"Td00001aa006965_T002",0.268179157122865,0.00213971562685208,2.66964394155521,"NS"
"Td00001aa006970_T002",0.1296091461138,0.392906614062365,0.405710660354366,"NS"
"Td00001aa006981_T002",-0.0233136760528201,0.540253290246647,0.267402579499582,"NS"
"Td00001aa006982_T002",0.0767517846982832,0.950048777456142,0.0222540965677575,"NS"
"Td00001aa006985_T003",-0.141176177739174,0.603602197556169,0.219249187742073,"NS"
"Td00001aa007000_T001",-0.418015857832098,9.81353550763909e-08,7.0081745018109,"NS"
"Td00001aa007009_T001",0.010078163905965,0.924372940638861,0.0341527761994518,"NS"
"Td00001aa007012_T001",-0.823364308421971,5.66734961125822e-15,14.2466199954833,"NS"
"Td00001aa007022_T003",1.63106772296827,1.54930217661641e-17,16.8098638689817,"Up"
"Td00001aa007044_T001",-0.363636420238947,0.02047506813018,1.68877464446317,"NS"
"Td00001aa007047_T001",-1.10158116933905,0.00256322359755428,2.59121350737471,"Down"
"Td00001aa007062_T001",0.810191574227139,0.0163475292534788,1.78654787680581,"NS"
"Td00001aa007066_T002",-0.17663979108828,0.118123265833466,0.927664554309006,"NS"
"Td00001aa007068_T001",-0.0715425653317781,0.741869782506379,0.129672318038866,"NS"
"Td00001aa007081_T002",0.39296479487276,0.0113028275596496,1.94681289811477,"NS"
"Td00001aa007117_T002",-0.187019452685362,0.238245725481973,0.622974882573141,"NS"
"Td00001aa007123_T001",-0.733314287624342,0.00244120664123372,2.61239545722797,"NS"
"Td00001aa007126_T001",0.338587834360793,1.81970044526772e-06,5.74000009864934,"NS"
"Td00001aa007133_T005",-0.15850916557167,0.0687583686231318,1.16267443603351,"NS"
"Td00001aa007138_T003",0.18695393616761,0.073624329929624,1.13297864479148,"NS"
"Td00001aa007144_T002",-0.169778474719484,0.0962619248389611,1.01654545848474,"NS"
"Td00001aa007167_T001",-0.430317983300468,1.69547171142523e-06,5.77070945193391,"NS"
"Td00001aa007172_T001",-0.33959757672435,0.00511474874964069,2.29117569515312,"NS"
"Td00001aa007177_T001",-0.205098116579491,0.128880299652404,0.889813462833761,"NS"
"Td00001aa007187_T003",-0.450006146115585,0.0229445176435434,1.63932106793007,"NS"
"Td00001aa007190_T001",-0.247361069924239,0.000290036260686784,3.53754770268127,"NS"
"Td00001aa007203_T001",0.308504419184887,0.000854181956184352,3.06844960688758,"NS"
"Td00001aa007204_T001",0.0804240186741479,0.833671168231899,0.0790052179275899,"NS"
"Td00001aa007217_T002",2.15470966559879,1.50573697535822e-15,14.8222508847933,"Up"
"Td00001aa007270_T002",0.33670096475002,0.00840067258644612,2.07568594145139,"NS"
"Td00001aa007283_T003",-0.253723874208635,0.00354921830073561,2.44986728780676,"NS"
"Td00001aa007287_T002",-0.189768940936385,0.00721473208828903,2.1417797913533,"NS"
"Td00001aa007318_T002",-0.321299072093673,6.75900456224607e-05,4.1701172604129,"NS"
"Td00001aa007321_T001",0.248429838445818,0.270002637849938,0.568631992885175,"NS"
"Td00001aa007322_T001",0.425049818436513,0.000436896650018816,3.35962128530627,"NS"
"Td00001aa007331_T001",0.050679834949065,0.22123624676549,0.655143717870849,"NS"
"Td00001aa007346_T001",-0.231002975073613,0.403780557674635,0.393854596481788,"NS"
"Td00001aa007364_T001",-0.0399768143584903,0.664984950062955,0.177188183536856,"NS"
"Td00001aa007365_T002",-0.271756686405025,0.0147991857352827,1.82976217922679,"NS"
"Td00001aa007401_T001",-0.686966861338676,1.16283764239866e-07,6.93448091805966,"NS"
"Td00001aa007403_T001",0.052660862252751,0.704219357226854,0.152292041433874,"NS"
"Td00001aa007417_T001",0.107700913600061,0.991200074433354,0.00383867401900511,"NS"
"Td00001aa007428_T002",0.368898859451498,0.835546021761003,0.0780296242309124,"NS"
"Td00001aa007432_T001",-0.226915496730135,0.879077955544413,0.0559726105216904,"NS"
"Td00001aa007436_T001",-0.352276885399878,4.81500817414611e-06,5.31740297126353,"NS"
"Td00001aa007450_T002",0.022737811795558,0.872931774451077,0.0590196980324419,"NS"
"Td00001aa007459_T001",0.484942492000177,0.104009207189974,0.982928214020361,"NS"
"Td00001aa007460_T001",0.52707248721335,7.44977818068616e-05,4.12785665830381,"NS"
"Td00001aa007462_T001",-0.346288795295818,0.000855536140621292,3.06776163972793,"NS"
"Td00001aa007521_T004",-0.036263767214541,0.851491608167159,0.0698196278477746,"NS"
"Td00001aa007531_T001",-0.202725833217036,0.170405084288887,0.768517451554841,"NS"
"Td00001aa007534_T001",-0.368732806080875,0.0259766643393898,1.58541661738938,"NS"
"Td00001aa007538_T002",-0.340455131358812,0.143546753077026,0.843006626481155,"NS"
"Td00001aa007539_T002",-0.362919207586858,0.0216688185323638,1.66416476744635,"NS"
"Td00001aa007554_T002",-0.114920550527755,0.305982480556446,0.514303438928478,"NS"
"Td00001aa007568_T001",-0.140213876722545,0.188172686917073,0.725443413756957,"NS"
"Td00001aa007570_T001",1.78930961136018,2.65398638661674e-05,4.57610130914016,"Up"
"Td00001aa007571_T001",0.591471910776044,0.901122195542342,0.0452163130704129,"NS"
"Td00001aa007572_T001",-0.459167902818036,0.151337133551243,0.820054496182296,"NS"
"Td00001aa007574_T001",0.0921532145375362,0.547165649701183,0.261881174835982,"NS"
"Td00001aa007581_T001",-0.0243247980333697,0.999951581494115,2.10283990139853e-05,"NS"
"Td00001aa007588_T001",0.396614124388193,0.192981938127179,0.714483336270825,"NS"
"Td00001aa007592_T001",0.00519171701959556,0.947594964405384,0.0233772558183794,"NS"
"Td00001aa007607_T001",-0.168694618905227,0.851377720504713,0.0698777189562327,"NS"
"Td00001aa007611_T002",0.368268789387578,0.0569375612744471,1.24460113830835,"NS"
"Td00001aa007619_T004",-0.711221910086071,6.12347777908922e-09,8.21300185378868,"NS"
"Td00001aa007621_T002",0.38220015426681,0.592420729343931,0.227369753523254,"NS"
"Td00001aa007649_T002",0.235233345950972,0.20792459284669,0.682094140269532,"NS"
"Td00001aa007674_T002",-0.41693572240564,0.00412975272251167,2.38407595184572,"NS"
"Td00001aa007711_T001",-0.155546111584229,0.0207348602896048,1.68329888654342,"NS"
"Td00001aa007714_T003",0.563198071904845,5.27134071603793e-05,4.27807891201252,"NS"
"Td00001aa007740_T002",0.101383627800691,0.0347446367094659,1.45911222495155,"NS"
"Td00001aa007754_T002",0.649636578136286,5.32727330905876e-06,5.27349502171128,"NS"
"Td00001aa007769_T001",-0.589929995961044,0.00119432035010785,2.92287916765919,"NS"
"Td00001aa007790_T003",0.27180165283669,0.150986277725988,0.821062521439858,"NS"
"Td00001aa007819_T001",0.56386200654293,0.0191415526312358,1.7180228381459,"NS"
"Td00001aa007835_T001",-0.278039622004961,0.203964472974347,0.690445472450907,"NS"
"Td00001aa007838_T006",0.122314576721205,0.738588941250916,0.131597199243474,"NS"
"Td00001aa007842_T001",-0.264794169866012,4.99834005737241e-05,4.30117420038715,"NS"
"Td00001aa007848_T001",0.375781509700235,1.19381359634806e-05,4.9230634792345,"NS"
"Td00001aa007867_T002",0.860238957469403,5.85301699460589e-15,14.2326202148824,"NS"
"Td00001aa007868_T002",-0.0711345960342563,0.704353672612877,0.152209216575063,"NS"
"Td00001aa007870_T001",-0.133946632406598,0.962851228591431,0.016440811102967,"NS"
"Td00001aa007879_T001",0.494604379174081,0.151110287821279,0.820705967216789,"NS"
"Td00001aa007882_T001",-0.524649066925287,0.251512560986866,0.599440320623718,"NS"
"Td00001aa007890_T001",-0.141855963859783,0.32069281829408,0.493910765703537,"NS"
"Td00001aa007891_T002",0.106445172069955,0.250761823980829,0.600738579868617,"NS"
"Td00001aa007892_T001",-0.00434540696184273,0.929405626915701,0.0317947024929996,"NS"
"Td00001aa007925_T003",-0.385156160737802,0.000591149008515284,3.22830303448386,"NS"
"Td00001aa007926_T001",-0.101250952543336,0.0093796076548033,2.02781532760362,"NS"
"Td00001aa007963_T001",-0.110573015537289,0.152509826908852,0.816702171826773,"NS"
"Td00001aa007968_T001",-0.440620021187866,0.012080054277244,1.91793111436931,"NS"
"Td00001aa007977_T001",0.534838672319429,0.0293191624646195,1.53284843997188,"NS"
"Td00001aa007989_T001",-0.0208044272279926,0.98884921612226,0.00486992639927416,"NS"
"Td00001aa007990_T003",0.0053730513558825,0.993282083853652,0.00292739796597038,"NS"
"Td00001aa007991_T003",-1.36993361746812,2.5587249159778e-06,5.59197640184026,"Down"
"Td00001aa007992_T002",1.2249153422966,6.66504429955565e-05,4.17619695968018,"Up"
"Td00001aa007999_T002",-0.189026138206139,0.411393981861873,0.385742065736329,"NS"
"Td00001aa008007_T001",0.102421496569183,0.0423140879297296,1.37351501580407,"NS"
"Td00001aa008018_T002",-0.256281955852679,0.364961343171124,0.437753133725871,"NS"
"Td00001aa008061_T001",-0.25730317143207,0.667001631627211,0.175873103705899,"NS"
"Td00001aa008086_T004",-0.829946283793104,0.079181197217378,1.10137793601435,"NS"
"Td00001aa008094_T001",-0.441341381059769,0.071498306967422,1.145704241883,"NS"
"Td00001aa008108_T004",0.237844287627057,0.952894153766657,0.0209553375442897,"NS"
"Td00001aa008122_T001",0.200607801567012,0.519145790249332,0.284710663327737,"NS"
"Td00001aa008136_T003",-0.328186656658509,0.0265736743987547,1.57554839061144,"NS"
"Td00001aa008141_T001",-0.558535469813536,3.58783267526723e-10,9.44516781922399,"NS"
"Td00001aa008154_T002",-0.16444661289133,0.127391002760124,0.894861243818667,"NS"
"Td00001aa008180_T001",-0.519445216661857,0.0478734071567244,1.31990566262234,"NS"
"Td00001aa008230_T002",0.618666677328427,0.0409868937910262,1.38735499362625,"NS"
"Td00001aa008258_T002",0.801963647054167,1.32499334598369e-08,7.87778630271572,"NS"
"Td00001aa008260_T001",0.191434103279234,0.596831905671805,0.224147968231722,"NS"
"Td00001aa008265_T001",0.233434200997209,0.672626986095528,0.172225712582982,"NS"
"Td00001aa008295_T001",0.957552686115248,3.88218348085966e-07,6.41092394271329,"NS"
"Td00001aa008365_T001",-1.23168229876342,8.88245426237023e-10,9.05146702010673,"Down"
"Td00001aa008396_T001",-0.799868590601034,0.0872468573547507,1.05925020744123,"NS"
"Td00001aa008397_T002",-2.05626970374169,2.45559784543869e-05,4.60984275634505,"Down"
"Td00001aa008406_T001",0.0529536740238136,0.868638711308108,0.0611608199969615,"NS"
"Td00001aa008429_T002",0.798525684559516,2.40640910476672e-14,13.6186305379109,"NS"
"Td00001aa008436_T001",-1.01474611037983,1.06840004105519e-07,6.97126610396212,"Down"
"Td00001aa008463_T001",0.115581444765865,0.968056016306642,0.0140995116285865,"NS"
"Td00001aa008476_T001",-0.330994519675558,1.24659187871149e-08,7.90427570677362,"NS"
"Td00001aa008487_T004",-0.431530020587818,1.21314396388405e-05,4.91608765831686,"NS"
"Td00001aa008491_T001",-1.97461544518953,3.02391377629306e-12,11.5194305964427,"Down"
"Td00001aa008501_T002",0.771131359007728,0.011239188472047,1.94926504595874,"NS"
"Td00001aa008503_T001",-0.660397456768322,0.0100771431684002,1.99666257126853,"NS"
"Td00001aa008516_T002",-0.236099178387138,0.129646706673158,0.88723851084095,"NS"
"Td00001aa008517_T002",-0.113257815876758,0.810027736228911,0.0915001101522964,"NS"
"Td00001aa008541_T001",-0.0679225317815749,0.999720894212749,0.000121231022197462,"NS"
"Td00001aa008543_T001",-0.413406098091663,0.196774438120466,0.706031319036066,"NS"
"Td00001aa008566_T003",-0.333893258865645,0.526106013767662,0.278926733878219,"NS"
"Td00001aa008573_T001",-0.141732818461707,0.612666352265878,0.212775970535559,"NS"
"Td00001aa008587_T005",0.131116513722045,0.97096032476329,0.0127985158061108,"NS"
"Td00001aa008599_T001",-0.359865101823435,0.0896439324507939,1.04747910032729,"NS"
"Td00001aa008627_T001",0.00142953613199748,0.0105036224266314,1.97866089820739,"NS"
"Td00001aa008659_T003",-0.00845243989407666,0.97106515727752,0.012751628488803,"NS"
"Td00001aa008665_T001",-0.130227087860539,0.913359103456938,0.0393584382519119,"NS"
"Td00001aa008673_T002",0.0760244817983725,0.829679454932371,0.0810896640607364,"NS"
"Td00001aa008679_T001",0.478525437686084,2.45164732816663e-06,5.61054200334081,"NS"
"Td00001aa008702_T001",-0.621879679661007,7.37427918744628e-06,5.13228042419233,"NS"
"Td00001aa008726_T002",-0.332730486031461,0.00104924412552778,2.9791234536228,"NS"
"Td00001aa008764_T001",-0.0350614432992273,0.371746874656028,0.429752673983807,"NS"
"Td00001aa008767_T004",0.478018043692076,2.20195743803377e-05,4.65719107982644,"NS"
"Td00001aa008768_T002",-0.300893136804925,0.608662648425171,0.215623348617553,"NS"
"Td00001aa008781_T002",0.0554921060032111,0.180121547800313,0.744434329762364,"NS"
"Td00001aa008783_T001",0.166835265645483,0.656761360717897,0.182592406011371,"NS"
"Td00001aa008789_T014",-0.451367105860664,0.00305112866988887,2.51553947723323,"NS"
"Td00001aa008824_T001",-0.145293265577632,0.777370016550992,0.109372214280484,"NS"
"Td00001aa008852_T001",-0.289929879687119,0.000897740517317382,3.04684917355748,"NS"
"Td00001aa008860_T001",-0.497904547731838,8.24887507517723e-06,5.08360527350511,"NS"
"Td00001aa008864_T001",1.58039153580841,8.14741552581803e-18,17.0889801336994,"Up"
"Td00001aa008865_T002",-0.904188907096638,0.0300561953647275,1.5220659950292,"NS"
"Td00001aa008869_T002",-0.413802420652885,0.00540281460237894,2.26737993502331,"NS"
"Td00001aa008896_T001",0.254592949855068,0.737693553783561,0.1321240115375,"NS"
"Td00001aa008921_T001",-0.236007846465186,0.206651187648218,0.684762094434606,"NS"
"Td00001aa008936_T001",-0.150912341052629,0.342294333926201,0.465600289775215,"NS"
"Td00001aa008975_T001",-0.110936937786144,0.985761668995548,0.00622807324496926,"NS"
"Td00001aa008981_T001",0.122267585198116,0.645733446664062,0.18994671812344,"NS"
"Td00001aa008985_T001",2.23839749777842,3.10291975989348e-07,6.50822945493019,"Up"
"Td00001aa009000_T002",-0.28509219022618,6.2122974252253e-05,4.20674775979442,"NS"
"Td00001aa009020_T002",0.236738608930297,0.732095450696953,0.135432291880825,"NS"
"Td00001aa009031_T004",-0.145620752047393,0.67761617324392,0.169016236876338,"NS"
"Td00001aa009036_T001",-0.125677760532667,0.89271974818304,0.0492848579313491,"NS"
"Td00001aa009039_T001",0.0453373877045719,0.135873002626068,0.866866827117996,"NS"
"Td00001aa009047_T003",-0.144473698323806,0.507303230783457,0.294732371849835,"NS"
"Td00001aa009051_T006",0.141535153671343,0.244320016275367,0.612040951357145,"NS"
"Td00001aa009055_T001",0.380528677999912,0.09620995047363,1.0167800089153,"NS"
"Td00001aa009066_T002",0.457763348510332,6.58519484855319e-09,8.18143137022391,"NS"
"Td00001aa009076_T001",-0.639545683029207,0.00112216151439002,2.94994462992471,"NS"
"Td00001aa009109_T002",-0.0973564276179238,0.766438781627015,0.115522528172091,"NS"
"Td00001aa009117_T003",0.439688855598481,0.185958523287794,0.730583911244108,"NS"
"Td00001aa009125_T006",-0.910015385853454,5.61085651699283e-09,8.2509708371021,"NS"
"Td00001aa009131_T001",-0.725337003588263,0.000602360012036282,3.2201438667018,"NS"
"Td00001aa009148_T002",-0.341119258901796,0.021029983693248,1.67716106406761,"NS"
"Td00001aa009183_T001",0.602955481471054,0.0013416196359902,2.87237059400678,"NS"
"Td00001aa009191_T001",-0.323487792297913,5.52557129382778e-07,6.25762281322107,"NS"
"Td00001aa009192_T001",-0.170883287292121,0.0607672043041921,1.21633074362951,"NS"
"Td00001aa009212_T001",-0.406393029436471,2.05219797986798e-05,4.68778074423437,"NS"
"Td00001aa009221_T001",0.819767868148927,0.000425677400335161,3.37091940636566,"NS"
"Td00001aa009228_T001",-0.172208204579814,0.0408946750937365,1.38833323790858,"NS"
"Td00001aa009257_T001",0.210005400772288,0.56155833405879,0.250605123028611,"NS"
"Td00001aa009265_T001",0.624686611529412,6.79539145386875e-09,8.1677855203357,"NS"
"Td00001aa009285_T003",0.325686437457288,0.0196817661063938,1.70593593355472,"NS"
"Td00001aa009306_T001",0.0962657401567028,0.67465280079992,0.170919672339397,"NS"
"Td00001aa009323_T001",-0.135286849993828,0.909007348139684,0.0414326060589804,"NS"
"Td00001aa009353_T004",0.803457913053243,5.16725079796533e-07,6.28674045900222,"NS"
"Td00001aa009397_T002",-0.185259401372701,0.704807429138375,0.151929526819622,"NS"
"Td00001aa009403_T001",0.0320464346049977,0.20243900000717,0.69370581665292,"NS"
"Td00001aa009410_T001",-0.68651108623057,0.0427454271051025,1.3691103391638,"NS"
"Td00001aa009452_T001",-0.87944379845373,0.00186967670489094,2.72823348299306,"NS"
"Td00001aa009459_T003",-0.466377090516353,5.27041706199778e-07,6.27815501656022,"NS"
"Td00001aa009485_T001",-0.305173612329141,0.0149773707949495,1.82456441824286,"NS"
"Td00001aa009488_T001",-0.141146672103326,0.181065176113871,0.74216506860288,"NS"
"Td00001aa009494_T002",-0.923152170750571,0.00935746702850856,2.02884169446863,"NS"
"Td00001aa009496_T001",-0.240777332045617,5.89163834734892e-06,5.2297639197675,"NS"
"Td00001aa009514_T002",0.46047068159815,4.70146910062487e-06,5.32776641385136,"NS"
"Td00001aa009530_T002",0.0048434906260133,0.831804332867051,0.0799788217261345,"NS"
"Td00001aa009539_T001",-0.872115986671867,1.93844031063875e-05,4.71254756744982,"NS"
"Td00001aa009542_T001",-0.519535647613963,0.000764880649243748,3.11640632617794,"NS"
"Td00001aa009543_T002",0.0285063426561221,0.995673817855217,0.00188291288830964,"NS"
"Td00001aa009544_T002",-0.0464310852153832,0.750618656858865,0.124580645265119,"NS"
"Td00001aa009571_T001",-0.536585365809364,6.91346100906553e-08,7.16030448217185,"NS"
"Td00001aa009575_T001",-1.68247153774241,2.1623684513859e-08,7.66507030355099,"Down"
"Td00001aa009577_T001",-0.176034199146049,0.260402603498806,0.584354678016623,"NS"
"Td00001aa009581_T001",-1.60093280882643,1.08530334004099e-07,6.96444886043863,"Down"
"Td00001aa009603_T001",1.18967908106853,0.000246967537469514,3.60736012862046,"Up"
"Td00001aa009604_T001",-0.822265645518889,1.59337685949186e-11,10.7976814943551,"NS"
"Td00001aa009655_T002",-0.338881795817263,0.322292965033929,0.49174917410383,"NS"
"Td00001aa009662_T001",0.12457690538759,0.564952146586215,0.247988336877369,"NS"
"Td00001aa009663_T002",-0.131105512416518,0.804283629390628,0.0945907709563802,"NS"
"Td00001aa009680_T001",-1.3351037282898,6.91720403550833e-08,7.1600694138271,"Down"
"Td00001aa009689_T001",-0.114737037999539,0.842783297489104,0.0742840799459909,"NS"
"Td00001aa009691_T001",-0.00678354265915092,0.719509196606216,0.14296365063661,"NS"
"Td00001aa009697_T002",-0.331052292284174,0.000921015633859234,3.03573299777148,"NS"
"Td00001aa009712_T001",-0.445473163371502,1.77079460009339e-06,5.75183181103994,"NS"
"Td00001aa009740_T001",-0.406847409935001,6.24140358969924e-10,9.20471773360046,"NS"
"Td00001aa009764_T001",-0.443737010298126,0.000120009117443773,3.92078575807652,"NS"
"Td00001aa009798_T001",-0.729446563597185,2.57878806301961e-07,6.58858434876678,"NS"
"Td00001aa009840_T001",-0.0294918192446938,0.999787807684823,9.21637301470813e-05,"NS"
"Td00001aa009843_T001",-0.564595366275201,0.00586808977410122,2.23150325064018,"NS"
"Td00001aa009855_T001",-0.160948537957623,0.026771007068974,1.57233529126089,"NS"
"Td00001aa009871_T001",0.123427204769988,0.983766718701351,0.00710787391822233,"NS"
"Td00001aa009872_T001",-0.0461888852592242,0.935523654527316,0.028945226976576,"NS"
"Td00001aa009874_T001",1.45557555624982,0.000169507117197478,3.77081206209394,"Up"
"Td00001aa009886_T001",-0.16295290503054,0.530006831085721,0.275718532882766,"NS"
"Td00001aa009898_T002",-0.495126740054571,0.0725714319402618,1.13923430756998,"NS"
"Td00001aa009915_T001",0.095881382281109,0.755113327739819,0.121987864372713,"NS"
"Td00001aa009918_T001",0.311302771917929,8.44034561590041e-05,4.07363976948747,"NS"
"Td00001aa009947_T001",-0.0141551420431623,0.964057154663932,0.0158972179443117,"NS"
"Td00001aa009977_T001",-0.356780891592457,0.118416899484083,0.926586314260451,"NS"
"Td00001aa009986_T001",-0.34990391260587,0.485481201972122,0.313827581487862,"NS"
"Td00001aa010029_T001",-0.0613635748207768,0.865334729437807,0.0628158659133877,"NS"
"Td00001aa010032_T001",-0.171694570823669,0.718456009179357,0.143599818421256,"NS"
"Td00001aa010033_T001",0.0791837204859579,0.960337209904474,0.0175762433291587,"NS"
"Td00001aa010052_T002",0.179983777518406,0.970493580148683,0.0130073331403511,"NS"
"Td00001aa010057_T001",-0.331505084148192,0.000301091448816211,3.52130157854459,"NS"
"Td00001aa010067_T002",-0.564499686882552,1.50697067426224e-05,4.82189519899924,"NS"
"Td00001aa010082_T003",-0.119978872404375,0.0129346017727332,1.88824693769091,"NS"
"Td00001aa010087_T002",0.811290075241245,1.3409823384534e-07,6.87257694203113,"NS"
"Td00001aa010121_T004",0.0368475209197704,0.894370026204376,0.0484827641000618,"NS"
"Td00001aa010167_T002",-0.464438589828657,2.25656018872703e-07,6.64655307814941,"NS"
"Td00001aa010169_T003",0.289805921807443,1.12994848973813e-05,4.94694135397886,"NS"
"Td00001aa010182_T001",-0.291212739205804,0.00768214402025001,2.11451755520084,"NS"
"Td00001aa010207_T001",-0.0484971963630644,0.999988085499195,5.17443277982135e-06,"NS"
"Td00001aa010215_T002",-0.0871446414889261,0.136871543811046,0.863686834192005,"NS"
"Td00001aa010244_T002",-0.373486153462027,0.000336927228058574,3.47246389101421,"NS"
"Td00001aa010260_T001",-0.527206668279698,1.86450287291733e-08,7.72943694311995,"NS"
"Td00001aa010289_T002",0.274085959880333,0.815250425073189,0.0887089660799417,"NS"
"Td00001aa010296_T001",0.0523211465107188,0.914955140444857,0.038600198539947,"NS"
"Td00001aa010338_T001",-0.251554276450168,0.318598452284743,0.49675633828325,"NS"
"Td00001aa010339_T002",0.197619346969113,0.424502933884152,0.372119303852785,"NS"
"Td00001aa010356_T001",-0.0807289853737163,0.62986598793879,0.200751842434871,"NS"
"Td00001aa010371_T001",-0.0316243903562707,0.711764704792464,0.147663551726837,"NS"
"Td00001aa010378_T001",-0.59608294107346,5.34858915241122e-05,4.27176076080632,"NS"
"Td00001aa010379_T001",-0.0974748459626477,0.958208759915435,0.0185398631527372,"NS"
"Td00001aa010388_T002",-0.533493055449922,0.000315661751597432,3.50077803792568,"NS"
"Td00001aa010414_T001",-0.418904931879083,0.30377267893171,0.517451288810178,"NS"
"Td00001aa010418_T001",0.395406864070759,0.235662372898499,0.627709753695647,"NS"
"Td00001aa010440_T002",0.205585738481278,0.456990195745139,0.340093117171856,"NS"
"Td00001aa010457_T004",0.347557809049725,4.2289461193923e-06,5.3737678481233,"NS"
"Td00001aa010462_T004",-0.0340996351844654,0.999977783157641,9.64875922476984e-06,"NS"
"Td00001aa010473_T001",0.372294940559528,4.93082828730624e-10,9.30708012121128,"NS"
"Td00001aa010482_T004",0.504949117084032,0.202309587586934,0.693983535234954,"NS"
"Td00001aa010483_T001",1.88407057170545,6.68764005491826e-15,14.1747271097272,"Up"
"Td00001aa010545_T002",-0.0281868291037658,0.967196721318583,0.014485184351235,"NS"
"Td00001aa010562_T001",0.0263184773171906,0.957281045550011,0.0189605401618648,"NS"
"Td00001aa010568_T001",-0.581739069204125,0.000423227509053991,3.3734261116674,"NS"
"Td00001aa010569_T001",-0.482411845875702,0.000568740639394042,3.24508573810269,"NS"
"Td00001aa010573_T001",-0.0456678952229965,0.914157408960234,0.0389790165671822,"NS"
"Td00001aa010575_T002",0.179258075956224,0.808145129055253,0.0925106403540296,"NS"
"Td00001aa010578_T001",0.556761673502532,0.173016440219404,0.761912627753649,"NS"
"Td00001aa010582_T001",0.151677718961773,0.996642919488235,0.00146041427960114,"NS"
"Td00001aa010600_T001",0.0932673835933625,0.530685993000996,0.275162375047559,"NS"
"Td00001aa010642_T001",-0.167533790244879,0.238071538928282,0.62329252070266,"NS"
"Td00001aa010645_T001",0.0123242808997377,0.999997143414923,1.24060090793838e-06,"NS"
"Td00001aa010662_T001",-0.184070179007665,0.999005286089114,0.000432213762747157,"NS"
"Td00001aa010665_T003",0.162356343294384,0.569035186399744,0.244860878092139,"NS"
"Td00001aa010671_T001",0.0318728181926485,0.999954668322245,1.96877437468194e-05,"NS"
"Td00001aa010692_T001",-0.448834961704095,0.00240282220234476,2.61927836377676,"NS"
"Td00001aa010716_T001",-0.64953877059805,0.00887002285784981,2.0520752609997,"NS"
"Td00001aa010723_T001",0.284767070478381,0.141113128421178,0.850432579898081,"NS"
"Td00001aa010732_T001",0.0534794305310297,0.98039344892256,0.00859959940515806,"NS"
"Td00001aa010744_T002",0.936209808844419,8.90731521586022e-16,15.0502531784145,"NS"
"Td00001aa010752_T003",-0.350599562450773,0.0009559491957496,3.01956518784095,"NS"
"Td00001aa010759_T001",0.00617220317379538,0.919571898049437,0.036414309160634,"NS"
"Td00001aa010760_T001",0.018140654207909,0.994052943979153,0.00259048414829456,"NS"
"Td00001aa010784_T001",-0.624534219498938,0.00547026856962035,2.26199135091688,"NS"
"Td00001aa010844_T002",0.972132274166098,6.23094128374256e-10,9.20544634122907,"NS"
"Td00001aa010854_T001",-0.203872219554437,0.969157921114505,0.0136054503171285,"NS"
"Td00001aa010869_T003",1.2251272072664,1.31057728144154e-07,6.88253736471049,"Up"
"Td00001aa010934_T008",-0.218292703371569,3.15701720191379e-05,4.50072305172328,"NS"
"Td00001aa010944_T002",0.130688835987382,0.930987264975938,0.0310562597152251,"NS"
"Td00001aa010947_T001",-0.630616647355542,2.16483512426353e-06,5.66457517429871,"NS"
"Td00001aa010954_T001",-0.141437067556734,0.27036792148831,0.56804483768252,"NS"
"Td00001aa010981_T002",0.0536267261904636,0.939083163740887,0.0272959455885672,"NS"
"Td00001aa010989_T001",-0.199791891189531,0.132948139842658,0.876317734765063,"NS"
"Td00001aa011016_T004",-1.62168312055234,7.25205685157549e-08,7.13953879996694,"Down"
"Td00001aa011042_T003",-0.0902016955263634,0.407440550893804,0.389935749628909,"NS"
"Td00001aa011045_T001",-0.24996661458892,0.00924805650229193,2.03394952553269,"NS"
"Td00001aa011081_T001",-0.109807183249691,0.284460745903601,0.545977655503217,"NS"
"Td00001aa011122_T002",-0.373522392840521,0.000182600528261567,3.73849797039016,"NS"
"Td00001aa011126_T001",0.425464694268554,0.00258555590411661,2.58744606760497,"NS"
"Td00001aa011129_T003",-0.129916800605199,0.941526560812983,0.0261674238663227,"NS"
"Td00001aa011137_T001",-0.554926469776618,4.03384076770559e-06,5.39428124917523,"NS"
"Td00001aa011144_T002",-0.171518607540486,0.520145253491386,0.283875360248174,"NS"
"Td00001aa011157_T001",-0.344630573691169,0.0214374650198861,1.66882657126308,"NS"
"Td00001aa011174_T001",0.639858927899029,0.0383792892698838,1.4159030720452,"NS"
"Td00001aa011188_T001",-0.431945329165907,0.00304195771409966,2.51684682731814,"NS"
"Td00001aa011197_T003",0.0480803260966867,0.788633442557119,0.103124810308618,"NS"
"Td00001aa011200_T003",0.458625172982647,0.266212023357813,0.574772333684661,"NS"
"Td00001aa011228_T001",-0.395685056707644,3.39626332827144e-06,5.46899864422856,"NS"
"Td00001aa011250_T001",-0.0384161281204502,0.881045486998069,0.0550016690654803,"NS"
"Td00001aa011253_T002",0.099396502831762,0.66768088556027,0.175431056617384,"NS"
"Td00001aa011263_T001",-0.0925278756664742,0.606322516354376,0.217296303533325,"NS"
"Td00001aa011276_T001",0.121967593981987,0.0905483705705825,1.04311936046391,"NS"
"Td00001aa011277_T002",-0.614418354980948,9.30989807660153e-08,7.03105507358491,"NS"
"Td00001aa011280_T002",-0.451695992524579,2.13592567446814e-08,7.67041386387661,"NS"
"Td00001aa011286_T001",0.4520835940486,0.102054529497202,0.991167715181266,"NS"
"Td00001aa011312_T002",-0.127933280624927,0.584720119842416,0.233051962112429,"NS"
"Td00001aa011316_T001",-0.0885556356393938,0.266452426292845,0.574380320756916,"NS"
"Td00001aa011332_T004",-0.459662290380672,0.0352828592373346,1.45243622794268,"NS"
"Td00001aa011346_T001",0.0490026827599352,0.828012446674293,0.0819631348560191,"NS"
"Td00001aa011350_T001",-0.064564714480721,0.679185477274431,0.168011608993502,"NS"
"Td00001aa011352_T002",-0.164924165989002,0.0694694763653867,1.1582059746607,"NS"
"Td00001aa011353_T002",-0.350343545231517,0.633624312651651,0.198168166885933,"NS"
"Td00001aa011371_T001",1.65283576932598,0.00157167785958379,2.80363646474822,"Up"
"Td00001aa011381_T002",-0.765251303668113,1.90167568592883e-07,6.72086354618988,"NS"
"Td00001aa011386_T003",-0.390818438213184,2.13934867498472e-05,4.66971842754572,"NS"
"Td00001aa011425_T001",-0.806664116077006,0.533411028609932,0.27293800924059,"NS"
"Td00001aa011427_T001",-1.37743628830763,0.00424763087843122,2.37185323072736,"Down"
"Td00001aa011430_T003",1.31080174106185,0.000318407066983626,3.49701730174488,"Up"
"Td00001aa011438_T001",0.536606654491106,2.58280571915621e-05,4.58790826059854,"NS"
"Td00001aa011457_T001",0.0356788593701327,0.576490090183999,0.239208153790611,"NS"
"Td00001aa011468_T001",-0.00369099045007705,0.999942847791441,2.4821598116925e-05,"NS"
"Td00001aa011477_T001",-0.235368778511311,0.00197410887528983,2.70462889896442,"NS"
"Td00001aa011506_T001",0.00105758519501523,0.979794624944261,0.00886494736943127,"NS"
"Td00001aa011551_T001",-0.331391524336937,0.640228016191009,0.193665325176365,"NS"
"Td00001aa011555_T005",-0.366044537438658,6.28928157840913e-05,4.20139896097001,"NS"
"Td00001aa011564_T001",0.0429861586325591,0.722228289128934,0.141325504593798,"NS"
"Td00001aa011566_T001",-0.436653999109133,0.000442664093273809,3.35392570441711,"NS"
"Td00001aa011567_T001",-0.727486619734474,0.00192346133599456,2.71591653913776,"NS"
"Td00001aa011571_T001",0.323008057637836,0.318781267655724,0.496507206701188,"NS"
"Td00001aa011576_T001",-0.101368294131811,0.999525501265951,0.000206121087833489,"NS"
"Td00001aa011609_T003",-0.149793732837273,0.921425239914451,0.0355398956155318,"NS"
"Td00001aa011649_T002",-1.11707862218831,1.61403860099777e-05,4.79208608299693,"Down"
"Td00001aa011659_T002",0.0570214308619772,0.230017367230803,0.638239371774788,"NS"
"Td00001aa011674_T001",0.296463156794418,0.0619983986284039,1.20761952785383,"NS"
"Td00001aa011675_T004",0.139408220231682,0.218528364560664,0.660492184447885,"NS"
"Td00001aa011678_T002",-0.146084250988166,0.22768299319302,0.64266940784892,"NS"
"Td00001aa011705_T001",-0.0540217257067598,0.967000922155217,0.0145731117631912,"NS"
"Td00001aa011731_T001",0.228883582809797,0.151131589826247,0.8206447490739,"NS"
"Td00001aa011732_T002",-0.483196044046987,0.00232683238101059,2.6332349010382,"NS"
"Td00001aa011748_T001",-0.267646744513701,0.791875994074002,0.101342822584691,"NS"
"Td00001aa011766_T001",0.194093175414465,0.076853273972761,1.11433762669361,"NS"
"Td00001aa011779_T001",0.396974620347502,7.95431729264684e-08,7.09939708927444,"NS"
"Td00001aa011866_T001",0.113278291395612,0.245479269662283,0.609985177477532,"NS"
"Td00001aa011875_T002",-0.987883837320263,1.49834117560219e-12,11.8243892855613,"NS"
"Td00001aa011888_T001",-0.218918489409074,0.404128336797767,0.393480696492668,"NS"
"Td00001aa011890_T001",-0.214224817377687,0.461521276660088,0.33580827270292,"NS"
"Td00001aa011895_T002",-0.242870556278122,0.690804903367821,0.160644588449643,"NS"
"Td00001aa011900_T001",-0.277625335530467,0.945297275873994,0.024431593639816,"NS"
"Td00001aa011905_T003",-0.0835367686823779,0.0262717727161105,1.5805106217381,"NS"
"Td00001aa011919_T001",-0.165551965545618,0.146447257479537,0.834318756946918,"NS"
"Td00001aa011925_T001",0.0807190933890982,0.971453982140844,0.0125777671441222,"NS"
"Td00001aa011930_T003",-0.257923365540627,0.0373889599301773,1.42725661569273,"NS"
"Td00001aa011935_T001",0.419003640248889,0.0100372757015309,1.99838414658757,"NS"
"Td00001aa011937_T001",-0.538404158121095,1.31802351483743e-06,5.88007684143166,"NS"
"Td00001aa011954_T001",1.31675422729296,6.7932808672923e-09,8.16792042919058,"Up"
"Td00001aa011955_T001",-0.279739818134291,0.553773282860418,0.256668000894864,"NS"
"Td00001aa011973_T001",0.0259115242473491,0.392429895279412,0.406237915511417,"NS"
"Td00001aa011975_T001",-0.196017945542027,0.501164002325973,0.300020131118916,"NS"
"Td00001aa012018_T001",-0.8929467414583,1.7084544409853e-07,6.76739659795535,"NS"
"Td00001aa012020_T001",-0.289126513030041,0.764814200237,0.116444057150211,"NS"
"Td00001aa012022_T001",0.196689113975207,0.115317169231513,0.938106027073135,"NS"
"Td00001aa012044_T002",-0.434954197466428,1.56032718141193e-05,4.8067843258871,"NS"
"Td00001aa012053_T002",-1.10968222168267,4.96728360625634e-05,4.30388104332349,"Down"
"Td00001aa012060_T001",-0.648082140504996,1.64494623531937e-05,4.78384829229498,"NS"
"Td00001aa012064_T002",-0.00056624927001198,0.999976806253387,1.00730329849107e-05,"NS"
"Td00001aa012077_T002",-0.260328289337093,0.72298947682068,0.140868023856189,"NS"
"Td00001aa012095_T001",-0.393257797816245,1.03008341964464e-05,4.98712760323235,"NS"
"Td00001aa012101_T001",-0.131432808798067,0.990157246513738,0.00429582977591448,"NS"
"Td00001aa012104_T002",0.000841663386232089,0.998047959909236,0.000848588749225169,"NS"
"Td00001aa012106_T002",0.356919179390861,0.00070842441526116,3.14970647962415,"NS"
"Td00001aa012113_T003",0.102056398090189,0.998163279335277,0.000798411103235571,"NS"
"Td00001aa012141_T001",-1.67875126741174,4.69177351769452e-08,7.32866296040764,"Down"
"Td00001aa012151_T003",-0.777582121551207,5.0512524170334e-05,4.29660092873855,"NS"
"Td00001aa012163_T001",-0.495376482176719,7.1361639357995e-06,5.1465351816707,"NS"
"Td00001aa012166_T002",-0.271951458039207,0.206640258715736,0.684785063093226,"NS"
"Td00001aa012169_T001",-0.468433036924181,0.000228307619533942,3.64147959413252,"NS"
"Td00001aa012180_T001",0.100859186293906,0.940837538559334,0.0264853629686808,"NS"
"Td00001aa012190_T003",-0.238222083133511,0.154863361546124,0.810051317944195,"NS"
"Td00001aa012214_T001",0.41686524548758,0.00896718429177017,2.04734390461639,"NS"
"Td00001aa012238_T002",-0.439482023355922,0.00263261720927125,2.57961228407161,"NS"
"Td00001aa012240_T001",0.354277007280587,0.0301941778871227,1.52007679066062,"NS"
"Td00001aa012247_T002",0.462877129650799,0.0412684340508457,1.38438201030794,"NS"
"Td00001aa012250_T002",-0.181507161578105,0.397993814165745,0.400123677912644,"NS"
"Td00001aa012264_T001",0.54626959864966,0.0518801329423959,1.28499891971064,"NS"
"Td00001aa012271_T001",-1.269485752453,5.95271728484664e-12,11.225284743107,"Down"
"Td00001aa012272_T001",0.0881023252086967,0.886554172532219,0.05229472186453,"NS"
"Td00001aa012276_T001",-0.57939812754447,3.14026397500517e-08,7.50303384298747,"NS"
"Td00001aa012291_T001",-0.579003782590368,0.723581781187588,0.140512376623317,"NS"
"Td00001aa012294_T001",-0.390988703389932,0.0885838172115,1.05264560923785,"NS"
"Td00001aa012295_T003",-0.368198663843802,0.031838420154576,1.49704849040587,"NS"
"Td00001aa012304_T001",0.19952433449684,0.81149785083799,0.0907126260169702,"NS"
"Td00001aa012338_T001",-0.976368653540784,0.000131125215576164,3.88231378479677,"NS"
"Td00001aa012339_T002",-0.0398146267790867,0.985717109201236,0.00624770528260698,"NS"
"Td00001aa012388_T003",0.0513576973764466,0.832610125180989,0.0795583120614268,"NS"
"Td00001aa012396_T001",-0.322331575986778,0.0239871943356727,1.6200205463545,"NS"
"Td00001aa012436_T001",-0.617962913454746,6.09618516262072e-06,5.21494185041465,"NS"
"Td00001aa012440_T003",-0.594555459584389,2.09163362272132e-05,4.67951438556251,"NS"
"Td00001aa012521_T002",-0.773127422615467,3.27097186988835e-05,4.48532319075878,"NS"
"Td00001aa012562_T001",-0.213132661617468,0.161040095843543,0.793065979647535,"NS"
"Td00001aa012567_T004",-0.502704287655862,0.840184230855474,0.0756254738533943,"NS"
"Td00001aa012570_T003",-0.0602085738659146,0.96855807398214,0.0138743342078042,"NS"
"Td00001aa012579_T001",-0.74907811974802,0.0125728925559061,1.90056479577843,"NS"
"Td00001aa012606_T003",-0.260684484769509,0.0434225874936998,1.36228430108532,"NS"
"Td00001aa012623_T002",-0.139612303065528,0.642789852117986,0.191930988168727,"NS"
"Td00001aa012628_T001",0.62706618487642,5.0608843144475e-05,4.29577359001216,"NS"
"Td00001aa012677_T001",0.00134770746506247,0.972479741095652,0.0121194372228319,"NS"
"Td00001aa012688_T001",-0.449849644988421,4.14748744998965e-05,4.3822149194467,"NS"
"Td00001aa012697_T002",-0.0652034062844488,0.661930748873998,0.179187444027181,"NS"
"Td00001aa012705_T001",-0.50942049016351,1.98893263768784e-05,4.70137992556127,"NS"
"Td00001aa012719_T001",3.49115946660423,2.13899653103633e-07,6.66978991975432,"Up"
"Td00001aa012727_T002",-0.118151458840848,0.995974995812146,0.00175156450513618,"NS"
"Td00001aa012729_T001",0.104305899832165,0.998471872189648,0.000664165069579408,"NS"
"Td00001aa012773_T001",-0.271708605854854,0.204126792285606,0.690099989021564,"NS"
"Td00001aa012774_T003",0.093351492015914,0.988927128968819,0.00483570906278757,"NS"
"Td00001aa012779_T002",-0.0340675867238267,0.485589272805644,0.313730915863551,"NS"
"Td00001aa012790_T002",-0.000984041506790839,0.999984401817924,6.77425723659909e-06,"NS"
"Td00001aa012806_T001",0.0100891806075862,0.999550437543555,0.000195286394110108,"NS"
"Td00001aa012808_T001",0.370007159460375,6.48557391231865e-07,6.18805158690068,"NS"
"Td00001aa012809_T001",1.13243652733149,4.33081387333778e-11,10.3634304806708,"Up"
"Td00001aa012816_T003",0.325858188166865,0.0020314388945031,2.69219623667955,"NS"
"Td00001aa012823_T001",0.321418777057727,0.00622963822444556,2.20553717351564,"NS"
"Td00001aa012834_T001",-0.0707530679498664,0.624001236098276,0.204814550012882,"NS"
"Td00001aa012842_T001",-0.112760892922579,0.651213422811259,0.186276656348611,"NS"
"Td00001aa012843_T001",-0.779703468855647,1.31227952651231e-08,7.88197364675026,"NS"
"Td00001aa012879_T001",-0.00964778590234824,0.997466241167862,0.00110179390949754,"NS"
"Td00001aa012885_T001",-1.84334529135391,4.13954288592735e-09,8.38304761372934,"Down"
"Td00001aa012911_T004",0.820294761310975,0.547746826787238,0.261420129719396,"NS"
"Td00001aa012927_T002",0.397046448401795,0.00245855129912365,2.60932072546864,"NS"
"Td00001aa012952_T004",-0.0873715605506133,0.415943256104143,0.380965912742826,"NS"
"Td00001aa012978_T002",-0.142041798678533,0.902282128064229,0.0446576448266829,"NS"
"Td00001aa012991_T001",-0.111895992225356,0.626260887099195,0.20324471115902,"NS"
"Td00001aa013007_T002",-0.287050203256984,0.79212671511496,0.101205339530069,"NS"
"Td00001aa013013_T001",-0.0627872339256916,0.976523147712128,0.0103174576454595,"NS"
"Td00001aa013076_T002",-0.233493617684265,0.0417257411396374,1.37959594056852,"NS"
"Td00001aa013095_T001",-0.0474618185519219,0.679943522551895,0.167527159150677,"NS"
"Td00001aa013106_T001",-0.0519397716260697,0.99782783959659,0.000944383324767518,"NS"
"Td00001aa013108_T001",-0.305209425404757,0.0105979770283518,1.9747770261758,"NS"
"Td00001aa013127_T001",0.238502677914951,0.010893628554044,1.96282743718472,"NS"
"Td00001aa013141_T001",0.601624897978994,0.0163423193541435,1.7866863069698,"NS"
"Td00001aa013158_T001",-0.120944254319927,0.146003885797705,0.835635585598823,"NS"
"Td00001aa013170_T001",0.0397417961444098,0.983416578796469,0.00726247448887963,"NS"
"Td00001aa013176_T001",-0.0606625942759821,0.966200002901158,0.0149329655454659,"NS"
"Td00001aa013182_T001",-0.0681020555921652,0.564945760288966,0.247993246230043,"NS"
"Td00001aa013202_T001",-0.803460042683694,5.87166255791318e-07,6.23123891110412,"NS"
"Td00001aa013204_T001",-0.153781306504014,0.841257966400158,0.0750708101412234,"NS"
"Td00001aa013205_T001",-0.361225335336801,0.00111260550107225,2.95365879710109,"NS"
"Td00001aa013262_T003",0.422329450986453,0.999965079978405,1.51658374837807e-05,"NS"
"Td00001aa013264_T003",-0.0293290201838016,0.918447633053048,0.0369456007348089,"NS"
"Td00001aa013293_T002",0.0896031500898326,0.484570474140354,0.314643051834033,"NS"
"Td00001aa013296_T001",0.50066181043148,6.45988201735545e-06,5.18977541384383,"NS"
"Td00001aa013332_T001",-0.394513138594211,0.234749647077909,0.629395051978706,"NS"
"Td00001aa013334_T008",0.545579997409913,1.89941310976523e-11,10.7213805688177,"NS"
"Td00001aa013344_T002",-0.373812495319676,9.63585753247758e-09,8.01610962973183,"NS"
"Td00001aa013359_T001",0.49258376879051,0.00241347746215472,2.61735675241087,"NS"
"Td00001aa013409_T004",0.11035043427398,0.411277075111356,0.385865497712106,"NS"
"Td00001aa013413_T002",-0.0249349573934734,0.997533697426305,0.00107242460451062,"NS"
"Td00001aa013419_T005",-0.00773466833796812,0.0828103499976918,1.08191537980963,"NS"
"Td00001aa013433_T002",0.000175263678723226,0.99223244210578,0.00338657734298524,"NS"
"Td00001aa013434_T001",-1.91337512078857,5.45296266504262e-10,9.2633674757996,"Down"
"Td00001aa013454_T002",0.330785927394144,0.680929674809805,0.166897738922956,"NS"
"Td00001aa013466_T001",-0.436870843153124,0.00180288497207059,2.74403198131344,"NS"
"Td00001aa013477_T003",-0.663601171346757,2.37702316686857e-11,10.6239665855439,"NS"
"Td00001aa013480_T001",-1.25139629178938,2.93312818903103e-06,5.53266895625836,"Down"
"Td00001aa013482_T002",-0.437173283675572,1.74534589859222e-09,8.75811849021587,"NS"
"Td00001aa013498_T003",-0.252692369330787,0.00193255295383805,2.71386859715371,"NS"
"Td00001aa013516_T003",0.134271110199729,0.469405614378557,0.328451720278447,"NS"
"Td00001aa013521_T002",-0.174293200996866,0.565359194632046,0.247675540355969,"NS"
"Td00001aa013532_T001",-0.53354468545664,9.59727607517909e-09,8.01785201210439,"NS"
"Td00001aa013562_T001",-0.0785354148840988,0.999999961064193,1.69096064677187e-08,"NS"
"Td00001aa013579_T002",0.0181523091392926,0.924547522839392,0.0340707606795282,"NS"
"Td00001aa013609_T003",0.0500833049988424,0.932237708964866,0.030473333859843,"NS"
"Td00001aa013626_T001",-0.241861188783411,0.0646459258577259,1.1894588402076,"NS"
"Td00001aa013655_T001",-0.123739803979157,0.211179735102958,0.675347759221648,"NS"
"Td00001aa013660_T001",0.0229761192319572,0.949981372529954,0.022284910381432,"NS"
"Td00001aa013672_T001",-1.13015453035332,5.76600501618702e-06,5.23912498412932,"Down"
"Td00001aa013673_T002",-0.896432294536566,1.06376303360959e-05,4.97315510574162,"NS"
"Td00001aa013674_T001",-0.776235866141619,0.00722182703555317,2.14135291723907,"NS"
"Td00001aa013675_T002",-0.561488470938326,2.36581852880159e-08,7.62601857118851,"NS"
"Td00001aa013685_T002",0.7013255875188,0.00160399184606424,2.79479784379394,"NS"
"Td00001aa013686_T001",0.13300039406253,1.76905192789849e-05,4.75225941883207,"NS"
"Td00001aa013691_T001",-0.0664158784498427,0.955233386939842,0.019890506660327,"NS"
"Td00001aa013708_T001",-0.25801508184456,0.48039248737274,0.31840379293873,"NS"
"Td00001aa013719_T002",0.0518297892391419,0.112421161869071,0.949151930600466,"NS"
"Td00001aa013724_T001",0.174918598931944,0.584945931695774,0.232884275202218,"NS"
"Td00001aa013725_T006",1.21623662389427,4.50134792007927e-05,4.34665741809218,"Up"
"Td00001aa013738_T001",-0.620749892396289,4.16043463237004e-10,9.38086129711845,"NS"
"Td00001aa013761_T001",0.0223178421249047,0.59910831629716,0.222494651871997,"NS"
"Td00001aa013775_T001",-0.348944668443781,0.176470790078136,0.753327169923245,"NS"
"Td00001aa013778_T002",0.0201009801877551,0.999985626864065,6.24221848464247e-06,"NS"
"Td00001aa013783_T001",-0.456210869267369,2.4241068135454e-11,10.6154482477436,"NS"
"Td00001aa013790_T001",-0.00968426772727591,0.996193578962252,0.00165626187110103,"NS"
"Td00001aa013792_T002",-0.0334089797388901,0.935465127792681,0.0289723974632662,"NS"
"Td00001aa013818_T001",0.376436227025914,0.00111905973370003,2.95114673087655,"NS"
"Td00001aa013819_T002",0.0648414243242641,0.893823748884876,0.0487481103238692,"NS"
"Td00001aa013822_T002",0.110560255101809,0.765032028200032,0.116320382651128,"NS"
"Td00001aa013828_T001",1.69482436171345,0.000190378432082099,3.72038225426191,"Up"
"Td00001aa013843_T001",0.307752923749704,0.0157465793391623,1.80281377428528,"NS"
"Td00001aa013846_T001",-0.876312387128084,9.45697304953197e-08,7.02424784861373,"NS"
"Td00001aa013887_T001",-0.558429674251833,0.014828477706575,1.8289034314105,"NS"
"Td00001aa013906_T003",-0.0587231466064705,0.8977177871972,0.0468601697089885,"NS"
"Td00001aa013911_T001",-0.375005832452712,0.00179243588446457,2.74655637012111,"NS"
"Td00001aa013924_T004",-0.21038023240072,0.45260659960616,0.344279117743991,"NS"
"Td00001aa013939_T002",0.0208281645806445,0.980352099635338,0.00861791668991423,"NS"
"Td00001aa013963_T003",0.122415121688587,0.580330696662806,0.236324456768435,"NS"
"Td00001aa013966_T001",-0.353805824845599,3.07634548214203e-09,8.51196489365521,"NS"
"Td00001aa013976_T001",-1.36236943867753,0.000417662480825365,3.37917453623203,"Down"
"Td00001aa013992_T001",0.413390186627795,0.0726686910559926,1.13865266246092,"NS"
"Td00001aa014014_T002",0.158961845921768,0.764447097865876,0.116652563750533,"NS"
"Td00001aa014017_T001",-0.00640518313652112,0.794356022518559,0.0999848074459539,"NS"
"Td00001aa014018_T001",-0.556697051760529,9.70665018535995e-05,4.01293062148388,"NS"
"Td00001aa014042_T002",-1.70575577979541,2.81498639164252e-06,5.55052370029713,"Down"
"Td00001aa014053_T003",-0.413735204830584,0.00212951908893457,2.67171846257225,"NS"
"Td00001aa014062_T003",0.27020411958387,0.139221050986279,0.856295092053333,"NS"
"Td00001aa014068_T004",-0.234208161534542,0.507663894410676,0.294423722976725,"NS"
"Td00001aa014113_T001",-0.317200191317859,2.30776382893475e-06,5.63680863790734,"NS"
"Td00001aa014127_T001",0.269326505554978,0.0716736702480133,1.14464035571398,"NS"
"Td00001aa014142_T001",-0.355710335878966,2.49201612974339e-09,8.60344915100329,"NS"
"Td00001aa014167_T002",0.0640699938091629,0.993389521801482,0.00288042522241047,"NS"
"Td00001aa014170_T002",0.407284111438435,0.313345493039133,0.503976547532739,"NS"
"Td00001aa014171_T001",-0.185354195530861,0.004571579547502,2.33993371891466,"NS"
"Td00001aa014173_T003",-0.291213660396597,0.416510482680797,0.380374063853505,"NS"
"Td00001aa014184_T002",-0.0615528680405837,0.0423162878146614,1.37349243767231,"NS"
"Td00001aa014188_T006",-0.0583978331855619,0.968390412909916,0.0139495187356029,"NS"
"Td00001aa014189_T002",0.134005023534252,0.767833704888874,0.114732827975354,"NS"
"Td00001aa014206_T001",-0.0702509826723102,0.812268333969794,0.0903004772719276,"NS"
"Td00001aa014214_T001",0.0678970263608291,0.980812848800485,0.00841385346330393,"NS"
"Td00001aa014231_T001",-1.16432203481613,3.22638428921494e-06,5.49128390577972,"Down"
"Td00001aa014246_T001",-0.414627186658299,0.00154229390086123,2.81183285886617,"NS"
"Td00001aa014253_T001",0.259931163826455,0.925573305304067,0.0335891794736814,"NS"
"Td00001aa014265_T001",0.476953990047324,0.413789957332642,0.38322005385381,"NS"
"Td00001aa014316_T001",-1.15772258814546,1.37288225615268e-06,5.86236670798968,"Down"
"Td00001aa014317_T003",0.895279033086055,1.56168273987615e-09,8.80640718961096,"NS"
"Td00001aa014328_T003",-0.258311223539458,0.222665938132496,0.652346213197205,"NS"
"Td00001aa014333_T002",0.284265442494099,0.26190811892453,0.581851038613827,"NS"
"Td00001aa014362_T001",3.75210187624437,2.26631468285949e-12,11.6446797875261,"Up"
"Td00001aa014383_T001",-0.486809492194769,0.00600910675772463,2.22119008024723,"NS"
"Td00001aa014389_T003",-0.0684232415838781,0.158066595972371,0.801159899312938,"NS"
"Td00001aa014391_T001",-0.487319848767872,6.92500022276236e-05,4.15958020829319,"NS"
"Td00001aa014396_T001",-0.190891444075294,0.191654916842795,0.717480034587021,"NS"
"Td00001aa014399_T001",0.128356380265131,0.389423592281563,0.409577741343651,"NS"
"Td00001aa014402_T001",-0.160785299894366,0.494212971488523,0.30608585996195,"NS"
"Td00001aa014405_T001",-0.292025796952246,0.000540810600719572,3.26695480414317,"NS"
"Td00001aa014408_T001",0.394744787294773,3.90804919484726e-05,4.40803997798391,"NS"
"Td00001aa014411_T003",-0.429984633413635,0.111130246524592,0.954167722238665,"NS"
"Td00001aa014422_T003",-0.385592484529825,0.00420113931722206,2.37663291624883,"NS"
"Td00001aa014448_T001",-0.057904099322261,0.999860336796351,6.06591946969323e-05,"NS"
"Td00001aa014454_T001",-0.356061190339766,0.00779872363675435,2.10797646947268,"NS"
"Td00001aa014462_T002",0.0669034826540156,0.676098179029776,0.169990233770117,"NS"
"Td00001aa014473_T001",-0.10433045338928,0.426894614043275,0.369679324479354,"NS"
"Td00001aa014474_T003",-0.157464037387175,0.0106088318220895,1.97433243524584,"NS"
"Td00001aa014480_T001",0.45905441867882,0.654874682999597,0.183841798769703,"NS"
"Td00001aa014495_T001",0.250350050221055,0.383210849318656,0.416562203840559,"NS"
"Td00001aa014505_T001",0.202130585306476,0.150703812270113,0.821875761441622,"NS"
"Td00001aa014521_T001",-0.031159821354061,0.715080154002808,0.145645274996008,"NS"
"Td00001aa014529_T001",-0.613740181474201,4.92218591483596e-06,5.30784198667903,"NS"
"Td00001aa014550_T001",-0.68425018037722,0.000871003229194373,3.05998023486754,"NS"
"Td00001aa014554_T001",-0.103784822542679,0.972428130310534,0.012142486416594,"NS"
"Td00001aa014555_T001",-0.602495575359551,3.0230950254426e-07,6.51954820135783,"NS"
"Td00001aa014566_T001",-0.290866463715823,0.110502309701928,0.956628644328927,"NS"
"Td00001aa014580_T001",-0.00252055983464702,0.998484757031755,0.000658560725703855,"NS"
"Td00001aa014588_T001",1.19141193438828,0.00054662888238748,3.26230742509466,"Up"
"Td00001aa014592_T001",-0.0987541732279981,0.00375139042636197,2.42580773425216,"NS"
"Td00001aa014607_T001",-0.188228995326599,0.00152602027108006,2.81643969733806,"NS"
"Td00001aa014621_T001",-0.593360714013723,7.93696433225408e-08,7.10034557135621,"NS"
"Td00001aa014625_T002",0.247225900496692,0.024366402999417,1.6132085772085,"NS"
"Td00001aa014638_T001",-0.0740989709345474,0.733187996237796,0.134784653925808,"NS"
"Td00001aa014643_T001",-0.548098891930491,0.0132944035935209,1.87633114098399,"NS"
"Td00001aa014647_T004",0.161109805049052,0.00394735916558926,2.40369335586015,"NS"
"Td00001aa014665_T001",0.225936230030329,0.00157814066141515,2.80185429025594,"NS"
"Td00001aa014669_T001",0.153852037893442,0.791579144127141,0.101505656746867,"NS"
"Td00001aa014670_T001",0.113977382370459,0.268782651898654,0.570598765483619,"NS"
"Td00001aa014677_T001",0.126679726173364,0.381986954614039,0.417951468595828,"NS"
"Td00001aa014680_T001",-0.0132046206946678,0.426391303867573,0.370191661206717,"NS"
"Td00001aa014685_T001",-0.267029861862355,0.0275860815160069,1.55930998479935,"NS"
"Td00001aa014689_T001",0.722867327476978,0.00785103178935301,2.10507326414948,"NS"
"Td00001aa014734_T001",0.437291323228982,9.3197540329606e-10,9.03059554939897,"NS"
"Td00001aa014741_T002",-0.161830467111976,0.159891646883194,0.796174224229337,"NS"
"Td00001aa014750_T002",-0.245811032242639,0.0471383560823871,1.32662556726772,"NS"
"Td00001aa014754_T001",0.325740745384755,0.0063911132459825,2.19442348699384,"NS"
"Td00001aa014755_T001",0.038494535457996,0.996038903253771,0.00172369858585413,"NS"
"Td00001aa014768_T001",-0.780520565758605,9.26957638842189e-08,7.03294011228209,"NS"
"Td00001aa014772_T002",0.22517252198814,0.990967688091819,0.00394050607194114,"NS"
"Td00001aa014774_T006",-0.177534466559015,0.0385397478025919,1.41409113161884,"NS"
"Td00001aa014788_T001",-0.252196572875931,0.0262096137756661,1.58153937876087,"NS"
"Td00001aa014789_T003",-0.166441361449696,0.216825189091117,0.663890266193527,"NS"
"Td00001aa014800_T001",-0.470862242942215,5.81074850202471e-05,4.23576792107586,"NS"
"Td00001aa014808_T001",-0.101757960127195,0.00704185607680559,2.15231285539306,"NS"
"Td00001aa014817_T001",0.171513681341293,0.406190912183553,0.391269797407545,"NS"
"Td00001aa014821_T001",-0.397415554088444,0.00809082811630308,2.09200702499653,"NS"
"Td00001aa014836_T002",0.0292629606876081,0.992287837456397,0.00336233179069732,"NS"
"Td00001aa014838_T001",0.148314573317048,0.929233289783599,0.0318752399928239,"NS"
"Td00001aa014840_T001",0.78409958715534,5.66781711338564e-09,8.24658417182064,"NS"
"Td00001aa014845_T001",0.332040956171683,2.74658877014026e-07,6.56120635995627,"NS"
"Td00001aa014847_T001",-1.51101547379237,3.91259643582124e-16,15.4075349450292,"Down"
"Td00001aa014848_T001",-0.146391492141872,0.138083424035555,0.859858452355181,"NS"
"Td00001aa014861_T001",0.0109517151326396,0.211060023455602,0.675594017932277,"NS"
"Td00001aa014867_T002",-0.0415859592149661,0.999174880916435,0.000358492584789222,"NS"
"Td00001aa014873_T004",-0.587284964137166,4.73936487472142e-09,8.32427985450422,"NS"
"Td00001aa014878_T002",1.96480823701547,4.79771738698281e-13,12.3189653380457,"Up"
"Td00001aa014922_T001",-0.0335205692059014,0.827625830228025,0.0821659634504307,"NS"
"Td00001aa014933_T004",-0.345016770127406,0.429578736780422,0.366957223415276,"NS"
"Td00001aa014943_T001",0.392678196636088,4.67747733519199e-05,4.32998830820527,"NS"
"Td00001aa014945_T002",-0.207650216492047,0.441565251100019,0.355005110662237,"NS"
"Td00001aa014951_T004",0.291405017097619,0.0063682377709891,2.19598072970809,"NS"
"Td00001aa014960_T001",-0.275678419687428,0.100522313564331,0.99773752448993,"NS"
"Td00001aa014970_T001",-0.536173692672334,3.17685983265204e-05,4.49800194640945,"NS"
"Td00001aa014977_T001",-0.778905259736795,0.00940731671092171,2.02653423457714,"NS"
"Td00001aa014980_T001",-0.127260705661184,0.968691824659337,0.0138143655055831,"NS"
"Td00001aa014986_T001",0.0512328179741799,0.998284831829986,0.000745527607307372,"NS"
"Td00001aa015062_T002",0.427717188147135,0.0411588182640991,1.385537103024,"NS"
"Td00001aa015067_T001",-0.109886192949849,0.943835791038367,0.0251035578727656,"NS"
"Td00001aa015104_T001",-1.31345753036837,1.33507956631831e-05,4.87449285101605,"Down"
"Td00001aa015117_T001",-0.899647995697193,1.31199897136424e-07,6.88206650545655,"NS"
"Td00001aa015138_T003",-0.252415896721098,0.104942036223189,0.979050513304103,"NS"
"Td00001aa015176_T008",-0.292961331622403,0.0832918741385633,1.07939736580714,"NS"
"Td00001aa015178_T001",-0.0831727566937216,0.937406134050931,0.0280722089385363,"NS"
"Td00001aa015181_T001",0.563087505960992,0.14575781894002,0.836368138926243,"NS"
"Td00001aa015182_T001",0.512154322325641,0.232662397415748,0.633273801132863,"NS"
"Td00001aa015248_T002",-0.21966120019188,0.577259570161399,0.238628858352174,"NS"
"Td00001aa015258_T002",0.961391278159089,9.72302977312088e-10,9.01219838438262,"NS"
"Td00001aa015261_T001",1.15911932805701,0.107592514188739,0.968217943907709,"NS"
"Td00001aa015265_T001",0.0807900728757723,0.0056404277376461,2.2486879603685,"NS"
"Td00001aa015289_T001",-0.132729244566631,0.0037460023612496,2.42643195320815,"NS"
"Td00001aa015308_T002",-0.431487954063044,0.0133802930582216,1.87353437444752,"NS"
"Td00001aa015328_T001",0.097369896750917,0.484083724294463,0.315079518821471,"NS"
"Td00001aa015334_T001",0.00496852366541067,0.85902159228764,0.0659959196454541,"NS"
"Td00001aa015350_T001",0.0149631127112259,0.807337188923684,0.0929450418528245,"NS"
"Td00001aa015352_T001",-0.288069016235753,0.164988660752927,0.782545902705219,"NS"
"Td00001aa015387_T001",1.24462437209179,0.164877476579934,0.78283866797676,"NS"
"Td00001aa015401_T001",-0.244425037202089,0.240182180822416,0.619459216156928,"NS"
"Td00001aa015444_T001",-0.639929945427227,0.0247858222833392,1.60579666856061,"NS"
"Td00001aa015495_T001",0.098712796433616,0.713803745139586,0.146421177746022,"NS"
"Td00001aa015560_T003",0.355233822235796,0.0856525579277139,1.06725966273579,"NS"
"Td00001aa015586_T001",-0.481586688128892,0.339600753791399,0.469031354449635,"NS"
"Td00001aa015589_T004",-0.343313651551284,0.0229067762918972,1.64003602548326,"NS"
"Td00001aa015608_T001",0.38032281817037,0.0111790315874235,1.95159581670491,"NS"
"Td00001aa015612_T004",-0.200849473022366,0.0610276669410089,1.21447323259974,"NS"
"Td00001aa015617_T002",0.308746438091682,0.246827841241821,0.607605855109865,"NS"
"Td00001aa015619_T001",-0.937158802021343,5.12106915590292e-06,5.29063935932978,"NS"
"Td00001aa015624_T001",-0.41698698984247,0.00181605789253296,2.7408703110975,"NS"
"Td00001aa015625_T001",0.191009356773423,0.684910776004795,0.164366000788783,"NS"
"Td00001aa015627_T002",-0.963984926786048,2.46241245499153e-08,7.60863920082627,"NS"
"Td00001aa015631_T002",0.395134126038002,6.49199091299673e-05,4.18762209673831,"NS"
"Td00001aa015632_T001",-0.889950642297718,3.85539537627385e-07,6.41393107781298,"NS"
"Td00001aa015644_T001",0.582143995425381,2.96322894657369e-09,8.52823479253197,"NS"
"Td00001aa015645_T001",-0.199510498961428,0.107817816417529,0.967309467975949,"NS"
"Td00001aa015658_T001",0.162639442700226,0.453590540519947,0.34333601108787,"NS"
"Td00001aa015662_T001",-0.290544181367598,0.00312329125285643,2.50538751509401,"NS"
"Td00001aa015663_T001",-0.433021386131837,0.0268370062533593,1.57126593262236,"NS"
"Td00001aa015695_T001",-0.244029882057148,0.00246999782744679,2.60730342873559,"NS"
"Td00001aa015700_T001",-0.260380506319436,0.64135915577103,0.192898701077477,"NS"
"Td00001aa015706_T001",-0.0854463690595496,0.438345895947604,0.358183055211282,"NS"
"Td00001aa015709_T002",-0.631897300795046,9.0355683500316e-05,4.04404452450655,"NS"
"Td00001aa015748_T002",-0.140267813099764,0.65392006251984,0.184475338110552,"NS"
"Td00001aa015826_T001",-0.730156789532478,0.00184728955619104,2.73346502507962,"NS"
"Td00001aa015844_T002",-0.0198031483573762,0.664909768912815,0.177237286309004,"NS"
"Td00001aa015872_T004",-0.324593144041116,0.000122621553542206,3.91143318592096,"NS"
"Td00001aa015873_T002",-0.145208138217325,0.8139954072931,0.0893780454706152,"NS"
"Td00001aa015898_T001",-0.295172319621358,0.271200624343317,0.566709314994705,"NS"
"Td00001aa015918_T003",-0.0623141329075326,0.141368903049118,0.849646111892994,"NS"
"Td00001aa015925_T001",0.263673509922762,0.0583292111977315,1.23411389661625,"NS"
"Td00001aa015927_T001",-0.720286294800574,2.30262730680431e-11,10.6377763493551,"NS"
"Td00001aa015928_T001",-0.0686433126679833,0.988168211003429,0.00516912131065499,"NS"
"Td00001aa015941_T002",0.795877220321191,0.0103837427998334,1.98364607766972,"NS"
"Td00001aa015942_T003",0.336335723198396,1.13003784774768e-06,5.94690701068232,"NS"
"Td00001aa015946_T001",0.0387657446464029,0.917081902941848,0.037591876535756,"NS"
"Td00001aa015954_T001",-0.189149399735235,0.0689363089800634,1.16155197350284,"NS"
"Td00001aa015991_T001",-0.335290911792077,6.54143971073391e-10,9.18432665693332,"NS"
"Td00001aa015994_T001",-0.470792689679243,0.092669645020298,1.03306250058114,"NS"
"Td00001aa016015_T001",0.183126722386737,0.173431126959684,0.76087295383994,"NS"
"Td00001aa016019_T001",-0.105238738944254,0.417993746628444,0.378830215414139,"NS"
"Td00001aa016023_T001",-0.457771532834113,0.0219332744882134,1.6588965262795,"NS"
"Td00001aa016026_T002",-1.42288265132865,2.81648854441912e-12,11.5502920108429,"Down"
"Td00001aa016032_T002",-0.212762627925583,0.167648198881839,0.775601108026276,"NS"
"Td00001aa016034_T001",-0.194203917796101,0.0710901998597156,1.14819026481453,"NS"
"Td00001aa016044_T001",-0.301074118285673,1.53004601964566e-06,5.81529550658266,"NS"
"Td00001aa016047_T001",-0.149748778515628,0.550930843230028,0.258902913468674,"NS"
"Td00001aa016055_T008",-0.6025472541473,0.0067253764095266,2.17228340381543,"NS"
"Td00001aa016064_T001",-0.243120278495912,0.14062575291905,0.851935139298601,"NS"
"Td00001aa016065_T001",0.101235745076345,0.951578803510727,0.0215552404692114,"NS"
"Td00001aa016067_T004",0.07521024395126,0.999500675880779,0.000216907867831954,"NS"
"Td00001aa016069_T001",0.0352951532491993,0.99980404307431,8.51113508694871e-05,"NS"
"Td00001aa016071_T002",-0.378423179417229,0.000733008568607115,3.13489094858256,"NS"
"Td00001aa016074_T002",-0.527550861990531,0.000658880898978212,3.18119308250953,"NS"
"Td00001aa016098_T001",-0.285901587312384,0.157600419904877,0.802442629726362,"NS"
"Td00001aa016140_T001",-0.0767839934148144,0.530968886599246,0.274930926704121,"NS"
"Td00001aa016142_T001",0.548232410072531,0.000176857993877749,3.75237530554934,"NS"
"Td00001aa016152_T001",0.750036818847374,0.00431468458052714,2.36505094732849,"NS"
"Td00001aa016153_T001",-0.110253127720933,0.966410516018691,0.0148383529116428,"NS"
"Td00001aa016155_T002",-0.469609359314511,0.00161188525652835,2.7926658770658,"NS"
"Td00001aa016169_T005",0.0386764819823157,0.995991547241017,0.00174434732144233,"NS"
"Td00001aa016178_T001",-0.208613176256376,0.0426194008628528,1.37039265982561,"NS"
"Td00001aa016192_T001",0.251388825392294,0.0673300648677088,1.17179096712014,"NS"
"Td00001aa016203_T001",0.0371036215944334,0.809093930352685,0.0920010567983073,"NS"
"Td00001aa016207_T001",-0.0497317361725288,0.892500776016709,0.0493913976027408,"NS"
"Td00001aa016220_T001",-0.697776704554207,0.000537030849544827,3.27000076569288,"NS"
"Td00001aa016233_T003",0.00768830349356145,0.835081413617726,0.078271182287247,"NS"
"Td00001aa016257_T001",-0.308311361455405,0.00688371247397893,2.16217727802667,"NS"
"Td00001aa016269_T002",-0.343749001882365,0.000476497288376008,3.32193956647726,"NS"
"Td00001aa016270_T001",-0.956114558258606,0.000557305372067246,3.25390677060266,"NS"
"Td00001aa016275_T003",-1.26342210143324,0.0189193384114323,1.72309405447164,"Down"
"Td00001aa016276_T003",0.0470592236669377,0.996648909983975,0.00145780388487127,"NS"
"Td00001aa016277_T003",0.757548393858949,0.223609109365258,0.650510508180599,"NS"
"Td00001aa016290_T001",-0.226347708073658,0.00185217485706863,2.73231801556157,"NS"
"Td00001aa016301_T001",0.258717115713361,0.27511638759549,0.560483539634592,"NS"
"Td00001aa016333_T003",-0.178883444319877,0.460351157180607,0.33691076082895,"NS"
"Td00001aa016357_T002",0.0542812744785771,0.709230953869532,0.149212318190451,"NS"
"Td00001aa016360_T001",-1.90554389167943,0.000223532668553575,3.6506589972043,"Down"
"Td00001aa016362_T002",0.0180233636209206,0.328272468320102,0.483765539317704,"NS"
"Td00001aa016366_T002",-0.00243231796095913,0.999832734504942,7.26485574843497e-05,"NS"
"Td00001aa016368_T002",-0.0198946303783278,0.99255949190706,0.00324345309620176,"NS"
"Td00001aa016373_T001",-0.325608895645667,0.00219977214034141,2.65762230250389,"NS"
"Td00001aa016375_T001",-0.235255456556595,0.0619982319077594,1.20762069572195,"NS"
"Td00001aa016388_T002",-0.425736279494117,0.00841983977274407,2.07469617292733,"NS"
"Td00001aa016390_T002",-0.369816016825814,0.00031704216456535,3.498882975573,"NS"
"Td00001aa016394_T002",0.0620217206295414,0.804786400364634,0.0943193711257452,"NS"
"Td00001aa016395_T002",0.188428217193001,0.277884392684307,0.556135844591562,"NS"
"Td00001aa016488_T001",-0.543266466851827,1.21119188279112e-12,11.9167870484045,"NS"
"Td00001aa016523_T001",0.652298051405975,1.16768814611567e-06,5.93267312854638,"NS"
"Td00001aa016540_T002",-0.0399063420918004,0.652949042015804,0.185120710968259,"NS"
"Td00001aa016543_T001",-0.560791330552738,1.32820550015457e-05,4.87673472566182,"NS"
"Td00001aa016584_T002",-0.0798480785900204,0.814902632256163,0.0888942793582168,"NS"
"Td00001aa016592_T002",-0.207681432560391,0.0589808556790638,1.22928893110602,"NS"
"Td00001aa016618_T001",0.095952642675726,0.705801974651317,0.151317130930752,"NS"
"Td00001aa016619_T001",-0.260210672874169,0.0829370738885898,1.08125129108987,"NS"
"Td00001aa016628_T001",-0.349138481342093,0.00234569902422864,2.62972771280964,"NS"
"Td00001aa016633_T002",-0.905158380345943,4.86015236982376e-06,5.31335011503064,"NS"
"Td00001aa016678_T002",0.0531607576528008,0.999958634627423,1.79651246216308e-05,"NS"
"Td00001aa016687_T001",-0.733059020863714,3.7257841583861e-06,5.42878230819905,"NS"
"Td00001aa016724_T001",-0.683862435722613,0.00326306431585319,2.48637436606966,"NS"
"Td00001aa016730_T003",-0.476470932506939,0.184897860650498,0.733068113789766,"NS"
"Td00001aa016771_T001",0.000975805099291979,0.999991866562565,3.53232136199845e-06,"NS"
"Td00001aa016799_T001",1.50051244707572,1.26728954712882e-11,10.8971241472682,"Up"
"Td00001aa016825_T002",-0.62961740213561,0.0532610733683266,1.27359008548919,"NS"
"Td00001aa016857_T001",-0.0723373821879825,0.618299060021436,0.208801413743424,"NS"
"Td00001aa016859_T004",-0.499054282773489,4.60893752957588e-06,5.33639917834637,"NS"
"Td00001aa016862_T001",0.101709174319783,0.939289067185543,0.0272007325858355,"NS"
"Td00001aa016867_T001",-0.752150846107087,4.4976730327797e-09,8.34701211964759,"NS"
"Td00001aa016906_T001",-0.505339438377342,0.0028845084464083,2.53992818500428,"NS"
"Td00001aa016909_T003",0.717483113032696,0.0962645889725102,1.01653343916879,"NS"
"Td00001aa016968_T001",-0.301440572907995,0.0839376972731769,1.07604294929263,"NS"
"Td00001aa016985_T001",-0.273582818974107,0.000114872946115586,3.93978224055592,"NS"
"Td00001aa016990_T001",-0.314310239520587,0.487809665601637,0.311749598700706,"NS"
"Td00001aa016994_T001",0.0401225925235316,0.388507933179271,0.410600108649927,"NS"
"Td00001aa017000_T002",-0.0415733422516964,0.999984805573955,6.59890552026808e-06,"NS"
"Td00001aa017003_T001",-1.56164662278932,1.16616763416981e-08,7.93323901616185,"Down"
"Td00001aa017027_T002",0.191869302692695,0.634590321720699,0.197506555707631,"NS"
"Td00001aa017040_T004",-0.635358587888798,2.48840469741879e-05,4.60407898750091,"NS"
"Td00001aa017069_T004",0.0817470152555955,0.99939142712209,0.000264380298213904,"NS"
"Td00001aa017078_T001",-0.443582148193642,2.05663740971133e-07,6.6868422687535,"NS"
"Td00001aa017095_T001",0.746061159103824,5.72906093424094e-05,4.24191655857359,"NS"
"Td00001aa017158_T004",-0.120823203923571,0.888559102728768,0.0513136796929015,"NS"
"Td00001aa017166_T001",-0.631281348163336,0.00559752885433025,2.25200365902734,"NS"
"Td00001aa017178_T001",1.47223485533467,1.45594505324735e-14,13.8368550148044,"Up"
"Td00001aa017188_T002",-1.34918173078344,0.331704068430166,0.479249201721592,"NS"
"Td00001aa017214_T001",-0.866283268597567,0.00709264920067631,2.14919151963519,"NS"
"Td00001aa017216_T001",0.23229981123791,0.000356290484494981,3.44819577626393,"NS"
"Td00001aa017236_T001",-0.587066228238893,0.236982349987471,0.625283998245122,"NS"
"Td00001aa017244_T003",-0.413019468225562,8.84723461053282e-05,4.0531924559761,"NS"
"Td00001aa017291_T001",-0.12746999445734,0.832665487984593,0.0795294354479383,"NS"
"Td00001aa017321_T001",-0.214629796968454,0.065411492674068,1.1843459402624,"NS"
"Td00001aa017337_T004",-0.18608221211309,0.0882293701416633,1.05438682113569,"NS"
"Td00001aa017348_T001",-0.266064794149304,1.22227524010135e-05,4.91283098574868,"NS"
"Td00001aa017352_T007",-0.171343261641042,0.837770757494332,0.0768748028199786,"NS"
"Td00001aa017359_T001",-0.177534550812639,0.999561943696563,0.000190287116624532,"NS"
"Td00001aa017372_T002",-1.29276091350042,2.93489011595039e-05,4.53240815435836,"Down"
"Td00001aa017375_T002",-0.167334976899544,0.115127594070976,0.938820571101126,"NS"
"Td00001aa017378_T001",0.582907941744845,0.0818598556478328,1.0869290255276,"NS"
"Td00001aa017391_T005",-0.198330862004407,0.076648637463752,1.11549556093007,"NS"
"Td00001aa017435_T001",-0.486592526170124,0.0295270638666024,1.52977973657471,"NS"
"Td00001aa017441_T004",-0.197791008066588,0.0506245453938186,1.29563886370503,"NS"
"Td00001aa017459_T002",-0.0294603134365679,0.02400695831576,1.6196628616157,"NS"
"Td00001aa017473_T003",-0.112633544395193,0.797842373387763,0.098082902044984,"NS"
"Td00001aa017479_T001",-0.0938800278475422,0.549444873698114,0.260075874213539,"NS"
"Td00001aa017493_T001",-0.225606253055829,0.144779647866261,0.839292483999362,"NS"
"Td00001aa017498_T001",-0.133114780710866,0.944444016101529,0.0248237806948039,"NS"
"Td00001aa017553_T002",0.534495382458195,0.13619753281675,0.865830759484733,"NS"
"Td00001aa017572_T001",-0.644590155813668,0.0203950179505457,1.69047590810518,"NS"
"Td00001aa017581_T001",-0.12055163416685,0.880208614149077,0.0554143855355091,"NS"
"Td00001aa017607_T002",0.0132403256250612,0.71483689560718,0.145793039902995,"NS"
"Td00001aa017609_T003",-0.32915375193384,0.0512977813849463,1.2899014175999,"NS"
"Td00001aa017648_T001",-0.0589257054425699,0.929035074585035,0.0319678894388813,"NS"
"Td00001aa017662_T001",-0.314851491110036,6.23300376750953e-07,6.20530261060068,"NS"
"Td00001aa017679_T001",-0.408133837069606,0.000632987377801223,3.19860495002361,"NS"
"Td00001aa017680_T001",0.278305251488493,0.00585267820657803,2.23264535371759,"NS"
"Td00001aa017681_T002",0.62409446643597,8.97310645433199e-06,5.04705717987471,"NS"
"Td00001aa017685_T002",-0.258599564431002,0.00518499918524353,2.28525130751877,"NS"
"Td00001aa017690_T002",-0.171152298231414,0.352788272480515,0.452485860279596,"NS"
"Td00001aa017700_T001",-0.0336219197291828,0.927760980149629,0.0325638970274944,"NS"
"Td00001aa017757_T002",-0.716296743910688,0.000115012223406067,3.93925600072725,"NS"
"Td00001aa017761_T001",-0.0870476290674482,0.156841601800768,0.804538730961973,"NS"
"Td00001aa017763_T001",-0.857977654736039,8.93805193611279e-08,7.04875712612434,"NS"
"Td00001aa017807_T001",-0.533456369763618,1.06866725017018e-06,5.97115749957213,"NS"
"Td00001aa017809_T001",-0.586996158396004,6.23777319772734e-06,5.20497042001911,"NS"
"Td00001aa017823_T001",-0.119511653361041,0.922525596459173,0.0350215750369177,"NS"
"Td00001aa017830_T001",-0.189180118201703,0.994491805610369,0.0023987910140163,"NS"
"Td00001aa017835_T001",-1.08320915931013,2.9381688202107e-10,9.53192325429812,"Down"
"Td00001aa017839_T003",0.223248516283948,0.00498821775958646,2.30205459574632,"NS"
"Td00001aa017842_T001",-0.746014885715175,6.47131282022435e-06,5.18900760607895,"NS"
"Td00001aa017846_T001",0.393822616562521,0.177030382309456,0.751952192751105,"NS"
"Td00001aa017885_T001",-0.446322216904736,0.00843685452086366,2.0738194394943,"NS"
"Td00001aa017912_T001",0.863592667032533,2.39510832703557e-08,7.62067483933924,"NS"
"Td00001aa017913_T001",-1.61195640959934,1.82145711828466e-08,7.73958104869413,"Down"
"Td00001aa017958_T001",-0.0525773720289681,0.774336934371394,0.111070025237134,"NS"
"Td00001aa017963_T001",-0.328482311021376,3.77526217675423e-07,6.42305288298475,"NS"
"Td00001aa018018_T001",-0.536096574891742,9.93077055486027e-05,4.00301705213499,"NS"
"Td00001aa018030_T001",-0.511364320563655,4.02843167720905e-06,5.39486399765546,"NS"
"Td00001aa018040_T003",-0.908438844611021,2.82527771870652e-06,5.54893885553529,"NS"
"Td00001aa018052_T001",-0.025068310504405,0.985631742238398,0.00628531851467759,"NS"
"Td00001aa018066_T001",0.167622639415762,0.99960429969222,0.000171884469768453,"NS"
"Td00001aa018084_T001",0.243604380273014,0.243791549914921,0.612981351584416,"NS"
"Td00001aa018087_T001",-0.20118779745447,0.0358218756573068,1.44585167794283,"NS"
"Td00001aa018117_T002",0.000317104380175333,0.226292525030559,0.645329791567131,"NS"
"Td00001aa018119_T001",-0.142313093903584,0.758013215961946,0.120323222376771,"NS"
"Td00001aa018129_T004",0.234887929027332,6.45224476481108e-05,4.19028916608305,"NS"
"Td00001aa018168_T002",-0.151205078409342,0.459528930782421,0.337687141331971,"NS"
"Td00001aa018169_T001",-0.146278876635302,0.243582223720155,0.613354409068477,"NS"
"Td00001aa018194_T001",-0.0618648288268598,0.413152761746236,0.383889339828409,"NS"
"Td00001aa018200_T003",-0.322037060816418,0.180792836986959,0.742818780269188,"NS"
"Td00001aa018209_T001",-0.624984499898138,0.00316153193233813,2.50010242733544,"NS"
"Td00001aa018214_T002",-0.0787150098244187,0.690739184617752,0.16068590640798,"NS"
"Td00001aa018222_T001",0.128955537642034,0.547320505729505,0.261758280418899,"NS"
"Td00001aa018223_T001",-0.238159745966872,0.00254322906046411,2.5946145225551,"NS"
"Td00001aa018224_T002",0.141883856457099,0.895239573066753,0.0480607285522429,"NS"
"Td00001aa018295_T001",0.17802449918781,0.982575570169876,0.00763403795441374,"NS"
"Td00001aa018309_T004",-0.702945315391109,0.0132612927863462,1.87741413636798,"NS"
"Td00001aa018310_T004",-0.381977322612328,0.325216767875564,0.48782707067915,"NS"
"Td00001aa018311_T003",-0.333179919426791,0.0747000960538117,1.12667883974265,"NS"
"Td00001aa018327_T002",-0.0808196765228648,0.305647380022951,0.51477932258466,"NS"
"Td00001aa018332_T001",-0.0788336871110741,0.955340837354334,0.0198416573441916,"NS"
"Td00001aa018338_T001",-0.617175218337711,0.208999991600496,0.679853731342813,"NS"
"Td00001aa018349_T006",-0.292809376767024,0.00260423663654884,2.58431955571134,"NS"
"Td00001aa018400_T001",-1.5960970248746,5.87522847129882e-09,8.23097524022302,"Down"
"Td00001aa018404_T001",0.151992840914117,0.754222336743243,0.122500609850464,"NS"
"Td00001aa018415_T001",-0.0546264637971646,0.583665635401391,0.233835875980387,"NS"
"Td00001aa018430_T003",-1.18533569454088,4.15621717404209e-07,6.38130176741326,"Down"
"Td00001aa018439_T001",-0.671082341371441,7.19229265190217e-12,11.1431326496229,"NS"
"Td00001aa018440_T001",0.00598795974696523,0.937985736520066,0.0278037656696844,"NS"
"Td00001aa018469_T002",0.105537155760967,0.721989801952112,0.141468936761667,"NS"
"Td00001aa018471_T001",0.0946025906863373,0.132923043641265,0.876399722904367,"NS"
"Td00001aa018473_T004",-0.173810675479496,0.808104512350863,0.0925324681832727,"NS"
"Td00001aa018476_T001",-0.096263322953469,0.945232543512823,0.024461334410874,"NS"
"Td00001aa018480_T001",-0.481433880113022,5.60003339022371e-09,8.25180938350332,"NS"
"Td00001aa018487_T001",-0.756409436906502,1.24227395913814e-06,5.90578261847364,"NS"
"Td00001aa018493_T001",-0.408942326569022,0.00238672154768534,2.6221982459944,"NS"
"Td00001aa018507_T001",-1.39061497010572,1.70987964079773e-07,6.76703445871723,"Down"
"Td00001aa018541_T001",-0.603625202843353,0.00370108386652337,2.43167107368477,"NS"
"Td00001aa018554_T005",-0.812737659321328,4.14607874233792e-06,5.38236245404194,"NS"
"Td00001aa018562_T002",0.0833036076436942,0.44287846292323,0.353715438841504,"NS"
"Td00001aa018566_T001",0.355611576975402,0.000465017926314948,3.33253030485284,"NS"
"Td00001aa018619_T001",-1.1254349081236,0.00023696833787077,3.62530967764646,"Down"
"Td00001aa018621_T001",-0.278555630759694,0.781239745891169,0.107215669912966,"NS"
"Td00001aa018681_T001",-0.0491108379799991,0.995648816185228,0.00189381829070832,"NS"
"Td00001aa018699_T001",0.880770791846845,3.81187968627704e-09,8.41886081538171,"NS"
"Td00001aa018713_T003",-0.812460719188256,0.000173807090003519,3.75993251162382,"NS"
"Td00001aa018722_T001",-0.663005021254726,0.00132557865287997,2.8775944984112,"NS"
"Td00001aa018729_T002",0.0954806696272407,0.948482534328614,0.0229706619440522,"NS"
"Td00001aa018748_T001",0.0167524783517984,0.99491308032169,0.00221485934025719,"NS"
"Td00001aa018756_T002",-1.86301729050067,4.63862561653185e-09,8.33361067797393,"Down"
"Td00001aa018757_T002",-0.081786488785556,0.981457774982119,0.00812838020736371,"NS"
"Td00001aa018784_T002",-0.056807121431782,0.144849016834353,0.839084448232842,"NS"
"Td00001aa018793_T002",1.27569954572757,4.79503970725482e-12,11.3192077921283,"Up"
"Td00001aa018809_T001",0.28261036173864,0.949738464317215,0.0223959727548727,"NS"
"Td00001aa018834_T001",0.45018321208079,1.7632082102812e-08,7.75369640055544,"NS"
"Td00001aa018860_T001",1.00568241084844,0.00388257086625156,2.41088060860877,"Up"
"Td00001aa018867_T001",-0.213957972848222,0.000913705640785756,3.03919369395157,"NS"
"Td00001aa018885_T002",-0.321064054220695,3.56781152012585e-05,4.44759809654126,"NS"
"Td00001aa018922_T002",1.26258020850715,1.61718495676012e-05,4.79124030717664,"Up"
"Td00001aa018924_T001",-0.268598799603779,0.268367896227922,0.571269438298018,"NS"
"Td00001aa018942_T001",-0.240640330248631,0.133220297884649,0.875429599582368,"NS"
"Td00001aa018953_T001",-0.546671231421479,1.06277867214603e-05,4.97355716960071,"NS"
"Td00001aa018963_T001",0.0190751649873377,0.998013691620377,0.000863500642097506,"NS"
"Td00001aa018966_T001",-0.30473897305659,0.000988800165014436,3.00489146977867,"NS"
"Td00001aa018982_T001",0.0328902592328615,0.986533809400171,0.00588802649458377,"NS"
"Td00001aa018985_T001",-0.295610911764997,0.00854704131708162,2.06818419662151,"NS"
"Td00001aa019016_T001",0.0319599063750495,0.99477972248769,0.00227307593673889,"NS"
"Td00001aa019020_T001",0.145315055271338,0.997642631680878,0.00102500068011052,"NS"
"Td00001aa019037_T001",0.14802007205313,0.228890454054197,0.640372319330854,"NS"
"Td00001aa019042_T004",0.689353700818123,2.25954116145808e-06,5.64597974283409,"NS"
"Td00001aa019052_T002",-0.166233405475122,0.660992634870635,0.179803379626103,"NS"
"Td00001aa019065_T001",2.12670543560304,9.32438909287742e-08,7.03037961231106,"Up"
"Td00001aa019096_T001",0.118108501719,0.409947131727266,0.387272147864608,"NS"
"Td00001aa019107_T002",0.104257015464679,0.994964409277524,0.00219245405912607,"NS"
"Td00001aa019111_T001",-0.0664191112724733,0.678222747580761,0.168627648083255,"NS"
"Td00001aa019121_T002",-0.523165063029815,0.00144169718469437,2.8411259496212,"NS"
"Td00001aa019141_T002",0.286444013254763,0.118116087060548,0.927690948738453,"NS"
"Td00001aa019148_T001",-0.0510089353906345,0.893395327211879,0.0489563233790706,"NS"
"Td00001aa019186_T001",0.155846290840546,0.262966053141112,0.580100311909674,"NS"
"Td00001aa019192_T003",-0.385140342294134,0.000410951686043368,3.38620923339919,"NS"
"Td00001aa019205_T003",0.413023502660921,0.00570934992878624,2.24341333806117,"NS"
"Td00001aa019237_T001",-0.127670266919726,0.0959155699188404,1.01811088833532,"NS"
"Td00001aa019248_T001",1.60195121908597,5.40984326106569e-07,6.26681531748869,"Up"
"Td00001aa019249_T001",-0.400157067829607,0.0113402650204851,1.94537679592024,"NS"
"Td00001aa019253_T001",0.0374981652787988,0.999933912183214,2.87025226049594e-05,"NS"
"Td00001aa019266_T002",-0.724717803040988,0.000129632918906302,3.88728469997791,"NS"
"Td00001aa019276_T002",-0.492277147463076,0.045882463569188,1.3383532715515,"NS"
"Td00001aa019278_T002",-0.525169396770714,0.0131107183356354,1.88237351268397,"NS"
"Td00001aa019280_T001",2.84663795876977,6.79746532478525e-11,10.1676529991568,"Up"
"Td00001aa019293_T001",-0.189184742309142,0.37484360341004,0.426149895855419,"NS"
"Td00001aa019304_T002",0.416536918519964,0.00031022274809701,3.50832635929231,"NS"
"Td00001aa019312_T002",-0.00886441519773063,0.695558649593655,0.157666244362096,"NS"
"Td00001aa019319_T002",0.0985936145781583,0.992232982017867,0.00338634102660778,"NS"
"Td00001aa019327_T001",0.0516342703890242,0.463085754894873,0.334338578249689,"NS"
"Td00001aa019339_T001",-0.0992853991201049,0.634456971508539,0.197597826161969,"NS"
"Td00001aa019363_T002",2.21222440575296,4.75211170810632e-19,18.3231133589267,"Up"
"Td00001aa019368_T002",-0.27266987369417,0.309805574110348,0.508910772556194,"NS"
"Td00001aa019380_T001",-0.107050105800213,0.388538682371864,0.410565736954829,"NS"
"Td00001aa019388_T001",-0.444447472920206,0.0453498694675816,1.34342395864998,"NS"
"Td00001aa019412_T002",-0.0695540992822527,0.274860238288731,0.560888081330645,"NS"
"Td00001aa019425_T003",0.250325498682219,0.000255338575040373,3.59288356959981,"NS"
"Td00001aa019447_T001",-0.642212217929056,0.00121531503603523,2.91531112891586,"NS"
"Td00001aa019476_T001",0.213654954580698,0.375112590882357,0.425838358246083,"NS"
"Td00001aa019478_T002",-0.429652780601599,0.0030929065456266,2.50963320231556,"NS"
"Td00001aa019500_T002",-1.00639219651494,4.72386683710694e-06,5.3257023533796,"Down"
"Td00001aa019506_T002",0.57952380955841,0.890459874595418,0.0503856456947454,"NS"
"Td00001aa019508_T001",1.65962626439646,1.04216810255365e-10,9.98206222333672,"Up"
"Td00001aa019533_T001",0.0767236426555553,0.77985072833768,0.107988517903395,"NS"
"Td00001aa019544_T002",-0.222721857088635,0.000134431073556465,3.87150033311031,"NS"
"Td00001aa019565_T001",-0.311007075844648,0.169740317765747,0.770214989128959,"NS"
"Td00001aa019593_T001",-0.349158004216157,7.81134002485534e-06,5.1072744570984,"NS"
"Td00001aa019606_T001",0.0595306697553505,0.956626983071025,0.0192573733766836,"NS"
"Td00001aa019608_T001",-0.320320359627654,0.00299216018491347,2.52401516028557,"NS"
"Td00001aa019641_T001",-0.250203240942902,0.309181837099841,0.509786026652166,"NS"
"Td00001aa019676_T001",-0.374584133860853,0.330329455583617,0.481052698403474,"NS"
"Td00001aa019690_T001",-0.427341066663911,0.0106339621987672,1.97330488783377,"NS"
"Td00001aa019711_T003",-0.294979663128913,0.0579322972419097,1.23707924968662,"NS"
"Td00001aa019722_T003",-0.240982444369852,0.0674372932302045,1.17109986956329,"NS"
"Td00001aa019723_T003",0.12284037625722,0.998466509352934,0.000666497690769908,"NS"
"Td00001aa019768_T001",0.393262339716125,0.000282474540356138,3.54902068937061,"NS"
"Td00001aa019783_T002",0.0799731409752585,0.465495958260626,0.332084085494084,"NS"
"Td00001aa019784_T001",-0.225459339180356,0.0485319292310724,1.31397244435841,"NS"
"Td00001aa019785_T001",-0.103238531796366,0.999953602479918,2.01506544194474e-05,"NS"
"Td00001aa019791_T001",-0.794363222191221,1.79467883883728e-05,4.74601325794917,"NS"
"Td00001aa019799_T001",0.0194534074287553,0.822993728827661,0.0846034740780318,"NS"
"Td00001aa019815_T001",0.385901505705278,0.000162105874751061,3.79020124594275,"NS"
"Td00001aa019842_T001",0.157433419536887,0.983638011042975,0.00716469702639743,"NS"
"Td00001aa019843_T002",-0.0181774695924113,0.0385197144846384,1.41431694060788,"NS"
"Td00001aa019844_T001",-0.281023984977589,0.030437050654294,1.51659743293373,"NS"
"Td00001aa019908_T003",-0.0107958595310036,0.8819010364387,0.0545801469996766,"NS"
"Td00001aa019942_T001",-1.02994011060812,0.000207613565756168,3.68274427249717,"Down"
"Td00001aa019955_T003",-0.210622530387796,0.243883978234089,0.612816729383177,"NS"
"Td00001aa019962_T001",-0.0784925458118667,0.945840556189925,0.0241820680411784,"NS"
"Td00001aa019963_T001",-0.951363464612906,0.00020640354185098,3.68528285455869,"NS"
"Td00001aa019975_T004",-0.212329201972172,0.00152333402039384,2.81720485877245,"NS"
"Td00001aa019985_T001",-0.624384588997338,7.2606852708327e-06,5.13902238821224,"NS"
"Td00001aa019987_T001",0.22192229669492,0.000227052555419678,3.64387360585982,"NS"
"Td00001aa019999_T005",-0.0262316260423766,0.0203577037441665,1.69127121000316,"NS"
"Td00001aa020008_T004",-0.213252873902218,0.8970851245521,0.0471663447271531,"NS"
"Td00001aa020035_T002",0.357882010651001,0.433484832073028,0.36302609417908,"NS"
"Td00001aa020044_T003",-0.148849578895242,0.0336797625516444,1.47263097901544,"NS"
"Td00001aa020052_T004",-0.0489968072962968,0.970771857084837,0.0128828224615719,"NS"
"Td00001aa020116_T001",-0.381826481366891,6.42723984024552e-07,6.19197549356219,"NS"
"Td00001aa020134_T001",-0.0866544021404817,0.21788017235747,0.661782289843423,"NS"
"Td00001aa020152_T001",-0.190080864744092,0.0568428925707315,1.24532383018961,"NS"
"Td00001aa020158_T001",-0.426964068090321,0.00446203957645108,2.35046658202213,"NS"
"Td00001aa020161_T001",0.388370254929519,0.832322570871351,0.0797083280368006,"NS"
"Td00001aa020162_T001",0.422653670985449,1.59214512992776e-10,9.7980173472428,"NS"
"Td00001aa020170_T003",-1.41032658259271,0.00683506763800091,2.16525718341288,"Down"
"Td00001aa020225_T001",-0.0840024451581214,0.997101554348612,0.00126060673636044,"NS"
"Td00001aa020249_T002",-0.349900606628416,3.39313239731057e-07,6.46939919420116,"NS"
"Td00001aa020252_T001",-0.163828162981197,0.0863876575879797,1.06354830178419,"NS"
"Td00001aa020270_T001",0.0865526836706465,0.998681158470895,0.000573143624531602,"NS"
"Td00001aa020274_T001",-0.900761245037233,0.0007375119742284,3.13223092409678,"NS"
"Td00001aa020372_T002",-0.201335008953617,0.0121117766017833,1.91679214820625,"NS"
"Td00001aa020375_T001",-0.947402580735512,1.12641542799843e-06,5.94830140982776,"NS"
"Td00001aa020376_T001",0.0714493903224355,0.999991660839772,3.62166637168226e-06,"NS"
"Td00001aa020381_T003",-0.129635872399386,0.993985734877585,0.00261984830731818,"NS"
"Td00001aa020419_T001",0.252292698510468,0.387488814776225,0.411740829289476,"NS"
"Td00001aa020441_T002",0.588382362917626,0.00465011272952798,2.33253651867596,"NS"
"Td00001aa020461_T003",-0.150433163116059,0.920711393019077,0.0358764827910542,"NS"
"Td00001aa020472_T001",-0.445992923763836,3.26685699568551e-06,5.48586987603695,"NS"
"Td00001aa020513_T001",-0.537420052612789,2.714922988543e-05,4.56624248508993,"NS"
"Td00001aa020530_T002",-0.140836035158439,0.403509721612762,0.394145997517085,"NS"
"Td00001aa020539_T001",-0.766809509217401,0.000353908040103532,3.451109570923,"NS"
"Td00001aa020548_T001",-0.151268798304053,0.000272897068672381,3.5640011292852,"NS"
"Td00001aa020557_T001",-0.190490793427609,0.893063330917091,0.0491177423515644,"NS"
"Td00001aa020578_T003",-0.117445303097084,0.554895424722101,0.255788856058309,"NS"
"Td00001aa020589_T001",0.0206273325020739,0.721913161086156,0.141515040559576,"NS"
"Td00001aa020604_T003",-0.61167395392904,0.00122463226459782,2.91199430267245,"NS"
"Td00001aa020606_T003",-0.13844611699045,0.753244592871019,0.123063977204831,"NS"
"Td00001aa020635_T001",-0.427638305682344,3.97497606357948e-05,4.40066548222428,"NS"
"Td00001aa020638_T001",-0.611462656952842,2.02647949747251e-06,5.6932577857933,"NS"
"Td00001aa020661_T002",0.230962665580495,0.0623629481367364,1.20507336222514,"NS"
"Td00001aa020670_T004",-0.23429044385596,0.00566293398831883,2.24695850082729,"NS"
"Td00001aa020699_T002",-0.692531221494996,0.165354452609436,0.78158410605616,"NS"
"Td00001aa020720_T002",-0.470092314549775,3.93252991281201e-07,6.40532796522857,"NS"
"Td00001aa020722_T001",-0.233780184931308,0.0116393664816507,1.93407065723001,"NS"
"Td00001aa020726_T001",-0.476624184162485,0.40032329649794,0.397589135735249,"NS"
"Td00001aa020748_T003",-1.91978351586778,7.96945348623115e-06,5.09857145978985,"Down"
"Td00001aa020760_T001",-0.0893352612305823,0.228954000560216,0.640251763553418,"NS"
"Td00001aa020762_T001",-0.336447005616658,0.0584773291341547,1.23301247135778,"NS"
"Td00001aa020766_T008",0.308368886821665,0.407855570670299,0.389493601531762,"NS"
"Td00001aa020792_T003",-0.315527608256956,0.0530302196043389,1.27547657441349,"NS"
"Td00001aa020796_T002",1.76667903044458,1.75676248105987e-16,15.7552869522998,"Up"
"Td00001aa020858_T007",-0.627392206842033,1.64312242521376e-06,5.78433007709202,"NS"
"Td00001aa020868_T002",0.212077926515268,0.00821305013039617,2.0854955263401,"NS"
"Td00001aa020877_T002",-0.106548864786961,0.0541942977843268,1.26604640665497,"NS"
"Td00001aa020939_T003",-0.893817258185111,2.9002935708772e-13,12.5375580401151,"NS"
"Td00001aa020969_T002",-0.209678966718775,0.0229429514736845,1.63935071344946,"NS"
"Td00001aa020997_T002",-0.562473251861864,7.14189935509486e-05,4.14618627425454,"NS"
"Td00001aa021039_T001",-0.516516884640731,0.0149622351128108,1.82500352514446,"NS"
"Td00001aa021041_T001",-0.581028594550754,0.0298987249630879,1.5243473318529,"NS"
"Td00001aa021055_T002",0.722897544798004,2.48208891833583e-07,6.60518266439616,"NS"
"Td00001aa021062_T001",0.288998675500957,0.000324040252129816,3.48940103858332,"NS"
"Td00001aa021128_T002",-0.30330913278822,0.0170475703082062,1.76833750974662,"NS"
"Td00001aa021145_T004",-0.197049487220852,0.0378197779535687,1.42228102530121,"NS"
"Td00001aa021162_T001",0.31025132301221,0.0958574617616469,1.01837407500525,"NS"
"Td00001aa021202_T002",0.772348680328591,0.390007620547295,0.408926907000922,"NS"
"Td00001aa021209_T001",0.194074056475875,0.0188232064732212,1.72530639392624,"NS"
"Td00001aa021250_T002",-0.177370824529015,0.319355523001776,0.495725568660674,"NS"
"Td00001aa021281_T005",-0.564673494865294,7.22612564174044e-10,9.14109449155845,"NS"
"Td00001aa021291_T002",0.694228103346075,0.00122251630017644,2.91274534158718,"NS"
"Td00001aa021298_T003",0.244176103115562,0.147776346612829,0.830395074450018,"NS"
"Td00001aa021318_T002",-0.184116022259327,0.0569889932965735,1.24420901471602,"NS"
"Td00001aa021325_T001",-0.391686229809702,5.28191309171564e-08,7.27720874892592,"NS"
"Td00001aa021334_T001",-0.557663389135338,5.32677057310977e-06,5.27353600811064,"NS"
"Td00001aa021388_T002",-0.635013245258177,0.000180010869713973,3.74470126981742,"NS"
"Td00001aa021399_T001",0.251162552097199,0.921452452008439,0.0355270699545426,"NS"
"Td00001aa021413_T001",-0.472679036174527,0.0328503032144276,1.4834606174666,"NS"
"Td00001aa021422_T002",0.114905570885233,0.851274011088815,0.0699306251686611,"NS"
"Td00001aa021431_T003",0.0371569227851108,0.334995644432921,0.474960839563289,"NS"
"Td00001aa021432_T001",-0.0212099672843355,0.133381350739099,0.87490488883994,"NS"
"Td00001aa021443_T001",0.0126074457983472,0.970901574394046,0.012824794668878,"NS"
"Td00001aa021468_T001",-0.817927703322498,5.31434675425483e-06,5.27455011184777,"NS"
"Td00001aa021481_T001",-0.0280495112525489,0.999802623382751,8.57280363613423e-05,"NS"
"Td00001aa021487_T002",0.273235860900031,6.02191673081126e-05,4.22026525407055,"NS"
"Td00001aa021495_T002",-0.0918065853389152,0.387989429751105,0.411180106012234,"NS"
"Td00001aa021514_T001",-0.0119386035743927,0.998009168405282,0.00086546896359895,"NS"
"Td00001aa021538_T002",0.311168319464658,0.104580085249021,0.980551008488729,"NS"
"Td00001aa021543_T001",-0.844394627201153,1.4499249154912e-09,8.83865448716651,"NS"
"Td00001aa021571_T001",0.367304858917983,0.0380115828828438,1.420084045078,"NS"
"Td00001aa021595_T001",-0.0157682375144205,0.919746490443518,0.0363318606688085,"NS"
"Td00001aa021598_T005",-0.538384651377682,0.00318983157234801,2.49623224770488,"NS"
"Td00001aa021611_T001",-0.370483463003617,2.83199368384099e-06,5.54790771958257,"NS"
"Td00001aa021637_T001",-0.74567931387621,9.08555775583037e-10,9.0416484065129,"NS"
"Td00001aa021651_T001",-1.1078713252194,2.80890454081028e-09,8.55146301982433,"Down"
"Td00001aa021652_T001",2.49441149662558,6.89402878972361e-11,10.1615269072942,"Up"
"Td00001aa021661_T001",-0.265366333011237,0.0994328238565678,1.00247022660247,"NS"
"Td00001aa021684_T001",1.18617522315136,0.00192958469495462,2.71453615425549,"Up"
"Td00001aa021685_T002",-0.105351854407106,0.854274905808042,0.0684023507822573,"NS"
"Td00001aa021702_T003",-0.18757466454341,0.0041910590096682,2.37767622430267,"NS"
"Td00001aa021716_T001",-1.1012878284984,0.000461263868720127,3.33605056279912,"Down"
"Td00001aa021741_T001",0.079502827438984,0.140413249782812,0.852591909043415,"NS"
"Td00001aa021785_T001",0.121222899221528,0.482777712862268,0.316252787050968,"NS"
"Td00001aa021797_T001",-0.314564816411973,0.984024249923943,0.00699419884672214,"NS"
"Td00001aa021815_T001",-0.904712178504749,0.0019964325261772,2.69974536315765,"NS"
"Td00001aa021840_T001",-0.312380549749836,2.29464202986218e-07,6.6392850559138,"NS"
"Td00001aa021847_T002",0.104672276461422,0.97597219070849,0.0105625569172359,"NS"
"Td00001aa021849_T001",-0.349186826234564,0.000360112212201181,3.44356215049305,"NS"
"Td00001aa021861_T001",-0.476647437238836,0.00513547868590853,2.28941906891978,"NS"
"Td00001aa021863_T001",0.0556142959850058,0.996607402722355,0.00147589124731249,"NS"
"Td00001aa021866_T001",-0.497093770289003,0.000250032189195563,3.60200407656755,"NS"
"Td00001aa021881_T001",-0.000811691358510085,0.810103710283995,0.0914593787499327,"NS"
"Td00001aa021894_T001",-0.20755828082759,0.985762003840896,0.00622792572304118,"NS"
"Td00001aa021919_T001",0.954292190441547,0.0556344788066149,1.2546559761422,"NS"
"Td00001aa021922_T001",0.066167702498293,0.998717074915741,0.000557524992706009,"NS"
"Td00001aa021925_T001",-0.357574438118803,0.00933004513841798,2.03011625514756,"NS"
"Td00001aa021931_T004",-0.390423766468128,0.0134967789876222,1.86976986371305,"NS"
"Td00001aa021975_T001",-0.133962580325223,0.831766166528164,0.0799987492619762,"NS"
"Td00001aa021997_T002",-0.301445556112732,0.00606499766445589,2.21716936203799,"NS"
"Td00001aa022018_T001",-0.575272221803425,2.97137457308759e-11,10.5270425973478,"NS"
"Td00001aa022020_T001",-0.598156091891093,2.59399877870019e-05,4.5860302327253,"NS"
"Td00001aa022044_T001",-0.0878692158805292,0.866123909195614,0.0624199726126393,"NS"
"Td00001aa022044_T002",-0.162246607719745,0.119881418646869,0.921248126363185,"NS"
"Td00001aa022072_T002",0.119474526650297,0.660567627808631,0.180082713430809,"NS"
"Td00001aa022073_T001",-0.73873937364738,3.42635407634888e-07,6.46516775945025,"NS"
"Td00001aa022085_T001",-0.320639702672546,0.216672965683706,0.664195272283376,"NS"
"Td00001aa022088_T001",-0.0161083385412194,0.45434244879155,0.342616685561091,"NS"
"Td00001aa022092_T001",-0.355929646805082,2.90732456356077e-05,4.53650648240389,"NS"
"Td00001aa022107_T003",-0.672151735401516,5.43821570902968e-10,9.26454356994026,"NS"
"Td00001aa022125_T001",-0.212013719213888,0.0919597751453426,1.0364020993129,"NS"
"Td00001aa022134_T001",-0.661097859176034,0.000244664630882536,3.61142880842822,"NS"
"Td00001aa022161_T003",-0.281970508224207,0.231620999419063,0.635222068785748,"NS"
"Td00001aa022192_T002",0.234011580520846,0.316196376514902,0.500043111217852,"NS"
"Td00001aa022227_T001",0.127746786677044,0.979172885839386,0.00914062102916369,"NS"
"Td00001aa022229_T001",-0.0692790473854311,0.30477013414899,0.516027593795015,"NS"
"Td00001aa022232_T001",-0.0321881751297384,0.674289863951253,0.171153368668496,"NS"
"Td00001aa022257_T003",-0.184775623892595,0.926800286504647,0.0330138406272413,"NS"
"Td00001aa022259_T001",-0.150944399760863,0.15660372482527,0.805197912445237,"NS"
"Td00001aa022269_T002",0.230163893749843,0.207068728721559,0.683885482801895,"NS"
"Td00001aa022275_T002",-0.196799201129692,0.056957187681717,1.24445146256756,"NS"
"Td00001aa022285_T001",-0.287939629765845,0.088145988567202,1.05479744720776,"NS"
"Td00001aa022293_T001",-0.737775941824229,0.00489147213941004,2.310560415763,"NS"
"Td00001aa022297_T002",-0.278792005803892,0.0574554468269274,1.24066879352491,"NS"
"Td00001aa022305_T002",-0.232607532907904,0.00150894661500693,2.82132612484868,"NS"
"Td00001aa022314_T001",-0.170579702609892,0.556830867865223,0.254276697657634,"NS"
"Td00001aa022327_T001",0.440369297894384,0.000281523475029449,3.55048538535729,"NS"
"Td00001aa022358_T001",-0.644594737880182,0.00310316085891701,2.50819571125782,"NS"
"Td00001aa022367_T002",0.901948401516984,7.76804781690863e-10,9.10968810975355,"NS"
"Td00001aa022397_T002",-0.162657026543633,0.414251094879945,0.3827363350518,"NS"
"Td00001aa022398_T001",-0.0768447513109687,0.440014348312548,0.356533161487985,"NS"
"Td00001aa022414_T003",-0.451651721044164,2.32585933508796e-05,4.63341655437214,"NS"
"Td00001aa022445_T002",0.461238327292473,0.0125566587778026,1.90112590736677,"NS"
"Td00001aa022450_T001",-0.0707507023920771,0.893121491443801,0.0490894599526684,"NS"
"Td00001aa022458_T001",0.386150428063321,0.0652458002450409,1.18544743784569,"NS"
"Td00001aa022462_T001",-0.402388966465542,0.16200269442497,0.790477762221782,"NS"
"Td00001aa022473_T002",-0.37580979581809,0.0194609010610113,1.71083705529246,"NS"
"Td00001aa022477_T002",0.461465891100985,0.000874596670959791,3.05819218007434,"NS"
"Td00001aa022503_T002",0.182994275375511,0.0043503916581327,2.36147164251458,"NS"
"Td00001aa022518_T001",-0.748867780610749,4.48763569614252e-06,5.34798240611392,"NS"
"Td00001aa022519_T001",0.281912007468988,0.32714867280541,0.485254837231601,"NS"
"Td00001aa022532_T002",-0.242711857557969,1.21966391297188e-06,5.91375982575981,"NS"
"Td00001aa022538_T001",-0.0832217880808325,0.924186053777405,0.0342405893914483,"NS"
"Td00001aa022561_T001",-0.511726103555205,3.0063694672898e-08,7.52195764791907,"NS"
"Td00001aa022576_T001",-0.716486623352861,1.91167972239305e-09,8.71858486647859,"NS"
"Td00001aa022584_T001",-0.250250532134352,0.0413598571915175,1.38342096945577,"NS"
"Td00001aa022594_T002",5.15286983726258,5.03650232610061e-24,23.2978709611349,"Up"
"Td00001aa022597_T001",-0.0742852254180147,0.969361077503532,0.0135144223735247,"NS"
"Td00001aa022605_T003",-0.0781273895454054,0.866425060809493,0.0622689945015377,"NS"
"Td00001aa022606_T004",-0.171138785549936,0.285580530209099,0.544271404427312,"NS"
"Td00001aa022611_T002",-0.066407733454635,0.995257158258177,0.00206469012583237,"NS"
"Td00001aa022620_T003",0.247061588571304,0.0373080558895614,1.42819738131119,"NS"
"Td00001aa022622_T001",-0.191645463770775,1.62002101676756e-05,4.79047935125553,"NS"
"Td00001aa022629_T001",-0.0736033391857435,0.999999001715887,4.33549497971651e-07,"NS"
"Td00001aa022637_T001",-0.397191544242613,0.021217910649029,1.67329738378397,"NS"
"Td00001aa022640_T001",1.56926249141752,1.11636571810531e-08,7.95219350850219,"Up"
"Td00001aa022642_T001",-0.0692832627612777,0.561851843299499,0.250378189982967,"NS"
"Td00001aa022669_T001",-0.169356390150073,0.17360481618355,0.760438230697971,"NS"
"Td00001aa022677_T002",-0.0171202770037733,0.999999904894215,4.13039197904817e-08,"NS"
"Td00001aa022679_T001",-0.227267696166913,0.125410990762187,0.901664401159165,"NS"
"Td00001aa022688_T001",-0.163249685032486,0.758353538425341,0.120128282504904,"NS"
"Td00001aa022696_T001",-0.278386337200967,0.00544312874324967,2.26415139343937,"NS"
"Td00001aa022710_T001",0.297048306952504,0.210838499308176,0.676050083637585,"NS"
"Td00001aa022720_T001",-0.619663378578301,0.000179870618675452,3.74503977155846,"NS"
"Td00001aa022737_T001",-1.18020630298301,2.41224974799323e-07,6.61757773029627,"Down"
"Td00001aa022757_T002",-0.331527737386648,9.00527733029342e-05,4.04550290792368,"NS"
"Td00001aa022786_T001",-0.768569190607603,0.00214211605882232,2.66915700299965,"NS"
"Td00001aa022792_T002",-0.309817362248371,1.95924792695569e-06,5.70791060407883,"NS"
"Td00001aa022796_T001",-0.108508888879139,0.977673601623254,0.00980611113628446,"NS"
"Td00001aa022808_T001",0.13284833266971,0.980857599589449,0.00839403869703957,"NS"
"Td00001aa022827_T001",0.254417923349166,0.00549862487495026,2.25974590757692,"NS"
"Td00001aa022834_T001",-0.365628455519735,0.185817236891999,0.730914002183796,"NS"
"Td00001aa022835_T002",0.19949572612232,0.990456564706974,0.00416456517510387,"NS"
"Td00001aa022862_T001",0.0580878795029877,0.990734109505828,0.00404288463523369,"NS"
"Td00001aa022874_T001",-1.05704070816467,0.000189579252602288,3.72220919322882,"Down"
"Td00001aa022878_T002",0.620438353611092,1.45593661662874e-06,5.83685753137433,"NS"
"Td00001aa022889_T001",0.0412328391840161,0.989987207781691,0.00437041714559775,"NS"
"Td00001aa022895_T001",-0.417128165974158,0.00158509322402948,2.79994519054971,"NS"
"Td00001aa022902_T001",0.0234857627709416,0.990039540070348,0.0043474602595668,"NS"
"Td00001aa022954_T001",-0.873478139828026,0.018758067000114,1.72681191725956,"NS"
"Td00001aa022963_T002",1.31352796819334,5.46964212795849e-12,11.2620410880975,"Up"
"Td00001aa022969_T001",3.00185831055543,5.30046422332696e-19,18.2756860925124,"Up"
"Td00001aa023013_T001",0.293071668594654,0.619063165007939,0.208265036254759,"NS"
"Td00001aa023035_T004",0.101683214963362,0.0144878832985077,1.83899506096969,"NS"
"Td00001aa023036_T001",0.164485801534649,1.0649377634969e-06,5.97267577228126,"NS"
"Td00001aa023037_T001",0.974571907913823,0.000645843497236215,3.1898727088179,"NS"
"Td00001aa023045_T001",-0.198156064589575,0.74280246398825,0.12912666430931,"NS"
"Td00001aa023049_T001",0.300316970687513,0.427590864740734,0.36897158184275,"NS"
"Td00001aa023051_T002",-0.436708526202939,0.00122781217238909,2.91086806538868,"NS"
"Td00001aa023055_T003",1.03494887159466,5.75331151438432e-08,7.24008211036257,"Up"
"Td00001aa023061_T001",0.20136939865201,0.810387712343535,0.0913071526698093,"NS"
"Td00001aa023083_T001",-0.151792138196545,0.113843391150572,0.943692176029489,"NS"
"Td00001aa023087_T001",-0.855587644731891,3.47072479859773e-06,5.45957982112799,"NS"
"Td00001aa023093_T003",-0.375098781293049,0.00148622621825638,2.82791508165006,"NS"
"Td00001aa023101_T001",0.00797015538947212,0.611196469466591,0.213819163096643,"NS"
"Td00001aa023139_T001",-0.142844785746536,0.991559641292015,0.00368115830687379,"NS"
"Td00001aa023167_T001",-0.194262373254992,0.100697012937845,0.996983412106279,"NS"
"Td00001aa023181_T006",-0.18035264550522,0.0645358103015344,1.19019923264123,"NS"
"Td00001aa023188_T001",-0.404594116080537,0.0753975343269619,1.12264285632789,"NS"
"Td00001aa023196_T001",-1.6308329047125,1.59333219570148e-06,5.79769366819169,"Down"
"Td00001aa023230_T003",-0.0708438076702079,0.925628998616654,0.0335630480257118,"NS"
"Td00001aa023249_T001",0.175453330758291,0.520536118658166,0.283549130534401,"NS"
"Td00001aa023261_T002",-0.26450235088726,0.0112167284180185,1.95013379523567,"NS"
"Td00001aa023262_T001",-0.0878033930913301,0.919738945378289,0.03633542338274,"NS"
"Td00001aa023274_T001",-0.267351696239261,0.00712865718012797,2.1469922701739,"NS"
"Td00001aa023275_T001",-0.622597022248598,0.00590282091274944,2.2289403927545,"NS"
"Td00001aa023291_T001",-0.346192988097668,8.69236256201919e-05,4.06086216737217,"NS"
"Td00001aa023292_T001",0.170310047394166,0.271481649438015,0.566259520834439,"NS"
"Td00001aa023308_T003",0.273202011146912,0.410490630228348,0.386696751544703,"NS"
"Td00001aa023318_T002",-0.456415391612564,0.00808477942847279,2.09233182415632,"NS"
"Td00001aa023327_T001",-0.073274298729748,0.703776017539432,0.152565536630904,"NS"
"Td00001aa023346_T002",-0.447290473309901,0.000240547810590357,3.61879859158974,"NS"
"Td00001aa023355_T001",-0.500147166897707,1.81592924671457e-05,4.74090107671804,"NS"
"Td00001aa023370_T001",0.261442172934761,0.614693889408143,0.211341104122538,"NS"
"Td00001aa023371_T001",-0.0920599584844429,0.799484187206502,0.0971901216324099,"NS"
"Td00001aa023373_T003",-0.196682779694871,0.390240114662669,0.408668089423341,"NS"
"Td00001aa023402_T003",-0.733968239861161,2.93282122335293e-06,5.53271440959963,"NS"
"Td00001aa023422_T001",-0.143968139988172,0.861680111399652,0.0646539309711787,"NS"
"Td00001aa023426_T001",0.0663580135665134,0.99801258549303,0.000863981983459108,"NS"
"Td00001aa023457_T002",-0.0274890288831275,1,4.82163733276644e-17,"NS"
"Td00001aa023465_T001",-0.745289165046899,1.47255443171831e-07,6.83192864291914,"NS"
"Td00001aa023472_T001",0.150838736755871,0.802491226163069,0.0955597071471331,"NS"
"Td00001aa023483_T001",-0.260699503409103,0.857379219893629,0.0668270465950317,"NS"
"Td00001aa023487_T001",-0.153808822827299,0.363252280368046,0.439791650675775,"NS"
"Td00001aa023505_T001",0.0374756291071098,0.996859336236516,0.00136611932741955,"NS"
"Td00001aa023509_T001",-0.373498120930361,1.38199922069114e-07,6.85949220186025,"NS"
"Td00001aa023537_T002",-0.0531521728066008,0.882074995025563,0.0544944890845444,"NS"
"Td00001aa023540_T001",0.381749302231051,0.00112029934459686,2.95066591810078,"NS"
"Td00001aa023550_T001",0.231419343575058,0.690959288673755,0.160547540505979,"NS"
"Td00001aa023589_T003",-0.167325836285319,0.219514728113193,0.658536335906115,"NS"
"Td00001aa023611_T003",1.08492584707328,1.11019639249202e-16,15.9546001882124,"Up"
"Td00001aa023612_T002",0.160251979625626,0.831241368781168,0.0802728511747603,"NS"
"Td00001aa023626_T001",0.0753390529054795,0.6798619086155,0.167579290847541,"NS"
"Td00001aa023633_T002",0.0455319817218929,0.699774894735544,0.155041642409555,"NS"
"Td00001aa023647_T003",-1.85470945557044,6.3029241474916e-06,5.20045791935766,"Down"
"Td00001aa023670_T002",-0.962021290149388,0.0021292643526457,2.67177041664141,"NS"
"Td00001aa023677_T001",-0.148536737644073,0.52416061331814,0.280535616089242,"NS"
"Td00001aa023714_T001",-0.38104977627714,0.00248011950597199,2.60552739194244,"NS"
"Td00001aa023726_T001",-0.0608004359093305,0.994209642541118,0.00252202908467677,"NS"
"Td00001aa023730_T001",-0.616914526337163,8.72970589178991e-07,6.05900038764888,"NS"
"Td00001aa023738_T001",0.332604831659291,0.0109667985270871,1.95992013495431,"NS"
"Td00001aa023750_T001",0.00811059674986722,0.999536851041386,0.00020118963100655,"NS"
"Td00001aa023757_T001",-0.450606772831803,0.746671862568819,0.126870214228649,"NS"
"Td00001aa023761_T001",-0.0060118299153059,0.384146638083148,0.415502963252478,"NS"
"Td00001aa023764_T001",-0.399662178477527,0.473433043584838,0.324741433467056,"NS"
"Td00001aa023772_T002",0.119837153465499,0.104873252714146,0.979335261852645,"NS"
"Td00001aa023782_T002",-0.400273907650003,2.62788402823955e-07,6.58039380464002,"NS"
"Td00001aa023820_T001",0.215899843793138,0.00192372897219477,2.7158561143,"NS"
"Td00001aa023830_T001",0.0710875279857813,0.72537881508618,0.139435132275742,"NS"
"Td00001aa023833_T001",0.0863345796334737,0.299993292717434,0.522888455174906,"NS"
"Td00001aa023862_T002",0.205302093601804,0.592648356659267,0.227202915506189,"NS"
"Td00001aa023869_T001",0.569094611485744,0.00346413259542933,2.46040549299384,"NS"
"Td00001aa023871_T001",-0.550300013426227,1.29221664737607e-11,10.8886646683284,"NS"
"Td00001aa023910_T001",0.00442184873592221,0.999939472480648,2.62875632262596e-05,"NS"
"Td00001aa023918_T001",-0.196117444390924,0.299440462042648,0.523689515768007,"NS"
"Td00001aa023935_T004",0.128743479468108,0.988264897322439,0.00512663028510177,"NS"
"Td00001aa023949_T001",0.34179441200835,0.00204383091472181,2.68955503605236,"NS"
"Td00001aa023954_T001",0.3419933092326,3.1955230851057e-07,6.49545804067283,"NS"
"Td00001aa023955_T003",-0.547120708888701,4.23650056538794e-12,11.3729927312977,"NS"
"Td00001aa023968_T001",-0.420335126592862,2.83060603327221e-05,4.54812057199207,"NS"
"Td00001aa023972_T001",-1.33632711814001,6.93519909643736e-06,5.1589410666393,"Down"
"Td00001aa023976_T001",0.166968991309186,0.645932414780033,0.189812920741154,"NS"
"Td00001aa023980_T001",-0.288360746524832,0.343147030912181,0.464519754500352,"NS"
"Td00001aa023995_T001",-0.495874540167948,0.0645262853331771,1.19026333575664,"NS"
"Td00001aa023996_T002",-0.0778365634768954,0.722833109267959,0.140961962858406,"NS"
"Td00001aa024003_T001",-0.167165659730044,0.0472265342167199,1.32581392454361,"NS"
"Td00001aa024005_T002",-0.373842103896193,3.83574916329155e-08,7.41614980102176,"NS"
"Td00001aa024011_T001",-0.455748182834865,0.0660487843363342,1.18013517140117,"NS"
"Td00001aa024032_T001",-0.15003458406727,0.580601191248627,0.236122077439628,"NS"
"Td00001aa024033_T001",0.698680555932927,0.000585879332863656,3.23219182164017,"NS"
"Td00001aa024040_T002",0.0486342868417999,0.994039783948504,0.00259623370777139,"NS"
"Td00001aa024042_T001",-0.245806179387705,0.0452483921486377,1.34439684835669,"NS"
"Td00001aa024056_T005",-0.314615010087764,0.0101899473120909,1.99182806154091,"NS"
"Td00001aa024060_T001",-0.357441113668165,0.00201633938988434,2.69543636570443,"NS"
"Td00001aa024071_T002",-0.275695462849326,0.000626405843392515,3.20314419963899,"NS"
"Td00001aa024073_T002",0.416242671759326,0.391132619156387,0.407675963825688,"NS"
"Td00001aa024089_T008",0.311351300162898,0.00546589616396946,2.26233862288914,"NS"
"Td00001aa024094_T001",0.255439002052566,0.00737715498283471,2.13211109257756,"NS"
"Td00001aa024097_T001",0.0220809697241659,0.972985414317983,0.0118936700386302,"NS"
"Td00001aa024101_T001",-0.287960622468627,5.04795116309105e-06,5.29688485536905,"NS"
"Td00001aa024103_T005",0.0715434916937182,0.938494246160166,0.0275683856622936,"NS"
"Td00001aa024104_T002",-0.3105371198782,0.506162482372329,0.295710048633543,"NS"
"Td00001aa024125_T002",0.0249437187310825,0.992646767910754,0.0032052671529083,"NS"
"Td00001aa024130_T001",0.0990130577577161,0.902678513545828,0.0444668949275838,"NS"
"Td00001aa024171_T001",-0.0339852525873791,1,4.82163733276644e-17,"NS"
"Td00001aa024188_T001",0.119132237417565,0.131947003468963,0.87960046820764,"NS"
"Td00001aa024190_T002",-0.0845192943142725,0.915037351998362,0.0385611775885416,"NS"
"Td00001aa024194_T001",0.147128946239353,0.173415134476241,0.760913002980371,"NS"
"Td00001aa024202_T001",-1.21339983394076,2.13073295174863e-07,6.671470977714,"Down"
"Td00001aa024206_T002",-0.423609487721144,2.92041368864127e-06,5.53455562458975,"NS"
"Td00001aa024211_T004",-0.310417790593226,6.56014447720645e-06,5.18308659584346,"NS"
"Td00001aa024212_T001",-0.931599675353608,0.00105160181881787,2.97814867142277,"NS"
"Td00001aa024214_T001",0.775898134854649,0.0117358222177604,1.93048647810397,"NS"
"Td00001aa024218_T002",-0.103660200316013,0.346650841553738,0.460107741140383,"NS"
"Td00001aa024225_T002",-1.41384332698863,3.42654662641842e-08,7.46514335418412,"Down"
"Td00001aa024231_T001",0.701935668175573,1.00254538809835e-10,9.99889595650883,"NS"
"Td00001aa024245_T002",-0.334423042336498,0.00121837352475425,2.91421954678467,"NS"
"Td00001aa024252_T001",-0.178798159001691,0.0989351239768764,1.00464949767225,"NS"
"Td00001aa024260_T004",-0.353552778549182,1.0671683710944e-08,7.97176705492558,"NS"
"Td00001aa024264_T001",-0.0281185261850157,0.577717049376584,0.238284815527809,"NS"
"Td00001aa024292_T003",-1.83534547713993,0.00125217205844207,2.90233599149469,"Down"
"Td00001aa024299_T001",-0.279200819242498,0.00031260077037371,3.50500995603968,"NS"
"Td00001aa024301_T002",-0.437588413080605,4.2985819344421e-07,6.36667479084338,"NS"
"Td00001aa024312_T004",0.117028758792981,0.993928083125541,0.00264503837095664,"NS"
"Td00001aa024314_T001",-0.206106605993343,0.0038129329677286,2.41874082965984,"NS"
"Td00001aa024340_T001",-0.558914549265375,7.08208075974799e-10,9.14983912511915,"NS"
"Td00001aa024352_T004",-0.460699129962135,0.00432008203266776,2.36450800642659,"NS"
"Td00001aa024366_T002",-0.413121623888593,0.0182409762090134,1.73895192308859,"NS"
"Td00001aa024374_T002",-0.213230205151867,0.105685787177707,0.975983413499797,"NS"
"Td00001aa024375_T001",0.120917332025552,1,4.82163733276644e-17,"NS"
"Td00001aa024379_T002",2.57830625764065,4.831775934859e-17,16.3158932135654,"Up"
"Td00001aa024383_T002",-0.36445933213743,0.0122821890427838,1.91072422240687,"NS"
"Td00001aa024392_T003",-0.675532806464644,0.00304194640342742,2.51684844212417,"NS"
"Td00001aa024418_T003",0.978074124755938,0.0452773804283753,1.34411870766809,"NS"
"Td00001aa024423_T001",0.499154307027442,0.0341773189236339,1.46626200897457,"NS"
"Td00001aa024432_T005",-0.563090786691806,0.000471659482552144,3.32637142979587,"NS"
"Td00001aa024435_T002",0.0562380093431715,0.711645844086214,0.147736082521273,"NS"
"Td00001aa024440_T001",0.183188764909498,0.0287980808149866,1.54063645388082,"NS"
"Td00001aa024461_T003",0.0243248316992021,0.522640014546069,0.281797342730999,"NS"
"Td00001aa024462_T001",-0.306910158204262,0.321169293555131,0.4932659835585,"NS"
"Td00001aa024464_T006",-0.059679436186706,0.840224246236083,0.0756047902407727,"NS"
"Td00001aa024475_T001",-0.198413952287831,0.38140100947647,0.41861816181576,"NS"
"Td00001aa024476_T001",-0.520875704701098,0.00966600895477067,2.01475280685846,"NS"
"Td00001aa024497_T001",0.331027774638305,0.00794478681555723,2.09991775183222,"NS"
"Td00001aa024515_T001",-0.704511788874904,1.21331646321467e-07,6.91602590951872,"NS"
"Td00001aa024523_T001",-0.125866584173745,0.510065125890361,0.292374368982307,"NS"
"Td00001aa024551_T001",-0.532510449289344,0.140455131402176,0.852462389613416,"NS"
"Td00001aa024595_T001",-0.477605915705193,0.138302504377084,0.859169955629658,"NS"
"Td00001aa024618_T003",0.655740716817479,0.78218868005516,0.106688473509372,"NS"
"Td00001aa024620_T001",-1.07295070710007,1.3331882165461e-05,4.87510853352908,"Down"
"Td00001aa024647_T002",0.369995787498426,0.0272467274264686,1.56468565287269,"NS"
"Td00001aa024655_T001",-0.110570273910493,0.969352664421802,0.0135181916303179,"NS"
"Td00001aa024666_T001",-0.263600150814249,0.0831751999167581,1.08000614660413,"NS"
"Td00001aa024674_T003",0.78896783584454,2.25969289856638e-07,6.64595057922451,"NS"
"Td00001aa024697_T001",-0.0382805134245927,0.996452077157966,0.0015435831916122,"NS"
"Td00001aa024701_T003",0.111326354716594,0.935828763701318,0.0288036104317384,"NS"
"Td00001aa024729_T001",0.258844209281342,0.0246600252203064,1.60800648357831,"NS"
"Td00001aa024734_T004",1.30403470508822,7.70353670481687e-13,12.1133098438212,"Up"
"Td00001aa024742_T001",-0.127410203092125,0.196875764377103,0.705807742699398,"NS"
"Td00001aa024749_T003",-0.954003576082947,0.000932086844284255,3.03054362172719,"NS"
"Td00001aa024753_T001",-0.640575296302279,6.77597095540811e-06,5.16902846423771,"NS"
"Td00001aa024769_T001",-1.28244500400089,0.180703135822345,0.743034310867269,"NS"
"Td00001aa024773_T001",0.260994172600437,0.363366152497981,0.439655529609089,"NS"
"Td00001aa024779_T002",-0.0368454757651646,0.999820366592682,7.80208053451888e-05,"NS"
"Td00001aa024781_T002",-0.0746816880316597,0.96497808959758,0.0154825474592072,"NS"
"Td00001aa024805_T002",-1.82130126740379,6.36704290550357e-07,6.19606222355211,"Down"
"Td00001aa024819_T002",-0.273614268169984,0.00180800437812264,2.74280052220568,"NS"
"Td00001aa024831_T002",-0.0906114743494387,0.814033992460784,0.0893574594475201,"NS"
"Td00001aa024836_T002",-0.216740097535679,7.68442022756822e-07,6.1143888934819,"NS"
"Td00001aa024849_T003",0.216930189763707,0.0204476069293673,1.68935751201776,"NS"
"Td00001aa024852_T001",0.204196529180111,0.409169039236001,0.388097235657978,"NS"
"Td00001aa024862_T001",-0.122206269771571,0.0977571538972418,1.00985145097136,"NS"
"Td00001aa024864_T002",-0.319092093067839,0.00140611283891137,2.8519798262933,"NS"
"Td00001aa024866_T004",-0.788588677018224,3.80583329656928e-07,6.41955023863587,"NS"
"Td00001aa024867_T001",-0.707457887664842,6.36245988741468e-06,5.19637494268731,"NS"
"Td00001aa024870_T002",0.685576969851037,2.86187977726878e-12,11.54334861417,"NS"
"Td00001aa024871_T001",-1.1537061985301,3.59688333387895e-07,6.44407364844068,"Down"
"Td00001aa024876_T001",-0.0968468190177002,0.520257172125971,0.283781924007709,"NS"
"Td00001aa024896_T001",0.8090440796283,0.000292828664889756,3.53338641260643,"NS"
"Td00001aa024935_T004",-0.880140555798547,9.80850722444409e-10,9.00839708370236,"NS"
"Td00001aa024936_T001",-1.57414404799219,0.000581682436395662,3.23531404930392,"Down"
"Td00001aa024937_T005",-1.2779321332694,6.35386587755674e-05,4.19696195684469,"Down"
"Td00001aa024939_T002",0.0605660134944056,0.834586362872814,0.0785287159308913,"NS"
"Td00001aa024952_T002",-1.53205870668632,3.01649379832307e-13,12.5204975632224,"Down"
"Td00001aa024953_T003",-0.567946368844952,0.00186004429712988,2.73047671289499,"NS"
"Td00001aa024956_T001",-0.161877668476579,0.81597132359671,0.0883251037737712,"NS"
"Td00001aa024970_T001",-0.275366023925266,8.65389147413955e-05,4.06278855546014,"NS"
"Td00001aa024975_T002",0.293090549072788,0.00523326747238742,2.28122706789489,"NS"
"Td00001aa024999_T001",-0.348931836542249,0.00850992484024273,2.0700742755925,"NS"
"Td00001aa025002_T003",0.0234214680815466,0.0515323907264773,1.28791970898018,"NS"
"Td00001aa025005_T004",-0.351469014390386,0.0150692976876186,1.82190698773177,"NS"
"Td00001aa025006_T001",0.0198661700392413,0.229149081947364,0.639881878353703,"NS"
"Td00001aa025008_T004",1.36952266483909,2.02868949098842e-06,5.69278442052208,"Up"
"Td00001aa025019_T001",-0.36914358483186,0.00132308564555903,2.87841204229035,"NS"
"Td00001aa025021_T003",-0.738180009374002,2.78548498284275e-07,6.55509917857453,"NS"
"Td00001aa025035_T001",-1.18039530111002,0.00224392023853789,2.64899258439382,"Down"
"Td00001aa025037_T001",-0.301932469754551,0.132221818844223,0.878696872976172,"NS"
"Td00001aa025038_T001",-0.327032425200913,0.00105943247696003,2.97492671787546,"NS"
"Td00001aa025078_T002",-1.67902435142364,0.000542078276660939,3.26593799636323,"Down"
"Td00001aa025105_T002",-0.229567719719176,0.480281861215704,0.318503815032249,"NS"
"Td00001aa025123_T001",-1.18281615748417,1.6720158429483e-11,10.7767596117819,"Down"
"Td00001aa025134_T001",0.42534509096148,0.0118872248631489,1.92491952194088,"NS"
"Td00001aa025144_T001",-0.0198078343114095,0.995891184214792,0.00178811205500356,"NS"
"Td00001aa025166_T001",0.137778842898901,0.0136060823067944,1.86626690620519,"NS"
"Td00001aa025171_T003",-1.35957184843138,5.99677444024937e-13,12.222082286196,"Down"
"Td00001aa025176_T003",0.0377182199844981,0.307381945516882,0.512321644945128,"NS"
"Td00001aa025196_T001",-0.221923351000634,0.223137158202294,0.651428102246545,"NS"
"Td00001aa025199_T002",-0.0408255357713934,0.864420957545859,0.0632747123623899,"NS"
"Td00001aa025280_T003",-0.194010256470493,0.625050860758716,0.204084642418881,"NS"
"Td00001aa025298_T001",0.135246941439386,0.997148437623536,0.00124018688159954,"NS"
"Td00001aa025313_T003",0.222401720017571,0.00265164140383256,2.57648520834676,"NS"
"Td00001aa025335_T003",-0.279793131162718,2.54436074038287e-05,4.59442131423001,"NS"
"Td00001aa025342_T001",-0.758991999018075,0.000112212075620753,3.94996040428072,"NS"
"Td00001aa025357_T001",-0.566802163720805,0.000698633022330191,3.15575089038913,"NS"
"Td00001aa025382_T001",0.279957993439062,0.998995952613063,0.000436271294912254,"NS"
"Td00001aa025386_T002",0.165366121570311,0.552160745900486,0.257934471374367,"NS"
"Td00001aa025395_T003",0.0593529709959553,0.996413445202219,0.00156042090095077,"NS"
"Td00001aa025408_T003",0.391785071676735,0.0631444695333692,1.19966468083817,"NS"
"Td00001aa025431_T001",0.114529379252946,0.0731678097147658,1.135679945418,"NS"
"Td00001aa025485_T001",-0.588868711466828,1.16048980962064e-06,5.93535866877545,"NS"
"Td00001aa025490_T001",0.1942164742174,0.00969334575845543,2.01352629584506,"NS"
"Td00001aa025492_T002",0.913649790784105,2.78397878333848e-05,4.55533407880075,"NS"
"Td00001aa025513_T002",-0.2021368169343,0.499427062088497,0.301527928550002,"NS"
"Td00001aa025521_T001",-0.220955287311765,0.156320055695964,0.805985298888574,"NS"
"Td00001aa025537_T001",0.267295767174805,1.05831883203263e-06,5.97538347584256,"NS"
"Td00001aa025542_T003",0.147197799659671,0.106383142153882,0.973127186416836,"NS"
"Td00001aa025555_T001",-0.0582420430164704,0.970617601213954,0.0129518374378099,"NS"
"Td00001aa025562_T002",-0.20235018734099,0.599400041404752,0.222283231390617,"NS"
"Td00001aa025563_T002",-0.173156383167891,0.885063363852683,0.0530256359841091,"NS"
"Td00001aa025575_T001",0.0122379848110284,0.947201290221982,0.0235577190503094,"NS"
"Td00001aa025588_T001",-0.323945584806188,0.00230396552710372,2.63752402329598,"NS"
"Td00001aa025590_T002",0.487129854679536,0.737445862666302,0.13226985658137,"NS"
"Td00001aa025591_T001",-0.186948919422057,5.30775608828042e-05,4.27508904284373,"NS"
"Td00001aa025602_T002",-0.297724941571197,2.16966267577438e-05,4.66360778202127,"NS"
"Td00001aa025603_T001",-0.0498614845304107,0.997427472245543,0.00111867413616972,"NS"
"Td00001aa025609_T002",-0.44400760839034,0.0263344376423802,1.57947595133038,"NS"
"Td00001aa025610_T006",0.764267027102604,0.454084831767993,0.342863005012672,"NS"
"Td00001aa025615_T001",0.34193067347445,0.963865778784012,0.0159834387028801,"NS"
"Td00001aa025630_T001",-0.411376791609109,0.0378309104399752,1.42215320683574,"NS"
"Td00001aa025654_T001",-0.132325201317096,0.848431642967799,0.0713831424774506,"NS"
"Td00001aa025663_T001",-0.147859823993445,0.343677884058081,0.463848414154803,"NS"
"Td00001aa025687_T001",-0.217110899574613,1.30725367361621e-07,6.88364012905156,"NS"
"Td00001aa025700_T002",0.066966716327002,0.966256634507086,0.0149075111125056,"NS"
"Td00001aa025719_T001",0.328070765796707,0.0304173786822389,1.51687821542738,"NS"
"Td00001aa025725_T001",-0.0887131949829402,0.896280230402905,0.047556182871419,"NS"
"Td00001aa025733_T001",-0.181201119722717,0.53269418374523,0.273522045060753,"NS"
"Td00001aa025737_T001",0.247362494181771,0.318774462052418,0.496516478474067,"NS"
"Td00001aa025741_T001",-0.107347282868975,0.904529549714563,0.0435772407794559,"NS"
"Td00001aa025749_T001",-0.113709122420334,0.96977415354771,0.0133293948969112,"NS"
"Td00001aa025755_T001",-0.280365531173826,0.0886902076919524,1.05212432808389,"NS"
"Td00001aa025764_T003",0.170386226696404,0.457669330110491,0.339448190063555,"NS"
"Td00001aa025774_T001",-0.511400981239061,0.000820244663441642,3.08605658647728,"NS"
"Td00001aa025783_T001",-0.822053581188756,1.083914266948e-05,4.96500506730304,"NS"
"Td00001aa025807_T003",-0.573023629333614,2.5594785924313e-09,8.59184849855282,"NS"
"Td00001aa025809_T002",0.0930355005930652,0.598851741026018,0.22268068349379,"NS"
"Td00001aa025810_T001",-0.231845314045143,3.06893478354899e-05,4.51301234045242,"NS"
"Td00001aa025818_T003",0.0863606806514891,0.459054211880218,0.338136023547333,"NS"
"Td00001aa025845_T001",-0.608700220647476,5.00836622595882e-08,7.30030392179088,"NS"
"Td00001aa025901_T001",-0.37959294051947,0.000416541828783524,3.38034138057717,"NS"
"Td00001aa025911_T005",0.0249571572265549,0.783258326815428,0.10609497943921,"NS"
"Td00001aa025961_T001",-0.424467827700167,0.100924610149729,0.996002919501484,"NS"
"Td00001aa026000_T001",1.46702947010416,7.59087319130562e-05,4.11970826358363,"Up"
"Td00001aa026021_T003",0.142640833510263,0.635740301997635,0.196720256116528,"NS"
"Td00001aa026028_T001",-0.863985469091092,8.73795277087597e-10,9.0585903070061,"NS"
"Td00001aa026044_T001",-0.33173167693008,0.0663452632561973,1.17819007830262,"NS"
"Td00001aa026056_T001",-0.397941276565308,0.00147951389042882,2.82988095310675,"NS"
"Td00001aa026059_T002",-0.54303603228668,5.82585190259129e-08,7.23464055965083,"NS"
"Td00001aa026116_T001",-0.406474182732631,0.584950900129912,0.232880586392281,"NS"
"Td00001aa026124_T002",1.11640144019765,8.50576936553517e-05,4.07028639738421,"Up"
"Td00001aa026130_T001",0.90608336878485,7.19192124929309e-08,7.1431550767232,"NS"
"Td00001aa026163_T002",0.0922763672676157,0.283068991476017,0.548107702406131,"NS"
"Td00001aa026164_T002",0.117921561728816,0.269667157886824,0.569171942004759,"NS"
"Td00001aa026165_T001",-0.319182807368051,0.0764566067055447,1.11658498073184,"NS"
"Td00001aa026214_T002",0.26995203030646,0.0098293647179265,2.00747455016528,"NS"
"Td00001aa026237_T003",-0.378653747347237,0.000505014299467214,3.29669632466989,"NS"
"Td00001aa026240_T001",0.068274016877018,0.960856028177779,0.0173416808559853,"NS"
"Td00001aa026300_T001",-0.351818021705153,8.50775294724925e-06,5.07018512986524,"NS"
"Td00001aa026303_T002",0.0532341435473408,0.901956874321734,0.0448142270831661,"NS"
"Td00001aa026315_T006",-0.450051160787349,1.28422839978212e-05,4.891357730205,"NS"
"Td00001aa026321_T002",-0.334890585487064,0.0269749923508582,1.5690386697954,"NS"
"Td00001aa026362_T002",0.330682844404122,0.705786564233795,0.151326613381352,"NS"
"Td00001aa026367_T001",-0.24099497662638,0.00373825315820077,2.42733129110947,"NS"
"Td00001aa026374_T002",-1.292524526793,0.0892207514942705,1.04953412307557,"NS"
"Td00001aa026379_T001",-0.347500040753379,0.00023885446427589,3.62186663718462,"NS"
"Td00001aa026391_T003",-0.489275055238767,0.0774133466941018,1.11118415694116,"NS"
"Td00001aa026392_T002",0.285814345705299,0.00247070022501807,2.60717994521641,"NS"
"Td00001aa026395_T002",-0.774132125829245,0.000101674779946084,3.99278675886244,"NS"
"Td00001aa026407_T001",-0.167058861963767,0.383355902707088,0.416397845324453,"NS"
"Td00001aa026412_T001",-1.17167743580487,2.279601921702e-08,7.64214098558827,"Down"
"Td00001aa026443_T002",1.47801167611265,3.4350489274425e-14,13.4640670726461,"Up"
"Td00001aa026454_T001",-0.858399567565819,0.000570130948538105,3.24402538345735,"NS"
"Td00001aa026461_T001",-0.158498703162517,0.685348463532465,0.164088556522699,"NS"
"Td00001aa026479_T002",-0.239684144991154,0.00011907375684193,3.9241839439294,"NS"
"Td00001aa026480_T001",0.000972982923130545,0.997119528382937,0.00125277809189093,"NS"
"Td00001aa026554_T001",-1.2058148381928,0.00171945285421416,2.7646097276264,"Down"
"Td00001aa026564_T001",0.447867466657385,0.0308940029597663,1.51012581618201,"NS"
"Td00001aa026579_T001",-0.911717886395885,1.38865341356672e-06,5.85740613392957,"NS"
"Td00001aa026590_T004",3.31048923636263,3.35307476042791e-22,21.4745567633981,"Up"
"Td00001aa026612_T001",0.196018374105743,0.495088938477289,0.305316776782918,"NS"
"Td00001aa026621_T001",0.0495396410112052,0.324278846634768,0.489081380310758,"NS"
"Td00001aa026630_T001",-1.29047061738537,9.3645133739031e-07,6.02851478577616,"Down"
"Td00001aa026639_T002",0.415310185944518,0.914370591231056,0.0388777505386964,"NS"
"Td00001aa026669_T001",-0.650102974513406,1.36515858803425e-05,4.86481689447851,"NS"
"Td00001aa026683_T002",-0.10138951196122,0.652099213703968,0.185686323461048,"NS"
"Td00001aa026709_T002",0.0980682313706781,0.963682797090249,0.0160658936315122,"NS"
"Td00001aa026728_T002",-0.253349294090667,0.780413524997262,0.10767521264915,"NS"
"Td00001aa026761_T001",-0.229497230726698,0.127159790964422,0.895650194685173,"NS"
"Td00001aa026764_T001",0.0958460708784625,0.99999526777591,2.05518367198796e-06,"NS"
"Td00001aa026772_T002",0.0902263552049374,0.357884372444353,0.44625726531316,"NS"
"Td00001aa026785_T001",-0.319947000149277,0.179491564073159,0.7459559580192,"NS"
"Td00001aa026788_T002",-0.834161895189468,8.35773072553292e-08,7.07791162533155,"NS"
"Td00001aa026789_T003",0.182461207945395,0.0375598866713799,1.42527572679114,"NS"
"Td00001aa026828_T001",-0.393262426363859,9.76426077383068e-05,4.01036063040977,"NS"
"Td00001aa026835_T001",-0.85428942940633,8.66722354395484e-07,6.06212000202227,"NS"
"Td00001aa026838_T004",-0.0352514157931645,0.886610202548092,0.0522672754223784,"NS"
"Td00001aa026841_T001",-0.307851328668285,0.0182488550885278,1.73876437747228,"NS"
"Td00001aa026843_T001",-1.34901596901358,1.10425540499193e-08,7.95693046632592,"Down"
"Td00001aa026846_T001",-0.0668731464059948,0.902289230893417,0.0446542260430399,"NS"
"Td00001aa026874_T001",-0.84085837704181,3.32530663030582e-08,7.47816830172634,"NS"
"Td00001aa026899_T001",0.0205684054169521,0.986145466815134,0.00605901733529622,"NS"
"Td00001aa026920_T001",-0.505106304810009,0.868949047404608,0.061005688545324,"NS"
"Td00001aa026923_T001",-0.00668452081905469,0.788988821830674,0.102929149707747,"NS"
"Td00001aa026934_T001",0.0622518295599741,0.380351164433366,0.419815249827757,"NS"
"Td00001aa026936_T006",0.268406693454488,0.839584248885346,0.0759357176436448,"NS"
"Td00001aa026945_T002",0.226896556809089,0.65506265461753,0.183717159163458,"NS"
"Td00001aa026949_T003",-0.225204717708968,0.000233539363103753,3.63163990851127,"NS"
"Td00001aa026950_T002",-0.286614821527606,0.0423329937980777,1.37332101704432,"NS"
"Td00001aa026977_T001",0.309066358120773,0.99135288807113,0.00377172385824531,"NS"
"Td00001aa026979_T002",0.985841594622935,3.81087454582026e-05,4.41897534798847,"NS"
"Td00001aa026996_T003",0.0930346702378838,0.21899082026291,0.659574089692852,"NS"
"Td00001aa026999_T001",-0.199480571541024,0.81293581180559,0.0899437442941892,"NS"
"Td00001aa027000_T001",-0.214663849664595,0.2615261016118,0.582484959874065,"NS"
"Td00001aa027028_T002",2.18723137671358,9.88441006239966e-23,22.0050492458536,"Up"
"Td00001aa027048_T003",0.223639739772338,0.594284593635966,0.226005528341174,"NS"
"Td00001aa027056_T001",0.209992908685357,0.220189385100873,0.657203621346259,"NS"
"Td00001aa027076_T001",-0.512312066468348,0.000704117228184671,3.15235502933037,"NS"
"Td00001aa027078_T001",-0.196172444744129,0.216632020433971,0.664277349788333,"NS"
"Td00001aa027091_T001",0.963459763714991,1.95194926731077e-15,14.7095314741761,"NS"
"Td00001aa027099_T001",1.21802523080235,7.21236581511945e-07,6.1419222537385,"Up"
"Td00001aa027148_T005",-0.308240724117094,0.000369583821793289,3.43228704789479,"NS"
"Td00001aa027155_T001",-0.710340196997782,8.80574342800147e-07,6.05523397268372,"NS"
"Td00001aa027156_T001",-0.0696659961420484,0.929289236619068,0.0318490929845567,"NS"
"Td00001aa027184_T001",0.388541557644282,0.0591321864468246,1.22817606241413,"NS"
"Td00001aa027215_T001",-0.250907635166044,0.0377997892709346,1.42251062129308,"NS"
"Td00001aa027233_T003",-0.538416556144738,5.5466441607031e-12,11.2559696949469,"NS"
"Td00001aa027253_T001",0.108443089317693,0.142439139431016,0.846370658849863,"NS"
"Td00001aa027277_T001",-0.454582048977536,0.36533533442116,0.437308321760124,"NS"
"Td00001aa027294_T001",-0.213497199941769,0.00697415301359017,2.15650852839267,"NS"
"Td00001aa027311_T001",0.160111951606858,0.220583524178284,0.656426929002236,"NS"
"Td00001aa027315_T001",-0.291550187847408,8.41482676949012e-05,4.07495482013129,"NS"
"Td00001aa027330_T001",-2.88408534585679,3.78995941466561e-20,19.421365440713,"Down"
"Td00001aa027352_T001",-0.244206533494486,0.0377979328418329,1.42253195095467,"NS"
"Td00001aa027354_T001",0.0872082109005935,0.59419166429079,0.226073445056598,"NS"
"Td00001aa027362_T003",-0.231006779146052,0.138690997218316,0.857951729159619,"NS"
"Td00001aa027364_T001",-0.549092306776635,1.63860986104647e-05,4.7855244359131,"NS"
"Td00001aa027373_T001",0.355084232568885,2.1097522609329e-10,9.67576853902769,"NS"
"Td00001aa027377_T001",-0.386090303425695,2.531085386189e-10,9.59669320366624,"NS"
"Td00001aa027392_T001",-0.892889320976551,3.06203131976675e-07,6.51399037146522,"NS"
"Td00001aa027396_T002",0.929277101693657,0.241247805916843,0.617536627756361,"NS"
"Td00001aa027400_T001",-0.176452787628226,0.606315587658639,0.217301266422608,"NS"
"Td00001aa027406_T001",-1.28166662672218,0.00918973231299071,2.03669713896037,"Down"
"Td00001aa027410_T001",-0.518841123086905,0.000525199145718696,3.27967598899908,"NS"
"Td00001aa027429_T002",-2.2558132376728,4.66416013353614e-12,11.3312265474606,"Down"
"Td00001aa027438_T001",0.0521192920015573,0.359903995848753,0.443813331548171,"NS"
"Td00001aa027470_T001",-0.7698141426609,1.88789718220161e-05,4.72402166174261,"NS"
"Td00001aa027484_T003",-0.442842633456193,0.00132749550490561,2.87696694082879,"NS"
"Td00001aa027502_T001",0.357928761703862,0.156479667955732,0.80554208411288,"NS"
"Td00001aa027536_T002",-0.799838292102917,1.09475367615593e-05,4.9606835877832,"NS"
"Td00001aa027568_T001",0.25796025765507,0.668063683944711,0.175182135926421,"NS"
"Td00001aa027591_T001",-0.350256723452815,0.00288229019239659,2.54026229603697,"NS"
"Td00001aa027593_T001",-1.29337921189482,1.23244463018618e-08,7.90923258308097,"Down"
"Td00001aa027613_T002",-0.15617274184049,0.998365729678613,0.000710335180596956,"NS"
"Td00001aa027623_T001",-0.71763168948631,0.00832074061234563,2.07983801631263,"NS"
"Td00001aa027648_T001",-1.31346867827463,2.85504758194996e-05,4.54438664944752,"Down"
"Td00001aa027657_T001",0.428981088417071,1.64767928092415e-06,5.78312731938647,"NS"
"Td00001aa027665_T001",-0.88733274448414,4.23807897499704e-07,6.37283095463659,"NS"
"Td00001aa027675_T001",-0.0334062482769379,0.593751272103816,0.226395446896212,"NS"
"Td00001aa027692_T002",0.172124041618744,0.0742775975662239,1.12914215152091,"NS"
"Td00001aa027714_T001",-0.0789776006501721,0.930413511795885,0.0313239912549046,"NS"
"Td00001aa027715_T002",0.0199983292000835,0.923264373030896,0.0346739226919647,"NS"
"Td00001aa027730_T001",-0.0562277961113994,0.998586586258078,0.00061427200134205,"NS"
"Td00001aa027742_T001",-0.253878718848547,0.0357422679005574,1.44681789431921,"NS"
"Td00001aa027774_T001",-0.226623350967577,0.192388977416773,0.715819813712976,"NS"
"Td00001aa027792_T001",-0.466344665906462,2.06039001435349e-05,4.68605056358746,"NS"
"Td00001aa027797_T001",-0.0702855087966829,0.523392261858173,0.281172702516043,"NS"
"Td00001aa027802_T002",-0.314945836389869,0.0907111650847251,1.04233925498774,"NS"
"Td00001aa027807_T003",-0.381100139237081,0.0101391456945207,1.99399863630306,"NS"
"Td00001aa027816_T001",-0.221780475562355,0.865765113926744,0.0625999181005454,"NS"
"Td00001aa027827_T001",-0.0702075133908386,0.924528446889814,0.034079721457533,"NS"
"Td00001aa027832_T002",-0.495197488272169,0.000667171115146071,3.17576276453492,"NS"
"Td00001aa027858_T001",-0.0713184743980243,0.961445096525673,0.017075511172501,"NS"
"Td00001aa027890_T001",-0.219700142148286,0.582307822924794,0.234847375390431,"NS"
"Td00001aa027903_T002",0.167760328073462,0.0600681193884555,1.22135596472322,"NS"
"Td00001aa027904_T001",-0.218067186018239,0.208626824355755,0.680629852569505,"NS"
"Td00001aa027909_T005",-0.0339640716130109,0.706109298642356,0.1511280693118,"NS"
"Td00001aa027912_T001",1.91560856990097,2.82368599299851e-12,11.5491836004992,"Up"
"Td00001aa027914_T002",0.320900201668287,0.609682104533012,0.214896552258093,"NS"
"Td00001aa027933_T001",0.0336512102252706,0.432934049252921,0.363578256595843,"NS"
"Td00001aa027942_T001",-0.280498330989479,0.304084086360336,0.517006307204543,"NS"
"Td00001aa027951_T001",-0.0939768525695257,0.0342707001382522,1.46507702299723,"NS"
"Td00001aa027964_T001",-0.750009592863983,0.000180481841753119,3.74356648585314,"NS"
"Td00001aa027967_T001",0.995392344089434,2.87437888475189e-09,8.54145598612814,"NS"
"Td00001aa027982_T003",-0.322562058675104,3.65360609561175e-09,8.43727827683122,"NS"
"Td00001aa027990_T001",0.378667602628846,0.0205516184204325,1.68715397216323,"NS"
"Td00001aa028026_T001",-0.028996758897155,1,0,"NS"
"Td00001aa028028_T001",0.0834766941355978,0.993023843346001,0.0030403236000059,"NS"
"Td00001aa028035_T001",0.245753990014213,0.121036864009199,0.917082337142368,"NS"
"Td00001aa028038_T001",0.162397829665136,0.35842913879346,0.445596691245394,"NS"
"Td00001aa028044_T001",-0.0749044417543921,0.28775586005345,0.540975823343825,"NS"
"Td00001aa028045_T001",-0.10527148916689,0.986448633908331,0.00592552429011456,"NS"
"Td00001aa028052_T001",-0.517703998795735,0.0143221064732462,1.84399310197035,"NS"
"Td00001aa028067_T002",-0.182136987084933,0.265241073468879,0.576359223104067,"NS"
"Td00001aa028076_T002",-0.569330829824485,2.57188749834715e-09,8.58974803260459,"NS"
"Td00001aa028089_T001",-0.597801343619794,0.0316249793382766,1.49996974955606,"NS"
"Td00001aa028090_T001",0.420702235002633,0.0096198852728212,2.01683010734657,"NS"
"Td00001aa028092_T001",-0.249256848345765,0.0177587026690822,1.75058876402128,"NS"
"Td00001aa028093_T002",-0.0465039038887475,0.988012560792061,0.00523753410872371,"NS"
"Td00001aa028094_T002",-0.0318179039515813,0.955464962690385,0.019785234081727,"NS"
"Td00001aa028117_T001",-0.544082767686855,2.99930735527989e-06,5.52297902745072,"NS"
"Td00001aa028122_T003",-1.08382740811216,0.227929675092407,0.642199128571739,"NS"
"Td00001aa028132_T001",0.173868454411365,0.183286872887599,0.736868638347275,"NS"
"Td00001aa028156_T001",0.190774751588764,0.00221245583872207,2.65512538919092,"NS"
"Td00001aa028157_T001",-0.0725825952551666,0.98626151190793,0.00600791455168746,"NS"
"Td00001aa028172_T003",-0.859848447847761,0.000230722257039502,3.63691050845596,"NS"
"Td00001aa028176_T001",0.894126036961728,0.00369684655228503,2.43216857563163,"NS"
"Td00001aa028184_T002",-0.524717941883072,7.05133984406523e-07,6.15172835370396,"NS"
"Td00001aa028191_T001",-0.13309881131802,0.17941899283128,0.746131585566041,"NS"
"Td00001aa028215_T001",-0.421996730662038,0.03658908538434,1.43664844641661,"NS"
"Td00001aa028216_T001",-0.079008296497295,0.945170464450358,0.0244898580581243,"NS"
"Td00001aa028219_T001",0.0201425237089119,0.969643622626662,0.0133878545640454,"NS"
"Td00001aa028223_T001",-0.672120767628793,4.86592829119633e-09,8.31283429552177,"NS"
"Td00001aa028245_T001",-0.277102084197276,0.0227192669985329,1.64360568456435,"NS"
"Td00001aa028256_T001",-0.670978964166725,3.89003160012285e-05,4.41004687073001,"NS"
"Td00001aa028274_T001",-0.245219055137724,0.0147788341872024,1.83035982345365,"NS"
"Td00001aa028276_T003",0.27951056032459,0.961929572767993,0.0168567234693439,"NS"
"Td00001aa028280_T001",-0.632989461221433,0.0290615601521682,1.53668107457723,"NS"
"Td00001aa028282_T003",-0.372074170285552,0.0079800861876349,2.09799241809637,"NS"
"Td00001aa028295_T001",0.0442681946574964,0.855298750783828,0.0678821622840853,"NS"
"Td00001aa028298_T001",-0.448593504145373,0.00915992923847057,2.03810788129508,"NS"
"Td00001aa028299_T001",-0.268228838698641,0.724216421570783,0.140131631801915,"NS"
"Td00001aa028305_T001",-0.468309324664083,0.00586234799775222,2.23192840476185,"NS"
"Td00001aa028313_T001",0.863769689808172,5.8495603002715e-09,8.23287677773707,"NS"
"Td00001aa028323_T001",0.0184391599957059,0.466759449732732,0.330906880823474,"NS"
"Td00001aa028339_T002",0.0404462580084657,1,0,"NS"
"Td00001aa028360_T001",-0.119428571182804,0.999999998403992,6.93137561172858e-10,"NS"
"Td00001aa028388_T001",0.120270628257246,0.985220897157728,0.00646638507487605,"NS"
"Td00001aa028400_T001",-0.268554820960739,0.437709982376386,0.35881354879117,"NS"
"Td00001aa028461_T001",-0.113124819803799,0.978760812483791,0.0093234272061753,"NS"
"Td00001aa028473_T001",0.0159443465578362,0.994839567486355,0.00224694998105616,"NS"
"Td00001aa028476_T002",-0.226233500739676,0.0033031442532147,2.48107245960948,"NS"
"Td00001aa028486_T001",0.498298774970128,0.00016384036675816,3.785579088531,"NS"
"Td00001aa028519_T001",0.141782297514977,0.524778097207157,0.280024299510017,"NS"
"Td00001aa028527_T001",0.555111714862266,0.000700158018915508,3.15480393284537,"NS"
"Td00001aa028532_T002",-0.377545782649861,0.0193619299407685,1.7130513556613,"NS"
"Td00001aa028533_T001",0.0902902723284154,0.880320848855582,0.0553590125186939,"NS"
"Td00001aa028535_T002",-1.17641524145753,2.35906100171289e-07,6.6272608287775,"Down"
"Td00001aa028544_T002",-0.540810741146773,0.0385907566515867,1.41351670610372,"NS"
"Td00001aa028555_T001",-0.228839048873607,0.00647008587831658,2.18908995484421,"NS"
"Td00001aa028566_T002",0.126562595348818,0.81255229301902,0.0901486797782568,"NS"
"Td00001aa028579_T002",-0.299020943645933,0.0086812362356021,2.06141842550656,"NS"
"Td00001aa028586_T001",1.02803493558461,3.37550283535768e-10,9.47166152287597,"Up"
"Td00001aa028601_T001",-0.566400104983827,0.26999153773853,0.568649847585657,"NS"
"Td00001aa028605_T001",0.0472964597132319,0.616927203194611,0.209766079266745,"NS"
"Td00001aa028607_T001",0.0533895161562141,0.985624992763241,0.00628829251574431,"NS"
"Td00001aa028616_T001",-0.62432955879533,5.7976589064202e-06,5.2367473390702,"NS"
"Td00001aa028619_T001",-0.0640231338542267,0.893114650449961,0.0490927865070985,"NS"
"Td00001aa028636_T002",-0.742865981745586,0.000162389562890449,3.78944188719304,"NS"
"Td00001aa028654_T001",0.577310880818787,0.000580400363130156,3.23627232451588,"NS"
"Td00001aa028701_T003",-0.144750232369778,0.374712938875699,0.426301310414876,"NS"
"Td00001aa028735_T002",-0.238961301624411,0.372233445697009,0.429184607483929,"NS"
"Td00001aa028736_T001",-0.0639655150353687,0.0595017062573498,1.22547058036343,"NS"
"Td00001aa028751_T002",0.0375965183909975,0.883284835856933,0.0538992254220185,"NS"
"Td00001aa028787_T001",-0.0999673493915768,0.948424730784486,0.0229971300384277,"NS"
"Td00001aa028792_T001",0.0236509368408717,0.994347976767611,0.00246160559909307,"NS"
"Td00001aa028793_T002",-0.620651055967216,0.61165532166944,0.213493241361069,"NS"
"Td00001aa028817_T001",-0.20797737989906,0.00251828020343078,2.5988959485596,"NS"
"Td00001aa028831_T002",0.135465010839356,0.0791682480430451,1.10144896569129,"NS"
"Td00001aa028856_T001",-0.39683222259588,0.000256986606547584,3.59008951034206,"NS"
"Td00001aa028908_T002",-0.150861103601712,0.99506866699082,0.00214694873545934,"NS"
"Td00001aa028928_T001",0.232322383986483,0.000198757355103324,3.70167679111585,"NS"
"Td00001aa028949_T001",0.248809118804288,0.88992908057898,0.0506446013780258,"NS"
"Td00001aa028960_T002",-0.2405923984228,0.060812783947666,1.21600511457065,"NS"
"Td00001aa028961_T001",0.319495824524553,0.118390058502545,0.926684764832344,"NS"
"Td00001aa028978_T002",-0.0131442905102493,0.999999974531912,1.10606503080938e-08,"NS"
"Td00001aa029037_T001",-2.00529981767195,1.98891467011093e-12,11.7013838488991,"Down"
"Td00001aa029078_T002",-0.0952661421572786,0.838516290471299,0.076488495618339,"NS"
"Td00001aa029096_T002",-0.0882778450084111,0.830362181301632,0.0807324389103969,"NS"
"Td00001aa029097_T002",0.362351665422935,0.000150982049072248,3.82107468484126,"NS"
"Td00001aa029104_T001",-0.962600397212699,1.60879629886337e-10,9.79349894153182,"NS"
"Td00001aa029115_T001",0.160303683936941,0.548325257527307,0.260961748732432,"NS"
"Td00001aa029134_T001",0.319502388071148,0.0447774448107442,1.34894069271893,"NS"
"Td00001aa029146_T001",-0.118732244045013,0.44531343459546,0.351334202504836,"NS"
"Td00001aa029174_T001",2.66542749919589,0.000297495186474153,3.52652005684174,"Up"
"Td00001aa029198_T002",-0.505679884550373,0.0077859710956736,2.10868721287226,"NS"
"Td00001aa029207_T001",0.0245795714493057,0.999064923463231,0.000406288565145831,"NS"
"Td00001aa029231_T001",2.30336577348362,5.33014801795843e-15,14.2732607304687,"Up"
"Td00001aa029237_T001",-0.167089156779495,0.522355900666155,0.282033495028865,"NS"
"Td00001aa029273_T002",-0.0304133094438701,0.576036820922819,0.239549755096749,"NS"
"Td00001aa029276_T001",-0.110716005228446,0.000434267853111942,3.36224231830718,"NS"
"Td00001aa029284_T001",0.0248547380665737,0.649109426007298,0.187682084239339,"NS"
"Td00001aa029286_T001",-0.298572695874771,0.307155016658358,0.512642387102515,"NS"
"Td00001aa029295_T005",-0.0335901795903036,0.505155936072726,0.296574539262934,"NS"
"Td00001aa029308_T001",0.133849159251649,0.670524472846792,0.173585366614235,"NS"
"Td00001aa029351_T001",-2.13483146344824,4.12433069210038e-08,7.384646519917,"Down"
"Td00001aa029360_T001",-0.120084221255699,0.999979865312601,8.74447166628816e-06,"NS"
"Td00001aa029369_T001",-0.194799576763153,0.232454055212258,0.633662873051793,"NS"
"Td00001aa029372_T001",-0.488639438947352,0.0656965153769071,1.18245766533695,"NS"
"Td00001aa029392_T001",-0.420334852589064,0.08804770118251,1.05528197844496,"NS"
"Td00001aa029407_T004",-0.193501014895922,0.724770526023128,0.139799476266379,"NS"
"Td00001aa029416_T001",0.7430875378416,1.24418057833317e-05,4.90511658228009,"NS"
"Td00001aa029429_T001",-0.0294587023212369,0.193869266328545,0.712491033220612,"NS"
"Td00001aa029431_T001",0.639312421749623,0.0487198919372421,1.31229368365744,"NS"
"Td00001aa029456_T001",-0.251012213363613,0.924022933614159,0.0343172497555654,"NS"
"Td00001aa029473_T003",0.424062728337661,0.967282665725592,0.0144465949695241,"NS"
"Td00001aa029477_T001",-0.0310166862909844,0.535159181424524,0.271517019227778,"NS"
"Td00001aa029481_T001",0.0735941000893164,0.952596946265924,0.0210908150373026,"NS"
"Td00001aa029496_T001",3.62932009661684,3.49654094941312e-16,15.4563613811947,"Up"
"Td00001aa029502_T001",-0.252522894201829,0.000274014372226826,3.56222665756243,"NS"
"Td00001aa029516_T003",-0.315597702653002,0.0143039966369692,1.84454260065567,"NS"
"Td00001aa029523_T001",-0.200968185945575,0.129195365951356,0.888753063568859,"NS"
"Td00001aa029531_T002",-0.200078679558778,0.514780905355762,0.288377570649594,"NS"
"Td00001aa029551_T001",-0.818356153902653,2.23080980556549e-05,4.65153745522691,"NS"
"Td00001aa029557_T001",0.807489107698538,3.45527453025452e-11,10.4615174411297,"NS"
"Td00001aa029567_T001",0.047730269726024,0.812062402954599,0.0904105961067165,"NS"
"Td00001aa029587_T001",-0.357235828803721,0.593363467907608,0.226679195758536,"NS"
"Td00001aa029643_T001",-0.608294454614204,0.00823979943997912,2.08408335907599,"NS"
"Td00001aa029674_T003",-0.308411692998023,0.522733852796874,0.281719373621767,"NS"
"Td00001aa029675_T001",-0.130441533922735,0.92628020152201,0.0332576185370191,"NS"
"Td00001aa029686_T003",1.02541146485221,2.58449452250747e-08,7.58762438392473,"Up"
"Td00001aa029695_T002",0.145034151270223,0.999996713837908,1.4271644083352e-06,"NS"
"Td00001aa029699_T001",0.088454085319642,0.95987872207316,0.017783635357969,"NS"
"Td00001aa029705_T002",-0.225832669653761,0.0455795713661,1.34122976327615,"NS"
"Td00001aa029712_T001",-0.0167270717055961,0.998881214796067,0.00048615424232718,"NS"
"Td00001aa029721_T002",-0.151257684298392,0.429264608532517,0.367274916208735,"NS"
"Td00001aa029752_T001",0.29960847515054,0.00075705795790872,3.12087087104627,"NS"
"Td00001aa029759_T001",-0.00499250179849271,0.997424535365605,0.00111995289844986,"NS"
"Td00001aa029761_T001",-0.304184906483374,0.0725212019507745,1.13953500661372,"NS"
"Td00001aa029782_T002",0.190516851472795,0.00939548003382592,2.02708102602478,"NS"
"Td00001aa029804_T001",0.37017000269128,0.000221612135666114,3.65440646096293,"NS"
"Td00001aa029820_T002",0.241624708417641,0.00158209751456232,2.8007667517289,"NS"
"Td00001aa029835_T001",-0.101193320206912,0.213247045022037,0.6711169781652,"NS"
"Td00001aa029858_T003",-0.452601052236525,0.0364202772872073,1.43865675201047,"NS"
"Td00001aa029865_T001",-0.214479614298616,0.925832786511216,0.0334674436128577,"NS"
"Td00001aa029894_T001",-0.0126079860441694,0.98021426892313,0.00867897977740476,"NS"
"Td00001aa029896_T001",0.375681647801242,0.000464409786113527,3.33309863731778,"NS"
"Td00001aa029905_T002",-0.16051672788708,0.47468369366461,0.323595686910489,"NS"
"Td00001aa029906_T001",1.21566243671102,6.84004935171898e-09,8.16494076478545,"Up"
"Td00001aa029914_T002",-0.287743662687831,0.00284318360151154,2.5461950943902,"NS"
"Td00001aa029928_T001",-0.18856918084196,0.865533004059105,0.0627163671791502,"NS"
"Td00001aa029929_T001",-0.164886138263403,0.07700491941974,1.11348152926126,"NS"
"Td00001aa029973_T001",0.0575613442379189,0.999829273190704,7.41520412410687e-05,"NS"
"Td00001aa030087_T001",-0.311476450367883,0.910166942647402,0.040878942161348,"NS"
"Td00001aa030153_T002",0.0229317991167597,1,0,"NS"
"Td00001aa030156_T001",-0.309601712125614,0.122870855760694,0.910551116977626,"NS"
"Td00001aa030159_T001",-0.416187140968934,0.0209748552629232,1.67830102733982,"NS"
"Td00001aa030160_T001",0.125793969405319,0.470482150189214,0.327456848796512,"NS"
"Td00001aa030163_T001",-0.600705461260939,0.00931507598394424,2.03081359817267,"NS"
"Td00001aa030174_T001",-0.534787302852545,1.29555263763723e-05,4.88754493715829,"NS"
"Td00001aa030179_T001",-0.253150515701935,0.0519239960358794,1.28463189190972,"NS"
"Td00001aa030186_T002",0.179185401281743,0.656134511173389,0.183007118746294,"NS"
"Td00001aa030191_T002",-0.195737927079988,0.629252712383019,0.201174903756653,"NS"
"Td00001aa030198_T001",-0.00327251901329432,0.999410949196235,0.000255896889171362,"NS"
"Td00001aa030210_T004",0.136404380167198,0.254902139273094,0.59362651968726,"NS"
"Td00001aa030219_T001",1.11106053651239,4.86318665366858e-13,12.3130790614821,"Up"
"Td00001aa030221_T001",-0.0754750419894113,0.95103855523258,0.0218018763482381,"NS"
"Td00001aa030226_T001",-0.609436633203339,0.0891173557037822,1.05003770839447,"NS"
"Td00001aa030242_T002",-0.646837741796845,1.62605062351974e-06,5.78886593772532,"NS"
"Td00001aa030254_T002",0.0937414370716697,0.999988561672611,4.96763087796086e-06,"NS"
"Td00001aa030271_T003",-0.151214160605548,0.793065296690256,0.100691053760819,"NS"
"Td00001aa030277_T003",-0.0626170961420777,0.914748478171689,0.0386983043580946,"NS"
"Td00001aa030284_T001",-0.613517831449084,0.0561178854096096,1.25089870208131,"NS"
"Td00001aa030285_T002",-0.298926149959849,0.000524033354281686,3.28064106965849,"NS"
"Td00001aa030292_T001",-0.999484330154334,4.73033764389924e-09,8.3251078589136,"NS"
"Td00001aa030296_T001",-1.10781451736206,6.70007257776116e-08,7.17392049282896,"Down"
"Td00001aa030298_T002",-0.798756835625912,3.47451355819063e-09,8.45910598928432,"NS"
"Td00001aa030336_T001",-0.500144952456294,0.00230661240478377,2.63702537669939,"NS"
"Td00001aa030346_T004",-0.331490631378153,8.03452048810706e-06,5.09504003745487,"NS"
"Td00001aa030351_T004",-0.363510771613027,0.126661990182675,0.897353692381942,"NS"
"Td00001aa030366_T001",-0.0449459027571699,0.797032147337682,0.0985241615025061,"NS"
"Td00001aa030369_T002",0.0712685254125164,0.962133344229565,0.0167647339393973,"NS"
"Td00001aa030377_T001",-0.113704813147253,0.200323477169758,0.698268150018524,"NS"
"Td00001aa030379_T001",0.0904487961946364,0.195994082516136,0.70775704073222,"NS"
"Td00001aa030401_T003",-0.103670549374426,0.991628632964177,0.00365094160690825,"NS"
"Td00001aa030419_T001",0.417348706431426,0.00221677106509664,2.65427915591532,"NS"
"Td00001aa030429_T001",-0.477196988671053,7.00728319934687e-09,8.15445033014047,"NS"
"Td00001aa030432_T001",-0.618526927925211,2.01190189985697e-07,6.696393199257,"NS"
"Td00001aa030445_T001",-0.930687041192803,1.9755848595964e-05,4.7043043108254,"NS"
"Td00001aa030491_T001",-0.227791651506135,0.00103107472921434,2.9867098572099,"NS"
"Td00001aa030493_T001",0.840436472994762,2.9799825871521e-12,11.525786273617,"NS"
"Td00001aa030514_T001",-0.067782000790923,0.989375620209438,0.00463879554750208,"NS"
"Td00001aa030528_T002",-0.799703928599016,0.00204794295548562,2.6886821446019,"NS"
"Td00001aa030559_T002",0.939507931435327,0.0682619845454625,1.16582108985441,"NS"
"Td00001aa030570_T001",-0.145943625162914,0.00302497110631983,2.51927876925144,"NS"
"Td00001aa030572_T001",0.352685158109161,0.0110381005305129,1.95710565487592,"NS"
"Td00001aa030578_T001",0.211319662927859,0.442041021990743,0.354537425679112,"NS"
"Td00001aa030590_T001",-0.309454043899163,0.058120263051525,1.23567242875861,"NS"
"Td00001aa030594_T002",-0.0710727875290821,0.34968408466872,0.456324133483845,"NS"
"Td00001aa030602_T001",-0.170002643434415,0.293299990665069,0.532687950841844,"NS"
"Td00001aa030611_T001",0.487766520969532,0.0111213897432725,1.95384093936167,"NS"
"Td00001aa030626_T001",0.130361197214743,0.933320845759868,0.0299690340780103,"NS"
"Td00001aa030629_T002",-0.0229923066736463,0.999999999999152,3.68228443103529e-13,"NS"
"Td00001aa030631_T001",-0.128804192529736,0.147499520014926,0.831209392941466,"NS"
"Td00001aa030651_T001",-0.68642592824609,0.00379652820878486,2.4206133688997,"NS"
"Td00001aa030671_T003",-0.333233044706848,0.00612638596563278,2.21279564588004,"NS"
"Td00001aa030676_T001",-0.188078292064924,0.000169156349876564,3.77171169480422,"NS"
"Td00001aa030679_T001",-0.131029943673537,0.993083030167908,0.0030144392827961,"NS"
"Td00001aa030681_T001",-0.25480796704335,0.00240958566892916,2.61805762844897,"NS"
"Td00001aa030742_T001",-0.0882529736235111,0.958025966246449,0.0186227196847941,"NS"
"Td00001aa030754_T001",-0.0605894964891749,0.976426943043651,0.0103602453816997,"NS"
"Td00001aa030762_T001",-1.3236659373853,0.0110596548089188,1.95625842790666,"Down"
"Td00001aa030785_T002",-0.281549124910033,0.292334731141084,0.534119584755874,"NS"
"Td00001aa030795_T001",0.59117325965189,1.22120916574101e-12,11.9132099447797,"NS"
"Td00001aa030804_T001",0.100788851831997,0.369863702467051,0.431958287207862,"NS"
"Td00001aa030834_T002",-0.194855281523292,0.545589360290807,0.263134107581869,"NS"
"Td00001aa030845_T003",-0.0655052144365542,0.241162029790177,0.617691069461836,"NS"
"Td00001aa030846_T003",-0.215955484726432,0.107940769501939,0.966814490205817,"NS"
"Td00001aa030908_T002",0.642025215376666,3.30165249191835e-07,6.48126863936651,"NS"
"Td00001aa030910_T001",-0.187069329492333,0.994103490383114,0.00256840135446032,"NS"
"Td00001aa030913_T001",-0.260466305032363,0.0099823996008443,2.00076504907939,"NS"
"Td00001aa030922_T004",-0.0792714767487717,0.83601551549757,0.0777856624743201,"NS"
"Td00001aa030923_T003",1.54400511174947,3.30797043400803e-13,12.4804383807412,"Up"
"Td00001aa030924_T005",-0.360644024169239,0.90687401213079,0.0424530433003453,"NS"
"Td00001aa030930_T001",0.309445783593062,0.216137075657347,0.665270728848869,"NS"
"Td00001aa030946_T001",-0.219856728833129,3.15939324278014e-05,4.50039631504435,"NS"
"Td00001aa030949_T001",0.146771405438357,0.89628542385561,0.047553666380214,"NS"
"Td00001aa030975_T002",0.800903022425151,1.71299583956607e-13,12.7662436918247,"NS"
"Td00001aa030980_T001",0.625064541343582,1.60506895055241e-08,7.7945063064359,"NS"
"Td00001aa030988_T002",-0.105996022467913,0.997499007296107,0.00108752784776808,"NS"
"Td00001aa030991_T001",0.168356188575005,0.0306731323047593,1.5132418721032,"NS"
"Td00001aa030998_T003",0.021663052858773,0.330492899047778,0.48083786730541,"NS"
"Td00001aa031004_T001",-0.515075659906665,6.65543424759234e-07,6.17682360282184,"NS"
"Td00001aa031048_T002",0.0522252606216195,0.866959900037991,0.062000989715227,"NS"
"Td00001aa031054_T001",-0.806899595368628,0.0019196183074346,2.71678511684552,"NS"
"Td00001aa031067_T001",-0.949688711059353,0.00341414289469205,2.46671830598709,"NS"
"Td00001aa031086_T001",0.236198072499669,0.31642539665208,0.499728666820315,"NS"
"Td00001aa031122_T002",-0.0364322409437371,0.999997255878843,1.19175831150525e-06,"NS"
"Td00001aa031138_T001",0.196972139446949,0.347643056363521,0.458866440557448,"NS"
"Td00001aa031140_T001",0.00323910480754486,0.998312969532564,0.00073328673540473,"NS"
"Td00001aa031147_T001",0.544894139759365,0.365301184531425,0.437348919535613,"NS"
"Td00001aa031155_T002",-0.33407600265122,0.305570450661918,0.514888645302329,"NS"
"Td00001aa031155_T003",-0.72831213862129,2.58550764687329e-07,6.5874541734247,"NS"
"Td00001aa031170_T001",-0.379691408314761,0.0371914162645448,1.42955728321227,"NS"
"Td00001aa031190_T001",-0.27797087150508,0.00837749654786344,2.0768857424535,"NS"
"Td00001aa031197_T001",-0.194400597022353,0.0106280119882742,1.97354796438235,"NS"
"Td00001aa031224_T001",-0.323143229790505,0.00359591510943952,2.44419056942411,"NS"
"Td00001aa031228_T002",-0.851556486344592,0.0098712395385657,2.00562830923929,"NS"
"Td00001aa031253_T002",-0.27357799092638,0.993336887355682,0.00290343679488384,"NS"
"Td00001aa031261_T002",-0.00713865931423325,0.988212344021458,0.00514972552561326,"NS"
"Td00001aa031273_T001",-0.12631609386817,0.696323816639304,0.157188750224198,"NS"
"Td00001aa031281_T001",-0.319856107154591,0.225489529128506,0.646873620292858,"NS"
"Td00001aa031283_T002",-0.237201841568365,0.352134751794717,0.45329111276587,"NS"
"Td00001aa031290_T001",-0.269924518054197,0.0051004427866209,2.29239211969838,"NS"
"Td00001aa031294_T005",-0.573647917973726,4.28436254933667e-05,4.36811378561932,"NS"
"Td00001aa031312_T001",0.0711027412724097,0.825180504559336,0.0834510410749381,"NS"
"Td00001aa031319_T001",-0.859294316424237,2.05326196209979e-06,5.68755563833686,"NS"
"Td00001aa031334_T002",-0.339152733013348,0.269675461063106,0.569158570083035,"NS"
"Td00001aa031335_T001",-0.476161653862871,1.66343833079119e-07,6.77899329524213,"NS"
"Td00001aa031362_T001",0.152149816543261,0.781925402287567,0.106834677784423,"NS"
"Td00001aa031364_T002",0.127526054126646,0.559820000492475,0.251951589706311,"NS"
"Td00001aa031369_T002",-0.16444692437291,0.103713965032055,0.984162762144975,"NS"
"Td00001aa031377_T001",-0.28527976450837,0.0667041490673456,1.17584715167548,"NS"
"Td00001aa031383_T001",-0.378285987518522,2.84097680230448e-07,6.54653231244823,"NS"
"Td00001aa031385_T001",0.131378100745847,0.808495606371134,0.0923223358490542,"NS"
"Td00001aa031388_T001",1.17420563084399,0.903927221816543,0.0438665346085339,"NS"
"Td00001aa031390_T002",0.325957916407717,0.218881001997299,0.659791931834513,"NS"
"Td00001aa031407_T002",-0.322141355603852,0.00105776546342183,2.97561061702037,"NS"
"Td00001aa031424_T001",0.343059096191893,1.86892074166249e-06,5.7284091160575,"NS"
"Td00001aa031427_T002",0.133773717489365,0.236811510174247,0.625597192643053,"NS"
"Td00001aa031452_T003",-0.0826571070619371,0.845013059678147,0.0731365789765491,"NS"
"Td00001aa031467_T001",0.0624820980455265,0.997880154382588,0.000921614439785773,"NS"
"Td00001aa031470_T001",0.313038438943658,0.182627004051164,0.738435005315898,"NS"
"Td00001aa031499_T002",-0.502541932150447,6.1405727140044e-05,4.21179112154084,"NS"
"Td00001aa031502_T001",0.307122144602595,0.003088675055098,2.51022777936478,"NS"
"Td00001aa031503_T002",-0.241072099492371,0.00261606177679759,2.58235200461172,"NS"
"Td00001aa031505_T002",-0.185107008542345,0.0883374959831547,1.05385491542528,"NS"
"Td00001aa031508_T002",0.242185611385027,0.318507018510717,0.496880993259896,"NS"
"Td00001aa031518_T002",0.0494270657107437,0.20938437275006,0.679055734699558,"NS"
"Td00001aa031529_T003",0.00501399321211844,0.966566585558066,0.0147682226034921,"NS"
"Td00001aa031546_T001",-0.181479076579163,0.0346401238970925,1.46042056331383,"NS"
"Td00001aa031551_T001",-1.21158021240703,0.0025596547969688,2.5918186010477,"Down"
"Td00001aa031553_T001",-0.269209076862529,0.17667454260486,0.752826024362709,"NS"
"Td00001aa031559_T001",0.145875481540065,0.856539223455618,0.0672527446187281,"NS"
"Td00001aa031570_T001",-0.34510361737749,0.0080894428635108,2.09208138810774,"NS"
"Td00001aa031595_T001",-0.566423753476607,0.00203115445019387,2.69225705132854,"NS"
"Td00001aa031601_T002",-0.284071092992538,0.000299390273187403,3.52376231344406,"NS"
"Td00001aa031609_T001",0.0146806807582183,0.640868146758716,0.193231313734555,"NS"
"Td00001aa031663_T001",0.165231973619069,0.61305331111538,0.21250175759166,"NS"
"Td00001aa031666_T002",-0.293450217366874,0.00397853924644975,2.40027635346755,"NS"
"Td00001aa031698_T001",-0.227954259020949,0.0374746303314504,1.42626264255715,"NS"
"Td00001aa031715_T002",0.497158464126844,9.75795127588205e-06,5.0106413547694,"NS"
"Td00001aa031717_T001",-0.461098573108188,1.22012221364999e-08,7.91359666600107,"NS"
"Td00001aa031718_T001",-0.210508386832069,0.0697910312408372,1.15620038443815,"NS"
"Td00001aa031722_T001",-0.0205727414079579,0.29617733735768,0.528448175514494,"NS"
"Td00001aa031756_T001",-0.0224674800884112,0.244409829661023,0.611881331646769,"NS"
"Td00001aa031767_T001",-0.855498207105019,1.1335349914413e-07,6.94556506896021,"NS"
"Td00001aa031783_T003",0.0358357087061772,0.213252532231852,0.671105803171971,"NS"
"Td00001aa031791_T002",0.510185493717277,0.00191856412372414,2.71702368089925,"NS"
"Td00001aa031804_T001",-0.0712886727193426,0.0799484200302945,1.09719011451818,"NS"
"Td00001aa031805_T001",-0.52706054193846,0.105178453558122,0.978073218920085,"NS"
"Td00001aa031828_T001",0.589982778641751,2.95159753040512e-09,8.52994286170013,"NS"
"Td00001aa031852_T001",-0.562860452260344,0.00148636812789976,2.82787361580042,"NS"
"Td00001aa031883_T001",-0.0593983535815793,0.772355145370564,0.112182955871017,"NS"
"Td00001aa031940_T001",0.0835378897554254,0.709836592020926,0.148841616564709,"NS"
"Td00001aa031956_T002",-0.286230717688938,0.887700457421053,0.0517335563330786,"NS"
"Td00001aa031961_T002",-0.195245975584339,0.319896446730059,0.494990583842428,"NS"
"Td00001aa031962_T001",-0.0202977566127676,0.999917263660194,3.59334223511536e-05,"NS"
"Td00001aa031968_T001",0.0359104772026009,0.992720268315262,0.00317311106335171,"NS"
"Td00001aa031973_T001",1.05760444998731,0.00116279444394579,2.93449705203874,"Up"
"Td00001aa031974_T003",0.00990999647280441,0.734901859840693,0.133770653535405,"NS"
"Td00001aa031975_T001",-0.0392405114331153,0.0862415471129645,1.06428346114856,"NS"
"Td00001aa031977_T001",-0.201758187237423,0.0143464061626589,1.84325687796841,"NS"
"Td00001aa031979_T003",0.0476932724515735,0.999813814070418,8.08670502126604e-05,"NS"
"Td00001aa031980_T001",-0.190146876405059,0.311541224714613,0.506484477154185,"NS"
"Td00001aa031984_T001",-0.328212615717331,0.00259890543359288,2.58520952289067,"NS"
"Td00001aa031987_T001",-0.902873145847429,5.1243091023908e-17,16.2903646811495,"NS"
"Td00001aa032048_T001",-0.339338116605818,0.0190876841864968,1.71924675919324,"NS"
"Td00001aa032052_T001",-0.165433474805341,0.357017741187521,0.447310202071558,"NS"
"Td00001aa032081_T001",-0.303808169953639,0.0187349607473938,1.72734721248255,"NS"
"Td00001aa032084_T001",-0.224341126922627,0.0383182279169906,1.41659458371844,"NS"
"Td00001aa032123_T002",0.564655905512269,0.0314030656621455,1.50302795271776,"NS"
"Td00001aa032124_T001",0.60646988989227,5.9113356781205e-06,5.2283143783239,"NS"
"Td00001aa032128_T001",0.189204831501271,0.998577104742087,0.000618395619344478,"NS"
"Td00001aa032132_T001",-0.637430519511854,0.000518722079049696,3.28506526616609,"NS"
"Td00001aa032137_T001",-1.30698154678711,2.03886685555098e-05,4.69061113409803,"Down"
"Td00001aa032141_T001",-0.778349046972818,3.55385381697553e-07,6.44930044028608,"NS"
"Td00001aa032142_T002",0.0679001537036514,0.731344485851426,0.13587800872782,"NS"
"Td00001aa032145_T001",-0.195683264439248,0.000831842979921214,3.07995864412931,"NS"
"Td00001aa032146_T001",-0.270808805947443,0.210247271450636,0.677269631685207,"NS"
"Td00001aa032176_T001",0.136374762658342,0.8100192567208,0.0915046564445929,"NS"
"Td00001aa032177_T001",-0.606419756542795,2.34803646395218e-05,4.62929516297372,"NS"
"Td00001aa032186_T002",-0.65901523749569,0.000926815840947869,3.03300655194566,"NS"
"Td00001aa032222_T001",-0.719077209867587,0.00482880753205072,2.31616010448454,"NS"
"Td00001aa032227_T001",-1.26193850121305,1.00974526113136e-05,4.99578817635489,"Down"
"Td00001aa032228_T002",-0.596878319546446,5.2772643249e-08,7.27759115255955,"NS"
"Td00001aa032238_T001",0.0948609163298562,0.382244074384891,0.417659238373171,"NS"
"Td00001aa032242_T003",0.444155300060807,0.220818573039583,0.655964400918514,"NS"
"Td00001aa032246_T001",-0.0815615270423311,0.0444839516366235,1.35179664009166,"NS"
"Td00001aa032249_T001",-0.518887610817348,0.000953608344905697,3.02062995713127,"NS"
"Td00001aa032273_T003",0.244578448008363,0.00718343747358756,2.1436676840916,"NS"
"Td00001aa032287_T001",-0.285711159106789,0.081810971033114,1.08718845256765,"NS"
"Td00001aa032303_T002",-0.0285590335680709,0.50089431933526,0.30025389363558,"NS"
"Td00001aa032304_T001",-0.0914321216769055,0.596747150511722,0.224209646087425,"NS"
"Td00001aa032324_T001",-0.319329245933044,0.092262580808519,1.03497440128615,"NS"
"Td00001aa032326_T001",-0.627095355955184,0.00064419811806682,3.19098054824403,"NS"
"Td00001aa032331_T001",-0.101759184750292,0.128173007194716,0.892203426148664,"NS"
"Td00001aa032335_T002",-0.404939031582147,0.0213521005843726,1.67055939336372,"NS"
"Td00001aa032339_T001",0.0176734199973285,0.894139603085208,0.0485946689934684,"NS"
"Td00001aa032340_T002",-0.249092915577537,0.0345658492473458,1.46135276848196,"NS"
"Td00001aa032354_T001",-0.035349553025942,0.0986366067581052,1.00596187651349,"NS"
"Td00001aa032372_T002",0.292517998638377,0.513614237567722,0.289362945976206,"NS"
"Td00001aa032374_T001",-0.650416559265776,0.000527402960313803,3.27785743684,"NS"
"Td00001aa032375_T001",-0.028855757442525,0.563650657485029,0.248989982068074,"NS"
"Td00001aa032377_T001",-0.40183950555491,0.000161288600916138,3.79239632532125,"NS"
"Td00001aa032452_T001",0.0269339443837972,0.993670560717319,0.00275757674667947,"NS"
"Td00001aa032468_T001",-0.0909376353762284,0.860771371366364,0.0651121857580427,"NS"
"Td00001aa032476_T001",0.00168613630647036,0.302883376319237,0.518724562160518,"NS"
"Td00001aa032481_T001",0.281183274698335,0.64050828964459,0.193475245117413,"NS"
"Td00001aa032506_T001",-0.303503928733206,0.0789637415513308,1.10257228160743,"NS"
"Td00001aa032508_T001",-0.474090612013686,2.31345214658847e-06,5.63573947938756,"NS"
"Td00001aa032516_T001",0.276773568073508,0.97081150474769,0.0128650856375565,"NS"
"Td00001aa032522_T003",-0.329062681070159,2.15711985898439e-09,8.66612572293208,"NS"
"Td00001aa032526_T001",0.233465752481236,0.000572954036330055,3.24188021672178,"NS"
"Td00001aa032537_T002",0.28148510104471,0.000106293390663738,3.97349373912211,"NS"
"Td00001aa032563_T001",-0.100735854200922,0.202623400741186,0.693310399914035,"NS"
"Td00001aa032573_T004",0.121135599706156,0.11818977528553,0.927420093075284,"NS"
"Td00001aa032581_T001",-0.21727859295054,0.00128825656683019,2.88999763506456,"NS"
"Td00001aa032582_T001",-0.190013987623133,0.27663925747899,0.558086189748328,"NS"
"Td00001aa032600_T001",0.326923640919365,0.370903366149668,0.430739225195002,"NS"
"Td00001aa032609_T002",-0.218450083378811,0.594797349617602,0.225630975336726,"NS"
"Td00001aa032610_T001",-0.164211650362885,0.792296254107791,0.101112397366562,"NS"
"Td00001aa032621_T001",0.0211228494013554,0.999986948411456,5.66826987474055e-06,"NS"
"Td00001aa032622_T001",0.132690076638835,0.745061782208458,0.127807713077599,"NS"
"Td00001aa032626_T002",-0.811818278395689,3.13189877736984e-05,4.50419228273801,"NS"
"Td00001aa032628_T001",-0.232232905381268,0.0189162492768416,1.72316497152046,"NS"
"Td00001aa032658_T002",-0.547236431808707,0.00328599290513986,2.48333337859479,"NS"
"Td00001aa032666_T001",0.0526973120376843,0.967050685961728,0.0145507626733531,"NS"
"Td00001aa032668_T001",-0.562295877799261,2.69985715370701e-05,4.56865921324766,"NS"
"Td00001aa032674_T003",0.0888081075990849,0.987161536025383,0.00561177492485952,"NS"
"Td00001aa032705_T002",-0.171104568664732,0.612452744410564,0.212927414936427,"NS"
"Td00001aa032796_T001",-0.969963345025966,8.67835523154967e-05,4.06156257684517,"NS"
"Td00001aa032805_T003",-0.308815371831887,0.00114531329350327,2.94107569845198,"NS"
"Td00001aa032807_T003",0.530783698876992,0.000164529596887249,3.78375596635458,"NS"
"Td00001aa032812_T001",0.202783075964669,0.0693724540260438,1.15881294221492,"NS"
"Td00001aa032817_T001",-0.248980804071394,0.0271465355336453,1.56628558760831,"NS"
"Td00001aa032818_T002",-0.504871909855888,0.000800365193962471,3.09671180609119,"NS"
"Td00001aa032827_T001",0.17345738891809,0.0311222100325854,1.50692957071585,"NS"
"Td00001aa032831_T002",-1.26832657607842,0.00170584981906849,2.76805920624049,"Down"
"Td00001aa032866_T001",2.83079195291855,6.91028911625296e-10,9.16050378200835,"Up"
"Td00001aa032871_T001",-0.311596714026274,0.293727239189959,0.532055776727639,"NS"
"Td00001aa032914_T001",-0.549990459814447,1.01090248238728e-10,9.99529073699432,"NS"
"Td00001aa032937_T001",-0.408830678172322,1.46717949677039e-05,4.83351675071829,"NS"
"Td00001aa032944_T001",-0.460851844986846,1.02620804128593e-06,5.98876458656972,"NS"
"Td00001aa032964_T001",0.27211486835058,0.0713160669172587,1.14681261618698,"NS"
"Td00001aa032974_T001",0.389494710561222,0.0131197917715767,1.88207305773268,"NS"
"Td00001aa032979_T001",0.055018775002059,0.539531008479621,0.267983590045769,"NS"
"Td00001aa032984_T001",-0.923385609147107,0.000415757271223405,3.38116014661936,"NS"
"Td00001aa032992_T003",-0.26260843689198,0.375407281872863,0.425497307509744,"NS"
"Td00001aa032999_T001",-0.737327053602395,0.0123792218559884,1.90730665372232,"NS"
"Td00001aa033015_T001",-1.90909988904597,4.48930691493942e-08,7.34782070270523,"Down"
"Td00001aa033030_T001",0.0644346852838621,0.911185021148036,0.0403934281807363,"NS"
"Td00001aa033036_T003",-0.229775486151356,0.18052400336838,0.743465043966882,"NS"
"Td00001aa033040_T001",-0.360971828601381,0.0220134165279629,1.65731254881,"NS"
"Td00001aa033052_T002",-1.43022397221228,1.39308037965495e-15,14.8560238243991,"Down"
"Td00001aa033081_T001",-0.094303262148494,0.50295635355609,0.298469701290383,"NS"
"Td00001aa033082_T001",0.19093842738945,0.273258255415157,0.563426708693574,"NS"
"Td00001aa033085_T001",-0.0162369861012926,0.426609247464577,0.369969734729748,"NS"
"Td00001aa033097_T001",-0.255863345521985,0.284227879916118,0.546333324368208,"NS"
"Td00001aa033115_T002",-0.185376609146937,0.347808813996091,0.45865941652145,"NS"
"Td00001aa033150_T001",0.0121966235726906,0.999041090773662,0.00041664878176657,"NS"
"Td00001aa033159_T002",1.2219150223239,1.55466984415067e-07,6.80836182534283,"Up"
"Td00001aa033168_T002",0.691362047837441,8.71456130180162e-12,11.0597544707459,"NS"
"Td00001aa033192_T001",3.10600439833267,9.84543325746028e-08,7.00676516757217,"Up"
"Td00001aa033220_T001",0.201564767359293,0.484810416166005,0.314428057911856,"NS"
"Td00001aa033248_T001",-0.323819205764302,0.14805965724598,0.829563260332391,"NS"
"Td00001aa033265_T005",0.219717503344957,0.162704884415795,0.788599409306617,"NS"
"Td00001aa033290_T002",-0.368541969315492,0.0154955085918501,1.80979416482585,"NS"
"Td00001aa033307_T001",3.62361199877895,5.09031384623909e-07,6.29325544016072,"Up"
"Td00001aa033308_T001",2.47147107764907,1.04457585509738e-12,11.9810600169053,"Up"
"Td00001aa033326_T004",-0.430091186831741,0.000824572868221471,3.08377095934251,"NS"
"Td00001aa033328_T003",-0.353120631542732,0.00099390232986702,3.00265629134102,"NS"
"Td00001aa033337_T001",0.59705815000699,0.000532554997833753,3.27363553526512,"NS"
"Td00001aa033340_T001",-0.449581145412727,9.09398196352181e-11,10.0412459114846,"NS"
"Td00001aa033379_T001",0.011807336466958,0.936082479169859,0.0286858834518345,"NS"
"Td00001aa033405_T001",1.180931273158,0.00397482894998015,2.40068155573157,"Up"
"Td00001aa033427_T001",-0.745121563126643,0.000228873742086362,3.64040402961085,"NS"
"Td00001aa033446_T004",-0.395793302674422,6.70101452402506e-06,5.17385944075725,"NS"
"Td00001aa033459_T002",-0.358311071322311,0.000333189602058437,3.47730856020374,"NS"
"Td00001aa033486_T001",-0.0621902166984071,0.904860465978714,0.0434183860186263,"NS"
"Td00001aa033495_T001",-0.27827064576091,0.0293571927848338,1.5322854751982,"NS"
"Td00001aa033537_T002",0.336512400071325,0.66851337997417,0.174889896119575,"NS"
"Td00001aa033544_T001",-0.519873954240508,0.0056075405320558,2.25122757859483,"NS"
"Td00001aa033551_T002",-0.106528929949641,0.787030327556439,0.1040085321433,"NS"
"Td00001aa033573_T001",-0.0238472736501235,0.711852198910847,0.147610169088907,"NS"
"Td00001aa033616_T002",1.01024012956413,1.9882547684638e-06,5.70152796729843,"Up"
"Td00001aa033621_T001",0.863342506129636,0.212617469324003,0.672401055337982,"NS"
"Td00001aa033634_T001",-1.47350316131351,1.53111385118635e-08,7.81499251465535,"Down"
"Td00001aa033636_T001",0.496784978673581,0.0166367804378906,1.77893071490489,"NS"
"Td00001aa033656_T002",0.323258339944395,0.208611162735307,0.680662456289934,"NS"
"Td00001aa033660_T001",0.868837782093898,8.41755585148149e-06,5.07481399333491,"NS"
"Td00001aa033666_T001",-0.220604334620115,0.0014204837458431,2.84756373141027,"NS"
"Td00001aa033701_T001",-0.610293839718212,0.000392544455323951,3.40611115265476,"NS"
"Td00001aa033703_T002",-0.507038328728251,2.39562086283684e-07,6.62058191341407,"NS"
"Td00001aa033730_T001",0.172057383212661,0.987944204312702,0.00526758217690386,"NS"
"Td00001aa033737_T002",-0.102555276377853,0.7006971018207,0.154469678804242,"NS"
"Td00001aa033745_T001",-0.492393504860985,1.02557302219796e-05,4.98903341183526,"NS"
"Td00001aa033758_T001",-0.66334794449318,0.000387442690725284,3.41179252784783,"NS"
"Td00001aa033760_T001",2.26760181332722,5.10057795231861e-09,8.29238061070959,"Up"
"Td00001aa033769_T002",0.600506439056769,6.55229263104673e-06,5.18360671484793,"NS"
"Td00001aa033778_T001",0.045782584679558,0.239818855748206,0.620116673507972,"NS"
"Td00001aa033786_T005",-0.563899397892164,0.00222673356103478,2.65233174519986,"NS"
"Td00001aa033787_T001",-0.0873819233672584,0.85367616164174,0.0687068458033442,"NS"
"Td00001aa033790_T003",-0.498055056873762,9.51892673745177e-05,4.02141201572041,"NS"
"Td00001aa033798_T002",-0.501258891520441,0.537577009778296,0.269559312759145,"NS"
"Td00001aa033806_T004",-0.173075671005783,0.108333534156386,0.965237088667594,"NS"
"Td00001aa033828_T004",-0.499274240334523,0.0477859394754534,1.32069987130649,"NS"
"Td00001aa033840_T001",0.0558715742598675,0.328154392748285,0.483921777804828,"NS"
"Td00001aa033841_T002",-0.339008970614127,0.000488643660880965,3.31100773091041,"NS"
"Td00001aa033844_T002",0.728692003209842,0.88816030148767,0.0515086425901179,"NS"
"Td00001aa033846_T002",-0.25019084041801,0.425736785875016,0.370858822897069,"NS"
"Td00001aa033857_T001",-0.53903689199321,0.0473362156429163,1.32480646527247,"NS"
"Td00001aa033861_T001",-0.351732576638592,0.732744191453151,0.135047615577815,"NS"
"Td00001aa033877_T001",-0.600903729177885,0.00760748976782766,2.11875862310111,"NS"
"Td00001aa033878_T002",-0.207537717496796,0.0180784860957912,1.74283794044097,"NS"
"Td00001aa033917_T002",-0.246407773490302,0.496260508961054,0.30429028338153,"NS"
"Td00001aa033955_T003",1.24461471177476,4.16266608981998e-10,9.3806284248482,"Up"
"Td00001aa033973_T001",-0.152745854359246,0.61383644064594,0.211947333073173,"NS"
"Td00001aa034004_T001",0.000574115261080621,0.769454971401756,0.113816790054639,"NS"
"Td00001aa034013_T001",0.42893675238716,2.35252374804605e-05,4.62846598380153,"NS"
"Td00001aa034025_T003",-0.464650207728252,3.87747225681672e-06,5.41145130086562,"NS"
"Td00001aa034031_T003",-0.727866363386561,5.96983570205274e-07,6.22403762107729,"NS"
"Td00001aa034067_T003",-0.482007415942527,0.307025503939202,0.512825547128642,"NS"
"Td00001aa034069_T001",-0.350535595349036,0.000609642846145675,3.21492451806161,"NS"
"Td00001aa034081_T002",0.239924554660664,0.222961206216924,0.651770694761485,"NS"
"Td00001aa034130_T002",-0.511874909455043,3.34308477334317e-05,4.47585261050634,"NS"
"Td00001aa034131_T002",0.37632943017929,3.46216276275202e-06,5.46065251898417,"NS"
"Td00001aa034147_T001",-0.22972724038261,0.485520605626112,0.313792333789309,"NS"
"Td00001aa034166_T003",1.01253704157441,0.0166016714321075,1.77984818562266,"Up"
"Td00001aa034170_T003",0.235945810170029,0.0122735934398248,1.91102826672628,"NS"
"Td00001aa034176_T001",-0.268223866521,0.379333363137985,0.4209789585376,"NS"
"Td00001aa034177_T002",0.187699628164117,0.438672008722014,0.357860076662775,"NS"
"Td00001aa034202_T001",-0.23505067735149,0.338898284013339,0.469930630175382,"NS"
"Td00001aa034214_T001",-0.355676017596897,9.04279841929206e-05,4.04369715027844,"NS"
"Td00001aa034231_T002",-0.898992720673256,0.271748860709837,0.565832267990401,"NS"
"Td00001aa034235_T001",0.0450452845074589,0.945157589934665,0.0244957737838205,"NS"
"Td00001aa034236_T003",-0.650605098181947,0.000802285714353228,3.09567094085596,"NS"
"Td00001aa034241_T001",-0.00860902586458196,0.971992087121824,0.0123372706018283,"NS"
"Td00001aa034252_T001",0.0748138174262847,0.998925877704829,0.000466736096404133,"NS"
"Td00001aa034276_T002",-0.949535808734807,2.61825098599362e-12,11.5819887242454,"NS"
"Td00001aa034278_T001",-0.244155001131314,0.799940819937595,0.0969421411645889,"NS"
"Td00001aa034279_T001",0.466462629995649,7.9379960368297e-05,4.1002891222572,"NS"
"Td00001aa034292_T002",-0.234321819123991,0.690098234377526,0.161089083738877,"NS"
"Td00001aa034293_T002",0.0884458967796174,0.888760036772752,0.0512154817441354,"NS"
"Td00001aa034304_T003",-0.166390628587419,0.854297669366226,0.0683907784465523,"NS"
"Td00001aa034312_T002",-0.667074775966188,0.000565143957230731,3.24784091170706,"NS"
"Td00001aa034348_T001",-0.23870363084188,0.0485165911435687,1.31410972098654,"NS"
"Td00001aa034368_T001",-0.38008787127475,0.897355200069855,0.0470356161581008,"NS"
"Td00001aa034416_T001",-0.823613822897417,2.12726541376294e-08,7.67217832084408,"NS"
"Td00001aa034417_T002",-0.523509645575058,0.000408419729435147,3.3888932867177,"NS"
"Td00001aa034418_T002",-1.65842984483663,4.62317686602501e-11,10.3350594917081,"Down"
"Td00001aa034419_T001",0.54289646479521,8.93097806524537e-06,5.0491009772728,"NS"
"Td00001aa034420_T001",-0.839631745334249,9.38781377578472e-05,4.02743553400221,"NS"
"Td00001aa034421_T001",-1.21292905616183,1.17390733498485e-05,4.9303661837469,"Down"
"Td00001aa034422_T001",0.0710477678284213,0.999999735773856,1.1475197141037e-07,"NS"
"Td00001aa034430_T001",-0.391299837863575,0.00917337689772316,2.03747076268571,"NS"
"Td00001aa034470_T001",-0.167571194102295,0.543986382144627,0.264411972054521,"NS"
"Td00001aa034489_T002",-0.0676180951187507,0.496698779110603,0.303906907502622,"NS"
"Td00001aa034494_T001",0.194928201254863,0.809437600302515,0.0918166254638245,"NS"
"Td00001aa034498_T002",0.964562384478522,0.00687700253407708,2.16260081562664,"NS"
"Td00001aa034501_T001",1.08518546222718,0.00409502298092083,2.38774365667301,"Up"
"Td00001aa034552_T002",0.326497521428137,5.23799814184632e-06,5.28083465997456,"NS"
"Td00001aa034557_T001",0.230626715473892,0.0244840276296246,1.6111171390819,"NS"
"Td00001aa034563_T002",0.0273027079458939,0.971387426673732,0.0126075221946244,"NS"
"Td00001aa034575_T002",-1.06938252105601,1.26228377236592e-06,5.8988430009407,"Down"
"Td00001aa034578_T001",-1.12864989204857,0.0810954236909853,1.09100365283976,"NS"
"Td00001aa034596_T004",0.226100698252135,0.0015313847187274,2.81491569092726,"NS"
"Td00001aa034614_T001",-0.364982719517892,0.461161039984324,0.336147390090542,"NS"
"Td00001aa034653_T003",-0.112244455527671,0.148307446068229,0.828837043812055,"NS"
"Td00001aa034678_T002",0.0545485600338539,0.456408041493382,0.34064671231378,"NS"
"Td00001aa034679_T001",-0.241718225363587,0.00441881081051077,2.3546945921716,"NS"
"Td00001aa034717_T001",-0.417054054921171,0.490578090180838,0.309291851820708,"NS"
"Td00001aa034718_T001",0.109077262131062,0.999195810850852,0.000349395418721522,"NS"
"Td00001aa034733_T001",0.366436836282983,0.268654948225272,0.570805155962066,"NS"
"Td00001aa034766_T001",0.2842321269509,0.990220493222663,0.00426808991988336,"NS"
"Td00001aa034793_T001",-1.72946179210121,8.20262834088927e-13,12.0860469657814,"Down"
"Td00001aa034795_T003",0.458979586291754,3.96927689394266e-06,5.40128860396085,"NS"
"Td00001aa034869_T002",-0.137010718558714,0.000413630171317195,3.38338779013011,"NS"
"Td00001aa034885_T001",-0.468396303616851,9.62160836775278e-05,4.01675232433902,"NS"
"Td00001aa034925_T001",-0.413384833535426,0.00104494107571549,2.98090819875209,"NS"
"Td00001aa034965_T002",0.758106143847042,0.00514569337550783,2.2885560963403,"NS"
"Td00001aa034978_T001",0.259284438784741,0.0899385727804364,1.04605400845697,"NS"
"Td00001aa035008_T001",-0.18528165368082,0.621367117598176,0.206651733095076,"NS"
"Td00001aa035012_T003",-0.371064413699799,0.000185574196500465,3.73148241118034,"NS"
"Td00001aa035018_T001",0.00767491585536023,0.798546848219187,0.0976996000937476,"NS"
"Td00001aa035022_T003",0.202396545220774,0.18339039846038,0.736623405878821,"NS"
"Td00001aa035028_T001",-0.180299104190148,0.24699012090721,0.607320417271865,"NS"
"Td00001aa035075_T003",-0.0553274111924677,0.997280945848561,0.00118247855510084,"NS"
"Td00001aa035076_T001",0.0457995145383581,0.988468099352272,0.00503734202945234,"NS"
"Td00001aa035107_T002",0.0362612096573098,0.96827803890116,0.0139999180818839,"NS"
"Td00001aa035115_T001",-0.363939490562384,0.94145986982697,0.026198187260853,"NS"
"Td00001aa035122_T001",-0.501765385566434,0.000130852759016658,3.8832171158741,"NS"
"Td00001aa035133_T001",-0.255567916336434,0.631497102828885,0.199628637552537,"NS"
"Td00001aa035140_T002",0.0750121136945575,0.649016824335629,0.187744044923176,"NS"
"Td00001aa035144_T003",-0.60219236198976,1.65772108603912e-07,6.78048853831155,"NS"
"Td00001aa035146_T002",0.0308280751344834,0.993690120631895,0.00274902795828162,"NS"
"Td00001aa035148_T001",0.164831553060956,0.917891965142129,0.0372084317657202,"NS"
"Td00001aa035153_T001",-0.147107193283014,0.248607338071839,0.604486056558921,"NS"
"Td00001aa035162_T001",-0.599144277323683,0.0194287572762845,1.71155497733704,"NS"
"Td00001aa035177_T001",-0.0562582658433597,0.83140394329323,0.0801879199952733,"NS"
"Td00001aa035181_T001",-0.760957436428897,6.29043634547165e-07,6.20131922802725,"NS"
"Td00001aa035184_T001",-0.798086548167095,1.73064636172813e-10,9.76179166629012,"NS"
"Td00001aa035185_T002",-0.428502451234965,7.64386828072652e-07,6.11668680532274,"NS"
"Td00001aa035195_T001",-0.370639594732234,0.0279699987541359,1.5533075529732,"NS"
"Td00001aa035198_T002",-1.29920313909751,2.30298554167135e-11,10.6377087885629,"Down"
"Td00001aa035210_T002",-0.0845540433633958,0.999999934487468,2.84517321036945e-08,"NS"
"Td00001aa035238_T002",-0.387271232410347,0.00805320139024485,2.0940314401627,"NS"
"Td00001aa035248_T003",0.194680757977745,0.999999939225153,2.63941817045574e-08,"NS"
"Td00001aa035290_T001",-0.342709185824253,0.965370018029763,0.0153061934046565,"NS"
"Td00001aa035292_T001",-0.265517708985978,0.00173466041980572,2.76078553080905,"NS"
"Td00001aa035294_T001",-0.972765781466156,0.000844919654637865,3.07318458715258,"NS"
"Td00001aa035331_T001",-0.441940574004348,0.242058005598579,0.61608054933876,"NS"
"Td00001aa035332_T001",0.0734201474165224,0.793434663500634,0.100488830030003,"NS"
"Td00001aa035337_T002",0.384389261216122,0.004659462029976,2.3316642229881,"NS"
"Td00001aa035346_T001",0.239944239522119,0.266295256712176,0.574636569205348,"NS"
"Td00001aa035347_T003",0.48637035732059,0.238384048288514,0.622722809217282,"NS"
"Td00001aa035371_T003",-0.567033587275922,4.90523651568017e-08,7.30934004741178,"NS"
"Td00001aa035373_T001",-0.408963970100252,0.00180778150722762,2.74285406055284,"NS"
"Td00001aa035375_T002",-0.952938083152363,1.54852269891491e-06,5.81008242418434,"NS"
"Td00001aa035379_T002",1.9720120328064,2.11766267770237e-15,14.6741432174484,"Up"
"Td00001aa035386_T001",0.768205422872284,6.09044000558131e-07,6.21535133050455,"NS"
"Td00001aa035407_T001",0.0847044615671693,0.64640517054019,0.189495178334813,"NS"
"Td00001aa035427_T001",-1.76220575850997,2.2337714276538e-12,11.6509612684573,"Down"
"Td00001aa035431_T001",-0.109386769380691,0.929625162565216,0.0316921295585998,"NS"
"Td00001aa035459_T004",-1.03346214976489,2.29859588172443e-08,7.63853737573558,"Down"
"Td00001aa035464_T001",-0.0308079046711225,0.870895089874766,0.0600341580033839,"NS"
"Td00001aa035476_T005",0.0257467299842969,0.984297771574693,0.00687349812492066,"NS"
"Td00001aa035481_T002",-0.834619763888933,2.28746624526552e-05,4.64064530583117,"NS"
"Td00001aa035492_T002",-0.16956758733986,0.807587743810215,0.0928102806595308,"NS"
"Td00001aa035503_T001",-0.256282457716873,0.327353917282794,0.484982457723129,"NS"
"Td00001aa035507_T001",-0.267774099701827,0.587619782599973,0.230903591831091,"NS"
"Td00001aa035527_T002",-0.295934255822629,0.0692835038856252,1.15937015679163,"NS"
"Td00001aa035639_T001",-0.223276880749941,0.0197216638171369,1.70505644861793,"NS"
"Td00001aa035643_T002",-0.552713941018513,5.73815582312881e-07,6.24122766239777,"NS"
"Td00001aa035658_T002",-0.459200512100988,3.01765070830305e-05,4.52033103104007,"NS"
"Td00001aa035659_T001",0.31539858816261,0.0235865963458465,1.62733472528086,"NS"
"Td00001aa035684_T001",-0.481881251884328,0.0148743011855504,1.82756342885242,"NS"
"Td00001aa035724_T002",0.199604161040011,0.995895584988694,0.00178619294212328,"NS"
"Td00001aa035731_T002",0.0621505749584265,0.994376520257308,0.00244913903563571,"NS"
"Td00001aa035741_T001",0.559675739144509,0.00574733728256128,2.24053331554126,"NS"
"Td00001aa035785_T001",-0.171056601953337,0.00575373560353144,2.24005009874836,"NS"
"Td00001aa035809_T004",0.515925418750586,2.56670559753101e-06,5.59062394227523,"NS"
"Td00001aa035827_T001",-1.1201373185706,1.75272470090746e-05,4.75628629284285,"Down"
"Td00001aa035840_T001",-0.418786813667403,0.114629954026297,0.940701881770848,"NS"
"Td00001aa035841_T003",-0.896763642428416,8.74495456157818e-12,11.0582424427556,"NS"
"Td00001aa035848_T003",-0.349427685975623,0.0102424106107163,1.98959781760592,"NS"
"Td00001aa035875_T001",0.309961924043252,0.0240052072983433,1.61969453930374,"NS"
"Td00001aa035902_T001",-0.378192507202251,0.712791874046851,0.147037259976693,"NS"
"Td00001aa035906_T001",0.359094731080493,0.247860511927245,0.605792657653778,"NS"
"Td00001aa035935_T002",-1.35709569183588,3.5846287219423e-11,10.4455558197345,"Down"
"Td00001aa035947_T002",-0.341415699891812,0.00672861570895391,2.17207427482512,"NS"
"Td00001aa035990_T002",-0.0120709812783477,0.208241780439536,0.681432131722868,"NS"
"Td00001aa036043_T002",-1.50856170526555,5.27257522599333e-11,10.2779772152868,"Down"
"Td00001aa036052_T001",-0.380192177064013,0.000190097103962038,3.72102449935174,"NS"
"Td00001aa036065_T001",0.176241169639747,0.516833568125755,0.286649286850549,"NS"
"Td00001aa036075_T001",0.245891633899555,0.0366703731949275,1.43568467019557,"NS"
"Td00001aa036082_T001",-0.293087915470911,0.0336595506478479,1.47289168611607,"NS"
"Td00001aa036091_T001",-0.0127495439489614,0.986105125182478,0.00607678399083911,"NS"
"Td00001aa036094_T001",0.577397215913594,0.030481952723327,1.5159572148324,"NS"
"Td00001aa036100_T001",-1.31803576676539,0.0063926190135975,2.1943211778159,"Down"
"Td00001aa036101_T001",0.221466163125958,0.286978591762003,0.542150499873711,"NS"
"Td00001aa036102_T001",0.513989879155161,1.89071797175092e-09,8.72337324770015,"NS"
"Td00001aa036137_T005",-0.273985846113156,0.157095317303347,0.803836760215447,"NS"
"Td00001aa036151_T001",-0.172938455852071,0.0134061294250738,1.87269659216861,"NS"
"Td00001aa036173_T001",-0.227089875185428,0.286716553011249,0.542547233199583,"NS"
"Td00001aa036202_T001",-0.0527041518436888,0.999932344747261,2.93832969148583e-05,"NS"
"Td00001aa036207_T001",-0.309100242550231,0.00255129725687499,2.59323893790156,"NS"
"Td00001aa036214_T001",-0.426961921984165,0.0327533265839547,1.4847445844146,"NS"
"Td00001aa036222_T002",1.27991490194617,3.87202202146877e-10,9.41206218138039,"Up"
"Td00001aa036235_T004",-0.461114121834896,6.78661465038068e-05,4.16834680971003,"NS"
"Td00001aa036240_T001",-0.296687729977729,0.0265914090863449,1.57525864867032,"NS"
"Td00001aa036242_T002",-0.402522596094421,0.00302838261466638,2.51878925567764,"NS"
"Td00001aa036252_T001",0.0652345609680941,0.99997239715037,1.19879307305898e-05,"NS"
"Td00001aa036256_T001",-0.795615047214586,1.68426663613419e-07,6.77358915426437,"NS"
"Td00001aa036262_T002",-0.144505594543693,0.770878275399946,0.113014193279308,"NS"
"Td00001aa036277_T001",0.0625453488503143,0.999210880221512,0.000342845656300351,"NS"
"Td00001aa036296_T001",0.0577347975504222,0.801931075829678,0.0958629567447107,"NS"
"Td00001aa036311_T001",-0.144010647215133,0.669750108924427,0.174087207088512,"NS"
"Td00001aa036313_T001",0.127196572659253,0.840766167737277,0.0753247725514507,"NS"
"Td00001aa036338_T001",-0.364736008305812,0.0145784593850696,1.83628836874199,"NS"
"Td00001aa036339_T001",-0.822762775439721,3.96881478943867e-06,5.40133916760873,"NS"
"Td00001aa036342_T001",-0.388941960721372,0.664018710662754,0.177819682946591,"NS"
"Td00001aa036390_T002",-0.713141334442396,2.9345972547552e-12,11.5324514930669,"NS"
"Td00001aa036402_T002",0.0964737578327708,0.97481446410513,0.0110780354634723,"NS"
"Td00001aa036405_T001",-0.87184779566157,5.2218356429035e-09,8.28217680170177,"NS"
"Td00001aa036449_T001",0.190172140468633,0.826842393596501,0.082577264467305,"NS"
"Td00001aa036498_T001",0.237346100834139,0.026813196097841,1.5716514155984,"NS"
"Td00001aa036507_T001",1.51923282990318,7.9037368516393e-05,4.10216752765416,"Up"
"Td00001aa036512_T001",-0.861852605674116,6.39729801646141e-08,7.19400341731589,"NS"
"Td00001aa036562_T002",0.0912745914640193,0.31035875866394,0.508135993839907,"NS"
"Td00001aa036615_T002",-0.354841447743332,0.0331090328937396,1.4800535046918,"NS"
"Td00001aa036635_T002",0.471532954429059,0.00144364459831241,2.84053970980607,"NS"
"Td00001aa036672_T004",-0.134538351137632,0.000355665102606245,3.44895874512922,"NS"
"Td00001aa036678_T001",-0.0262542823824217,0.995590114892835,0.00191942410523568,"NS"
"Td00001aa036680_T002",0.333424808052204,0.00523298009914658,2.28125091686501,"NS"
"Td00001aa036681_T002",-0.706165796589552,0.00610606329256665,2.21423869832265,"NS"
"Td00001aa036691_T001",0.149370272773912,0.999287460066448,0.000309562462187504,"NS"
"Td00001aa036741_T001",-0.326371713266436,0.00076722571371315,3.11507685013276,"NS"
"Td00001aa036782_T001",-0.0729804100885811,0.987912814835474,0.00528138102633409,"NS"
"Td00001aa036791_T002",-0.367534447201047,0.00680356307485764,2.16726358457611,"NS"
"Td00001aa036796_T001",-0.284045306248,0.0460266050864031,1.3369910574027,"NS"
"Td00001aa036836_T001",1.40337379976748,3.77666827270364e-05,4.42289116017149,"Up"
"Td00001aa036841_T002",-0.575420505751236,8.0632908435817e-10,9.09348767487948,"NS"
"Td00001aa036843_T002",-0.470861786283217,0.0313496504065605,1.50376729781088,"NS"
"Td00001aa036894_T001",-0.285124191650941,0.453360147366955,0.343556659196971,"NS"
"Td00001aa036925_T001",-0.015376195750219,1,0,"NS"
"Td00001aa036966_T002",-0.0248581014235526,0.128491659916535,0.891125060424316,"NS"
"Td00001aa036970_T001",-0.28561330800829,0.0133897863776265,1.87322635172273,"NS"
"Td00001aa036971_T001",0.0713840738701402,0.999999920301587,3.46125823530652e-08,"NS"
"Td00001aa036987_T001",-0.376504568221468,0.195150555765303,0.709630207562539,"NS"
"Td00001aa037066_T002",0.237079111238306,0.148721067957474,0.827627504581151,"NS"
"Td00001aa037076_T001",-0.222740946862415,0.0274157545653888,1.56199979650402,"NS"
"Td00001aa037077_T003",0.26929185713356,0.579479620406906,0.23696183304026,"NS"
"Td00001aa037089_T001",0.19915971213771,0.267710967020907,0.572333837183993,"NS"
"Td00001aa037112_T004",-0.387226754810706,1.58149755595465e-06,5.80093147490616,"NS"
"Td00001aa037174_T001",0.444147072029787,0.00856985485346743,2.06702653360445,"NS"
"Td00001aa037183_T001",-0.305744381121826,0.00342974481444892,2.46473819185213,"NS"
"Td00001aa037211_T001",-0.0694865891836374,0.999204868738051,0.000345458480079736,"NS"
"Td00001aa037222_T001",-0.546910969635027,0.133215913580016,0.875443892529252,"NS"
"Td00001aa037225_T001",-0.382492081402583,0.0314165441642346,1.50284158928164,"NS"
"Td00001aa037227_T002",0.0138348086590108,0.997417772483582,0.00112289757466094,"NS"
"Td00001aa037236_T003",-0.753999679043289,5.91220995138687e-05,4.22825015189507,"NS"
"Td00001aa037247_T003",-0.4740269267358,1.18298244218735e-05,4.92702170111825,"NS"
"Td00001aa037250_T002",-0.197408008101469,0.968791486329611,0.0137696863971233,"NS"
"Td00001aa037271_T001",-0.32174778915933,0.00113583465772135,2.94468488382345,"NS"
"Td00001aa037279_T002",1.94483175247498,6.99953885140314e-22,21.1549305715412,"Up"
"Td00001aa037301_T003",-1.16436840890247,9.07938935294671e-08,7.04194335958064,"Down"
"Td00001aa037305_T002",-1.09190221731504,0.024983645120686,1.60234419765484,"Down"
"Td00001aa037313_T004",0.221030380752233,4.92325307582915e-06,5.30774783909802,"NS"
"Td00001aa037317_T001",-0.301178802746283,6.31698156632283e-09,8.19949039042492,"NS"
"Td00001aa037324_T001",-0.106909953254681,0.779466318295775,0.108202646471706,"NS"
"Td00001aa037326_T002",-0.64895884749869,2.90203069689998e-08,7.5372979980238,"NS"
"Td00001aa037328_T002",-0.266286921277675,0.000175959504567115,3.75458726949621,"NS"
"Td00001aa037347_T001",-1.01333364695109,0.0234289999413641,1.63024624871488,"Down"
"Td00001aa037374_T001",-0.609249254593752,1.23826350395754e-08,7.90718692709494,"NS"
"Td00001aa037385_T001",-0.251081580058657,0.0157209778821204,1.80352044330932,"NS"
"Td00001aa037395_T002",0.866592933177785,8.25336176019777e-06,5.08336911853849,"NS"
"Td00001aa037404_T001",-0.327825428768373,4.25141140346606e-07,6.37146686689596,"NS"
"Td00001aa037420_T002",-0.204992347127238,0.00313468614780142,2.50380593524835,"NS"
"Td00001aa037423_T002",0.274566363767232,5.39464654686803e-05,4.26803700469255,"NS"
"Td00001aa037432_T001",-0.00118701016223409,0.990785575361989,0.00402032484184624,"NS"
"Td00001aa037433_T001",0.644488445241498,4.67673840323041e-12,11.3300569219903,"NS"
"Td00001aa037434_T001",0.276840429213785,0.0884979607897921,1.05306673639759,"NS"
"Td00001aa037439_T001",-0.339702093346418,0.997258483035808,0.00119226073888324,"NS"
"Td00001aa037460_T001",-0.680837405402639,0.0135236183819969,1.86890709292929,"NS"
"Td00001aa037466_T001",0.0418867521318165,0.866503715519844,0.0622295707154352,"NS"
"Td00001aa037472_T002",-0.28826017711101,0.0844872975017726,1.07320858145945,"NS"
"Td00001aa037535_T001",0.343357015110034,0.00036180168533385,3.44152941445385,"NS"
"Td00001aa037548_T001",-0.261301149474316,0.0342003846674704,1.46596900920643,"NS"
"Td00001aa037574_T002",-0.123834993152276,0.105526751572649,0.976637430530836,"NS"
"Td00001aa037578_T003",-0.880589901788234,0.000116165974435945,3.93492106023007,"NS"
"Td00001aa037585_T001",-0.373888872538067,0.0149222022218512,1.82616707885929,"NS"
"Td00001aa037587_T001",-0.278091276712545,0.296573517245999,0.527867632226795,"NS"
"Td00001aa037699_T001",-0.489405847516356,0.384053704000631,0.415608041985729,"NS"
"Td00001aa037706_T001",-1.00293256133541,2.7283897208076e-05,4.56409359533974,"Down"
"Td00001aa037714_T003",-0.327745364152941,0.283918004975371,0.546807065334286,"NS"
"Td00001aa037745_T001",-0.255776870848126,0.0225853391139873,1.64617338421581,"NS"
"Td00001aa037746_T002",-0.127682813357445,0.985485844068324,0.00634960972768175,"NS"
"Td00001aa037883_T001",1.11910248309387,0.111583693316727,0.952399267943316,"NS"
"Td00001aa038053_T001",2.31393466521083,1.32979797482402e-12,11.8762143327799,"Up"
"Td00001aa038172_T001",-0.149985113582664,0.744998662138112,0.127844507153127,"NS"
"Td00001aa038271_T001",-1.45707122354378,1.31151765661252e-08,7.88222585824346,"Down"
"Td00001aa038310_T001",-0.515503267800307,1.21634770604734e-08,7.9149422595763,"NS"
"Td00001aa038328_T002",-0.239356757014979,0.157963885575949,0.801442192082623,"NS"
"Td00001aa038342_T001",-0.637912182096013,5.50736255812814e-05,4.25905633230544,"NS"
"Td00001aa038363_T007",-0.662179658154867,7.75418348759663e-08,7.11046392647713,"NS"
"Td00001aa038374_T001",-0.0159898092384594,0.999999746471952,1.10105846115057e-07,"NS"
"Td00001aa038382_T002",-0.978600797807956,3.13410946167316e-05,4.50388583946588,"NS"
"Td00001aa038384_T002",-0.992538000848886,0.000184544074287776,3.73389989544496,"NS"
"Td00001aa038392_T001",0.919425719204281,8.16951638413737e-13,12.087803651903,"NS"
"Td00001aa038418_T001",-0.529773031725278,4.74673625813596e-05,4.32360489822018,"NS"
"Td00001aa038422_T002",-0.146870118075556,0.544698994350908,0.263843426541178,"NS"
"Td00001aa038427_T002",-1.0231355339745,0.00167534348285592,2.77589613942353,"Down"
"Td00001aa038436_T005",0.0383834320603251,0.995426429926212,0.00199083232946171,"NS"
"Td00001aa038447_T004",-0.0362345161735167,0.680669146558849,0.167063934694243,"NS"
"Td00001aa038465_T004",-0.57640345186778,6.84451481211804e-06,5.16465733232007,"NS"
"Td00001aa038488_T002",0.203081598718767,0.275762534295765,0.559464738355516,"NS"
"Td00001aa038503_T001",-0.0270072172506785,0.486973092619367,0.312495034780785,"NS"
"Td00001aa038507_T002",-0.38313283919923,1.77591524431808e-07,6.75057776479802,"NS"
"Td00001aa038512_T002",-0.193722016622185,0.329848886908256,0.48168497712974,"NS"
"Td00001aa038515_T001",-0.390805043802553,1.73379537626717e-05,4.7610021595714,"NS"
"Td00001aa038545_T001",-0.301969431939531,0.731948831840076,0.135519277993823,"NS"
"Td00001aa038580_T001",-0.0798902743358252,0.906815743043065,0.0424809487821962,"NS"
"Td00001aa038583_T001",-1.12814989751704,1.67166797012182e-05,4.77684997872923,"Down"
"Td00001aa038589_T003",-0.642773307525704,1.94730875669292e-09,8.71056518320161,"NS"
"Td00001aa038590_T001",-0.880754902460152,7.05019551876016e-05,4.15179883881836,"NS"
"Td00001aa038610_T002",-0.029077436164957,0.029225967950656,1.53423109629385,"NS"
"Td00001aa038633_T001",-0.292525510565326,0.00137375509277837,2.86209068455102,"NS"
"Td00001aa038640_T002",-0.425458886330497,0.00147100046311893,2.83238719054238,"NS"
"Td00001aa038641_T002",-0.956779347292929,0.00235570175162685,2.62787969513362,"NS"
"Td00001aa038654_T001",-0.0273060153447466,0.0371822497528964,1.42966433630406,"NS"
"Td00001aa038676_T004",0.233932236972961,0.468866914870688,0.328950411739797,"NS"
"Td00001aa038714_T001",0.503374390465727,0.00100453249770904,2.99803600879387,"NS"
"Td00001aa038742_T001",0.205088773865963,0.0960023954798758,1.01771793018218,"NS"
"Td00001aa038760_T001",-0.196849783714167,0.0868531035217372,1.06121465829594,"NS"
"Td00001aa038773_T001",0.0973145033576082,0.777550247163313,0.109271536242417,"NS"
"Td00001aa038802_T002",0.204360856730338,0.897431349212082,0.0469987636952784,"NS"
"Td00001aa038815_T003",0.198517170119312,8.31775468809908e-05,4.07999389223941,"NS"
"Td00001aa038831_T001",0.0854161540022118,0.693379317973252,0.159029116564895,"NS"
"Td00001aa038833_T001",-0.239808473768761,0.030138529248604,1.52087794494774,"NS"
"Td00001aa038841_T002",-0.172063318283026,0.114286932552351,0.942003423540307,"NS"
"Td00001aa038864_T001",-0.509492346223395,0.108900720012915,0.962969248833739,"NS"
"Td00001aa038884_T003",-1.09187226503953,1.18816795560186e-06,5.92512216454387,"Down"
"Td00001aa038886_T001",0.098246878369979,0.999217497513434,0.000339969542851325,"NS"
"Td00001aa038891_T001",-0.510138115070999,4.23726820338059e-06,5.3729140458971,"NS"
"Td00001aa038923_T002",-0.43193491158779,0.0106117020214884,1.97421495358607,"NS"
"Td00001aa038941_T002",-0.344493099545171,4.05778312347645e-06,5.39171116843979,"NS"
"Td00001aa038952_T001",-0.387255631810436,0.000139522854092705,3.85535464835163,"NS"
"Td00001aa038966_T001",0.700085126818369,0.0043289656663448,2.36361585862577,"NS"
"Td00001aa039000_T001",0.157542603542027,0.436831454543246,0.359686097311723,"NS"
"Td00001aa039027_T001",-0.659545203811999,0.00066476118349716,3.17733434765529,"NS"
"Td00001aa039039_T002",-0.328378522900121,0.0302202238425062,1.51970232314705,"NS"
"Td00001aa039041_T001",-0.543375574432888,0.669237402457147,0.174419795105302,"NS"
"Td00001aa039056_T003",-0.463369443661586,0.0528930338570067,1.27660152185285,"NS"
"Td00001aa039085_T001",-0.163855628475973,0.57865231446939,0.237582305464521,"NS"
"Td00001aa039086_T001",-1.08045577670591,0.0211503823605011,1.67468177696247,"Down"
"Td00001aa039096_T011",0.063489000959134,0.9998774371062,5.32316506428267e-05,"NS"
"Td00001aa039101_T002",-0.0941118357157463,0.770921234431794,0.112989991857053,"NS"
"Td00001aa039115_T005",-0.426232769995438,0.313271630424005,0.504078932626017,"NS"
"Td00001aa039118_T001",-0.485362412458089,0.000144743923347051,3.83939965980944,"NS"
"Td00001aa039128_T002",-0.142706393796946,0.974543643573957,0.0111987068399298,"NS"
"Td00001aa039129_T001",0.423031869500767,0.371055562047819,0.430561054039833,"NS"
"Td00001aa039153_T001",0.270659898658486,0.893381068769041,0.0489632547030566,"NS"
"Td00001aa039164_T003",-0.402901981872417,0.000698585643807112,3.15578034351861,"NS"
"Td00001aa039180_T004",-0.0264520328075261,0.669148041563132,0.174477788777304,"NS"
"Td00001aa039184_T002",0.0863903672661213,0.285861576176026,0.543844216017235,"NS"
"Td00001aa039187_T001",-0.565394641914706,9.52609723158678e-08,7.02108499001673,"NS"
"Td00001aa039192_T001",-0.348189574414777,6.3283682718191e-05,4.19870825552728,"NS"
"Td00001aa039204_T004",-0.439408370547398,0.0882483378957803,1.05429346553774,"NS"
"Td00001aa039214_T003",-0.170581786872455,0.185205759917497,0.732345510842603,"NS"
"Td00001aa039215_T001",0.0488125373572123,0.842454368824086,0.0744536131920445,"NS"
"Td00001aa039218_T001",-1.15267192944768,0.0118823416947459,1.92509796298366,"Down"
"Td00001aa039232_T002",2.19856578703108,4.05972691751941e-16,15.3915031787881,"Up"
"Td00001aa039235_T001",0.221953319832457,0.00679386197097671,2.16788328081779,"NS"
"Td00001aa039243_T001",-0.233855324815657,0.00757973936015974,2.1203457279287,"NS"
"Td00001aa039252_T001",-0.0881641747010153,0.623304146948077,0.205299983663632,"NS"
"Td00001aa039271_T001",-0.469384662754438,0.000118747899651771,3.92537406319962,"NS"
"Td00001aa039287_T003",-0.104224186923291,0.371762280981029,0.429734675868022,"NS"
"Td00001aa039308_T001",0.703605582475077,0.29923478776949,0.523987918634819,"NS"
"Td00001aa039333_T001",0.424915699279538,7.79134625245358e-06,5.10838749489523,"NS"
"Td00001aa039340_T001",1.69467916332653,1.64742446226143e-07,6.78319448955649,"Up"
"Td00001aa039360_T002",-0.477366204708603,0.000651374644788221,3.18616915065736,"NS"
"Td00001aa039396_T001",-0.218583882234063,0.794393524462828,0.0999643046706858,"NS"
"Td00001aa039399_T004",-0.409059500914151,0.0957844519537996,1.01870498130431,"NS"
"Td00001aa039401_T002",-0.296568976984449,0.000561029839532933,3.25101403927885,"NS"
"Td00001aa039407_T001",0.367518864910725,0.0652394154341912,1.18548993903033,"NS"
"Td00001aa039430_T005",-0.558320423398289,0.00115084849930683,2.93898184426389,"NS"
"Td00001aa039433_T002",0.494529081520284,0.000997314427937448,3.00116789806761,"NS"
"Td00001aa039438_T001",3.56106245486314,6.66888917309242e-16,15.1759464998425,"Up"
"Td00001aa039445_T001",-1.62120278011023,0.00336457191334034,2.47307018478352,"Down"
"Td00001aa039459_T001",0.0229610107483911,0.990993443993221,0.0039292186196545,"NS"
"Td00001aa039461_T001",0.173640889477224,0.990804327551554,0.00401210520725867,"NS"
"Td00001aa039465_T001",-0.156911547967457,0.925301326625227,0.0337168151743687,"NS"
"Td00001aa039489_T005",-0.947379725269089,3.8027199316115e-10,9.41990565897828,"NS"
"Td00001aa039526_T001",-0.318594842298374,0.317558129184442,0.498176765259163,"NS"
"Td00001aa039552_T001",-0.92458458406972,4.85392070744327e-13,12.3139073224831,"NS"
"Td00001aa039574_T001",0.144644742991206,0.636403491286369,0.196267446495215,"NS"
"Td00001aa039596_T001",-0.331364911910756,0.00407468033798422,2.38990645634608,"NS"
"Td00001aa039642_T001",-1.05140084877853,0.0014611713056364,2.83529886501619,"Down"
"Td00001aa039711_T001",0.129705035274304,0.996346247713078,0.00158971043229425,"NS"
"Td00001aa039729_T002",0.0587032466843795,0.448300459230455,0.348430816250982,"NS"
"Td00001aa039773_T002",0.0781066196541667,0.112897102067215,0.947317205748815,"NS"
"Td00001aa039777_T001",-0.848479553230817,0.0487696251672446,1.31185058228875,"NS"
"Td00001aa039796_T002",0.17255121826506,0.0566611622193593,1.24671452158618,"NS"
"Td00001aa039805_T001",0.382263409424321,0.00160045599016641,2.79575626371958,"NS"
"Td00001aa039813_T006",0.354382447811418,0.00143754658555472,2.8423780725364,"NS"
"Td00001aa039904_T001",0.426070484110439,1.16783184564975e-05,4.93261968613098,"NS"
"Td00001aa039924_T003",-1.07749200722702,0.0404207328677256,1.39339581656233,"Down"
"Td00001aa039925_T001",0.226263334419466,0.95843981909194,0.018435151494132,"NS"
"Td00001aa039945_T001",-0.378983511750356,0.000358862003469217,3.44507252260079,"NS"
"Td00001aa039955_T002",0.482616386545958,0.00217622078259131,2.66229704656711,"NS"
"Td00001aa039957_T003",-0.198997341550537,0.0511549016606506,1.29111274587791,"NS"
"Td00001aa039962_T002",-0.178965954806068,0.0327636774117288,1.48460735874344,"NS"
"Td00001aa039970_T008",-0.890119869966925,1.33404415258646e-09,8.87482979642596,"NS"
"Td00001aa040065_T001",-0.505231491177473,0.403302767645212,0.394368797657844,"NS"
"Td00001aa040072_T001",1.31440464927125,0.000242438752147437,3.61539796000635,"Up"
"Td00001aa040338_T001",4.46209581983767,1.42725738246426e-19,18.8454977019347,"Up"
"Td00001aa040369_T001",0.27822445824892,0.00490854127436863,2.30904755280932,"NS"
"Td00001aa040381_T001",0.0881453955790729,0.9929126839602,0.00308894137529902,"NS"
"Td00001aa040383_T001",-0.122642943916383,0.0811066141927615,1.09094372790611,"NS"
"Td00001aa040427_T002",-0.139167461527417,0.999259319823781,0.000321792500767184,"NS"
"Td00001aa040453_T001",0.177336141318835,0.993646319053891,0.00276817195750519,"NS"
"Td00001aa040459_T001",-0.501252509063454,0.000519301797938545,3.28458017377807,"NS"
"Td00001aa040475_T001",-0.267606581092267,0.0653738457649185,1.18459596592355,"NS"
"Td00001aa040480_T003",-0.237013540784417,0.465656902805108,0.331933954766511,"NS"
"Td00001aa040484_T002",-0.664458953731622,2.71360582835542e-11,10.566453236633,"NS"
"Td00001aa040497_T001",-0.0991305920041742,0.843656713503586,0.0738342331836544,"NS"
"Td00001aa040501_T002",0.0639005279037092,0.966547923384867,0.0147766079100051,"NS"
"Td00001aa040532_T001",-0.410012518295192,0.430617294338599,0.365908532141431,"NS"
"Td00001aa040535_T001",-1.07865474057,3.92340502999725e-05,4.40633685546646,"Down"
"Td00001aa040539_T001",-0.106818660029137,0.968529010378604,0.0138873663143554,"NS"
"Td00001aa040546_T002",0.0772251357783021,0.778632604421165,0.108667414612556,"NS"
"Td00001aa040556_T001",0.473857238321359,0.0123409257866367,1.90865225935088,"NS"
"Td00001aa040565_T001",0.097378764716262,0.68566101458814,0.163890543010305,"NS"
"Td00001aa040573_T003",0.300034616547058,2.00596052999542e-05,4.69767761656676,"NS"
"Td00001aa040574_T002",-1.06248969379184,1.51571924725849e-11,10.8193812344942,"Down"
"Td00001aa040575_T001",2.6468049312422,1.46516364426051e-14,13.8341138662107,"Up"
"Td00001aa040576_T001",-0.0867438529357942,0.302815579475889,0.518821784699199,"NS"
"Td00001aa040603_T002",0.125019212299536,0.919659553870045,0.036372913131672,"NS"
"Td00001aa040622_T001",0.306208490043481,0.368745343550092,0.433273455171797,"NS"
"Td00001aa040675_T001",0.0515139823161075,0.99972305132469,0.000120293939850052,"NS"
"Td00001aa040687_T001",-0.373670410436099,0.00308656577685085,2.51052446348256,"NS"
"Td00001aa040852_T003",-0.70879938411931,0.000915132190707166,3.03851616762965,"NS"
"Td00001aa040924_T001",-0.349344044734389,0.414996845903001,0.381955204040022,"NS"
"Td00001aa041092_T001",0.0896480683836493,0.954326557239918,0.0203029903485282,"NS"
"Td00001aa041123_T001",-0.545970010353855,0.0165131615277719,1.78216977091527,"NS"
"Td00001aa041145_T001",1.75967378190207,2.24790285071069e-07,6.64822246192502,"Up"
"Td00001aa041149_T001",-0.696131421653622,7.99466869332013e-11,10.0971995291215,"NS"
"Td00001aa041185_T002",-0.614375290118451,0.0604957647381706,1.21827502890499,"NS"
"Td00001aa041186_T001",0.31927487876673,0.0209080079753393,1.67968734291305,"NS"
"Td00001aa041193_T002",0.300830721433463,0.285864833305324,0.543839267659918,"NS"
"Td00001aa041204_T001",-0.167609895033466,0.0980806195529503,1.0084167994776,"NS"
"Td00001aa041212_T001",-0.901365936232238,1.21862535518905e-09,8.91412979001909,"NS"
"Td00001aa041214_T001",0.182843510407398,0.0580126164021505,1.23647754716139,"NS"
"Td00001aa041232_T001",-0.344655193704649,0.0819226320320057,1.08659610301603,"NS"
"Td00001aa041235_T001",0.00121731572660839,0.999998058488518,8.43188541920118e-07,"NS"
"Td00001aa041284_T002",-0.202267050177313,0.944274773772897,0.0249016123021559,"NS"
"Td00001aa041310_T002",-0.394507561101016,0.014530300282111,1.83772541051159,"NS"
"Td00001aa041311_T003",-0.0950416145839662,0.592540875182946,0.22728168539533,"NS"
"Td00001aa041345_T001",0.428363703905954,0.0361531687033873,1.44185363225364,"NS"
"Td00001aa041349_T002",0.0328712815784203,0.391539501905797,0.407224415996109,"NS"
"Td00001aa041359_T001",-0.477412300044268,0.0193906552150896,1.71240751575419,"NS"
"Td00001aa041368_T001",-0.433162519882168,7.42493770928032e-05,4.12930718546251,"NS"
"Td00001aa041369_T001",0.40356234684572,1.5170102220106e-06,5.8190114928139,"NS"
"Td00001aa041436_T001",0.473246623613078,0.081034449747955,1.09133031254391,"NS"
"Td00001aa041517_T001",0.582496551339537,0.273207409453899,0.563507526654828,"NS"
"Td00001aa041539_T001",-0.037429253523543,0.997760927627577,0.000973507059480686,"NS"
"Td00001aa041542_T001",-1.39442578491291,0.00212740157272271,2.67215052403409,"Down"
"Td00001aa041571_T001",0.0154057770004686,0.998198916138797,0.000782906033906913,"NS"
"Td00001aa041578_T002",1.20594618665779,4.8070134760087e-06,5.31812466036605,"Up"
"Td00001aa041620_T003",-0.656641203496487,8.62926106214848e-05,4.06402639204508,"NS"
"Td00001aa041623_T001",0.0939245128152488,0.415312084528229,0.381625431838424,"NS"
"Td00001aa041632_T001",-0.465043817225917,0.00182878252949774,2.73783793577806,"NS"
"Td00001aa041650_T001",0.490654702892721,0.0385856337779407,1.41357436196834,"NS"
"Td00001aa041660_T003",-0.936099236436653,1.49171467500341e-06,5.82631423780278,"NS"
"Td00001aa041669_T003",0.111123197895539,0.878694879691873,0.0561619043009629,"NS"
"Td00001aa041685_T002",-0.314572577763696,0.0569226708080367,1.24471473104066,"NS"
"Td00001aa041689_T003",0.415391754288909,1.56593396496038e-05,4.8052265559805,"NS"
"Td00001aa041692_T001",-0.142904981434534,0.745831229252528,0.127359435927653,"NS"
"Td00001aa041768_T003",-1.09814087998939,0.0276052039493211,1.55900903991172,"Down"
"Td00001aa041769_T001",-0.841127362420707,0.0572470527234627,1.24224686739655,"NS"
"Td00001aa041775_T001",-0.133778057721909,0.405509906345133,0.391998531789506,"NS"
"Td00001aa041847_T001",-0.0077293877006377,0.533820676033394,0.27260460905486,"NS"
"Td00001aa041862_T001",-0.444943389149897,6.17121341348192e-05,4.20962943451335,"NS"
"Td00001aa041872_T001",-0.407487684544059,0.00228933247194218,2.64029113163971,"NS"
"Td00001aa041887_T001",0.0158132540928074,0.223908314464405,0.649929779315265,"NS"
"Td00001aa041912_T001",-0.515150985860044,1.42411217904862e-07,6.8464557994471,"NS"
"Td00001aa041987_T001",0.340039144635759,0.0502652418762785,1.29873222327954,"NS"
"Td00001aa042001_T001",-0.353430918373818,0.149873437418173,0.824275331827724,"NS"
"Td00001aa042008_T001",-0.180692022512592,0.00475727377592218,2.32264185468669,"NS"
"Td00001aa042034_T001",-0.586670518433643,0.0782117633325512,1.10672792256407,"NS"
"Td00001aa042035_T001",0.523781609669375,0.0456174918392364,1.34086859697091,"NS"
"Td00001aa042059_T001",0.78351727845053,3.04709583211988e-09,8.51611388686483,"NS"
"Td00001aa042074_T002",0.0282139089029296,0.999999857843092,6.17379649141401e-08,"NS"
"Td00001aa042095_T001",-1.23393377082252,0.000202080636085468,3.69447529976591,"Down"
"Td00001aa042108_T003",0.0927022861800878,0.231999538542378,0.634512878939696,"NS"
"Td00001aa042109_T001",-0.644618172991809,6.04869461742259e-05,4.21833834131777,"NS"
"Td00001aa042128_T001",-0.198733981312126,0.0112410767123073,1.94919208842726,"NS"
"Td00001aa042132_T001",-0.808987702133281,0.000221465499096167,3.65469392054338,"NS"
"Td00001aa042204_T001",-0.199343366230621,0.0294421550574524,1.53103040441247,"NS"
"Td00001aa042231_T001",-0.0563386677213999,0.997874170810742,0.000924218600229718,"NS"
"Td00001aa042234_T002",-0.43392674435807,0.00332604101787583,2.47807239921533,"NS"
"Td00001aa042258_T001",-0.807697981119707,1.87792957122274e-05,4.72632069929189,"NS"
"Td00001aa042297_T002",0.321578788189404,0.634392683543258,0.197641834383885,"NS"
"Td00001aa042298_T001",0.417185906304232,5.7366562490082e-09,8.24134117306189,"NS"
"Td00001aa042321_T002",-0.671178858293332,1.02092020164159e-05,4.99100820241955,"NS"
"Td00001aa042324_T001",-0.605968381435973,0.0551671683014449,1.25831930755248,"NS"
"Td00001aa042577_T001",-0.123749606957547,0.530850717619367,0.275027591214554,"NS"
"Td00001aa042603_T001",4.01716732894824,0.0152629685303215,1.81636099122003,"Up"
"Td00001aa042752_T001",-0.188009865889388,0.529878315713371,0.275823852817655,"NS"
"Td00001aa042757_T001",-0.421753549720377,0.0331894244228514,1.47900027914147,"NS"
"Td00001aa042779_T001",-0.0233762370597473,0.953123347278114,0.0208508920418336,"NS"
"Td00001aa042789_T001",-0.502692122088671,0.0189324475187165,1.72279323837835,"NS"
"Td00001aa042790_T001",-1.5434564381123,7.5518636392452e-08,7.12194586050792,"Down"
"Td00001aa042873_T001",-0.417182189416666,0.000803896003062582,3.09480013062637,"NS"
"Td00001aa042890_T001",-0.35190857880062,1.0218032218825e-05,4.99063273226289,"NS"
"Td00001aa042898_T001",0.658928948062801,6.92082739459751e-08,7.1598419819265,"NS"
"Td00001aa042960_T001",-0.766462144420604,9.93642818820301e-05,4.00276970181253,"NS"
"Td00001aa043113_T001",0.317007149257515,0.0638004924824798,1.19517596890269,"NS"
"Td00001aa043176_T004",-0.0396461297676939,0.993150048169222,0.0029851319990865,"NS"
"Td00001aa043199_T001",0.237233430040376,0.999995214000798,2.07853801760046e-06,"NS"
"Td00001aa043200_T003",0.564364084551358,6.82505768178693e-06,5.16589367384385,"NS"
"Td00001aa043357_T001",-0.550237685811422,0.556835851364447,0.254272810846299,"NS"
"Td00001aa043402_T001",-0.29632503600387,0.055136409680153,1.25856151728109,"NS"
"Td00001aa043409_T001",0.0502380630065377,0.862982496958983,0.0639980125712522,"NS"
"Td00001aa043432_T001",-0.732208714383243,0.00669861537349211,2.17401495816434,"NS"
"Td00001aa043537_T001",-0.226967814560487,0.00256981440174684,2.59009824134102,"NS"
"Td00001aa043541_T001",-0.179599730681275,0.114195874512038,0.942349585311013,"NS"
"Td00001aa043569_T001",-0.731291301003679,0.00281286282793686,2.55085144612226,"NS"
"Td00001aa043572_T002",-0.352500731472613,0.094810087758158,1.02314545143173,"NS"
"Td00001aa043579_T001",-0.0484448968341085,0.985667088625583,0.00626974427431267,"NS"
"Td00001aa043622_T002",0.363288028707785,6.83908012677341e-07,6.16500230803599,"NS"
"Td00001aa043628_T001",-0.557167754790863,0.128085045107463,0.892501574443071,"NS"
"Td00001aa043635_T001",-0.724681947869517,6.1818524140412e-08,7.20888136752451,"NS"
"Td00001aa043715_T002",0.190750478058452,0.927514156223777,0.0326794532245566,"NS"
"Td00001aa043724_T001",-0.647820872369129,5.78503787063675e-08,7.2376937936777,"NS"
"Td00001aa043750_T003",-1.30825222727724,0.000177187437680723,3.75156707217436,"Down"
"Td00001aa043761_T001",-0.105377219361952,0.0175869707080864,1.75480895975003,"NS"
"Td00001aa043907_T001",-0.782454580390848,2.47491633926789e-07,6.60643947713785,"NS"
"Td00001aa043910_T001",-0.024065598165915,0.991574992412071,0.00367443470211403,"NS"
"Td00001aa043969_T001",0.185108762893969,0.999999651321241,1.51429287477028e-07,"NS"
"Td00001aa044035_T001",-0.0533125985001331,0.999682273287731,0.00013800888360732,"NS"
"Td00001aa044243_T001",-0.92796518786828,4.42405717011103e-12,11.3541792694739,"NS"
