protein_id,log2FC,padj,neg_log10padj,DAP
Ag00001aa121662_T001,-0.7036894392919076,0.901386023034322,0.04508918041872371,NS
Ag00001aa096403_T001,0.2078928516413329,0.487048992428398,0.3124273507542879,NS
Ag00001aa096932_T001,-0.7983661388303496,0.884596000667917,0.05325502844344559,NS
Ag00001aa122153_T002,-0.33097323449036925,1,-0,NS
Ag00001aa081313_T003,-0.7538959901160834,0.646472921515234,0.18944966147624318,NS
Ag00001aa016177_T002,1.0908534304511135,0.0672049938477323,1.172598454328134,NS
Ag00001aa127002_T002,-0.04692104738749257,1,-0,NS
Ag00001aa038464_T002,0.9358368736840253,0.00305750071933148,2.5146334321161556,NS
Ag00001aa128941_T002,-0.1124747292584125,1,-0,NS
Ag00001aa073318_T002,0.35727047567955944,0.35806560448103403,0.4460373949934655,NS
Ag00001aa047169_T001,1.415217824888839,0.0207926349507337,1.6820904711277889,Up
Ag00001aa068456_T001,-0.20589610144025206,0.429673284659944,0.36686164814400873,NS
Ag00001aa028041_T002,-0.8416629728328994,0.835550991670721,0.07802704101240544,NS
Ag00001aa033498_T001,-0.23616354110904858,1,-0,NS
Ag00001aa104405_T001,0.48336436071334926,0.785893818116899,0.10463612739698779,NS
Ag00001aa022279_T001,1.892196710465485,0.0398858821811321,1.3991807979424307,Up
Ag00001aa019394_T001,1.7154541271157178,0.0375000955100153,1.42596762615442,Up
Ag00001aa107870_T003,-0.08161376555365212,1,-0,NS
Ag00001aa102535_T001,1.0207688650945719,0.678364177187468,0.16853709421328697,NS
Ag00001aa117824_T003,0.06212171190779749,1,-0,NS
Ag00001aa070570_T002,-0.6170561304310095,1,-0,NS
Ag00001aa114201_T003,-0.16974467583231706,1,-0,NS
Ag00001aa009508_T001,0.8367320804591358,1,-0,NS
Ag00001aa034482_T001,-0.08314123530024586,1,-0,NS
Ag00001aa009517_T001,0.776525151421912,0.372216567010805,0.4292043007343991,NS
Ag00001aa072751_T001,-2.0588936890535687,0.00218801572501737,2.659949561102898,Down
Ag00001aa086826_T001,-3.023269779322847,0.00956851271167974,2.0191555618373136,Down
Ag00001aa148957_T001,-0.1281563514906822,1,-0,NS
Ag00001aa079692_T001,0.7476022302749431,0.054481163605303,1.2637536253616886,NS
Ag00001aa026660_T001,-0.19925537606322247,1,-0,NS
Ag00001aa115120_T001,-0.40545145044964576,0.0536254453114337,1.270629088364415,NS
Ag00001aa094012_T001,0.12829340100981756,0.410822735154874,0.3863455303155274,NS
Ag00001aa016826_T001,-0.8598757760909294,1,-0,NS
Ag00001aa041819_T003,0.31266517355839435,1,-0,NS
Ag00001aa091179_T001,-0.38458370273712994,0.044577306307096,1.3508861783705668,NS
Ag00001aa108841_T001,-0.38082178394093086,0.0976109198189188,1.010501594712194,NS
Ag00001aa117364_T001,0.23388806017427727,0.940722991369547,0.026538241642220507,NS
Ag00001aa120810_T003,0.3265373481399519,1,-0,NS
Ag00001aa089238_T001,0.259423152281415,0.775603880061329,0.11036002697212327,NS
Ag00001aa115646_T001,0.16992500144231237,1,-0,NS
Ag00001aa146814_T001,-0.1648843847417823,1,-0,NS
Ag00001aa121176_T001,0.35952117042759535,0.587500002810985,0.2309921269782767,NS
Ag00001aa150634_T001,0.3696060700318379,1,-0,NS
Ag00001aa032124_T001,0.3895668117627256,0.441147640409643,0.35541603936553273,NS
Ag00001aa032691_T001,0.7389839547005117,0.00766538030191969,2.1154662936565725,NS
Ag00001aa028912_T001,-0.06491747668133854,1,-0,NS
Ag00001aa100834_T001,-0.4305089080412838,0.69926341794537,0.1553591913365241,NS
Ag00001aa051015_T001,-1.8943219221054628,0.795121395952121,0.09956655993816386,NS
Ag00001aa064784_T001,0.45417589318580215,1,-0,NS
Ag00001aa100893_T001,0.1309308698264487,1,-0,NS
Ag00001aa069417_T001,0.22897256976016075,1,-0,NS
Ag00001aa016342_T002,0.4915965944104482,0.0191227458398525,1.718449747129159,NS
Ag00001aa060000_T002,-2.083141235300246,0.676371968579953,0.16981439951206784,NS
Ag00001aa030108_T001,-2.395928676331139,0.334676063287913,0.4753753481552853,NS
Ag00001aa011817_T001,0.04963076772460043,1,-0,NS
Ag00001aa092319_T001,0.28332916805164143,0.145412804593423,0.8373973491893678,NS
Ag00001aa094017_T001,-0.7908586021614084,0.256028228890501,0.5917121480651265,NS
Ag00001aa116053_T004,-0.5713215900517699,0.392594426067348,0.40605587066922083,NS
Ag00001aa021426_T002,0.28451413324424535,0.749175538938131,0.1254164110587038,NS
Ag00001aa047327_T002,-0.139235797371172,1,-0,NS
Ag00001aa002578_T001,0.11103131238874395,0.989681356114419,0.0045046110150732364,NS
Ag00001aa091217_T001,0.7458826889022593,0.0916775613093292,1.0377369477762033,NS
Ag00001aa002576_T001,0.5170236720645808,0.956654496694318,0.019244882778827913,NS
Ag00001aa028848_T003,0.335711910320462,1,-0,NS
Ag00001aa157433_T001,-0.24982229440694284,0.546277077695557,0.2625870225115761,NS
Ag00001aa115155_T001,0.20664322398339532,1,-0,NS
Ag00001aa010398_T002,0.3762903833370515,0.698949367310445,0.15555428390257406,NS
Ag00001aa010152_T001,1.2430597060725277,0.974823994298181,0.01107378964011389,NS
Ag00001aa008719_T001,-1.810966175609983,0.401842584842181,0.3959440412513408,NS
Ag00001aa004825_T001,1.0648828515848543,0.0191227458398525,1.718449747129159,Up
Ag00001aa088892_T001,-0.3940316411585416,0.558887672201675,0.2526754698327146,NS
Ag00001aa102214_T001,0.4382928515791468,0.598708247313232,0.2227847593289145,NS
Ag00001aa058586_T001,0.49364733397521016,1,-0,NS
Ag00001aa113751_T001,0.6580972053513715,0.228298660720295,0.6414966362254532,NS
Ag00001aa085718_T001,0.12961273813046964,1,-0,NS
Ag00001aa012289_T002,-0.15200309344504995,0.356874901304614,0.44748399451618515,NS
Ag00001aa085222_T002,-0.4208198518728499,1,-0,NS
Ag00001aa042534_T001,-0.9885043611621706,0.00798050512168255,2.097969619348923,NS
Ag00001aa003058_T003,-0.14880066140670606,0.909733885850817,0.04108562834744372,NS
Ag00001aa029947_T001,0.21288056634438476,1,-0,NS
Ag00001aa050348_T001,0.36513259345252996,0.295687566924448,0.5291669363113031,NS
Ag00001aa040663_T001,0.1839628348425949,0.416935608621671,0.3799310121236464,NS
Ag00001aa143632_T001,0,1,-0,NS
Ag00001aa057358_T001,-0.5713215900517699,0.767931580552469,0.11467747204164212,NS
Ag00001aa004820_T001,1.8213020398895297,0.0342073981448896,1.4658799575100425,Up
Ag00001aa138044_T002,1.3707222751481671,0.0147780766414043,1.8303820854526718,Up
Ag00001aa101108_T001,-0.17299399036102314,0.387273035287788,0.4119827406421098,NS
Ag00001aa056733_T001,-0.24982229440694284,0.0416359348535571,1.3805316796622653,NS
Ag00001aa122617_T002,-0.1504009888485484,1,-0,NS
Ag00001aa090110_T002,-0.23616354110904858,1,-0,NS
Ag00001aa006282_T003,-2.023269779322847,0.750697283952456,0.12453515542253779,NS
Ag00001aa015202_T001,-0.3400754415976217,1,-0,NS
Ag00001aa129782_T003,0.011495638837829437,1,-0,NS
Ag00001aa004824_T001,1.899562360154693,0.0246291919973428,1.608549835698511,Up
Ag00001aa070037_T001,-0.05289494843212547,1,-0,NS
Ag00001aa012681_T002,-0.014499569695115089,1,-0,NS
Ag00001aa134613_T001,-0.027674958442848348,1,-0,NS
Ag00001aa119509_T001,0.06626144226872127,1,-0,NS
Ag00001aa138047_T001,1.3190398155625358,0.00892797863304662,2.0492468577838543,Up
Ag00001aa009933_T002,-0.488026018218199,0.0165152325061983,1.7821153078067697,NS
Ag00001aa124559_T001,-2.3883554566263383,0.054481163605303,1.2637536253616886,NS
Ag00001aa099401_T001,-0.008682243099800882,1,-0,NS
Ag00001aa152722_T001,-0.41119543298444966,1,-0,NS
Ag00001aa009503_T002,-0.8703872618695304,1,-0,NS
Ag00001aa098030_T001,0.05102400302446689,1,-0,NS
Ag00001aa087830_T001,-0.3291596641184381,0.266536396528317,0.5742434780741063,NS
Ag00001aa129298_T001,-0.7060410209713056,0.948217573234638,0.023092000200239972,NS
Ag00001aa031315_T003,-0.29335894269059154,0.96555062229545,0.015224951913332082,NS
Ag00001aa153325_T001,-0.026205070347394003,1,-0,NS
Ag00001aa050502_T001,-0.03948828988097554,1,-0,NS
Ag00001aa070760_T001,0.6182386555954547,0.729154531999189,0.13718042054025167,NS
Ag00001aa026485_T001,0.6276068381296498,0.0565493293346783,1.2475725413658574,NS
Ag00001aa041730_T001,-0.4520566887096497,0.344923638365764,0.46227704146900117,NS
Ag00001aa046177_T001,-0.0694518807521452,1,-0,NS
Ag00001aa029372_T001,-0.017417053077409404,1,-0,NS
Ag00001aa039501_T001,0.4615285594728771,0.0257579747305089,1.5890882871950716,NS
Ag00001aa075954_T002,0.7389839547005117,0.0221616861452161,1.6543971999136045,NS
Ag00001aa069821_T001,-0.5864059175908248,0.105386856120975,0.977213551078765,NS
Ag00001aa012115_T001,-1.4900508536956893,0.740112490209066,0.13070226653360473,NS
Ag00001aa021850_T002,-0.22095044716254147,0.871428489659808,0.05976824575464895,NS
Ag00001aa092307_T001,0.1401242239090707,1,-0,NS
Ag00001aa116942_T002,-0.6082322800440033,0.771460387348719,0.11268636901436256,NS
Ag00001aa079185_T001,-0.117161344232749,1,-0,NS
Ag00001aa107984_T001,-0.03061923505839206,1,-0,NS
Ag00001aa033715_T001,-0.5994620704162712,0.103544316586279,0.9848737339791851,NS
Ag00001aa111393_T001,-0.1504009888485484,1,-0,NS
Ag00001aa068250_T001,-0.23446525363702297,0.753607431162724,0.12285482770847365,NS
Ag00001aa126989_T001,0.5180314926021693,0.627344416087216,0.20249396325381197,NS
Ag00001aa035496_T001,0.2785795504584233,1,-0,NS
Ag00001aa023040_T001,-0.139235797371172,1,-0,NS
Ag00001aa061732_T001,0.6690267655096307,0.0453711853873575,1.3432198740189032,NS
Ag00001aa003452_T001,0.3056787432422875,1,-0,NS
Ag00001aa008697_T002,-0.18770715512672886,1,-0,NS
Ag00001aa048344_T001,-0.20756106993536216,1,-0,NS
Ag00001aa107827_T001,0.37183761733042053,0.361426223565155,0.44198034005269404,NS
Ag00001aa066636_T001,-0.17625063969172725,1,-0,NS
Ag00001aa091612_T001,0.07313470463021537,1,-0,NS
Ag00001aa032373_T001,0.29278174922784594,0.302829865707166,0.518801296040492,NS
Ag00001aa091875_T001,0.029982866215714315,1,-0,NS
Ag00001aa059249_T001,0.45206823022381093,0.0416359348535571,1.3805316796622653,NS
Ag00001aa063744_T001,0.32423456227053127,0.519319049873162,0.2845657461454561,NS
Ag00001aa033757_T001,-0.5521563556379144,1,-0,NS
Ag00001aa040350_T001,0.8844025529836872,1,-0,NS
Ag00001aa071199_T001,0.9107326619029126,0.973893858265313,0.011488372979245267,NS
Ag00001aa033758_T001,0.21909105824619673,1,-0,NS
Ag00001aa151108_T001,0.6480051798104932,1,-0,NS
Ag00001aa029524_T001,-0.10624949827943407,1,-0,NS
Ag00001aa005816_T001,-0.3547594873547347,0.0202504167656162,1.6935660343187044,NS
Ag00001aa075749_T002,1.0454429707611672,0.0544811824426363,1.2637534752006432,NS
Ag00001aa134621_T001,-0.5104570643575265,0.0628531393390681,1.2016730256377757,NS
Ag00001aa071072_T001,1.491083453718256,0.00574845484869436,2.240448875460792,Up
Ag00001aa115352_T001,-0.05439229681862778,1,-0,NS
Ag00001aa051010_T003,-0.3566055465201077,1,-0,NS
Ag00001aa153229_T001,-0.19264507794239588,0.371716023121739,0.4297887178836376,NS
Ag00001aa037264_T001,-0.1975999598851607,1,-0,NS
Ag00001aa126038_T001,-0.06491747668133854,1,-0,NS
Ag00001aa109584_T001,-1.4500844463780447,0.549388502058205,0.2601204340034217,NS
Ag00001aa092548_T001,-1.5104570643575264,0.0843038823441318,1.0741524248793006,NS
Ag00001aa021310_T001,-0.5734668618833266,0.00962221414861823,2.0167249818204565,NS
Ag00001aa017334_T001,-0.2898272517203383,0.636328108545624,0.1963188922334658,NS
Ag00001aa070296_T002,-0.36401349625437696,1,-0,NS
Ag00001aa045096_T002,0.6276068381296498,0.149172989626123,0.8263098063423499,NS
Ag00001aa101520_T001,0.18650055764449475,1,-0,NS
Ag00001aa075698_T002,-0.06793882865657556,1,-0,NS
Ag00001aa001578_T001,-0.12186323337305248,1,-0,NS
Ag00001aa068256_T001,0.5139959793670126,0.0562400122696242,1.2499545932401972,NS
Ag00001aa121537_T004,-0.4619585466663364,0.374823852859717,0.426172779481885,NS
Ag00001aa078269_T001,-0.5458241068141979,1,-0,NS
Ag00001aa083008_T002,-0.10005101381032824,1,-0,NS
Ag00001aa071342_T001,-0.38270151715915357,1,-0,NS
Ag00001aa027649_T002,-0.3057883922321094,0.791266286787057,0.10167733771525055,NS
Ag00001aa116525_T001,-0.34739878240348054,1,-0,NS
Ag00001aa035348_T001,-0.16004041251046824,1,-0,NS
Ag00001aa108291_T001,-0.7661119398257227,0.476792220270321,0.3216708395120207,NS
Ag00001aa041237_T001,-0.24468509595490195,1,-0,NS
Ag00001aa097340_T002,-0.34190279464862844,1,-0,NS
Ag00001aa094570_T001,-0.4981787345790897,0.564699366612494,0.24818269938345558,NS
Ag00001aa074424_T001,0.5587574303737622,0.105219414314994,0.9779041199545047,NS
Ag00001aa076340_T001,1.973794929652606,0.0100496304325217,1.9978499087974857,Up
Ag00001aa129983_T001,0.08678376614206665,1,-0,NS
Ag00001aa039910_T001,-0.3255393484397412,1,-0,NS
Ag00001aa083002_T003,0.014355292977070054,1,-0,NS
Ag00001aa071644_T002,-0.7933567760166047,0.294408640946631,0.5310494475262225,NS
Ag00001aa027823_T002,-0.24468509595490195,1,-0,NS
Ag00001aa121107_T001,2.0721058004804194,0.00818696507132179,2.08687706247041,Up
Ag00001aa128017_T001,0.10030490579568548,1,-0,NS
Ag00001aa117362_T001,-0.7983661388303496,0.333380131424759,0.4770602865407446,NS
Ag00001aa120192_T001,0.6744606515602588,0.0254506849325041,1.5943005253742049,NS
Ag00001aa115687_T001,-0.17625063969172725,1,-0,NS
Ag00001aa014875_T002,0.3265373481399519,0.16362515761505,0.7861499220985536,NS
Ag00001aa068706_T005,1.5499155536219553,0.163282673645782,0.7870598969488752,NS
Ag00001aa055626_T002,-0.4860040206329874,0.863985968220939,0.06349331073141014,NS
Ag00001aa104120_T004,1.6059683588414584,0.0448858046406351,1.3478909850766034,Up
Ag00001aa105291_T002,-0.06793882865657556,1,-0,NS
Ag00001aa026861_T002,-0.6438561897747247,0.637069687875986,0.19581305839523608,NS
Ag00001aa084722_T001,0.22527492986956935,1,-0,NS
Ag00001aa023125_T001,0.8032270364349277,0.0462632683645054,1.3347636888475225,NS
Ag00001aa091784_T001,0.46362245685189335,1,-0,NS
Ag00001aa094962_T001,-0.4344028241457749,1,-0,NS
Ag00001aa009839_T002,-0.03209362970985334,1,-0,NS
Ag00001aa004568_T002,-0.08161376555365212,1,-0,NS
Ag00001aa074187_T001,-0.392137097168765,1,-0,NS
Ag00001aa083910_T002,-0.41119543298444966,0.0132930473439381,1.8763754484816713,NS
Ag00001aa141556_T001,0.40816837070810624,0.838944413842144,0.07626681338031015,NS
Ag00001aa103966_T001,-0.4150374992788438,0.4134473216969,0.383579817075773,NS
Ag00001aa044445_T001,-0.02326977932284719,1,-0,NS
Ag00001aa141567_T001,0.24366908096686266,1,-0,NS
Ag00001aa097635_T001,0.22650852980867975,1,-0,NS
Ag00001aa019475_T001,0.05241589415113853,1,-0,NS
Ag00001aa093774_T001,-1.0558912008920451,0.210422610752604,0.6769075953287345,NS
Ag00001aa100873_T001,0.5250665920782109,0.964062228116787,0.01589493242962977,NS
Ag00001aa033257_T001,-0.3940316411585416,0.896012273633124,0.04768604130368887,NS
Ag00001aa051710_T003,-0.744197163397282,0.0544648457744794,1.263883721800772,NS
Ag00001aa088075_T001,0.5290712998291112,0.0405096600101967,1.3924414017513684,NS
Ag00001aa092935_T004,-0.98564470702292994,0.928339932361086,0.032292968052479026,NS
Ag00001aa039710_T001,-0.01304303747559888,1,-0,NS
Ag00001aa151642_T001,-0.2276920250415967,0.929837286948408,0.03159304237399849,NS
Ag00001aa024803_T002,0.1686420355588392,1,-0,NS
Ag00001aa034945_T001,-0.5649048483799026,0.10896779919522,0.9627018203888009,NS
Ag00001aa126910_T003,1.2761988650322418,0.004619067661094,2.335445676068122,Up
Ag00001aa126962_T002,-0.12186323337305248,1,-0,NS
Ag00001aa121652_T002,-0.3219280948873623,0.0755986447859921,1.1214859897797564,NS
Ag00001aa090727_T001,-0.496142467422571,0.198056846685052,0.7032101397472353,NS
Ag00001aa022359_T001,-0.06642736173897607,1,-0,NS
Ag00001aa001685_T004,0.09626185305840348,1,-0,NS
Ag00001aa027684_T001,-0.46394709975979026,0.251774876761279,0.5989876079386196,NS
Ag00001aa108833_T002,-0.4150374992788438,0.0436861299208003,1.3596564269884475,NS
Ag00001aa149475_T001,0.7949356628035363,0.885266765880673,0.05292583948031695,NS
Ag00001aa013487_T001,0.32192809488736235,1,-0,NS
Ag00001aa089668_T005,0.3299846497584206,0.987268111327492,0.005564890432702532,NS
Ag00001aa025305_T005,-0.21759143507262677,0.0778277639245474,1.108865447120041,NS
Ag00001aa075655_T001,-0.08467032398699055,1,-0,NS
Ag00001aa016703_T001,0.5280711645787354,0.209914365819678,0.6779578387748099,NS
Ag00001aa030087_T001,-0.1124747292584125,0.607406388676367,0.2165206445015511,NS
Ag00001aa066741_T002,-0.28454587288428235,1,-0,NS
Ag00001aa093337_T003,-1.0709665213541435,0.783789503437232,0.10580055692044939,NS
Ag00001aa072914_T002,-0.02180437031834845,1,-0,NS
Ag00001aa093550_T001,-0.25842515258120435,0.149172989626123,0.8263098063423499,NS
Ag00001aa046570_T001,0.070389327891398,1,-0,NS
Ag00001aa015322_T001,1.6433944534798923,0.0204114233279441,1.6901267100355517,Up
Ag00001aa111679_T001,-0.4461480318188743,0.280005451669809,0.5528335129182581,NS
Ag00001aa031384_T003,0.1775989293277334,1,-0,NS
Ag00001aa147782_T001,-0.10935875603655623,0.898239628637,0.04660778859781802,NS
Ag00001aa130618_T001,-0.4619585466663364,0.18401681106304,0.7351424997164978,NS
Ag00001aa011538_T001,0.46466826700344427,1,-0,NS
Ag00001aa081306_T001,-0.09234017214671059,1,-0,NS
Ag00001aa119814_T001,-0.1648843847417823,1,-0,NS
Ag00001aa095452_T001,-0.15200309344504995,1,-0,NS
Ag00001aa121958_T001,0.39725534559442727,1,-0,NS
Ag00001aa047912_T003,0.4781952579391659,0.155278787214628,0.808887869608692,NS
Ag00001aa033729_T001,0.259423152281415,0.979614715986975,0.00894469943142443,NS
Ag00001aa061442_T002,0.2666366425139895,0.300057342599574,0.5227957412976152,NS
Ag00001aa040761_T001,-0.01304303747559888,1,-0,NS
Ag00001aa082247_T001,0.6238668618526982,0.0686295258983334,1.1634890012615777,NS
Ag00001aa058201_T001,-0.3183258582071667,0.638216170685697,0.19503219614596168,NS
Ag00001aa065197_T001,-1.0086822430998008,0.0534853094637296,1.271765487043104,NS
Ag00001aa154264_T001,-0.4540316308947075,0.572211714409334,0.24244325549395768,NS
Ag00001aa005257_T002,-0.28278970098040423,1,-0,NS
Ag00001aa026961_T001,0.5380414533336636,0.254161168724078,0.5948908011347532,NS
Ag00001aa027796_T001,0.4583820041560132,0.228298660720295,0.6414966362254532,NS
Ag00001aa149606_T001,-0.8756718649977983,0.851821919526265,0.06965118862618049,NS
Ag00001aa155640_T001,0.07450543636362976,1,-0,NS
Ag00001aa039074_T001,0.007195501404203766,1,-0,NS
Ag00001aa001831_T004,-0.8809758968577254,0.0419953986088286,1.3767982921799529,NS
Ag00001aa070727_T001,0.45417589318580215,1,-0,NS
Ag00001aa030349_T005,-0.008682243099800882,1,-0,NS
Ag00001aa078571_T001,-0.22095044716254147,1,-0,NS
Ag00001aa116166_T001,0.3173040683619148,0.372006220360183,0.42944979816778794,NS
Ag00001aa014694_T001,-1.7083964419694353,0.0189930400468658,1.7214055160470516,Down
Ag00001aa076244_T001,0.5743437539200129,0.849323099087131,0.07092706422365448,NS
Ag00001aa041516_T001,2.106348319505147,0.00588758169832603,2.2300630533855954,Up
Ag00001aa130017_T002,0.05519565424212462,1,-0,NS
Ag00001aa029002_T001,0.3617683594191533,1,-0,NS
Ag00001aa130276_T001,-0.5777669993169522,1,-0,NS
Ag00001aa027593_T002,-0.5907448533151622,0.938503378968272,0.0275641594148956,NS
Ag00001aa083010_T003,0.19156265070075562,0.847338037153973,0.07194329759961468,NS
Ag00001aa125063_T001,-0.09541956507868243,1,-0,NS
Ag00001aa068346_T001,0.8455904088478547,0.00548598676405933,2.2607452445446374,NS
Ag00001aa009376_T001,0.3796209620557083,0.057243794718657,1.2422715843681014,NS
Ag00001aa118812_T001,-0.5145731728297583,1,-0,NS
Ag00001aa128547_T001,0.4425454561053042,0.229246155244113,0.6396979392796116,NS
Ag00001aa047694_T002,-0.2968993003958401,0.44775663737173,0.348957967617286,NS
Ag00001aa044489_T001,-0.5585165204173551,0.0875824527915182,1.057582896333831,NS
Ag00001aa151740_T001,-0.12029423371771177,1,-0,NS
Ag00001aa095485_T001,-0.014499569695115089,1,-0,NS
Ag00001aa046359_T001,-0.2863041851566411,0.302829865707166,0.518801296040492,NS
Ag00001aa107383_T001,0.5897634869849773,0.0536254453114337,1.270629088364415,NS
Ag00001aa027664_T002,-0.1440103026915193,1,-0,NS
Ag00001aa070971_T001,-0.09080293700831261,1,-0,NS
Ag00001aa072393_T001,-0.08008791132269193,1,-0,NS
Ag00001aa032586_T002,-0.03209362970985334,1,-0,NS
Ag00001aa150991_T001,-0.0188780102056894,1,-0,NS
Ag00001aa152045_T002,-1.5479317697761892,0.0847837383515174,1.0716874380904968,NS
Ag00001aa152379_T002,-0.049904905826313926,1,-0,NS
Ag00001aa044616_T001,0.36848900064510354,1,-0,NS
Ag00001aa100883_T001,-0.5585165204173551,0.0743985096902138,1.1284357639137845,NS
Ag00001aa126695_T003,-0.27578631324264175,0.125293044867075,0.902073036425532,NS
Ag00001aa027356_T001,-0.9517638143471524,1,-0,NS
Ag00001aa052362_T001,-0.3733272473940066,0.215393979935466,0.666766439001564,NS
Ag00001aa123255_T003,0.5310694927259542,0.00720788863712781,2.1421919318867206,NS
Ag00001aa097924_T001,2.2536867827322706,0.00739857988744178,2.130851632462856,Up
Ag00001aa018953_T001,-0.7345631039509016,0.932220212381884,0.03048148493620075,NS
Ag00001aa100479_T001,0.03843618165610792,1,-0,NS
Ag00001aa090002_T001,0.05380644369579382,1,-0,NS
Ag00001aa027953_T002,0.11636475669178462,1,-0,NS
Ag00001aa097239_T001,-0.09850554495242506,0.711677174662978,0.14771696290270936,NS
Ag00001aa046989_T002,0.49364733397521016,1,-0,NS
Ag00001aa101488_T001,-0.3219280948873623,1,-0,NS
Ag00001aa104577_T002,-0.4092782299901589,0.897423168910481,0.04700272241149734,NS
Ag00001aa032855_T002,-0.4363537305159361,0.798625464100395,0.09765684648079968,NS
Ag00001aa128785_T001,-0.0694518807521452,1,-0,NS
Ag00001aa099248_T002,-0.05439229681862778,1,-0,NS
Ag00001aa029536_T001,0.07313470463021537,1,-0,NS
Ag00001aa060678_T004,-0.33278908751912917,0.330858242366004,0.4803580417080533,NS
Ag00001aa009144_T001,2.035975743665129,1.4494282847679e-4,3.838803267925452,Up
Ag00001aa132225_T001,-0.18442457113742744,1,-0,NS
Ag00001aa089943_T001,-0.6688680777827979,0.0419953986088286,1.3767982921799529,NS
Ag00001aa148737_T001,-0.058893689053568565,1,-0,NS
Ag00001aa057014_T001,0.2821432287814984,0.116884350104151,0.9322436335635592,NS
Ag00001aa113104_T003,0.7865963618908067,0.00403003622526269,2.394691050047232,NS
Ag00001aa028565_T001,2.249445341085839,0.00405002597770291,2.392542191121913,Up
Ag00001aa021835_T003,0.269033146455237,0.721609381503713,0.1416978292510238,NS
Ag00001aa022644_T002,1.556797246592743,6.3001819711034e-4,3.200646906434554,Up
Ag00001aa096012_T001,1.5089356618643954,0.24349623478192,0.6135077499568541,NS
Ag00001aa056275_T004,-0.02326977932284719,1,-0,NS
Ag00001aa006025_T001,0.2203299548795556,1,-0,NS
Ag00001aa114775_T001,0.11769504266975457,1,-0,NS
Ag00001aa013456_T001,0.08270258933024935,1,-0,NS
Ag00001aa026564_T001,-0.06340917017606154,1,-0,NS
Ag00001aa030359_T001,-1.0892673380970874,0.0145266243893336,1.8378352927497086,Down
Ag00001aa068345_T001,0.3045110418099531,0.749688461994762,0.1251191730682088,NS
Ag00001aa105821_T001,-0.049904905826313926,1,-0,NS
Ag00001aa079216_T001,0.7311832415721999,0.843230724559967,0.07405357757774209,NS
Ag00001aa107686_T001,0.23878685958711648,1,-0,NS
Ag00001aa041966_T001,0.18142064028014165,0.944979278837486,0.02457771443804084,NS
Ag00001aa054658_T001,-0.061902438925906855,1,-0,NS
Ag00001aa009446_T001,0.15055967657538138,0.539771768056816,0.26778983429928455,NS
Ag00001aa022245_T002,0.25701061820602394,1,-0,NS
Ag00001aa030831_T001,-0.25670047211174335,0.300057342599574,0.5227957412976152,NS
Ag00001aa005265_T004,0.014355292977070054,1,-0,NS
Ag00001aa085469_T003,-0.07704103576382801,1,-0,NS
Ag00001aa063568_T003,-0.0694518807521452,1,-0,NS
Ag00001aa075355_T001,-1.4941090702700428,0.0736627956661162,1.1327518027316146,NS
Ag00001aa009415_T001,0.15962918582122781,1,-0,NS
Ag00001aa005230_T002,0.0014419741739063218,1,-0,NS
Ag00001aa101000_T001,0.1686420355588392,1,-0,NS
Ag00001aa021282_T001,-1.0028882793248266,0.0276804474952178,1.5578268931483423,Down
Ag00001aa122367_T001,0.3080113145521776,1,-0,NS
Ag00001aa031443_T003,-0.07248275380152368,1,-0,NS
Ag00001aa142201_T003,0.9796595517158244,0.0664384994784752,1.1775801847031409,NS
Ag00001aa007555_T001,-0.14720210718122878,1,-0,NS
Ag00001aa144612_T001,-0.31293931166010763,0.0416047418108087,1.3808571687744726,NS
Ag00001aa013646_T002,-0.09541956507868243,1,-0,NS
Ag00001aa042113_T003,0.06350294230615795,1,-0,NS
Ag00001aa125538_T001,0.2351143203763572,1,-0,NS
Ag00001aa068891_T001,0.42545930476535526,1,-0,NS
Ag00001aa134638_T001,0.0398402645317911,1,-0,NS
Ag00001aa035039_T002,-0.4619585466663364,0.163282673645782,0.7870598969488752,NS
Ag00001aa007991_T001,-0.25325728422226385,1,-0,NS
Ag00001aa024039_T002,0.6182386555954547,0.330211803884025,0.4812074063304284,NS
Ag00001aa070595_T001,-0.8211260418302049,0.122842367595967,0.9106518217962515,NS
Ag00001aa155600_T001,-0.195946441032647,0.777868662485813,0.10909372431202385,NS
Ag00001aa130436_T001,-0.1975999598851607,1,-0,NS
Ag00001aa023539_T001,-0.17299399036102314,1,-0,NS
Ag00001aa145278_T004,-0.3455644591546006,0.832269993338585,0.07973576313755862,NS
Ag00001aa069229_T002,0.14665522211946516,1,-0,NS
Ag00001aa019452_T001,-0.6850135145314845,0.260309355304475,0.5845102234232288,NS
Ag00001aa044512_T001,-0.14880066140670606,0.572898039010263,0.24192266430734222,NS
Ag00001aa088465_T001,-0.11872693857075141,1,-0,NS
Ag00001aa107214_T002,0.09491164702546698,1,-0,NS
Ag00001aa030231_T001,-0.16004041251046824,1,-0,NS
Ag00001aa148189_T001,-0.23616354110904858,0.0948807897202051,1.0228217092064147,NS
Ag00001aa086609_T001,-0.16004041251046824,1,-0,NS
Ag00001aa009954_T001,0.1686420355588392,1,-0,NS
Ag00001aa032198_T001,0.44995748362800353,0.258092972721045,0.5882238201365683,NS
Ag00001aa051140_T001,-0.12186323337305248,0.361190955670995,0.4422631330854335,NS
Ag00001aa146114_T001,-0.34923544088309766,0.626760215360637,0.2028985788877343,NS
Ag00001aa083161_T002,-0.35291578737104634,0.142977415734822,0.8447325569149512,NS
Ag00001aa010710_T001,0.09356017616233782,1,-0,NS
Ag00001aa148336_T001,-0.33642766458247736,0.787533293977791,0.10373107679526813,NS
Ag00001aa155145_T001,-0.4422223286050742,0.156810442891718,0.8046250185697589,NS
Ag00001aa019885_T002,-0.058893689053568565,1,-0,NS
Ag00001aa062938_T001,0.048236185652847624,1,-0,NS
Ag00001aa021121_T001,-0.1281563514906822,1,-0,NS
Ag00001aa106223_T001,0.35501626421954985,1,-0,NS
Ag00001aa094623_T001,-0.060397279643956275,1,-0,NS
Ag00001aa140129_T001,0.45943161863729726,0.561928907764845,0.25031862556691614,NS
Ag00001aa139499_T001,0.2821432287814984,1,-0,NS
Ag00001aa089648_T001,-0.7833899312575583,0.297996347301935,0.5257890592671541,NS
Ag00001aa053217_T001,0.1647862781433397,0.725913668927061,0.1391150257709614,NS
Ag00001aa122476_T001,1.56900492681818,0.123418797129278,0.9086186906445518,NS
Ag00001aa105012_T001,0.29513524900081806,0.736655936135272,0.1327353071583264,NS
Ag00001aa078823_T001,2.3801753117420255,0.00241271314796717,2.6174943091149854,Up
Ag00001aa106450_T001,-0.488026018218199,0.17670647454619,0.7527475376003718,NS
Ag00001aa016721_T001,-0.9186603725480612,0.102621823379856,0.9887602730876234,NS
Ag00001aa067908_T001,0.3939652756602426,0.746542791859298,0.12694529345037195,NS
Ag00001aa106669_T001,-0.4073635713934228,0.451683735769091,0.3451655472356067,NS
Ag00001aa060624_T001,-0.27578631324264175,0.149298411761207,0.8259448122817569,NS
Ag00001aa134669_T001,-0.8084373492992444,0.205219568472732,0.6877812299416415,NS
Ag00001aa046929_T002,0.35614381022527536,1,-0,NS
Ag00001aa048902_T001,-0.392137097168765,0.504788184818838,0.29689081883530216,NS
Ag00001aa104247_T001,0.20914139783859167,1,-0,NS
Ag00001aa044413_T002,-0.2705559931663367,0.777868662485813,0.10909372431202385,NS
Ag00001aa046096_T002,0.3762903833370515,1,-0,NS
Ag00001aa151941_T001,-0.24639546372000481,1,-0,NS
Ag00001aa037418_T001,-0.19429481516148867,1,-0,NS
Ag00001aa049646_T001,-1.67116353577046,1,-0,NS
Ag00001aa077312_T002,-1.7710274302398392,0.0339971105256325,1.4685579928430168,Down
Ag00001aa011864_T001,0.08270258933024935,1,-0,NS
Ag00001aa041179_T001,0.22774107583912812,1,-0,NS
Ag00001aa065570_T001,0.7990873060740036,0.364657679654637,0.43811463580587345,NS
Ag00001aa064575_T001,0.37740143078579397,0.828128241453964,0.08190240446724627,NS
Ag00001aa078260_T001,1.5255677889013475,0.395020651487038,0.40338019907628236,NS
Ag00001aa026177_T001,0.552868871011303,0.0573278318429239,1.2416344830720016,NS
Ag00001aa143736_T001,2.125320473714413,0.00217309480965639,2.662921325491545,Up
Ag00001aa119311_T001,-0.8916428219095814,0.010319550664171,1.9863392124296888,NS
Ag00001aa034194_T001,-0.16812275880832692,1,-0,NS
Ag00001aa077953_T001,-0.17788172527065546,1,-0,NS
Ag00001aa048179_T001,-0.392137097168765,0.364455183242551,0.43835586890190154,NS
Ag00001aa139326_T001,-0.19925537606322247,0.804285548059758,0.09458973492084329,NS
Ag00001aa107339_T001,0.15185881672700494,1,-0,NS
Ag00001aa111974_T001,-0.25670047211174335,0.678364177187468,0.16853709421328697,NS
Ag00001aa038828_T002,0.07176266930009127,1,-0,NS
Ag00001aa025863_T001,0.056583528366367514,1,-0,NS
Ag00001aa054113_T001,0.37740143078579397,1,-0,NS
Ag00001aa004315_T001,-0.0709665213541436,1,-0,NS
Ag00001aa052228_T002,0.04124298223188134,1,-0,NS
Ag00001aa128988_T002,-0.12186323337305248,1,-0,NS
Ag00001aa127853_T001,-0.5950968778548693,0.0262403316101048,1.581030680899706,NS
Ag00001aa152083_T001,-0.4305089080412838,0.595890075817136,0.22483384742257917,NS
Ag00001aa127458_T001,0.8155754288625726,1,-0,NS
Ag00001aa106882_T001,-1.5269924320838262,0.725913668927061,0.1391150257709614,NS
Ag00001aa039812_T002,-0.22095044716254147,0.325905761207636,0.48690796221491056,NS
Ag00001aa064923_T003,0.2916035580305647,1,-0,NS
Ag00001aa088789_T001,0.22650852980867975,1,-0,NS
Ag00001aa035013_T001,-0.17462139610706873,1,-0,NS
Ag00001aa142492_T002,-0.3978282092466207,0.716671298812541,0.14467998776839483,NS
Ag00001aa034949_T001,-0.15521264992094005,1,-0,NS
Ag00001aa002276_T001,-0.12343394124827903,1,-0,NS
Ag00001aa111933_T001,2.541019153133559,0.00186323575114624,2.729732191295738,Up
Ag00001aa024101_T001,-1.265344566520995,0.291174986387506,0.5358459361600795,NS
Ag00001aa002026_T001,0.031395196275534325,1,-0,NS
Ag00001aa102856_T001,-0.07552000764097772,1,-0,NS
Ag00001aa014966_T001,-0.41888982477445036,0.25510085972891,0.5932880777489227,NS
Ag00001aa006010_T001,-0.29335894269059154,1,-0,NS
Ag00001aa078471_T001,-0.03948828988097554,1,-0,NS
Ag00001aa022334_T002,0.9456077031813722,0.0173201588829397,1.7614481283886785,NS
Ag00001aa156715_T001,-1.1046973786666932,0.244946226583561,0.6109292464977508,NS
Ag00001aa019810_T001,0.8631455429893993,0.770581802351979,0.11318125126830277,NS
Ag00001aa076505_T001,0.2630344058337938,1,-0,NS
Ag00001aa052619_T001,0.607862902831235,1,-0,NS
Ag00001aa002437_T001,-0.3346072289581085,0.0536254453114337,1.270629088364415,NS
Ag00001aa078276_T002,-0.42275246440684927,0.597149834475128,0.2239166837429529,NS
Ag00001aa026817_T002,-0.4719288354212646,0.0383990467896524,1.4156795563390374,NS
Ag00001aa100198_T003,0.2702299072379977,0.597224893457665,0.2238620983582932,NS
Ag00001aa103584_T001,-0.732164607902385,0.0285377160833073,1.5445807870765589,NS
Ag00001aa024106_T001,-0.09541956507868243,1,-0,NS
Ag00001aa078974_T001,-1.3883554566263383,0.0727750809603023,1.1380173027480593,NS
Ag00001aa011541_T001,-0.17625063969172725,1,-0,NS
Ag00001aa083890_T001,0.6406209280356976,0.326579095688125,0.4860116178781331,NS
Ag00001aa153960_T002,0.08814159686901755,1,-0,NS
Ag00001aa078514_T004,-0.7249929525001302,0.0148970490848774,1.8268997512573146,NS
Ag00001aa117510_T001,-0.41888982477445036,0.364725178638086,0.43803425432776116,NS
Ag00001aa117299_T001,-0.496142467422571,0.00892797863304662,2.0492468577838543,NS
Ag00001aa089422_T001,-0.2618807112174235,1,-0,NS
Ag00001aa127438_T001,0.01006368334469748,1,-0,NS
Ag00001aa090486_T004,0.9275172461984763,0.0957015732213197,1.0190809228739184,NS
Ag00001aa118909_T001,-0.265344566520995,0.498932673293981,0.301958054756647,NS
Ag00001aa002239_T001,-1.2618807112174235,0.0470481969298305,1.3274570157740235,Down
Ag00001aa005319_T002,-0.17625063969172725,0.864367076482928,0.06330178363759183,NS
Ag00001aa085317_T003,-0.10780328953451485,1,-0,NS
Ag00001aa082523_T001,0.18523225423016085,1,-0,NS
Ag00001aa065361_T001,-0.12973392960401728,0.781698118635393,0.10696093328690219,NS
Ag00001aa125357_T001,0.4103411046140874,1,-0,NS
Ag00001aa070337_T001,0.11769504266975457,1,-0,NS
Ag00001aa125700_T001,-0.4739311883324124,1,-0,NS
Ag00001aa119757_T001,0.3091761874785146,1,-0,NS
Ag00001aa063596_T001,0.05519565424212462,1,-0,NS
Ag00001aa018572_T001,0.05380644369579382,1,-0,NS
Ag00001aa121589_T001,-0.4073635713934228,0.258092972721045,0.5882238201365683,NS
Ag00001aa102518_T001,-1.2209504471625414,0.0534853094637296,1.271765487043104,NS
Ag00001aa055023_T001,0.011495638837829437,1,-0,NS
Ag00001aa013419_T001,-0.21256753548313206,0.943876232415294,0.025084949667038923,NS
Ag00001aa024074_T001,-0.11091590140185059,0.38979609318522,0.40916251800598985,NS
Ag00001aa004466_T001,-0.5777669993169522,1,-0,NS
Ag00001aa061127_T001,-0.09850554495242506,1,-0,NS
Ag00001aa101350_T001,0.2078928516413329,0.545527512071895,0.2631833421614047,NS
Ag00001aa114946_T001,-0.15521264992094005,1,-0,NS
Ag00001aa138266_T001,-0.3346072289581085,0.396432382796929,0.4018308771544719,NS
Ag00001aa014453_T001,2.3881895371560837,0.0182821379212072,1.7379730190457292,Up
Ag00001aa006158_T002,-0.008682243099800882,1,-0,NS
Ag00001aa026356_T001,1.3368546391254652,0.130527594795155,0.8842976645679929,NS
Ag00001aa022096_T002,-0.27578631324264175,0.315064577095113,0.5016004220780085,NS
Ag00001aa030675_T001,-1.1202942337177118,0.0536254453114337,1.270629088364415,NS
Ag00001aa049647_T001,-1.639354797539784,1,-0,NS
Ag00001aa003699_T001,-0.5125136506514639,0.538582870710414,0.2687474631678127,NS
Ag00001aa065033_T001,-0.29512803554364725,0.627344416087216,0.20249396325381197,NS
Ag00001aa043747_T004,0.40708077545050075,0.566109415057834,0.24709962223311993,NS
Ag00001aa020846_T001,0.03843618165610792,1,-0,NS
Ag00001aa090528_T001,-1.7321646079023851,0.00892797863304662,2.0492468577838543,Down
Ag00001aa066192_T001,-0.12029423371771177,0.893498609002903,0.04890611926671278,NS
Ag00001aa108923_T001,-2.1909972250609138,7.5989853017634e-4,3.1192443955173226,Down
Ag00001aa006924_T001,-0.2108967824986185,1,-0,NS
Ag00001aa046278_T001,1.474565834538475,0.00679640020265467,2.1677210558348885,Up
Ag00001aa075366_T003,0.38736254083599553,1,-0,NS
Ag00001aa064210_T002,0.1348780543431117,1,-0,NS
Ag00001aa097250_T001,-1.5691795034802285,0.943581750507114,0.025220467246701912,NS
Ag00001aa126953_T002,-0.17299399036102314,1,-0,NS
Ag00001aa020046_T001,0.48645695576873105,0.106499948373213,0.9726506027532636,NS
Ag00001aa032161_T001,-0.5084034055895519,0.522138298112015,0.28221445072969925,NS
Ag00001aa095030_T001,-1,0.733355831960551,0.13468524997050152,NS
Ag00001aa029075_T001,-1.6620035364849841,0.0681315114375274,1.1666519765134586,NS
Ag00001aa137018_T001,-0.5395195299599892,0.129628506172894,0.8872994837103492,NS
Ag00001aa092668_T001,-0.3733272473940066,0.826887884484081,0.08255337128264262,NS
Ag00001aa055585_T001,0.11370049916472831,1,-0,NS
Ag00001aa135086_T001,-0.015957573902976245,1,-0,NS
Ag00001aa069992_T001,-0.1124747292584125,1,-0,NS
Ag00001aa012578_T002,0.09761079662642233,1,-0,NS
Ag00001aa061282_T001,-0.10935875603655623,1,-0,NS
Ag00001aa102068_T001,-0.21759143507262677,1,-0,NS
Ag00001aa009888_T001,1.3561438102252754,0.0386516085968259,1.412832426967191,Up
Ag00001aa111862_T002,-0.38270151715915357,1,-0,NS
Ag00001aa060591_T001,-0.9742624385863917,0.0098668374467916,2.0058220266109945,NS
Ag00001aa019017_T001,1.05797006863733,0.0113333776272105,1.9456406403348623,Up
Ag00001aa123622_T001,0.0676387168753633,1,-0,NS
Ag00001aa054066_T001,0.05102400302446689,1,-0,NS
Ag00001aa156538_T001,1.8675011509223944,0.031423668161717,1.5027431200787391,Up
Ag00001aa025279_T001,0.42115596066222344,0.152509511745053,0.8167030693036298,NS
Ag00001aa071304_T001,-0.5002178798526883,0.821784787801321,0.08524190229913074,NS
Ag00001aa011032_T001,1.488515008957812,0.329108721115551,0.48266060909980413,NS
Ag00001aa102038_T001,-0.2276920250415967,1,-0,NS
Ag00001aa000539_T001,0.02856915219677092,1,-0,NS
Ag00001aa032985_T001,0.19156265070075562,1,-0,NS
Ag00001aa001425_T002,1.511973981781801,0.0880503297045813,1.0552690134773717,NS
Ag00001aa046697_T001,-0.33097323449036925,0.306587119364855,0.5134460950989799,NS
Ag00001aa117671_T001,-0.3959286763311392,0.964062228116787,0.01589493242962977,NS
Ag00001aa051850_T001,0.3493652775942134,0.162655321288665,0.7887317241527948,NS
Ag00001aa044369_T001,0.8131141913462889,0.756385530124366,0.12125678792754051,NS
Ag00001aa123087_T001,0.18650055764449475,1,-0,NS
Ag00001aa009461_T002,-0.0694518807521452,1,-0,NS
Ag00001aa015828_T002,-0.12186323337305248,1,-0,NS
Ag00001aa136467_T001,-0.4305089080412838,1,-0,NS
Ag00001aa010828_T001,0.05380644369579382,1,-0,NS
Ag00001aa069526_T001,-0.4150374992788438,0.914415094293681,0.038856613633828176,NS
Ag00001aa081981_T001,-0.08620103504930393,1,-0,NS
Ag00001aa140871_T001,0.38294386956899057,1,-0,NS
Ag00001aa105582_T001,-0.12343394124827903,1,-0,NS
Ag00001aa069434_T001,-0.732164607902385,0.0102850450132819,1.9877938032422604,NS
Ag00001aa043617_T002,0.12565110166152013,1,-0,NS
Ag00001aa021465_T001,2.19377174339668,0.368787392880212,0.4332239338660801,NS
Ag00001aa044175_T002,0.9068905956085185,0.0530805980305506,1.27506419281768,NS
Ag00001aa098387_T001,0.13619138628714403,1,-0,NS
Ag00001aa058481_T001,0.3115031154682697,0.960286265142566,0.01759928275283676,NS
Ag00001aa148785_T001,-0.14241704461585192,1,-0,NS
Ag00001aa112311_T001,0.4092551466848378,0.289724699038147,0.5380144796021108,NS
Ag00001aa077527_T001,-0.3455644591546006,0.105386856120975,0.977213551078765,NS
Ag00001aa110635_T001,0.031395196275534325,1,-0,NS
Ag00001aa064781_T001,-0.1328942704973453,1,-0,NS
Ag00001aa075231_T001,0.47508488294878265,0.506693147714674,0.29525496886864966,NS
Ag00001aa028644_T004,0.1839628348425949,1,-0,NS
Ag00001aa044168_T002,-1.3733272473940066,0.103544316586279,0.9848737339791851,NS
Ag00001aa043756_T002,-0.13447704086003626,1,-0,NS
Ag00001aa141778_T001,0.08678376614206665,1,-0,NS
Ag00001aa015957_T001,0.3707222751481672,1,-0,NS
Ag00001aa026980_T001,0.23020301336642146,1,-0,NS
Ag00001aa092232_T002,-0.39024503782755654,0.344463204684959,0.462857162307119,NS
Ag00001aa003251_T001,-0.5521563556379144,0.0446288955295997,1.3503838608927348,NS
Ag00001aa030162_T002,-0.31293931166010763,0.0948807897202051,1.0228217092064147,NS
Ag00001aa080314_T001,0.42115596066222344,0.0536254453114337,1.270629088364415,NS
Ag00001aa110598_T001,-0.10935875603655623,1,-0,NS
Ag00001aa122563_T001,0.21909105824619673,1,-0,NS
Ag00001aa017929_T001,-0.27578631324264175,0.0717874556854155,1.143951438801816,NS
Ag00001aa106134_T001,0.39066768555966747,0.384052597530622,0.41560929320269807,NS
Ag00001aa122903_T001,-2.6896598793878495,0.0377268112268301,1.4233499010040518,Down
Ag00001aa123440_T001,-0.4500844463780446,0.186522431595345,0.72926893151072,NS
Ag00001aa121045_T001,-0.41311518714781525,0.235411863234725,0.62817165530924,NS
Ag00001aa069289_T001,-0.6734626518600481,0.22994872077522,0.6383690021012869,NS
Ag00001aa121953_T001,0.02856915219677092,1,-0,NS
Ag00001aa135449_T001,0.259423152281415,0.885506408910991,0.052808291227598135,NS
Ag00001aa112064_T002,-0.35107444054687875,0.310355465488775,0.5081406021048595,NS
Ag00001aa062930_T001,-0.5166356392866507,1,-0,NS
Ag00001aa029475_T001,0.35727047567955944,0.787538076699393,0.10372843931529244,NS
Ag00001aa148934_T001,0.07997537672059589,1,-0,NS
Ag00001aa102742_T001,2.032100843167024,0.0404146172763369,1.3934615295850146,Up
Ag00001aa071392_T001,0.2582173895360179,1,-0,NS
Ag00001aa127851_T001,0.6135316529179271,0.0265041853870984,1.5766855393841603,NS
Ag00001aa004202_T001,-0.5166356392866507,0.0165152325061983,1.7821153078067697,NS
Ag00001aa126233_T003,0.14274017211608214,1,-0,NS
Ag00001aa091927_T001,-0.8109661756099832,0.119516068900821,0.9225737000229727,NS
Ag00001aa000885_T002,-0.20257191784768688,0.951860424318413,0.02142672954869286,NS
Ag00001aa000897_T005,-0.1440103026915193,1,-0,NS
Ag00001aa104263_T002,0.2630344058337938,0.961847927774219,0.016893586329297574,NS
Ag00001aa126959_T001,-0.5166356392866507,0.174040804511685,0.7593489178283102,NS
Ag00001aa031125_T002,-0.720231578406405,0.618204897100372,0.2088675590021781,NS
Ag00001aa058853_T001,-0.2722973271627619,0.244986892722814,0.6108571506168132,NS
Ag00001aa063940_T001,0.05380644369579382,1,-0,NS
Ag00001aa028578_T001,-0.3547594873547347,1,-0,NS
Ag00001aa069530_T001,-0.15360697914763968,1,-0,NS
Ag00001aa121027_T001,0.4478436443620855,0.504954923881831,0.2967473885805971,NS
Ag00001aa069276_T001,-1.0174170530774094,0.548589851732692,0.26075223059451846,NS
Ag00001aa084807_T002,-0.21926996352362352,0.746456426288377,0.12699553874248368,NS
Ag00001aa035027_T001,0.33113192221720217,1,-0,NS
Ag00001aa040781_T001,-0.25842515258120435,0.19978856507901,0.6994293722922315,NS
Ag00001aa149404_T002,0.5129853348136765,0.424744977129354,0.3718717482279646,NS
Ag00001aa056547_T003,-0.49207853504267185,0.0109030475148092,1.9624520952814593,NS
Ag00001aa104679_T001,-1.077041035763828,0.519985461196085,0.2840087990778632,NS
Ag00001aa132024_T001,0.5320675522890307,0.896012273633124,0.04768604130368887,NS
Ag00001aa152989_T002,1.029276182370632,0.0536254453114337,1.270629088364415,NS
Ag00001aa108135_T001,-0.36215793967589505,0.56992213633744,0.24418447427288856,NS
Ag00001aa051743_T001,-1.074000581443777,0.00846865940957308,2.072185333129096,Down
Ag00001aa041691_T001,-0.2740407654908124,0.221271483058873,0.6550745533036344,NS
Ag00001aa107614_T001,-0.5649048483799026,0.722096056096045,0.14140502700420285,NS
Ag00001aa095610_T001,-0.46394709975979026,0.0436861299208003,1.3596564269884475,NS
Ag00001aa053073_T001,-1.0320936297098533,0.045342469336414,1.3434948320265232,Down
Ag00001aa031026_T001,0.3045110418099531,1,-0,NS
Ag00001aa124402_T001,2.7057567820497974,0.0477220236159146,1.3212811486858627,Up
Ag00001aa029945_T001,1.492109552652613,0.0394928052795828,1.4034820160691837,Up
Ag00001aa058588_T001,0.9898656228662869,5.8825986761306e-4,3.230430779130337,NS
Ag00001aa003252_T002,-0.5521563556379144,0.469412380647552,0.3284454601656175,NS
Ag00001aa041527_T001,-0.03209362970985334,1,-0,NS
Ag00001aa127431_T001,0.057970068637329945,1,-0,NS
Ag00001aa027652_T001,-0.014499569695115089,1,-0,NS
Ag00001aa108510_T001,0.6341285575250407,0.393467564055257,0.4050910633873307,NS
Ag00001aa039079_T002,0.5538519681811257,0.715706399534864,0.14526509949661723,NS
Ag00001aa011312_T001,1.1814206402801417,0.483953154371431,0.3151966750965451,NS
Ag00001aa010889_T001,-0.36215793967589505,0.82886929446065,0.08151394854491344,NS
Ag00001aa011601_T001,0.05102400302446689,1,-0,NS
Ag00001aa122721_T001,1.4818155736178629,0.181361843653479,0.7414540779914711,NS
Ag00001aa028523_T002,-0.36215793967589505,0.151965101667679,0.8182561350374914,NS
Ag00001aa028081_T001,-0.3255393484397412,1,-0,NS
Ag00001aa073857_T001,0.04404433270602122,1,-0,NS
Ag00001aa142034_T003,-0.9601597354682089,0.0369422867220403,1.4324762253000436,NS
Ag00001aa030057_T001,0.29865831556451516,0.878927104241123,0.05604714260383967,NS
Ag00001aa057842_T001,0.8106487477826461,0.167016701964433,0.7772400964674278,NS
Ag00001aa089904_T001,-0.2968993003958401,0.416840119016529,0.38003048877521806,NS
Ag00001aa021851_T001,-0.3677317845004871,0.0264552610002779,1.5774879494817138,NS
Ag00001aa032043_T002,-0.08161376555365212,1,-0,NS
Ag00001aa003316_T002,0.10299399332332565,1,-0,NS
Ag00001aa056904_T003,-0.16165326347876927,1,-0,NS
Ag00001aa000647_T004,0.25338423580007446,0.540213739288511,0.26743437457043623,NS
Ag00001aa140662_T001,-0.4092782299901589,0.371716023121739,0.4297887178836376,NS
Ag00001aa040607_T001,1.2868811477881617,5.3076157246977e-4,3.2751005279109564,Up
Ag00001aa027795_T002,-2.0350469470992008,0.0132930473439381,1.8763754484816713,Down
Ag00001aa047794_T002,1.70310069960416,5.3184670064337e-4,3.2742135305974704,Up
Ag00001aa008400_T001,-0.16165326347876927,1,-0,NS
Ag00001aa038479_T001,0.4103411046140874,0.790206412439086,0.10225945038779072,NS
Ag00001aa086844_T001,0.4005379295837288,0.413193530501549,0.38384648698173396,NS
Ag00001aa122432_T002,-0.03948828988097554,1,-0,NS
Ag00001aa114502_T001,0.21163525332714944,1,-0,NS
Ag00001aa000390_T003,0.07176266930009127,1,-0,NS
Ag00001aa047508_T001,0.0922074380970889,1,-0,NS
Ag00001aa141937_T002,-0.9077925619029111,0.74981933461374894,0.12504336518440703,NS
Ag00001aa021416_T001,-0.2986727425870594,0.045412381071017,1.3428257264871961,NS
Ag00001aa064906_T003,0.06350294230615795,1,-0,NS
Ag00001aa105661_T001,0.39066768555966747,1,-0,NS
Ag00001aa116752_T001,-0.1648843847417823,1,-0,NS
Ag00001aa146395_T002,1.151858816727005,0.74355219228109,0.1286885415682155,NS
Ag00001aa085719_T001,0.2963105607080923,0.259790568161232,0.5853766202756451,NS
Ag00001aa145421_T001,-0.5187010584524349,1,-0,NS
Ag00001aa129781_T002,0.6798741477466231,0.637373373951232,0.19560608298274898,NS
Ag00001aa120548_T002,0.3740657182225377,1,-0,NS
Ag00001aa050514_T001,0.031395196275534325,1,-0,NS
Ag00001aa040483_T001,0.060739157857678534,1,-0,NS
Ag00001aa150460_T002,0.8081790837714706,0.486244477835076,0.31314531781918753,NS
Ag00001aa066301_T002,0.6897464384935557,1,-0,NS
Ag00001aa126546_T001,-0.905088352974533,1,-0,NS
Ag00001aa009090_T004,-0.5353317329965558,0.0337246713565923,1.4720522737899027,NS
Ag00001aa010523_T001,-1.22431729826094,0.00470009519917094,2.327893345456643,Down
Ag00001aa101223_T001,-0.3093594213843066,0.145369262874672,0.8375274117375308,NS
Ag00001aa070919_T002,0.02431967919541289,1,-0,NS
Ag00001aa008756_T002,0.2351143203763572,0.931051732815288,0.031026187276426243,NS
Ag00001aa083412_T001,0.21038886444540292,1,-0,NS
Ag00001aa088484_T002,0.05519565424212462,1,-0,NS
Ag00001aa118726_T001,0.09356017616233782,1,-0,NS
Ag00001aa001166_T002,0.6870606883398924,1,-0,NS
Ag00001aa009685_T003,-0.045431429247006,1,-0,NS
Ag00001aa054755_T001,-0.011587974275211846,1,-0,NS
Ag00001aa000091_T001,0.820485342986379,0.0103270395758525,1.98602415864855,NS
Ag00001aa141013_T001,1.8069426645777624,0.00431305084689471,2.365215421892159,Up
Ag00001aa053462_T001,0.5250665920782109,0.11600082341195,0.9355389279972451,NS
Ag00001aa033796_T002,-0.34739878240348054,0.494378955977064,0.3059400239579741,NS
Ag00001aa018979_T001,-0.5002178798526883,1,-0,NS
Ag00001aa128979_T001,0.02431967919541289,1,-0,NS
Ag00001aa078238_T001,0.057970068637329945,1,-0,NS
Ag00001aa036252_T001,-0.1584293626044829,1,-0,NS
Ag00001aa142969_T001,0.037030730944967026,1,-0,NS
Ag00001aa090705_T004,-0.08467032398699055,1,-0,NS
Ag00001aa094613_T001,0.16992500144231237,1,-0,NS
Ag00001aa089258_T001,-0.6551715030025588,1,-0,NS
Ag00001aa088277_T001,-1.1975999598851608,0.462117017330795,0.3352480384131665,NS
Ag00001aa103197_T001,-0.12343394124827903,1,-0,NS
Ag00001aa142763_T001,-0.25670047211174335,0.942807861868942,0.025576804645737698,NS
Ag00001aa026636_T001,0.6182386555954547,0.916453157640134,0.03788972808125429,NS
Ag00001aa010355_T001,2.3760124877297413,0.530054048944391,0.2756798436794056,NS
Ag00001aa068853_T001,-0.23446525363702297,1,-0,NS
Ag00001aa018751_T001,-0.2705559931663367,0.339457388427797,0.4692147342911014,NS
Ag00001aa052272_T002,-0.189351252217354,0.976225854493872,0.01044969461503165,NS
Ag00001aa129056_T001,-0.496142467422571,0.727757912450676,0.13801306405474925,NS
Ag00001aa156796_T001,-1.0558912008920451,0.110922754872034,0.954979352844037,NS
Ag00001aa042497_T001,-0.07704103576382801,1,-0,NS
Ag00001aa010230_T001,0.16992500144231237,1,-0,NS
Ag00001aa093196_T001,-0.9105018491608974,0.835096243953334,0.07826346965513213,NS
Ag00001aa051930_T002,0.08678376614206665,1,-0,NS
Ag00001aa019566_T001,1.4552285711171389,0.153246849980565,0.8146084437271235,NS
Ag00001aa145064_T002,0.39066768555966747,1,-0,NS
Ag00001aa121679_T001,-0.17788172527065546,1,-0,NS
Ag00001aa017831_T002,1.0100636833446974,0.385558832174547,0.4139093438405245,NS
Ag00001aa107534_T001,-0.7612131404128835,0.0477220236159146,1.3212811486858627,NS
Ag00001aa082678_T001,-0.25670047211174335,0.692945465339774,0.15930094292636218,NS
Ag00001aa050559_T001,-0.17136841831198107,0.824230148147376,0.0839515041834454,NS
Ag00001aa033935_T001,-0.4016347946763554,1,-0,NS
Ag00001aa081119_T001,0.662661255475094,0.325725153811154,0.4871487021671863,NS
Ag00001aa115446_T001,-0.21256753548313206,1,-0,NS
Ag00001aa104784_T001,0.755314904045098,0.528021073832691,0.27734874400669857,NS
Ag00001aa063365_T001,0.267835392097615,1,-0,NS
Ag00001aa065367_T001,0.045442970761167115,1,-0,NS
Ag00001aa099205_T001,-0.5929192245494992,1,-0,NS
Ag00001aa039268_T001,-0.3603047666004178,0.136972579429326,0.8633663656497808,NS
Ag00001aa018896_T001,-0.4819685073978307,1,-0,NS
Ag00001aa090288_T001,0.1750454861109138,1,-0,NS
Ag00001aa101583_T001,-1.9105018491608974,0.507160893255585,0.294854241912784,NS
Ag00001aa049833_T001,-0.189351252217354,1,-0,NS
Ag00001aa010011_T001,-0.5521563556379144,0.417135639335937,0.3797227032116796,NS
Ag00001aa006018_T001,-0.07856366919370213,1,-0,NS
Ag00001aa071409_T001,-0.41311518714781525,1,-0,NS
Ag00001aa080561_T001,-0.34923544088309766,1,-0,NS
Ag00001aa097019_T002,-0.117161344232749,1,-0,NS
Ag00001aa023914_T001,-0.20589610144025206,1,-0,NS
Ag00001aa107501_T002,0.25096157353321874,1,-0,NS
Ag00001aa080228_T001,-1.5395195299599893,0.0908295079285102,1.0417730386081785,NS
Ag00001aa079837_T001,0.12829340100981756,1,-0,NS
Ag00001aa090788_T001,-0.07248275380152368,1,-0,NS
Ag00001aa064227_T003,0.3950627995175776,1,-0,NS
Ag00001aa106896_T001,-0.020340448284175534,1,-0,NS
Ag00001aa104490_T001,1.7794698572951695,0.00478916486520746,2.319740212275112,Up
Ag00001aa067238_T001,-0.25325728422226385,1,-0,NS
Ag00001aa029867_T001,0.07450543636362976,1,-0,NS
Ag00001aa009918_T001,-0.5994620704162712,0.0623354591804507,1.2052648370399108,NS
Ag00001aa031297_T001,-0.33642766458247736,0.431724797468755,0.36479300556066013,NS
Ag00001aa055274_T002,-0.2601518973006725,0.344923638365764,0.46227704146900117,NS
Ag00001aa064749_T001,-0.08314123530024586,1,-0,NS
Ag00001aa104415_T001,-0.6259342817774622,0.896012273633124,0.04768604130368887,NS
Ag00001aa100613_T002,-0.6259342817774622,0.102342200036944,0.9899452512916429,NS
Ag00001aa118915_T001,0.05241589415113853,1,-0,NS
Ag00001aa086093_T001,-0.35291578737104634,0.987268111327492,0.005564890432702532,NS
Ag00001aa057520_T001,0.45943161863729726,0.0123079209309998,1.9098153024262674,NS
Ag00001aa094751_T001,-0.2915920165164037,0.128162404333939,0.8922393537944211,NS
Ag00001aa109113_T001,1.3493652775942133,0.155271586304203,0.8089080100814107,NS
Ag00001aa093839_T001,-0.061902438925906855,1,-0,NS
Ag00001aa024524_T001,0.14535138557262012,1,-0,NS
Ag00001aa013105_T001,0.06350294230615795,1,-0,NS
Ag00001aa067523_T001,-0.5166356392866507,1,-0,NS
Ag00001aa155278_T001,0.9781956296816515,0.463364989550285,0.334076783276992,NS
Ag00001aa058164_T001,1.95345150136626,0.231062700186199,0.6362701558221788,NS
Ag00001aa024379_T002,0.029982866215714315,1,-0,NS
Ag00001aa033910_T001,0.9500950941736861,0.0948807897202051,1.0228217092064147,NS
Ag00001aa037973_T002,0.5190386096000587,0.414400274222514,0.38257996587555204,NS
Ag00001aa005079_T001,0.15704371014558002,0.163282673645782,0.7870598969488752,NS
Ag00001aa064148_T003,-0.12973392960401728,1,-0,NS
Ag00001aa021864_T001,-0.5929192245494992,0.161015459001012,0.793132425604592,NS
Ag00001aa116262_T002,-0.3040061868900999,0.0195238260300803,1.7094350708430497,NS
Ag00001aa008440_T001,0.10701824988212043,1,-0,NS
Ag00001aa052013_T001,-0.5777669993169522,0.885266765880673,0.05292583948031695,NS
Ag00001aa013587_T001,-0.3455644591546006,1,-0,NS
Ag00001aa015508_T001,0.24974871508356883,1,-0,NS
Ag00001aa009666_T002,0.3379964635150159,0.389722041232402,0.40924503142847435,NS
Ag00001aa121540_T002,0.10299399332332565,1,-0,NS
Ag00001aa122916_T003,-0.3040061868900999,1,-0,NS
Ag00001aa002001_T001,0.070389327891398,1,-0,NS
Ag00001aa052785_T001,0.27500704749986976,1,-0,NS
Ag00001aa138842_T001,0.1190241031422746,1,-0,NS
Ag00001aa154648_T001,-0.3566055465201077,0.869050879609776,0.06095479652381362,NS
Ag00001aa051195_T002,-0.38458370273712994,1,-0,NS
Ag00001aa127648_T001,0.04684025420297235,1,-0,NS
Ag00001aa007663_T001,0.4318903482861805,0.399505958763504,0.398476738655849,NS
Ag00001aa149652_T001,-0.16650266314016504,1,-0,NS
Ag00001aa135132_T002,0.2654368960490983,1,-0,NS
Ag00001aa096585_T002,-0.6711635357704601,0.0536254453114337,1.270629088364415,NS
Ag00001aa089343_T002,0.36848900064510354,0.932923946188783,0.030153759358353273,NS
Ag00001aa040652_T001,-0.0709665213541436,1,-0,NS
Ag00001aa127417_T001,0.2582173895360179,1,-0,NS
Ag00001aa101854_T001,-0.3714596807372396,1,-0,NS
Ag00001aa128650_T001,-0.12186323337305248,1,-0,NS
Ag00001aa104185_T004,-0.2915920165164037,0.988172442742364,0.005167261488700799,NS
Ag00001aa126766_T003,-0.12658049656514306,1,-0,NS
Ag00001aa055815_T003,-0.1584293626044829,0.506693147714674,0.29525496886864966,NS
Ag00001aa051386_T002,-0.5228407888133588,0.00120819749176669,2.917862070206467,NS
Ag00001aa023218_T001,-0.7466157641999255,1,-0,NS
Ag00001aa118595_T001,1.7110543218120664,0.0418137416090844,1.3786809688410309,Up
Ag00001aa091250_T002,0.11370049916472831,1,-0,NS
Ag00001aa034329_T001,-0.19429481516148867,0.851821919526265,0.06965118862618049,NS
Ag00001aa009932_T001,-0.05739166388833668,1,-0,NS
Ag00001aa006961_T002,-0.1568201097428258,1,-0,NS
Ag00001aa083939_T002,-0.3677317845004871,0.298273798462667,0.5253848950886998,NS
Ag00001aa088719_T005,-0.20257191784768688,1,-0,NS
Ag00001aa063811_T001,-0.5585165204173551,0.0828106512960064,1.0819137996694979,NS
Ag00001aa124475_T001,-0.09080293700831261,1,-0,NS
Ag00001aa000786_T001,-0.39024503782755654,1,-0,NS
Ag00001aa125798_T002,-0.03948828988097554,1,-0,NS
Ag00001aa031214_T001,-0.37519723474705274,0.843854964913608,0.07373219004534666,NS
Ag00001aa155995_T001,-0.23616354110904858,1,-0,NS
Ag00001aa000491_T002,-0.3566055465201077,0.0035902104398114,2.4448800945497253,NS
Ag00001aa048517_T001,0.3482324192392708,1,-0,NS
Ag00001aa005554_T001,0.09491164702546698,1,-0,NS
Ag00001aa061964_T001,-0.6214883767462701,0.19647033884355,0.7067030058427453,NS
Ag00001aa045235_T001,-0.438307278601691,0.14085773845813301,0.851219288704145,NS
Ag00001aa024174_T001,-0.3219280948873623,0.054481163605303,1.2637536253616886,NS
Ag00001aa109487_T002,-0.21926996352362352,0.528021073832691,0.27734874400669857,NS
Ag00001aa105239_T001,-0.08467032398699055,1,-0,NS
Ag00001aa036779_T001,0.20414071678022522,1,-0,NS
Ag00001aa077992_T001,0.011495638837829437,1,-0,NS
Ag00001aa014563_T002,0.31614574229335635,0.904170076240925,0.04374987016004154,NS
Ag00001aa110313_T001,-2.0291463456595165,0.057243794718657,1.2422715843681014,NS
Ag00001aa155706_T001,-1.6126374591640045,0.0150870114626126,1.8213967796966937,Down
Ag00001aa107918_T002,-0.3584539709124763,0.44634951196103,0.3503249357478494,NS
Ag00001aa059489_T001,0.6461626571578936,1,-0,NS
Ag00001aa005657_T001,-0.36215793967589505,0.127406660512902,0.8948078675392165,NS
Ag00001aa103170_T001,-0.41888982477445036,0.00283215008202458,2.5478837361277256,NS
Ag00001aa040242_T002,0.01006368334469748,1,-0,NS
Ag00001aa027333_T001,0.1647862781433397,1,-0,NS
Ag00001aa009716_T001,1.7523204284596703,0.00588758169832603,2.2300630533855954,Up
Ag00001aa070523_T002,-0.02326977932284719,1,-0,NS
Ag00001aa024358_T002,0.09491164702546698,1,-0,NS
Ag00001aa122191_T001,-0.22263289054958724,1,-0,NS
Ag00001aa032669_T001,-0.0072315692310758635,1,-0,NS
Ag00001aa090759_T002,-0.32012585225337686,1,-0,NS
Ag00001aa115329_T002,-0.39024503782755654,0.0165152325061983,1.7821153078067697,NS
Ag00001aa119220_T002,-0.16165326347876927,1,-0,NS
Ag00001aa011199_T002,-0.6780719051126377,0.0536254453114337,1.270629088364415,NS
Ag00001aa001210_T001,0.08814159686901755,1,-0,NS
Ag00001aa032343_T001,0.17376706773670636,1,-0,NS
Ag00001aa082925_T001,-0.41888982477445036,0.904597456208165,0.04354463785509063,NS
Ag00001aa090073_T001,-0.5542732966500158,0.223836278456486,0.6500695234528919,NS
Ag00001aa012571_T001,1.811881996218668,0.00142805840138392,2.8452540314392993,Up
Ag00001aa121585_T003,-0.08620103504930393,1,-0,NS
Ag00001aa008138_T001,-0.09541956507868243,1,-0,NS
Ag00001aa001251_T001,-0.24639546372000481,0.411544437231278,0.3855832642126243,NS
Ag00001aa117497_T001,0.09085343045111348,1,-0,NS
Ag00001aa001946_T001,-0.6281623826695795,0.479263903414241,0.31942527941286253,NS
Ag00001aa060429_T001,-0.11559744701631275,1,-0,NS
Ag00001aa041877_T002,0.04963076772460043,1,-0,NS
Ag00001aa046514_T001,0.15704371014558002,1,-0,NS
Ag00001aa027681_T001,-0.014499569695115089,1,-0,NS
Ag00001aa111539_T001,-0.3714596807372396,0.572878103391059,0.24193777708390318,NS
Ag00001aa023812_T001,-1.0709665213541435,0.021883683304724,1.6598795788518899,Down
Ag00001aa084486_T001,-0.23956612532988847,1,-0,NS
Ag00001aa150873_T001,-0.14082554413356455,1,-0,NS
Ag00001aa097214_T001,-0.06491747668133854,1,-0,NS
Ag00001aa097706_T001,-0.3165281071447725,0.850619492624466,0.07026466930334353,NS
Ag00001aa026617_T001,-0.09234017214671059,1,-0,NS
Ag00001aa071303_T002,-0.33825040018929514,1,-0,NS
Ag00001aa031473_T001,-0.16004041251046824,0.903532122872109,0.04405640255174455,NS
Ag00001aa079302_T001,-0.45997273074249273,1,-0,NS
Ag00001aa035719_T001,0.19660704409481772,0.50583010812295,0.2959953240574504,NS
Ag00001aa052127_T002,0.5945485495503542,0.100402960725369,0.9982534803410842,NS
Ag00001aa080470_T002,0.7790495528374586,0.463675619358788,0.33378573924828403,NS
Ag00001aa056636_T001,-0.6873348264416056,0.209914365819678,0.6779578387748099,NS
Ag00001aa001505_T001,-1.1584293626044828,0.0231007164130199,1.636374551302803,Down
Ag00001aa085683_T002,0.05102400302446689,1,-0,NS
Ag00001aa134807_T002,0.15962918582122781,1,-0,NS
Ag00001aa056157_T001,-0.5063526660247899,0.0281359477450009,1.5507384512762303,NS
Ag00001aa068834_T001,0.5129853348136765,0.410916760596882,0.38624614424241804,NS
Ag00001aa081335_T001,-0.1975999598851607,1,-0,NS
Ag00001aa019229_T001,0.2630344058337938,0.925141298505558,0.03379193161251297,NS
Ag00001aa064147_T003,-0.042456799242894826,1,-0,NS
Ag00001aa097893_T001,0.05935527761642124,1,-0,NS
Ag00001aa141278_T001,-0.3677317845004871,0.155634813933632,0.8078932491965607,NS
Ag00001aa078310_T002,-0.03356953269370183,1,-0,NS
Ag00001aa005889_T001,1.447314700253176,0.00549202970839495,2.2602671221714266,Up
Ag00001aa137737_T001,-0.6281623826695795,0.70415124448978506,0.15233404882290003,NS
Ag00001aa092530_T001,-0.040971781056306174,1,-0,NS
Ag00001aa097196_T002,0.03280614508324148,1,-0,NS
Ag00001aa003923_T001,0.36737106564852945,1,-0,NS
Ag00001aa040058_T001,-0.5950968778548693,0.106499948373213,0.9726506027532636,NS
Ag00001aa042815_T001,-0.4402634755670174,0.318791097222112,0.49649381551086286,NS
Ag00001aa077822_T002,-0.23446525363702297,0.983557657572412,0.007200176027742696,NS
Ag00001aa023281_T001,0.5099491463043107,0.387273035287788,0.4119827406421098,NS
Ag00001aa021065_T002,-0.4092782299901589,0.0264552610002779,1.5774879494817138,NS
Ag00001aa096904_T001,-0.1376478004679799,1,-0,NS
Ag00001aa018750_T001,-0.5249151170512174,0.147292636041516,0.8318189653534254,NS
Ag00001aa026513_T001,-0.43245455235625324,0.0276923689446099,1.5576398909295588,NS
Ag00001aa155180_T001,-0.09541956507868243,1,-0,NS
Ag00001aa051939_T001,-0.16650266314016504,1,-0,NS
Ag00001aa021899_T002,0.7739963251111731,0.0265517337684306,1.5759071152047992,NS
Ag00001aa096535_T002,0.18903382439001687,1,-0,NS
Ag00001aa118863_T001,-0.7612131404128835,0.0276923689446099,1.5576398909295588,NS
Ag00001aa087132_T001,-0.34739878240348054,0.0291230227649278,1.5357635503068807,NS
Ag00001aa127404_T001,-0.19925537606322247,0.951860424318413,0.02142672954869286,NS
Ag00001aa007607_T002,0.8615584195720287,0.0297552644271704,1.5264361859217646,NS
Ag00001aa027095_T003,-1.7858751946471527,0.00648148760676706,2.188325305045466,Down
Ag00001aa073363_T001,0.3379964635150159,1,-0,NS
Ag00001aa057078_T001,-0.19099722506091363,0.953137052776019,0.02084464712155742,NS
Ag00001aa149326_T001,-0.33642766458247736,1,-0,NS
Ag00001aa018317_T001,-1.0350469470992008,0.0706566554289262,1.1508469239792833,NS
Ag00001aa069485_T001,-0.42275246440684927,0.74003634083815,0.13074695292043925,NS
Ag00001aa048548_T001,-0.37519723474705274,1,-0,NS
Ag00001aa043737_T001,-0.36587144247495934,1,-0,NS
Ag00001aa130270_T001,-0.14880066140670606,1,-0,NS
Ag00001aa079247_T001,0,1,-0,NS
Ag00001aa028950_T002,-0.5500425163719965,0.84786822531332,0.07167164003843107,NS
Ag00001aa037675_T001,-0.4208198518728499,0.166029711608564,0.7798141864599001,NS
Ag00001aa089960_T002,-0.3057883922321094,1,-0,NS
Ag00001aa143292_T001,1.6290068334271774,0.11600082341195,0.9355389279972451,NS
Ag00001aa059296_T001,-0.09850554495242506,1,-0,NS
Ag00001aa097918_T001,2.2764966656403565,0.00574634529669289,2.2406082808949406,Up
Ag00001aa074213_T001,-1.2276920250415968,0.821063288420316,0.08562336571567888,NS
Ag00001aa021532_T001,1.674008608617225,0.0313766423007211,1.5033935332886141,Up
Ag00001aa061178_T001,0.6433944534798923,1,-0,NS
Ag00001aa025741_T001,0.03421571533791298,1,-0,NS
Ag00001aa083173_T002,0.11103131238874395,1,-0,NS
Ag00001aa143275_T001,-0.3677317845004871,1,-0,NS
Ag00001aa139922_T001,-0.3219280948873623,0.00994253730403922,2.0025027708817866,NS
Ag00001aa011281_T001,0.5160151470036647,0.751777857870465,0.12391046971862348,NS
Ag00001aa050176_T001,-1.234465253637023,0.0408996483974777,1.3882804254814507,Down
Ag00001aa136564_T002,0.7832470973781166,0.824230148147376,0.0839515041834454,NS
Ag00001aa004704_T001,-1.244685095954902,0.803829510599622,0.09483605381042892,NS
Ag00001aa109567_T001,-0.33097323449036925,0.641791575874556,0.1926059877316429,NS
Ag00001aa070932_T001,-0.3455644591546006,1,-0,NS
Ag00001aa013413_T001,-0.01304303747559888,1,-0,NS
Ag00001aa038198_T001,-0.13606154957602837,1,-0,NS
Ag00001aa052084_T001,-0.3695945285176767,1,-0,NS
Ag00001aa125303_T002,-1.8996950942043145,0.0573278318429239,1.2416344830720016,NS
Ag00001aa141414_T001,-0.37519723474705274,0.727620535398435,0.13809505248324877,NS
Ag00001aa047977_T001,-0.3864683470820729,1,-0,NS
Ag00001aa068953_T003,0.06212171190779749,1,-0,NS
Ag00001aa115744_T001,0.06901467791518046,1,-0,NS
Ag00001aa055898_T001,1.611172380044005,0.00403003622526269,2.394691050047232,Up
Ag00001aa144639_T001,-0.27928375747886874,0.628976326213576,0.20136570048206956,NS
Ag00001aa072400_T002,0.9267585319864651,0.135645588436241,0.867594326111395,NS
Ag00001aa046661_T001,0.05519565424212462,1,-0,NS
Ag00001aa048135_T001,0.02431967919541289,1,-0,NS
Ag00001aa026565_T001,-0.4092782299901589,0.415460824282767,0.3814699215789037,NS
Ag00001aa007346_T002,-0.3978282092466207,0.00548598676405933,2.2607452445446374,NS
Ag00001aa093462_T001,0.5270703355126606,0.512214871383238,0.2905478166018329,NS
Ag00001aa096557_T001,1.5577776713949258,0.00494880244618342,2.305499882669926,Up
Ag00001aa018173_T001,-0.4619585466663364,0.131089710493323,0.8824313956580822,NS
Ag00001aa051572_T001,-0.4422223286050742,0.0104149713761719,1.982341919301226,NS
Ag00001aa143245_T003,-0.4540316308947075,0.142015234250056,0.8476650655052612,NS
Ag00001aa066574_T001,-0.10314692710329326,1,-0,NS
Ag00001aa004465_T001,0.04963076772460043,1,-0,NS
Ag00001aa090548_T001,-0.1827860757416734,1,-0,NS
Ag00001aa132402_T001,-0.5585165204173551,0.363856641374732,0.43906969361301207,NS
Ag00001aa138976_T001,0.1686420355588392,0.678364177187468,0.16853709421328697,NS
Ag00001aa055095_T001,0.06901467791518046,1,-0,NS
Ag00001aa005694_T001,0.8718436485093178,0.1710585140802,0.7668553048403497,NS
Ag00001aa104167_T001,-0.5606428215257431,1,-0,NS
Ag00001aa017895_T001,1.3015876466031868,0.0412031760869339,1.38506930571771,Up
Ag00001aa114288_T001,0.10567807789453719,1,-0,NS
Ag00001aa024911_T003,-0.4461480318188743,0.0252937574151811,1.5969866509454844,NS
Ag00001aa117039_T001,0.34482849699744117,1,-0,NS
Ag00001aa102316_T001,-0.34923544088309766,1,-0,NS
Ag00001aa066486_T001,-0.029146345659516508,1,-0,NS
Ag00001aa116892_T001,2.0538064436957937,1.4494282847679e-4,3.838803267925452,Up
Ag00001aa003842_T001,0.0172092900322231,1,-0,NS
Ag00001aa013015_T001,-2.4900508536956893,0.741315892161418,0.12999668947217644,NS
Ag00001aa149781_T002,-0.6060347243397574,0.0717874556854155,1.143951438801816,NS
Ag00001aa091880_T001,-1.3510744405468789,0.382672724523998,0.4171724915535605,NS
Ag00001aa005818_T001,-0.15360697914763968,1,-0,NS
Ag00001aa127812_T001,0.12697285625776553,1,-0,NS
Ag00001aa064901_T001,-0.05439229681862778,1,-0,NS
Ag00001aa126669_T001,-0.2863041851566411,0.637503851489906,0.19551718708889274,NS
Ag00001aa154703_T002,-0.20922796213800007,1,-0,NS
Ag00001aa136825_T001,-0.3455644591546006,0.197354845297294,0.7047522066890568,NS
Ag00001aa064863_T001,0.002882508533121365,1,-0,NS
Ag00001aa103800_T002,-0.22095044716254147,1,-0,NS
Ag00001aa085903_T002,-0.34190279464862844,0.0227010182286476,1.6439546625793275,NS
Ag00001aa062907_T001,-0.27578631324264175,1,-0,NS
Ag00001aa066110_T001,0.14535138557262012,1,-0,NS
Ag00001aa123881_T001,-1.4111954329844496,0.00521443254059388,2.282792946661789,Down
Ag00001aa100449_T002,-0.048412205185245895,1,-0,NS
Ag00001aa070785_T001,-1.244685095954902,0.0536254453114337,1.270629088364415,NS
Ag00001aa035256_T001,-0.6326289343514705,1,-0,NS
Ag00001aa003952_T001,0.13619138628714403,1,-0,NS
Ag00001aa024316_T001,0.9486008474933557,0.32825635055981,0.48378686314738306,NS
Ag00001aa002737_T003,-0.004334590263891128,1,-0,NS
Ag00001aa044213_T001,-1.237863830098888,0.00956851271167974,2.0191555618373136,Down
Ag00001aa079074_T001,0.7990873060740036,0.054729329420879,1.2617798730816148,NS
Ag00001aa048041_T001,0.020057652341253476,1,-0,NS
Ag00001aa042491_T001,-0.5458241068141979,0.0644163266024592,1.191004044834065,NS
Ag00001aa082198_T001,-0.2670796178917426,0.0909103495396397,1.041386672420525,NS
Ag00001aa102000_T003,-0.8996950942043145,0.00739857988744178,2.130851632462856,NS
Ag00001aa033586_T003,-0.4422223286050742,0.423372215032549,0.37327764715268513,NS
Ag00001aa121304_T001,-0.1250063610670326,1,-0,NS
Ag00001aa091881_T001,-0.4540316308947075,0.217150386157531,0.6632393939971897,NS
Ag00001aa028716_T001,-0.17462139610706873,0.943581750507114,0.025220467246701912,NS
Ag00001aa099855_T001,1.9160944229383583,0.00115985409980266,2.93559663804529,Up
Ag00001aa107277_T003,-0.4659383975788817,0.248905823475313,0.6039649423885627,NS
Ag00001aa103253_T001,1.0014419741739062,0.382347554139405,0.41754168362898714,NS
Ag00001aa102694_T001,-0.35107444054687875,0.0258838518589593,1.5869710944401805,NS
Ag00001aa037104_T001,-0.16812275880832692,1,-0,NS
Ag00001aa071581_T001,-1.7321646079023851,0.370462334267568,0.4312559411294629,NS
Ag00001aa022823_T001,-1.0649174766813385,0.0151314887822573,1.8201183397818261,Down
Ag00001aa069788_T001,-0.05139915250664432,1,-0,NS
Ag00001aa124024_T001,0.5945485495503542,0.0725841517429015,1.1391581942029156,NS
Ag00001aa030705_T001,-0.416962376203336,1,-0,NS
Ag00001aa122019_T001,-0.4363537305159361,1,-0,NS
Ag00001aa107264_T001,-0.5972778231543953,1,-0,NS
Ag00001aa031373_T001,0.9956654097361088,1,-0,NS
Ag00001aa015316_T001,1.8999489861896717,0.00679140844444408,2.1680401496931676,Up
Ag00001aa000802_T001,1.1505596765753814,0.470594463977631,0.3273531861232535,NS
Ag00001aa141352_T001,0.3103401206121505,1,-0,NS
Ag00001aa064814_T001,0.24000896473507027,1,-0,NS
Ag00001aa138894_T001,0.3091761874785146,1,-0,NS
Ag00001aa087960_T001,-0.043943347587597055,1,-0,NS
Ag00001aa007755_T001,-0.3237325917341102,0.604394959213415,0.21867916642918603,NS
Ag00001aa060403_T001,0.1775989293277334,1,-0,NS
Ag00001aa010788_T001,-0.42856588412349084,0.152574406975106,0.8165183093801494,NS
Ag00001aa026628_T001,-0.1124747292584125,1,-0,NS
Ag00001aa063055_T001,0.5360529002402097,0.159134708579616,0.7982350868485222,NS
Ag00001aa026707_T002,0.31266517355839435,1,-0,NS
Ag00001aa065491_T001,0.8812730614292485,0.0029194555631858,2.5346981307261283,NS
Ag00001aa007354_T001,0,1,-0,NS
Ag00001aa091692_T002,-0.19925537606322247,0.330858242366004,0.4803580417080533,NS
Ag00001aa039809_T001,-0.12973392960401728,1,-0,NS
Ag00001aa085051_T001,-0.07856366919370213,1,-0,NS
Ag00001aa037583_T002,0.06350294230615795,1,-0,NS
Ag00001aa127536_T001,1.1076878693143732,0.00399165260666394,2.398847262368098,Up
Ag00001aa125922_T002,-1.049904905826314,0.426282016463468,0.3703029885243945,NS
Ag00001aa070885_T001,-0.6989977439671857,0.197269876479718,0.7049392273552288,NS
Ag00001aa081755_T002,-0.4540316308947075,1,-0,NS
Ag00001aa079495_T001,-0.36587144247495934,1,-0,NS
Ag00001aa087212_T002,-0.8084373492992444,0.0223282346505309,1.6511456124341843,NS
Ag00001aa027410_T001,-0.2863041851566411,0.69986325611832,0.15498680700658893,NS
Ag00001aa054527_T001,0.1826922975161903,0.880103146005937,0.055466426581503185,NS
Ag00001aa035946_T001,-0.11559744701631275,0.923376910830964,0.03462098924347907,NS
Ag00001aa121877_T002,0.14143279092929553,1,-0,NS
Ag00001aa084908_T001,-0.38835545662633836,0.0536254453114337,1.270629088364415,NS
Ag00001aa039972_T001,-0.8996950942043145,0.349933359573133,0.45601465372190975,NS
Ag00001aa042230_T001,0.6986629998858844,1,-0,NS
Ag00001aa063297_T001,0.05380644369579382,1,-0,NS
Ag00001aa143504_T001,0.21288056634438476,1,-0,NS
Ag00001aa107539_T001,1.6107000621347642,0.00166229377107037,2.779292222501072,Up
Ag00001aa078226_T001,-0.9406447223835788,0.0212805407110421,1.6720173413751789,NS
Ag00001aa133406_T001,0.0676387168753633,1,-0,NS
Ag00001aa119173_T001,0.08949815083910263,1,-0,NS
Ag00001aa015636_T001,0.6107000621347644,0.0098668374467916,2.0058220266109945,NS
Ag00001aa033911_T001,-0.23446525363702297,1,-0,NS
Ag00001aa018584_T001,2.3934162004715445,0.487048992428398,0.3124273507542879,NS
Ag00001aa028640_T003,0.7932716544980827,1,-0,NS
Ag00001aa113485_T001,-0.03948828988097554,1,-0,NS
Ag00001aa133171_T001,-0.5187010584524349,0.711299107868523,0.1479477360062413,NS
Ag00001aa021657_T001,-0.77595972578207,0.634104707536813,0.1978390226375578,NS
Ag00001aa097753_T002,0.1190241031422746,1,-0,NS
Ag00001aa099313_T001,0.1335635257411058,1,-0,NS
Ag00001aa094049_T002,-0.20589610144025206,0.422211204469767,0.37447024574455046,NS
Ag00001aa155841_T001,1.420078115979374,0.201617920494582,0.6954708689228422,NS
Ag00001aa101544_T002,0.18142064028014165,1,-0,NS
Ag00001aa107761_T003,0.15185881672700494,0.956103682543212,0.01949500906827587,NS
Ag00001aa104370_T003,-0.2009126939259964,1,-0,NS
Ag00001aa150200_T001,1.5993177936982261,0.0803627766628439,1.0949450660935462,NS
Ag00001aa031400_T002,0.2240402742179301,1,-0,NS
Ag00001aa051540_T001,-0.3273483706716152,0.119262105282652,0.9234975285089063,NS
Ag00001aa041594_T002,0.662661255475094,0.912192378954759,0.03991356045697534,NS
Ag00001aa129549_T003,-0.44418384493836033,0.227341566409332,0.6433211519925215,NS
Ag00001aa083484_T001,0.08949815083910263,1,-0,NS
Ag00001aa007215_T001,-0.10159814000780673,1,-0,NS
Ag00001aa053088_T001,1.3103401206121505,0.00289349652250244,2.5385770352492534,Up
Ag00001aa050944_T001,1.139469495038796,0.0665443851619119,1.1768885832557574,NS
Ag00001aa008966_T003,-0.8862995008352716,0.519319049873162,0.2845657461454561,NS
Ag00001aa052946_T001,0.09491164702546698,1,-0,NS
Ag00001aa008784_T002,-0.12658049656514306,1,-0,NS
Ag00001aa014914_T001,-0.10935875603655623,1,-0,NS
Ag00001aa122856_T002,-0.20922796213800007,1,-0,NS
Ag00001aa043967_T001,0.19786539135373798,1,-0,NS
Ag00001aa093773_T001,-1.4500844463780447,0.610856421592304,0.214060856267664,NS
Ag00001aa074837_T002,0.14143279092929553,1,-0,NS
Ag00001aa042003_T005,-0.34923544088309766,0.0994293284539401,1.0024854938019407,NS
Ag00001aa126450_T001,-0.31473259348315835,1,-0,NS
Ag00001aa089134_T001,-0.21759143507262677,1,-0,NS
Ag00001aa028842_T001,0.19534759832221926,1,-0,NS
Ag00001aa092611_T001,-0.15200309344504995,1,-0,NS
Ag00001aa020416_T001,0.21661006874244174,1,-0,NS
Ag00001aa135320_T002,-0.08773337193355037,1,-0,NS
Ag00001aa056983_T002,-0.22095044716254147,1,-0,NS
Ag00001aa037734_T001,-0.6734626518600481,0.597149834475128,0.2239166837429529,NS
Ag00001aa016285_T001,0.07724299893246035,1,-0,NS
Ag00001aa141258_T001,0.07724299893246035,1,-0,NS
Ag00001aa028347_T001,-0.189351252217354,1,-0,NS
Ag00001aa083331_T001,-0.2740407654908124,0.0558205899913063,1.2532055775819884,NS
Ag00001aa104959_T001,-0.8059129478836977,0.264429895128445,0.5776894472371585,NS
Ag00001aa042526_T002,-0.49207853504267185,0.0577983716767558,1.238084396558035,NS
Ag00001aa129885_T002,1.8483975995281934,0.0092948135578207,2.031759317201576,Up
Ag00001aa016375_T001,0.25701061820602394,0.348780965047026,0.45744722500271057,NS
Ag00001aa008135_T004,-0.3959286763311392,0.376544119127874,0.42418413082789447,NS
Ag00001aa047921_T001,-0.0072315692310758635,1,-0,NS
Ag00001aa094675_T001,0.037030730944967026,1,-0,NS
Ag00001aa031495_T002,0.0043216059500934675,1,-0,NS
Ag00001aa019513_T001,-0.10314692710329326,1,-0,NS
Ag00001aa091655_T001,0.43295940727610627,0.0431135173985802,1.3653865439640527,NS
Ag00001aa024407_T001,0.1335635257411058,1,-0,NS
Ag00001aa078859_T001,-0.3437324652057107,0.372216567010805,0.4292043007343991,NS
Ag00001aa023611_T003,-0.6896598793878495,0.167129957841785,0.7769456963708405,NS
Ag00001aa064445_T001,2.0349199843491594,6.6957024109391e-4,3.174203856711187,Up
Ag00001aa119027_T001,0.6915341649192002,0.0544811824426363,1.2637534752006432,NS
Ag00001aa107048_T001,0.10567807789453719,1,-0,NS
Ag00001aa009358_T001,-0.10314692710329326,1,-0,NS
Ag00001aa064305_T001,0.17632277264046287,0.826421681610375,0.08279829739329546,NS
Ag00001aa047376_T001,-0.7636604608316264,0.215829828815517,0.6658885337274815,NS
Ag00001aa030620_T001,0.6424705373158217,1,-0,NS
Ag00001aa054928_T001,0.0014419741739063218,1,-0,NS
Ag00001aa004224_T001,-0.7958592832197748,0.00255088742638037,2.5933087068863236,NS
Ag00001aa006156_T001,-0.026205070347394003,1,-0,NS
Ag00001aa140442_T001,-0.03948828988097554,1,-0,NS
Ag00001aa008965_T006,0.8155754288625726,0.0098668374467916,2.0058220266109945,NS
Ag00001aa065981_T001,1.3807294485035484,0.137830985953026,0.8606531371768922,NS
Ag00001aa155334_T001,0.8294436813665911,0.750697283952456,0.12453515542253779,NS
Ag00001aa032453_T001,0.12167855658825247,1,-0,NS
Ag00001aa065057_T001,-0.4150374992788438,0.347755801342392,0.45872561627488656,NS
Ag00001aa019936_T001,1.6653927710418914,1.4494282847679e-4,3.838803267925452,Up
Ag00001aa120298_T001,2.283329168051641,2.444106661322e-4,3.6118798453145886,Up
Ag00001aa055436_T001,0.6635723354175227,0.647578276267241,0.188707728565216,NS
Ag00001aa063882_T002,-0.2705559931663367,1,-0,NS
Ag00001aa000981_T001,-0.6371093573341396,0.0962859166388103,1.0164372307709482,NS
Ag00001aa150087_T001,-0.25325728422226385,0.154335912900314,0.811533004852834,NS
Ag00001aa031163_T002,-0.31114825613411956,0.629316664713196,0.2011307677008582,NS
Ag00001aa072111_T001,0.03562390973072122,1,-0,NS
Ag00001aa034470_T001,-0.3040061868900999,0.190360636612281,0.7204228514844461,NS
Ag00001aa014413_T002,-1.0469210473874926,1,-0,NS
Ag00001aa002953_T001,-0.36587144247495934,0.00892797863304662,2.0492468577838543,NS
Ag00001aa008548_T001,-0.17136841831198107,0.932220212381884,0.03048148493620075,NS
Ag00001aa077963_T001,-0.02180437031834845,1,-0,NS
Ag00001aa079439_T001,-0.5125136506514639,0.142015234250056,0.8476650655052612,NS
Ag00001aa027257_T001,-0.10624949827943407,1,-0,NS
Ag00001aa064944_T001,2.339137384919585,0.00225512916095834,2.646828579158489,Up
Ag00001aa122398_T002,-0.41888982477445036,1,-0,NS
Ag00001aa122304_T002,-0.12658049656514306,0.50741679912871,0.29463515861975303,NS
Ag00001aa113331_T001,0.19786539135373798,0.456614537629538,0.34045026561893005,NS
Ag00001aa106668_T001,-0.4305089080412838,0.395205453752437,0.4031770708702234,NS
Ag00001aa147737_T001,-0.28454587288428235,0.426434584184797,0.3701475809243867,NS
Ag00001aa009734_T001,0.0172092900322231,1,-0,NS
Ag00001aa078426_T001,-0.579921884020626,0.0325021292030561,1.4880881876103862,NS
Ag00001aa026882_T001,0.12829340100981756,1,-0,NS
Ag00001aa125399_T001,-1.8943219221054628,0.285158485849541,0.5449136999940281,NS
Ag00001aa119153_T001,0.7320520733002891,1,-0,NS
Ag00001aa010286_T001,1.5714341158765093,0.314779888028316,0.5019930234455978,NS
Ag00001aa040015_T001,-0.7612131404128835,0.147496206076744,0.8312191505409072,NS
Ag00001aa039572_T001,-0.008682243099800882,1,-0,NS
Ag00001aa030298_T001,-0.3566055465201077,1,-0,NS
Ag00001aa027321_T002,-0.14241704461585192,1,-0,NS
Ag00001aa107464_T001,-0.33097323449036925,0.0504757917832,1.2969168598161687,NS
Ag00001aa047115_T005,0.9441087991079549,0.0544811824426363,1.2637534752006432,NS
Ag00001aa112012_T001,-0.5437195184892746,0.773810525543794,0.11136536720394484,NS
Ag00001aa136657_T001,0.04124298223188134,1,-0,NS
Ag00001aa048233_T001,-0.392137097168765,0.723053256275225,0.14082971369487496,NS
Ag00001aa015404_T003,-0.13606154957602837,0.854871323487206,0.06809925100876309,NS
Ag00001aa145004_T001,-1.0709665213541435,1,-0,NS
Ag00001aa030909_T001,-0.36215793967589505,0.494281567285362,0.3060255849175706,NS
Ag00001aa039983_T002,0.15833702716710066,1,-0,NS
Ag00001aa068964_T001,0.3994445645894576,1,-0,NS
Ag00001aa055357_T001,0.18523225423016085,1,-0,NS
Ag00001aa119448_T001,-0.014499569695115089,1,-0,NS
Ag00001aa144657_T001,-0.7249929525001302,0.00929075791509094,2.031948855983166,NS
Ag00001aa094569_T001,-0.29335894269059154,1,-0,NS
Ag00001aa154929_T001,-0.9434164716336325,0.00246597991587249,2.608010464829205,NS
Ag00001aa009291_T002,0.014355292977070054,1,-0,NS
Ag00001aa105248_T001,-0.09234017214671059,1,-0,NS
Ag00001aa061613_T001,-0.2276920250415967,1,-0,NS
Ag00001aa059138_T001,0.04404433270602122,1,-0,NS
Ag00001aa040947_T001,-0.37519723474705274,0.054481163605303,1.2637536253616886,NS
Ag00001aa039931_T001,0.0398402645317911,1,-0,NS
Ag00001aa059234_T001,0.3010022560328143,0.416935608621671,0.3799310121236464,NS
Ag00001aa018188_T001,-0.17951465701362104,1,-0,NS
Ag00001aa027716_T001,0.9796595517158244,1,-0,NS
Ag00001aa136054_T001,0.1401242239090707,1,-0,NS
Ag00001aa062385_T001,-1.6438561897747246,2.8107022831052e-4,3.551185153557293,Down
Ag00001aa016310_T001,-0.024736678321506448,1,-0,NS
Ag00001aa150179_T001,-0.48398485299633537,0.0114266259119861,1.9420819904385525,NS
Ag00001aa081532_T001,0.005759269288684953,1,-0,NS
Ag00001aa079190_T001,-0.4799549759601824,0.0974413488548859,1.011256712845649,NS
Ag00001aa152397_T002,-0.10005101381032824,1,-0,NS
Ag00001aa016394_T001,-0.139235797371172,0.314156811460335,0.5028535195941736,NS
Ag00001aa127380_T002,-0.09850554495242506,1,-0,NS
Ag00001aa054114_T001,-0.01304303747559888,1,-0,NS
Ag00001aa118242_T001,-0.061902438925906855,1,-0,NS
Ag00001aa090027_T001,0.012926174444270048,1,-0,NS
Ag00001aa051505_T001,0.28924428515664247,0.809138673431733,0.09197704087835414,NS
Ag00001aa077518_T001,-1.4779442508390357,1,-0,NS
Ag00001aa011953_T002,0.07587486697512764,1,-0,NS
Ag00001aa087672_T001,-0.1440103026915193,1,-0,NS
Ag00001aa031817_T001,-1.22431729826094,0.0403423208513692,1.3942391208989167,Down
Ag00001aa007877_T007,0.22650852980867975,0.994638273710936,0.0023348331174187663,NS
Ag00001aa086158_T001,0.08406426478847455,1,-0,NS
Ag00001aa094213_T001,-0.40545145044964576,0.0420536306123751,1.376196504340372,NS
Ag00001aa024697_T001,-0.19264507794239588,1,-0,NS
Ag00001aa136334_T001,-0.06793882865657556,1,-0,NS
Ag00001aa101633_T001,-0.16326791954086414,0.729323117279469,0.13708002043152462,NS
Ag00001aa112528_T001,0.36848900064510354,1,-0,NS
Ag00001aa094776_T001,-0.8598757760909294,0.00574634529669289,2.2406082808949406,NS
Ag00001aa076177_T001,-1.2827897009804041,0.722096056096045,0.14140502700420285,NS
Ag00001aa014645_T001,-0.060397279643956275,1,-0,NS
Ag00001aa002842_T002,-0.6060347243397574,0.00470009519917094,2.327893345456643,NS
Ag00001aa011709_T002,0.26423615104354714,1,-0,NS
Ag00001aa152096_T001,0.2228045610452611,0.504037493797218,0.2975371565235457,NS
Ag00001aa052179_T002,0.07587486697512764,1,-0,NS
Ag00001aa134152_T001,-0.3040061868900999,0.336978564713113,0.4723977238256579,NS
Ag00001aa030512_T001,0.19029879162659463,1,-0,NS
Ag00001aa026379_T001,0.5089356618643954,0.24536591331747,0.6101857704042762,NS
Ag00001aa036451_T002,0.05519565424212462,1,-0,NS
Ag00001aa093375_T001,0.29278174922784594,1,-0,NS
Ag00001aa061059_T001,0.6135316529179271,0.0675727257317915,1.170228562258974,NS
Ag00001aa009863_T001,0.5250665920782109,1,-0,NS
Ag00001aa131850_T001,-0.4739311883324124,0.0757513079143473,1.120609864276745,NS
Ag00001aa072729_T001,-0.2705559931663367,0.28740228622896,0.5415097814604134,NS
Ag00001aa118663_T001,0.1826922975161903,1,-0,NS
Ag00001aa157377_T001,-0.33642766458247736,0.185504864497171,0.7316446973881339,NS
Ag00001aa028766_T001,-0.02326977932284719,1,-0,NS
Ag00001aa032609_T004,1.1329058120115065,0.0165152325061983,1.7821153078067697,Up
Ag00001aa034222_T001,0.14795788138710142,1,-0,NS
Ag00001aa089095_T002,0.21038886444540292,1,-0,NS
Ag00001aa067981_T001,-0.11403524324602943,1,-0,NS
Ag00001aa091015_T002,-1.0232697793228471,0.0932657576643116,1.030277777336877,NS
Ag00001aa108322_T002,-0.41119543298444966,0.0617884833539907,1.2090924647478196,NS
Ag00001aa146021_T001,-0.2009126939259964,1,-0,NS
Ag00001aa097243_T001,0.15574923267794485,1,-0,NS
Ag00001aa006909_T002,0.03421571533791298,1,-0,NS
Ag00001aa140147_T001,-0.12029423371771177,1,-0,NS
Ag00001aa030665_T001,-0.416962376203336,1,-0,NS
Ag00001aa114895_T001,-0.2276920250415967,1,-0,NS
Ag00001aa032996_T001,-0.08620103504930393,1,-0,NS
Ag00001aa090761_T001,-0.4520566887096497,0.119566540733718,0.9223903354622642,NS
Ag00001aa097249_T001,-0.2108967824986185,1,-0,NS
Ag00001aa019732_T001,-0.6371093573341396,0.0347129590782682,1.4595083636668853,NS
Ag00001aa107746_T001,-0.17462139610706873,0.498932673293981,0.301958054756647,NS
Ag00001aa009906_T001,-0.34739878240348054,0.0334980055904647,1.474981049286741,NS
Ag00001aa110662_T001,0.6906405786156934,0.695342646980375,0.15780113350773045,NS
Ag00001aa101134_T001,-0.41311518714781525,1,-0,NS
Ag00001aa056333_T002,0.056583528366367514,1,-0,NS
Ag00001aa108417_T001,-0.2915920165164037,0.176036567741106,0.7543971076484561,NS
Ag00001aa018857_T001,0.07860983469636647,1,-0,NS
Ag00001aa093725_T001,-0.24297675349254041,1,-0,NS
Ag00001aa040590_T003,-0.042456799242894826,1,-0,NS
Ag00001aa008378_T001,-1.1877071551267289,0.0145499934288664,1.8371372028160606,Down
Ag00001aa018989_T001,-0.488026018218199,0.507687214443909,0.29440377369678783,NS
Ag00001aa009326_T001,0.24366908096686266,1,-0,NS
Ag00001aa027024_T001,1.9343277783153696,0.0563903308105447,1.2487953576412496,NS
Ag00001aa123653_T001,-0.4981787345790897,0.00955416220488075,2.019807389796787,NS
Ag00001aa019616_T002,1.3595211704275953,0.338505722257823,0.47043398540131426,NS
Ag00001aa042421_T001,-0.38458370273712994,0.227542114222597,0.6429382109550201,NS
Ag00001aa039278_T001,-0.20922796213800007,1,-0,NS
Ag00001aa009885_T001,-0.04692104738749257,1,-0,NS
Ag00001aa120638_T001,0.12300395405481979,1,-0,NS
Ag00001aa070045_T001,0.1686420355588392,1,-0,NS
Ag00001aa106444_T001,1.8387501183331383,0.0109030475148092,1.9624520952814593,Up
Ag00001aa002958_T003,-0.49005085369568935,0.021021564431596598,1.6773349667698312,NS
Ag00001aa048965_T001,0.4318903482861805,0.431028954125701,0.36549355537368966,NS
Ag00001aa002474_T001,0.4222330006830478,1,-0,NS
Ag00001aa010522_T001,-0.2688167584278,0.466548866801999,0.33110286109008535,NS
Ag00001aa104993_T004,-0.3040061868900999,1,-0,NS
Ag00001aa051976_T002,-0.16326791954086414,1,-0,NS
Ag00001aa104039_T001,-0.15200309344504995,0.831216968075132,0.08028559987558698,NS
Ag00001aa076788_T001,-0.9686048037244657,0.280005451669809,0.5528335129182581,NS
Ag00001aa021281_T001,-1.074000581443777,0.0200439993285326,1.6980156204782832,Down
Ag00001aa135333_T001,-0.47794425083903574,0.833318841865176,0.07918879839087822,NS
Ag00001aa026922_T001,-0.5416179958439868,0.373301649730626,0.4279400907934266,NS
Ag00001aa111106_T002,-0.7036894392919076,0.0347129590782682,1.4595083636668853,NS
Ag00001aa085813_T001,0.020057652341253476,1,-0,NS
Ag00001aa053721_T002,0.6304054714823233,0.0221616861452161,1.6543971999136045,NS
Ag00001aa000788_T001,-0.28103566424046145,0.691796670695019,0.16002153237985484,NS
Ag00001aa066518_T001,-0.18606492951868298,1,-0,NS
Ag00001aa032560_T001,-0.7587699644845547,0.121382328710563,0.9158445348596718,NS
Ag00001aa094561_T001,0.19534759832221926,1,-0,NS
Ag00001aa084998_T001,0.37740143078579397,1,-0,NS
Ag00001aa008454_T001,0.8591744558664355,0.525935421230975,0.2790675788972864,NS
Ag00001aa021888_T002,-0.33642766458247736,0.259790568161232,0.5853766202756451,NS
Ag00001aa043443_T001,0.12829340100981756,1,-0,NS
Ag00001aa056229_T001,0.09491164702546698,1,-0,NS
Ag00001aa097403_T001,-0.7131188522118385,0.0119226073536057,1.923628758399764,NS
Ag00001aa053323_T001,0.05102400302446689,1,-0,NS
Ag00001aa054041_T001,-0.09541956507868243,1,-0,NS
Ag00001aa070929_T001,0.2821432287814984,0.392303509026314,0.40637780723128647,NS
Ag00001aa022287_T001,-0.3400754415976217,0.291772942105829,0.5349549853657648,NS
Ag00001aa067625_T001,-0.0694518807521452,0.964062228116787,0.01589493242962977,NS
Ag00001aa041929_T001,-0.5063526660247899,0.790117615360861,0.10230825567132044,NS
Ag00001aa116069_T001,-0.4941090702700427,0.854871323487206,0.06809925100876309,NS
Ag00001aa070807_T001,-0.7710274302398392,0.364189368445153,0.4386727364460888,NS
Ag00001aa051626_T001,0.0172092900322231,1,-0,NS
Ag00001aa010042_T001,-0.18442457113742744,0.284516403103419,0.5458926903517045,NS
Ag00001aa096122_T001,-0.584241333477502,1,-0,NS
Ag00001aa074874_T001,-0.08926733809708741,1,-0,NS
Ag00001aa003976_T001,-0.25153876699596445,0.256333193831532,0.5911951512701651,NS
Ag00001aa016317_T001,-0.08467032398699055,1,-0,NS
Ag00001aa003701_T001,0.12697285625776553,1,-0,NS
Ag00001aa096738_T001,-0.5063526660247899,0.426230340682767,0.3703556388027063,NS
Ag00001aa137998_T002,1.4761224198801521,8.2568810648275e-4,3.083183971097576,Up
Ag00001aa004557_T001,-0.4659383975788817,0.19647033884355,0.7067030058427453,NS
Ag00001aa038162_T001,0.2215677885384093,1,-0,NS
Ag00001aa101501_T001,-0.6665762662748083,0.45385781945933,0.3430801777490732,NS
Ag00001aa061576_T001,-0.14241704461585192,1,-0,NS
Ag00001aa082559_T001,-0.2915920165164037,1,-0,NS
Ag00001aa015268_T001,-0.36215793967589505,0.777868662485813,0.10909372431202385,NS
Ag00001aa065968_T001,1.3097582714246352,0.0337246713565923,1.4720522737899027,Up
Ag00001aa036844_T001,0.11236652307256315,1,-0,NS
Ag00001aa008707_T001,0.42438467153809656,1,-0,NS
Ag00001aa095913_T005,-0.2601518973006725,1,-0,NS
Ag00001aa087670_T002,-0.15360697914763968,1,-0,NS
Ag00001aa055001_T002,-0.98564470702292994,0.567001701012782,0.24641563821581164,NS
Ag00001aa042693_T001,0.002882508533121365,1,-0,NS
Ag00001aa018403_T001,-0.38270151715915357,0.973538058652814,0.011647065880135503,NS
Ag00001aa045830_T001,-0.3997302464909953,1,-0,NS
Ag00001aa120632_T003,0.014355292977070054,1,-0,NS
Ag00001aa055040_T001,0.5626698261027023,1,-0,NS
Ag00001aa004071_T001,-0.05289494843212547,1,-0,NS
Ag00001aa083456_T001,-0.23956612532988847,0.424441541522532,0.37218211682748875,NS
Ag00001aa088463_T001,0.27738969881086384,1,-0,NS
Ag00001aa004423_T002,-2.0528949484321255,0.00892797863304662,2.0492468577838543,Down
Ag00001aa031826_T002,-0.2618807112174235,0.176977207628726,0.7520826615390532,NS
Ag00001aa054167_T001,-0.3291596641184381,0.995656773720917,0.0018903472877073331,NS
Ag00001aa144481_T002,-0.18770715512672886,0.873293472048329,0.058839786221905784,NS
Ag00001aa108590_T001,0.11236652307256315,1,-0,NS
Ag00001aa096730_T003,0.04264433740849372,1,-0,NS
Ag00001aa090627_T001,-0.6038405109268455,0.137887507347873,0.8604750792603448,NS
Ag00001aa044234_T001,-0.6803820657998387,0.611204674655575,0.21381333282019804,NS
Ag00001aa114791_T001,2.453649266043291,0.00930750702063028,2.0311666275221576,Up
Ag00001aa049776_T001,-0.4016347946763554,1,-0,NS
Ag00001aa009579_T001,1.227741075839128,0.0165152325061983,1.7821153078067697,Up
Ag00001aa026773_T001,-0.1376478004679799,1,-0,NS
Ag00001aa018374_T001,1.1236661964538197,0.045412381071017,1.3428257264871961,Up
Ag00001aa095498_T001,-0.7345631039509016,0.228663122471702,0.64080387036675,NS
Ag00001aa133834_T001,0.26062790812669856,0.406487944333781,0.3909523302346226,NS
Ag00001aa095671_T002,-0.25153876699596445,1,-0,NS
Ag00001aa061138_T001,0.22650852980867975,1,-0,NS
Ag00001aa042232_T001,-0.060397279643956275,1,-0,NS
Ag00001aa090543_T002,-0.6529013293777317,0.03513095356518,1.4543100619223102,NS
Ag00001aa140853_T001,-0.2740407654908124,0.716567484833856,0.1447429023904112,NS
Ag00001aa113583_T001,-0.4208198518728499,0.988440753912069,0.005049356719726476,NS
Ag00001aa029510_T002,-0.5756153284619034,0.492817506821215,0.3073138727170047,NS
Ag00001aa016681_T001,-0.005782352594006111,1,-0,NS
Ag00001aa071108_T001,0.5370475194046574,0.00365731129593169,2.4368380726530376,NS
Ag00001aa106808_T005,-0.3004483674769107,0.0120943279859471,1.9174182579431165,NS
Ag00001aa102013_T002,1.4880007708340683,0.00405066224729559,2.3924739676905213,Up
Ag00001aa091570_T001,-0.6126374591640045,0.0822841418840498,1.0846838556244418,NS
Ag00001aa078016_T003,-0.07400058144377693,1,-0,NS
Ag00001aa055021_T002,-0.33278908751912917,1,-0,NS
Ag00001aa042406_T001,-1.049904905826314,0.00892797863304662,2.0492468577838543,Down
Ag00001aa063385_T001,-0.4679324477109693,0.597149834475128,0.2239166837429529,NS
Ag00001aa034303_T001,-0.5606428215257431,0.309277998911589,0.509650973275643,NS
Ag00001aa004321_T004,0.10299399332332565,1,-0,NS
Ag00001aa084079_T003,-1.1456053222468994,1,-0,NS
Ag00001aa016940_T001,-0.09541956507868243,1,-0,NS
Ag00001aa127370_T003,-0.3004483674769107,0.0376823901807099,1.423861557859759,NS
Ag00001aa068598_T002,-0.8059129478836977,0.600317511462804,0.22161898794390522,NS
Ag00001aa066275_T001,-0.8416629728328994,0.577938883967035,0.2381180850383413,NS
Ag00001aa003896_T001,-0.2880646430210785,1,-0,NS
Ag00001aa109322_T001,0.15833702716710066,1,-0,NS
Ag00001aa056761_T001,-0.6082322800440033,0.441867480702245,0.3547079592235131,NS
Ag00001aa052871_T001,2.0765590951316044,0.00904436972068841,2.043621692636619,Up
Ag00001aa007481_T001,-0.33825040018929514,0.446594923957866,0.35008621747061963,NS
Ag00001aa006973_T001,-1.2933589426905916,0.217296041040968,0.6629481861034249,NS
Ag00001aa106506_T001,-0.4363537305159361,0.843230724559967,0.07405357757774209,NS
Ag00001aa026467_T002,0.4771592111866412,0.393467564055257,0.4050910633873307,NS
Ag00001aa127927_T001,1.3595211704275953,0.0200439993285326,1.6980156204782832,Up
Ag00001aa141694_T001,0.12167855658825247,1,-0,NS
Ag00001aa035195_T001,-2.083141235300246,0.11600082341195,0.9355389279972451,NS
Ag00001aa027772_T001,-0.024736678321506448,1,-0,NS
Ag00001aa028648_T003,-0.27578631324264175,1,-0,NS
Ag00001aa000793_T002,-0.35291578737104634,1,-0,NS
Ag00001aa080592_T001,-0.5734668618833266,1,-0,NS
Ag00001aa040662_T001,1.0384361816561078,5.3076157246977e-4,3.2751005279109564,Up
Ag00001aa027834_T001,1.7957669477823923,1,-0,NS
Ag00001aa022428_T001,-0.10780328953451485,1,-0,NS
Ag00001aa027611_T003,-0.07856366919370213,1,-0,NS
Ag00001aa040677_T001,-0.5311560570253625,0.47971503019751,0.31901667421790375,NS
Ag00001aa039865_T002,-1.123433941248279,1,-0,NS
Ag00001aa052778_T002,-0.3237325917341102,1,-0,NS
Ag00001aa102326_T001,0.021479727410451392,1,-0,NS
Ag00001aa030938_T001,-0.024736678321506448,1,-0,NS
Ag00001aa004534_T001,-0.131313234677865,1,-0,NS
Ag00001aa023590_T001,-1.207561069935362,0.00231102674312102,2.636195028851186,Down
Ag00001aa001668_T001,-0.22095044716254147,1,-0,NS
Ag00001aa082379_T001,-0.39024503782755654,1,-0,NS
Ag00001aa088052_T001,-0.7685675915520349,0.457220558963551,0.33987424974726727,NS
Ag00001aa069574_T002,2.595503660502742,0.00791923289200934,2.101316884938589,Up
Ag00001aa047622_T002,-0.14720210718122878,1,-0,NS
Ag00001aa053570_T001,0.4059923596758368,1,-0,NS
Ag00001aa071917_T001,0.1335635257411058,1,-0,NS
Ag00001aa135121_T001,1.6512239429898776,0.0291849831507072,1.534840553083888,Up
Ag00001aa017105_T001,0.4222330006830478,1,-0,NS
Ag00001aa089644_T001,-0.3566055465201077,1,-0,NS
Ag00001aa135418_T001,0.24610400988391654,1,-0,NS
Ag00001aa063785_T001,0.1647862781433397,1,-0,NS
Ag00001aa079468_T001,-0.4500844463780446,0.401842584842181,0.3959440412513408,NS
Ag00001aa135109_T001,0.10433665981473553,0.968492406716882,0.013903779935975434,NS
Ag00001aa031401_T001,-0.020340448284175534,1,-0,NS
Ag00001aa020094_T004,-0.2378638300988879,0.698949367310445,0.15555428390257406,NS
Ag00001aa023928_T001,-0.6170561304310095,0.151679520058662,0.81907305418984655,NS
Ag00001aa132697_T001,-0.4073635713934228,0.0536254453114337,1.270629088364415,NS
Ag00001aa055550_T001,1.1615652563970318,0.117437853811432,0.9301918941307386,NS
Ag00001aa093104_T001,-0.5437195184892746,0.0730061550929355,1.136640523301327,NS
Ag00001aa145079_T002,0.4573316254850136,0.25656384131474,0.5908045507047094,NS
Ag00001aa078520_T001,-0.9105018491608974,0.0114266259119861,1.9420819904385525,NS
Ag00001aa117858_T001,-0.3057883922321094,1,-0,NS
Ag00001aa141010_T001,0.06350294230615795,1,-0,NS
Ag00001aa125834_T001,-0.6192705514964515,0.0365209630541116,1.4374577786850606,NS
Ag00001aa069089_T001,0.4946716116475496,0.900654398688345,0.04544182559794597,NS
Ag00001aa004436_T001,0.008630305143440056,1,-0,NS
Ag00001aa138465_T001,-0.2915920165164037,1,-0,NS
Ag00001aa118989_T002,0.045442970761167115,1,-0,NS
Ag00001aa006098_T001,-0.41119543298444966,0.529760088383643,0.2759207641355638,NS
Ag00001aa003929_T004,0.04264433740849372,1,-0,NS
Ag00001aa000067_T001,0.35275852504063665,1,-0,NS
Ag00001aa026945_T001,-0.5929192245494992,0.134131435374962,0.8724694278905731,NS
Ag00001aa019556_T001,-0.41888982477445036,0.0570262904265865,1.2439248784528054,NS
Ag00001aa098453_T001,0.12829340100981756,1,-0,NS
Ag00001aa111778_T001,0.9825829469225906,0.0250189447145577,1.6017310125606568,NS
Ag00001aa112216_T001,0.46988597627446366,0.80504189086796,0.09418152025393586,NS
Ag00001aa057281_T001,0.1544535926798724,1,-0,NS
Ag00001aa153039_T003,-0.2880646430210785,1,-0,NS
Ag00001aa079894_T001,0.18523225423016085,1,-0,NS
Ag00001aa050328_T001,-0.040971781056306174,1,-0,NS
Ag00001aa007324_T002,0.11503324294624008,1,-0,NS
Ag00001aa028025_T001,0.7544599736254787,0.167973385977862,0.7747595232656178,NS
Ag00001aa058591_T001,-0.31473259348315835,0.342980177857882,0.46473097877851216,NS
Ag00001aa131096_T001,-0.8236772273595371,0.903479112667252,0.044081883344567294,NS
Ag00001aa070632_T002,0.01006368334469748,1,-0,NS
Ag00001aa101771_T001,0.1190241031422746,1,-0,NS
Ag00001aa024317_T002,-0.2618807112174235,0.781698118635393,0.10696093328690219,NS
Ag00001aa069057_T001,2.7204973704823456,0.00768669463152629,2.114260371757236,Up
Ag00001aa005766_T001,0.5129853348136765,1,-0,NS
Ag00001aa050341_T001,0.20539251298968486,0.777868662485813,0.10909372431202385,NS
Ag00001aa076277_T001,-0.08008791132269193,1,-0,NS
Ag00001aa070841_T001,-1.4305089080412838,0.0651428434102598,1.1861332889023286,NS
Ag00001aa027097_T001,-0.33825040018929514,0.406390716553792,0.3910562214808073,NS
Ag00001aa104329_T001,0.16735792773851413,1,-0,NS
Ag00001aa092812_T001,1.6553518286125541,0.00674163196674156,2.171234959791315,Up
Ag00001aa069315_T001,-0.3770696490798233,0.167062718807375,0.7771204550896706,NS
Ag00001aa089747_T001,-0.248107861595691,0.140769783382156,0.8514905576848506,NS
Ag00001aa111762_T001,-0.24982229440694284,1,-0,NS
Ag00001aa104476_T001,-0.7883647466728505,0.0416359348535571,1.3805316796622653,NS
Ag00001aa096111_T002,-0.6574452545226798,1,-0,NS
Ag00001aa017961_T001,-0.6126374591640045,0.904453231247196,0.04361388533971734,NS
Ag00001aa017611_T001,0.15962918582122781,1,-0,NS
Ag00001aa093617_T001,-0.19264507794239588,1,-0,NS
Ag00001aa000662_T001,-0.2863041851566411,0.45385781945933,0.3430801777490732,NS
Ag00001aa079962_T002,0.766383141001298,1,-0,NS
Ag00001aa084153_T002,-0.2378638300988879,0.979019224860528,0.009208779934486702,NS
Ag00001aa054589_T002,0.037030730944967026,1,-0,NS
Ag00001aa075778_T002,0.27500704749986976,0.360076848403811,0.44360480124382756,NS
Ag00001aa012942_T001,-0.6326289343514705,0.625821871567297,0.2035492629619527,NS
Ag00001aa038237_T001,-0.02326977932284719,1,-0,NS
Ag00001aa086196_T001,-0.8160371651574051,1,-0,NS
Ag00001aa120819_T002,0.14795788138710142,1,-0,NS
Ag00001aa083302_T001,-0.33278908751912917,0.132941073028399,0.8763408201576964,NS
Ag00001aa041522_T001,-0.7833899312575583,0.0172441550211237,1.7633580815896652,NS
Ag00001aa142770_T001,-0.3273483706716152,1,-0,NS
Ag00001aa004163_T002,-0.40354186044101437,0.798625464100395,0.09765684648079968,NS
Ag00001aa096211_T001,0.08270258933024935,1,-0,NS
Ag00001aa007662_T001,0.08542465625267767,1,-0,NS
Ag00001aa003682_T001,0.018634174139050975,1,-0,NS
Ag00001aa033312_T001,-0.7131188522118385,0.0103270395758525,1.98602415864855,NS
Ag00001aa094852_T001,-0.6237096166629484,0.110065722998952,0.9583479092765772,NS
Ag00001aa028790_T001,-0.10935875603655623,1,-0,NS
Ag00001aa006183_T002,0.3895668117627256,0.0758463163499274,1.12006550687129,NS
Ag00001aa089624_T001,0.3796209620557083,0.975185338368313,0.010912836833484612,NS
Ag00001aa001409_T002,-0.3455644591546006,0.164591244488091,0.7835932710170883,NS
Ag00001aa021295_T001,-0.5187010584524349,0.327618472417511,0.48463161899092616,NS
Ag00001aa068005_T001,-0.37519723474705274,1,-0,NS
Ag00001aa128662_T001,-0.03948828988097554,1,-0,NS
Ag00001aa079300_T001,-0.5002178798526883,0.061506500216255,1.2110789840803082,NS
Ag00001aa123995_T001,1.78114985171021,0.0150219343149818,1.8232741413508393,Up
Ag00001aa153269_T002,0.1309308698264487,1,-0,NS
Ag00001aa038737_T001,-0.5395195299599892,0.902680605746198,0.04446588833441791,NS
Ag00001aa113585_T001,-0.1648843847417823,1,-0,NS
Ag00001aa089777_T001,-0.2159148572652431,0.896012273633124,0.04768604130368887,NS
Ag00001aa022599_T001,2.0690146779151806,0.410962455252071,0.38619785262915224,NS
Ag00001aa047478_T001,0.20539251298968486,1,-0,NS
Ag00001aa129378_T001,-0.3789444967002605,0.928810080693659,0.032073079697269115,NS
Ag00001aa066149_T001,-0.24468509595490195,1,-0,NS
Ag00001aa044642_T003,0.10030490579568548,1,-0,NS
Ag00001aa123093_T001,-0.4305089080412838,0.569142068971869,0.2447793116907673,NS
Ag00001aa073725_T001,0.08270258933024935,1,-0,NS
Ag00001aa031546_T001,-0.63486740654747,0.117437853811432,0.9301918941307386,NS
Ag00001aa071942_T001,-0.3437324652057107,1,-0,NS
Ag00001aa068351_T001,0.27381424458703657,0.587500002810985,0.2309921269782767,NS
Ag00001aa045897_T001,0.018634174139050975,1,-0,NS
Ag00001aa029231_T001,-0.17299399036102314,0.914229503525351,0.03894476750139844,NS
Ag00001aa065369_T001,0.09491164702546698,1,-0,NS
Ag00001aa018649_T001,1.729008870337863,0.00930750702063028,2.0311666275221576,Up
Ag00001aa001280_T001,-0.2601518973006725,0.544050340327348,0.2643609136935544,NS
Ag00001aa143704_T001,-0.44418384493836033,0.741145236650645,0.13009667826179397,NS
Ag00001aa096657_T002,0.01578299724092746,1,-0,NS
Ag00001aa009659_T001,0.8804896266878194,0.0434237596858628,1.3622725774698894,NS
Ag00001aa109972_T001,-0.139235797371172,1,-0,NS
Ag00001aa090091_T001,-0.5187010584524349,0.0217159373467857,1.6632214200088287,NS
Ag00001aa031593_T001,1.6843699290130068,0.00130142504199249,2.8855808408367416,Up
Ag00001aa039531_T001,-0.7036894392919076,0.967913417929212,0.014163489589666744,NS
Ag00001aa012688_T001,0.1928254035523912,1,-0,NS
Ag00001aa125991_T001,-0.4150374992788438,0.746542791859298,0.12694529345037195,NS
Ag00001aa054355_T001,-0.9545570292388329,0.177796981706899,0.7500756159145386,NS
Ag00001aa151968_T001,-0.5479317697761891,0.431028954125701,0.36549355537368966,NS
Ag00001aa118857_T001,-0.962969269055033,0.0396993516049073,1.4012165863530166,NS
Ag00001aa042890_T001,0.3482324192392708,0.987721918561512,0.00536530868487742,NS
Ag00001aa110095_T001,-0.4208198518728499,0.0699344123526941,1.1553090700727175,NS
Ag00001aa010555_T001,-0.1584293626044829,0.604320916864236,0.21873237361269748,NS
Ag00001aa104792_T004,-0.24468509595490195,0.513349163110439,0.2895871416516748,NS
Ag00001aa019610_T001,0.02715405150372665,1,-0,NS
Ag00001aa028596_T001,0.1801478611584286,1,-0,NS
Ag00001aa044449_T001,-0.7393720918733014,0.0536254453114337,1.270629088364415,NS
Ag00001aa015617_T001,0.14404636961670686,1,-0,NS
Ag00001aa030713_T001,0.9818526532897407,0.421985200228858,0.3747027802507676,NS
Ag00001aa007574_T001,0.4625758880422042,1,-0,NS
Ag00001aa048970_T001,-0.520769438793664,0.0146616342682585,1.8338176180899401,NS
Ag00001aa022458_T001,1.0894981508391026,0.494479368639107,0.3058518239315339,NS
Ag00001aa003845_T001,-0.12029423371771177,1,-0,NS
Ag00001aa081539_T003,-0.03209362970985334,1,-0,NS
Ag00001aa009234_T002,-0.18770715512672886,0.896099074807797,0.04764397107044637,NS
Ag00001aa075695_T001,-0.060397279643956275,1,-0,NS
Ag00001aa009930_T001,-0.19264507794239588,0.924081817354573,0.03428957504337093,NS
Ag00001aa029877_T001,-1.0174170530774094,0.0288156296530212,1.5403718861695606,Down
Ag00001aa098816_T001,-0.22600367488882686,0.476954444874003,0.3215230995440349,NS
Ag00001aa088335_T002,0.08542465625267767,1,-0,NS
Ag00001aa083455_T002,-0.29512803554364725,1,-0,NS
Ag00001aa113221_T001,-0.07552000764097772,1,-0,NS
Ag00001aa150145_T001,-0.131313234677865,1,-0,NS
Ag00001aa044993_T001,-0.2618807112174235,1,-0,NS
Ag00001aa047796_T003,0.12035194036522208,1,-0,NS
Ag00001aa002468_T003,0.4625758880422042,1,-0,NS
Ag00001aa008780_T001,-0.7226103011891362,0.0420536306123751,1.376196504340372,NS
Ag00001aa064668_T001,0.17376706773670636,1,-0,NS
Ag00001aa042858_T001,0.020057652341253476,1,-0,NS
Ag00001aa079196_T001,-0.0072315692310758635,1,-0,NS
Ag00001aa019181_T001,-0.11872693857075141,1,-0,NS
Ag00001aa026634_T002,-0.13606154957602837,1,-0,NS
Ag00001aa108583_T002,0.10030490579568548,1,-0,NS
Ag00001aa143464_T001,-1.207561069935362,0.0344434448481456,1.462893419247324,Down
Ag00001aa008427_T002,-0.33642766458247736,0.816279599541791,0.08816105725182291,NS
Ag00001aa054501_T001,-0.3455644591546006,1,-0,NS
Ag00001aa071816_T001,0.14795788138710142,1,-0,NS
Ag00001aa019786_T001,0.40816837070810624,0.826887884484081,0.08255337128264262,NS
Ag00001aa009663_T003,0.031395196275534325,1,-0,NS
Ag00001aa083660_T002,-0.02180437031834845,1,-0,NS
Ag00001aa111680_T001,0.6266727526059934,0.658648495630068,0.18134629577845116,NS
Ag00001aa154308_T001,-0.248107861595691,1,-0,NS
Ag00001aa020030_T001,0.05935527761642124,1,-0,NS
Ag00001aa003757_T001,0.1016500760944348,1,-0,NS
Ag00001aa018539_T001,-0.46394709975979026,0.0285377160833073,1.5445807870765589,NS
Ag00001aa015663_T001,0.12300395405481979,1,-0,NS
Ag00001aa081615_T001,-0.06642736173897607,1,-0,NS
Ag00001aa055510_T001,0.01006368334469748,1,-0,NS
Ag00001aa032708_T001,-0.4981787345790897,1,-0,NS
Ag00001aa026706_T001,-0.3346072289581085,0.434881089487579,0.36162947692825886,NS
Ag00001aa005457_T001,0.6924271980897078,0.152574406975106,0.8165183093801494,NS
Ag00001aa078383_T001,-0.248107861595691,0.640952838363767,0.19317392491471522,NS
Ag00001aa031407_T001,-0.6506347224057867,0.0394928052795828,1.4034820160691837,NS
Ag00001aa094262_T001,-0.4759363242227893,1,-0,NS
Ag00001aa066864_T001,0.21163525332714944,1,-0,NS
Ag00001aa000113_T001,-1.0057823525940062,0.248840922093142,0.6040781980253116,NS
Ag00001aa078267_T001,-0.7273795453370082,0.114421999784476,0.9414904662209939,NS
Ag00001aa043616_T002,0.14274017211608214,1,-0,NS
Ag00001aa033169_T002,-0.3183258582071667,0.309277998911589,0.509650973275643,NS
Ag00001aa082503_T001,0.776525151421912,0.0120234515032532,1.9199708440099552,NS
Ag00001aa102556_T001,-0.22600367488882686,0.851782003596113,0.06967153991555347,NS
Ag00001aa032196_T004,-0.02326977932284719,1,-0,NS
Ag00001aa026770_T001,0.7882680828668372,0.0115705859411692,1.9366446475674282,NS
Ag00001aa151242_T003,-0.13447704086003626,1,-0,NS
Ag00001aa136581_T001,-0.09850554495242506,1,-0,NS
Ag00001aa030963_T002,0.833497336859835,0.0437315471176197,1.359205158082544,NS
Ag00001aa069541_T002,0.7999162029890141,0.168725111955652,0.7728202750152546,NS
Ag00001aa086216_T001,0.3033423944873308,1,-0,NS
Ag00001aa007387_T001,-0.3978282092466207,0.330858242366004,0.4803580417080533,NS
Ag00001aa080571_T001,0.4103411046140874,1,-0,NS
Ag00001aa033794_T001,-0.44418384493836033,0.10896779919522,0.9627018203888009,NS
Ag00001aa072504_T001,-0.4739311883324124,0.539548778038794,0.26796928670769965,NS
Ag00001aa061896_T002,1.70310069960416,5.8825986761306e-4,3.230430779130337,Up
Ag00001aa071551_T001,-0.24127043154213734,1,-0,NS
Ag00001aa113694_T004,-0.4719288354212646,0.285436461823825,0.5444905506416686,NS
Ag00001aa074740_T001,0.9934932210584156,1,-0,NS
Ag00001aa047741_T001,-0.33825040018929514,0.927266047399905,0.03279564197139703,NS
Ag00001aa024656_T001,-0.4759363242227893,0.12676919344949,0.8969862727982144,NS
Ag00001aa050391_T003,-0.045431429247006,1,-0,NS
Ag00001aa093678_T002,-0.0709665213541436,1,-0,NS
Ag00001aa094674_T001,0.18650055764449475,1,-0,NS
Ag00001aa084602_T003,0.42974985080021605,1,-0,NS
Ag00001aa008172_T001,0.39835037034596477,0.106499948373213,0.9726506027532636,NS
Ag00001aa103768_T001,-0.3183258582071667,1,-0,NS
Ag00001aa007448_T001,0.3056787432422875,1,-0,NS
Ag00001aa034045_T003,-0.18770715512672886,1,-0,NS
Ag00001aa065907_T001,-0.6597225952337457,0.250297872739521,0.601542841408211,NS
Ag00001aa094786_T002,-0.588573754273535,0.764017957451203,0.11689643366211872,NS
Ag00001aa145884_T006,-0.579921884020626,0.406000482510563,0.3914734502859821,NS
Ag00001aa031150_T001,-0.06793882865657556,1,-0,NS
Ag00001aa143278_T001,-0.7107557148433575,0.579666127472113,0.23682207668933913,NS
Ag00001aa008496_T001,-1.9159357352115254,0.457715539237224,0.3394043432195826,NS
Ag00001aa091198_T001,-0.11091590140185059,1,-0,NS
Ag00001aa025656_T001,-1.142417044615852,0.0331778824342643,1.479151336107364,Down
Ag00001aa029911_T001,-0.24468509595490195,0.50583010812295,0.2959953240574504,NS
Ag00001aa070937_T001,-0.09850554495242506,1,-0,NS
Ag00001aa025007_T001,-0.2378638300988879,1,-0,NS
Ag00001aa104497_T001,-0.4150374992788438,0.566109415057834,0.24709962223311993,NS
Ag00001aa019568_T001,1.0683268614345056,0.558298872596164,0.25313324914358676,NS
Ag00001aa083443_T001,-0.27928375747886874,1,-0,NS
Ag00001aa032200_T001,0.06626144226872127,1,-0,NS
Ag00001aa022922_T002,0.007195501404203766,1,-0,NS
Ag00001aa093308_T002,0,1,-0,NS
Ag00001aa072468_T001,-0.10469737866669324,1,-0,NS
Ag00001aa033457_T001,1.1525079483649028,0.653408847595033,0.18481498918153935,NS
Ag00001aa030383_T001,2.1106973165449348,0.0683343179056598,1.1653611362310108,NS
Ag00001aa105541_T002,-0.05289494843212547,1,-0,NS
Ag00001aa029761_T001,1.3385670370011513,0.0688721095209398,1.1619566145713403,NS
Ag00001aa150086_T001,-0.17625063969172725,1,-0,NS
Ag00001aa007010_T002,0.4318903482861805,0.783789503437232,0.10580055692044939,NS
Ag00001aa031675_T001,-0.15360697914763968,0.721609381503713,0.1416978292510238,NS
Ag00001aa073071_T001,-0.438307278601691,0.0966660532764189,1.0147260126087585,NS
Ag00001aa007874_T003,-0.1124747292584125,1,-0,NS
Ag00001aa004470_T002,0.5782141654724543,1,-0,NS
Ag00001aa082574_T001,-0.42275246440684927,0.473230466550039,0.3249273032904401,NS
Ag00001aa034719_T001,-0.3346072289581085,1,-0,NS
Ag00001aa080504_T001,-0.4363537305159361,0.397752610632873,0.40038696119808675,NS
Ag00001aa052437_T002,0.0398402645317911,1,-0,NS
Ag00001aa137519_T001,0.1750454861109138,1,-0,NS
Ag00001aa017834_T001,-0.23276896297612443,0.825548287846784,0.08325751897045615,NS
Ag00001aa026881_T001,-0.32012585225337686,0.940722991369547,0.026538241642220507,NS
Ag00001aa006007_T001,-0.6038405109268455,0.216142197807195,0.6652604367920851,NS
Ag00001aa068872_T001,-0.15200309344504995,1,-0,NS
Ag00001aa094687_T001,-0.8970060066766743,0.024219184484783,1.6158404846331609,NS
Ag00001aa148066_T002,-0.25842515258120435,0.376544119127874,0.42418413082789447,NS
Ag00001aa007636_T003,0.24974871508356883,1,-0,NS
Ag00001aa059287_T003,-0.37519723474705274,1,-0,NS
Ag00001aa117147_T003,-0.020340448284175534,1,-0,NS
Ag00001aa106413_T002,-0.16812275880832692,1,-0,NS
Ag00001aa054708_T002,0.14665522211946516,1,-0,NS
Ag00001aa008193_T001,0.10567807789453719,1,-0,NS
Ag00001aa010729_T001,0.5489297694763999,0.601654763261069,0.22065264066829912,NS
Ag00001aa016306_T001,-1.0923401721467105,1,-0,NS
Ag00001aa106460_T001,-1.234465253637023,0.781347226778509,0.1071559249423863,NS
Ag00001aa091933_T002,-0.8703872618695304,0.0371603763471498,1.4299198962751996,NS
Ag00001aa002267_T002,0.5390347029707543,0.504037493797218,0.2975371565235457,NS
Ag00001aa020201_T001,-0.1504009888485484,1,-0,NS
Ag00001aa054552_T002,0.17376706773670636,1,-0,NS
Ag00001aa037134_T001,-0.5228407888133588,0.109405561574743,0.9609606003076271,NS
Ag00001aa152296_T001,-0.12029423371771177,1,-0,NS
Ag00001aa094004_T001,1.0426443374084937,1,-0,NS
Ag00001aa156402_T001,0.36513259345252996,0.373700238267411,0.4274766252485995,NS
Ag00001aa093416_T001,-0.4799549759601824,0.149172989626123,0.8263098063423499,NS
Ag00001aa022611_T001,-0.25325728422226385,0.16923052476335,0.7715212988582952,NS
Ag00001aa136270_T002,-0.4402634755670174,1,-0,NS
Ag00001aa039470_T001,-0.7612131404128835,0.630595240761975,0.20024931128968723,NS
Ag00001aa099478_T001,0.6387689444169499,1,-0,NS
Ag00001aa046279_T001,-0.5022599113909069,0.225990933611559,0.6459089836908838,NS
Ag00001aa121075_T002,0.1647862781433397,1,-0,NS
Ag00001aa099047_T001,-0.189351252217354,1,-0,NS
Ag00001aa101737_T001,1.2116352533271495,0.0203365297308683,1.6917231540345274,Up
Ag00001aa039841_T001,1.0257375614136082,0.271974730256573,0.5654714453038383,NS
Ag00001aa023989_T001,-2.1713684183119812,0.00633849050220367,2.1980141560958817,Down
Ag00001aa050832_T001,0.4425454561053042,1,-0,NS
Ag00001aa018819_T001,-0.5756153284619034,0.00574653473250774,2.2405939640433137,NS
Ag00001aa155740_T001,-0.25325728422226385,1,-0,NS
Ag00001aa112021_T001,-0.42662547355405567,1,-0,NS
Ag00001aa055266_T001,1.2436690809668627,0.0212811363118334,1.6720051864905414,Up
Ag00001aa010364_T001,0.16349873228287956,1,-0,NS
Ag00001aa100404_T001,0.01578299724092746,1,-0,NS
Ag00001aa140533_T002,-0.7685675915520349,0.151690297831505,0.8190421959633596,NS
Ag00001aa032194_T001,-0.5691795034802285,0.075603109497044907,1.1214603419374642,NS
Ag00001aa100138_T002,-0.16812275880832692,1,-0,NS
Ag00001aa029239_T002,-0.07248275380152368,1,-0,NS
Ag00001aa115556_T001,-0.3940316411585416,0.291772942105829,0.5349549853657648,NS
Ag00001aa052432_T001,-0.049904905826313926,1,-0,NS
Ag00001aa101669_T001,0.29278174922784594,0.217362148482514,0.6628160818523626,NS
Ag00001aa125655_T001,0.2654368960490983,1,-0,NS
Ag00001aa036286_T001,-0.15200309344504995,1,-0,NS
Ag00001aa009768_T001,-0.5907448533151622,0.815087240318568,0.0887959054179744,NS
Ag00001aa005058_T001,0.021479727410451392,1,-0,NS
Ag00001aa032231_T004,0.002882508533121365,1,-0,NS
Ag00001aa017904_T002,0.12035194036522208,0.426282016463468,0.3703029885243945,NS
Ag00001aa009750_T003,0.2809563138310563,1,-0,NS
Ag00001aa000982_T001,-0.9742624385863917,1,-0,NS
Ag00001aa004786_T002,-0.02326977932284719,1,-0,NS
Ag00001aa156408_T001,0.15704371014558002,1,-0,NS
Ag00001aa027170_T004,0.037030730944967026,1,-0,NS
Ag00001aa112819_T001,1.5300707422250839,0.12358498699221,0.9080342837977711,NS
Ag00001aa143244_T003,-0.48398485299633537,1,-0,NS
Ag00001aa073091_T002,-0.17951465701362104,1,-0,NS
Ag00001aa008486_T001,0.1016500760944348,1,-0,NS
Ag00001aa042586_T002,-0.07552000764097772,1,-0,NS
Ag00001aa106557_T001,-0.029146345659516508,1,-0,NS
Ag00001aa090023_T001,-0.3022261804448139,0.274055010662044,0.5621622531320729,NS
Ag00001aa102114_T001,-0.3695945285176767,0.590223231510057,0.2289837004306698,NS
Ag00001aa107374_T001,-0.008682243099800882,1,-0,NS
Ag00001aa062977_T001,0.19156265070075562,1,-0,NS
Ag00001aa031811_T001,-0.39024503782755654,0.43416203906015,0.36234815174161716,NS
Ag00001aa092188_T001,0.19156265070075562,1,-0,NS
Ag00001aa064448_T001,1.9392265777282087,0.00998347020601749,2.0007184738062884,Up
Ag00001aa064955_T002,-0.16326791954086414,1,-0,NS
Ag00001aa135673_T001,-0.40354186044101437,0.702978668638821,0.15305785312100975,NS
Ag00001aa059759_T001,-0.5311560570253625,1,-0,NS
Ag00001aa149935_T002,0.8718436485093178,0.415460824282767,0.3814699215789037,NS
Ag00001aa103500_T001,-0.16974467583231706,1,-0,NS
Ag00001aa022261_T003,-0.3864683470820729,1,-0,NS
Ag00001aa005842_T001,-1.905088352974533,0.0873845587440568,1.0585653024309303,NS
Ag00001aa022039_T001,-0.19099722506091363,1,-0,NS
Ag00001aa106568_T001,-0.31293931166010763,1,-0,NS
Ag00001aa036840_T001,-0.07704103576382801,1,-0,NS
Ag00001aa088615_T001,-0.7226103011891362,1,-0,NS
Ag00001aa074283_T001,0.2666366425139895,1,-0,NS
Ag00001aa061731_T001,0.08814159686901755,1,-0,NS
Ag00001aa145191_T001,-0.20423305221760774,1,-0,NS
Ag00001aa036562_T001,-2.473931188332412,0.278761689196511,0.5547669124743493,NS
Ag00001aa102927_T001,0.060739157857678534,1,-0,NS
Ag00001aa003816_T001,0.08542465625267767,1,-0,NS
Ag00001aa034901_T001,-0.6461121637150926,1,-0,NS
Ag00001aa078803_T001,-0.1827860757416734,0.835550991670721,0.07802704101240544,NS
Ag00001aa030570_T002,-0.36215793967589505,0.23321989503619,0.6322344044452295,NS
Ag00001aa030871_T002,-0.33278908751912917,1,-0,NS
Ag00001aa111062_T001,1.335711910320462,1,-0,NS
Ag00001aa141498_T001,-1.098505544952425,0.0135426256720617,1.868297125581654,Down
Ag00001aa009143_T001,0.6107000621347644,0.361426223565155,0.44198034005269404,NS
Ag00001aa069060_T001,1.6875086607207277,0.0536254453114337,1.270629088364415,NS
Ag00001aa019399_T001,-0.2293823533437969,1,-0,NS
Ag00001aa054821_T001,-0.0014434168696687186,1,-0,NS
Ag00001aa056946_T001,-0.3255393484397412,0.940103513334911,0.026824324277868353,NS
Ag00001aa021684_T001,-0.6989977439671857,0.689497447322378,0.16146733734289206,NS
Ag00001aa087312_T001,-0.1124747292584125,1,-0,NS
Ag00001aa072348_T001,-0.5500425163719965,0.0285377160833073,1.5445807870765589,NS
Ag00001aa052822_T002,0.3368546391254651,1,-0,NS
Ag00001aa154168_T001,0.35049724708413316,0.42097990535773,0.3757386338568096,NS
Ag00001aa059110_T001,0.031395196275534325,1,-0,NS
Ag00001aa011166_T001,-0.4150374992788438,1,-0,NS
Ag00001aa078176_T002,1.5395310714741501,0.437224467291611,0.3592955427140779,NS
Ag00001aa002922_T001,-0.12973392960401728,1,-0,NS
Ag00001aa018437_T001,-0.8390798118188968,0.0223282346505309,1.6511456124341843,NS
Ag00001aa052028_T001,1.2732174731034955,0.211191957002555,0.6753226254181565,NS
Ag00001aa041572_T001,0.3010022560328143,1,-0,NS
Ag00001aa050882_T001,-0.42275246440684927,0.721075113390365,0.14201949307275646,NS
Ag00001aa011027_T003,-0.2705559931663367,1,-0,NS
Ag00001aa054182_T002,0.2904244038652997,1,-0,NS
Ag00001aa102390_T001,-0.7809089417538033,0.101959147789003,0.9915738031760946,NS
Ag00001aa039752_T001,0.5577776713949258,0.326579095688125,0.4860116178781331,NS
Ag00001aa018157_T001,-0.5395195299599892,0.0809521200188132,1.091771773218008,NS
Ag00001aa042374_T001,0.9523335663696857,0.0223421692986157,1.6508746616286496,NS
Ag00001aa018685_T001,-0.732164607902385,0.00431305084689471,2.365215421892159,NS
Ag00001aa004181_T001,0.42760617278189944,0.487048992428398,0.3124273507542879,NS
Ag00001aa071123_T001,-0.5994620704162712,0.549388502058205,0.2601204340034217,NS
Ag00001aa097898_T001,-0.1584293626044829,1,-0,NS
Ag00001aa042322_T001,-0.4016347946763554,0.0598681723111448,1.2228040000353813,NS
Ag00001aa138024_T002,-0.02326977932284719,1,-0,NS
Ag00001aa002104_T002,-0.3978282092466207,0.119262105282652,0.9234975285089063,NS
Ag00001aa090263_T001,0.7706176466562031,0.810407126324727,0.09129674865728052,NS
Ag00001aa056153_T001,-0.09541956507868243,1,-0,NS
Ag00001aa064165_T001,-0.732164607902385,0.0239367785534956,1.6209342979805652,NS
Ag00001aa023522_T001,2.0538064436957937,1.5121333411169e-4,3.8204099107144676,Up
Ag00001aa117876_T001,-0.029146345659516508,1,-0,NS
Ag00001aa011457_T001,-1.7083964419694353,0.378493484709769,0.42194159193391845,NS
Ag00001aa001881_T002,-0.28454587288428235,0.590657141316908,0.22866454084841836,NS
Ag00001aa069578_T003,2.477159211186641,0.0573278318429239,1.2416344830720016,NS
Ag00001aa130867_T001,-0.03356953269370183,1,-0,NS
Ag00001aa069792_T001,0.11103131238874395,1,-0,NS
Ag00001aa002758_T001,-0.8836352433082154,0.0456646924176881,1.3404194632706583,NS
Ag00001aa021480_T001,0.2809563138310563,0.330858242366004,0.4803580417080533,NS
Ag00001aa028821_T001,-0.3004483674769107,0.20936415445502,0.6790976724899309,NS
Ag00001aa069360_T001,0.04124298223188134,1,-0,NS
Ag00001aa078362_T001,0.05519565424212462,1,-0,NS
Ag00001aa151090_T002,0.03562390973072122,1,-0,NS
Ag00001aa017272_T001,-0.3677317845004871,1,-0,NS
Ag00001aa105496_T002,0.007195501404203766,1,-0,NS
Ag00001aa016315_T002,0.31266517355839435,0.625824344609518,0.2035475467763785,NS
Ag00001aa006979_T001,-0.7107557148433575,0.00114724010800748,2.940345678289034,NS
Ag00001aa006944_T001,2.120351940365222,0.0456136613124211,1.3409050664575313,Up
Ag00001aa054773_T001,0.07860983469636647,1,-0,NS
Ag00001aa020481_T001,-0.23107466443624883,0.300088466038591,0.5227506964513778,NS
Ag00001aa054452_T001,-0.41119543298444966,0.12318197130935,0.9094528500759124,NS
Ag00001aa085044_T001,0.14795788138710142,1,-0,NS
Ag00001aa027254_T002,-1.1328942704973453,0.0281798577081341,1.5500612041552713,Down
Ag00001aa090609_T001,0.7982579326445002,0.0811221591933377,1.0908604984289803,NS
Ag00001aa054036_T001,-0.2898272517203383,1,-0,NS
Ag00001aa033867_T001,-0.3940316411585416,0.0664384994784752,1.1775801847031409,NS
Ag00001aa122178_T001,0.19534759832221926,0.74200396038703,0.12959377670258587,NS
Ag00001aa019756_T001,0.32423456227053127,1,-0,NS
Ag00001aa082041_T001,0.34255474547732023,1,-0,NS
Ag00001aa064837_T001,-0.4150374992788438,0.137941760952999,0.8603042341446064,NS
Ag00001aa012213_T001,-0.7178567712185016,0.438606264668502,0.3579251695314299,NS
Ag00001aa054603_T001,0.5099491463043107,0.81209111875487106,0.09039523904417773,NS
Ag00001aa086952_T001,-0.8943219221054628,1,-0,NS
Ag00001aa103243_T001,-0.20756106993536216,0.905136664417565,0.043285842760054344,NS
Ag00001aa028572_T001,-0.3040061868900999,0.676261742091296,0.16988518106292172,NS
Ag00001aa076989_T001,0.1928254035523912,1,-0,NS
Ag00001aa107617_T001,0.28924428515664247,1,-0,NS
Ag00001aa007822_T001,-1.1456053222468994,0.0470481969298305,1.3274570157740235,Down
Ag00001aa130954_T001,0.16349873228287956,1,-0,NS
Ag00001aa012742_T001,0.12167855658825247,1,-0,NS
Ag00001aa124039_T001,0.21661006874244174,1,-0,NS
Ag00001aa098373_T001,0.03421571533791298,1,-0,NS
Ag00001aa083170_T001,-0.09541956507868243,1,-0,NS
Ag00001aa091530_T001,-0.05739166388833668,1,-0,NS
Ag00001aa105769_T002,0.7689253355637512,0.770865646014032,0.11302130843317496,NS
Ag00001aa080969_T001,-0.7983661388303496,0.487945218060573,0.3116289337954342,NS
Ag00001aa066994_T001,-0.34923544088309766,1,-0,NS
Ag00001aa022663_T001,-0.19429481516148867,0.799225685989601,0.09733056694387786,NS
Ag00001aa101319_T002,-0.6281623826695795,0.192369827910128,0.7158630435232306,NS
Ag00001aa020709_T002,-0.2670796178917426,1,-0,NS
Ag00001aa118351_T001,-0.5416179958439868,0.0873845587440568,1.0585653024309303,NS
Ag00001aa091950_T002,-0.010134377133713174,1,-0,NS
Ag00001aa040276_T001,-0.4520566887096497,0.0536254453114337,1.270629088364415,NS
Ag00001aa117955_T001,-0.117161344232749,1,-0,NS
Ag00001aa044048_T001,0.22897256976016075,1,-0,NS
Ag00001aa042357_T001,-0.5500425163719965,0.0536254453114337,1.270629088364415,NS
Ag00001aa085673_T001,-0.1456053222468993,1,-0,NS
Ag00001aa002167_T001,-0.1504009888485484,1,-0,NS
Ag00001aa072586_T001,-0.16004041251046824,1,-0,NS
Ag00001aa033917_T004,-0.6393547975397839,1,-0,NS
Ag00001aa069071_T001,-0.6303939299681621,1,-0,NS
Ag00001aa095351_T002,-0.5500425163719965,0.447975840937219,0.34874540660579845,NS
Ag00001aa082008_T001,0.2215677885384093,1,-0,NS
Ag00001aa137535_T001,-0.38835545662633836,0.920421961489111,0.036013027509100584,NS
Ag00001aa000745_T001,0.38294386956899057,0.0453711853873575,1.3432198740189032,NS
Ag00001aa069771_T001,-0.28103566424046145,1,-0,NS
Ag00001aa143197_T001,-0.6259342817774622,0.143269814958541,0.843845300027019,NS
Ag00001aa060566_T001,0.8007446239367776,0.828290310712842,0.08181741896047398,NS
Ag00001aa084387_T001,1.9916805621431244,0.571625688433193,0.24288826257158214,NS
Ag00001aa033447_T001,-0.27753397552890896,0.925141298505558,0.03379193161251297,NS
Ag00001aa105609_T001,-0.6943212567577125,0.280134238955694,0.5526338069894665,NS
Ag00001aa095660_T001,-0.017417053077409404,1,-0,NS
Ag00001aa030165_T002,-0.0188780102056894,1,-0,NS
Ag00001aa091931_T001,-0.060397279643956275,1,-0,NS
Ag00001aa072392_T001,-0.3165281071447725,0.860249486051326,0.06537557817246648,NS
Ag00001aa088164_T001,-0.20589610144025206,1,-0,NS
Ag00001aa153066_T001,-2.0469210473874924,0.00768669463152629,2.114260371757236,Down
Ag00001aa051295_T004,0.5210507369009632,0.0956165842836528,1.019466774688099,NS
Ag00001aa005644_T001,-0.7833899312575583,0.0200439993285326,1.6980156204782832,NS
Ag00001aa096860_T002,0.10433665981473553,1,-0,NS
Ag00001aa000789_T001,0.11103131238874395,1,-0,NS
Ag00001aa076051_T001,-1.3075728019102921,0.0536254453114337,1.270629088364415,NS
Ag00001aa084371_T001,-0.32012585225337686,1,-0,NS
Ag00001aa103035_T001,-0.584241333477502,0.711637576539484,0.14774112796741773,NS
Ag00001aa014749_T001,-0.24127043154213734,0.763929512337463,0.11694671186297445,NS
Ag00001aa034956_T001,-0.9406447223835788,0.129321172872967,0.8883303652269858,NS
Ag00001aa053278_T001,0.09085343045111348,1,-0,NS
Ag00001aa015365_T001,-0.41888982477445036,1,-0,NS
Ag00001aa049223_T001,-0.07856366919370213,1,-0,NS
Ag00001aa009817_T004,-0.14082554413356455,1,-0,NS
Ag00001aa143830_T002,-0.010134377133713174,1,-0,NS
Ag00001aa069947_T001,-0.02180437031834845,1,-0,NS
Ag00001aa143849_T002,-0.265344566520995,0.355222575157369,0.4494994416695465,NS
Ag00001aa134618_T003,-0.3584539709124763,0.772992959752429,0.1118244615209959,NS
Ag00001aa045319_T003,-0.1456053222468993,1,-0,NS
Ag00001aa129540_T002,-0.39024503782755654,0.765541350357998,0.11603134611883349,NS
Ag00001aa002585_T003,0.1877677470460248,1,-0,NS
Ag00001aa084905_T001,-0.34923544088309766,1,-0,NS
Ag00001aa141867_T001,-0.3255393484397412,1,-0,NS
Ag00001aa095126_T001,0.32768736417604716,0.510539299277382,0.2919708220346606,NS
Ag00001aa108048_T001,0.9365908298239385,1,-0,NS
Ag00001aa121061_T001,-0.1376478004679799,0.775629830408091,0.11034549648283955,NS
Ag00001aa144456_T001,0.17887395816979515,1,-0,NS
Ag00001aa079831_T001,-0.10005101381032824,1,-0,NS
Ag00001aa036621_T002,-0.23446525363702297,0.207550120173876,0.6828770108239531,NS
Ag00001aa009208_T002,-0.3959286763311392,0.303963474269223,0.517178600195091,NS
Ag00001aa010341_T001,0.48026512205446287,1,-0,NS
Ag00001aa133652_T001,-0.8677522017015602,1,-0,NS
Ag00001aa094889_T001,0.31846146516758317,1,-0,NS
Ag00001aa070623_T004,-0.6170561304310095,0.153246849980565,0.8146084437271235,NS
Ag00001aa041745_T001,-0.21256753548313206,1,-0,NS
Ag00001aa054630_T002,1.0565835283663676,0.00365731129593169,2.4368380726530376,Up
Ag00001aa109805_T002,1.1622100363143069,0.101001313088082,0.9956729800470474,NS
Ag00001aa102060_T001,-0.07552000764097772,1,-0,NS
Ag00001aa022657_T001,0.4372277389129098,0.250179462122268,0.601748345534169,NS
Ag00001aa116873_T001,0.2809563138310563,1,-0,NS
Ag00001aa010636_T001,0.4552285711171388,0.0564903283065533,1.2480259012539339,NS
Ag00001aa051018_T001,-1.6259342817774622,1,-0,NS
Ag00001aa152518_T003,-0.08467032398699055,1,-0,NS
Ag00001aa118570_T001,-0.6711635357704601,0.115363948086735,0.9379298895616874,NS
Ag00001aa115597_T001,-0.08620103504930393,1,-0,NS
Ag00001aa097695_T001,-0.08161376555365212,1,-0,NS
Ag00001aa117519_T001,-0.641603738043346,1,-0,NS
Ag00001aa114344_T001,0.1016500760944348,1,-0,NS
Ag00001aa000107_T002,-0.07552000764097772,1,-0,NS
Ag00001aa082621_T001,0.02856915219677092,1,-0,NS
Ag00001aa072229_T001,-1.107803289534515,0.476340547631956,0.3220824483786086,NS
Ag00001aa106563_T001,-0.045431429247006,1,-0,NS
Ag00001aa037090_T001,0.048236185652847624,1,-0,NS
Ag00001aa027961_T001,-0.3603047666004178,0.929837286948408,0.03159304237399849,NS
Ag00001aa068127_T001,0.0398402645317911,1,-0,NS
Ag00001aa086308_T001,-0.43245455235625324,0.975568598017062,0.010742187373678453,NS
Ag00001aa124181_T001,-0.11091590140185059,1,-0,NS
Ag00001aa042962_T002,0.8383467365212307,0.362316274038091,0.44091215846833504,NS
Ag00001aa035340_T001,-0.131313234677865,1,-0,NS
Ag00001aa002088_T001,-0.6826959316380852,0.241703957274677,0.6167162390897161,NS
Ag00001aa003223_T003,-0.1328942704973453,1,-0,NS
Ag00001aa152213_T001,-0.962969269055033,0.041790772151081,1.378919604499933,NS
Ag00001aa012513_T003,-0.3940316411585416,1,-0,NS
Ag00001aa017260_T001,0.04404433270602122,1,-0,NS
Ag00001aa065283_T001,0.14404636961670686,1,-0,NS
Ag00001aa117226_T002,0.12829340100981756,1,-0,NS
Ag00001aa042735_T001,0.5859239769586013,0.646000248811644,0.18976731473323913,NS
Ag00001aa080313_T001,-0.1827860757416734,1,-0,NS
Ag00001aa074963_T001,-0.16165326347876927,1,-0,NS
Ag00001aa051103_T001,-0.41888982477445036,0.0617908190519719,1.2090760480708358,NS
Ag00001aa142538_T001,-0.17951465701362104,0.309277998911589,0.509650973275643,NS
Ag00001aa009023_T001,-0.12658049656514306,1,-0,NS
Ag00001aa074156_T001,-0.3219280948873623,0.0706734991990482,1.1507434052861591,NS
Ag00001aa104822_T001,0.21038886444540292,1,-0,NS
Ag00001aa018713_T005,-0.005782352594006111,1,-0,NS
Ag00001aa022804_T001,-0.905088352974533,0.0377268112268301,1.4233499010040518,NS
Ag00001aa137803_T003,-0.10159814000780673,1,-0,NS
Ag00001aa026677_T001,-0.10469737866669324,1,-0,NS
Ag00001aa074030_T001,-0.3959286763311392,1,-0,NS
Ag00001aa016018_T001,-0.40545145044964576,0.23388306959325,0.6310012149088859,NS
Ag00001aa025476_T001,0.6708403358815619,0.350933184004289,0.45477556325067614,NS
Ag00001aa070881_T001,-0.8416629728328994,0.0726103341571949,1.1390015645884604,NS
Ag00001aa148431_T001,0.2963105607080923,1,-0,NS
Ag00001aa022077_T002,-0.22431729826094013,1,-0,NS
Ag00001aa027688_T002,-0.1328942704973453,1,-0,NS
Ag00001aa024328_T001,-0.14720210718122878,0.671557332484039,0.17291690463551923,NS
Ag00001aa118882_T001,0.0676387168753633,1,-0,NS
Ag00001aa071892_T001,-0.5104570643575265,0.255729312232544,0.5922194893720202,NS
Ag00001aa043569_T001,-0.30757280191029224,0.469771274033523,0.32811354334843545,NS
Ag00001aa054677_T001,-0.2986727425870594,0.114349408048715,0.9417660792587372,NS
Ag00001aa079297_T001,-0.06793882865657556,1,-0,NS
Ag00001aa092162_T002,-0.41888982477445036,0.215429642567284,0.6666945391175505,NS
Ag00001aa090930_T003,-0.862496476250065,0.0377268112268301,1.4233499010040518,NS
Ag00001aa026593_T001,-0.24127043154213734,0.344923638365764,0.46227704146900117,NS
Ag00001aa080388_T001,-0.3789444967002605,0.176618692589997,0.7529633343989904,NS
Ag00001aa006648_T002,-0.24127043154213734,1,-0,NS
Ag00001aa001617_T001,-0.23446525363702297,0.574149593724041,0.2409749381516324,NS
Ag00001aa024486_T001,-1.6943212567577124,1,-0,NS
Ag00001aa140247_T001,-0.4819685073978307,0.158093185028535,0.8010868509298599,NS
Ag00001aa122641_T001,-0.16974467583231706,1,-0,NS
Ag00001aa019079_T001,-0.09850554495242506,1,-0,NS
Ag00001aa125579_T001,-0.28278970098040423,0.344463204684959,0.462857162307119,NS
Ag00001aa084257_T003,0.08814159686901755,1,-0,NS
Ag00001aa075731_T002,-0.4799549759601824,0.372657706121862,0.42868989364318144,NS
Ag00001aa085422_T002,-0.5479317697761891,0.988172442742364,0.005167261488700799,NS
Ag00001aa010320_T001,-0.4739311883324124,1,-0,NS
Ag00001aa141646_T001,-0.6711635357704601,0.723175619172893,0.1407562239004505,NS
Ag00001aa011553_T001,-0.3400754415976217,1,-0,NS
Ag00001aa042401_T001,0.42438467153809656,1,-0,NS
Ag00001aa052690_T001,0.7154541271157177,0.622492714223948,0.20586572726974048,NS
Ag00001aa123912_T001,-1.3219280948873622,0.0254506849325041,1.5943005253742049,Down
Ag00001aa015062_T001,-0.4481148965282752,0.175831782692349,0.7549026207278983,NS
Ag00001aa113340_T001,0.005759269288684953,1,-0,NS
Ag00001aa010331_T001,-0.2722973271627619,1,-0,NS
Ag00001aa055723_T001,-0.3733272473940066,1,-0,NS
Ag00001aa068947_T001,0.0398402645317911,1,-0,NS
Ag00001aa041500_T003,0.2582173895360179,0.361426223565155,0.44198034005269404,NS
Ag00001aa089484_T001,0.06212171190779749,1,-0,NS
Ag00001aa157463_T001,-0.8598757760909294,0.0644739478508639,1.1906157363756371,NS
Ag00001aa087842_T001,-0.4208198518728499,1,-0,NS
Ag00001aa045781_T001,-0.4819685073978307,0.743075196937275,0.1289672347422061,NS
Ag00001aa061771_T001,-0.49005085369568935,0.172371591351329,0.7635343089056978,NS
Ag00001aa073218_T002,-1.3075728019102921,0.822830516213095,0.08468961005315695,NS
Ag00001aa064023_T001,-0.9885043611621706,0.838496386967429,0.0764988044037382,NS
Ag00001aa085338_T001,-0.139235797371172,0.569935204116852,0.24417451642239596,NS
Ag00001aa001746_T001,0.21288056634438476,1,-0,NS
Ag00001aa033409_T001,1.2497487150835689,0.0384169078315946,1.4154775943342799,Up
Ag00001aa012703_T002,0.3538878362849074,1,-0,NS
Ag00001aa107101_T002,0.09626185305840348,1,-0,NS
Ag00001aa058563_T002,0.5469561781414114,0.189457779729295,0.7224875565323888,NS
Ag00001aa053563_T002,1.0157829972409274,1,-0,NS
Ag00001aa015579_T001,0.2880632003253163,1,-0,NS
Ag00001aa064934_T001,-0.5521563556379144,0.24687974492177,0.6075145399974086,NS
Ag00001aa060780_T001,-0.22600367488882686,1,-0,NS
Ag00001aa002294_T001,-0.34190279464862844,1,-0,NS
Ag00001aa074503_T002,-0.09696172988708796,0.990871209308737,0.003982790238632124,NS
Ag00001aa100899_T001,-0.15200309344504995,1,-0,NS
Ag00001aa064662_T001,0.21412480535284734,1,-0,NS
Ag00001aa010217_T001,-0.16812275880832692,1,-0,NS
Ag00001aa117290_T003,0.05935527761642124,1,-0,NS
Ag00001aa052264_T001,-0.7858751946471527,0.00945193655986751,2.024479201956293,NS
Ag00001aa118827_T001,0.49569516262406876,1,-0,NS
Ag00001aa047515_T001,0.28924428515664247,1,-0,NS
Ag00001aa142962_T001,1.582556003014061,0.372216567010805,0.4292043007343991,NS
Ag00001aa102225_T001,2.0028825085331214,1,-0,NS
Ag00001aa007351_T001,-0.42468766931256313,1,-0,NS
Ag00001aa007110_T003,0.3115031154682697,0.212330075272669,0.6729884862867795,NS
Ag00001aa053157_T001,-0.05139915250664432,1,-0,NS
Ag00001aa027119_T002,1.140778655782796,0.0400414307656437,1.3974904126482055,Up
Ag00001aa071887_T001,-0.8598757760909294,0.646110944596703,0.18969290230034022,NS
Ag00001aa028344_T001,-0.6574452545226798,0.816713687059569,0.08793016613962869,NS
Ag00001aa094026_T001,0.2240402742179301,1,-0,NS
Ag00001aa118088_T002,0.005759269288684953,1,-0,NS
Ag00001aa012894_T001,1.7845039829295666,0.00945193655986751,2.024479201956293,Up
Ag00001aa093374_T002,0.3045110418099531,1,-0,NS
Ag00001aa090992_T001,-0.2378638300988879,1,-0,NS
Ag00001aa076840_T001,-0.7809089417538033,0.0888979226052492,1.0511083876419167,NS
Ag00001aa149153_T001,0.031395196275534325,1,-0,NS
Ag00001aa122642_T001,2.6470842126289535,7.136158792395e-4,3.146535494689439,Up
Ag00001aa042464_T001,0.11103131238874395,1,-0,NS
Ag00001aa083729_T005,-1.3040061868900998,7.5989853017634e-4,3.1192443955173226,Down
Ag00001aa036120_T001,-0.02180437031834845,1,-0,NS
Ag00001aa008535_T002,-1.38458370273713,0.00266490705617141,2.5743179332399526,Down
Ag00001aa012956_T001,-0.2740407654908124,0.763742100706935,0.11705326858196576,NS
Ag00001aa032261_T001,0.05519565424212462,1,-0,NS
Ag00001aa065782_T002,-0.09696172988708796,1,-0,NS
Ag00001aa003857_T002,-0.14880066140670606,1,-0,NS
Ag00001aa054867_T001,2.1371756012480367,0.213447336082525,0.6707092610140708,NS
Ag00001aa015823_T002,-0.9268652953697847,0.0144949691818021,1.8387827036748008,NS
Ag00001aa040764_T001,0.41575866652249804,1,-0,NS
Ag00001aa000068_T001,-0.8943219221054628,1,-0,NS
Ag00001aa048438_T001,-1.3584539709124763,0.0706734991990482,1.1507434052861591,NS
Ag00001aa010289_T001,0.011495638837829437,1,-0,NS
Ag00001aa127432_T001,-0.5606428215257431,0.0249423152516781,1.6030632359272783,NS
Ag00001aa015388_T001,-0.2159148572652431,0.373700238267411,0.4274766252485995,NS
Ag00001aa119226_T002,0.7180875839605168,1,-0,NS
Ag00001aa064953_T002,-0.17136841831198107,0.835096243953334,0.07826346965513213,NS
Ag00001aa066927_T001,-0.3864683470820729,0.458785002042215,0.3383907878866598,NS
Ag00001aa033527_T001,-0.1456053222468993,1,-0,NS
Ag00001aa109847_T001,-0.7226103011891362,1,-0,NS
Ag00001aa124297_T002,-0.48398485299633537,0.0291230227649278,1.5357635503068807,NS
Ag00001aa046023_T001,-0.9971174914668787,0.0202654392322005,1.6932439789415965,NS
Ag00001aa065136_T001,-0.058893689053568565,1,-0,NS
Ag00001aa037818_T003,-0.14241704461585192,1,-0,NS
Ag00001aa064587_T001,-0.061902438925906855,1,-0,NS
Ag00001aa032368_T001,0.4823320207473761,1,-0,NS
Ag00001aa152885_T003,-0.6896598793878495,0.538296887752728,0.2689781311182224,NS
Ag00001aa130398_T001,0.8237493603082727,0.0158829251287945,1.7990695113354633,NS
Ag00001aa054082_T001,1.1296127381304697,0.057243794718657,1.2422715843681014,NS
Ag00001aa128338_T001,-0.41311518714781525,0.430668840276604,0.3658565491463106,NS
Ag00001aa018823_T002,-0.10469737866669324,1,-0,NS
Ag00001aa006389_T001,0.1775989293277334,1,-0,NS
Ag00001aa010769_T001,-0.7393720918733014,0.567001701012782,0.24641563821581164,NS
Ag00001aa047250_T001,-1.0923401721467105,0.137705730108158,0.8610479878289363,NS
Ag00001aa009351_T001,0.06901467791518046,1,-0,NS
Ag00001aa124950_T001,-1.0144995696951151,0.678502868227668,0.16844831211210531,NS
Ag00001aa059602_T001,0.37740143078579397,1,-0,NS
Ag00001aa022745_T002,-0.21256753548313206,1,-0,NS
Ag00001aa028612_T002,-0.3864683470820729,0.9884335455135,0.005052523909185889,NS
Ag00001aa064920_T003,-0.584241333477502,0.028479717321468,1.5454643256509066,NS
Ag00001aa072584_T002,-0.4363537305159361,0.0962835572217827,1.016447872974773,NS
Ag00001aa046346_T001,0.14925936549962288,1,-0,NS
Ag00001aa080596_T003,-0.5290727425248735,0.212281624836529,0.6730875968725092,NS
Ag00001aa057279_T001,0.012926174444270048,1,-0,NS
Ag00001aa023126_T001,1.5315686088149625,0.0156489133336285,1.8055158146411137,Up
Ag00001aa099692_T001,-0.9132162338579334,0.53971530695939,0.2678352646590252,NS
Ag00001aa129568_T001,-0.3255393484397412,0.743213794199435,0.12888623834554783,NS
Ag00001aa040833_T001,-0.4208198518728499,1,-0,NS
Ag00001aa037844_T001,-0.11559744701631275,1,-0,NS
Ag00001aa096875_T001,-0.1250063610670326,1,-0,NS
Ag00001aa067474_T001,1.3362833878644322,0.0164511610241558,1.7838034467358204,Up
Ag00001aa035085_T001,-0.1250063610670326,1,-0,NS
Ag00001aa027348_T001,-0.07248275380152368,1,-0,NS
Ag00001aa092934_T001,-0.5395195299599892,0.629867744210648,0.20075063148186217,NS
Ag00001aa055541_T001,1.2197106395487791,0.0211541017832909,1.6746054103630315,Up
Ag00001aa117298_T001,-0.061902438925906855,1,-0,NS
Ag00001aa138466_T001,-0.27753397552890896,1,-0,NS
Ag00001aa025765_T001,-0.10005101381032824,1,-0,NS
Ag00001aa032667_T002,0.2485348361386787,1,-0,NS
Ag00001aa081844_T001,-0.18606492951868298,1,-0,NS
Ag00001aa045993_T001,-0.7107557148433575,0.0262148587471248,1.581452478042172,NS
Ag00001aa143034_T001,0.11636475669178462,1,-0,NS
Ag00001aa007066_T002,0.2974849157105747,0.411281823045866,0.38586048408508705,NS
Ag00001aa050518_T001,-0.15360697914763968,1,-0,NS
Ag00001aa000131_T001,-0.38458370273712994,0.141031257746509,0.8506846209450044,NS
Ag00001aa028870_T001,-0.2276920250415967,1,-0,NS
Ag00001aa154978_T001,-1.9545570292388328,0.0165229198921282,1.781913202718712,Down
Ag00001aa053673_T001,-0.026205070347394003,1,-0,NS
Ag00001aa019713_T001,-0.008682243099800882,1,-0,NS
Ag00001aa020551_T001,-0.20756106993536216,0.251774876761279,0.5989876079386196,NS
Ag00001aa096937_T001,0.28332916805164143,0.942598100463431,0.025673439771674085,NS
Ag00001aa047439_T001,0.5400272692575073,0.862537761285123,0.06422188273726948,NS
Ag00001aa033461_T001,-0.131313234677865,1,-0,NS
Ag00001aa068682_T001,-0.3733272473940066,1,-0,NS
Ag00001aa150735_T001,-0.2276920250415967,1,-0,NS
Ag00001aa070626_T001,-0.38270151715915357,1,-0,NS
Ag00001aa013539_T001,-0.2705559931663367,1,-0,NS
Ag00001aa127928_T001,-0.45997273074249273,1,-0,NS
Ag00001aa034533_T001,-0.07400058144377693,1,-0,NS
Ag00001aa131157_T001,-0.9885043611621706,0.539499390566396,0.26800904157198957,NS
Ag00001aa012526_T001,1.3487989596121077,0.273728889350735,0.5626793647253949,NS
Ag00001aa028228_T001,-0.16326791954086414,0.679684232826136,0.1676928046342019,NS
Ag00001aa107081_T001,0.7561693281392987,1,-0,NS
Ag00001aa123022_T001,-0.20922796213800007,1,-0,NS
Ag00001aa157044_T001,2.636682617168484,0.0446288955295997,1.3503838608927348,Up
Ag00001aa100626_T002,-0.0188780102056894,1,-0,NS
Ag00001aa078772_T002,-0.8008773579863994,0.262968585499866,0.580096129681115,NS
Ag00001aa096736_T003,0.8081790837714706,0.00405066224729559,2.3924739676905213,NS
Ag00001aa069606_T001,0.7815695448159741,0.33036115067956,0.4810110298670936,NS
Ag00001aa018149_T001,0.4781952579391659,1,-0,NS
Ag00001aa010481_T001,-0.10469737866669324,1,-0,NS
Ag00001aa092197_T003,0.005759269288684953,1,-0,NS
Ag00001aa024576_T001,0.267835392097615,1,-0,NS
Ag00001aa088228_T002,1.6959938131099002,8.2568810648275e-4,3.083183971097576,Up
Ag00001aa139665_T001,-0.7685675915520349,0.0747204022781562,1.1265607986260207,NS
Ag00001aa054641_T001,-0.4699292577749161,0.13234160378964,0.8783036066368817,NS
Ag00001aa009960_T002,0.3230817895037326,1,-0,NS
Ag00001aa109193_T001,-0.4208198518728499,0.136116198743542,0.8660901877554471,NS
Ag00001aa051544_T001,-1.1109159014018506,0.143127546435223,0.8442767735532207,NS
Ag00001aa118191_T001,-0.13606154957602837,1,-0,NS
Ag00001aa064964_T001,0.014355292977070054,1,-0,NS
Ag00001aa005066_T003,-0.18606492951868298,1,-0,NS
Ag00001aa097484_T001,-0.33278908751912917,1,-0,NS
Ag00001aa065363_T001,-1.207561069935362,0.0226361678828063,1.6451970937477536,Down
Ag00001aa129460_T001,-0.7036894392919076,0.951860424318413,0.02142672954869286,NS
Ag00001aa044525_T002,-0.21256753548313206,1,-0,NS
Ag00001aa054239_T001,0.1335635257411058,1,-0,NS
Ag00001aa096030_T001,-0.5458241068141979,0.0957015732213197,1.0190809228739184,NS
Ag00001aa094834_T001,-0.10469737866669324,1,-0,NS
Ag00001aa062567_T001,-0.27578631324264175,1,-0,NS
Ag00001aa020689_T002,0.4393571784742569,0.332894938290905,0.47769280829494387,NS
Ag00001aa117966_T003,0.3696060700318379,1,-0,NS
Ag00001aa087789_T001,-0.4699292577749161,1,-0,NS
Ag00001aa068681_T001,0.16092018818110318,1,-0,NS
Ag00001aa146597_T001,0.2974849157105747,1,-0,NS
Ag00001aa032938_T001,0.14535138557262012,1,-0,NS
Ag00001aa120859_T001,0.05519565424212462,1,-0,NS
Ag00001aa042240_T003,-0.24468509595490195,1,-0,NS
Ag00001aa108817_T001,-0.22431729826094013,1,-0,NS
Ag00001aa063510_T001,0.002882508533121365,1,-0,NS
Ag00001aa117981_T003,0.44148347958264483,0.536056963258121,0.2707890582284798,NS
Ag00001aa018534_T001,0.5099491463043107,0.927266047399905,0.03279564197139703,NS
Ag00001aa001519_T002,0.7916057247045517,0.0458923743503472,1.3382594724736017,NS
Ag00001aa088716_T003,0.045442970761167115,1,-0,NS
Ag00001aa033385_T001,-0.3978282092466207,0.374570971515607,0.42646588259100615,NS
Ag00001aa083673_T001,0.18650055764449475,1,-0,NS
Ag00001aa038068_T001,0.14143279092929553,1,-0,NS
Ag00001aa079704_T001,-0.28278970098040423,1,-0,NS
Ag00001aa101281_T001,-0.9686048037244657,0.129321172872967,0.8883303652269858,NS
Ag00001aa115730_T002,0.6753643127491455,0.101298231472619,0.9943981367560796,NS
Ag00001aa065884_T002,0.24123003551544533,1,-0,NS
Ag00001aa011686_T001,-0.3584539709124763,1,-0,NS
Ag00001aa028864_T001,0.022900402110078828,1,-0,NS
Ag00001aa054312_T001,0.12565110166152013,1,-0,NS
Ag00001aa089163_T001,-0.7784322114615907,0.149006345631331,0.8267952361918254,NS
Ag00001aa083267_T002,-0.3255393484397412,1,-0,NS
Ag00001aa029425_T001,-0.5022599113909069,0.0694622518966034,1.1582511414051033,NS
Ag00001aa041441_T001,-0.21759143507262677,1,-0,NS
Ag00001aa025276_T001,0.1016500760944348,1,-0,NS
Ag00001aa060927_T002,-0.117161344232749,1,-0,NS
Ag00001aa000837_T001,0.38846509728315365,0.987721918561512,0.00536530868487742,NS
Ag00001aa078087_T001,-0.3455644591546006,1,-0,NS
Ag00001aa115058_T001,-0.2915920165164037,0.371691039977737,0.4298179079253343,NS
Ag00001aa077509_T002,0.3033423944873308,1,-0,NS
Ag00001aa094666_T001,-0.3584539709124763,0.782481241797267,0.10652606487619055,NS
Ag00001aa068648_T003,0.1647862781433397,0.916876646681221,0.037689088832900515,NS
Ag00001aa116171_T001,0.2761988650322418,1,-0,NS
Ag00001aa092860_T001,-0.4016347946763554,0.0156489133336285,1.8055158146411137,NS
Ag00001aa010604_T002,-0.3093594213843066,0.678723046621517,0.16830740371759917,NS
Ag00001aa127444_T002,-0.3255393484397412,0.0397484810896636,1.400679462403263,NS
Ag00001aa065403_T002,-0.13447704086003626,1,-0,NS
Ag00001aa042136_T001,0.252173413202027,1,-0,NS
Ag00001aa103754_T001,0.5772475355931507,1,-0,NS
Ag00001aa017783_T001,-0.3714596807372396,0.192701940745673,0.7151139114426671,NS
Ag00001aa138220_T001,0.11370049916472831,1,-0,NS
Ag00001aa100331_T001,-0.7013416844354848,0.0303276891993962,1.518160679243678,NS
Ag00001aa122442_T001,0.2654368960490983,1,-0,NS
Ag00001aa018455_T003,1.4719677876615156,0.00953515776137602,2.0206721170565425,Up
Ag00001aa126647_T002,-1.1877071551267289,1,-0,NS
Ag00001aa007715_T004,-0.3093594213843066,1,-0,NS
Ag00001aa008194_T002,0.3662522636995638,1,-0,NS
Ag00001aa058537_T002,-0.23107466443624883,0.763742100706935,0.11705326858196576,NS
Ag00001aa117929_T002,-0.1440103026915193,1,-0,NS
Ag00001aa117060_T001,-0.1827860757416734,1,-0,NS
Ag00001aa106933_T001,-0.7908586021614084,0.0945160853380508,1.0244942742517955,NS
Ag00001aa085764_T001,0.21909105824619673,0.783789503437232,0.10580055692044939,NS
Ag00001aa041470_T002,0.2558028366027179,0.98453402731929,0.00676926924488457,NS
Ag00001aa123503_T001,-0.3346072289581085,1,-0,NS
Ag00001aa022087_T001,-1.1046973786666932,0.0206948609255885,1.6841374878161295,Down
Ag00001aa142659_T002,0.41142624572646497,1,-0,NS
Ag00001aa023585_T001,0.45101324294397294,0.611204674655575,0.21381333282019804,NS
Ag00001aa150683_T002,-0.24639546372000481,1,-0,NS
Ag00001aa033147_T001,-0.5606428215257431,1,-0,NS
Ag00001aa137696_T001,-0.05439229681862778,1,-0,NS
Ag00001aa045351_T001,-0.3346072289581085,1,-0,NS
Ag00001aa100890_T001,-0.14241704461585192,1,-0,NS
Ag00001aa092941_T001,-0.4819685073978307,0.260910845249082,0.5835078682591539,NS
Ag00001aa017295_T001,0.36513259345252996,1,-0,NS
Ag00001aa073617_T002,-0.5777669993169522,0.159134708579616,0.7982350868485222,NS
Ag00001aa069206_T001,0.21785109681113138,1,-0,NS
Ag00001aa087171_T001,0.005759269288684953,1,-0,NS
Ag00001aa036211_T001,0.10701824988212043,1,-0,NS
Ag00001aa064251_T001,-0.0694518807521452,1,-0,NS
Ag00001aa000695_T001,-0.11872693857075141,1,-0,NS
Ag00001aa101082_T002,-1.0409717810563062,0.00892797863304662,2.0492468577838543,Down
Ag00001aa031230_T001,0.8968530728967068,0.60791538946066,0.2161568622525949,NS
Ag00001aa032060_T001,0.07176266930009127,1,-0,NS
Ag00001aa046015_T001,-0.4520566887096497,1,-0,NS
Ag00001aa145998_T001,-0.09850554495242506,1,-0,NS
Ag00001aa064272_T001,0.32768736417604716,1,-0,NS
Ag00001aa020716_T002,-0.6192705514964515,0.772992959752429,0.1118244615209959,NS
Ag00001aa008113_T001,-0.40545145044964576,0.117088177615586,0.9314869533948873,NS
Ag00001aa005145_T002,-0.5228407888133588,1,-0,NS
Ag00001aa088041_T001,-0.2863041851566411,1,-0,NS
Ag00001aa044277_T001,-0.09387904700290013,1,-0,NS
Ag00001aa145320_T001,0.3807294485035485,0.309277998911589,0.509650973275643,NS
Ag00001aa130156_T002,0.9199120886773081,0.0254506849325041,1.5943005253742049,NS
Ag00001aa007655_T003,-0.3978282092466207,1,-0,NS
Ag00001aa009194_T001,-0.13606154957602837,1,-0,NS
Ag00001aa107080_T001,0.8851838663203511,0.619898316863877,0.2076795428349451,NS
Ag00001aa027123_T001,0.24488705912353448,1,-0,NS
Ag00001aa000341_T001,-0.09080293700831261,1,-0,NS
Ag00001aa015462_T001,-0.29335894269059154,1,-0,NS
Ag00001aa102138_T001,-2.023269779322847,0.0354043847732001,1.4509429480058724,Down
Ag00001aa000654_T001,-1.0291463456595165,0.0341152319320945,1.467051671826947,Down
Ag00001aa145029_T001,-0.3566055465201077,0.919843488957874,0.036286061420009993,NS
Ag00001aa082320_T003,0.1348780543431117,1,-0,NS
Ag00001aa121310_T002,-0.06642736173897607,1,-0,NS
Ag00001aa114752_T002,-0.2863041851566411,0.392303509026314,0.40637780723128647,NS
Ag00001aa028292_T001,0.22650852980867975,1,-0,NS
Ag00001aa111548_T001,-0.98564470702292994,0.0099019623976208,2.0042787272205316,NS
Ag00001aa028299_T001,0.05102400302446689,1,-0,NS
Ag00001aa145771_T001,-0.3273483706716152,1,-0,NS
Ag00001aa142959_T001,-0.23616354110904858,1,-0,NS
Ag00001aa040085_T001,-0.5563933485243852,0.115689180964684,0.936707253555033,NS
Ag00001aa007756_T001,0.005759269288684953,1,-0,NS
Ag00001aa117873_T001,0.021479727410451392,1,-0,NS
Ag00001aa027712_T002,-0.3770696490798233,0.180679846917226,0.7430902860707507,NS
Ag00001aa081980_T001,-1.0409717810563062,0.28740228622896,0.5415097814604134,NS
Ag00001aa028981_T001,0.9992784720825406,0.837360608705008,0.07708747313720443,NS
Ag00001aa125113_T001,0.005759269288684953,1,-0,NS
Ag00001aa007691_T004,0.2078928516413329,1,-0,NS
Ag00001aa064592_T001,-0.488026018218199,1,-0,NS
Ag00001aa043824_T002,0.3080113145521776,0.798540379302646,0.09770311826696872,NS
Ag00001aa121339_T001,-0.27578631324264175,1,-0,NS
Ag00001aa101142_T001,-0.12658049656514306,1,-0,NS
Ag00001aa032614_T001,-0.5332423842738286,0.587457171338789,0.2310237902123826,NS
Ag00001aa078870_T001,-0.05739166388833668,1,-0,NS
Ag00001aa137659_T001,-0.8287931725818576,0.468311984794207,0.3294647278395529,NS
Ag00001aa106823_T001,0.3493652775942134,0.392303509026314,0.40637780723128647,NS
Ag00001aa072903_T001,0.3807294485035485,1,-0,NS
Ag00001aa061554_T001,0.8024000401148393,1,-0,NS
Ag00001aa085945_T001,-1.4305089080412838,0.00899251808240261,2.046118680217288,Down
Ag00001aa087646_T001,0.07997537672059589,1,-0,NS
Ag00001aa033018_T002,0.09626185305840348,1,-0,NS
Ag00001aa126393_T001,-0.189351252217354,0.764017957451203,0.11689643366211872,NS
Ag00001aa024980_T001,-0.584241333477502,0.045342469336414,1.3434948320265232,NS
Ag00001aa034948_T001,0.1712068274181424,1,-0,NS
Ag00001aa083258_T001,-0.34923544088309766,1,-0,NS
Ag00001aa110319_T001,-0.16004041251046824,1,-0,NS
Ag00001aa141332_T001,-0.10005101381032824,1,-0,NS
Ag00001aa021830_T001,0.35952117042759535,0.801389996357922,0.09615608310829703,NS
Ag00001aa090432_T004,0.8367320804591358,0.572736557270916,0.24204509536698143,NS
Ag00001aa047805_T001,-0.04692104738749257,1,-0,NS
Ag00001aa041658_T001,0.1647862781433397,1,-0,NS
Ag00001aa009599_T003,0.6590111711981499,0.106499948373213,0.9726506027532636,NS
Ag00001aa054251_T001,0.6012210855849464,0.720377454784685,0.14243988749023143,NS
Ag00001aa034572_T002,-0.6873348264416056,0.0369422867220403,1.4324762253000436,NS
Ag00001aa073055_T003,-1.214240225572989,0.198056846685052,0.7032101397472353,NS
Ag00001aa033969_T001,-0.10469737866669324,1,-0,NS
Ag00001aa013345_T001,-0.05439229681862778,1,-0,NS
Ag00001aa150010_T001,-0.25670047211174335,0.538296887752728,0.2689781311182224,NS
Ag00001aa069175_T001,-0.3346072289581085,0.525823266031668,0.27916020163470767,NS
Ag00001aa017063_T001,1.5602258223996497,0.0518008285827178,1.2856632934203243,NS
Ag00001aa044021_T001,-0.6483716708972176,1,-0,NS
Ag00001aa027409_T003,-0.8730271437422344,0.835550991670721,0.07802704101240544,NS
Ag00001aa003926_T001,-0.029146345659516508,1,-0,NS
Ag00001aa066572_T001,-0.23107466443624883,1,-0,NS
Ag00001aa081975_T001,-0.10469737866669324,1,-0,NS
Ag00001aa017840_T001,-0.03948828988097554,1,-0,NS
Ag00001aa106472_T002,0.008630305143440056,1,-0,NS
Ag00001aa037153_T001,-0.05439229681862778,1,-0,NS
Ag00001aa107982_T001,0.4382928515791468,1,-0,NS
Ag00001aa028628_T001,0.3402774047662543,0.787400642598441,0.10380423511748962,NS
Ag00001aa015648_T001,0.36848900064510354,0.297616659361888,0.5263427624190303,NS
Ag00001aa000814_T002,-0.8109661756099832,0.633290663222059,0.19839691484814265,NS
Ag00001aa025815_T001,-0.3566055465201077,0.774544586303438,0.11095357722277009,NS
Ag00001aa009652_T001,0.19408705211630226,1,-0,NS
Ag00001aa006983_T003,-1.1616532634787693,0.300057342599574,0.5227957412976152,NS
Ag00001aa107024_T001,0.10433665981473553,1,-0,NS
Ag00001aa105747_T001,0.08133962745193878,1,-0,NS
Ag00001aa028035_T001,0.18903382439001687,1,-0,NS
Ag00001aa079581_T001,-0.24982229440694284,0.871676564060504,0.05964463032043155,NS
Ag00001aa002312_T001,-0.19925537606322247,1,-0,NS
Ag00001aa067212_T001,-0.2722973271627619,1,-0,NS
Ag00001aa095429_T001,0.4059923596758368,0.585057723326814,0.23280128317322296,NS
Ag00001aa052147_T001,0.6154162972628701,0.311535287807904,0.5064927533956143,NS
Ag00001aa130097_T001,-1.3327890875191293,0.0859609839706983,1.0656986219079227,NS
Ag00001aa092904_T001,-0.5585165204173551,1,-0,NS
Ag00001aa008940_T001,0.1775989293277334,0.662326718022822,0.17892772531573378,NS
Ag00001aa041752_T001,0.007195501404203766,1,-0,NS
Ag00001aa090361_T001,-0.3770696490798233,0.92206779303453,0.0352371472126976,NS
Ag00001aa012077_T001,-0.17136841831198107,1,-0,NS
Ag00001aa114358_T002,-0.16812275880832692,1,-0,NS
Ag00001aa105731_T002,0.22527492986956935,1,-0,NS
Ag00001aa036345_T001,-0.6016496296540352,1,-0,NS
Ag00001aa065863_T001,0.25459404303314104,0.686538573074861,0.1633350569662692,NS
Ag00001aa082220_T004,-0.5521563556379144,0.482237806525321,0.3167387447638443,NS
Ag00001aa111951_T001,0.018634174139050975,1,-0,NS
Ag00001aa090246_T001,-0.6192705514964515,0.0651428434102598,1.1861332889023286,NS
Ag00001aa004414_T001,-0.8494403234246186,0.252432798625707,0.5978542178243411,NS
Ag00001aa043171_T001,0.24366908096686266,1,-0,NS
Ag00001aa122590_T001,-0.5777669993169522,0.789112191866877,0.10286124667036353,NS
Ag00001aa108188_T003,-0.5479317697761891,0.132941073028399,0.8763408201576964,NS
Ag00001aa042417_T002,-0.9105018491608974,0.291772942105829,0.5349549853657648,NS
Ag00001aa042915_T001,0.2351143203763572,1,-0,NS
Ag00001aa004100_T001,0.08133962745193878,1,-0,NS
Ag00001aa064228_T001,-0.584241333477502,0.389766789213049,0.4091951684918071,NS
Ag00001aa126527_T001,-0.8916428219095814,0.0377268112268301,1.4233499010040518,NS
Ag00001aa108204_T002,0.8718436485093178,0.419374667218632,0.37739780710730625,NS
Ag00001aa003625_T001,0.03421571533791298,1,-0,NS
Ag00001aa036586_T001,-0.038006322579744914,1,-0,NS
Ag00001aa098090_T001,0.4761224198801521,1,-0,NS
Ag00001aa107512_T001,-0.5907448533151622,0.339457388427797,0.4692147342911014,NS
Ag00001aa122377_T003,-1.15200309344505,0.646430786481643,0.18947796832148875,NS
Ag00001aa135886_T001,0.18142064028014165,1,-0,NS
Ag00001aa052430_T001,-0.25842515258120435,1,-0,NS
Ag00001aa005392_T001,0.18903382439001687,1,-0,NS
Ag00001aa089726_T001,0.5907217700098412,0.129628506172894,0.8872994837103492,NS
Ag00001aa079284_T001,0.8797057662822882,0.904170076240925,0.04374987016004154,NS
Ag00001aa073060_T002,-0.7060410209713056,0.979019224860528,0.009208779934486702,NS
Ag00001aa068518_T001,-0.3997302464909953,0.250179462122268,0.601748345534169,NS
Ag00001aa020241_T001,0.31266517355839435,1,-0,NS
Ag00001aa035901_T001,0.2558028366027179,1,-0,NS
Ag00001aa065848_T003,0.21661006874244174,1,-0,NS
Ag00001aa115154_T001,-0.06340917017606154,1,-0,NS
Ag00001aa127514_T001,-0.20257191784768688,1,-0,NS
Ag00001aa012950_T001,-1.077041035763828,0.00667325453505458,2.1756623097271657,Down
Ag00001aa042418_T001,-1.1109159014018506,0.11019742051376,0.9578285712714523,NS
Ag00001aa140490_T001,-0.28103566424046145,1,-0,NS
Ag00001aa055942_T001,-0.22600367488882686,1,-0,NS
Ag00001aa056405_T001,-0.24639546372000481,1,-0,NS
Ag00001aa145890_T001,-0.1975999598851607,0.764017957451203,0.11689643366211872,NS
Ag00001aa065112_T001,-0.40545145044964576,0.397184750951087,0.4010074336533063,NS
Ag00001aa079335_T002,-0.30757280191029224,1,-0,NS
Ag00001aa108604_T004,-0.3093594213843066,0.835550991670721,0.07802704101240544,NS
Ag00001aa009487_T001,-0.29512803554364725,0.619947503524876,0.20764508452550845,NS
Ag00001aa072573_T001,0.2714256760929345,1,-0,NS
Ag00001aa091951_T001,-0.888968687611256,0.263845280653544,0.5786506695537674,NS
Ag00001aa016462_T001,-0.1504009888485484,1,-0,NS
Ag00001aa157268_T002,0.3402774047662543,0.655054203754184,0.18372276196643741,NS
Ag00001aa007348_T001,-0.3584539709124763,1,-0,NS
Ag00001aa042090_T005,-0.03209362970985334,1,-0,NS
Ag00001aa106500_T001,-1.6989977439671857,0.0181389627476775,1.7413875511149315,Down
Ag00001aa113443_T002,0.07860983469636647,1,-0,NS
Ag00001aa104681_T001,-0.2618807112174235,0.595690744702385,0.22497914751892975,NS
Ag00001aa010726_T001,-0.5437195184892746,0.234989018397233,0.628952432881122,NS
Ag00001aa004324_T001,0.06488285158485439,1,-0,NS
Ag00001aa006381_T001,-0.720231578406405,0.415460824282767,0.3814699215789037,NS
Ag00001aa022717_T003,-0.416962376203336,1,-0,NS
Ag00001aa118645_T002,-0.1827860757416734,1,-0,NS
Ag00001aa006357_T001,0.5028397582559315,0.350960762683822,0.4547414348231494,NS
Ag00001aa095751_T001,-0.888968687611256,0.0257579747305089,1.5890882871950716,NS
Ag00001aa059127_T001,0.02715405150372665,1,-0,NS
Ag00001aa064553_T001,-0.6574452545226798,0.285158485849541,0.5449136999940281,NS
Ag00001aa003288_T004,-0.21424022557298894,1,-0,NS
Ag00001aa064898_T002,0.16349873228287956,1,-0,NS
Ag00001aa053165_T001,-0.23956612532988847,0.955859825779245,0.01960579114866487,NS
Ag00001aa011854_T002,0.2582173895360179,1,-0,NS
Ag00001aa041473_T002,-1.5395195299599893,0.0948807897202051,1.0228217092064147,NS
Ag00001aa019201_T001,-0.965784284662087,0.00904436972068841,2.043621692636619,NS
Ag00001aa121923_T003,-0.05439229681862778,1,-0,NS
Ag00001aa104256_T001,-0.2618807112174235,1,-0,NS
Ag00001aa023209_T001,0.12565110166152013,1,-0,NS
Ag00001aa149895_T002,-0.9517638143471524,0.339767086523253,0.4688186938414608,NS
Ag00001aa069037_T001,-0.048412205185245895,1,-0,NS
Ag00001aa073481_T001,-0.8943219221054628,1,-0,NS
Ag00001aa005625_T001,-0.07856366919370213,1,-0,NS
Ag00001aa108338_T001,0.16221003631430692,1,-0,NS
Ag00001aa094009_T001,-0.09234017214671059,1,-0,NS
Ag00001aa094747_T001,-0.3219280948873623,0.344463204684959,0.462857162307119,NS
Ag00001aa035179_T001,0.11103131238874395,1,-0,NS
Ag00001aa037085_T001,-0.488026018218199,1,-0,NS
Ag00001aa092591_T001,-0.6529013293777317,0.685681384625232,0.16387764091566934,NS
Ag00001aa078309_T004,-0.008682243099800882,1,-0,NS
Ag00001aa002174_T002,-2.321928094887362,0.265309752089308,0.5762467862003557,NS
Ag00001aa042689_T001,-0.11872693857075141,1,-0,NS
Ag00001aa009020_T002,1.5997938521222421,0.00930750702063028,2.0311666275221576,Up
Ag00001aa047637_T001,0,1,-0,NS
Ag00001aa090881_T002,-0.18770715512672886,0.795440325763078,0.09939239573318095,NS
Ag00001aa042061_T001,-0.27928375747886874,1,-0,NS
Ag00001aa007484_T001,-1.248107861595691,0.229246155244113,0.6396979392796116,NS
Ag00001aa086010_T001,-0.2968993003958401,0.0936419643596553,1.028529484535316,NS
Ag00001aa024076_T002,-0.2968993003958401,0.866720075138674,0.06212114410652398,NS
Ag00001aa131828_T002,-0.7784322114615907,0.0617884833539907,1.2090924647478196,NS
Ag00001aa028857_T001,-1.6574452545226799,0.0102502627901096,1.9892650002832015,Down
Ag00001aa128970_T001,-0.2863041851566411,1,-0,NS
Ag00001aa022232_T001,0.02856915219677092,1,-0,NS
Ag00001aa031051_T001,0.23756371831767567,0.98810165604228,0.005198372834308894,NS
Ag00001aa010026_T001,-0.3978282092466207,0.106119505319721,0.9742047831659261,NS
Ag00001aa095760_T002,-0.11872693857075141,1,-0,NS
Ag00001aa079522_T001,-0.2915920165164037,0.60231784184392,0.22017427197868789,NS
Ag00001aa094770_T001,0.2078928516413329,1,-0,NS
Ag00001aa127057_T001,-0.3603047666004178,1,-0,NS
Ag00001aa093397_T001,-0.6326289343514705,1,-0,NS
Ag00001aa007599_T001,-0.4092782299901589,0.0827758769327708,1.0820962096088629,NS
Ag00001aa000608_T001,0.33913738491958534,0.428108209235264,0.36844644422503914,NS
Ag00001aa009282_T002,-0.011587974275211846,1,-0,NS
Ag00001aa146720_T001,-0.21256753548313206,1,-0,NS
Ag00001aa010504_T001,-0.5332423842738286,0.0100496304325217,1.9978499087974857,NS
Ag00001aa091619_T001,-0.11091590140185059,1,-0,NS
Ag00001aa047914_T001,0.02856915219677092,1,-0,NS
Ag00001aa104322_T001,-0.19429481516148867,1,-0,NS
Ag00001aa036379_T001,-0.7131188522118385,0.0264552610002779,1.5774879494817138,NS
Ag00001aa029649_T005,0.05935527761642124,1,-0,NS
Ag00001aa149155_T001,0.1309308698264487,1,-0,NS
Ag00001aa008085_T001,0.5479433112903502,0.169603182250788,0.7705660033706276,NS
Ag00001aa009239_T001,0.08133962745193878,1,-0,NS
Ag00001aa091966_T001,0.7128158544373718,0.0254892994732612,1.5936421001555938,NS
Ag00001aa106868_T001,-0.12186323337305248,1,-0,NS
Ag00001aa108407_T001,0.002882508533121365,1,-0,NS
Ag00001aa029719_T002,-1.286304185156641,0.0263579476370389,1.579088409123919,Down
Ag00001aa035573_T001,-0.8160371651574051,0.0354043847732001,1.4509429480058724,NS
Ag00001aa089693_T001,-0.5907448533151622,0.116235241252316,0.9346621786495165,NS
Ag00001aa030289_T001,0.6285403192627604,0.0577983716767558,1.238084396558035,NS
Ag00001aa031962_T001,0.10969486482592981,1,-0,NS
Ag00001aa056456_T001,-0.5290727425248735,0.775484323180563,0.11042697725075283,NS
Ag00001aa111599_T001,-0.0709665213541436,1,-0,NS
Ag00001aa092263_T001,-0.19099722506091363,0.631196775264438,0.1998352285699252,NS
Ag00001aa096084_T001,-0.3237325917341102,0.410205956786145,0.38699803733535343,NS
Ag00001aa110246_T001,0.14274017211608214,1,-0,NS
Ag00001aa045259_T001,-0.5864059175908248,0.229246155244113,0.6396979392796116,NS
Ag00001aa102041_T001,-0.29335894269059154,1,-0,NS
Ag00001aa006676_T001,0.7756827017390598,0.0206948609255885,1.6841374878161295,NS
Ag00001aa138100_T001,0.1686420355588392,1,-0,NS
Ag00001aa009865_T002,-0.7710274302398392,1,-0,NS
Ag00001aa067608_T002,-0.9517638143471524,0.016389432959981,1.7854360718481281,NS
Ag00001aa023157_T001,-0.04692104738749257,1,-0,NS
Ag00001aa057004_T001,-0.6371093573341396,1,-0,NS
Ag00001aa073758_T001,-1.038006322579745,0.164591244488091,0.7835932710170883,NS
Ag00001aa142761_T001,-0.664288089679538,0.0226361678828063,1.6451970937477536,NS
Ag00001aa053327_T001,-1.207561069935362,1,-0,NS
Ag00001aa069528_T001,1.2461040098839165,1,-0,NS
Ag00001aa046921_T001,0.17376706773670636,1,-0,NS
Ag00001aa009963_T001,-0.01304303747559888,1,-0,NS
Ag00001aa099522_T001,-0.7060410209713056,0.229246155244113,0.6396979392796116,NS
Ag00001aa026505_T003,0.13224779829843977,1,-0,NS
Ag00001aa030648_T002,-0.35107444054687875,0.818751845619589,0.08684770801817604,NS
Ag00001aa000538_T001,-0.7661119398257227,0.0081484128955425,2.088926972588855,NS
Ag00001aa100594_T001,2.0854246562526777,5.3184670064337e-4,3.2742135305974704,Up
Ag00001aa141978_T001,0.09761079662642233,1,-0,NS
Ag00001aa002692_T001,-0.3940316411585416,0.466415297548612,0.331227213969458,NS
Ag00001aa020048_T001,2.4515408330178317,0.0155782143272937,1.807482325369996,Up
Ag00001aa061715_T001,-0.15521264992094005,1,-0,NS
Ag00001aa141979_T001,0.05380644369579382,1,-0,NS
Ag00001aa046293_T001,0.10030490579568548,1,-0,NS
Ag00001aa034003_T001,-0.5479317697761891,0.318791097222112,0.49649381551086286,NS
Ag00001aa156904_T001,-0.058893689053568565,1,-0,NS
Ag00001aa029644_T002,-0.38835545662633836,0.855484430542063,0.06778789002843112,NS
Ag00001aa110661_T002,0.0014419741739063218,1,-0,NS
Ag00001aa046418_T001,-0.05289494843212547,1,-0,NS
Ag00001aa088349_T001,1.591200672932376,0.0116376132491737,1.9341360797376121,Up
Ag00001aa027238_T002,-0.1504009888485484,0.941802916254138,0.02603996911614712,NS
Ag00001aa026676_T002,-0.31114825613411956,1,-0,NS
Ag00001aa054959_T001,-0.5416179958439868,0.619737058133465,0.2077925337653174,NS
Ag00001aa136444_T001,-0.3219280948873623,1,-0,NS
Ag00001aa111964_T003,-0.1584293626044829,0.365919683482765,0.4366142283979849,NS
Ag00001aa033943_T001,0.22774107583912812,1,-0,NS
Ag00001aa035681_T001,0.029982866215714315,1,-0,NS
Ag00001aa099111_T001,-1.0649174766813385,0.0158829251287945,1.7990695113354633,Down
Ag00001aa146322_T001,1.6982184782244139,0.0217024504295282,1.6634912270758888,Up
Ag00001aa107699_T004,-0.3603047666004178,1,-0,NS
Ag00001aa023931_T001,-0.22095044716254147,1,-0,NS
Ag00001aa074751_T002,-0.1124747292584125,1,-0,NS
Ag00001aa108942_T001,-0.5374241119577958,0.905136664417565,0.043285842760054344,NS
Ag00001aa111126_T001,-0.005782352594006111,1,-0,NS
Ag00001aa135849_T001,0.022900402110078828,1,-0,NS
Ag00001aa032160_T003,0.002882508533121365,1,-0,NS
Ag00001aa000655_T001,0.8090027749390863,0.22003307892698,0.6575120241071741,NS
Ag00001aa064399_T001,-1.207561069935362,0.0250268745664473,1.6015933830444948,Down
Ag00001aa069062_T001,-0.29512803554364725,0.23378606276058,0.6311813830227303,NS
Ag00001aa104291_T003,-0.265344566520995,1,-0,NS
Ag00001aa106453_T001,0.7621361699011121,1,-0,NS
Ag00001aa143262_T001,0.2203299548795556,1,-0,NS
Ag00001aa065518_T001,-0.33278908751912917,1,-0,NS
Ag00001aa007156_T002,1.5714341158765093,0.00246757680604231,2.6077293205544883,Up
Ag00001aa105748_T001,-0.07704103576382801,1,-0,NS
Ag00001aa142341_T001,-0.3566055465201077,0.057243794718657,1.2422715843681014,NS
Ag00001aa025805_T001,0.5360529002402097,1,-0,NS
Ag00001aa081896_T003,-0.08314123530024586,1,-0,NS
Ag00001aa081587_T001,-0.8211260418302049,0.356874901304614,0.44748399451618515,NS
Ag00001aa139864_T001,-0.20423305221760774,1,-0,NS
Ag00001aa078294_T001,-0.02180437031834845,1,-0,NS
Ag00001aa045919_T001,0.1712068274181424,1,-0,NS
Ag00001aa129135_T001,-0.026205070347394003,1,-0,NS
Ag00001aa070848_T001,-0.3219280948873623,0.942022228200601,0.02593884936108387,NS
Ag00001aa102111_T001,0.08542465625267767,1,-0,NS
Ag00001aa144402_T001,-0.24127043154213734,1,-0,NS
Ag00001aa126492_T001,1.5782141654724544,0.0747204022781562,1.1265607986260207,NS
Ag00001aa083329_T001,-0.2968993003958401,1,-0,NS
Ag00001aa031522_T002,-0.1975999598851607,1,-0,NS
Ag00001aa090028_T001,-0.4150374992788438,0.174264654809551,0.7587906896414194,NS
Ag00001aa016836_T001,-0.16004041251046824,1,-0,NS
Ag00001aa046017_T001,-0.8442507673220552,0.0264869008552799,1.5769688540919562,NS
Ag00001aa106281_T001,0.07176266930009127,1,-0,NS
Ag00001aa107412_T002,0.9538239539411667,0.261818164009011,0.5820002269402004,NS
Ag00001aa008190_T001,0.05102400302446689,1,-0,NS
Ag00001aa142901_T001,-0.5166356392866507,0.0771747727384529,1.1125246407390472,NS
Ag00001aa092316_T001,1.1090261764983669,0.326579095688125,0.4860116178781331,NS
Ag00001aa119019_T001,-0.11091590140185059,1,-0,NS
Ag00001aa120699_T001,-0.01304303747559888,1,-0,NS
Ag00001aa029219_T001,-0.29512803554364725,1,-0,NS
Ag00001aa107409_T003,0.7493197245740804,1,-0,NS
Ag00001aa129510_T002,-0.2009126939259964,1,-0,NS
Ag00001aa039512_T001,0.012926174444270048,1,-0,NS
Ag00001aa128712_T001,-0.3273483706716152,1,-0,NS
Ag00001aa122473_T001,-0.27578631324264175,0.429305229345166,0.3672338213693439,NS
Ag00001aa084059_T001,-0.131313234677865,1,-0,NS
Ag00001aa028173_T001,0.33113192221720217,1,-0,NS
Ag00001aa002666_T001,-0.3770696490798233,0.86526118394297,0.06285277851944317,NS
Ag00001aa009742_T001,0.5772475355931507,0.392288294245214,0.4063946508828474,NS
Ag00001aa003379_T001,0.279768421593595,1,-0,NS
Ag00001aa079060_T001,-0.5500425163719965,0.106499948373213,0.9726506027532636,NS
Ag00001aa137472_T001,-0.08314123530024586,1,-0,NS
Ag00001aa003254_T001,-0.08314123530024586,1,-0,NS
Ag00001aa090824_T003,-0.05289494843212547,1,-0,NS
Ag00001aa079340_T002,-0.32012585225337686,1,-0,NS
Ag00001aa109858_T001,-0.6170561304310095,1,-0,NS
Ag00001aa079031_T001,1.1814206402801417,0.563824896166439,0.24885575139987393,NS
Ag00001aa008154_T001,-0.08161376555365212,1,-0,NS
Ag00001aa122415_T001,0.3402774047662543,1,-0,NS
Ag00001aa089566_T001,0.13619138628714403,0.772992959752429,0.1118244615209959,NS
Ag00001aa030729_T001,-0.1440103026915193,1,-0,NS
Ag00001aa105701_T001,0.5008020530571576,0.887494509660818,0.05183432495612005,NS
Ag00001aa000977_T001,-0.3291596641184381,1,-0,NS
Ag00001aa057026_T001,-0.8598757760909294,0.293111662812509,0.5329669007893175,NS
Ag00001aa027902_T001,-0.026205070347394003,1,-0,NS
Ag00001aa000853_T005,-0.3004483674769107,0.865391366345792,0.06278744189334376,NS
Ag00001aa108859_T001,-0.011587974275211846,1,-0,NS
Ag00001aa022269_T001,-0.5063526660247899,0.250179462122268,0.601748345534169,NS
Ag00001aa131871_T001,0.7689253355637512,0.556642281696089,0.25442380840463896,NS
Ag00001aa058709_T001,-0.19099722506091363,1,-0,NS
Ag00001aa037022_T001,-0.49207853504267185,0.893203633120384,0.049049519097099994,NS
Ag00001aa000089_T001,-1.2175914350726267,0.376978804513165,0.42368306714631576,NS
Ag00001aa030546_T001,-0.7249929525001302,0.404759261019346,0.3928032056664083,NS
Ag00001aa036197_T001,0.34596403034287176,1,-0,NS
Ag00001aa091580_T001,0.12697285625776553,1,-0,NS
Ag00001aa075149_T001,-0.2986727425870594,1,-0,NS
Ag00001aa107127_T001,-0.03209362970985334,1,-0,NS
Ag00001aa021483_T001,-1.5022599113909068,0.0150558800159505,1.8222938549036838,Down
Ag00001aa092509_T001,-0.11559744701631275,1,-0,NS
Ag00001aa010362_T001,0.0922074380970889,1,-0,NS
Ag00001aa120563_T001,0.9508416375491487,0.117052300202019,0.9316200475356722,NS
Ag00001aa039091_T001,-0.3004483674769107,0.543539351316585,0.2647690082640011,NS
Ag00001aa071868_T003,-0.15521264992094005,1,-0,NS
Ag00001aa095884_T001,-0.6016496296540352,0.835550991670721,0.07802704101240544,NS
Ag00001aa095386_T001,-0.05139915250664432,1,-0,NS
Ag00001aa030095_T001,0.04963076772460043,1,-0,NS
Ag00001aa096188_T001,-0.6438561897747247,0.361173996701641,0.442283524957399,NS
Ag00001aa011928_T001,-0.34739878240348054,0.847811377263272,0.07170075968392838,NS
Ag00001aa146920_T001,-0.7958592832197748,0.045383101207084,1.3431058303747185,NS
Ag00001aa090789_T001,-0.0014434168696687186,1,-0,NS
Ag00001aa082067_T001,-0.3695945285176767,0.831216968075132,0.08028559987558698,NS
Ag00001aa140167_T002,-0.5458241068141979,1,-0,NS
Ag00001aa121387_T001,-0.42856588412349084,0.288328475491468,0.540112464312728,NS
Ag00001aa058525_T002,0.3862591411333461,0.590743255438074,0.22860122804133737,NS
Ag00001aa121131_T001,0.503857532577429,0.873293472048329,0.058839786221905784,NS
Ag00001aa126888_T002,-0.34190279464862844,0.452626373546233,0.34426014425691037,NS
Ag00001aa058552_T001,-0.3864683470820729,1,-0,NS
Ag00001aa108719_T001,-0.16974467583231706,1,-0,NS
Ag00001aa047958_T002,0.8567865462880808,0.118511160353123,0.9262407496407828,NS
Ag00001aa073202_T001,0.1016500760944348,1,-0,NS
Ag00001aa012001_T001,0.668119124686432,0.216722462619187,0.6640960730549568,NS
Ag00001aa013364_T001,0.7057567820497973,0.0250268745664473,1.6015933830444948,NS
Ag00001aa028441_T001,-0.7734914701913203,0.249660427990587,0.602650289315715,NS
Ag00001aa100992_T001,2.3100492253513827,0.0667735305487011,1.1753956605003368,NS
Ag00001aa008944_T001,-0.2549778509627355,1,-0,NS
Ag00001aa089938_T001,-0.3978282092466207,1,-0,NS
Ag00001aa094507_T001,-0.27578631324264175,0.752023346233496,0.12376867671820306,NS
Ag00001aa032354_T002,0.15833702716710066,1,-0,NS
Ag00001aa039286_T001,-0.5228407888133588,0.203491047762327,0.6914546920551824,NS
Ag00001aa039637_T001,0.2761988650322418,1,-0,NS
Ag00001aa008985_T001,0.48336436071334926,1,-0,NS
Ag00001aa022674_T001,-0.5166356392866507,0.0453711853873575,1.3432198740189032,NS
Ag00001aa016693_T001,-0.1584293626044829,0.229246155244113,0.6396979392796116,NS
Ag00001aa075801_T001,-0.41888982477445036,0.896012273633124,0.04768604130368887,NS
Ag00001aa033720_T001,-0.4073635713934228,0.440553491163473,0.3560013528438901,NS
Ag00001aa117864_T002,0.20414071678022522,1,-0,NS
Ag00001aa156117_T001,-0.44418384493836033,0.444737747737702,0.35189600763572393,NS
Ag00001aa034687_T002,-0.18606492951868298,1,-0,NS
Ag00001aa120413_T001,0.4382928515791468,0.220383352326221,0.6568212150195598,NS
Ag00001aa064373_T002,0.5210507369009632,0.487048992428398,0.3124273507542879,NS
Ag00001aa012199_T001,-0.43245455235625324,0.483935080528503,0.31521289467638564,NS
Ag00001aa068097_T001,-0.8287931725818576,0.22702461199185,0.6439270579045294,NS
Ag00001aa108511_T001,-0.16974467583231706,1,-0,NS
Ag00001aa019666_T001,-0.3183258582071667,0.265309752089308,0.5762467862003557,NS
Ag00001aa116953_T001,-0.7369655941662062,0.147496206076744,0.8312191505409072,NS
Ag00001aa033326_T001,-0.9517638143471524,0.737449850458339,0.13226750810878096,NS
Ag00001aa029106_T002,-0.010134377133713174,1,-0,NS
Ag00001aa095771_T001,-0.3437324652057107,0.473525487058337,0.32465664054475385,NS
Ag00001aa130775_T001,-0.31473259348315835,1,-0,NS
Ag00001aa098297_T001,0.32538641465977336,1,-0,NS
Ag00001aa075133_T002,-0.9545570292388329,0.977225470999157,0.010005221835503286,NS
Ag00001aa063810_T001,0.39835037034596477,0.153088919620641,0.815056241840977,NS
Ag00001aa086603_T001,0.1647862781433397,1,-0,NS
Ag00001aa068180_T001,0.1401242239090707,0.851821919526265,0.06965118862618049,NS
Ag00001aa034316_T001,0.31846146516758317,0.367383078140458,0.43488085140383886,NS
Ag00001aa011190_T001,-0.5521563556379144,0.385633922341535,0.4138247703144374,NS
Ag00001aa055045_T001,-0.9885043611621706,1,-0,NS
Ag00001aa003677_T002,-0.23107466443624883,1,-0,NS
Ag00001aa078581_T001,0.14795788138710142,1,-0,NS
Ag00001aa064819_T002,-0.2688167584278,0.70415124448978506,0.15233404882290003,NS
Ag00001aa039713_T001,-0.23616354110904858,1,-0,NS
Ag00001aa119282_T001,0.3045110418099531,0.743301844112386,0.12883478972249154,NS
Ag00001aa035134_T002,-0.2009126939259964,1,-0,NS
Ag00001aa140878_T001,-0.18442457113742744,1,-0,NS
Ag00001aa081984_T001,-0.5395195299599892,0.103544316586279,0.9848737339791851,NS
Ag00001aa013887_T001,0.014355292977070054,1,-0,NS
Ag00001aa006700_T002,-0.2009126939259964,1,-0,NS
Ag00001aa076915_T001,0.06901467791518046,1,-0,NS
Ag00001aa140024_T001,-0.03948828988097554,1,-0,NS
Ag00001aa000699_T001,0.668119124686432,0.426434584184797,0.3701475809243867,NS
Ag00001aa059612_T001,0.02856915219677092,1,-0,NS
Ag00001aa013113_T001,-0.03356953269370183,1,-0,NS
Ag00001aa073494_T001,-0.1440103026915193,1,-0,NS
Ag00001aa067012_T001,-0.14082554413356455,1,-0,NS
Ag00001aa017501_T001,-0.416962376203336,1,-0,NS
Ag00001aa102080_T001,0.04264433740849372,1,-0,NS
Ag00001aa143478_T001,-0.06642736173897607,1,-0,NS
Ag00001aa050319_T001,-0.33825040018929514,0.250179462122268,0.601748345534169,NS
Ag00001aa042455_T001,-0.4500844463780446,0.17435752579253,0.7585593024340929,NS
Ag00001aa026862_T002,-0.042456799242894826,1,-0,NS
Ag00001aa060756_T001,-0.33642766458247736,1,-0,NS
Ag00001aa005547_T003,-0.7661119398257227,0.831216968075132,0.08028559987558698,NS
Ag00001aa115169_T001,0.7092906357233578,1,-0,NS
Ag00001aa009785_T001,-0.29512803554364725,0.891008249562692,0.05011827494969147,NS
Ag00001aa022335_T001,1.6097549621724434,1.5121333411169e-4,3.8204099107144676,Up
Ag00001aa068963_T002,0.5489297694763999,0.24536591331747,0.6101857704042762,NS
Ag00001aa112906_T001,0.5280711645787354,0.68491656828084,0.16436232798500341,NS
Ag00001aa007674_T001,0.14535138557262012,1,-0,NS
Ag00001aa113631_T002,-0.392137097168765,0.716671298812541,0.14467998776839483,NS
Ag00001aa105766_T001,0.1775989293277334,0.962361215679062,0.01666188790841978,NS
Ag00001aa121893_T001,0.09626185305840348,1,-0,NS
Ag00001aa094728_T001,-0.195946441032647,0.786209617040373,0.1044616481246532,NS
Ag00001aa013335_T002,0.01578299724092746,1,-0,NS
Ag00001aa025033_T001,-0.3183258582071667,1,-0,NS
Ag00001aa079640_T001,-0.3040061868900999,0.0462632683645054,1.3347636888475225,NS
Ag00001aa002068_T002,-0.7958592832197748,0.0226361678828063,1.6451970937477536,NS
Ag00001aa015819_T002,-0.17462139610706873,1,-0,NS
Ag00001aa017649_T001,0.6825732973475784,0.0214287364327478,1.6690034368192974,NS
Ag00001aa009439_T001,-0.7060410209713056,0.288360890522806,0.5400636419480885,NS
Ag00001aa108256_T001,-0.19925537606322247,1,-0,NS
Ag00001aa007595_T001,-0.4461480318188743,0.827525701130131,0.08221850911035679,NS
Ag00001aa138998_T001,0.14795788138710142,1,-0,NS
Ag00001aa050107_T001,0.2078928516413329,1,-0,NS
Ag00001aa089354_T001,-1.0862010350493039,0.0285377160833073,1.5445807870765589,Down
Ag00001aa041893_T003,-0.20756106993536216,0.989478980343197,0.004593427145226936,NS
Ag00001aa017041_T001,-0.1827860757416734,1,-0,NS
Ag00001aa122826_T001,0.252173413202027,1,-0,NS
Ag00001aa039071_T001,-0.24468509595490195,1,-0,NS
Ag00001aa085164_T001,-0.37519723474705274,0.546556783922042,0.2623647108178496,NS
Ag00001aa064391_T002,-0.5043048373759312,1,-0,NS
Ag00001aa032562_T001,0.1544535926798724,1,-0,NS
Ag00001aa039253_T001,-0.10159814000780673,1,-0,NS
Ag00001aa085321_T001,-0.7013416844354848,0.0536254453114337,1.270629088364415,NS
Ag00001aa069767_T001,-0.416962376203336,0.207712064160688,0.6825382783986639,NS
Ag00001aa009255_T001,0.045442970761167115,1,-0,NS
Ag00001aa065847_T001,-0.664288089679538,0.0625673128749663,1.203652496590867,NS
Ag00001aa013542_T001,-0.1250063610670326,1,-0,NS
Ag00001aa005856_T001,0.4926223285744457,0.983557657572412,0.007200176027742696,NS
Ag00001aa028787_T002,0.12300395405481979,1,-0,NS
Ag00001aa091758_T002,-0.03209362970985334,1,-0,NS
Ag00001aa114313_T002,-0.44418384493836033,0.671557332484039,0.17291690463551923,NS
Ag00001aa117961_T001,0.08542465625267767,1,-0,NS
Ag00001aa030753_T001,-0.588573754273535,0.962155467391189,0.01675474794669408,NS
Ag00001aa025068_T002,0.05935527761642124,1,-0,NS
Ag00001aa000180_T001,0.6535186707535996,1,-0,NS
Ag00001aa147442_T001,0.19156265070075562,1,-0,NS
Ag00001aa078401_T001,-0.36587144247495934,1,-0,NS
Ag00001aa091363_T001,-0.3770696490798233,0.181103346805807,0.7420735238114883,NS
Ag00001aa139879_T001,0.6535186707535996,0.0250268745664473,1.6015933830444948,NS
Ag00001aa051586_T001,0.3230817895037326,0.697911562366201,0.15619960661714088,NS
Ag00001aa047731_T001,-0.4481148965282752,0.764017957451203,0.11689643366211872,NS
Ag00001aa014576_T002,-0.4819685073978307,0.378424030784958,0.42202129270912614,NS
Ag00001aa014003_T001,1.093560176162338,0.149865098113652,0.8242994976489854,NS
Ag00001aa020163_T003,-0.03652587602511404,1,-0,NS
Ag00001aa110604_T001,1.8184415757641648,0.0417694892154371,1.3791408355386483,Up
Ag00001aa110763_T002,-0.010134377133713174,1,-0,NS
Ag00001aa017788_T001,0.04124298223188134,1,-0,NS
Ag00001aa157141_T001,0.4926223285744457,0.460072178999689,0.3371740281397443,NS
Ag00001aa097469_T001,-0.20589610144025206,1,-0,NS
Ag00001aa092340_T001,-0.029146345659516508,1,-0,NS
Ag00001aa029482_T001,0.13224779829843977,1,-0,NS
Ag00001aa015325_T002,0.15833702716710066,1,-0,NS
Ag00001aa015932_T001,-0.12973392960401728,1,-0,NS
Ag00001aa044676_T001,1.5310694927259543,0.00246597991587249,2.608010464829205,Up
Ag00001aa151302_T001,-0.28454587288428235,1,-0,NS
Ag00001aa065273_T001,0.15833702716710066,1,-0,NS
Ag00001aa010580_T002,-0.33825040018929514,1,-0,NS
Ag00001aa041620_T001,-1.2827897009804041,1,-0,NS
Ag00001aa112523_T002,-0.027674958442848348,1,-0,NS
Ag00001aa068178_T001,0.3115031154682697,1,-0,NS
Ag00001aa105362_T002,-0.6371093573341396,0.589669023985437,0.22939168562821913,NS
Ag00001aa063719_T001,-0.20423305221760774,1,-0,NS
Ag00001aa048576_T002,-0.4092782299901589,0.318226331150568,0.4972638881706585,NS
Ag00001aa107429_T004,-0.9885043611621706,0.228298660720295,0.6414966362254532,NS
Ag00001aa050576_T001,-0.2880646430210785,0.888823573667238,0.05118443541526279,NS
Ag00001aa004636_T001,-0.8236772273595371,1,-0,NS
Ag00001aa020511_T001,-1.5820799921880346,0.366980971800383,0.43535645361257896,NS
Ag00001aa011952_T003,-0.11091590140185059,1,-0,NS
Ag00001aa146881_T001,-1.0086822430998008,0.0917568285078359,1.0373616058451238,NS
Ag00001aa009568_T002,0.8495990111514515,0.0111346882451257,1.9533219380656868,NS
Ag00001aa010173_T001,-0.024736678321506448,1,-0,NS
Ag00001aa060941_T002,-0.9714308478032291,0.386197540553577,0.41319049629305893,NS
Ag00001aa071550_T001,0.06350294230615795,1,-0,NS
Ag00001aa040162_T001,-0.6597225952337457,0.827299666188183,0.08233715090852423,NS
Ag00001aa087809_T001,-0.28103566424046145,1,-0,NS
Ag00001aa019651_T001,0.22650852980867975,0.506693147714674,0.29525496886864966,NS
Ag00001aa067768_T001,0.3851548968843438,0.970698601758913,0.012915595954147123,NS
Ag00001aa007700_T001,0.14925936549962288,1,-0,NS
Ag00001aa006418_T001,-0.14082554413356455,1,-0,NS
Ag00001aa081246_T002,-0.131313234677865,1,-0,NS
Ag00001aa031394_T002,0.03421571533791298,1,-0,NS
Ag00001aa135111_T001,-0.5125136506514639,0.702241611183521,0.15351344007720943,NS
Ag00001aa076498_T002,-0.4759363242227893,0.194148204384802,0.7118666217513525,NS
Ag00001aa146360_T003,0.5782141654724543,1,-0,NS
Ag00001aa028810_T001,0.05380644369579382,1,-0,NS
Ag00001aa007078_T001,-0.49207853504267185,1,-0,NS
Ag00001aa117252_T001,-0.42468766931256313,0.482449406384021,0.31654822362652857,NS
Ag00001aa111607_T001,-0.4500844463780446,1,-0,NS
Ag00001aa042218_T004,0.005759269288684953,1,-0,NS
Ag00001aa007492_T001,-0.14241704461585192,0.646836825523643,0.1892052629362536,NS
Ag00001aa083246_T003,0.7731523970140524,0.176618692589997,0.7529633343989904,NS
Ag00001aa125478_T001,-0.8836352433082154,0.419551917271706,0.3772142899258611,NS
Ag00001aa028895_T001,0.813935070481317,0.258092972721045,0.5882238201365683,NS
Ag00001aa011314_T001,-0.5311560570253625,0.0377268112268301,1.4233499010040518,NS
Ag00001aa094759_T002,-0.3455644591546006,0.249994131140433,0.6020701867009334,NS
Ag00001aa048920_T001,-0.01304303747559888,1,-0,NS
Ag00001aa092719_T001,-1.117161344232749,0.00674163196674156,2.171234959791315,Down
Ag00001aa020093_T001,-0.2159148572652431,1,-0,NS
Ag00001aa128738_T001,0.3021727997407522,1,-0,NS
Ag00001aa109018_T001,0.47404659931930554,1,-0,NS
Ag00001aa087887_T001,-0.6060347243397574,0.801955706240392,0.09584961808317886,NS
Ag00001aa074933_T001,-0.010134377133713174,1,-0,NS
Ag00001aa087480_T001,1.1375035237499351,0.20191285058044,0.694836039854907,NS
Ag00001aa024065_T001,-0.9268652953697847,1,-0,NS
Ag00001aa033456_T001,-0.16326791954086414,1,-0,NS
Ag00001aa096795_T003,-0.045431429247006,1,-0,NS
Ag00001aa129821_T001,-0.5104570643575265,0.941802916254138,0.02603996911614712,NS
Ag00001aa024473_T001,0.2963105607080923,0.545527512071895,0.2631833421614047,NS
Ag00001aa070856_T001,-0.6170561304310095,1,-0,NS
Ag00001aa038837_T002,-0.5777669993169522,0.685681384625232,0.16387764091566934,NS
Ag00001aa033710_T002,0.07313470463021537,1,-0,NS
Ag00001aa043420_T001,0.16092018818110318,1,-0,NS
Ag00001aa010133_T001,0.11370049916472831,1,-0,NS
Ag00001aa063389_T001,0.963474123974886,0.94471806109281,0.02469778173497081,NS
Ag00001aa091569_T002,-0.5500425163719965,0.826887884484081,0.08255337128264262,NS
Ag00001aa066442_T001,-0.6326289343514705,0.00892797863304662,2.0492468577838543,NS
Ag00001aa047468_T002,0.05241589415113853,1,-0,NS
Ag00001aa089627_T001,-0.10469737866669324,1,-0,NS
Ag00001aa015171_T001,1.0982847957234225,0.0337246713565923,1.4720522737899027,Up
Ag00001aa068425_T001,0.10299399332332565,1,-0,NS
Ag00001aa022523_T001,0.38736254083599553,0.184107620540705,0.7349282349056425,NS
Ag00001aa027452_T001,-0.3022261804448139,0.434881089487579,0.36162947692825886,NS
Ag00001aa008510_T002,-0.3603047666004178,1,-0,NS
Ag00001aa019796_T001,0.0014419741739063218,1,-0,NS
Ag00001aa071680_T001,-0.6461121637150926,0.597149834475128,0.2239166837429529,NS
Ag00001aa087255_T001,-0.17462139610706873,1,-0,NS
Ag00001aa004070_T001,-0.38270151715915357,0.23019723256369,0.6378999017728775,NS
Ag00001aa120107_T001,0.11636475669178462,1,-0,NS
Ag00001aa001253_T001,-0.7013416844354848,0.00142805840138392,2.8452540314392993,NS
Ag00001aa106844_T003,-0.7685675915520349,0.0566534251983655,1.246773828081589,NS
Ag00001aa076310_T002,-0.08314123530024586,1,-0,NS
Ag00001aa018451_T001,-0.008682243099800882,1,-0,NS
Ag00001aa091159_T001,0.06350294230615795,1,-0,NS
Ag00001aa063605_T001,0.16349873228287956,1,-0,NS
Ag00001aa070748_T001,-0.195946441032647,1,-0,NS
Ag00001aa079465_T001,-0.2705559931663367,1,-0,NS
Ag00001aa072455_T001,0.24610400988391654,1,-0,NS
Ag00001aa044203_T002,0.21909105824619673,0.637773666710368,0.1953334164798194,NS
Ag00001aa123324_T001,-0.4481148965282752,0.513349163110439,0.2895871416516748,NS
Ag00001aa065040_T001,-0.5416179958439868,0.528021073832691,0.27734874400669857,NS
Ag00001aa022109_T001,-0.07856366919370213,1,-0,NS
Ag00001aa003786_T001,-0.4481148965282752,0.832269993338585,0.07973576313755862,NS
Ag00001aa019414_T001,-0.14720210718122878,1,-0,NS
Ag00001aa121948_T001,0.27500704749986976,0.170660235081753,0.7678676604692432,NS
Ag00001aa120684_T001,-0.040971781056306174,1,-0,NS
Ag00001aa008073_T003,-0.19099722506091363,0.826887884484081,0.08255337128264262,NS
Ag00001aa003272_T001,-0.1250063610670326,0.996169528996761,0.0016667466740582745,NS
Ag00001aa085062_T001,0.037030730944967026,1,-0,NS
Ag00001aa079296_T001,0.03843618165610792,1,-0,NS
Ag00001aa011330_T001,0.41142624572646497,1,-0,NS
Ag00001aa024193_T001,-0.720231578406405,0.0200439993285326,1.6980156204782832,NS
Ag00001aa061390_T001,-2.4422223286050744,0.0396597179839741,1.4016503783414906,Down
Ag00001aa048615_T001,0.25338423580007446,1,-0,NS
Ag00001aa028571_T001,0.021479727410451392,1,-0,NS
Ag00001aa087978_T001,0.031395196275534325,1,-0,NS
Ag00001aa002927_T001,-0.6060347243397574,1,-0,NS
Ag00001aa009838_T001,0.27738969881086384,1,-0,NS
Ag00001aa081371_T001,-0.18442457113742744,1,-0,NS
Ag00001aa064543_T002,0.26062790812669856,0.754179448200753,0.12252530652946765,NS
Ag00001aa157643_T001,-0.5563933485243852,0.0548346824774358,1.2609446669875128,NS
Ag00001aa071026_T001,0.12432813500220177,1,-0,NS
Ag00001aa064245_T001,-0.21759143507262677,1,-0,NS
Ag00001aa123006_T001,0.05241589415113853,1,-0,NS
Ag00001aa008956_T001,-0.9077925619029111,0.0565779060288865,1.2473531299954699,NS
Ag00001aa086292_T001,-0.02180437031834845,1,-0,NS
Ag00001aa024085_T001,-0.6192705514964515,0.039524731036781,1.4031310767313456,NS
Ag00001aa090760_T001,0.22774107583912812,1,-0,NS
Ag00001aa055469_T001,0.4997821201473117,0.0548346824774358,1.2609446669875128,NS
Ag00001aa030818_T001,-0.040971781056306174,1,-0,NS
Ag00001aa107003_T001,0.4895429356424736,0.824261919254675,0.08393476401604219,NS
Ag00001aa000452_T001,0.6229303509201767,0.989478980343197,0.004593427145226936,NS
Ag00001aa031328_T002,-0.488026018218199,1,-0,NS
Ag00001aa041105_T001,0.6516831806321093,0.397752610632873,0.40038696119808675,NS
Ag00001aa058386_T002,0.12565110166152013,1,-0,NS
Ag00001aa151548_T001,0.05935527761642124,1,-0,NS
Ag00001aa070339_T001,0.12961273813046964,1,-0,NS
Ag00001aa010516_T001,-0.23276896297612443,1,-0,NS
Ag00001aa030234_T001,-1.560642821525743,0.151360787469534,0.8199866214762171,NS
Ag00001aa093445_T001,-0.3004483674769107,0.660298520076428,0.18025967610781837,NS
Ag00001aa020140_T001,-0.7514651638613213,0.00405066224729559,2.3924739676905213,NS
Ag00001aa041954_T001,0.5558161550616397,0.585591124043654,0.23240551461372957,NS
Ag00001aa090750_T001,0.014355292977070054,1,-0,NS
Ag00001aa092670_T002,0.37740143078579397,0.296461221901847,0.528032105724457,NS
Ag00001aa147144_T001,-0.34923544088309766,0.360774412022413,0.4427642724370397,NS
Ag00001aa000044_T001,-0.40545145044964576,1,-0,NS
Ag00001aa148972_T001,-0.2898272517203383,0.164591244488091,0.7835932710170883,NS
Ag00001aa154356_T004,-0.10780328953451485,1,-0,NS
Ag00001aa116929_T001,-0.5820799921880347,0.0223282346505309,1.6511456124341843,NS
Ag00001aa021912_T001,-0.19429481516148867,1,-0,NS
Ag00001aa029242_T001,-0.1440103026915193,1,-0,NS
Ag00001aa008083_T001,-0.3789444967002605,0.964824423364265,0.015551711424821682,NS
Ag00001aa093869_T001,-0.5500425163719965,1,-0,NS
Ag00001aa104359_T001,0.16349873228287956,1,-0,NS
Ag00001aa047131_T001,-0.7013416844354848,0.0423729216539731,1.3729115899415867,NS
Ag00001aa060062_T003,-0.008682243099800882,1,-0,NS
Ag00001aa052591_T001,0.4059923596758368,0.864367076482928,0.06330178363759183,NS
Ag00001aa061239_T002,-0.8185793597198583,0.203720572437936,0.6909651121626199,NS
Ag00001aa001397_T001,-0.14082554413356455,1,-0,NS
Ag00001aa005791_T001,1.1043366598147355,0.698949367310445,0.15555428390257406,NS
Ag00001aa100013_T001,-0.16165326347876927,1,-0,NS
Ag00001aa030389_T001,-0.6192705514964515,0.0642091276696364,1.19240323026785,NS
Ag00001aa044936_T001,0.04963076772460043,1,-0,NS
Ag00001aa056200_T001,-0.41119543298444966,1,-0,NS
Ag00001aa044570_T002,0.002882508533121365,1,-0,NS
Ag00001aa135387_T001,0.07724299893246035,1,-0,NS
Ag00001aa083337_T001,0.11769504266975457,1,-0,NS
Ag00001aa013881_T001,0.0398402645317911,1,-0,NS
Ag00001aa051068_T002,-0.2670796178917426,0.835550991670721,0.07802704101240544,NS
Ag00001aa099022_T001,-0.23956612532988847,0.760247690836241,0.11904489030070149,NS
Ag00001aa090087_T003,1.0621217119077975,0.0291230227649278,1.5357635503068807,Up
Ag00001aa089874_T002,0.6144742828377008,0.0447283785859079,1.349416844817643,NS
Ag00001aa089372_T002,0.3173040683619148,1,-0,NS
Ag00001aa121093_T001,0.7706176466562031,0.884596000667917,0.05325502844344559,NS
Ag00001aa030633_T003,-0.049904905826313926,1,-0,NS
Ag00001aa052434_T001,-0.9770995978899212,0.474022594053874,0.32420095739961907,NS
Ag00001aa019029_T001,-0.8494403234246186,0.195939248253235,0.7078785625119866,NS
Ag00001aa096577_T001,0.1686420355588392,1,-0,NS
Ag00001aa106507_T001,0.16349873228287956,1,-0,NS
Ag00001aa098848_T001,-0.015957573902976245,1,-0,NS
Ag00001aa014497_T002,-0.2968993003958401,0.214927905107701,0.6677071943386097,NS
Ag00001aa137412_T001,1.9942176474059938,0.53499039007247,0.271654019055373,NS
Ag00001aa020567_T002,0.09085343045111348,1,-0,NS
Ag00001aa104168_T002,0.06626144226872127,1,-0,NS
Ag00001aa070994_T002,-0.29335894269059154,0.769280366974951,0.11391535117494564,NS
Ag00001aa027510_T001,-0.496142467422571,1,-0,NS
Ag00001aa010267_T001,0.07176266930009127,1,-0,NS
Ag00001aa041859_T001,-0.7249929525001302,0.956103682543212,0.01949500906827587,NS
Ag00001aa014124_T001,-0.5994620704162712,1,-0,NS
Ag00001aa090669_T001,0.11636475669178462,1,-0,NS
Ag00001aa041444_T001,-0.5691795034802285,1,-0,NS
Ag00001aa016228_T001,-0.195946441032647,0.940535177737036,0.026624956401349438,NS
Ag00001aa018786_T001,0.4604804700400108,0.596379806261691,0.2244770704128624,NS
Ag00001aa121554_T001,-0.3455644591546006,1,-0,NS
Ag00001aa009614_T001,-0.3940316411585416,0.202455472301517,0.6936704799070144,NS
Ag00001aa055669_T001,-0.31293931166010763,1,-0,NS
Ag00001aa006972_T001,-0.23107466443624883,1,-0,NS
Ag00001aa070189_T001,0.0014419741739063218,1,-0,NS
Ag00001aa120598_T001,0.005759269288684953,1,-0,NS
Ag00001aa137379_T002,0.07587486697512764,1,-0,NS
Ag00001aa130363_T001,-0.16650266314016504,1,-0,NS
Ag00001aa064851_T001,-0.3437324652057107,0.107666856453267,0.9679179668479966,NS
Ag00001aa146008_T001,-0.06793882865657556,1,-0,NS
Ag00001aa048386_T001,0.2078928516413329,1,-0,NS
Ag00001aa011695_T002,-0.3733272473940066,1,-0,NS
Ag00001aa071149_T001,0.4781952579391659,0.469771274033523,0.32811354334843545,NS
Ag00001aa135006_T001,0.279768421593595,1,-0,NS
Ag00001aa080645_T002,-0.2159148572652431,0.813591013546768,0.08959385702312439,NS
Ag00001aa008735_T001,-0.27578631324264175,0.835090389641071,0.07826651421968565,NS
Ag00001aa058780_T001,0.4361618393144501,0.777868662485813,0.10909372431202385,NS
Ag00001aa017790_T001,0.14925936549962288,1,-0,NS
Ag00001aa030659_T002,0.18523225423016085,1,-0,NS
Ag00001aa031545_T001,0.05380644369579382,1,-0,NS
Ag00001aa009611_T001,-0.3437324652057107,1,-0,NS
Ag00001aa030603_T002,1.6712933724815757,0.0779549287857535,1.1081564208627641,NS
Ag00001aa072767_T001,0.03421571533791298,1,-0,NS
Ag00001aa007374_T001,-0.929610672108602,0.414745171618749,0.38221866124462606,NS
Ag00001aa078396_T005,-0.6038405109268455,0.054481163605303,1.2637536253616886,NS
Ag00001aa126852_T001,-0.7710274302398392,0.35806560448103403,0.4460373949934655,NS
Ag00001aa093880_T001,-0.6192705514964515,0.241703957274677,0.6167162390897161,NS
Ag00001aa028935_T001,-0.6483716708972176,0.0226361678828063,1.6451970937477536,NS
Ag00001aa046178_T001,0.11236652307256315,1,-0,NS
Ag00001aa080179_T001,-1.434402824145775,0.115481009731609,0.9374894274329101,NS
Ag00001aa150119_T001,-0.4619585466663364,1,-0,NS
Ag00001aa116751_T001,-0.12658049656514306,1,-0,NS
Ag00001aa072948_T001,-0.06793882865657556,1,-0,NS
Ag00001aa064493_T001,-0.23276896297612443,1,-0,NS
Ag00001aa040324_T001,-0.02326977932284719,1,-0,NS
Ag00001aa047059_T001,0.903038270112912,0.929837286948408,0.03159304237399849,NS
Ag00001aa081195_T001,-0.24468509595490195,1,-0,NS
Ag00001aa034593_T002,-0.2549778509627355,0.194674488504795,0.7106909577122656,NS
Ag00001aa051975_T001,1.1460034511389245,0.483953154371431,0.3151966750965451,NS
Ag00001aa004147_T001,0.09761079662642233,1,-0,NS
Ag00001aa027535_T001,0.05241589415113853,1,-0,NS
Ag00001aa145422_T001,-0.888968687611256,0.0536254453114337,1.270629088364415,NS
Ag00001aa100409_T001,-0.42856588412349084,0.387273035287788,0.4119827406421098,NS
Ag00001aa106883_T001,-0.2705559931663367,0.6824159920227,0.1659508042821607,NS
Ag00001aa094559_T001,1.4227712193204742,0.538849626446839,0.26853241387791615,NS
Ag00001aa060501_T001,-0.5670405927238937,1,-0,NS
Ag00001aa152439_T001,1.1210154009613658,0.230870629619902,0.6366313126667,NS
Ag00001aa008136_T001,0.0922074380970889,1,-0,NS
Ag00001aa045553_T001,0.6069159418252051,0.777868662485813,0.10909372431202385,NS
Ag00001aa005848_T002,0.1775989293277334,1,-0,NS
Ag00001aa086531_T001,-0.3093594213843066,0.978035356672414,0.009645444874797637,NS
Ag00001aa009760_T002,-0.5290727425248735,0.182401308182025,0.7389720512367833,NS
Ag00001aa115677_T001,-0.060397279643956275,1,-0,NS
Ag00001aa044263_T001,-0.3789444967002605,1,-0,NS
Ag00001aa156369_T001,-0.03356953269370183,1,-0,NS
Ag00001aa042477_T002,-1.4422223286050742,0.359882241640099,0.4438395830442056,NS
Ag00001aa065872_T001,0.4308204965197715,1,-0,NS
Ag00001aa029091_T001,-0.035046947099200795,1,-0,NS
Ag00001aa055824_T001,0.018634174139050975,1,-0,NS
Ag00001aa115854_T004,-0.0188780102056894,1,-0,NS
Ag00001aa089034_T002,0.5048745893984644,0.0250268745664473,1.6015933830444948,NS
Ag00001aa072226_T001,-0.23616354110904858,1,-0,NS
Ag00001aa031847_T001,-0.4073635713934228,0.240381614815557,0.6190987516838087,NS
Ag00001aa010132_T001,-0.16650266314016504,1,-0,NS
Ag00001aa008443_T002,-0.06491747668133854,1,-0,NS
Ag00001aa068599_T002,0.22897256976016075,0.557225447456522,0.25396905836870043,NS
Ag00001aa047463_T001,1.9263790251998787,1.4494282847679e-4,3.838803267925452,Up
Ag00001aa000800_T001,1.5063988315274541,0.326579095688125,0.4860116178781331,NS
Ag00001aa041736_T002,-0.09080293700831261,1,-0,NS
Ag00001aa061628_T001,0.2078928516413329,1,-0,NS
Ag00001aa116859_T001,-0.6966576055126692,0.117488958496462,0.9300029460678079,NS
Ag00001aa027594_T001,-0.3695945285176767,1,-0,NS
Ag00001aa034684_T001,-0.8520421186128986,0.898679299384023,0.046395261944423345,NS
Ag00001aa151995_T001,0.3939652756602426,0.284231793784925,0.5463273440965914,NS
Ag00001aa055549_T001,-1.234465253637023,0.0417694892154371,1.3791408355386483,Down
Ag00001aa001866_T001,0.3045110418099531,1,-0,NS
Ag00001aa008506_T001,-0.3183258582071667,1,-0,NS
Ag00001aa082217_T001,-1,0.0200439993285326,1.6980156204782832,Down
Ag00001aa089959_T001,-1.098505544952425,0.0291230227649278,1.5357635503068807,Down
Ag00001aa034124_T002,-1.6038405109268454,0.0710118551530294,1.1486691414534995,NS
Ag00001aa056305_T001,0.04963076772460043,1,-0,NS
Ag00001aa047186_T002,-0.5290727425248735,0.157280862145417,0.8033241188915747,NS
Ag00001aa017258_T001,-0.4981787345790897,0.83231149478027,0.07971410742740298,NS
Ag00001aa063972_T001,-0.3584539709124763,1,-0,NS
Ag00001aa050969_T001,0.36513259345252996,1,-0,NS
Ag00001aa052407_T001,-0.14082554413356455,1,-0,NS
Ag00001aa016017_T001,-0.8943219221054628,0.0536254453114337,1.270629088364415,NS
Ag00001aa030098_T001,-0.7178567712185016,0.00182609864520145,2.7384757657340826,NS
Ag00001aa140168_T001,0.35049724708413316,1,-0,NS
Ag00001aa135942_T001,-0.16165326347876927,1,-0,NS
Ag00001aa031643_T001,0.23143240844796506,1,-0,NS
Ag00001aa069303_T001,-0.9601597354682089,0.00307990166098704,2.5114631499841322,NS
Ag00001aa060199_T001,-0.18442457113742744,0.847338037153973,0.07194329759961468,NS
Ag00001aa027483_T001,-0.4799549759601824,0.550062117049892,0.2595882640171792,NS
Ag00001aa096229_T001,-0.2293823533437969,1,-0,NS
Ag00001aa134149_T002,0.48542682717024166,0.159134708579616,0.7982350868485222,NS
Ag00001aa068975_T004,-0.25325728422226385,1,-0,NS
Ag00001aa128402_T002,0.7189643357595386,0.0250189447145577,1.6017310125606568,NS
Ag00001aa020105_T001,-0.4461480318188743,0.501644484839789,0.29960395809477425,NS
Ag00001aa127684_T001,-0.23107466443624883,1,-0,NS
Ag00001aa071631_T001,-0.6989977439671857,0.161506976650504,0.7918087126184941,NS
Ag00001aa091205_T003,-0.22600367488882686,1,-0,NS
Ag00001aa005758_T001,-0.4305089080412838,1,-0,NS
Ag00001aa129206_T001,-0.8059129478836977,0.152603782323455,0.8164347021488417,NS
Ag00001aa096619_T001,-0.131313234677865,1,-0,NS
Ag00001aa003078_T001,-0.6597225952337457,0.0320324895724233,1.494409306557883,NS
Ag00001aa127491_T001,-0.42275246440684927,0.83965036114412706,0.07590152088636248,NS
Ag00001aa107009_T001,-0.29335894269059154,0.11600082341195,0.9355389279972451,NS
Ag00001aa058683_T001,-0.5228407888133588,0.646000248811644,0.18976731473323913,NS
Ag00001aa146474_T001,-0.37519723474705274,1,-0,NS
Ag00001aa126882_T001,0.3230817895037326,1,-0,NS
Ag00001aa124575_T002,0.08814159686901755,1,-0,NS
Ag00001aa149984_T001,-0.5649048483799026,0.0964134774602793,1.01586225263755,NS
Ag00001aa026892_T002,0.3482324192392708,1,-0,NS
Ag00001aa153533_T001,-0.24639546372000481,0.896012273633124,0.04768604130368887,NS
Ag00001aa009585_T002,-0.35291578737104634,0.499643541653149,0.3013397218677261,NS
Ag00001aa028273_T001,-0.2549778509627355,1,-0,NS
Ag00001aa134024_T001,-0.24468509595490195,1,-0,NS
Ag00001aa048830_T001,-0.11559744701631275,1,-0,NS
Ag00001aa079579_T001,0.35049724708413316,1,-0,NS
Ag00001aa057349_T001,0.15833702716710066,1,-0,NS
Ag00001aa036911_T001,0.21785109681113138,1,-0,NS
Ag00001aa085589_T001,-0.2968993003958401,1,-0,NS
Ag00001aa022733_T001,-0.1456053222468993,1,-0,NS
Ag00001aa023211_T001,-0.29335894269059154,1,-0,NS
Ag00001aa052845_T003,-0.27753397552890896,0.884596000667917,0.05325502844344559,NS
Ag00001aa067998_T001,-0.9323612831246367,0.230986876472025,0.6364126938640788,NS
Ag00001aa072988_T001,0.23756371831767567,1,-0,NS
Ag00001aa051512_T001,0.2916035580305647,1,-0,NS
Ag00001aa048827_T002,0.6276068381296498,0.540213739288511,0.26743437457043623,NS
Ag00001aa050916_T001,0.14665522211946516,1,-0,NS
Ag00001aa029956_T001,-0.1504009888485484,1,-0,NS
Ag00001aa060352_T001,0.17376706773670636,1,-0,NS
Ag00001aa012294_T001,0.060739157857678534,0.989478980343197,0.004593427145226936,NS
Ag00001aa033320_T001,-0.3183258582071667,1,-0,NS
Ag00001aa009617_T002,-0.3057883922321094,0.772992959752429,0.1118244615209959,NS
Ag00001aa105551_T001,-0.2293823533437969,1,-0,NS
Ag00001aa051029_T001,-1.9434164716336324,0.00548598676405933,2.2607452445446374,Down
Ag00001aa126015_T002,-0.49005085369568935,0.660681591805526,0.18000779352262655,NS
Ag00001aa040419_T001,-0.16974467583231706,1,-0,NS
Ag00001aa041999_T001,0.17248751551013405,1,-0,NS
Ag00001aa003271_T002,0.279768421593595,1,-0,NS
Ag00001aa033793_T004,0.2240402742179301,1,-0,NS
Ag00001aa037915_T002,-0.3959286763311392,1,-0,NS
Ag00001aa008904_T004,0.02715405150372665,1,-0,NS
Ag00001aa030960_T002,0.2485348361386787,1,-0,NS
Ag00001aa009842_T002,-0.31114825613411956,1,-0,NS
Ag00001aa058813_T002,0.2215677885384093,0.538873281756451,0.26851334892094875,NS
Ag00001aa003172_T002,-0.8442507673220552,0.136036848161773,0.8663434387931738,NS
Ag00001aa155741_T001,0.16092018818110318,1,-0,NS
Ag00001aa056960_T001,-1.2584251525812042,0.0366794004242046,1.4355777720911018,Down
Ag00001aa030378_T001,-0.3219280948873623,1,-0,NS
Ag00001aa105197_T001,-0.41888982477445036,0.488125706779784,0.3114683199431051,NS
Ag00001aa101572_T001,0.6663021281730949,0.0462697065403579,1.3347032549480689,NS
Ag00001aa118606_T001,1.1216785565882526,0.0417694892154371,1.3791408355386483,Up
Ag00001aa146394_T001,0.5430008774024256,1,-0,NS
Ag00001aa156945_T001,-0.4860040206329874,0.863083315610886,0.06394727871866616,NS
Ag00001aa104834_T001,-0.189351252217354,1,-0,NS
Ag00001aa034991_T001,0.17248751551013405,1,-0,NS
Ag00001aa049653_T001,-0.027674958442848348,1,-0,NS
Ag00001aa129133_T002,-0.14241704461585192,1,-0,NS
Ag00001aa007141_T001,0.1544535926798724,1,-0,NS
Ag00001aa005682_T001,-0.34923544088309766,0.278761689196511,0.5547669124743493,NS
Ag00001aa077514_T001,0.03280614508324148,1,-0,NS
Ag00001aa053975_T001,-0.579921884020626,0.0873845587440568,1.0585653024309303,NS
Ag00001aa042260_T003,0.31614574229335635,0.0596642269309514,1.224285982154655,NS
Ag00001aa054492_T001,-0.24297675349254041,0.0265041853870984,1.5766855393841603,NS
Ag00001aa136355_T001,-0.6803820657998387,1,-0,NS
Ag00001aa055267_T001,0.6690267655096307,1,-0,NS
Ag00001aa033056_T002,-0.16004041251046824,0.709219476744525,0.14921934621476757,NS
Ag00001aa121507_T001,-0.12186323337305248,1,-0,NS
Ag00001aa048266_T001,-0.33278908751912917,1,-0,NS
Ag00001aa078228_T002,-0.4500844463780446,0.0536254453114337,1.270629088364415,NS
Ag00001aa058329_T001,-0.36215793967589505,0.790117615360861,0.10230825567132044,NS
Ag00001aa055138_T001,-0.24127043154213734,1,-0,NS
Ag00001aa021656_T004,-0.15360697914763968,1,-0,NS
Ag00001aa036755_T004,0.3103401206121505,0.835550991670721,0.07802704101240544,NS
Ag00001aa030621_T002,-0.10314692710329326,1,-0,NS
Ag00001aa109920_T001,0.0014419741739063218,1,-0,NS
Ag00001aa145595_T001,1.110363243360418,0.115477985703804,0.9375008001753871,NS
Ag00001aa062558_T001,0.10701824988212043,1,-0,NS
Ag00001aa090780_T001,-0.3714596807372396,1,-0,NS
Ag00001aa078187_T001,0.20414071678022522,1,-0,NS
Ag00001aa009973_T001,-0.5756153284619034,0.0234584323233624,1.6297010142180142,NS
Ag00001aa018678_T003,-1.3658714424749594,0.00720788863712781,2.1421919318867206,Down
Ag00001aa026657_T003,-0.8134994423555052,0.385701207078477,0.41374900197735587,NS
Ag00001aa126331_T001,-0.2688167584278,1,-0,NS
Ag00001aa004176_T001,2.3459640303428717,0.140788801261394,0.8514318888288923,NS
Ag00001aa016350_T002,0.070389327891398,1,-0,NS
Ag00001aa014883_T002,-0.6393547975397839,0.775629830408091,0.11034549648283955,NS
Ag00001aa016428_T001,0.0676387168753633,1,-0,NS
Ag00001aa010983_T002,0.03280614508324148,1,-0,NS
Ag00001aa064483_T001,-0.98564470702292994,0.483935080528503,0.31521289467638564,NS
Ag00001aa033081_T001,-0.3864683470820729,1,-0,NS
Ag00001aa101274_T001,-0.3695945285176767,1,-0,NS
Ag00001aa085594_T001,-0.03061923505839206,1,-0,NS
Ag00001aa009671_T001,-0.07400058144377693,1,-0,NS
Ag00001aa094230_T001,-0.8287931725818576,0.114194343679911,0.9423554072061069,NS
Ag00001aa068076_T001,-0.31114825613411956,0.939319474183733,0.027186673678686366,NS
Ag00001aa068063_T001,-1.0528949484321255,0.0119908819472692,1.9211488727188348,Down
Ag00001aa140872_T001,-0.3057883922321094,1,-0,NS
Ag00001aa052340_T001,-0.2688167584278,1,-0,NS
Ag00001aa018454_T001,-0.4579896444633908,1,-0,NS
Ag00001aa039889_T001,-2.5311560570253624,0.611204674655575,0.21381333282019804,NS
Ag00001aa021901_T001,-0.4679324477109693,0.0347129590782682,1.4595083636668853,NS
Ag00001aa015196_T001,-0.24639546372000481,1,-0,NS
Ag00001aa154422_T001,-0.3677317845004871,1,-0,NS
Ag00001aa001363_T001,-0.4860040206329874,0.0417694892154371,1.3791408355386483,NS
Ag00001aa051763_T001,0.19534759832221926,1,-0,NS
Ag00001aa090314_T001,-0.09696172988708796,1,-0,NS
Ag00001aa111033_T001,0.3345682756661327,1,-0,NS
Ag00001aa018628_T001,-0.40354186044101437,0.318791097222112,0.49649381551086286,NS
Ag00001aa066684_T001,-0.17462139610706873,1,-0,NS
Ag00001aa006587_T001,-0.08926733809708741,1,-0,NS
Ag00001aa050402_T001,0.12565110166152013,1,-0,NS
Ag00001aa078522_T001,0.11370049916472831,1,-0,NS
Ag00001aa053449_T001,-0.8109661756099832,0.258190363273377,0.5880599714239712,NS
Ag00001aa025369_T001,0.07997537672059589,1,-0,NS
Ag00001aa096269_T002,-0.5649048483799026,0.372216567010805,0.4292043007343991,NS
Ag00001aa035417_T001,-0.3219280948873623,1,-0,NS
Ag00001aa052408_T001,-0.38270151715915357,0.0567315555047665,1.2461753084875582,NS
Ag00001aa037792_T001,0.15185881672700494,1,-0,NS
Ag00001aa078616_T001,-0.8084373492992444,1,-0,NS
Ag00001aa052062_T001,0.20288783347014341,1,-0,NS
Ag00001aa042463_T001,0.0014419741739063218,1,-0,NS
Ag00001aa008892_T003,-0.8084373492992444,0.0620074422127423,1.207556182792742,NS
Ag00001aa015003_T001,1.2761988650322418,1,-0,NS
Ag00001aa153345_T001,-0.17788172527065546,1,-0,NS
Ag00001aa005724_T001,-0.8339273240532941,0.169694295430418,0.7703327570030829,NS
Ag00001aa104619_T001,-0.024736678321506448,1,-0,NS
Ag00001aa027861_T005,-0.07400058144377693,1,-0,NS
Ag00001aa149306_T004,-0.3959286763311392,0.837360608705008,0.07708747313720443,NS
Ag00001aa017650_T001,1.4641454566911858,1,-0,NS
Ag00001aa071693_T001,2.6850430894766806,0.00203917259829843,2.6905460133997847,Up
Ag00001aa064379_T001,0.32423456227053127,1,-0,NS
Ag00001aa022365_T001,0.3021727997407522,0.626760215360637,0.2028985788877343,NS
Ag00001aa083065_T001,-0.6104331882372743,1,-0,NS
Ag00001aa052350_T001,-0.06491747668133854,1,-0,NS
Ag00001aa045952_T001,0.08133962745193878,1,-0,NS
Ag00001aa135523_T001,-0.8546486144273799,0.330211803884025,0.4812074063304284,NS
Ag00001aa032943_T001,-0.03948828988097554,1,-0,NS
Ag00001aa126282_T001,-0.38082178394093086,0.482237806525321,0.3167387447638443,NS
Ag00001aa013303_T001,0.4997821201473117,0.897423168910481,0.04700272241149734,NS
Ag00001aa065860_T001,-0.5084034055895519,1,-0,NS
Ag00001aa001753_T001,0.11236652307256315,1,-0,NS
Ag00001aa016173_T001,0.1348780543431117,1,-0,NS
Ag00001aa133916_T001,-0.3004483674769107,1,-0,NS
Ag00001aa061758_T001,-0.038006322579744914,1,-0,NS
Ag00001aa004447_T001,-0.4819685073978307,0.344229811165194,0.46315152138814203,NS
Ag00001aa081289_T001,-0.5972778231543953,1,-0,NS
Ag00001aa080696_T001,-0.6688680777827979,0.720444520967965,0.14239945713334903,NS
Ag00001aa065279_T001,0.12829340100981756,1,-0,NS
Ag00001aa085261_T002,-0.6326289343514705,1,-0,NS
Ag00001aa011358_T001,0.08678376614206665,1,-0,NS
Ag00001aa012476_T001,-0.4092782299901589,0.483953154371431,0.3151966750965451,NS
Ag00001aa154100_T001,0.8007446239367776,1,-0,NS
Ag00001aa015725_T005,-0.41888982477445036,1,-0,NS
Ag00001aa052006_T002,-1.214240225572989,0.531972317884627,0.27411096639432475,NS
Ag00001aa150036_T001,-0.7107557148433575,1,-0,NS
Ag00001aa150311_T001,0.4168397419128292,1,-0,NS
Ag00001aa046981_T002,-0.5437195184892746,1,-0,NS
Ag00001aa003988_T002,-0.5950968778548693,0.789112191866877,0.10286124667036353,NS
Ag00001aa007138_T002,0.07450543636362976,1,-0,NS
Ag00001aa028867_T001,-0.4092782299901589,1,-0,NS
Ag00001aa042509_T001,-0.39024503782755654,0.80239362737974,0.09561252914616808,NS
Ag00001aa008148_T001,-0.965784284662087,0.0189948627201268,1.721363840835602,NS
Ag00001aa157588_T001,-0.25325728422226385,1,-0,NS
Ag00001aa085927_T001,-0.27753397552890896,0.587500002810985,0.2309921269782767,NS
Ag00001aa055678_T001,0.3851548968843438,1,-0,NS
Ag00001aa137598_T001,0.902266569083071,0.603911722022749,0.21902654058477858,NS
Ag00001aa045425_T001,0.6771699388182449,0.84188246929979,0.07474853379406178,NS
Ag00001aa022920_T001,1.53555533339931,0.283745722124228,0.5470706773648012,NS
Ag00001aa106588_T001,0.16992500144231237,1,-0,NS
Ag00001aa123818_T002,-0.8059129478836977,0.336978564713113,0.4723977238256579,NS
Ag00001aa083245_T002,-0.10469737866669324,1,-0,NS
Ag00001aa031577_T002,-0.12186323337305248,1,-0,NS
Ag00001aa106225_T001,-0.020340448284175534,1,-0,NS
Ag00001aa025443_T001,-0.33278908751912917,1,-0,NS
Ag00001aa002920_T002,-0.3455644591546006,0.482314291517867,0.316669869250851,NS
Ag00001aa115192_T001,-0.4719288354212646,0.275139589225878,0.5604469154433828,NS
Ag00001aa009787_T001,-0.1568201097428258,1,-0,NS
Ag00001aa007270_T001,-1.0588936890535685,0.0376415715828729,1.4243322525263662,Down
Ag00001aa004627_T001,-0.16812275880832692,1,-0,NS
Ag00001aa105755_T001,-0.24127043154213734,1,-0,NS
Ag00001aa154451_T002,0.35162832910278236,1,-0,NS
Ag00001aa068683_T001,-0.01304303747559888,1,-0,NS
Ag00001aa017712_T001,-0.34190279464862844,0.650741485187385,0.1865915058315986,NS
Ag00001aa119621_T002,-0.005782352594006111,1,-0,NS
Ag00001aa037254_T001,-0.3004483674769107,1,-0,NS
Ag00001aa106756_T001,-0.09234017214671059,0.901218265164059,0.04517001492914664,NS
Ag00001aa016947_T001,-0.6148451031156562,0.00547793489258271,2.2613831338126333,NS
Ag00001aa116265_T001,-0.20756106993536216,1,-0,NS
Ag00001aa145084_T001,0.10969486482592981,1,-0,NS
Ag00001aa151135_T001,-0.20589610144025206,1,-0,NS
Ag00001aa037584_T001,-0.10005101381032824,1,-0,NS
Ag00001aa039547_T001,-0.040971781056306174,1,-0,NS
Ag00001aa031067_T001,-0.25842515258120435,1,-0,NS
Ag00001aa095936_T001,0.15704371014558002,1,-0,NS
Ag00001aa077512_T001,-0.22263289054958724,1,-0,NS
Ag00001aa084542_T001,0.5993177936982261,0.17670647454619,0.7527475376003718,NS
Ag00001aa123175_T001,-0.08773337193355037,1,-0,NS
Ag00001aa080385_T001,0.7320520733002891,0.750697283952456,0.12453515542253779,NS
Ag00001aa050364_T004,-0.265344566520995,1,-0,NS
Ag00001aa124608_T001,-1.117161344232749,0.390831097701144,0.4080108875768921,NS
Ag00001aa020414_T001,-0.37519723474705274,1,-0,NS
Ag00001aa116387_T003,-0.13447704086003626,1,-0,NS
Ag00001aa085080_T002,-0.9023892033735776,0.372971739119668,0.42832407438264414,NS
Ag00001aa100182_T001,-0.4579896444633908,0.832269993338585,0.07973576313755862,NS
Ag00001aa001264_T001,0.8663145613770472,1,-0,NS
Ag00001aa040830_T002,-0.8390798118188968,0.088618627665585,1.05247497966977,NS
Ag00001aa028038_T001,-0.888968687611256,0.0264552610002779,1.5774879494817138,NS
Ag00001aa001538_T001,-1.248107861595691,1,-0,NS
Ag00001aa039540_T001,-0.37519723474705274,0.720136357024967,0.1425852626012009,NS
Ag00001aa148976_T001,-0.055891200892045155,1,-0,NS
Ag00001aa050259_T001,0.6040713236688608,1,-0,NS
Ag00001aa009489_T001,-0.24982229440694284,1,-0,NS
Ag00001aa043843_T001,0.765534746362977,1,-0,NS
Ag00001aa021441_T001,-0.14082554413356455,1,-0,NS
Ag00001aa126088_T001,-0.41119543298444966,0.569391799659881,0.2445887918222013,NS
Ag00001aa100265_T001,0.018634174139050975,1,-0,NS
Ag00001aa010298_T001,-0.28454587288428235,0.896012273633124,0.04768604130368887,NS
Ag00001aa076333_T001,0.32077347694587044,1,-0,NS
Ag00001aa027099_T004,-0.5972778231543953,1,-0,NS
Ag00001aa093288_T002,0.1839628348425949,1,-0,NS
Ag00001aa048715_T002,0.28924428515664247,1,-0,NS
Ag00001aa018550_T001,-0.21256753548313206,1,-0,NS
Ag00001aa044640_T001,-0.17299399036102314,1,-0,NS
Ag00001aa140968_T001,0.12565110166152013,0.956103682543212,0.01949500906827587,NS
Ag00001aa016427_T001,0.025737561413608275,1,-0,NS
Ag00001aa009115_T001,0.723340120251171,0.753539898373045,0.12289374774946762,NS
Ag00001aa004029_T001,-1.9545570292388328,0.0419953986088286,1.3767982921799529,Down
Ag00001aa003570_T002,-0.06793882865657556,1,-0,NS
Ag00001aa012564_T001,-0.06340917017606154,1,-0,NS
Ag00001aa110469_T001,0.45101324294397294,1,-0,NS
Ag00001aa016497_T001,-0.21256753548313206,1,-0,NS
Ag00001aa016257_T001,0.33113192221720217,0.372216567010805,0.4292043007343991,NS
Ag00001aa007022_T001,0.05519565424212462,1,-0,NS
Ag00001aa030195_T001,-0.14880066140670606,1,-0,NS
Ag00001aa106018_T001,0.06626144226872127,1,-0,NS
Ag00001aa005135_T002,-0.12029423371771177,1,-0,NS
Ag00001aa064825_T001,-0.43245455235625324,0.75951085355384,0.11946601560651127,NS
Ag00001aa015444_T001,-0.2601518973006725,1,-0,NS
Ag00001aa008862_T001,0.26062790812669856,1,-0,NS
Ag00001aa033160_T001,0.05241589415113853,1,-0,NS
Ag00001aa089436_T002,0.0172092900322231,1,-0,NS
Ag00001aa135929_T001,-0.16974467583231706,1,-0,NS
Ag00001aa078868_T001,0.1348780543431117,1,-0,NS
Ag00001aa156261_T001,-1.2688167584278,0.0800837023167029,1.0964558573750567,NS
Ag00001aa016688_T001,-0.6393547975397839,0.360774412022413,0.4427642724370397,NS
Ag00001aa030294_T001,0.45206823022381093,0.717950757369745,0.1439053420195095,NS
Ag00001aa093259_T001,0.5479433112903502,1,-0,NS
Ag00001aa033338_T001,-0.994240730711315,0.158093185028535,0.8010868509298599,NS
Ag00001aa019224_T002,0.07587486697512764,1,-0,NS
Ag00001aa140506_T001,0.13881446890228188,1,-0,NS
Ag00001aa086098_T001,0.7066410573094084,1,-0,NS
Ag00001aa035695_T001,0.5499155536219554,0.614629744233699,0.21138642643566147,NS
Ag00001aa022298_T001,-0.9573556625915063,0.0685986115613743,1.1636846743418758,NS
Ag00001aa077935_T002,-0.3455644591546006,0.610856421592304,0.214060856267664,NS
Ag00001aa048771_T001,-1.3291596641184382,2.8107022831052e-4,3.551185153557293,Down
Ag00001aa033400_T001,-0.3219280948873623,1,-0,NS
Ag00001aa101961_T001,-0.34739878240348054,1,-0,NS
Ag00001aa077941_T001,-0.47794425083903574,1,-0,NS
Ag00001aa070800_T002,-0.34923544088309766,0.590657141316908,0.22866454084841836,NS
Ag00001aa065131_T001,0.5945485495503542,1,-0,NS
Ag00001aa145807_T001,1.7381192887825765,0.0506005616304501,1.2958446627718272,NS
Ag00001aa030654_T002,0.03421571533791298,1,-0,NS
Ag00001aa079201_T001,0.02856915219677092,1,-0,NS
Ag00001aa092583_T001,-0.1456053222468993,1,-0,NS
Ag00001aa016730_T001,-0.3255393484397412,1,-0,NS
Ag00001aa089951_T002,-0.07552000764097772,1,-0,NS
Ag00001aa059909_T001,-1.171368418311981,1,-0,NS
Ag00001aa080459_T002,0.3493652775942134,1,-0,NS
Ag00001aa081202_T001,0.28688114778816154,1,-0,NS
Ag00001aa030002_T001,0.10433665981473553,1,-0,NS
Ag00001aa027609_T001,1.56900492681818,0.0282133710027534,1.5495450201746879,Up
Ag00001aa106638_T001,-0.9213901653036335,0.0983615399826012,1.0071746804141015,NS
Ag00001aa038955_T001,-0.2378638300988879,1,-0,NS
Ag00001aa120742_T001,-0.3437324652057107,0.912192378954759,0.03991356045697534,NS
Ag00001aa082034_T001,-1.3219280948873622,0.158093185028535,0.8010868509298599,NS
Ag00001aa142364_T001,-0.6438561897747247,0.137887507347873,0.8604750792603448,NS
Ag00001aa045267_T001,-1.2549778509627354,1.5121333411169e-4,3.8204099107144676,Down
Ag00001aa009454_T001,-0.2898272517203383,1,-0,NS
Ag00001aa083925_T001,0.14143279092929553,1,-0,NS
Ag00001aa065947_T001,-0.3677317845004871,1,-0,NS
Ag00001aa083794_T001,-0.3940316411585416,0.824261919254675,0.08393476401604219,NS
Ag00001aa106498_T003,-0.015957573902976245,1,-0,NS
Ag00001aa094111_T001,-0.18606492951868298,1,-0,NS
Ag00001aa073441_T001,-0.7563309190331373,0.163754164179747,0.785807647322187,NS
Ag00001aa046380_T001,0.279768421593595,1,-0,NS
Ag00001aa097048_T001,-0.09387904700290013,1,-0,NS
Ag00001aa051748_T001,2.4620523187964327,0.0811221591933377,1.0908604984289803,NS
Ag00001aa065846_T001,-0.7154858667557547,0.74200396038703,0.12959377670258587,NS
Ag00001aa064396_T003,-0.09850554495242506,1,-0,NS
Ag00001aa116787_T001,-0.08467032398699055,1,-0,NS
Ag00001aa091754_T001,-0.7908586021614084,0.0256480696687567,1.5909453152989017,NS
Ag00001aa069025_T001,-0.20589610144025206,1,-0,NS
Ag00001aa016133_T001,-0.35107444054687875,1,-0,NS
Ag00001aa026759_T001,-0.33642766458247736,0.536056963258121,0.2707890582284798,NS
Ag00001aa029804_T001,-0.9268652953697847,0.775629830408091,0.11034549648283955,NS
Ag00001aa031487_T001,-0.17951465701362104,0.809302708906701,0.09188900592987055,NS
Ag00001aa104572_T002,0.15055967657538138,1,-0,NS
Ag00001aa063927_T001,-0.17788172527065546,0.950986954622055,0.021825440554189463,NS
Ag00001aa122345_T001,0.18903382439001687,1,-0,NS
Ag00001aa006969_T001,-0.6803820657998387,1,-0,NS
Ag00001aa109480_T001,-0.7297700927620023,0.568815863798163,0.24502829999992992,NS
Ag00001aa011707_T001,-0.27578631324264175,1,-0,NS
Ag00001aa043624_T001,-0.3714596807372396,1,-0,NS
Ag00001aa134909_T001,-0.3093594213843066,1,-0,NS
Ag00001aa045644_T001,0.14925936549962288,1,-0,NS
Ag00001aa025240_T001,-0.7933567760166047,0.131247443558239,0.8819091470409599,NS
Ag00001aa075097_T001,-1.577766999316952,0.155105599377638,0.8093725236891957,NS
Ag00001aa028489_T001,-0.0188780102056894,1,-0,NS
Ag00001aa002297_T001,-0.20922796213800007,0.389766789213049,0.4091951684918071,NS
Ag00001aa007075_T001,0.552868871011303,0.198056846685052,0.7032101397472353,NS
Ag00001aa067312_T001,-0.5043048373759312,0.34423679149694,0.46314271480392283,NS
Ag00001aa005129_T002,-0.5187010584524349,0.164974721994809,0.782582594811405,NS
Ag00001aa099500_T005,0.15315678806142052,1,-0,NS
Ag00001aa009238_T001,-0.33097323449036925,1,-0,NS
Ag00001aa029925_T001,-0.010134377133713174,1,-0,NS
Ag00001aa084390_T002,0.14925936549962288,1,-0,NS
Ag00001aa092808_T001,0.2974849157105747,1,-0,NS
Ag00001aa126188_T002,-1.0588936890535685,0.646430786481643,0.18947796832148875,NS
Ag00001aa140070_T001,0.1775989293277334,1,-0,NS
Ag00001aa026896_T001,-0.07704103576382801,1,-0,NS
Ag00001aa055731_T001,0.01006368334469748,1,-0,NS
Ag00001aa077873_T001,0.5983652053236446,0.970698601758913,0.012915595954147123,NS
Ag00001aa067063_T001,-0.2863041851566411,1,-0,NS
Ag00001aa078503_T001,-0.3455644591546006,1,-0,NS
Ag00001aa010183_T001,-2.0469210473874924,0.0331778824342643,1.479151336107364,Down
Ag00001aa104949_T001,-0.27753397552890896,1,-0,NS
Ag00001aa030945_T004,-0.3603047666004178,0.0168476394418575,1.7734609404420207,NS
Ag00001aa047973_T001,0.24488705912353448,1,-0,NS
Ag00001aa155387_T001,-0.24982229440694284,1,-0,NS
Ag00001aa028067_T001,-0.4699292577749161,1,-0,NS
Ag00001aa122208_T001,0.04684025420297235,1,-0,NS
Ag00001aa048304_T001,1.6406209280356976,0.528021073832691,0.27734874400669857,NS
Ag00001aa054371_T001,0.09491164702546698,1,-0,NS
Ag00001aa003218_T001,-0.24127043154213734,0.135857197728313,0.8669173476702275,NS
Ag00001aa156503_T001,0.9515877948147541,0.385558832174547,0.4139093438405245,NS
Ag00001aa007628_T001,0.06901467791518046,1,-0,NS
Ag00001aa071011_T001,-0.7013416844354848,0.203720572437936,0.6909651121626199,NS
Ag00001aa155985_T001,0.25701061820602394,1,-0,NS
Ag00001aa032565_T001,-0.16165326347876927,0.603802953192246,0.21910476717916827,NS
Ag00001aa076213_T001,-0.18770715512672886,1,-0,NS
Ag00001aa002786_T001,0.01006368334469748,1,-0,NS
Ag00001aa094840_T002,-0.11872693857075141,1,-0,NS
Ag00001aa001266_T001,0.07724299893246035,1,-0,NS
Ag00001aa129302_T001,-0.5458241068141979,0.207337601566967,0.683321929588805,NS
Ag00001aa152046_T001,-0.2880646430210785,1,-0,NS
Ag00001aa091749_T001,-0.24982229440694284,1,-0,NS
Ag00001aa122693_T002,-0.43245455235625324,0.716671298812541,0.14467998776839483,NS
Ag00001aa027903_T001,-0.6082322800440033,0.542483431741391,0.265613521282508,NS
Ag00001aa026010_T001,-0.42275246440684927,0.323995533778365,0.4894609764254246,NS
Ag00001aa088747_T001,0.358396261956654,1,-0,NS
Ag00001aa122425_T001,-0.6214883767462701,1,-0,NS
Ag00001aa045453_T001,0.1190241031422746,1,-0,NS
Ag00001aa010858_T002,-0.3733272473940066,0.297713833192291,0.5262009855094582,NS
Ag00001aa023800_T001,0.19660704409481772,1,-0,NS
Ag00001aa091088_T001,0.14143279092929553,1,-0,NS
Ag00001aa084587_T001,0.5230600617952494,0.209914365819678,0.6779578387748099,NS
Ag00001aa000564_T001,1.0717626693000912,1,-0,NS
Ag00001aa010770_T001,-0.10935875603655623,1,-0,NS
Ag00001aa128404_T001,-0.23616354110904858,1,-0,NS
Ag00001aa145017_T002,-0.18606492951868298,1,-0,NS
Ag00001aa022714_T001,-0.2293823533437969,1,-0,NS
Ag00001aa081880_T001,-0.7784322114615907,0.091160539639966,1.0401931126056838,NS
Ag00001aa150196_T001,-0.9213901653036335,0.645314012978581,0.19022890409604215,NS
Ag00001aa063217_T002,-0.9351171484151456,0.0396235463650439,1.402046657069967,NS
Ag00001aa147948_T001,-0.9517638143471524,0.211796106405585,0.6740820280911977,NS
Ag00001aa028070_T001,0.26423615104354714,1,-0,NS
Ag00001aa026979_T002,-0.1975999598851607,1,-0,NS
Ag00001aa151368_T001,1.8122928448732711,0.0308946152919977,1.5101172083666317,Up
Ag00001aa034236_T001,0.3917677199559967,0.617118057792626,0.20963174529692202,NS
Ag00001aa005728_T001,-0.024736678321506448,1,-0,NS
Ag00001aa002401_T001,-0.41311518714781525,1,-0,NS
Ag00001aa073060_T001,-0.588573754273535,0.393467564055257,0.4050910633873307,NS
Ag00001aa055447_T001,-0.12973392960401728,1,-0,NS
Ag00001aa030332_T001,-0.16974467583231706,1,-0,NS
Ag00001aa146564_T001,0.6313371441274813,1,-0,NS
Ag00001aa004069_T001,0.9320611713434245,0.490077980408273,0.309734810243979,NS
Ag00001aa006571_T003,-0.37519723474705274,0.0981348988354823,1.0081765208933144,NS
Ag00001aa119023_T001,-0.3695945285176767,0.285158485849541,0.5449136999940281,NS
Ag00001aa001040_T001,-0.3714596807372396,0.811612928947698,0.09065104329724419,NS
Ag00001aa008998_T001,-0.6438561897747247,0.538296887752728,0.2689781311182224,NS
Ag00001aa092520_T001,-0.8651219456568883,0.0279752763468549,1.5532256147076946,NS
Ag00001aa030800_T001,-0.4659383975788817,0.483953154371431,0.3151966750965451,NS
Ag00001aa055073_T001,-0.189351252217354,1,-0,NS
Ag00001aa016230_T003,-0.131313234677865,1,-0,NS
Ag00001aa092590_T001,-0.15521264992094005,1,-0,NS
Ag00001aa009799_T002,0.005759269288684953,1,-0,NS
Ag00001aa017597_T001,-0.3959286763311392,0.109305351652095,0.9613585742252644,NS
Ag00001aa010914_T001,0.4719677876615157,1,-0,NS
Ag00001aa004490_T001,-0.18606492951868298,1,-0,NS
Ag00001aa005950_T001,0.12432813500220177,1,-0,NS
Ag00001aa157619_T001,0.037030730944967026,1,-0,NS
Ag00001aa017907_T002,0.35952117042759535,0.831602838364265,0.08008403703677544,NS
Ag00001aa148452_T001,-1.3400754415976217,0.0304682448104863,1.5161525635349948,Down
Ag00001aa013053_T001,-0.4619585466663364,0.280960394520425,0.5513548959436837,NS
Ag00001aa108337_T002,-0.8416629728328994,1,-0,NS
Ag00001aa012228_T001,-0.2293823533437969,1,-0,NS
Ag00001aa108211_T001,-1.2688167584278,0.0462632683645054,1.3347636888475225,Down
Ag00001aa012686_T001,-1.6438561897747246,0.118511160353123,0.9262407496407828,NS
Ag00001aa000553_T001,0.06212171190779749,1,-0,NS
Ag00001aa122652_T001,0.32423456227053127,1,-0,NS
Ag00001aa045441_T001,0.3115031154682697,1,-0,NS
Ag00001aa052620_T002,0.04264433740849372,1,-0,NS
Ag00001aa135253_T001,0.32768736417604716,0.874921602243326,0.058030860393117736,NS
Ag00001aa031557_T002,-0.1504009888485484,1,-0,NS
Ag00001aa078897_T001,-0.8598757760909294,0.129321172872967,0.8883303652269858,NS
Ag00001aa028316_T001,-0.23956612532988847,1,-0,NS
Ag00001aa089464_T001,0.09895848008816877,1,-0,NS
Ag00001aa015438_T001,-1.1202942337177118,0.0536254453114337,1.270629088364415,NS
Ag00001aa028606_T001,-0.34190279464862844,0.416840119016529,0.38003048877521806,NS
Ag00001aa032414_T002,-0.7514651638613213,0.054481163605303,1.2637536253616886,NS
Ag00001aa025420_T001,-0.3219280948873623,1,-0,NS
Ag00001aa047656_T001,0.07860983469636647,1,-0,NS
Ag00001aa016574_T002,-0.25325728422226385,1,-0,NS
Ag00001aa149693_T001,-1.4461480318188742,1,-0,NS
Ag00001aa148576_T002,-0.42856588412349084,0.372216567010805,0.4292043007343991,NS
Ag00001aa009414_T002,0.36848900064510354,1,-0,NS
Ag00001aa055069_T001,0.31266517355839435,1,-0,NS
Ag00001aa006059_T003,0.21288056634438476,1,-0,NS
Ag00001aa088624_T001,0.36513259345252996,1,-0,NS
Ag00001aa023683_T001,-0.5269924320838263,1,-0,NS
Ag00001aa048040_T001,0.38183708390604737,0.721902141084622,0.14152167011371625,NS
Ag00001aa028059_T001,-0.45600928033515,0.776789945168407,0.10969640460640968,NS
Ag00001aa129550_T001,-0.588573754273535,0.533908371169981,0.27253326976874653,NS
Ag00001aa001580_T002,-0.3978282092466207,0.431335916889251,0.3651843771024713,NS
Ag00001aa026603_T001,-0.3695945285176767,0.385830616123182,0.41360331353558155,NS
Ag00001aa157627_T001,-0.31114825613411956,0.705210699652691,0.151681107086172,NS
Ag00001aa005059_T001,0.45206823022381093,0.633105601956043,0.19852384366091128,NS
Ag00001aa046150_T002,-0.7734914701913203,0.0670897012769934,1.1733441418555692,NS
Ag00001aa088576_T001,-0.18606492951868298,0.700347107463094,0.15468666071010914,NS
Ag00001aa029936_T001,-0.15521264992094005,1,-0,NS
Ag00001aa026750_T001,-0.16812275880832692,1,-0,NS
Ag00001aa136773_T001,0.24123003551544533,1,-0,NS
Ag00001aa122336_T001,-1.0291463456595165,0.359882241640099,0.4438395830442056,NS
Ag00001aa005936_T001,-1.5994620704162712,1,-0,NS
Ag00001aa053717_T002,0.007195501404203766,1,-0,NS
Ag00001aa035294_T001,-0.7466157641999255,0.02272556370716,1.643485335306318,NS
Ag00001aa012519_T001,-0.8943219221054628,0.1388365614373,0.8574961510313013,NS
Ag00001aa079389_T001,-0.3695945285176767,1,-0,NS
Ag00001aa082410_T001,-0.189351252217354,1,-0,NS
Ag00001aa149292_T001,-0.44418384493836033,0.905518044905518,0.04310289076703197,NS
Ag00001aa020735_T001,-0.9132162338579334,0.0492752259452115,1.3073713756424594,NS
Ag00001aa015223_T003,0.007195501404203766,1,-0,NS
Ag00001aa056845_T001,0.6116445433736617,0.0839897267861321,1.0757738314731624,NS
Ag00001aa034381_T001,-0.10780328953451485,1,-0,NS
Ag00001aa039706_T001,-1.139235797371172,0.203036164283361,0.6924265997721523,NS
Ag00001aa137774_T001,-0.2915920165164037,1,-0,NS
Ag00001aa095558_T003,0.09491164702546698,1,-0,NS
Ag00001aa116526_T001,0.5538519681811257,1,-0,NS
Ag00001aa150306_T001,-0.08008791132269193,1,-0,NS
Ag00001aa101203_T001,-0.4422223286050742,1,-0,NS
Ag00001aa139974_T002,-0.5290727425248735,0.145245691982657,0.8378967400109955,NS
Ag00001aa066481_T001,-0.19429481516148867,0.84952708716135,0.07082276909963445,NS
Ag00001aa031279_T002,0.021479727410451392,1,-0,NS
Ag00001aa029125_T001,-0.24297675349254041,1,-0,NS
Ag00001aa092237_T001,-0.77595972578207,0.190360636612281,0.7204228514844461,NS
Ag00001aa120445_T001,1.3851548968843437,0.0265517337684306,1.5759071152047992,Up
Ag00001aa005953_T001,-0.23446525363702297,0.951860424318413,0.02142672954869286,NS
Ag00001aa083567_T001,-0.4739311883324124,0.964062228116787,0.01589493242962977,NS
Ag00001aa073038_T001,-0.2009126939259964,1,-0,NS
Ag00001aa026548_T001,-0.10624949827943407,1,-0,NS
Ag00001aa125664_T001,0.19408705211630226,1,-0,NS
Ag00001aa096400_T001,-0.9885043611621706,0.298273798462667,0.5253848950886998,NS
Ag00001aa042912_T001,-0.4981787345790897,0.457715539237224,0.3394043432195826,NS
Ag00001aa053776_T002,-0.7107557148433575,0.885266765880673,0.05292583948031695,NS
Ag00001aa028884_T001,0.5646220524369807,0.207337601566967,0.683321929588805,NS
Ag00001aa070621_T001,0.6744606515602588,1,-0,NS
Ag00001aa056699_T002,-0.12658049656514306,1,-0,NS
Ag00001aa041955_T001,-0.3022261804448139,1,-0,NS
Ag00001aa016226_T002,0.25338423580007446,1,-0,NS
Ag00001aa112288_T001,-0.41888982477445036,0.276296935261277,0.5586239323346566,NS
Ag00001aa123282_T001,-0.21256753548313206,1,-0,NS
Ag00001aa131525_T002,-0.4150374992788438,0.176636666685396,0.7529191394547341,NS
Ag00001aa050939_T001,-0.23446525363702297,0.31896000389764,0.49626377203865313,NS
Ag00001aa151170_T001,-0.44418384493836033,1,-0,NS
Ag00001aa014630_T002,0.8929738152733337,1,-0,NS
Ag00001aa013422_T001,-0.8442507673220552,0.587500002810985,0.2309921269782767,NS
Ag00001aa101269_T001,-0.6192705514964515,0.938503378968272,0.0275641594148956,NS
Ag00001aa068858_T002,-0.5311560570253625,0.750916678040316,0.12440824977992998,NS
Ag00001aa107437_T001,-1.3075728019102921,0.169603182250788,0.7705660033706276,NS
Ag00001aa111979_T001,-0.41311518714781525,0.254565973523322,0.5941996466314263,NS
Ag00001aa063469_T001,0.6050201530624095,1,-0,NS
Ag00001aa039261_T001,0.06350294230615795,1,-0,NS
Ag00001aa009677_T001,-0.010134377133713174,1,-0,NS
Ag00001aa013100_T001,-0.33097323449036925,0.835550991670721,0.07802704101240544,NS
Ag00001aa006881_T002,-0.3733272473940066,1,-0,NS
Ag00001aa008534_T001,-0.6711635357704601,1,-0,NS
Ag00001aa042369_T001,-0.5269924320838263,1,-0,NS
Ag00001aa096933_T001,-0.8236772273595371,0.225095140436502,0.6476338808519589,NS
Ag00001aa035973_T003,0.26183165875213665,1,-0,NS
Ag00001aa121631_T002,0.34255474547732023,0.82886929446065,0.08151394854491344,NS
Ag00001aa017981_T001,0.57918014812715,0.613378865398208,0.21227119216028822,NS
Ag00001aa106762_T002,-0.3219280948873623,1,-0,NS
Ag00001aa121708_T001,-0.6506347224057867,0.367383078140458,0.43488085140383886,NS
Ag00001aa002930_T001,-0.06793882865657556,1,-0,NS
Ag00001aa009580_T001,0.070389327891398,1,-0,NS
Ag00001aa010843_T001,-0.744197163397282,1,-0,NS
Ag00001aa072345_T001,-0.9241251330248723,0.215393979935466,0.666766439001564,NS
Ag00001aa014161_T001,-0.3677317845004871,1,-0,NS
Ag00001aa001550_T001,-0.5929192245494992,0.630542915102756,0.20028534976012471,NS
Ag00001aa022028_T001,0.35275852504063665,1,-0,NS
Ag00001aa043921_T002,-0.24982229440694284,1,-0,NS
Ag00001aa077303_T001,-0.42856588412349084,0.294227371448008,0.531316928087453,NS
Ag00001aa016014_T001,0.1826922975161903,1,-0,NS
Ag00001aa139155_T001,-0.09080293700831261,1,-0,NS
Ag00001aa003498_T001,0.4059923596758368,1,-0,NS
Ag00001aa042377_T001,0.36848900064510354,1,-0,NS
Ag00001aa006747_T001,0.10701824988212043,1,-0,NS
Ag00001aa071003_T001,-0.4422223286050742,0.651585535919187,0.18602856484880068,NS
Ag00001aa089381_T001,-0.5104570643575265,0.469771274033523,0.32811354334843545,NS
Ag00001aa132359_T001,-0.13606154957602837,1,-0,NS
Ag00001aa079490_T002,-0.21759143507262677,0.600905662941135,0.22119370317182105,NS
Ag00001aa001206_T001,-0.3677317845004871,0.473525487058337,0.32465664054475385,NS
Ag00001aa145974_T001,1.844385653002571,0.975568598017062,0.010742187373678453,NS
Ag00001aa010234_T001,0.3628906426658603,1,-0,NS
Ag00001aa156366_T001,-0.6529013293777317,0.37682385804917,0.4238616082913482,NS
Ag00001aa031526_T001,-0.3237325917341102,1,-0,NS
Ag00001aa064895_T001,-0.27753397552890896,0.801138131223856,0.09629259695404696,NS
Ag00001aa022954_T002,-0.03948828988097554,1,-0,NS
Ag00001aa031277_T001,0.11769504266975457,1,-0,NS
Ag00001aa142506_T001,-0.17788172527065546,0.936106998031465,0.028674508100751492,NS
Ag00001aa005647_T001,-0.6757654377294687,1,-0,NS
Ag00001aa090489_T002,-1.139235797371172,0.0165152325061983,1.7821153078067697,Down
Ag00001aa128197_T001,-0.16974467583231706,1,-0,NS
Ag00001aa009860_T001,-0.7154858667557547,0.0850361035584507,1.0703966478477955,NS
Ag00001aa022037_T001,-0.5332423842738286,0.0812669725677865,1.0900859186844079,NS
Ag00001aa090792_T003,-0.5542732966500158,0.528021073832691,0.27734874400669857,NS
Ag00001aa100439_T001,-0.4481148965282752,0.223836278456486,0.6500695234528919,NS
Ag00001aa064700_T002,0.11103131238874395,1,-0,NS
Ag00001aa016305_T001,-0.6371093573341396,0.931231434340841,0.030942372545609897,NS
Ag00001aa016477_T001,-0.3714596807372396,0.372216567010805,0.4292043007343991,NS
Ag00001aa030765_T002,-0.16004041251046824,1,-0,NS
Ag00001aa050033_T001,-1.0203404482841756,0.378424030784958,0.42202129270912614,NS
Ag00001aa143255_T004,0.4915965944104482,0.0872677529291574,1.0591462066049693,NS
Ag00001aa024956_T001,-0.8677522017015602,0.144813975840992,0.8391895228230805,NS
Ag00001aa057024_T001,-0.06642736173897607,1,-0,NS
Ag00001aa069600_T002,-0.11091590140185059,1,-0,NS
Ag00001aa005748_T005,-0.18606492951868298,0.779051365125527,0.10843390708332738,NS
Ag00001aa134055_T001,-0.09080293700831261,1,-0,NS
Ag00001aa116233_T001,-0.1456053222468993,1,-0,NS
Ag00001aa094126_T001,-0.3547594873547347,1,-0,NS
Ag00001aa089435_T001,0.11370049916472831,1,-0,NS
Ag00001aa121033_T001,-0.17462139610706873,1,-0,NS
Ag00001aa073393_T001,0.5099491463043107,1,-0,NS
Ag00001aa099143_T001,-0.06642736173897607,1,-0,NS
Ag00001aa139595_T001,0.27381424458703657,0.964062228116787,0.01589493242962977,NS
Ag00001aa065324_T001,0.12432813500220177,1,-0,NS
Ag00001aa091460_T004,-0.005782352594006111,1,-0,NS
Ag00001aa007017_T001,0.24123003551544533,1,-0,NS
Ag00001aa010744_T003,-0.6529013293777317,1,-0,NS
Ag00001aa011971_T001,-0.19264507794239588,1,-0,NS
Ag00001aa032902_T001,-0.1124747292584125,1,-0,NS
Ag00001aa107417_T001,0.1928254035523912,1,-0,NS
Ag00001aa017635_T001,-0.3273483706716152,1,-0,NS
Ag00001aa091054_T003,-0.8236772273595371,0.0165152325061983,1.7821153078067697,NS
Ag00001aa026466_T001,-1.0831412353002459,0.0186674028644343,1.728916099838996,Down
Ag00001aa085259_T001,-0.40354186044101437,0.83965036114412706,0.07590152088636248,NS
Ag00001aa094256_T001,0.21288056634438476,1,-0,NS
Ag00001aa101477_T001,-0.5228407888133588,1,-0,NS
Ag00001aa016551_T001,0.49057013044620146,1,-0,NS
Ag00001aa067257_T002,-0.3959286763311392,0.248840922093142,0.6040781980253116,NS
Ag00001aa008032_T001,0.09491164702546698,1,-0,NS
Ag00001aa067589_T001,0.32077347694587044,1,-0,NS
Ag00001aa105680_T002,0.16735792773851413,1,-0,NS
Ag00001aa069672_T001,-0.5542732966500158,0.260533546835256,0.5841363481133385,NS
Ag00001aa105819_T001,0.10433665981473553,1,-0,NS
Ag00001aa090888_T002,0.503857532577429,1,-0,NS
Ag00001aa013360_T001,0.9160944229383583,0.84952708716135,0.07082276909963445,NS
Ag00001aa004081_T001,0.17887395816979515,1,-0,NS
Ag00001aa000427_T001,-0.27753397552890896,1,-0,NS
Ag00001aa079224_T002,0.27738969881086384,1,-0,NS
Ag00001aa079258_T002,-0.7226103011891362,0.798625464100395,0.09765684648079968,NS
Ag00001aa002657_T001,-1.1202942337177118,1,-0,NS
Ag00001aa041830_T001,-0.12186323337305248,0.803829510599622,0.09483605381042892,NS
Ag00001aa070723_T001,-0.21424022557298894,1,-0,NS
Ag00001aa008911_T001,-0.004334590263891128,1,-0,NS
Ag00001aa017317_T001,-0.2722973271627619,0.581648429045138,0.23533944054062217,NS
Ag00001aa028003_T001,-0.6803820657998387,0.0940093326188695,1.026829030403626,NS
Ag00001aa035976_T001,0.2351143203763572,1,-0,NS
Ag00001aa018035_T001,0.20664322398339532,1,-0,NS
Ag00001aa066365_T001,1.6073895000243985,1,-0,NS
Ag00001aa015457_T001,-0.33642766458247736,1,-0,NS
Ag00001aa002730_T001,-0.14082554413356455,1,-0,NS
Ag00001aa032775_T001,0.26183165875213665,1,-0,NS
Ag00001aa088568_T001,0.056583528366367514,1,-0,NS
Ag00001aa005548_T001,-0.055891200892045155,1,-0,NS
Ag00001aa095737_T001,-0.23276896297612443,1,-0,NS
Ag00001aa077159_T001,0.20664322398339532,0.835550991670721,0.07802704101240544,NS
Ag00001aa013246_T001,2.211012193485512,0.00304071514762568,2.5170242623973587,Up
Ag00001aa069259_T001,0.02431967919541289,1,-0,NS
Ag00001aa124113_T003,0.3115031154682697,1,-0,NS
Ag00001aa145180_T002,-0.3400754415976217,1,-0,NS
Ag00001aa094965_T001,-1.0862010350493039,0.263845280653544,0.5786506695537674,NS
Ag00001aa001723_T001,-0.6506347224057867,0.0140111000777896,1.8535277648600008,NS
Ag00001aa024173_T001,-1.3959286763311392,0.230986876472025,0.6364126938640788,NS
Ag00001aa115087_T001,-0.4719288354212646,1,-0,NS
Ag00001aa054004_T001,-0.024736678321506448,1,-0,NS
Ag00001aa087323_T002,-0.17136841831198107,1,-0,NS
Ag00001aa042002_T002,-0.02326977932284719,1,-0,NS
Ag00001aa034216_T001,-0.3004483674769107,1,-0,NS
Ag00001aa052150_T001,-0.8783214434117476,0.318791097222112,0.49649381551086286,NS
Ag00001aa040693_T001,0.13224779829843977,1,-0,NS
Ag00001aa064743_T002,0.9206744110416182,0.776305175311402,0.10996751856195726,NS
Ag00001aa095228_T001,0.21163525332714944,1,-0,NS
Ag00001aa110868_T001,-0.6303939299681621,0.0867541285530543,1.0617098483509768,NS
Ag00001aa096191_T001,-0.06642736173897607,1,-0,NS
Ag00001aa010417_T001,-0.5585165204173551,0.572289666402273,0.24238409589658774,NS
Ag00001aa140999_T001,-0.195946441032647,1,-0,NS
Ag00001aa157053_T002,0.5290712998291112,0.317537503040109,0.49820497461918806,NS
Ag00001aa032468_T001,0.3807294485035485,0.884934800204294,0.053088725861037474,NS
Ag00001aa055677_T001,0.022900402110078828,1,-0,NS
Ag00001aa044986_T001,-0.21256753548313206,1,-0,NS
Ag00001aa009823_T001,0.44678556214312243,0.0536254453114337,1.270629088364415,NS
Ag00001aa042052_T001,-0.3057883922321094,0.783789503437232,0.10580055692044939,NS
Ag00001aa079508_T002,0.4404207207567671,0.387273035287788,0.4119827406421098,NS
Ag00001aa004564_T002,-0.6281623826695795,0.928810080693659,0.032073079697269115,NS
Ag00001aa096337_T001,-0.195946441032647,1,-0,NS
Ag00001aa090582_T002,-0.6214883767462701,0.836132399437749,0.0777249476896146,NS
Ag00001aa042471_T002,0.12829340100981756,1,-0,NS
Ag00001aa109740_T001,-0.1250063610670326,1,-0,NS
Ag00001aa003117_T001,-0.07704103576382801,1,-0,NS
Ag00001aa004140_T001,-0.5713215900517699,1,-0,NS
Ag00001aa082267_T002,0.6861643260613592,0.27082488298803,0.5673114358216981,NS
Ag00001aa091254_T001,0.14404636961670686,1,-0,NS
Ag00001aa100639_T002,-0.4073635713934228,0.705421604377863,0.1515512436784359,NS
Ag00001aa082203_T001,-0.2549778509627355,1,-0,NS
Ag00001aa098798_T001,0.40490312214513074,0.835550991670721,0.07802704101240544,NS
Ag00001aa071426_T001,-0.4461480318188743,1,-0,NS
Ag00001aa100208_T002,-0.40354186044101437,0.579153940334171,0.23720598454246436,NS
Ag00001aa067360_T003,-0.1376478004679799,1,-0,NS
Ag00001aa033434_T001,0.029982866215714315,1,-0,NS
Ag00001aa009859_T001,-0.5649048483799026,1,-0,NS
Ag00001aa021817_T002,-0.6919886854478224,0.204179867189026,0.6899870830119365,NS
Ag00001aa026700_T001,0.05380644369579382,1,-0,NS
Ag00001aa118638_T002,-0.9406447223835788,0.58241367388958,0.23476843722338753,NS
Ag00001aa014580_T002,-1.1140352432460294,0.057243794718657,1.2422715843681014,NS
Ag00001aa012639_T001,1.0690146779151806,0.00291611701393605,2.535195053232276,Up
Ag00001aa075953_T002,-0.4520566887096497,0.21366721467054,0.6702621113408463,NS
Ag00001aa113972_T001,-0.4799549759601824,0.107914916672651,0.9669185202765936,NS
Ag00001aa101708_T001,-0.09234017214671059,1,-0,NS
Ag00001aa090042_T001,-0.7710274302398392,0.177996976724575,0.7495873741123692,NS
Ag00001aa091215_T002,0.8196681834964555,0.208669121511289,0.6805418123117778,NS
Ag00001aa129063_T003,0.12697285625776553,1,-0,NS
Ag00001aa088166_T001,-0.048412205185245895,1,-0,NS
Ag00001aa127144_T001,0.12829340100981756,1,-0,NS
Ag00001aa031275_T001,0.020057652341253476,1,-0,NS
Ag00001aa112390_T001,-0.31293931166010763,1,-0,NS
Ag00001aa029384_T001,-0.25842515258120435,1,-0,NS
Ag00001aa044595_T001,0.2809563138310563,1,-0,NS
Ag00001aa051538_T001,-0.641603738043346,0.302307559473315,0.5195509927609894,NS
Ag00001aa146756_T001,-0.42275246440684927,1,-0,NS
Ag00001aa113885_T001,1.2678353920976149,0.890720972290934,0.05025832197081181,NS
Ag00001aa007429_T001,-0.21926996352362352,1,-0,NS
Ag00001aa124422_T002,-0.2705559931663367,1,-0,NS
Ag00001aa023453_T002,-0.4363537305159361,0.764017957451203,0.11689643366211872,NS
Ag00001aa129051_T001,-0.6620035364849841,1,-0,NS
Ag00001aa041329_T003,-0.520769438793664,0.288328475491468,0.540112464312728,NS
Ag00001aa088663_T001,-0.2636115992965395,0.466415297548612,0.331227213969458,NS
Ag00001aa129172_T002,-0.265344566520995,1,-0,NS
Ag00001aa091946_T002,-0.7908586021614084,0.456935170577879,0.34014541274743865,NS
Ag00001aa114677_T001,-0.2670796178917426,1,-0,NS
Ag00001aa020708_T001,0.18142064028014165,1,-0,NS
Ag00001aa023841_T003,0.29865831556451516,1,-0,NS
Ag00001aa095413_T001,-0.6126374591640045,0.20191285058044,0.694836039854907,NS
Ag00001aa010743_T001,-0.5332423842738286,0.308563433519872,0.5106555415310556,NS
Ag00001aa009761_T001,0.17376706773670636,1,-0,NS
Ag00001aa013161_T001,-0.1568201097428258,1,-0,NS
Ag00001aa029530_T001,0.14925936549962288,1,-0,NS
Ag00001aa007478_T002,-0.055891200892045155,1,-0,NS
Ag00001aa103642_T001,0.7013272574129406,0.964062228116787,0.01589493242962977,NS
Ag00001aa074747_T001,0.41575866652249804,0.791345115635302,0.10163407386187065,NS
Ag00001aa053556_T001,0.06901467791518046,1,-0,NS
Ag00001aa155582_T001,-0.720231578406405,1,-0,NS
Ag00001aa014963_T002,0.8455904088478547,1,-0,NS
Ag00001aa003407_T001,-0.16650266314016504,1,-0,NS
Ag00001aa035949_T001,0.18523225423016085,1,-0,NS
Ag00001aa008978_T001,-0.862496476250065,0.578188658406255,0.23793043158595706,NS
Ag00001aa064470_T001,-0.47794425083903574,0.476954444874003,0.3215230995440349,NS
Ag00001aa041523_T001,-0.12029423371771177,1,-0,NS
Ag00001aa043392_T003,-0.3040061868900999,1,-0,NS
Ag00001aa041534_T001,-0.3183258582071667,1,-0,NS
Ag00001aa093381_T004,-0.23276896297612443,1,-0,NS
Ag00001aa027334_T001,0.6906405786156934,0.538873281756451,0.26851334892094875,NS
Ag00001aa016396_T001,-0.05739166388833668,1,-0,NS
Ag00001aa008049_T001,-0.7466157641999255,0.0347129590782682,1.4595083636668853,NS
Ag00001aa105878_T001,-0.7908586021614084,1,-0,NS
Ag00001aa138480_T001,-0.8703872618695304,0.0135816208813121,1.8670483966385367,NS
Ag00001aa098377_T001,-1.043943347587597,0.0211541017832909,1.6746054103630315,Down
Ag00001aa054916_T001,-0.7514651638613213,0.0223282346505309,1.6511456124341843,NS
Ag00001aa127126_T001,0.7857597744270111,0.504576467634617,0.29707300791029345,NS
Ag00001aa003048_T002,-0.7297700927620023,0.413361407977148,0.38367007218122423,NS
Ag00001aa008184_T002,0.5538519681811257,0.0248303385090419,1.6050173597202297,NS
Ag00001aa036396_T001,-0.28454587288428235,1,-0,NS
Ag00001aa004801_T001,-0.7809089417538033,0.00930750702063028,2.0311666275221576,NS
Ag00001aa005116_T001,0.08678376614206665,1,-0,NS
Ag00001aa019743_T001,-1.0320936297098533,0.0104149713761719,1.982341919301226,Down
Ag00001aa072788_T002,-0.08314123530024586,1,-0,NS
Ag00001aa073129_T001,0.4761224198801521,1,-0,NS
Ag00001aa132492_T001,-0.5290727425248735,1,-0,NS
Ag00001aa108052_T001,1.3351402063142135,0.156752615555523,0.8047852038506509,NS
Ag00001aa115494_T001,-0.5084034055895519,0.378206372895321,0.42227115743187515,NS
Ag00001aa029435_T001,0.15574923267794485,1,-0,NS
Ag00001aa062576_T001,-0.33097323449036925,1,-0,NS
Ag00001aa054102_T001,-0.14880066140670606,1,-0,NS
Ag00001aa117904_T001,-0.14880066140670606,1,-0,NS
Ag00001aa008102_T001,-0.38270151715915357,1,-0,NS
Ag00001aa090219_T001,0.37740143078579397,1,-0,NS
Ag00001aa009205_T002,-0.23616354110904858,0.591808220481157,0.22781900658868462,NS
Ag00001aa020092_T001,0.18650055764449475,1,-0,NS
Ag00001aa042043_T002,-0.14720210718122878,1,-0,NS
Ag00001aa016444_T001,-0.962969269055033,0.390801401401852,0.4080438875837661,NS
Ag00001aa023248_T001,0.25338423580007446,1,-0,NS
Ag00001aa043060_T001,0.057970068637329945,1,-0,NS
Ag00001aa029808_T003,-0.45997273074249273,0.476758360670554,0.32170168221221584,NS
Ag00001aa030680_T001,0.41792000781196526,0.501644484839789,0.29960395809477425,NS
Ag00001aa003779_T002,-0.2863041851566411,0.681601022199166,0.16646976692808707,NS
Ag00001aa026355_T001,0.8929738152733337,0.20191285058044,0.694836039854907,NS
Ag00001aa118229_T001,1.0962618530584034,0.372971739119668,0.42832407438264414,NS
Ag00001aa129408_T001,0.12829340100981756,1,-0,NS
Ag00001aa036295_T001,-0.641603738043346,0.871736861714413,0.05961458932385817,NS
Ag00001aa008224_T001,-0.4719288354212646,0.279309209072128,0.5539147449890228,NS
Ag00001aa061797_T001,0.269033146455237,1,-0,NS
Ag00001aa142355_T001,-0.11872693857075141,1,-0,NS
Ag00001aa013257_T001,-0.055891200892045155,1,-0,NS
Ag00001aa062686_T001,-0.45600928033515,1,-0,NS
Ag00001aa082028_T002,-0.42856588412349084,1,-0,NS
Ag00001aa078892_T001,0.42330923724238684,1,-0,NS
Ag00001aa046393_T001,0.5897634869849773,1,-0,NS
Ag00001aa043654_T002,-0.3584539709124763,1,-0,NS
Ag00001aa003283_T001,-0.0709665213541436,1,-0,NS
Ag00001aa140693_T002,-0.03948828988097554,1,-0,NS
Ag00001aa084539_T001,0.11236652307256315,1,-0,NS
Ag00001aa087808_T001,-0.16326791954086414,1,-0,NS
Ag00001aa091386_T001,0.05380644369579382,1,-0,NS
Ag00001aa001932_T001,-0.2601518973006725,1,-0,NS
Ag00001aa034032_T001,0.3807294485035485,0.686285384820356,0.16349524977530142,NS
Ag00001aa022086_T001,-0.32012585225337686,1,-0,NS
Ag00001aa005789_T001,-0.63486740654747,1,-0,NS
Ag00001aa083903_T001,-1.2827897009804041,0.255314482386865,0.5929245496990339,NS
Ag00001aa068331_T001,-0.44418384493836033,0.505256280049395,0.29648827974467556,NS
Ag00001aa113859_T001,0.2016338611696504,1,-0,NS
Ag00001aa007133_T002,0.5310694927259542,0.987729593630342,0.005361934023418498,NS
Ag00001aa005268_T001,0.2963105607080923,1,-0,NS
Ag00001aa132041_T001,-0.20423305221760774,1,-0,NS
Ag00001aa136803_T002,0.0043216059500934675,1,-0,NS
Ag00001aa117431_T002,-0.0694518807521452,1,-0,NS
Ag00001aa032157_T001,1.258217389536018,0.343559958253718,0.4639974587022896,NS
Ag00001aa040516_T001,-0.6665762662748083,1,-0,NS
Ag00001aa017699_T001,0.2326607567902751,1,-0,NS
Ag00001aa029672_T001,-0.5395195299599892,0.00892797863304662,2.0492468577838543,NS
Ag00001aa027596_T001,-0.2688167584278,1,-0,NS
Ag00001aa108539_T002,0.05102400302446689,1,-0,NS
Ag00001aa118526_T001,1.0572769650732476,0.274055010662044,0.5621622531320729,NS
Ag00001aa066247_T001,-0.38835545662633836,1,-0,NS
Ag00001aa017786_T001,-1.5437195184892747,0.0315334853433296,1.501228024757295,Down
Ag00001aa030020_T001,-0.5416179958439868,1,-0,NS
Ag00001aa092370_T003,-0.189351252217354,1,-0,NS
Ag00001aa039916_T001,-0.732164607902385,0.374823852859717,0.426172779481885,NS
Ag00001aa009621_T001,-0.07400058144377693,1,-0,NS
Ag00001aa100417_T001,-0.8134994423555052,0.21933022345009,0.65890151892352,NS
Ag00001aa028651_T001,1.0356239097307212,0.890558911004605,0.05033734641075194,NS
Ag00001aa124862_T001,0.29865831556451516,1,-0,NS
Ag00001aa015288_T001,-1.1488006614067061,0.0709394467350132,1.1491122029639884,NS
Ag00001aa056185_T001,-0.48398485299633537,1,-0,NS
Ag00001aa051043_T001,-0.048412205185245895,1,-0,NS
Ag00001aa112227_T001,-0.5670405927238937,0.783569059377506,0.10592272123129694,NS
Ag00001aa140249_T001,-0.2293823533437969,1,-0,NS
Ag00001aa039769_T002,0.5743437539200129,0.733355831960551,0.13468524997050152,NS
Ag00001aa147057_T001,-0.09234017214671059,1,-0,NS
Ag00001aa111619_T001,-0.8084373492992444,1,-0,NS
Ag00001aa035500_T001,-0.7563309190331373,0.142015234250056,0.8476650655052612,NS
Ag00001aa053228_T001,-0.7490384264667812,0.0550537497161049,1.2592130958465655,NS
Ag00001aa034051_T001,0.15833702716710066,1,-0,NS
Ag00001aa027791_T001,-0.055891200892045155,1,-0,NS
Ag00001aa052081_T001,0.6544355408453995,0.129628506172894,0.8872994837103492,NS
Ag00001aa031641_T001,-0.11403524324602943,1,-0,NS
Ag00001aa131199_T001,0.060739157857678534,1,-0,NS
Ag00001aa010530_T002,-0.3603047666004178,1,-0,NS
Ag00001aa037664_T001,-0.5563933485243852,0.507687214443909,0.29440377369678783,NS
Ag00001aa106579_T003,0.1401242239090707,1,-0,NS
Ag00001aa091447_T002,-0.09080293700831261,1,-0,NS
Ag00001aa022702_T001,-0.5311560570253625,0.798625464100395,0.09765684648079968,NS
Ag00001aa054836_T001,-0.8262329322632936,0.441147640409643,0.35541603936553273,NS
Ag00001aa135511_T001,1.0107798387532427,0.772992959752429,0.1118244615209959,NS
Ag00001aa106179_T001,-0.17136841831198107,1,-0,NS
Ag00001aa122749_T002,0.12035194036522208,1,-0,NS
Ag00001aa111547_T001,0.03421571533791298,1,-0,NS
Ag00001aa095523_T001,-0.117161344232749,1,-0,NS
Ag00001aa064631_T001,-0.09541956507868243,1,-0,NS
Ag00001aa139153_T001,1.2636354035683293,0.0205314693510957,1.687579968883762,Up
Ag00001aa001984_T001,-0.18606492951868298,1,-0,NS
Ag00001aa024253_T002,-0.4344028241457749,0.326579095688125,0.4860116178781331,NS
Ag00001aa075795_T001,-0.23446525363702297,1,-0,NS
Ag00001aa056330_T001,-0.8572598278839179,0.155278787214628,0.808887869608692,NS
Ag00001aa008863_T002,-0.2108967824986185,1,-0,NS
Ag00001aa005220_T001,-0.5777669993169522,0.0448858046406351,1.3478909850766034,NS
Ag00001aa090240_T001,-0.08314123530024586,1,-0,NS
Ag00001aa008750_T001,-0.08467032398699055,1,-0,NS
Ag00001aa034965_T001,0.511973981781801,0.266077487919694,0.574991868349169,NS
Ag00001aa053812_T001,-0.2863041851566411,1,-0,NS
Ag00001aa146659_T001,0.048236185652847624,1,-0,NS
Ag00001aa078441_T002,0.0172092900322231,1,-0,NS
