protein_id,log2FC_2019,padj_2019,neg_log10padj_2019,DAP_2019,log2FC_2022,padj_2022,neg_log10padj_2022,DAP_2022,mean_log2FC,fisher_combined_padj,neg_log10padj,DAP
Td00001aa000021_T002,-0.510457064357526,0.130268436742722,0.88516079847763,NS,-0.0388362425626015,0.293373749407435,0.532578748698362,NS,-0.2746466534600638,0.26598480062325214,0.5751431798879164,NS
Td00001aa000041_T001,-0.00868224309980088,0.657912005488087,0.181832188584336,NS,0.724855277368514,0.0029533268066275,2.52968849260083,NS,0.3580865171343566,0.033699926950329556,1.4723710405263812,NS
Td00001aa000042_T001,0.618238655595455,0.341692672395724,0.466364334552788,NS,6.3407067428572e-4,0.999154383321993,3.6740201960376e-4,NS,0.30943636313487033,0.8143325811486208,0.08919818889623088,NS
Td00001aa000049_T001,-0.522840788813359,0.0509077450826476,1.2932161392591,NS,-0.345923463955683,0.32368594048772,0.489876164054974,NS,-0.434382126384521,0.1571523055262081,0.8036792432180504,NS
Td00001aa000068_T001,0.133563525741106,0.477597511667863,0.320937944591693,NS,0.2761239767058,0.0355633945468108,1.44899679206099,NS,0.204843751223453,0.15990688703920947,0.7961328311961383,NS
Td00001aa000081_T004,0.523060061795249,0.347379817785383,0.459195416974276,NS,0.567680700608296,0.740951019852107,0.130210499862801,NS,0.5453703812017725,0.7285393844999416,0.13754696550187168,NS
Td00001aa000082_T002,0.6535186707536,0.302916351148056,0.518677283214811,NS,-0.226278579892334,0.983001977416172,0.00744560853605536,NS,0.21362004543063304,0.7733381325183161,0.11163057467390712,NS
Td00001aa000084_T001,-0.209227962138,0.276676968217253,0.558026991897981,NS,-0.0570075153704203,0.627205677741884,0.202590018881001,NS,-0.13311773875421015,0.6098868372067903,0.2147507396381098,NS
Td00001aa000086_T002,0.713695814843359,0.0931877675818175,1.03064109215649,NS,-0.193299662106366,0.515069461917698,0.288134198350417,NS,0.26019807636849646,0.3036328131520099,0.5176512966737744,NS
Td00001aa000108_T001,-0.57132159005177,0.692181881267832,0.159779773097926,NS,-1.08434872725706,2.57911559108549e-6,5.58852919316814,Down,-0.827835158654415,1.3853961872021408e-4,3.8584260119347435,NS
Td00001aa000109_T003,0.321928094887362,0.410004502480129,0.38721137403261,NS,0.34229795626539,0.00211809471038964,2.67405462436075,NS,0.332113025576376,0.018465436658660326,1.7336404179775617,NS
Td00001aa000119_T001,-0.139235797371172,0.586033974039394,0.232077205978255,NS,-0.42810343385404,1.77446473911831e-6,5.75093262621692,NS,-0.283669615612606,8.879727197383283e-5,4.051600376393807,NS
Td00001aa000122_T001,-0.109358756036556,0.569229357030759,0.244712710014864,NS,0.399344910542776,0.24633057658369,0.608481676600307,NS,0.14499307725311,0.5459816868676844,0.2628219240089859,NS
Td00001aa000125_T004,-0.753895990116083,0.328280096318213,0.48375544782567,NS,-1.84101674191573,2.7196890565629e-4,3.56548074623722,Down,-1.2974563660159064,0.003225353841606815,2.4914226335782836,Down
Td00001aa000146_T001,-0.161653263478769,0.128928888499372,0.889649761388352,NS,-0.330746138918579,1.14713221770062e-6,5.94038652271906,NS,-0.24619970119867401,1.769987507668884e-5,4.752029798818767,NS
Td00001aa000149_T001,-0.77595972578207,0.0943110054478743,1.02543762511635,NS,-0.0392842587661265,0.923067439139603,0.0347665683389161,NS,-0.40762199227409823,0.42690025127027603,0.36967358957351343,NS
Td00001aa000157_T001,-0.364013496254377,0.229487662135035,0.639240658321525,NS,-0.296731346815685,6.38487384033232e-5,4.19484767960477,NS,-0.330372421535031,7.562940629824312e-4,3.1213093088648853,NS
Td00001aa000161_T001,-0.330973234490369,0.00535542097466423,2.27120638481574,NS,-0.557405537664952,2.79415894805357e-5,4.55374889231664,NS,-0.4441893860776605,1.7842541389239418e-5,4.7485432871394835,NS
Td00001aa000234_T001,-0.62148837674627,0.00573764133359751,2.24126660347725,NS,-0.415399006816765,1.32159415739753e-8,7.87890188998103,NS,-0.5184436917815175,3.164388253027485e-8,7.499710236361826,NS
Td00001aa000235_T002,-0.217591435072627,0.137658610194552,0.861196619410237,NS,-0.224238363250172,0.0417019117608904,1.37984403499809,NS,-0.2209148991613995,0.0745732103381525,1.1274171603539809,NS
Td00001aa000236_T001,1.47248777146274,0.00677164230814281,2.16930599027109,Up,0.784851620884691,6.76433298249154e-5,4.16977502187571,NS,1.1286696961737155,4.5314279812859345e-5,4.343764917928273,Up
Td00001aa000271_T002,0.13224779829844,0.78097990627386,0.107360139882809,NS,-0.190316687463497,0.583687810724739,0.23381937605811,NS,-0.029034444582528504,0.899660421299062,0.04592138498875069,NS
Td00001aa000272_T006,-0.558516520417355,0.0160176048915723,1.7954024233416,NS,-0.198209532644832,0.0381402458399515,1.41861651195624,NS,-0.3783630265310935,0.014148385098805926,1.8492931278217843,NS
Td00001aa000301_T001,-0.295128035543647,0.385745297447952,0.41369935963903,NS,-0.564606546301548,0.00137369741259613,2.86210891975969,NS,-0.42986729092259757,0.012698341118435975,1.8962530105531643,NS
Td00001aa000336_T002,0.895302621333307,0.00264060412071757,2.57829670332732,NS,0.0489347170757784,0.985214349388235,0.00646927140180758,NS,0.4721186692045427,0.041787418553494514,1.3789544568678733,NS
Td00001aa000346_T001,0.0935601761623378,0.461818050544471,0.33552909632431,NS,0.837177804666903,8.96274491254488e-7,6.04755896379683,NS,0.4653689904146204,4.187655280703836e-5,4.3780290757634575,NS
Td00001aa000350_T001,0.151858816727005,0.302618679629292,0.519104267953471,NS,0.40637912503726,0.302918948029587,0.51867356005335,NS,0.2791189708821325,0.4396510237087973,0.3568919112683895,NS
Td00001aa000354_T001,-0.125006361067033,0.230832723205931,0.636702624890674,NS,0.176336908963959,0.860144899053941,0.0654283818275962,NS,0.025665273948463005,0.6458083283970271,0.1898963585855815,NS
Td00001aa000358_T001,-0.118726938570751,0.246179606017294,0.608747927688245,NS,0.0198500410031945,0.829824238072413,0.0810138841523006,NS,-0.049438448783778254,0.6531810339612273,0.18496643410922992,NS
Td00001aa000380_T001,-0.0320936297098533,0.853549992665621,0.0687710370530825,NS,-0.556066333603921,0.0314698554980348,1.50210525125742,NS,-0.29407998165688715,0.21535407566485285,0.6668469046211107,NS
Td00001aa000422_T001,0.569491091958716,0.0633277029469168,1.19840626462658,NS,-0.0614832741594543,0.94776770710249,0.0232980929209795,NS,0.2540039088996308,0.34530337495028335,0.4617991768920116,NS
Td00001aa000432_T001,0.172487515510134,0.699949734170081,0.154933147066306,NS,0.0244030421248524,0.97723179485618,0.0100024114223442,NS,0.09844527881749321,0.9857199257547417,0.006246464346554957,NS
Td00001aa000433_T001,0.399444564589458,0.0304509077297422,1.51639975668817,NS,0.0818813446988668,0.254881744652804,0.593661268808745,NS,0.24066295464416237,0.09207698270174075,1.0358489206712098,NS
Td00001aa000441_T001,-2.01741705307741,0.00700905780875302,2.15434035806198,Down,-0.213710615463443,0.895518790754636,0.0479252968775626,NS,-1.1155638342704264,0.07924362689946479,1.101035655465935,NS
Td00001aa000442_T001,-0.524915117051217,0.294366779525471,0.531111203447455,NS,-0.0879150490884099,0.828617526399344,0.0816458850154897,NS,-0.30641508306981347,0.7101172348646229,0.14866994670096742,NS
Td00001aa000457_T002,0.10701824988212,0.843811907072907,0.0737543505592886,NS,-0.209805499126742,0.129943766967467,0.886244547533162,NS,-0.05139362462231101,0.48302689998515097,0.31602868252011096,NS
Td00001aa000466_T003,0.482332020747376,0.0488995419043143,1.31069520937046,NS,0.0222720742801992,0.737864973889856,0.132023104924594,NS,0.2523020475137876,0.2569866355960541,0.5900894612515991,NS
Td00001aa000490_T002,-0.192645077942396,0.431235280850399,0.365285715233554,NS,0.247219328208726,0.931262200529441,0.030928024484828,NS,0.027287125133165002,0.8631167878803495,0.06393043614995447,NS
Td00001aa000499_T001,0.00719550140420377,0.853316755365532,0.0688897266615712,NS,-0.280349257554344,0.0191846194873105,1.71704681028897,NS,-0.1365768780750701,0.15657003667394606,0.8052913466985532,NS
Td00001aa000504_T001,-0.199255376063222,0.239778857468213,0.620189113521125,NS,-0.400690038789578,0.00154094355860391,2.81221326824834,NS,-0.2999727074264,0.009775508885277624,2.0098606252041753,NS
Td00001aa000547_T002,-0.0159575739029762,0.781356855511852,0.107150573058039,NS,-0.13744730635333,0.547399444872919,0.261695647351087,NS,-0.0767024401281531,0.8786953157712594,0.05616168876900911,NS
Td00001aa000549_T001,-2.17788172527066,5.27005323550378e-5,4.27818499773456,Down,-1.40470876362206,2.95509571089981e-11,10.5294284484401,Down,-1.7912952444463601,3.204735439222533e-12,11.494207817012,Down
Td00001aa000573_T001,-0.424687669312563,0.00168669726688667,2.77296285879717,NS,-0.100084769156015,0.510315933099464,0.292160871900666,NS,-0.262386219234289,0.01834249400790822,1.7365416141276777,NS
Td00001aa000601_T001,0.393965275660243,0.143481378447581,0.843204459642417,NS,0.63134958582455,9.01187951280346e-7,6.04518462334794,NS,0.5126574307423966,1.5930721246417477e-5,4.797764561534183,NS
Td00001aa000663_T001,-0.00433459026389113,0.614444206552903,0.211517546278394,NS,0.214569408476908,0.770000386949228,0.113509056580931,NS,0.10511740910650844,0.908869837913044,0.04149830899337786,NS
Td00001aa000684_T003,0.77568270173906,2.447145801277e-4,3.61134015455352,NS,0.0740803346735945,0.217140260204899,0.663259646081316,NS,0.42488151820632725,0.0021440592060028604,2.668763226215593,NS
Td00001aa000699_T001,0.364012053558615,0.00800691414994782,2.09653482796889,NS,-0.0039846213014206,0.665403364578395,0.176915007473603,NS,0.18001371612859718,0.07098317928934562,1.1488445527920703,NS
Td00001aa000706_T002,-0.0513991525066443,0.912736648663965,0.0396545111078707,NS,0.0429859812403023,0.953659979159647,0.0206064423784818,NS,-0.0042065856331710005,0.9996572672230563,1.4887246698859125e-4,NS
Td00001aa000708_T002,0.417920007811965,0.398065515734445,0.400045443553608,NS,0.110151905414201,0.554287478011853,0.256264932505828,NS,0.264035956613083,0.6789037394288048,0.1681917992077377,NS
Td00001aa000745_T003,-0.121863233373052,0.240025720525998,0.619742217938385,NS,-0.123890663991283,0.737619344404474,0.132167702233771,NS,-0.1228769486821675,0.6144387984138588,0.21152136881468878,NS
Td00001aa000756_T002,0.063502942306158,0.910373600389386,0.0407803447225653,NS,0.275275886930482,0.00298514837319488,2.52503407791539,NS,0.16938941461832,0.04318734031563985,1.3646435410742512,NS
Td00001aa000777_T003,-0.0144995696951151,0.521469491314992,0.282771094986504,NS,0.63476021619105,0.0437748229311234,1.35877560195934,NS,0.31013032324796747,0.19415216106436883,0.7118577710560893,NS
Td00001aa000799_T001,-0.334607228958109,0.0530086005546132,1.27565366114674,NS,-0.352375862051898,0.0457120426490761,1.33996937176686,NS,-0.3434915455050035,0.03967861895782825,1.401443452178953,NS
Td00001aa000801_T002,-0.862496476250065,1.1850995430561e-4,3.92624516932953,NS,-0.712113875929093,1.95073133886388e-14,13.7098025389516,NS,-0.7873051760895791,1.0054048697082726e-14,13.99765901558466,NS
Td00001aa000807_T002,0.664482840364683,0.0362258150646566,1.44098183431502,NS,0.543349311750621,0.00310688219115643,2.50767521430238,NS,0.603916076057652,0.003845930418988312,2.414998577331751,NS
Td00001aa000820_T001,-0.261880711217424,0.327402058397377,0.484918594478713,NS,-0.238558019746374,0.091383559947847,1.03913192752795,NS,-0.250219365481899,0.22969637306157656,0.6388458623225161,NS
Td00001aa000830_T001,0.525066592078211,0.772552052572463,0.112072249270894,NS,-0.0668210143364778,0.997819434883132,9.4804140675797e-4,NS,0.22912278887086662,0.9990517914532815,4.11997100002581e-4,NS
Td00001aa000835_T001,-0.32373259173411,0.0122304782509735,1.91255656032285,NS,-0.199874263279091,0.148426400083556,0.828488845749085,NS,-0.2618034275066005,0.03216498052223766,1.4926167072540457,NS
Td00001aa000845_T001,0.414676780426886,0.638742715967124,0.19467403939472,NS,0.102611053763702,0.945482055950421,0.0243467090988626,NS,0.258643917095294,0.9633867439557312,0.016199333801619534,NS
Td00001aa000864_T001,-0.3040061868901,0.530971895945299,0.274928465281777,NS,0.0665689178035472,0.70370481163807,0.152609479439112,NS,-0.1187186345432764,0.840812533535796,0.07530082313958467,NS
Td00001aa000866_T001,0.276198865032242,0.438199582582501,0.358328040472719,NS,-0.442907650270085,0.00106674424025784,2.97193969337701,NS,-0.0833543926189215,0.011623927125052487,1.9346471214635435,NS
Td00001aa000868_T002,-0.334607228958109,0.141743266346918,0.848497563530919,NS,-0.252274935539759,2.96518889479383e-5,4.52794763506412,NS,-0.293441082248934,2.7873700830858975e-4,3.5548053655630745,NS
Td00001aa000869_T002,-0.380821783940931,0.241741512580427,0.616648764832108,NS,-0.103776993130541,0.22665029078138,0.644643719426084,NS,-0.24229938853573602,0.3265105204429348,0.48610282083085227,NS
Td00001aa000883_T001,-0.575615328461903,0.766734251554657,0.115355135506091,NS,-0.569452602439422,2.92210147611788e-5,4.53430470635079,NS,-0.5725339654506625,0.001070475311138309,2.9704233445863033,NS
Td00001aa000885_T001,-0.0664273617389761,0.980155363135776,0.00870507940472947,NS,0.675631481334947,0.0165294571309239,1.78174140952085,NS,0.30460205979798544,0.15575212699157434,0.8075660137898436,NS
Td00001aa000920_T002,-0.943416471633633,0.0888942411063933,1.05112637330118,NS,-1.09944056131962,2.6559837818602397e-12,11.5757745812129,Down,-1.0214285164766266,2.056619896670385e-10,9.68684596695008,Down
Td00001aa000926_T002,0.357270475679559,0.0321853262823806,1.4923420838033301,NS,0.64485282311077,9.56937689088454e-10,9.01911634034863,NS,0.5010616493951645,1.4810401180239021e-8,7.829433177265133,NS
Td00001aa000964_T002,2.75958197323355,0.422373582263228,0.374303252964997,NS,0.325094559572171,0.998489020291247,6.5670640984549e-4,NS,1.5423382664028606,0.8750293935258465,0.057977358141490916,NS
Td00001aa000967_T002,-1.94897599697553,0.30710690366536,0.512710420645596,NS,-2.91139937402286,1.68148174924093e-10,9.77430784214475,Down,-2.4301876854991953,2.3216990451333825e-8,7.634194077236906,Down
Td00001aa000997_T001,-0.954557029238833,0.0414442730331863,1.38253547384527,NS,-0.377661790602876,0.0106701931522275,1.97182771888975,NS,-0.6661094099208545,0.011214161750586413,1.9502331840248879,NS
Td00001aa001066_T001,-0.380821783940931,0.16414954223885,0.784760324042889,NS,-0.718090278547922,1.73349349860396e-6,5.76107778280811,NS,-0.5494560312444265,3.0625364673771004e-5,4.5139187312032965,NS
Td00001aa001073_T002,-0.0350469470992008,0.512994761703504,0.289887069537068,NS,0.298457434942803,0.409178499560926,0.38808719452822,NS,0.1317052439218011,0.6620728953522218,0.17909419136640306,NS
Td00001aa001084_T001,-0.204233052217608,0.283905622273207,0.546826006917425,NS,-0.279315894409731,0.0788968258437344,1.10294046886004,NS,-0.2417744733136695,0.1916920940917189,0.7173957982494453,NS
Td00001aa001111_T001,-0.471928835421265,0.31976899308646,0.495163650609524,NS,0.680646486065881,0.041755823681812,1.37928294493502,NS,0.10435882532230797,0.1355354981779693,0.867946943581162,NS
Td00001aa001113_T004,-0.524915117051217,0.0614640483326249,1.21137883830975,NS,-0.180547985097047,0.74599645156455,0.127263238304275,NS,-0.352731551074132,0.2962398621511906,0.5283565030481061,NS
Td00001aa001118_T001,-0.214240225572989,0.0471961787817186,1.32609316240815,NS,-0.406508121828739,3.9955271877037705e-9,8.39842590981548,NS,-0.310374173700864,6.797503990173234e-8,7.167650528807074,NS
Td00001aa001127_T001,-0.248107861595691,0.250877503327183,0.600538280968801,NS,-0.285833917319995,0.230831105431412,0.636705668622946,NS,-0.26697088945784303,0.338059622440607,0.4710066979074731,NS
Td00001aa001141_T006,0.20163386116965001,0.313674120852142,0.503521310549091,NS,0.0316208429338981,0.99900131850405,4.3393858217051e-4,NS,0.11662735205177405,0.7869784081795371,0.10403718293587612,NS
Td00001aa001142_T003,-0.579921884020626,0.0366021381837668,1.43649354372341,NS,-0.258863543999377,0.0817010848267703,1.08777217686841,NS,-0.41939271401000155,0.046209490722469306,1.3352688178400947,NS
Td00001aa001143_T001,-0.805912947883698,0.0397113949229584,1.40108485741601,NS,-0.676399317137708,0.00263982452930632,2.57842493998118,NS,-0.741156132510703,0.003664175362825703,2.436023749718962,NS
Td00001aa001145_T003,-0.163267919540864,0.349086708006579,0.457066687276614,NS,0.18413785257964,0.216076033636332,0.66539340080165,NS,0.010434966519387995,0.3927464020359941,0.40588778485723476,NS
Td00001aa001192_T001,-0.320125852253377,0.618911432028095,0.208371495299002,NS,0.220836385107448,0.221677379530499,0.65427862103208,NS,-0.04964473357296449,0.5411903852829062,0.2666499276244339,NS
Td00001aa001210_T001,-0.106249498279434,0.187028683795523,0.728091782453812,NS,-0.214717496508564,0.00416280439133387,2.38061399597371,NS,-0.160483497393999,0.017041489377414287,1.768492451815434,NS
Td00001aa001215_T001,-0.763660460831626,0.0509687170220873,1.29269629827789,NS,-0.462075687750995,5.3483165514462e-4,3.27178289601031,NS,-0.6128680742913105,0.0012529621176250534,2.9020620593770445,NS
Td00001aa001237_T002,-0.367731784500487,0.148213893708327,0.829111083279524,NS,0.0259327536803897,0.999955217434126,1.94492567417199e-5,NS,-0.17089951541004866,0.5608763447626576,0.2511328761888867,NS
Td00001aa001245_T001,-0.45600928033515,0.10450798877722,0.980850510038536,NS,-0.498836327211259,0.00361762768178934,2.44157613180036,NS,-0.47742280377320445,0.009952241190549358,2.0020791074869186,NS
Td00001aa001265_T002,0.267835392097615,0.0397653234254448,1.40049548092618,NS,0.0602798391826926,0.100331543696197,0.998562505668657,NS,0.16405761564015378,0.057354568780934104,1.2414319811224779,NS
Td00001aa001267_T001,-0.156820109742826,0.267055496971091,0.573398478246642,NS,-0.441284256486698,1.78947045042886e-5,4.74727546873061,NS,-0.299052183114762,3.075487396480061e-4,3.512086048399745,NS
Td00001aa001268_T005,1.54002726925751,0.00247429422569558,2.60654865838582,Up,1.93542222127546,5.02942648467089e-7,6.298481535569,Up,1.737724745266485,3.4219809101313837e-7,6.465722417544107,Up
Td00001aa001283_T001,0.159629185821228,0.920126127077465,0.036152637285601,NS,0.170978286512578,0.334226653827736,0.475958919048461,NS,0.165303736166903,0.7809385652764032,0.10738312977300227,NS
Td00001aa001300_T001,-0.156820109742826,0.231951257304947,0.634603269020967,NS,-0.289392316131563,5.2511065880169505e-15,14.2797491662268,NS,-0.22310621293719451,2.5870678627660256e-12,11.587192178922322,NS
Td00001aa001301_T001,-0.226003674888827,0.353769828900137,0.451279208455452,NS,-0.324780806145822,0.141046121885624,0.850638850429053,NS,-0.27539224051732447,0.30998784737614166,0.5086553317171324,NS
Td00001aa001319_T001,0.277389698810864,0.853549992665621,0.0687710370530825,NS,-0.224172826523512,0.226058050737496,0.645780021571029,NS,0.026608436143676,0.6398868668544537,0.19389680327233988,NS
Td00001aa001322_T001,0.347098670622268,0.111671270336938,0.952058543437597,NS,0.585759982934864,9.76889013789848e-6,5.0101547744968,NS,0.46642932677856597,9.240670531713553e-5,4.034296513881907,NS
Td00001aa001355_T001,-2.07704103576383,0.0635386212679569,1.19696221321386,NS,-0.989503517225063,1.3291548032652e-4,3.87642443494241,NS,-1.5332722764944466,4.8763893034771665e-4,3.3119016300424073,Down
Td00001aa001373_T007,0.50182126542091,0.339942710792311,0.468594266731718,NS,-0.0152060566878733,0.970561141233198,0.0129771007044649,NS,0.24330760436651835,0.8039690672351102,0.094760660440023875,NS
Td00001aa001418_T004,-0.332789087519129,0.0425951880298311,1.37063946029,NS,0.116514786032027,0.38169635020103,0.418281992775898,NS,-0.108137150743551,0.1559493931766205,0.8070163108110243,NS
Td00001aa001425_T001,0.483364360713349,0.0578160577685803,1.23795152435199,NS,0.1057556118819,0.226690128361562,0.644567391613432,NS,0.2945599862976245,0.13382358273500541,0.8734673473364667,NS
Td00001aa001489_T001,-1.46593839757888,0.0568229296855186,1.24547637861284,NS,0.128781216253737,0.999870358085405,5.63064180468027e-5,NS,-0.6685785906625714,0.3341567186972054,0.47604980234280925,NS
Td00001aa001495_T004,-0.260151897300673,0.773673468542828,0.111442296076371,NS,0.191041522486217,0.680794245670853,0.166984123728341,NS,-0.034555187407228,0.9335080504675173,0.029881932392413633,NS
Td00001aa001498_T001,-0.857259827883918,0.0983026626797518,1.00743471847039,NS,-0.00185730493484582,0.999955482894855,1.93339634638579e-5,NS,-0.4295585664093819,0.4566279160812927,0.3404375413138996,NS
Td00001aa001511_T001,1.79659775404831,0.0258314423465259,1.58785134351121,Up,1.82096946220412,1.42184171587071e-8,7.84714874801558,Up,1.808783608126215,1.1733837295171632e-7,6.93055993813256,Up
Td00001aa001519_T001,-0.823677227359537,0.0148239754212568,1.82903531376615,NS,-0.54380516165333,2.01513656186893e-6,5.69569551723678,NS,-0.6837411945064336,4.569689788860205e-6,5.340113280796438,NS
Td00001aa001541_T001,1.04544297076117,5.2116312938815e-4,3.28302631680765,Up,0.917100803275787,1.5659495437405e-4,3.80522223539944,NS,0.9812718870184786,1.0754226969534602e-5,4.968420801913554,NS
Td00001aa001544_T001,-0.0573916638883367,0.859304480445651,0.0658529237739725,NS,-0.412727575494744,0.653231158234998,0.184933108187061,NS,-0.23505961969154032,0.948620757390082,0.022907376499094585,NS
Td00001aa001550_T005,-0.388355456626338,0.2479592976373,0.60561960248935,NS,-0.112876156949439,0.156076211708595,0.806663284707975,NS,-0.25061580678788853,0.26788731406313565,0.5720478521358257,NS
Td00001aa001578_T001,0.0257375614136083,0.836397598716507,0.0775872227047573,NS,-0.539250791942473,3.0130161939862e-5,4.52099853412819,NS,-0.2567566152644324,0.0011740316565115633,2.930320192642976,NS
Td00001aa001591_T001,0.0426443374084937,0.647144665408168,0.188998624484903,NS,-0.103165974084532,0.163594249650543,0.786231965878195,NS,-0.03026081833801915,0.4765498859599237,0.32189163004536725,NS
Td00001aa001592_T001,-0.839079811818897,0.113084693602636,0.946596174329828,NS,-1.13098716246944,1.82355666717873e-7,6.7390807364025,Down,-0.9850334871441686,3.3951978987691312e-6,5.46913490655622,NS
Td00001aa001617_T001,-0.305788392232109,0.0266147012720884,1.57487840405864,NS,0.103415789660103,0.91871033710793,0.0368213970201155,NS,-0.10118630128600302,0.20272348683837527,0.6930959325432972,NS
Td00001aa001626_T001,0.0496307677246004,0.957123697667127,0.0190319308306053,NS,0.0830423059972404,0.984916224585199,0.0066007083325121,NS,0.06633653686092039,0.9999558984015862,1.9153503187400002e-5,NS
Td00001aa001703_T002,0.102993993323326,0.753046150923071,0.123178406963927,NS,-0.0406555797081327,0.927065168443913,0.0328897358654262,NS,0.031169206807596647,0.9897600822447863,0.00447006558891859,NS
Td00001aa001768_T001,0.187767747046025,0.309513104014929,0.50932095930654,NS,1.011102347304,5.06264497541648e-5,4.29562252701246,Up,0.5994350471750125,7.972599255989749e-4,3.098400065241439,NS
Td00001aa001816_T003,0.168642035558839,0.327738801830546,0.484472138345078,NS,-0.00485465656551099,0.937545771948012,0.0280075203797687,NS,0.08189368949666401,0.7809385652764032,0.10738312977300227,NS
Td00001aa001856_T001,-0.902389203373578,0.0309922934380459,1.50874628466314,NS,-1.48990640408291,0.00151016745537953,2.82097489316042,Down,-1.196147803728244,0.0019356470283825315,2.7131738348384125,Down
Td00001aa001865_T001,-0.29689930039584,0.289607419029284,0.538190316776657,NS,0.580098172276126,1.0827567396825e-4,3.96546910429834,NS,0.14159943594014301,0.0013891610514366389,2.8572474017097296,NS
Td00001aa001885_T002,-0.0424567992428948,0.563994119586965,0.248725424109293,NS,0.32091385232792,0.00764534929749539,2.1166026679352,NS,0.1392285265425126,0.060747563194646685,1.2164711385089766,NS
Td00001aa001943_T002,-0.132894270497345,0.871228186999805,0.0598680822187077,NS,-0.127001615512398,0.0127413553228184,1.89478437279232,NS,-0.1299479430048715,0.11876424975477778,0.9253142703886608,NS
Td00001aa001961_T001,-0.251538766995964,0.308157705527536,0.511226968201846,NS,-0.241546823653341,0.421448858007509,0.37525511862569,NS,-0.2465427953246525,0.5257504764593931,0.27922032506372113,NS
Td00001aa001965_T002,0.681674141792833,0.0904683750649922,1.04350321013257,NS,0.525063715702592,4.31105450177115e-7,6.3654164866175,NS,0.6033689287477125,5.77905608952294e-6,5.238143090400879,NS
Td00001aa001981_T001,0.488515008957812,0.0129195954374794,1.88875108556858,NS,0.353338863436925,1.10722016587475e-7,6.95576601298091,NS,0.42092693619736854,3.866978953410628e-7,6.41262819163071,NS
Td00001aa001998_T001,-0.340075441597622,0.196078470041134,0.707570090450825,NS,0.0347742744942069,0.99474651410105,0.00228757408087669,NS,-0.15265058355170755,0.6414817664507279,0.19281568354840542,NS
Td00001aa002029_T003,-0.164884384741782,0.38951708691868703,0.40947348640802,NS,0.0487218811774884,0.768373756226325,0.114427476866994,NS,-0.05808125178214679,0.7739940649269634,0.11126236952298853,NS
Td00001aa002075_T002,-0.244685095954902,0.817533769525395,0.0874942990766894,NS,0.768946083089542,0.020254964996556,1.69346850300203,NS,0.26213049356732004,0.1574305725255826,0.802910925154512,NS
Td00001aa002093_T001,-1.06793882865658,1.5257766449722e-4,3.81650903712536,Down,-0.559887315646721,1.63185699647585e-6,5.78731790217688,NS,-0.8139130721516505,8.43590750480743e-8,7.073868190712062,NS
Td00001aa002133_T001,-0.857259827883918,0.0275307175785445,1.56018246872506,NS,-0.393816044723635,2.875654950682e-7,6.54126322607944,NS,-0.6255379363037765,1.578328134644635e-6,5.801802701854837,NS
Td00001aa002147_T001,0.10969486482593,0.771746630711915,0.112525257882689,NS,0.043494360469634,0.996193576385819,0.0016562629943069,NS,0.076594612647782,0.9990517914532815,4.11997100002581e-4,NS
Td00001aa002157_T002,0.376290383337052,0.182318441306396,0.739169400722178,NS,-0.249156636987624,0.501909516446357,0.299374569807167,NS,0.063566873174714,0.4393631302128588,0.35717639033069976,NS
Td00001aa002232_T001,3.26363540356833,0.162636726341925,0.788781376044552,NS,2.56882364389705,1.9280662759919998e-14,13.7148780415935,Up,2.91622952373269,5.401826260684955e-12,11.267459388167675,Up
Td00001aa002263_T001,-0.115597447016313,0.806067205173642,0.0936287477491026,NS,0.0694994351400414,0.944971722368234,0.024581187261301,NS,-0.023049005938135803,0.9990517914532815,4.11997100002581e-4,NS
Td00001aa002278_T003,0.158337027167101,0.908467935800841,0.041690396424746,NS,0.0962135422666304,0.516586615005087,0.286856850785117,NS,0.1272752847168657,0.9077862723280927,0.04201638900585578,NS
Td00001aa002280_T001,-1.43050890804128,0.112112111369732,0.950347468431596,NS,-1.39951789021041,2.06928813738693e-5,4.68417903192273,Down,-1.415013399125845,1.6979124507933945e-4,3.770084706976384,Down
Td00001aa002302_T001,-0.0380063225797449,0.48410102905283,0.315063994179001,NS,-0.2234256988208,8.5392711540826e-4,3.06857919573583,NS,-0.13071601070027244,0.010667235781977319,1.971948105426735,NS
Td00001aa002304_T001,-0.940644722383579,0.129775996847858,0.886805626491793,NS,-0.841653425120366,2.76376948875804e-6,5.558498181969,NS,-0.8911490737519725,3.711603749608727e-5,4.430438395207533,NS
Td00001aa002316_T001,-0.329159664118438,0.392531338978006,0.406125664264233,NS,-1.17161956523322,1.9638062533657e-4,3.70690136137837,Down,-0.750389614675829,0.002887417035089076,2.5394904856177725,NS
Td00001aa002331_T006,-0.734563103950902,0.0546892548383067,1.26209799401092,NS,-0.217892403243684,0.803897615915885,0.094799259303984,NS,-0.47622775359729297,0.2886808850518411,0.5395819718911633,NS
Td00001aa002356_T001,-0.601649629654035,0.0579689758450606,1.23680437236975,NS,-0.213269475304824,0.711243452040302,0.147981718847635,NS,-0.4074595524794295,0.27677364775404656,0.5578752624082742,NS
Td00001aa002372_T002,1.67400860861723,0.00143071222916319,2.84444771065286,Up,1.7666852950229,1.6204512778021e-13,12.7903640223916,Up,1.7203469518200651,5.891991288248174e-13,12.229737903965955,Up
Td00001aa002377_T001,0.366252263699564,0.258353855325715,0.587785053242798,NS,0.584481750537744,5.50628310156769e-5,4.25914146343162,NS,0.475367007118654,7.386685045537532e-4,3.1315504180903093,NS
Td00001aa002382_T003,-0.573466861883327,0.00101090484011051,2.99528972409247,NS,-0.0687858769045098,0.845562308830196,0.0728543840637859,NS,-0.32112636939391836,0.018271293172316364,1.7382307138556667,NS
Td00001aa002383_T002,-0.332789087519129,0.00763743657910662,2.11705238309419,NS,-0.236900099399177,0.0592561900663566,1.22726627533909,NS,-0.28484459345915303,0.01139102750018755,1.94343709966672,NS
Td00001aa002406_T001,-0.215914857265243,0.268281944030521,0.571408555325761,NS,-0.113152415320722,0.997763440416331,9.724133216066e-4,NS,-0.1645336362929825,0.7402588541794427,0.13061638934457087,NS
Td00001aa002493_T003,0.516015147003665,0.826399750366414,0.0828098226773338,NS,-0.659353006780722,0.0234357438207437,1.63012125796976,NS,-0.07166892988852847,0.17399505111339197,0.7594631040433238,NS
Td00001aa002517_T001,0.105678077894537,0.563994119586965,0.248725424109293,NS,-0.353601215326266,0.00222013145190849,2.65362131061766,NS,-0.1239615687158645,0.024446787140684153,1.6117782088821488,NS
Td00001aa002518_T002,-0.962969269055033,0.0903510372247247,1.04406685739869,NS,-1.22019854366991,0.338886094932441,0.4699462506315,NS,-1.0915839063624715,0.23189136504790678,0.6347154229095171,NS
Td00001aa002537_T001,-0.397828209246621,0.00354387985324326,2.45052101024942,NS,-0.426024236747126,1.99576059180949e-6,5.69989155718295,NS,-0.4119262229968735,1.442471174232163e-6,5.840892856852989,NS
Td00001aa002569_T001,0.301002256032814,0.695484714987048,0.157712410272547,NS,-0.666107885569823,1.3246255111516e-5,4.87790688506923,NS,-0.18255281476850452,5.262923275775988e-4,3.278772961191158,NS
Td00001aa002573_T001,0.516015147003665,0.0396233772203047,1.40204851098741,NS,-0.0883245344578617,0.863917360113172,0.0635277989138729,NS,0.21384530627290166,0.24861615544429413,0.6044706536817331,NS
Td00001aa002575_T002,-0.520769438793664,0.31304629685720903,0.50439142928181,NS,0.11891639638472,0.996395506346762,0.00156823975978386,NS,-0.20092652120447202,0.7857880595242465,0.10469457481427441,NS
Td00001aa002598_T001,-0.125006361067033,0.592856812698946,0.227050185157938,NS,-0.432908906729255,7.1115116926719e-4,3.1480380715624,NS,-0.278957633898144,0.01081545232643613,1.9659553126772862,NS
Td00001aa002600_T001,0.104336659814736,0.753072609227337,0.123163148279356,NS,-0.265458911996553,2.4032926739634e-5,4.61919333741606,NS,-0.08056112609090851,8.988076023076294e-4,3.0463332628814244,NS
Td00001aa002603_T003,1.48800077083407,0.0037247136435123,2.42890711025069,Up,2.08634453136465,6.238412402434199e-13,12.2049259187451,Up,1.78717265109936,4.123619187608309e-12,11.384721448227676,Up
Td00001aa002606_T002,-0.375197234747053,0.0419580216432743,1.37718499735323,NS,-0.539292965359792,1.58121699905181e-5,4.80100852537213,NS,-0.4572451000534225,6.16347025899054e-5,4.210174695307897,NS
Td00001aa002617_T001,-0.156820109742826,0.329922775939454,0.481587702267954,NS,-0.129018454300461,0.448705737584257,0.348038377123376,NS,-0.1429192820216435,0.5607599084237938,0.25122304385153055,NS
Td00001aa002622_T001,0.167357927738514,0.733092182033254,0.134841411946542,NS,-0.153921369391541,0.924678543723328,0.0340092196402456,NS,0.006718279173486497,0.9839963739943903,0.007006501931594555,NS
Td00001aa002632_T004,0.451013242943973,0.251771695203359,0.598993095943605,NS,0.644668829324812,1.79906064947464e-6,5.74495419558264,NS,0.5478410361343925,4.4960187767864655e-5,4.3471718836850535,NS
Td00001aa002636_T001,-0.610433188237274,0.107675344080803,0.967883731758021,NS,-0.188274473202562,0.108463616535089,0.964715918847206,NS,-0.399353830719918,0.12310004333898344,0.9097417941695931,NS
Td00001aa002645_T002,0.10969486482593,0.961534406232858,0.0170351709473627,NS,-0.314420380388041,0.00202967298085026,2.69257392960052,NS,-0.1023627577810555,0.0337943586112731,1.4711557916891422,NS
Td00001aa002661_T001,-0.147202107181229,0.792902833819191,0.100780029985885,NS,-0.589212808812189,4.6934258087402e-4,3.32851004284753,NS,-0.36820745799670895,0.009825744830871574,2.0076345184409043,NS
Td00001aa002689_T005,0.306845500314283,0.0816357227174932,1.08811975810655,NS,0.278150082803419,0.0671817643432711,1.17274859480092,NS,0.29249779155885103,0.07240830227817567,1.1402116350890206,NS
Td00001aa002692_T001,-0.524915117051217,0.0530086005546132,1.27565366114674,NS,-0.0617303447962922,0.999414331334702,2.5442718185113e-4,NS,-0.2933227309237546,0.32087112760081044,0.4936693595257914,NS
Td00001aa002694_T002,0.16478627814334,0.337889483927646,0.471225324482174,NS,0.232897784562206,0.0312146914947337,1.50564095298952,NS,0.198842031352773,0.11491426746110106,0.9396260470736475,NS
Td00001aa002709_T002,-0.256700472111743,0.0529077463392725,1.27648073730112,NS,-0.372993068078333,3.4731375254412e-4,3.45927801963834,NS,-0.31484677009503803,9.098264786859463e-4,3.0410414280469986,NS
Td00001aa002710_T001,0.280956313831056,0.809926170190119,0.0915545679613478,NS,-0.725910193306696,4.31464822884652e-5,4.36505460632152,NS,-0.22247693973782,0.0015210367280983708,2.8178602990187493,NS
Td00001aa002713_T001,0.531069492725954,0.180299818905482,0.744004709486081,NS,0.308449678270784,0.455044790080229,0.341945853612511,NS,0.419759585498369,0.412437106969711,0.3846422681527919,NS
Td00001aa002733_T002,-1.46593839757888,0.0203590277908829,1.69124296479972,Down,-0.744738126936111,3.98388868835643e-5,4.39969280446217,NS,-1.1053382622574954,7.198065834708086e-5,4.142784185535333,Down
Td00001aa002734_T001,0.0299828662157143,0.889594940429826,0.0508076958043468,NS,-0.317492647110223,0.948846643701746,0.0228039742703132,NS,-0.14375489044725437,0.9996572672230563,1.4887246698859125e-4,NS
Td00001aa002739_T002,0.637842060324105,0.0653386472432927,1.18482986130311,NS,0.359450159881606,0.00662811619450884,2.17860988676572,NS,0.4986461101028555,0.011055993875241846,1.9564022105586436,NS
Td00001aa002742_T001,1.41792000781197,0.153323781941651,0.814390476815725,NS,1.12751162383156,0.0119293126291552,1.92338457979698,Up,1.272715815821765,0.0323095872813593,1.4906685895705032,Up
Td00001aa002746_T002,-0.0247366783215064,0.621110774035379,0.206830937243694,NS,0.18594739145085,0.162230906490414,0.789866405121141,NS,0.0806053565646718,0.4627014524217377,0.3346991372458214,NS
Td00001aa002748_T001,0.12961273813047,0.958858471977076,0.0182454901966869,NS,0.278362218206487,0.326679733161103,0.485877807824284,NS,0.2039874781684785,0.7869784081795371,0.10403718293587612,NS
Td00001aa002777_T001,-0.405451450449646,0.0213333534437037,1.67094087133802,NS,-0.0177212631020557,0.768967981571015,0.114091743054904,NS,-0.21158635677585086,0.15671042363531149,0.8049021153582195,NS
Td00001aa002810_T003,0,0.538937180697291,0.268461853860536,NS,-0.613060165723575,0.00260563773008989,2.58408596573762,NS,-0.3065300828617875,0.026613988634539065,1.5748900329210376,NS
Td00001aa002818_T001,0.168642035558839,0.152522447679023,0.816666233788063,NS,-0.349258169632528,0.00613999896932294,2.21183170176069,NS,-0.09030806703684449,0.019532739718456267,1.7092368370419917,NS
Td00001aa002840_T001,-0.098505544952425,0.778695499458094,0.108632335341304,NS,-0.137514133051367,0.45395156179296,0.342990485399111,NS,-0.118009839001896,0.8258631276486079,0.08309192342111059,NS
Td00001aa002846_T004,-0.0664273617389761,0.937370426963845,0.0280887521268935,NS,0.272349441199734,0.932236800474344,0.0304737570916099,NS,0.10296103973037894,0.9996572672230563,1.4887246698859125e-4,NS
Td00001aa002847_T001,1.4594316186373,0.00823824376531959,2.08416536164315,Up,2.12593693016137,6.37609170871386e-13,12.195445445015,Up,1.792684274399335,8.556522511025589e-12,11.067702702743992,Up
Td00001aa002854_T001,-0.56277226108709,0.324110218428475,0.489307276474292,NS,0.65071951858788,0.0515297732053884,1.28794176896654,NS,0.04397362875039501,0.15824648947676076,0.8006659155461969,NS
Td00001aa002896_T001,-0.508403405589552,0.821766529192558,0.0852515516638341,NS,0.299574184858284,0.936602468697098,0.0284447018388907,NS,-0.10441461036563399,0.9990517914532815,4.11997100002581e-4,NS
Td00001aa002916_T001,-0.212567535483132,0.827156374239324,0.0824123791422463,NS,-0.358382355262334,0.216453994517814,0.664634395154418,NS,-0.285474945372733,0.6178307711522656,0.20913046539547192,NS
Td00001aa002931_T001,0.727702672837238,0.10789359926318,0.967004318867922,NS,0.733681956080098,0.0037902442408853,2.42133280347492,NS,0.730692314458668,0.01060438085606435,1.9745146829837503,NS
Td00001aa002989_T005,0.316145742293356,0.1188269288915,0.925085127168819,NS,0.0541806340841285,0.511618430988614,0.291053818508338,NS,0.18516318818874228,0.34734476178820556,0.459239246217094,NS
Td00001aa003020_T002,0.190298791626595,0.508593693381209,0.293629029427164,NS,-0.066918680073397,0.338121973101005,0.47092660537609,NS,0.061690055776598994,0.6070179837664604,0.2167984421457612,NS
Td00001aa003089_T001,-0.556393348524385,0.0800486031782458,1.0966462419742,NS,0.0944887169185759,0.988960331585323,0.0048211281390278,NS,-0.2309523158029046,0.4037114413746597,0.3939289423026691,NS
Td00001aa003097_T001,-0.857259827883918,0.0579171109627471,1.23719310986736,NS,-0.798755569402101,0.0767489978545608,1.11492728658792,NS,-0.8280076986430095,0.06210212522217819,1.2068935374003615,NS
Td00001aa003108_T001,-0.713118852211838,0.0905493851672158,1.04311449421124,NS,-0.223189166794236,0.756970778885619,0.120920885115083,NS,-0.468154009503037,0.3715874448158411,0.42993896835793133,NS
Td00001aa003158_T001,-0.886299500835272,0.00214660540967037,2.66824778050661,NS,-0.581776780167075,3.09781627426158e-7,6.50894434301337,NS,-0.7340381405011736,1.96551375961484e-7,6.706523911546827,NS
Td00001aa003180_T003,0.204140716780225,0.106768606197592,0.97155642670279,NS,0.22713047368615,4.63117396587126e-5,4.33430890481935,NS,0.21563559523318748,3.161203220130227e-4,3.500147584342557,NS
Td00001aa003191_T001,0.711054321812066,0.0405112804590799,1.39242402964968,NS,0.735521079866668,0.00303916298090911,2.51724600942596,NS,0.723287700839367,0.004129022284755132,2.384152773187282,NS
Td00001aa003200_T001,-0.416962376203336,0.0142311473398725,1.84676008492705,NS,-0.492505608805739,2.47570434640363e-7,6.60630122087651,NS,-0.4547339925045375,7.987330940668912e-7,6.097598320985233,NS
Td00001aa003202_T003,-0.349235440883098,0.037980495655965,1.420439371899,NS,-0.146588842108015,0.0918366942403388,1.03698375755736,NS,-0.24791214149555652,0.05184026336812021,1.2853328007518385,NS
Td00001aa003203_T002,0.526068811667588,0.0200945391142115,1.69692195028061,NS,0.775552870113859,2.02906165419971e-5,4.69270475647976,NS,0.6508108408907235,4.140135048844484e-5,4.382985492209691,NS
Td00001aa003210_T002,-0.0218043703183484,0.801718820124303,0.0959779213418685,NS,-0.148351729749387,0.920454229538276,0.035997802329087,NS,-0.0850780500338677,0.9963807869145537,0.0015746555006842815,NS
Td00001aa003242_T002,0.490570130446201,0.0333945371913652,1.4763245709634,NS,0.498563701347237,1.30663309654415e-5,4.8838463454846,NS,0.494566915896719,4.378141981596495e-5,4.358710158523216,NS
Td00001aa003249_T002,-0.362157939675895,0.0612277508572448,1.21305169366288,NS,-0.343902287131884,4.4876670714771e-4,3.34797936975179,NS,-0.35303011340388946,0.0012597569246825839,2.899713245718239,NS
Td00001aa003250_T001,0.149259365499623,0.417297397980317,0.37955432328329,NS,-0.45188384454329,5.3695423555848e-4,3.27006272750599,NS,-0.1513122395218335,0.006595507322907138,2.180751793132755,NS
Td00001aa003262_T002,-0.0130430374755989,0.950304882426393,0.0221370394342464,NS,-0.124910400260201,0.234478781200935,0.62989645198639,NS,-0.06897671886789995,0.680505919568762,0.16716809261367074,NS
Td00001aa003276_T001,0.195347598322219,0.671481608432371,0.172965877955383,NS,0.623151982129054,6.6850380283e-4,3.17489611788084,NS,0.4092497902256365,0.011336346672245444,1.9455268815731288,NS
Td00001aa003277_T001,1.7578766597479,0.0102839183051838,1.9878413820242,Up,1.28584276855704,4.3319060319994004e-16,15.36332097269,Up,1.5218597141524701,1.8274334938078795e-14,13.738158419457829,Up
Td00001aa003303_T001,0.0648828515848544,0.881447725265228,0.05480343867043,NS,-0.116340137486652,0.725891724188132,0.139128154912194,NS,-0.0257286429508988,0.9737518875617702,0.011551687463803743,NS
Td00001aa003309_T001,0.124328135002202,0.874075483171126,0.0584510610621992,NS,0.0357603189161574,0.995917161358198,0.00177678392691071,NS,0.0800442269591797,0.9996572672230563,1.4887246698859125e-4,NS
Td00001aa003317_T002,-0.0306192350583921,0.609369772410279,0.215119092615821,NS,0.163380927979949,0.805450519501838,0.0939611340372652,NS,0.06638084646077844,0.9173931818879213,0.03744449189038479,NS
Td00001aa003322_T003,0.0935601761623378,0.584697440955071,0.233068806934947,NS,-0.235006467654681,6.19881374036514e-5,4.2076914129704,NS,-0.0707231457461716,0.0015624102955631226,2.806204907910473,NS
Td00001aa003331_T001,1.28569812595813,0.0037247136435123,2.42890711025069,Up,0.763209527815384,1.5124921332721e-12,11.8203068755088,NS,1.024453826886757,8.738648604483476e-12,11.058555724001119,Up
Td00001aa003346_T001,-0.524915117051217,0.185961053835863,0.730578001347828,NS,-0.684601904677138,0.00644717925555937,2.19063025461936,NS,-0.6047585108641775,0.023589976012518905,1.6272725007267814,NS
Td00001aa003349_T002,-0.186064929518683,0.900572395947392,0.0454813690224913,NS,0.629476552417812,1.06959619689287e-5,4.97078014994145,NS,0.22170581144956447,5.442371480394706e-4,3.2642118178705926,NS
Td00001aa003359_T001,0.166072675946706,0.882069714174911,0.0544970891482309,NS,-0.481716529484533,8.0767844906557e-4,3.09276150505573,NS,-0.1578219267689135,0.015887705768698607,1.7989388116617495,NS
Td00001aa003400_T002,-1.02914634565952,2.5463277919117e-5,4.59408568982019,Down,-0.893471660853026,1.5951113107478902e-15,14.7972090054238,NS,-0.961309003256273,3.4287688407937825e-16,15.464861792969538,NS
Td00001aa003426_T001,1.11835972595306,0.0360126886590217,1.44354445357491,Up,0.810575803690581,0.00305607195918078,2.5148364239487,NS,0.9644677648218205,0.0037904753908130006,2.4213063186178116,NS
Td00001aa003441_T001,-0.50635266602479,0.121230938341376,0.91638653333555,NS,-0.249358823460451,0.00524585161486549,2.28018399810642,NS,-0.3778557447426205,0.01457438139839191,1.8364098695683495,NS
Td00001aa003479_T001,-0.481968507397831,0.0396233772203047,1.40204851098741,NS,-0.200919125268702,0.157356123885576,0.803116350825366,NS,-0.3414438163332665,0.07893951580848427,1.1027055417655398,NS
Td00001aa003480_T001,1.89103026784092,4.6678315471192e-4,3.3308848251795,Up,2.11911379050249,3.94816642951377e-13,12.4036045485313,Up,2.0050720291717052,4.998321576709976e-13,12.30117580613315,Up
Td00001aa003491_T001,-1.59074485331516,0.0414442730331863,1.38253547384527,Down,-1.28438108805807,3.39421888085347e-12,11.4692601550408,Down,-1.4375629706866149,1.309557660830999e-10,9.882875374497694,Down
Td00001aa003508_T001,-0.630393929968162,0.0711560073794914,1.14778842851534,NS,-0.406517936996206,3.99734210444857e-6,5.39822868193345,NS,-0.518455933482184,3.0625364673771004e-5,4.5139187312032965,NS
Td00001aa003516_T002,-0.192645077942396,0.38338136571354,0.416368999868116,NS,-0.0272704526820976,0.628720800054404,0.201542171589651,NS,-0.1099577653122468,0.7065481186770954,0.150858255663524,NS
Td00001aa003538_T002,0.424384671538097,0.0528510579169376,1.276946315019,NS,-0.116761080946426,0.143781661213643,0.84229650297688,NS,0.1538117952958355,0.09079559844126196,1.0419352045516599,NS
Td00001aa003542_T001,0.22404027421793,0.0902130468311754,1.04473064918712,NS,-0.0399936889986185,0.6990490421518,0.155492355028599,NS,0.09202329260965575,0.3541934461420822,0.4507594790879603,NS
Td00001aa003543_T003,-0.341902794648628,0.127894946308205,0.893146616067259,NS,-0.55710321451509,7.83084484822967e-5,4.10619138058179,NS,-0.449503004581859,5.578387200402099e-4,3.253491344289786,NS
Td00001aa003547_T001,0.318461465167583,0.410730352380399,0.386443202224879,NS,-0.346798908812102,0.0366557595595264,1.43585777686467,NS,-0.014168721822259506,0.1481976309222849,0.8291587389046164,NS
Td00001aa003563_T002,1.1833277060448,0.00160898566552741,2.79344782501848,Up,0.126633722416337,0.407264988474418,0.390122923491035,NS,0.6549807142305685,0.014878638884424053,1.827436796748571,NS
Td00001aa003578_T002,0.827006009638977,0.00326743327792771,2.48579327209437,NS,0.697525455078109,8.33573612386118e-8,7.07905604185703,NS,0.762265732358543,9.027077704729537e-8,7.044452819134363,NS
Td00001aa003586_T003,-0.795859283219775,0.321343335560564,0.493030702628593,NS,-1.13790257297633,2.44292809982405e-5,4.61208931497874,Down,-0.9668809280980524,4.6113012485405334e-4,3.336176505127096,NS
Td00001aa003625_T001,0.540027269257507,0.0536490406284409,1.27043803983968,NS,0.593248845861572,3.01561595710292e-8,7.52062396728863,NS,0.5666380575595396,4.1937745132238e-7,6.377394923964914,NS
Td00001aa003659_T005,1.26002565596146,0.0283992985930886,1.54669238604144,Up,0.426624042969027,0.0199778925373001,1.69945032730598,NS,0.8433248494652434,0.013347162801389565,1.8746110422135,NS
Td00001aa003666_T001,-0.878321443411748,0.00459820023180914,2.3374121210014,NS,-0.482051972552624,0.0110083993589781,1.95827582363487,NS,-0.680186707982186,0.0020675865819991,2.684536294932794,NS
Td00001aa003679_T001,-0.388355456626338,0.0130574607476209,1.88414127103317,NS,-0.337400978029135,1.940960802434e-4,3.71198323506939,NS,-0.3628782173277365,1.8351527046409102e-4,3.7363277918894884,NS
Td00001aa003685_T001,-0.362157939675895,0.354471901357995,0.450418185216661,NS,-0.160374314348709,0.947753262081877,0.0233047120962304,NS,-0.261266127012302,0.8083193505845043,0.09241702437913067,NS
Td00001aa003686_T001,0.462575888042204,0.25433038168729,0.594601756965415,NS,0.313176620831509,0.00153205480224233,2.81472569952994,NS,0.38787625443685647,0.010197009255536247,1.9915271865003088,NS
Td00001aa003712_T002,-0.508403405589552,0.0300405756964552,1.52229174878511,NS,-0.022133676756194,0.999506689597888,2.1429484678796e-4,NS,-0.265268541172873,0.22984455767954617,0.6385657751319628,NS
Td00001aa003729_T001,-0.979942347658747,0.13238926579503,0.878147226338705,NS,-0.165405594987346,0.897027646031455,0.0471941719682966,NS,-0.5726739713230464,0.5049613104682785,0.2967418957304814,NS
Td00001aa003754_T001,0.36289064266586,0.284708773113296,0.545599150148479,NS,0.184064417773165,0.0122015421702265,1.91358527476033,NS,0.2734775302195125,0.0517099093622717,1.2864262234636632,NS
Td00001aa003762_T003,-0.126580496565143,0.772779301418358,0.111944518839168,NS,-0.3718469968017,7.885825929101e-4,3.10315281372808,NS,-0.2492137466834215,0.014133676869472095,1.849744841945124,NS
Td00001aa003775_T001,-0.29689930039584,0.99204001255029,0.00347081083034743,NS,0.0120087603907543,0.988466037607214,0.0050382478810788,NS,-0.14244527000254287,0.9999558984015862,1.9153503187400002e-5,NS
Td00001aa003788_T002,0.0510240030244669,0.927572655588503,0.0326520626451594,NS,-0.144100356826029,0.390325587624031,0.408572977799782,NS,-0.046538176900781054,0.8316347993997968,0.08006734609489927,NS
Td00001aa003795_T001,0.379620962055708,0.398949426361876,0.399082155050231,NS,-0.0690877279260516,0.696794296754613,0.15689541267625,NS,0.1552666170648282,0.7517498617387641,0.12392664310253275,NS
Td00001aa003797_T005,0.376290383337052,0.101033395329325,0.995535051860695,NS,0.21753056060052,0.29567530511490703,0.529184946357162,NS,0.296910471968786,0.22958356013198133,0.6390592138332394,NS
Td00001aa003812_T002,-0.356605546520108,0.0213051618602959,1.67151516201427,NS,-0.339384579300973,0.110255522778164,0.957599647193379,NS,-0.3479950629105405,0.03878554732796571,1.4113300755659837,NS
Td00001aa003819_T001,-0.415037499278844,0.29546017144552,0.529501054502642,NS,-0.29945769577474,0.00259821051152183,2.58532566454531,NS,-0.357247597526792,0.01686967612320973,1.7728932552444878,NS
Td00001aa003823_T002,0.741574847418796,0.0089601763330343,2.04768344349521,NS,0.346139738409524,2.69270462756399e-5,4.56981128329643,NS,0.54385729291416,2.6908327376452953e-5,4.570113297173191,NS
Td00001aa003830_T003,-0.327348370671615,0.0937336948903199,1.02810426317378,NS,-0.0258994263672835,0.996019266259088,0.00173226082420915,NS,-0.17662389851944926,0.4437814884812348,0.3528308175121322,NS
Td00001aa003840_T002,-0.575615328461903,3.9981737287967e-4,3.39813833882757,NS,0.0774875144021102,0.662709886965933,0.178676550123076,NS,-0.2490639070298964,0.007446851196590693,2.128027324167267,NS
Td00001aa003847_T004,0.850399396770255,0.00291924432866664,2.53472955484033,NS,0.734239330907571,4.09554905355761e-7,6.38768786803149,NS,0.792319363838913,3.3292241981464615e-7,6.47765695739987,NS
Td00001aa003848_T001,-0.488026018218199,0.363170211067289,0.439889781570742,NS,-0.154004632201505,0.997040246176022,0.0012873107561578,NS,-0.321015325209852,0.8316347993997968,0.08006734609489927,NS
Td00001aa003862_T002,0.0143552929770701,0.56446621905996,0.248362043667869,NS,0.242975170978831,0.92936599174095,0.0318132236900241,NS,0.12866523197795054,0.9324567879083187,0.030371285211294827,NS
Td00001aa003870_T001,-0.103146927103293,0.607677092099202,0.216327135155774,NS,-0.231314325679985,0.0405448200210366,1.39206462307995,NS,-0.167230626391639,0.20364509768174296,0.6911260401588503,NS
Td00001aa003899_T001,-0.37894449670026,0.347436726161131,0.459124275911698,NS,-0.376800638963368,0.0335153608177608,1.47475610074231,NS,-0.377872567831814,0.12300188301927613,0.9100882399539254,NS
Td00001aa003919_T001,0.15704371014558,0.546838193391637,0.262141160161344,NS,-0.133922762800293,0.0673861871907664,1.17142911595143,NS,0.011560473672643498,0.25989105597899925,0.5852086662696865,NS
Td00001aa003921_T001,-0.169744675832317,0.188790026089225,0.724020953516932,NS,-0.596127835605797,3.54820361485484e-5,4.44999146599065,NS,-0.382936255719057,4.045818397071893e-4,3.3929936151192504,NS
Td00001aa003943_T001,0.280956313831056,0.238659445427118,0.622221372880804,NS,0.390557516419089,0.176598492250121,0.753013008630747,NS,0.3357569151250725,0.280880962568836,0.5514776952287718,NS
Td00001aa003944_T004,-0.558516520417355,0.00698424172928833,2.1558807378192,NS,-0.453528133410372,5.64876355974944e-5,4.24804660314385,NS,-0.5060223269138635,4.036121873884866e-5,4.39403572837255,NS
Td00001aa003995_T002,0.40381306161659,0.578204545957753,0.237918498143386,NS,-0.0472137813584805,0.141069388336166,0.850567216713495,NS,0.17829964012905475,0.41145771279374044,0.3856747923934607,NS
Td00001aa004007_T001,-0.518701058452435,0.110739390188676,0.955697872357606,NS,-0.492535366323483,0.00451577593476935,2.34526761517652,NS,-0.505618212387959,0.012207369428738799,1.9133779122768106,NS
Td00001aa004024_T001,0.116364756691785,0.773621843001804,0.111471276565658,NS,-0.0564763362639905,0.984447079841231,0.0068076249302934,NS,0.029944210213897253,0.9990517914532815,4.11997100002581e-4,NS
Td00001aa004040_T001,3.06626144226872,0.00175875200755151,2.75479539382554,Up,2.82923915273416,3.14539115131224e-24,23.5023253393146,Up,2.94775029750144,8.173367379240327e-22,21.087598979829394,Up
Td00001aa004045_T001,0.523060061795249,0.380139981619347,0.420056450619206,NS,0.123531070739741,0.370579375572867,0.431118754807037,NS,0.323295566267495,0.5468576875170382,0.26212567836016015,NS
Td00001aa004059_T001,-0.98850436116217,0.0227975386889035,1.6421120385929,NS,-0.910346644930774,1.36921029852759e-8,7.86352984297202,NS,-0.949425503046472,1.0162607904062647e-7,6.992994830141767,NS
Td00001aa004106_T001,0.183962834842595,0.267827695391736,0.572144515696327,NS,0.114730189220061,0.299556539362581,0.523521195258777,NS,0.149346512031328,0.407350755466365,0.3900314739168112,NS
Td00001aa004112_T002,0.0454429707611671,0.721985410446378,0.141471578367549,NS,-0.191839145530552,0.208503621421214,0.680886397526716,NS,-0.07319808738469245,0.5660250251939702,0.2471643672863034,NS
Td00001aa004117_T001,-0.473931188332412,0.0455071312704049,1.3419205411735,NS,-0.489508520581203,5.27395225467667e-8,7.27786380621197,NS,-0.4817198544568075,5.782914096585119e-7,6.23785325895979,NS
Td00001aa004160_T001,0.0114956388378294,0.409564467379715,0.387677728522214,NS,-0.154765210352961,0.339721897586999,0.468876458738747,NS,-0.0716347857575658,0.5443775987204559,0.26409975443171024,NS
Td00001aa004171_T002,0.603121869839996,0.00617422830610039,2.20941731553316,NS,0.81938563252866,9.50458922273614e-7,6.02206664809407,NS,0.711253751184328,1.2292445386788611e-6,5.910361712528875,NS
Td00001aa004183_T001,0.335711910320462,0.255220357896779,0.593084686653044,NS,0.331000514158629,0.446692068177952,0.349991759140274,NS,0.3333562122395455,0.49414997625162166,0.30614122117085024,NS
Td00001aa004206_T002,-0.215914857265243,0.844807501195437,0.0732422386155153,NS,0.304708305310533,0.875904284793129,0.0575433491484914,NS,0.044396724022644996,0.9963807869145537,0.0015746555006842815,NS
Td00001aa004212_T001,-0.254977850962736,0.0614640483326249,1.21137883830975,NS,0.243949813834977,0.0743177561235438,1.12890741147236,NS,-0.005514018563879508,0.06331717178547999,1.1984784921892027,NS
Td00001aa004249_T001,-2.1456053222469,0.079564740860049707,1.0992793473674,NS,-1.54170070648808,6.64353502329501e-8,7.17760077114595,Down,-1.84365301436749,1.1278161593731033e-6,5.947761687122827,Down
Td00001aa004250_T001,0.754459973625479,0.0423915058262012,1.37272115619907,NS,-0.0538285845568825,0.919498550854104,0.0364489508811096,NS,0.3503156945342982,0.26875288143401116,0.5706468707631007,NS
Td00001aa004258_T003,0.0717626693000913,0.649827404273837,0.18720197770333,NS,-0.190988245738406,5.32074729943343e-7,6.27402736672228,NS,-0.05961278821915735,3.605844429956072e-5,4.442993014349356,NS
Td00001aa004275_T001,-0.267079617891743,0.165059109736846,0.782360501631966,NS,-0.48088533620362,8.29551651809386e-6,5.0811565675692,NS,-0.3739824770476815,1.1126676252627377e-4,3.953634548218731,NS
Td00001aa004277_T002,0.225274929869569,0.51902918467966,0.284808221363528,NS,0.0714793221254674,0.997999476467963,8.6968653540868e-4,NS,0.1483771259975182,0.9297366918105094,0.03164002938697808,NS
Td00001aa004295_T001,2.62854031926276,2.1808097731973e-4,3.66138221523457,Up,2.81770281159142,1.70305161605915e-22,21.7687721892482,Up,2.72312156542709,2.6586978286680743e-21,20.57533101911794,Up
Td00001aa004305_T001,-0.00578235259400611,0.556040237363112,0.25489377994227,NS,0.00634593287008802,0.283390635173938,0.547614505392305,NS,2.8179013804095505e-4,0.5792410715338226,0.2371406517347537,NS
Td00001aa004315_T001,-0.696657605512669,0.0168533209300167,1.77331450906721,NS,-0.210024974273813,0.500443367952863,0.300645061795349,NS,-0.45334128989324096,0.0979108732891047,1.0091690758450644,NS
Td00001aa004318_T001,-0.0908029370083126,0.368421158744542,0.433655435852702,NS,-0.293431147238095,3.5473490057668e-4,3.45009608138363,NS,-0.1921170421232038,0.004332620343045483,2.363249365464655,NS
Td00001aa004331_T001,0.684369929013007,0.161834194596682,0.790929709203191,NS,-0.168557245052469,0.245207389379436,0.610466446395226,NS,0.25790634198026896,0.2717187377230016,0.5658804116037911,NS
Td00001aa004340_T001,0.238786859587116,0.868007906153487,0.0614763190825,NS,0.723733312969605,4.20213596544732e-6,5.37652989955306,NS,0.4812600862783605,2.475236532274586e-4,3.6063832937997735,NS
Td00001aa004346_T001,0.216610068742442,0.105128549082979,0.978279329399638,NS,-0.148408723062295,0.0489803718924735,1.30997792173813,NS,0.03410067284007351,0.0693488007468373,1.1589610448074852,NS
Td00001aa004354_T003,0.63876894441695,0.185763368802172,0.731039921642283,NS,0.451082577629949,0.00250192103472208,2.60172640156732,NS,0.5449257610234495,0.011592582137367361,1.9358198182978876,NS
Td00001aa004356_T001,-0.0923401721467106,0.957123697667127,0.0190319308306053,NS,0.375561951751119,9.4140030813425e-4,3.02622566387838,NS,0.1416108898022042,0.018946126137939053,1.7224795756116094,NS
Td00001aa004358_T001,-0.132894270497345,0.0822298724091538,1.08497038360735,NS,-0.00882512944160305,0.210423561992742,0.676905632053935,NS,-0.07085969996947403,0.16168245425668817,0.7913371070753407,NS
Td00001aa004363_T001,-0.0174170530774094,0.750830666833161,0.124457997419328,NS,-0.461737100239534,0.0247242139815148,1.60687750636039,NS,-0.23957707665847172,0.1694861358691105,0.7708658217193152,NS
Td00001aa004380_T001,0.01292617444427,0.782620366149263,0.106448854632175,NS,0.189470086395319,0.313527069316534,0.503724957074772,NS,0.1011981304197945,0.7118103564886006,0.14763569751631053,NS
Td00001aa004381_T002,0.333423733725192,0.382370445059216,0.417515683455922,NS,-0.0681607385073022,0.995941470389776,0.00176618349763612,NS,0.1326314976089449,0.8479403040936557,0.07163472146414847,NS
Td00001aa004406_T001,0.445726703349984,0.592856812698946,0.227050185157938,NS,0.0665787567237631,0.868968337752242,0.0609960474753817,NS,0.25615273003687355,0.9292354286636655,0.03187424034854579,NS
Td00001aa004413_T003,-0.946193556304206,0.0382265436842555,1.41763496765489,NS,-0.546435130350925,6.62543922154239e-6,5.17878532566749,NS,-0.7463143433275654,2.800184677897862e-5,4.552813325105251,NS
Td00001aa004459_T002,-0.388355456626338,0.782620366149263,0.106448854632175,NS,0.211939007152196,0.350341713998901,0.455508149633541,NS,-0.08820822473707102,0.7477922825345793,0.12621902122237355,NS
Td00001aa004461_T001,0.426533138116673,0.0088867919304438,2.05125498800074,NS,0.337639971151897,0.0487688729300813,1.31185728102731,NS,0.382086554634285,0.011055993875241846,1.9564022105586436,NS
Td00001aa004518_T002,-0.710755714843358,2.791365172255e-4,3.55418334447835,NS,-0.748609774196592,1.84835443590499e-8,7.73321474588745,NS,-0.729682744519975,3.078583110561813e-9,8.511649117540692,NS
Td00001aa004575_T001,0.417920007811965,0.492805565977449,0.307324395690138,NS,0.419973790421914,2.84383929396396e-5,4.5460949493335,NS,0.4189468991169395,7.298984381989862e-4,3.1367375656306367,NS
Td00001aa004618_T002,-0.32373259173411,0.132253216260127,0.878593757576022,NS,-0.214673688818897,8.918855046455e-4,3.04969089438197,NS,-0.2692031402765035,0.003989427767064983,2.39908939389434,NS
Td00001aa004630_T001,-0.0350469470992008,0.546838193391637,0.262141160161344,NS,-0.676260054855482,0.0430527629635628,1.36599897193798,NS,-0.3556535009773414,0.19806619618660723,0.7031896388599085,NS
Td00001aa004632_T001,0.58111017522555,0.0610736198624294,1.21414633840125,NS,0.522390644913508,7.34525424848682e-5,4.13399316695285,NS,0.551750410069529,2.9303888296806956e-4,3.533074749823064,NS
Td00001aa004645_T002,-0.0649174766813385,0.761990109140629,0.118050665895996,NS,-0.213856237784311,0.676163865360998,0.16994804193115,NS,-0.13938685723282476,0.9292354286636655,0.03187424034854579,NS
Td00001aa004647_T002,0.12565110166152,0.717687024449346,0.144064905601305,NS,0.313740913001742,0.178538401193816,0.748268358639185,NS,0.219696007331631,0.5227492987782044,0.281706541077408,NS
Td00001aa004670_T003,0.364012053558615,0.261078927066097,0.583228180755558,NS,0.705329386761711,0.0344346404926176,1.46300444681217,NS,0.534670720160163,0.10244115238761463,0.9895255446826489,NS
Td00001aa004680_T001,-1.96015973546821,0.00157972897578456,2.80141741584149,Down,-1.2473848588998,6.64837339830974e-8,7.17728459688467,Down,-1.6037722971840052,4.168216129791439e-8,7.380049770144654,Down
Td00001aa004682_T001,-0.960159735468209,0.00907948041565841,2.04193900379928,NS,-0.372400794898096,1.35021361451443e-7,6.86959751723397,NS,-0.6662802651831525,3.391485370546587e-7,6.469610051960184,NS
Td00001aa004700_T002,1.5119739817818,0.00613066466579465,2.2124924381996,Up,0.0299145179081937,0.364877361835504,0.437853080825288,NS,0.7709442498449969,0.037373022585550225,1.4274417766715994,NS
Td00001aa004701_T002,-0.295128035543647,0.0276704004145059,1.55798455619869,NS,-0.19014105439154,0.141192386222897,0.850188721914069,NS,-0.2426345449675935,0.05639569115296262,1.2487540765127119,NS
Td00001aa004721_T002,1.41142624572647,0.0736326220981271,1.13292973378282,NS,1.57744686311704,6.47359740741984e-17,16.1888543128378,Up,1.494436554421755,1.8740153929751755e-14,13.727226846182113,Up
Td00001aa004731_T001,-0.390245037827557,0.0532655131784831,1.27355388447843,NS,-0.00825253361309759,0.979219841200744,0.00911979532443552,NS,-0.19924878572032728,0.31784415096334523,0.49778577614076397,NS
Td00001aa004734_T001,-0.237863830098888,0.663028065700408,0.178468087702555,NS,-0.591961645331951,2.06003457115285e-8,7.68612549131292,NS,-0.4149127377154195,2.43196193854456e-6,5.614043226278176,NS
Td00001aa004735_T002,-0.261880711217424,0.185961053835863,0.730578001347828,NS,-0.353053261524001,2.34750436202322e-6,5.62939359207533,NS,-0.3074669863707125,4.378141981596495e-5,4.358710158523216,NS
Td00001aa004745_T002,0.759581973233555,3.2553907638925e-4,3.48739687302009,NS,0.339014304620059,8.65280690226992e-7,6.06284298797737,NS,0.549298138926807,9.266779397188831e-8,7.0330711755700115,NS
Td00001aa004757_T002,-0.160040412510468,0.323912581913467,0.489572182124236,NS,-0.320949004099583,0.00143993209058613,2.84165798941806,NS,-0.2404947083050255,0.01161502149446387,1.9349799821686606,NS
Td00001aa004786_T001,0.556797246592743,0.26680516489391,0.573805767472081,NS,0.478350749672293,6.84639900578561e-8,7.16453779392713,NS,0.517573998132518,3.1066134554581854e-6,5.507712781056281,NS
Td00001aa004794_T001,0.169925001442312,0.313810789419243,0.503332128611777,NS,-0.039618681893042,0.952291236406302,0.0212302123073837,NS,0.06515315977463501,0.7737627926473827,0.1113921577065719,NS
Td00001aa004803_T002,-0.321928094887362,0.0278381411331496,1.55535976771695,NS,-0.0989739002220424,0.81880634524805,0.0868188004800537,NS,-0.2104509975547022,0.19407255088196812,0.7120358857527619,NS
Td00001aa004811_T003,-0.664288089679538,0.518116271060628,0.285572768799761,NS,0.366484398295407,0.124547904568521,0.90466357476725,NS,-0.1489018456920655,0.3584222123761052,0.4456050837938128,NS
Td00001aa004834_T001,-0.284545872884282,0.198146966833609,0.703012571311161,NS,-0.40170929099885,2.90382268847506e-5,4.53702990579834,NS,-0.343127581941566,3.585851170829008e-4,3.44540773960067,NS
Td00001aa004866_T002,0.314986485468515,0.726490447900657,0.138770091553582,NS,-0.0121287010668169,0.999839028593623,6.99146208120627e-5,NS,0.15142889220084904,0.9945832299246326,0.0023588678592683624,NS
Td00001aa004869_T001,0.835924074254375,0.00677164230814281,2.16930599027109,NS,1.06560764413154,1.32704516961682e-10,9.87711429448186,Up,0.9507658591929575,6.604523223767782e-10,9.180158528353827,NS
Td00001aa004878_T001,-0.0232697793228472,0.682295300647463,0.166027619940823,NS,-0.322550792607822,2.48687239762784e-7,6.60434649797406,NS,-0.1729102859653346,1.978627026935292e-5,4.7036360629990845,NS
Td00001aa004886_T001,-0.168122758808327,0.131956511740306,0.879569173514387,NS,0.332790268480346,0.00176959684472746,2.75212566474174,NS,0.08233375483600949,0.006816589940136694,2.1664328307033602,NS
Td00001aa004913_T002,-0.114035243246029,0.74693439324447,0.126717542633313,NS,0.180239528712381,0.00889797821196468,2.0507086620219,NS,0.033102142733176,0.08212300162324292,1.0855351854024253,NS
Td00001aa004916_T001,0.461528559472877,0.00816032989781343,2.08829228365988,NS,0.21666651491012,0.0551256879225189,1.25864597785808,NS,0.3390975371914985,0.011344025866906504,1.9452327918716972,NS
Td00001aa004922_T001,0.180147861158429,0.479470865362613,0.319237777224634,NS,0.0903070286275791,0.990774743557924,0.00402507281009079,NS,0.13522744489300406,0.9100328010923104,0.0409429537485115,NS
Td00001aa004930_T003,0.38404980679516,0.0324455569191992,1.48884476689406,NS,-0.307471341811407,0.027317469142682,1.56355953882219,NS,0.03828923249187649,0.018736544527379263,1.727310500484798,NS
Td00001aa004939_T001,0.16478627814334,0.37723612442472,0.423386725565898,NS,-0.378824932309342,1.1683211215374e-4,3.93243777182636,NS,-0.107019327083001,0.0018403406968542286,2.735101769888837,NS
Td00001aa004942_T001,-0.0938790470029001,0.289408546522947,0.538488647878524,NS,-0.0644335610594185,0.972247681431868,0.0122230838632452,NS,-0.07915630403115931,0.7542693178201317,0.12247355816291747,NS
Td00001aa004962_T002,-0.494109070270043,0.494789123223616,0.30557985588181,NS,-0.173482186584176,0.0981028793572079,1.00831824572305,NS,-0.3337956284271095,0.30560992647155577,0.5148325436113739,NS
Td00001aa004979_T001,0.20163386116965001,0.242947148210052,0.614488194456118,NS,0.224370037158494,0.0474659217734148,1.3236180808451,NS,0.213001949164072,0.1221265940996129,0.9131897544572264,NS
Td00001aa005001_T003,-0.15521264992094,0.166385537174084,0.778884426834171,NS,0.325074859766931,4.570677927866e-4,3.34001938012799,NS,0.0849311049229955,0.002860804013062259,2.5435118936666243,NS
Td00001aa005018_T003,-0.502259911390907,0.133756048582692,0.873686569630542,NS,0.086031229189292,0.944354230699513,0.0248650697046244,NS,-0.20811434110080748,0.5191753594341595,0.2846859277556795,NS
Td00001aa005088_T002,-0.248107861595691,0.20849670151985,0.680900811304417,NS,-0.0725127616201323,0.994313960861389,0.00247646274508753,NS,-0.16031031160791165,0.6577374085407496,0.18194745712080548,NS
Td00001aa005106_T004,-0.15360697914764,0.452971823149361,0.343928812184389,NS,-0.19823139158738,0.663440446201749,0.178198055537691,NS,-0.17591918536751,0.7749676913119004,0.11071640301297234,NS
Td00001aa005115_T001,-0.0785636691937021,0.586163757583744,0.231981037429446,NS,-0.123566050482419,0.12189425917625,0.914016747759684,NS,-0.10106485983806054,0.37966274685934415,0.4206020144671069,NS
Td00001aa005150_T002,0.00432160595009347,0.831639883352849,0.0800646911723183,NS,0.0393167090788529,0.741280808993199,0.130017243175495,NS,0.021819157514473185,0.968257167693339,0.01400927938898191,NS
Td00001aa005153_T003,0.435095151620097,0.127530530157017,0.894385834904383,NS,0.230732789054097,0.533351177666663,0.272986741627758,NS,0.332913970337097,0.37019345373930196,0.4315712652968776,NS
Td00001aa005184_T001,-0.192645077942396,0.676868109062737,0.16949594739535,NS,-1.99024082701818,2.59724877281229e-6,5.58548645026087,Down,-1.091442952480288,1.3773652667812585e-4,3.8609508728792523,Down
Td00001aa005203_T002,0.0398402645317911,0.977622678597887,0.00982873235143976,NS,-0.302389232848436,2.27465013304676e-8,7.6430853932803,NS,-0.13127448415832244,3.5972702950457794e-6,5.444026928532179,NS
Td00001aa005205_T001,0.0962618530584035,0.702791350004181,0.153173592464977,NS,0.0706989524659868,0.824704746225494,0.0837015060387724,NS,0.08348040276219515,0.9532154814423949,0.02080891276871565,NS
Td00001aa005230_T005,-1.81096617560998,0.152612872305682,0.816408833775914,NS,-1.96851008782918,9.77019218621332e-9,8.01009689333435,Down,-1.88973813171958,3.960368803276969e-7,6.4022643691830465,Down
Td00001aa005231_T002,0.0398402645317911,0.942861160520095,0.0255522538790655,NS,-0.0708962730151452,0.520835817040867,0.283299157680373,NS,-0.015528004241677051,0.9173931818879213,0.03744449189038479,NS
Td00001aa005240_T002,-0.473931188332412,0.16439049020837,0.784123309481406,NS,-0.0760840086681096,0.748422899759523,0.12585293270724,NS,-0.2750075985002608,0.5131753655511088,0.28973419965097075,NS
Td00001aa005256_T003,0.0271540515037266,0.455362647747402,0.341642596343826,NS,-0.114320004850703,0.255716797845907,0.592240742555708,NS,-0.0435829766734882,0.4998443343634982,0.3011652261697258,NS
Td00001aa005266_T002,-0.0573916638883367,0.826528977754055,0.0827419156459864,NS,-0.272064699645887,1.3474154451148e-4,3.87049847873657,NS,-0.16472818176711185,0.0038257001283982578,2.4172890744775213,NS
Td00001aa005316_T002,-0.438307278601691,0.00675105226476471,2.17062852981135,NS,-0.76947646374038,2.8131927184844e-6,5.55080051536148,NS,-0.6038918711710355,3.1992546358121325e-6,5.494951192073737,NS
Td00001aa005362_T004,-0.727379545337008,0.0770251953025125,1.11336719182704,NS,0.458420033495325,0.117903973646021,0.928471557895082,NS,-0.1344797559208415,0.10287267684976857,0.9876999592423059,NS
Td00001aa005368_T002,-0.0276749584428483,0.53435183241872,0.272172696972566,NS,0.182308937589619,0.780218424807577,0.107783798067064,NS,0.07731698957338534,0.872873768746708,0.059048557555123185,NS
Td00001aa005386_T003,0.441483479582645,0.277256955157998,0.557117550503049,NS,0.239329257487284,0.00350882020604985,2.45483888471161,NS,0.34040636853496453,0.020128420212901944,1.6961903095496316,NS
Td00001aa005388_T001,-0.488026018218199,0.0457008699403722,1.34007553282496,NS,0.661747080390893,0.734698266761661,0.133890984705418,NS,0.086860531086347,0.24578483189647835,0.6094449222100238,NS
Td00001aa005408_T002,0.412510571249805,0.129207978856683,0.888710666941272,NS,0.626506541971075,5.89764378288483e-6,5.22932146233685,NS,0.51950855661044,6.841198550514456e-5,4.164867804964796,NS
Td00001aa005420_T002,-0.15360697914764,0.25433038168729,0.594601756965415,NS,-0.399453638084948,7.72389309072199e-5,4.11216374608255,NS,-0.276530308616294,9.588899467337385e-4,3.0182312346113287,NS
Td00001aa005444_T003,-1.7809089417538,0.00549821918841996,2.25977795084689,Down,-1.1673209749763,3.72111677519249e-13,12.4293267008395,Down,-1.4741149583650501,3.806119334024671e-12,11.41951759931333,Down
Td00001aa005455_T001,-0.584241333477502,0.00645653001388511,2.19000082576777,NS,-0.514396446634206,1.12806631863603e-8,7.94766536757694,NS,-0.549318890055854,3.066370989302518e-8,7.513375302560589,NS
Td00001aa005464_T001,0.0468402542029724,0.863272614773029,0.0638520358079427,NS,-0.55079496468466,5.44740772382796e-6,5.26381011773554,NS,-0.25197735524084386,3.0423632377643756e-4,3.516788935339221,NS
Td00001aa005467_T001,-0.823677227359537,0.0556141690866624,1.25481454704745,NS,-0.651168422941149,1.63527041612694e-5,4.78641042005509,NS,-0.737422825150343,7.912297003715248e-5,4.101697419002672,NS
Td00001aa005489_T002,-0.367731784500487,0.0625090716214536,1.20405695114797,NS,-0.441468316691362,1.81000298257671e-5,4.74232070948687,NS,-0.4046000505959245,9.537288021428623e-5,4.020575101686805,NS
Td00001aa005500_T001,1.19597745864259,0.024932662057948,1.60323134944023,Up,-0.128895680196362,0.245393884070122,0.61013626535676,NS,0.5335408892231139,0.07783816989026543,1.1088073836325947,NS
Td00001aa005503_T002,0.505890929729957,0.0170499160119061,1.76827775600612,NS,0.293117142242832,4.95691443652329e-6,5.3047885775779,NS,0.3995040359863945,1.107928783938021e-5,4.955488154532451,NS
Td00001aa005508_T001,-0.442222328605074,0.167432005716688,0.776161520192617,NS,-0.110081971258103,0.03455135676185,1.46153489408962,NS,-0.2761521499315885,0.07498995058833212,1.1249969325610707,NS
Td00001aa005535_T003,-0.526992432083826,0.0325040670670297,1.48806229458237,NS,-0.615894431712843,1.80227657961918e-9,8.74417856086789,NS,-0.5714434318983345,2.5717805542362366e-8,7.589766091793785,NS
Td00001aa005553_T002,-0.41119543298445,0.193636733198753,0.713012252852687,NS,-0.484051553816929,4.30269367045263e-5,4.36625957233895,NS,-0.4476234934006895,4.8342063503161977e-4,3.315674815473472,NS
Td00001aa005585_T002,-0.144010302691519,0.535584751349471,0.271171796296051,NS,-0.424733354931885,1.13502952144722e-5,4.94499284258109,NS,-0.284371828811702,3.74287685159655e-4,3.4267944618387998,NS
Td00001aa005591_T003,-0.349235440883098,0.373417939172216,0.42780482217601,NS,-0.0969064497913394,0.961166267751323,0.017201479219081,NS,-0.22307094533721872,0.8303010271661249,0.08076442481033454,NS
Td00001aa005598_T002,0.0412429822318813,0.888137490397284,0.0515197969480491,NS,-0.196230924837786,0.116231889134371,0.934674703485382,NS,-0.07749397130295235,0.4694599280813987,0.3284014721004164,NS
Td00001aa005601_T001,0.478195257939166,0.159211644474294,0.798025171862225,NS,0.37634847608968103,0.616618334556854,0.209983566086176,NS,0.42727186701442355,0.4564862410198852,0.3405723080293378,NS
Td00001aa005618_T001,-1.04990490582631,8.1434764830487e-4,3.08919015345416,Down,-0.547040415934572,5.83716304283315e-6,5.23379817586684,NS,-0.7984726608804409,1.0323505553644757e-6,5.986172804250795,NS
Td00001aa005634_T002,-0.126580496565143,0.790508577233815,0.102093413492548,NS,-0.159954279486337,0.342317214952223,0.465571259872458,NS,-0.14326738802574002,0.7444661725399253,0.12815503117307142,NS
Td00001aa005636_T001,0.196607044094818,0.959520161402759,0.0179458954527674,NS,0.0620368475363481,0.411287614155598,0.38585436898553,NS,0.12932194581558304,0.8597308947917905,0.06563746642620799,NS
Td00001aa005646_T001,0.26663664251399,0.608046947061777,0.216062887729332,NS,-0.321028884300052,6.08977685311723e-6,5.21539862087047,NS,-0.027196120893031,2.5047904504922657e-4,3.6012286011346815,NS
Td00001aa005658_T001,-0.158429362604483,0.0891081848759079,1.05008240277363,NS,-0.357091718334744,2.2545795967348698e-12,11.6469344275508,NS,-0.2577605404696135,1.7808509277354233e-10,9.749372433131663,NS
Td00001aa005664_T002,0.111031312388744,0.525248261755041,0.279635376164167,NS,-0.0881768182340133,0.0887524857618327,1.05181947446972,NS,0.011427247077365352,0.29920103129962844,0.5240369138591607,NS
Td00001aa005677_T001,-0.0291463456595165,0.644552959384122,0.19074139324716,NS,0.0657083394214831,0.720864293852019,0.142146485597371,NS,0.0182809968809833,0.9047013043818206,0.043494783524997374,NS
Td00001aa005690_T002,0.202887833470143,0.426041317656327,0.37054828080336,NS,-0.0350475858243714,0.928896141148302,0.0320328412783535,NS,0.0839201238228858,0.860293195837479,0.0653535119730803,NS
Td00001aa005694_T001,-0.77595972578207,0.0577277063594754,1.23861569757173,NS,-0.436821907248332,1.26122065907069e-6,5.89920892402712,NS,-0.606390816515201,9.713136826034664e-6,5.012640493445479,NS
Td00001aa005698_T001,-0.109358756036556,0.342077441047591,0.4658755652525,NS,0.00854320747250209,0.314400951451362,0.502516148353206,NS,-0.05040777428202695,0.4801501275057373,0.31862295147157915,NS
Td00001aa005711_T001,0.16478627814334,0.973862038857488,0.0115025626354104,NS,0.230955601021648,0.299069606186479,0.524227721158621,NS,0.197870939582494,0.765480838608407,0.11606567601834866,NS
Td00001aa005723_T001,-0.0232697793228472,0.753962927670255,0.122650007849137,NS,-0.382079865163589,1.73218659884061e-5,4.76140532566641,NS,-0.2026748222432181,6.890290290950963e-4,3.161762480689996,NS
Td00001aa005725_T001,0.141432790929296,0.5059352313385,0.29590507697976,NS,-0.225863845859944,0.0194835693414337,1.71033147850008,NS,-0.042215527465324004,0.10942268153315483,0.96089264652453,NS
Td00001aa005738_T001,-0.749038426466781,0.0321603797062258,1.49267883233201,NS,-0.716961547726452,3.7043704875507e-4,3.43128558444893,NS,-0.7329999870966165,6.378222487714352e-4,3.1953003355945717,NS
Td00001aa005745_T001,-0.0232697793228472,0.525248261755041,0.279635376164167,NS,-0.193425641591611,0.0995224829822815,1.00207879732316,NS,-0.1083477104572291,0.31809185555155456,0.4974474504597525,NS
Td00001aa005755_T002,0.0745054363636298,0.759402929277842,0.119527731970058,NS,-0.609436436220437,0.0728074135499241,1.13782439678726,NS,-0.2674654999284036,0.32845676188153106,0.4835217929601508,NS
Td00001aa005757_T001,0.0468402542029724,0.990683987593335,0.00406485644426753,NS,-0.193995118113305,0.99993849579752,2.67117572020889e-5,NS,-0.0735774319551663,0.9999558984015862,1.9153503187400002e-5,NS
Td00001aa005796_T001,0.508935661864395,0.0354884781050206,1.44991262462433,NS,0.198411857917555,0.0135867707465923,1.86688375250861,NS,0.353673759890975,0.011893412336442455,1.924693524164087,NS
Td00001aa005799_T001,-0.662003536484984,0.0174694089197057,1.75772178919297,NS,0.411931121898707,1.4595542575563e-4,3.83577975588712,NS,-0.1250362072931385,1.8414722527663606e-4,3.734834820692449,NS
Td00001aa005805_T001,-0.586405917590825,0.740799757688705,0.1302991683813,NS,-0.0542655595778932,0.998327224940469,7.2708527255933e-4,NS,-0.32033573858435915,0.9963807869145537,0.0015746555006842815,NS
Td00001aa005806_T001,-0.560642821525743,0.258479349112692,0.587574148603543,NS,-0.656807542038208,9.9920978358069e-4,3.00034332229774,NS,-0.6087251817819754,0.007316023424839868,2.135724912645811,NS
Td00001aa005818_T001,0.034215715337913,0.920126127077465,0.036152637285601,NS,-0.122656935822398,0.97036783341078,0.013063608270645,NS,-0.044220610242242504,0.9999558984015862,1.9153503187400002e-5,NS
Td00001aa005860_T001,-0.106249498279434,0.638010052821961,0.195172478252647,NS,-0.0219497370097834,0.999999995550593,1.9323527957251e-9,NS,-0.0640996176446087,0.9733174578322354,0.011745486865852594,NS
Td00001aa005892_T003,0.238786859587116,0.306839431266229,0.513088830899861,NS,-0.153288267254704,0.0355104076467879,1.44964434212434,NS,0.042749296166206,0.11706392086433308,0.931576933995737,NS
Td00001aa005911_T002,-1.25153876699596,0.00549150772803673,2.26030840089255,Down,-0.312381105623487,0.0884363724047635,1.05336908016959,NS,-0.7819599363097234,0.011952023263695911,1.9225585702069787,NS
Td00001aa005913_T001,1.12697285625777,4.7993920492952e-4,3.31881377228239,Up,0.837445796451571,2.34694597015628e-13,12.6294969083277,NS,0.9822093263546705,3.192070374598066e-13,12.49592754245831,NS
Td00001aa005921_T001,-0.186064929518683,0.317798903559542,0.497847605488809,NS,-0.356962710115132,0.0520208882474455,1.28382223657554,NS,-0.2715138198169075,0.1574305725255826,0.802910925154512,NS
Td00001aa005930_T001,0.194087052116302,0.91803909279284,0.0371388248742197,NS,-0.184218656873387,0.921746896865385,0.0353883158064764,NS,0.004934197621457498,0.9996572672230563,1.4887246698859125e-4,NS
Td00001aa005934_T001,0.334568275666133,0.848520421353786,0.0713377010486771,NS,-0.462079107403798,5.4078973407615e-4,3.26697156129052,NS,-0.06375541586883249,0.011508966880025957,1.9389636597274118,NS
Td00001aa005944_T001,-0.329159664118438,0.104399672708743,0.981300862837682,NS,-0.52496324462924,7.99569157024062e-6,5.09714396692086,NS,-0.427061454373839,7.357761549301276e-5,4.1332542909137935,NS
Td00001aa005976_T004,-0.0694518807521452,0.364075141685881,0.438808972802397,NS,-0.660197303905365,0.0129639727386599,1.8872618908967,NS,-0.3648245923287551,0.06462218827122107,1.1896183397565465,NS
Td00001aa005997_T001,0.037030730944967,0.363170211067289,0.439889781570742,NS,-0.0744976836274442,0.889932928364215,0.0506427236235859,NS,-0.018733476341238602,0.796219111920118,0.0989674021075743,NS
Td00001aa006013_T001,0.794103898559748,0.456522486056057,0.340537826389136,NS,-0.424154200701033,0.0102566709360061,1.98899357769708,NS,0.18497484892935748,0.06430492517469663,1.1917557627790756,NS
Td00001aa006065_T001,0.818032474658094,0.448178760926892,0.348548728414098,NS,1.20727417364965,1.50234901452578e-5,4.82322916355363,Up,1.012653324153872,4.057174910788163e-4,3.391776268817077,Up
Td00001aa006108_T001,-0.818579359719858,0.00171650597465097,2.76535468058462,NS,-0.638035861626564,5.41454927620543e-9,8.26643768954723,NS,-0.7283076106732109,5.174497216436006e-9,8.286131842341664,NS
Td00001aa006129_T001,-0.270555993166337,0.00308127132799853,2.51127005726104,NS,-0.305193168631187,8.05357763347011e-7,6.09401115052486,NS,-0.287874580898762,5.941152547676135e-7,6.226129296341807,NS
Td00001aa006168_T001,-0.481968507397831,0.0512796719814945,1.29005476151347,NS,0.305603202748256,0.999968486244225,1.36864658942015e-5,NS,-0.0881826523247875,0.31516568533568173,0.5014610737986627,NS
Td00001aa006196_T003,0.432959407276106,0.417297397980317,0.37955432328329,NS,-0.131870325188354,0.929265035297248,0.0318604033892948,NS,0.150544541043876,0.8546769124086722,0.0681980275828535,NS
Td00001aa006197_T001,-0.261880711217424,0.806067205173642,0.0936287477491026,NS,0.0854328236447125,0.497170643628789,0.303494523003888,NS,-0.08822394378635576,0.8626576418099889,0.0641615261533981,NS
Td00001aa006198_T001,-0.577766999316952,0.0380880499368828,1.41921126213378,NS,-0.503519488728312,0.0489126001277235,1.31057925005731,NS,-0.540643244022632,0.03262068569414115,1.4865069142322263,NS
Td00001aa006199_T002,-0.365871442474959,0.291374483107414,0.535548483900529,NS,-0.390972235178308,8.3491559199705e-4,3.07835742844797,NS,-0.3784218388266335,0.0070075891593371865,2.154431367893496,NS
Td00001aa006225_T002,0.0894981508391026,0.245968650513342,0.609120241582235,NS,0.220875768144935,0.0045453269661002,2.34243487053539,NS,0.1551869594920188,0.022410476514212192,1.6495489089583468,NS
Td00001aa006231_T002,-0.49817873457909,0.0319886580850562,1.49500397806153,NS,-0.324048509745169,2.8916943724677e-4,3.5388476101897,NS,-0.41111362216212954,5.262923275775988e-4,3.278772961191158,NS
Td00001aa006258_T001,0.0989584800881688,0.945929871943724,0.0241410595356285,NS,-0.0447324095119298,0.901358751385249,0.0451023203006123,NS,0.027113035288119498,0.9996572672230563,1.4887246698859125e-4,NS
Td00001aa006273_T001,-0.77595972578207,0.468297862437638,0.32947782456611,NS,-1.32567293044776,0.00495823996447731,2.30467245846242,Down,-1.050816328114915,0.03843888824116759,1.415229181817968,Down
Td00001aa006274_T001,-0.510457064357526,0.362651398165571,0.440510643820816,NS,-1.05364275236056,0.177281357101486,0.751336932383575,NS,-0.7820499083590431,0.35789121522541817,0.4462489616433817,NS
Td00001aa006283_T001,-0.184424571137427,0.917718861919145,0.037290342128915,NS,-0.239563138743537,0.122098300298375,0.913290381724031,NS,-0.211993854940482,0.48860870195440465,0.3110388026570432,NS
Td00001aa006291_T005,-0.204233052217608,0.322272951620483,0.491776143308381,NS,-0.579625679640513,0.00739976051436978,2.13078233553534,NS,-0.3919293659290605,0.039253022888555075,1.4061268924660644,NS
Td00001aa006308_T001,-0.0619024389259069,0.94976038248403,0.0223859501755831,NS,-0.575517116122615,0.375281229017173,0.42564315777753,NS,-0.318709777524261,0.8281637619078407,0.0818837769099262,NS
Td00001aa006317_T002,0.611644543373662,0.00818020434422364,2.08723584737265,NS,0.0580678990343996,0.700350892345186,0.154684313661128,NS,0.3348562212040308,0.0745732103381525,1.1274171603539809,NS
Td00001aa006318_T001,-0.518701058452435,0.40511106040051,0.392425899484059,NS,-0.725555935758646,5.6538060734016e-4,3.24765909197242,NS,-0.6221284971055405,0.006708661985741926,2.1733640893918618,NS
Td00001aa006342_T001,-0.260151897300673,0.363170211067289,0.439889781570742,NS,-0.245360935770638,0.269567632015979,0.56933225635322,NS,-0.2527564165356555,0.45612696582333667,0.3409142518939157,NS
Td00001aa006360_T001,0.53605290024021,0.0591036439934487,1.22838574217357,NS,0.306975477030968,0.781684624013914,0.10696843066996,NS,0.421514188635589,0.2977034018531748,0.5262162026471252,NS
Td00001aa006367_T003,-0.352915787371046,0.572019524316556,0.242589147503772,NS,0.409898442244571,0.908818531165047,0.0415228261085494,NS,0.028491327436762498,0.9299700066081805,0.03153105808543607,NS
Td00001aa006372_T001,-0.756330919033137,0.0737916063126738,1.13199303572989,NS,-0.834847724503324,3.88919653574205e-5,4.4101401097629,NS,-0.7955893217682305,2.0243510558796924e-4,3.6937141714711,NS
Td00001aa006382_T002,-0.492078535042672,0.0445863629117155,1.35079795334665,NS,-0.701994753140151,1.84531108711677e-7,6.73393040889271,NS,-0.5970366440914116,1.6233556304895065e-6,5.789586328331279,NS
Td00001aa006447_T002,-0.251538766995964,0.198266497045957,0.702750666416668,NS,-0.291911956550382,0.0390125567025281,1.40879558710387,NS,-0.27172536177317297,0.09198495059222175,1.036283220582523,NS
Td00001aa006454_T006,-0.552156355637914,0.0822298724091538,1.08497038360735,NS,0.163609625559509,0.996838213569212,0.00137532178428576,NS,-0.19427336503920248,0.412437106969711,0.3846422681527919,NS
Td00001aa006468_T001,0.329984649758421,0.573590463271721,0.241398078021738,NS,-0.0340989224674941,0.999358570280947,2.7865876707783e-4,NS,0.14794286364546344,0.952193186377998,0.021274930537442352,NS
Td00001aa006493_T002,-0.00433459026389113,0.455362647747402,0.341642596343826,NS,-0.112473105799315,0.49784364595221,0.302907031461301,NS,-0.05840384803160307,0.6861706435922892,0.1635678662836349,NS
Td00001aa006501_T002,-0.253257284222264,0.111889470932674,0.951210779700284,NS,-0.367548096658587,2.09719369426871e-7,6.67836145677007,NS,-0.3104026904404255,3.754196956812164e-6,5.425482946681939,NS
Td00001aa006513_T001,-0.107803289534515,0.579593835036912,0.23687624263442,NS,-0.377467988227334,5.19596082365278e-5,4.28433413206698,NS,-0.2426356388809245,0.001349821251250704,2.869723738716291,NS
Td00001aa006532_T001,2.57482812358744,0.18040490781346,0.743751651897673,NS,0.0812154955834686,0.999966220345855,1.46705651806585e-5,NS,1.3280218095854543,0.6201513771947883,0.2075022875082342,NS
Td00001aa006536_T002,-1.21759143507263,0.110554864268371,0.956422144279867,NS,-1.34002016086624,1.20151243503595e-7,6.92027173011223,Down,-1.2788057979694352,2.3964522008685354e-6,5.620431228932181,Down
Td00001aa006561_T001,0.138814468902282,0.338385260515208,0.470588562347918,NS,-0.190103866457882,0.999985071232541,6.48352972454638e-6,NS,-0.0256446987778,0.8109692408557907,0.0909956177739634,NS
Td00001aa006588_T004,-0.440263475567017,0.656887849426815,0.182508771281412,NS,-0.00709303586043728,0.95262142834252,0.0210796536597793,NS,-0.22367825571372713,0.969949161626128,0.013251028005760355,NS
Td00001aa006589_T003,1.23266075679027,0.0709173351482076,1.14924759219369,NS,0.577616197507076,4.012045616201e-4,3.3966341377773,NS,0.905138477148673,0.0012858292373262973,2.89081670342667,NS
Td00001aa006630_T003,0.101650076094435,0.85807965579248,0.0664723945925684,NS,-0.143072786917181,0.930113042126578,0.0314642658671843,NS,-0.020711355411373006,0.9994613743274616,2.3398517826530608e-4,NS
Td00001aa006669_T002,-0.118726938570751,0.34137613760796,0.466766839599083,NS,-0.18590488937525,0.0392565927351822,1.40608739756649,NS,-0.15231591397300048,0.1358316448623716,0.8669990401578694,NS
Td00001aa006670_T001,0.149259365499623,0.0880773485659011,1.05513576761181,NS,0.276783838144169,0.539808753030105,0.267760077612303,NS,0.213021601821896,0.3020632703273837,0.5199020799697472,NS
Td00001aa006676_T001,-0.045431429247006,0.5836915745254,0.233816575601156,NS,-0.286999358858679,0.105074501824042,0.978502660381128,NS,-0.1662153940528425,0.3482114267271533,0.45815698140041217,NS
Td00001aa006718_T004,0.510961919277379,0.0396233772203047,1.40204851098741,NS,-0.100902557934077,0.905316505032774,0.043199561835055,NS,0.205029680671651,0.25632612211458644,0.5912071327461735,NS
Td00001aa006740_T001,0.105678077894537,0.621477694020056,0.206574454372055,NS,0.00978751086085354,0.999996365697782,1.5783602669924e-6,NS,0.05773279437769527,0.9690876177010151,0.013636955494299908,NS
Td00001aa006742_T001,0.574343753920013,0.95339183535738,0.0207285715975856,NS,0.101274208080315,0.999990630141666,4.0692968351152e-6,NS,0.337808981000164,0.9999558984015862,1.9153503187400002e-5,NS
Td00001aa006749_T002,-0.341902794648628,0.030917875910923,1.50979035019524,NS,-0.238371137295509,0.224011953597592,0.649728806474048,NS,-0.2901369659720685,0.0846314727011059,1.0724681017528936,NS
Td00001aa006763_T001,0.219091058246197,0.0484644349163204,1.31457684666658,NS,-0.167576171732906,0.19556334403228,0.708712545133148,NS,0.0257574432566455,0.10620633493710763,0.9738495779233299,NS
Td00001aa006764_T001,0.0690146779151805,0.866217907672754,0.0623728421680911,NS,-0.0503429559036565,0.975226429699593,0.0108945373761868,NS,0.009335861005762,0.9996572672230563,1.4887246698859125e-4,NS
Td00001aa006775_T001,0.408168370708106,0.0986049861645928,1.00610112350689,NS,-0.793665667580113,3.2012007651968e-5,4.49468708796679,NS,-0.1927486484360035,2.1924392791218233e-4,3.6590724258330742,NS
Td00001aa006778_T001,0.600269753509005,0.772365548679349,0.11217710614088,NS,-0.63757014433697,0.284770264185625,0.545505361855133,NS,-0.018650195413982495,0.6779592045885859,0.16879643851510492,NS
Td00001aa006801_T002,-0.685013514531485,0.0380866701897167,1.41922699482251,NS,-0.112497880452525,0.999897077526949,4.47009625161973e-5,NS,-0.398755697492005,0.2654475629386081,0.5760212575414082,NS
Td00001aa006823_T001,0.497740088609093,0.285122707842745,0.544968193079606,NS,-0.349563785628222,0.249303608928317,0.603271434587645,NS,0.07408815149043552,0.37875797906967057,0.42163820936903645,NS
Td00001aa006829_T002,-0.236163541109049,0.18137620472155,0.741419689910879,NS,-0.353745430289949,0.00574526642457093,2.24068982702128,NS,-0.294954485699499,0.021189802460650553,1.6738730919276814,NS
Td00001aa006830_T001,0.291603558030565,0.459029195165184,0.338159691595822,NS,-0.35218311474803,0.00400227677235634,2.39769288157916,NS,-0.030289778358732505,0.032400663712180054,1.4894460933864417,NS
Td00001aa006833_T001,0.416839741912829,0.799339839782636,0.0972685408815259,NS,-0.229339607914462,0.973658733100807,0.011593236449891,NS,0.0937500669991835,0.9990517914532815,4.11997100002581e-4,NS
Td00001aa006835_T001,0.0881415968690176,0.324169931518176,0.48922727073779,NS,-0.100599457200855,0.124645788193376,0.904322391811464,NS,-0.006228930165918703,0.2739919879503265,0.5622621365950732,NS
Td00001aa006869_T002,-0.826232932263294,0.110149449465892,0.958017669139839,NS,-0.310483451654279,0.694813782226642,0.158131575536375,NS,-0.5683581919587865,0.39568430802437765,0.4026511725632721,NS
Td00001aa006888_T001,0.185232254230161,0.317798903559542,0.497847605488809,NS,0.0504754765002103,0.73332125601984,0.134705726379908,NS,0.11785386536518563,0.6953477171452951,0.1577979668148361,NS
Td00001aa006889_T002,-0.15200309344505,0.0618103729476375,1.20893863598086,NS,-0.337154265802022,3.66467204911883e-5,4.4359648842236,NS,-0.24457867962353602,1.6679257769283248e-4,3.777823279470266,NS
Td00001aa006923_T001,-0.204233052217608,0.199467430008441,0.700128007858816,NS,0.0010465477242943,0.99992929049456,3.07098337821103e-5,NS,-0.10159325224665686,0.6464542769885049,0.18946218687610492,NS
Td00001aa006933_T002,-0.401634794676355,0.0178078200987635,1.74938924039195,NS,-0.122396937493601,0.597187018431584,0.223889641477498,NS,-0.262015866084978,0.11541238961989962,0.9377475667892023,NS
Td00001aa006947_T001,0.00144197417390632,0.907606128879847,0.0421025800747717,NS,0.138517801316294,0.509847520143742,0.292559688728638,NS,0.06997988774510015,0.9035107071923749,0.04406669639910714,NS
Td00001aa006949_T001,-0.469929257774916,0.0656693123791034,1.18263753116976,NS,-0.477252678983688,0.00348304606371417,2.45804078190565,NS,-0.47359096837930204,0.006708661985741926,2.1733640893918618,NS
Td00001aa006961_T001,0.758729568457863,0.0937336948903199,1.02810426317378,NS,1.17444657677515,1.1174059848999e-4,3.9517890068598,Up,0.9665880726165065,5.759618152230508e-4,3.2396063082219775,NS
Td00001aa006965_T002,0.503857532577429,0.0168533209300167,1.77331450906721,NS,0.268179157122865,0.00213971562685208,2.66964394155521,NS,0.386018344850147,0.0015577112720323806,2.8075130374102013,NS
Td00001aa006970_T002,0.43722773891291,0.117668786462997,0.929338725471585,NS,0.1296091461138,0.392906614062365,0.405710660354366,NS,0.283418442513355,0.2977034018531748,0.5262162026471252,NS
Td00001aa006981_T002,0.200378797984026,0.3651285808289,0.437554170856172,NS,-0.0233136760528201,0.540253290246647,0.267402579499582,NS,0.08853256096560294,0.6441538705267301,0.1910103793192016,NS
Td00001aa006982_T002,0.172487515510134,0.805812325575016,0.093766093998675,NS,0.0767517846982832,0.950048777456142,0.0222540965677575,NS,0.1246196501042086,0.9990517914532815,4.11997100002581e-4,NS
Td00001aa006985_T003,0.237563718317676,0.390832405774106,0.408009434038722,NS,-0.141176177739174,0.603602197556169,0.219249187742073,NS,0.048193770289250995,0.6994064039690243,0.15527039548162574,NS
Td00001aa007000_T001,-0.390245037827557,0.463993766677273,0.333487853746515,NS,-0.418015857832098,9.81353550763909e-8,7.0081745018109,NS,-0.4041304478298275,6.621401557970735e-6,5.179050073329583,NS
Td00001aa007009_T001,0.260627908126699,0.851739485081458,0.0696932191915942,NS,0.010078163905965,0.924372940638861,0.0341527761994518,NS,0.135353036016332,0.9990517914532815,4.11997100002581e-4,NS
Td00001aa007012_T001,-0.343732465205711,0.351807321801033,0.453695126263728,NS,-0.823364308421971,5.667349611258221e-15,14.2466199954833,NS,-0.5835483868138409,3.7962392632790555e-12,11.420646423366138,NS
Td00001aa007022_T003,1.67807190511264,5.4994214336659e-4,3.25968299802997,Up,1.63106772296827,1.54930217661641e-17,16.8098638689817,Up,1.654569814040455,9.670268169067722e-17,16.01456148220123,Up
Td00001aa007062_T001,1.20476675065461,2.2030853590067e-4,3.65696867569198,Up,0.81019157422713906,0.0163475292534788,1.78654787680581,NS,1.0074791624408745,2.461740477459709e-4,3.608757733349465,Up
Td00001aa007066_T002,0.389566811762726,0.456522486056057,0.340537826389136,NS,-0.17663979108828,0.118123265833466,0.927664554309006,NS,0.106463510337223,0.3240493509534294,0.48938884406926686,NS
Td00001aa007068_T001,0.137503523749935,0.689410505610952,0.161522102862939,NS,-0.0715425653317781,0.741869782506379,0.129672318038866,NS,0.03298047920907845,0.9281220508037813,0.03239490901258323,NS
Td00001aa007081_T002,0.331131922217202,0.379771176330918,0.420478000197893,NS,0.39296479487276,0.0113028275596496,1.94681289811477,NS,0.36204835854498096,0.060596890083588754,1.2175496638567143,NS
Td00001aa007117_T002,0.150559676575381,0.991884227918981,0.00353901545681629,NS,-0.187019452685362,0.238245725481973,0.622974882573141,NS,-0.018229888054990498,0.6997622043524782,0.15504951838989456,NS
Td00001aa007123_T001,-0.682695931638085,0.842372374996964,0.0744958839677526,NS,-0.733314287624342,0.00244120664123372,2.61239545722797,NS,-0.7080051096312134,0.035107339894862984,1.4546020760529885,NS
Td00001aa007126_T001,-0.00723156923107586,0.965284987394412,0.0153444481271688,NS,0.338587834360793,1.81970044526772e-6,5.74000009864934,NS,0.16567813256485858,1.3773652667812585e-4,3.8609508728792523,NS
Td00001aa007138_T003,0.133563525741106,0.261078927066097,0.583228180755558,NS,0.18695393616761,0.073624329929624,1.13297864479148,NS,0.160258730954358,0.1730818714089087,0.7617484177362632,NS
Td00001aa007144_T002,-0.41888982477445,0.0596020996579803,1.22473844069914,NS,-0.169778474719484,0.0962619248389611,1.01654545848474,NS,-0.29433414974696703,0.0745732103381525,1.1274171603539809,NS
Td00001aa007167_T001,-0.56277226108709,0.0111305787977201,1.95348225146761,NS,-0.430317983300468,1.69547171142523e-6,5.77070945193391,NS,-0.496545122193779,3.1919550711855526e-6,5.495943230251608,NS
Td00001aa007172_T001,-0.316528107144772,0.0327104711242751,1.48531320074816,NS,-0.33959757672435,0.00511474874964069,2.29117569515312,NS,-0.328062841934561,0.005262667696934763,2.2787940519747054,NS
Td00001aa007177_T001,0.264236151043547,0.823275527626681,0.0844547940682014,NS,-0.205098116579491,0.128880299652404,0.889813462833761,NS,0.029569017232027983,0.4765498859599237,0.32189163004536725,NS
Td00001aa007190_T001,-0.0755200076409777,0.261078927066097,0.583228180755558,NS,-0.247361069924239,2.9003626068678e-4,3.53754770268127,NS,-0.16144053878260836,0.0028539295026699784,2.5445567589647347,NS
Td00001aa007203_T001,0.222804561045261,0.27731966800295,0.55701932839456,NS,0.308504419184887,8.5418195618435e-4,3.06844960688758,NS,0.265654490115074,0.006886561790882103,2.1619975513774943,NS
Td00001aa007204_T001,0.0786098346963665,0.859588854515533,0.0657092242343198,NS,0.0804240186741479,0.833671168231899,0.0790052179275899,NS,0.0795169266852572,0.9934205452363967,0.0028668624699182137,NS
Td00001aa007217_T002,1.35049724708413,0.00129952126798727,2.8862166084339,Up,2.15470966559879,1.5057369753582202e-15,14.8222508847933,Up,1.7526034563414599,8.932301645228922e-15,14.049036619160116,Up
Td00001aa007283_T003,-0.161653263478769,0.733469355634766,0.134618026274328,NS,-0.253723874208635,0.00354921830073561,2.44986728780676,NS,-0.20768856884370201,0.041787418553494514,1.3789544568678733,NS
Td00001aa007287_T002,0.0229004021100788,0.643259175989922,0.19161400993166,NS,-0.189768940936385,0.00721473208828903,2.1417797913533,NS,-0.0834342694131531,0.06393942681105294,1.1942312613066295,NS
Td00001aa007318_T002,-0.334607228958109,0.155342345018645,0.808710143104681,NS,-0.321299072093673,6.75900456224607e-5,4.1701172604129,NS,-0.327953150525891,5.762061799335566e-4,3.239422088130147,NS
Td00001aa007321_T001,0.175045486110914,0.636483501632301,0.196212849265496,NS,0.248429838445818,0.270002637849938,0.568631992885175,NS,0.211737662278366,0.6070179837664604,0.2167984421457612,NS
Td00001aa007322_T001,0.54399071966485,0.0631072000897371,1.19992108796897,NS,0.425049818436513,4.3689665001881e-4,3.35962128530627,NS,0.4845202690506815,0.0012597569246825839,2.899713245718239,NS
Td00001aa007331_T001,0.0243196791954129,0.900934217463657,0.045306918272335,NS,0.050679834949065,0.22123624676549,0.655143717870849,NS,0.03749975707223895,0.6464542769885049,0.18946218687610492,NS
Td00001aa007346_T001,0.331131922217202,0.477094407176935,0.32139567450465,NS,-0.231002975073613,0.403780557674635,0.393854596481788,NS,0.0500644735717945,0.6398868668544537,0.19389680327233988,NS
Td00001aa007364_T001,0.267835392097615,0.381530314352674,0.41847094962771,NS,-0.0399768143584903,0.664984950062955,0.177188183536856,NS,0.11392928886956234,0.723187279056649,0.14074922175295185,NS
Td00001aa007365_T002,-0.272297327162762,0.0335949787337917,1.47372562949015,NS,-0.271756686405025,0.0147991857352827,1.82976217922679,NS,-0.27202700678389347,0.012159227446594253,1.9150940176898952,NS
Td00001aa007401_T001,-0.239566125329888,0.164144355027035,0.784774048193636,NS,-0.686966861338676,1.16283764239866e-7,6.93448091805966,NS,-0.463266493334282,3.20250351543892e-6,5.494510384851071,NS
Td00001aa007403_T001,-0.577766999316952,0.168792333144991,0.772647283708247,NS,0.052660862252751,0.704219357226854,0.152292041433874,NS,-0.2625530685321005,0.5049942504308133,0.296713566476162,NS
Td00001aa007428_T002,-1.07704103576383,0.0312482988367731,1.5051736207491,Down,0.368898859451498,0.835546021761003,0.0780296242309124,NS,-0.354071088156166,0.2117512686012657,0.6741739791324193,NS
Td00001aa007432_T001,1.28747229511907,0.21383455831678,0.669922106080294,NS,-0.226915496730135,0.879077955544413,0.0559726105216904,NS,0.5302783991944675,0.6323802892032843,0.19902167514662006,NS
Td00001aa007436_T001,-0.3040061868901,0.0333945371913652,1.4763245709634,NS,-0.352276885399878,4.81500817414611e-6,5.31740297126353,NS,-0.328141536144989,1.8866341789814664e-5,4.724312301982216,NS
Td00001aa007450_T002,0.197865391353738,0.152779382604913,0.81593524932746,NS,0.022737811795558,0.872931774451077,0.0590196980324419,NS,0.11030160157464801,0.5325261863426236,0.273659031448884,NS
Td00001aa007459_T001,0.00863030514344006,0.950761006085595,0.0219286384595562,NS,0.484942492000177,0.104009207189974,0.982928214020361,NS,0.2467863985718085,0.45827259567257367,0.33887611243451926,NS
Td00001aa007462_T001,-0.529072742524873,0.071988869610251,1.14273464579816,NS,-0.346288795295818,8.5553614062129e-4,3.06776163972793,NS,-0.4376807689103455,0.002399253219206156,2.619923913807706,NS
Td00001aa007521_T004,-0.732164607902385,0.0333945371913652,1.4763245709634,NS,-0.036263767214541,0.851491608167159,0.0698196278477746,NS,-0.38421418755846304,0.22265851981965973,0.6523606823433422,NS
Td00001aa007531_T001,0.0867837661420666,0.980339979983324,0.00862328571042173,NS,-0.202725833217036,0.170405084288887,0.768517451554841,NS,-0.057971033537484694,0.5977781321025538,0.22345997635077122,NS
Td00001aa007539_T002,-0.63262893435147,1.8077629152017e-4,3.74285852705265,NS,-0.362919207586858,0.0216688185323638,1.66416476744635,NS,-0.49777407096916404,2.6223494219028865e-4,3.581309440070217,NS
Td00001aa007568_T001,-0.00433459026389113,0.930085820412369,0.0314769765945244,NS,-0.140213876722545,0.188172686917073,0.725443413756957,NS,-0.07227423349321807,0.6113414138506191,0.21371618298073844,NS
Td00001aa007571_T001,-0.662003536484984,0.456256378308393,0.340791051204452,NS,0.591471910776044,0.901122195542342,0.0452163130704129,NS,-0.03526581285447,0.8687204823188438,0.06111993875732052,NS
Td00001aa007572_T001,-0.204233052217608,0.848494917518602,0.0713507547608444,NS,-0.459167902818036,0.151337133551243,0.820054496182296,NS,-0.331700477517822,0.523210386790725,0.2813236429691089,NS
Td00001aa007574_T001,0.779890039340047,0.00363901187208585,2.43901652754843,NS,0.0921532145375362,0.547165649701183,0.261881174835982,NS,0.43602162693879154,0.03428120548840339,1.464943914643925,NS
Td00001aa007581_T001,0.238786859587116,0.1094654163646,0.960723066708215,NS,-0.0243247980333697,0.999951581494115,2.10283990139853e-5,NS,0.10723103077687315,0.482803472971546,0.31622961453377413,NS
Td00001aa007592_T001,-0.588573754273535,0.409726698534909,0.387505735708559,NS,0.00519171701959556,0.947594964405384,0.0233772558183794,NS,-0.29169101862696967,0.8547835178004157,0.0681438606274596,NS
Td00001aa007611_T002,0.104336659814736,0.803793336649818,0.0948555983781343,NS,0.368268789387578,0.0569375612744471,1.24460113830835,NS,0.236302724601157,0.2960154307359491,0.5286856493842932,NS
Td00001aa007619_T004,-0.736965594166206,2.5463277919117e-5,4.59408568982019,NS,-0.711221910086071,6.1234777790892204e-09,8.21300185378868,NS,-0.7240937521261386,1.4285845104889199e-10,9.845094063049261,NS
Td00001aa007621_T002,0.0412429822318813,0.940493170686635,0.0266443536956097,NS,0.38220015426681,0.592420729343931,0.227369753523254,NS,0.21172156824934563,0.9485476481818458,0.02294084840979663,NS
Td00001aa007649_T002,0.113700499164728,0.447308394241139,0.349392951730317,NS,0.235233345950972,0.20792459284669,0.682094140269532,NS,0.17446692255785,0.4428561983226775,0.3537372724528248,NS
Td00001aa007674_T002,0.102993993323326,0.632599870997453,0.198870900983527,NS,-0.41693572240564,0.00412975272251167,2.38407595184572,NS,-0.156970864541157,0.04187411379656126,1.378054371055657,NS
Td00001aa007711_T001,-0.232768962976124,0.120516528987049,0.918953384993031,NS,-0.155546111584229,0.0207348602896048,1.68329888654342,NS,-0.1941575372801765,0.040700351085017406,1.3904018444939912,NS
Td00001aa007714_T003,0.42867840994823,0.21311531426254,0.671385341178589,NS,0.563198071904845,5.27134071603793e-5,4.27807891201252,NS,0.4959382409265375,6.087077045555564e-4,3.215591201245533,NS
Td00001aa007740_T002,0.337996463515016,0.181254844052754,0.741710378040999,NS,0.101383627800691,0.0347446367094659,1.45911222495155,NS,0.2196900456578535,0.07932661204393389,1.100581093577737,NS
Td00001aa007754_T002,0.108357178090419,0.331158990446234,0.479963450044276,NS,0.649636578136286,5.32727330905876e-6,5.27349502171128,NS,0.3789968781133525,1.3773652667812585e-4,3.8609508728792523,NS
Td00001aa007769_T001,-1.03800632257974,0.0656023023292711,1.183080918683,NS,-0.589929995961044,0.00119432035010785,2.92287916765919,NS,-0.813968159270392,0.0029215301544251423,2.5343896267821377,NS
Td00001aa007790_T003,-0.0892673380970874,0.689410505610952,0.161522102862939,NS,0.27180165283669,0.150986277725988,0.821062521439858,NS,0.0912671573698013,0.47162981920554725,0.3263987440624918,NS
Td00001aa007819_T001,0.600269753509005,0.0274918919787426,1.56079537119133,NS,0.56386200654293,0.0191415526312358,1.7180228381459,NS,0.5820658800259675,0.01265039126431738,1.8978960419738404,NS
Td00001aa007835_T001,0.258217389536018,0.0821530699755225,1.08537620278866,NS,-0.278039622004961,0.203964472974347,0.690445472450907,NS,-0.009911116234471495,0.15841974138073994,0.8001907000287033,NS
Td00001aa007838_T006,0.0426443374084937,0.842585452387614,0.074386043431726,NS,0.122314576721205,0.738588941250916,0.131597199243474,NS,0.08247945706484935,0.9690876177010151,0.013636955494299908,NS
Td00001aa007848_T001,0.381837083906047,0.0631375226833566,1.19971246245101,NS,0.375781509700235,1.19381359634806e-5,4.9230634792345,NS,0.378809296803141,6.788581124685044e-5,4.168220987738943,NS
Td00001aa007867_T002,1.45470232816369,2.16024961511666e-5,4.66549606356926,Up,0.860238957469403,5.85301699460589e-15,14.2326202148824,NS,1.1574706428165464,8.45668015203048e-16,15.072800094953854,Up
Td00001aa007870_T001,0.0676387168753633,0.903126723410449,0.0442513068110438,NS,-0.133946632406598,0.962851228591431,0.016440811102967,NS,-0.033153957765617345,0.9996572672230563,1.4887246698859125e-4,NS
Td00001aa007882_T001,0.0989584800881688,0.977622678597887,0.00982873235143976,NS,-0.524649066925287,0.251512560986866,0.599440320623718,NS,-0.2128452934185591,0.7123195111478093,0.1473251597298683,NS
Td00001aa007890_T001,-0.163267919540864,0.491910735838657,0.308113698960068,NS,-0.141855963859783,0.32069281829408,0.493910765703537,NS,-0.1525619417003235,0.5792410715338226,0.2371406517347537,NS
Td00001aa007891_T002,0.792438930064638,0.00477041250628842,2.32144406509848,NS,0.106445172069955,0.250761823980829,0.600738579868617,NS,0.4494420510672965,0.02356891044990076,1.6276604936968457,NS
Td00001aa007892_T001,0.751035176667862,0.0827700397717682,1.08212683611859,NS,-0.00434540696184273,0.92940562691570106,0.0317947024929996,NS,0.37334488485300965,0.39690862650831593,0.4013094619286987,NS
Td00001aa007925_T003,-0.270555993166337,0.147464650531757,0.831312074051308,NS,-0.385156160737802,5.9114900851528e-4,3.22830303448386,NS,-0.32785607695206953,0.0031677172936749693,2.499253584429613,NS
Td00001aa007926_T001,-0.215914857265243,0.161552318248086,0.791686805550222,NS,-0.101250952543336,0.0093796076548033,2.02781532760362,NS,-0.1585829049042895,0.02813628067316468,1.5507333123695808,NS
Td00001aa007963_T001,-0.291592016516404,0.264006536360148,0.578385320592279,NS,-0.110573015537289,0.152509826908852,0.816702171826773,NS,-0.2010825160268465,0.273457230858753,0.5631105883597879,NS
Td00001aa007968_T001,-0.382701517159154,0.0511154260659785,1.29144801484925,NS,-0.440620021187866,0.012080054277244,1.91793111436931,NS,-0.41166076917351,0.014249481357167498,1.8462009425199846,NS
Td00001aa007977_T001,-0.436353730515936,0.289519637439165,0.538321973759586,NS,0.534838672319429,0.0293191624646195,1.53284843997188,NS,0.04924247090174652,0.09834989714377107,1.0072260899379948,NS
Td00001aa007989_T001,0.0772429989324604,0.280592604897185,0.551923779119017,NS,-0.0208044272279926,0.98884921612226,0.00486992639927416,NS,0.028219285852233895,0.7513275350538816,0.1241706946118203,NS
Td00001aa007990_T003,-0.0409717810563062,0.888137490397284,0.0515197969480491,NS,0.0053730513558825,0.993282083853652,0.00292739796597038,NS,-0.01779936485021185,0.9999558984015862,1.9153503187400002e-5,NS
Td00001aa007991_T003,-0.375197234747053,0.287939915018135,0.540698127860501,NS,-1.36993361746812,2.5587249159778e-6,5.59197640184026,Down,-0.8725654261075866,6.671311472803572e-5,4.1757887823631545,NS
Td00001aa007992_T002,2.06626144226872,0.0845201611439215,1.07303968360447,NS,1.2249153422966,6.66504429955565e-5,4.17619695968018,Up,1.6455883922826602,3.52341473624588e-4,3.45303623361072,Up
Td00001aa007999_T002,-0.169744675832317,0.269449633847169,0.569522402226658,NS,-0.189026138206139,0.411393981861873,0.385742065736329,NS,-0.179385407019228,0.48604106991624346,0.31332703179861976,NS
Td00001aa008061_T001,0.0717626693000913,0.888137490397284,0.0515197969480491,NS,-0.25730317143207,0.667001631627211,0.175873103705899,NS,-0.09277025106598935,0.9583710409765981,0.018466317799169196,NS
Td00001aa008086_T004,-0.610433188237274,0.25964171770487,0.58562552638085,NS,-0.829946283793104,0.079181197217378,1.10137793601435,NS,-0.720189736015189,0.18096414329323887,0.7424074688466092,NS
Td00001aa008094_T001,-0.852042118612899,0.0528799542033226,1.27670892964293,NS,-0.441341381059769,0.071498306967422,1.145704241883,NS,-0.646691749836334,0.05510272043793782,1.258826959369277,NS
Td00001aa008108_T004,-0.163267919540864,0.690548389938014,0.160805882984386,NS,0.237844287627057,0.952894153766657,0.0209553375442897,NS,0.0372881840430965,0.9790261681732527,0.009205699880864617,NS
Td00001aa008122_T001,0.325386414659773,0.374151409660833,0.426952614180709,NS,0.200607801567012,0.519145790249332,0.284710663327737,NS,0.2629971081133925,0.6410650506172564,0.19309789920082204,NS
Td00001aa008136_T003,-1.55215635563791,0.0334686447918404,1.47536187268379,Down,-0.328186656658509,0.0265736743987547,1.57554839061144,NS,-0.9401715061482095,0.018772494668899634,1.7264780103330266,NS
Td00001aa008141_T001,-0.486004020632987,0.0110201004024728,1.95781444867468,NS,-0.558535469813536,3.58783267526723e-10,9.44516781922399,NS,-0.5222697452232614,2.4673478793382975e-9,8.607769613612932,NS
Td00001aa008154_T002,-0.258425152581204,0.478588086880555,0.320038116141366,NS,-0.16444661289133,0.127391002760124,0.894861243818667,NS,-0.211435882736267,0.34764113936289504,0.45886883538476764,NS
Td00001aa008180_T001,-0.00288827932482651,0.649083025334578,0.187699748286716,NS,-0.519445216661857,0.0478734071567244,1.31990566262234,NS,-0.2611667479933417,0.23364704418226445,0.6314397087695711,NS
Td00001aa008230_T002,0.0440443327060212,0.765502444442782,0.116053418151459,NS,0.618666677328427,0.0409868937910262,1.38735499362625,NS,0.3313555050172241,0.2350097660182842,0.6289140898996515,NS
Td00001aa008258_T002,0.900721927564115,3.3306648939706e-4,3.47746906050019,NS,0.801963647054167,1.32499334598369e-8,7.87778630271572,NS,0.851342787309141,2.7169781542023952e-9,8.565913853502424,NS
Td00001aa008265_T001,-0.289827251720338,0.806067205173642,0.0936287477491026,NS,0.233434200997209,0.672626986095528,0.172225712582982,NS,-0.028196525361564515,0.9405956370636661,0.026597040052589956,NS
Td00001aa008295_T001,0.211635253327149,0.229121881270146,0.639933433459663,NS,0.957552686115248,3.88218348085966e-7,6.41092394271329,NS,0.5845939697211985,1.158954194349079e-5,4.9359337284320475,NS
Td00001aa008396_T001,-0.564904848379903,0.228643548323653,0.640841048676333,NS,-0.799868590601034,0.0872468573547507,1.05925020744123,NS,-0.6823867194904685,0.17747358865566215,0.7508662688317572,NS
Td00001aa008406_T001,-1.12029423371771,0.0349867007884368,1.45609700912989,Down,0.0529536740238136,0.868638711308108,0.0611608199969615,NS,-0.5336702798469481,0.23116157559205208,0.6360843540542358,NS
Td00001aa008429_T002,0.700439718141092,0.00116445089927337,2.9338788193871,NS,0.798525684559516,2.40640910476672e-14,13.6186305379109,NS,0.749482701350304,9.410104255452144e-14,13.02640556495566,NS
Td00001aa008463_T001,-0.459972730742493,0.0838775772234075,1.07635412248067,NS,0.115581444765865,0.968056016306642,0.0140995116285865,NS,-0.172195642988314,0.4103724075630063,0.3868218478133493,NS
Td00001aa008476_T001,-0.139235797371172,0.384545242438115,0.415052557331126,NS,-0.330994519675558,1.24659187871149e-8,7.90427570677362,NS,-0.235115158523365,1.0323505553644757e-6,5.986172804250795,NS
Td00001aa008487_T004,-0.87038726186953,0.0892794110978781,1.04924868307703,NS,-0.431530020587818,1.21314396388405e-5,4.91608765831686,NS,-0.650958641228674,9.200950137404952e-5,4.036167322858178,NS
Td00001aa008491_T001,-1.74661576419993,0.00262020663743639,2.58166445755062,Down,-1.97461544518953,3.0239137762930597e-12,11.5194305964427,Down,-1.86061560469473,1.062503875039175e-11,10.973669477367004,Down
Td00001aa008501_T002,0.527070335512661,0.111145745383383,0.954107157273445,NS,0.771131359007728,0.011239188472047,1.94926504595874,NS,0.6491008472601945,0.024422442970153124,1.6122108958624304,NS
Td00001aa008517_T002,-0.195946441032647,0.137658610194552,0.861196619410237,NS,-0.113257815876758,0.810027736228911,0.0915001101522964,NS,-0.1546021284547025,0.48725395191858695,0.31224462981018675,NS
Td00001aa008566_T003,-0.512513650651464,0.0989436172959722,1.00461221623823,NS,-0.333893258865645,0.526106013767662,0.278926733878219,NS,-0.42320345475855453,0.31770554824637365,0.4979752008110508,NS
Td00001aa008587_T005,-0.0513991525066443,0.851460393889285,0.0698355486589573,NS,0.131116513722045,0.97096032476329,0.0127985158061108,NS,0.03985868060770035,0.9996572672230563,1.4887246698859125e-4,NS
Td00001aa008599_T001,-0.0694518807521452,0.60346661544512,0.219346750635401,NS,-0.359865101823435,0.0896439324507939,1.04747910032729,NS,-0.2146584912877901,0.32445889458340244,0.48884031577077675,NS
Td00001aa008627_T001,-0.15200309344505,0.577758756565309,0.238253463591518,NS,0.00142953613199748,0.0105036224266314,1.97866089820739,NS,-0.07528677865652626,0.07757786832417363,1.1102621580663008,NS
Td00001aa008659_T003,-0.369594528517677,0.160203947237064,0.7953267876141,NS,-0.00845243989407666,0.97106515727752,0.012751628488803,NS,-0.18902348420587683,0.5758083985841156,0.23972200491098186,NS
Td00001aa008665_T001,0.469885976274464,0.159723111075647,0.796632239237606,NS,-0.130227087860539,0.913359103456938,0.0393584382519119,NS,0.1698294442069625,0.5568921203808527,0.2542289270183483,NS
Td00001aa008673_T002,-0.139235797371172,0.853316755365532,0.0688897266615712,NS,0.0760244817983725,0.829679454932371,0.0810896640607364,NS,-0.03160565778639975,0.9916611389134705,0.003636705508271906,NS
Td00001aa008679_T001,0.565597175854225,0.00487720442349929,2.31182904097659,NS,0.478525437686084,2.45164732816663e-6,5.61054200334081,NS,0.5220613067701545,2.2213284584537864e-6,5.653387219413193,NS
Td00001aa008702_T001,-0.123433941248279,0.894967682537724,0.048192646861676,NS,-0.621879679661007,7.37427918744628e-6,5.13228042419233,NS,-0.372656810454643,3.9984484143721196e-4,3.398108502622347,NS
Td00001aa008764_T001,-0.179514657013621,0.506158758198017,0.295713244038891,NS,-0.0350614432992273,0.371746874656028,0.429752673983807,NS,-0.10728805015642415,0.6324397268389811,0.19898085758065476,NS
Td00001aa008781_T002,-0.691988685447822,0.00169756128003123,2.7701745392277,NS,0.0554921060032111,0.180121547800313,0.744434329762364,NS,-0.31824828972230546,0.008407186060042782,2.075349341073889,NS
Td00001aa008783_T001,-0.145605322246899,0.457570178629294,0.339542287708847,NS,0.166835265645483,0.656761360717897,0.182592406011371,NS,0.010614971699292,0.7749676913119004,0.11071640301297234,NS
Td00001aa008789_T014,-1.10469737866669,0.00907948041565841,2.04193900379928,Down,-0.451367105860664,0.00305112866988887,2.51553947723323,NS,-0.778032242263677,0.0012610659641662178,2.8992621956441122,NS
Td00001aa008824_T001,0.232660756790275,0.0983026626797518,1.00743471847039,NS,-0.145293265577632,0.777370016550992,0.109372214280484,NS,0.0436837456063215,0.39549138454693705,0.40286297280973915,NS
Td00001aa008852_T001,-0.316528107144772,0.0629273456307403,1.20116058705491,NS,-0.289929879687119,8.9774051731738e-4,3.04684917355748,NS,-0.30322899341594545,0.0022491531695202284,2.647980967680278,NS
Td00001aa008860_T001,-1.09541956507868,8.7245752335133e-4,3.05925570800567,Down,-0.497904547731838,8.24887507517723e-6,5.08360527350511,NS,-0.796662056405259,1.4602142924796008e-6,5.835583405029154,NS
Td00001aa008864_T001,1.59645813955899,3.0251390199351e-4,3.51925466259716,Up,1.58039153580841,8.147415525818029e-18,17.0889801336994,Up,1.5884248376837,3.189853857586796e-17,16.496229213587807,Up
Td00001aa008865_T002,0.49364733397521,0.857719533753081,0.0666546991626747,NS,-0.904188907096638,0.0300561953647275,1.5220659950292,NS,-0.205270786560714,0.20995484469656042,0.6778740995889976,NS
Td00001aa008869_T002,-0.0218043703183484,0.746527679668298,0.126954084919075,NS,-0.413802420652885,0.00540281460237894,2.26737993502331,NS,-0.21780339548561667,0.05777924774191386,1.2382281167608167,NS
Td00001aa008936_T001,-0.619270551496451,0.31793184404933,0.497665970977044,NS,-0.150912341052629,0.342294333926201,0.465600289775215,NS,-0.38509144627454,0.48184698295105216,0.31709085597408865,NS
Td00001aa008975_T001,0.666302128173095,0.039983763232986,1.39811633291911,NS,-0.110936937786144,0.985761668995548,0.00622807324496926,NS,0.2776825951934755,0.27049611768577153,0.5678389637542549,NS
Td00001aa008981_T001,0.0440443327060212,0.868007906153487,0.0614763190825,NS,0.122267585198116,0.645733446664062,0.18994671812344,NS,0.08315595895206859,0.948620757390082,0.022907376499094585,NS
Td00001aa008985_T001,1.97452931248388,0.00205274776543307,2.68766441195941,Up,2.23839749777842,3.10291975989348e-7,6.50822945493019,Up,2.1064634051311497,1.8968720413776345e-7,6.721961964629489,Up
Td00001aa009000_T002,-0.15521264992094,0.28628276558968,0.54320479600422,NS,-0.28509219022618,6.2122974252253e-5,4.20674775979442,NS,-0.22015242007356,8.860552455479643e-4,3.052539199006134,NS
Td00001aa009031_T004,0.37851162325373,0.355316934207974,0.449384093783338,NS,-0.145620752047393,0.67761617324392,0.169016236876338,NS,0.1164454356031685,0.7064363859260867,0.15092693995150314,NS
Td00001aa009039_T001,0.101650076094435,0.710123010660201,0.148666414346274,NS,0.0453373877045719,0.135873002626068,0.866866827117996,NS,0.07349373189950345,0.4523030853149614,0.3445704497718957,NS
Td00001aa009047_T003,-0.403541860441014,0.0437414724831259,1.35910660125877,NS,-0.144473698323806,0.507303230783457,0.294732371849835,NS,-0.27400777938241,0.1905567646225198,0.7199756294891041,NS
Td00001aa009051_T006,0.18269229751619,0.500879166263976,0.300267032125144,NS,0.141535153671343,0.244320016275367,0.612040951357145,NS,0.16211372559376652,0.5129764084340336,0.2899026074466875,NS
Td00001aa009055_T001,0.312665173558394,0.161947222863591,0.790626495047193,NS,0.380528677999912,0.09620995047363,1.0167800089153,NS,0.346596925779153,0.15140158913714985,0.8198695663823584,NS
Td00001aa009066_T002,0.385154896884344,0.00777263590921755,2.10943167531794,NS,0.457763348510332,6.585194848553191e-9,8.18143137022391,NS,0.421459122697338,2.3196341320192993e-8,7.63458050949505,NS
Td00001aa009076_T001,-0.214240225572989,0.220738819569838,0.656121284226456,NS,-0.639545683029207,0.00112216151439002,2.94994462992471,NS,-0.42689295430109797,0.0071024754404173124,2.1485902593452137,NS
Td00001aa009109_T002,0.0717626693000913,0.826399750366414,0.0828098226773338,NS,-0.0973564276179238,0.766438781627015,0.115522528172091,NS,-0.012796879158916252,0.9722095238254232,0.012240128864676712,NS
Td00001aa009125_T006,-1.53115605702536,0.0104817642297652,1.97956561327143,Down,-0.910015385853454,5.61085651699283e-9,8.2509708371021,NS,-1.220585721439407,2.5717805542362366e-8,7.589766091793785,Down
Td00001aa009131_T001,-0.295128035543647,0.292569156553822,0.53377146031778,NS,-0.725337003588263,6.0236001203628e-4,3.2201438667018,NS,-0.5102325195659551,0.005484120412651128,2.2608930181465974,NS
Td00001aa009148_T002,0.0621217119077975,0.567154521453076,0.246298601297918,NS,-0.341119258901796,0.021029983693248,1.67716106406761,NS,-0.13949877349699924,0.12493121446076107,0.9033290382120556,NS
Td00001aa009183_T001,0.01292617444427,0.828991389590696,0.0814499802732099,NS,0.602955481471054,0.0013416196359902,2.87237059400678,NS,0.30794082795766203,0.02233268043553425,1.6510591484691115,NS
Td00001aa009191_T001,-0.0380063225797449,0.893700218562747,0.0488081358545034,NS,-0.323487792297913,5.52557129382778e-7,6.25762281322107,NS,-0.18074705743882896,4.7983797545217196e-5,4.318905383969937,NS
Td00001aa009221_T001,0.832687516439532,0.0929901749643567,1.03156293514685,NS,0.819767868148927,4.2567740033516e-4,3.37091940636566,NS,0.8262276922942295,0.001684896444695168,2.773426786115781,NS
Td00001aa009228_T001,0.521050736900963,0.0821538153259388,1.08537226258162,NS,-0.172208204579814,0.0408946750937365,1.38833323790858,NS,0.17442126616057452,0.050542331676244195,1.2963447265876893,NS
Td00001aa009257_T001,-0.367731784500487,0.0430973359358408,1.36554957494652,NS,0.210005400772288,0.56155833405879,0.250605123028611,NS,-0.0788631918640995,0.20138637916475527,0.6959699064419242,NS
Td00001aa009265_T001,0.2904244038653,0.320904823195589,0.493623755414662,NS,0.624686611529412,6.795391453868751e-9,8.1677855203357,NS,0.457555507697356,5.355787316011337e-7,6.271176677611606,NS
Td00001aa009285_T003,0.502839758255932,0.0388125200722983,1.41102815787938,NS,0.325686437457288,0.0196817661063938,1.70593593355472,NS,0.41426309785661,0.016834627120935818,1.7737964985876489,NS
Td00001aa009306_T001,-0.481968507397831,0.080681120335097,1.09322807982005,NS,0.0962657401567028,0.67465280079992,0.170919672339397,NS,-0.1928513836205641,0.32549660609848274,0.48745353539190406,NS
Td00001aa009323_T001,-0.0499049058263139,0.873917997501928,0.0585293166827752,NS,-0.135286849993828,0.909007348139684,0.0414326060589804,NS,-0.09259587791007096,0.9994613743274616,2.3398517826530608e-4,NS
Td00001aa009353_T004,0.853596506202512,0.00486482931324872,2.31293239272649,NS,0.803457913053243,5.16725079796533e-7,6.28674045900222,NS,0.8285272096278775,5.985997366082222e-7,6.222863478591084,NS
Td00001aa009397_T002,-0.0573916638883367,0.693430808124599,0.158996867177337,NS,-0.185259401372701,0.704807429138375,0.151929526819622,NS,-0.12132553263051885,0.9168188649210419,0.037716459025443363,NS
Td00001aa009403_T001,-0.691988685447822,0.0445985626765636,1.35067913751422,NS,0.0320464346049977,0.20243900000717,0.69370581665292,NS,-0.32997112542141216,0.10259322465463058,0.9888813194607254,NS
Td00001aa009410_T001,-0.586405917590825,0.0612277508572448,1.21305169366288,NS,-0.68651108623057,0.0427454271051025,1.3691103391638,NS,-0.6364585019106975,0.041898731977116334,1.3777991203194884,NS
Td00001aa009459_T003,-0.469929257774916,0.0140862616298039,1.85120424954266,NS,-0.466377090516353,5.27041706199778e-7,6.27815501656022,NS,-0.4681531741456345,1.4975527290983634e-6,5.824617877083362,NS
Td00001aa009514_T002,0.144046369616707,0.465072036389423,0.332479772737178,NS,0.46047068159815,4.70146910062487e-6,5.32776641385136,NS,0.3022585256074285,1.6392018331694256e-4,3.7853675689218194,NS
Td00001aa009539_T001,-0.176250639691727,0.477094407176935,0.32139567450465,NS,-0.872115986671867,1.93844031063875e-5,4.71254756744982,NS,-0.524183313181797,5.262923275775988e-4,3.278772961191158,NS
Td00001aa009543_T002,0.506906554580693,0.0961171088745854,1.01719930090078,NS,0.0285063426561221,0.995673817855217,0.00188291288830964,NS,0.26770644861840753,0.4505096184796696,0.34629593230300515,NS
Td00001aa009544_T002,-0.0291463456595165,0.846880361734943,0.07217793784901,NS,-0.0464310852153832,0.750618656858865,0.124580645265119,NS,-0.037788715437449855,0.9726386827354774,0.01204846213316264,NS
Td00001aa009571_T001,-0.15200309344505,0.792355929358136,0.101079687814001,NS,-0.536585365809364,6.91346100906553e-8,7.16030448217185,NS,-0.344294229627207,7.676077008190571e-6,5.1148606769714196,NS
Td00001aa009575_T001,-1.2688167584278,8.1434764830487e-4,3.08919015345416,Down,-1.68247153774241,2.1623684513859e-8,7.66507030355099,Down,-1.475644148085105,9.088295673655088e-9,8.041517552303388,Down
Td00001aa009577_T001,-0.397828209246621,0.0476692493267613,1.32176168708727,NS,-0.176034199146049,0.260402603498806,0.584354678016623,NS,-0.286931204196335,0.12838897524572815,0.8914722675094625,NS
Td00001aa009581_T001,-1.00288827932483,0.079564740860049707,1.0992793473674,NS,-1.60093280882643,1.08530334004099e-7,6.96444886043863,Down,-1.30191054407563,1.6716045975419735e-6,5.776866443053439,Down
Td00001aa009603_T001,-0.0619024389259069,0.647948368129118,0.188459599576935,NS,1.18967908106853,2.4696753746951e-4,3.60736012862046,Up,0.5638883210713116,0.0050841110624442335,2.2937849708481948,NS
Td00001aa009655_T002,0.0243196791954129,0.716129199896119,0.145008617720009,NS,-0.338881795817263,0.322292965033929,0.49174917410383,NS,-0.15728105831092506,0.6921438405079101,0.15980364160208782,NS
Td00001aa009662_T001,0.0935601761623378,0.738116861991371,0.131874873271673,NS,0.12457690538759,0.564952146586215,0.247988336877369,NS,0.1090685407749639,0.872873768746708,0.059048557555123185,NS
Td00001aa009663_T002,0.140124223909071,0.628332561588751,0.201810433596343,NS,-0.131105512416518,0.804283629390628,0.0945907709563802,NS,0.0045093557462765055,0.925158766591632,0.033783731544281166,NS
Td00001aa009680_T001,-0.63262893435147,0.0664812781032199,1.17730063982804,NS,-1.3351037282898,6.91720403550833e-8,7.1600694138271,Down,-0.9838663313206351,1.0057942258213669e-6,5.997490861955414,NS
Td00001aa009691_T001,0.327687364176047,0.149579566630749,0.825127729370016,NS,-0.00678354265915092,0.719509196606216,0.14296365063661,NS,0.16045191075844803,0.4801501275057373,0.31862295147157915,NS
Td00001aa009697_T002,-0.199255376063222,0.455496621057776,0.341514840340611,NS,-0.331052292284174,9.2101563385923e-4,3.03573299777148,NS,-0.265153834173698,0.010781021272241524,1.9673400970443913,NS
Td00001aa009712_T001,-0.729770092762002,0.00187568711413214,2.72683960515674,NS,-0.445473163371502,1.77079460009339e-6,5.75183181103994,NS,-0.587621628066752,7.621887263897495e-7,6.117937479209787,NS
Td00001aa009740_T001,0.0356239097307212,0.88826091977665,0.0514594448354342,NS,-0.406847409935001,6.24140358969924e-10,9.20471773360046,NS,-0.18561175010213993,1.6896829492156268e-7,6.772194778418084,NS
Td00001aa009764_T001,-0.821126041830205,0.00486482931324872,2.31293239272649,NS,-0.443737010298126,1.2000911744377e-4,3.92078575807652,NS,-0.6324315260641655,5.49721025686458e-5,4.259857651855486,NS
Td00001aa009855_T001,-0.241270431542137,0.395807975429253,0.402515459118964,NS,-0.160948537957623,0.026771007068974,1.5723352912608899,NS,-0.20110948474988,0.11516428632422555,0.9386821793938506,NS
Td00001aa009871_T001,0.0731347046302154,0.943351180499436,0.0253266027440266,NS,0.123427204769988,0.983766718701351,0.00710787391822233,NS,0.0982809547001017,0.9999558984015862,1.9153503187400002e-5,NS
Td00001aa009874_T001,0.587845009254277,0.182751787908263,0.73813836553347,NS,1.45557555624982,1.6950711719747e-4,3.77081206209394,Up,1.0217102827520486,0.00137604025818356,2.86136885995864,Up
Td00001aa009886_T001,-0.567040592723894,0.0671628174640021,1.17287109360302,NS,-0.16295290503054,0.530006831085721,0.275718532882766,NS,-0.364996748877217,0.2551641806076216,0.5931802909864327,NS
Td00001aa009915_T001,0.0172092900322231,0.369113221151109,0.432840398667424,NS,0.095881382281109,0.755113327739819,0.121987864372713,NS,0.05654533615666605,0.7524958808245656,0.12349587306309905,NS
Td00001aa009918_T001,0.916094422938358,9.60955992728286e-5,4.01729650052384,NS,0.311302771917929,8.44034561590041e-5,4.07363976948747,NS,0.6136985974281435,1.6082111462276849e-6,5.793656932191079,NS
Td00001aa009947_T001,0.0200576523412535,0.415204523219869,0.381737923948786,NS,-0.0141551420431623,0.964057154663932,0.0158972179443117,NS,0.0029512551490456004,0.862575417679483,0.06420292286323813,NS
Td00001aa009977_T001,0.249748715083569,0.300950885087189,0.521504375090755,NS,-0.356780891592457,0.118416899484083,0.926586314260451,NS,-0.05351608825444401,0.2552142750192108,0.5930950376754538,NS
Td00001aa009986_T001,0.60502015306241,0.102235047547669,0.990400196693632,NS,-0.34990391260587,0.485481201972122,0.313827581487862,NS,0.12755812022826998,0.3093537134559997,0.5095446663781976,NS
Td00001aa010029_T001,0.034215715337913,0.907606128879847,0.0421025800747717,NS,-0.0613635748207768,0.865334729437807,0.0628158659133877,NS,-0.0135739297414319,0.9990517914532815,4.11997100002581e-4,NS
Td00001aa010032_T001,-0.164884384741782,0.181114415300754,0.742046981842636,NS,-0.171694570823669,0.718456009179357,0.143599818421256,NS,-0.16828947778272552,0.5261381715247747,0.27890018882971346,NS
Td00001aa010033_T001,0.124328135002202,0.422373582263228,0.374303252964997,NS,0.0791837204859579,0.960337209904474,0.0175762433291587,NS,0.10175592774407995,0.8651467355932316,0.06291022657693948,NS
Td00001aa010052_T002,0.191562650700756,0.85996563823808,0.0655189015723963,NS,0.179983777518406,0.970493580148683,0.0130073331403511,NS,0.185773214109581,0.9996572672230563,1.4887246698859125e-4,NS
Td00001aa010057_T001,-0.254977850962736,0.0633363754962777,1.19834679330079,NS,-0.331505084148192,3.0109144881621e-4,3.52130157854459,NS,-0.293241467555464,9.364082830891772e-4,3.028534753364977,NS
Td00001aa010067_T002,-0.430508908041284,0.0330904335433568,1.48029754277505,NS,-0.564499686882552,1.50697067426224e-5,4.82189519899924,NS,-0.49750429746191804,4.8298113881571976e-5,4.316069828809968,NS
Td00001aa010082_T003,0.0648828515848544,0.938728263545074,0.027460106053525,NS,-0.119978872404375,0.0129346017727332,1.88824693769091,NS,-0.0275480104097603,0.12656005857634575,0.8977033328399365,NS
Td00001aa010087_T002,0.497740088609093,0.0207953349612951,1.68203407983521,NS,0.811290075241245,1.3409823384534e-7,6.87257694203113,NS,0.654515081925169,6.514278799252966e-7,6.186133658361557,NS
Td00001aa010167_T002,-0.0619024389259069,0.652367970902958,0.185507369522579,NS,-0.464438589828657,2.25656018872703e-7,6.64655307814941,NS,-0.26317051437728195,1.767508474516203e-5,4.752638495252817,NS
Td00001aa010169_T003,0.558757430373762,0.173966857209119,0.759533482189799,NS,0.289805921807443,1.12994848973813e-5,4.94694135397886,NS,0.4242816760906025,1.5049259428063543e-4,3.8224848711145842,NS
Td00001aa010182_T001,-0.117161344232749,0.364252561152841,0.438597385911752,NS,-0.291212739205804,0.00768214402025001,2.11451755520084,NS,-0.20418704171927649,0.044153859849584226,1.3550313251984571,NS
Td00001aa010207_T001,-0.392137097168765,0.110739390188676,0.955697872357606,NS,-0.0484971963630644,0.999988085499195,5.17443277982135e-6,NS,-0.22031714676591468,0.48604106991624346,0.31332703179861976,NS
Td00001aa010215_T002,0.10969486482593,0.617279528922468,0.209518125468381,NS,-0.0871446414889261,0.136871543811046,0.863686834192005,NS,0.011275111668501946,0.41963542786789604,0.3771278534669808,NS
Td00001aa010260_T001,-0.0543922968186278,0.902094510533089,0.0447479599604892,NS,-0.527206668279698,1.86450287291733e-8,7.72943694311995,NS,-0.2907994825491629,2.9169344485545965e-6,5.535073330546043,NS
Td00001aa010289_T002,-0.31114825613412,0.260446225093303,0.584281932848405,NS,0.274085959880333,0.815250425073189,0.0887089660799417,NS,-0.018531148126893493,0.6660307181252316,0.17650574019211177,NS
Td00001aa010296_T001,-0.377069649079823,0.222016825934365,0.653614110533424,NS,0.0523211465107188,0.914955140444857,0.038600198539947,NS,-0.16237425128455207,0.6512546279237519,0.1862491775126006,NS
Td00001aa010338_T001,0.3928669162308,0.126924399174065,0.896454883751647,NS,-0.251554276450168,0.318598452284743,0.49675633828325,NS,0.07065631989031601,0.2739919879503265,0.5622621365950732,NS
Td00001aa010339_T002,0.630405471482323,0.0202840037883054,1.69284631701393,NS,0.197619346969113,0.424502933884152,0.372119303852785,NS,0.41401240922571797,0.09926925017008738,1.003185258549852,NS
Td00001aa010356_T001,0.0799753767205959,0.774902243241019,0.110753081879267,NS,-0.0807289853737163,0.62986598793879,0.200751842434871,NS,-3.7680432656019697e-4,0.9167260506259304,0.0377604271179633,NS
Td00001aa010371_T001,-0.114035243246029,0.176545140235099,0.75314423277734,NS,-0.0316243903562707,0.711764704792464,0.147663551726837,NS,-0.07282981680114985,0.517936611420592,0.2857233888933679,NS
Td00001aa010378_T001,-0.399730246490995,0.11545549149047,0.937585405602675,NS,-0.59608294107346,5.34858915241122e-5,4.27176076080632,NS,-0.4979065937822275,3.7900553817661977e-4,3.4213544439053503,NS
Td00001aa010388_T002,-0.459972730742493,0.0752482118385045,1.12350381597196,NS,-0.533493055449922,3.1566175159743e-4,3.50077803792568,NS,-0.4967328930962075,0.001119721871090952,2.950889838803725,NS
Td00001aa010414_T001,1.18903382439002,0.19443368352069,0.711228496097123,NS,-0.418904931879083,0.30377267893171,0.517451288810178,NS,0.3850644462554685,0.34259338199557826,0.4652210307183251,NS
Td00001aa010418_T001,0.151858816727005,0.765534601940487,0.116035174538295,NS,0.395406864070759,0.235662372898499,0.627709753695647,NS,0.27363284039888197,0.6201513771947883,0.2075022875082342,NS
Td00001aa010440_T002,-0.502259911390907,0.0763450079095777,1.1172193555716,NS,0.205585738481278,0.456990195745139,0.340093117171856,NS,-0.14833708645481447,0.2514218206973243,0.5995970329460287,NS
Td00001aa010462_T004,0.0299828662157143,0.903684617590788,0.043983110164046,NS,-0.0340996351844654,0.999977783157641,9.64875922476984e-6,NS,-0.0020583844843755483,0.9999558984015862,1.9153503187400002e-5,NS
Td00001aa010482_T004,-0.552156355637914,0.143625487192357,0.842768485129814,NS,0.504949117084032,0.202309587586934,0.693983535234954,NS,-0.02360361927694099,0.22556215400896856,0.6467337667626065,NS
Td00001aa010545_T002,-0.190997225060914,0.131956511740306,0.879569173514387,NS,-0.0281868291037658,0.967196721318583,0.014485184351235,NS,-0.1095920270823399,0.521647069055911,0.2826232284169087,NS
Td00001aa010562_T001,-0.286304185156641,0.0361492124952747,1.44190115930118,NS,0.0263184773171906,0.957281045550011,0.0189605401618648,NS,-0.1299928539197252,0.2501877529107812,0.601733953529281,NS
Td00001aa010569_T001,-0.62816238266958,0.0179306062586437,1.74640502609134,NS,-0.482411845875702,5.6874063939404e-4,3.24508573810269,NS,-0.555287114272641,5.630190484123161e-4,3.249476911577758,NS
Td00001aa010573_T001,0.167357927738514,0.702443978237747,0.153388306173595,NS,-0.0456678952229965,0.914157408960234,0.0389790165671822,NS,0.06084501625775874,0.9742500943188637,0.011329543490458064,NS
Td00001aa010575_T002,-0.0291463456595165,0.550123923403272,0.259539468345791,NS,0.179258075956224,0.808145129055253,0.0925106403540296,NS,0.07505586514835375,0.8909495769668587,0.05014687403799666,NS
Td00001aa010578_T001,-0.29689930039584,0.344198042469162,0.463191603930768,NS,0.556761673502532,0.173016440219404,0.761912627753649,NS,0.129931186553346,0.3438184111512142,0.463670870966917,NS
Td00001aa010582_T001,-1.17788172527066,0.0123571192470671,1.9080827623315,Down,0.151677718961773,0.996642919488235,0.00146041427960114,NS,-0.5131020031544435,0.12782755738621204,0.8933755097877372,NS
Td00001aa010600_T001,0.375178479589612,0.10061824824892,0.997323247956902,NS,0.0932673835933625,0.530685993000996,0.275162375047559,NS,0.23422293159148722,0.32214421973511037,0.4919496568356141,NS
Td00001aa010642_T001,0.271425676092934,0.306504524585126,0.513563110092224,NS,-0.167533790244879,0.238071538928282,0.62329252070266,NS,0.0519459429240275,0.38485004926905914,0.4147084535054911,NS
Td00001aa010645_T001,-0.129733929604017,0.305069262998776,0.515601547134644,NS,0.0123242808997377,0.999997143414923,1.24060090793838e-6,NS,-0.05870482435213965,0.7790541708819415,0.10843234297293788,NS
Td00001aa010662_T001,0.542010355536609,0.0676326372515079,1.16984367746529,NS,-0.184070179007665,0.999005286089114,4.3221376274715e-4,NS,0.17897008826447203,0.3690731815654825,0.43288751135074743,NS
Td00001aa010671_T001,-0.650634722405787,0.16022816425918401,0.79526114301284,NS,0.0318728181926485,0.999954668322245,1.96877437468194e-5,NS,-0.30938095210656924,0.5844035113548485,0.23328718329651332,NS
Td00001aa010723_T001,-0.365871442474959,0.0633277029469168,1.19840626462658,NS,0.284767070478381,0.141113128421178,0.850432579898081,NS,-0.040552185998289,0.10201989195663576,0.9913151407407439,NS
Td00001aa010732_T001,-0.026205070347394,0.812515900481953,0.0901681313656996,NS,0.0534794305310297,0.98039344892256,0.00859959940515806,NS,0.01363718009181785,0.9994613743274616,2.3398517826530608e-4,NS
Td00001aa010744_T002,1.08338358771008,1.0532048504245e-4,3.97748714946366,Up,0.936209808844419,8.90731521586022e-16,15.0502531784145,NS,1.0097966982772495,6.737624605402413e-16,15.171493189903419,Up
Td00001aa010752_T003,-0.558516520417355,0.0118755379396303,1.92534670853075,NS,-0.350599562450773,9.559491957496e-4,3.01956518784095,NS,-0.454558041434064,6.123749043702086e-4,3.212982615355975,NS
Td00001aa010759_T001,-0.785875194647153,0.0338041162493719,1.47103041346365,NS,0.00617220317379538,0.919571898049437,0.036414309160634,NS,-0.3898514957366789,0.23364704418226445,0.6314397087695711,NS
Td00001aa010760_T001,0.49364733397521,0.00781761898220436,2.10692550018141,NS,0.018140654207909,0.994052943979153,0.00259048414829456,NS,0.2558939940915595,0.09207698270174075,1.0358489206712098,NS
Td00001aa010844_T002,0.607862902831235,0.00211917093780432,2.67383401056103,NS,0.972132274166098,6.23094128374256e-10,9.20544634122907,NS,0.7899975884986665,9.183915488232883e-10,9.036972121370644,NS
Td00001aa010854_T001,0.361768359419153,0.734255100644765,0.134153027884248,NS,-0.203872219554437,0.969157921114505,0.0136054503171285,NS,0.07894806993235799,0.9924631064637389,0.0032856286021503396,NS
Td00001aa010934_T008,-0.0558912008920452,0.472065670208366,0.325997581397122,NS,-0.218292703371569,3.15701720191379e-5,4.50072305172328,NS,-0.13709195213180708,7.668009411707611e-4,3.1153173627410053,NS
Td00001aa010944_T002,-0.260151897300673,0.490438017946588,0.30941587139248,NS,0.130688835987382,0.930987264975938,0.0310562597152251,NS,-0.0647315306566455,0.8998912464606441,0.04580997268944825,NS
Td00001aa010947_T001,-0.744197163397282,0.00760222132406762,2.11905949089944,NS,-0.630616647355542,2.16483512426353e-6,5.66457517429871,NS,-0.687406905376412,2.86838453326659e-6,5.5423626279410225,NS
Td00001aa010954_T001,0.166072675946706,0.342366389823567,0.465508876677765,NS,-0.141437067556734,0.27036792148831,0.56804483768252,NS,0.012317804194986001,0.44215370402917425,0.3544267324430514,NS
Td00001aa010981_T002,0.189033824390017,0.188513135104034,0.724658383896071,NS,0.0536267261904636,0.939083163740887,0.0272959455885672,NS,0.1213302752902403,0.6144387984138588,0.21152136881468878,NS
Td00001aa010989_T001,-0.0573916638883367,0.876180457910029,0.0574064374355024,NS,-0.199791891189531,0.132948139842658,0.876317734765063,NS,-0.12859177753893386,0.4998443343634982,0.3011652261697258,NS
Td00001aa011042_T003,-0.174621396107069,0.372048277651577,0.429400701630788,NS,-0.0902016955263634,0.407440550893804,0.389935749628909,NS,-0.13241154581671621,0.5676357853614447,0.24593023320203428,NS
Td00001aa011045_T001,-0.207561069935362,0.362688064884068,0.440466735680317,NS,-0.24996661458892,0.00924805650229193,2.03394952553269,NS,-0.228763842262141,0.05051922977060852,1.2965432794335021,NS
Td00001aa011081_T001,-0.00144341686966872,0.973862038857488,0.0115025626354104,NS,-0.109807183249691,0.284460745903601,0.545977655503217,NS,-0.05562530005967986,0.7510311177813361,0.12434206832106715,NS
Td00001aa011126_T001,0.00144197417390632,0.5621733214676,0.250129768145731,NS,0.425464694268554,0.00258555590411661,2.58744606760497,NS,0.21345333422123014,0.027223497764841686,1.5650560759593322,NS
Td00001aa011129_T003,1.08610437124329,0.0171766489533907,1.76506156012092,Up,-0.129916800605199,0.941526560812983,0.0261674238663227,NS,0.4780937853190455,0.15564793966406126,0.8078566237668902,NS
Td00001aa011137_T001,0.05797006863733,0.691844015667046,0.159991811282018,NS,-0.554926469776618,4.03384076770559e-6,5.39428124917523,NS,-0.24847820056964398,1.9785619172925912e-4,3.703650354335154,NS
Td00001aa011157_T001,0.154453592679872,0.0850707626171982,1.07021967394299,NS,-0.344630573691169,0.0214374650198861,1.66882657126308,NS,-0.095088490505648507,0.03226052003584334,1.491328636113926,NS
Td00001aa011188_T001,-0.785875194647153,0.00361149699632766,2.44231274200509,NS,-0.431945329165907,0.00304195771409966,2.51684682731814,NS,-0.6089102619065301,5.974275162704712e-4,3.2237147785694797,NS
Td00001aa011197_T003,-0.302226180444814,0.075557652375176,1.12172154434927,NS,0.0480803260966867,0.788633442557119,0.103124810308618,NS,-0.12707292717406365,0.3438184111512142,0.463670870966917,NS
Td00001aa011200_T003,0.648005179810493,0.320812151761605,0.49374918981724,NS,0.458625172982647,0.266212023357813,0.574772333684661,NS,0.55331517639657,0.42163294231283355,0.3750654649070418,NS
Td00001aa011228_T001,-0.579921884020626,4.7993920492952e-4,3.31881377228239,NS,-0.395685056707644,3.39626332827144e-6,5.46899864422856,NS,-0.487803470364135,4.2024513772346985e-7,6.376497302688212,NS
Td00001aa011250_T001,0.0758748669751276,0.57423972446734906,0.24090676739468,NS,-0.0384161281204502,0.881045486998069,0.0550016690654803,NS,0.018729369427338702,0.925158766591632,0.033783731544281166,NS
Td00001aa011263_T001,0.423309237242387,0.0983026626797518,1.00743471847039,NS,-0.0925278756664742,0.606322516354376,0.217296303533325,NS,0.1653906807879564,0.3438184111512142,0.463670870966917,NS
Td00001aa011277_T002,-0.432454552356253,0.0089559391944098,2.04788886368858,NS,-0.614418354980948,9.30989807660153e-8,7.03105507358491,NS,-0.5234364536686005,2.412477146082429e-7,6.617536792130203,NS
Td00001aa011280_T002,-0.662003536484984,0.010031071737538,1.99865266370608,NS,-0.451695992524579,2.13592567446814e-8,7.67041386387661,NS,-0.5568497645047815,7.489097990324238e-8,7.125570486895314,NS
Td00001aa011286_T001,0.470927257475127,0.443499114145047,0.353107243300805,NS,0.4520835940486,0.102054529497202,0.991167715181266,NS,0.4615054257618635,0.2937382064067336,0.5320395612999455,NS
Td00001aa011312_T002,-0.50635266602479,0.0459623714977406,1.33759757132814,NS,-0.127933280624927,0.584720119842416,0.233051962112429,NS,-0.3171429733248585,0.21535407566485285,0.6668469046211107,NS
Td00001aa011332_T004,-0.380821783940931,0.0737357038118743,1.13232217002731,NS,-0.459662290380672,0.0352828592373346,1.45243622794268,NS,-0.42024203716080155,0.041787418553494514,1.3789544568678733,NS
Td00001aa011350_T001,-0.210896782498619,0.523754685917171,0.280872078471727,NS,-0.064564714480721,0.679185477274431,0.168011608993502,NS,-0.13773074848967,0.8277300795659609,0.08211126232905913,NS
Td00001aa011352_T002,-0.239566125329888,0.146304464415032,0.8347424213714,NS,-0.164924165989002,0.0694694763653867,1.1582059746607,NS,-0.202245145659445,0.11193223117880403,0.9510448392307969,NS
Td00001aa011353_T002,0.246104009883917,0.204480541751739,0.689348012898263,NS,-0.350343545231517,0.633624312651651,0.198168166885933,NS,-0.0521197676738,0.5257504764593931,0.27922032506372113,NS
Td00001aa011371_T001,0.211635253327149,0.629582760687517,0.200947172391029,NS,1.65283576932598,0.00157167785958379,2.80363646474822,Up,0.9322355113265646,0.02036299084240138,1.6911584340485815,NS
Td00001aa011427_T001,-1.200912693926,0.2717759477689,0.565788981059949,NS,-1.37743628830763,0.00424763087843122,2.37185323072736,Down,-1.289174491116815,0.02294678044662872,1.6392782396408176,Down
Td00001aa011430_T003,0.644317778337577,0.334720058177693,0.475318261664109,NS,1.31080174106185,3.1840706698362e-4,3.49701730174488,Up,0.9775597596997134,0.0036927382142020793,2.432651479285744,NS
Td00001aa011438_T001,0.146655222119465,0.834429471689841,0.0786103652164331,NS,0.536606654491106,2.58280571915621e-5,4.58790826059854,NS,0.3416309383052855,0.0010401957416629457,2.9828849284655035,NS
Td00001aa011457_T001,0.297484915710575,0.486625559561415,0.312805083886584,NS,0.0356788593701327,0.576490090183999,0.239208153790611,NS,0.16658188754035386,0.7541715302506593,0.12252986610755369,NS
Td00001aa011468_T001,-0.096961729887088,0.554462652831874,0.256127701481056,NS,-0.00369099045007705,0.999942847791441,2.4821598116925e-5,NS,-0.050326360168582523,0.948091933506895,0.023149548443659563,NS
Td00001aa011477_T001,0.264236151043547,0.788088826073363,0.103424830100005,NS,-0.235368778511311,0.00197410887528983,2.70462889896442,NS,0.01443368626611799,0.028667981796040708,1.5426028799762372,NS
Td00001aa011506_T001,0.22650852980868,0.108544917423836,0.964390507414167,NS,0.00105758519501523,0.979794624944261,0.00886494736943127,NS,0.11378305750184761,0.4770442773352297,0.32144130961829687,NS
Td00001aa011551_T001,0.465713319595964,0.73608630685701,0.133071261213821,NS,-0.331391524336937,0.640228016191009,0.193665325176365,NS,0.0671608976295135,0.9084913670210879,0.04167919523862997,NS
Td00001aa011555_T005,-0.254977850962736,0.133812310109182,0.873503931661108,NS,-0.366044537438658,6.28928157840913e-5,4.20139896097001,NS,-0.310511194200697,4.8699553120102354e-4,3.3124750239673793,NS
Td00001aa011564_T001,0.0524158941511385,0.864862066071142,0.0630531511720128,NS,0.0429861586325591,0.722228289128934,0.141325504593798,NS,0.0477010263918488,0.9698110227479497,0.013312884056950417,NS
Td00001aa011566_T001,-0.0159575739029762,0.453353698006571,0.343562837379075,NS,-0.436653999109133,4.426640932738e-4,3.35392570441711,NS,-0.2263057865060546,0.0060712388886810745,2.2167226783451643,NS
Td00001aa011571_T001,0.489542935642474,0.384399913330384,0.415216718922691,NS,0.323008057637836,0.318781267655724,0.496507206701188,NS,0.406275496640155,0.5129764084340336,0.2899026074466875,NS
Td00001aa011576_T001,0.211635253327149,0.930892453929169,0.0311004901926857,NS,-0.101368294131811,0.999525501265951,2.0612108783348e-4,NS,0.055133479597669,0.9999558984015862,1.9153503187400002e-5,NS
Td00001aa011609_T003,0.395062799517578,0.137987361277016,0.86016069025831,NS,-0.149793732837273,0.921425239914451,0.0355398956155318,NS,0.1226345333401525,0.5211866276085388,0.2830067357651412,NS
Td00001aa011659_T002,-0.253257284222264,0.134541574435613,0.871143494412263,NS,0.0570214308619772,0.230017367230803,0.638239371774788,NS,-0.09811792668014341,0.23328242131549795,0.6321179856524897,NS
Td00001aa011674_T001,0.788268082866837,0.0180693858695782,1.74305660770391,NS,0.296463156794418,0.0619983986284039,1.20761952785383,NS,0.5423656198306275,0.02242606471006112,1.6492469290317993,NS
Td00001aa011675_T004,0.0935601761623378,0.573077739701444,0.241786460696998,NS,0.139408220231682,0.218528364560664,0.660492184447885,NS,0.1164841981970099,0.5178602482594397,0.2857874248078608,NS
Td00001aa011732_T002,0.351628329102782,0.114252349005605,0.942134862158023,NS,-0.483196044046987,0.00232683238101059,2.6332349010382,NS,-0.0657838574721025,0.0074595377004891055,2.127288086783076,NS
Td00001aa011748_T001,0.070389327891398,0.913559408957987,0.0392632051328013,NS,-0.267646744513701,0.791875994074002,0.101342822584691,NS,-0.0986287083111515,0.9944565728847639,0.0024141774146687394,NS
Td00001aa011779_T001,0.476122419880152,0.21749246960389,0.662555775335061,NS,0.396974620347502,7.95431729264684e-8,7.09939708927444,NS,0.43654852011382705,2.9730924676374595e-6,5.526791583374878,NS
Td00001aa011866_T001,-0.295128035543647,0.167173612046133,0.776832273829918,NS,0.113278291395612,0.245479269662283,0.609985177477532,NS,-0.0909248720740175,0.27615793562205365,0.5588424724571414,NS
Td00001aa011875_T002,-0.763660460831626,0.00573754633518637,2.24127379417198,NS,-0.987883837320263,1.4983411756021898e-12,11.8243892855613,NS,-0.8757721490759445,1.131159815593983e-11,10.94647603156678,NS
Td00001aa011888_T001,-0.214240225572989,0.18438791102819,0.734267555873784,NS,-0.218918489409074,0.404128336797767,0.393480696492668,NS,-0.2165793574910315,0.38978215932943666,0.40917804280201764,NS
Td00001aa011890_T001,0.457331625485014,0.0978253270708075,1.00954869139754,NS,-0.214224817377687,0.461521276660088,0.33580827270292,NS,0.1215534040536635,0.2933789422518065,0.5325710615630904,NS
Td00001aa011895_T002,0.0114956388378294,0.810585371276017,0.0912012382842235,NS,-0.242870556278122,0.690804903367821,0.160644588449643,NS,-0.1156874587201463,0.948620757390082,0.022907376499094585,NS
Td00001aa011900_T001,-0.424687669312563,0.0983026626797518,1.00743471847039,NS,-0.277625335530467,0.945297275873994,0.024431593639816,NS,-0.35115650242151497,0.4428440296811113,0.35374920600261445,NS
Td00001aa011905_T003,-0.481968507397831,0.722668003855303,0.141061173255838,NS,-0.0835367686823779,0.0262717727161105,1.5805106217381,NS,-0.2827526380401044,0.1717358339336782,0.7651390766740516,NS
Td00001aa011919_T001,-0.112474729258412,0.689410505610952,0.161522102862939,NS,-0.165551965545618,0.146447257479537,0.834318756946918,NS,-0.139013347402015,0.463068927176287,0.33435436003099916,NS
Td00001aa011925_T001,-0.349235440883098,0.0509077450826476,1.2932161392591,NS,0.0807190933890982,0.971453982140844,0.0125777671441222,NS,-0.1342581737469999,0.30871777003078577,0.5104383714761205,NS
Td00001aa011930_T003,-0.232768962976124,0.50899668222589,0.293285048499556,NS,-0.257923365540627,0.0373889599301773,1.42725661569273,NS,-0.24534616425837552,0.17183828204997453,0.7648800778098318,NS
Td00001aa011935_T001,-0.0619024389259069,0.505972791765988,0.295872836329363,NS,0.419003640248889,0.0100372757015309,1.99838414658757,NS,0.17855060066149103,0.06860938323439753,1.1636164847561097,NS
Td00001aa011954_T001,1.26423615104355,1.0532048504245e-4,3.97748714946366,Up,1.31675422729296,6.7932808672923e-9,8.16792042919058,Up,1.290495189168255,5.469906220838056e-10,9.262020119392654,Up
Td00001aa011955_T001,0.190298791626595,0.0897927890270444,1.04675853873925,NS,-0.279739818134291,0.553773282860418,0.256668000894864,NS,-0.044720513253848,0.3095816306984437,0.5092248164742199,NS
Td00001aa011973_T001,-0.0664273617389761,0.401927730476622,0.395852029196082,NS,0.0259115242473491,0.392429895279412,0.406237915511417,NS,-0.020257918745813504,0.5792410715338226,0.2371406517347537,NS
Td00001aa011975_T001,0.0243196791954129,0.559987771022887,0.251821456985352,NS,-0.196017945542027,0.501164002325973,0.300020131118916,NS,-0.08584913317330706,0.7541715302506593,0.12252986610755369,NS
Td00001aa012020_T001,-1.58640591759082,2.2962778700067e-4,3.63897555960647,Down,-0.289126513030041,0.764814200237,0.116444057150211,NS,-0.9377662153104305,0.005474468837238389,2.261658012058066,NS
Td00001aa012022_T001,0.390667685559667,0.759591499988218,0.119419903767652,NS,0.196689113975207,0.115317169231513,0.938106027073135,NS,0.29367839976743704,0.42826355424471785,0.3682888830255366,NS
Td00001aa012060_T001,-0.192645077942396,0.31914720189914503,0.496008958864094,NS,-0.648082140504996,1.64494623531937e-5,4.78384829229498,NS,-0.420363609223696,3.3276996701484294e-4,3.477855876336522,NS
Td00001aa012064_T002,-0.237863830098888,0.321343335560564,0.493030702628593,NS,-5.6624927001198e-4,0.999976806253387,1.00730329849107e-5,NS,-0.11921503968444999,0.7945455493495205,0.09988120070440751,NS
Td00001aa012077_T002,-0.0247366783215064,0.838522534001686,0.076485261905732,NS,-0.260328289337093,0.72298947682068,0.140868023856189,NS,-0.1425324838292997,0.9641991135927614,0.01583327210830054,NS
Td00001aa012095_T001,0.00863030514344006,0.979430603859808,0.00902632988714246,NS,-0.393257797816245,1.03008341964464e-5,4.98712760323235,NS,-0.19231374633640247,5.595419151377154e-4,3.2521673750316262,NS
Td00001aa012101_T001,-1.09850554495243,0.00655262911591938,2.18358441276536,Down,-0.131432808798067,0.990157246513738,0.00429582977591448,NS,-0.6149691768752484,0.08076682037067799,1.0927670140934178,NS
Td00001aa012104_T002,-0.45600928033515,0.0201870729356557,1.69492664787405,NS,8.4166338623208e-4,0.998047959909236,8.4858874922516e-4,NS,-0.22758380847445897,0.1787490543379402,0.7477562471319207,NS
Td00001aa012106_T002,0.255802836602718,0.376056884325958,0.424746456454502,NS,0.356919179390861,7.0842441526116e-4,3.14970647962415,NS,0.3063610079967895,0.007464156344310636,2.127019272428723,NS
Td00001aa012113_T003,-0.648371670897218,0.109221888980339,0.961690316661094,NS,0.102056398090189,0.998163279335277,7.9841110323557e-4,NS,-0.27315763640351454,0.48194848637692683,0.31699937935001743,NS
Td00001aa012163_T001,0.27500704749987,0.129465460449932,0.887846079743059,NS,-0.495376482176719,7.1361639357995e-6,5.1465351816707,NS,-0.1101847173384245,8.010031439021831e-5,4.096365779325637,NS
Td00001aa012166_T002,0.063502942306158,0.651470716101149,0.186105101243049,NS,-0.271951458039207,0.206640258715736,0.684785063093226,NS,-0.1042242578665245,0.535275069620504,0.27142298336489473,NS
Td00001aa012180_T001,0.637842060324105,0.0795126176395933,1.09956394887256,NS,0.100859186293906,0.940837538559334,0.0264853629686808,NS,0.3693506233090055,0.3906480248878153,0.40821436713705284,NS
Td00001aa012190_T003,-0.795859283219775,0.0406254427925816,1.39120189244195,NS,-0.238222083133511,0.154863361546124,0.810051317944195,NS,-0.517040683176643,0.07932661204393389,1.100581093577737,NS
Td00001aa012238_T002,-0.0350469470992008,0.309513104014929,0.50932095930654,NS,-0.439482023355922,0.00263261720927125,2.57961228407161,NS,-0.2372644852275614,0.01757879870544198,1.7550108069313994,NS
Td00001aa012247_T002,0.102993993323326,0.990302747367586,0.00423201609803446,NS,0.462877129650799,0.0412684340508457,1.38438201030794,NS,0.2829355614870625,0.27547310059836766,0.5599208027361587,NS
Td00001aa012250_T002,0.0440443327060212,0.99204001255029,0.00347081083034743,NS,-0.181507161578105,0.397993814165745,0.400123677912644,NS,-0.06873141443604192,0.8597308947917905,0.06563746642620799,NS
Td00001aa012271_T001,-1.13923579737117,0.0102541491831815,1.98910036848707,Down,-1.269485752453,5.9527172848466394e-12,11.225284743107,Down,-1.204360774912085,6.231949987782643e-11,10.205376040591778,Down
Td00001aa012276_T001,-0.45205668870965,0.00677164230814281,2.16930599027109,NS,-0.57939812754447,3.14026397500517e-8,7.50303384298747,NS,-0.51572740812706,7.482035190697646e-8,7.125980253490145,NS
Td00001aa012294_T001,-0.0634091701760615,0.778695499458094,0.108632335341304,NS,-0.390988703389932,0.0885838172115,1.05264560923785,NS,-0.22719893678299674,0.3728521723770861,0.42846332220285177,NS
Td00001aa012295_T003,-0.281035664240461,0.120365363068495,0.919498469825584,NS,-0.368198663843802,0.031838420154576,1.49704849040587,NS,-0.3246171640421315,0.05553264707318007,1.255451624530753,NS
Td00001aa012388_T003,0.618238655595455,0.0414526018082108,1.38244820539146,NS,0.0513576973764466,0.832610125180989,0.0795583120614268,NS,0.3347981764859508,0.24985204375649012,0.6023170937357597,NS
Td00001aa012396_T001,-0.951763814347152,0.0167574458620987,1.77579217499733,NS,-0.322331575986778,0.0239871943356727,1.6200205463545,NS,-0.637047695166965,0.010469452134131333,1.9800760443334826,NS
Td00001aa012440_T003,-0.320125852253377,0.143454367778783,0.843286224180996,NS,-0.594555459584389,2.09163362272132e-5,4.67951438556251,NS,-0.457340655918883,2.1051653689707988e-4,3.6767137829586707,NS
Td00001aa012521_T002,-0.907792561902911,7.3677966493859e-4,3.13266236913969,NS,-0.773127422615467,3.27097186988835e-5,4.48532319075878,NS,-0.840459992259189,3.822760964024941e-6,5.4176228574218666,NS
Td00001aa012562_T001,-0.459972730742493,0.16476836317937,0.783126172587963,NS,-0.213132661617468,0.161040095843543,0.793065979647535,NS,-0.3365526961799805,0.21413858266229455,0.6693050761539319,NS
Td00001aa012567_T004,0.261831658752137,0.689410505610952,0.161522102862939,NS,-0.502704287655862,0.840184230855474,0.0756254738533943,NS,-0.12043631445186248,0.9532154814423949,0.02080891276871565,NS
Td00001aa012570_T003,-0.375197234747053,0.476120825921992,0.322282821707195,NS,-0.0602085738659146,0.96855807398214,0.0138743342078042,NS,-0.2177029043064838,0.9029849321258759,0.04431949658481527,NS
Td00001aa012579_T001,-0.349235440883098,0.41976922927801,0.376989400066512,NS,-0.74907811974802,0.0125728925559061,1.90056479577843,NS,-0.549156780315559,0.07067336916673747,1.150744204346169,NS
Td00001aa012606_T003,-0.935117148415146,0.079564740860049707,1.0992793473674,NS,-0.260684484769509,0.0434225874936998,1.36228430108532,NS,-0.5979008165923275,0.05156553214590604,1.2876404960595869,NS
Td00001aa012623_T002,0.607862902831235,0.131956511740306,0.879569173514387,NS,-0.139612303065528,0.642789852117986,0.191930988168727,NS,0.2341252998828535,0.42007962956191125,0.3766683776939778,NS
Td00001aa012628_T001,1.01792190799726,0.0174694089197057,1.75772178919297,Up,0.62706618487642,5.0608843144475e-5,4.29577359001216,NS,0.82249404643684,7.725199889747526e-5,4.112090274376757,NS
Td00001aa012677_T001,0.771463058365651,0.0277841797346979,1.55620242025535,NS,0.00134770746506247,0.972479741095652,0.0121194372228319,NS,0.38640538291535675,0.21571354882182833,0.6661225762986518,NS
Td00001aa012705_T001,0.063502942306158,0.410249102357835,0.386952360528289,NS,-0.50942049016351,1.98893263768784e-5,4.70137992556127,NS,-0.222958773928676,4.7602775210082966e-4,3.322367727462457,NS
Td00001aa012719_T001,1.87617311443746,0.0614640483326249,1.21137883830975,NS,3.49115946660423,2.13899653103633e-7,6.66978991975432,Up,2.6836662905208453,2.3825066711713215e-6,5.62296587463556,Up
Td00001aa012729_T001,-0.0892673380970874,0.779304646947189,0.10829273408097,NS,0.104305899832165,0.998471872189648,6.641650695794e-4,NS,0.007519280867538801,0.9990517914532815,4.11997100002581e-4,NS
Td00001aa012773_T001,0.447843644362086,0.113018860334779,0.946849076376397,NS,-0.271708605854854,0.204126792285606,0.690099989021564,NS,0.088067519253616,0.19535007878960545,0.7091864092772618,NS
Td00001aa012774_T003,0.471967787661516,0.0295492962928029,1.52945285724606,NS,0.093351492015914,0.988927128968819,0.00483570906278757,NS,0.282659639838715,0.22631911140863295,0.6452787707078568,NS
Td00001aa012779_T002,0.171206827418142,0.360170228598774,0.443492188489361,NS,-0.0340675867238267,0.485589272805644,0.313730915863551,NS,0.06856962034715766,0.6113414138506191,0.21371618298073844,NS
Td00001aa012790_T002,0.388465097283154,0.528226865596574,0.277179514367956,NS,-9.8404150679083e-4,0.999984401817924,6.77425723659909e-6,NS,0.19374052788818158,0.9340401517881618,0.029634454256809495,NS
Td00001aa012808_T001,0.10701824988212,0.419165262743159,0.377614715585542,NS,0.370007159460375,6.48557391231865e-7,6.18805158690068,NS,0.2385127046712475,2.9672292636678585e-5,4.527648896521317,NS
Td00001aa012809_T001,0.82130203988953,0.0105862701197153,1.97525702872704,NS,1.13243652733149,4.3308138733377796e-11,10.3634304806708,Up,0.97686928361051,3.6835983549226593e-10,9.433727729656006,NS
Td00001aa012816_T003,0.133563525741106,0.992671701281292,0.00319435865091398,NS,0.325858188166865,0.0020314388945031,2.69219623667955,NS,0.22971085695398552,0.034589064964838274,1.4610611779711777,NS
Td00001aa012823_T001,-0.117161344232749,0.580902905605771,0.235896451230094,NS,0.321418777057727,0.00622963822444556,2.20553717351564,NS,0.102128716412489,0.05319072290639657,1.2741641072141914,NS
Td00001aa012842_T001,-0.428565884123491,0.402833119736469,0.394874830254763,NS,-0.112760892922579,0.651213422811259,0.18627665634861101,NS,-0.270663388523035,0.7343308549255739,0.1341082233346191,NS
Td00001aa012843_T001,-0.708396441969435,7.1933989095881e-4,3.14306585525194,NS,-0.779703468855647,1.31227952651231e-8,7.88197364675026,NS,-0.744049955412541,5.206815474139905e-9,8.283427813141058,NS
Td00001aa012879_T001,-0.434402824145775,0.348044464674528,0.458365268900533,NS,-0.00964778590234824,0.997466241167862,0.00110179390949754,NS,-0.22202530502406165,0.8206960516035472,0.08581765597716395,NS
Td00001aa012911_T004,0.407080775450501,0.941844840199809,0.0260206371171521,NS,0.820294761310975,0.547746826787238,0.261420129719396,NS,0.613687768380738,0.9292354286636655,0.03187424034854579,NS
Td00001aa012978_T002,-0.199255376063222,0.528957269967905,0.276579409565343,NS,-0.142041798678533,0.902282128064229,0.0446576448266829,NS,-0.1706485873708775,0.9105947552316499,0.0406748554340589,NS
Td00001aa013007_T002,0.286881147788162,0.984290428867193,0.00687673790594597,NS,-0.287050203256984,0.79212671511496,0.101205339530069,NS,-8.452773441100514e-5,0.9990517914532815,4.11997100002581e-4,NS
Td00001aa013013_T001,-0.0335695326937018,0.366340888642766,0.436114605438956,NS,-0.0627872339256916,0.976523147712128,0.0103174576454595,NS,-0.048178383309696704,0.8293157289769869,0.08128009761884625,NS
Td00001aa013076_T002,0.0731347046302154,0.696698245962416,0.156955282862593,NS,-0.233493617684265,0.0417257411396374,1.37959594056852,NS,-0.0801794565270248,0.22556215400896856,0.6467337667626065,NS
Td00001aa013095_T001,-0.305788392232109,0.373417939172216,0.42780482217601,NS,-0.0474618185519219,0.679943522551895,0.167527159150677,NS,-0.17662510539201548,0.723187279056649,0.14074922175295185,NS
Td00001aa013106_T001,-0.190997225060914,0.195765481218385,0.708263883717704,NS,-0.0519397716260697,0.99782783959659,9.4438332476751e-4,NS,-0.12146849834349185,0.6414817664507279,0.19281568354840542,NS
Td00001aa013127_T001,0.199122642013601,0.523677133373711,0.280936389372205,NS,0.238502677914951,0.010893628554044,1.96282743718472,NS,0.218812659964276,0.07450930157212664,1.1277895075297133,NS
Td00001aa013141_T001,0.16349873228288,0.725105927057341,0.139598544910231,NS,0.601624897978994,0.0163423193541435,1.7866863069698,NS,0.382561815130937,0.12446966494000052,0.9049364795274852,NS
Td00001aa013158_T001,0.0758748669751276,0.888137490397284,0.0515197969480491,NS,-0.120944254319927,0.146003885797705,0.835635585598823,NS,-0.0225346936723997,0.5257504764593931,0.27922032506372113,NS
Td00001aa013176_T001,0.142740172116082,0.441493200866856,0.355075980305537,NS,-0.0606625942759821,0.966200002901158,0.0149329655454659,NS,0.04103878892004995,0.8784265145917498,0.05629456386950982,NS
Td00001aa013204_T001,-0.813499442355505,0.0162341273004227,1.78957105282165,NS,-0.153781306504014,0.841257966400158,0.0750708101412234,NS,-0.4836403744297595,0.1376042617882538,0.861368115210541,NS
Td00001aa013205_T001,-0.356605546520108,0.170616863124524,0.76797804702547,NS,-0.361225335336801,0.00111260550107225,2.95365879710109,NS,-0.3589154409284545,0.005784085696393363,2.237765281205391,NS
Td00001aa013262_T003,-0.744197163397282,0.0553267463841526,1.25706486871511,NS,0.422329450986453,0.999965079978405,1.51658374837807e-5,NS,-0.1609338562054145,0.32845676188153106,0.4835217929601508,NS
Td00001aa013293_T002,-0.569179503480228,0.145140739194868,0.838210669407745,NS,0.0896031500898326,0.484570474140354,0.314643051834033,NS,-0.23978817669519772,0.3767843001855412,0.42390720164571394,NS
Td00001aa013332_T001,-0.785875194647153,0.0266147012720884,1.57487840405864,NS,-0.394513138594211,0.234749647077909,0.629395051978706,NS,-0.590194166620682,0.07900653087909112,1.1023370073485568,NS
Td00001aa013334_T008,0.470927257475127,0.0239760971056178,1.62022151112228,NS,0.545579997409913,1.8994131097652297e-11,10.7213805688177,NS,0.50825362744252,3.6835983549226593e-10,9.433727729656006,NS
Td00001aa013344_T002,-0.186064929518683,0.235305971025344,0.628367052210056,NS,-0.373812495319676,9.635857532477581e-9,8.01610962973183,NS,-0.2799387124191795,5.531377761182037e-7,6.257166680710992,NS
Td00001aa013359_T001,0.192825403552391,0.562085457482032,0.250197650816309,NS,0.49258376879051,0.00241347746215472,2.61735675241087,NS,0.3427045861714505,0.02596268297873736,1.585650429643136,NS
Td00001aa013413_T002,-0.318325858207167,0.620923504632098,0.206961899924012,NS,-0.0249349573934734,0.997533697426305,0.00107242460451062,NS,-0.1716304078003202,0.9690876177010151,0.013636955494299908,NS
Td00001aa013419_T005,-0.0588936890535686,0.751812364845154,0.123890535845058,NS,-0.00773466833796812,0.0828103499976918,1.08191537980963,NS,-0.03331417869576836,0.35138342116035426,0.4542187330752941,NS
Td00001aa013433_T002,-0.0588936890535686,0.842372374996964,0.0744958839677526,NS,1.7526367872322e-4,0.99223244210578,0.00338657734298524,NS,-0.02935921268742269,0.9996572672230563,1.4887246698859125e-4,NS
Td00001aa013454_T002,-0.222632890549587,0.47389288754734,0.324319809389062,NS,0.330785927394144,0.680929674809805,0.166897738922956,NS,0.054076518422278494,0.7959360499892498,0.09912182453931857,NS
Td00001aa013466_T001,-0.267079617891743,0.996932088628259,0.00133442497674753,NS,-0.436870843153124,0.00180288497207059,2.74403198131344,NS,-0.3519752305224335,0.03192205900906176,1.4959091039305152,NS
Td00001aa013477_T003,-0.356605546520108,0.030727311797487,1.5124754326686,NS,-0.663601171346757,2.37702316686857e-11,10.6239665855439,NS,-0.5101033589334325,5.469906220838056e-10,9.262020119392654,NS
Td00001aa013480_T001,-1.31832585820717,0.0500928933443491,1.30022388292029,NS,-1.25139629178938,2.93312818903103e-6,5.53266895625836,Down,-1.284861074998275,1.767508474516203e-5,4.752638495252817,Down
Td00001aa013482_T002,-0.375197234747053,0.00260206920620619,2.58468115686215,NS,-0.437173283675572,1.7453458985922202e-9,8.75811849021587,NS,-0.40618525921131254,2.7669726949398587e-9,8.557995126545878,NS
Td00001aa013498_T003,-0.512513650651464,0.33464748127864,0.475412439361824,NS,-0.252692369330787,0.00193255295383805,2.71386859715371,NS,-0.3826030099911255,0.014740891859533043,1.831476239817781,NS
Td00001aa013516_T003,-0.267079617891743,0.299497434084827,0.523606894034517,NS,0.134271110199729,0.469405614378557,0.328451720278447,NS,-0.066404253846007,0.5464195943774312,0.2624737354293511,NS
Td00001aa013521_T002,0.0894981508391026,0.745203862766715,0.127724902603061,NS,-0.174293200996866,0.565359194632046,0.247675540355969,NS,-0.04239752507888169,0.8750234377273582,0.05798031413273027,NS
Td00001aa013532_T001,0.0482361856528476,0.813626830424242,0.0895747384124157,NS,-0.53354468545664,9.597276075179091e-9,8.01785201210439,NS,-0.2426542499018962,1.5644323656074783e-6,5.805643207767638,NS
Td00001aa013562_T001,0.259423152281415,0.561358878946296,0.250759403779946,NS,-0.0785354148840988,0.999999961064193,1.69096064677187e-8,NS,0.0904438686986581,0.948620757390082,0.022907376499094585,NS
Td00001aa013579_T002,0.212880566344385,0.817890767526738,0.0873046941625111,NS,0.0181523091392926,0.924547522839392,0.0340707606795282,NS,0.11551643774183881,0.9990517914532815,4.11997100002581e-4,NS
Td00001aa013609_T003,0.0229004021100788,0.753169499115507,0.12310727579563,NS,0.0500833049988424,0.932237708964866,0.030473333859843,NS,0.0364918535544606,0.9908212193027047,0.00400470119056519,NS
Td00001aa013626_T001,0.150559676575381,0.787672733179103,0.103654188217133,NS,-0.241861188783411,0.0646459258577259,1.1894588402076,NS,-0.045650756104015006,0.31371855802360776,0.5034597898490866,NS
Td00001aa013660_T001,0.037030730944967,0.957123697667127,0.0190319308306053,NS,0.0229761192319572,0.949981372529954,0.022284910381432,NS,0.0300034250884621,0.9999558984015862,1.9153503187400002e-5,NS
Td00001aa013672_T001,-0.960159735468209,0.0260529955819875,1.5841423341713,NS,-1.13015453035332,5.76600501618702e-6,5.23912498412932,Down,-1.0451571329107645,1.785487754980994e-5,4.748243123887565,Down
Td00001aa013673_T002,-0.946193556304206,0.011333434774629,1.94563845045408,NS,-0.896432294536566,1.06376303360959e-5,4.97315510574162,NS,-0.921312925420386,1.5098819753801912e-5,4.821056999358756,NS
Td00001aa013674_T001,-0.968604803724466,0.00700905780875302,2.15434035806198,NS,-0.776235866141619,0.00722182703555317,2.14135291723907,NS,-0.8724203349330425,0.0020675865819991,2.684536294932794,NS
Td00001aa013675_T002,-1.00288827932483,0.00224439767346455,2.64890019015662,Down,-0.561488470938326,2.36581852880159e-8,7.62601857118851,NS,-0.7821883751315779,2.366667876988732e-8,7.625862683900843,NS
Td00001aa013685_T002,0.526068811667588,0.172399733422553,0.76346341004961,NS,0.7013255875188,0.00160399184606424,2.79479784379394,NS,0.613697199593194,0.0077066688565726425,2.1131333015632197,NS
Td00001aa013686_T001,-0.354759487354735,0.436194076440068,0.360320236480517,NS,0.13300039406253,1.76905192789849e-5,4.75225941883207,NS,-0.1108795466461025,4.556333079570696e-4,3.3413845353979967,NS
Td00001aa013691_T001,-0.222632890549587,0.110600129707676,0.956244363706775,NS,-0.0664158784498427,0.955233386939842,0.019890506660327,NS,-0.14452438449971483,0.47623217251357747,0.3221812685843422,NS
Td00001aa013708_T001,0.199122642013601,0.724267174887713,0.140101197373049,NS,-0.25801508184456,0.48039248737274,0.31840379293873,NS,-0.029446219915479507,0.8210539027643231,0.08562833020740782,NS
Td00001aa013719_T002,0.6915341649192,0.0519108172652663,1.28474213369096,NS,0.0518297892391419,0.112421161869071,0.949151930600466,NS,0.37168197707917094,0.07540955411369028,1.1225736271276583,NS
Td00001aa013725_T006,1.41683974191283,0.0159115748199293,1.79828683469921,Up,1.21623662389427,4.50134792007927e-5,4.34665741809218,Up,1.31653818290355,6.547310203425599e-5,4.183937082257394,Up
Td00001aa013761_T001,-0.839079811818897,0.0626143149560732,1.20332636653847,NS,0.0223178421249047,0.59910831629716,0.222494651871997,NS,-0.40838098484699614,0.2629343034438281,0.5801527504303052,NS
Td00001aa013775_T001,0.094911647025467,0.859588854515533,0.0657092242343198,NS,-0.348944668443781,0.176470790078136,0.753327169923245,NS,-0.127016510709157,0.5676357853614447,0.24593023320203428,NS
Td00001aa013783_T001,-0.147202107181229,0.161849208787871,0.790889419337723,NS,-0.456210869267369,2.4241068135454e-11,10.6154482477436,NS,-0.301706488224299,2.4673478793382975e-9,8.607769613612932,NS
Td00001aa013790_T001,0.512985334813676,0.0105489079759761,1.97679249624824,NS,-0.00968426772727591,0.996193578962252,0.00165626187110103,NS,0.25165053354320005,0.11466505497352865,0.9405689164012323,NS
Td00001aa013792_T002,1.03562390973072,0.032514909087473,1.48791745595299,Up,-0.0334089797388901,0.935465127792681,0.0289723974632662,NS,0.501107464995915,0.23116157559205208,0.6360843540542358,NS
Td00001aa013818_T001,0.235114320376357,0.302579804924458,0.519160061450146,NS,0.376436227025914,0.00111905973370003,2.95114673087655,NS,0.3057752737011355,0.009125269155242515,2.039754316908455,NS
Td00001aa013819_T002,0.0813396274519388,0.898866136619337,0.0463049806319423,NS,0.0648414243242641,0.893823748884876,0.0487481103238692,NS,0.07309052588810144,0.9996572672230563,1.4887246698859125e-4,NS
Td00001aa013822_T002,0.469885976274464,0.00332308050816303,2.47845913695559,NS,0.110560255101809,0.765032028200032,0.116320382651128,NS,0.2902231156881365,0.04122493476844622,1.38484002288117,NS
Td00001aa013843_T001,0.432959407276106,0.00793310583075527,2.10055675201579,NS,0.307752923749704,0.0157465793391623,1.80281377428528,NS,0.37035616551290496,0.004177449326576766,2.37908880949479,NS
Td00001aa013846_T001,-0.360304766600418,0.297593430695963,0.526376659967499,NS,-0.876312387128084,9.45697304953197e-8,7.02424784861373,NS,-0.618308576864251,4.349407757787666e-6,5.3615698752374215,NS
Td00001aa013887_T001,0.326537348139952,0.721793357843476,0.141587118764734,NS,-0.558429674251833,0.014828477706575,1.8289034314105,NS,-0.1159461630559405,0.1157384892148442,0.936522190971425,NS
Td00001aa013906_T003,-0.428565884123491,0.215903537465969,0.665740241920681,NS,-0.0587231466064705,0.8977177871972,0.0468601697089885,NS,-0.24364451536498077,0.6405396152982475,0.193454005383168,NS
Td00001aa013911_T001,-0.00723156923107586,0.810780366689953,0.0910967764337054,NS,-0.375005832452712,0.00179243588446457,2.74655637012111,NS,-0.19111870084189392,0.027223497764841686,1.5650560759593322,NS
Td00001aa013924_T004,0.100304905795685,0.76927058834587,0.113920871700133,NS,-0.21038023240072,0.45260659960616,0.344279117743991,NS,-0.055037663302517505,0.8210539027643231,0.08562833020740782,NS
Td00001aa013939_T002,0.0384361816561079,0.981948643326332,0.00791122555646069,NS,0.0208281645806445,0.980352099635338,0.00861791668991423,NS,0.0296321731183762,0.9999558984015862,1.9153503187400002e-5,NS
Td00001aa013963_T003,-0.0558912008920452,0.724402087111684,0.140020307088264,NS,0.122415121688587,0.580330696662806,0.236324456768435,NS,0.0332619603982709,0.8746600812847737,0.05816069383972561,NS
Td00001aa014014_T002,0.117695042669755,0.0419580216432743,1.37718499735323,NS,0.158961845921768,0.764447097865876,0.116652563750533,NS,0.13832844429576152,0.23872626959480217,0.6220997883148677,NS
Td00001aa014017_T001,-1.11716134423275,0.0506654175357599,1.29528837395938,NS,-0.00640518313652112,0.794356022518559,0.0999848074459539,NS,-0.5617832636846356,0.273457230858753,0.5631105883597879,NS
Td00001aa014018_T001,-0.140825544133565,0.52948037033982,0.276150136049645,NS,-0.556697051760529,9.70665018535995e-5,4.01293062148388,NS,-0.34876129794704697,0.0020912489551422413,2.6795942630175094,NS
Td00001aa014068_T004,0.353887836284907,0.0401285388245893,1.39654665367187,NS,-0.234208161534542,0.507663894410676,0.294423722976725,NS,0.0598398373751825,0.1797888221152034,0.7452373128507929,NS
Td00001aa014113_T001,-0.0499049058263139,0.764999202930476,0.116339017347136,NS,-0.317200191317859,2.30776382893475e-6,5.63680863790734,NS,-0.18355254857208644,1.3773652667812585e-4,3.8609508728792523,NS
Td00001aa014127_T001,0.146655222119465,0.150764242041905,0.821701651340018,NS,0.269326505554978,0.0716736702480133,1.14464035571398,NS,0.20799086383722148,0.11636420003741779,0.9341806117619039,NS
Td00001aa014170_T002,1.59836520532364,0.0272056441957435,1.56534098608433,Up,0.407284111438435,0.313345493039133,0.503976547532739,NS,1.0028246583810374,0.0985327179185117,1.0064195375012293,NS
Td00001aa014171_T001,-0.227692025041597,0.45056441207497,0.346243114098717,NS,-0.185354195530861,0.004571579547502,2.33993371891466,NS,-0.206523110286229,0.03512239059134098,1.4544159316812528,NS
Td00001aa014173_T003,0.150559676575381,0.673541392862976,0.171635709310579,NS,-0.291213660396597,0.416510482680797,0.380374063853505,NS,-0.07032699191060801,0.7541715302506593,0.12252986610755369,NS
Td00001aa014184_T002,-0.330973234490369,0.19443368352069,0.711228496097123,NS,-0.0615528680405837,0.0423162878146614,1.37349243767231,NS,-0.19626305126547633,0.09608502704877465,1.0173442832651167,NS
Td00001aa014188_T006,-0.805912947883698,0.0317768797252156,1.49788874981745,NS,-0.0583978331855619,0.968390412909916,0.0139495187356029,NS,-0.43215539053463,0.2326320138794159,0.6333305196399766,NS
Td00001aa014189_T002,-0.00288827932482651,0.778695499458094,0.108632335341304,NS,0.134005023534252,0.767833704888874,0.114732827975354,NS,0.06555837210471274,0.9605639356556529,0.01747372296435273,NS
Td00001aa014206_T001,0.297484915710575,0.05530234040847,1.25725648885849,NS,-0.0702509826723102,0.812268333969794,0.0903004772719276,NS,0.1136169665191324,0.2926434479491865,0.5336611949441887,NS
Td00001aa014214_T001,0.0271540515037266,0.582652822077117,0.234590145700934,NS,0.0678970263608291,0.980812848800485,0.00841385346330393,NS,0.04752553893227785,0.9518110874736146,0.02144924049065161,NS
Td00001aa014231_T001,-0.380821783940931,0.462041743529741,0.335318785990069,NS,-1.16432203481613,3.22638428921494e-6,5.49128390577972,Down,-0.7725719093785306,1.2013328788032156e-4,3.9203366367300285,NS
Td00001aa014246_T001,-0.524915117051217,0.0689097355373841,1.16171941682272,NS,-0.414627186658299,0.00154229390086123,2.81183285886617,NS,-0.469771151854758,0.003688663504254719,2.4331309611762424,NS
Td00001aa014253_T001,0.833497336859835,0.0538121263942951,1.26911984640244,NS,0.259931163826455,0.925573305304067,0.0335891794736814,NS,0.546714250343145,0.30976499023115645,0.5089676679473789,NS
Td00001aa014265_T001,-0.194294815161489,0.282064711080381,0.549651244726313,NS,0.476953990047324,0.413789957332642,0.38322005385381,NS,0.1413295874429175,0.5001604347884142,0.30089066612946314,NS
Td00001aa014316_T001,-0.965784284662087,0.0200945391142115,1.69692195028061,NS,-1.15772258814546,1.37288225615268e-6,5.86236670798968,Down,-1.0617534364037735,4.283099170306191e-6,5.368241869890581,Down
Td00001aa014317_T003,0.902266569083071,0.00331195109619888,2.47991608457066,NS,0.895279033086055,1.5616827398761501e-9,8.80640718961096,NS,0.898772801084563,3.078583110561813e-9,8.511649117540692,NS
Td00001aa014333_T002,0.207892851641333,0.839288500206943,0.076088727477724,NS,0.284265442494099,0.26190811892453,0.581851038613827,NS,0.246079147067716,0.6779592045885859,0.16879643851510492,NS
Td00001aa014362_T001,3.10802256251641,0.00275780837598613,2.55943591370152,Up,3.75210187624437,2.26631468285949e-12,11.6446797875261,Up,3.43006221938039,8.738648604483476e-12,11.058555724001119,Up
Td00001aa014383_T001,-0.214240225572989,0.274035405411559,0.562193322648546,NS,-0.486809492194769,0.00600910675772463,2.22119008024723,NS,-0.35052485888387896,0.02995895239865297,1.5234733770686588,NS
Td00001aa014389_T003,-0.187707155126729,0.640502176014879,0.193479390463168,NS,-0.0684232415838781,0.158066595972371,0.801159899312938,NS,-0.12806519835530356,0.46369309126901137,0.3337693747664716,NS
Td00001aa014391_T001,-0.373327247394007,0.0169781595076915,1.77010939059244,NS,-0.487319848767872,6.92500022276236e-5,4.15958020829319,NS,-0.43032354808093953,9.814703558674863e-5,4.008122813208749,NS
Td00001aa014405_T001,-0.479954975960182,0.00710043224774031,2.14871521225355,NS,-0.292025796952246,5.4081060071957e-4,3.26695480414317,NS,-0.385990386456214,2.579801719459227e-4,3.5884136721196693,NS
Td00001aa014408_T001,0.180147861158429,0.373417939172216,0.42780482217601,NS,0.394744787294773,3.90804919484726e-5,4.40803997798391,NS,0.287446324226601,7.548285896722258e-4,3.1221516589817413,NS
Td00001aa014411_T003,-1.11403524324603,0.130569678736513,0.884157664456773,NS,-0.429984633413635,0.111130246524592,0.954167722238665,NS,-0.7720099383298326,0.14395684203253561,0.8417676889911103,NS
Td00001aa014422_T003,-0.184424571137427,0.299587615786355,0.523476143265001,NS,-0.385592484529825,0.00420113931722206,2.37663291624883,NS,-0.28500852783362596,0.02453066220013256,1.61029072794601,NS
Td00001aa014448_T001,0.10969486482593,0.720924493960933,0.142110218738664,NS,-0.057904099322261,0.999860336796351,6.06591946969323e-5,NS,0.025895382751834495,0.9940062952165203,0.0026108651307151115,NS
Td00001aa014462_T002,0.0922074380970889,0.493125002249617,0.30704297746527,NS,0.0669034826540156,0.676098179029776,0.169990233770117,NS,0.07955546037555225,0.806444139251997,0.09342570993009007,NS
Td00001aa014474_T003,0.232660756790275,0.21665550387228,0.66423027376093,NS,-0.157464037387175,0.0106088318220895,1.97433243524584,NS,0.03759835970155001,0.03817946720797752,1.4181701364517776,NS
Td00001aa014480_T001,1.28569812595813,0.00995038490659379,2.00216011929683,Up,0.45905441867882,0.654874682999597,0.183841798769703,NS,0.8723762723184749,0.08091998830988129,1.0919441886416483,NS
Td00001aa014495_T001,0.316145742293356,0.241162098090123,0.617690946464508,NS,0.250350050221055,0.383210849318656,0.416562203840559,NS,0.2832478962572055,0.4419123285283311,0.3546638822640537,NS
Td00001aa014505_T001,-0.145605322246899,0.61539805547928506,0.21084388036017301,NS,0.202130585306476,0.150703812270113,0.821875761441622,NS,0.0282626315297885,0.4424918229296481,0.354094750478799,NS
Td00001aa014521_T001,-0.477944250839036,0.0183498602072984,1.7363672399367,NS,-0.031159821354061,0.715080154002808,0.145645274996008,NS,-0.25455203609654853,0.13384386784388652,0.8734015215451747,NS
Td00001aa014529_T001,-0.761213140412883,0.00171650597465097,2.76535468058462,NS,-0.613740181474201,4.92218591483596e-6,5.30784198667903,NS,-0.687476660943542,1.6441431398778793e-6,5.784060375267395,NS
Td00001aa014550_T001,-0.664288089679538,0.183251132639475,0.736953332389134,NS,-0.68425018037722,8.7100322919437e-4,3.05998023486754,NS,-0.6742691350283789,0.00507931566030026,2.2941947965695766,NS
Td00001aa014554_T001,0.605968358841458,0.00700905780875302,2.15434035806198,NS,-0.103784822542679,0.972428130310534,0.012142486416594,NS,0.2510917681493895,0.0835800027233123,1.0778976190416454,NS
Td00001aa014580_T001,0.360645202460216,0.0716042935301976,1.14506093578478,NS,-0.00252055983464702,0.998484757031755,6.5856072570385e-4,NS,0.1790623213127845,0.37966274685934415,0.4206020144671069,NS
Td00001aa014588_T001,0.206643223983395,0.179631665429418,0.745617103586968,NS,1.19141193438828,5.4662888238748e-4,3.26230742509466,Up,0.6990275791858376,0.003484113987451626,2.457907644906785,NS
Td00001aa014607_T001,0.0799753767205959,0.934404290340025,0.0294651761534214,NS,-0.188228995326599,0.00152602027108006,2.81643969733806,NS,-0.05412680930300155,0.02685767928967502,1.570931516433905,NS
Td00001aa014621_T001,-1.1456053222469,0.00221418676515945,2.65478574946577,Down,-0.593360714013723,7.93696433225408e-8,7.10034557135621,NS,-0.8694830181303115,6.394945450458322e-8,7.194163155746075,NS
Td00001aa014625_T002,0.476122419880152,0.048933769794586,1.31039132546383,NS,0.247225900496692,0.024366402999417,1.6132085772085,NS,0.361674160188422,0.02352699058957227,1.6284336212272212,NS
Td00001aa014638_T001,0.523060061795249,0.298070796329564,0.525680572153258,NS,-0.0740989709345474,0.733187996237796,0.134784653925808,NS,0.2244805454303508,0.6760351774601409,0.17003070497649891,NS
Td00001aa014643_T001,0.916094422938358,0.00700905780875302,2.15434035806198,NS,-0.548098891930491,0.0132944035935209,1.87633114098399,NS,0.18399776550393349,0.003337703211073274,2.476552283451746,NS
Td00001aa014647_T004,-0.177881725270655,0.639646010157527,0.194060304714967,NS,0.161109805049052,0.00394735916558926,2.40369335586015,NS,-0.00838596011080149,0.04102345771293037,1.3869677373767453,NS
Td00001aa014665_T001,0.318461465167583,0.110739390188676,0.955697872357606,NS,0.225936230030329,0.00157814066141515,2.80185429025594,NS,0.272198847598956,0.005457761602808701,2.2629854384070285,NS
Td00001aa014670_T001,0.284514133244245,0.0881053426455608,1.05499775547973,NS,0.113977382370459,0.268782651898654,0.570598765483619,NS,0.19924575780735201,0.19869110041735072,0.7018215849596067,NS
Td00001aa014685_T001,-0.547931769776189,0.0200945391142115,1.69692195028061,NS,-0.267029861862355,0.0275860815160069,1.55930998479935,NS,-0.407480815819272,0.01312187026525464,1.8820042603877842,NS
Td00001aa014689_T001,0.924479992359022,0.0336268924148131,1.47331326558628,NS,0.722867327476978,0.00785103178935301,2.10507326414948,NS,0.823673659918,0.007433695610279494,2.128795226060099,NS
Td00001aa014741_T002,-0.0380063225797449,0.877469675073901,0.056767883609306,NS,-0.161830467111976,0.159891646883194,0.796174224229337,NS,-0.09991839484586044,0.5459816868676844,0.2628219240089859,NS
Td00001aa014750_T002,0,0.931211038348708,0.0309518846427258,NS,-0.245811032242639,0.0471383560823871,1.32662556726772,NS,-0.1229055161213195,0.2885296357540618,0.5398095725136501,NS
Td00001aa014754_T001,-0.0203404482841755,0.882069714174911,0.0544970891482309,NS,0.325740745384755,0.0063911132459825,2.19442348699384,NS,0.15270014855028974,0.07396597555902727,1.1309680103376278,NS
Td00001aa014755_T001,0.216610068742442,0.787616248208659,0.103685333119782,NS,0.038494535457996,0.996038903253771,0.00172369858585413,NS,0.127552302100219,0.9990517914532815,4.11997100002581e-4,NS
Td00001aa014768_T001,-0.295128035543647,0.598770014331711,0.222739956719678,NS,-0.780520565758605,9.26957638842189e-8,7.03294011228209,NS,-0.537824300651126,7.746314872676643e-6,5.110904853762707,NS
Td00001aa014772_T002,-0.0724827538015237,0.246179606017294,0.608747927688245,NS,0.22517252198814,0.990967688091819,0.00394050607194114,NS,0.07634488409330815,0.7101172348646229,0.14866994670096742,NS
Td00001aa014774_T006,0.173767067736706,0.230832723205931,0.636702624890674,NS,-0.177534466559015,0.0385397478025919,1.41409113161884,NS,-0.001883699411154502,0.1017261438849803,0.9925674179146696,NS
Td00001aa014788_T001,-0.394031641158542,0.207930143898857,0.682082545877972,NS,-0.252196572875931,0.0262096137756661,1.58153937876087,NS,-0.32311410701723653,0.07215187423417757,1.1417523830876168,NS
Td00001aa014789_T003,-0.862496476250065,0.0464671037465538,1.33285439586821,NS,-0.166441361449696,0.216825189091117,0.663890266193527,NS,-0.5144689188498806,0.11122277747293764,0.9538062638526349,NS
Td00001aa014800_T001,-0.00144341686966872,0.786770611562832,0.104151870758884,NS,-0.470862242942215,5.81074850202471e-5,4.23576792107586,NS,-0.23615282990594189,0.001899656821255846,2.7213248485715935,NS
Td00001aa014808_T001,-0.0291463456595165,0.868007906153487,0.0614763190825,NS,-0.101757960127195,0.00704185607680559,2.15231285539306,NS,-0.06545215289335575,0.07783816989026543,1.1088073836325947,NS
Td00001aa014817_T001,1.15380533607904,0.0262477274701326,1.58090829187346,Up,0.171513681341293,0.406190912183553,0.391269797407545,NS,0.6626595087101664,0.11555828712518429,0.9371989041555824,NS
Td00001aa014836_T002,-0.758769964484555,0.0380978210178783,1.41909986282761,NS,0.0292629606876081,0.992287837456397,0.00336233179069732,NS,-0.36475350189847344,0.26431731676269155,0.5778743831107392,NS
Td00001aa014840_T001,0.596458139558986,0.0286072445342803,1.54352397166653,NS,0.78409958715534,5.6678171133856405e-9,8.24658417182064,NS,0.690278863357163,6.047150927688221e-8,7.218449191929171,NS
Td00001aa014847_T001,-1.35107444054688,1.5843134211142e-4,3.80015889875935,Down,-1.51101547379237,3.91259643582124e-16,15.4075349450292,Down,-1.4310449571696249,4.814084634290164e-16,15.317486278854902,Down
Td00001aa014848_T001,1.32077347694587,0.0457490857164131,1.33961758077315,Up,-0.146391492141872,0.138083424035555,0.859858452355181,NS,0.5871909924019991,0.07946366917180796,1.0998313856149189,NS
Td00001aa014861_T001,0.261831658752137,0.114802497507921,0.940048663836041,NS,0.0109517151326396,0.21106002345560201,0.675594017932277,NS,0.1363916869423883,0.20142592550392266,0.6958846322001199,NS
Td00001aa014867_T002,0.037030730944967,0.782620366149263,0.106448854632175,NS,-0.0415859592149661,0.999174880916435,3.5849258478922e-4,NS,-0.0022776141349995505,0.9990517914532815,4.11997100002581e-4,NS
Td00001aa014873_T004,-0.293358942690592,0.0162983833245117,1.78785547216442,NS,-0.587284964137166,4.73936487472142e-9,8.32427985450422,NS,-0.44032195341387903,3.19816730588803e-8,7.495098820726309,NS
Td00001aa014878_T002,1.23266075679027,0.0122573781605766,1.9116024149859,Up,1.96480823701547,4.79771738698281e-13,12.3189653380457,Up,1.59873449690287,8.738648604483476e-12,11.058555724001119,Up
Td00001aa014922_T001,-0.00433459026389113,0.985807067841949,0.0062080724525935,NS,-0.0335205692059014,0.827625830228025,0.0821659634504307,NS,-0.018927579734896265,0.9996572672230563,1.4887246698859125e-4,NS
Td00001aa014943_T001,0.389566811762726,0.120365363068495,0.919498469825584,NS,0.392678196636088,4.67747733519199e-5,4.32998830820527,NS,0.391122504199407,3.52341473624588e-4,3.45303623361072,NS
Td00001aa014951_T004,0.24000896473507,0.313674120852142,0.503521310549091,NS,0.291405017097619,0.0063682377709891,2.19598072970809,NS,0.26570699091634453,0.03434217047894741,1.4641722602164078,NS
Td00001aa014960_T001,-0.205896101440252,0.0398097734285637,1.40001029413167,NS,-0.275678419687428,0.100522313564331,0.99773752448993,NS,-0.24078726056384,0.05744859753131274,1.24072056909661,NS
Td00001aa014970_T001,-0.254977850962736,0.131552310046106,0.880901521341346,NS,-0.536173692672334,3.17685983265204e-5,4.49800194640945,NS,-0.395575771817535,2.778538599169018e-4,3.556183565662956,NS
Td00001aa014977_T001,-0.320125852253377,0.456522486056057,0.340537826389136,NS,-0.778905259736795,0.00940731671092171,2.02653423457714,NS,-0.549515555995086,0.060596890083588754,1.2175496638567143,NS
Td00001aa014980_T001,-0.0694518807521452,0.501128829291545,0.300050612140607,NS,-0.127260705661184,0.968691824659337,0.0138143655055831,NS,-0.0983562932066646,0.915476098335903,0.038352989971058085,NS
Td00001aa014986_T001,-0.194294815161489,0.353769828900137,0.451279208455452,NS,0.0512328179741799,0.998284831829986,7.4552760730737e-4,NS,-0.07153099859365455,0.8258631276486079,0.08309192342111059,NS
Td00001aa015117_T001,-1.2446850959549,0.00773559035481758,2.11150653677314,Down,-0.899647995697193,1.31199897136424e-7,6.88206650545655,NS,-1.0721665458260465,2.8629835507628906e-7,6.543181147204888,Down
Td00001aa015138_T003,0.773152397014052,0.0315337515779041,1.50122435806085,NS,-0.252415896721098,0.104942036223189,0.979050513304103,NS,0.260368250146477,0.050036307775334056,1.3007147447811604,NS
Td00001aa015176_T008,-0.194294815161489,0.0457008699403722,1.34007553282496,NS,-0.292961331622403,0.0832918741385633,1.07939736580714,NS,-0.243628073391946,0.05526713192585869,1.2575330724381717,NS
Td00001aa015178_T001,-0.0800879113226919,0.77487950346453,0.11076582658925,NS,-0.0831727566937216,0.937406134050931,0.0280722089385363,NS,-0.08163033400820674,0.9945832299246326,0.0023588678592683624,NS
Td00001aa015181_T001,-0.364013496254377,0.192777864022649,0.714942836017925,NS,0.563087505960992,0.14575781894002,0.836368138926243,NS,0.09953700485330749,0.22148705126264714,0.6546516587391565,NS
Td00001aa015248_T002,0.144046369616707,0.572329478222121,0.242353884880526,NS,-0.21966120019188,0.577259570161399,0.238628858352174,NS,-0.03780741528758651,0.8039690672351102,0.094760660440023875,NS
Td00001aa015258_T002,0.429749850800216,0.237614504948491,0.624127051793475,NS,0.961391278159089,9.72302977312088e-10,9.01219838438262,NS,0.6955705644796525,7.949977629493156e-8,7.099634093406593,NS
Td00001aa015265_T001,0.356143810225275,0.114252349005605,0.942134862158023,NS,0.0807900728757723,0.0056404277376461,2.2486879603685,NS,0.21846694155052365,0.014711620685231993,1.8323394811893872,NS
Td00001aa015289_T001,-0.664288089679538,0.0289677657594445,1.53808499998999,NS,-0.132729244566631,0.0037460023612496,2.42643195320815,NS,-0.3985086671230845,0.0037478260645562255,2.426220572788605,NS
Td00001aa015308_T002,-1.43050890804128,0.0245242604939116,1.61040407949361,Down,-0.431487954063044,0.0133802930582216,1.87353437444752,NS,-0.9309984310521621,0.00891702466672789,2.049780031988955,NS
Td00001aa015328_T001,-0.118726938570751,0.463993766677273,0.333487853746515,NS,0.097369896750917,0.484083724294463,0.315079518821471,NS,-0.010678520909917,0.6830762891919026,0.16553078954711256,NS
Td00001aa015350_T001,-0.332789087519129,0.241856923222558,0.616441476295705,NS,0.0149631127112259,0.807337188923684,0.0929450418528245,NS,-0.15891298740395154,0.6414817664507279,0.19281568354840542,NS
Td00001aa015352_T001,-0.708396441969435,0.123108390048444,0.909712348144431,NS,-0.288069016235753,0.164988660752927,0.782545902705219,NS,-0.498232729102594,0.17963460453628147,0.7456099977827259,NS
Td00001aa015387_T001,0.669933835668961,0.201989786544275,0.694670589759332,NS,1.24462437209179,0.164877476579934,0.78283866797676,NS,0.9572791038803755,0.24474944123864995,0.6112782910151128,NS
Td00001aa015444_T001,-0.957355662591506,0.00668627361672644,2.17481585511362,NS,-0.639929945427227,0.0247858222833392,1.60579666856061,NS,-0.7986428040093665,0.005225091568477809,2.2819060942434795,NS
Td00001aa015495_T001,-0.390245037827557,0.0349312251884827,1.45678618151764,NS,0.098712796433616,0.713803745139586,0.146421177746022,NS,-0.14576612069697048,0.205267520084015,0.6876797645321129,NS
Td00001aa015586_T001,-0.258425152581204,0.765204901830994,0.116222256586021,NS,-0.481586688128892,0.339600753791399,0.469031354449635,NS,-0.370005920355048,0.7318238187854131,0.13559345956828414,NS
Td00001aa015608_T001,0.970853654340484,0.039983763232986,1.39811633291911,NS,0.38032281817037,0.0111790315874235,1.95159581670491,NS,0.675588236255427,0.011307316653660367,1.9466404455408446,NS
Td00001aa015612_T004,-0.300448367476911,0.176545140235099,0.75314423277734,NS,-0.200849473022366,0.0610276669410089,1.21447323259974,NS,-0.2506489202496385,0.1161787481167686,0.9348733075715185,NS
Td00001aa015617_T002,-0.0740005814437769,0.404579155131739,0.39299649686049,NS,0.308746438091682,0.246827841241821,0.607605855109865,NS,0.11737292832395256,0.46044865067680124,0.3368187953719297,NS
Td00001aa015619_T001,-1.07096652135414,0.0103231554886008,1.98618753121479,Down,-0.937158802021343,5.12106915590292e-6,5.29063935932978,NS,-1.0040626616877415,7.4719482864394284e-6,5.126566142531672,Down
Td00001aa015624_T001,-1.200912693926,0.0089559391944098,2.04788886368858,Down,-0.41698698984247,0.00181605789253296,2.7408703110975,NS,-0.808949841884235,8.21966966917163e-4,3.0851456354695137,NS
Td00001aa015625_T001,0.314986485468515,0.0843559997829583,1.07388402297449,NS,0.191009356773423,0.684910776004795,0.164366000788783,NS,0.25299792112096897,0.33769344764772274,0.47147736600967216,NS
Td00001aa015631_T002,0.577247535593151,0.0326733452546097,1.48580639808528,NS,0.395134126038002,6.49199091299673e-5,4.18762209673831,NS,0.4861908308155765,1.6007480228451493e-4,3.795677025919832,NS
Td00001aa015632_T001,-1.06793882865658,0.0170787641469501,1.76754355891509,Down,-0.889950642297718,3.85539537627385e-7,6.41393107781298,NS,-0.978944735477149,1.3585815265972058e-6,5.866914295053286,NS
Td00001aa015644_T001,0.677169938818245,0.0565866612726965,1.24728592956034,NS,0.582143995425381,2.96322894657369e-9,8.52823479253197,NS,0.6296569671218131,6.178918725413602e-8,7.209087517252898,NS
Td00001aa015645_T001,-0.0335695326937018,0.907606128879847,0.0421025800747717,NS,-0.199510498961428,0.107817816417529,0.967309467975949,NS,-0.1165400158275649,0.45612696582333667,0.3409142518939157,NS
Td00001aa015658_T001,-0.325539348439741,0.328280096318213,0.48375544782567,NS,0.162639442700226,0.453590540519947,0.34333601108787,NS,-0.08144995286975751,0.5623021810818061,0.25003023192727525,NS
Td00001aa015663_T001,0.00719550140420377,0.98408949379617,0.00696540472464735,NS,-0.433021386131837,0.0268370062533593,1.57126593262236,NS,-0.2129129423638166,0.21350647867915898,0.6705889421287966,NS
Td00001aa015695_T001,-0.0499049058263139,0.77701905726709,0.109568329507398,NS,-0.244029882057148,0.00246999782744679,2.60730342873559,NS,-0.14696739394173097,0.033377113518119145,1.4765512241983205,NS
Td00001aa015706_T001,0.144046369616707,0.406314048792676,0.391138161164469,NS,-0.0854463690595496,0.438345895947604,0.358183055211282,NS,0.0293000002785787,0.6161120140954933,0.2103403224442049,NS
Td00001aa015709_T002,-0.65744525452268,0.146738857164622,0.833454867631636,NS,-0.631897300795046,9.0355683500316e-5,4.04404452450655,NS,-0.644671277658863,6.973971459901034e-4,3.15651983425182,NS
Td00001aa015748_T002,-0.129733929604017,0.969380759199594,0.0135056046425273,NS,-0.140267813099764,0.65392006251984,0.184475338110552,NS,-0.13500087135189048,0.9722095238254232,0.012240128864676712,NS
Td00001aa015826_T001,-0.894321922105463,0.0279671414664008,1.55335192078652,NS,-0.730156789532478,0.00184728955619104,2.73346502507962,NS,-0.8122393558189704,0.0020964841800171015,2.6785084104162435,NS
Td00001aa015844_T002,0.325386414659773,0.308394983871993,0.510892694481103,NS,-0.0198031483573762,0.664909768912815,0.177237286309004,NS,0.15279163315119842,0.6540159531979303,0.18441165794281497,NS
Td00001aa015872_T004,0.333423733725192,0.103567402084833,0.984776917587144,NS,-0.324593144041116,1.226215535422e-4,3.91143318592096,NS,0.004415294842038009,6.739591567226168e-4,3.1713664217843522,NS
Td00001aa015898_T001,-0.0954195650786824,0.746106560670292,0.127199141151833,NS,-0.295172319621358,0.271200624343317,0.566709314994705,NS,-0.19529594235002018,0.6506978721319222,0.18662061346420086,NS
Td00001aa015918_T003,0.0299828662157143,0.821568604013828,0.0853561655208995,NS,-0.0623141329075326,0.141368903049118,0.849646111892994,NS,-0.016165633345909147,0.4998443343634982,0.3011652261697258,NS
Td00001aa015925_T001,0.630405471482323,0.00549150772803673,2.26030840089255,NS,0.263673509922762,0.0583292111977315,1.23411389661625,NS,0.44703949070254245,0.008740177545169894,2.058479745156855,NS
Td00001aa015927_T001,-0.630393929968162,0.010503621172918901,1.97866095004479,NS,-0.720286294800574,2.30262730680431e-11,10.6377763493551,NS,-0.6753401123843681,2.080024405587833e-10,9.681931569292074,NS
Td00001aa015928_T001,-0.778432211461591,0.176734574725162,0.752678480807344,NS,-0.0686433126679833,0.988168211003429,0.00516912131065499,NS,-0.42353776206478716,0.6113414138506191,0.21371618298073844,NS
Td00001aa015941_T002,-0.121863233373052,0.926484204240204,0.0331619806298061,NS,0.795877220321191,0.0103837427998334,1.98364607766972,NS,0.3370069934740695,0.107430425498872,0.9688727041581655,NS
Td00001aa015942_T003,0.306845500314283,0.112527876307021,0.948739877315923,NS,0.336335723198396,1.13003784774768e-6,5.94690701068232,NS,0.3215906117563395,1.5730043411318143e-5,4.803270078821729,NS
Td00001aa015946_T001,0.112366523072563,0.56633129689582,0.246929437501879,NS,0.0387657446464029,0.917081902941848,0.037591876535756,NS,0.07556613385948295,0.9299700066081805,0.03153105808543607,NS
Td00001aa015954_T001,-0.547931769776189,0.338064605336636,0.471000296586057,NS,-0.189149399735235,0.0689363089800634,1.16155197350284,NS,-0.368540584755712,0.19677361462031856,0.7060331365603415,NS
Td00001aa015991_T001,0.0285691521967709,0.859588854515533,0.0657092242343198,NS,-0.335290911792077,6.54143971073391e-10,9.18432665693332,NS,-0.15336087979765306,1.7029841294488875e-7,6.7687893993215384,NS
Td00001aa015994_T001,-0.0664273617389761,0.947012725081807,0.0236441853096295,NS,-0.470792689679243,0.092669645020298,1.03306250058114,NS,-0.2686100257091095,0.4285828072017299,0.36796525486950743,NS
Td00001aa016015_T001,0.43722773891291,0.813626830424242,0.0895747384124157,NS,0.183126722386737,0.173431126959684,0.76087295383994,NS,0.3101772306498235,0.5468678246470157,0.26211762789491505,NS
Td00001aa016019_T001,0.189033824390017,0.280430601530644,0.552174596444532,NS,-0.105238738944254,0.417993746628444,0.378830215414139,NS,0.0418975427228815,0.5013449633306665,0.29986334375975277,NS
Td00001aa016032_T002,-0.209227962138,0.198003368381105,0.703327421572389,NS,-0.212762627925583,0.167648198881839,0.775601108026276,NS,-0.21099529503179149,0.2444450989308699,0.6118186658193173,NS
Td00001aa016034_T001,0.034215715337913,0.440744189167227,0.35581340478983,NS,-0.194203917796101,0.0710901998597156,1.14819026481453,NS,-0.079994101229094,0.234924023466516,0.6290725697465731,NS
Td00001aa016044_T001,-0.0892673380970874,0.98408949379617,0.00696540472464735,NS,-0.301074118285673,1.53004601964566e-6,5.81529550658266,NS,-0.1951707281913802,1.2059216866460995e-4,3.918680894651742,NS
Td00001aa016047_T001,-0.550042516371997,0.572329478222121,0.242353884880526,NS,-0.149748778515628,0.55093084323002794,0.258902913468674,NS,-0.3498956474438125,0.7886861148509096,0.10309580504276215,NS
Td00001aa016055_T008,0.14535138557262,0.852971870227644,0.0690652909970166,NS,-0.6025472541473,0.0067253764095266,2.17228340381543,NS,-0.22859793428734002,0.0745732103381525,1.1274171603539809,NS
Td00001aa016065_T001,-0.0174170530774094,0.281265628290602,0.55088333699862,NS,0.101235745076345,0.951578803510727,0.0215552404692114,NS,0.0419093459994678,0.7402588541794427,0.13061638934457087,NS
Td00001aa016069_T001,0.347098670622268,0.359879718486238,0.443842627916982,NS,0.0352951532491993,0.99980404307431,8.51113508694871e-5,NS,0.19119691193573365,0.8307293015027735,0.08054047081977977,NS
Td00001aa016071_T002,-0.0350469470992008,0.694175109247982,0.158530962704441,NS,-0.378423179417229,7.3300856860711e-4,3.13489094858256,NS,-0.20673506325821492,0.012323427361311017,1.90926849045902,NS
Td00001aa016074_T002,-0.0785636691937021,0.50247900068362,0.298882083316014,NS,-0.527550861990531,6.5888089897821e-4,3.18119308250953,NS,-0.30305726559211654,0.00895579832847324,2.047895694661717,NS
Td00001aa016098_T001,0.154453592679872,0.389219340389971,0.409805587684379,NS,-0.285901587312384,0.157600419904877,0.802442629726362,NS,-0.06572399731625601,0.3482114267271533,0.45815698140041217,NS
Td00001aa016140_T001,-0.29689930039584,0.145758789031729,0.836365248487314,NS,-0.0767839934148144,0.530968886599246,0.274930926704121,NS,-0.1868416469053272,0.3981587015475394,0.3999437885581315,NS
Td00001aa016142_T001,0.524063675777211,0.0372817814370463,1.4285033439094,NS,0.548232410072531,1.7685799387774e-4,3.75237530554934,NS,0.5361480429248711,3.9984484143721196e-4,3.398108502622347,NS
Td00001aa016152_T001,0.448900951145128,0.485456695696615,0.313849504497052,NS,0.750036818847374,0.00431468458052714,2.36505094732849,NS,0.5994688849962511,0.03552730850816098,1.4494376927169668,NS
Td00001aa016153_T001,0.812292844873271,0.202885785041408,0.692748380242852,NS,-0.110253127720933,0.966410516018691,0.0148383529116428,NS,0.351019858576169,0.6421360295067764,0.19237296164090875,NS
Td00001aa016155_T002,-0.610433188237274,0.0407028889363704,1.39037476510898,NS,-0.469609359314511,0.00161188525652835,2.7926658770658,NS,-0.5400212737758925,0.0025292539297457175,2.5970075665625703,NS
Td00001aa016178_T001,-0.217591435072627,0.150403555021825,0.822741898397867,NS,-0.208613176256376,0.0426194008628528,1.37039265982561,NS,-0.2131023056645015,0.08011801344425658,1.0962698277370906,NS
Td00001aa016192_T001,0.0690146779151805,0.901393977715756,0.0450853478110281,NS,0.251388825392294,0.0673300648677088,1.17179096712014,NS,0.16020175165373726,0.3471275323822721,0.45951093894313305,NS
Td00001aa016203_T001,1.29513524900082,0.00167985034355262,2.77472940747912,Up,0.0371036215944334,0.809093930352685,0.0920010567983073,NS,0.6661194352976267,0.025978292466457855,1.585389398173152,NS
Td00001aa016207_T001,0.385154896884344,0.647713145576406,0.188617288690494,NS,-0.0497317361725288,0.892500776016709,0.0493913976027408,NS,0.1677115803559076,0.9532154814423949,0.02080891276871565,NS
Td00001aa016220_T001,0.421155960662223,0.146304464415032,0.8347424213714,NS,-0.697776704554207,5.3703084954482e-4,3.27000076569288,NS,-0.13831037194599202,0.0029246033899385988,2.5339330209458524,NS
Td00001aa016233_T003,0.136191386287144,0.88347690763638,0.0538047976197649,NS,0.00768830349356145,0.835081413617726,0.078271182287247,NS,0.07193984489035272,0.9963807869145537,0.0015746555006842815,NS
Td00001aa016257_T001,0.380729448503549,0.0959931529512864,1.01775974343464,NS,-0.308311361455405,0.00688371247397893,2.16217727802667,NS,0.036209043524072004,0.014971606158619461,1.8247316059089391,NS
Td00001aa016269_T002,-0.101598140007807,0.34003650781618,0.468474452687322,NS,-0.343749001882365,4.76497288376e-4,3.32193956647726,NS,-0.222673570945086,0.005134244182084217,2.289523480345147,NS
Td00001aa016270_T001,-0.56277226108709,0.954195430729321,0.0203626674394207,NS,-0.956114558258606,5.5730537206724e-4,3.25390677060266,NS,-0.759443409672848,0.012723283228143438,1.8954008050496047,NS
Td00001aa016275_T003,0.0243196791954129,0.965284987394412,0.0153444481271688,NS,-1.26342210143324,0.0189193384114323,1.72309405447164,Down,-0.6195512111189136,0.16753876711300683,0.7758846847751286,NS
Td00001aa016277_T003,-0.558516520417355,0.274166372839651,0.561985813535413,NS,0.757548393858949,0.223609109365258,0.650510508180599,NS,0.099515936720797,0.3482114267271533,0.45815698140041217,NS
Td00001aa016290_T001,-0.249822294406943,0.12719366025675,0.895534534789225,NS,-0.226347708073658,0.00185217485706863,2.73231801556157,NS,-0.23808500124030052,0.006861766578759913,2.163564059710442,NS
Td00001aa016301_T001,0.571434115876509,0.0902130468311754,1.04473064918712,NS,0.258717115713361,0.27511638759549,0.560483539634592,NS,0.415075615794935,0.20467182925158045,0.6889419289179246,NS
Td00001aa016333_T003,-0.168122758808327,0.480621176820039,0.318197097507424,NS,-0.178883444319877,0.460351157180607,0.33691076082895,NS,-0.17350310156410198,0.6793430146523578,0.1679108858733909,NS
Td00001aa016357_T002,-0.0543922968186278,0.637446400272545,0.195556327042253,NS,0.0542812744785771,0.709230953869532,0.149212318190451,NS,-5.551117002534911e-5,0.8967979706559194,0.04730538316724615,NS
Td00001aa016362_T002,0.225274929869569,0.0314097204016215,1.50293592952233,NS,0.0180233636209206,0.328272468320102,0.483765539317704,NS,0.1216491467452448,0.11307628723146115,0.9466284596568744,NS
Td00001aa016366_T002,0.0538064436957938,0.37723612442472,0.423386725565898,NS,-0.00243231796095913,0.999832734504942,7.26485574843497e-5,NS,0.025687062867417336,0.8443311042131849,0.07348721150928568,NS
Td00001aa016368_T002,0.468843942974637,0.0181276598116013,1.74165825748788,NS,-0.0198946303783278,0.99255949190706,0.00324345309620176,NS,0.2244746562981546,0.1656812937731408,0.7807265227798496,NS
Td00001aa016373_T001,-0.267079617891743,0.419036140225384,0.377748519220813,NS,-0.325608895645667,0.00219977214034141,2.65762230250389,NS,-0.296344256768705,0.01930623453864323,1.7143024221581449,NS
Td00001aa016375_T001,-0.0306192350583921,0.477597511667863,0.320937944591693,NS,-0.235255456556595,0.0619982319077594,1.20762069572195,NS,-0.13293734580749356,0.22817087201669103,0.6417397978224247,NS
Td00001aa016388_T002,-0.42081985187285,0.00994121675165762,2.00256045703216,NS,-0.425736279494117,0.00841983977274407,2.07469617292733,NS,-0.4232780656834835,0.003060544512777424,2.5142012997089767,NS
Td00001aa016390_T002,-0.107803289534515,0.635398511944803,0.196953806592468,NS,-0.369816016825814,3.1704216456535e-4,3.498882975573,NS,-0.2388096531801645,0.006083889885663001,2.215818654987499,NS
Td00001aa016394_T002,0.0935601761623378,0.657912005488087,0.181832188584336,NS,0.0620217206295414,0.804786400364634,0.0943193711257452,NS,0.0777909483959396,0.9341564626806127,0.02958037731603065,NS
Td00001aa016395_T002,0.128293401009818,0.777747116393604,0.10916159042391,NS,0.188428217193001,0.277884392684307,0.556135844591562,NS,0.1583608091014095,0.6726942614413237,0.17218227714103812,NS
Td00001aa016488_T001,-0.512513650651464,0.00367213777624848,2.43508103271536,NS,-0.543266466851827,1.21119188279112e-12,11.9167870484045,NS,-0.5278900587516455,7.429190034841464e-12,11.12905853248083,NS
Td00001aa016523_T001,0.767231037023876,0.00713934858873154,2.14634141248508,NS,0.652298051405975,1.16768814611567e-6,5.93267312854638,NS,0.7097645442149254,1.636902331701246e-6,5.785977232664181,NS
Td00001aa016584_T002,0.134878054343112,0.5059352313385,0.29590507697976,NS,-0.0798480785900204,0.814902632256163,0.0888942793582168,NS,0.027514987876545806,0.8690485598333416,0.0609559557970771,NS
Td00001aa016592_T002,0.36513259345253,0.0032068622188276,2.49391969890795,NS,-0.207681432560391,0.0589808556790638,1.22928893110602,NS,0.0787255804460695,0.00577301597283348,2.2385972408897556,NS
Td00001aa016618_T001,0.347098670622268,0.37723612442472,0.423386725565898,NS,0.095952642675726,0.705801974651317,0.151317130930752,NS,0.22152565664899698,0.7391094757738704,0.13129122980112293,NS
Td00001aa016619_T001,-0.205896101440252,0.204451293365706,0.689410137739566,NS,-0.260210672874169,0.0829370738885898,1.08125129108987,NS,-0.2330533871572105,0.15981548780320756,0.7963811352752423,NS
Td00001aa016633_T002,0.276198865032242,0.558846574327238,0.252707406905681,NS,-0.905158380345943,4.86015236982376e-6,5.31335011503064,NS,-0.3144797576568505,1.94006555811631e-4,3.712183594272299,NS
Td00001aa016687_T001,-0.99136969485656,0.00632675195264654,2.19881919220571,NS,-0.733059020863714,3.7257841583861e-6,5.42878230819905,NS,-0.862214357860137,3.75688421618245e-6,5.425172189298581,NS
Td00001aa016730_T003,-0.096961729887088,0.794110913753068,0.100118835272071,NS,-0.476470932506939,0.184897860650498,0.733068113789766,NS,-0.2867163311970135,0.5584027988245339,0.25305241361017344,NS
Td00001aa016771_T001,0.552868871011303,0.333851710702698,0.47644639403934,NS,9.7580509929197e-4,0.999991866562565,3.53232136199845e-6,NS,0.2769223380552975,0.806444139251997,0.09342570993009007,NS
Td00001aa016799_T001,1.03139519627553,0.00700905780875302,2.15434035806198,Up,1.50051244707572,1.2672895471288198e-11,10.8971241472682,Up,1.265953821675625,8.724638640410219e-11,10.059252551729905,Up
Td00001aa016825_T002,-0.457989644463391,0.294362650060489,0.531117295902715,NS,-0.62961740213561,0.0532610733683266,1.27359008548919,NS,-0.5438035232995005,0.15204297956214205,0.8180336281854987,NS
Td00001aa016857_T001,-0.430508908041284,0.245734456044049,0.609533943964997,NS,-0.0723373821879825,0.618299060021436,0.208801413743424,NS,-0.25142314511463326,0.5679284611327597,0.24570636656361936,NS
Td00001aa016862_T001,0.104336659814736,0.765204901830994,0.116222256586021,NS,0.101709174319783,0.939289067185543,0.0272007325858355,NS,0.1030229170672595,0.9937268664088097,0.002732968431515988,NS
Td00001aa016906_T001,-0.465938397578882,0.0571289769506053,1.2431435530913,NS,-0.505339438377342,0.0028845084464083,2.53992818500428,NS,-0.485638917978112,0.0052056539021515785,2.2835247093313322,NS
Td00001aa016909_T003,0.576280257621355,0.268458417411038,0.571122974349822,NS,0.717483113032696,0.0962645889725102,1.01653343916879,NS,0.6468816853270255,0.2102063875570567,0.6773540911686993,NS
Td00001aa016968_T001,-0.369594528517677,0.475872749015377,0.32250916448283,NS,-0.301440572907995,0.0839376972731769,1.07604294929263,NS,-0.33551755071283595,0.27271268925960723,0.5642946539644391,NS
Td00001aa016985_T001,0.108357178090419,0.452971823149361,0.343928812184389,NS,-0.273582818974107,1.1487294611558e-4,3.93978224055592,NS,-0.08261282044184401,0.0021068704437304663,2.676362169329189,NS
Td00001aa016990_T001,-0.036525876025114,0.555589012627243,0.255246351491913,NS,-0.314310239520587,0.487809665601637,0.311749598700706,NS,-0.17541805777285052,0.7447463267829222,0.1279916301227768,NS
Td00001aa017000_T002,-0.00723156923107586,0.846028346327842,0.0726150856045624,NS,-0.0415733422516964,0.999984805573955,6.59890552026808e-6,NS,-0.02440245574138613,0.9996572672230563,1.4887246698859125e-4,NS
Td00001aa017003_T001,-2.41119543298445,0.0506654175357599,1.29528837395938,NS,-1.56164662278932,1.16616763416981e-8,7.93323901616185,Down,-1.9864210278868848,1.7754429970866727e-7,6.750693266729372,Down
Td00001aa017027_T002,0.0510240030244669,0.480438290093856,0.318362387376964,NS,0.191869302692695,0.634590321720699,0.197506555707631,NS,0.12144665285858094,0.7790541708819415,0.10843234297293788,NS
Td00001aa017069_T004,-0.0276749584428483,0.799339839782636,0.0972685408815259,NS,0.0817470152555955,0.99939142712209,2.643802982139e-4,NS,0.027036028406373598,0.9994613743274616,2.3398517826530608e-4,NS
Td00001aa017078_T001,-0.0306192350583921,0.875154279406523,0.0579153792191911,NS,-0.443582148193642,2.05663740971133e-7,6.6868422687535,NS,-0.23710069162601705,2.079223468235332e-5,4.682098831589198,NS
Td00001aa017095_T001,0.951587794814754,0.00233734196677277,2.63127774314152,NS,0.746061159103824,5.72906093424094e-5,4.24191655857359,NS,0.848824476959289,1.6364246544019823e-5,4.786103986036242,NS
Td00001aa017188_T002,-1.22431729826094,0.0271698545157764,1.56591268705744,Down,-1.34918173078344,0.331704068430166,0.479249201721592,NS,-1.28674951452219,0.10256458477460761,0.9890025738450625,NS
Td00001aa017216_T001,-0.0785636691937021,0.701787811097802,0.153794179037306,NS,0.23229981123791,3.5629048449498e-4,3.44819577626393,NS,0.07686807102210395,0.007143897374382148,2.1460647929296535,NS
Td00001aa017236_T001,-0.77349147019132,0.156826283447658,0.80458114956168,NS,-0.587066228238893,0.236982349987471,0.625283998245122,NS,-0.6802788492151065,0.2614195056307402,0.5826620109721814,NS
Td00001aa017244_T003,-0.0528949484321255,0.26559535381236,0.575779526560433,NS,-0.413019468225562,8.84723461053282e-5,4.0531924559761,NS,-0.23295720832884376,0.0011105912813159284,2.954445740273901,NS
Td00001aa017291_T001,0.0229004021100788,0.760030750582375,0.119168835958588,NS,-0.12746999445734,0.832665487984593,0.0795294354479383,NS,-0.052284796173630604,0.9722095238254232,0.012240128864676712,NS
Td00001aa017337_T004,-0.666576266274808,0.0902130468311754,1.04473064918712,NS,-0.18608221211309,0.0882293701416633,1.05438682113569,NS,-0.42632923919394905,0.09364018034562577,1.0285377585483022,NS
Td00001aa017348_T001,-0.209227962138,0.554612487852385,0.256010355918771,NS,-0.266064794149304,1.22227524010135e-5,4.91283098574868,NS,-0.237646378143652,4.0746495196042153e-4,3.389909741095281,NS
Td00001aa017352_T007,-0.161653263478769,0.298690795195126,0.524778160916328,NS,-0.171343261641042,0.837770757494332,0.0768748028199786,NS,-0.1664982625599055,0.7189097526437671,0.14332562476147565,NS
Td00001aa017359_T001,-0.526992432083826,0.462739199215147,0.334663709314128,NS,-0.177534550812639,0.999561943696563,1.9028711662453e-4,NS,-0.3522634914482325,0.9035107071923749,0.04406669639910714,NS
Td00001aa017372_T002,-1.27928375747887,0.340106388333287,0.46838521049057,NS,-1.29276091350042,2.93489011595039e-5,4.53240815435836,Down,-1.286022335489645,5.571531495884448e-4,3.2540254100705126,Down
Td00001aa017375_T002,-0.351074440546879,0.0123079233761479,1.90981521614734,NS,-0.167334976899544,0.115127594070976,0.938820571101126,NS,-0.2592047087232115,0.026767077167775606,1.572399049030046,NS
Td00001aa017378_T001,-0.107803289534515,0.359879718486238,0.443842627916982,NS,0.582907941744845,0.0818598556478328,1.0869290255276,NS,0.23755232610516497,0.22758991579910046,0.6428469848509066,NS
Td00001aa017391_T005,0.0607391578576785,0.923362026292977,0.03462798998688,NS,-0.198330862004407,0.076648637463752,1.11549556093007,NS,-0.06879585207336425,0.37795052094690507,0.4225650517136743,NS
Td00001aa017441_T004,-0.0938790470029001,0.531616652701312,0.274401423397074,NS,-0.197791008066588,0.0506245453938186,1.29563886370503,NS,-0.14583502753474406,0.2154353144084198,0.6666831051437833,NS
Td00001aa017473_T003,-0.334607228958109,0.364252561152841,0.438597385911752,NS,-0.112633544395193,0.797842373387763,0.098082902044984,NS,-0.22362038667665102,0.7653054472807638,0.11616519544415566,NS
Td00001aa017493_T001,-0.109358756036556,0.744985686369107,0.127852071400205,NS,-0.225606253055829,0.144779647866261,0.839292483999362,NS,-0.16748250454619248,0.48059697861155704,0.31821896382020254,NS
Td00001aa017498_T001,0.261831658752137,0.28780877137698,0.540895974462746,NS,-0.133114780710866,0.944444016101529,0.0248237806948039,NS,0.0643584390206355,0.7456163418832611,0.1274845819953464,NS
Td00001aa017553_T002,0.180147861158429,0.700029649232356,0.154883565378152,NS,0.534495382458195,0.13619753281675,0.865830759484733,NS,0.35732162180831195,0.4495868321676698,0.3471864171913659,NS
Td00001aa017572_T001,-1.07096652135414,0.0377670175072874,1.42288731041396,Down,-0.644590155813668,0.0203950179505457,1.69047590810518,NS,-0.857778338583904,0.016900735616681407,1.7720943919950392,NS
Td00001aa017581_T001,0.295135249000818,0.0797938747311509,1.09803044539815,NS,-0.12055163416685,0.880208614149077,0.0554143855355091,NS,0.087291807416984,0.3767843001855412,0.42390720164571394,NS
Td00001aa017607_T002,-0.0619024389259069,0.653015763558296,0.185076334890696,NS,0.0132403256250612,0.71483689560718,0.145793039902995,NS,-0.02433105665042285,0.9061090717421726,0.04281952152336863,NS
Td00001aa017609_T003,0.144046369616707,0.337243140097226,0.472056875601858,NS,-0.32915375193384,0.0512977813849463,1.2899014175999,NS,-0.0925536911585665,0.16168245425668817,0.7913371070753407,NS
Td00001aa017648_T001,1.00216242115062,0.632599870997453,0.198870900983527,NS,-0.0589257054425699,0.929035074585035,0.0319678894388813,NS,0.47161835785402506,0.956593519399605,0.01927256565360572,NS
Td00001aa017681_T002,0.74416109557041,0.249094001964283,0.603636729890938,NS,0.62409446643597,8.97310645433199e-6,5.04705717987471,NS,0.68412778100319,1.665626268736754e-4,3.7784224384834806,NS
Td00001aa017685_T002,-0.0908029370083126,0.543324407786199,0.264940784697989,NS,-0.258599564431002,0.00518499918524353,2.28525130751877,NS,-0.1747012507196573,0.04428882299367484,1.3537058612402906,NS
Td00001aa017690_T002,-0.67116353577046,0.159110470941797,0.79830123881598,NS,-0.171152298231414,0.352788272480515,0.452485860279596,NS,-0.42115791700093697,0.33159032807769145,0.4793981455637048,NS
Td00001aa017761_T001,-0.606034724339757,0.182751787908263,0.73813836553347,NS,-0.0870476290674482,0.156841601800768,0.804538730961973,NS,-0.3465411767036026,0.22376893341220136,0.6502002081748813,NS
Td00001aa017763_T001,-0.0740005814437769,0.34736468422761,0.459214337370521,NS,-0.857977654736039,8.93805193611279e-8,7.04875712612434,NS,-0.46598911808990795,4.723079665729185e-6,5.325774728974477,NS
Td00001aa017807_T001,-0.57132159005177,0.20280643014334,0.692918279459512,NS,-0.533456369763618,1.06866725017018e-6,5.97115749957213,NS,-0.552388979907694,2.4541638081071437e-5,4.610096452781489,NS
Td00001aa017809_T001,-0.65744525452268,7.1933989095881e-4,3.14306585525194,NS,-0.586996158396004,6.23777319772734e-6,5.20497042001911,NS,-0.622220706459342,9.870323624805016e-7,6.005668607597549,NS
Td00001aa017823_T001,-0.253257284222264,0.488243735361594,0.311363320421768,NS,-0.119511653361041,0.922525596459173,0.0350215750369177,NS,-0.1863844687916525,0.8957323045835145,0.04782176267359492,NS
Td00001aa017830_T001,0.534061602421118,0.132253216260127,0.878593757576022,NS,-0.189180118201703,0.994491805610369,0.0023987910140163,NS,0.1724407421097075,0.5284695246622102,0.2769800521647842,NS
Td00001aa017835_T001,-0.678071905112638,0.0330904335433568,1.48029754277505,NS,-1.08320915931013,2.9381688202107e-10,9.53192325429812,Down,-0.880640532211384,5.310613046322093e-9,8.274855341956762,NS
Td00001aa017842_T001,-1.25497785096274,0.0619247519605605,1.20813572430411,NS,-0.746014885715175,6.47131282022435e-6,5.18900760607895,NS,-1.0004963683389576,4.084557660686553e-5,4.388854968733687,Down
Td00001aa017846_T001,0.603121869839996,0.171913475681695,0.764690079189509,NS,0.393822616562521,0.177030382309456,0.751952192751105,NS,0.4984722432012585,0.23116157559205208,0.6360843540542358,NS
Td00001aa018018_T001,-0.248107861595691,0.603800583474777,0.21910647163794,NS,-0.536096574891742,9.93077055486027e-5,4.00301705213499,NS,-0.3921022182437165,0.0023524110926004594,2.6284867813853667,NS
Td00001aa018030_T001,-0.865121945656888,0.0128700599382057,1.89041943050265,NS,-0.511364320563655,4.02843167720905e-6,5.39486399765546,NS,-0.6882431331102715,7.384804861292373e-6,5.131660976152116,NS
Td00001aa018040_T003,-0.910501849160897,0.0668528134031249,1.17488031136771,NS,-0.908438844611021,2.82527771870652e-6,5.54893885553529,NS,-0.9094703468859591,2.169254362025645e-5,4.663689520578121,NS
Td00001aa018052_T001,0.16349873228288,0.337889483927646,0.471225324482174,NS,-0.025068310504405,0.985631742238398,0.00628531851467759,NS,0.0692152108892375,0.806444139251997,0.09342570993009007,NS
Td00001aa018087_T001,-0.0619024389259069,0.898866136619337,0.0463049806319423,NS,-0.20118779745447,0.0358218756573068,1.44585167794283,NS,-0.13154511819018844,0.23923279804390415,0.6211792802311338,NS
Td00001aa018117_T002,0.357270475679559,0.0106570334813348,1.97236366979193,NS,3.1710438017533e-4,0.226292525030559,0.645329791567131,NS,0.17879379002986717,0.03955508112781921,1.4027977204081696,NS
Td00001aa018119_T001,0.411426245726465,0.0568013523818929,1.24564132406008,NS,-0.142313093903584,0.758013215961946,0.120323222376771,NS,0.13455657591144052,0.2851358231717691,0.5449482164735053,NS
Td00001aa018129_T004,0.399444564589458,0.0197711567729045,1.70396792019607,NS,0.234887929027332,6.45224476481108e-5,4.19028916608305,NS,0.317166246808395,1.051498019431963e-4,3.978191541000085,NS
Td00001aa018169_T001,-0.148800661406706,0.572019524316556,0.242589147503772,NS,-0.146278876635302,0.243582223720155,0.613354409068477,NS,-0.14753976902100402,0.5443775987204559,0.26409975443171024,NS
Td00001aa018194_T001,0.390667685559667,0.0540094837538534,1.2675299738746,NS,-0.0618648288268598,0.413152761746236,0.383889339828409,NS,0.1644014283664036,0.19125727173650411,0.718382043677609,NS
Td00001aa018200_T003,-0.897006006676674,0.0437414724831259,1.35910660125877,NS,-0.322037060816418,0.180792836986959,0.742818780269188,NS,-0.6095215337465459,0.09321802741545783,1.0305000914017792,NS
Td00001aa018209_T001,-0.0218043703183484,0.696225896857677,0.157249826709278,NS,-0.624984499898138,0.00316153193233813,2.50010242733544,NS,-0.3233944351082432,0.0369669464014316,1.4321864221826264,NS
Td00001aa018214_T002,0.0867837661420666,0.605942818901615,0.217568357033699,NS,-0.0787150098244187,0.690739184617752,0.16068590640798,NS,0.004034378158823952,0.8739762151512336,0.0585003863234103,NS
Td00001aa018222_T001,-0.15200309344505,0.473531178292055,0.324651420854129,NS,0.128955537642034,0.547320505729505,0.261758280418899,NS,-0.011523777901508006,0.7310707296385431,0.13604060388242645,NS
Td00001aa018223_T001,-0.325539348439741,0.0470138161327978,1.32777449550072,NS,-0.238159745966872,0.00254322906046411,2.5946145225551,NS,-0.2818495472033065,0.004027208571453921,2.394995877448479,NS
Td00001aa018224_T002,0.126972856257766,0.750648212632127,0.124563545161868,NS,0.141883856457099,0.895239573066753,0.0480607285522429,NS,0.1344283563574325,0.9832966358074401,0.007315446704610826,NS
Td00001aa018295_T001,0.192825403552391,0.316016101091529,0.500290789416207,NS,0.17802449918781,0.982575570169876,0.00763403795441374,NS,0.1854249513701005,0.784254950550128,0.10554273117045695,NS
Td00001aa018309_T004,-0.129733929604017,0.683004057615967,0.165576716237956,NS,-0.702945315391109,0.0132612927863462,1.87741413636798,NS,-0.41633962249756307,0.10273277756563275,0.9882909697937687,NS
Td00001aa018310_T004,-0.625934281777462,0.538731561850222,0.268627580355544,NS,-0.381977322612328,0.325216767875564,0.48782707067915,NS,-0.503955802194895,0.6113414138506191,0.21371618298073844,NS
Td00001aa018311_T003,-0.244685095954902,0.340106388333287,0.46838521049057,NS,-0.333179919426791,0.0747000960538117,1.12667883974265,NS,-0.2889325076908465,0.20801314113873792,0.6819092278076063,NS
Td00001aa018327_T002,-0.0588936890535686,0.919570390544791,0.0364150211239807,NS,-0.0808196765228648,0.305647380022951,0.51477932258466,NS,-0.0698566827882167,0.7541715302506593,0.12252986610755369,NS
Td00001aa018338_T001,-0.288064643021078,0.329953946519959,0.481546672752409,NS,-0.617175218337711,0.208999991600496,0.679853731342813,NS,-0.45261993067939454,0.3728521723770861,0.42846332220285177,NS
Td00001aa018349_T006,-0.469929257774916,0.157711109138178,0.802137713979391,NS,-0.292809376767024,0.00260423663654884,2.58431955571134,NS,-0.38136931727097,0.010632114541611191,1.9733803533104586,NS
Td00001aa018404_T001,0.0962618530584035,0.327226674413028,0.485151301338714,NS,0.151992840914117,0.754222336743243,0.122500609850464,NS,0.12412734698626024,0.7135110715011265,0.14659928358011146,NS
Td00001aa018415_T001,0.635057829725214,0.0199720913597004,1.6995764559895,NS,-0.0546264637971646,0.583665635401391,0.233835875980387,NS,0.29021568296402467,0.12301105640873754,0.9100558518004035,NS
Td00001aa018430_T003,-1.35475948735473,0.0159043678777305,1.7984835873343,Down,-1.18533569454088,4.15621717404209e-7,6.38130176741326,Down,-1.2700475909478048,1.3585815265972058e-6,5.866914295053286,Down
Td00001aa018439_T001,-0.586405917590825,8.1725174617775e-4,3.08764414281299,NS,-0.671082341371441,7.19229265190217e-12,11.1431326496229,NS,-0.628744129481133,8.738648604483476e-12,11.058555724001119,NS
Td00001aa018440_T001,0.836732080459136,0.0640792066321475,1.19328287391217,NS,0.00598795974696523,0.937985736520066,0.0278037656696844,NS,0.4213600201030506,0.34530337495028335,0.4617991768920116,NS
Td00001aa018469_T002,-0.465938397578882,0.0652121476429388,1.18567149686172,NS,0.105537155760967,0.721989801952112,0.141468936761667,NS,-0.1802006209089575,0.30063498851255643,0.5219604767309206,NS
Td00001aa018471_T001,-0.390245037827557,0.683325167065184,0.165372583790328,NS,0.0946025906863373,0.132923043641265,0.876399722904367,NS,-0.14782122357060984,0.43757067039206615,0.3589517957097379,NS
Td00001aa018473_T004,-0.630393929968162,0.134756763284705,0.87044942886095,NS,-0.173810675479496,0.808104512350863,0.0925324681832727,NS,-0.402102302723829,0.48184698295105216,0.31709085597408865,NS
Td00001aa018476_T001,0.284514133244245,0.523026441871582,0.281476354596138,NS,-0.096263322953469,0.945232543512823,0.024461334410874,NS,0.09412540514538802,0.9195300400295374,0.03643407827369141,NS
Td00001aa018480_T001,-0.3040061868901,0.0906799986971126,1.04248849478545,NS,-0.481433880113022,5.600033390223711e-9,8.25180938350332,NS,-0.39272003350156104,1.5626590496177873e-7,6.806135768636053,NS
Td00001aa018507_T001,-1.58640591759082,0.00777263590921755,2.10943167531794,Down,-1.39061497010572,1.70987964079773e-7,6.76703445871723,Down,-1.48851044384827,3.624160099856493e-7,6.440792625303054,Down
Td00001aa018541_T001,-0.0923401721467106,0.767217175927196,0.115081683044244,NS,-0.603625202843353,0.00370108386652337,2.43167107368477,NS,-0.3479826874950318,0.04454003085355229,1.3512494864595275,NS
Td00001aa018562_T002,-0.302226180444814,0.200327748760297,0.698258889454324,NS,0.0833036076436942,0.44287846292323,0.353715438841504,NS,-0.1094612864005599,0.4313927371434979,0.3651271708817202,NS
Td00001aa018566_T001,0.372952097911829,0.132374148600456,0.878196820155944,NS,0.355611576975402,4.6501792631494e-4,3.33253030485284,NS,0.36428183744361553,0.002399253219206156,2.619923913807706,NS
Td00001aa018619_T001,-1.0086822430998,0.169078323772646,0.771912066378262,NS,-1.1254349081236,2.3696833787077e-4,3.62530967764646,Down,-1.0670585756117,0.0017008707042825187,2.7693286990569557,Down
Td00001aa018681_T001,0.899175630480513,2.447145801277e-4,3.61134015455352,NS,-0.0491108379799991,0.995648816185228,0.00189381829070832,NS,0.4250323962502569,0.0070075891593371865,2.154431367893496,NS
Td00001aa018699_T001,0.841570637395517,3.1995671739328e-4,3.49490876751954,NS,0.880770791846845,3.81187968627704e-9,8.41886081538171,NS,0.861170714621181,8.683767960589283e-10,9.061291789867782,NS
Td00001aa018713_T003,-0.29689930039584,0.98844975767792,0.005045400723375,NS,-0.812460719188256,1.7380709000351e-4,3.75993251162382,NS,-0.554680009792048,0.00538198373996923,2.2690576186592777,NS
Td00001aa018722_T001,0.126972856257766,0.38338136571354,0.416368999868116,NS,-0.663005021254726,0.00132557865287997,2.8775944984112,NS,-0.26801608249848,0.012323427361311017,1.90926849045902,NS
Td00001aa018729_T002,-0.360304766600418,0.0675114702417227,1.17062243399141,NS,0.0954806696272407,0.948482534328614,0.0229706619440522,NS,-0.13241204848658866,0.3570591023280132,0.4472598911974155,NS
Td00001aa018756_T002,-1.96015973546821,0.0227404157924346,1.64320159880795,Down,-1.86301729050067,4.6386256165318505e-09,8.33361067797393,Down,-1.91158851298444,4.168216129791439e-8,7.380049770144654,Down
Td00001aa018757_T002,0.160920188181103,0.99918556643052,3.5384811756152e-4,NS,-0.081786488785556,0.981457774982119,0.00812838020736371,NS,0.03956684969777351,0.9999558984015862,1.9153503187400002e-5,NS
Td00001aa018793_T002,0.880489626687819,0.0337980487752478,1.47110837163369,NS,1.27569954572757,4.79503970725482e-12,11.3192077921283,Up,1.0780945862076945,1.4646432820543754e-10,9.8342681360604,Up
Td00001aa018809_T001,-0.365871442474959,0.0474922513304731,1.32337724256314,NS,0.28261036173864,0.949738464317215,0.0223959727548727,NS,-0.0416305403681595,0.29335995005965965,0.5325991769798784,NS
Td00001aa018834_T001,0.794935662803536,0.00834161429318907,2.07874989531161,NS,0.45018321208079,1.7632082102812e-8,7.75369640055544,NS,0.622559437442163,5.609836250678953e-8,7.25104981547547,NS
Td00001aa018860_T001,0.432959407276106,0.258272497020843,0.587921838611931,NS,1.00568241084844,0.00388257086625156,2.41088060860877,Up,0.719320909062273,0.020556730202928846,1.6870459639840296,NS
Td00001aa018867_T001,-0.115597447016313,0.522168897708835,0.282188999911962,NS,-0.213957972848222,9.1370564078575e-4,3.03919369395157,NS,-0.16477770993226748,0.011822076142266075,1.9273062478242566,NS
Td00001aa018885_T002,-0.650634722405787,0.30557397139559,0.514883641459864,NS,-0.321064054220695,3.56781152012585e-5,4.44759809654126,NS,-0.485849388313241,5.94322628018817e-4,3.225977734260338,NS
Td00001aa018922_T002,-0.172993990361023,0.826528977754055,0.0827419156459864,NS,1.26258020850715,1.61718495676012e-5,4.79124030717664,Up,0.5447931090730636,7.000976521736421e-4,3.15484137878248,NS
Td00001aa018924_T001,0.0840642647884745,0.753552018013174,0.122886762783556,NS,-0.268598799603779,0.268367896227922,0.571269438298018,NS,-0.09226726740765227,0.6506978721319222,0.18662061346420086,NS
Td00001aa018942_T001,-0.192645077942396,0.723102622000516,0.140800063693213,NS,-0.240640330248631,0.133220297884649,0.875429599582368,NS,-0.2166427040955135,0.4520593347666489,0.3448045583953983,NS
Td00001aa018963_T001,-0.0409717810563062,0.857437212909428,0.0667976719677792,NS,0.0190751649873377,0.998013691620377,8.635006420975e-4,NS,-0.010948308034484251,0.9996572672230563,1.4887246698859125e-4,NS
Td00001aa018966_T001,-0.768567591552035,0.0278658736966797,1.55492733567979,NS,-0.30473897305659,9.8880016501443e-4,3.00489146977867,NS,-0.5366532823043125,0.0012597569246825839,2.899713245718239,NS
Td00001aa018982_T001,0.0454429707611671,0.882069714174911,0.0544970891482309,NS,0.0328902592328615,0.986533809400171,0.00588802649458377,NS,0.0391666149970143,0.9996572672230563,1.4887246698859125e-4,NS
Td00001aa018985_T001,1.09828479572342,0.41048152589598,0.386706383933035,NS,-0.295610911764997,0.00854704131708162,2.06818419662151,NS,0.40133694197921155,0.05204945320144306,1.2835838285519725,NS
Td00001aa019016_T001,0.0565835283663675,0.676903877961948,0.169472997835596,NS,0.0319599063750495,0.99477972248769,0.00227307593673889,NS,0.0442717173707085,0.9834088734372417,0.0072658773276923876,NS
Td00001aa019020_T001,-0.352915787371046,0.0822298724091538,1.08497038360735,NS,0.145315055271338,0.997642631680878,0.00102500068011052,NS,-0.103800366049854,0.412437106969711,0.3846422681527919,NS
Td00001aa019037_T001,-0.32373259173411,0.148752898022926,0.827534564536523,NS,0.14802007205313,0.228890454054197,0.640372319330854,NS,-0.08785625984049,0.24793136095922264,0.6056685356359386,NS
Td00001aa019042_T004,0.16478627814334,0.205647301638005,0.686876984629948,NS,0.689353700818123,2.25954116145808e-6,5.64597974283409,NS,0.4270699894807315,4.580529755325056e-5,4.339084291317157,NS
Td00001aa019052_T002,0.751892138404309,0.295324551320775,0.529700447176748,NS,-0.166233405475122,0.660992634870635,0.179803379626103,NS,0.2928293664645935,0.6414817664507279,0.19281568354840542,NS
Td00001aa019065_T001,2.32567423412026,0.00482363510200571,2.31662555310242,Up,2.12670543560304,9.32438909287742e-8,7.03037961231106,Up,2.22618983486165,1.407652471196979e-7,6.851504552914863,Up
Td00001aa019096_T001,-0.281035664240461,0.147464650531757,0.831312074051308,NS,0.118108501719,0.409947131727266,0.387272147864608,NS,-0.0814635812607305,0.34633947804231713,0.4604980018991607,NS
Td00001aa019111_T001,-0.0499049058263139,0.403409793082953,0.394253563162759,NS,-0.0664191112724733,0.678222747580761,0.168627648083255,NS,-0.0581620085493936,0.7476343642508338,0.12631074493162356,NS
Td00001aa019141_T002,0.495695162624069,0.440638064932054,0.355917988628999,NS,0.286444013254763,0.118116087060548,0.927690948738453,NS,0.391069587939416,0.31770554824637365,0.4979752008110508,NS
Td00001aa019148_T001,-0.219269963523624,0.461085242134598,0.336218777936909,NS,-0.0510089353906345,0.893395327211879,0.0489563233790706,NS,-0.13513944945712925,0.8690485598333416,0.0609559557970771,NS
Td00001aa019186_T001,0.305678743242287,0.152528265989088,0.81664966696922,NS,0.155846290840546,0.262966053141112,0.580100311909674,NS,0.23076251704141648,0.27302622554345946,0.5637956347842359,NS
Td00001aa019192_T003,-0.234465253637023,0.240870162051756,0.618216995181645,NS,-0.385140342294134,4.1095168604336e-4,3.3862092333991902,NS,-0.3098027979655785,0.0035044694028816535,2.4553777274389383,NS
Td00001aa019205_T003,0.154453592679872,0.44580282173201,0.350857186957704,NS,0.413023502660921,0.00570934992878624,2.24341333806117,NS,0.2837385476703965,0.04122647257927073,1.3848238227269978,NS
Td00001aa019237_T001,0.284514133244245,0.523677133373711,0.280936389372205,NS,-0.127670266919726,0.0959155699188404,1.01811088833532,NS,0.07842193316225951,0.31112553521575925,0.5070643432847535,NS
Td00001aa019248_T001,0.532067552289031,0.437832374397862,0.358692128783352,NS,1.60195121908597,5.40984326106569e-7,6.26681531748869,Up,1.0670093856875005,2.6522215245860694e-5,4.576390204668688,Up
Td00001aa019253_T001,0.393965275660243,0.857584348903628,0.0667231535454456,NS,0.037498165278798803,0.999933912183214,2.87025226049594e-5,NS,0.21573172046952088,0.9996572672230563,1.4887246698859125e-4,NS
Td00001aa019266_T002,-0.883635243308215,0.00345353097960904,2.46173664383826,NS,-0.724717803040988,1.296329189063e-4,3.88728469997791,NS,-0.8041765231746014,4.4589181051970396e-5,4.3507705040548865,NS
Td00001aa019278_T002,-0.584241333477502,0.0609342625795407,1.21513844028974,NS,-0.525169396770714,0.0131107183356354,1.88237351268397,NS,-0.554705365124108,0.01737302324841025,1.7601245991779353,NS
Td00001aa019280_T001,1.86591881455221,0.00426949297820006,2.36962369636703,Up,2.84663795876977,6.79746532478525e-11,10.1676529991568,Up,2.35627838666099,2.4230790813392625e-10,9.615632411686345,Up
Td00001aa019293_T001,-0.26361159929654,0.0248003914448267,1.60554146429529,NS,-0.189184742309142,0.37484360341004,0.426149895855419,NS,-0.226398170802841,0.10470001668894492,0.9800532490955979,NS
Td00001aa019304_T002,0.190298791626595,0.830950916357796,0.0804246289048551,NS,0.416536918519964,3.1022274809701e-4,3.50832635929231,NS,0.3034178550732795,0.007312812667931769,2.135915551739922,NS
Td00001aa019312_T002,0.185232254230161,0.394079410424272,0.404416255245321,NS,-0.00886441519773063,0.695558649593655,0.157666244362096,NS,0.08818391951621518,0.7477922825345793,0.12621902122237355,NS
Td00001aa019339_T001,-0.160040412510468,0.639863233089075,0.193912843925733,NS,-0.0992853991201049,0.634456971508539,0.197597826161969,NS,-0.12966290581528644,0.8651467355932316,0.06291022657693948,NS
Td00001aa019363_T002,1.89878879711155,1.1645983402461e-4,3.93382383317224,Up,2.21222440575296,4.752111708106319e-19,18.3231133589267,Up,2.055506601432255,9.93054285262592e-19,18.003027010169678,Up
Td00001aa019368_T002,0.0114956388378294,0.61539805547928506,0.21084388036017301,NS,-0.27266987369417,0.309805574110348,0.508910772556194,NS,-0.1305871174281703,0.6369889680811706,0.1958680890821698,NS
Td00001aa019380_T001,-0.274040765490812,0.10450798877722,0.980850510038536,NS,-0.107050105800213,0.388538682371864,0.410565736954829,NS,-0.19054543564551252,0.2746725600295025,0.5611847247185364,NS
Td00001aa019388_T001,0.317304068361915,0.436194076440068,0.360320236480517,NS,-0.444447472920206,0.0453498694675816,1.34342395864998,NS,-0.06357170227914549,0.1764211267039337,0.7534494086512263,NS
Td00001aa019412_T002,0.0229004021100788,0.565876170013801,0.247278594542174,NS,-0.0695540992822527,0.274860238288731,0.560888081330645,NS,-0.02332684858608695,0.5758083985841156,0.23972200491098186,NS
Td00001aa019425_T003,0.01292617444427,0.865636229246794,0.062664575443718007,NS,0.250325498682219,2.5533857504037e-4,3.59288356959981,NS,0.1316258365632445,0.006523989301008875,2.1854867598507406,NS
Td00001aa019447_T001,-1.15842936260448,0.0128587910335032,1.89079986128425,Down,-0.642212217929056,0.00121531503603523,2.91531112891586,NS,-0.900320790266768,7.966944410903268e-4,3.0987082130995502,NS
Td00001aa019476_T001,-0.736965594166206,0.0140990377115835,1.85081052782765,NS,0.213654954580698,0.375112590882357,0.425838358246083,NS,-0.261655319792754,0.07073410361059312,1.1503711457668477,NS
Td00001aa019478_T002,-0.139235797371172,0.246532096691609,0.608126530712883,NS,-0.429652780601599,0.0030929065456266,2.50963320231556,NS,-0.2844442889863855,0.016826442305887628,1.7740076992501002,NS
Td00001aa019506_T002,-0.448114896528275,0.119560469498053,0.922412388212771,NS,0.57952380955841,0.890459874595418,0.0503856456947454,NS,0.06570445651506748,0.4771171186986192,0.3213750009154562,NS
Td00001aa019508_T001,1.2424500736777,0.0204490231838442,1.68932743269324,Up,1.65962626439646,1.04216810255365e-10,9.98206222333672,Up,1.45103816903708,1.4280711121842223e-9,8.845250165907007,Up
Td00001aa019533_T001,0.05797006863733,0.335821497568671,0.473891506004368,NS,0.0767236426555553,0.77985072833768,0.107988517903395,NS,0.06734685564644265,0.7339915338057865,0.13430894940631996,NS
Td00001aa019544_T002,-0.237863830098888,0.155428275405456,0.808469971792993,NS,-0.222721857088635,1.3443107355646e-4,3.87150033311031,NS,-0.2302928435937615,0.0010128618407231511,2.9944497904774714,NS
Td00001aa019565_T001,-1.09541956507868,0.00629666137543657,2.20088966174537,Down,-0.311007075844648,0.169740317765747,0.770214989128959,NS,-0.703213320461664,0.021617108875129104,1.665202390102304,NS
Td00001aa019593_T001,-0.272297327162762,0.0321853262823806,1.4923420838033301,NS,-0.349158004216157,7.81134002485534e-6,5.1072744570984,NS,-0.31072766568945953,2.7888384981195338e-5,4.554576635037052,NS
Td00001aa019606_T001,-0.125006361067033,0.718160812193337,0.14377829666542,NS,0.0595306697553505,0.956626983071025,0.0192573733766836,NS,-0.03273784565584125,0.9863589317311484,0.005965018421494019,NS
Td00001aa019608_T001,-0.147202107181229,0.703215445371284,0.15291159901811,NS,-0.320320359627654,0.00299216018491347,2.52401516028557,NS,-0.2337612334044415,0.03563143678667041,1.448166664992747,NS
Td00001aa019641_T001,-0.226003674888827,0.406212819353778,0.391246375153865,NS,-0.25020324094290203,0.309181837099841,0.509786026652166,NS,-0.2381034579158645,0.517936611420592,0.2857233888933679,NS
Td00001aa019690_T001,-0.332789087519129,0.0660584943279358,1.1800713294112,NS,-0.427341066663911,0.0106339621987672,1.97330488783377,NS,-0.38006507709152,0.015727615696338616,1.80333711135061,NS
Td00001aa019711_T003,-0.558516520417355,0.0505707093750593,1.29610095430669,NS,-0.294979663128913,0.0579322972419097,1.23707924968662,NS,-0.426748091773134,0.045614667267733326,1.3408954887123734,NS
Td00001aa019722_T003,0.557777671394926,0.0213051618602959,1.67151516201427,NS,-0.240982444369852,0.0674372932302045,1.17109986956329,NS,0.15839761351253698,0.027006745778358557,1.5685277436780327,NS
Td00001aa019723_T003,-0.244685095954902,0.252044250721339,0.598523204627238,NS,0.12284037625722,0.998466509352934,6.664976907699e-4,NS,-0.06092235984884101,0.7205577617039741,0.14233119932769797,NS
Td00001aa019768_T001,0.370722275148167,0.0894596998837102,1.04837256311694,NS,0.393262339716125,2.8247454035613e-4,3.54902068937061,NS,0.381992307432146,0.0011750159400092171,2.92995624180834,NS
Td00001aa019783_T002,-0.307572801910292,0.25851297890441,0.587517647830902,NS,0.0799731409752585,0.465495958260626,0.332084085494084,NS,-0.11379983046751675,0.5086570372121622,0.29357494270998813,NS
Td00001aa019784_T001,-0.0320936297098533,0.549412026387915,0.260101838295974,NS,-0.225459339180356,0.0485319292310724,1.31397244435841,NS,-0.12877648444510464,0.21464740832219398,0.6682743508750386,NS
Td00001aa019791_T001,-0.997117491466879,0.0175562709403839,1.75556772544579,NS,-0.794363222191221,1.79467883883728e-5,4.74601325794917,NS,-0.8957403568290501,3.3416571120236044e-5,4.47603811518346,NS
Td00001aa019799_T001,-0.126580496565143,0.442598135946566,0.35399041948654,NS,0.0194534074287553,0.822993728827661,0.0846034740780318,NS,-0.05356354456819385,0.8329433616174708,0.07938452869318163,NS
Td00001aa019844_T001,-0.341902794648628,0.209275183368851,0.679282268866156,NS,-0.281023984977589,0.030437050654294,1.51659743293373,NS,-0.3114633898131085,0.07987718314605616,1.0975772588450805,NS
Td00001aa019908_T003,-0.332789087519129,0.327740141839199,0.484470362671369,NS,-0.0107958595310036,0.8819010364387,0.0545801469996766,NS,-0.1717924735250663,0.7638724244294147,0.11697916759282222,NS
Td00001aa019942_T001,-0.321928094887362,0.316016101091529,0.500290789416207,NS,-1.02994011060812,2.0761356575616e-4,3.68274427249717,Down,-0.675934102747741,0.0025292539297457175,2.5970075665625703,NS
Td00001aa019955_T003,0.140124223909071,0.50314664494985,0.298305418899073,NS,-0.210622530387796,0.243883978234089,0.612816729383177,NS,-0.03524915323936249,0.5129764084340336,0.2899026074466875,NS
Td00001aa019963_T001,-0.13764780046798,0.427806697052243,0.368752421096728,NS,-0.951363464612906,2.0640354185098e-4,3.68528285455869,NS,-0.5445056325404429,0.0031979783383066502,2.4951244822988996,NS
Td00001aa019975_T004,-0.321928094887362,0.0740949292172307,1.13021151251095,NS,-0.212329201972172,0.00152333402039384,2.81720485877245,NS,-0.267128648429767,0.0038504181453975703,2.4144921046790597,NS
Td00001aa019985_T001,-0.0664273617389761,0.836397598716507,0.0775872227047573,NS,-0.624384588997338,7.2606852708327e-6,5.13902238821224,NS,-0.34540597536815704,3.74287685159655e-4,3.4267944618387998,NS
Td00001aa019987_T001,0.249748715083569,0.465922370875116,0.331686436762828,NS,0.22192229669492,2.2705255541967e-4,3.64387360585982,NS,0.2358355058892445,0.003678555053954914,2.4343227398389873,NS
Td00001aa019999_T005,0.350497247084133,0.868007906153487,0.0614763190825,NS,-0.0262316260423766,0.0203577037441665,1.69127121000316,NS,0.1621328105208782,0.16405223710949837,0.7850178429512884,NS
Td00001aa020008_T004,-0.329159664118438,0.0193648576900107,1.71298569024362,NS,-0.213252873902218,0.8970851245521,0.0471663447271531,NS,-0.271206269010328,0.16207354576225588,0.7902878665028533,NS
Td00001aa020035_T002,0.997834332781886,0.0140862616298039,1.85120424954266,NS,0.357882010651001,0.433484832073028,0.36302609417908,NS,0.6778581717164436,0.07783816989026543,1.1088073836325947,NS
Td00001aa020044_T003,-0.471928835421265,0.0290964491832003,1.53616000737954,NS,-0.148849578895242,0.0336797625516444,1.47263097901544,NS,-0.3103892071582535,0.02021319649366812,1.6943650021803949,NS
Td00001aa020052_T004,-0.260151897300673,0.048587762067939,1.31347310389908,NS,-0.0489968072962968,0.970771857084837,0.0128828224615719,NS,-0.1545743522984849,0.300845834875864,0.5216559968130116,NS
Td00001aa020134_T001,0.0935601761623378,0.598075752204929,0.223243804839302,NS,-0.0866544021404817,0.21788017235747,0.661782289843423,NS,0.003452887010928052,0.5263516238386552,0.2787240328921507,NS
Td00001aa020158_T001,-0.267079617891743,0.417089178619019,0.379771077780667,NS,-0.426964068090321,0.00446203957645108,2.35046658202213,NS,-0.347021842991032,0.03262068569414115,1.4865069142322263,NS
Td00001aa020162_T001,1.63273352595054,7.62469658742468e-5,4.11777743368989,Up,0.422653670985449,1.59214512992776e-10,9.7980173472428,NS,1.0276935984679945,1.5067111413430446e-11,10.821970000336512,Up
Td00001aa020170_T003,-0.171368418311981,0.657565332274902,0.182061091451262,NS,-1.41032658259271,0.00683506763800091,2.16525718341288,Down,-0.7908475004523455,0.062571046642467,1.203626580402913,NS
Td00001aa020225_T001,-0.459972730742493,0.329477516130313,0.482174216741301,NS,-0.0840024451581214,0.997101554348612,0.00126060673636044,NS,-0.2719875879503072,0.8027409891218815,0.09542456074944863,NS
Td00001aa020249_T002,-0.0709665213541436,0.452749800561976,0.344141732322247,NS,-0.349900606628416,3.39313239731057e-7,6.46939919420116,NS,-0.21043356399127977,1.812752992867792e-5,4.741661369176849,NS
Td00001aa020270_T001,-0.0499049058263139,0.752337855078247,0.123587085411998,NS,0.0865526836706465,0.998681158470895,5.731436245316e-4,NS,0.0183238889221663,0.9985462187779345,6.318285442349119e-4,NS
Td00001aa020274_T001,0.0285691521967709,0.957671934509494,0.018783239808001,NS,-0.900761245037233,7.375119742284e-4,3.13223092409678,NS,-0.43609604642023103,0.01578518116988649,1.8017504292528872,NS
Td00001aa020372_T002,-0.15200309344505,0.104779355331799,0.979724277931435,NS,-0.201335008953617,0.0121117766017833,1.91679214820625,NS,-0.17666905119933352,0.02468171690988244,1.607624633190133,NS
Td00001aa020375_T001,-0.477944250839036,0.0159115748199293,1.79828683469921,NS,-0.947402580735512,1.12641542799843e-6,5.94830140982776,NS,-0.7126734157872741,3.062782807855321e-6,5.513883799371792,NS
Td00001aa020381_T003,0.495695162624069,0.246179606017294,0.608747927688245,NS,-0.129635872399386,0.993985734877585,0.00261984830731818,NS,0.1830296451123415,0.7110243513833491,0.14811552516290077,NS
Td00001aa020419_T001,0.473007567916174,0.163171934794426,0.787354536832506,NS,0.252292698510468,0.387488814776225,0.411740829289476,NS,0.36265013321332096,0.35441351161579887,0.4504897294815845,NS
Td00001aa020461_T003,0.13224779829844,0.853549992665621,0.0687710370530825,NS,-0.150433163116059,0.920711393019077,0.0358764827910542,NS,-0.009092682408809505,0.9990517914532815,4.11997100002581e-4,NS
Td00001aa020472_T001,0.230203013366421,0.808373943307544,0.092387693746701,NS,-0.445992923763836,3.26685699568551e-6,5.48586987603695,NS,-0.1078949551987075,1.8942332291390976e-4,3.7225665491489255,NS
Td00001aa020513_T001,-0.450084446378045,0.0162270636816348,1.78976005948575,NS,-0.537420052612789,2.714922988543e-5,4.56624248508993,NS,-0.493752249495417,4.404012413834668e-5,4.356151465528556,NS
Td00001aa020530_T002,-0.2688167584278,0.0710500110032157,1.14843585047915,NS,-0.140836035158439,0.403509721612762,0.394145997517085,NS,-0.2048263967931195,0.22376893341220136,0.6502002081748813,NS
Td00001aa020539_T001,-0.41119543298445,0.0780808637201627,1.10745539120681,NS,-0.766809509217401,3.5390804010353e-4,3.451109570923,NS,-0.5890024711009255,0.0012602650891999463,2.8995380940349875,NS
Td00001aa020548_T001,-0.49817873457909,0.00834161429318907,2.07874989531161,NS,-0.151268798304053,2.7289706867238e-4,3.5640011292852,NS,-0.3247237664415715,1.6719609807084565e-4,3.7767738621007942,NS
Td00001aa020557_T001,-0.997117491466879,0.0108518475943109,1.96449631419302,NS,-0.190490793427609,0.893063330917091,0.0491177423515644,NS,-0.593804142447244,0.10799352265653749,0.9666022922804963,NS
Td00001aa020578_T003,0.323081789503733,0.221341398978402,0.654937349442051,NS,-0.117445303097084,0.554895424722101,0.255788856058309,NS,0.1028182432033245,0.5129764084340336,0.2899026074466875,NS
Td00001aa020604_T003,0.0412429822318813,0.812905226475607,0.0899600841942499,NS,-0.61167395392904,0.00122463226459782,2.91199430267245,NS,-0.28521548584857936,0.020448873501781914,1.6893306116388043,NS
Td00001aa020606_T003,0.154453592679872,0.181114415300754,0.742046981842636,NS,-0.13844611699045,0.753244592871019,0.123063977204831,NS,0.008003737844710992,0.5394499719572667,0.26804882514294964,NS
Td00001aa020635_T001,-0.486004020632987,0.197396695720547,0.704660121384435,NS,-0.427638305682344,3.97497606357948e-5,4.40066548222428,NS,-0.4568211631576655,4.6113012485405334e-4,3.336176505127096,NS
Td00001aa020638_T001,-0.302226180444814,0.241856923222558,0.616441476295705,NS,-0.611462656952842,2.02647949747251e-6,5.6932577857933,NS,-0.45684441869882797,4.777154362563122e-5,4.320830725280125,NS
Td00001aa020661_T002,0.00288250853312136,0.998698187863881,5.6573814953456e-4,NS,0.230962665580495,0.0623629481367364,1.20507336222514,NS,0.11692258705680818,0.35138342116035426,0.4542187330752941,NS
Td00001aa020670_T004,-0.545824106814198,0.00271616553625546,2.56604376558021,NS,-0.23429044385596,0.00566293398831883,2.24695850082729,NS,-0.390057275335079,7.87953251723298e-4,3.1034995478922465,NS
Td00001aa020699_T002,-1.04990490582631,0.0821220253821293,1.08554034812956,NS,-0.692531221494996,0.165354452609436,0.78158410605616,NS,-0.871218063660653,0.13718108397588014,0.862705769760931,NS
Td00001aa020722_T001,-0.343732465205711,0.147198822504178,0.832095664060905,NS,-0.233780184931308,0.0116393664816507,1.93407065723001,NS,-0.2887563250685095,0.03075241244717205,1.5121208092739804,NS
Td00001aa020726_T001,1.48954293564247,0.481518461078504,0.317387057675836,NS,-0.476624184162485,0.40032329649794,0.397589135735249,NS,0.5064593757399926,0.6398868668544537,0.19389680327233988,NS
Td00001aa020760_T001,-0.0724827538015237,0.972815355776914,0.0119695827294973,NS,-0.0893352612305823,0.228954000560216,0.640251763553418,NS,-0.08090900751605301,0.680505919568762,0.16716809261367074,NS
Td00001aa020766_T008,0.331131922217202,0.395148041290897,0.403240166473494,NS,0.308368886821665,0.407855570670299,0.389493601531762,NS,0.3197504045194335,0.5859952203817151,0.23210592625206647,NS
Td00001aa020796_T002,1.05797006863733,0.141046223368132,0.850638537954831,NS,1.76667903044458,1.7567624810598698e-16,15.7552869522998,Up,1.4123245495409549,8.65637564360706e-14,13.062663905610204,Up
Td00001aa020858_T007,-0.994240730711315,0.0274918919787426,1.56079537119133,NS,-0.627392206842033,1.64312242521376e-6,5.78433007709202,NS,-0.810816468776674,6.594014578019245e-6,5.18085009705542,NS
Td00001aa020868_T002,0.496717987935177,0.0470428581466816,1.32750630003515,NS,0.212077926515268,0.00821305013039617,2.0854955263401,NS,0.3543979572252225,0.010133230746191556,1.9942520678137157,NS
Td00001aa020877_T002,0.0799753767205959,0.901813228950376,0.0448833981955494,NS,-0.106548864786961,0.0541942977843268,1.26604640665497,NS,-0.01328674403318255,0.3063860280417086,0.5137310434870246,NS
Td00001aa020939_T003,-0.979942347658747,0.00202017724442248,2.69461052515848,NS,-0.893817258185111,2.9002935708772e-13,12.5375580401151,NS,-0.936879802921929,1.337115578728424e-12,11.873831051201359,NS
Td00001aa020969_T002,0.696884090855454,0.245968650513342,0.609120241582235,NS,-0.209678966718775,0.0229429514736845,1.63935071344946,NS,0.2436025620683395,0.07396597555902727,1.1309680103376278,NS
Td00001aa020997_T002,-1.39592867633114,7.3677966493859e-4,3.13266236913969,Down,-0.562473251861864,7.14189935509486e-5,4.14618627425454,NS,-0.979200964096502,7.463910158504705e-6,5.127033596740184,NS
Td00001aa021041_T001,-0.98564470702292994,0.0468953828427873,1.32886991431283,NS,-0.581028594550754,0.0298987249630879,1.5243473318529,NS,-0.783336650786842,0.02660612392082729,1.575018390477143,NS
Td00001aa021055_T002,1.34084707705041,9.756134775753e-4,3.01072220877225,Up,0.722897544798004,2.48208891833583e-7,6.60518266439616,NS,1.031872310924207,8.264800045646919e-8,7.08276764906442,Up
Td00001aa021062_T001,0.291603558030565,0.118796454308797,0.925196521451661,NS,0.288998675500957,3.2404025212981e-4,3.48940103858332,NS,0.290301116765761,0.001645263500399611,2.7837645368598314,NS
Td00001aa021128_T002,0.112366523072563,0.604206264483852,0.218814776221519,NS,-0.30330913278822,0.0170475703082062,1.76833750974662,NS,-0.09547130485782851,0.11307253484819381,0.9466428717535826,NS
Td00001aa021145_T004,-0.471928835421265,0.0213793921445111,1.67000464674358,NS,-0.197049487220852,0.0378197779535687,1.42228102530121,NS,-0.3344891613210585,0.01749893837034667,1.7569882983928957,NS
Td00001aa021162_T001,-0.192645077942396,0.49117540953607,0.308763384069902,NS,0.31025132301221,0.0958574617616469,1.01837407500525,NS,0.05880312253490699,0.30063498851255643,0.5219604767309206,NS
Td00001aa021202_T002,-0.227692025041597,0.615839327658227,0.210532580389653,NS,0.772348680328591,0.390007620547295,0.408926907000922,NS,0.272328327643497,0.7057800482315525,0.15133062291769722,NS
Td00001aa021209_T001,0.466757615726171,0.00963869410376769,2.01598180239857,NS,0.194074056475875,0.0188232064732212,1.72530639392624,NS,0.330415836101023,0.005591364176447555,2.252482220373974,NS
Td00001aa021250_T002,-0.210896782498619,0.473945948613052,0.32427118481875,NS,-0.177370824529015,0.319355523001776,0.495725568660674,NS,-0.194133803513817,0.5675627159470212,0.24598614173871264,NS
Td00001aa021291_T002,0.01292617444427,0.515809542134404,0.28751062796391,NS,0.694228103346075,0.00122251630017644,2.91274534158718,NS,0.3535771388951725,0.014492419705075043,1.8388590971493202,NS
Td00001aa021318_T002,-0.274040765490812,0.176693267344977,0.752779998374565,NS,-0.184116022259327,0.0569889932965735,1.24420901471602,NS,-0.2290783938750695,0.11122277747293764,0.9538062638526349,NS
Td00001aa021325_T001,-0.098505544952425,0.0394312790120467,1.40415913571234,NS,-0.391686229809702,5.28191309171564e-8,7.27720874892592,NS,-0.24509588738106353,5.202584335548078e-7,6.283780871007485,NS
Td00001aa021399_T001,-0.217591435072627,0.883164539725489,0.0539583767873317,NS,0.251162552097199,0.921452452008439,0.0355270699545426,NS,0.01678555851228601,0.9996572672230563,1.4887246698859125e-4,NS
Td00001aa021422_T002,0.0976107966264223,0.957123697667127,0.0190319308306053,NS,0.114905570885233,0.851274011088815,0.0699306251686611,NS,0.10625818375582766,0.9996572672230563,1.4887246698859125e-4,NS
Td00001aa021431_T003,-0.522840788813359,2.447145801277e-4,3.61134015455352,NS,0.0371569227851108,0.334995644432921,0.474960839563289,NS,-0.2428419330141241,0.003016726173357655,2.520464108716898,NS
Td00001aa021432_T001,-0.307572801910292,0.511296442831498,0.291327228716892,NS,-0.0212099672843355,0.13338135073909901,0.87490488883994,NS,-0.16439138459731376,0.3706750256068587,0.4310066737667867,NS
Td00001aa021443_T001,-0.717856771218502,0.00167985034355262,2.77472940747912,NS,0.0126074457983472,0.970901574394046,0.012824794668878,NS,-0.3526246627100774,0.029741456621481633,1.5266377652296588,NS
Td00001aa021468_T001,-0.857259827883918,0.00633808955693037,2.19804162854018,NS,-0.817927703322498,5.31434675425483e-6,5.27455011184777,NS,-0.837593765603208,5.083535997406724e-6,5.293834096780935,NS
Td00001aa021487_T002,0.220329954879556,0.31914720189914503,0.496008958864094,NS,0.273235860900031,6.02191673081126e-5,4.22026525407055,NS,0.2467829078897935,9.414735824684824e-4,3.0261918616793153,NS
Td00001aa021495_T002,-0.142417044615852,0.356934106060343,0.447411951999184,NS,-0.0918065853389152,0.387989429751105,0.411180106012234,NS,-0.1171118149773836,0.5436655814911504,0.2646681605454975,NS
Td00001aa021514_T001,0.12565110166152,0.706492478272324,0.150892457541131,NS,-0.0119386035743927,0.998009168405282,8.6546896359895e-4,NS,0.05685624904356364,0.9914734432039581,0.0037189139593741083,NS
Td00001aa021538_T002,0.160920188181103,0.383065776095807,0.416726647068548,NS,0.311168319464658,0.104580085249021,0.980551008488729,NS,0.23604425382288052,0.27295659601428673,0.563906406476191,NS
Td00001aa021571_T001,0.0510240030244669,0.439950355164345,0.35659632736517,NS,0.367304858917983,0.0380115828828438,1.420084045078,NS,0.20916443097122495,0.15829057548743922,0.8005449419642074,NS
Td00001aa021598_T005,-0.281035664240461,0.0331468928425609,1.47955717569284,NS,-0.538384651377682,0.00318983157234801,2.49623224770488,NS,-0.4097101578090715,0.003678555053954914,2.4343227398389873,NS
Td00001aa021611_T001,0.477159211186641,0.255381529581941,0.592810516198346,NS,-0.370483463003617,2.83199368384099e-6,5.54790771958257,NS,0.053337874091512,6.580645896551692e-5,4.181731477884266,NS
Td00001aa021637_T001,-0.395928676331139,0.00834161429318907,2.07874989531161,NS,-0.74567931387621,9.08555775583037e-10,9.0416484065129,NS,-0.5708039951036745,4.289748288764195e-9,8.367568190334598,NS
Td00001aa021651_T001,-1.72737954533701,0.358601858730712,0.445387463701891,NS,-1.1078713252194,2.80890454081028e-9,8.55146301982433,Down,-1.417625435278205,2.8578949821091025e-7,6.543953734092455,Down
Td00001aa021652_T001,2.15962918582123,0.0312482988367731,1.5051736207491,Up,2.49441149662558,6.894028789723609e-11,10.1615269072942,Up,2.327020341223405,1.4287272630989795e-9,8.845050667945198,Up
Td00001aa021661_T001,-0.844250767322055,0.0208199219646313,1.68152090260615,NS,-0.265366333011237,0.0994328238565678,1.00247022660247,NS,-0.554808550166646,0.03524008591536614,1.4529630414483001,NS
Td00001aa021684_T001,-0.168122758808327,0.238659445427118,0.622221372880804,NS,1.18617522315136,0.00192958469495462,2.71453615425549,Up,0.5090262321715164,0.011526278167417768,1.938310903658286,NS
Td00001aa021685_T002,-0.246395463720005,0.368421158744542,0.433655435852702,NS,-0.105351854407106,0.854274905808042,0.0684023507822573,NS,-0.1758736590635555,0.7884445249656364,0.10322885826261541,NS
Td00001aa021702_T003,-0.352915787371046,0.00678527361711815,2.16843263466473,NS,-0.18757466454341,0.0041910590096682,2.37767622430267,NS,-0.270245225957228,0.0012858292373262973,2.89081670342667,NS
Td00001aa021716_T001,0.0356239097307212,0.765204901830994,0.116222256586021,NS,-1.1012878284984,4.6126386872012e-4,3.33605056279912,Down,-0.5328319593838394,0.009432952440399135,2.025352355206596,NS
Td00001aa021741_T001,1.30742852519225,0.0814508572910007,1.08910434027147,NS,0.079502827438984,0.140413249782812,0.852591909043415,NS,0.693465676315617,0.12140241847307337,0.9157726615387806,NS
Td00001aa021785_T001,0.26663664251399,0.0897927890270444,1.04675853873925,NS,0.121222899221528,0.482777712862268,0.316252787050968,NS,0.193929770867759,0.2863754812590647,0.5430641679623696,NS
Td00001aa021797_T001,-0.710755714843358,0.792355929358136,0.101079687814001,NS,-0.314564816411973,0.984024249923943,0.00699419884672214,NS,-0.5126602656276655,0.9990517914532815,4.11997100002581e-4,NS
Td00001aa021840_T001,0.0867837661420666,0.572322477462404,0.242359197222499,NS,-0.312380549749836,2.29464202986218e-7,6.6392850559138,NS,-0.11279839180388468,1.6116176646918718e-5,4.79273798102295,NS
Td00001aa021847_T002,0.0538064436957938,0.931492854103218,0.0308204724214632,NS,0.104672276461422,0.97597219070849,0.0105625569172359,NS,0.0792393600786079,0.9999558984015862,1.9153503187400002e-5,NS
Td00001aa021849_T001,0.147957881387101,0.73288861437602,0.134962025137404,NS,-0.349186826234564,3.6011221220118e-4,3.44356215049305,NS,-0.10061447242373149,0.007433695610279494,2.128795226060099,NS
Td00001aa021863_T001,-0.103146927103293,0.306385114656546,0.513732338189429,NS,0.0556142959850058,0.996607402722355,0.00147589124731249,NS,-0.0237663155591436,0.7790600088004492,0.10842908855702052,NS
Td00001aa021881_T001,0.22404027421793,0.181272525230761,0.74166801523643,NS,-8.1169135851008e-4,0.810103710283995,0.0914593787499327,NS,0.11161429142970995,0.5584027988245339,0.25305241361017344,NS
Td00001aa021919_T001,0.297484915710575,0.271915015255148,0.565566809836536,NS,0.954292190441547,0.0556344788066149,1.2546559761422,NS,0.625888553076061,0.14853725079916563,0.8281646184829039,NS
Td00001aa021922_T001,0.225274929869569,0.135445557072466,0.868235236260624,NS,0.066167702498293,0.998717074915741,5.57524992706e-4,NS,0.145721316183931,0.5367066854509421,0.270262994919095,NS
Td00001aa021925_T001,0.141432790929296,0.493381830149985,0.306816848382764,NS,-0.357574438118803,0.00933004513841798,2.03011625514756,NS,-0.1080708235947535,0.06361598604874821,1.196433736861385,NS
Td00001aa021931_T004,-0.751465163861321,0.00589344142914716,2.22963102826462,NS,-0.390423766468128,0.0134967789876222,1.86976986371305,NS,-0.5709444651647245,0.002948580080020534,2.5303870727907856,NS
Td00001aa021975_T001,-0.401634794676355,0.229121881270146,0.639933433459663,NS,-0.133962580325223,0.831766166528164,0.0799987492619762,NS,-0.267798687500789,0.6369889680811706,0.1958680890821698,NS
Td00001aa021997_T002,-0.913216233857933,0.00787212830602946,2.10390783605201,NS,-0.301445556112732,0.00606499766445589,2.21716936203799,NS,-0.6073308949853325,0.0019667835301556344,2.706243437148438,NS
Td00001aa022018_T001,-0.926865295369785,4.7993920492952e-4,3.31881377228239,NS,-0.575272221803425,2.97137457308759e-11,10.5270425973478,NS,-0.7510687585866049,1.7079794540556602e-11,10.767517357911604,NS
Td00001aa022044_T002,0.255802836602718,0.148954567116459,0.826946176281981,NS,-0.162246607719745,0.119881418646869,0.921248126363185,NS,0.04677811444148651,0.16493017736401894,0.7826998739879538,NS
Td00001aa022072_T002,0.22650852980868,0.619657234208979,0.207848475752771,NS,0.119474526650297,0.660567627808631,0.180082713430809,NS,0.1729915282294885,0.8677166889084154,0.061622049625370795,NS
Td00001aa022073_T001,-0.41888982477445,0.0433593277451219,1.36291745983792,NS,-0.73873937364738,3.42635407634888e-7,6.46516775945025,NS,-0.578814599210915,2.613344923481142e-6,5.582803265941062,NS
Td00001aa022085_T001,0.10701824988212,0.92091717898724,0.0357794255318904,NS,-0.320639702672546,0.216672965683706,0.664195272283376,NS,-0.106810726395213,0.6464542769885049,0.18946218687610492,NS
Td00001aa022088_T001,-0.648371670897218,0.00995038490659379,2.00216011929683,NS,-0.0161083385412194,0.45434244879155,0.342616685561091,NS,-0.3322400047192187,0.06282397526107233,1.201874586572891,NS
Td00001aa022092_T001,0.120351940365222,0.80518317112504,0.0941053107380645,NS,-0.355929646805082,2.90732456356077e-5,4.53650648240389,NS,-0.11778885321992999,0.0011086336728646363,2.955211934586052,NS
Td00001aa022125_T001,-0.15360697914764,0.770054031340098,0.113478801204663,NS,-0.212013719213888,0.0919597751453426,1.0364020993129,NS,-0.182810349180764,0.37795052094690507,0.4225650517136743,NS
Td00001aa022134_T001,-0.354759487354735,0.334806141698968,0.475206583888137,NS,-0.661097859176034,2.4466463088253e-4,3.61142880842822,NS,-0.5079286732653845,0.003016726173357655,2.520464108716898,NS
Td00001aa022161_T003,-0.312939311660108,0.130147567983577,0.88556394296912,NS,-0.281970508224207,0.231620999419063,0.635222068785748,NS,-0.2974549099421575,0.23039101050318408,0.6375344704095329,NS
Td00001aa022192_T002,0.0827025893302493,0.640468375896994,0.193502309342398,NS,0.234011580520846,0.316196376514902,0.500043111217852,NS,0.15835708492554765,0.6506978721319222,0.18662061346420086,NS
Td00001aa022229_T001,-0.0276749584428483,0.654668043840852,0.183978857676287,NS,-0.0692790473854311,0.30477013414899,0.516027593795015,NS,-0.0484770029141397,0.6464542769885049,0.18946218687610492,NS
Td00001aa022232_T001,0.505890929729957,0.070678123601852,1.15071498887918,NS,-0.0321881751297384,0.674289863951253,0.171153368668496,NS,0.2368513773001093,0.3024041956402449,0.5194121876061291,NS
Td00001aa022257_T003,-0.746615764199925,0.163370909796182,0.786825272404111,NS,-0.184775623892595,0.926800286504647,0.0330138406272413,NS,-0.46569569404626,0.5675627159470212,0.24598614173871264,NS
Td00001aa022259_T001,-0.261880711217424,0.277794041193523,0.556277074309443,NS,-0.150944399760863,0.15660372482527,0.805197912445237,NS,-0.2064125554891435,0.28695414104890055,0.5421875035474112,NS
Td00001aa022269_T002,-0.399730246490995,0.225155143462664,0.64751812752877,NS,0.230163893749843,0.207068728721559,0.683885482801895,NS,-0.08478317637057599,0.29920103129962844,0.5240369138591607,NS
Td00001aa022275_T002,-0.026205070347394,0.991882478162931,0.00353978158460251,NS,-0.196799201129692,0.056957187681717,1.24445146256756,NS,-0.11150213573854299,0.33296729728941254,0.4775984190588155,NS
Td00001aa022285_T001,-0.29689930039584,0.0182133561101261,1.73961002093697,NS,-0.287939629765845,0.088145988567202,1.05479744720776,NS,-0.2924194650808425,0.029374120492597473,1.5320351279859086,NS
Td00001aa022293_T001,-0.305788392232109,0.322829724916562,0.491026483947188,NS,-0.737775941824229,0.00489147213941004,2.310560415763,NS,-0.521782167028169,0.02901023386247716,1.537448770171001,NS
Td00001aa022297_T002,-0.120294233717712,0.18587085957003,0.730788692637663,NS,-0.278792005803892,0.0574554468269274,1.24066879352491,NS,-0.19954311976080202,0.11562144804278822,0.936961595823605,NS
Td00001aa022305_T002,-0.195946441032647,0.358100405313216,0.445995187434917,NS,-0.232607532907904,0.00150894661500693,2.82132612484868,NS,-0.2142769869702755,0.012859291104549597,1.8907829721480467,NS
Td00001aa022314_T001,-0.256700472111743,0.291374483107414,0.535548483900529,NS,-0.170579702609892,0.556830867865223,0.254276697657634,NS,-0.21364008736081752,0.5875908944808792,0.23092494281259948,NS
Td00001aa022327_T001,0.36513259345253,0.039983763232986,1.39811633291911,NS,0.440369297894384,2.8152347502944e-4,3.55048538535729,NS,0.40275094567345704,6.087133690523547e-4,3.215587159817706,NS
Td00001aa022358_T001,-1.09850554495243,0.0578725402621804,1.23752745425932,NS,-0.644594737880182,0.00310316085891701,2.50819571125782,NS,-0.8715501414163059,0.005547831781153034,2.255876715880038,NS
Td00001aa022398_T001,0.0285691521967709,0.894055425189586,0.0486355571460644,NS,-0.0768447513109687,0.440014348312548,0.356533161487985,NS,-0.0241377995570989,0.8594400861594407,0.06578439373817799,NS
Td00001aa022414_T003,-0.461958546666336,0.0572269077568568,1.24239972046267,NS,-0.451651721044164,2.32585933508796e-5,4.63341655437214,NS,-0.45680513385525,1.0862432490489168e-4,3.96407290965482,NS
Td00001aa022445_T002,0.134878054343112,0.946100688692753,0.0240626413818575,NS,0.461238327292473,0.0125566587778026,1.90112590736677,NS,0.2980581908177925,0.1246261302773476,0.904390889896022,NS
Td00001aa022450_T001,0.324234562270531,0.0593744943391762,1.22640007600524,NS,-0.0707507023920771,0.893121491443801,0.0490894599526684,NS,0.12674192993922695,0.32089660364144224,0.4936348794379517,NS
Td00001aa022462_T001,0.181420640280142,0.85007990364085,0.0705402506629392,NS,-0.402388966465542,0.16200269442497,0.790477762221782,NS,-0.11048416309270001,0.5422464883682169,0.2658032518305864,NS
Td00001aa022473_T002,0.130930869826449,0.273071256936372,0.563724010628746,NS,-0.37580979581809,0.0194609010610113,1.71083705529246,NS,-0.1224394629958205,0.07089385968905985,1.1493913786200416,NS
Td00001aa022477_T002,0.37851162325373,0.0368821925688204,1.43318326895692,NS,0.461465891100985,8.7459667095979e-4,3.05819218007434,NS,0.4199887571773575,0.0014231528089479143,2.846748465678285,NS
Td00001aa022503_T002,0.321928094887362,0.105532825082567,0.976612435769778,NS,0.182994275375511,0.0043503916581327,2.36147164251458,NS,0.2524611851314365,0.011508966880025957,1.9389636597274118,NS
Td00001aa022519_T001,0.293958979028694,0.0984888238679026,1.0066130487702,NS,0.281912007468988,0.32714867280541,0.485254837231601,NS,0.287935493248841,0.23923279804390415,0.6211792802311338,NS
Td00001aa022538_T001,0.32883646422954,0.101776124551103,0.992354090288378,NS,-0.0832217880808325,0.924186053777405,0.0342405893914483,NS,0.12280733807435375,0.4456082044065622,0.35104682165906853,NS
Td00001aa022561_T001,-0.318325858207167,0.00731530544396694,2.13576753558653,NS,-0.511726103555205,3.0063694672898e-8,7.52195764791907,NS,-0.41502598088118603,7.630924920340336e-8,7.117422819390418,NS
Td00001aa022576_T001,0.00288250853312136,0.786770611562832,0.104151870758884,NS,-0.716486623352861,1.9116797223930502e-9,8.71858486647859,NS,-0.3568020574098698,3.9726784382393036e-7,6.400916586756889,NS
Td00001aa022584_T001,-0.212567535483132,0.294514668496548,0.530893070016221,NS,-0.250250532134352,0.0413598571915175,1.38342096945577,NS,-0.231409033808742,0.12678979698949738,0.8969156935319295,NS
Td00001aa022594_T002,5.00162211964968,0.0227805906612853,1.64243501960673,Up,5.15286983726258,5.0365023261006105e-24,23.2978709611349,Up,5.07724597845613,5.371828380269679e-21,20.269877870666846,Up
Td00001aa022597_T001,0.830255324167683,0.10305109606958,0.986947384627718,NS,-0.0742852254180147,0.969361077503532,0.0135144223735247,NS,0.3779850493748341,0.46044865067680124,0.3368187953719297,NS
Td00001aa022605_T003,-0.305788392232109,0.292910074350265,0.53326569093538,NS,-0.0781273895454054,0.866425060809493,0.0622689945015377,NS,-0.1919578908887572,0.723187279056649,0.14074922175295185,NS
Td00001aa022606_T004,-0.0424567992428948,0.485456695696615,0.313849504497052,NS,-0.171138785549936,0.285580530209099,0.544271404427312,NS,-0.1067977923964154,0.5437590902644275,0.26459346968111186,NS
Td00001aa022611_T002,-0.614845103115656,0.196352943777571,0.706962583281918,NS,-0.066407733454635,0.995257158258177,0.00206469012583237,NS,-0.3406264182851455,0.6414817664507279,0.19281568354840542,NS
Td00001aa022620_T003,0.018634174139051,0.632429833414232,0.198987651419183,NS,0.247061588571304,0.0373080558895614,1.42819738131119,NS,0.1328478813551775,0.1982642323514378,0.7027556271637675,NS
Td00001aa022622_T001,-0.0831412353002459,0.959520161402759,0.0179458954527674,NS,-0.191645463770775,1.62002101676756e-5,4.79047935125553,NS,-0.13739334953551044,7.942060863451536e-4,3.1000667890727063,NS
Td00001aa022629_T001,0.505890929729957,0.174642871989556,0.757849135298457,NS,-0.0736033391857435,0.999999001715887,4.33549497971651e-7,NS,0.21614379527210673,0.6113414138506191,0.21371618298073844,NS
Td00001aa022637_T001,0.162210036314307,0.640593332950585,0.19341758561887,NS,-0.397191544242613,0.021217910649029,1.67329738378397,NS,-0.117490753964153,0.13718108397588014,0.862705769760931,NS
Td00001aa022640_T001,1.04054179386285,0.0105489079759761,1.97679249624824,Up,1.56926249141752,1.11636571810531e-8,7.95219350850219,Up,1.304902142640185,4.595619517527964e-8,7.3376559347875485,Up
Td00001aa022642_T001,0.296310560708092,0.112308850219781,0.949586018892882,NS,-0.0692832627612777,0.561851843299499,0.250378189982967,NS,0.11351364897340714,0.3541934461420822,0.4507594790879603,NS
Td00001aa022669_T001,-0.608232280044003,0.00332955623991744,2.47761364499143,NS,-0.169356390150073,0.17360481618355,0.760438230697971,NS,-0.388794335097038,0.013521414765909812,1.8689778651338365,NS
Td00001aa022677_T002,0.175045486110914,0.819217386293909,0.0866008392156816,NS,-0.0171202770037733,0.999999904894215,4.13039197904817e-8,NS,0.07896260455357035,0.9996572672230563,1.4887246698859125e-4,NS
Td00001aa022679_T001,0.273814244587037,0.560482236474237,0.251438147071626,NS,-0.227267696166913,0.125410990762187,0.901664401159165,NS,0.023273274210062006,0.3767843001855412,0.42390720164571394,NS
Td00001aa022688_T001,0.189033824390017,0.878755729364212,0.0561318304237263,NS,-0.163249685032486,0.758353538425341,0.120128282504904,NS,0.012892069678765508,0.9817003245384045,0.008021065432822973,NS
Td00001aa022696_T001,-0.403541860441014,0.140639529282946,0.851892595840847,NS,-0.278386337200967,0.00544312874324967,2.26415139343937,NS,-0.3409640988209905,0.016847073178675297,1.7734755376862905,NS
Td00001aa022720_T001,-0.83650126771712,0.00319966867079775,2.49489499102203,NS,-0.619663378578301,1.7987061867545e-4,3.74503977155846,NS,-0.7280823231477105,5.4659657709429684e-5,4.262333092280595,NS
Td00001aa022737_T001,-0.140825544133565,0.519229094365342,0.28464098036734,NS,-1.18020630298301,2.41224974799323e-7,6.61757773029627,Down,-0.6605159235582876,1.556053807392582e-5,4.807975389448098,NS
Td00001aa022786_T001,-0.362157939675895,0.225155143462664,0.64751812752877,NS,-0.768569190607603,0.00214211605882232,2.66915700299965,NS,-0.565363565141749,0.011893412336442455,1.924693524164087,NS
Td00001aa022792_T002,-0.172993990361023,0.407486097067847,0.389887204273009,NS,-0.309817362248371,1.95924792695569e-6,5.70791060407883,NS,-0.241405676304697,7.110147696177706e-5,4.148121377755641,NS
Td00001aa022796_T001,-0.098505544952425,0.753169499115507,0.12310727579563,NS,-0.108508888879139,0.977673601623254,0.00980611113628446,NS,-0.10350721691578199,0.9963807869145537,0.0015746555006842815,NS
Td00001aa022808_T001,-0.937878288092203,0.0155480774849152,1.80832330369891,NS,0.13284833266971,0.980857599589449,0.00839403869703957,NS,-0.4025149777112465,0.14927331662491475,0.8260178177153182,NS
Td00001aa022827_T001,0.333423733725192,0.367591185830995,0.434634910753975,NS,0.254417923349166,0.00549862487495026,2.25974590757692,NS,0.29392082853717905,0.034624114214618355,1.4606213282993108,NS
Td00001aa022834_T001,1.14730669878029,0.0251293792998228,1.59981823842657,Up,-0.365628455519735,0.185817236891999,0.730914002183796,NS,0.3908391216302775,0.0642128698211252,1.1923779200285725,NS
Td00001aa022835_T002,-0.209227962138,0.299587615786355,0.523476143265001,NS,0.19949572612232,0.990456564706974,0.00416456517510387,NS,-0.004866118007839995,0.7722352591026339,0.11225037302519819,NS
Td00001aa022862_T001,0.0717626693000913,0.931492854103218,0.0308204724214632,NS,0.0580878795029877,0.990734109505828,0.00404288463523369,NS,0.0649252744015395,0.9999558984015862,1.9153503187400002e-5,NS
Td00001aa022878_T002,0.202887833470143,0.328398974249272,0.483598208064706,NS,0.620438353611092,1.45593661662874e-6,5.83685753137433,NS,0.4116630935406175,4.679940632935499e-5,4.329759656103665,NS
Td00001aa022889_T001,0.117695042669755,0.44161921383102,0.354952039718935,NS,0.0412328391840161,0.989987207781691,0.00437041714559775,NS,0.07946394092688555,0.8854806432305719,0.0528209281272477,NS
Td00001aa022902_T001,0.0482361856528476,0.764345023600612,0.11671055762634,NS,0.0234857627709416,0.990039540070348,0.0043474602595668,NS,0.0358609742118946,0.9990517914532815,4.11997100002581e-4,NS
Td00001aa022954_T001,-0.215914857265243,0.319719556105226,0.495230798670961,NS,-0.873478139828026,0.018758067000114,1.72681191725956,NS,-0.5446964985466345,0.07694953900928653,1.1137939776040784,NS
Td00001aa022963_T002,1.33799646351502,0.00160898566552741,2.79344782501848,Up,1.31352796819334,5.46964212795849e-12,11.2620410880975,Up,1.32576221585418,1.1384958260660313e-11,10.943668557248937,Up
Td00001aa022969_T001,3.6585542606509,0.0223944215118042,1.64986015168217,Up,3.00185831055543,5.300464223326959e-19,18.2756860925124,Up,3.330206285603165,1.1148002001253804e-16,15.952802961995564,Up
Td00001aa023035_T004,0.150559676575381,0.715402362665135,0.14544962989751,NS,0.101683214963362,0.0144878832985077,1.83899506096969,NS,0.1261214457693715,0.11346660023386747,0.9451319575792029,NS
Td00001aa023036_T001,-0.45205668870965,0.0936577931310191,1.02845607976248,NS,0.164485801534649,1.0649377634969e-6,5.97267577228126,NS,-0.14378544358750048,1.2788486307371307e-5,4.893180857183571,NS
Td00001aa023037_T001,0.221567788538409,0.627017754879232,0.20272016134328,NS,0.974571907913823,6.4584349723621e-4,3.1898727088179,NS,0.598069848226116,0.010525563403650826,1.977754648314344,NS
Td00001aa023049_T001,0.58207422139633,0.122020249008376,0.913568093072091,NS,0.300316970687513,0.427590864740734,0.36897158184275,NS,0.4411955960419215,0.31784415096334523,0.49778577614076397,NS
Td00001aa023051_T002,-0.365871442474959,0.0929901749643567,1.03156293514685,NS,-0.436708526202939,0.00122781217238909,2.91086806538868,NS,-0.401289984338949,0.003879528344391008,2.4112210707664747,NS
Td00001aa023061_T001,0.540027269257507,0.230832723205931,0.636702624890674,NS,0.20136939865201,0.810387712343535,0.0913071526698093,NS,0.3706983339547585,0.6311164654093221,0.19989048922289546,NS
Td00001aa023083_T001,-0.126580496565143,0.21634773699609,0.664847643174989,NS,-0.151792138196545,0.113843391150572,0.943692176029489,NS,-0.139186317380844,0.20364509768174296,0.6911260401588503,NS
Td00001aa023087_T001,-0.584241333477502,0.1981675772026,0.702967400273836,NS,-0.855587644731891,3.47072479859773e-6,5.45957982112799,NS,-0.7199144891046965,6.358312924999541e-5,4.196658102049385,NS
Td00001aa023093_T003,0.128293401009818,0.92091717898724,0.0357794255318904,NS,-0.375098781293049,0.00148622621825638,2.82791508165006,NS,-0.1234026901416155,0.026109160526411497,1.5832070915860246,NS
Td00001aa023101_T001,1.35614381022528,0.111060581306065,0.954440057701598,NS,0.00797015538947212,0.611196469466591,0.213819163096643,NS,0.6820569828073761,0.3698700130522131,0.43195087737306403,NS
Td00001aa023139_T001,-0.83650126771712,0.0523997663706118,1.28067064935559,NS,-0.142844785746536,0.991559641292015,0.00368115830687379,NS,-0.489673026731828,0.3176693076544594,0.4980247434989937,NS
Td00001aa023167_T001,0.0468402542029724,0.73288861437602,0.134962025137404,NS,-0.194262373254992,0.100697012937845,0.996983412106279,NS,-0.07371105952600979,0.387304872385567,0.4119470394537438,NS
Td00001aa023181_T006,-0.320125852253377,0.0821220253821293,1.08554034812956,NS,-0.18035264550522,0.0645358103015344,1.19019923264123,NS,-0.2502392488792985,0.07079548553186314,1.1499944354050196,NS
Td00001aa023188_T001,-1.41119543298445,0.0447341960822432,1.34936036295202,Down,-0.404594116080537,0.0753975343269619,1.12264285632789,NS,-0.9078947745324935,0.05066377663331669,1.2953024396959563,NS
Td00001aa023196_T001,-1.35845397091248,0.205559591771408,0.687062253467896,NS,-1.6308329047125,1.59333219570148e-6,5.79769366819169,Down,-1.4946434378124902,3.4461909774678824e-5,4.462660658936083,Down
Td00001aa023230_T003,-0.373327247394007,0.930811556616117,0.0311382333102624,NS,-0.0708438076702079,0.925628998616654,0.0335630480257118,NS,-0.22208552753210747,0.9996572672230563,1.4887246698859125e-4,NS
Td00001aa023262_T001,-0.62148837674627,0.253402838822033,0.596188524109886,NS,-0.0878033930913301,0.919738945378289,0.03633542338274,NS,-0.35464588491880006,0.6953477171452951,0.1577979668148361,NS
Td00001aa023274_T001,-0.703689439291908,2.8216109822283e-4,3.54950286298337,NS,-0.267351696239261,0.00712865718012797,2.1469922701739,NS,-0.4855205677655845,1.5305114157048493e-4,3.815163426759797,NS
Td00001aa023275_T001,-0.793356776016605,0.192427674515606,0.71573246855023,NS,-0.622597022248598,0.00590282091274944,2.2289403927545,NS,-0.7079768991326015,0.022659612090225347,1.6447475290938305,NS
Td00001aa023291_T001,-0.67116353577046,0.00825312506641786,2.08338157361795,NS,-0.346192988097668,8.69236256201919e-5,4.06086216737217,NS,-0.508678261934064,6.547310203425599e-5,4.183937082257394,NS
Td00001aa023292_T001,0.447843644362086,0.104550945765107,0.980672034212073,NS,0.170310047394166,0.271481649438015,0.566259520834439,NS,0.309076845878126,0.22265851981965973,0.6523606823433422,NS
Td00001aa023308_T003,0.309176187478515,0.205980176935428,0.686174573134741,NS,0.273202011146912,0.410490630228348,0.386696751544703,NS,0.29118909931271353,0.41963542786789604,0.3771278534669808,NS
Td00001aa023318_T002,-0.0276749584428483,0.404579155131739,0.39299649686049,NS,-0.456415391612564,0.00808477942847279,2.09233182415632,NS,-0.24204517502770617,0.049589687700175945,1.3046086267465462,NS
Td00001aa023327_T001,-0.186064929518683,0.558846574327238,0.252707406905681,NS,-0.073274298729748,0.703776017539432,0.152565536630904,NS,-0.12966961412421552,0.8594400861594407,0.06578439373817799,NS
Td00001aa023346_T002,-0.338250400189295,0.344198042469162,0.463191603930768,NS,-0.447290473309901,2.4054781059035e-4,3.61879859158974,NS,-0.392770436749598,0.003034987390796479,2.517843108911256,NS
Td00001aa023370_T001,0.833497336859835,0.0663081184341712,1.17843329549699,NS,0.261442172934761,0.614693889408143,0.211341104122538,NS,0.547469754897298,0.27509670794295493,0.5605146067414085,NS
Td00001aa023371_T001,0.332278283056929,0.419165262743159,0.377614715585542,NS,-0.0920599584844429,0.799484187206502,0.0971901216324099,NS,0.12010916228624306,0.8076554964400576,0.09277384702209594,NS
Td00001aa023373_T003,-0.761213140412883,0.0110036816991567,1.95846198083226,NS,-0.196682779694871,0.390240114662669,0.408668089423341,NS,-0.47894796005387696,0.060596890083588754,1.2175496638567143,NS
Td00001aa023457_T002,0.376290383337052,0.0361492124952747,1.44190115930118,NS,-0.0274890288831275,1,4.8216373327664404e-17,NS,0.17440067722696223,0.2569866355960541,0.5900894612515991,NS
Td00001aa023465_T001,-0.380821783940931,0.169780468556183,0.770112272196658,NS,-0.745289165046899,1.47255443171831e-7,6.83192864291914,NS,-0.563055474493915,3.943829964438902e-6,5.404081817640002,NS
Td00001aa023472_T001,0.309176187478515,0.411365727101929,0.385771894339266,NS,0.150838736755871,0.802491226163069,0.0955597071471331,NS,0.230007462117193,0.8039690672351102,0.094760660440023875,NS
Td00001aa023487_T001,-0.358453970912476,0.078025374677395,1.10776413717805,NS,-0.153808822827299,0.363252280368046,0.439791650675775,NS,-0.2561313968698875,0.2225711133195669,0.6525312018161491,NS
Td00001aa023509_T001,-0.338250400189295,0.0392504750968561,1.40615508208575,NS,-0.373498120930361,1.38199922069114e-7,6.85949220186025,NS,-0.35587426055982796,1.1507827850669755e-6,5.939006643485169,NS
Td00001aa023537_T002,-0.818579359719858,0.024272215374226,1.61489058292258,NS,-0.0531521728066008,0.882074995025563,0.0544944890845444,NS,-0.43586576626322937,0.18604393997838214,0.7303844717150719,NS
Td00001aa023540_T001,-0.24297675349254,0.463376013946737,0.334066450650017,NS,0.381749302231051,0.00112029934459686,2.95066591810078,NS,0.06938627436925551,0.012513800485073173,1.902610773517241,NS
Td00001aa023550_T001,-0.0800879113226919,0.171742692274961,0.765121733291295,NS,0.231419343575058,0.690959288673755,0.160547540505979,NS,0.07566571612618306,0.5049613104682785,0.2967418957304814,NS
Td00001aa023589_T003,-0.15521264992094,0.100049711107443,0.999784161047006,NS,-0.167325836285319,0.219514728113193,0.658536335906115,NS,-0.1612692431031295,0.1895686288756256,0.722233531098516,NS
Td00001aa023611_T003,0.920674411041618,0.00464529758173203,2.3329864595036,NS,1.08492584707328,1.11019639249202e-16,15.9546001882124,Up,1.002800129057449,3.1438662854331215e-15,14.502535933603836,Up
Td00001aa023612_T002,-0.0694518807521452,0.550657005243446,0.259118831480337,NS,0.160251979625626,0.831241368781168,0.0802728511747603,NS,0.045400049436740406,0.9004609237417942,0.045535129009393646,NS
Td00001aa023626_T001,0.196607044094818,0.0314097204016215,1.50293592952233,NS,0.0753390529054795,0.6798619086155,0.167579290847541,NS,0.13597304850014874,0.1858091906567328,0.7309328083575107,NS
Td00001aa023633_T002,0.367371065648529,0.407486097067847,0.389887204273009,NS,0.0455319817218929,0.699774894735544,0.155041642409555,NS,0.20645152368521097,0.7591459563168211,0.11967471695169828,NS
Td00001aa023647_T003,-1.56064282152574,0.0807393293778629,1.09291486216751,NS,-1.85470945557044,6.3029241474916e-6,5.20045791935766,Down,-1.70767613854809,4.909695634410675e-5,4.3089454301566805,Down
Td00001aa023670_T002,-1.56064282152574,0.00464529758173203,2.3329864595036,Down,-0.962021290149388,0.0021292643526457,2.67177041664141,NS,-1.261332055837564,5.551200978289248e-4,3.255613048981965,Down
Td00001aa023677_T001,-0.475936324222789,0.0572472978394342,1.24224500787225,NS,-0.148536737644073,0.52416061331814,0.280535616089242,NS,-0.31223653093343096,0.22984455767954617,0.6385657751319628,NS
Td00001aa023714_T001,0.31150311546827,0.314865265841728,0.501875245636172,NS,-0.38104977627714,0.00248011950597199,2.60552739194244,NS,-0.034773330404435004,0.01706736552304413,1.7678335103500193,NS
Td00001aa023726_T001,0.486456955768731,0.0897927890270444,1.04675853873925,NS,-0.0608004359093305,0.994209642541118,0.00252202908467677,NS,0.21282825992970023,0.43277852171106485,0.36373430089092285,NS
Td00001aa023738_T001,0.402722176845605,0.0200213481776343,1.69850668178209,NS,0.332604831659291,0.0109667985270871,1.95992013495431,NS,0.367663504252448,0.006493917055475879,2.1874932627656345,NS
Td00001aa023750_T001,-0.281035664240461,0.175150276765471,0.756589172090955,NS,0.00811059674986722,0.999536851041386,2.0118963100655e-4,NS,-0.13646253374529688,0.6113414138506191,0.21371618298073844,NS
Td00001aa023757_T001,-0.0528949484321255,0.992966395117705,0.00306544904933338,NS,-0.450606772831803,0.746671862568819,0.126870214228649,NS,-0.2517508606319643,0.9964021376068349,0.0015653494315396466,NS
Td00001aa023764_T001,-0.545824106814198,0.996244664472372,0.00163399151443779,NS,-0.399662178477527,0.473433043584838,0.324741433467056,NS,-0.4727431426458625,0.9084913670210879,0.04167919523862997,NS
Td00001aa023772_T002,0.371837617330421,0.0325040670670297,1.48806229458237,NS,0.119837153465499,0.104873252714146,0.979335261852645,NS,0.24583738539796,0.051027488292871,1.29219580825786,NS
Td00001aa023820_T001,-0.0101343771337132,0.834740033644553,0.0784487574895414,NS,0.215899843793138,0.00192372897219477,2.7158561143,NS,0.1028827333297124,0.029374120492597473,1.5320351279859086,NS
Td00001aa023862_T002,0.414676780426886,0.28551098472875,0.544377178082553,NS,0.205302093601804,0.592648356659267,0.227202915506189,NS,0.309989437014345,0.6020594299274591,0.22036063695539346,NS
Td00001aa023871_T001,-0.0424567992428948,0.977622678597887,0.00982873235143976,NS,-0.550300013426227,1.29221664737607e-11,10.8886646683284,NS,-0.2963784063345609,6.659575548208524e-9,8.176553449950594,NS
Td00001aa023910_T001,0.00575926928868495,0.945549651525911,0.0243156610891092,NS,0.00442184873592221,0.999939472480648,2.62875632262596e-5,NS,0.00509055901230358,0.9999558984015862,1.9153503187400002e-5,NS
Td00001aa023918_T001,0.0328061450832415,0.416988252684566,0.379876179717209,NS,-0.196117444390924,0.299440462042648,0.523689515768007,NS,-0.08165564965384126,0.517452668334825,0.2861293691968509,NS
Td00001aa023935_T004,-0.232768962976124,0.410249102357835,0.386952360528289,NS,0.128743479468108,0.988264897322439,0.00512663028510177,NS,-0.05201274175400801,0.8651467355932316,0.06291022657693948,NS
Td00001aa023949_T001,0.408168370708106,0.100049711107443,0.999784161047006,NS,0.34179441200835,0.00204383091472181,2.68955503605236,NS,0.374981391358228,0.006157746801092846,2.210578172715857,NS
Td00001aa023954_T001,0.77568270173906,0.0195249778027702,1.70940945118382,NS,0.3419933092326,3.1955230851057e-7,6.49545804067283,NS,0.55883800548583,1.2972582482943457e-6,5.886973559270667,NS
Td00001aa023968_T001,-0.780908941753803,0.00994121675165762,2.00256045703216,NS,-0.420335126592862,2.83060603327221e-5,4.54812057199207,NS,-0.6006220341733325,3.0476549451817843e-5,4.516034205274196,NS
Td00001aa023976_T001,0.353887836284907,0.17845483862376,0.748471672089884,NS,0.166968991309186,0.645932414780033,0.189812920741154,NS,0.2604284137970465,0.49761133564669574,0.3031097349234777,NS
Td00001aa023980_T001,-0.117161344232749,0.2634031097731,0.579379102003982,NS,-0.288360746524832,0.343147030912181,0.464519754500352,NS,-0.2027610453787905,0.4363277491968971,0.3601871662479571,NS
Td00001aa023995_T001,0.292781749227846,0.56339455319723,0.249187356015176,NS,-0.495874540167948,0.0645262853331771,1.19026333575664,NS,-0.10154639547005101,0.2577304080506915,0.5888343386491759,NS
Td00001aa024003_T001,0.063502942306158,0.765519991387339,0.116043463312108,NS,-0.167165659730044,0.0472265342167199,1.32581392454361,NS,-0.051831358711943,0.2569866355960541,0.5900894612515991,NS
Td00001aa024011_T001,0.361768359419153,0.323056627558182,0.490721344911934,NS,-0.455748182834865,0.0660487843363342,1.18013517140117,NS,-0.04698991170785602,0.1858091906567328,0.7309328083575107,NS
Td00001aa024032_T001,-0.251538766995964,0.0334686447918404,1.47536187268379,NS,-0.15003458406727,0.580601191248627,0.236122077439628,NS,-0.200786675531617,0.1743263722478542,0.7586369074663668,NS
Td00001aa024033_T001,-0.347398782403481,0.610534272066969,0.214289952109267,NS,0.698680555932927,5.8587933286365e-4,3.23219182164017,NS,0.175640886764723,0.009533490560501201,2.0207480591086253,NS
Td00001aa024042_T001,0.034215715337913,0.900734294643787,0.0454033015717588,NS,-0.245806179387705,0.0452483921486377,1.34439684835669,NS,-0.10579523202489599,0.27509670794295493,0.5605146067414085,NS
Td00001aa024060_T001,0.0648828515848544,0.836397598716507,0.0775872227047573,NS,-0.357441113668165,0.00201633938988434,2.69543636570443,NS,-0.1462791310416553,0.030366286123163194,1.5176083201938397,NS
Td00001aa024071_T002,-0.251538766995964,0.451073586594879,0.345752603032957,NS,-0.275695462849326,6.2640584339251e-4,3.20314419963899,NS,-0.263617114922645,0.007846283753692587,2.1053359900588173,NS
Td00001aa024089_T008,0.476122419880152,0.10450798877722,0.980850510038536,NS,0.311351300162898,0.00546589616396946,2.26233862288914,NS,0.393736860021525,0.013411972924233236,1.8725073319855354,NS
Td00001aa024097_T001,0.512985334813676,0.00343276194809768,2.46435631256965,NS,0.0220809697241659,0.972985414317983,0.0118936700386302,NS,0.26753315226892094,0.05038521952998698,1.2976968448638084,NS
Td00001aa024101_T001,-0.254977850962736,0.226660133043539,0.64462486064887,NS,-0.287960622468627,5.04795116309105e-6,5.29688485536905,NS,-0.2714692367156815,9.614487008772846e-5,4.017073883053446,NS
Td00001aa024103_T005,0.244887059123534,0.181481168289089,0.741168433616559,NS,0.0715434916937182,0.938494246160166,0.0275683856622936,NS,0.1582152754086261,0.6039412201303316,0.2190053279604513,NS
Td00001aa024125_T002,-0.386468347082073,0.187866733094352,0.726150116720392,NS,0.0249437187310825,0.992646767910754,0.0032052671529083,NS,-0.18076231417549526,0.6302229229385271,0.20050580439169507,NS
Td00001aa024130_T001,0.347098670622268,0.0635397936977648,1.19695419958233,NS,0.0990130577577161,0.902678513545828,0.0444668949275838,NS,0.22305586418999207,0.3360844734709998,0.47355155073083505,NS
Td00001aa024171_T001,0.339137384919585,0.410249102357835,0.386952360528289,NS,-0.0339852525873791,1,4.8216373327664404e-17,NS,0.15257606616610297,0.8682348765694736,0.0613627727504308,NS
Td00001aa024188_T001,0.845590408847855,0.00110405223577678,2.95701037844292,NS,0.119132237417565,0.131947003468963,0.87960046820764,NS,0.48236132313270996,0.004724237490569086,2.3256682782365212,NS
Td00001aa024190_T002,-0.118726938570751,0.715004205279015,0.145691403899479,NS,-0.0845192943142725,0.915037351998362,0.0385611775885416,NS,-0.10162311644251176,0.978216170267011,0.009565162410575836,NS
Td00001aa024194_T001,-0.0709665213541436,0.625851921278074,0.203528410206785,NS,0.147128946239353,0.173415134476241,0.760913002980371,NS,0.0380812124426047,0.4818345948764787,0.3171020216382515,NS
Td00001aa024202_T001,-0.413115187147815,0.104870323297353,0.979347393137643,NS,-1.21339983394076,2.13073295174863e-7,6.671470977714,Down,-0.8132575105442874,3.5972702950457794e-6,5.444026928532179,NS
Td00001aa024211_T004,-0.289827251720338,0.723040932235617,0.140837116065259,NS,-0.310417790593226,6.56014447720645e-6,5.18308659584346,NS,-0.300122521156782,3.060466348774298e-4,3.5142123914047803,NS
Td00001aa024214_T001,0.759581973233555,0.23927499096601,0.621102691495426,NS,0.775898134854649,0.0117358222177604,1.93048647810397,NS,0.767740054044102,0.04424440663849766,1.3541416248435891,NS
Td00001aa024218_T002,0.0257375614136083,0.798540433521514,0.0977030887794752,NS,-0.103660200316013,0.346650841553738,0.460107741140383,NS,-0.03896131945120235,0.7510311177813361,0.12434206832106715,NS
Td00001aa024225_T002,-2.29335894269059,0.0800486031782458,1.0966462419742,NS,-1.41384332698863,3.42654662641842e-8,7.46514335418412,Down,-1.85360113483961,6.442852674637292e-7,6.190921799326258,Down
Td00001aa024231_T001,0.724213686757358,3.7201578532582e-4,3.42943863179968,NS,0.701935668175573,1.00254538809835e-10,9.99889595650883,NS,0.7130746774664655,4.030907365719576e-11,10.39459718225357,NS
Td00001aa024245_T002,0.0114956388378294,0.971569931543906,0.0125259343430591,NS,-0.334423042336498,0.00121837352475425,2.91421954678467,NS,-0.1614637017493343,0.023403926404697024,1.6307112762289073,NS
Td00001aa024260_T004,0.070389327891398,0.963208307011776,0.0162797805777181,NS,-0.353552778549182,1.0671683710944e-8,7.97176705492558,NS,-0.14158172532889202,1.964021906332645e-6,5.70685367248271,NS
Td00001aa024264_T001,-0.161653263478769,0.254672995820283,0.594017102888732,NS,-0.0281185261850157,0.577717049376584,0.238284815527809,NS,-0.09488589483189235,0.5587979270330373,0.2527452136526713,NS
Td00001aa024292_T003,-0.529072742524873,0.433724015367496,0.362786530231154,NS,-1.83534547713993,0.00125217205844207,2.90233599149469,Down,-1.1822091098324015,0.012901899447815115,1.8893463471442795,Down
Td00001aa024299_T001,0.22650852980868,0.680151257479182,0.167394494670752,NS,-0.279200819242498,3.1260077037371e-4,3.50500995603968,NS,-0.026346144716909006,0.006353719508635201,2.1969719614542216,NS
Td00001aa024301_T002,-0.0800879113226919,0.746106560670292,0.127199141151833,NS,-0.437588413080605,4.2985819344421e-7,6.36667479084338,NS,-0.25883816220164846,3.388348180133012e-5,4.470011968783761,NS
Td00001aa024312_T004,-0.197599959885161,0.825094678310523,0.083496213985108,NS,0.117028758792981,0.993928083125541,0.00264503837095664,NS,-0.04028560054609,0.9996572672230563,1.4887246698859125e-4,NS
Td00001aa024340_T001,-1.01449956969512,2.17161864098647e-5,4.66321643905411,Down,-0.558914549265375,7.08208075974799e-10,9.14983912511915,NS,-0.7867070594802474,1.8103138742391255e-11,10.742246120140619,NS
Td00001aa024352_T004,-0.768567591552035,0.0213274986815831,1.6710600762189,NS,-0.460699129962135,0.00432008203266776,2.36450800642659,NS,-0.6146333607570851,0.003313506303974462,2.479712198823082,NS
Td00001aa024374_T002,-0.199255376063222,0.584198751567212,0.233439375448827,NS,-0.213230205151867,0.105685787177707,0.975983413499797,NS,-0.2062427906075445,0.34957358203482963,0.45646139528823804,NS
Td00001aa024375_T001,0.0813396274519388,0.931530758315658,0.0308028005141444,NS,0.120917332025552,1,4.8216373327664404e-17,NS,0.10112847973874539,0.9999558984015862,1.9153503187400002e-5,NS
Td00001aa024379_T002,1.32941067121857,2.1808097731973e-4,3.66138221523457,Up,2.57830625764065,4.831775934859e-17,16.3158932135654,Up,1.9538584644296102,1.0823268860347772e-16,15.965641553128949,Up
Td00001aa024383_T002,-0.222632890549587,0.290023073897908,0.537567448763448,NS,-0.36445933213743,0.0122821890427838,1.91072422240687,NS,-0.2935461113435085,0.05262801883853519,1.2787829785232236,NS
Td00001aa024392_T003,-1.17136841831198,0.00152725655870446,2.8160880011424,Down,-0.675532806464644,0.00304194640342742,2.51684844212417,NS,-0.9234506123883119,3.014504574909508e-4,3.5207840526987955,NS
Td00001aa024418_T003,0.220329954879556,0.836397598716507,0.0775872227047573,NS,0.978074124755938,0.0452773804283753,1.34411870766809,NS,0.599202039817747,0.2644902196540702,0.5775903827168885,NS
Td00001aa024423_T001,-0.816037165157405,0.555883903886368,0.255015901162981,NS,0.499154307027442,0.0341773189236339,1.46626200897457,NS,-0.1584414290649815,0.1717358339336782,0.7651390766740516,NS
Td00001aa024435_T002,-0.0188780102056894,0.813085446708245,0.0898638122362699,NS,0.0562380093431715,0.711645844086214,0.147736082521273,NS,0.018679999568741047,0.9532154814423949,0.02080891276871565,NS
Td00001aa024440_T001,0.308011314552178,0.324010913521405,0.489440361391224,NS,0.183188764909498,0.0287980808149866,1.54063645388082,NS,0.245600039730838,0.10493459187930683,0.9790813222369515,NS
Td00001aa024462_T001,-0.217591435072627,0.308394983871993,0.510892694481103,NS,-0.306910158204262,0.321169293555131,0.4932659835585,NS,-0.26225079663844447,0.45852049406458606,0.33864124830311876,NS
Td00001aa024464_T006,-0.207561069935362,0.0933656595963224,1.02981283030294,NS,-0.059679436186706,0.840224246236083,0.0756047902407727,NS,-0.133620253061034,0.4015668159510758,0.39624218292673785,NS
Td00001aa024475_T001,0.0257375614136083,0.782620366149263,0.106448854632175,NS,-0.198413952287831,0.38140100947647,0.41861816181576,NS,-0.08633819543711135,0.7737627926473827,0.1113921577065719,NS
Td00001aa024497_T001,0.209141397838592,0.234273640610886,0.63027657346551,NS,0.331027774638305,0.00794478681555723,2.09991775183222,NS,0.2700845862384485,0.03262068569414115,1.4865069142322263,NS
Td00001aa024515_T001,-0.150400988848548,0.324160132882952,0.489240398289455,NS,-0.704511788874904,1.21331646321467e-7,6.91602590951872,NS,-0.427456388861726,5.8053478311665645e-6,5.23617175411133,NS
Td00001aa024551_T001,-0.865121945656888,0.025554256641419,1.59253674790089,NS,-0.532510449289344,0.140455131402176,0.852462389613416,NS,-0.698816197473116,0.05287004847314606,1.2767902914180358,NS
Td00001aa024595_T001,-0.0174170530774094,0.882251237349991,0.054407723873183,NS,-0.477605915705193,0.138302504377084,0.859169955629658,NS,-0.24751148439130122,0.5129049739730628,0.2899630892778222,NS
Td00001aa024618_T003,-0.0816137655536521,0.647255249124372,0.188924418828191,NS,0.655740716817479,0.78218868005516,0.106688473509372,NS,0.2870634756319135,0.925158766591632,0.033783731544281166,NS
Td00001aa024647_T002,0.390667685559667,0.311990121306198,0.50585915703966,NS,0.369995787498426,0.0272467274264686,1.56468565287269,NS,0.3803317365290465,0.09838488701774081,1.00707160877278,NS
Td00001aa024655_T001,0.0172092900322231,0.715665185228993,0.145290109278578,NS,-0.110570273910493,0.969352664421802,0.0135181916303179,NS,-0.04668049193913495,0.9885288260408512,0.005010661901199404,NS
Td00001aa024666_T001,-0.662003536484984,0.00677164230814281,2.16930599027109,NS,-0.263600150814249,0.0831751999167581,1.08000614660413,NS,-0.4628018436496165,0.013276853168780607,1.876904847662326,NS
Td00001aa024674_T003,1.23817541857738,0.00332308050816303,2.47845913695559,Up,0.78896783584454,2.25969289856638e-7,6.64595057922451,NS,1.0135716272109598,2.1951332251008437e-7,6.65853911680211,Up
Td00001aa024701_T003,0.563646269484064,0.0330904335433568,1.48029754277505,NS,0.111326354716594,0.935828763701318,0.0288036104317384,NS,0.33748631210032903,0.23328242131549795,0.6321179856524897,NS
Td00001aa024729_T001,0.435095151620097,0.0803613588062412,1.09495272850588,NS,0.258844209281342,0.0246600252203064,1.60800648357831,NS,0.3469696804507195,0.03420917483012916,1.4658574014373764,NS
Td00001aa024734_T004,0.753604536279995,0.0429687936831713,1.36684683863856,NS,1.30403470508822,7.70353670481687e-13,12.1133098438212,Up,1.0288196206841076,3.642180882280309e-11,10.438638489561004,Up
Td00001aa024742_T001,0.248534836138679,0.111889470932674,0.951210779700284,NS,-0.127410203092125,0.196875764377103,0.705807742699398,NS,0.060562316523276996,0.18973672450690354,0.7218486010719596,NS
Td00001aa024753_T001,-0.338250400189295,0.105674390667676,0.976030247690369,NS,-0.640575296302279,6.7759709554081104e-06,5.16902846423771,NS,-0.489412848245787,6.547310203425599e-5,4.183937082257394,NS
Td00001aa024773_T001,0.543000877402426,0.0155878820463909,1.8072128891762,NS,0.260994172600437,0.363366152497981,0.439655529609089,NS,0.4019975250014315,0.07412963813451894,1.1300081198912786,NS
Td00001aa024779_T002,0.171206827418142,0.630711645036161,0.200169150411059,NS,-0.0368454757651646,0.999820366592682,7.80208053451888e-5,NS,0.0671806758264887,0.9718937545374906,0.012381208674618815,NS
Td00001aa024781_T002,-0.241270431542137,0.420376531078831,0.376361537904184,NS,-0.0746816880316597,0.96497808959758,0.0154825474592072,NS,-0.15797605978689835,0.8651467355932316,0.06291022657693948,NS
Td00001aa024831_T002,-0.222632890549587,0.321343335560564,0.493030702628593,NS,-0.0906114743494387,0.814033992460784,0.0893574594475201,NS,-0.15662218244951284,0.7338654992156247,0.13438352904989473,NS
Td00001aa024836_T002,0.249748715083569,0.40511106040051,0.392425899484059,NS,-0.216740097535679,7.68442022756822e-7,6.1143888934819,NS,0.016504308773945,3.313271606531154e-5,4.479742961225554,NS
Td00001aa024849_T003,0.415758666522498,0.7435303727649,0.128701286113411,NS,0.216930189763707,0.0204476069293673,1.68935751201776,NS,0.3163444281431025,0.14901869399074985,0.8267592471060357,NS
Td00001aa024852_T001,-0.156820109742826,0.542837427976922,0.265330215906442,NS,0.204196529180111,0.409169039236001,0.388097235657978,NS,0.023688209718642494,0.6798862005837885,0.16756377346206017,NS
Td00001aa024862_T001,0.00432160595009347,0.754172901068561,0.122529076714046,NS,-0.122206269771571,0.0977571538972418,1.00985145097136,NS,-0.05894233191073876,0.3872589530624922,0.411998532973044,NS
Td00001aa024864_T002,-0.592919224549499,0.298266097232322,0.525396108427044,NS,-0.319092093067839,0.00140611283891137,2.8519798262933,NS,-0.45600565880866895,0.010781021272241524,1.9673400970443913,NS
Td00001aa024866_T004,-0.340075441597622,0.148414480899991,0.828523722587051,NS,-0.788588677018224,3.80583329656928e-7,6.41955023863587,NS,-0.564332059307923,7.8496428310793325e-06,5.105150103766888,NS
Td00001aa024867_T001,-0.717856771218502,0.0974661687778983,1.01114610494509,NS,-0.707457887664842,6.36245988741468e-6,5.19637494268731,NS,-0.712657329441672,5.801273802249896e-5,4.236476636687185,NS
Td00001aa024870_T002,0.698662999885884,0.00219793710679456,2.6579847389202,NS,0.685576969851037,2.8618797772687797e-12,11.54334861417,NS,0.6921199848684605,8.738648604483476e-12,11.058555724001119,NS
Td00001aa024871_T001,-1.05289494843213,0.0357068744514453,1.44724816347,Down,-1.1537061985301,3.59688333387895e-7,6.44407364844068,Down,-1.103300573481115,2.3487900087122455e-6,5.629155809162852,Down
Td00001aa024876_T001,-0.110915901401851,0.926569429292289,0.0331220327630018,NS,-0.0968468190177002,0.520257172125971,0.283781924007709,NS,-0.10388136020977559,0.9140337671740373,0.03903775981707922,NS
Td00001aa024896_T001,0.539034702970754,0.38752615232462,0.411698983668587,NS,0.8090440796283,2.9282866488975e-4,3.53338641260643,NS,0.6740393912995271,0.00386364646833422,2.4130026192844642,NS
Td00001aa024935_T004,-0.905088352974533,0.0196748738923045,1.70608804260558,NS,-0.880140555798547,9.80850722444409e-10,9.00839708370236,NS,-0.89261445438654,9.8425354056159e-9,8.006893014288716,NS
Td00001aa024936_T001,-0.606034724339757,0.36584728107886,0.436700168228881,NS,-1.57414404799219,5.8168243639566e-4,3.23531404930392,Down,-1.0900893861659735,0.006353719508635201,2.1969719614542216,Down
Td00001aa024937_T005,-0.446148031818874,0.424768028143306,0.371848179599582,NS,-1.2779321332694,6.35386587755674e-5,4.19696195684469,Down,-0.862040082544137,0.0012457426961932283,2.904571650424035,NS
Td00001aa024939_T002,0.155749232677945,0.477597511667863,0.320937944591693,NS,0.0605660134944056,0.834586362872814,0.0785287159308913,NS,0.1081576230861753,0.8612394085823839,0.06487610595225385,NS
Td00001aa024952_T002,-3.01158797427521,0.00168669726688667,2.77296285879717,Down,-1.53205870668632,3.01649379832307e-13,12.5204975632224,Down,-2.271823340480765,1.1971670044430946e-12,11.921845261415678,Down
Td00001aa024953_T003,-0.0424567992428948,0.703236254858439,0.152898747605663,NS,-0.567946368844952,0.00186004429712988,2.73047671289499,NS,-0.3052015840439234,0.025259651402303553,1.5975726472526053,NS
Td00001aa024956_T001,-0.204233052217608,0.34438227100807,0.462959214365745,NS,-0.161877668476579,0.81597132359671,0.0883251037737712,NS,-0.18305536034709352,0.7541715302506593,0.12252986610755369,NS
Td00001aa024970_T001,-0.150400988848548,0.1981675772026,0.702967400273836,NS,-0.275366023925266,8.65389147413955e-5,4.06278855546014,NS,-0.212883506386907,8.599829875326336e-4,3.06551014002827,NS
Td00001aa024975_T002,0.427606172781899,0.254672995820283,0.594017102888732,NS,0.293090549072788,0.00523326747238742,2.28122706789489,NS,0.36034836092734346,0.025620083347626586,1.5914194617359294,NS
Td00001aa024999_T001,-1.19099722506091,0.00220596639930823,2.65640110690315,Down,-0.348931836542249,0.00850992484024273,2.0700742755925,NS,-0.7699645308015794,9.24615711423325e-4,3.034038731137522,NS
Td00001aa025002_T003,0.12565110166152,0.918114569683469,0.0371031206760366,NS,0.0234214680815466,0.0515323907264773,1.28791970898018,NS,0.0745362848715333,0.3013450160814629,0.5209359868946525,NS
Td00001aa025005_T004,-0.192645077942396,0.171140625897946,0.766646884035828,NS,-0.351469014390386,0.0150692976876186,1.82190698773177,NS,-0.27205704616639104,0.04157337544251032,1.3811847126469445,NS
Td00001aa025008_T004,0.244887059123534,0.258479349112692,0.587574148603543,NS,1.36952266483909,2.02868949098842e-6,5.69278442052208,Up,0.8072048619813119,5.036214224016871e-5,4.297895804709993,NS
Td00001aa025021_T003,-1.31114825613412,0.0417555509977077,1.37928578108044,Down,-0.738180009374002,2.78548498284275e-7,6.55509917857453,NS,-1.0246641327540609,2.1725533216439006e-6,5.663029555725542,Down
Td00001aa025037_T001,-0.123433941248279,0.947799653886862,0.0232834542302591,NS,-0.301932469754551,0.132221818844223,0.878696872976172,NS,-0.212683205501415,0.5178602482594397,0.2857874248078608,NS
Td00001aa025038_T001,-0.239566125329888,0.578396949060379,0.237774006532572,NS,-0.327032425200913,0.00105943247696003,2.97492671787546,NS,-0.2832992752654005,0.014170017166623127,1.848629623615265,NS
Td00001aa025105_T002,0.0482361856528476,0.631394740762892,0.199699039908432,NS,-0.229567719719176,0.480281861215704,0.318503815032249,NS,-0.0906657670331642,0.7772787155734509,0.1094232245311795,NS
Td00001aa025134_T001,0.456280481510725,0.0111661616807946,1.95209608805924,NS,0.42534509096148,0.0118872248631489,1.92491952194088,NS,0.4408127862361025,0.004387393678453052,2.357793394838514,NS
Td00001aa025144_T001,-0.15521264992094,0.351807321801033,0.453695126263728,NS,-0.0198078343114095,0.995891184214792,0.00178811205500356,NS,-0.08751024211617475,0.8232981932451263,0.08444283766091099,NS
Td00001aa025171_T003,-1.15521264992094,0.00994121675165762,2.00256045703216,Down,-1.35957184843138,5.996774440249369e-13,12.222082286196,Down,-1.25739224917616,8.738648604483476e-12,11.058555724001119,Down
Td00001aa025176_T003,0.542010355536609,0.0388729031473467,1.4103530237168,NS,0.0377182199844981,0.307381945516882,0.512321644945128,NS,0.28986428776055356,0.12501523112796353,0.903037071857085,NS
Td00001aa025196_T001,-0.22431729826094,0.21634773699609,0.664847643174989,NS,-0.221923351000634,0.223137158202294,0.651428102246545,NS,-0.22312032463078701,0.30455289270978203,0.5163372711192835,NS
Td00001aa025199_T002,0.360645202460216,0.579310331229972,0.237088726366885,NS,-0.0408255357713934,0.864420957545859,0.0632747123623899,NS,0.15990983334441128,0.9227191742115763,0.03493045460527354,NS
Td00001aa025298_T001,-0.036525876025114,0.29971925292138,0.52328535859271,NS,0.135246941439386,0.997148437623536,0.00124018688159954,NS,0.049360532707136,0.7737627926473827,0.1113921577065719,NS
Td00001aa025313_T003,0.37851162325373,0.324160132882952,0.489240398289455,NS,0.222401720017571,0.00265164140383256,2.57648520834676,NS,0.3004566716356505,0.018340418183663283,1.7365907661149154,NS
Td00001aa025335_T003,-0.0923401721467106,0.38338136571354,0.416368999868116,NS,-0.279793131162718,2.54436074038287e-5,4.59442131423001,NS,-0.18606665165471428,5.495544176004068e-4,3.259989296701022,NS
Td00001aa025357_T001,-0.207561069935362,0.267827695391736,0.572144515696327,NS,-0.566802163720805,6.9863302233019e-4,3.15575089038913,NS,-0.3871816168280835,0.005725081315607767,2.242218340486948,NS
Td00001aa025382_T001,1.39231742277876,0.404790036602379,0.392770185649136,NS,0.279957993439062,0.998995952613063,4.3627129491225e-4,NS,0.836137708108911,0.8651467355932316,0.06291022657693948,NS
Td00001aa025395_T003,0.178873958169795,0.289927657088707,0.537710353985829,NS,0.0593529709959553,0.996413445202219,0.00156042090095077,NS,0.11911346458287515,0.7638724244294147,0.11697916759282222,NS
Td00001aa025408_T003,0.0799753767205959,0.862611441489062,0.0641847857650605,NS,0.391785071676735,0.0631444695333692,1.19966468083817,NS,0.23588022419866544,0.32549660609848274,0.48745353539190406,NS
Td00001aa025431_T001,0.13224779829844,0.388591060677426,0.410507194325842,NS,0.114529379252946,0.0731678097147658,1.135679945418,NS,0.123388588775693,0.22265851981965973,0.6523606823433422,NS
Td00001aa025485_T001,-0.31114825613412,0.0184532502818482,1.73392712787083,NS,-0.588868711466828,1.16048980962064e-6,5.93535866877545,NS,-0.450008483800474,3.505829018056558e-6,5.455209268597411,NS
Td00001aa025490_T001,0.397255345594427,0.00420413336641926,2.37632351543608,NS,0.1942164742174,0.00969334575845543,2.01352629584506,NS,0.2957359099059135,0.0017246114727141471,2.7633087291481333,NS
Td00001aa025492_T002,2.91838623444635,0.00248610890614217,2.60447985063379,Up,0.913649790784105,2.78397878333848e-5,4.55533407880075,NS,1.9160180126152273,9.385368335165517e-6,5.027548678525762,Up
Td00001aa025513_T002,-0.524915117051217,0.00168669726688667,2.77296285879717,NS,-0.2021368169343,0.499427062088497,0.301527928550002,NS,-0.36352596699275846,0.018058761321580446,1.7433120419323411,NS
Td00001aa025521_T001,0.0454429707611671,0.917573539415466,0.0373591189205916,NS,-0.220955287311765,0.156320055695964,0.805985298888574,NS,-0.08775615827529895,0.5516587907592251,0.2583294568874868,NS
Td00001aa025537_T001,0.474046599319306,0.0182133561101261,1.73961002093697,NS,0.267295767174805,1.05831883203263e-6,5.97538347584256,NS,0.3706711832470555,3.2204203048540892e-6,5.492087443780344,NS
Td00001aa025542_T003,0.160920188181103,0.350862072090934,0.454863576133081,NS,0.147197799659671,0.106383142153882,0.973127186416836,NS,0.15405899392038702,0.26210755310549055,0.5815204638883029,NS
Td00001aa025555_T001,-1,0.0521497980747197,1.28274736883294,NS,-0.0582420430164704,0.970617601213954,0.0129518374378099,NS,-0.5291210215082351,0.31272583890362105,0.504836233788556,NS
Td00001aa025562_T002,0.859174455866435,0.232123800260292,0.634280327912072,NS,-0.20235018734099,0.599400041404752,0.222283231390617,NS,0.32841213426272253,0.5443775987204559,0.26409975443171024,NS
Td00001aa025563_T002,-0.469929257774916,0.0230008420241515,1.63825626486289,NS,-0.173156383167891,0.885063363852683,0.0530256359841091,NS,-0.3215428204714035,0.1797888221152034,0.7452373128507929,NS
Td00001aa025575_T001,0.314986485468515,0.00834161429318907,2.07874989531161,NS,0.0122379848110284,0.947201290221982,0.0235577190503094,NS,0.1636122351397717,0.09321802741545783,1.0305000914017792,NS
Td00001aa025602_T002,0.221567788538409,0.750939639517691,0.124394970156834,NS,-0.297724941571197,2.16966267577438e-5,4.66360778202127,NS,-0.038078576516394,8.21966966917163e-4,3.0851456354695137,NS
Td00001aa025603_T001,0.907659827853289,0.00104351977399221,2.98149931693457,NS,-0.0498614845304107,0.997427472245543,0.00111867413616972,NS,0.4288991716614392,0.021189802460650553,1.6738730919276814,NS
Td00001aa025609_T002,-0.38458370273713,0.229725719384072,0.638790379810242,NS,-0.44400760839034,0.0263344376423802,1.57947595133038,NS,-0.414295655563735,0.07744363909527392,1.1110142476177491,NS
Td00001aa025610_T006,-0.112474729258412,0.697713964913231,0.156322584425097,NS,0.764267027102604,0.454084831767993,0.342863005012672,NS,0.32589614892209595,0.7900889286801147,0.1023240238216304,NS
Td00001aa025615_T001,0.469885976274464,0.189750400769844,0.721817298162663,NS,0.34193067347445,0.963865778784012,0.0159834387028801,NS,0.405908324874457,0.6247083175431035,0.2043227116960058,NS
Td00001aa025630_T001,0.01292617444427,0.780660803279956,0.107537625869812,NS,-0.411376791609109,0.0378309104399752,1.42215320683574,NS,-0.1992253085824195,0.22786969042117874,0.6423134376903328,NS
Td00001aa025654_T001,0.507921464957328,0.0327435131583092,1.48487472555286,NS,-0.132325201317096,0.848431642967799,0.0713831424774506,NS,0.18779813182011604,0.21986209662506506,0.6578496348748809,NS
Td00001aa025663_T001,0.329984649758421,0.517327751980313,0.286234223294711,NS,-0.147859823993445,0.343677884058081,0.463848414154803,NS,0.09106241288248801,0.6157535288022448,0.21059309059734277,NS
Td00001aa025687_T001,-0.24297675349254,0.388534816950819,0.410570057604116,NS,-0.217110899574613,1.30725367361621e-7,6.88364012905156,NS,-0.2300438265335765,7.267152111267737e-6,5.138635749343986,NS
Td00001aa025700_T002,0.0786098346963665,0.858229439657651,0.0663965920387517,NS,0.066966716327002,0.966256634507086,0.0149075111125056,NS,0.07278827551168425,0.9996572672230563,1.4887246698859125e-4,NS
Td00001aa025719_T001,0.00144197417390632,0.948280043457718,0.0230633890668138,NS,0.328070765796707,0.0304173786822389,1.51687821542738,NS,0.16475636998530668,0.22467252307985275,0.6484500375250783,NS
Td00001aa025737_T001,0.350497247084133,0.239078756962687,0.621459010850942,NS,0.247362494181771,0.318774462052418,0.496516478474067,NS,0.298929870632952,0.39510744414790905,0.4032847877776693,NS
Td00001aa025741_T001,0.10969486482593,0.782620366149263,0.106448854632175,NS,-0.107347282868975,0.904529549714563,0.0435772407794559,NS,0.0011737909784774944,0.9916611389134705,0.003636705508271906,NS
Td00001aa025749_T001,0.248534836138679,0.0506654175357599,1.29528837395938,NS,-0.113709122420334,0.96977415354771,0.0133293948969112,NS,0.06741285685917249,0.3074139221950767,0.5122764680152514,NS
Td00001aa025755_T001,-0.42081985187285,0.0210234513216924,1.67729598636074,NS,-0.280365531173826,0.0886902076919524,1.05212432808389,NS,-0.350592691523338,0.03262068569414115,1.4865069142322263,NS
Td00001aa025764_T003,0.282143228781498,0.0100000651139744,1.99999717214523,NS,0.170386226696404,0.457669330110491,0.339448190063555,NS,0.226264727738951,0.06336347234744935,1.1981610312289226,NS
Td00001aa025774_T001,0.371837617330421,0.292910074350265,0.53326569093538,NS,-0.511400981239061,8.2024466344164e-4,3.08605658647728,NS,-0.06978168195432,0.006956148727316857,2.157631141050793,NS
Td00001aa025783_T001,-0.749038426466781,0.122147597481584,0.91311507073518,NS,-0.822053581188756,1.083914266948e-5,4.96500506730304,NS,-0.7855460038277685,1.0834220145760535e-4,3.9652023440194775,NS
Td00001aa025807_T003,0,0.56633129689582,0.246929437501879,NS,-0.573023629333614,2.5594785924313e-9,8.59184849855282,NS,-0.286511814666807,3.8954936445725847e-7,6.409437499858029,NS
Td00001aa025818_T003,0.468843942974637,0.190671472330629,0.719714279875733,NS,0.0863606806514891,0.459054211880218,0.338136023547333,NS,0.27760231181306305,0.42826355424471785,0.3682888830255366,NS
Td00001aa025845_T001,0.0328061450832415,0.961534406232858,0.0170351709473627,NS,-0.608700220647476,5.00836622595882e-8,7.30030392179088,NS,-0.2879470377821173,6.934066946398681e-6,5.15901196967253,NS
Td00001aa025901_T001,0.141432790929296,0.43109959576263,0.365422384379101,NS,-0.37959294051947,4.1654182878352e-4,3.38034138057717,NS,-0.119080074795087,0.005547831781153034,2.255876715880038,NS
Td00001aa025911_T005,-0.37894449670026,0.0941019275306578,1.02640148063911,NS,0.0249571572265549,0.783258326815428,0.10609497943921,NS,-0.17699366973685254,0.3872589530624922,0.411998532973044,NS
Td00001aa025961_T001,-0.502259911390907,0.138642274958144,0.858104323969396,NS,-0.424467827700167,0.100924610149729,0.996002919501484,NS,-0.463363869545537,0.14011500595202211,0.853515350416085,NS
Td00001aa026000_T001,1.20539251298968,0.0235002119129174,1.62892822146462,Up,1.46702947010416,7.59087319130562e-5,4.11970826358363,Up,1.33621099154692,1.3853961872021408e-4,3.8584260119347435,Up
Td00001aa026021_T003,-0.0115879742752118,0.935763353200526,0.0288339668532127,NS,0.142640833510263,0.635740301997635,0.196720256116528,NS,0.0655264296175256,0.9593389804041459,0.018027908672438173,NS
Td00001aa026028_T001,-0.891642821909581,0.076391838742772,1.11695303642829,NS,-0.863985469091092,8.73795277087597e-10,9.0585903070061,NS,-0.8778141455003365,2.861508149237316e-8,7.5434050129344286,NS
Td00001aa026044_T001,-0.951763814347152,0.0521497980747197,1.28274736883294,NS,-0.33173167693008,0.0663452632561973,1.17819007830262,NS,-0.641747745638616,0.05158074377754858,1.2875123997677558,NS
Td00001aa026056_T001,0.144046369616707,0.871228186999805,0.0598680822187077,NS,-0.397941276565308,0.00147951389042882,2.82988095310675,NS,-0.12694745347430048,0.024992034117024792,1.602198394940058,NS
Td00001aa026059_T002,-0.0862010350493039,0.9338698231533,0.0297136580593782,NS,-0.54303603228668,5.82585190259129e-8,7.23464055965083,NS,-0.3146185336679919,7.651873970716624e-6,5.11623219158163,NS
Td00001aa026116_T001,-1.08314123530025,0.181254844052754,0.741710378040999,NS,-0.406474182732631,0.584950900129912,0.232880586392281,NS,-0.7448077090164406,0.4765498859599237,0.32189163004536725,NS
Td00001aa026124_T002,0.470927257475127,0.291374483107414,0.535548483900529,NS,1.11640144019765,8.50576936553517e-5,4.07028639738421,Up,0.7936643488363886,0.0011601407841895387,2.935489305525928,NS
Td00001aa026163_T002,0.357270475679559,0.147018163462678,0.832629006719096,NS,0.0922763672676157,0.283068991476017,0.548107702406131,NS,0.22477342147358736,0.2783733160899382,0.5553723970438856,NS
Td00001aa026164_T002,0.292781749227846,0.308409396963511,0.510872397847975,NS,0.117921561728816,0.269667157886824,0.569171942004759,NS,0.205351655478331,0.41546736137356244,0.3814630882026644,NS
Td00001aa026165_T001,0.49467161164755,0.231546566513676,0.635361654554432,NS,-0.319182807368051,0.0764566067055447,1.11658498073184,NS,0.08774440213974952,0.1641689660602752,0.7847089370009814,NS
Td00001aa026214_T002,0.196607044094818,0.581120911722727,0.235733496128289,NS,0.26995203030646,0.0098293647179265,2.00747455016528,NS,0.233279537200639,0.0745235721696215,1.1277063360574224,NS
Td00001aa026237_T003,0.16349873228288,0.271989870247369,0.565447270148123,NS,-0.378653747347237,5.0501429946721e-4,3.29669632466989,NS,-0.1075775075321785,0.0045120774719172065,2.3456234521680437,NS
Td00001aa026240_T001,0.409255146684838,0.130058760284401,0.885860389988351,NS,0.068274016877018,0.960856028177779,0.0173416808559853,NS,0.238764581780928,0.5174557748517117,0.2861267619263223,NS
Td00001aa026300_T001,0.0648828515848544,0.599194138838411,0.222432443443745,NS,-0.351818021705153,8.50775294724925e-6,5.07018512986524,NS,-0.14346758506014928,3.245067612234056e-4,3.488776250076476,NS
Td00001aa026303_T002,0.00288250853312136,0.790110052414226,0.102312412725468,NS,0.0532341435473408,0.901956874321734,0.0448142270831661,NS,0.028058326040231084,0.9924631064637389,0.0032856286021503396,NS
Td00001aa026315_T006,-0.44418384493836,0.119882710952483,0.921243444752152,NS,-0.450051160787349,1.28422839978212e-5,4.891357730205,NS,-0.4471175028628545,1.2266580110210638e-4,3.911276500539937,NS
Td00001aa026321_T002,0.126972856257766,0.991882478162931,0.00353978158460251,NS,-0.334890585487064,0.0269749923508582,1.5690386697954,NS,-0.10395886461464901,0.2149163203198353,0.6677306037932339,NS
Td00001aa026362_T002,-0.529072742524873,0.28780877137698,0.540895974462746,NS,0.330682844404122,0.705786564233795,0.151326613381352,NS,-0.09919494906037551,0.6512546279237519,0.1862491775126006,NS
Td00001aa026367_T001,-0.492078535042672,0.376499484473838,0.424235614125488,NS,-0.24099497662638,0.00373825315820077,2.42733129110947,NS,-0.366536755834526,0.026638459012313837,1.5744909019418887,NS
Td00001aa026374_T002,-1.09850554495243,0.0185898627090384,1.73072381759374,Down,-1.292524526793,0.0892207514942705,1.04953412307557,NS,-1.195515035872715,0.030053927620676296,1.5220987638434835,Down
Td00001aa026379_T001,-0.212567535483132,0.0936577931310191,1.02845607976248,NS,-0.347500040753379,2.3885446427589e-4,3.62186663718462,NS,-0.2800337881182555,0.001070475311138309,2.9704233445863033,NS
Td00001aa026391_T003,-0.687334826441606,0.0332903739321607,1.4776813266288,NS,-0.489275055238767,0.0774133466941018,1.11118415694116,NS,-0.5883049408401866,0.04157337544251032,1.3811847126469445,NS
Td00001aa026392_T002,0.333423733725192,0.126121000514588,0.899212592663738,NS,0.285814345705299,0.00247070022501807,2.60717994521641,NS,0.3096190397152455,0.008539186321470816,2.068583510216254,NS
Td00001aa026395_T002,-0.753895990116083,0.0693369754930505,1.15903510636763,NS,-0.774132125829245,1.0167477994608e-4,3.99278675886244,NS,-0.764014057972664,4.2164574361206245e-4,3.375052279387926,NS
Td00001aa026407_T001,-0.0528949484321255,0.410249102357835,0.386952360528289,NS,-0.167058861963767,0.383355902707088,0.416397845324453,NS,-0.10997690519794626,0.5792410715338226,0.2371406517347537,NS
Td00001aa026412_T001,-0.543719518489275,0.456256378308393,0.340791051204452,NS,-1.17167743580487,2.279601921702e-8,7.64214098558827,Down,-0.8576984771470726,1.9779761271328714e-6,5.7037789543551325,NS
Td00001aa026443_T002,0.822118274729345,0.00963068572481639,2.01634278910585,NS,1.47801167611265,3.4350489274425e-14,13.4640670726461,Up,1.1500649754209975,8.095363688028729e-13,12.09176363558806,Up
Td00001aa026454_T001,-1.03209362970985,0.0902130468311754,1.04473064918712,NS,-0.858399567565819,5.701309485381e-4,3.24402538345735,NS,-0.9452465986378344,0.0020912489551422413,2.6795942630175094,NS
Td00001aa026479_T002,-0.168122758808327,0.0189864088896704,1.72155717043323,NS,-0.239684144991154,1.1907375684193e-4,3.9241839439294,NS,-0.20390345189974052,1.6679257769283248e-4,3.777823279470266,NS
Td00001aa026554_T001,-0.897006006676674,0.278254871220775,0.555557224025474,NS,-1.2058148381928,0.00171945285421416,2.7646097276264,Down,-1.051410422434737,0.011837270222821968,1.9267484381410687,Down
Td00001aa026564_T001,0.0799753767205959,0.693614790263982,0.158881654774134,NS,0.447867466657385,0.0308940029597663,1.51012581618201,NS,0.26392142168899047,0.18604393997838214,0.7303844717150719,NS
Td00001aa026579_T001,-0.758769964484555,0.16750640431543,0.775968583817101,NS,-0.911717886395885,1.38865341356672e-6,5.85740613392957,NS,-0.83524392544022,2.615004283575924e-5,4.582527595388728,NS
Td00001aa026590_T004,2.94990839795332,6.7088612219577e-4,3.17335119175229,Up,3.31048923636263,3.35307476042791e-22,21.4745567633981,Up,3.130198817157975,6.988963877128146e-21,20.15558720419701,Up
Td00001aa026612_T001,0.0908534304511135,0.282956754612512,0.548279934328308,NS,0.196018374105743,0.495088938477289,0.305316776782918,NS,0.14343590227842826,0.5459816868676844,0.2628219240089859,NS
Td00001aa026621_T001,0.349365277594213,0.220160099024377,0.657261388106053,NS,0.0495396410112052,0.324278846634768,0.489081380310758,NS,0.1994524593027091,0.37966274685934415,0.4206020144671069,NS
Td00001aa026639_T002,0.225274929869569,0.393668056901712,0.404869823396555,NS,0.415310185944518,0.914370591231056,0.0388777505386964,NS,0.32029255790704353,0.8307293015027735,0.08054047081977977,NS
Td00001aa026669_T001,-0.706041020971306,0.146648902368203,0.833721183261107,NS,-0.650102974513406,1.36515858803425e-5,4.86481689447851,NS,-0.678071997742356,1.5272606804512482e-4,3.8160868290737904,NS
Td00001aa026683_T002,0.0510240030244669,0.649083025334578,0.187699748286716,NS,-0.10138951196122,0.652099213703968,0.185686323461048,NS,-0.025182754468376548,0.8760924863972517,0.057450044275087465,NS
Td00001aa026709_T002,-0.550042516371997,0.20329105662819,0.691881726833978,NS,0.0980682313706781,0.963682797090249,0.0160658936315122,NS,-0.22598714250065943,0.6421360295067764,0.19237296164090875,NS
Td00001aa026728_T002,-0.971430847803229,0.0196748738923045,1.70608804260558,NS,-0.253349294090667,0.780413524997262,0.10767521264915,NS,-0.612390070946948,0.14985946336389366,0.8243158269128614,NS
Td00001aa026761_T001,-0.227692025041597,0.26124707634419,0.582948561109368,NS,-0.229497230726698,0.127159790964422,0.895650194685173,NS,-0.2285946278841475,0.2444450989308699,0.6118186658193173,NS
Td00001aa026764_T001,-0.377069649079823,0.221023045453767,0.655562441284998,NS,0.0958460708784625,0.99999526777591,2.05518367198796e-6,NS,-0.14061178910068023,0.6792594079955211,0.16796433772826044,NS
Td00001aa026772_T002,0.412510571249805,0.230832723205931,0.636702624890674,NS,0.0902263552049374,0.357884372444353,0.44625726531316,NS,0.25136846322737116,0.4139755055259353,0.38302535484439354,NS
Td00001aa026785_T001,0.252173413202027,0.0304403064672645,1.51655097948452,NS,-0.319947000149277,0.179491564073159,0.7459559580192,NS,-0.033886793473625,0.07224341058890096,1.1412017593034143,NS
Td00001aa026788_T002,-0.502259911390907,0.161849208787871,0.790889419337723,NS,-0.834161895189468,8.35773072553292e-8,7.07791162533155,NS,-0.6682109032901875,2.4191122379957343e-6,5.616343981488716,NS
Td00001aa026789_T003,0.249748715083569,0.0476692493267613,1.32176168708727,NS,0.182461207945395,0.0375598866713799,1.42527572679114,NS,0.216104961514482,0.031848319635195625,1.4969134767482146,NS
Td00001aa026828_T001,0.400537929583729,0.0230271882460491,1.63775908868691,NS,-0.393262426363859,9.76426077383068e-5,4.01036063040977,NS,0.003637751609935014,1.6657542576362474e-4,3.7783890680099597,NS
Td00001aa026835_T001,-0.338250400189295,0.302022164168495,0.519961184781702,NS,-0.85428942940633,8.66722354395484e-7,6.06212000202227,NS,-0.5962699147978126,2.8800968600255255e-5,4.540592906314644,NS
Td00001aa026838_T004,-0.0203404482841755,0.760591529306797,0.118848515626778,NS,-0.0352514157931645,0.886610202548092,0.0522672754223784,NS,-0.02779593203867,0.9834088734372417,0.0072658773276923876,NS
Td00001aa026846_T001,-0.096961729887088,0.218773435185114,0.660005413841959,NS,-0.0668731464059948,0.902289230893417,0.0446542260430399,NS,-0.0819174381465414,0.6441538705267301,0.1910103793192016,NS
Td00001aa026874_T001,-0.915935735211525,0.00317573840924206,2.49815527831723,NS,-0.84085837704181,3.32530663030582e-8,7.47816830172634,NS,-0.8783970561266675,4.168216129791439e-8,7.380049770144654,NS
Td00001aa026923_T001,-0.177881725270655,0.951621938697077,0.0215355542921358,NS,-0.00668452081905469,0.788988821830674,0.102929149707747,NS,-0.09228312304485484,0.9985462187779345,6.318285442349119e-4,NS
Td00001aa026934_T001,0.189033824390017,0.370787687296289,0.43087469585457,NS,0.0622518295599741,0.380351164433366,0.419815249827757,NS,0.12564282697499557,0.5468678246470157,0.26211762789491505,NS
Td00001aa026936_T006,0.286881147788162,0.670915105335106,0.173332430079961,NS,0.268406693454488,0.839584248885346,0.0759357176436448,NS,0.277643920621325,0.9489658068343055,0.02274943580317391,NS
Td00001aa026945_T002,0.834306702962908,0.00489564698797048,2.31018990554872,NS,0.226896556809089,0.65506265461753,0.183717159163458,NS,0.5306016298859985,0.048854258387958684,1.3110975749587483,NS
Td00001aa026949_T003,-0.261880711217424,0.200533975875147,0.697812035587288,NS,-0.225204717708968,2.3353936310375e-4,3.63163990851127,NS,-0.243542714463196,0.0019356470283825315,2.7131738348384125,NS
Td00001aa026977_T001,-0.614845103115656,0.123916683394996,0.906870218897393,NS,0.309066358120773,0.99135288807113,0.00377172385824531,NS,-0.1528893724974415,0.5129764084340336,0.2899026074466875,NS
Td00001aa026979_T002,0.0607391578576785,0.93035108515323806,0.0313531314765962,NS,0.985841594622935,3.81087454582026e-5,4.41897534798847,NS,0.5232903762403067,0.0015362720506561232,2.8135318704784438,NS
Td00001aa026996_T003,0.283329168051641,0.249830910435524,0.602353829368258,NS,0.0930346702378838,0.21899082026291,0.659574089692852,NS,0.1881819191447624,0.3263625361210372,0.48629970068326106,NS
Td00001aa026999_T001,-0.321928094887362,0.152812228179292,0.815841891713838,NS,-0.199480571541024,0.81293581180559,0.0899437442941892,NS,-0.260704333214193,0.5162464276333568,0.2871429405936315,NS
Td00001aa027000_T001,-0.144010302691519,0.266160366721376,0.574856613758711,NS,-0.214663849664595,0.2615261016118,0.582484959874065,NS,-0.179337076178057,0.3748599541914518,0.42613095222344227,NS
Td00001aa027028_T002,1.07519031415522,0.00255138796626261,2.59322349717387,Up,2.18723137671358,9.88441006239966e-23,22.0050492458536,Up,1.6312108454344,6.988963877128146e-21,20.15558720419701,Up
Td00001aa027056_T001,0.259423152281415,0.364792247220529,0.437954400127399,NS,0.209992908685357,0.220189385100873,0.657203621346259,NS,0.234708030483386,0.4074476230140847,0.38992821145885975,NS
Td00001aa027076_T001,-0.477944250839036,0.098698557449756,1.00568919480948,NS,-0.512312066468348,7.0411722818467e-4,3.15235502933037,NS,-0.49512815865369203,0.0026485855526371498,2.576985994245037,NS
Td00001aa027091_T001,0.754459973625479,8.1434764830487e-4,3.08919015345416,NS,0.963459763714991,1.9519492673107702e-15,14.7095314741761,NS,0.858959868670235,7.639549431860139e-15,14.116932254647761,NS
Td00001aa027148_T005,-0.0740005814437769,0.258313999592023,0.587852056154181,NS,-0.308240724117094,3.6958382179328e-4,3.43228704789479,NS,-0.19112065278043547,0.0034066340953543056,2.4676745112523335,NS
Td00001aa027156_T001,-0.0785636691937021,0.461624931542824,0.335710743745137,NS,-0.0696659961420484,0.929289236619068,0.0318490929845567,NS,-0.07411483266787525,0.8792860488846566,0.055869817482725716,NS
Td00001aa027184_T001,0.0962618530584035,0.654668043840852,0.183978857676287,NS,0.388541557644282,0.0591321864468246,1.22817606241413,NS,0.24240170535134276,0.26788731406313565,0.5720478521358257,NS
Td00001aa027215_T001,-0.222632890549587,0.475615711191024,0.32274380760493,NS,-0.250907635166044,0.0377997892709346,1.42251062129308,NS,-0.2367702628578155,0.1656812937731408,0.7807265227798496,NS
Td00001aa027233_T003,-0.442222328605074,0.0476692493267613,1.32176168708727,NS,-0.538416556144738,5.5466441607030994e-12,11.2559696949469,NS,-0.490319442374906,2.240499039860657e-10,9.649655237862657,NS
Td00001aa027253_T001,0.637842060324105,0.00168669726688667,2.77296285879717,NS,0.108443089317693,0.142439139431016,0.846370658849863,NS,0.37314257482089896,0.006956148727316857,2.157631141050793,NS
Td00001aa027294_T001,-0.15521264992094,0.0919954016697298,1.03623388003892,NS,-0.213497199941769,0.00697415301359017,2.15650852839267,NS,-0.1843549249313545,0.014671185236476262,1.8335347995262679,NS
Td00001aa027311_T001,0.242450073677701,0.327402058397377,0.484918594478713,NS,0.160111951606858,0.220583524178284,0.656426929002236,NS,0.2012810126422795,0.3822120898080305,0.41769557982974015,NS
Td00001aa027315_T001,-0.161653263478769,0.274166372839651,0.561985813535413,NS,-0.291550187847408,8.41482676949012e-5,4.07495482013129,NS,-0.2266017256630885,0.001095811322576847,2.96026421648824,NS
Td00001aa027352_T001,-0.556393348524385,0.0585885678939545,1.23218711751312,NS,-0.244206533494486,0.0377979328418329,1.42253195095467,NS,-0.40029994100943556,0.03708729466719712,1.4307748451280873,NS
Td00001aa027354_T001,0.0648828515848544,0.509657584330233,0.292721508569098,NS,0.0872082109005935,0.59419166429079,0.226073445056598,NS,0.07604553124272395,0.7770978870591179,0.10952427189147411,NS
Td00001aa027362_T003,-0.0350469470992008,0.779187365614763,0.108358098080514,NS,-0.231006779146052,0.138690997218316,0.857951729159619,NS,-0.1330268631226264,0.48079569405791484,0.31803943047133376,NS
Td00001aa027373_T001,0.506906554580693,2.5378149878185e-4,3.59554004209091,NS,0.355084232568885,2.1097522609329003e-10,9.67576853902769,NS,0.430995393574789,5.641664089606909e-11,10.248592775744122,NS
Td00001aa027377_T001,-0.237863830098888,0.0224270199742644,1.64922843014927,NS,-0.386090303425695,2.531085386189e-10,9.59669320366624,NS,-0.31197706676229153,3.3064078084230583e-9,8.480643582093926,NS
Td00001aa027392_T001,-0.0862010350493039,0.941765577549258,0.0260571874902561,NS,-0.892889320976551,3.06203131976675e-7,6.51399037146522,NS,-0.4895451780129275,3.0924546167016145e-5,4.509696665138028,NS
Td00001aa027396_T002,0.894526770257395,0.00823465236966611,2.08435473008529,NS,0.929277101693657,0.241247805916843,0.617536627756361,NS,0.911901935975526,0.034247676553943715,1.465368886770943,NS
Td00001aa027410_T001,0.32883646422954,0.261279401111355,0.582894828069485,NS,-0.518841123086905,5.2519914571869e-4,3.27967598899908,NS,-0.0950023294286825,0.0045120774719172065,2.3456234521680437,NS
Td00001aa027429_T002,-2.48196850739783,0.00130058542319231,2.88586111782206,Down,-2.2558132376728,4.6641601335361395e-12,11.3312265474606,Down,-2.368890872535315,8.738648604483476e-12,11.058555724001119,Down
Td00001aa027470_T001,-0.077041035763828,0.925155763642376,0.0337851412119564,NS,-0.7698141426609,1.88789718220161e-5,4.72402166174261,NS,-0.423427589212364,8.73008878003296e-4,3.058981339744331,NS
Td00001aa027502_T001,1.14208662961753,0.00168752108841712,2.77275079122229,Up,0.357928761703862,0.156479667955732,0.80554208411288,NS,0.750007695660696,0.007433695610279494,2.128795226060099,NS
Td00001aa027591_T001,-0.237863830098888,0.274111022319906,0.562073500628077,NS,-0.350256723452815,0.00288229019239659,2.54026229603697,NS,-0.2940602767758515,0.017223748664938025,1.7638723205177627,NS
Td00001aa027593_T001,-1.43050890804128,0.186393100259808,0.729570168025774,NS,-1.29337921189482,1.23244463018618e-8,7.90923258308097,Down,-1.36194405996805,5.573559227710296e-7,6.253867379458775,Down
Td00001aa027613_T002,-0.537424111957796,0.364252561152841,0.438597385911752,NS,-0.15617274184049,0.998365729678613,7.1033518059695e-4,NS,-0.34679842689914303,0.8328745195510883,0.07942042424924184,NS
Td00001aa027623_T001,-1.09234017214671,0.00777263590921755,2.10943167531794,Down,-0.71763168948631,0.00832074061234563,2.07983801631263,NS,-0.90498593081651,0.0025041243470068615,2.601344109216367,NS
Td00001aa027648_T001,-1.33278908751913,0.0258434838283236,1.58764894170513,Down,-1.31346867827463,2.85504758194996e-5,4.54438664944752,Down,-1.3231288828968801,6.671311472803572e-5,4.1757887823631545,Down
Td00001aa027657_T001,0.465713319595964,0.00512675789264271,2.29015719131169,NS,0.428981088417071,1.64767928092415e-6,5.78312731938647,NS,0.4473472040065175,1.6441431398778793e-6,5.784060375267395,NS
Td00001aa027665_T001,-1.63935479753978,4.6678315471192e-4,3.3308848251795,Down,-0.88733274448414,4.23807897499704e-7,6.37283095463659,NS,-1.26334377101196,7.026353760855796e-8,7.153269988258781,Down
Td00001aa027675_T001,-0.132894270497345,0.143625487192357,0.842768485129814,NS,-0.0334062482769379,0.593751272103816,0.226395446896212,NS,-0.08315025938714146,0.4214398053932115,0.3752644472609115,NS
Td00001aa027692_T002,0.269033146455237,0.519229094365342,0.28464098036734,NS,0.172124041618744,0.0742775975662239,1.12914215152091,NS,0.2205785940369905,0.2674823968604119,0.5727047938219695,NS
Td00001aa027714_T001,0.390667685559667,0.250852230928372,0.600582032265996,NS,-0.0789776006501721,0.930413511795885,0.0313239912549046,NS,0.15584504245474745,0.6953477171452951,0.1577979668148361,NS
Td00001aa027730_T001,0.285698125958125,0.511834179771891,0.290870715731605,NS,-0.0562277961113994,0.998586586258078,6.1427200134205e-4,NS,0.11473516492336279,0.9281220508037813,0.03239490901258323,NS
Td00001aa027774_T001,0.496717987935177,0.268675637070031,0.570771712672716,NS,-0.226623350967577,0.192388977416773,0.715819813712976,NS,0.1350473184838,0.3166506149904772,0.499419664160549,NS
Td00001aa027792_T001,0.325386414659773,0.291723525906957,0.535028545991114,NS,-0.466344665906462,2.06039001435349e-5,4.68605056358746,NS,-0.07047912562334449,3.718620208705415e-4,3.4296181748774197,NS
Td00001aa027797_T001,0.244887059123534,0.115040147487832,0.939150570171288,NS,-0.0702855087966829,0.523392261858173,0.281172702516043,NS,0.08730077516342556,0.34553470393669616,0.4615083275334466,NS
Td00001aa027802_T002,-0.0603972796439563,0.399508676038039,0.398473784774193,NS,-0.314945836389869,0.0907111650847251,1.04233925498774,NS,-0.18767155801691265,0.257285858101746,0.5895840844354561,NS
Td00001aa027827_T001,0.124328135002202,0.42971850958778,0.366815939221133,NS,-0.0702075133908386,0.924528446889814,0.034079721457533,NS,0.0270603108056817,0.8611702665843272,0.06491097336930668,NS
Td00001aa027832_T002,-0.177881725270655,0.193730337895351,0.712802364057083,NS,-0.495197488272169,6.6717111514607e-4,3.17576276453492,NS,-0.336539606771412,0.0043015726744227685,2.3663727353613955,NS
Td00001aa027858_T001,0.0935601761623378,0.693945565116514,0.158674595390561,NS,-0.0713184743980243,0.961445096525673,0.017075511172501,NS,0.011120850882156752,0.9817003245384045,0.008021065432822973,NS
Td00001aa027890_T001,0.944858445807539,0.043444627960055,1.36206391752469,NS,-0.219700142148286,0.582307822924794,0.234847375390431,NS,0.36257915182962647,0.20747000953934677,0.6830446730863787,NS
Td00001aa027903_T002,0.12565110166152,0.312757226548697,0.504792646737777,NS,0.167760328073462,0.0600681193884555,1.22135596472322,NS,0.146705714867491,0.17072160407206768,0.7677115173410275,NS
Td00001aa027909_T005,0.0894981508391026,0.703236254858439,0.152898747605663,NS,-0.0339640716130109,0.706109298642356,0.1511280693118,NS,0.027767039613045854,0.9203650921624376,0.03603986172082835,NS
Td00001aa027912_T001,1.0962618530584,0.00385656035721662,2.41379986730911,Up,1.91560856990097,2.82368599299851e-12,11.5491836004992,Up,1.505935211479685,1.377547312629361e-11,10.86089347613426,Up
Td00001aa027914_T002,0.332278283056929,0.0799476383534412,1.09719436075098,NS,0.320900201668287,0.609682104533012,0.214896552258093,NS,0.326589242362608,0.3062959245633451,0.5138587816832266,NS
Td00001aa027933_T001,0.00432160595009347,0.998698187863881,5.6573814953456e-4,NS,0.0336512102252706,0.432934049252921,0.363578256595843,NS,0.018986408087682035,0.8817611820532476,0.054649024120660965,NS
Td00001aa027951_T001,0.034215715337913,0.888137490397284,0.0515197969480491,NS,-0.0939768525695257,0.0342707001382522,1.46507702299723,NS,-0.029880568615806354,0.23116157559205208,0.6360843540542358,NS
Td00001aa027967_T001,0.784922701562861,0.0880228561629151,1.05540454357052,NS,0.995392344089434,2.87437888475189e-9,8.54145598612814,NS,0.8901575228261476,8.491125149250937e-8,7.071034758079416,NS
Td00001aa027982_T003,-0.136061549576028,0.540903026829268,0.266880588290658,NS,-0.322562058675104,3.6536060956117504e-9,8.43727827683122,NS,-0.229311804125566,4.973566493193462e-7,6.303332071462283,NS
Td00001aa027990_T001,0.272620454662992,0.360135731093029,0.443533787690908,NS,0.378667602628846,0.0205516184204325,1.68715397216323,NS,0.325644028645919,0.08913185595971974,1.0499670502289118,NS
Td00001aa028028_T001,0.130930869826449,0.487223039669474,0.312272183091246,NS,0.0834766941355978,0.993023843346001,0.0030403236000059,NS,0.1072037819810234,0.9146116892178985,0.038763252408223,NS
Td00001aa028035_T001,-0.926865295369785,0.0447322033222616,1.34937970976087,NS,0.245753990014213,0.121036864009199,0.917082337142368,NS,-0.34055565267778604,0.07182069835438176,1.1437503762918189,NS
Td00001aa028038_T001,0.130930869826449,0.968770052045664,0.0137792951667624,NS,0.162397829665136,0.35842913879346,0.44559669124539403,NS,0.1466643497457925,0.8206960516035472,0.08581765597716395,NS
Td00001aa028045_T001,0.329984649758421,0.794099391916689,0.100125136540792,NS,-0.10527148916689,0.986448633908331,0.00592552429011456,NS,0.1123565802957655,0.9990517914532815,4.11997100002581e-4,NS
Td00001aa028052_T001,-0.648371670897218,0.179996900244418,0.74473497388745,NS,-0.517703998795735,0.0143221064732462,1.84399310197035,NS,-0.5830378348464765,0.04157337544251032,1.3811847126469445,NS
Td00001aa028067_T002,-0.477944250839036,0.00264519057679666,2.57754303309209,NS,-0.182136987084933,0.265241073468879,0.576359223104067,NS,-0.3300406189619845,0.015727615696338616,1.80333711135061,NS
Td00001aa028076_T002,-0.655171503002559,0.0131198485704941,1.88207117756541,NS,-0.569330829824485,2.5718874983471504e-9,8.58974803260459,NS,-0.612251166413522,1.6039736950374684e-8,7.794802758367161,NS
Td00001aa028090_T001,0.380729448503549,0.299497434084827,0.523606894034517,NS,0.420702235002633,0.0096198852728212,2.01683010734657,NS,0.400715841753091,0.04505391644920934,1.3462674506704786,NS
Td00001aa028092_T001,0.0881415968690176,0.785875759612557,0.10464610686077,NS,-0.249256848345765,0.0177587026690822,1.75058876402128,NS,-0.0805576257383737,0.13993115632434813,0.8540855770502978,NS
Td00001aa028093_T002,-0.409278229990159,0.19443368352069,0.711228496097123,NS,-0.0465039038887475,0.988012560792061,0.00523753410872371,NS,-0.22789106693945327,0.6393330258068645,0.1942728607855608,NS
Td00001aa028094_T002,0.16478627814334,0.248445118027163,0.60476953276709,NS,-0.0318179039515813,0.955464962690385,0.019785234081727,NS,0.06648418709587933,0.7012741818535073,0.1541121498149712,NS
Td00001aa028117_T001,0.151858816727005,0.159211644474294,0.798025171862225,NS,-0.544082767686855,2.99930735527989e-6,5.52297902745072,NS,-0.196111975479925,4.679940632935499e-5,4.329759656103665,NS
Td00001aa028122_T003,-0.150400988848548,0.604932213475747,0.218293288095962,NS,-1.08382740811216,0.227929675092407,0.642199128571739,NS,-0.617114198480354,0.5423849858750592,0.2656923409733335,NS
Td00001aa028132_T001,0.356143810225275,0.0952806821479611,1.020995142247,NS,0.173868454411365,0.183286872887599,0.736868638347275,NS,0.26500613231832004,0.1626349425038169,0.788786139515344,NS
Td00001aa028156_T001,0.903809558578697,0.00477041250628842,2.32144406509848,NS,0.190774751588764,0.00221245583872207,2.65512538919092,NS,0.5472921550837305,5.779097007057866e-4,3.2381400154702247,NS
Td00001aa028157_T001,0.833497336859835,0.40384749513257,0.393782606489416,NS,-0.0725825952551666,0.98626151190793,0.00600791455168746,NS,0.3804573708023342,0.8612394085823839,0.06487610595225385,NS
Td00001aa028176_T001,0.429749850800216,0.395109278453119,0.403282771549442,NS,0.894126036961728,0.00369684655228503,2.43216857563163,NS,0.661937943880972,0.027304164833493752,1.5637711029135413,NS
Td00001aa028184_T002,-0.522840788813359,0.0183614761997961,1.73609240594231,NS,-0.524717941883072,7.05133984406523e-7,6.15172835370396,NS,-0.5237793653482155,2.3574505767745953e-6,5.627557403345275,NS
Td00001aa028191_T001,-0.307572801910292,0.0433384805385003,1.36312631925784,NS,-0.13309881131802,0.17941899283128,0.746131585566041,NS,-0.22033580661415603,0.09207698270174075,1.0358489206712098,NS
Td00001aa028216_T001,0.569491091958716,0.068627171336456,1.16350390141948,NS,-0.079008296497295,0.945170464450358,0.0244898580581243,NS,0.24524139773071046,0.35955836619977877,0.44423060163427164,NS
Td00001aa028219_T001,0.465713319595964,0.211182111921745,0.67534287128354,NS,0.0201425237089119,0.969643622626662,0.0133878545640454,NS,0.24292792165243796,0.6537970841230255,0.18455702066617877,NS
Td00001aa028223_T001,-0.597277823154395,0.598770014331711,0.222739956719678,NS,-0.672120767628793,4.865928291196331e-9,8.31283429552177,NS,-0.634699295391594,6.760023629747791e-7,6.170051785973876,NS
Td00001aa028245_T001,-0.0335695326937018,0.970957104058011,0.0127999563766623,NS,-0.277102084197276,0.0227192669985329,1.64360568456435,NS,-0.1553358084454889,0.18980776331648183,0.7216860284916645,NS
Td00001aa028256_T001,-0.3040061868901,0.0936577931310191,1.02845607976248,NS,-0.670978964166725,3.89003160012285e-5,4.41004687073001,NS,-0.4874925755284125,2.475236532274586e-4,3.6063832937997735,NS
Td00001aa028274_T001,-0.190997225060914,0.126009912757517,0.899595289116136,NS,-0.245219055137724,0.0147788341872024,1.83035982345365,NS,-0.218108140099319,0.03262068569414115,1.4865069142322263,NS
Td00001aa028276_T003,0.453122446595813,0.996932088628259,0.00133442497674753,NS,0.27951056032459,0.961929572767993,0.0168567234693439,NS,0.3663165034602015,0.9999558984015862,1.9153503187400002e-5,NS
Td00001aa028280_T001,-1.01158797427521,0.438199582582501,0.358328040472719,NS,-0.632989461221433,0.0290615601521682,1.53668107457723,NS,-0.8222887177483216,0.13083484025911737,0.8832765915050123,NS
Td00001aa028282_T003,0.177598929327733,0.913503116696617,0.0392899665798248,NS,-0.372074170285552,0.0079800861876349,2.09799241809637,NS,-0.0972376204789095,0.08808906233910799,1.0550780128213517,NS
Td00001aa028299_T001,-1.29689930039584,0.0673994705842215,1.17134351478893,NS,-0.268228838698641,0.724216421570783,0.140131631801915,NS,-0.7825640695472404,0.3062959245633451,0.5138587816832266,NS
Td00001aa028305_T001,-0.524915117051217,0.0591693693765039,1.22790305938217,NS,-0.468309324664083,0.00586234799775222,2.23192840476185,NS,-0.49661222085765,0.009304434054322054,2.0313100378539968,NS
Td00001aa028313_T001,0.3928669162308,0.165429084092054,0.781388134745433,NS,0.863769689808172,5.8495603002715e-9,8.23287677773707,NS,0.628318303019486,2.7656661054316626e-7,6.558200252759443,NS
Td00001aa028339_T002,-0.00578235259400611,0.609184627937894,0.215251064111402,NS,0.0404462580084657,1,0,NS,0.017331952707229793,0.9651751444900234,0.015393870714577658,NS
Td00001aa028388_T001,0.0313951962755343,0.659612208098333,0.180711315033771,NS,0.120270628257246,0.985220897157728,0.00646638507487605,NS,0.07583291226639015,0.9766711360125996,0.010251646985516897,NS
Td00001aa028400_T001,0.339137384919585,0.291185585657296,0.535830127382482,NS,-0.268554820960739,0.437709982376386,0.35881354879117,NS,0.035291281979422995,0.5215008617470178,0.28274496959283785,NS
Td00001aa028473_T001,0.219091058246197,0.410495555932511,0.386691540236221,NS,0.0159443465578362,0.994839567486355,0.00224694998105616,NS,0.11751770240201662,0.8671709099822512,0.06189529935514359,NS
Td00001aa028476_T002,-0.588573754273535,0.046554071510073,1.33204233064327,NS,-0.226233500739676,0.0033031442532147,2.48107245960948,NS,-0.40740362750660547,0.00493376168552671,2.306821831976462,NS
Td00001aa028486_T001,0.0313951962755343,0.877469675073901,0.056767883609306,NS,0.498298774970128,1.6384036675816e-4,3.785579088531,NS,0.26484698562283115,0.004674924935705964,2.330225358111338,NS
Td00001aa028519_T001,-0.117161344232749,0.801311012797467,0.0961988885028136,NS,0.141782297514977,0.524778097207157,0.280024299510017,NS,0.012310476641114003,0.8746600812847737,0.05816069383972561,NS
Td00001aa028527_T001,-0.148800661406706,0.731977925582403,0.135502015857329,NS,0.555111714862266,7.001580189155e-4,3.15480393284537,NS,0.20315552672777998,0.012387248821104046,1.9070251386995605,NS
Td00001aa028532_T002,-0.209227962138,0.390182988108605,0.40873166967143,NS,-0.377545782649861,0.0193619299407685,1.7130513556613,NS,-0.29338687239393046,0.09050536921384707,1.0433256555928387,NS
Td00001aa028533_T001,0.336854639125465,0.548413650866473,0.260891743484646,NS,0.0902902723284154,0.880320848855582,0.0553590125186939,NS,0.2135724557269402,0.9141966942860958,0.038960353442556536,NS
Td00001aa028555_T001,-0.668868077782798,0.00640422824784077,2.19353319814386,NS,-0.228839048873607,0.00647008587831658,2.18908995484421,NS,-0.4488535633282025,0.0017481517974687617,2.7574208589208724,NS
Td00001aa028566_T002,-0.3040061868901,0.161771218162006,0.791098744190474,NS,0.126562595348818,0.81255229301902,0.0901486797782568,NS,-0.088721795770641,0.5284695246622102,0.2769800521647842,NS
Td00001aa028579_T002,-0.375197234747053,0.200229993683394,0.698470866339657,NS,-0.299020943645933,0.0086812362356021,2.06141842550656,NS,-0.337109089196493,0.031107407239664115,1.507136185240755,NS
Td00001aa028586_T001,0.714575238851626,3.3176096033903e-4,3.47917472050231,NS,1.02803493558461,3.37550283535768e-10,9.47166152287597,Up,0.871305087218118,1.063755755875323e-10,9.97315807697727,NS
Td00001aa028601_T001,-0.204233052217608,0.53980680259855,0.267761646803589,NS,-0.566400104983827,0.26999153773853,0.568649847585657,NS,-0.3853165786007175,0.5568393804653518,0.2542700583938689,NS
Td00001aa028605_T001,-0.236163541109049,0.391838322661793,0.406893091295226,NS,0.0472964597132319,0.616927203194611,0.209766079266745,NS,-0.09443354069790855,0.7070331265203215,0.15056023779016306,NS
Td00001aa028607_T001,-0.446148031818874,0.105471759215664,0.97686381011652,NS,0.0533895161562141,0.985624992763241,0.00628829251574431,NS,-0.19637925783132998,0.471474977072419,0.32654135193566425,NS
Td00001aa028636_T002,-0.179514657013621,0.961975135164944,0.0168361533262384,NS,-0.742865981745586,1.6238956289044e-4,3.78944188719304,NS,-0.46119031937960353,0.004995748268486396,2.3013994534767743,NS
Td00001aa028701_T003,-0.573466861883327,0.0807035270389199,1.09310748460794,NS,-0.144750232369778,0.374712938875699,0.426301310414876,NS,-0.3591085471265525,0.23079697466651125,0.6367698882990245,NS
Td00001aa028735_T002,-0.293358942690592,0.471549133771965,0.326473048601519,NS,-0.238961301624411,0.372233445697009,0.429184607483929,NS,-0.2661601221575015,0.6117305719461537,0.2134398145884529,NS
Td00001aa028736_T001,-0.520769438793664,0.38752615232462,0.411698983668587,NS,-0.0639655150353687,0.0595017062573498,1.22547058036343,NS,-0.29236747691451637,0.19535007878960545,0.7091864092772618,NS
Td00001aa028751_T002,0.159629185821228,0.746973059214339,0.126695061431646,NS,0.0375965183909975,0.883284835856933,0.0538992254220185,NS,0.09861285210611276,0.9793735503150379,0.009051629036749321,NS
Td00001aa028817_T001,-0.38458370273713,0.0989209085406101,1.00471190350806,NS,-0.20797737989906,0.00251828020343078,2.5988959485596,NS,-0.296280541318095,0.007129303057433717,2.1469529235990166,NS
Td00001aa028831_T002,0.2904244038653,0.209203924859766,0.679430171960839,NS,0.135465010839356,0.0791682480430451,1.10144896569129,NS,0.212944707352328,0.1574305725255826,0.802910925154512,NS
Td00001aa028856_T001,-0.253257284222264,0.0862729992766387,1.06412510347305,NS,-0.39683222259588,2.5698660654758e-4,3.59008951034206,NS,-0.325044753409072,0.0010638686029702147,2.973112007876348,NS
Td00001aa028908_T002,-0.0573916638883367,0.853549992665621,0.0687710370530825,NS,-0.150861103601712,0.99506866699082,0.00214694873545934,NS,-0.10412638374502435,0.9996572672230563,1.4887246698859125e-4,NS
Td00001aa028928_T001,0.151858816727005,0.333851710702698,0.47644639403934,NS,0.232322383986483,1.9875735510332e-4,3.70167679111585,NS,0.192090600356744,0.0025514526581293345,2.5932124855343517,NS
Td00001aa028949_T001,-0.300448367476911,0.685118654989086,0.164234206982852,NS,0.248809118804288,0.88992908057898,0.0506446013780258,NS,-0.025819624336311506,0.9651751444900234,0.015393870714577658,NS
Td00001aa028978_T002,-0.44418384493836,0.0600890069060114,1.22120497353383,NS,-0.0131442905102493,0.999999974531912,1.10606503080938e-8,NS,-0.22866406772430464,0.34530337495028335,0.4617991768920116,NS
Td00001aa029037_T001,-1.98850436116217,0.0445863629117155,1.35079795334665,Down,-2.00529981767195,1.9889146701109297e-12,11.7013838488991,Down,-1.99690208941706,8.724638640410219e-11,10.059252551729905,Down
Td00001aa029096_T002,0.141432790929296,0.173966857209119,0.759533482189799,NS,-0.0882778450084111,0.830362181301632,0.0807324389103969,NS,0.026577472960442453,0.5538942158564603,0.25657317003067315,NS
Td00001aa029097_T002,0.0922074380970889,0.739772866643673,0.130901601762217,NS,0.362351665422935,1.5098204907224e-4,3.82107468484126,NS,0.22727955176001197,0.0038303287062963127,2.4167639546984576,NS
Td00001aa029104_T001,-1.63935479753978,0.00600296589608093,2.22163412394147,Down,-0.962600397212699,1.60879629886337e-10,9.79349894153182,NS,-1.3009775973762394,7.00556010211233e-10,9.154557136676221,Down
Td00001aa029115_T001,0.558757430373762,0.075557652375176,1.12172154434927,NS,0.160303683936941,0.548325257527307,0.260961748732432,NS,0.35953055715535154,0.2776104319230827,0.556564218182938,NS
Td00001aa029134_T001,-0.0528949484321255,0.668917092009104,0.174627706917149,NS,0.319502388071148,0.0447774448107442,1.34894069271893,NS,0.13330371981951125,0.22973219566336056,0.6387781366329408,NS
Td00001aa029146_T001,0.27500704749987,0.0880834953449808,1.05510545994323,NS,-0.118732244045013,0.44531343459546,0.351334202504836,NS,0.0781374017274285,0.269682865552678,0.5691466458063374,NS
Td00001aa029174_T001,1.52757083683282,0.103567402084833,0.984776917587144,NS,2.66542749919589,2.9749518647415e-4,3.52652005684174,Up,2.096499168014355,0.0013737352549038264,2.862096956077658,Up
Td00001aa029198_T002,-0.610433188237274,0.0105489079759761,1.97679249624824,NS,-0.505679884550373,0.0077859710956736,2.10868721287226,NS,-0.5580565363938235,0.003017449905853446,2.5203599311036906,NS
Td00001aa029231_T001,1.44413695658759,0.00570086173487267,2.2440594919743,Up,2.30336577348362,5.330148017958431e-15,14.2732607304687,Up,1.873751365035605,9.832025683632222e-14,13.007356995637755,Up
Td00001aa029237_T001,-0.106249498279434,0.462554621396526,0.334836975637508,NS,-0.167089156779495,0.522355900666155,0.282033495028865,NS,-0.1366693275294645,0.7070331265203215,0.15056023779016306,NS
Td00001aa029273_T002,0.53605290024021,0.0812849583552674,1.08998981243402,NS,-0.0304133094438701,0.576036820922819,0.239549755096749,NS,0.25281979539816996,0.29977710613981506,0.5232015371208191,NS
Td00001aa029295_T005,-0.659722595233746,0.0444926077268039,1.35171213935935,NS,-0.0335901795903036,0.505155936072726,0.296574539262934,NS,-0.34665638741202476,0.19206731229207918,0.7165465409119425,NS
Td00001aa029308_T001,0.32883646422954,0.780402335148575,0.107681439763651,NS,0.133849159251649,0.670524472846792,0.173585366614235,NS,0.2313428117405945,0.9319559814030077,0.030604599969237808,NS
Td00001aa029351_T001,-1.1488006614067101,0.476211902534576,0.322199753953217,NS,-2.13483146344824,4.12433069210038e-8,7.384646519917,Down,-1.6418160624274751,3.2660276024265363e-6,5.48598014919798,Down
Td00001aa029360_T001,0.541019153133559,0.0304403064672645,1.51655097948452,NS,-0.120084221255699,0.999979865312601,8.74447166628816e-6,NS,0.21046746593893,0.23116157559205208,0.6360843540542358,NS
Td00001aa029369_T001,-0.407363571393423,0.147018163462678,0.832629006719096,NS,-0.194799576763153,0.232454055212258,0.633662873051793,NS,-0.301081574078288,0.24847193931128086,0.604722650352694,NS
Td00001aa029372_T001,-0.61705613043101,0.00326743327792771,2.48579327209437,NS,-0.488639438947352,0.0656965153769071,1.18245766533695,NS,-0.552847784689181,0.006388929185651469,2.194571925524339,NS
Td00001aa029392_T001,-0.0954195650786824,0.898004551534145,0.0467214621064662,NS,-0.420334852589064,0.08804770118251,1.05528197844496,NS,-0.2578772088338732,0.40359628281518994,0.39405284233672627,NS
Td00001aa029407_T004,0.510961919277379,0.366340888642766,0.436114605438956,NS,-0.193501014895922,0.724770526023128,0.139799476266379,NS,0.15873045219072848,0.7383037009779626,0.13176495453530532,NS
Td00001aa029416_T001,0.481298941547565,0.0959141062400287,1.01811751575235,NS,0.7430875378416,1.24418057833317e-5,4.90511658228009,NS,0.6121932396945825,9.92805119141046e-5,4.0031359921771585,NS
Td00001aa029429_T001,-0.968604803724466,0.00308708913891218,2.51045083019436,NS,-0.0294587023212369,0.193869266328545,0.712491033220612,NS,-0.4990317530228514,0.013926502552547324,1.856157936902782,NS
Td00001aa029431_T001,-0.136061549576028,0.789540521169441,0.102625576018332,NS,0.639312421749623,0.0487198919372421,1.31229368365744,NS,0.2516254360867975,0.26712868169580406,0.573279479131466,NS
Td00001aa029456_T001,0.461528559472877,0.173966857209119,0.759533482189799,NS,-0.251012213363613,0.924022933614159,0.0343172497555654,NS,0.105258173054632,0.585335443130235,0.23259517776546534,NS
Td00001aa029473_T003,0.475084882948783,0.300951435727794,0.521503580476187,NS,0.424062728337661,0.967282665725592,0.0144465949695241,NS,0.449573805643222,0.765480838608407,0.11606567601834866,NS
Td00001aa029481_T001,0.0114956388378294,0.676903877961948,0.169472997835596,NS,0.0735941000893164,0.952596946265924,0.0210908150373026,NS,0.0425448694635729,0.9747917800712387,0.011088141658788575,NS
Td00001aa029496_T001,4.34027740476625,0.00331195109619888,2.47991608457066,Up,3.62932009661684,3.49654094941312e-16,15.4563613811947,Up,3.984798750691545,6.197860016178748e-15,14.207758236887905,Up
Td00001aa029502_T001,-0.125006361067033,0.0485523205469053,1.31379000825584,NS,-0.252522894201829,2.7401437222682e-4,3.56222665756243,NS,-0.188764627634431,6.983376027058045e-4,3.155934572296722,NS
Td00001aa029523_T001,-0.260151897300673,0.299963404726641,0.522931725596063,NS,-0.200968185945575,0.129195365951356,0.888753063568859,NS,-0.230560041623124,0.2679277819201304,0.5719822512703314,NS
Td00001aa029531_T002,0.337996463515016,0.253402838822033,0.596188524109886,NS,-0.200078679558778,0.514780905355762,0.288377570649594,NS,0.068958891978119,0.5264345409991019,0.27865562305449465,NS
Td00001aa029551_T001,-0.45600928033515,0.555313495617063,0.255461771870852,NS,-0.818356153902653,2.23080980556549e-5,4.65153745522691,NS,-0.6371827171189015,6.599399227266035e-4,3.1804955984215986,NS
Td00001aa029557_T001,0.629473196786949,0.0158589269545655,1.79972620122248,NS,0.807489107698538,3.4552745302545194e-11,10.4615174411297,NS,0.7184811522427434,4.326807930272587e-10,9.3638323829788,NS
Td00001aa029567_T001,-0.0816137655536521,0.80922966067513,0.091928207424387,NS,0.047730269726024,0.812062402954599,0.0904105961067165,NS,-0.016941747913814052,0.9790261681732527,0.009205699880864617,NS
Td00001aa029587_T001,0.297484915710575,0.337357053200764,0.471910205520099,NS,-0.357235828803721,0.593363467907608,0.226679195758536,NS,-0.029875456546573004,0.6473935080849439,0.18883165991803322,NS
Td00001aa029643_T001,-1.44614803181887,0.00817617243117331,2.08744995807073,Down,-0.608294454614204,0.00823979943997912,2.08408335907599,NS,-1.027221243216537,0.0025789938257025557,2.588549697593167,Down
Td00001aa029674_T003,0.532067552289031,0.373417939172216,0.42780482217601,NS,-0.308411692998023,0.522733852796874,0.281719373621767,NS,0.111827929645504,0.6414817664507279,0.19281568354840542,NS
Td00001aa029686_T003,0.387362540835996,0.517327751980313,0.286234223294711,NS,1.02541146485221,2.58449452250747e-8,7.58762438392473,Up,0.7063870028441029,2.401906347748853e-6,5.619443930092484,NS
Td00001aa029695_T002,-0.828793172581858,0.0613631361195143,1.21209245276516,NS,0.145034151270223,0.999996713837908,1.4271644083352e-6,NS,-0.3418795106558175,0.3482114267271533,0.45815698140041217,NS
Td00001aa029705_T002,-0.336427664582477,0.249906369676765,0.602222674324867,NS,-0.225832669653761,0.0455795713661,1.34122976327615,NS,-0.281130167118119,0.12119749469139025,0.9165063575043053,NS
Td00001aa029712_T001,-0.434402824145775,0.122938662317825,0.910311516700339,NS,-0.0167270717055961,0.998881214796067,4.8615424232718e-4,NS,-0.22556494792568554,0.5129764084340336,0.2899026074466875,NS
Td00001aa029721_T002,0.100304905795685,0.919570390544791,0.0364150211239807,NS,-0.151257684298392,0.429264608532517,0.367274916208735,NS,-0.025476389251353503,0.8597308947917905,0.06563746642620799,NS
Td00001aa029752_T001,0.252173413202027,0.0326302150344463,1.48638006418437,NS,0.29960847515054,7.5705795790872e-4,3.12087087104627,NS,0.2758909441762835,0.0011586331097617976,2.9360540650123568,NS
Td00001aa029759_T001,-0.115597447016313,0.364792247220529,0.437954400127399,NS,-0.00499250179849271,0.997424535365605,0.00111995289844986,NS,-0.060294974407402856,0.8328745195510883,0.07942042424924184,NS
Td00001aa029761_T001,0.0243196791954129,0.658180687599135,0.181654864965037,NS,-0.304184906483374,0.0725212019507745,1.13953500661372,NS,-0.13993261364398055,0.30256249205245245,0.5191849114228471,NS
Td00001aa029804_T001,0.01292617444427,0.685530344379212,0.163973316797474,NS,0.37017000269128,2.2161213566611e-4,3.65440646096293,NS,0.191548088567775,0.004899024740220996,2.30989036733805,NS
Td00001aa029820_T002,-0.00433459026389113,0.901054697465068,0.0452488448852716,NS,0.241624708417641,0.00158209751456232,2.8007667517289,NS,0.11864505907687493,0.02685767928967502,1.570931516433905,NS
Td00001aa029835_T001,0.415758666522498,0.127312495128569,0.895128970273418,NS,-0.101193320206912,0.213247045022037,0.6711169781652,NS,0.15728267315779298,0.2162901471524101,0.6649632638933225,NS
Td00001aa029858_T003,0.54794331129035,0.290628350015332,0.536662023710787,NS,-0.452601052236525,0.0364202772872073,1.43865675201047,NS,0.04767112952691249,0.11515644522326854,0.9387117498702564,NS
Td00001aa029865_T001,0.405992359675837,0.604336899405971,0.218720887930663,NS,-0.214479614298616,0.925832786511216,0.0334674436128577,NS,0.09575637268861051,0.948620757390082,0.022907376499094585,NS
Td00001aa029894_T001,-0.190997225060914,0.367591274170628,0.434634806384196,NS,-0.0126079860441694,0.98021426892313,0.00867897977740476,NS,-0.1018026055525417,0.830754182395512,0.08052746360721738,NS
Td00001aa029896_T001,0.54794331129035,0.0936577931310191,1.02845607976248,NS,0.375681647801242,4.6440978611352e-4,3.33309863731778,NS,0.461812479545796,0.001821258936319651,2.739628304276289,NS
Td00001aa029905_T002,0.51500591643373,0.0761549191384399,1.11830203867487,NS,-0.16051672788708,0.47468369366461,0.323595686910489,NS,0.17724459427332498,0.2569866355960541,0.5900894612515991,NS
Td00001aa029906_T001,1.31266517355839,0.00168669726688667,2.77296285879717,Up,1.21566243671102,6.840049351718981e-9,8.16494076478545,Up,1.264163805134705,6.154729035652051e-9,8.210791062295863,Up
Td00001aa029929_T001,-0.0218043703183484,0.91339600152088,0.0393408938908519,NS,-0.164886138263403,0.07700491941974,1.11348152926126,NS,-0.0933452542908757,0.3767843001855412,0.42390720164571394,NS
Td00001aa030087_T001,-0.841662972832899,0.119354204321881,0.923162278109818,NS,-0.311476450367883,0.910166942647402,0.040878942161348,NS,-0.576569711600391,0.48184698295105216,0.31709085597408865,NS
Td00001aa030153_T002,0.233888060174277,0.143454367778783,0.843286224180996,NS,0.0229317991167597,1,0,NS,0.12840992964551834,0.5516587907592251,0.2583294568874868,NS
Td00001aa030156_T001,0.626672752605993,0.0471961787817186,1.32609316240815,NS,-0.309601712125614,0.122870855760694,0.910551116977626,NS,0.1585355202401895,0.07507644493445044,1.1244963005406396,NS
Td00001aa030159_T001,0.00288250853312136,0.813626830424242,0.0895747384124157,NS,-0.416187140968934,0.0209748552629232,1.67830102733982,NS,-0.2066523162179063,0.1603929595526219,0.7948146989854757,NS
Td00001aa030163_T001,-0.365871442474959,0.364075141685881,0.438808972802397,NS,-0.600705461260939,0.00931507598394424,2.03081359817267,NS,-0.483288451867949,0.05085304966801528,1.2936829972294177,NS
Td00001aa030179_T001,-0.749038426466781,0.0158236506158212,1.80069331480757,NS,-0.253150515701935,0.0519239960358794,1.28463189190972,NS,-0.501094471084358,0.017687730178189674,1.7523278954303099,NS
Td00001aa030186_T002,0.606915941825205,0.16475757427957,0.783154610772141,NS,0.179185401281743,0.656134511173389,0.183007118746294,NS,0.393050671553474,0.48079569405791484,0.31803943047133376,NS
Td00001aa030191_T002,-0.481968507397831,0.0754088741929333,1.12257754290687,NS,-0.195737927079988,0.629252712383019,0.201174903756653,NS,-0.3388532172389095,0.30181216334725214,0.5202632616838649,NS
Td00001aa030198_T001,-0.556393348524385,0.193730337895351,0.712802364057083,NS,-0.00327251901329432,0.999410949196235,2.5589688917136e-4,NS,-0.27983293376883966,0.6404535253932386,0.1935123794205638,NS
Td00001aa030210_T004,0.175045486110914,0.519732977950585,0.284219725571653,NS,0.136404380167198,0.254902139273094,0.59362651968726,NS,0.155724933139056,0.5307457415971745,0.27511348168060346,NS
Td00001aa030219_T001,0.68885174386588,0.00354387985324326,2.45052101024942,NS,1.11106053651239,4.86318665366858e-13,12.3130790614821,Up,0.899956140189135,3.371825196521902e-12,11.472134948327769,NS
Td00001aa030221_T001,0.0607391578576785,0.813085446708245,0.0898638122362699,NS,-0.0754750419894113,0.95103855523258,0.0218018763482381,NS,-0.007367942065866398,0.9990517914532815,4.11997100002581e-4,NS
Td00001aa030226_T001,-0.320125852253377,0.449082328938193,0.347674033771893,NS,-0.609436633203339,0.0891173557037822,1.05003770839447,NS,-0.46478124272835797,0.2729319550658107,0.563945613848971,NS
Td00001aa030242_T002,-0.356605546520108,0.0069098977901514,2.16052837657682,NS,-0.646837741796845,1.62605062351974e-6,5.78886593772532,NS,-0.5017216441584764,2.118935290946722e-6,5.673882305778054,NS
Td00001aa030254_T002,-0.340075441597622,0.859588854515533,0.0657092242343198,NS,0.0937414370716697,0.999988561672611,4.96763087796086e-6,NS,-0.12316700226297615,0.9996572672230563,1.4887246698859125e-4,NS
Td00001aa030271_T003,-0.258425152581204,0.274166372839651,0.561985813535413,NS,-0.151214160605548,0.793065296690256,0.100691053760819,NS,-0.204819656593376,0.6746487870103839,0.17092225614521542,NS
Td00001aa030284_T001,-0.256700472111743,0.961534406232858,0.0170351709473627,NS,-0.613517831449084,0.0561178854096096,1.25089870208131,NS,-0.43510915178041354,0.3240493509534294,0.48938884406926686,NS
Td00001aa030285_T002,0.12565110166152,0.787672733179103,0.103654188217133,NS,-0.298926149959849,5.2403335428168e-4,3.28064106965849,NS,-0.08663752414916451,0.010666073984072788,1.9719954082058213,NS
Td00001aa030292_T001,-1.3040061868901,0.0343356959131831,1.46425414593419,Down,-0.999484330154334,4.73033764389924e-9,8.3251078589136,NS,-1.151745258522217,6.047150927688221e-8,7.218449191929171,Down
Td00001aa030296_T001,-0.758769964484555,0.0714443900439123,1.14603186720366,NS,-1.10781451736206,6.70007257776116e-8,7.17392049282896,Down,-0.9332922409233075,1.0323505553644757e-6,5.986172804250795,NS
Td00001aa030298_T002,-0.401634794676355,0.01991871427776,1.70073869804561,NS,-0.798756835625912,3.4745135581906305e-9,8.45910598928432,NS,-0.6001958151511335,2.9409798706606387e-8,7.5315079479821945,NS
Td00001aa030336_T001,-0.231074664436249,0.57423972446734906,0.24090676739468,NS,-0.500144952456294,0.00230661240478377,2.63702537669939,NS,-0.3656098084462715,0.02550945050027898,1.593298896437915,NS
Td00001aa030346_T004,-0.979942347658747,0.0216606186311913,1.66432914400451,NS,-0.331490631378153,8.03452048810706e-6,5.09504003745487,NS,-0.65571648951845,2.0203982293670137e-5,4.6945630207657425,NS
Td00001aa030351_T004,0.429749850800216,0.545656141197464,0.263080952578243,NS,-0.363510771613027,0.126661990182675,0.897353692381942,NS,0.03311953959359451,0.3731510573198003,0.42811532347275827,NS
Td00001aa030366_T001,-0.164884384741782,0.611729237713077,0.213440761820325,NS,-0.0449459027571699,0.797032147337682,0.0985241615025061,NS,-0.10491514374947594,0.9167260506259304,0.0377604271179633,NS
Td00001aa030369_T002,0.743299527888257,0.048587762067939,1.31347310389908,NS,0.0712685254125164,0.962133344229565,0.0167647339393973,NS,0.4072840266503867,0.2996104553460163,0.5234430353655846,NS
Td00001aa030377_T001,0.335711910320462,0.153812560196138,0.813008198987447,NS,-0.113704813147253,0.200323477169758,0.698268150018524,NS,0.1110035485866045,0.23270264728645784,0.6331986760370304,NS
Td00001aa030379_T001,0.00288250853312136,0.748687706393311,0.125699298018457,NS,0.0904487961946364,0.195994082516136,0.70775704073222,NS,0.04666565236387888,0.5584027988245339,0.25305241361017344,NS
Td00001aa030432_T001,-0.63262893435147,0.056067508800252,1.25128874010874,NS,-0.618526927925211,2.01190189985697e-7,6.696393199257,NS,-0.6255779311383405,2.118935290946722e-6,5.673882305778054,NS
Td00001aa030491_T001,0.0412429822318813,0.913874708425547,0.0391133416504852,NS,-0.227791651506135,0.00103107472921434,2.9867098572099,NS,-0.09327433463712685,0.019616882712976173,1.7073700045052025,NS
Td00001aa030493_T001,0.422233000683048,0.0313685385618944,1.5035057143048,NS,0.840436472994762,2.9799825871520997e-12,11.525786273617,NS,0.631334736838905,9.047491898160123e-11,10.043471797121219,NS
Td00001aa030514_T001,-0.639354797539784,0.144446902052206,0.840291768018882,NS,-0.067782000790923,0.989375620209438,0.00463879554750208,NS,-0.3535683991653535,0.5508804826552731,0.25894261413106967,NS
Td00001aa030528_T002,-0.486004020632987,0.10305109606958,0.986947384627718,NS,-0.799703928599016,0.00204794295548562,2.6886821446019,NS,-0.6428539746160015,0.006325758957391795,2.1988873608662494,NS
Td00001aa030559_T002,-0.510457064357526,0.274166372839651,0.561985813535413,NS,0.939507931435327,0.0682619845454625,1.16582108985441,NS,0.21452543353890047,0.17033094302032475,0.7687064491467909,NS
Td00001aa030570_T001,0.589763486984977,0.0463723698072714,1.33374070941101,NS,-0.145943625162914,0.00302497110631983,2.51927876925144,NS,0.2219099309110315,0.004585422321777142,2.3386206592151315,NS
Td00001aa030572_T001,0.446785562143122,0.0198530318674051,1.70217316029952,NS,0.352685158109161,0.0110381005305129,1.95710565487592,NS,0.3997353601261415,0.006491012907190356,2.187687527286073,NS
Td00001aa030578_T001,0.126972856257766,0.60339149772309,0.219400813680355,NS,0.211319662927859,0.442041021990743,0.354537425679112,NS,0.1691462595928125,0.7394842452065331,0.13107107426039882,NS
Td00001aa030590_T001,-0.780908941753803,0.155428275405456,0.808469971792993,NS,-0.309454043899163,0.058120263051525,1.23567242875861,NS,-0.545181492826483,0.10259322465463058,0.9888813194607254,NS
Td00001aa030594_T002,-0.300448367476911,0.381756165999312,0.418213939634081,NS,-0.0710727875290821,0.34968408466872,0.456324133483845,NS,-0.18576057750299654,0.5325744450966063,0.2736196764622209,NS
Td00001aa030611_T001,0.390667685559667,0.149579566630749,0.825127729370016,NS,0.487766520969532,0.0111213897432725,1.95384093936167,NS,0.4392171032645995,0.030100538075154813,1.5214257409183851,NS
Td00001aa030626_T001,0.154453592679872,0.171152913555624,0.766615703418537,NS,0.130361197214743,0.933320845759868,0.0299690340780103,NS,0.1424073949473075,0.5835821747005829,0.233897981938633,NS
Td00001aa030631_T001,-0.0938790470029001,0.691844015667046,0.159991811282018,NS,-0.128804192529736,0.147499520014926,0.831209392941466,NS,-0.11134161976631804,0.46598412017475405,0.3316288829623314,NS
Td00001aa030679_T001,0.686164326061359,0.0317768797252156,1.49788874981745,NS,-0.131029943673537,0.993083030167908,0.0030144392827961,NS,0.27756719119391104,0.23589900290364924,0.6272738947835789,NS
Td00001aa030681_T001,-0.0335695326937018,0.729053056231367,0.137240865111297,NS,-0.25480796704335,0.00240958566892916,2.61805762844897,NS,-0.14418874986852592,0.031361052757717764,1.5036093669316826,NS
Td00001aa030742_T001,1.0071955014042,0.0593744943391762,1.22640007600524,NS,-0.0882529736235111,0.958025966246449,0.0186227196847941,NS,0.45947126389034443,0.33423631415203053,0.47594636659384226,NS
Td00001aa030795_T001,0.470927257475127,0.00516480526734386,2.28694604837714,NS,0.59117325965189,1.2212091657410099e-12,11.9132099447797,NS,0.5310502585635085,8.738648604483476e-12,11.058555724001119,NS
Td00001aa030804_T001,0.0426443374084937,0.494704589018444,0.305654060979778,NS,0.100788851831997,0.369863702467051,0.431958287207862,NS,0.07171659462024535,0.6247083175431035,0.2043227116960058,NS
Td00001aa030834_T002,-0.475936324222789,0.0506077352179197,1.29578309767182,NS,-0.194855281523292,0.545589360290807,0.263134107581869,NS,-0.3353958028730405,0.21900762813028163,0.6595407582320562,NS
Td00001aa030845_T003,-0.0709665213541436,0.497655146690644,0.303071500149208,NS,-0.0655052144365542,0.241162029790177,0.617691069461836,NS,-0.0682358678953489,0.5080207431060532,0.2941185545810856,NS
Td00001aa030846_T003,-0.226003674888827,0.0427391249048504,1.36917437437797,NS,-0.215955484726432,0.107940769501939,0.966814490205817,NS,-0.2209795798076295,0.06367536158000704,1.1960285802197699,NS
Td00001aa030908_T002,-0.340075441597622,0.221125940943983,0.65536030605097,NS,0.642025215376666,3.30165249191835e-7,6.48126863936651,NS,0.15097488688952201,9.713136826034664e-6,5.012640493445479,NS
Td00001aa030910_T001,-0.184424571137427,0.545121905488377,0.263506365685427,NS,-0.187069329492333,0.994103490383114,0.00256840135446032,NS,-0.18574695031487998,0.9405956370636661,0.026597040052589956,NS
Td00001aa030913_T001,-0.899695094204314,0.0102546880190612,1.98907754774429,NS,-0.260466305032363,0.0099823996008443,2.00076504907939,NS,-0.5800806996183385,0.003596692852903524,2.4440966480821356,NS
Td00001aa030923_T003,1.35670725293538,2.2702076247523e-4,3.6439344220312,Up,1.54400511174947,3.30797043400803e-13,12.4804383807412,Up,1.450356182342425,2.2204501898324719e-13,12.653558964676089,Up
Td00001aa030924_T005,-0.314732593483158,0.40594107914834,0.391536998092091,NS,-0.360644024169239,0.90687401213079,0.0424530433003453,NS,-0.3376883088261985,0.8357979712650726,0.07789868735541457,NS
Td00001aa030930_T001,0.0881415968690176,0.465072036389423,0.332479772737178,NS,0.309445783593062,0.216137075657347,0.665270728848869,NS,0.19879369023103982,0.4621884083718788,0.33518095077222126,NS
Td00001aa030949_T001,0.323081789503733,0.136143458189248,0.866003222047616,NS,0.146771405438357,0.89628542385561,0.047553666380214,NS,0.234926597471045,0.5129049739730628,0.2899630892778222,NS
Td00001aa030975_T002,0.935082523318661,0.0371649444760147,1.42986651169134,NS,0.800903022425151,1.71299583956607e-13,12.7662436918247,NS,0.867992772871906,8.738648604483476e-12,11.058555724001119,NS
Td00001aa030988_T002,0.0621217119077975,0.565876170013801,0.247278594542174,NS,-0.105996022467913,0.997499007296107,0.00108752784776808,NS,-0.021937155280057748,0.9492613489287005,0.02261420193359903,NS
Td00001aa030991_T001,0.301002256032814,0.209275183368851,0.679282268866156,NS,0.168356188575005,0.0306731323047593,1.5132418721032,NS,0.2346792223039095,0.08011801344425658,1.0962698277370906,NS
Td00001aa030998_T003,0.285698125958125,0.20328778390084,0.691888718478831,NS,0.021663052858773,0.330492899047778,0.48083786730541,NS,0.15368058940844898,0.36823631573860804,0.4338733832759244,NS
Td00001aa031004_T001,-0.267079617891743,0.216286182338255,0.664971225017369,NS,-0.515075659906665,6.65543424759234e-7,6.17682360282184,NS,-0.391077638899204,1.741041454307709e-5,4.759190888180338,NS
Td00001aa031048_T002,-0.407363571393423,0.144708622549819,0.839505590413524,NS,0.0522252606216195,0.866959900037991,0.062000989715227,NS,-0.17756915538590173,0.517936611420592,0.2857233888933679,NS
Td00001aa031122_T002,-0.0484122051852459,0.676917259925374,0.169464412192027,NS,-0.0364322409437371,0.999997255878843,1.19175831150525e-6,NS,-0.042422223064491504,0.9839963739943903,0.007006501931594555,NS
Td00001aa031138_T001,-0.215914857265243,0.481685201522998,0.317236696005736,NS,0.196972139446949,0.347643056363521,0.458866440557448,NS,-0.009471358909147007,0.5983755007339608,0.22302619608253715,NS
Td00001aa031140_T001,-0.126580496565143,0.519229094365342,0.28464098036734,NS,0.00323910480754486,0.998312969532564,7.3328673540473e-4,NS,-0.06167069587879907,0.9297366918105094,0.03164002938697808,NS
Td00001aa031147_T001,-0.234465253637023,0.248843015429033,0.604074544605308,NS,0.544894139759365,0.365301184531425,0.437348919535613,NS,0.15521444306117096,0.43757067039206615,0.3589517957097379,NS
Td00001aa031155_T002,-0.354759487354735,0.174290939322194,0.758725189508791,NS,-0.33407600265122,0.305570450661918,0.514888645302329,NS,-0.3444177450029775,0.32172627353520283,0.4925134713161433,NS
Td00001aa031155_T003,-0.56277226108709,0.0467412704773643,1.33029948719818,NS,-0.72831213862129,2.58550764687329e-7,6.5874541734247,NS,-0.6455421998541899,2.2348556221108014e-6,5.65075052825729,NS
Td00001aa031170_T001,-0.244685095954902,0.289607419029284,0.538190316776657,NS,-0.379691408314761,0.0371914162645448,1.42955728321227,NS,-0.3121882521348315,0.1161787481167686,0.9348733075715185,NS
Td00001aa031190_T001,-0.231074664436249,0.0183614761997961,1.73609240594231,NS,-0.27797087150508,0.00837749654786344,2.0768857424535,NS,-0.2545227679706645,0.00493376168552671,2.306821831976462,NS
Td00001aa031224_T001,-0.821126041830205,0.00275780837598613,2.55943591370152,NS,-0.323143229790505,0.00359591510943952,2.44419056942411,NS,-0.572134635810355,5.551200978289248e-4,3.255613048981965,NS
Td00001aa031228_T002,0.0867837661420666,0.689266028822164,0.161613125623965,NS,-0.851556486344592,0.0098712395385657,2.00562830923929,NS,-0.3823863601012627,0.08352962490582849,1.0781594688119636,NS
Td00001aa031253_T002,-0.156820109742826,0.979452724973771,0.00901652115827439,NS,-0.27357799092638,0.993336887355682,0.00290343679488384,NS,-0.21519905033460301,0.9999558984015862,1.9153503187400002e-5,NS
Td00001aa031261_T002,-0.590744853315162,0.292569156553822,0.53377146031778,NS,-0.00713865931423325,0.988212344021458,0.00514972552561326,NS,-0.29894175631469766,0.7638724244294147,0.11697916759282222,NS
Td00001aa031281_T001,-0.142417044615852,0.238701417140599,0.622145002633315,NS,-0.319856107154591,0.225489529128506,0.646873620292858,NS,-0.23113657588522152,0.32385978289896555,0.4896429795893467,NS
Td00001aa031283_T002,-0.212567535483132,0.179250955887901,0.746538519700698,NS,-0.237201841568365,0.352134751794717,0.45329111276587,NS,-0.2248846885257485,0.3541934461420822,0.4507594790879603,NS
Td00001aa031290_T001,-0.3040061868901,0.105098372838427,0.978404007784912,NS,-0.269924518054197,0.0051004427866209,2.29239211969838,NS,-0.2869653524721485,0.012798518306993282,1.8928403060040029,NS
Td00001aa031312_T001,0.374065718222538,0.0940702607915915,1.026547651976,NS,0.0711027412724097,0.825180504559336,0.0834510410749381,NS,0.22258422974747383,0.39877496822276604,0.3992721109018022,NS
Td00001aa031335_T001,-0.320125852253377,0.0101583281814579,1.99317776068502,NS,-0.476161653862871,1.66343833079119e-7,6.77899329524213,NS,-0.398143753058124,4.327319398030476e-7,6.363781048484459,NS
Td00001aa031362_T001,-0.0115879742752118,0.659612208098333,0.180711315033771,NS,0.152149816543261,0.781925402287567,0.106834677784423,NS,0.07028092113402461,0.9292354286636655,0.03187424034854579,NS
Td00001aa031364_T002,0.907659827853289,0.0410744734345858,1.38642799541377,NS,0.127526054126646,0.559820000492475,0.251951589706311,NS,0.5175929409899676,0.19513037937720848,0.7096751110832242,NS
Td00001aa031369_T002,-0.438307278601691,0.426414070320927,0.370168473395369,NS,-0.16444692437291,0.103713965032055,0.984162762144975,NS,-0.3013771014873005,0.28978367983750947,0.5379260769604113,NS
Td00001aa031377_T001,0.58111017522555,0.0440777167108663,1.35578091065252,NS,-0.28527976450837,0.0667041490673456,1.17584715167548,NS,0.14791520535858999,0.04571071101423527,1.3399820233582878,NS
Td00001aa031383_T001,-0.24297675349254,0.535584751349471,0.271171796296051,NS,-0.378285987518522,2.84097680230448e-7,6.54653231244823,NS,-0.310631370505531,1.8017895181878874e-5,4.744295943894455,NS
Td00001aa031388_T001,2.42519072149345,0.440638064932054,0.355917988628999,NS,1.17420563084399,0.903927221816543,0.0438665346085339,NS,1.79969817616872,0.8612394085823839,0.06487610595225385,NS
Td00001aa031390_T002,0.374065718222538,0.856684417547636,0.0671791325209144,NS,0.325957916407717,0.218881001997299,0.659791931834513,NS,0.3500118173151275,0.6317311010790528,0.19946774160409217,NS
Td00001aa031407_T002,-0.535331732996556,0.0268097393152895,1.57170740886239,NS,-0.322141355603852,0.00105776546342183,2.97561061702037,NS,-0.428736544300204,0.0012858292373262973,2.89081670342667,NS
Td00001aa031424_T001,0.00863030514344006,0.8068152928314,0.0932258785190827,NS,0.343059096191893,1.86892074166249e-6,5.7284091160575,NS,0.17584470066766655,1.2059216866460995e-4,3.918680894651742,NS
Td00001aa031427_T002,-0.00288827932482651,0.97052180572407,0.0129947024196169,NS,0.133773717489365,0.236811510174247,0.625597192643053,NS,0.06544271908226926,0.691456461691895,0.16023516051814765,NS
Td00001aa031452_T003,-0.336427664582477,0.137658610194552,0.861196619410237,NS,-0.0826571070619371,0.845013059678147,0.0731365789765491,NS,-0.20954238582220708,0.4998443343634982,0.3011652261697258,NS
Td00001aa031467_T001,0.962734090595803,7.3677966493859e-4,3.13266236913969,NS,0.0624820980455265,0.997880154382588,9.2161443978577e-4,NS,0.5126080943206648,0.016314967543813598,1.7874137858391268,NS
Td00001aa031470_T001,-0.215914857265243,0.683421563221745,0.165311322522219,NS,0.313038438943658,0.182627004051164,0.738435005315898,NS,0.0485617908392075,0.517452668334825,0.2861293691968509,NS
Td00001aa031499_T002,0.271425676092934,0.947799653886862,0.0232834542302591,NS,-0.502541932150447,6.1405727140044e-5,4.21179112154084,NS,-0.11555812802875648,0.0023001493133356725,2.638243971002848,NS
Td00001aa031503_T002,-0.147202107181229,0.558846574327238,0.252707406905681,NS,-0.241072099492371,0.00261606177679759,2.58235200461172,NS,-0.1941371033368,0.027304164833493752,1.5637711029135413,NS
Td00001aa031505_T002,-0.274040765490812,0.671886364711663,0.172704172410148,NS,-0.185107008542345,0.0883374959831547,1.05385491542528,NS,-0.2295738870165785,0.3433985928905689,0.46420148873571204,NS
Td00001aa031508_T002,0.822118274729345,0.00168752108841712,2.77275079122229,NS,0.242185611385027,0.318507018510717,0.496880993259896,NS,0.5321519430571859,0.01281392710129705,1.8923177510476454,NS
Td00001aa031518_T002,0.196607044094818,0.323056627558182,0.490721344911934,NS,0.0494270657107437,0.20938437275006,0.679055734699558,NS,0.12301705490278084,0.3691554281622522,0.4327907412098737,NS
Td00001aa031529_T003,-0.120294233717712,0.877533132606561,0.0567364770996862,NS,0.00501399321211844,0.966566585558066,0.0147682226034921,NS,-0.057640120252796787,0.9996572672230563,1.4887246698859125e-4,NS
Td00001aa031546_T001,-0.13764780046798,0.513075883043234,0.289818398728751,NS,-0.181479076579163,0.0346401238970925,1.46042056331383,NS,-0.15956343852357152,0.16443501425542323,0.7840056996986916,NS
Td00001aa031553_T001,-0.720231578406405,0.070808531741849,1.14991441088126,NS,-0.269209076862529,0.17667454260486,0.752826024362709,NS,-0.49472032763446694,0.1290557566560618,0.8892226185652754,NS
Td00001aa031559_T001,0.666302128173095,7.3677966493859e-4,3.13266236913969,NS,0.145875481540065,0.856539223455618,0.0672527446187281,NS,0.40608880485657994,0.014492419705075043,1.8388590971493202,NS
Td00001aa031570_T001,-0.0291463456595165,0.529599733310878,0.276052242264813,NS,-0.34510361737749,0.0080894428635108,2.09208138810774,NS,-0.18712498151850326,0.060596890083588754,1.2175496638567143,NS
Td00001aa031595_T001,-1.72737954533701,0.0779426933822578,1.1082245908343,NS,-0.566423753476607,0.00203115445019387,2.69225705132854,NS,-1.1469016494068085,0.005049072730328906,2.2967883733819523,Down
Td00001aa031601_T002,-0.207561069935362,0.12827524784168,0.891857137567763,NS,-0.284071092992538,2.993902731874e-4,3.52376231344406,NS,-0.24581608146395,0.0016443610906305783,2.78400280817748,NS
Td00001aa031609_T001,-0.0101343771337132,0.894934792470004,0.0482086074797783,NS,0.0146806807582183,0.640868146758716,0.193231313734555,NS,0.00227315181225255,0.952193186377998,0.021274930537442352,NS
Td00001aa031663_T001,0.119024103142275,0.720607294348188,0.142301346044794,NS,0.165231973619069,0.61305331111538,0.21250175759166,NS,0.142128038380672,0.8888284341228705,0.05118206051955598,NS
Td00001aa031698_T001,0.070389327891398,0.753552018013174,0.122886762783556,NS,-0.227954259020949,0.0374746303314504,1.42626264255715,NS,-0.07878246556477551,0.22209319249676585,0.653464753051705,NS
Td00001aa031715_T002,0.405992359675837,0.343518399050593,0.46404999690967,NS,0.497158464126844,9.75795127588205e-6,5.0106413547694,NS,0.45157541190134054,2.3130946678119878e-4,3.635806592535468,NS
Td00001aa031717_T001,-0.369594528517677,0.172727077117643,0.762639576034102,NS,-0.461098573108188,1.22012221364999e-8,7.91359666600107,NS,-0.4153465508129325,5.23554080950579e-7,6.281038450861331,NS
Td00001aa031718_T001,0.280956313831056,0.833800109678673,0.0789380520823054,NS,-0.210508386832069,0.0697910312408372,1.15620038443815,NS,0.03522396349949351,0.33906073985015256,0.4697224946617362,NS
Td00001aa031722_T001,-0.110915901401851,0.357992966150673,0.446125506294559,NS,-0.0205727414079579,0.29617733735768,0.528448175514494,NS,-0.06574432140490444,0.4765498859599237,0.32189163004536725,NS
Td00001aa031756_T001,0.324234562270531,0.110600129707676,0.956244363706775,NS,-0.0224674800884112,0.244409829661023,0.61188133164676906,NS,0.1508835410910599,0.21571354882182833,0.6661225762986518,NS
Td00001aa031767_T001,1.22712493444993,0.00172619993168386,2.76290890491368,Up,-0.855498207105019,1.1335349914413e-7,6.94556506896021,NS,0.1858133636724555,6.997340971640598e-8,7.155066962947369,NS
Td00001aa031783_T003,0.368489000645104,0.0298057517915042,1.52569991947167,NS,0.0358357087061772,0.213252532231852,0.671105803171971,NS,0.2021623546756406,0.07980384721924756,1.0979761714836656,NS
Td00001aa031791_T002,1.08610437124329,3.0251390199351e-4,3.51925466259716,Up,0.510185493717277,0.00191856412372414,2.71702368089925,NS,0.7981449324802835,5.480979541860232e-5,4.2611418189593255,NS
Td00001aa031804_T001,0.353887836284907,0.419036140225384,0.377748519220813,NS,-0.0712886727193426,0.0799484200302945,1.09719011451818,NS,0.14129958178278218,0.24553036899435385,0.609894783496313,NS
Td00001aa031828_T001,0.464668267003444,0.00677164230814281,2.16930599027109,NS,0.589982778641751,2.9515975304051204e-9,8.52994286170013,NS,0.5273255228225975,1.0096593541048555e-8,7.99582512679791,NS
Td00001aa031852_T001,-0.209227962138,0.592856812698946,0.227050185157938,NS,-0.562860452260344,0.00148636812789976,2.82787361580042,NS,-0.386044207199172,0.01868254829227167,1.7285638864682875,NS
Td00001aa031940_T001,-0.134477040860036,0.724402087111684,0.140020307088264,NS,0.0835378897554254,0.709836592020926,0.148841616564709,NS,-0.0254695755523053,0.9292354286636655,0.03187424034854579,NS
Td00001aa031961_T002,0.444667066841908,0.038585056620431,1.41358085812175,NS,-0.195245975584339,0.319896446730059,0.494990583842428,NS,0.12471054562878449,0.12795841035206046,0.8929311638647094,NS
Td00001aa031962_T001,0.68885174386588,0.352331255242967,0.45304882892361,NS,-0.0202977566127676,0.999917263660194,3.59334223511536e-5,NS,0.33427699362655616,0.8252323141756174,0.0834237744053966,NS
Td00001aa031968_T001,0.111031312388744,0.308827787417493,0.510283630035948,NS,0.0359104772026009,0.99272026831526206,0.00317311106335171,NS,0.07347089479567245,0.7803865445638367,0.10769022732474523,NS
Td00001aa031973_T001,-0.0203404482841755,0.9552445332804,0.0198854390339004,NS,1.05760444998731,0.00116279444394579,2.93449705203874,Up,0.5186320008515672,0.02233141223844285,1.6510838112783586,NS
Td00001aa031974_T003,-0.0115879742752118,0.525248261755041,0.279635376164167,NS,0.00990999647280441,0.734901859840693,0.133770653535405,NS,-8.389889012036956e-4,0.8531719595269568,0.0689634265733232,NS
Td00001aa031975_T001,0.326537348139952,0.308036182848063,0.511398266979069,NS,-0.0392405114331153,0.0862415471129645,1.06428346114856,NS,0.14364841835341835,0.21418066106048775,0.6692197453336652,NS
Td00001aa031977_T001,-0.239566125329888,0.384399913330384,0.415216718922691,NS,-0.201758187237423,0.0143464061626589,1.84325687796841,NS,-0.2206621562836555,0.07267966227303059,1.1385870994336234,NS
Td00001aa031979_T003,0.0745054363636298,0.472968247486727,0.325168014450733,NS,0.0476932724515735,0.999813814070418,8.08670502126604e-5,NS,0.061099354407601655,0.908869837913044,0.04149830899337786,NS
Td00001aa031980_T001,0.185232254230161,0.7114477200945,0.147857008030397,NS,-0.190146876405059,0.311541224714613,0.506484477154185,NS,-0.00245731108744901,0.6796898582743376,0.16768921018418523,NS
Td00001aa031984_T001,-0.880975896857725,0.0221057330182524,1.65549507946863,NS,-0.328212615717331,0.00259890543359288,2.58520952289067,NS,-0.604594256287528,0.0022767424157489704,2.642686101465135,NS
Td00001aa032048_T001,0.0200576523412535,0.689467067877762,0.161486472897168,NS,-0.339338116605818,0.0190876841864968,1.71924675919324,NS,-0.15964023213228223,0.13405791894099617,0.8727075266956634,NS
Td00001aa032052_T001,0.551885103471725,0.555883903886368,0.255015901162981,NS,-0.165433474805341,0.357017741187521,0.447310202071558,NS,0.193225814333192,0.6458083283970271,0.1898963585855815,NS
Td00001aa032081_T001,-0.392137097168765,0.342598014568167,0.465215158196509,NS,-0.303808169953639,0.0187349607473938,1.72734721248255,NS,-0.347972633561202,0.08011801344425658,1.0962698277370906,NS
Td00001aa032084_T001,-0.592919224549499,0.0780572939050345,1.10758650894104,NS,-0.224341126922627,0.0383182279169906,1.41659458371844,NS,-0.408630175736063,0.046209490722469306,1.3352688178400947,NS
Td00001aa032123_T002,0.232660756790275,0.245968650513342,0.609120241582235,NS,0.564655905512269,0.0314030656621455,1.50302795271776,NS,0.39865833115127197,0.09195686554426094,1.0364158405783928,NS
Td00001aa032124_T001,-0.112474729258412,0.750939639517691,0.124394970156834,NS,0.60646988989227,5.9113356781205e-6,5.2283143783239,NS,0.24699758031692903,2.9079418268490175e-4,3.536414285753567,NS
Td00001aa032132_T001,-0.182786075741673,0.103567402084833,0.984776917587144,NS,-0.637430519511854,5.1872207904969e-4,3.28506526616609,NS,-0.4101082976267635,0.0021621390376475574,2.665116381917594,NS
Td00001aa032137_T001,-0.320125852253377,0.309513104014929,0.50932095930654,NS,-1.30698154678711,2.03886685555098e-5,4.69061113409803,Down,-0.8135536995202435,3.859065858664417e-4,3.4135178097130088,NS
Td00001aa032141_T001,-0.140825544133565,0.787519516194916,0.103738674781871,NS,-0.778349046972818,3.55385381697553e-7,6.44930044028608,NS,-0.45958729555319155,3.0406926007697886e-5,4.517027482696179,NS
Td00001aa032145_T001,-0.265344566520995,0.668108840941845,0.175152781281992,NS,-0.195683264439248,8.3184297992121e-4,3.07995864412931,NS,-0.23051391548012148,0.013136553018154732,1.8815185770579501,NS
Td00001aa032177_T001,-0.483984852996335,0.0360447551955981,1.44315791971905,NS,-0.606419756542795,2.34803646395218e-5,4.62929516297372,NS,-0.545202304769565,7.434934910366605e-5,4.128722829185382,NS
Td00001aa032186_T002,-0.123433941248279,0.547980332940444,0.261235028100873,NS,-0.65901523749569,9.2681584094786e-4,3.03300655194566,NS,-0.3912245893719845,0.012323427361311017,1.90926849045902,NS
Td00001aa032222_T001,-0.270555993166337,0.437779733745546,0.358744347213498,NS,-0.719077209867587,0.00482880753205072,2.31616010448454,NS,-0.49481660151696205,0.03573933212472206,1.4468535675902507,NS
Td00001aa032227_T001,-0.729770092762002,0.0811339225816381,1.09079752667987,NS,-1.26193850121305,1.00974526113136e-5,4.99578817635489,Down,-0.9958542969875259,7.247871857993086e-5,4.139789493567785,NS
Td00001aa032228_T002,-1.0086822430998,7.7153617174504e-4,3.11264370819964,Down,-0.596878319546446,5.2772643249e-8,7.27759115255955,NS,-0.802780281323123,1.891187562334071e-8,7.723265396989323,NS
Td00001aa032242_T003,0.441483479582645,0.137999998209325,0.860120919234128,NS,0.444155300060807,0.220818573039583,0.655964400918514,NS,0.442819389821726,0.2311953647181286,0.6360208774207082,NS
Td00001aa032246_T001,0.144046369616707,0.980155363135776,0.00870507940472947,NS,-0.0815615270423311,0.0444839516366235,1.35179664009166,NS,0.031242421287187946,0.28725145203892266,0.5417377673014778,NS
Td00001aa032249_T001,-0.603840510926846,0.123973933305322,0.906669619770917,NS,-0.518887610817348,9.5360834490569e-4,3.02062995713127,NS,-0.561364060872097,0.003991993044364733,2.3988102240972533,NS
Td00001aa032287_T001,-0.3040061868901,0.836397598716507,0.0775872227047573,NS,-0.285711159106789,0.081810971033114,1.08718845256765,NS,-0.2948586729984445,0.3713539382362568,0.43021196599853717,NS
Td00001aa032304_T001,-0.336427664582477,0.0355392115206493,1.44929221175947,NS,-0.0914321216769055,0.596747150511722,0.224209646087425,NS,-0.21392989312969127,0.1850740517647479,0.7326544670674274,NS
Td00001aa032324_T001,0.267835392097615,0.226264366351914,0.64538383630273,NS,-0.319329245933044,0.092262580808519,1.03497440128615,NS,-0.02574692691771452,0.1830415580965518,0.7374502960456434,NS
Td00001aa032326_T001,-0.641603738043346,0.0891664250698222,1.04979864508374,NS,-0.627095355955184,6.4419811806682e-4,3.19098054824403,NS,-0.634349546999265,0.0022767424157489704,2.642686101465135,NS
Td00001aa032331_T001,-0.937878288092203,0.0207791151846798,1.68237294949263,NS,-0.101759184750292,0.128173007194716,0.892203426148664,NS,-0.5198187364212474,0.04248903089860163,1.3717231743044465,NS
Td00001aa032335_T002,0,0.670840882634745,0.173380478323487,NS,-0.404939031582147,0.0213521005843726,1.67055939336372,NS,-0.2024695157910735,0.1425712842924235,0.8459679382231304,NS
Td00001aa032339_T001,-0.187707155126729,0.881447725265228,0.05480343867043,NS,0.0176734199973285,0.894139603085208,0.0485946689934684,NS,-0.08501686756470025,0.9990517914532815,4.11997100002581e-4,NS
Td00001aa032340_T002,-0.0603972796439563,0.443994481656058,0.352622427635868,NS,-0.249092915577537,0.0345658492473458,1.46135276848196,NS,-0.15474509761074665,0.14985946336389366,0.8243158269128614,NS
Td00001aa032354_T001,0.168642035558839,0.853549992665621,0.0687710370530825,NS,-0.035349553025942,0.0986366067581052,1.00596187651349,NS,0.0666462412664485,0.41885496374476106,0.3779363334764804,NS
Td00001aa032372_T002,0.0454429707611671,0.825655643336872,0.0832010463614313,NS,0.292517998638377,0.513614237567722,0.289362945976206,NS,0.16898048469977206,0.87645325337714175,0.057271242538532,NS
Td00001aa032374_T001,-0.448114896528275,0.403910809888592,0.393714523625894,NS,-0.650416559265776,5.274029603138e-4,3.27785743684,NS,-0.5492657278970255,0.006353719508635201,2.1969719614542216,NS
Td00001aa032375_T001,-0.289827251720338,0.00332308050816303,2.47845913695559,NS,-0.028855757442525,0.563650657485029,0.248989982068074,NS,-0.1593415045814315,0.03271598193676927,1.4852400402648793,NS
Td00001aa032377_T001,0.313826296390398,0.0615178243528473,1.21099903224858,NS,-0.40183950555491,1.6128860091613e-4,3.79239632532125,NS,-0.044006604582256,5.551200978289248e-4,3.255613048981965,NS
Td00001aa032452_T001,0.0922074380970889,0.538124367169769,0.269117341929032,NS,0.0269339443837972,0.993670560717319,0.00275757674667947,NS,0.05957069124044305,0.9368812729482096,0.028315441951557503,NS
Td00001aa032468_T001,-0.0306192350583921,0.620923504632098,0.206961899924012,NS,-0.0909376353762284,0.860771371366364,0.0651121857580427,NS,-0.060778435217310245,0.9368812729482096,0.028315441951557503,NS
Td00001aa032476_T001,0.168642035558839,0.254268780486054,0.594706959898869,NS,0.00168613630647036,0.302883376319237,0.518724562160518,NS,0.08516408593265468,0.3969919403847398,0.4012183100680286,NS
Td00001aa032481_T001,-0.481968507397831,0.064344342305506,1.19148963389589,NS,0.281183274698335,0.64050828964459,0.19347524511741299,NS,-0.100392616349748,0.27677364775404656,0.5578752624082742,NS
Td00001aa032506_T001,-0.413115187147815,0.0944550596033725,1.0247747735921,NS,-0.303503928733206,0.0789637415513308,1.10257228160743,NS,-0.35830955794051045,0.08962712100103876,1.0475605537436927,NS
Td00001aa032508_T001,-0.803392955905182,0.115189890934995,0.938585632924872,NS,-0.474090612013686,2.31345214658847e-6,5.63573947938756,NS,-0.638741783959434,2.9204801998856147e-5,4.5345457338206465,NS
Td00001aa032516_T001,0.531069492725954,0.640174394789172,0.193701700426432,NS,0.276773568073508,0.97081150474769,0.0128650856375565,NS,0.403921530399731,0.9690876177010151,0.013636955494299908,NS
Td00001aa032522_T003,-0.0877333719335504,0.88826091977665,0.0514594448354342,NS,-0.329062681070159,2.15711985898439e-9,8.66612572293208,NS,-0.2083980265018547,4.853391095086576e-7,6.313954711034934,NS
Td00001aa032526_T001,0.05797006863733,0.85404663911635,0.0685184120301984,NS,0.233465752481236,5.7295403633005e-4,3.24188021672178,NS,0.14571791055928301,0.012003587041996834,1.9206889539725263,NS
Td00001aa032537_T002,-0.0218043703183484,0.519229094365342,0.28464098036734,NS,0.28148510104471,1.0629339066373e-4,3.97349373912211,NS,0.12984036536318078,0.0022054631444865,2.656500195323742,NS
Td00001aa032563_T001,0.155749232677945,0.54741738374145,0.261681415287035,NS,-0.100735854200922,0.202623400741186,0.693310399914035,NS,0.027506689238511496,0.48604106991624346,0.31332703179861976,NS
Td00001aa032573_T004,0.217851096811131,0.023394299851196,1.63088994792049,NS,0.121135599706156,0.11818977528553,0.927420093075284,NS,0.16949334825864348,0.04378684995610508,1.3586562970067568,NS
Td00001aa032581_T001,-0.0499049058263139,0.822690470443791,0.0847635332731738,NS,-0.21727859295054,0.00128825656683019,2.88999763506456,NS,-0.13359174938842694,0.021481934770624295,1.667926606475009,NS
Td00001aa032582_T001,0.01292617444427,0.765502444442782,0.116053418151459,NS,-0.190013987623133,0.27663925747899,0.558086189748328,NS,-0.08854390658943151,0.6653009978939022,0.17698182514933597,NS
Td00001aa032609_T002,0.119024103142275,0.30710690366536,0.512710420645596,NS,-0.218450083378811,0.594797349617602,0.225630975336726,NS,-0.049712990118268,0.6247060697601282,0.20432427434768102,NS
Td00001aa032610_T001,-0.508403405589552,0.217795979314895,0.66195014192401,NS,-0.164211650362885,0.792296254107791,0.101112397366562,NS,-0.3363075279762185,0.6080264644139362,0.21607751760422056,NS
Td00001aa032621_T001,-0.375197234747053,0.333851710702698,0.47644639403934,NS,0.0211228494013554,0.999986948411456,5.66826987474055e-6,NS,-0.17703719267284881,0.806444139251997,0.09342570993009007,NS
Td00001aa032622_T001,0.438292851579147,0.217663261880017,0.662214866821092,NS,0.132690076638835,0.745061782208458,0.127807713077599,NS,0.285491464108991,0.5875908944808792,0.23092494281259948,NS
Td00001aa032628_T001,-0.309359421384307,0.148954567116459,0.826946176281981,NS,-0.232232905381268,0.0189162492768416,1.72316497152046,NS,-0.2707961633827875,0.04428882299367484,1.3537058612402906,NS
Td00001aa032658_T002,-0.888968687611256,0.0234143469806437,1.63051795006032,NS,-0.547236431808707,0.00328599290513986,2.48333337859479,NS,-0.7181025597099815,0.0028867600246957593,2.539589317360079,NS
Td00001aa032666_T001,-0.123433941248279,0.577890852493525,0.238154179980801,NS,0.0526973120376843,0.967050685961728,0.0145507626733531,NS,-0.03536831460529735,0.948620757390082,0.022907376499094585,NS
Td00001aa032668_T001,-0.467932447710969,0.0212639877873329,1.67235528583209,NS,-0.562295877799261,2.69985715370701e-5,4.56865921324766,NS,-0.515114162755115,5.4659657709429684e-5,4.262333092280595,NS
Td00001aa032674_T003,0.12300395405482,0.504421631840348,0.297206297222959,NS,0.0888081075990849,0.987161536025383,0.00561177492485952,NS,0.10590603082695245,0.9210015894147202,0.035739620320581235,NS
Td00001aa032705_T002,-0.329159664118438,0.141221415405413,0.850099440060613,NS,-0.171104568664732,0.612452744410564,0.212927414936427,NS,-0.250132116391585,0.42518774650687463,0.3714192599086883,NS
Td00001aa032796_T001,-1.34739878240348,7.3677966493859e-4,3.13266236913969,Down,-0.969963345025966,8.67835523154967e-5,4.06156257684517,NS,-1.1586810637147231,8.737898250849366e-6,5.058593016773616,Down
Td00001aa032805_T003,0,0.888137490397284,0.0515197969480491,NS,-0.308815371831887,0.00114531329350327,2.94107569845198,NS,-0.1544076859159435,0.0207925062996774,1.6820931582627685,NS
Td00001aa032812_T001,0.284514133244245,0.264568672993092,0.577461580978755,NS,0.202783075964669,0.0693724540260438,1.15881294221492,NS,0.243648604604457,0.16807974904059314,0.7744846090455054,NS
Td00001aa032831_T002,-0.298672742587059,0.562643008017715,0.249767073751193,NS,-1.26832657607842,0.00170584981906849,2.76805920624049,Down,-0.7834996593327395,0.019913620281207287,1.700849778384242,NS
Td00001aa032866_T001,2.89005751138785,0.0312105601451898,1.50569843685271,Up,2.83079195291855,6.91028911625296e-10,9.16050378200835,Up,2.8604247321532,1.070672755025648e-8,7.970343248499204,Up
Td00001aa032871_T001,-0.0619024389259069,0.303415113848375,0.517962789740897,NS,-0.311596714026274,0.293727239189959,0.532055776727639,NS,-0.18674957647609045,0.4325139632279013,0.3639998672628922,NS
Td00001aa032914_T001,-0.662003536484984,0.0144618910179159,1.83977491555114,NS,-0.549990459814447,1.01090248238728e-10,9.99529073699432,NS,-0.6059969981497155,1.0029313782503994e-9,8.99872878090452,NS
Td00001aa032937_T001,-0.261880711217424,0.32741415151912,0.484902553409591,NS,-0.408830678172322,1.46717949677039e-5,4.83351675071829,NS,-0.33535569469487303,3.0840537506855454e-4,3.5108780614178685,NS
Td00001aa032944_T001,-0.107803289534515,0.767326184702292,0.115019981419125,NS,-0.460851844986846,1.02620804128593e-6,5.98876458656972,NS,-0.28432756726068054,7.036565392468184e-5,4.152639271976962,NS
Td00001aa032974_T001,0.475084882948783,0.227643046457354,0.642745611032589,NS,0.389494710561222,0.0131197917715767,1.88207305773268,NS,0.43228979675500245,0.046209490722469306,1.3352688178400947,NS
Td00001aa032984_T001,-0.139235797371172,0.583510461470745,0.233951353297636,NS,-0.923385609147107,4.157572712234e-4,3.38116014661936,NS,-0.5313107032591395,0.007007583008748277,2.1544317490756595,NS
Td00001aa032992_T003,0.339137384919585,0.261078927066097,0.583228180755558,NS,-0.26260843689198,0.375407281872863,0.425497307509744,NS,0.03826447401380251,0.4562256742080695,0.34082027834664164,NS
Td00001aa032999_T001,-1.14241704461585,0.13522372829507,0.868947094167877,NS,-0.737327053602395,0.0123792218559884,1.90730665372232,NS,-0.9398720491091225,0.03023294848891272,1.5195194958912768,NS
Td00001aa033015_T001,-1.69899774396719,0.0935813007578001,1.02881092251199,NS,-1.90909988904597,4.48930691493942e-8,7.34782070270523,Down,-1.80404881650658,9.356124042760478e-7,6.028904028982456,Down
Td00001aa033030_T001,0.140124223909071,0.20328778390084,0.691888718478831,NS,0.0644346852838621,0.911185021148036,0.0403934281807363,NS,0.10227945459646656,0.6288843165602519,0.20142923579501748,NS
Td00001aa033036_T003,0.00719550140420377,0.715330910126881,0.145493008273756,NS,-0.229775486151356,0.18052400336838,0.743465043966882,NS,-0.11128999237357612,0.5249041996982683,0.279919952477645,NS
Td00001aa033040_T001,-0.535331732996556,0.0045107148189807,2.34575462944366,NS,-0.360971828601381,0.0220134165279629,1.65731254881,NS,-0.4481517807989685,0.0035093201966760914,2.4547770041683696,NS
Td00001aa033052_T002,-1.04097178105631,9.6460948619644e-4,3.01564847143911,Down,-1.43022397221228,1.3930803796549501e-15,14.8560238243991,Down,-1.235597876634295,6.808328942246255e-15,14.166959469616874,Down
Td00001aa033082_T001,0.0976107966264223,0.183154044227433,0.737183487230032,NS,0.19093842738945,0.273258255415157,0.563426708693574,NS,0.14427461200793615,0.3104878555230657,0.5079553822264231,NS
Td00001aa033097_T001,0.070389327891398,0.655233222045253,0.183604090818529,NS,-0.255863345521985,0.284227879916118,0.546333324368208,NS,-0.0927370088152935,0.6300242275455381,0.20064274945590188,NS
Td00001aa033115_T002,-0.739372091873301,0.00326745184683691,2.48579080399443,NS,-0.185376609146937,0.347808813996091,0.45865941652145,NS,-0.462374350510119,0.022659612090225347,1.6447475290938305,NS
Td00001aa033150_T001,0.823749360308273,0.185961053835863,0.730578001347828,NS,0.0121966235726906,0.999041090773662,4.1664878176657e-4,NS,0.41797299194048176,0.6293935006507839,0.20107774608449888,NS
Td00001aa033168_T002,0.696884090855454,0.00695260781147039,2.15785226797065,NS,0.691362047837441,8.71456130180162e-12,11.0597544707459,NS,0.6941230693464475,6.231949987782643e-11,10.205376040591778,NS
Td00001aa033192_T001,2.5528688710113,0.00160898566552741,2.79344782501848,Up,3.10600439833267,9.84543325746028e-8,7.00676516757217,Up,2.829436634671985,5.982915207789479e-8,7.223087152105318,Up
Td00001aa033220_T001,0.133563525741106,0.769204636919959,0.113958106411351,NS,0.201564767359293,0.484810416166005,0.314428057911856,NS,0.1675641465501995,0.8403942764951498,0.07551691401839104,NS
Td00001aa033265_T005,0.647084212628954,0.0200939385051479,1.69693493117551,NS,0.219717503344957,0.162704884415795,0.788599409306617,NS,0.4334008579869555,0.049589687700175945,1.3046086267465462,NS
Td00001aa033307_T001,2.55557077789617,0.0915280743035775,1.03844567484025,NS,3.62361199877895,5.09031384623909e-7,6.29325544016072,Up,3.08959138833756,6.743567790987901e-6,5.171110272310373,Up
Td00001aa033308_T001,2.0799753767206,0.0021132724630661,2.67504450598709,Up,2.47147107764907,1.04457585509738e-12,11.9810600169053,Up,2.275723227184835,4.008561218948717e-12,11.397011479448757,Up
Td00001aa033326_T004,0.0510240030244669,0.698662625240492,0.155732488584734,NS,-0.430091186831741,8.2457286822147e-4,3.08377095934251,NS,-0.18953359190363706,0.013497155270810956,1.86975775597722,NS
Td00001aa033328_T003,0.197865391353738,0.437832374397862,0.358692128783352,NS,-0.353120631542732,9.9390232986702e-4,3.00265629134102,NS,-0.07762762009449699,0.011082382365700895,1.9553668698367146,NS
Td00001aa033337_T001,2.13027195451886,0.0414793212252415,1.38216835909457,Up,0.59705815000699,5.3255499783375e-4,3.27363553526512,NS,1.363665052262925,0.0010621230102658915,2.9738251823261237,Up
Td00001aa033340_T001,-0.514573172829758,0.0577277063594754,1.23861569757173,NS,-0.449581145412727,9.093981963521809e-11,10.0412459114846,NS,-0.4820771591212425,3.094616697505363e-9,8.509393135486265,NS
Td00001aa033405_T001,1.29689785770008,0.0148579465871947,1.82804120722897,Up,1.180931273158,0.00397482894998015,2.40068155573157,Up,1.2389145654290399,0.0023273039716269544,2.633146889348133,Up
Td00001aa033446_T004,-1.05589120089205,3.8005117331313e-4,3.42015792235367,Down,-0.395793302674422,6.70101452402506e-6,5.17385944075725,NS,-0.725842251783236,6.031938225332927e-7,6.2195431148396105,NS
Td00001aa033459_T002,0.128293401009818,0.243923875945865,0.612745687656583,NS,-0.358311071322311,3.3318960205843e-4,3.47730856020374,NS,-0.11500883515624649,0.003002080147693343,2.5225777174104316,NS
Td00001aa033486_T001,-0.388355456626338,0.130599979074146,0.884056892647345,NS,-0.0621902166984071,0.904860465978714,0.0434183860186263,NS,-0.22527283666237258,0.5038442407848901,0.29770370129762774,NS
Td00001aa033495_T001,-0.46394709975979,0.030088731790783,1.52159611694161,NS,-0.27827064576091,0.0293571927848338,1.5322854751982,NS,-0.37110887276035,0.018701313923800273,1.728127879569925,NS
Td00001aa033537_T002,0.124328135002202,0.734029050339792,0.134286751865116,NS,0.336512400071325,0.66851337997417,0.174889896119575,NS,0.23042026753676348,0.9173931818879213,0.03744449189038479,NS
Td00001aa033544_T001,-0.226003674888827,0.393871774156818,0.40464514071196,NS,-0.519873954240508,0.0056075405320558,2.25122757859483,NS,-0.3729388145646675,0.03703899887171231,1.4313407603909367,NS
Td00001aa033551_T002,-0.104697378666693,0.637326195256464,0.195638230866541,NS,-0.106528929949641,0.787030327556439,0.1040085321433,NS,-0.105613154308167,0.922923308292889,0.0348343858310831,NS
Td00001aa033573_T001,-0.457989644463391,0.0505193050844058,1.2965426319901,NS,-0.0238472736501235,0.711852198910847,0.147610169088907,NS,-0.24091845905675724,0.25664736555101153,0.5906631893519061,NS
Td00001aa033616_T002,0.448900951145128,0.0132006565127246,1.87940446934237,NS,1.01024012956413,1.9882547684638e-6,5.70152796729843,Up,0.729570540354629,4.114784564342156e-6,5.385652897989176,NS
Td00001aa033621_T001,1.79327165449808,0.0147240614624978,1.83197237835061,Up,0.863342506129636,0.212617469324003,0.672401055337982,NS,1.328307080313858,0.04790644730273121,1.31960603481977,Up
Td00001aa033636_T001,0.321928094887362,0.467133739193454,0.330558764233575,NS,0.496784978673581,0.0166367804378906,1.77893071490489,NS,0.4093565367804715,0.09207698270174075,1.0358489206712098,NS
Td00001aa033656_T002,0.0257375614136083,0.926484204240204,0.0331619806298061,NS,0.323258339944395,0.208611162735307,0.680662456289934,NS,0.17449795067900165,0.6400849467025209,0.1937623862722663,NS
Td00001aa033660_T001,0.768078435016455,0.00834161429318907,2.07874989531161,NS,0.868837782093898,8.41755585148149e-6,5.07481399333491,NS,0.8184581085551765,9.45259140111236e-6,5.02444911456772,NS
Td00001aa033666_T001,-0.202571917847687,0.326205723442301,0.486508423315354,NS,-0.220604334620115,0.0014204837458431,2.84756373141027,NS,-0.211588126233901,0.01157563093941796,1.936455328081946,NS
Td00001aa033701_T001,-0.862496476250065,0.00481064785860027,2.31779643246846,NS,-0.610293839718212,3.9254445532395e-4,3.40611115265476,NS,-0.7363951579841386,1.456378411955324e-4,3.8367257672814645,NS
Td00001aa033703_T002,-0.195946441032647,0.461818050544471,0.33552909632431,NS,-0.507038328728251,2.39562086283684e-7,6.62058191341407,NS,-0.35149238488044904,1.3968906154699916e-5,4.854837600297915,NS
Td00001aa033730_T001,-0.205896101440252,0.402212276964017,0.395544677308762,NS,0.172057383212661,0.987944204312702,0.00526758217690386,NS,-0.016919359113795496,0.8611702665843272,0.06491097336930668,NS
Td00001aa033737_T002,0.140124223909071,0.814126963321591,0.0893078614864254,NS,-0.102555276377853,0.7006971018207,0.154469678804242,NS,0.018784473765609003,0.9518110874736146,0.02144924049065161,NS
Td00001aa033745_T001,-0.500217879852688,0.0923532207060947,1.03454795446852,NS,-0.492393504860985,1.02557302219796e-5,4.98903341183526,NS,-0.49630569235683647,8.178207701539115e-5,4.087341863886004,NS
Td00001aa033758_T001,-1.09234017214671,0.0111305787977201,1.95348225146761,Down,-0.66334794449318,3.8744269072528e-4,3.41179252784783,NS,-0.877844058319945,2.846023745142457e-4,3.5457614808008135,NS
Td00001aa033760_T001,1.12234140752612,0.0678103853739247,1.16870378747237,NS,2.26760181332722,5.10057795231861e-9,8.29238061070959,Up,1.69497161042667,1.114420929621348e-7,6.952950740146814,Up
Td00001aa033769_T002,0.0908534304511135,0.848432777694643,0.0713825616348084,NS,0.600506439056769,6.55229263104673e-6,5.18360671484793,NS,0.34567993475394126,3.501454331721809e-4,3.455751533634298,NS
Td00001aa033778_T001,0.242450073677701,0.657912005488087,0.181832188584336,NS,0.045782584679558,0.239818855748206,0.620116673507972,NS,0.1441163291786295,0.5792410715338226,0.2371406517347537,NS
Td00001aa033786_T005,0.0114956388378294,0.742544449273867,0.129277544035564,NS,-0.563899397892164,0.00222673356103478,2.65233174519986,NS,-0.27620187952716735,0.030034321966045933,1.5223821679359901,NS
Td00001aa033787_T001,0.209141397838592,0.686568289843464,0.163316258970316,NS,-0.0873819233672584,0.85367616164174,0.0687068458033442,NS,0.0608797372356668,0.9561302694361857,0.01948293257429014,NS
Td00001aa033790_T003,-0.63262893435147,0.0122358187106301,1.91236696627025,NS,-0.498055056873762,9.51892673745177e-5,4.02141201572041,NS,-0.565341995612616,9.75207739071527e-5,4.0109028608938555,NS
Td00001aa033798_T002,0.630405471482323,0.40594107914834,0.391536998092091,NS,-0.501258891520441,0.537577009778296,0.269559312759145,NS,0.06457328998094097,0.6757876330234078,0.1701897601178487,NS
Td00001aa033828_T004,0.29983076182237,0.818204534376807,0.0871381180307892,NS,-0.499274240334523,0.0477859394754534,1.32069987130649,NS,-0.0997217392560765,0.26920180164425694,0.5699220379044468,NS
Td00001aa033840_T001,0.070389327891398,0.804895593450674,0.0942604502271028,NS,0.0558715742598675,0.328154392748285,0.483921777804828,NS,0.06313045107563275,0.7364731335811967,0.13284309152366447,NS
Td00001aa033844_T002,-0.569179503480228,0.310511128728716,0.507922830080441,NS,0.728692003209842,0.88816030148767,0.0515086425901179,NS,0.07975624986480695,0.7498759577856755,0.12501057034768,NS
Td00001aa033846_T002,0.0524158941511385,0.864014437813054,0.0634790003334317,NS,-0.25019084041801,0.425736785875016,0.370858822897069,NS,-0.09888747313343574,0.8357979712650726,0.07789868735541457,NS
Td00001aa033857_T001,-1.10159814000781,0.12622167937012,0.898866045866804,NS,-0.53903689199321,0.0473362156429163,1.32480646527247,NS,-0.8203175160005101,0.0767753381152764,1.1147782622665223,NS
Td00001aa033877_T001,-0.61705613043101,0.0333945371913652,1.4763245709634,NS,-0.600903729177885,0.00760748976782766,2.11875862310111,NS,-0.6089799298044476,0.007227512829528017,2.1410111287422886,NS
Td00001aa033878_T002,0.886745224742109,0.00167985034355262,2.77472940747912,NS,-0.207537717496796,0.0180784860957912,1.74283794044097,NS,0.33960375362265655,0.0013579721015271728,2.8671091522037204,NS
Td00001aa033917_T002,0.189033824390017,0.5059352313385,0.29590507697976,NS,-0.246407773490302,0.496260508961054,0.30429028338153,NS,-0.02868697455014249,0.7199510301322873,0.14269704255011395,NS
Td00001aa033955_T003,0.319617934200161,0.190671472330629,0.719714279875733,NS,1.24461471177476,4.16266608981998e-10,9.3806284248482,Up,0.7821163229874605,3.259407691119694e-8,7.486861313996404,NS
Td00001aa033973_T001,-0.318325858207167,0.063400394009165,1.19790804313602,NS,-0.152745854359246,0.61383644064594,0.211947333073173,NS,-0.2355358562832065,0.2686103924257351,0.5708771886671585,NS
Td00001aa034004_T001,0.909197062991687,0.16566197417493,0.780777167508242,NS,5.7411526108062e-4,0.769454971401756,0.113816790054639,NS,0.4548855891263838,0.5215008617470178,0.28274496959283785,NS
Td00001aa034013_T001,1.01077983875324,9.18361533021495e-5,4.03698631565426,Up,0.42893675238716,2.35252374804605e-5,4.62846598380153,NS,0.7198582955702,5.334540203617449e-7,6.272903007474232,NS
Td00001aa034025_T003,-0.0484122051852459,0.578617601075439,0.23760835960322,NS,-0.464650207728252,3.87747225681672e-6,5.41145130086562,NS,-0.256531206456749,1.6657542576362474e-4,3.7783890680099597,NS
Td00001aa034031_T003,-0.118726938570751,0.581120911722727,0.235733496128289,NS,-0.727866363386561,5.96983570205274e-7,6.22403762107729,NS,-0.423296650978656,3.6073508364316394e-5,4.442811617893224,NS
Td00001aa034069_T001,-0.751465163861321,0.00161300129665581,2.79236528349124,NS,-0.350535595349036,6.0964284614567e-4,3.21492451806161,NS,-0.5510003796051786,8.448992942811239e-5,4.073195052641314,NS
Td00001aa034081_T002,0.141432790929296,0.379771176330918,0.420478000197893,NS,0.239924554660664,0.222961206216924,0.651770694761485,NS,0.19067867279498002,0.4198141267291727,0.37694295151516694,NS
Td00001aa034130_T002,-0.118726938570751,0.303415113848375,0.517962789740897,NS,-0.511874909455043,3.34308477334317e-5,4.47585261050634,NS,-0.315300924012897,5.612851507575354e-4,3.250816447232257,NS
Td00001aa034131_T002,0.6544355408454,0.0110472640791237,1.95674526428287,NS,0.37632943017929,3.46216276275202e-6,5.46065251898417,NS,0.515382485512345,5.692889931546479e-6,5.244667212918491,NS
Td00001aa034147_T001,-0.426625473554056,0.049538641358304,1.30505590850276,NS,-0.22972724038261,0.485520605626112,0.313792333789309,NS,-0.328176356968333,0.20055116738369705,0.6977748057001737,NS
Td00001aa034166_T003,0.859969548221026,0.263325196458892,0.57950758312897,NS,1.01253704157441,0.0166016714321075,1.77984818562266,Up,0.936253294897718,0.061401516604326925,1.2118209017455415,NS
Td00001aa034170_T003,0.674460651560259,0.00860418752654522,2.06529013282011,NS,0.235945810170029,0.0122735934398248,1.91102826672628,NS,0.455203230865144,0.003678555053954914,2.4343227398389873,NS
Td00001aa034176_T001,0.0229004021100788,0.60808170886233,0.216038059997345,NS,-0.268223866521,0.379333363137985,0.4209789585376,NS,-0.12266173220546059,0.6921438405079101,0.15980364160208782,NS
Td00001aa034177_T002,0.00432160595009347,0.355316934207974,0.449384093783338,NS,0.187699628164117,0.438672008722014,0.357860076662775,NS,0.09601061705710523,0.5762180211137499,0.23941316336231822,NS
Td00001aa034202_T001,-0.0188780102056894,0.981485021897141,0.00811632363102082,NS,-0.23505067735149,0.338898284013339,0.469930630175382,NS,-0.1269643437785897,0.8064386387840367,0.09342867210801843,NS
Td00001aa034214_T001,-0.036525876025114,0.598124193095137,0.223208630767592,NS,-0.355676017596897,9.04279841929206e-5,4.04369715027844,NS,-0.19610094681100548,0.00216874467579097,2.6637915740448506,NS
Td00001aa034235_T001,0.57918014812715,0.0675114702417227,1.17062243399141,NS,0.0450452845074589,0.945157589934665,0.0244957737838205,NS,0.3121127163173044,0.3563612813291117,0.44810948818895685,NS
Td00001aa034241_T001,-0.117161344232749,0.327740141839199,0.484470362671369,NS,-0.00860902586458196,0.97199208712182406,0.0123372706018283,NS,-0.06288518504866548,0.791646106115854,0.10146892006368365,NS
Td00001aa034252_T001,0.324234562270531,0.476120825921992,0.322282821707195,NS,0.0748138174262847,0.998925877704829,4.6673609640413e-4,NS,0.19952418984840786,0.9100759211773654,0.040922376060186706,NS
Td00001aa034276_T002,-0.232768962976124,0.485456695696615,0.313849504497052,NS,-0.949535808734807,2.61825098599362e-12,11.5819887242454,NS,-0.5911523858554655,8.943508827846104e-10,9.048492059995835,NS
Td00001aa034278_T001,-0.590744853315162,0.0408994024948758,1.38828303661549,NS,-0.244155001131314,0.799940819937595,0.0969421411645889,NS,-0.41744992722323804,0.24191387084357716,0.6163392293722302,NS
Td00001aa034279_T001,0.707524790899608,0.0328737173661035,1.4831511830403,NS,0.466462629995649,7.9379960368297e-5,4.1002891222572,NS,0.5869937104476285,1.8774219855817776e-4,3.7264381006275404,NS
Td00001aa034292_T002,-0.194294815161489,0.436194076440068,0.360320236480517,NS,-0.234321819123991,0.690098234377526,0.161089083738877,NS,-0.21430831714274,0.7752891503204794,0.1105362936635591,NS
Td00001aa034293_T002,0.401630466584741,0.0758796087857577,1.11987491687964,NS,0.0884458967796174,0.888760036772752,0.0512154817441354,NS,0.2450381816821792,0.36882710240989824,0.4331771733163661,NS
Td00001aa034304_T003,-0.63710935733414,0.10305109606958,0.986947384627718,NS,-0.166390628587419,0.854297669366226,0.0683907784465523,NS,-0.4017499929607795,0.4292868275429779,0.36725243743056757,NS
Td00001aa034312_T002,-0.139235797371172,0.179631665429418,0.745617103586968,NS,-0.667074775966188,5.6514395723073e-4,3.24784091170706,NS,-0.40315528666868006,0.0035749192281971944,2.446733766211022,NS
Td00001aa034348_T001,-0.483984852996335,0.00677164230814281,2.16930599027109,NS,-0.23870363084188,0.0485165911435687,1.31410972098654,NS,-0.3613442419191075,0.00891702466672789,2.049780031988955,NS
Td00001aa034368_T001,-0.340075441597622,0.0736874147818255,1.13260667981433,NS,-0.38008787127475,0.897355200069855,0.0470356161581008,NS,-0.360081656436186,0.36442768269457726,0.43838864052213883,NS
Td00001aa034416_T001,-1.16488438474178,0.0736567739677547,1.13278730637011,NS,-0.823613822897417,2.12726541376294e-8,7.67217832084408,NS,-0.9942491038195985,4.109482233927904e-7,6.386212892749969,NS
Td00001aa034417_T002,-2.15842936260448,0.00169756128003123,2.7701745392277,Down,-0.523509645575058,4.0841972943514e-4,3.3888932867177,NS,-1.3409695040897691,6.389900288035789e-5,4.194505918788972,Down
Td00001aa034418_T002,-2.82623293226329,4.459546781521e-4,3.35070927588112,Down,-1.65842984483663,4.6231768660250096e-11,10.3350594917081,Down,-2.2423313885499603,2.369785914726686e-11,10.625290886163919,Down
Td00001aa034419_T001,0.2904244038653,0.928786775351993,0.0320839769823845,NS,0.54289646479521,8.93097806524537e-6,5.0491009772728,NS,0.416660434330255,4.823798566008369e-4,3.316610835921295,NS
Td00001aa034420_T001,-2.13923579737117,0.00104351977399221,2.98149931693457,Down,-0.839631745334249,9.38781377578472e-5,4.02743553400221,NS,-1.4894337713527097,1.2613241846760833e-5,4.899173277010338,Down
Td00001aa034421_T001,-2.51457317282976,0.00168752108841712,2.77275079122229,Down,-1.21292905616183,1.17390733498485e-5,4.9303661837469,Down,-1.8637511144957948,3.280579366800828e-6,5.484049450927046,Down
Td00001aa034422_T001,-0.63486740654747,0.063400394009165,1.19790804313602,NS,0.0710477678284213,0.999999735773856,1.1475197141037e-7,NS,-0.2819098193595243,0.3549053447088371,0.4498874603309721,NS
Td00001aa034470_T001,-0.120294233717712,0.99204001255029,0.00347081083034743,NS,-0.167571194102295,0.543986382144627,0.264411972054521,NS,-0.1439327139100035,0.9397664631638166,0.02698005742199996,NS
Td00001aa034489_T002,0.36513259345253,0.263639377525288,0.5789897224364,NS,-0.0676180951187507,0.496698779110603,0.303906907502622,NS,0.14875724916688965,0.527501548348686,0.2777762612657133,NS
Td00001aa034494_T001,0.790772037862,0.119882710952483,0.921243444752152,NS,0.194928201254863,0.809437600302515,0.0918166254638245,NS,0.4928501195584315,0.4538450993040688,0.3430923497783243,NS
Td00001aa034498_T002,-0.0291463456595165,0.779782517451553,0.108026505823375,NS,0.964562384478522,0.00687700253407708,2.16260081562664,NS,0.4677080194095028,0.07130814758442325,1.1468608453403006,NS
Td00001aa034501_T001,-0.541617995843987,0.370788714100246,0.43087349318606,NS,1.08518546222718,0.00409502298092083,2.38774365667301,Up,0.2717837331915965,0.028156977753670175,1.550413962290681,NS
Td00001aa034552_T002,0.121678556588252,0.473972621829025,0.324246743836422,NS,0.326497521428137,5.23799814184632e-6,5.28083465997456,NS,0.2240880390081945,1.804276020035707e-4,3.7436970228868094,NS
Td00001aa034557_T001,0.390667685559667,0.292569156553822,0.53377146031778,NS,0.230626715473892,0.0244840276296246,1.6111171390819,NS,0.3106472005167795,0.0868894925902388,1.061032738925145,NS
Td00001aa034575_T002,-0.99136969485656,0.0175562709403839,1.75556772544579,NS,-1.06938252105601,1.26228377236592e-6,5.8988430009407,Down,-1.030376107956285,3.5972702950457794e-6,5.444026928532179,Down
Td00001aa034596_T004,-0.128156351490682,0.603382345706266,0.21940740094677,NS,0.226100698252135,0.0015313847187274,2.81491569092726,NS,0.0489721733807265,0.019325947662665915,1.7138592009244809,NS
Td00001aa034614_T001,1.15380533607904,0.438732310541256,0.357800380700921,NS,-0.364982719517892,0.461161039984324,0.336147390090542,NS,0.39441130828057397,0.6506978721319222,0.18662061346420086,NS
Td00001aa034653_T003,0.298658315564515,0.0454984114640523,1.34200376607783,NS,-0.112244455527671,0.148307446068229,0.828837043812055,NS,0.09320693001842201,0.08302559808567836,1.0807879872216066,NS
Td00001aa034718_T001,-0.298672742587059,0.262772630967409,0.580419870614583,NS,0.109077262131062,0.999195810850852,3.4939541872152e-4,NS,-0.0947977402279985,0.7343350655315216,0.1341057331250989,NS
Td00001aa034766_T001,-0.465938397578882,0.17138892942788,0.766017234009428,NS,0.2842321269509,0.990220493222663,0.00426808991988336,NS,-0.090853135313991,0.6028872975423789,0.21976386635088022,NS
Td00001aa034885_T001,-0.246395463720005,0.16476836317937,0.783126172587963,NS,-0.468396303616851,9.62160836775278e-5,4.01675232433902,NS,-0.357395883668428,8.044214043532314e-4,3.0945163820474204,NS
Td00001aa034925_T001,0.31150311546827,0.0640987208130957,1.19315063739783,NS,-0.413384833535426,0.00104494107571549,2.98090819875209,NS,-0.050940859033578006,0.002569303681664484,2.590184560787545,NS
Td00001aa034965_T002,0.154453592679872,0.853549992665621,0.0687710370530825,NS,0.758106143847042,0.00514569337550783,2.2885560963403,NS,0.456279868263457,0.061588265953034856,1.2105020235056214,NS
Td00001aa035008_T001,-0.136061549576028,0.798283434594913,0.0978428828029365,NS,-0.18528165368082,0.621367117598176,0.206651733095076,NS,-0.160671601628424,0.9203650921624376,0.03603986172082835,NS
Td00001aa035012_T003,-0.284545872884282,0.121230938341376,0.91638653333555,NS,-0.371064413699799,1.8557419650046e-4,3.73148241118034,NS,-0.32780514329204047,0.0010726988680952584,2.9695221776420113,NS
Td00001aa035018_T001,0.538041453333664,0.363170211067289,0.439889781570742,NS,0.00767491585536023,0.798546848219187,0.0976996000937476,NS,0.27285818459451217,0.7647948845381789,0.11645502557540706,NS
Td00001aa035022_T003,0.70132725741294,0.0935813007578001,1.02881092251199,NS,0.202396545220774,0.18339039846038,0.736623405878821,NS,0.451861901316857,0.1608702791608059,0.7935241845443983,NS
Td00001aa035075_T003,0.0662614422687213,0.805812325575016,0.093766093998675,NS,-0.0553274111924677,0.997280945848561,0.00118247855510084,NS,0.005467015538126799,0.9996572672230563,1.4887246698859125e-4,NS
Td00001aa035076_T001,-0.101598140007807,0.370385308193992,0.431346248493407,NS,0.0457995145383581,0.988468099352272,0.00503734202945234,NS,-0.027899312734724447,0.8342837737084985,0.07868620308690819,NS
Td00001aa035107_T002,0.50182126542091,0.0524758511255685,1.28004050870287,NS,0.0362612096573098,0.96827803890116,0.0139999180818839,NS,0.2690412375391099,0.3134193671016265,0.5038741707088756,NS
Td00001aa035115_T001,0.219091058246197,0.923214857170094,0.0346972150905648,NS,-0.363939490562384,0.94145986982697,0.026198187260853,NS,-0.0724242161580935,0.9996572672230563,1.4887246698859125e-4,NS
Td00001aa035133_T001,0.402722176845605,0.148954567116459,0.826946176281981,NS,-0.255567916336434,0.631497102828885,0.199628637552537,NS,0.07357713025458551,0.4456082044065622,0.35104682165906853,NS
Td00001aa035144_T003,-0.0380063225797449,0.625506719524943,0.203768020523832,NS,-0.60219236198976,1.65772108603912e-7,6.78048853831155,NS,-0.32009934228475245,1.322381639086968e-5,4.878643189456702,NS
Td00001aa035146_T002,0.713695814843359,0.0433384805385003,1.36312631925784,NS,0.0308280751344834,0.993690120631895,0.00274902795828162,NS,0.3722619449889212,0.2851358231717691,0.5449482164735053,NS
Td00001aa035148_T001,0.0100636833446975,0.892199034884318,0.0495382508821649,NS,0.164831553060956,0.917891965142129,0.0372084317657202,NS,0.08744761820282676,0.9996572672230563,1.4887246698859125e-4,NS
Td00001aa035162_T001,0.411426245726465,0.389219340389971,0.409805587684379,NS,-0.599144277323683,0.0194287572762845,1.71155497733704,NS,-0.093859015798609,0.09050536921384707,1.0433256555928387,NS
Td00001aa035181_T001,-0.45600928033515,0.114677804430446,0.940520630452356,NS,-0.760957436428897,6.29043634547165e-7,6.20131922802725,NS,-0.6084833583820235,9.665261819414398e-6,5.014786377001509,NS
Td00001aa035184_T001,0.0731347046302154,0.806067205173642,0.0936287477491026,NS,-0.798086548167095,1.73064636172813e-10,9.76179166629012,NS,-0.3624759217684398,5.3687275390308905e-8,7.270128635764444,NS
Td00001aa035185_T002,-0.459972730742493,2.2030853590067e-4,3.65696867569198,NS,-0.428502451234965,7.64386828072652e-7,6.11668680532274,NS,-0.444237590988729,6.178918725413602e-8,7.209087517252898,NS
Td00001aa035195_T001,-0.0892673380970874,0.955671489416263,0.0196913701217105,NS,-0.370639594732234,0.0279699987541359,1.5533075529732,NS,-0.2299534664146607,0.21490872302296743,0.6677459563845198,NS
Td00001aa035238_T002,0.788268082866837,0.230832723205931,0.636702624890674,NS,-0.387271232410347,0.00805320139024485,2.0940314401627,NS,0.20049842522824501,0.03262068569414115,1.4865069142322263,NS
Td00001aa035248_T003,-0.231074664436249,0.826528977754055,0.0827419156459864,NS,0.194680757977745,0.999999939225153,2.63941817045574e-8,NS,-0.018196953229251994,0.9996572672230563,1.4887246698859125e-4,NS
Td00001aa035294_T001,-0.272297327162762,0.522327651621486,0.28205698234077903,NS,-0.972765781466156,8.4491965463786e-4,3.07318458715258,NS,-0.622531554314459,0.011207650469867977,1.9504854217421452,NS
Td00001aa035331_T001,0.390667685559667,0.143454367778783,0.843286224180996,NS,-0.441940574004348,0.242058005598579,0.61608054933876,NS,-0.025636444222340488,0.2506796361586058,0.6008809443152311,NS
Td00001aa035337_T002,0.22404027421793,0.355316934207974,0.449384093783338,NS,0.384389261216122,0.004659462029976,2.3316642229881,NS,0.304214767717026,0.030037245852312502,1.5223398907749837,NS
Td00001aa035346_T001,-0.189351252217354,0.183251132639475,0.736953332389134,NS,0.239944239522119,0.266295256712176,0.574636569205348,NS,0.0252964936523825,0.3062959245633451,0.5138587816832266,NS
Td00001aa035347_T003,0.00863030514344006,0.644944111255337,0.190477918271788,NS,0.48637035732059,0.238384048288514,0.622722809217282,NS,0.24750033123201504,0.5720188482257264,0.2425896608126321,NS
Td00001aa035371_T003,-0.125006361067033,0.454608046854865,0.342362881251314,NS,-0.567033587275922,4.90523651568017e-8,7.30934004741178,NS,-0.3460199741714775,3.5972702950457794e-6,5.444026928532179,NS
Td00001aa035373_T001,-0.623709616662948,0.0103231554886008,1.98618753121479,NS,-0.408963970100252,0.00180778150722762,2.74285406055284,NS,-0.5163367933816,9.212137043205244e-4,3.0356396099321747,NS
Td00001aa035379_T002,1.43722773891291,0.00668627361672644,2.17481585511362,Up,1.9720120328064,2.11766267770237e-15,14.6741432174484,Up,1.704619885859655,5.2100660952057447e-14,13.283156767180119,Up
Td00001aa035431_T001,0.260627908126699,0.598442726809086,0.222977406863212,NS,-0.109386769380691,0.929625162565216,0.0316921295585998,NS,0.075620569373004,0.9484428626039682,0.02298882735122289,NS
Td00001aa035464_T001,0.36513259345253,0.031921084353205,1.49592236416922,NS,-0.0308079046711225,0.870895089874766,0.0600341580033839,NS,0.16716234439070377,0.21986209662506506,0.6578496348748809,NS
Td00001aa035476_T005,0.202887833470143,0.237122832221187,0.625026626408731,NS,0.0257467299842969,0.984297771574693,0.00687349812492066,NS,0.11431728172721994,0.6953477171452951,0.1577979668148361,NS
Td00001aa035481_T002,-0.236163541109049,0.24405094050335,0.612519514356044,NS,-0.834619763888933,2.28746624526552e-5,4.64064530583117,NS,-0.535391652498991,3.508051076345556e-4,3.454934092041018,NS
Td00001aa035507_T001,0.231432408447965,0.129761911836322,0.886852764444199,NS,-0.267774099701827,0.587619782599973,0.230903591831091,NS,-0.018170845626930984,0.39510744414790905,0.4032847877776693,NS
Td00001aa035639_T001,-1.05889368905357,0.068627171336456,1.16350390141948,NS,-0.223276880749941,0.0197216638171369,1.70505644861793,NS,-0.6410852849017555,0.02593766717220702,1.5860690868408702,NS
Td00001aa035643_T002,-0.307572801910292,0.241741512580427,0.616648764832108,NS,-0.552713941018513,5.73815582312881e-7,6.24122766239777,NS,-0.4301433714644025,1.6865238218788434e-5,4.773007520091463,NS
Td00001aa035658_T002,-0.442222328605074,0.100422636671639,0.998168380084648,NS,-0.459200512100988,3.01765070830305e-5,4.52033103104007,NS,-0.450711420353031,2.1200723390855342e-4,3.673649320236491,NS
Td00001aa035659_T001,0.258217389536018,0.706289300582213,0.151017372728445,NS,0.31539858816261,0.0235865963458465,1.62733472528086,NS,0.286807988849314,0.15804612875797303,0.8012161374684442,NS
Td00001aa035684_T001,0.474046599319306,0.271997884773177,0.565434473300026,NS,-0.481881251884328,0.0148743011855504,1.82756342885242,NS,-0.003917326282511013,0.05787695194583695,1.2374943488031775,NS
Td00001aa035724_T002,-0.293358942690592,0.261433086815317,0.582639449226841,NS,0.199604161040011,0.995895584988694,0.00178619294212328,NS,-0.046877390825290494,0.7322595060534273,0.13533498168152822,NS
Td00001aa035731_T002,-0.763660460831626,0.0346883615845672,1.45981621245501,NS,0.0621505749584265,0.994376520257308,0.00244913903563571,NS,-0.3507549429365997,0.24985204375649012,0.6023170937357597,NS
Td00001aa035741_T001,0.319617934200161,0.0266810544743423,1.57379701046244,NS,0.559675739144509,0.00574733728256128,2.24053331554126,NS,0.43964683667233495,0.00493345112096796,2.30684917028908,NS
Td00001aa035785_T001,-0.3040061868901,0.0880834953449808,1.05510545994323,NS,-0.171056601953337,0.00575373560353144,2.24005009874836,NS,-0.2375313944217185,0.012323427361311017,1.90926849045902,NS
Td00001aa035809_T004,0.189033824390017,0.477557059445556,0.320974730631295,NS,0.515925418750586,2.56670559753101e-6,5.59062394227523,NS,0.3524796215703015,1.0154963767129652e-4,3.993321621817395,NS
Td00001aa035827_T001,-0.516635639286651,0.213749495596274,0.670094901441958,NS,-1.1201373185706,1.75272470090746e-5,4.75628629284285,Down,-0.8183864789286255,2.526804083093374e-4,3.5974284299953805,NS
Td00001aa035841_T003,-0.575615328461903,0.00162982626687174,2.78785868722806,NS,-0.896763642428416,8.74495456157818e-12,11.0582424427556,NS,-0.7361894854451595,1.7079794540556602e-11,10.767517357911604,NS
Td00001aa035848_T003,0.16349873228288,0.78454099029485,0.105384360689147,NS,-0.349427685975623,0.0102424106107163,1.98959781760592,NS,-0.0929644768463715,0.09430264337150174,1.025476133502682,NS
Td00001aa035875_T001,-0.176250639691727,0.678903082774524,0.168192219269452,NS,0.309961924043252,0.0240052072983433,1.61969453930374,NS,0.06685564217576251,0.15612693958408463,0.8065221532907765,NS
Td00001aa035902_T001,0.321928094887362,0.872274000813168,0.0593470720061718,NS,-0.378192507202251,0.712791874046851,0.147037259976693,NS,-0.028132206157444495,0.9690876177010151,0.013636955494299908,NS
Td00001aa035906_T001,-0.246395463720005,0.134946609821965,0.869838021475063,NS,0.359094731080493,0.247860511927245,0.605792657653778,NS,0.056349633680243996,0.24539846519154876,0.6101281578312052,NS
Td00001aa035935_T002,-0.483984852996335,0.080679207215534,1.09323837798047,NS,-1.35709569183588,3.5846287219423e-11,10.4455558197345,Down,-0.9205402724161076,1.879152307934275e-9,8.726038018295057,NS
Td00001aa035990_T002,0.0313951962755343,0.684762541375854,0.164460004929494,NS,-0.0120709812783477,0.208241780439536,0.681432131722868,NS,0.009662107498593298,0.5503749028825742,0.2593413781666506,NS
Td00001aa036052_T001,0.270229907237998,0.687042710516517,0.163016263864647,NS,-0.380192177064013,1.9009710396203e-4,3.72102449935174,NS,-0.05498113491300749,0.004332620343045483,2.363249365464655,NS
Td00001aa036065_T001,0.187767747046025,0.0314527785806374,1.50234098236704,NS,0.176241169639747,0.516833568125755,0.286649286850549,NS,0.182004458342886,0.1559493931766205,0.8070163108110243,NS
Td00001aa036082_T001,-0.763660460831626,0.11001716299851,0.958539558349878,NS,-0.293087915470911,0.0336595506478479,1.47289168611607,NS,-0.5283741881512685,0.05419063597124759,1.2660757521582537,NS
Td00001aa036094_T001,0.204140716780225,0.722312262791424,0.141275012001897,NS,0.577397215913594,0.030481952723327,1.5159572148324,NS,0.3907689663469095,0.18973672450690354,0.7218486010719596,NS
Td00001aa036101_T001,0.0538064436957938,0.723102622000516,0.140800063693213,NS,0.221466163125958,0.286978591762003,0.542150499873711,NS,0.1376363034108759,0.6577952854536682,0.18190924351495424,NS
Td00001aa036102_T001,0.147957881387101,0.784556037856227,0.105376030964783,NS,0.513989879155161,1.89071797175092e-9,8.72337324770015,NS,0.330973880271131,3.960368803276969e-7,6.4022643691830465,NS
Td00001aa036137_T005,-0.403541860441014,0.0132309145834124,1.8784101342856,NS,-0.273985846113156,0.157095317303347,0.803836760215447,NS,-0.338763853277085,0.0353272728331451,1.4518898875929234,NS
Td00001aa036151_T001,0.231432408447965,0.266913759268636,0.573629037975617,NS,-0.172938455852071,0.0134061294250738,1.87269659216861,NS,0.029246976297947008,0.052781875319654004,1.2775151835265606,NS
Td00001aa036173_T001,-0.701341684435485,0.0814508572910007,1.08910434027147,NS,-0.227089875185428,0.286716553011249,0.542547233199583,NS,-0.4642157798104565,0.1969508531161254,0.7056421336523858,NS
Td00001aa036207_T001,0.0257375614136083,0.905288829063235,0.043212838633291,NS,-0.309100242550231,0.00255129725687499,2.59323893790156,NS,-0.14168134056831133,0.038301734495504176,1.4167815585439127,NS
Td00001aa036214_T001,0.466757615726171,0.0358430775733211,1.44559470783445,NS,-0.426961921984165,0.0327533265839547,1.4847445844146,NS,0.019897846871003017,0.02326059428022085,1.6333791937639068,NS
Td00001aa036222_T002,1.17312743348066,0.0159043678777305,1.7984835873343,Up,1.27991490194617,3.87202202146877e-10,9.41206218138039,Up,1.2265211677134151,3.544213664996281e-9,8.450480104298602,Up
Td00001aa036235_T004,-0.0174170530774094,0.509945734903757,0.292476036227041,NS,-0.461114121834896,6.78661465038068e-5,4.16834680971003,NS,-0.23926558745615267,0.0015100760216456587,2.821001188501436,NS
Td00001aa036240_T001,0.220329954879556,0.59867185054787,0.222811161829489,NS,-0.296687729977729,0.0265914090863449,1.57525864867032,NS,-0.03817888754908651,0.15380656187221328,0.8130251357692957,NS
Td00001aa036242_T002,-0.0380063225797449,0.96031250369672,0.0175874163917126,NS,-0.402522596094421,0.00302838261466638,2.51878925567764,NS,-0.22026445933708294,0.04537195035472825,1.3432125517877451,NS
Td00001aa036252_T001,-0.833927324053294,0.0239741718029744,1.6202563867688,NS,0.0652345609680941,0.99997239715037,1.19879307305898e-5,NS,-0.3843463815425999,0.20018157514733617,0.698575897786154,NS
Td00001aa036262_T002,-0.00288827932482651,0.984290428867193,0.00687673790594597,NS,-0.144505594543693,0.770878275399946,0.113014193279308,NS,-0.07369693693425974,0.9990517914532815,4.11997100002581e-4,NS
Td00001aa036277_T001,0.0384361816561079,0.556762386037628,0.254330112636161,NS,0.0625453488503143,0.999210880221512,3.4284565630035e-4,NS,0.0504907652532111,0.9484428626039682,0.02298882735122289,NS
Td00001aa036296_T001,0.451013242943973,0.12006218970184,0.920593740217574,NS,0.0577347975504222,0.801931075829678,0.0958629567447107,NS,0.2543740202471976,0.4520593347666489,0.3448045583953983,NS
Td00001aa036311_T001,-0.222632890549587,0.528562796992662,0.276903408040088,NS,-0.144010647215133,0.669750108924427,0.174087207088512,NS,-0.18332176888236,0.8260824495410921,0.08297660450317364,NS
Td00001aa036313_T001,0.297484915710575,0.19255917436265,0.715435784856592,NS,0.127196572659253,0.840766167737277,0.0753247725514507,NS,0.212340744184914,0.5874026404200903,0.2310641056217003,NS
Td00001aa036338_T001,-0.0755200076409777,0.105559428979529,0.976502967748221,NS,-0.364736008305812,0.0145784593850696,1.83628836874199,NS,-0.22012800797339482,0.028456816770100927,1.5458136824843094,NS
Td00001aa036339_T001,-0.44418384493836,0.376499484473838,0.424235614125488,NS,-0.822762775439721,3.96881478943867e-6,5.40133916760873,NS,-0.6334733101890405,1.2013328788032156e-4,3.9203366367300285,NS
Td00001aa036342_T001,-0.49817873457909,0.561310062850749,0.250797171923605,NS,-0.388941960721372,0.664018710662754,0.177819682946591,NS,-0.443560347650231,0.8403942764951498,0.07551691401839104,NS
Td00001aa036390_T002,-0.508403405589552,3.4215531841584e-4,3.46577670500071,NS,-0.713141334442396,2.9345972547551997e-12,11.5324514930669,NS,-0.610772370015974,2.199349611273275e-12,11.65770572917569,NS
Td00001aa036402_T002,-0.0938790470029001,0.941844840199809,0.0260206371171521,NS,0.0964737578327708,0.97481446410513,0.0110780354634723,NS,0.00129735541493535,0.9999558984015862,1.9153503187400002e-5,NS
Td00001aa036449_T001,0.500802053057158,0.161205680131427,0.792619659762475,NS,0.190172140468633,0.826842393596501,0.082577264467305,NS,0.34548709676289546,0.5325261863426236,0.273659031448884,NS
Td00001aa036498_T001,0.321928094887362,0.0302722234611955,1.51895567942451,NS,0.237346100834139,0.026813196097841,1.5716514155984,NS,0.2796370978607505,0.017538897972879462,1.7559976982751773,NS
Td00001aa036512_T001,-0.823677227359537,0.068997123632447,1.16116901385107,NS,-0.861852605674116,6.39729801646141e-8,7.19400341731589,NS,-0.8427649165168265,9.761522859987769e-7,6.010482424331488,NS
Td00001aa036562_T002,-0.438307278601691,0.0571289769506053,1.2431435530913,NS,0.0912745914640193,0.31035875866394,0.508135993839907,NS,-0.17351634356883583,0.16424529951554862,0.7845070505272089,NS
Td00001aa036635_T002,0.750177705593057,0.0489193349433442,1.31051945581398,NS,0.471532954429059,0.00144364459831241,2.84053970980607,NS,0.610855330011058,0.0026834120174380927,2.5713126396046504,NS
Td00001aa036672_T004,-0.194294815161489,0.402833119736469,0.394874830254763,NS,-0.134538351137632,3.5566510260624e-4,3.44895874512922,NS,-0.16441658314956048,0.004666980066733685,2.3309640540379326,NS
Td00001aa036678_T001,0.204140716780225,0.780361018811077,0.107704432944963,NS,-0.0262542823824217,0.995590114892835,0.00191942410523568,NS,0.08894321719890165,0.9990517914532815,4.11997100002581e-4,NS
Td00001aa036680_T002,0.347098670622268,0.0103231554886008,1.98618753121479,NS,0.333424808052204,0.00523298009914658,2.28125091686501,NS,0.340261739337236,0.00216874467579097,2.6637915740448506,NS
Td00001aa036681_T002,0.0440443327060212,0.846880361734943,0.07217793784901,NS,-0.706165796589552,0.00610606329256665,2.21423869832265,NS,-0.33106073194176544,0.06953411388289935,1.1578020754642406,NS
Td00001aa036741_T001,0.153156788061421,0.472328388320695,0.325755951267425,NS,-0.326371713266436,7.6722571371315e-4,3.11507685013276,NS,-0.0866074626025075,0.009620374131647621,2.016808038133645,NS
Td00001aa036782_T001,-0.977099597889921,0.00314211436169394,2.50277801224679,NS,-0.0729804100885811,0.987912814835474,0.00528138102633409,NS,-0.525040003989251,0.04760594010698946,1.3223388541128225,NS
Td00001aa036791_T002,-0.110915901401851,0.521027744255899,0.283139150296575,NS,-0.367534447201047,0.00680356307485764,2.16726358457611,NS,-0.23922517430144902,0.05245974896027002,1.2801737920039635,NS
Td00001aa036796_T001,0.471967787661516,0.410249102357835,0.386952360528289,NS,-0.284045306248,0.0460266050864031,1.3369910574027,NS,0.09396124070675799,0.17128537146172926,0.766279726145598,NS
Td00001aa036836_T001,1.3311319222172,0.0541473788626853,1.26642256162451,NS,1.40337379976748,3.77666827270364e-5,4.42289116017149,Up,1.36725286099234,1.550730409159714e-4,3.809463696700204,Up
Td00001aa036841_T002,-0.274040765490812,0.314865265841728,0.501875245636172,NS,-0.575420505751236,8.063290843581701e-10,9.09348767487948,NS,-0.42473063562102403,8.491125149250937e-8,7.071034758079416,NS
Td00001aa036843_T002,-0.902389203373578,0.00104613225173375,2.98041340861645,NS,-0.470861786283217,0.0313496504065605,1.50376729781088,NS,-0.6866254948283975,0.0014424782765277775,2.840890718522424,NS
Td00001aa036894_T001,0.24731993497982,0.14877068149852,0.827482647539952,NS,-0.285124191650941,0.453360147366955,0.343556659196971,NS,-0.0189021283355605,0.36882710240989824,0.4331771733163661,NS
Td00001aa036966_T002,-0.340075441597622,0.18477940167737,0.733346443486314,NS,-0.0248581014235526,0.128491659916535,0.891125060424316,NS,-0.1824667715105873,0.19895127381706035,0.7012532758694439,NS
Td00001aa036970_T001,-0.875671864997798,3.2246911188539e-4,3.49151187848662,NS,-0.28561330800829,0.0133897863776265,1.87322635172273,NS,-0.580642586503044,2.846023745142457e-4,3.5457614808008135,NS
Td00001aa036971_T001,-0.0694518807521452,0.836397598716507,0.0775872227047573,NS,0.0713840738701402,0.999999920301587,3.46125823530652e-8,NS,9.660965589975007e-4,0.9996572672230563,1.4887246698859125e-4,NS
Td00001aa036987_T001,0.42867840994823,0.628899976971655,0.201418421173954,NS,-0.376504568221468,0.195150555765303,0.709630207562539,NS,0.02608692086338099,0.5129764084340336,0.2899026074466875,NS
Td00001aa037066_T002,0.58880456701555,0.0327435131583092,1.48487472555286,NS,0.237079111238306,0.148721067957474,0.827627504581151,NS,0.41294183912692795,0.0662859168399842,1.1785787323549124,NS
Td00001aa037076_T001,-0.194294815161489,0.452971823149361,0.343928812184389,NS,-0.222740946862415,0.0274157545653888,1.56199979650402,NS,-0.208517881011952,0.12838897524572815,0.8914722675094625,NS
Td00001aa037077_T003,0.211635253327149,0.985982603445345,0.00613074762911544,NS,0.26929185713356,0.579479620406906,0.23696183304026,NS,0.2404635552303545,0.9518110874736146,0.02144924049065161,NS
Td00001aa037112_T004,-0.805912947883698,0.00222205611056182,2.65324497860861,NS,-0.387226754810706,1.58149755595465e-6,5.80093147490616,NS,-0.596569851347202,7.987330940668912e-7,6.097598320985233,NS
Td00001aa037174_T001,0.452068230223811,0.74775104460232,0.12624297159025,NS,0.444147072029787,0.00856985485346743,2.06702653360445,NS,0.44810765112679896,0.08011801344425658,1.0962698277370906,NS
Td00001aa037183_T001,-0.639354797539784,0.00378466667389852,2.42197236400041,NS,-0.305744381121826,0.00342974481444892,2.46473819185213,NS,-0.472549589330805,6.8640125849221e-4,3.1634219288951884,NS
Td00001aa037211_T001,0.178873958169795,0.477597511667863,0.320937944591693,NS,-0.0694865891836374,0.999204868738051,3.4545848007973e-4,NS,0.054693684493078806,0.9105947552316499,0.0406748554340589,NS
Td00001aa037222_T001,0.578214165472454,0.00376450537673626,2.42429207823238,NS,-0.54691096963502694,0.133215913580016,0.875443892529252,NS,0.01565159791871351,0.012223517102507422,1.912803815497676,NS
Td00001aa037225_T001,-0.282789700980404,0.0110472640791237,1.95674526428287,NS,-0.382492081402583,0.0314165441642346,1.50284158928164,NS,-0.33264089119149354,0.009304434054322054,2.0313100378539968,NS
Td00001aa037247_T003,-0.347398782403481,0.140282405731853,0.852996794921203,NS,-0.4740269267358,1.18298244218735e-5,4.92702170111825,NS,-0.41071285456964046,1.3123072294084142e-4,3.881964478667026,NS
Td00001aa037250_T002,-0.234465253637023,0.817698831719941,0.087406622741896,NS,-0.197408008101469,0.968791486329611,0.0137696863971233,NS,-0.215936630869246,0.9994613743274616,2.3398517826530608e-4,NS
Td00001aa037271_T001,-0.897006006676674,0.00818020434422364,2.08723584737265,NS,-0.32174778915933,0.00113583465772135,2.94468488382345,NS,-0.609376897918002,5.274592808682485e-4,3.2778110616735,NS
Td00001aa037279_T002,1.82007682109751,0.00160898566552741,2.79344782501848,Up,1.94483175247498,6.99953885140314e-22,21.1549305715412,Up,1.882454286786245,2.5333886308777536e-20,19.59629818277191,Up
Td00001aa037301_T003,-1.42275246440685,0.0614107534229415,1.21175557440714,NS,-1.16436840890247,9.07938935294671e-8,7.04194335958064,Down,-1.29356043665466,1.176077263770829e-6,5.9295641458389,Down
Td00001aa037305_T002,-1.04692104738749,0.0915280743035775,1.03844567484025,NS,-1.09190221731504,0.024983645120686,1.60234419765484,Down,-1.0694116323512648,0.038048862652878684,1.419658320521822,Down
Td00001aa037317_T001,-0.226003674888827,0.0695152743014982,1.15791975920814,NS,-0.301178802746283,6.316981566322831e-9,8.19949039042492,NS,-0.263591238817555,1.3837889551628245e-7,6.858930140079527,NS
Td00001aa037324_T001,-0.179514657013621,0.247627004430334,0.606201996018726,NS,-0.106909953254681,0.779466318295775,0.108202646471706,NS,-0.143212305134151,0.6398868668544537,0.19389680327233988,NS
Td00001aa037326_T002,-0.386468347082073,0.141777543185412,0.848392553659424,NS,-0.64895884749869,2.90203069689998e-8,7.5372979980238,NS,-0.5177135972903815,9.214482613733973e-7,6.035529045068731,NS
Td00001aa037328_T002,-0.251538766995964,0.786729917960912,0.104174334058305,NS,-0.266286921277675,1.7595950456711e-4,3.75458726949621,NS,-0.2589128441368195,0.00453750486979058,2.3431828958573093,NS
Td00001aa037347_T001,-0.99136969485656,0.0593744943391762,1.22640007600524,NS,-1.01333364695109,0.0234289999413641,1.63024624871488,Down,-1.002351670903825,0.02645199238721634,1.5775416109563523,Down
Td00001aa037385_T001,-0.192645077942396,0.261169681714377,0.58307724021617,NS,-0.251081580058657,0.0157209778821204,1.80352044330932,NS,-0.2218633290005265,0.058549721546565237,1.2324751660242013,NS
Td00001aa037404_T001,0.194087052116302,0.859304480445651,0.0658529237739725,NS,-0.327825428768373,4.25141140346606e-7,6.37146686689596,NS,-0.0668691883260355,3.765847839996198e-5,4.424137231739703,NS
Td00001aa037423_T002,0.414676780426886,0.00640422824784077,2.19353319814386,NS,0.274566363767232,5.39464654686803e-5,4.26803700469255,NS,0.344621572097059,3.605844429956072e-5,4.442993014349356,NS
Td00001aa037432_T001,0.390667685559667,0.127312495128569,0.895128970273418,NS,-0.00118701016223409,0.990785575361989,0.00402032484184624,NS,0.19474033769871646,0.5189829939862274,0.28484687286241905,NS
Td00001aa037433_T001,0.382943869568991,0.15632303358355,0.805977025683818,NS,0.644488445241498,4.67673840323041e-12,11.3300569219903,NS,0.5137161574052445,5.469906220838056e-10,9.262020119392654,NS
Td00001aa037434_T001,-0.112474729258412,0.93818897188731,0.0277096763522328,NS,0.276840429213785,0.0884979607897921,1.05306673639759,NS,0.08218284997768649,0.4152155712760031,0.38172636808724814,NS
Td00001aa037439_T001,0.141432790929296,0.563994119586965,0.248725424109293,NS,-0.339702093346418,0.997258483035808,0.00119226073888324,NS,-0.09913465120856099,0.9488704336609848,0.02279308555761096,NS
Td00001aa037472_T002,-0.569179503480228,0.0183939287633847,1.73532549979794,NS,-0.28826017711101,0.0844872975017726,1.07320858145945,NS,-0.42871984029561905,0.028667981796040708,1.5426028799762372,NS
Td00001aa037535_T001,0.414676780426886,0.515776423565077,0.287538513593204,NS,0.343357015110034,3.6180168533385e-4,3.44152941445385,NS,0.37901689776846004,0.005718848611718663,2.242691399862739,NS
Td00001aa037548_T001,0.0935601761623378,0.614747654362689,0.211303119684461,NS,-0.261301149474316,0.0342003846674704,1.46596900920643,NS,-0.08387048665598909,0.1839400715526696,0.7353236489106322,NS
Td00001aa037578_T003,-0.746615764199925,0.0689696016725522,1.16134228223075,NS,-0.880589901788234,1.1616597443594e-4,3.93492106023007,NS,-0.8136028329940795,4.689797147251098e-4,3.3288459418765486,NS
Td00001aa037587_T001,0.0172092900322231,0.437811633859414,0.358712702215742,NS,-0.278091276712545,0.296573517245999,0.527867632226795,NS,-0.13044099334016096,0.5257504764593931,0.27922032506372113,NS
Td00001aa037699_T001,-0.189351252217354,0.766734251554657,0.115355135506091,NS,-0.489405847516356,0.384053704000631,0.415608041985729,NS,-0.339378549866855,0.7697493654241545,0.11365066045386678,NS
Td00001aa037706_T001,-1.35107444054688,0.0471961787817186,1.32609316240815,Down,-1.00293256133541,2.7283897208076e-5,4.56409359533974,Down,-1.177003500941145,1.0582266728854101e-4,3.975421296157807,Down
Td00001aa037714_T003,-0.758769964484555,0.0312482988367731,1.5051736207491,NS,-0.327745364152941,0.283918004975371,0.546807065334286,NS,-0.543257664318748,0.1015813992268914,0.9931858093029258,NS
Td00001aa037745_T001,-0.265344566520995,0.262534018089866,0.580814414499917,NS,-0.255776870848126,0.0225853391139873,1.64617338421581,NS,-0.2605607186845605,0.07635320491205386,1.117172728792135,NS
Td00001aa037746_T002,0.488515008957812,0.00447773569317778,2.34894154505402,NS,-0.127682813357445,0.985485844068324,0.00634960972768175,NS,0.1804160978001835,0.061776483456851834,1.2091768169596433,NS
Td00001aa038053_T001,1.65260121759652,0.0185898627090384,1.73072381759374,Up,2.31393466521083,1.3297979748240198e-12,11.8762143327799,Up,1.9832679414036751,2.7846341546389954e-11,10.555231854371112,Up
Td00001aa038172_T001,0.116364756691785,0.786770611562832,0.104151870758884,NS,-0.149985113582664,0.74499866213811206,0.127844507153127,NS,-0.0168101784454395,0.9561302694361857,0.01948293257429014,NS
Td00001aa038271_T001,-1.2827897009804,0.0382534656162628,1.41732921332502,Down,-1.45707122354378,1.31151765661252e-8,7.88222585824346,Down,-1.36993046226209,1.553568695798174e-7,6.80866953832374,Down
Td00001aa038310_T001,-0.475936324222789,0.00516603753279364,2.28684244287312,NS,-0.515503267800307,1.21634770604734e-8,7.9149422595763,NS,-0.495719796011548,2.7202455163950235e-8,7.565391896846818,NS
Td00001aa038328_T002,-0.0954195650786824,0.230832723205931,0.636702624890674,NS,-0.239356757014979,0.157963885575949,0.801442192082623,NS,-0.16738816104683069,0.25814992659178404,0.5881279941139023,NS
Td00001aa038363_T007,-0.698997743967186,0.18477940167737,0.733346443486314,NS,-0.662179658154867,7.75418348759663e-8,7.11046392647713,NS,-0.6805887010610265,2.5349590082392676e-6,5.5960290590680914,NS
Td00001aa038374_T001,-0.808437349299244,0.00834718545992223,2.0784599371246,NS,-0.0159898092384594,0.999999746471952,1.10105846115057e-7,NS,-0.4122135792688517,0.09715659009663467,1.0125277360262595,NS
Td00001aa038382_T002,-1.2688167584278,0.0703101508272475,1.15298197042802,NS,-0.978600797807956,3.13410946167316e-5,4.50388583946588,NS,-1.123708778117878,1.647426209972835e-4,3.7831940288245796,Down
Td00001aa038384_T002,-0.63486740654747,0.185961053835863,0.730578001347828,NS,-0.992538000848886,1.8454407428777e-4,3.73389989544496,NS,-0.813702703698178,0.0015009555332420098,2.8236321738151444,NS
Td00001aa038392_T001,0.531069492725954,0.00197683969853737,2.70402854609515,NS,0.919425719204281,8.16951638413737e-13,12.087803651903,NS,0.7252476059651175,3.2408438200734427e-12,11.489341897605438,NS
Td00001aa038418_T001,-0.0232697793228472,0.746106560670292,0.127199141151833,NS,-0.529773031725278,4.74673625813596e-5,4.32360489822018,NS,-0.27652140552406257,0.0015362720506561232,2.8135318704784438,NS
Td00001aa038422_T002,0.00288250853312136,0.970625801137223,0.0129481684682996,NS,-0.146870118075556,0.544698994350908,0.263843426541178,NS,-0.07199380477121732,0.9340401517881618,0.029634454256809495,NS
Td00001aa038436_T005,-0.200912693925996,0.519620485752189,0.28431373544013,NS,0.0383834320603251,0.995426429926212,0.00199083232946171,NS,-0.08126463093283545,0.9297366918105094,0.03164002938697808,NS
Td00001aa038447_T004,0.528071164578735,0.536656931009335,0.27030325728522,NS,-0.0362345161735167,0.680669146558849,0.167063934694243,NS,0.24591832420260917,0.8337309580192386,0.0789740720218507,NS
Td00001aa038488_T002,0.212880566344385,0.836397598716507,0.0775872227047573,NS,0.203081598718767,0.275762534295765,0.559464738355516,NS,0.207981082531576,0.6921438405079101,0.15980364160208782,NS
Td00001aa038507_T002,-0.434402824145775,0.0690771514967158,1.16066557954066,NS,-0.38313283919923,1.77591524431808e-7,6.75057776479802,NS,-0.4087678316725025,2.2578101242806573e-6,5.646312583865646,NS
Td00001aa038515_T001,-0.0513991525066443,0.53198943910455,0.274096989103716,NS,-0.390805043802553,1.73379537626717e-5,4.7610021595714,NS,-0.22110209815459864,5.262923275775988e-4,3.278772961191158,NS
Td00001aa038583_T001,-0.937878288092203,0.207930143898857,0.682082545877972,NS,-1.12814989751704,1.67166797012182e-5,4.77684997872923,Down,-1.0330140928046214,2.3871361420445627e-4,3.6221228118048665,Down
Td00001aa038589_T003,-0.490050853695689,0.00516480526734386,2.28694604837714,NS,-0.642773307525704,1.94730875669292e-9,8.71056518320161,NS,-0.5664120806106965,5.4396116295646325e-9,8.264432106397043,NS
Td00001aa038590_T001,-0.650634722405787,0.106955781684165,0.970795733900675,NS,-0.880754902460152,7.05019551876016e-5,4.15179883881836,NS,-0.7656948124329694,4.4690987136509455e-4,3.3497800525178856,NS
Td00001aa038610_T002,0.0976107966264223,0.961975135164944,0.0168361533262384,NS,-0.029077436164957,0.029225967950656,1.53423109629385,NS,0.03426668023073265,0.22148705126264714,0.6546516587391565,NS
Td00001aa038640_T002,-0.828793172581858,0.0170386885653974,1.7685638350816,NS,-0.425458886330497,0.00147100046311893,2.83238719054238,NS,-0.6271260294561776,0.0011701605322642472,2.931754554070892,NS
Td00001aa038654_T001,-0.254977850962736,0.0451911042842001,1.34494704617322,NS,-0.0273060153447466,0.0371822497528964,1.42966433630406,NS,-0.1411419331537413,0.030301178234610576,1.5185404840111896,NS
Td00001aa038676_T004,0.126972856257766,0.864320956748427,0.063324956755957,NS,0.233932236972961,0.468866914870688,0.328950411739797,NS,0.1804525466153635,0.8651467355932316,0.06291022657693948,NS
Td00001aa038714_T001,0.50182126542091,0.242398971676017,0.615469226900052,NS,0.503374390465727,0.00100453249770904,2.99803600879387,NS,0.5025978279433185,0.0070075891593371865,2.154431367893496,NS
Td00001aa038742_T001,0.495695162624069,0.210235245910559,0.677294472792665,NS,0.205088773865963,0.0960023954798758,1.01771793018218,NS,0.350391968245016,0.1788645879656172,0.7474756335714489,NS
Td00001aa038760_T001,0.12300395405482,0.772552052572463,0.112072249270894,NS,-0.196849783714167,0.0868531035217372,1.06121465829594,NS,-0.036922914829673505,0.368116568034788,0.4340146355711055,NS
Td00001aa038802_T002,-0.413115187147815,0.0159144060651649,1.79820956486168,NS,0.204360856730338,0.897431349212082,0.0469987636952784,NS,-0.10437716520873849,0.14234697740810082,0.8466517502164966,NS
Td00001aa038815_T003,0.34255474547732,0.372357723741735,0.429039633243668,NS,0.198517170119312,8.31775468809908e-5,4.07999389223941,NS,0.270535957798316,0.00137604025818356,2.86136885995864,NS
Td00001aa038831_T001,0.232660756790275,0.251771695203359,0.598993095943605,NS,0.0854161540022118,0.693379317973252,0.159029116564895,NS,0.1590384553962434,0.6113414138506191,0.21371618298073844,NS
Td00001aa038841_T002,-0.0144995696951151,0.951772911313823,0.0214666599431691,NS,-0.172063318283026,0.114286932552351,0.942003423540307,NS,-0.09328144398907055,0.48184698295105216,0.31709085597408865,NS
Td00001aa038884_T003,-0.865121945656888,0.0503992010006105,1.29757634855004,NS,-1.09187226503953,1.18816795560186e-6,5.92512216454387,Down,-0.978497105348209,8.240606418853523e-6,5.084040827784535,NS
Td00001aa038891_T001,0.0867837661420666,0.854432652742606,0.068322163130403,NS,-0.510138115070999,4.23726820338059e-6,5.3729140458971,NS,-0.2116771744644662,2.468554177331336e-4,3.607557336883645,NS
Td00001aa038923_T002,0.147957881387101,0.442598135946566,0.35399041948654,NS,-0.43193491158779,0.0106117020214884,1.97421495358607,NS,-0.14198851510034452,0.06441279959723972,1.191027824532803,NS
Td00001aa038941_T002,0.314986485468515,0.7718771301019,0.112451826562783,NS,-0.344493099545171,4.05778312347645e-6,5.39171116843979,NS,-0.014753307038328,2.1813171273677196e-4,3.661281190609384,NS
Td00001aa038952_T001,-0.186064929518683,0.0822298724091538,1.08497038360735,NS,-0.387255631810436,1.395228540927e-4,3.85535464835163,NS,-0.2866602806645595,6.172309762624236e-4,3.2095522866233672,NS
Td00001aa038966_T001,0.498761465671852,0.082999717903016,1.08092338368865,NS,0.700085126818369,0.0043289656663448,2.36361585862577,NS,0.5994232962451105,0.009559573966887681,2.0195614621122497,NS
Td00001aa039000_T001,0.0799753767205959,0.624745372870311,0.204296951759068,NS,0.157542603542027,0.436831454543246,0.359686097311723,NS,0.11875899013131146,0.7469337446109506,0.12671791977229968,NS
Td00001aa039027_T001,-0.625934281777462,0.378025917485894,0.422478423879045,NS,-0.659545203811999,6.6476118349716e-4,3.17733434765529,NS,-0.6427397427947306,0.007166763264450531,2.1446769410921824,NS
Td00001aa039039_T002,-0.442222328605074,0.00586421325139502,2.23179024501424,NS,-0.328378522900121,0.0302202238425062,1.51970232314705,NS,-0.3853004257525975,0.005504221297806602,2.259304113565384,NS
Td00001aa039056_T003,0.154453592679872,0.844270151896025,0.073518564387791,NS,-0.463369443661586,0.0528930338570067,1.27660152185285,NS,-0.154457925490857,0.2915324470338882,0.535313102024831,NS
Td00001aa039085_T001,-0.744197163397282,0.0689097355373841,1.16171941682272,NS,-0.163855628475973,0.57865231446939,0.237582305464521,NS,-0.4540263959366275,0.2725371294556568,0.5645743226745146,NS
Td00001aa039086_T001,0.0662614422687213,0.926569429292289,0.0331220327630018,NS,-1.08045577670591,0.0211503823605011,1.67468177696247,Down,-0.5070971672185943,0.17524361890387968,0.7563577869150142,NS
Td00001aa039096_T011,-0.232768962976124,0.432778763472252,0.36373405828295,NS,0.063489000959134,0.9998774371062,5.32316506428267e-5,NS,-0.084639981008495,0.8817611820532476,0.054649024120660965,NS
Td00001aa039101_T002,0.347098670622268,0.382370445059216,0.417515683455922,NS,-0.0941118357157463,0.770921234431794,0.112989991857053,NS,0.12649341745326087,0.7698188301365566,0.11361147006088428,NS
Td00001aa039118_T001,-0.652901329377732,4.7993920492952e-4,3.31881377228239,NS,-0.485362412458089,1.4474392334705e-4,3.83939965980944,NS,-0.5691318709179105,9.38775148204968e-6,5.027438415814291,NS
Td00001aa039128_T002,-0.465938397578882,0.168189145712131,0.774202035348058,NS,-0.142706393796946,0.974543643573957,0.0111987068399298,NS,-0.30432239568791397,0.5908305670177445,0.22853704426101742,NS
Td00001aa039129_T001,0.32883646422954,0.159694041487051,0.796711287979055,NS,0.423031869500767,0.371055562047819,0.430561054039833,NS,0.37593416686515346,0.3431982969510184,0.4644548759125228,NS
Td00001aa039153_T001,-0.158429362604483,0.480427459309043,0.318372178026869,NS,0.270659898658486,0.893381068769041,0.0489632547030566,NS,0.056115268027001494,0.8792860488846566,0.055869817482725716,NS
Td00001aa039164_T003,-0.0877333719335504,0.472328388320695,0.325755951267425,NS,-0.402901981872417,6.9858564380711e-4,3.15578034351861,NS,-0.24531767690298367,0.00894021134738102,2.0486522143230523,NS
Td00001aa039180_T004,-0.0394882898809755,0.858833774019408,0.0660908850766754,NS,-0.0264520328075261,0.669148041563132,0.174477788777304,NS,-0.0329701613442508,0.9524524096721879,0.02115671510967348,NS
Td00001aa039184_T002,0.0989584800881688,0.723138382920247,0.140778586263023,NS,0.0863903672661213,0.285861576176026,0.543844216017235,NS,0.09267442367714504,0.6569215261875507,0.1824865068165201,NS
Td00001aa039187_T001,-0.399730246490995,0.0168092391511874,1.77445194390253,NS,-0.565394641914706,9.52609723158678e-8,7.02108499001673,NS,-0.4825624442028505,4.173985301680532e-7,6.379449084597416,NS
Td00001aa039192_T001,0.217851096811131,0.428189820908657,0.368363661132534,NS,-0.348189574414777,6.3283682718191e-5,4.19870825552728,NS,-0.065169238801823,0.0012482237318929294,2.903707564639156,NS
Td00001aa039204_T004,-0.673462651860048,0.00600296589608093,2.22163412394147,NS,-0.439408370547398,0.0882483378957803,1.05429346553774,NS,-0.5564355112037229,0.012698341118435975,1.8962530105531643,NS
Td00001aa039214_T003,-0.2688167584278,0.59114595376368,0.22830527869839,NS,-0.170581786872455,0.185205759917497,0.732345510842603,NS,-0.2196992726501275,0.482803472971546,0.31622961453377413,NS
Td00001aa039215_T001,-0.00578235259400611,0.873917997501928,0.0585293166827752,NS,0.0488125373572123,0.842454368824086,0.0744536131920445,NS,0.021515092381603096,0.9963807869145537,0.0015746555006842815,NS
Td00001aa039218_T001,0.858378925082071,0.78097990627386,0.107360139882809,NS,-1.15267192944768,0.0118823416947459,1.92509796298366,Down,-0.14714650218280445,0.10463416140018723,0.9803265020322776,NS
Td00001aa039232_T002,1.78826808286684,0.00214795712167107,2.66797439243594,Up,2.19856578703108,4.05972691751941e-16,15.3915031787881,Up,1.99341693494896,4.959359328665434e-15,14.304574423912355,Up
Td00001aa039252_T001,-0.0573916638883367,0.702791350004181,0.153173592464977,NS,-0.0881641747010153,0.623304146948077,0.205299983663632,NS,-0.072777919294676,0.8858557029695325,0.052637014577685694,NS
Td00001aa039271_T001,-0.588573754273535,0.023394299851196,1.63088994792049,NS,-0.469384662754438,1.1874789965177e-4,3.92537406319962,NS,-0.5289792085139865,1.976821870772655e-4,3.704032462717604,NS
Td00001aa039287_T003,0.197865391353738,0.581575841940812,0.235393641918109,NS,-0.104224186923291,0.371762280981029,0.429734675868022,NS,0.04682060221522351,0.6726942614413237,0.17218227714103812,NS
Td00001aa039308_T001,1.37183761733042,0.176518039920388,0.753210903661315,NS,0.703605582475077,0.29923478776949,0.523987918634819,NS,1.0377215999027485,0.3203653256322809,0.4943544954013924,NS
Td00001aa039333_T001,-0.192645077942396,0.7435303727649,0.128701286113411,NS,0.424915699279538,7.79134625245358e-6,5.10838749489523,NS,0.116135310668571,3.601297421749125e-4,3.4435410099004597,NS
Td00001aa039340_T001,0.468843942974637,0.10305109606958,0.986947384627718,NS,1.69467916332653,1.64742446226143e-7,6.78319448955649,Up,1.0817615531505833,2.9315768248609546e-6,5.532898720214983,Up
Td00001aa039360_T002,-0.550042516371997,0.0931114316522127,1.03099699572441,NS,-0.477366204708603,6.5137464478822e-4,3.18616915065736,NS,-0.5137043605403,0.002373271704248681,2.6246525386890864,NS
Td00001aa039396_T001,-0.375197234747053,0.357113827878841,0.447193333074628,NS,-0.218583882234063,0.794393524462828,0.0999643046706858,NS,-0.296890558490558,0.7573510258735774,0.12070278197269589,NS
Td00001aa039401_T002,-0.608232280044003,0.0179643758973623,1.74558786607635,NS,-0.296568976984449,5.6102983953293e-4,3.25101403927885,NS,-0.452400628514226,5.595419151377154e-4,3.2521673750316262,NS
Td00001aa039407_T001,-0.0291463456595165,0.936596735420947,0.0284473603177007,NS,0.367518864910725,0.0652394154341912,1.18548993903033,NS,0.16918625962560424,0.3479914910638741,0.4584313751028011,NS
Td00001aa039430_T005,-1.08926733809709,0.00242736542191014,2.61486483892438,Down,-0.558320423398289,0.00115084849930683,2.93898184426389,NS,-0.8237938807476896,1.9785619172925912e-4,3.703650354335154,NS
Td00001aa039433_T002,0.456280481510725,0.0933656595963224,1.02981283030294,NS,0.494529081520284,9.9731442793744e-4,3.00116789806761,NS,0.47540478151550447,0.003337703211073274,2.476552283451746,NS
Td00001aa039438_T001,2.50563691176277,0.102235047547669,0.990400196693632,NS,3.56106245486314,6.66888917309242e-16,15.1759464998425,Up,3.033349683312955,2.0883681601109276e-13,12.680192936795137,Up
Td00001aa039459_T001,2.60904573067554,0.186393100259808,0.729570168025774,NS,0.0229610107483911,0.990993443993221,0.0039292186196545,NS,1.3160033707119656,0.628108743809944,0.20196516080389076,NS
Td00001aa039461_T001,0.523060061795249,0.423053256682919,0.37360495738232,NS,0.173640889477224,0.990804327551554,0.00401210520725867,NS,0.3483504756362365,0.8741672492622589,0.05840546841502038,NS
Td00001aa039489_T005,-0.662003536484984,0.0568229296855186,1.24547637861284,NS,-0.947379725269089,3.8027199316115e-10,9.41990565897828,NS,-0.8046916308770364,1.070672755025648e-8,7.970343248499204,NS
Td00001aa039526_T001,0.0786098346963665,0.702443978237747,0.153388306173595,NS,-0.318594842298374,0.317558129184442,0.498176765259163,NS,-0.11999250380100374,0.6806008874360223,0.16710748896293015,NS
Td00001aa039574_T001,-0.104697378666693,0.475872749015377,0.32250916448283,NS,0.144644742991206,0.636403491286369,0.196267446495215,NS,0.0199736821622565,0.7770978870591179,0.10952427189147411,NS
Td00001aa039596_T001,0.155749232677945,0.31914720189914503,0.496008958864094,NS,-0.331364911910756,0.00407468033798422,2.38990645634608,NS,-0.08780783961640551,0.02515803235626163,1.5993233286573845,NS
Td00001aa039642_T001,-0.275786313242642,0.548756228859637,0.260620537102413,NS,-1.05140084877853,0.0014611713056364,2.83529886501619,Down,-0.663593581010586,0.0174029790917709,1.7593764015810551,NS
Td00001aa039711_T001,0.672651629328385,0.363170211067289,0.439889781570742,NS,0.129705035274304,0.996346247713078,0.00158971043229425,NS,0.4011783323013445,0.8316347993997968,0.08006734609489927,NS
Td00001aa039773_T002,-0.291592016516404,0.167579914873346,0.775778034526675,NS,0.0781066196541667,0.112897102067215,0.947317205748815,NS,-0.10674269843111865,0.17142261147459845,0.7659318930839879,NS
Td00001aa039796_T002,0.59741198755465,0.419607173818275,0.377157095495023,NS,0.17255121826506,0.0566611622193593,1.24671452158618,NS,0.384981602909855,0.1990218826799168,0.701099169798051,NS
Td00001aa039805_T001,0.544979883255804,0.037140702128999,1.43014989036825,NS,0.382263409424321,0.00160045599016641,2.79575626371958,NS,0.46362164634006253,0.002337463152198484,2.6312552266257128,NS
Td00001aa039904_T001,0.241230035515445,0.183315177036338,0.736801577425824,NS,0.426070484110439,1.16783184564975e-5,4.93261968613098,NS,0.333650259812942,1.6109306606730897e-4,3.7929231525262437,NS
Td00001aa039924_T003,-1.62148837674627,0.0019642959942281,2.70679306900623,Down,-1.07749200722702,0.0404207328677256,1.39339581656233,Down,-1.349490191986645,0.00294810117428895,2.530457616239911,Down
Td00001aa039925_T001,-1.41503749927884,0.0194860509990909,1.71027616514478,Down,0.226263334419466,0.95843981909194,0.018435151494132,NS,-0.594387082429687,0.17017711383815198,0.769098846143999,NS
Td00001aa039945_T001,-0.0424567992428948,0.518691397351101,0.285090954847997,NS,-0.378983511750356,3.5886200346921e-4,3.44507252260079,NS,-0.2107201554966254,0.0057135393104401095,2.2430947802290295,NS
Td00001aa039955_T002,0.498761465671852,0.0400856795715551,1.39701074942035,NS,0.482616386545958,0.00217622078259131,2.66229704656711,NS,0.490688926108905,0.0031677172936749693,2.499253584429613,NS
Td00001aa039957_T003,-0.0892673380970874,0.168511940960359,0.773369319068911,NS,-0.198997341550537,0.0511549016606506,1.29111274587791,NS,-0.14413233982381218,0.09927788141091765,1.0031474992507166,NS
Td00001aa039970_T008,-1.27578631324264,0.00255138796626261,2.59322349717387,Down,-0.890119869966925,1.3340441525864601e-9,8.87482979642596,NS,-1.0829530916047825,2.1771696397122622e-9,8.66210773048089,Down
Td00001aa040065_T001,-0.749038426466781,0.0634525883823848,1.19755065730042,NS,-0.505231491177473,0.403302767645212,0.394368797657844,NS,-0.627134958822127,0.20904773098759094,0.679754541937611,NS
Td00001aa040072_T001,-0.0335695326937018,0.899827475344098,0.0458407502145102,NS,1.31440464927125,2.4243875214743e-4,3.61539796000635,Up,0.6404175582887741,0.006473341715996054,2.188871466757078,NS
Td00001aa040338_T001,3.81424277977989,6.7754708764057e-4,3.16906051714456,Up,4.46209581983767,1.4272573824642599e-19,18.8454977019347,Up,4.13816929980878,1.5020904890959924e-18,17.823303903729112,Up
Td00001aa040369_T001,0.29983076182237,0.0994823842595534,1.00225381469323,NS,0.27822445824892,0.00490854127436863,2.30904755280932,NS,0.28902761003564503,0.011995745769173316,1.9209727469984679,NS
Td00001aa040383_T001,-0.104697378666693,0.669810355780894,0.174048142219068,NS,-0.122642943916383,0.0811066141927615,1.09094372790611,NS,-0.11367016129153801,0.3252734875824769,0.4877513337850677,NS
Td00001aa040453_T001,-0.99136969485656,0.0998654703124615,1.00058464836054,NS,0.177336141318835,0.993646319053891,0.00276817195750519,NS,-0.4070167767688625,0.45884797045623954,0.33833118489590525,NS
Td00001aa040459_T001,0.351628329102782,0.344198042469162,0.463191603930768,NS,-0.501252509063454,5.1930179793854e-4,3.28458017377807,NS,-0.07481208998033598,0.00553922086254074,2.2565513181047328,NS
Td00001aa040475_T001,0.550900664647523,0.0136497754902912,1.8648744917829,NS,-0.267606581092267,0.0653738457649185,1.18459596592355,NS,0.141647041777628,0.0188064768789884,1.7256925556098488,NS
Td00001aa040480_T003,-0.905088352974533,0.0140990377115835,1.85081052782765,NS,-0.237013540784417,0.465656902805108,0.331933954766511,NS,-0.571050946879475,0.08135820291313198,1.0895986529261414,NS
Td00001aa040497_T001,0.491596594410448,0.0611291706168624,1.21375149655381,NS,-0.0991305920041742,0.843656713503586,0.0738342331836544,NS,0.19623300120313691,0.31631249140158646,0.49988365715268895,NS
Td00001aa040501_T002,0.104336659814736,0.487223039669474,0.312272183091246,NS,0.0639005279037092,0.966547923384867,0.0147766079100051,NS,0.0841185938592226,0.9084913670210879,0.04167919523862997,NS
Td00001aa040532_T001,1.27202318906105,0.323544947503787,0.490065377756031,NS,-0.410012518295192,0.430617294338599,0.365908532141431,NS,0.43100533538292907,0.5443775987204559,0.26409975443171024,NS
Td00001aa040539_T001,-0.717856771218502,0.037992093598175,1.42030677348708,NS,-0.106818660029137,0.968529010378604,0.0138873663143554,NS,-0.4123377156238195,0.2597818738204173,0.5853911549350491,NS
Td00001aa040556_T001,0.0786098346963665,0.924884181949869,0.033912648114248,NS,0.473857238321359,0.0123409257866367,1.90865225935088,NS,0.27623353650886273,0.1213020359835372,0.9161319096940628,NS
Td00001aa040565_T001,0.16349873228288,0.937381246801419,0.0280837392008414,NS,0.097378764716262,0.68566101458814,0.163890543010305,NS,0.130438748499571,0.9742500943188637,0.011329543490458064,NS
Td00001aa040573_T003,0.36513259345253,0.2204258982565,0.656737380740763,NS,0.300034616547058,2.00596052999542e-5,4.69767761656676,NS,0.332583604999794,2.903334579425839e-4,3.537102913315564,NS
Td00001aa040574_T002,-0.696657605512669,0.0396233772203047,1.40204851098741,NS,-1.06248969379184,1.51571924725849e-11,10.8193812344942,Down,-0.8795736496522545,4.674820070514421e-10,9.330235100061305,NS
Td00001aa040575_T001,1.73984810269933,0.0150699013475838,1.82188959070728,Up,2.6468049312422,1.46516364426051e-14,13.8341138662107,Up,2.193326516970765,5.7840476744775e-13,12.23776813606671,Up
Td00001aa040576_T001,0.207892851641333,0.272301268964831,0.564950334777775,NS,-0.0867438529357942,0.302815579475889,0.518821784699199,NS,0.0605744993527694,0.4136700194557418,0.38334595325664544,NS
Td00001aa040603_T002,0.0908534304511135,0.950761006085595,0.0219286384595562,NS,0.125019212299536,0.919659553870045,0.036372913131672,NS,0.10793632137532475,0.9996572672230563,1.4887246698859125e-4,NS
Td00001aa040622_T001,0.522055749160964,0.130692779595441,0.88374840529227106,NS,0.306208490043481,0.368745343550092,0.433273455171797,NS,0.4141321196022225,0.3043578531496056,0.5166154879456749,NS
Td00001aa040675_T001,-0.0558912008920452,0.684492906538856,0.164631048139188,NS,0.0515139823161075,0.99972305132469,1.2029393985005e-4,NS,-0.0021886092879688478,0.9857199257547417,0.006246464346554957,NS
Td00001aa040687_T001,-0.0573916638883367,0.896774887720454,0.0473165617390587,NS,-0.373670410436099,0.00308656577685085,2.51052446348256,NS,-0.21553103716221783,0.04378684995610508,1.3586562970067568,NS
Td00001aa040852_T003,-0.529072742524873,0.122578990213826,0.911583960617859,NS,-0.70879938411931,9.1513219070716e-4,3.03851616762965,NS,-0.6189360633220915,0.0038398426118063525,2.4156865762118516,NS
Td00001aa041092_T001,1.03913839390696,0.00649580271218972,2.18736717377742,Up,0.0896480683836493,0.954326557239918,0.0203029903485282,NS,0.5643932311453047,0.07862808207579869,1.104422317670326,NS
Td00001aa041123_T001,-0.334607228958109,0.18587085957003,0.730788692637663,NS,-0.545970010353855,0.0165131615277719,1.78216977091527,NS,-0.440288619655982,0.04719475272645962,1.3261062850232161,NS
Td00001aa041145_T001,-0.145605322246899,0.901813228950376,0.0448833981955494,NS,1.75967378190207,2.24790285071069e-7,6.64822246192502,Up,0.8070342298275854,2.3115290015398444e-5,4.636100653327042,NS
Td00001aa041149_T001,0.154453592679872,0.493497628749543,0.306714929769345,NS,-0.696131421653622,7.994668693320129e-11,10.0971995291215,NS,-0.270838914486875,1.8491972659090933e-8,7.733016757350261,NS
Td00001aa041185_T002,0.447843644362086,0.477424311424756,0.321095469600758,NS,-0.614375290118451,0.0604957647381706,1.21827502890499,NS,-0.08326582287818252,0.2247429002588717,0.6483140189589035,NS
Td00001aa041193_T002,0.6915341649192,0.0244254196245848,1.61215796643923,NS,0.300830721433463,0.285864833305324,0.543839267659918,NS,0.4961824431763315,0.08513228158163041,1.0699057271734222,NS
Td00001aa041204_T001,-0.0679388286565756,0.344198042469162,0.463191603930768,NS,-0.167609895033466,0.0980806195529503,1.0084167994776,NS,-0.1177743618450208,0.24647601801928565,0.6082253309448509,NS
Td00001aa041212_T001,-0.734563103950902,0.0805777718512207,1.09378474595855,NS,-0.901365936232238,1.2186253551890501e-9,8.91412979001909,NS,-0.81796452009157,3.969099266396582e-8,7.401308039336935,NS
Td00001aa041214_T001,0.285698125958125,0.26532443789691,0.576222747171865,NS,0.182843510407398,0.0580126164021505,1.23647754716139,NS,0.2342708181827615,0.15003799298794293,0.8237987539060874,NS
Td00001aa041232_T001,-0.0306192350583921,0.928405783472546,0.0322621627848514,NS,-0.344655193704649,0.0819226320320057,1.08659610301603,NS,-0.18763721438152053,0.39486234749148896,0.403554276889679,NS
Td00001aa041310_T002,-0.682695931638085,0.165453808231939,0.781323232281202,NS,-0.394507561101016,0.014530300282111,1.83772541051159,NS,-0.5386017463695505,0.039487691593535476,1.4035382538930405,NS
Td00001aa041311_T003,0.29983076182237,0.535156444434525,0.271519240366338,NS,-0.0950416145839662,0.592540875182946,0.22728168539533,NS,0.1023945736192019,0.7900889286801147,0.1023240238216304,NS
Td00001aa041345_T001,-0.0740005814437769,0.709311285852055,0.14916313003688,NS,0.428363703905954,0.0361531687033873,1.44185363225364,NS,0.17718156123108858,0.20923697412500006,0.6793615691374205,NS
Td00001aa041349_T002,-0.302226180444814,0.297570809988022,0.526409672867028,NS,0.0328712815784203,0.391539501905797,0.407224415996109,NS,-0.13467744943319682,0.4998443343634982,0.3011652261697258,NS
Td00001aa041359_T001,-0.349235440883098,0.0336221272977957,1.47337481188208,NS,-0.477412300044268,0.0193906552150896,1.71240751575419,NS,-0.413323870463683,0.014828926115200942,1.828890298676899,NS
Td00001aa041368_T001,-0.334607228958109,0.00168752108841712,2.77275079122229,NS,-0.433162519882168,7.42493770928032e-5,4.12930718546251,NS,-0.3838848744201385,1.556053807392582e-5,4.807975389448098,NS
Td00001aa041369_T001,0.448900951145128,0.0189715351598407,1.72189752496415,NS,0.40356234684572,1.5170102220106e-6,5.8190114928139,NS,0.426231648995424,4.426913244684715e-6,5.353898988914282,NS
Td00001aa041436_T001,-0.168122758808327,0.692512811619434,0.159572187658234,NS,0.473246623613078,0.081034449747955,1.09133031254391,NS,0.1525619324023755,0.33159032807769145,0.4793981455637048,NS
Td00001aa041517_T001,0.818032474658094,0.595013904054554,0.225472885727558,NS,0.582496551339537,0.273207409453899,0.563507526654828,NS,0.7002645129988155,0.5880143947993753,0.23061204211193,NS
Td00001aa041542_T001,-1.03209362970985,0.0137004449226945,1.86326532887764,Down,-1.39442578491291,0.00212740157272271,2.67215052403409,Down,-1.21325970731138,0.0013122729144425557,2.881975834997946,Down
Td00001aa041571_T001,-0.42081985187285,0.22622102159991,0.6454670406986,NS,0.0154057770004686,0.998198916138797,7.8290603390691e-4,NS,-0.20270703743619067,0.68491381014302255,0.16436407687895893,NS
Td00001aa041578_T002,1.61306010689612,0.0123261565469766,1.90917232086168,Up,1.20594618665779,4.8070134760087e-6,5.31812466036605,Up,1.409503146776955,8.185284628704995e-6,5.086966214171802,Up
Td00001aa041620_T003,-0.678071905112638,0.0833077182712928,1.07931476032971,NS,-0.656641203496487,8.62926106214848e-5,4.06402639204508,NS,-0.6673565543045625,4.28478840366039e-4,3.3680706200398918,NS
Td00001aa041623_T001,0.181420640280142,0.771486633385952,0.112671594029882,NS,0.0939245128152488,0.415312084528229,0.381625431838424,NS,0.13767257654769538,0.793706126764103,0.10034026728215303,NS
Td00001aa041632_T001,0.136191386287144,0.362651398165571,0.440510643820816,NS,-0.465043817225917,0.00182878252949774,2.73783793577806,NS,-0.1644262154693865,0.015002870537778372,1.823825638314557,NS
Td00001aa041669_T003,0.121678556588252,0.359033802588587,0.44486466120828,NS,0.111123197895539,0.878694879691873,0.0561619043009629,NS,0.11640087724189549,0.7886861148509096,0.10309580504276215,NS
Td00001aa041689_T003,0.337996463515016,0.291374483107414,0.535548483900529,NS,0.415391754288909,1.56593396496038e-5,4.8052265559805,NS,0.37669410890196253,2.970645555528982e-4,3.5271491632286023,NS
Td00001aa041768_T003,-1.69899774396719,0.137658610194552,0.861196619410237,NS,-1.09814087998939,0.0276052039493211,1.55900903991172,Down,-1.39856931197829,0.05523889946361889,1.2577549825488488,NS
Td00001aa041775_T001,0.319617934200161,0.274034988520116,0.562193983343432,NS,-0.133778057721909,0.405509906345133,0.391998531789506,NS,0.09291993823912599,0.48637914206427835,0.31302505766751226,NS
Td00001aa041887_T001,-0.0188780102056894,0.857309806132948,0.0668622086714089,NS,0.0158132540928074,0.223908314464405,0.649929779315265,NS,-0.0015323780564410003,0.6393330258068645,0.1942728607855608,NS
Td00001aa041987_T001,0.730313886293776,0.0159651814950021,1.79682613996012,NS,0.340039144635759,0.0502652418762785,1.29873222327954,NS,0.5351765154647675,0.0174029790917709,1.7593764015810551,NS
Td00001aa042001_T001,-0.766111939825723,0.114073176732285,0.942816463966091,NS,-0.353430918373818,0.149873437418173,0.824275331827724,NS,-0.5597714290997705,0.1605018042304783,0.7945200812470425,NS
Td00001aa042008_T001,0.018634174139051,0.620483411785518,0.207269824586384,NS,-0.180692022512592,0.00475727377592218,2.32264185468669,NS,-0.0810289241867705,0.0458217731662049,1.3389281089179381,NS
Td00001aa042074_T002,-0.907792561902911,0.0609342625795407,1.21513844028974,NS,0.0282139089029296,0.999999857843092,6.17379649141401e-8,NS,-0.4397893264999907,0.34764113936289504,0.45886883538476764,NS
Td00001aa042095_T001,-1.3040061868901,0.38338136571354,0.416368999868116,NS,-1.23393377082252,2.0208063608546e-4,3.69447529976591,Down,-1.26896997885631,0.0028962626035634654,2.53816206329393,Down
Td00001aa042108_T003,0.105678077894537,0.799116366783111,0.0973899744131816,NS,0.0927022861800878,0.231999538542378,0.634512878939696,NS,0.09919018203731239,0.6288984945488947,0.2014194448801188,NS
Td00001aa042109_T001,-0.800877357986399,0.106328238507935,0.973351380824549,NS,-0.644618172991809,6.04869461742259e-5,4.21833834131777,NS,-0.722747765489104,3.9195665096456746e-4,3.406761961775217,NS
Td00001aa042128_T001,-0.0188780102056894,0.395969766089019,0.40233797296836,NS,-0.198733981312126,0.0112410767123073,1.94919208842726,NS,-0.1088059957589077,0.06211715732543,1.2067884271567402,NS
Td00001aa042132_T001,-0.110915901401851,0.463529706805954,0.333922427455893,NS,-0.808987702133281,2.2146549909616e-4,3.65469392054338,NS,-0.459951801767566,0.0036006969022437255,2.4436134349250684,NS
Td00001aa042204_T001,0.175045486110914,0.220714345619582,0.656169438379131,NS,-0.199343366230621,0.0294421550574524,1.53103040441247,NS,-0.012148940059853494,0.08080316554593471,1.0925716249654867,NS
Td00001aa042231_T001,0.0772429989324604,0.577758756565309,0.238253463591518,NS,-0.0563386677213999,0.997874170810742,9.2421860022971e-4,NS,0.010452165605530247,0.9531155911324138,0.02085442617515819,NS
Td00001aa042258_T001,-0.356605546520108,0.119882710952483,0.921243444752152,NS,-0.807697981119707,1.87792957122274e-5,4.72632069929189,NS,-0.5821517638199075,1.6657542576362474e-4,3.7783890680099597,NS
Td00001aa042297_T002,-0.601649629654035,0.193667681402053,0.712942846807003,NS,0.321578788189404,0.634392683543258,0.197641834383885,NS,-0.1400354207323155,0.5129764084340336,0.2899026074466875,NS
Td00001aa042298_T001,0.793271654498083,0.00454607315265524,2.34236358015111,NS,0.417185906304232,5.7366562490082e-9,8.24134117306189,NS,0.6052287804011576,1.2724423753041509e-8,7.895361876302869,NS
Td00001aa042321_T002,-0.330973234490369,0.192542776965642,0.715472768824177,NS,-0.671178858293332,1.02092020164159e-5,4.99100820241955,NS,-0.5010760463918504,1.5049259428063543e-4,3.8224848711145842,NS
Td00001aa042752_T001,0.15704371014558,0.41862008898581,0.378179934319497,NS,-0.188009865889388,0.529878315713371,0.275823852817655,NS,-0.015483077871904005,0.6796898582743376,0.16768921018418523,NS
Td00001aa042757_T001,-0.00433459026389113,0.812905226475607,0.0899600841942499,NS,-0.421753549720377,0.0331894244228514,1.47900027914147,NS,-0.21304406999213404,0.2156996942286695,0.6661504705437029,NS
Td00001aa042779_T001,-0.0619024389259069,0.620567731960215,0.207210810440472,NS,-0.0233762370597473,0.953123347278114,0.0208508920418336,NS,-0.0426393379928271,0.9582867675241813,0.01850450875346141,NS
Td00001aa042789_T001,0.0908534304511135,0.32104362682737,0.4934359470251,NS,-0.502692122088671,0.0189324475187165,1.72279323837835,NS,-0.20591934581877874,0.07761267006138278,1.1100673755384332,NS
Td00001aa042790_T001,-0.204233052217608,0.352919663177144,0.452324143931244,NS,-1.5434564381123,7.5518636392452e-8,7.12194586050792,Down,-0.873844745164954,4.160221791030955e-6,5.380883515514305,NS
Td00001aa042960_T001,-0.00868224309980088,0.971569931543906,0.0125259343430591,NS,-0.766462144420604,9.93642818820301e-5,4.00276970181253,NS,-0.38757219376020247,0.0034361208393870876,2.463931571570653,NS
Td00001aa043113_T001,0.271425676092934,0.699126396779193,0.155444299989259,NS,0.317007149257515,0.0638004924824798,1.19517596890269,NS,0.29421641267522447,0.29147114740017455,0.5354044293957659,NS
Td00001aa043176_T004,-0.148800661406706,0.572019524316556,0.242589147503772,NS,-0.0396461297676939,0.993150048169222,0.0029851319990865,NS,-0.09422339558719994,0.9510528521043661,0.021795347689834807,NS
Td00001aa043199_T001,-1.03800632257974,0.0336268924148131,1.47331326558628,Down,0.237233430040376,0.999995214000798,2.07853801760046e-6,NS,-0.400386446269682,0.2458992281133466,0.6092428345253754,NS
Td00001aa043200_T003,0.495695162624069,0.0847270026591849,1.07197815711963,NS,0.564364084551358,6.82505768178693e-6,5.16589367384385,NS,0.5300296235877135,5.476216093102647e-5,4.261519422811532,NS
Td00001aa043402_T001,-0.388355456626338,0.12206487128267,0.913409302501913,NS,-0.29632503600387,0.055136409680153,1.25856151728109,NS,-0.342340246315104,0.08291651862446504,1.0813589407065465,NS
Td00001aa043409_T001,-0.160040412510468,0.358100405313216,0.445995187434917,NS,0.0502380630065377,0.862982496958983,0.0639980125712522,NS,-0.05490117475196515,0.7826211556602118,0.10644841651416734,NS
Td00001aa043432_T001,-0.415037499278844,0.145758789031729,0.836365248487314,NS,-0.732208714383243,0.00669861537349211,2.17401495816434,NS,-0.57362310683104345,0.02017049044586621,1.695283541780104,NS
Td00001aa043541_T001,-0.107803289534515,0.170856296480386,0.767369011736163,NS,-0.179599730681275,0.114195874512038,0.942349585311013,NS,-0.143701510107895,0.17476043096791788,0.7575568929693481,NS
Td00001aa043569_T001,-0.577766999316952,0.245968650513342,0.609120241582235,NS,-0.731291301003679,0.00281286282793686,2.55085144612226,NS,-0.6545291501603154,0.015554119412662184,1.8081545711863989,NS
Td00001aa043572_T002,-0.0394882898809755,0.746644584280697,0.126886080671469,NS,-0.352500731472613,0.094810087758158,1.02314545143173,NS,-0.19599451067679424,0.37795052094690507,0.4225650517136743,NS
Td00001aa043622_T002,0.477159211186641,0.141136482789514,0.850360709660415,NS,0.363288028707785,6.83908012677341e-7,6.16500230803599,NS,0.420223619947213,1.2477648799541284e-5,4.90386724234468,NS
Td00001aa043628_T001,-1.23446525363702,0.0296095931177192,1.52856756045749,Down,-0.557167754790863,0.128085045107463,0.892501574443071,NS,-0.8958165042139414,0.05519663640099541,1.258087386709123,NS
Td00001aa043635_T001,-0.0649174766813385,0.58688604209574,0.231446219184472,NS,-0.724681947869517,6.1818524140412e-8,7.20888136752451,NS,-0.39479971227542776,5.434496281710942e-6,5.2648407040545004,NS
Td00001aa043715_T002,-0.265344566520995,0.0693794151115281,1.15876936570622,NS,0.190750478058452,0.927514156223777,0.0326794532245566,NS,-0.03729704423127149,0.35791078800450365,0.44622521108130975,NS
Td00001aa043724_T001,-0.575615328461903,7.2617937000237e-4,3.13895609310062,NS,-0.647820872369129,5.78503787063675e-8,7.2376937936777,NS,-0.611718100415516,1.9338400287378194e-8,7.71357945450839,NS
Td00001aa043750_T003,-0.0740005814437769,0.237614504948491,0.624127051793475,NS,-1.30825222727724,1.7718743768072e-4,3.75156707217436,Down,-0.6911264043605085,0.0017709094915739551,2.7518036343573264,NS
Td00001aa043761_T001,0.00575926928868495,0.857437212909428,0.0667976719677792,NS,-0.105377219361952,0.0175869707080864,1.75480895975003,NS,-0.04980897503663353,0.14827224318941865,0.8289401420122362,NS
Td00001aa043907_T001,-1.05289494843213,0.425788094267122,0.370806486313338,NS,-0.782454580390848,2.47491633926789e-7,6.60643947713785,NS,-0.917674764411489,1.3384746465624738e-5,4.873389850821686,NS
Td00001aa043910_T001,0.0827025893302493,0.43109959576263,0.365422384379101,NS,-0.024065598165915,0.991574992412071,0.00367443470211403,NS,0.029318495582167148,0.8786953157712594,0.05616168876900911,NS
