orthogroup,log2FC,padj,species,DAP,rank
OG0000006,-1.577766999316952,0.155105599377638,Ag,NS,2223
OG0000012,-0.07887567660974312,0.791266286787057,Ag,NS,992
OG0000013,1.0426443374084935,1,Ag,NS,97
OG0000014,-1.3051935781215855,0.0470481969298305,Ag,DOWN,2199
OG0000017,-0.46822599072282767,0.122842367595967,Ag,NS,1774
OG0000034,0.9778320085450787,0.00305750071933148,Ag,NS,104
OG0000037,-0.3688249140813722,0.198056846685052,Ag,NS,1597
OG0000047,-0.6396658401965992,0.0847837383515174,Ag,NS,1949
OG0000056,-0.6035889784992245,0.0685986115613743,Ag,NS,1916
OG0000059,-1.6259342817774622,1,Ag,NS,2227
OG0000104,0.18629991002977891,0.884934800204294,Ag,NS,503
OG0000110,0.49240913356001476,0.031423668161717,Ag,NS,251
OG0000122,-0.5858011939150833,0.0217159373467857,Ag,NS,1900
OG0000161,-1.6816191343338707,0.0212805407110421,Ag,DOWN,2231
OG0000166,0.15833702716710066,1,Ag,NS,551
OG0000173,0.22215542710944675,1,Ag,NS,454
OG0000175,-0.6425330550364374,0.280134238955694,Ag,NS,1951
OG0000197,-0.439595782999863,0.896012273633124,Ag,NS,1738
OG0000200,-0.1456053222468993,1,Ag,NS,1126
OG0000213,0.4308204965197715,1,Ag,NS,282
OG0000224,0.527642259093632,0.0536254453114337,Ag,NS,234
OG0000229,0.1471195091294129,5.3076157246977e-4,Ag,NS,569
OG0000231,0.04404433270602122,1,Ag,NS,761
OG0000246,-0.25897032015000077,0.385633922341535,Ag,NS,1366
OG0000247,-0.5994620704162712,0.549388502058205,Ag,NS,1914
OG0000260,-0.5269819482413606,0.164591244488091,Ag,NS,1833
OG0000267,-0.195946441032647,0.940535177737036,Ag,NS,1250
OG0000270,0.02856915219677092,1,Ag,NS,782
OG0000273,0.8007446239367776,1,Ag,NS,140
OG0000286,0.1986290132999861,0.698949367310445,Ag,NS,486
OG0000288,2.1891538487995357,0.00217309480965639,Ag,UP,11
OG0000289,1.2682632122397117,0.00574845484869436,Ag,UP,71
OG0000291,-0.1648843847417823,1,Ag,NS,1183
OG0000300,-0.14568300305566473,0.777868662485813,Ag,NS,1130
OG0000301,-0.41311518714781525,1,Ag,NS,1686
OG0000305,-1.6084427522645226,2.8107022831052e-4,Ag,DOWN,2226
OG0000306,-0.7393720918733014,0.0536254453114337,Ag,NS,2016
OG0000316,0.18553092122365675,1,Ag,NS,504
OG0000323,-0.1818170569881138,1,Ag,NS,1219
OG0000331,-0.5563933485243852,0.0548346824774358,Ag,NS,1874
OG0000332,0.5186246342785842,0.619898316863877,Ag,NS,238
OG0000336,-0.5950968778548693,0.106499948373213,Ag,NS,1909
OG0000338,-0.4208198518728499,0.988440753912069,Ag,NS,1706
OG0000343,-0.23107466443624883,1,Ag,NS,1308
OG0000355,-0.050597652057351186,0.374823852859717,Ag,NS,935
OG0000358,-0.8390798118188968,0.0223282346505309,Ag,NS,2072
OG0000380,0.688403563416724,1,Ag,NS,165
OG0000384,-0.4188898247744504,0.896012273633124,Ag,NS,1697
OG0000386,0.08270877519883285,0.406487944333781,Ag,NS,684
OG0000390,0.951587794814754,0.385558832174547,Ag,NS,106
OG0000402,-0.4087097816760635,0.423372215032549,Ag,NS,1678
OG0000403,-0.9213901653036336,0.0983615399826012,Ag,NS,2107
OG0000405,-0.40827478436338693,0.054481163605303,Ag,NS,1677
OG0000406,-0.9268652953697848,1,Ag,NS,2110
OG0000423,-0.1827860757416734,1,Ag,NS,1220
OG0000433,-1.945633608636037,0.00633849050220367,Ag,DOWN,2237
OG0000434,-0.09751304007590951,0.0405096600101967,Ag,NS,1032
OG0000461,0.9312427558630445,0.149865098113652,Ag,NS,113
OG0000462,-0.39576250121494466,1,Ag,NS,1650
OG0000464,-0.488026018218199,0.507687214443909,Ag,NS,1799
OG0000468,0.3851548968843438,1,Ag,NS,305
OG0000486,-0.6208432940000909,1,Ag,NS,1935
OG0000495,-0.584241333477502,0.711637576539484,Ag,NS,1897
OG0000496,-0.03356953269370183,1,Ag,NS,905
OG0000498,-0.13606154957602837,1,Ag,NS,1106
OG0000500,-0.1504009888485484,0.941802916254138,Ag,NS,1142
OG0000507,0.08246693380737068,0.849323099087131,Ag,NS,687
OG0000508,-0.1440103026915193,1,Ag,NS,1122
OG0000523,0.5651215892732776,0.0725841517429015,Ag,NS,215
OG0000527,-0.3833729906452994,1,Ag,NS,1630
OG0000528,-0.04651623135386371,0.983557657572412,Ag,NS,925
OG0000538,-0.7429341343004499,0.646472921515234,Ag,NS,2018
OG0000565,-0.6326571884121368,0.0534853094637296,Ag,NS,1946
OG0000591,-0.16673531103798023,1,Ag,NS,1190
OG0000595,-0.23616354110904855,1,Ag,NS,1317
OG0000596,-0.16167953563080198,0.598708247313232,Ag,NS,1179
OG0000620,0.28725326013487307,1,Ag,NS,389
OG0000628,-0.24127043154213737,0.763929512337463,Ag,NS,1327
OG0000630,0.08965870201714222,1,Ag,NS,676
OG0000642,1.7927758606526236,0.0291849831507072,Ag,UP,31
OG0000646,0.22266948334020717,0.228298660720295,Ag,NS,453
OG0000648,-0.3864683470820729,0.9884335455135,Ag,NS,1634
OG0000654,1.495101868467956,0.00892797863304662,Ag,UP,56
OG0000666,0.05519565424212462,1,Ag,NS,738
OG0000670,0.776525151421912,0.0120234515032532,Ag,NS,147
OG0000676,0.4318903482861805,0.783789503437232,Ag,NS,280
OG0000686,-0.5972778231543953,1,Ag,NS,1912
OG0000694,-0.00433459026389112,1,Ag,NS,842
OG0000704,-0.5500425163719965,0.447975840937219,Ag,NS,1862
OG0000708,-0.003958942415601491,1,Ag,NS,841
OG0000710,0.3978641427074079,0.004619067661094,Ag,NS,297
OG0000715,-2.1570034139372067,0.054481163605303,Ag,NS,2243
OG0000719,0.07789727950469248,1,Ag,NS,698
OG0000723,0.15574923267794483,1,Ag,NS,556
OG0000731,0.3021727997407522,0.626760215360637,Ag,NS,367
OG0000732,-0.588573754273535,0.533908371169981,Ag,NS,1902
OG0000736,-1.431571036285465,1,Ag,NS,2212
OG0000737,0.1951307804596203,1,Ag,NS,491
OG0000744,-0.017227665056546847,1,Ag,NS,865
OG0000746,-0.14880066140670606,1,Ag,NS,1134
OG0000750,0.6229303509201767,0.989478980343197,Ag,NS,185
OG0000758,-0.30757280191029224,0.469771274033523,Ag,NS,1470
OG0000762,-0.3346072289581085,0.434881089487579,Ag,NS,1527
OG0000763,-0.19264507794239588,0.924081817354573,Ag,NS,1243
OG0000764,-0.14241704461585192,1,Ag,NS,1119
OG0000769,-0.23956612532988847,1,Ag,NS,1324
OG0000776,0.15574923267794483,1,Ag,NS,556
OG0000787,-0.4320172108450656,0.174040804511685,Ag,NS,1725
OG0000799,-0.36215793967589505,0.494281567285362,Ag,NS,1588
OG0000800,0.025940783385650826,1,Ag,NS,789
OG0000803,0.07176266930009127,1,Ag,NS,705
OG0000807,0.21038886444540292,1,Ag,NS,474
OG0000812,-0.32606287452249005,0.781698118635393,Ag,NS,1513
OG0000815,-0.31099947958840235,0.18401681106304,Ag,NS,1477
OG0000820,-1.1046973786666932,0.244946226583561,Ag,NS,2163
OG0000823,0.5978387840809497,0.00494880244618342,Ag,NS,201
OG0000837,0.12697285625776553,1,Ag,NS,609
OG0000839,-0.1987705188059066,1,Ag,NS,1255
OG0000840,0.596526290867123,0.364657679654637,Ag,NS,202
OG0000851,0.06030735362555684,1,Ag,NS,729
OG0000861,0.16905415684984143,0.931051732815288,Ag,NS,536
OG0000863,1.4581121948051492,0.00246597991587249,Ag,UP,59
OG0000864,-0.6665762662748083,0.45385781945933,Ag,NS,1967
OG0000868,-0.1109159014018506,1,Ag,NS,1058
OG0000880,-0.4739469897143937,0.597149834475128,Ag,NS,1784
OG0000881,-0.4592865522050019,0.216142197807195,Ag,NS,1766
OG0000882,-0.12658049656514306,1,Ag,NS,1092
OG0000884,-0.49207853504267185,1,Ag,NS,1804
OG0000885,-0.3057883922321094,1,Ag,NS,1465
OG0000889,-0.8613670510574363,0.137705730108158,Ag,NS,2081
OG0000890,-0.12621435168155157,1,Ag,NS,1091
OG0000894,-0.6529013293777317,1,Ag,NS,1959
OG0000904,-0.39166779110490185,0.56992213633744,Ag,NS,1643
OG0000906,-0.27137937140148205,1,Ag,NS,1389
OG0000915,-0.588573754273535,0.764017957451203,Ag,NS,1902
OG0000926,-0.4405023500372799,1,Ag,NS,1741
OG0000929,0.5360529002402097,1,Ag,NS,229
OG0000940,-0.5166356392866507,0.0771747727384529,Ag,NS,1822
OG0000941,-0.49898649771152037,0.250297872739521,Ag,NS,1811
OG0000942,-0.1440103026915193,1,Ag,NS,1122
OG0000943,-1.4305089080412838,0.0651428434102598,Ag,NS,2211
OG0000945,0.5646220524369807,0.207337601566967,Ag,NS,216
OG0000955,0.5538519681811257,1,Ag,NS,218
OG0000962,0.05935527761642124,1,Ag,NS,730
OG0000966,-0.2159148572652431,1,Ag,NS,1285
OG0000973,-0.434939160155132,0.931231434340841,Ag,NS,1729
OG0000976,0.3867095658242138,0.0562400122696242,Ag,NS,303
OG0000979,0.02005765234125347,1,Ag,NS,797
OG0000980,-0.0291463456595165,1,Ag,NS,895
OG0000989,0.7280582169862923,0.658648495630068,Ag,NS,156
OG0000994,-0.9885043611621706,0.00798050512168255,Ag,NS,2131
OG0001000,-0.07704103576382801,1,Ag,NS,988
OG0001003,0.3038462478577756,1,Ag,NS,365
OG0001014,-0.01374924638901712,1,Ag,NS,862
OG0001025,-0.45997273074249273,1,Ag,NS,1767
OG0001032,-0.3291596641184381,1,Ag,NS,1518
OG0001033,-0.5522238680057208,0.0962859166388103,Ag,NS,1871
OG0001038,-0.5367497608832399,0.903479112667252,Ag,NS,1846
OG0001043,0.2582173895360179,1,Ag,NS,417
OG0001047,-0.3186584192847716,0.356874901304614,Ag,NS,1492
OG0001055,-0.5311560570253625,0.47971503019751,Ag,NS,1839
OG0001058,-0.4579896444633908,1,Ag,NS,1764
OG0001069,-0.10963834078020504,1,Ag,NS,1057
OG0001070,0.2558028366027179,1,Ag,NS,422
OG0001074,-0.028978120957157887,1,Ag,NS,894
OG0001076,-0.8747568727391344,0.0888979226052492,Ag,NS,2088
OG0001078,0.20288728897493796,1,Ag,NS,482
OG0001080,0.17117041423062238,1,Ag,NS,532
OG0001082,-0.04097178105630617,1,Ag,NS,917
OG0001087,-0.42275246440684927,0.597149834475128,Ag,NS,1711
OG0001090,-0.28278970098040423,1,Ag,NS,1412
OG0001094,-0.018188957445296083,0.266536396528317,Ag,NS,868
OG0001108,0.269033146455237,1,Ag,NS,408
OG0001110,0.10958147166077954,0.212330075272669,Ag,NS,643
OG0001124,-1.632568250254941,0.0339971105256325,Ag,DOWN,2228
OG0001126,-0.48398485299633537,1,Ag,NS,1796
OG0001127,-0.08695255570116651,1,Ag,NS,1009
OG0001134,-0.33642766458247736,0.816279599541791,Ag,NS,1533
OG0001137,-0.3695945285176767,0.590223231510057,Ag,NS,1599
OG0001139,0.8494488260420008,0.153246849980565,Ag,NS,133
OG0001145,0.4761224198801521,1,Ag,NS,258
OG0001150,-0.71139117362839,0.28740228622896,Ag,NS,1994
OG0001162,0.15029968467476723,0.22003307892698,Ag,NS,562
OG0001180,0.09292566279553115,0.678364177187468,Ag,NS,670
OG0001185,-0.488026018218199,1,Ag,NS,1799
OG0001187,-0.16750743311867736,0.00548598676405933,Ag,NS,1194
OG0001200,-0.2125675354831321,1,Ag,NS,1278
OG0001208,-0.248107861595691,0.140769783382156,Ag,NS,1342
OG0001216,-0.00578235259400611,1,Ag,NS,843
OG0001221,0.11370049916472832,1,Ag,NS,629
OG0001223,-0.27578631324264175,1,Ag,NS,1396
OG0001228,-0.08022979016869075,1,Ag,NS,995
OG0001236,-1.077041035763828,0.519985461196085,Ag,NS,2154
OG0001241,-0.1324989032523453,1,Ag,NS,1103
OG0001243,-0.7107557148433575,0.00114724010800748,Ag,NS,1991
OG0001259,-0.8228303433107362,0.0254506849325041,Ag,NS,2066
OG0001266,-0.33732299541404903,0.045412381071017,Ag,NS,1536
OG0001269,-0.1545942484544386,0.988172442742364,Ag,NS,1154
OG0001272,-0.29340877798856213,0.147292636041516,Ag,NS,1440
OG0001287,0.5897634869849773,0.0536254453114337,Ag,NS,204
OG0001296,1.1810633536372501,0.0164511610241558,Ag,UP,81
OG0001302,-0.23616354110904855,1,Ag,NS,1317
OG0001304,-0.20922796213800007,0.389766789213049,Ag,NS,1272
OG0001308,-0.3493302649970442,0.00892797863304662,Ag,NS,1564
OG0001322,-1.6398660215270513,0.0132930473439381,Ag,DOWN,2229
OG0001328,0.58683330265602,0.330858242366004,Ag,NS,206
OG0001338,0.0975077317031259,0.545527512071895,Ag,NS,662
OG0001340,-0.2968993003958401,0.416840119016529,Ag,NS,1446
OG0001361,-1.560642821525743,0.151360787469534,Ag,NS,2222
OG0001363,-0.5063526660247899,0.0281359477450009,Ag,NS,1815
OG0001366,-0.22095044716254147,1,Ag,NS,1289
OG0001369,-0.158547548762101,0.711677174662978,Ag,NS,1167
OG0001372,-0.8970060066766743,0.024219184484783,Ag,NS,2099
OG0001379,-0.18442457113742744,1,Ag,NS,1223
OG0001380,-0.23616354110904855,1,Ag,NS,1317
OG0001381,-0.33097323449036925,0.0504757917832,Ag,NS,1519
OG0001383,1.2761988650322418,1,Ag,NS,70
OG0001417,-0.25842515258120435,0.149172989626123,Ag,NS,1361
OG0001432,-0.1600661881644637,0.256028228890501,Ag,NS,1173
OG0001439,-0.4538259090163288,1,Ag,NS,1761
OG0001450,0.6535186707535996,1,Ag,NS,178
OG0001455,-0.0291463456595165,1,Ag,NS,895
OG0001467,-0.31293931166010763,0.0948807897202051,Ag,NS,1482
OG0001476,0.05380644369579382,1,Ag,NS,742
OG0001479,-0.9137178396724753,0.851821919526265,Ag,NS,2106
OG0001484,-0.41311518714781525,0.235411863234725,Ag,NS,1686
OG0001489,-0.12186323337305248,1,Ag,NS,1081
OG0001495,0.4527027934654697,1,Ag,NS,267
OG0001499,-0.40684802040935314,0.044577306307096,Ag,NS,1674
OG0001503,-0.6462234692810652,0.229246155244113,Ag,NS,1954
OG0001506,0.06595823301121813,0.35806560448103403,Ag,NS,718
OG0001529,0.37476849174903115,0.295687566924448,Ag,NS,312
OG0001536,-0.488026018218199,1,Ag,NS,1799
OG0001541,-0.11751121865823791,0.280005451669809,Ag,NS,1069
OG0001550,-0.306054063455223,1,Ag,NS,1468
OG0001569,-0.02034044828417553,1,Ag,NS,872
OG0001571,0.6050201530624095,1,Ag,NS,196
OG0001580,0.6304054714823233,0.0221616861452161,Ag,NS,183
OG0001588,-0.15521264992094003,1,Ag,NS,1156
OG0001609,-0.9367355591079651,0.0114266259119861,Ag,NS,2115
OG0001612,0.10433665981473551,1,Ag,NS,648
OG0001619,-1.2754038014333118,0.0843038823441318,Ag,NS,2194
OG0001632,0.8508792022078138,0.0029194555631858,Ag,NS,131
OG0001638,-0.608493821292329,1,Ag,NS,1924
OG0001655,-0.7710274302398392,0.364189368445153,Ag,NS,2037
OG0001659,-0.06642736173897607,1,Ag,NS,964
OG0001661,0.03130333720543176,1,Ag,NS,780
OG0001662,-0.38879801857469554,0.863083315610886,Ag,NS,1639
OG0001675,-0.3346072289581085,1,Ag,NS,1527
OG0001684,-0.24982229440694284,1,Ag,NS,1347
OG0001701,-0.3139418409005798,0.155634813933632,Ag,NS,1484
OG0001706,-0.36869044704752696,0.0109030475148092,Ag,NS,1596
OG0001716,-0.732164607902385,0.0239367785534956,Ag,NS,2011
OG0001719,-0.4305089080412838,0.595890075817136,Ag,NS,1720
OG0001721,-0.35107444054687875,1,Ag,NS,1567
OG0001726,-0.4402634755670174,1,Ag,NS,1739
OG0001728,0.20664322398339532,1,Ag,NS,478
OG0001735,-0.10780328953451485,1,Ag,NS,1052
OG0001746,-0.4078217628378,0.227341566409332,Ag,NS,1676
OG0001758,-0.8109661756099832,0.258190363273377,Ag,NS,2061
OG0001760,-0.287583778804,0.127406660512902,Ag,NS,1424
OG0001787,1.227741075839128,0.0165152325061983,Ag,UP,77
OG0001792,-0.7226103011891362,0.0420536306123751,Ag,NS,2001
OG0001828,-0.3566055465201077,0.0035902104398114,Ag,NS,1574
OG0001834,-0.1942948151614887,0.84952708716135,Ag,NS,1245
OG0001843,-0.4208198518728499,0.0699344123526941,Ag,NS,1706
OG0001853,-0.1504009888485484,1,Ag,NS,1142
OG0001856,-0.05589120089204515,1,Ag,NS,945
OG0001868,-0.6170561304310095,1,Ag,NS,1928
OG0001888,-0.5332423842738286,0.0812669725677865,Ag,NS,1841
OG0001890,-1.0409717810563062,0.00892797863304662,Ag,DOWN,2145
OG0001891,0.4353884970158687,0.0916775613093292,Ag,NS,278
OG0001906,-0.12112992622530994,0.637503851489906,Ag,NS,1080
OG0001917,0.13224779829843977,1,Ag,NS,597
OG0001923,0.04963076772460043,1,Ag,NS,754
OG0001935,-0.8943219221054628,0.0536254453114337,Ag,NS,2098
OG0001939,0.15833702716710066,1,Ag,NS,551
OG0001945,-0.3219280948873623,1,Ag,NS,1499
OG0001953,-0.08777329035812653,1,Ag,NS,1011
OG0001959,1.655351828612554,0.00674163196674156,Ag,UP,38
OG0001963,-0.09541956507868243,1,Ag,NS,1025
OG0001975,-0.32082887785880054,1,Ag,NS,1496
OG0001997,-0.06793882865657556,1,Ag,NS,970
OG0002006,-0.2293823533437969,1,Ag,NS,1303
OG0002009,-0.10469737866669324,1,Ag,NS,1043
OG0002013,-0.9241251330248724,0.215393979935466,Ag,NS,2109
OG0002018,0.1016500760944348,1,Ag,NS,655
OG0002021,-0.1616532634787693,1,Ag,NS,1175
OG0002023,-0.3237325917341102,0.410205956786145,Ag,NS,1506
OG0002025,-0.20922796213800007,1,Ag,NS,1272
OG0002040,0.2207417397913224,0.536056963258121,Ag,NS,458
OG0002061,-0.12029423371771177,0.893498609002903,Ag,NS,1075
OG0002062,0.07570862016110808,1,Ag,NS,702
OG0002064,-0.2857797260977744,0.0462632683645054,Ag,NS,1418
OG0002077,-0.1250063610670326,0.996169528996761,Ag,NS,1087
OG0002088,-0.4035418604410144,0.798625464100395,Ag,NS,1665
OG0002090,-0.07552000764097772,1,Ag,NS,986
OG0002091,-0.2688167584278,1,Ag,NS,1383
OG0002100,-0.23446525363702295,0.951860424318413,Ag,NS,1314
OG0002101,0.1583496188797841,1,Ag,NS,550
OG0002113,0.6313371441274813,1,Ag,NS,182
OG0002122,-0.8598757760909294,0.00574634529669289,Ag,NS,2078
OG0002125,-0.17136841831198107,0.824230148147376,Ag,NS,1203
OG0002133,-0.24127043154213737,1,Ag,NS,1327
OG0002139,0.13619138628714403,0.772992959752429,Ag,NS,590
OG0002153,-0.7734914701913203,0.0670897012769934,Ag,NS,2040
OG0002161,-0.12030275630492529,1,Ag,NS,1079
OG0002171,0.41792000781196526,0.501644484839789,Ag,NS,286
OG0002175,-1.214240225572989,0.531972317884627,Ag,NS,2184
OG0002176,-0.488026018218199,1,Ag,NS,1799
OG0002190,0.11103131238874396,1,Ag,NS,638
OG0002191,-0.06307890982605723,1,Ag,NS,959
OG0002197,-0.962969269055033,0.390801401401852,Ag,NS,2124
OG0002208,-0.28032141076287154,0.347755801342392,Ag,NS,1408
OG0002214,0.3807294485035485,0.686285384820356,Ag,NS,307
OG0002228,-0.9406447223835788,0.129321172872967,Ag,NS,2116
OG0002232,-0.1733360557262808,0.923376910830964,Ag,NS,1210
OG0002237,-0.09004494453283649,1,Ag,NS,1013
OG0002238,0.23492007131768516,1,Ag,NS,438
OG0002248,-0.3978282092466207,0.00548598676405933,Ag,NS,1656
OG0002270,0.5983652053236446,0.970698601758913,Ag,NS,200
OG0002286,-0.31293931166010763,1,Ag,NS,1482
OG0002300,-0.8084373492992444,0.0223282346505309,Ag,NS,2060
OG0002316,-1,0.0200439993285326,Ag,NS,2133
OG0002341,-0.3959286763311392,0.248840922093142,Ag,NS,1651
OG0002345,0.7916057247045517,0.0458923743503472,Ag,NS,144
OG0002355,-0.5252131364715593,0.02102156443159659,Ag,NS,1832
OG0002361,-0.19264507794239588,1,Ag,NS,1243
OG0002368,-1.9545570292388328,0.0419953986088286,Ag,DOWN,2238
OG0002379,-0.24127043154213737,0.344923638365764,Ag,NS,1327
OG0002381,-0.36215793967589505,0.23321989503619,Ag,NS,1588
OG0002384,-0.14677070042588974,0.151679520058662,Ag,NS,1131
OG0002396,0.4646682670034442,1,Ag,NS,261
OG0002425,-1.2549778509627354,1.5121333411169e-4,Ag,DOWN,2190
OG0002432,-0.08467032398699055,1,Ag,NS,1005
OG0002435,0.06212171190779749,1,Ag,NS,724
OG0002436,0.1775989293277334,0.962361215679062,Ag,NS,516
OG0002502,-0.04599169382165502,1,Ag,NS,924
OG0002524,1.5389702943412877,0.123418797129278,Ag,NS,51
OG0002531,-0.31473259348315835,1,Ag,NS,1485
OG0002532,-0.05289494843212547,1,Ag,NS,938
OG0002544,-0.6226024166369569,0.539499390566396,Ag,NS,1938
OG0002556,-0.6989977439671857,0.689497447322378,Ag,NS,1982
OG0002558,-0.5269924320838263,1,Ag,NS,1834
OG0002559,0.36848900064510354,1,Ag,NS,314
OG0002575,-0.02326977932284719,1,Ag,NS,879
OG0002591,-0.21445868877362123,1,Ag,NS,1283
OG0002597,-0.00868224309980088,1,Ag,NS,846
OG0002600,-0.5505583202994493,0.733355831960551,Ag,NS,1865
OG0002605,-0.1328942704973453,1,Ag,NS,1104
OG0002615,-0.21256172419441188,0.0264552610002779,Ag,NS,1277
OG0002621,-0.24468509595490195,1,Ag,NS,1335
OG0002630,-0.4363537305159361,0.397752610632873,Ag,NS,1732
OG0002650,-0.19513197307167518,0.764017957451203,Ag,NS,1249
OG0002665,-1.3219280948873622,0.158093185028535,Ag,NS,2203
OG0002674,-0.1648843847417823,1,Ag,NS,1183
OG0002678,-0.19099722506091363,0.631196775264438,Ag,NS,1239
OG0002679,0.1401242239090707,1,Ag,NS,585
OG0002722,0.09491164702546698,1,Ag,NS,666
OG0002725,0.3651325934525299,0.373700238267411,Ag,NS,319
OG0002726,-0.4092782299901589,0.371716023121739,Ag,NS,1679
OG0002730,-0.27578631324264175,1,Ag,NS,1396
OG0002737,-0.03948828988097554,1,Ag,NS,912
OG0002760,-1.524351116190783,0.457715539237224,Ag,NS,2218
OG0002761,-0.14720210718122878,0.671557332484039,Ag,NS,1132
OG0002770,-0.15399355028090728,0.943876232415294,Ag,NS,1153
OG0002771,-0.6192705514964515,0.039524731036781,Ag,NS,1931
OG0002772,-0.033059944475248286,0.38979609318522,Ag,NS,904
OG0002773,-0.2915920165164037,1,Ag,NS,1430
OG0002776,-0.22095044716254147,1,Ag,NS,1289
OG0002784,-0.3959286763311392,0.837360608705008,Ag,NS,1651
OG0002789,-1.4461480318188742,1,Ag,NS,2214
OG0002791,-0.4422223286050742,0.651585535919187,Ag,NS,1743
OG0002818,-0.3046959942655701,1,Ag,NS,1464
OG0002834,1.0962618530584034,0.372971739119668,Ag,NS,91
OG0002854,-0.03948828988097554,1,Ag,NS,912
OG0002858,-0.17299399036102314,0.387273035287788,Ag,NS,1206
OG0002866,-0.15521264992094003,1,Ag,NS,1156
OG0002875,0.5280822655418373,0.637373373951232,Ag,NS,231
OG0002889,-0.6192705514964515,0.0651428434102598,Ag,NS,1931
OG0002897,0.21235867318914992,1,Ag,NS,471
OG0002921,0.2188375910070381,0.721609381503713,Ag,NS,463
OG0002922,-0.4285658841234909,0.387273035287788,Ag,NS,1717
OG0002923,-0.13580984922000616,0.426434584184797,Ag,NS,1105
OG0002924,-0.3022261804448139,0.274055010662044,Ag,NS,1456
OG0002925,2.453649266043291,0.00930750702063028,Ag,UP,5
OG0002945,-0.2276920250415967,1,Ag,NS,1298
OG0002946,0.2630344058337938,0.961847927774219,Ag,NS,412
OG0002952,-0.4540316308947075,0.217150386157531,Ag,NS,1762
OG0002997,0.3103401206121505,0.835550991670721,Ag,NS,359
OG0003023,0.2351143203763572,1,Ag,NS,436
OG0003031,-1.3327890875191293,0.0859609839706983,Ag,NS,2206
OG0003039,0.12084810594330969,1,Ag,NS,621
OG0003045,0.06350294230615795,1,Ag,NS,720
OG0003047,0.33113192221720217,0.372216567010805,Ag,NS,346
OG0003082,-0.45600928033515,1,Ag,NS,1763
OG0003102,-0.2149929886324622,1,Ag,NS,1284
OG0003106,-1.0203404482841756,0.378424030784958,Ag,NS,2139
OG0003111,0.18523225423016085,1,Ag,NS,505
OG0003112,0.01006368334469748,1,Ag,NS,812
OG0003113,-0.1877071551267289,0.896099074807797,Ag,NS,1235
OG0003122,-0.02473667832150644,1,Ag,NS,885
OG0003137,-0.06491747668133854,1,Ag,NS,962
OG0003143,0.05935527761642124,1,Ag,NS,730
OG0003161,-0.6688680777827979,0.720444520967965,Ag,NS,1969
OG0003168,0.7476022302749431,0.054481163605303,Ag,NS,152
OG0003245,-0.22095044716254147,1,Ag,NS,1289
OG0003276,0.10299399332332564,1,Ag,NS,653
OG0003277,-0.5585165204173551,0.363856641374732,Ag,NS,1877
OG0003283,-0.7969951096031058,0.0158829251287945,Ag,NS,2055
OG0003285,0.1928254035523912,1,Ag,NS,495
OG0003287,-0.10927229981059511,0.628976326213576,Ag,NS,1053
OG0003294,0.1016500760944348,1,Ag,NS,655
OG0003296,-0.2863041851566411,0.681601022199166,Ag,NS,1419
OG0003301,0.14795788138710142,1,Ag,NS,566
OG0003319,0.08133962745193878,1,Ag,NS,689
OG0003325,-0.01304303747559888,1,Ag,NS,858
OG0003359,0.4781952579391659,0.469771274033523,Ag,NS,255
OG0003364,1.7957669477823923,1,Ag,NS,30
OG0003369,-0.6803820657998387,0.0940093326188695,Ag,NS,1976
OG0003382,0.32497147733960274,1,Ag,NS,350
OG0003395,-0.4500844463780446,0.401842584842181,Ag,NS,1755
OG0003398,-0.3695945285176767,1,Ag,NS,1599
OG0003400,-0.888968687611256,0.0257579747305089,Ag,NS,2093
OG0003417,0.21163525332714944,1,Ag,NS,472
OG0003421,0.1348780543431117,1,Ag,NS,591
OG0003436,-0.24908936728954478,1,Ag,NS,1346
OG0003440,-0.1877071551267289,0.873293472048329,Ag,NS,1235
OG0003442,-1.0274029193868848,0.0285377160833073,Ag,DOWN,2140
OG0003463,0.15704371014558002,0.163282673645782,Ag,NS,554
OG0003472,0.6069159418252051,0.777868662485813,Ag,NS,195
OG0003478,1.291118058984007,0.0212811363118334,Ag,UP,68
OG0003484,-0.42130478357654755,0.863985968220939,Ag,NS,1710
OG0003486,-0.3566055465201077,1,Ag,NS,1574
OG0003495,-0.4659383975788817,0.483953154371431,Ag,NS,1771
OG0003509,-0.19099722506091363,0.953137052776019,Ag,NS,1239
OG0003530,1.4227712193204742,0.538849626446839,Ag,NS,60
OG0003555,0.5795757744232907,0.974823994298181,Ag,NS,209
OG0003574,0.2974849157105747,1,Ag,NS,374
OG0003576,-0.3255393484397412,1,Ag,NS,1508
OG0003590,-0.131313234677865,1,Ag,NS,1099
OG0003604,-0.20129400622267493,1,Ag,NS,1260
OG0003608,-0.5479317697761891,0.318791097222112,Ag,NS,1859
OG0003613,0.896655390361407,0.385558832174547,Ag,NS,121
OG0003619,-0.28569723846606154,0.904453231247196,Ag,NS,1417
OG0003640,0.05519565424212462,1,Ag,NS,738
OG0003663,-0.34923544088309766,1,Ag,NS,1560
OG0003665,0.17248751551013403,1,Ag,NS,525
OG0003666,-0.1861106779961147,1,Ag,NS,1234
OG0003675,0.06626144226872127,1,Ag,NS,716
OG0003711,-0.9885043611621706,0.838496386967429,Ag,NS,2131
OG0003712,0.22897256976016075,0.557225447456522,Ag,NS,440
OG0003720,0.05380644369579382,1,Ag,NS,742
OG0003728,1.6372674077403346,5.8825986761306e-4,Ag,UP,41
OG0003744,0.3080113145521776,0.798540379302646,Ag,NS,361
OG0003768,0.1915626507007556,1,Ag,NS,496
OG0003785,0.0025655933201965686,1,Ag,NS,833
OG0003789,-0.4285658841234909,0.294227371448008,Ag,NS,1717
OG0003817,0.15055967657538138,0.539771768056816,Ag,NS,561
OG0003852,-1.4324558660935294,0.00899251808240261,Ag,DOWN,2213
OG0003871,0.09356017616233782,1,Ag,NS,669
OG0003900,1.349365277594213,0.155271586304203,Ag,NS,63
OG0003951,-0.27753397552890896,1,Ag,NS,1404
OG0003967,-0.2959799614373027,0.197354845297294,Ag,NS,1445
OG0003977,0.25699798968350634,0.42097990535773,Ag,NS,421
OG0004004,-0.03948828988097554,1,Ag,NS,912
OG0004009,0.07997537672059589,1,Ag,NS,691
OG0004016,-0.06793882865657556,1,Ag,NS,970
OG0004028,-0.06340917017606154,1,Ag,NS,960
OG0004034,-0.16650266314016504,1,Ag,NS,1186
OG0004036,-0.19925537606322247,0.804285548059758,Ag,NS,1256
OG0004053,-1.077041035763828,0.00667325453505458,Ag,DOWN,2154
OG0004054,-0.2740407654908124,0.763742100706935,Ag,NS,1392
OG0004074,-0.5950968778548693,0.789112191866877,Ag,NS,1909
OG0004079,0.42760617278189944,0.487048992428398,Ag,NS,283
OG0004082,-0.7958592832197748,0.00255088742638037,Ag,NS,2053
OG0004098,-0.4819685073978307,0.344229811165194,Ag,NS,1792
OG0004103,-0.18606492951868295,1,Ag,NS,1229
OG0004121,1.0107798387532427,0.772992959752429,Ag,NS,99
OG0004123,0.259423152281415,0.885506408910991,Ag,NS,416
OG0004128,0.12829340100981756,1,Ag,NS,604
OG0004164,-0.02767495844284834,1,Ag,NS,893
OG0004185,-0.5691795034802285,1,Ag,NS,1888
OG0004186,-0.1664426154410002,1,Ag,NS,1185
OG0004200,0.1686420355588392,1,Ag,NS,537
OG0004201,-0.05439229681862778,1,Ag,NS,941
OG0004208,-0.08314123530024586,1,Ag,NS,1000
OG0004214,-2.0469210473874924,0.00768669463152629,Ag,DOWN,2241
OG0004226,-0.30757280191029224,1,Ag,NS,1470
OG0004237,-0.6054867973480229,0.061506500216255,Ag,NS,1919
OG0004264,-0.17299399036102314,1,Ag,NS,1206
OG0004302,-0.8836352433082154,0.419551917271706,Ag,NS,2091
OG0004328,0.5782141654724543,1,Ag,NS,211
OG0004350,-0.09541956507868243,1,Ag,NS,1025
OG0004387,-0.35107444054687875,0.818751845619589,Ag,NS,1567
OG0004392,-0.8572598278839179,0.155278787214628,Ag,NS,2077
OG0004407,-0.06491747668133854,1,Ag,NS,962
OG0004431,-0.3093594213843066,1,Ag,NS,1473
OG0004446,-0.7107557148433575,1,Ag,NS,1991
OG0004468,0.06072854825542295,1,Ag,NS,728
OG0004474,-0.4188898247744504,1,Ag,NS,1697
OG0004483,-0.4073635713934228,0.240381614815557,Ag,NS,1675
OG0004495,-0.06995004922340062,1,Ag,NS,978
OG0004509,-0.021525617392625707,1,Ag,NS,875
OG0004512,0.3634330426867213,1,Ag,NS,321
OG0004515,0.070389327891398,1,Ag,NS,709
OG0004533,-0.6148451031156562,0.00547793489258271,Ag,NS,1927
OG0004534,-0.5353317329965558,0.0337246713565923,Ag,NS,1845
OG0004535,-0.3183258582071667,1,Ag,NS,1488
OG0004557,-0.2722973271627619,0.581648429045138,Ag,NS,1390
OG0004559,1.6406209280356976,0.528021073832691,Ag,NS,39
OG0004562,-0.05439229681862778,1,Ag,NS,941
OG0004564,-0.3940316411585416,0.0664384994784752,Ag,NS,1646
OG0004572,-0.6803820657998387,1,Ag,NS,1976
OG0004576,-1.3291596641184382,2.8107022831052e-4,Ag,DOWN,2205
OG0004579,-0.11559744701631276,1,Ag,NS,1066
OG0004593,-0.37563543729103566,1,Ag,NS,1619
OG0004597,-0.1124747292584125,1,Ag,NS,1062
OG0004610,-0.01304303747559888,1,Ag,NS,858
OG0004627,-0.4356183883282476,0.0264552610002779,Ag,NS,1730
OG0004652,-0.29512803554364725,1,Ag,NS,1441
OG0004654,0.34596403034287176,1,Ag,NS,334
OG0004662,-0.3255393484397412,1,Ag,NS,1508
OG0004663,-0.5649048483799026,0.10896779919522,Ag,NS,1884
OG0004695,-0.2915920165164037,1,Ag,NS,1430
OG0004696,-1.096602888479146,0.0099019623976208,Ag,DOWN,2160
OG0004712,-0.7563309190331373,0.163754164179747,Ag,NS,2029
OG0004724,-0.8059129478836977,0.600317511462804,Ag,NS,2057
OG0004734,-0.26436776427588815,0.101959147789003,Ag,NS,1375
OG0004740,-0.05589120089204515,1,Ag,NS,945
OG0004741,-0.21926996352362352,1,Ag,NS,1288
OG0004743,-0.5458241068141979,0.0644163266024592,Ag,NS,1854
OG0004747,0,1,Ag,NS,838
OG0004774,-0.05139915250664432,1,Ag,NS,936
OG0004781,-0.3547594873547347,0.0202504167656162,Ag,NS,1572
OG0004798,-0.04990490582631392,1,Ag,NS,934
OG0004800,0.28902830805717367,0.229246155244113,Ag,NS,387
OG0004803,0.16349873228287956,1,Ag,NS,542
OG0004804,0.05380644369579382,1,Ag,NS,742
OG0004845,0.5230600617952494,0.209914365819678,Ag,NS,237
OG0004846,0.09626185305840348,1,Ag,NS,663
OG0004859,-0.8598757760909294,0.0644739478508639,Ag,NS,2078
OG0004896,-0.2293823533437969,1,Ag,NS,1303
OG0004902,-0.4188898247744504,0.0570262904265865,Ag,NS,1697
OG0004910,-0.3062360109854499,0.851782003596113,Ag,NS,1469
OG0004924,-0.20009641025122454,0.0156489133336285,Ag,NS,1258
OG0004946,-0.3093594213843066,0.978035356672414,Ag,NS,1473
OG0004961,1.591200672932376,0.0116376132491737,Ag,UP,46
OG0004962,-0.34739878240348054,0.0291230227649278,Ag,NS,1559
OG0004964,-0.438307278601691,0.0966660532764189,Ag,NS,1737
OG0004981,0.32077347694587044,1,Ag,NS,353
OG0004983,-0.2915920165164037,0.128162404333939,Ag,NS,1430
OG0004984,-0.3455644591546006,0.249994131140433,Ag,NS,1552
OG0004987,0.22650852980867975,1,Ag,NS,444
OG0004989,-0.3455644591546006,1,Ag,NS,1552
OG0005002,-0.17104316187459867,1,Ag,NS,1202
OG0005023,-0.24853328825551774,0.795440325763078,Ag,NS,1345
OG0005033,-0.40545145044964576,0.0420536306123751,Ag,NS,1670
OG0005036,-0.42468766931256313,0.482449406384021,Ag,NS,1715
OG0005037,0.1915626507007556,1,Ag,NS,496
OG0005050,-0.5958231272076713,1,Ag,NS,1911
OG0005061,-0.7710274302398392,0.35806560448103403,Ag,NS,2037
OG0005063,0.6135316529179271,0.0265041853870984,Ag,NS,190
OG0005084,-1.9545570292388328,0.0165229198921282,Ag,DOWN,2238
OG0005102,-0.27406818850114373,0.832269993338585,Ag,NS,1395
OG0005103,0.14535138557262012,1,Ag,NS,574
OG0005104,-0.9742624385863916,1,Ag,NS,2128
OG0005107,-0.3714596807372396,0.811612928947698,Ag,NS,1606
OG0005120,-0.2863041851566411,1,Ag,NS,1419
OG0005133,0.03280614508324148,1,Ag,NS,777
OG0005144,0.41142624572646497,1,Ag,NS,290
OG0005160,-0.41311518714781525,1,Ag,NS,1686
OG0005182,0.3402774047662543,0.655054203754184,Ag,NS,340
OG0005192,-0.6597225952337457,0.0320324895724233,Ag,NS,1964
OG0005197,-0.24127043154213737,0.135857197728313,Ag,NS,1327
OG0005202,-0.08314123530024586,1,Ag,NS,1000
OG0005214,1.0690146779151806,0.00291611701393605,Ag,UP,94
OG0005216,-1.4919658156861733,0.0304682448104863,Ag,DOWN,2216
OG0005221,0.12167855658825248,1,Ag,NS,619
OG0005240,0.08542465625267767,1,Ag,NS,681
OG0005243,-0.14880066140670606,1,Ag,NS,1134
OG0005250,0.04264433740849372,1,Ag,NS,762
OG0005265,-0.3827015171591536,0.23019723256369,Ag,NS,1627
OG0005269,2.211012193485512,0.00304071514762568,Ag,UP,10
OG0005272,-0.5713215900517699,1,Ag,NS,1890
OG0005279,-1.3959286763311392,0.230986876472025,Ag,NS,2210
OG0005315,0.4771592111866412,0.393467564055257,Ag,NS,256
OG0005326,-0.5104570643575265,0.255729312232544,Ag,NS,1819
OG0005333,0.5743437539200129,0.733355831960551,Ag,NS,213
OG0005336,-0.1376478004679799,1,Ag,NS,1110
OG0005340,-1.123433941248279,1,Ag,NS,2169
OG0005343,-0.6989977439671857,0.161506976650504,Ag,NS,1982
OG0005356,-0.4461480318188743,1,Ag,NS,1749
OG0005361,-0.058248240381156585,0.874921602243326,Ag,NS,953
OG0005372,0.1647862781433397,1,Ag,NS,539
OG0005374,-0.16650266314016504,1,Ag,NS,1186
OG0005386,-0.3455644591546006,1,Ag,NS,1552
OG0005389,-0.04273304552462934,1,Ag,NS,920
OG0005405,-0.3255393484397412,1,Ag,NS,1508
OG0005432,-0.4520566887096497,0.344923638365764,Ag,NS,1757
OG0005469,-0.5048928658206131,0.538296887752728,Ag,NS,1814
OG0005482,-0.06793882865657556,1,Ag,NS,970
OG0005483,1.6290068334271774,0.11600082341195,Ag,NS,42
OG0005509,-0.3939581550720355,0.372216567010805,Ag,NS,1645
OG0005511,0.4157586665224981,0.791345115635302,Ag,NS,288
OG0005515,0.6499522186910456,0.0221616861452161,Ag,NS,180
OG0005531,0.16992500144231237,1,Ag,NS,533
OG0005539,-0.5084034055895519,0.378206372895321,Ag,NS,1818
OG0005543,0.3173040683619148,1,Ag,NS,355
OG0005545,-0.22893711386974033,0.145369262874672,Ag,NS,1302
OG0005547,-0.3495837370699812,0.0416047418108087,Ag,NS,1565
OG0005549,0.09895848008816877,1,Ag,NS,661
OG0005560,0.20187817796759822,1,Ag,NS,484
OG0005567,0.3022966285283323,1,Ag,NS,366
OG0005568,-0.10291310739595673,1,Ag,NS,1039
OG0005569,0.5250665920782109,0.964062228116787,Ag,NS,236
OG0005594,-0.1456053222468993,1,Ag,NS,1126
OG0005621,-1.1140352432460294,0.057243794718657,Ag,NS,2166
OG0005637,0.7706176466562031,0.810407126324727,Ag,NS,150
OG0005651,-0.3883554566263384,0.855484430542063,Ag,NS,1637
OG0005681,-0.2260036748888269,1,Ag,NS,1295
OG0005689,0.03421571533791298,1,Ag,NS,775
OG0005690,0.3230817895037326,0.697911562366201,Ag,NS,352
OG0005710,1.1460034511389243,0.483953154371431,Ag,NS,83
OG0005715,0.20288783347014341,1,Ag,NS,481
OG0005717,-0.09850554495242506,1,Ag,NS,1033
OG0005726,0.07587486697512764,1,Ag,NS,701
OG0005757,-0.12973392960401728,1,Ag,NS,1096
OG0005758,-0.14880066140670606,0.572898039010263,Ag,NS,1134
OG0005769,-0.3455644591546006,0.610856421592304,Ag,NS,1552
OG0005781,-0.3584539709124763,0.782481241797267,Ag,NS,1580
OG0005788,-0.15360697914763968,0.721609381503713,Ag,NS,1151
OG0005796,1.749633389943949,0.00679140844444408,Ag,UP,35
OG0005831,-0.04390477654220445,1,Ag,NS,921
OG0005848,-0.39024503782755654,0.43416203906015,Ag,NS,1640
OG0005873,0.11636475669178462,1,Ag,NS,626
OG0005895,0.5897634869849773,1,Ag,NS,204
OG0005918,-0.195946441032647,1,Ag,NS,1250
OG0005931,0.04208180839031214,0.155278787214628,Ag,NS,764
OG0005935,-0.4036440994774614,0.166029711608564,Ag,NS,1669
OG0005939,-0.3978282092466207,0.374570971515607,Ag,NS,1656
OG0005940,-0.1827860757416734,1,Ag,NS,1220
OG0005943,0.14089303504785955,0.721902141084622,Ag,NS,584
OG0005949,0.02431967919541289,1,Ag,NS,791
OG0005962,0.3651325934525299,1,Ag,NS,319
OG0005964,-1.098505544952425,0.0135426256720617,Ag,DOWN,2161
OG0005980,-1.0148087533414683,0.0706734991990482,Ag,NS,2137
OG0005984,-0.416962376203336,1,Ag,NS,1693
OG0005987,-0.14420673430249303,1,Ag,NS,1125
OG0005989,-0.4305089080412838,1,Ag,NS,1720
OG0005991,-0.49207853504267185,0.893203633120384,Ag,NS,1804
OG0006003,0.49356400427862257,0.540213739288511,Ag,NS,249
OG0006005,0.57918014812715,0.613378865398208,Ag,NS,210
OG0006024,-0.03356953269370183,1,Ag,NS,905
OG0006047,0.377401430785794,1,Ag,NS,309
OG0006053,-0.23276896297612443,1,Ag,NS,1311
OG0006058,-0.5437195184892746,0.234989018397233,Ag,NS,1853
OG0006069,-2.2515387669959646,0.057243794718657,Ag,NS,2245
OG0006072,-0.6873348264416056,0.0369422867220403,Ag,NS,1980
OG0006086,-0.01013437713371317,1,Ag,NS,850
OG0006090,0.511973981781801,0.266077487919694,Ag,NS,241
OG0006092,0.22108161730297307,1,Ag,NS,457
OG0006095,-0.1250063610670326,1,Ag,NS,1087
OG0006161,1.5779419562317067,0.0448858046406351,Ag,UP,48
OG0006167,-0.15200309344504995,0.831216968075132,Ag,NS,1147
OG0006177,-1.8223872704779351,0.741315892161418,Ag,NS,2234
OG0006181,-0.00144341686966871,1,Ag,NS,839
OG0006185,-0.4699292577749161,0.13234160378964,Ag,NS,1775
OG0006196,-0.38482470194846297,0.12318197130935,Ag,NS,1632
OG0006210,0.05102400302446689,1,Ag,NS,750
OG0006221,0.2671428803428272,1,Ag,NS,409
OG0006237,-0.00868224309980088,1,Ag,NS,846
OG0006254,0.12432813500220176,1,Ag,NS,616
OG0006291,-0.12029423371771177,1,Ag,NS,1075
OG0006297,-0.14082554413356457,1,Ag,NS,1114
OG0006306,-0.6688680777827979,0.0419953986088286,Ag,NS,1969
OG0006312,0.2963105607080923,1,Ag,NS,376
OG0006321,-0.4461480318188743,0.827525701130131,Ag,NS,1749
OG0006323,-0.520769438793664,0.0146616342682585,Ag,NS,1827
OG0006327,0.0398402645317911,1,Ag,NS,766
OG0006390,0.26062790812669856,0.754179448200753,Ag,NS,414
OG0006409,-0.33891477635140044,0.627344416087216,Ag,NS,1540
OG0006417,-0.6192705514964515,0.772992959752429,Ag,NS,1931
OG0006431,-0.08467032398699055,1,Ag,NS,1005
OG0006442,0.00144197417390632,1,Ag,NS,835
OG0006443,-0.1942948151614887,0.799225685989601,Ag,NS,1245
OG0006462,0.8495990111514515,0.0111346882451257,Ag,NS,132
OG0006466,0.6590111711981499,0.106499948373213,Ag,NS,176
OG0006472,-0.22431729826094013,1,Ag,NS,1293
OG0006475,-0.11966554454299481,1,Ag,NS,1074
OG0006479,-0.5641997249394862,0.0623354591804507,Ag,NS,1883
OG0006487,-0.18442457113742744,0.284516403103419,Ag,NS,1223
OG0006514,0.14795788138710142,1,Ag,NS,566
OG0006520,-0.16004041251046824,1,Ag,NS,1168
OG0006527,0.24610400988391656,1,Ag,NS,430
OG0006537,-0.08314123530024586,1,Ag,NS,1000
OG0006539,0.7320520733002891,0.750697283952456,Ag,NS,155
OG0006550,-0.34190279464862844,0.0227010182286476,Ag,NS,1544
OG0006562,-0.75017832322261,0.801955706240392,Ag,NS,2024
OG0006564,0.07997537672059589,1,Ag,NS,691
OG0006566,-0.24982229440694284,0.871676564060504,Ag,NS,1347
OG0006567,0.5993177936982261,0.17670647454619,Ag,NS,199
OG0006618,-0.4363537305159361,1,Ag,NS,1732
OG0006631,-0.1620851208088416,0.847338037153973,Ag,NS,1180
OG0006673,-0.8236772273595371,0.225095140436502,Ag,NS,2067
OG0006679,-0.06642736173897607,1,Ag,NS,964
OG0006682,0.12829340100981756,1,Ag,NS,604
OG0006694,-0.7908586021614084,0.0945160853380508,Ag,NS,2048
OG0006746,0.25338423580007446,0.540213739288511,Ag,NS,424
OG0006761,-0.749839632714099,0.0369422867220403,Ag,NS,2023
OG0006770,-0.2601518973006725,0.544050340327348,Ag,NS,1367
OG0006777,-0.14082554413356457,1,Ag,NS,1114
OG0006778,-0.3455644591546006,0.164591244488091,Ag,NS,1552
OG0006787,-0.5929192245494992,0.630542915102756,Ag,NS,1907
OG0006795,-0.28454587288428235,1,Ag,NS,1413
OG0006815,-0.7958592832197748,0.0226361678828063,Ag,NS,2053
OG0006843,0.1877677470460248,1,Ag,NS,499
OG0006856,0.01006368334469748,1,Ag,NS,812
OG0006861,-0.33278908751912917,1,Ag,NS,1522
OG0006862,-0.4739311883324124,0.0757513079143473,Ag,NS,1780
OG0006869,-0.6060347243397574,1,Ag,NS,1920
OG0006870,-0.21759143507262677,0.0778277639245474,Ag,NS,1286
OG0006873,0.47661175647562704,0.152509511745053,Ag,NS,257
OG0006889,-0.3183258582071667,1,Ag,NS,1488
OG0006893,-0.2378638300988879,1,Ag,NS,1321
OG0006899,-0.0709665213541436,1,Ag,NS,979
OG0006941,1.7845039829295666,0.00945193655986751,Ag,UP,32
OG0006946,-0.6326289343514705,0.625821871567297,Ag,NS,1943
OG0006955,-0.2880646430210785,1,Ag,NS,1425
OG0006988,0.10299399332332564,1,Ag,NS,653
OG0007004,-0.4659383975788817,0.19647033884355,Ag,NS,1771
OG0007017,-0.06340917017606154,1,Ag,NS,960
OG0007031,0.9070028221402227,0.0115705859411692,Ag,NS,117
OG0007038,-0.5875841047436902,0.294408640946631,Ag,NS,1901
OG0007041,-0.32012585225337686,0.940722991369547,Ag,NS,1494
OG0007042,-0.07704103576382801,1,Ag,NS,988
OG0007047,0.6664885580686,0.254161168724078,Ag,NS,172
OG0007054,0.3455465401329309,0.424744977129354,Ag,NS,335
OG0007064,0.03703073094496702,1,Ag,NS,769
OG0007082,0.1401242239090707,0.851821919526265,Ag,NS,585
OG0007098,0.25247389491337974,0.392303509026314,Ag,NS,427
OG0007101,-0.48720208205865834,0.0628531393390681,Ag,NS,1798
OG0007103,-0.3584539709124763,0.772992959752429,Ag,NS,1580
OG0007104,-0.8416629728328994,0.0726103341571949,Ag,NS,2073
OG0007107,0.13224779829843977,1,Ag,NS,597
OG0007112,-0.25842515258120435,0.19978856507901,Ag,NS,1361
OG0007115,-0.21424022557298897,1,Ag,NS,1282
OG0007154,-0.0188780102056894,1,Ag,NS,869
OG0007162,0.05519565424212462,1,Ag,NS,738
OG0007170,-0.16812275880832692,1,Ag,NS,1195
OG0007172,-0.8236772273595371,1,Ag,NS,2067
OG0007175,-0.9364237393122408,0.70415124448978506,Ag,NS,2114
OG0007182,0.902266569083071,0.603911722022749,Ag,NS,119
OG0007205,-0.0174170530774094,1,Ag,NS,867
OG0007213,0.03843618165610792,1,Ag,NS,768
OG0007234,-0.06642736173897607,1,Ag,NS,964
OG0007236,0.21288056634438476,1,Ag,NS,468
OG0007241,0.05102400302446689,1,Ag,NS,750
OG0007246,-0.05739166388833668,1,Ag,NS,950
OG0007249,0.00288250853312136,1,Ag,NS,829
OG0007251,-0.01013437713371317,1,Ag,NS,850
OG0007264,-1.307572801910292,0.0536254453114337,Ag,NS,2200
OG0007266,-0.1456053222468993,1,Ag,NS,1126
OG0007269,-0.07428837857872315,1,Ag,NS,984
OG0007270,0.6753643127491455,0.101298231472619,Ag,NS,168
OG0007278,-0.5820799921880347,0.0223282346505309,Ag,NS,1896
OG0007280,0.2809563138310563,1,Ag,NS,392
OG0007282,-0.6966576055126692,0.117488958496462,Ag,NS,1981
OG0007283,-0.3940316411585416,0.291772942105829,Ag,NS,1646
OG0007321,0.4103411046140874,1,Ag,NS,291
OG0007331,-0.3400754415976217,1,Ag,NS,1542
OG0007333,-0.20423305221760776,1,Ag,NS,1262
OG0007365,-0.17299399036102314,0.914229503525351,Ag,NS,1206
OG0007367,0.21897021555868698,0.597224893457665,Ag,NS,462
OG0007382,-0.7514651638613213,0.0223282346505309,Ag,NS,2025
OG0007384,0.02715405150372665,1,Ag,NS,787
OG0007386,-0.5416179958439868,0.619737058133465,Ag,NS,1850
OG0007412,-1.0174170530774094,0.0288156296530212,Ag,DOWN,2138
OG0007431,-0.14880066140670606,1,Ag,NS,1134
OG0007435,-0.14095182294176037,0.361190955670995,Ag,NS,1118
OG0007444,0.6285403192627604,0.0577983716767558,Ag,NS,184
OG0007467,-0.5228407888133588,0.00120819749176669,Ag,NS,1829
OG0007473,-0.7249929525001302,0.404759261019346,Ag,NS,2003
OG0007478,-1.1109159014018506,0.143127546435223,Ag,NS,2164
OG0007482,-0.16004041251046824,1,Ag,NS,1168
OG0007483,0.05606046852884504,1,Ag,NS,737
OG0007495,-1.074000581443777,0.00846865940957308,Ag,DOWN,2152
OG0007497,-0.2260036748888269,1,Ag,NS,1295
OG0007498,0.1953475983222193,1,Ag,NS,490
OG0007520,1.0850352730001012,0.211191957002555,Ag,NS,92
OG0007523,-0.8783214434117476,0.318791097222112,Ag,NS,2089
OG0007541,-0.6371093573341396,1,Ag,NS,1947
OG0007544,-0.4579896444633908,0.832269993338585,Ag,NS,1764
OG0007580,-0.5512698022041,0.010319550664171,Ag,NS,1866
OG0007585,-0.9517638143471524,0.339767086523253,Ag,NS,2118
OG0007589,-0.4200407646138591,0.564699366612494,Ag,NS,1705
OG0007610,-1.1202942337177118,0.0536254453114337,Ag,NS,2168
OG0007616,0.1935198309886184,1,Ag,NS,493
OG0007627,0.14404636961670686,1,Ag,NS,577
OG0007628,0.00288250853312136,1,Ag,NS,829
OG0007629,0.6107000621347644,0.0098668374467916,Ag,NS,193
OG0007637,-0.4196883200399606,0.306587119364855,Ag,NS,1704
OG0007638,0.00288250853312136,1,Ag,NS,829
OG0007663,-0.2618807112174235,0.176977207628726,Ag,NS,1370
OG0007677,-0.06727019390344505,0.215393979935466,Ag,NS,969
OG0007678,-0.8703872618695304,0.0371603763471498,Ag,NS,2085
OG0007711,-0.12029423371771177,1,Ag,NS,1075
OG0007712,-0.6038405109268455,0.137887507347873,Ag,NS,1917
OG0007713,0.7982579326445002,0.0811221591933377,Ag,NS,142
OG0007720,-0.2572618549238585,0.905136664417565,Ag,NS,1360
OG0007725,-0.10005101381032824,1,Ag,NS,1035
OG0007730,-0.5691795034802285,0.075603109497044907,Ag,NS,1888
OG0007731,-0.7514651638613213,0.054481163605303,Ag,NS,2025
OG0007733,0.06350294230615795,1,Ag,NS,720
OG0007734,0.0815413737806149,1,Ag,NS,688
OG0007753,-0.25325728422226385,1,Ag,NS,1352
OG0007761,0.09626185305840348,1,Ag,NS,663
OG0007765,-0.16004041251046824,0.709219476744525,Ag,NS,1168
OG0007769,0.12565110166152013,0.956103682543212,Ag,NS,611
OG0007782,-0.25870459538993545,0.597149834475128,Ag,NS,1365
OG0007788,-0.5563933485243852,0.507687214443909,Ag,NS,1874
OG0007794,0.9442916465310991,0.0384169078315946,Ag,NS,109
OG0007796,0.02998286621571431,1,Ag,NS,781
OG0007798,0.78737047452397535,0.653408847595033,Ag,NS,145
OG0007807,-0.29321595616512686,0.364455183242551,Ag,NS,1434
OG0007832,-0.3273483706716152,1,Ag,NS,1514
OG0007842,-0.34190279464862844,0.650741485187385,Ag,NS,1544
OG0007848,-1.6038405109268454,0.0710118551530294,Ag,NS,2225
OG0007851,-0.23276896297612443,0.825548287846784,Ag,NS,1311
OG0007868,0.1309308698264487,1,Ag,NS,600
OG0007895,-0.3733272473940066,1,Ag,NS,1610
OG0007914,-0.3603047666004178,1,Ag,NS,1583
OG0007921,-0.732164607902385,0.0285377160833073,Ag,NS,2011
OG0007931,-0.10935875603655625,1,Ag,NS,1054
OG0007937,-0.3040061868900999,0.190360636612281,Ag,NS,1458
OG0007952,-0.28454587288428235,1,Ag,NS,1413
OG0007954,-0.2293823533437969,1,Ag,NS,1303
OG0007957,-0.7268458741334669,0.898679299384023,Ag,NS,2007
OG0007968,-0.2740407654908124,0.0558205899913063,Ag,NS,1392
OG0007969,0.08133962745193878,1,Ag,NS,689
OG0007979,0.7731523970140524,0.176618692589997,Ag,NS,149
OG0007981,0.1712068274181424,1,Ag,NS,530
OG0008007,0.39066768555966747,0.384052597530622,Ag,NS,300
OG0008035,-0.42275246440684927,0.473230466550039,Ag,NS,1711
OG0008080,-0.5585165204173551,0.0828106512960064,Ag,NS,1877
OG0008092,1.9263790251998787,1.4494282847679e-4,Ag,UP,21
OG0008104,-1.2688167584278,0.0800837023167029,Ag,NS,2192
OG0008111,-0.3584539709124763,1,Ag,NS,1580
OG0008114,0.2558028366027179,0.98453402731929,Ag,NS,422
OG0008133,-1.1109159014018506,0.11019742051376,Ag,NS,2164
OG0008143,0.12565110166152013,1,Ag,NS,611
OG0008147,0.07450543636362976,1,Ag,NS,703
OG0008148,0.552868871011303,0.198056846685052,Ag,NS,220
OG0008195,-0.7490384264667812,0.0550537497161049,Ag,NS,2022
OG0008214,-0.8339273240532941,0.169694295430418,Ag,NS,2071
OG0008224,-0.7833899312575583,0.0200439993285326,Ag,NS,2045
OG0008235,-0.05589120089204515,1,Ag,NS,945
OG0008236,-1.3245296315416688,0.00521443254059388,Ag,DOWN,2204
OG0008253,-0.5585165204173551,0.0875824527915182,Ag,NS,1877
OG0008256,-0.5187010584524349,0.164974721994809,Ag,NS,1826
OG0008270,2.283329168051641,2.444106661322e-4,Ag,UP,9
OG0008275,-0.1877071551267289,1,Ag,NS,1235
OG0008278,-0.7107557148433575,0.0262148587471248,Ag,NS,1991
OG0008281,0.4926223285744457,0.460072178999689,Ag,NS,250
OG0008288,-1.098505544952425,0.0291230227649278,Ag,DOWN,2161
OG0008292,-0.4981787345790897,0.00955416220488075,Ag,NS,1808
OG0008293,-0.07856366919370213,1,Ag,NS,991
OG0008324,1.1236661964538197,0.045412381071017,Ag,UP,86
OG0008336,0.22527492986956937,1,Ag,NS,449
OG0008353,0.6116445433736617,0.0839897267861321,Ag,NS,192
OG0008355,-1.234465253637023,0.781347226778509,Ag,NS,2188
OG0008366,-0.584241333477502,0.389766789213049,Ag,NS,1897
OG0008377,0.1720097260908517,1,Ag,NS,527
OG0008380,0.06212171190779749,1,Ag,NS,724
OG0008386,0.1718403501894885,0.826421681610375,Ag,NS,528
OG0008390,0.36848900064510354,1,Ag,NS,314
OG0008398,1.813367619224468,0.00998347020601749,Ag,UP,27
OG0008419,-0.42662547355405567,1,Ag,NS,1716
OG0008426,0.01435529297707005,1,Ag,NS,807
OG0008432,-0.5416179958439868,0.528021073832691,Ag,NS,1850
OG0008435,-0.27753397552890896,1,Ag,NS,1404
OG0008446,-0.7685675915520349,0.0566534251983655,Ag,NS,2034
OG0008456,0.05102400302446689,1,Ag,NS,750
OG0008463,0.8591744558664355,0.525935421230975,Ag,NS,128
OG0008474,0.2717043873401856,1,Ag,NS,405
OG0008482,0.00719550140420376,1,Ag,NS,817
OG0008483,2.4515408330178317,0.0155782143272937,Ag,UP,6
OG0008490,-0.8862995008352716,0.519319049873162,Ag,NS,2092
OG0008493,0.1056780778945372,1,Ag,NS,646
OG0008494,1.599793852122242,0.00930750702063028,Ag,UP,45
OG0008507,-0.3183258582071667,0.265309752089308,Ag,NS,1488
OG0008509,-0.33097323449036925,1,Ag,NS,1519
OG0008527,-0.7060410209713056,0.288360890522806,Ag,NS,1989
OG0008528,1.6097549621724434,1.5121333411169e-4,Ag,UP,44
OG0008529,-0.2898272517203383,1,Ag,NS,1427
OG0008530,-0.0694518807521452,1,Ag,NS,976
OG0008538,-0.8703872618695304,1,Ag,NS,2085
OG0008548,0.8804896266878194,0.0434237596858628,Ag,NS,124
OG0008555,0.44678556214312237,0.0536254453114337,Ag,NS,274
OG0008569,0.07860983469636647,1,Ag,NS,695
OG0008582,1.4148356729457852,0.00930750702063028,Ag,UP,62
OG0008589,-0.10614168546824176,0.0276923689446099,Ag,NS,1049
OG0008608,0.2938951476155985,1,Ag,NS,381
OG0008620,-0.37519723474705274,0.546556783922042,Ag,NS,1616
OG0008627,-0.4035418604410144,0.83965036114412706,Ag,NS,1665
OG0008640,-0.2636115992965395,0.466415297548612,Ag,NS,1374
OG0008642,0.2714256760929345,1,Ag,NS,407
OG0008644,-0.7693237331732706,1,Ag,NS,2036
OG0008649,0.05658352836636751,1,Ag,NS,735
OG0008670,-0.2968993003958401,0.0936419643596553,Ag,NS,1446
OG0008675,-0.27753397552890896,0.587500002810985,Ag,NS,1404
OG0008717,-0.20589610144025208,1,Ag,NS,1266
OG0008720,-0.3219280948873623,0.344463204684959,Ag,NS,1499
OG0008722,0.04544297076116711,1,Ag,NS,759
OG0008727,-0.6237096166629484,0.110065722998952,Ag,NS,1939
OG0008728,-0.15241642820098525,0.498932673293981,Ag,NS,1150
OG0008733,-0.7249929525001302,0.0148970490848774,Ag,NS,2003
OG0008751,-0.025322182249024303,1,Ag,NS,887
OG0008759,0.2963105607080923,0.545527512071895,Ag,NS,376
OG0008784,0.20845769343031428,0.74200396038703,Ag,NS,475
OG0008788,-0.06642736173897607,1,Ag,NS,964
OG0008790,-1.15200309344505,0.646430786481643,Ag,NS,2176
OG0008794,-0.6104331882372743,1,Ag,NS,1925
OG0008795,0.011540363860037067,1,Ag,NS,811
OG0008796,1.9916805621431244,0.571625688433193,Ag,NS,19
OG0008805,-0.5907448533151622,0.116235241252316,Ag,NS,1905
OG0008806,-1.8996950942043145,0.0573278318429239,Ag,NS,2235
OG0008809,-0.3978282092466207,1,Ag,NS,1656
OG0008811,-0.07552000764097772,1,Ag,NS,986
OG0008813,0.1109422516416162,0.372006220360183,Ag,NS,641
OG0008830,0.12829340100981756,1,Ag,NS,604
OG0008841,0.21517020974524542,0.145412804593423,Ag,NS,467
OG0008842,-0.0291463456595165,1,Ag,NS,895
OG0008854,0.377401430785794,0.296461221901847,Ag,NS,309
OG0008865,-0.4819685073978307,0.260910845249082,Ag,NS,1792
OG0008866,0.3696060700318379,1,Ag,NS,313
OG0008868,0.1839628348425949,1,Ag,NS,510
OG0008874,0.29278174922784594,1,Ag,NS,383
OG0008875,-0.38593236586132124,1,Ag,NS,1633
OG0008878,0.05935527761642124,1,Ag,NS,730
OG0008882,0.6915341649192002,0.0544811824426363,Ag,NS,163
OG0008904,-0.3255393484397412,0.743213794199435,Ag,NS,1508
OG0008912,0.2190910582461967,1,Ag,NS,460
OG0008918,-0.501230224624146,0.0262403316101048,Ag,NS,1812
OG0008942,-0.7612131404128835,0.0477220236159146,Ag,NS,2031
OG0008943,0.7857597744270111,0.504576467634617,Ag,NS,146
OG0008957,-0.12186323337305248,1,Ag,NS,1081
OG0008960,-0.720231578406405,0.0200439993285326,Ag,NS,1999
OG0008976,-1.0057823525940062,0.248840922093142,Ag,NS,2136
OG0008978,-0.38458370273712994,0.141031257746509,Ag,NS,1631
OG0008989,0.06212171190779749,1,Ag,NS,724
OG0008997,-0.2863041851566411,0.45385781945933,Ag,NS,1419
OG0009045,-1.248107861595691,1,Ag,NS,2189
OG0009048,-0.23446525363702295,0.574149593724041,Ag,NS,1314
OG0009062,0.11236652307256316,1,Ag,NS,635
OG0009074,0.2932022374475314,0.751777857870465,Ag,NS,382
OG0009112,-0.3346072289581085,0.0536254453114337,Ag,NS,1527
OG0009115,-0.10005101381032824,1,Ag,NS,1035
OG0009116,0.2021726017893465,1,Ag,NS,483
OG0009129,0.08270258933024935,1,Ag,NS,685
OG0009132,-0.3770696490798233,0.86526118394297,Ag,NS,1620
OG0009135,-0.3707152117810111,0.466415297548612,Ag,NS,1605
OG0009144,-0.17136841831198107,1,Ag,NS,1203
OG0009149,0.6608188977200158,0.0250268745664473,Ag,NS,175
OG0009161,0.1016500760944348,1,Ag,NS,655
OG0009163,-0.7685675915520349,0.0747204022781562,Ag,NS,2034
OG0009164,-0.2293823533437969,1,Ag,NS,1303
OG0009186,-0.5521563556379144,0.469412380647552,Ag,NS,1867
OG0009210,0.03421571533791298,1,Ag,NS,775
OG0009236,-0.1568201097428258,1,Ag,NS,1160
OG0009245,-0.4344028241457749,0.326579095688125,Ag,NS,1728
OG0009250,-0.05439229681862778,1,Ag,NS,941
OG0009268,-0.25325728422226385,1,Ag,NS,1352
OG0009291,-1.139235797371172,0.203036164283361,Ag,NS,2172
OG0009292,-0.31114825613411956,1,Ag,NS,1478
OG0009301,-0.33642766458247736,0.536056963258121,Ag,NS,1533
OG0009307,0.13874960307972545,1,Ag,NS,589
OG0009313,0.07724299893246035,1,Ag,NS,699
OG0009317,0.3482324192392708,1,Ag,NS,331
OG0009329,-0.5563933485243852,0.115689180964684,Ag,NS,1874
OG0009357,-0.3022261804448139,0.434881089487579,Ag,NS,1456
OG0009358,0.5370475194046574,0.00365731129593169,Ag,NS,228
OG0009360,-0.4799549759601824,0.550062117049892,Ag,NS,1789
OG0009363,-0.496142467422571,1,Ag,NS,1806
OG0009364,-0.5479317697761891,0.431028954125701,Ag,NS,1859
OG0009368,-0.6665762662748083,1,Ag,NS,1967
OG0009375,-0.06051023421829847,1,Ag,NS,958
OG0009392,-0.195946441032647,1,Ag,NS,1250
OG0009403,-0.6170561304310095,0.153246849980565,Ag,NS,1928
OG0009410,-0.02326977932284719,1,Ag,NS,879
OG0009427,0.22650852980867975,1,Ag,NS,444
OG0009428,-0.27578631324264175,1,Ag,NS,1396
OG0009429,-0.1571788066421933,1,Ag,NS,1163
OG0009444,2.1426331536904684,0.00405002597770291,Ag,UP,12
OG0009450,0.3402774047662543,0.787400642598441,Ag,NS,340
OG0009458,-0.0908029370083126,1,Ag,NS,1014
OG0009461,0.1230039540548198,1,Ag,NS,618
OG0009463,-0.5649048483799026,1,Ag,NS,1884
OG0009465,0.17165273985466034,1,Ag,NS,529
OG0009473,-0.17951465701362104,0.309277998911589,Ag,NS,1216
OG0009480,-0.02326977932284719,1,Ag,NS,879
OG0009492,0.15704371014558002,1,Ag,NS,554
OG0009505,0.11636475669178462,1,Ag,NS,626
OG0009520,0.12829340100981756,1,Ag,NS,604
OG0009527,-0.77595972578207,0.190360636612281,Ag,NS,2042
OG0009529,0.4915965944104482,0.0872677529291574,Ag,NS,252
OG0009530,0.2203299548795556,1,Ag,NS,459
OG0009536,-0.7226103011891362,0.798625464100395,Ag,NS,2001
OG0009537,-0.31747402817527376,0.995656773720917,Ag,NS,1487
OG0009544,-0.6126374591640045,0.20191285058044,Ag,NS,1926
OG0009563,1.0572769650732476,0.274055010662044,Ag,NS,96
OG0009564,0.4233092372423869,1,Ag,NS,284
OG0009569,1.1216785565882526,0.0417694892154371,Ag,UP,87
OG0009570,0.2809563138310563,1,Ag,NS,392
OG0009593,-0.888968687611256,0.263845280653544,Ag,NS,2093
OG0009598,-0.5228407888133588,1,Ag,NS,1829
OG0009622,0.11370049916472832,1,Ag,NS,629
OG0009630,-0.39024503782755654,0.0165152325061983,Ag,NS,1640
OG0009646,-0.4719288354212646,1,Ag,NS,1777
OG0009661,-0.2276920250415967,1,Ag,NS,1298
OG0009675,0.15315678806142052,1,Ag,NS,558
OG0009680,-0.5458241068141979,0.207337601566967,Ag,NS,1854
OG0009700,-0.265344566520995,1,Ag,NS,1377
OG0009703,0.1712068274181424,1,Ag,NS,530
OG0009724,-0.08314123530024586,1,Ag,NS,1000
OG0009725,0.01863417413905097,1,Ag,NS,801
OG0009731,-0.5022599113909069,0.0694622518966034,Ag,NS,1813
OG0009746,-0.2880646430210785,0.888823573667238,Ag,NS,1425
OG0009747,0.06901467791518046,1,Ag,NS,711
OG0009757,-1.286304185156641,0.0263579476370389,Ag,DOWN,2196
OG0009758,-0.2722973271627619,0.244986892722814,Ag,NS,1390
OG0009762,0.02856915219677092,1,Ag,NS,782
OG0009767,0.4425454561053042,1,Ag,NS,275
OG0009779,0.6635723354175227,0.647578276267241,Ag,NS,173
OG0009780,0.4997821201473117,0.0548346824774358,Ag,NS,247
OG0009783,1.2197106395487791,0.0211541017832909,Ag,UP,78
OG0009795,-0.3733272473940066,1,Ag,NS,1610
OG0009809,1.8917737326517332,0.00403003622526269,Ag,UP,24
OG0009835,0.8912986386132592,0.421985200228858,Ag,NS,123
OG0009855,0.04963076772460043,1,Ag,NS,754
OG0009858,0.05658352836636751,1,Ag,NS,735
OG0009888,-0.31114825613411956,0.629316664713196,Ag,NS,1478
OG0009911,-0.17951465701362104,0.809302708906701,Ag,NS,1216
OG0009912,-0.17550225784806164,0.976225854493872,Ag,NS,1213
OG0009922,-0.8598757760909294,0.293111662812509,Ag,NS,2078
OG0009923,-0.4035418604410144,0.318791097222112,Ag,NS,1665
OG0009933,0.01578299724092746,1,Ag,NS,805
OG0009935,-0.4481148965282752,0.223836278456486,Ag,NS,1751
OG0009942,1.2636354035683293,0.0205314693510957,Ag,UP,73
OG0009983,0.001730599125632594,1,Ag,NS,834
OG0009985,-0.4619585466663364,1,Ag,NS,1768
OG0009999,-0.08008791132269193,1,Ag,NS,993
OG0010004,-0.2601518973006725,1,Ag,NS,1367
OG0010011,-0.24468509595490195,1,Ag,NS,1335
OG0010051,-1.22431729826094,0.0403423208513692,Ag,DOWN,2186
OG0010056,0.903038270112912,0.929837286948408,Ag,NS,118
OG0010057,-0.02548581995777137,1,Ag,NS,888
OG0010066,0.41773003709115697,0.361426223565155,Ag,NS,287
OG0010082,1.8122928448732711,0.0308946152919977,Ag,UP,28
OG0010101,-0.16974467583231706,1,Ag,NS,1197
OG0010104,0.00575926928868495,1,Ag,NS,819
OG0010118,-0.1827860757416734,1,Ag,NS,1220
OG0010150,-0.131313234677865,1,Ag,NS,1099
OG0010152,-1.0923401721467103,1,Ag,NS,2159
OG0010174,0.14143279092929553,1,Ag,NS,581
OG0010176,0.14535138557262012,1,Ag,NS,574
OG0010179,-0.2803724814217087,0.360774412022413,Ag,NS,1409
OG0010181,-0.1584293626044829,0.229246155244113,Ag,NS,1164
OG0010182,-0.2968993003958401,0.44775663737173,Ag,NS,1446
OG0010186,-0.3959286763311392,1,Ag,NS,1651
OG0010191,1.7550216820909612,5.3184670064337e-4,Ag,UP,34
OG0010193,0.09192744133569002,1,Ag,NS,673
OG0010209,-0.9517638143471524,0.737449850458339,Ag,NS,2118
OG0010250,-0.3959286763311392,0.109305351652095,Ag,NS,1651
OG0010255,-0.10469737866669324,1,Ag,NS,1043
OG0010266,-1.5437195184892747,0.0315334853433296,Ag,DOWN,2221
OG0010267,0.04124298223188134,1,Ag,NS,765
OG0010275,0.13415491087616174,0.426282016463468,Ag,NS,594
OG0010278,-0.27578631324264175,0.0717874556854155,Ag,NS,1396
OG0010283,-0.5606428215257431,0.309277998911589,Ag,NS,1880
OG0010294,-0.34923544088309766,1,Ag,NS,1560
OG0010300,-0.23276896297612443,1,Ag,NS,1311
OG0010305,-0.1386577009646932,0.371716023121739,Ag,NS,1112
OG0010316,0.7756827017390598,0.0206948609255885,Ag,NS,148
OG0010319,0.24366908096686263,1,Ag,NS,432
OG0010330,0.05797006863732994,1,Ag,NS,734
OG0010338,-0.030601924870384725,1,Ag,NS,898
OG0010343,0.2351143203763572,1,Ag,NS,436
OG0010346,-0.6803820657998387,1,Ag,NS,1976
OG0010347,-1.2933589426905916,0.217296041040968,Ag,NS,2197
OG0010361,1.3368546391254652,0.130527594795155,Ag,NS,64
OG0010371,-0.5734668618833266,0.00962221414861823,Ag,NS,1891
OG0010376,-1.0028882793248266,0.0276804474952178,Ag,DOWN,2134
OG0010377,-0.7283510493014653,0.0200439993285326,Ag,NS,2008
OG0010380,-0.33825040018929514,1,Ag,NS,1537
OG0010399,-0.017298087664172186,1,Ag,NS,866
OG0010445,0.11611916147759228,1,Ag,NS,628
OG0010449,0.30391015146963907,0.887494509660818,Ag,NS,364
OG0010453,0.11769504266975456,1,Ag,NS,624
OG0010456,-0.6303939299681621,0.0867541285530543,Ag,NS,1942
OG0010468,0.3345682756661327,1,Ag,NS,345
OG0010474,0.11103131238874396,1,Ag,NS,638
OG0010482,0.19660704409481772,0.50583010812295,Ag,NS,488
OG0010499,-0.7563309190331373,0.142015234250056,Ag,NS,2029
OG0010509,-0.14880066140670606,1,Ag,NS,1134
OG0010523,0.12432813500220176,1,Ag,NS,616
OG0010548,0.3983503703459648,0.153088919620641,Ag,NS,296
OG0010573,0.4103411046140874,0.790206412439086,Ag,NS,291
OG0010590,0.1647862781433397,0.916876646681221,Ag,NS,539
OG0010601,-0.3183258582071667,1,Ag,NS,1488
OG0010608,-0.3093594213843066,1,Ag,NS,1473
OG0010611,0.03454573710169596,1,Ag,NS,774
OG0010615,0.06901467791518046,1,Ag,NS,711
OG0010616,0.8615584195720287,0.0297552644271704,Ag,NS,127
OG0010625,-0.14241704461585192,0.646836825523643,Ag,NS,1119
OG0010626,-1.0793048553782942,0.229246155244113,Ag,NS,2156
OG0010628,-0.36141705146321257,0.227542114222597,Ag,NS,1587
OG0010634,-0.02636067828420756,1,Ag,NS,891
OG0010641,0.6690267655096307,0.0453711853873575,Ag,NS,170
OG0010643,0.019756617652631182,1,Ag,NS,800
OG0010649,-1.0588936890535685,0.0376415715828729,Ag,DOWN,2148
OG0010651,-0.9545570292388328,0.177796981706899,Ag,NS,2122
OG0010652,-0.1187269385707514,1,Ag,NS,1070
OG0010675,-0.3040061868900999,1,Ag,NS,1458
OG0010678,0.16092018818110318,1,Ag,NS,548
OG0010704,0.12565110166152013,1,Ag,NS,611
OG0010710,2.7057567820497974,0.0477220236159146,Ag,UP,1
OG0010719,-0.8109661756099832,0.119516068900821,Ag,NS,2061
OG0010725,-0.04990026772592293,1,Ag,NS,933
OG0010748,-0.6803820657998387,0.611204674655575,Ag,NS,1976
OG0010771,-0.2125675354831321,1,Ag,NS,1278
OG0010777,2.3210668105326553,0.368787392880212,Ag,NS,8
OG0010784,-0.2618807112174235,1,Ag,NS,1370
OG0010813,-0.9770995978899212,0.474022594053874,Ag,NS,2129
OG0010824,-0.026778826298134734,0.725913668927061,Ag,NS,892
OG0010836,0.5310694927259542,0.987729593630342,Ag,NS,230
OG0010857,-0.2968993003958401,0.214927905107701,Ag,NS,1446
OG0010862,-0.2125675354831321,1,Ag,NS,1278
OG0010887,-0.21031433199702937,1,Ag,NS,1275
OG0010901,2.4620523187964327,0.0811221591933377,Ag,NS,4
OG0010948,-1.207561069935362,0.0250268745664473,Ag,DOWN,2180
OG0010952,-0.04841220518524589,1,Ag,NS,928
OG0010953,-0.29512803554364725,0.23378606276058,Ag,NS,1441
OG0010955,-0.47794425083903574,0.476954444874003,Ag,NS,1787
OG0010960,-0.6574452545226798,0.285158485849541,Ag,NS,1962
OG0010963,0.14665522211946516,1,Ag,NS,571
OG0010975,0.3360868343724261,0.528021073832691,Ag,NS,344
OG0010982,-0.732164607902385,0.0102850450132819,Ag,NS,2011
OG0010984,0.7999162029890141,0.168725111955652,Ag,NS,141
OG0010985,-0.16326791954086414,1,Ag,NS,1181
OG0010987,-0.3997302464909953,0.250179462122268,Ag,NS,1663
OG0011004,-1.1456053222468994,0.0470481969298305,Ag,DOWN,2175
OG0011009,0.7066410573094084,1,Ag,NS,159
OG0011015,-0.3827015171591536,1,Ag,NS,1627
OG0011024,-0.4363537305159361,0.764017957451203,Ag,NS,1732
OG0011026,0.09085343045111348,1,Ag,NS,674
OG0011042,-0.3603047666004178,1,Ag,NS,1583
OG0011045,-0.6711635357704601,1,Ag,NS,1971
OG0011050,-0.1673181689264226,0.729323117279469,Ag,NS,1192
OG0011056,-0.03652587602511404,1,Ag,NS,909
OG0011057,-0.27578631324264175,0.835090389641071,Ag,NS,1396
OG0011070,-0.9077925619029112,0.0565779060288865,Ag,NS,2103
OG0011077,0.04264433740849372,1,Ag,NS,762
OG0011089,-1.0320936297098533,0.0104149713761719,Ag,DOWN,2143
OG0011105,-0.10547510831890405,1,Ag,NS,1048
OG0011119,-0.5063526660247899,0.250179462122268,Ag,NS,1815
OG0011134,-1.0352408316643902,0.00904436972068841,Ag,DOWN,2144
OG0011135,-0.32012585225337686,1,Ag,NS,1494
OG0011143,0.35275852504063665,1,Ag,NS,327
OG0011144,-0.5907448533151622,0.815087240318568,Ag,NS,1905
OG0011159,-0.3544882326903702,0.0165152325061983,Ag,NS,1571
OG0011161,-0.01304303747559888,1,Ag,NS,858
OG0011183,-0.10469737866669324,1,Ag,NS,1043
OG0011185,-0.5756153284619034,0.00574653473250774,Ag,NS,1892
OG0011187,-0.16650266314016504,1,Ag,NS,1186
OG0011210,-0.5332423842738286,0.308563433519872,Ag,NS,1841
OG0011226,-0.3437324652057107,1,Ag,NS,1547
OG0011230,0.5048745893984644,0.0250268745664473,Ag,NS,244
OG0011245,-0.4739311883324124,0.539548778038794,Ag,NS,1780
OG0011282,0.00575926928868495,1,Ag,NS,819
OG0011287,-0.04841220518524589,1,Ag,NS,928
OG0011305,0.18523225423016085,1,Ag,NS,505
OG0011325,-1.2552408630110004,0.722096056096045,Ag,NS,2191
OG0011341,-0.3695945285176767,0.285158485849541,Ag,NS,1599
OG0011342,-0.6038405109268455,0.054481163605303,Ag,NS,1917
OG0011360,0.14795788138710142,1,Ag,NS,566
OG0011366,0.1826922975161903,1,Ag,NS,512
OG0011367,-0.8008773579863994,0.262968585499866,Ag,NS,2056
OG0011387,0.18633956489233627,1,Ag,NS,502
OG0011394,0.0676387168753633,1,Ag,NS,714
OG0011398,-0.7013416844354848,0.0536254453114337,Ag,NS,1985
OG0011420,-0.18606492951868295,1,Ag,NS,1229
OG0011430,-0.4285658841234909,1,Ag,NS,1717
OG0011495,-0.8236772273595371,0.0165152325061983,Ag,NS,2067
OG0011508,0.21288056634438476,1,Ag,NS,468
OG0011513,-0.4188898247744504,0.215429642567284,Ag,NS,1697
OG0011526,-0.4188898247744504,0.364725178638086,Ag,NS,1697
OG0011531,-0.19748992346879518,1,Ag,NS,1254
OG0011547,-1.0283056141885367,0.783789503437232,Ag,NS,2141
OG0011564,-0.195946441032647,1,Ag,NS,1250
OG0011565,-0.131313234677865,1,Ag,NS,1099
OG0011571,-0.38082178394093086,0.482237806525321,Ag,NS,1626
OG0011573,-0.7036894392919076,0.951860424318413,Ag,NS,1988
OG0011574,-0.9132162338579334,0.53971530695939,Ag,NS,2104
OG0011586,-0.10314692710329326,1,Ag,NS,1040
OG0011590,-0.27578631324264175,0.315064577095113,Ag,NS,1396
OG0011610,0.6956979932634236,7.136158792395e-4,Ag,NS,162
OG0011611,0.1401242239090707,1,Ag,NS,585
OG0011634,-0.2822219712656534,0.248905823475313,Ag,NS,1411
OG0011646,-0.5074946473789737,0.186522431595345,Ag,NS,1817
OG0011690,-0.11403524324602944,1,Ag,NS,1065
OG0011705,-0.09696172988708796,1,Ag,NS,1029
OG0011707,0.33913738491958534,0.428108209235264,Ag,NS,343
OG0011714,-0.9517638143471524,0.016389432959981,Ag,NS,2118
OG0011715,0.668119124686432,0.426434584184797,Ag,NS,171
OG0011722,-0.28103566424046145,0.691796670695019,Ag,NS,1410
OG0011723,0.11103131238874396,1,Ag,NS,638
OG0011754,-0.8747277673679053,0.577938883967035,Ag,NS,2087
OG0011762,-0.1187269385707514,1,Ag,NS,1070
OG0011783,-0.3864683470820729,0.458785002042215,Ag,NS,1634
OG0011784,-1.1584293626044828,0.0231007164130199,Ag,DOWN,2177
OG0011803,-0.6506347224057867,0.0140111000777896,Ag,NS,1957
OG0011831,-0.72563176159506,0.151690297831505,Ag,NS,2006
OG0011837,0.13881446890228188,1,Ag,NS,588
OG0011843,-0.42275246440684927,0.323995533778365,Ag,NS,1711
OG0011850,0.5390347029707543,0.504037493797218,Ag,NS,227
OG0011854,-0.19925537606322247,1,Ag,NS,1256
OG0011861,0.0538037656954172,1,Ag,NS,747
OG0011910,-0.20423305221760776,1,Ag,NS,1262
OG0011915,-0.3455644591546006,0.482314291517867,Ag,NS,1552
OG0011924,-0.7297700927620023,0.413361407977148,Ag,NS,2009
OG0011943,0.2821432287814984,1,Ag,NS,391
OG0011946,-0.5521563556379144,0.0446288955295997,Ag,NS,1867
OG0011947,-0.4092782299901589,0.483953154371431,Ag,NS,1679
OG0011948,-0.584241333477502,0.045342469336414,Ag,NS,1897
OG0011966,-0.19436469862718592,0.0536254453114337,Ag,NS,1248
OG0011989,0.298696458386867,0.897423168910481,Ag,NS,371
OG0011991,-0.5176683488695428,0.0165152325061983,Ag,NS,1825
OG0012005,-0.6741969805379922,0.928810080693659,Ag,NS,1974
OG0012014,0.13224779829843977,1,Ag,NS,597
OG0012016,-0.5680719958240805,0.0276923689446099,Ag,NS,1887
OG0012021,-0.00868224309980088,1,Ag,NS,846
OG0012022,-0.13785735212452654,0.415460824282767,Ag,NS,1111
OG0012026,-0.1124747292584125,1,Ag,NS,1062
OG0012030,-0.05589120089204515,1,Ag,NS,945
OG0012032,2.685043089476681,0.00203917259829843,Ag,UP,2
OG0012034,-0.04245679924289482,1,Ag,NS,919
OG0012042,-0.5929192245494992,0.134131435374962,Ag,NS,1907
OG0012053,1.140778655782796,0.0400414307656437,Ag,UP,84
OG0012064,-1.1328942704973453,0.0281798577081341,Ag,DOWN,2170
OG0012079,-0.2863041851566411,0.69986325611832,Ag,NS,1419
OG0012082,-0.16974467583231706,1,Ag,NS,1197
OG0012092,-0.2463954637200048,1,Ag,NS,1339
OG0012112,-0.3219280948873623,0.942022228200601,Ag,NS,1499
OG0012123,-0.05589120089204515,1,Ag,NS,945
OG0012127,-0.4208198518728499,1,Ag,NS,1706
OG0012130,-0.026205070347394,1,Ag,NS,889
OG0012131,-0.6082322800440033,0.542483431741391,Ag,NS,1921
OG0012144,-0.888968687611256,0.0264552610002779,Ag,NS,2093
OG0012165,-0.30434929610463946,1,Ag,NS,1463
OG0012175,-0.520769438793664,0.288328475491468,Ag,NS,1827
OG0012178,-0.7734914701913203,0.249660427990587,Ag,NS,2040
OG0012198,-0.02180437031834845,1,Ag,NS,876
OG0012206,-0.22433108079894057,0.221271483058873,Ag,NS,1294
OG0012213,-0.08037895427160029,1,Ag,NS,996
OG0012223,-0.01304303747559888,1,Ag,NS,858
OG0012249,-0.25670047211174335,0.942807861868942,Ag,NS,1359
OG0012262,-0.436102811410186,0.835550991670721,Ag,NS,1731
OG0012263,1.582556003014061,0.372216567010805,Ag,NS,47
OG0012280,-0.4138522576214899,1,Ag,NS,1689
OG0012285,0.02856915219677092,1,Ag,NS,782
OG0012287,-0.03456700407849135,1,Ag,NS,907
OG0012292,-0.117161344232749,1,Ag,NS,1067
OG0012307,-0.4799549759601824,0.372657706121862,Ag,NS,1789
OG0012318,0.04963076772460043,1,Ag,NS,754
OG0012339,0.2631245686387914,1,Ag,NS,411
OG0012355,-0.6281623826695795,0.192369827910128,Ag,NS,1941
OG0012391,-0.0188780102056894,1,Ag,NS,869
OG0012396,-0.2651945237021449,0.764017957451203,Ag,NS,1376
OG0012417,-0.8916428219095814,0.0377268112268301,Ag,NS,2097
OG0012426,-0.07433715558280513,1,Ag,NS,985
OG0012438,-0.08008791132269193,1,Ag,NS,993
OG0012440,-0.4759363242227893,0.194148204384802,Ag,NS,1785
OG0012452,-0.29512803554364725,1,Ag,NS,1441
OG0012454,-0.3770696490798233,0.92206779303453,Ag,NS,1620
OG0012471,0.35727047567955944,0.787538076699393,Ag,NS,324
OG0012476,-0.15360697914763968,1,Ag,NS,1151
OG0012511,0.3862591411333461,0.590743255438074,Ag,NS,304
OG0012514,-0.23446525363702295,0.31896000389764,Ag,NS,1314
OG0012515,1.150517375717914,0.0665443851619119,Ag,NS,82
OG0012519,-0.1124747292584125,0.607406388676367,Ag,NS,1062
OG0012525,-0.04841220518524589,1,Ag,NS,928
OG0012528,-0.0188780102056894,1,Ag,NS,869
OG0012538,0.452068230223811,0.717950757369745,Ag,NS,268
OG0012571,-0.4422223286050742,0.0104149713761719,Ag,NS,1743
OG0012590,-0.33278908751912917,1,Ag,NS,1522
OG0012601,-0.5290727425248735,0.775484323180563,Ag,NS,1837
OG0012622,-0.5467663535018702,0.209914365819678,Ag,NS,1857
OG0012634,0.6544355408453995,0.129628506172894,Ag,NS,177
OG0012643,-0.02034044828417553,1,Ag,NS,872
OG0012655,-0.12186323337305248,1,Ag,NS,1081
OG0012659,-0.06642736173897607,1,Ag,NS,964
OG0012663,-0.4035418604410144,0.579153940334171,Ag,NS,1665
OG0012675,-0.04841220518524589,1,Ag,NS,928
OG0012686,-0.37519723474705274,0.720136357024967,Ag,NS,1616
OG0012719,-0.5657329565535301,0.0119226073536057,Ag,NS,1886
OG0012725,0.18650055764449475,1,Ag,NS,500
OG0012732,-0.1616532634787693,0.603802953192246,Ag,NS,1175
OG0012748,-0.3004483674769107,0.543539351316585,Ag,NS,1450
OG0012755,-0.2378638300988879,1,Ag,NS,1321
OG0012785,0.1826922975161903,1,Ag,NS,512
OG0012815,-0.03209362970985334,1,Ag,NS,900
OG0012836,-0.00578235259400611,1,Ag,NS,843
OG0012843,0.05380644369579382,1,Ag,NS,742
OG0012846,0.2016338611696504,1,Ag,NS,485
OG0012852,0.22774107583912812,1,Ag,NS,442
OG0012855,0.197865391353738,0.456614537629538,Ag,NS,487
OG0012873,-2.1909972250609138,7.5989853017634e-4,Ag,DOWN,2244
OG0012906,-0.045950946609033205,1,Ag,NS,923
OG0012912,-0.4981787345790897,1,Ag,NS,1808
OG0012916,0.25701061820602394,0.348780965047026,Ag,NS,418
OG0012924,0.0676387168753633,1,Ag,NS,714
OG0012925,0.26183165875213665,1,Ag,NS,413
OG0012958,-0.08125924720190267,1,Ag,NS,997
OG0012961,0.05241589415113853,1,Ag,NS,748
OG0012963,-0.14241704461585192,1,Ag,NS,1119
OG0012983,0.009076360369638742,1,Ag,NS,816
OG0012985,-0.10005101381032824,1,Ag,NS,1035
OG0012986,-0.1616532634787693,1,Ag,NS,1175
OG0013000,0.07313470463021537,1,Ag,NS,704
OG0013019,-0.4016347946763554,1,Ag,NS,1664
OG0013031,0.21785109681113135,1,Ag,NS,464
OG0013037,-0.3714596807372396,0.192701940745673,Ag,NS,1606
OG0013053,-0.29321595616512686,0.504788184818838,Ag,NS,1434
OG0013056,-0.29001485639581176,0.207550120173876,Ag,NS,1429
OG0013077,-0.08926733809708741,1,Ag,NS,1012
OG0013083,-0.24127043154213737,1,Ag,NS,1327
OG0013092,-0.2009126939259964,1,Ag,NS,1259
OG0013137,0.7013272574129406,0.964062228116787,Ag,NS,161
OG0013143,-0.3566055465201077,0.869050879609776,Ag,NS,1574
OG0013144,-0.5395195299599892,0.0809521200188132,Ag,NS,1847
OG0013150,-0.23956713082051262,0.0132930473439381,Ag,NS,1326
OG0013165,-0.2549778509627355,0.194674488504795,Ag,NS,1355
OG0013178,-0.4405849316866173,0.424441541522532,Ag,NS,1742
OG0013186,-0.07704103576382801,1,Ag,NS,988
OG0013188,-0.24127043154213737,1,Ag,NS,1327
OG0013202,1.335711910320462,1,Ag,NS,65
OG0013207,-0.00578235259400611,1,Ag,NS,843
OG0013211,-0.6326289343514705,1,Ag,NS,1943
OG0013219,0.20510595923083724,1,Ag,NS,479
OG0013235,0.18523225423016085,1,Ag,NS,505
OG0013242,0.25701061820602394,1,Ag,NS,418
OG0013243,-1.0528949484321255,0.0119908819472692,Ag,DOWN,2146
OG0013251,0.04544297076116711,1,Ag,NS,759
OG0013269,-0.17788172527065546,0.950986954622055,Ag,NS,1214
OG0013274,-0.2705559931663367,1,Ag,NS,1385
OG0013282,-0.20589610144025208,1,Ag,NS,1266
OG0013328,1.420078115979374,0.201617920494582,Ag,NS,61
OG0013338,-0.44418384493836033,0.444737747737702,Ag,NS,1746
OG0013356,-0.7249929525001302,0.956103682543212,Ag,NS,2003
OG0013365,0.00575926928868495,1,Ag,NS,819
OG0013366,0.14535138557262012,1,Ag,NS,574
OG0013373,-0.4092782299901589,0.0827758769327708,Ag,NS,1679
OG0013374,0.14665522211946516,1,Ag,NS,571
OG0013377,-0.3501537686317074,0.0598681723111448,Ag,NS,1566
OG0013384,0.9523335663696856,0.0223421692986157,Ag,NS,105
OG0013391,-0.4500844463780446,0.17435752579253,Ag,NS,1755
OG0013400,0.08814159686901755,1,Ag,NS,677
OG0013403,-0.04935781573734268,1,Ag,NS,932
OG0013429,0.5028397582559315,0.350960762683822,Ag,NS,246
OG0013466,-0.34923544088309766,0.278761689196511,Ag,NS,1560
OG0013493,0.16349873228287956,1,Ag,NS,542
OG0013524,0.00575926928868495,1,Ag,NS,819
OG0013538,0.4318903482861805,0.431028954125701,Ag,NS,280
OG0013540,0.5277213967661583,1,Ag,NS,233
OG0013548,0.01435529297707005,1,Ag,NS,807
OG0013557,-0.2705559931663367,1,Ag,NS,1385
OG0013575,0.09491164702546698,1,Ag,NS,666
OG0013605,0.11236652307256316,1,Ag,NS,635
OG0013614,0.6708403358815619,0.350933184004289,Ag,NS,169
OG0013632,-0.2463954637200048,1,Ag,NS,1339
OG0013641,-0.7858751946471527,0.00945193655986751,Ag,NS,2047
OG0013654,-0.24982229440694284,0.546277077695557,Ag,NS,1347
OG0013655,0.3010022560328143,0.416935608621671,Ag,NS,368
OG0013659,0.5469561781414114,0.189457779729295,Ag,NS,224
OG0013660,-0.9714308478032292,0.386197540553577,Ag,NS,2127
OG0013671,-0.23107466443624883,0.300088466038591,Ag,NS,1308
OG0013678,-0.21759143507262677,1,Ag,NS,1286
OG0013692,2.377708677415752,6.6957024109391e-4,Ag,UP,7
OG0013697,1.1370707344713598,0.00478916486520746,Ag,UP,85
OG0013727,0.9206744110416182,0.776305175311402,Ag,NS,115
OG0013739,0.16349873228287956,1,Ag,NS,542
OG0013744,-0.5521563556379144,0.24687974492177,Ag,NS,1867
OG0013757,0.9825829469225906,0.0250189447145577,Ag,NS,101
OG0013764,-0.3040061868900999,1,Ag,NS,1458
OG0013767,0.29982314540538557,0.736655936135272,Ag,NS,370
OG0013768,0.29865831556451516,1,Ag,NS,372
OG0013769,-0.4188898247744504,0.488125706779784,Ag,NS,1697
OG0013771,0.03703073094496702,1,Ag,NS,769
OG0013782,-0.17299399036102314,1,Ag,NS,1206
OG0013788,-0.9132162338579334,0.0492752259452115,Ag,NS,2104
OG0013792,-1.207561069935362,0.00231102674312102,Ag,DOWN,2180
OG0013818,-0.3058424004488791,1,Ag,NS,1467
OG0013819,0.12565110166152013,1,Ag,NS,611
OG0013825,0.29278174922784594,0.217362148482514,Ag,NS,383
OG0013827,-0.0923401721467106,1,Ag,NS,1018
OG0013845,-0.8996950942043145,0.00739857988744178,Ag,NS,2100
OG0013847,-0.2276920250415967,1,Ag,NS,1298
OG0013851,0.723340120251171,0.753539898373045,Ag,NS,157
OG0013853,0.4372277389129098,0.250179462122268,Ag,NS,277
OG0013856,0.6107000621347644,0.361426223565155,Ag,NS,193
OG0013861,-0.00868224309980088,1,Ag,NS,846
OG0013863,-0.13606154957602837,1,Ag,NS,1106
OG0013870,-0.01158797427521184,1,Ag,NS,855
OG0013882,0.048539239411130086,1,Ag,NS,758
OG0013887,-1.2209504471625414,0.0534853094637296,Ag,NS,2185
OG0013890,0.25701061820602394,1,Ag,NS,418
OG0013899,-0.3437324652057107,1,Ag,NS,1547
OG0013912,-0.1187269385707514,1,Ag,NS,1070
OG0013919,-0.29512803554364725,0.891008249562692,Ag,NS,1441
OG0013925,0.27738969881086384,1,Ag,NS,397
OG0013926,-0.05380681867541553,1,Ag,NS,940
OG0013939,-0.5170624315178726,0.417135639335937,Ag,NS,1824
OG0013941,-0.3978282092466207,0.106119505319721,Ag,NS,1656
OG0013955,-0.02473667832150644,1,Ag,NS,885
OG0013957,-0.4188898247744504,0.00283215008202458,Ag,NS,1697
OG0013961,0.3628906426658603,1,Ag,NS,322
OG0013966,-0.28454587288428235,0.896012273633124,Ag,NS,1413
OG0013974,-0.5332423842738286,0.0100496304325217,Ag,NS,1841
OG0013978,-0.7393720918733014,0.567001701012782,Ag,NS,2016
OG0013987,-0.18606492951868295,1,Ag,NS,1229
OG0013989,-0.10314692710329326,1,Ag,NS,1040
OG0014025,-0.5500425163719965,0.0285377160833073,Ag,NS,1862
OG0014026,-0.09394560042860339,1,Ag,NS,1023
OG0014030,-0.10469737866669324,1,Ag,NS,1043
OG0014037,-0.7338943919943948,1,Ag,NS,2014
OG0014041,0.35684174955070913,1,Ag,NS,325
OG0014048,-3.023269779322847,0.00956851271167974,Ag,DOWN,2247
OG0014062,0.23756371831767567,1,Ag,NS,435
OG0014076,0.5844493600127347,0.20191285058044,Ag,NS,208
OG0014077,0.15185881672700494,1,Ag,NS,560
OG0014078,0.14702655796370942,1,Ag,NS,570
OG0014089,-0.4208198518728499,1,Ag,NS,1706
OG0014095,-0.02180437031834845,1,Ag,NS,876
OG0014101,-0.09696172988708796,0.990871209308737,Ag,NS,1029
OG0014108,-0.6393547975397839,0.775629830408091,Ag,NS,1948
OG0014118,0.817655417918962,0.437224467291611,Ag,NS,136
OG0014125,0.2078928516413329,1,Ag,NS,476
OG0014133,0.11370049916472832,1,Ag,NS,629
OG0014135,0.20704069853520835,1,Ag,NS,477
OG0014160,-0.16679439373956206,0.82886929446065,Ag,NS,1191
OG0014192,0.662661255475094,0.325725153811154,Ag,NS,174
OG0014218,-0.08620103504930393,1,Ag,NS,1008
OG0014288,0.29865831556451516,1,Ag,NS,372
OG0014301,0.00288250853312136,1,Ag,NS,829
OG0014329,0.00575926928868495,1,Ag,NS,819
OG0014331,-0.4431937526250638,0.00892797863304662,Ag,NS,1745
OG0014334,-0.20589610144025208,0.422211204469767,Ag,NS,1266
OG0014345,-0.1859725077733377,0.641791575874556,Ag,NS,1228
OG0014368,-0.4799549759601824,0.149172989626123,Ag,NS,1789
OG0014370,0.3045110418099531,1,Ag,NS,362
OG0014381,-0.0709665213541436,1,Ag,NS,979
OG0014383,0.014475495762603315,1,Ag,NS,806
OG0014438,0.16349873228287956,1,Ag,NS,542
OG0014448,-0.03948828988097554,1,Ag,NS,912
OG0014451,-0.2705559931663367,0.6824159920227,Ag,NS,1385
OG0014461,0.01006368334469748,1,Ag,NS,812
OG0014481,-0.4481148965282752,0.513349163110439,Ag,NS,1751
OG0014504,0.3402774047662543,1,Ag,NS,340
OG0014511,-0.496142467422571,0.727757912450676,Ag,NS,1806
OG0014517,-0.2293823533437969,1,Ag,NS,1303
OG0014564,-0.2090756538399639,1,Ag,NS,1271
OG0014572,0.3851548968843438,0.970698601758913,Ag,NS,305
OG0014578,-1.0291463456595165,0.0341152319320945,Ag,DOWN,2142
OG0014589,1.506398831527454,0.326579095688125,Ag,NS,55
OG0014628,-0.3566055465201077,0.057243794718657,Ag,NS,1574
OG0014629,-0.3978282092466207,0.431335916889251,Ag,NS,1656
OG0014638,1.9942176474059936,0.53499039007247,Ag,NS,18
OG0014651,-0.8809758968577254,0.0419953986088286,Ag,NS,2090
OG0014682,-0.14984229047000314,1,Ag,NS,1141
OG0014707,0.1775989293277334,1,Ag,NS,516
OG0014766,0.279768421593595,1,Ag,NS,395
OG0014768,-0.3041359333657653,1,Ag,NS,1462
OG0014780,0.4059923596758368,1,Ag,NS,294
OG0014783,-0.06793882865657556,1,Ag,NS,970
OG0014809,-0.8442507673220552,0.587500002810985,Ag,NS,2074
OG0014829,-0.0923401721467106,1,Ag,NS,1018
OG0014844,-0.16812275880832692,1,Ag,NS,1195
OG0014852,-0.8996950942043145,0.349933359573133,Ag,NS,2100
OG0014856,0.1071227197317226,1,Ag,NS,644
OG0014898,-0.29335894269059154,0.769280366974951,Ag,NS,1436
OG0014902,-0.3695945285176767,1,Ag,NS,1599
OG0014938,0.18903382439001687,1,Ag,NS,498
OG0014954,0.6516831806321093,0.397752610632873,Ag,NS,179
OG0014972,0.503857532577429,0.873293472048329,Ag,NS,245
OG0014995,-0.3437324652057107,0.912192378954759,Ag,NS,1547
OG0015001,0.27159449984964745,0.944979278837486,Ag,NS,406
OG0015012,-0.7809089417538033,0.00930750702063028,Ag,NS,2044
OG0015013,-0.8287931725818576,0.468311984794207,Ag,NS,2070
OG0015023,0.1750454861109138,1,Ag,NS,521
OG0015024,-0.2125675354831321,1,Ag,NS,1278
OG0015034,-0.6529013293777317,0.37682385804917,Ag,NS,1959
OG0015043,0.27738969881086384,1,Ag,NS,397
OG0015052,0.4761224198801521,1,Ag,NS,258
OG0015055,-0.6711635357704601,0.115363948086735,Ag,NS,1971
OG0015087,-0.6082322800440033,0.771460387348719,Ag,NS,1921
OG0015093,-0.6192705514964515,0.938503378968272,Ag,NS,1931
OG0015100,0.0172092900322231,1,Ag,NS,803
OG0015113,-0.15200309344504995,1,Ag,NS,1147
OG0015131,0.6144742828377008,0.0447283785859079,Ag,NS,189
OG0015134,2.0854246562526777,5.3184670064337e-4,Ag,UP,15
OG0015171,0.5180314926021693,0.627344416087216,Ag,NS,239
OG0015177,-0.3883554566263384,0.920421961489111,Ag,NS,1637
OG0015182,-0.2260036748888269,0.476954444874003,Ag,NS,1295
OG0015202,-0.17462139610706873,1,Ag,NS,1211
OG0015210,-0.265344566520995,1,Ag,NS,1377
OG0015214,0.27382855610273427,1,Ag,NS,402
OG0015224,0.31266517355839435,1,Ag,NS,357
OG0015249,-0.15521264992094003,1,Ag,NS,1156
OG0015255,-0.1504009888485484,1,Ag,NS,1142
OG0015264,-0.5416179958439868,1,Ag,NS,1850
OG0015271,0.3482324192392708,0.987721918561512,Ag,NS,331
OG0015285,-0.18442457113742744,0.847338037153973,Ag,NS,1223
OG0015289,0.01863417413905097,1,Ag,NS,801
OG0015309,-0.09541956507868243,1,Ag,NS,1025
OG0015342,0.32693815970208323,0.162655321288665,Ag,NS,348
OG0015352,0.45943161863729726,0.0123079209309998,Ag,NS,264
OG0015368,-0.29335894269059154,0.96555062229545,Ag,NS,1436
OG0015370,0.6189715015151233,0.100402960725369,Ag,NS,186
OG0015372,-0.6082322800440033,0.441867480702245,Ag,NS,1921
OG0015384,0.00432160595009346,1,Ag,NS,827
OG0015391,-0.3255393484397412,0.940103513334911,Ag,NS,1508
OG0015393,-0.1504009888485484,1,Ag,NS,1142
OG0015397,0.27438993564774394,0.116884350104151,Ag,NS,401
OG0015400,-0.3827015171591536,0.0567315555047665,Ag,NS,1627
OG0015401,-0.33825040018929514,0.250179462122268,Ag,NS,1537
OG0015409,1.0621217119077977,0.0291230227649278,Ag,UP,95
OG0015446,-0.3400176528917671,0.0717874556854155,Ag,NS,1541
OG0015452,0.3045110418099531,0.743301844112386,Ag,NS,362
OG0015453,-0.27578631324264175,0.752023346233496,Ag,NS,1396
OG0015455,-0.1616532634787693,1,Ag,NS,1175
OG0015456,-0.248107861595691,0.640952838363767,Ag,NS,1342
OG0015458,-0.02180437031834845,1,Ag,NS,876
OG0015465,-0.9213901653036336,0.645314012978581,Ag,NS,2107
OG0015473,-0.36937782303930095,0.203491047762327,Ag,NS,1598
OG0015474,-0.3603047666004178,0.136972579429326,Ag,NS,1583
OG0015502,-0.9268652953697848,0.0144949691818021,Ag,NS,2110
OG0015513,0.17376706773670636,1,Ag,NS,522
OG0015525,-0.7908586021614084,0.456935170577879,Ag,NS,2048
OG0015533,-0.44418384493836033,0.671557332484039,Ag,NS,1746
OG0015547,-0.28454587288428235,1,Ag,NS,1413
OG0015577,0.01435529297707005,1,Ag,NS,807
OG0015584,-0.01158797427521184,1,Ag,NS,855
OG0015588,-0.6214883767462701,0.836132399437749,Ag,NS,1936
OG0015605,0.6182386555954547,0.729154531999189,Ag,NS,187
OG0015612,-0.40545145044964576,0.23388306959325,Ag,NS,1670
OG0015615,1.258217389536018,0.343559958253718,Ag,NS,74
OG0015622,-0.5332423842738286,0.587457171338789,Ag,NS,1841
OG0015628,0.28060000484853653,0.625824344609518,Ag,NS,394
OG0015629,0.7389839547005117,0.00766538030191969,Ag,NS,153
OG0015654,0.5280711645787354,0.209914365819678,Ag,NS,232
OG0015676,-0.7131188522118385,0.0103270395758525,Ag,NS,1995
OG0015699,0.2240402742179301,1,Ag,NS,451
OG0015705,0.3482324192392708,1,Ag,NS,331
OG0015706,-0.06793882865657556,1,Ag,NS,970
OG0015745,-0.2463954637200048,1,Ag,NS,1339
OG0015774,-0.1568201097428258,1,Ag,NS,1160
OG0015781,-0.34190279464862844,0.452626373546233,Ag,NS,1544
OG0015799,1.4719677876615156,0.00953515776137602,Ag,UP,58
OG0015805,-0.2688167584278,0.466548866801999,Ag,NS,1383
OG0015810,-0.3093594213843066,0.678723046621517,Ag,NS,1473
OG0015817,-0.17951465701362104,1,Ag,NS,1216
OG0015832,-0.03800632257974491,1,Ag,NS,910
OG0015844,0.45101324294397294,1,Ag,NS,270
OG0015846,-0.10935875603655625,1,Ag,NS,1054
OG0015869,-0.7466157641999255,0.02272556370716,Ag,NS,2020
OG0015889,-0.15200309344504995,1,Ag,NS,1147
OG0015897,-0.416962376203336,0.207712064160688,Ag,NS,1693
OG0015900,-0.20423305221760776,1,Ag,NS,1262
OG0015902,-0.0923401721467106,1,Ag,NS,1018
OG0015904,-0.12973392960401728,0.781698118635393,Ag,NS,1096
OG0015932,0.38990720780142196,1,Ag,NS,301
OG0015967,-0.24982229440694284,1,Ag,NS,1347
OG0015978,0.17248751551013403,1,Ag,NS,525
OG0016020,0.23972290548949693,1,Ag,NS,434
OG0016022,-0.6171647384818706,0.359882241640099,Ag,NS,1930
OG0016049,-0.4402634755670174,0.318791097222112,Ag,NS,1739
OG0016053,0.10701824988212044,1,Ag,NS,645
OG0016079,0.14274017211608214,1,Ag,NS,579
OG0016103,-0.24982229440694284,1,Ag,NS,1347
OG0016106,0.3115031154682697,1,Ag,NS,358
OG0016110,-0.6483716708972176,1,Ag,NS,1955
OG0016115,1.78114985171021,0.0150219343149818,Ag,UP,33
OG0016134,0.4059923596758368,0.864367076482928,Ag,NS,294
OG0016166,2.107943445009939,0.0092948135578207,Ag,UP,14
OG0016178,-0.3940316411585416,0.824261919254675,Ag,NS,1646
OG0016184,0.2326607567902751,1,Ag,NS,439
OG0016205,-0.4305089080412838,1,Ag,NS,1720
OG0016225,-0.929610672108602,0.414745171618749,Ag,NS,2113
OG0016230,-0.10455227305356782,1,Ag,NS,1042
OG0016234,-0.01158797427521184,1,Ag,NS,855
OG0016284,-0.03948828988097554,1,Ag,NS,912
OG0016285,-0.33278908751912917,1,Ag,NS,1522
OG0016317,0.06901467791518046,1,Ag,NS,711
OG0016331,-0.10168118964102646,1,Ag,NS,1038
OG0016352,-0.0694518807521452,1,Ag,NS,976
OG0016362,0.2466878892290574,0.487048992428398,Ag,NS,429
OG0016401,-0.35107444054687875,0.310355465488775,Ag,NS,1567
OG0016407,-0.05439229681862778,1,Ag,NS,941
OG0016409,-0.045052018420740865,1,Ag,NS,922
OG0016410,-0.1584293626044829,0.365919683482765,Ag,NS,1164
OG0016418,-0.20423305221760776,1,Ag,NS,1262
OG0016452,-0.08161376555365212,1,Ag,NS,998
OG0016454,2.0538064436957937,1.5121333411169e-4,Ag,UP,16
OG0016457,0.3662522636995638,1,Ag,NS,318
OG0016462,-0.4719288354212646,0.279309209072128,Ag,NS,1777
OG0016482,-1.38458370273713,0.00266490705617141,Ag,DOWN,2209
OG0016498,-0.12658049656514306,1,Ag,NS,1092
OG0016503,0.48645695576873105,0.106499948373213,Ag,NS,253
OG0016508,0.02715405150372665,1,Ag,NS,787
OG0016511,0.1775989293277334,0.662326718022822,Ag,NS,516
OG0016515,-0.6438561897747247,0.538296887752728,Ag,NS,1952
OG0016531,-0.5166356392866507,0.0453711853873575,Ag,NS,1822
OG0016538,-0.3959286763311392,0.303963474269223,Ag,NS,1651
OG0016556,0.36848900064510354,1,Ag,NS,314
OG0016568,-0.07400058144377693,1,Ag,NS,982
OG0016574,-0.01013437713371317,1,Ag,NS,850
OG0016578,1.8922106358133473,0.00588758169832603,Ag,UP,23
OG0016579,0.0172092900322231,1,Ag,NS,803
OG0016587,-0.1568201097428258,1,Ag,NS,1160
OG0016591,0.00575926928868495,1,Ag,NS,819
OG0016601,-0.7154858667557547,0.0850361035584507,Ag,NS,1996
OG0016636,0.07176266930009127,1,Ag,NS,705
OG0016646,-0.46394709975979026,0.0285377160833073,Ag,NS,1769
OG0016653,0.00432160595009346,1,Ag,NS,827
OG0016656,0.21163525332714944,1,Ag,NS,472
OG0016677,1.2461040098839165,1,Ag,NS,75
OG0016682,-0.5542732966500158,0.260533546835256,Ag,NS,1872
OG0016694,-0.021469879731490452,1,Ag,NS,874
OG0016699,-0.9530847141824322,0.476340547631956,Ag,NS,2121
OG0016726,0.05519565424212462,1,Ag,NS,738
OG0016748,-0.7060410209713056,0.979019224860528,Ag,NS,1989
OG0016778,-0.4481148965282752,0.175831782692349,Ag,NS,1751
OG0016783,-0.33278908751912917,1,Ag,NS,1522
OG0016786,-0.36587144247495934,1,Ag,NS,1591
OG0016788,-0.579921884020626,0.0325021292030561,Ag,NS,1894
OG0016823,-0.4150374992788438,1,Ag,NS,1690
OG0016829,-0.3566055465201077,0.774544586303438,Ag,NS,1574
OG0016831,-0.1109159014018506,1,Ag,NS,1058
OG0016843,0.2963105607080923,0.259790568161232,Ag,NS,376
OG0016845,-0.17136841831198107,1,Ag,NS,1203
OG0016860,0.28332916805164143,0.942598100463431,Ag,NS,390
OG0016893,0.34255474547732023,1,Ag,NS,336
OG0016903,0.08270258933024935,1,Ag,NS,685
OG0016905,-0.2670796178917426,0.0909103495396397,Ag,NS,1380
OG0016910,0.6861643260613592,0.27082488298803,Ag,NS,166
OG0016916,-0.27578631324264175,0.429305229345166,Ag,NS,1396
OG0016928,-0.4739311883324124,0.964062228116787,Ag,NS,1780
OG0016950,-0.06039727964395627,1,Ag,NS,957
OG0016960,-0.7833899312575583,0.297996347301935,Ag,NS,2045
OG0016973,0.8367320804591358,0.572736557270916,Ag,NS,134
OG0016974,-1.139235797371172,0.0165152325061983,Ag,DOWN,2172
OG0016993,-0.16974467583231706,1,Ag,NS,1197
OG0017003,-0.2915920165164037,0.176036567741106,Ag,NS,1430
OG0017012,-0.41119543298444966,0.0617884833539907,Ag,NS,1683
OG0017014,0.11370049916472832,1,Ag,NS,629
OG0017023,-0.17462139610706873,0.498932673293981,Ag,NS,1211
OG0017026,-0.4759363242227893,1,Ag,NS,1785
OG0017037,-0.18606492951868295,1,Ag,NS,1229
OG0017047,-0.7297700927620023,0.568815863798163,Ag,NS,2009
OG0017062,-1.117161344232749,0.00674163196674156,Ag,DOWN,2167
OG0017082,-0.32834043709636906,0.629867744210648,Ag,NS,1517
OG0017114,0.32768736417604716,0.510539299277382,Ag,NS,347
OG0017121,-0.1584293626044829,1,Ag,NS,1164
OG0017142,0.38736254083599553,0.184107620540705,Ag,NS,302
OG0017157,-0.189351252217354,1,Ag,NS,1238
OG0017164,-0.3677317845004871,1,Ag,NS,1592
OG0017172,-0.4363537305159361,0.843230724559967,Ag,NS,1732
OG0017194,-0.09250212699043435,1,Ag,NS,1022
OG0017237,-0.3346072289581085,1,Ag,NS,1527
OG0017245,0.47404659931930554,1,Ag,NS,260
OG0017278,-0.6620035364849841,1,Ag,NS,1965
OG0017322,-1.0749763590986319,0.230986876472025,Ag,NS,2153
OG0017331,0.02856915219677092,1,Ag,NS,782
OG0017343,-0.888968687611256,0.0536254453114337,Ag,NS,2093
OG0017379,-0.14905693653238986,1,Ag,NS,1140
OG0017401,-0.5311560570253625,0.0377268112268301,Ag,NS,1839
OG0017410,-0.3978282092466207,0.119262105282652,Ag,NS,1656
OG0017439,0.2282243580104804,1,Ag,NS,441
OG0017457,-1.4900508536956891,0.740112490209066,Ag,NS,2215
OG0017462,-0.3219280948873623,1,Ag,NS,1499
OG0017471,-0.4324545523562533,0.483935080528503,Ag,NS,1726
OG0017484,0.27381424458703657,0.964062228116787,Ag,NS,403
OG0017492,0.05935527761642124,1,Ag,NS,730
OG0017500,0.1686420355588392,1,Ag,NS,537
OG0017510,0.12697285625776553,1,Ag,NS,609
OG0017519,0.9320611713434244,0.490077980408273,Ag,NS,112
OG0017526,-0.08161376555365212,1,Ag,NS,998
OG0017553,-1.7858751946471527,0.00648148760676706,Ag,DOWN,2232
OG0017555,-0.24127043154213737,1,Ag,NS,1327
OG0017560,0.6906405786156934,0.538873281756451,Ag,NS,164
OG0017589,-0.3770696490798233,0.180679846917226,Ag,NS,1620
OG0017604,-0.4699292577749161,1,Ag,NS,1775
OG0017608,-0.08467032398699055,1,Ag,NS,1005
OG0017656,0.02290040211007882,1,Ag,NS,792
OG0017657,-0.4092782299901589,1,Ag,NS,1679
OG0017663,-0.6483716708972176,0.0226361678828063,Ag,NS,1955
OG0017681,-0.03209362970985334,1,Ag,NS,900
OG0017682,-0.3346072289581085,0.396432382796929,Ag,NS,1527
OG0017688,1.476122419880152,8.2568810648275e-4,Ag,UP,57
OG0017689,0.02147972741045139,1,Ag,NS,794
OG0017690,0.452068230223811,0.633105601956043,Ag,NS,268
OG0017729,-0.265344566520995,0.355222575157369,Ag,NS,1377
OG0017733,-0.4520566887096497,0.21366721467054,Ag,NS,1757
OG0017750,0.17887395816979515,1,Ag,NS,515
OG0017771,-0.3566055465201077,0.919843488957874,Ag,NS,1574
OG0017788,-0.09850554495242506,1,Ag,NS,1033
OG0017802,-0.31251087706286973,0.125293044867075,Ag,NS,1481
OG0017831,-0.2863041851566411,1,Ag,NS,1419
OG0017836,-0.02326977932284719,1,Ag,NS,879
OG0017841,-0.4819685073978307,0.743075196937275,Ag,NS,1792
OG0017851,-0.1440103026915193,1,Ag,NS,1122
OG0017867,0.14925936549962288,1,Ag,NS,563
OG0017891,-0.9268652953697848,0.775629830408091,Ag,NS,2110
OG0017896,-0.24468509595490195,0.50583010812295,Ag,NS,1335
OG0017897,0.14665522211946516,1,Ag,NS,571
OG0017899,-0.01013437713371317,1,Ag,NS,850
OG0017941,0.6424705373158217,1,Ag,NS,181
OG0017943,-0.3084727492751038,1,Ag,NS,1472
OG0017944,-0.641603738043346,0.302307559473315,Ag,NS,1950
OG0017951,-0.33278908751912917,0.330858242366004,Ag,NS,1522
OG0017964,-0.117161344232749,1,Ag,NS,1067
OG0017967,-0.16650266314016504,1,Ag,NS,1186
OG0017969,-0.06793882865657556,1,Ag,NS,970
OG0017978,0.11769504266975456,1,Ag,NS,624
OG0017986,-0.6506347224057867,0.0394928052795828,Ag,NS,1957
OG0018010,-0.754304319982579,0.678502868227668,Ag,NS,2028
OG0018037,-0.02326977932284719,1,Ag,NS,879
OG0018047,-0.47794425083903574,1,Ag,NS,1787
OG0018053,1.5255677889013477,0.395020651487038,Ag,NS,54
OG0018059,1.5589801440091837,0.00679640020265467,Ag,UP,50
OG0018068,-0.20922796213800007,1,Ag,NS,1272
OG0018070,0.12167855658825248,1,Ag,NS,619
OG0018071,-0.29335894269059154,1,Ag,NS,1436
OG0018077,0.6810155259762982,0.486244477835076,Ag,NS,167
OG0018097,-0.14082554413356457,1,Ag,NS,1114
OG0018121,0.43295940727610627,0.0431135173985802,Ag,NS,279
OG0018128,1.3351402063142137,0.156752615555523,Ag,NS,66
OG0018133,-0.5479317697761891,0.132941073028399,Ag,NS,1859
OG0018134,-1.2688167584278,0.0462632683645054,Ag,DOWN,2192
OG0018139,-0.05289494843212547,1,Ag,NS,938
OG0018143,-0.07248275380152368,1,Ag,NS,981
OG0018173,-0.5395195299599892,0.902680605746198,Ag,NS,1847
OG0018184,-0.547598814533516,0.121382328710563,Ag,NS,1858
OG0018252,-0.3004483674769107,1,Ag,NS,1450
OG0018255,-0.44418384493836033,0.10896779919522,Ag,NS,1746
OG0018257,0.22774107583912812,1,Ag,NS,442
OG0018262,-0.25662325178323503,1,Ag,NS,1358
OG0018277,0.15270921384599215,0.367383078140458,Ag,NS,559
OG0018341,-0.744197163397282,1,Ag,NS,2019
OG0018363,-0.15521264992094003,1,Ag,NS,1156
OG0018391,-0.31114825613411956,0.939319474183733,Ag,NS,1478
OG0018412,0.2041407167802252,1,Ag,NS,480
OG0018428,0.1348780543431117,1,Ag,NS,591
OG0018453,-0.3057883922321094,0.783789503437232,Ag,NS,1465
OG0018454,0.9508416375491489,0.117052300202019,Ag,NS,107
OG0018463,0.14925936549962288,1,Ag,NS,563
OG0018469,-0.3212566526007613,1,Ag,NS,1498
OG0018478,0.4625758880422042,1,Ag,NS,262
OG0018482,-0.5500425163719965,0.0536254453114337,Ag,NS,1862
OG0018490,-0.3455644591546006,1,Ag,NS,1552
OG0018491,-0.39024503782755654,0.80239362737974,Ag,NS,1640
OG0018497,-0.49005085369568935,0.172371591351329,Ag,NS,1803
OG0018526,0.21288056634438476,1,Ag,NS,468
OG0018542,-0.6757654377294687,1,Ag,NS,1975
OG0018543,-1.3733272473940066,0.103544316586279,Ag,NS,2208
OG0018545,0.590948821554194,0.0530805980305506,Ag,NS,203
OG0018609,-0.3733272473940066,0.297713833192291,Ag,NS,1610
OG0018627,-0.48398485299633537,0.0291230227649278,Ag,NS,1796
OG0018720,-0.33642766458247736,0.185504864497171,Ag,NS,1533
OG0018765,0.3933282887353159,0.289724699038147,Ag,NS,298
OG0018766,0.07797432894261225,1,Ag,NS,697
OG0018769,-0.2618807112174235,0.595690744702385,Ag,NS,1370
OG0018781,-0.24468509595490195,0.513349163110439,Ag,NS,1335
OG0018783,0.34157423147298144,1,Ag,NS,338
OG0018790,-0.4150374992788438,0.137941760952999,Ag,NS,1690
OG0018794,-0.32119649145433415,0.74003634083815,Ag,NS,1497
OG0018827,0.22650852980867975,0.994638273710936,Ag,NS,444
OG0018833,0.18142064028014163,1,Ag,NS,514
OG0018835,0.5479433112903502,0.169603182250788,Ag,NS,223
OG0018842,-0.09541956507868243,1,Ag,NS,1025
OG0018843,-0.965784284662087,0.0189948627201268,Ag,NS,2126
OG0018850,0.5538519681811257,0.0248303385090419,Ag,NS,218
OG0018892,0.1016500760944348,1,Ag,NS,655
OG0018902,1.5315686088149625,0.0156489133336285,Ag,UP,52
OG0018907,1.2116352533271495,0.0203365297308683,Ag,UP,79
OG0018913,-1.810966175609983,0.401842584842181,Ag,NS,2233
OG0018926,0.26062790812669856,1,Ag,NS,414
OG0018927,-0.2108967824986185,1,Ag,NS,1276
OG0018934,-0.2549778509627355,1,Ag,NS,1355
OG0018947,0.32423456227053127,1,Ag,NS,351
OG0018954,-0.34923544088309766,1,Ag,NS,1560
OG0018971,0.070389327891398,1,Ag,NS,709
OG0018973,-0.35291578737104634,0.499643541653149,Ag,NS,1570
OG0018975,-0.3940316411585416,0.202455472301517,Ag,NS,1646
OG0018981,0.03139519627553432,1,Ag,NS,778
OG0018983,0.30051543467440484,0.389722041232402,Ag,NS,369
OG0018988,0.17376706773670636,1,Ag,NS,522
OG0019003,0.34130147996566396,0.801389996357922,Ag,NS,339
OG0019006,-0.5756153284619034,0.0234584323233624,Ag,NS,1892
OG0019021,-2.0469210473874924,0.0331778824342643,Ag,DOWN,2241
OG0019032,-1.5022599113909068,0.0150558800159505,Ag,DOWN,2217
OG0019055,0.27381424458703657,0.587500002810985,Ag,NS,403
OG0019061,-0.2618807112174235,1,Ag,NS,1370
OG0019065,0.0398402645317911,1,Ag,NS,766
OG0019070,-0.9601597354682088,0.00307990166098704,Ag,NS,2123
OG0019072,-0.33586898569529355,0.678364177187468,Ag,NS,1532
OG0019110,-0.20257191784768688,1,Ag,NS,1261
OG0019164,0.022150891960535456,1,Ag,NS,793
OG0019193,-0.9406447223835788,0.58241367388958,Ag,NS,2116
OG0019214,-1.142417044615852,0.0331778824342643,Ag,DOWN,2174
OG0019220,-0.7178567712185016,0.438606264668502,Ag,NS,1998
OG0019237,-1.5395195299599893,0.0908295079285102,Ag,NS,2219
OG0019258,0.09626185305840348,1,Ag,NS,663
OG0019271,-0.5395195299599892,0.103544316586279,Ag,NS,1847
OG0019277,-0.3695945285176767,0.831216968075132,Ag,NS,1599
OG0019301,-0.7908586021614084,1,Ag,NS,2048
OG0019331,0.3796209620557083,0.975185338368313,Ag,NS,308
OG0019350,-0.4520566887096497,0.119566540733718,Ag,NS,1757
OG0019355,0.10030490579568548,1,Ag,NS,659
OG0019357,-0.862496476250065,0.0377268112268301,Ag,NS,2082
OG0019380,0.14404636961670686,1,Ag,NS,577
OG0019390,-0.05739166388833668,1,Ag,NS,950
OG0019393,-0.7908586021614084,0.0256480696687567,Ag,NS,2048
OG0019397,-0.1852195718670655,1,Ag,NS,1227
OG0019417,-0.6529013293777317,0.685681384625232,Ag,NS,1959
OG0019419,-0.1250063610670326,1,Ag,NS,1087
OG0019432,0.08542465625267767,1,Ag,NS,681
OG0019453,0.5270703355126606,0.512214871383238,Ag,NS,235
OG0019460,0.15833702716710066,1,Ag,NS,551
OG0019469,-0.01449956969511508,1,Ag,NS,863
OG0019495,0.0607915404815781,1,Ag,NS,727
OG0019517,0.4604804700400108,0.596379806261691,Ag,NS,263
OG0019544,0.0799166205276582,0.901218265164059,Ag,NS,694
OG0019559,-0.03209362970985334,1,Ag,NS,900
OG0019584,0.12829340100981756,1,Ag,NS,604
OG0019589,0.12876844731077108,0.956103682543212,Ag,NS,603
OG0019613,0.40816837070810624,0.826887884484081,Ag,NS,293
OG0019633,-0.42275246440684927,0.83965036114412706,Ag,NS,1711
OG0019653,-0.5269924320838263,1,Ag,NS,1834
OG0019661,-0.18442457113742744,1,Ag,NS,1223
OG0019666,0.10433665981473551,0.968492406716882,Ag,NS,648
OG0019705,-0.7661119398257227,0.0081484128955425,Ag,NS,2033
OG0019709,1.110363243360418,0.115477985703804,Ag,NS,88
OG0019715,1.2656445625394648,0.137830985953026,Ag,NS,72
OG0019764,0.29213203364341866,0.0573278318429239,Ag,NS,385
OG0019766,0.08678376614206665,1,Ag,NS,679
OG0019770,-0.1504009888485484,1,Ag,NS,1142
OG0019801,-0.7933567760166047,0.131247443558239,Ag,NS,2052
OG0019810,-0.8442507673220552,0.136036848161773,Ag,NS,2074
OG0019828,0.7057567820497973,0.0250268745664473,Ag,NS,160
OG0019839,-1.083141235300246,0.0186674028644343,Ag,DOWN,2157
OG0019881,-0.962969269055033,0.041790772151081,Ag,NS,2124
OG0019883,-0.07400058144377693,1,Ag,NS,982
OG0019906,-0.6574452545226798,0.816713687059569,Ag,NS,1962
OG0019941,-0.12186323337305248,0.803829510599622,Ag,NS,1081
OG0019942,-0.2276920250415967,1,Ag,NS,1298
OG0019947,-0.5281975911983932,0.790117615360861,Ag,NS,1836
OG0019955,-0.01013437713371317,1,Ag,NS,850
OG0019975,-0.3273483706716152,1,Ag,NS,1514
OG0019977,-0.18606492951868295,1,Ag,NS,1229
OG0019987,-0.05889368905356856,1,Ag,NS,954
OG0019989,-0.6259342817774622,0.143269814958541,Ag,NS,1940
OG0019992,-0.13606154957602837,1,Ag,NS,1106
OG0020005,0.27500704749986976,0.360076848403811,Ag,NS,399
OG0020022,-0.7369655941662062,0.147496206076744,Ag,NS,2015
OG0020036,-1.0709665213541435,1,Ag,NS,2150
OG0020045,0.21661006874244176,1,Ag,NS,465
OG0020087,-0.37519723474705274,1,Ag,NS,1616
OG0020094,-1.0028998672833398,0.0202654392322005,Ag,DOWN,2135
OG0020109,-0.25842515258120435,1,Ag,NS,1361
OG0020116,-0.24127043154213737,1,Ag,NS,1327
OG0020137,0.10433665981473551,1,Ag,NS,648
OG0020145,0.12565110166152013,1,Ag,NS,611
OG0020173,0.18523225423016085,1,Ag,NS,505
OG0020174,-0.416962376203336,1,Ag,NS,1693
OG0020183,-0.588573754273535,0.962155467391189,Ag,NS,1902
OG0020218,-0.01561988578482117,1,Ag,NS,864
OG0020221,-0.3237325917341102,1,Ag,NS,1506
OG0020225,0.05380644369579382,1,Ag,NS,742
OG0020232,-0.2670796178917426,1,Ag,NS,1380
OG0020254,-0.2898272517203383,0.164591244488091,Ag,NS,1427
OG0020257,0.1309308698264487,1,Ag,NS,600
OG0020258,-0.7612131404128835,0.147496206076744,Ag,NS,2031
OG0020263,0.01006368334469748,1,Ag,NS,812
OG0020283,0.14925936549962288,1,Ag,NS,563
OG0020304,0.020626398225239265,1,Ag,NS,796
OG0020322,-0.0908029370083126,1,Ag,NS,1014
OG0020359,0.44995748362800353,0.258092972721045,Ag,NS,272
OG0020370,-0.13606154957602837,1,Ag,NS,1106
OG0020371,0.05241589415113853,1,Ag,NS,748
OG0020392,-0.16974467583231706,1,Ag,NS,1197
OG0020421,0.3917677199559967,0.617118057792626,Ag,NS,299
OG0020442,1.624982339247846,0.0456136613124211,Ag,UP,43
OG0020443,-0.14880066140670606,1,Ag,NS,1134
OG0020451,-0.248107861595691,1,Ag,NS,1342
OG0020455,-1.22431729826094,0.00470009519917094,Ag,DOWN,2186
OG0020468,-1.282789700980404,0.255314482386865,Ag,NS,2195
OG0020490,0.5499155536219554,0.614629744233699,Ag,NS,221
OG0020497,0.22527492986956937,1,Ag,NS,449
OG0020546,0.35049724708413316,1,Ag,NS,329
OG0020553,0.8975676074432999,0.973893858265313,Ag,NS,120
OG0020555,0.4157586665224981,1,Ag,NS,288
OG0020563,-1.5395195299599893,0.0948807897202051,Ag,NS,2219
OG0020570,-0.04097178105630617,1,Ag,NS,917
OG0020571,-0.02326977932284719,1,Ag,NS,879
OG0020585,0.5652766740860324,0.399505958763504,Ag,NS,214
OG0020600,-0.3978282092466207,0.330858242366004,Ag,NS,1656
OG0020611,0.00719550140420376,1,Ag,NS,817
OG0020613,-0.026205070347394,1,Ag,NS,889
OG0020626,-1.207561069935362,1,Ag,NS,2180
OG0020637,0.35542536308370726,1,Ag,NS,326
OG0020647,0.2190910582461967,0.637773666710368,Ag,NS,460
OG0020650,-0.8059129478836977,0.336978564713113,Ag,NS,2057
OG0020670,0.1190241031422746,1,Ag,NS,623
OG0020681,0.9441087991079548,0.0544811824426363,Ag,NS,110
OG0020687,0.5400272692575073,0.862537761285123,Ag,NS,226
OG0020693,0.8567865462880808,0.118511160353123,Ag,NS,130
OG0020698,0.18523225423016085,1,Ag,NS,505
OG0020706,0.09491164702546698,1,Ag,NS,666
OG0020709,0.1775989293277334,1,Ag,NS,516
OG0020712,-0.41119543298444966,0.529760088383643,Ag,NS,1683
OG0020723,0.2939546597879372,0.411281823045866,Ag,NS,380
OG0020756,0.31614574229335635,0.904170076240925,Ag,NS,356
OG0020760,0.8155754288625726,1,Ag,NS,137
OG0020765,2.1371756012480367,0.213447336082525,Ag,NS,13
OG0020767,0.00144197417390632,1,Ag,NS,835
OG0020769,0.03139519627553432,1,Ag,NS,778
OG0020772,0.2215677885384093,0.538873281756451,Ag,NS,455
OG0020779,-0.36215793967589505,0.790117615360861,Ag,NS,1588
OG0020798,-0.3695945285176767,1,Ag,NS,1599
OG0020856,0.5489297694763999,0.24536591331747,Ag,NS,222
OG0020869,0.3420053908136555,0.80504189086796,Ag,NS,337
OG0020870,0.17376706773670636,1,Ag,NS,522
OG0020899,-0.05889368905356856,1,Ag,NS,954
OG0020905,0.00575926928868495,1,Ag,NS,819
OG0020906,-1.0709665213541435,0.021883683304724,Ag,DOWN,2150
OG0020917,-0.19099722506091363,0.826887884484081,Ag,NS,1239
OG0020923,0.41885377441011085,0.106499948373213,Ag,NS,285
OG0020952,0.8032270364349277,0.0462632683645054,Ag,NS,139
OG0020962,-0.7514651638613213,0.00405066224729559,Ag,NS,2025
OG0020982,0.8631455429893993,0.770581802351979,Ag,NS,126
OG0020992,-0.25325728422226385,0.16923052476335,Ag,NS,1352
OG0020994,-0.23616354110904855,0.591808220481157,Ag,NS,1317
OG0021003,-0.3400754415976217,0.291772942105829,Ag,NS,1542
OG0021009,0.19408705211630223,1,Ag,NS,492
OG0021011,9.371427656753584e-4,1,Ag,NS,837
OG0021020,-0.7710274302398392,1,Ag,NS,2037
OG0021021,-0.1942948151614887,1,Ag,NS,1245
OG0021022,1.2070569394313027,0.0113333776272105,Ag,UP,80
OG0021033,0.11370049916472832,1,Ag,NS,629
OG0021098,-0.16004041251046824,1,Ag,NS,1168
OG0021124,0.5099491463043107,1,Ag,NS,242
OG0021127,-0.16326791954086414,1,Ag,NS,1181
OG0021158,-1.086201035049304,0.263845280653544,Ag,NS,2158
OG0021221,-0.131313234677865,1,Ag,NS,1099
OG0021242,-0.8211260418302049,0.356874901304614,Ag,NS,2065
OG0021255,-0.3040061868900999,0.336978564713113,Ag,NS,1458
OG0021256,-0.5521563556379144,0.482237806525321,Ag,NS,1867
OG0021261,-0.0908029370083126,1,Ag,NS,1014
OG0021290,-0.37425496960539073,0.457220558963551,Ag,NS,1615
OG0021292,0.08406426478847455,1,Ag,NS,683
OG0021306,-0.5542732966500158,0.528021073832691,Ag,NS,1872
OG0021310,0.03643911659579381,1,Ag,NS,773
OG0021341,0.2240402742179301,1,Ag,NS,451
OG0021369,-0.3547594873547347,1,Ag,NS,1572
OG0021374,0.19305009102147325,1,Ag,NS,494
OG0021380,-0.5458241068141979,0.0957015732213197,Ag,NS,1854
OG0021387,0.8081790837714706,0.00405066224729559,Ag,NS,138
OG0021411,-0.3714596807372396,1,Ag,NS,1606
OG0021431,-0.12343394124827904,1,Ag,NS,1086
OG0021434,0.5099491463043107,0.927266047399905,Ag,NS,242
OG0021439,0.06626144226872127,1,Ag,NS,716
OG0021447,0.25338423580007446,1,Ag,NS,424
OG0021460,0.10433665981473551,1,Ag,NS,648
OG0021471,-0.4305089080412838,0.395205453752437,Ag,NS,1720
OG0021477,-0.3004483674769107,0.0120943279859471,Ag,NS,1450
OG0021482,-0.12186323337305248,1,Ag,NS,1081
OG0021484,0.10433665981473551,1,Ag,NS,648
OG0021490,-0.4305089080412838,0.569142068971869,Ag,NS,1720
OG0021517,0.4382928515791468,1,Ag,NS,276
OG0021526,0.07860983469636647,1,Ag,NS,695
OG0021544,1.6653927710418914,1.4494282847679e-4,Ag,UP,37
OG0021560,-0.6214883767462701,1,Ag,NS,1936
OG0021572,-0.08773337193355037,1,Ag,NS,1010
OG0021587,0.02856915219677092,1,Ag,NS,782
OG0021602,-0.4819685073978307,0.158093185028535,Ag,NS,1792
OG0021616,0.45943161863729726,0.561928907764845,Ag,NS,264
OG0021671,0.07176266930009127,1,Ag,NS,705
OG0021679,1.0717626693000912,1,Ag,NS,93
OG0021689,-0.3004483674769107,0.865391366345792,Ag,NS,1450
OG0021719,-0.2601518973006725,1,Ag,NS,1367
OG0021741,-0.3219280948873623,0.00994253730403922,Ag,NS,1499
OG0021769,0.9160944229383584,0.84952708716135,Ag,NS,116
OG0021773,0.04963076772460043,1,Ag,NS,754
OG0021805,0.9796595517158244,1,Ag,NS,102
OG0021822,0.05102400302446689,1,Ag,NS,750
OG0021828,0.02147972741045139,1,Ag,NS,794
OG0021829,0.7706176466562031,0.884596000667917,Ag,NS,150
OG0021883,0.9934932210584156,1,Ag,NS,100
OG0021886,0.10030490579568548,1,Ag,NS,659
OG0021909,-0.664288089679538,0.0625673128749663,Ag,NS,1966
OG0021935,0.2974849157105747,1,Ag,NS,374
OG0021952,-0.7806300177424167,0.492817506821215,Ag,NS,2043
OG0021955,0.5626698261027023,1,Ag,NS,217
OG0022009,-0.05255038457734583,1,Ag,NS,937
OG0022011,0.22650852980867975,1,Ag,NS,444
OG0022016,1.6843699290130068,0.00130142504199249,Ag,UP,36
OG0022023,-0.10935875603655625,0.898239628637,Ag,NS,1054
OG0022075,-0.1109159014018506,1,Ag,NS,1058
OG0022089,0.8570568040446416,0.00403003622526269,Ag,NS,129
OG0022106,0.02573756141360827,1,Ag,NS,790
OG0022115,-0.5606428215257431,1,Ag,NS,1880
OG0022138,-0.3437324652057107,0.473525487058337,Ag,NS,1547
OG0022140,-0.047589567970203056,1,Ag,NS,927
OG0022165,0.14274017211608214,1,Ag,NS,579
OG0022181,0.07176266930009127,1,Ag,NS,705
OG0022194,-0.16089552268411353,1,Ag,NS,1174
OG0022195,0.9781956296816516,0.463364989550285,Ag,NS,103
OG0022207,-0.4481148965282752,0.764017957451203,Ag,NS,1751
OG0022216,-0.3733272473940066,1,Ag,NS,1610
OG0022233,0.00575926928868495,1,Ag,NS,819
OG0022236,-0.7466157641999255,0.0347129590782682,Ag,NS,2020
OG0022294,-0.3219280948873623,0.0706734991990482,Ag,NS,1499
OG0022303,-0.7013416844354848,0.0423729216539731,Ag,NS,1985
OG0022328,-0.25842515258120435,1,Ag,NS,1361
OG0022341,1.1043366598147355,0.698949367310445,Ag,NS,90
OG0022347,-0.720231578406405,0.415460824282767,Ag,NS,1999
OG0022349,-0.14082554413356457,1,Ag,NS,1114
OG0022377,0.6040713236688608,1,Ag,NS,197
OG0022407,1.3103401206121503,0.00289349652250244,Ag,UP,67
OG0022413,0.1335635257411058,1,Ag,NS,595
OG0022424,-0.12973392960401728,1,Ag,NS,1096
OG0022454,-0.4150374992788438,0.566109415057834,Ag,NS,1690
OG0022456,-0.98564470702292994,0.483935080528503,Ag,NS,2130
OG0022465,-0.4324545523562533,0.75951085355384,Ag,NS,1726
OG0022469,0.2916035580305647,1,Ag,NS,386
OG0022470,2.4918867328519623,0.00186323575114624,Ag,UP,3
OG0022495,-0.40545145044964576,0.117088177615586,Ag,NS,1670
OG0022499,0.0922074380970889,1,Ag,NS,671
OG0022501,0.1056780778945372,1,Ag,NS,646
OG0022529,-0.905088352974533,0.0377268112268301,Ag,NS,2102
OG0022530,-0.862496476250065,0.578188658406255,Ag,NS,2082
OG0022536,2.035948593224151,0.410962455252071,Ag,NS,17
OG0022538,0.01435529297707005,1,Ag,NS,807
OG0022607,-0.6734626518600481,0.22994872077522,Ag,NS,1973
OG0022609,-0.3770696490798233,0.167062718807375,Ag,NS,1620
OG0022652,-0.03061923505839206,1,Ag,NS,899
OG0022704,1.811881996218668,0.00142805840138392,Ag,UP,29
OG0022733,-0.08314123530024586,1,Ag,NS,1000
OG0022738,-0.2549778509627355,1,Ag,NS,1355
OG0022749,-0.319079894149037,0.25510085972891,Ag,NS,1493
OG0022751,-0.139235797371172,0.569935204116852,Ag,NS,1113
OG0022788,0.06350294230615795,1,Ag,NS,720
OG0022792,0.16221003631430692,1,Ag,NS,547
OG0022805,-0.3677317845004871,1,Ag,NS,1592
OG0022807,0.737476012169242,0.0254892994732612,Ag,NS,154
OG0022847,-0.3165281071447725,0.850619492624466,Ag,NS,1486
OG0022870,-0.46497023433378104,0.0195238260300803,Ag,NS,1770
OG0022880,0.22650852980867975,0.506693147714674,Ag,NS,444
OG0022881,-0.4679324477109693,0.0347129590782682,Ag,NS,1773
OG0022906,0.16992500144231237,1,Ag,NS,533
OG0022912,-0.3273483706716152,1,Ag,NS,1514
OG0022913,0.3493652775942134,0.392303509026314,Ag,NS,330
OG0022921,0.17656451828074243,1,Ag,NS,520
OG0022934,-0.4719288354212646,0.285436461823825,Ag,NS,1777
OG0022944,-0.392137097168765,0.716671298812541,Ag,NS,1644
OG0022954,-0.14720210718122878,1,Ag,NS,1132
OG0022970,-0.3219280948873623,0.0755986447859921,Ag,NS,1499
OG0022997,0.19660704409481772,1,Ag,NS,488
OG0023092,-0.579921884020626,0.406000482510563,Ag,NS,1894
OG0023160,0.06488285158485439,1,Ag,NS,719
OG0023175,-0.10624949827943408,1,Ag,NS,1050
OG0023184,-0.7013416844354848,0.203720572437936,Ag,NS,1985
OG0023205,0.7932716544980827,1,Ag,NS,143
OG0023206,1.0356239097307212,0.890558911004605,Ag,NS,98
OG0023232,-0.27928375747886874,1,Ag,NS,1407
OG0023283,0.32077347694587044,1,Ag,NS,353
OG0023304,-0.8442507673220552,0.0264869008552799,Ag,NS,2074
OG0023323,-0.19099722506091363,1,Ag,NS,1239
OG0023324,-0.3864683470820729,1,Ag,NS,1634
OG0023329,-0.2670796178917426,0.835550991670721,Ag,NS,1380
OG0023335,0.18394886047716402,1,Ag,NS,511
OG0023392,-0.20589610144025208,1,Ag,NS,1266
OG0023412,0.2880632003253163,1,Ag,NS,388
OG0023421,0.2215677885384093,1,Ag,NS,455
OG0023472,-0.16004041251046824,1,Ag,NS,1168
OG0023544,0.613392355826468,1,Ag,NS,191
OG0023561,0.09085343045111348,1,Ag,NS,674
OG0023572,0.710488547088762,0.756385530124366,Ag,NS,158
OG0023577,-1.0558912008920451,0.110922754872034,Ag,NS,2147
OG0023602,0.25338423580007446,1,Ag,NS,424
OG0023614,-1.5994620704162712,1,Ag,NS,2224
OG0023631,0.24974871508356883,1,Ag,NS,428
OG0023680,-0.41119543298444966,1,Ag,NS,1683
OG0023711,-0.3453245813383621,0.254565973523322,Ag,NS,1551
OG0023719,-0.10741055128307797,1,Ag,NS,1051
OG0023724,0.45101324294397294,0.611204674655575,Ag,NS,270
OG0023730,-1.1877071551267289,0.0145499934288664,Ag,DOWN,2178
OG0023736,-0.04692104738749257,1,Ag,NS,926
OG0023753,0.5772475355931507,0.392288294245214,Ag,NS,212
OG0023754,-0.5290727425248735,0.182401308182025,Ag,NS,1837
OG0023776,0.8306376555491312,0.33036115067956,Ag,NS,135
OG0023778,0.4478436443620855,0.504954923881831,Ag,NS,273
OG0023791,-0.4363537305159361,0.0962835572217827,Ag,NS,1732
OG0023828,-0.1187269385707514,1,Ag,NS,1070
OG0023878,-0.03209362970985334,1,Ag,NS,900
OG0023887,0.1348780543431117,1,Ag,NS,591
OG0023929,-0.2378638300988879,1,Ag,NS,1321
OG0023941,0.8718436485093178,0.419374667218632,Ag,NS,125
OG0023978,0.16992500144231237,1,Ag,NS,533
OG0024018,-0.2740407654908124,0.716567484833856,Ag,NS,1392
OG0024024,-1.138382371642069,0.0181389627476775,Ag,DOWN,2171
OG0024028,-0.23107466443624883,1,Ag,NS,1308
OG0024036,1.1076878693143732,0.00399165260666394,Ag,UP,89
OG0024088,0.12035194036522208,1,Ag,NS,622
OG0024097,0.08814159686901755,1,Ag,NS,677
OG0024100,-0.12658049656514306,1,Ag,NS,1092
OG0024264,-2.321928094887362,0.265309752089308,Ag,NS,2246
OG0024297,0.6182386555954547,0.916453157640134,Ag,NS,187
OG0024309,0.24488705912353448,1,Ag,NS,431
OG0024318,1.56900492681818,0.0282133710027534,Ag,UP,49
OG0024372,0.2654368960490983,1,Ag,NS,410
OG0024393,0.5430008774024256,1,Ag,NS,225
OG0024431,0.377401430785794,1,Ag,NS,309
OG0024449,-0.127430393689797,1,Ag,NS,1095
OG0024489,-0.00144341686966871,1,Ag,NS,839
OG0024585,-0.33825040018929514,0.927266047399905,Ag,NS,1537
OG0024610,-0.1674400739530138,0.0994293284539401,Ag,NS,1193
OG0024672,0.08678376614206665,1,Ag,NS,679
OG0024724,0.6012210855849464,0.720377454784685,Ag,NS,198
OG0024817,0.9267585319864652,0.135645588436241,Ag,NS,114
OG0024883,-0.5972778231543953,1,Ag,NS,1912
OG0024945,-1.3510744405468789,0.382672724523998,Ag,NS,2207
OG0025004,-2.023269779322847,0.0354043847732001,Ag,DOWN,2240
OG0025076,0.18650055764449475,1,Ag,NS,500
OG0025082,-1.1877071551267289,1,Ag,NS,2178
OG0025099,-0.5104570643575265,0.941802916254138,Ag,NS,1819
OG0025255,0.2412300355154453,1,Ag,NS,433
OG0025266,1.236852030700723,1,Ag,NS,76
OG0025315,0.9377376872934222,0.167973385977862,Ag,NS,111
OG0025357,1.832253252915279,1.4494282847679e-4,Ag,UP,26
OG0025407,0.02005765234125347,1,Ag,NS,797
OG0025432,0.11236652307256316,1,Ag,NS,635
OG0025462,-0.05739166388833668,1,Ag,NS,950
OG0025483,-0.3677317845004871,1,Ag,NS,1592
OG0025549,-0.3789444967002605,1,Ag,NS,1625
OG0025687,0.48336436071334926,1,Ag,NS,254
OG0025789,-0.15471546610223003,1,Ag,NS,1155
OG0025811,-0.6326289343514705,1,Ag,NS,1943
OG0025815,0.358396261956654,1,Ag,NS,323
OG0025860,-0.10469737866669324,1,Ag,NS,1043
OG0025866,-0.6438561897747247,0.361173996701641,Ag,NS,1952
OG0026165,-0.4521390388633371,1,Ag,NS,1760
OG0026292,1.973794929652606,0.0100496304325217,Ag,UP,20
OG0026395,0.35162832910278236,1,Ag,NS,328
OG0026469,0.0922074380970889,1,Ag,NS,671
OG0026501,-0.03800632257974491,1,Ag,NS,910
OG0026701,-0.09696172988708796,1,Ag,NS,1029
OG0026725,-0.8651219456568883,0.0279752763468549,Ag,NS,2084
OG0026740,-0.3004483674769107,0.660298520076428,Ag,NS,1450
OG0026770,-0.29335894269059154,1,Ag,NS,1436
OG0027129,0.279768421593595,1,Ag,NS,395
OG0027134,0.8929738152733337,0.20191285058044,Ag,NS,122
OG0027187,-0.03504694709920079,1,Ag,NS,908
OG0027262,-0.0923401721467106,1,Ag,NS,1018
OG0027827,0.13029709432494385,0.0173201588829397,Ag,NS,602
OG0027911,-0.416962376203336,1,Ag,NS,1693
OG0027942,0.11370049916472832,1,Ag,NS,629
OG0028730,-0.12029423371771177,1,Ag,NS,1075
OG0028881,-0.33097323449036925,1,Ag,NS,1519
OG0030217,-1.662003536484984,0.0681315114375274,Ag,NS,2230
OG0030620,0.4943365271432573,0.84188246929979,Ag,NS,248
OG0030711,-1.307572801910292,0.822830516213095,Ag,NS,2200
OG0031089,-0.20756106993536216,1,Ag,NS,1270
OG0031219,-0.1456053222468993,1,Ag,NS,1126
OG0031279,-1.307572801910292,0.169603182250788,Ag,NS,2200
OG0032845,-0.8109661756099832,0.633290663222059,Ag,NS,2061
OG0033092,1.6382163218484342,0.0217024504295282,Ag,UP,40
OG0033386,-0.8160371651574051,0.0354043847732001,Ag,NS,2064
OG0033486,0.5859239769586013,0.646000248811644,Ag,NS,207
OG0033504,0.21661006874244176,1,Ag,NS,465
OG0033910,0.16092018818110318,1,Ag,NS,548
OG0033911,0.5129853348136765,0.410916760596882,Ag,NS,240
OG0033913,0.16349873228287956,1,Ag,NS,542
OG0033943,0.06350294230615795,1,Ag,NS,720
OG0033951,0.03703073094496702,1,Ag,NS,769
OG0034038,0.27500704749986976,0.170660235081753,Ag,NS,399
OG0034106,-0.1250063610670326,1,Ag,NS,1087
OG0034456,-0.5606428215257431,1,Ag,NS,1880
OG0034570,1.530070742225084,0.12358498699221,Ag,NS,53
OG0034658,-1.0588936890535685,0.646430786481643,Ag,NS,2148
OG0037723,-0.40545145044964576,1,Ag,NS,1670
OG0037763,-0.3677317845004871,0.473525487058337,Ag,NS,1592
OG0037820,-0.05889368905356856,1,Ag,NS,954
OG0037840,0.2963105607080923,1,Ag,NS,376
OG0037865,0.36737106564852945,1,Ag,NS,317
OG0037986,-0.17788172527065546,0.936106998031465,Ag,NS,1214
OG0038035,-1.207561069935362,0.0344434448481456,Ag,DOWN,2180
OG0038117,0.4573316254850136,0.25656384131474,Ag,NS,266
OG0038118,0.1096948648259298,1,Ag,NS,642
OG0038150,1.844385653002571,0.975568598017062,Ag,NS,25
OG0038373,0.07997537672059589,1,Ag,NS,691
OG0038518,1.2868811477881617,5.3076157246977e-4,Ag,UP,69
OG0038666,0.950095094173686,0.0948807897202051,Ag,NS,108
OG0038759,-0.4981787345790897,0.457715539237224,Ag,NS,1808
OG0038878,0.1647862781433397,1,Ag,NS,539
OG0039070,-0.1109159014018506,1,Ag,NS,1058
OG0039207,0.02005765234125347,1,Ag,NS,797
OG0039274,-0.5228407888133588,1,Ag,NS,1829
OG0039370,-0.5994620704162712,1,Ag,NS,1914
OG0039451,-1.9434164716336324,0.00548598676405933,Ag,DOWN,2236
OG0039609,0.03703073094496702,1,Ag,NS,769
OG0039884,-0.4739311883324124,1,Ag,NS,1780
OG0039909,-0.7154858667557547,0.74200396038703,Ag,NS,1996
OG0040054,-0.6989977439671857,0.197269876479718,Ag,NS,1982
OG0040403,-0.3733272473940066,1,Ag,NS,1610
OG0040618,-1.3040061868900998,7.5989853017634e-4,Ag,DOWN,2198
OG0040626,0.14143279092929553,1,Ag,NS,581
OG0040758,-0.5104570643575265,0.469771274033523,Ag,NS,1819
OG0040835,0.14143279092929553,1,Ag,NS,581
OG0040843,-0.3770696490798233,0.181103346805807,Ag,NS,1620
OG0041029,0.32538641465977336,1,Ag,NS,349
OG0041061,-0.3004483674769107,1,Ag,NS,1450
OG0041133,-0.23956612532988847,0.760247690836241,Ag,NS,1324
OG0041136,1.9160944229383583,0.00115985409980266,Ag,UP,22
OG0041260,-0.2705559931663367,0.339457388427797,Ag,NS,1385
OG0041279,-0.16974467583231706,1,Ag,NS,1197
OG0041295,-0.22095044716254147,1,Ag,NS,1289
OG0041337,-0.8059129478836977,0.264429895128445,Ag,NS,2057
OG0041363,-0.3714596807372396,0.372216567010805,Ag,NS,1606
OG0041426,0.07724299893246035,1,Ag,NS,699
OG0041438,0.3103401206121505,1,Ag,NS,359
OG0041971,-0.3603047666004178,1,Ag,NS,1583
OG0042103,0.1335635257411058,1,Ag,NS,595
OG0042114,-0.0908029370083126,1,Ag,NS,1014
NA,-0.09395671646927475,1.4494282847679e-4,Ag,NS,1024
OG0000012,0.053065542125731724,0.00341121785196963,Mg,NS,867
OG0000014,-0.17544879612216455,1,Mg,NS,1311
OG0000017,-0.8670392090747158,0.168218220339792,Mg,NS,1971
OG0000034,0.4063976303219997,0.149952050949406,Mg,NS,346
OG0000037,0.2540659228288954,0.53115178798895,Mg,NS,525
OG0000047,-2.1880681605955807,0.00384642230631011,Mg,DOWN,2109
OG0000056,-0.5745796766610298,0.416632176111695,Mg,NS,1810
OG0000059,-1.802994127681806,0.332281890707131,Mg,NS,2096
OG0000088,-1.0842901447076596,0.0144537263408979,Mg,DOWN,2027
OG0000104,0.43220663134413584,1,Mg,NS,330
OG0000110,0.32818455548847375,0.212502606725548,Mg,NS,425
OG0000116,-0.909956898656302,0.0663876399905418,Mg,NS,1984
OG0000122,0.1820024539818929,0.930193633704359,Mg,NS,654
OG0000161,-1.6364046124080474,0.00171569893745076,Mg,DOWN,2083
OG0000175,0.2422304810498196,1,Mg,NS,547
OG0000197,-0.6908121986506175,0.127392674599975,Mg,NS,1897
OG0000200,0.01744675730216767,1,Mg,NS,930
OG0000213,0.523876913151329,0.364464817798569,Mg,NS,258
OG0000224,-0.00229545798766202,1,Mg,NS,967
OG0000229,-0.022620448676111557,0.232716877115155,Mg,NS,1014
OG0000231,0.26730273747059724,1,Mg,NS,501
OG0000246,0.2538885169004152,1,Mg,NS,527
OG0000247,-0.34587902135456766,1,Mg,NS,1578
OG0000260,-0.1749298375076716,0.208301437770176,Mg,NS,1308
OG0000270,-0.14653233431448867,1,Mg,NS,1263
OG0000286,-0.01503380226588872,0.607923891211723,Mg,NS,1003
OG0000288,0.47632933768961966,0.04863564412882,Mg,NS,294
OG0000289,0.842739286421812,0.0456688911432502,Mg,NS,127
OG0000291,-0.7899870526040416,0.0021357753913264,Mg,NS,1937
OG0000300,-0.20047656752338625,0.819823898907546,Mg,NS,1362
OG0000301,0.5979015564286544,0.737377106287766,Mg,NS,217
OG0000305,-2.12671860426958,2.17980025367255e-5,Mg,DOWN,2106
OG0000306,-0.2719860066783221,1,Mg,NS,1458
OG0000323,-1.12311190379397,0.0292906617381393,Mg,DOWN,2035
OG0000332,0.6501602933471792,1,Mg,NS,195
OG0000338,0.19852058531580083,1,Mg,NS,626
OG0000355,-0.07955850974319781,0.0251613080592146,Mg,NS,1135
OG0000358,0.26201085485727454,1,Mg,NS,508
OG0000380,-0.4492250470116184,0.862755136270818,Mg,NS,1699
OG0000384,-0.3344996658367738,1,Mg,NS,1558
OG0000387,-0.12822898729007343,1,Mg,NS,1234
OG0000390,0.9510903995190534,0.673392379897743,Mg,NS,96
OG0000402,-0.4403379266965642,0.0783783465861481,Mg,NS,1691
OG0000433,0.9259585727289844,0.150844374362548,Mg,NS,101
OG0000434,0.2266915382692115,9.4592385652403e-4,Mg,NS,577
OG0000461,-0.7513585755937776,0.917717026722039,Mg,NS,1920
OG0000462,0.5520833696553739,0.00533567861083665,Mg,NS,243
OG0000464,0.1796114554544483,0.77722873865136,Mg,NS,658
OG0000468,0.33209142433343597,0.405122627311285,Mg,NS,420
OG0000486,0.3841803733404221,1,Mg,NS,368
OG0000492,-0.04966738481468954,1,Mg,NS,1076
OG0000495,0.01222112382898643,1,Mg,NS,939
OG0000496,0.22201968007590947,1,Mg,NS,588
OG0000498,0.2230455200533004,1,Mg,NS,583
OG0000500,-0.3306468269934909,0.0708929030654939,Mg,NS,1547
OG0000507,-0.8119789485830516,0.137781966489419,Mg,NS,1953
OG0000508,0.455704572161289,0.207525188724757,Mg,NS,312
OG0000523,0.3213783920645989,1,Mg,NS,434
OG0000528,0.01962880674893263,1,Mg,NS,925
OG0000538,-0.5150777249816652,0.619083725356015,Mg,NS,1754
OG0000565,-0.07188991450148047,0.237827352594073,Mg,NS,1122
OG0000596,0.5630972851660556,4.7692006882683e-4,Mg,NS,234
OG0000620,0.5023866170260193,0.171546332188357,Mg,NS,285
OG0000628,0.29213007638341937,1,Mg,NS,470
OG0000642,0.7980969541965078,0.0770131350634679,Mg,NS,140
OG0000646,-0.8486688651329521,0.00117706797101396,Mg,NS,1964
OG0000648,-0.2098923053341647,0.595283511093889,Mg,NS,1376
OG0000666,0.4453703844372212,0.5295318383053,Mg,NS,322
OG0000670,0.5574325335009547,0.02481133735476,Mg,NS,238
OG0000676,0.7267315367736068,0.0294013907316387,Mg,NS,166
OG0000686,-0.3834950307679857,1,Mg,NS,1630
OG0000694,0.13267485483802197,1,Mg,NS,729
OG0000704,-0.5669195561836248,4.2034544726047e-4,Mg,NS,1801
OG0000708,-0.14701968593079404,0.0168151375453439,Mg,NS,1264
OG0000710,0.19607306510425507,0.046465398144783,Mg,NS,631
OG0000715,-2.1980053393360155,0.170925539817788,Mg,NS,2111
OG0000719,-0.30288004479251135,0.0650712028802921,Mg,NS,1500
OG0000736,-0.10030490579568536,1,Mg,NS,1177
OG0000737,-0.12527016191672866,1,Mg,NS,1229
OG0000740,-0.7627542756011115,0.0447181812293445,Mg,NS,1927
OG0000744,0.3389997880968623,0.0184703918436033,Mg,NS,414
OG0000762,-0.01279560530508821,1,Mg,NS,996
OG0000763,-0.40571170700675024,0.445206213138631,Mg,NS,1655
OG0000764,-0.8608170173249252,0.120594636049295,Mg,NS,1969
OG0000803,0.8360564376693851,0.367896812819862,Mg,NS,131
OG0000807,-0.06342538014163358,1,Mg,NS,1100
OG0000822,0.14739751877273533,1,Mg,NS,704
OG0000823,0.34196828974661964,0.622404965411927,Mg,NS,405
OG0000835,-0.3985944783282118,1,Mg,NS,1646
OG0000837,2.1873280477037573,2.0990631432933e-4,Mg,UP,6
OG0000839,0.13480158513939894,1,Mg,NS,726
OG0000840,-0.12224190773097472,1,Mg,NS,1220
OG0000851,-0.6110308702815707,0.0934591401688667,Mg,NS,1829
OG0000861,-0.6119742316482342,6.4326277822894e-4,Mg,NS,1830
OG0000863,0.3587933886392247,1,Mg,NS,394
OG0000864,-0.6823303375893603,0.0328925145529373,Mg,NS,1889
OG0000868,-0.2566237124134028,0.736260002854732,Mg,NS,1433
OG0000882,0.47523406149265446,0.763118548565746,Mg,NS,297
OG0000885,-0.6928906198241828,0.123539080872839,Mg,NS,1899
OG0000889,0.4544603941342551,0.237527311897588,Mg,NS,315
OG0000890,0.1496901550083386,0.288017134959187,Mg,NS,699
OG0000891,1.323165928546216,0.0148234335380036,Mg,UP,46
OG0000894,-1.964666926887719,0.127642479475697,Mg,NS,2101
OG0000901,0.3747089397318702,0.554671794983591,Mg,NS,377
OG0000904,0.2130274394337308,1,Mg,NS,601
OG0000906,-0.3496077593138641,1,Mg,NS,1584
OG0000915,-0.8173252108125322,0.432947168430731,Mg,NS,1956
OG0000926,0.5769223734888792,0.187126348567934,Mg,NS,227
OG0000929,-0.5216091634768878,1,Mg,NS,1764
OG0000937,0.08087273187258368,1,Mg,NS,819
OG0000940,0.26399205275968973,0.745065533994923,Mg,NS,505
OG0000942,0.5626975154195004,0.0563249155994574,Mg,NS,235
OG0000943,0.14008684426271167,1,Mg,NS,720
OG0000945,0.09641888160425138,1,Mg,NS,791
OG0000955,-0.00705475753395077,1,Mg,NS,980
OG0000962,0.01076069483778428,1,Mg,NS,942
OG0000966,-0.21421042777732968,1,Mg,NS,1380
OG0000973,-1.3150456325041304,0.00183459295327791,Mg,DOWN,2060
OG0000976,0.7696625741350973,0.00140111120572971,Mg,NS,152
OG0000979,0.04636996313803449,1,Mg,NS,879
OG0000980,-0.7964666059148678,6.7993960736502e-4,Mg,NS,1944
OG0000988,-0.6899320603226987,0.679800018286538,Mg,NS,1896
OG0000989,0.9750248516378652,0.433958049434892,Mg,NS,89
OG0000994,-0.5912838195178746,0.0193649763393773,Mg,NS,1817
OG0001000,0.22575093857216952,1,Mg,NS,580
OG0001003,-0.2682158082143256,0.274313441396959,Mg,NS,1455
OG0001014,-0.5224060841349102,0.568057024513995,Mg,NS,1766
OG0001025,-0.8035327044404263,0.0501475408892635,Mg,NS,1947
OG0001032,-1.9140503871813843,0.00646312377349572,Mg,DOWN,2100
OG0001033,0.027374917392365104,1,Mg,NS,910
OG0001043,-0.15731586343321136,1,Mg,NS,1275
OG0001047,0.06341632680134968,0.00224336602196263,Mg,NS,847
OG0001055,-0.107058653368022,1,Mg,NS,1191
OG0001069,0.5445867385419385,0.0160517228722327,Mg,NS,251
OG0001070,0.5662433033745673,0.0511823522602409,Mg,NS,232
OG0001074,0.04524385656013753,0.828718363079867,Mg,NS,880
OG0001078,1.0055880590725126,0.0362189568213078,Mg,UP,84
OG0001080,0.06609796856470104,1,Mg,NS,843
OG0001082,0.5572310694658881,0.109376165437587,Mg,NS,239
OG0001087,-1.029747343394052,0.00410943642703438,Mg,DOWN,2018
OG0001094,0.23687006540840613,0.431562352140366,Mg,NS,556
OG0001101,-0.30189937365164904,0.449434547820624,Mg,NS,1498
OG0001110,-0.5947645072372464,8.537272395804e-4,Mg,NS,1819
OG0001123,1.9068905956085185,0.708660795072632,Mg,NS,17
OG0001126,0.24814674024520592,1,Mg,NS,537
OG0001134,-0.3551219728012893,0.753427840409563,Mg,NS,1590
OG0001139,1.0376936844001712,0.0210867607060353,Mg,UP,80
OG0001145,0.2145509807525759,1,Mg,NS,599
OG0001150,-0.21487030164420967,0.609477396197446,Mg,NS,1381
OG0001180,-0.03523110936371158,1,Mg,NS,1037
OG0001185,0.62637199869135185,0.0333187738418603,Mg,NS,206
OG0001187,-0.17489900653776594,0.00900393659103781,Mg,NS,1307
OG0001208,-0.04486876816710694,1,Mg,NS,1063
OG0001212,0.3936638484862768,0.184410048689914,Mg,NS,356
OG0001221,-0.49807463266776897,0.0276721994370738,Mg,NS,1733
OG0001223,-0.1904901932387221,1,Mg,NS,1341
OG0001228,-0.5981813433989224,0.0225085232327243,Mg,NS,1821
OG0001233,-0.5607999547224028,0.00692106032251306,Mg,NS,1796
OG0001236,-0.19458310981474453,0.257441366509887,Mg,NS,1353
OG0001241,-0.30524935374073214,0.204556454059643,Mg,NS,1508
OG0001243,-0.397479127894539,0.0340623299763717,Mg,NS,1645
OG0001259,-0.5497495398402903,0.116044568914548,Mg,NS,1789
OG0001268,-0.7135322687003985,0.410672353740248,Mg,NS,1907
OG0001269,0.02945414249051464,1,Mg,NS,907
OG0001272,0.23655869936438803,1,Mg,NS,557
OG0001287,0.10022434822602963,0.0182189329740397,Mg,NS,784
OG0001302,-0.6647779319604051,0.473508740826274,Mg,NS,1875
OG0001304,-0.6864353780472644,6.4326277822894e-4,Mg,NS,1891
OG0001306,-0.10725119624211309,1,Mg,NS,1193
OG0001322,-2.1139800286701473,0.00286605618069452,Mg,DOWN,2105
OG0001328,0.24688934516229433,0.0667172303181371,Mg,NS,540
OG0001338,0.2976487788494631,0.0746051511679456,Mg,NS,463
OG0001340,-0.2619700789386838,0.658207903509293,Mg,NS,1443
OG0001363,-0.3687438470049087,0.111975822227708,Mg,NS,1611
OG0001366,0.08901335452940728,0.937346350106686,Mg,NS,804
OG0001369,-0.05418402026409162,0.665218293891928,Mg,NS,1085
OG0001372,-1.0627184911056506,0.0309134663873446,Mg,DOWN,2024
OG0001380,-0.3128464562155953,0.346602024463634,Mg,NS,1526
OG0001381,0.00193780424149236,1,Mg,NS,962
OG0001383,-0.49281265409094765,1,Mg,NS,1729
OG0001389,0.36853903717895226,1,Mg,NS,384
OG0001417,-0.1976198933576884,0.729169318162463,Mg,NS,1357
OG0001432,-0.2771910477926804,1,Mg,NS,1467
OG0001455,-0.6630921952535548,0.0067837914472157,Mg,NS,1874
OG0001479,-0.9816799289441924,0.304679740270584,Mg,NS,2005
OG0001484,0.1061655572169279,0.806230387472252,Mg,NS,772
OG0001489,0.34150846385687855,0.00194207298130969,Mg,NS,408
OG0001493,0.3750881192311365,0.269762571037714,Mg,NS,376
OG0001495,0.47503091780943785,0.358691600742311,Mg,NS,298
OG0001499,-0.21805443445551057,0.02481133735476,Mg,NS,1385
OG0001503,-1.3959057282604386,0.00112903966373449,Mg,DOWN,2064
OG0001506,0.2512212833676419,0.0127683008407138,Mg,NS,531
OG0001521,-1.701451307553268,0.0175822043722426,Mg,DOWN,2090
OG0001529,0.2003449212719296,0.811412807694804,Mg,NS,621
OG0001541,-0.37171102797697614,0.0341026376432968,Mg,NS,1616
OG0001550,0.09914305005117464,1,Mg,NS,788
OG0001556,0.1756796761681194,1,Mg,NS,665
OG0001569,0.7220992842138378,0.24887187994212,Mg,NS,168
OG0001609,0.1624954672626923,0.969286606020446,Mg,NS,681
OG0001612,-0.12359047151442384,1,Mg,NS,1224
OG0001619,-0.34533597094613566,1,Mg,NS,1574
OG0001638,0.6936747312251647,0.463618145241273,Mg,NS,175
OG0001655,-0.1147701872460745,1,Mg,NS,1207
OG0001661,0.16967798576824084,1,Mg,NS,673
OG0001662,-1.0034826692612833,0.00286704411946619,Mg,DOWN,2012
OG0001675,-0.6877138065816205,0.183296315942333,Mg,NS,1892
OG0001701,-0.25435751845638277,0.116233194571006,Mg,NS,1428
OG0001706,-0.4004453036621606,0.016587558317771,Mg,NS,1651
OG0001721,-0.4833435126697526,0.300904376757786,Mg,NS,1724
OG0001726,-0.6736476542032913,0.242227203234269,Mg,NS,1880
OG0001746,-0.3603742657949349,0.132795032696685,Mg,NS,1597
OG0001758,-0.19078952136391397,1,Mg,NS,1342
OG0001760,-0.25723084483787256,0.0340623299763717,Mg,NS,1434
OG0001787,0.39968953494540777,0.731075671352898,Mg,NS,350
OG0001792,-0.3872195551390813,0.571983469520498,Mg,NS,1635
OG0001793,-0.08460318711109882,1,Mg,NS,1155
OG0001828,-0.1811126820747707,0.121737906523742,Mg,NS,1323
OG0001834,0.12078822277951091,1,Mg,NS,748
OG0001843,-0.622676153925265,0.00624118351164591,Mg,NS,1845
OG0001853,-0.1310297129353961,0.10572521531128,Mg,NS,1241
OG0001856,-0.33113414688359105,0.337096575396904,Mg,NS,1549
OG0001868,0.3238504070183907,1,Mg,NS,432
OG0001888,0.0906228811729118,1,Mg,NS,802
OG0001890,-0.04157910375139928,1,Mg,NS,1056
OG0001891,0.5420420397287,0.00467623861479483,Mg,NS,252
OG0001897,-0.38509309601084774,0.698111376621098,Mg,NS,1633
OG0001906,0.6516804062212366,0.00183521427524209,Mg,NS,193
OG0001917,0.10350457575385996,1,Mg,NS,776
OG0001922,0.3122419299174281,1,Mg,NS,443
OG0001945,-0.3263409736988351,1,Mg,NS,1540
OG0001953,-0.3458514736214139,0.843778501738075,Mg,NS,1577
OG0001963,0.8420031503604991,0.11537753541788,Mg,NS,128
OG0001975,-0.03583908470326513,1,Mg,NS,1038
OG0001997,-0.5534842692479881,1,Mg,NS,1793
OG0002006,-0.6378262109737483,0.417431545833232,Mg,NS,1853
OG0002009,-0.30644284738994365,1,Mg,NS,1511
OG0002021,0.40525647848625845,1,Mg,NS,347
OG0002023,-0.6741066391050219,0.00784034656596873,Mg,NS,1882
OG0002025,0.27285748831943574,0.626931975161319,Mg,NS,494
OG0002040,-0.5416281735508798,0.0243886077122155,Mg,NS,1783
OG0002061,-0.5135348892002811,0.0103669607276509,Mg,NS,1752
OG0002088,0.5561076380489712,0.218165742445219,Mg,NS,241
OG0002090,0.11906588537540198,0.988766927287064,Mg,NS,750
OG0002091,-1.0878178787914172,0.147916098268598,Mg,NS,2029
OG0002101,0.3410369178350669,0.456812657504577,Mg,NS,409
OG0002107,-0.03356817422315536,1,Mg,NS,1033
OG0002113,-0.2967746176590242,0.512530723733535,Mg,NS,1493
OG0002122,-0.16256323346642623,1,Mg,NS,1283
OG0002125,-0.3437583429115775,0.094353480352958,Mg,NS,1569
OG0002139,0.09131516674594609,1,Mg,NS,801
OG0002161,0.1530116185059662,0.452323025774302,Mg,NS,696
OG0002190,-0.03690657544198246,1,Mg,NS,1041
OG0002191,0.4536709120427498,0.00171129247779789,Mg,NS,317
OG0002192,-0.5869765943623759,0.306437234352855,Mg,NS,1814
OG0002197,-1.2130411063719195,0.178032828444355,Mg,NS,2048
OG0002208,-0.6600071893506462,1,Mg,NS,1869
OG0002228,0.3504439727708431,0.740559666769098,Mg,NS,400
OG0002232,-0.5683894341254992,0.145818698129715,Mg,NS,1803
OG0002237,-0.00235158167939788,0.399932210299541,Mg,NS,968
OG0002248,-0.0755678765907369,1,Mg,NS,1129
OG0002287,-0.34390842989445813,0.431669698689614,Mg,NS,1570
OG0002291,0.2337502812720693,1,Mg,NS,562
OG0002295,-0.1568210378191057,1,Mg,NS,1274
OG0002300,-0.568632299780579,0.257542789968937,Mg,NS,1804
OG0002341,0.05942441220043317,1,Mg,NS,850
OG0002345,-0.11612303642033003,1,Mg,NS,1210
OG0002355,0.03954141794675111,1,Mg,NS,890
OG0002361,-0.6507331965221274,0.150503571412575,Mg,NS,1867
OG0002379,-0.18150893029989076,1,Mg,NS,1324
OG0002381,-0.6954794916560959,0.00485876591102959,Mg,NS,1902
OG0002425,-0.33646418804524275,0.22677493571704,Mg,NS,1559
OG0002432,-0.3672089741882287,0.627731668142566,Mg,NS,1608
OG0002435,0.5842582317099095,0.275360056854685,Mg,NS,224
OG0002436,0.21557490364860252,1,Mg,NS,598
OG0002472,-0.8308262066146962,0.069702453536172,Mg,NS,1959
OG0002502,0.10733404411132157,0.826128775044183,Mg,NS,768
OG0002505,0.3290387712869227,0.319472334631894,Mg,NS,424
OG0002524,1.9174520289505512,0.0387566535646021,Mg,UP,16
OG0002531,-0.5971927895065685,0.153411537182017,Mg,NS,1820
OG0002544,-0.5857626693459288,0.0748453703933983,Mg,NS,1813
OG0002558,-0.13602912909847376,1,Mg,NS,1249
OG0002559,1.2030374886916455,0.00479754381484678,Mg,UP,56
OG0002562,0.08291363728559316,1,Mg,NS,815
OG0002575,0.5265305479624202,0.00596640905892817,Mg,NS,255
OG0002591,-0.1706523496003399,1,Mg,NS,1299
OG0002597,0.2516651750430873,0.995153805178178,Mg,NS,528
OG0002600,0.203256918622108,1,Mg,NS,618
OG0002605,-0.3637973827687104,0.39049624064353,Mg,NS,1601
OG0002615,-0.1988729172002422,0.0158488845616003,Mg,NS,1359
OG0002621,-1.0952805034331083,0.0159189376629841,Mg,DOWN,2030
OG0002630,-0.10347878701641222,1,Mg,NS,1183
OG0002650,-0.07552277672669022,1,Mg,NS,1128
OG0002654,-0.33896524912968595,1,Mg,NS,1565
OG0002674,0.13445611186334258,1,Mg,NS,727
OG0002678,0,1,Mg,NS,963
OG0002679,0.5567130239169829,0.02481133735476,Mg,NS,240
OG0002718,0.0787541114144113,1,Mg,NS,822
OG0002722,0.19064550029604735,0.58937579348758,Mg,NS,641
OG0002725,0.10244726897081774,1,Mg,NS,779
OG0002726,-0.1942334862305104,0.223093641906997,Mg,NS,1351
OG0002737,0.21684145242251188,1,Mg,NS,597
OG0002760,0.14674368337697524,1,Mg,NS,707
OG0002761,-0.3653362345059965,0.0522171511828216,Mg,NS,1602
OG0002770,0.6057864358671603,0.0144961782592859,Mg,NS,213
OG0002771,-0.28556859089044256,0.269688112642389,Mg,NS,1475
OG0002772,0.03332402025789127,0.19991613884892,Mg,NS,902
OG0002773,1.2012154256703433,0.147916098268598,Mg,NS,57
OG0002776,-0.08369470622242094,1,Mg,NS,1152
OG0002784,-0.11193327868313688,1,Mg,NS,1203
OG0002790,-0.16939234681529466,1,Mg,NS,1297
OG0002808,0.2461197962990012,0.930943496785588,Mg,NS,541
OG0002818,-0.4827821059146779,1,Mg,NS,1723
OG0002821,-0.6656776375165271,0.0213729101529448,Mg,NS,1876
OG0002834,-0.11003454576069076,1,Mg,NS,1198
OG0002844,-0.6178344405400549,0.279080413428058,Mg,NS,1839
OG0002854,0.38694611160358977,0.319472334631894,Mg,NS,365
OG0002858,-0.2243614335717883,0.150783158991709,Mg,NS,1401
OG0002866,0.3688041590820433,0.127669281934572,Mg,NS,383
OG0002875,0.38117075658982663,0.982244658203084,Mg,NS,370
OG0002889,-0.7636179863582732,0.0125298842892231,Mg,NS,1928
OG0002897,0.05560055678917508,1,Mg,NS,859
OG0002921,0.3432270099156732,0.597499777348101,Mg,NS,404
OG0002922,-1.1088102456192883,0.00154054336427157,Mg,DOWN,2032
OG0002923,-0.3595062815183596,0.0511345871392816,Mg,NS,1595
OG0002924,0.29001438492249265,0.20530386969425,Mg,NS,475
OG0002946,-0.13052198148974883,1,Mg,NS,1238
OG0003023,-0.7808415971459939,0.569978043713015,Mg,NS,1931
OG0003024,-0.28701326876823374,1,Mg,NS,1480
OG0003039,0.02530051968317237,1,Mg,NS,915
OG0003045,-0.03829767869832236,1,Mg,NS,1045
OG0003047,0.41734470437778654,0.184368884091348,Mg,NS,339
OG0003058,-0.19229756618812252,0.721374004178215,Mg,NS,1347
OG0003102,0.042202432793376654,1,Mg,NS,886
OG0003111,-0.3905844555543047,0.36977830891364,Mg,NS,1637
OG0003113,-0.11413574511161895,0.322063355102594,Mg,NS,1206
OG0003143,-0.2606191179323603,1,Mg,NS,1439
OG0003161,-1.8276089095548695,0.0504250128561481,Mg,NS,2098
OG0003168,0.7495714254719714,0.0398792927552529,Mg,NS,159
OG0003176,-0.5138263255369038,0.218840251793086,Mg,NS,1753
OG0003178,-0.03782846610723633,1,Mg,NS,1044
OG0003245,-0.10873563954088106,1,Mg,NS,1195
OG0003276,-0.3966589699639893,0.108998010285847,Mg,NS,1644
OG0003277,-0.42357698844536307,0.0289008052786862,Mg,NS,1675
OG0003283,0.10746972996858548,1,Mg,NS,767
OG0003285,0.25083681756386483,1,Mg,NS,534
OG0003287,0.008418043144771,1,Mg,NS,950
OG0003294,-0.280646982473262,1,Mg,NS,1468
OG0003296,0.07808218589558515,1,Mg,NS,825
OG0003307,-0.23062720878661527,0.65757138066242,Mg,NS,1406
OG0003310,0.14587952747566124,0.0636930862815723,Mg,NS,710
OG0003319,-0.06975110844241882,1,Mg,NS,1118
OG0003325,-0.1666711432338856,0.176246964879725,Mg,NS,1290
OG0003359,0.2427704211214736,0.497974454045513,Mg,NS,546
OG0003364,0.5469231397019823,1,Mg,NS,246
OG0003372,0.9772799234999164,0.697414303809589,Mg,NS,88
OG0003382,0.18318956764077615,1,Mg,NS,652
OG0003395,0.30648751327138685,0.626931975161319,Mg,NS,453
OG0003400,-0.1783706915660966,1,Mg,NS,1317
OG0003405,0.36764035606223633,0.168218220339792,Mg,NS,386
OG0003417,0.39905520073698864,0.433263855994387,Mg,NS,351
OG0003436,0.12725643110936438,1,Mg,NS,735
OG0003440,-0.2042849934982704,1,Mg,NS,1367
OG0003442,0.36640798232178706,0.707617325111532,Mg,NS,389
OG0003457,0.16441308429883814,1,Mg,NS,678
OG0003463,0.24957569372667995,0.00869621397246158,Mg,NS,535
OG0003472,0.05268031667617746,1,Mg,NS,868
OG0003478,0.22372948848561058,1,Mg,NS,582
OG0003484,-0.06485114434996807,1,Mg,NS,1107
OG0003486,-0.7333481668208028,0.00365095644930572,Mg,NS,1915
OG0003509,-0.4559454428590499,0.147468991716221,Mg,NS,1706
OG0003530,0.8146815444343116,0.876401562871511,Mg,NS,136
OG0003555,1.4687186205170957,0.378730561410016,Mg,NS,33
OG0003574,0.5138293238620607,0.619674246715114,Mg,NS,275
OG0003576,-1.827195587832678,0.00330207653270799,Mg,DOWN,2097
OG0003590,-0.23578956964291203,0.44226413772747,Mg,NS,1412
OG0003604,0.28259182111321696,0.978324267424585,Mg,NS,477
OG0003613,-0.01021984231787867,1,Mg,NS,986
OG0003619,0.21858355186144104,0.103939267982969,Mg,NS,592
OG0003643,0.5736766931746413,0.0174207757782921,Mg,NS,229
OG0003658,-0.42014438971193263,0.259057655946534,Mg,NS,1674
OG0003663,-2.1137231806799934,0.00490821118520092,Mg,DOWN,2104
OG0003665,-0.17705025416816442,1,Mg,NS,1313
OG0003666,0.23331728863741324,0.630092879998323,Mg,NS,564
OG0003675,-0.02907292419631397,1,Mg,NS,1025
OG0003690,0.33108197624946667,0.0657236526348577,Mg,NS,422
OG0003712,0.23548807894813112,1,Mg,NS,558
OG0003720,0.30790467788837095,0.433747344398034,Mg,NS,450
OG0003728,-0.06814325207861702,1,Mg,NS,1115
OG0003744,0.02052539733139898,1,Mg,NS,923
OG0003768,0.4845159389735781,0.0633505389876674,Mg,NS,289
OG0003779,-0.07996830470341522,0.982244658203084,Mg,NS,1139
OG0003785,-1.18682535281726,0.296717906019241,Mg,NS,2044
OG0003789,-0.4984535074664811,0.419131933587588,Mg,NS,1734
OG0003817,0.31039021505965947,0.0218313051871112,Mg,NS,446
OG0003871,0.21150410519371185,0.310761335523789,Mg,NS,605
OG0003891,-0.14086253583984987,1,Mg,NS,1256
OG0003900,1.3184568312509108,0.165686707373913,Mg,NS,47
OG0003931,0.00971515483321185,1,Mg,NS,946
OG0003967,0.00816401959230735,1,Mg,NS,952
OG0004009,0.1275880548848522,1,Mg,NS,734
OG0004027,-0.8069637887921232,0.147039911770206,Mg,NS,1951
OG0004028,0.24195271816676628,0.756825478565172,Mg,NS,548
OG0004034,-0.30454989408465083,0.38480400528691,Mg,NS,1507
OG0004036,-0.3622629596302987,0.128455889097373,Mg,NS,1599
OG0004053,-0.4952995184622422,0.119193484845026,Mg,NS,1730
OG0004054,-0.3959904606629997,0.276107755227268,Mg,NS,1641
OG0004074,-1.423630897209451,0.00781490544070171,Mg,DOWN,2067
OG0004082,-0.37183761733042064,0.18284582787607,Mg,NS,1617
OG0004098,-0.0823429735224112,1,Mg,NS,1146
OG0004103,0.1844245711374276,1,Mg,NS,650
OG0004121,-0.35484271736009754,1,Mg,NS,1589
OG0004123,-0.3555480623797766,0.435126058285438,Mg,NS,1592
OG0004128,-0.38187063534364446,0.0161347008856549,Mg,NS,1628
OG0004164,0.5182676563874996,4.5463759944136e-4,Mg,NS,269
OG0004185,-0.8328077460359088,1,Mg,NS,1960
OG0004186,-0.43934160590558696,0.00557556177942032,Mg,NS,1688
OG0004200,0.04385428958942707,1,Mg,NS,881
OG0004214,-0.2769735967916675,1,Mg,NS,1466
OG0004226,0.3328438723665457,1,Mg,NS,418
OG0004237,0.02726911152157788,1,Mg,NS,912
OG0004247,-0.4722623679717939,0.062113909799921,Mg,NS,1718
OG0004302,0.0579675982712241,1,Mg,NS,852
OG0004328,0.36034969412012463,1,Mg,NS,392
OG0004387,0.20575689871992717,1,Mg,NS,617
OG0004407,0.7891699332654983,0.0759553611090527,Mg,NS,146
OG0004426,0.5160431970827181,0.464299420384242,Mg,NS,273
OG0004468,0.07065713836940657,1,Mg,NS,837
OG0004474,-1.2539513010713554,0.00730743404091522,Mg,DOWN,2053
OG0004483,-0.6429779338218832,0.0289830749641257,Mg,NS,1860
OG0004509,-0.396064213831851,0.0365318040661954,Mg,NS,1642
OG0004512,-0.4401734228032624,0.67302131087772,Mg,NS,1690
OG0004534,-0.2550416150802633,1,Mg,NS,1429
OG0004557,-0.3186252783472683,0.433958049434892,Mg,NS,1533
OG0004559,2.07349523875922,0.101087902119398,Mg,NS,8
OG0004562,-0.16767038350053737,0.853015354429688,Mg,NS,1292
OG0004564,-0.615560222925161,0.00140111120572971,Mg,NS,1835
OG0004572,-1.023481433339163,0.564945659403231,Mg,NS,2016
OG0004579,-0.46292173010689813,0.431669698689614,Mg,NS,1712
OG0004593,0.47118460545239416,0.333551298774969,Mg,NS,303
OG0004597,-0.4399693038702556,1,Mg,NS,1689
OG0004610,-0.9739735267433952,0.069362775768667,Mg,NS,2003
OG0004627,-0.4192252962422773,0.00253322909149808,Mg,NS,1673
OG0004642,-0.07689359954015212,1,Mg,NS,1131
OG0004652,0.16236765026423025,1,Mg,NS,682
OG0004663,-0.5380189991108807,0.0150609215632764,Mg,NS,1780
OG0004695,-0.19443835976544652,1,Mg,NS,1352
OG0004696,0.3921332293484576,0.710853132482621,Mg,NS,359
OG0004712,-0.17426654862754137,1,Mg,NS,1305
OG0004724,-0.3456057205269076,1,Mg,NS,1576
OG0004734,0.15498529128409785,1,Mg,NS,693
OG0004743,-0.2623426316460542,0.365230161987315,Mg,NS,1444
OG0004747,-0.1743663442240872,0.632707596728823,Mg,NS,1306
OG0004779,0.5190428695326496,0.833867008715326,Mg,NS,268
OG0004781,-0.6475804177091012,0.00160196445643292,Mg,NS,1865
OG0004798,0.04805212940614171,1,Mg,NS,877
OG0004800,0.2070590962963711,0.370949655855603,Mg,NS,611
OG0004803,0.34479403813251613,0.255799226774429,Mg,NS,403
OG0004845,0.00864754861351162,1,Mg,NS,948
OG0004846,0.5919320555359983,0.0670194499931056,Mg,NS,222
OG0004859,-0.9104171068752912,0.0813753325804647,Mg,NS,1986
OG0004896,0.03795173979158671,1,Mg,NS,895
OG0004902,-0.1066825674504931,1,Mg,NS,1186
OG0004910,-0.3033921434499348,0.0477033507213376,Mg,NS,1501
OG0004924,-0.2990383201353806,0.521936696138867,Mg,NS,1494
OG0004946,-1.2717166489335947,0.0645692555482219,Mg,NS,2054
OG0004961,0.01472150570676552,1,Mg,NS,935
OG0004962,-0.25774288023372965,0.168989153855818,Mg,NS,1435
OG0004964,-0.32897710748188674,0.319472334631894,Mg,NS,1543
OG0004981,-0.2705187997347006,1,Mg,NS,1456
OG0004982,-1.040641984497346,0.00219152205087143,Mg,DOWN,2022
OG0004983,-0.20500703572591503,0.405307023145937,Mg,NS,1370
OG0004984,-0.26691634755178334,0.256278725183421,Mg,NS,1452
OG0004987,-0.04268639910154999,1,Mg,NS,1058
OG0004989,0,1,Mg,NS,963
OG0004997,0.122195435452403,1,Mg,NS,745
OG0005002,-0.18598943768679804,1,Mg,NS,1330
OG0005018,-0.1771130621092105,1,Mg,NS,1315
OG0005023,0.14714552979574758,0.0590809984385865,Mg,NS,705
OG0005033,-0.4191218271772092,0.0150578730802987,Mg,NS,1672
OG0005036,-0.5062671704521027,0.246487127735374,Mg,NS,1748
OG0005037,-0.15970653791329967,0.462977759980417,Mg,NS,1279
OG0005050,-1.321121894787652,0.160921049441369,Mg,NS,2061
OG0005063,0.6403392577575295,0.0115806903153087,Mg,NS,200
OG0005084,0.01770200173345873,1,Mg,NS,929
OG0005102,0.03693021880827917,1,Mg,NS,896
OG0005104,0.9745549834425368,1,Mg,NS,90
OG0005107,-0.547813993945201,1,Mg,NS,1786
OG0005120,-0.6437848557471254,0.0969748058195801,Mg,NS,1861
OG0005155,0.5167833260265852,0.00167265157350253,Mg,NS,271
OG0005182,0.7604773009269247,0.0739176596698702,Mg,NS,156
OG0005199,-0.2922826331388376,0.378453415955026,Mg,NS,1486
OG0005202,-0.13069371812155814,1,Mg,NS,1240
OG0005220,-0.7204106938525315,0.0202006330759991,Mg,NS,1911
OG0005240,-0.07472589228508361,1,Mg,NS,1127
OG0005243,-0.25905282065327084,1,Mg,NS,1437
OG0005250,0.21239536069571552,0.816838726657473,Mg,NS,602
OG0005265,0.22467086869473876,0.271144384617354,Mg,NS,581
OG0005269,0.09386692346422232,1,Mg,NS,797
OG0005315,-0.05383815162755007,1,Mg,NS,1084
OG0005326,-0.4326175769129647,0.576832309091439,Mg,NS,1682
OG0005328,0.00557025804294599,1,Mg,NS,956
OG0005333,0.6276669516753942,0.405469894503781,Mg,NS,205
OG0005336,-0.20058327389011152,1,Mg,NS,1363
OG0005340,-0.5671758728628544,1,Mg,NS,1802
OG0005343,-0.3749893386387762,0.651647210823756,Mg,NS,1618
OG0005372,0.20602287329877816,1,Mg,NS,614
OG0005374,-0.26426800577290444,1,Mg,NS,1449
OG0005386,0.32112859636821,0.875531299000731,Mg,NS,435
OG0005389,-0.34649531652663695,0.598633842732399,Mg,NS,1579
OG0005403,-0.5830937245001543,0.0636509403632863,Mg,NS,1812
OG0005405,-0.35961346066015193,1,Mg,NS,1596
OG0005432,-0.10281080558377548,0.833965859987039,Mg,NS,1180
OG0005440,-0.7307829456627718,0.418637538089004,Mg,NS,1913
OG0005460,-0.6403210940095141,0.00389433815102663,Mg,NS,1856
OG0005469,-0.1464301457488483,1,Mg,NS,1262
OG0005482,-0.36191134459362384,0.718948183107946,Mg,NS,1598
OG0005483,0.8522652381917538,0.369478228950989,Mg,NS,119
OG0005509,-0.26732535065593593,0.27141614873305,Mg,NS,1453
OG0005511,-0.4062700947890035,1,Mg,NS,1656
OG0005515,0.2702060612360487,0.684746236704292,Mg,NS,498
OG0005531,-0.30056604307338075,0.659077797352448,Mg,NS,1496
OG0005543,-0.49246247122400966,0.184570471630197,Mg,NS,1728
OG0005545,-0.2681786376943803,0.268922995754928,Mg,NS,1454
OG0005547,0.03839113013682398,1,Mg,NS,893
OG0005549,-0.3454611324675159,0.402831685655191,Mg,NS,1575
OG0005560,-0.10691520391651156,1,Mg,NS,1189
OG0005567,-0.7573265476148859,1,Mg,NS,1923
OG0005568,0.05757503353066564,1,Mg,NS,855
OG0005569,0.5922427266373143,0.247578098972714,Mg,NS,221
OG0005595,-0.33260624349518103,1,Mg,NS,1553
OG0005601,0.21759143507262657,1,Mg,NS,595
OG0005637,0.3791529635803126,1,Mg,NS,374
OG0005642,0.7461077332310634,1,Mg,NS,161
OG0005651,0.04240062029746342,1,Mg,NS,884
OG0005653,-0.0023534997729721,1,Mg,NS,969
OG0005690,0.03820245383249779,1,Mg,NS,894
OG0005710,1.2246308935324477,0.403801268137402,Mg,NS,54
OG0005715,2.0452056317175273,6.70070092669055e-5,Mg,UP,11
OG0005717,0.17148046794435368,0.940703617391163,Mg,NS,669
OG0005726,-0.8068476155854407,0.062113909799921,Mg,NS,1949
OG0005769,-0.15744723213517792,1,Mg,NS,1276
OG0005781,0.3886191509743107,1,Mg,NS,363
OG0005785,-0.00728267594369611,1,Mg,NS,981
OG0005788,-0.3703414450682182,0.0727218763348002,Mg,NS,1615
OG0005796,1.6770884249862987,0.0174566311342528,Mg,UP,26
OG0005831,-0.09938210550128444,0.294787373394708,Mg,NS,1176
OG0005848,0.3929146883807037,0.939457622795518,Mg,NS,357
OG0005873,1.5157964293322683,0.00355915402441524,Mg,UP,31
OG0005888,-0.06793604621408345,1,Mg,NS,1114
OG0005918,-0.28141293514864835,1,Mg,NS,1470
OG0005931,0.7957739682132977,0.0101444687270024,Mg,NS,143
OG0005935,-0.21861859034491157,1,Mg,NS,1387
OG0005939,-0.7861785686448827,0.0100342325857179,Mg,NS,1935
OG0005940,-0.9079806561370594,0.0024630818662154,Mg,NS,1983
OG0005943,0.05507138249367594,1,Mg,NS,861
OG0005949,0.383519308294384,0.841819033975587,Mg,NS,369
OG0005962,-0.03832811865909936,1,Mg,NS,1046
OG0005964,0,1,Mg,NS,963
OG0005980,-0.05593527176553031,1,Mg,NS,1090
OG0005987,-0.21293209208738176,0.39049624064353,Mg,NS,1379
OG0005989,-0.8923859287805167,0.0357902527506536,Mg,NS,1977
OG0005991,-0.8891433978848307,0.10572521531128,Mg,NS,1975
OG0006003,0.05623340215644893,1,Mg,NS,857
OG0006005,0.6429098499304359,1,Mg,NS,199
OG0006024,0.25585518022948855,0.113707592799647,Mg,NS,519
OG0006047,0.924830771233601,0.0259615270005387,Mg,NS,103
OG0006069,-0.7608495808970959,0.768047828945512,Mg,NS,1926
OG0006072,-0.5496789375538311,0.187021312722529,Mg,NS,1788
OG0006086,-0.8068766541795662,0.00164383137856795,Mg,NS,1950
OG0006092,0.4042127253872526,0.170004683788923,Mg,NS,348
OG0006095,0.01132800580151293,1,Mg,NS,940
OG0006128,0.5057157497114201,0.168218220339792,Mg,NS,284
OG0006161,-0.05720251155333291,1,Mg,NS,1091
OG0006167,-0.5559411107428869,0.0252756190970074,Mg,NS,1794
OG0006177,-0.0874628412503396,1,Mg,NS,1157
OG0006181,-0.09120700884668372,1,Mg,NS,1165
OG0006185,-0.1442804234854682,1,Mg,NS,1260
OG0006196,0.3388019134517585,0.682520731056594,Mg,NS,415
OG0006210,0.10309349296410372,1,Mg,NS,777
OG0006224,0.12426860273500924,1,Mg,NS,743
OG0006237,0.02749061684604066,1,Mg,NS,909
OG0006291,0.3911392315814791,1,Mg,NS,362
OG0006297,0.7839279911245739,0.412699790240549,Mg,NS,149
OG0006306,-0.08004323058879435,1,Mg,NS,1140
OG0006312,-1.5089082605094049,0.00308947383712241,Mg,DOWN,2076
OG0006321,-0.5175407529970172,0.518021412436123,Mg,NS,1759
OG0006323,0.0653874511390689,1,Mg,NS,844
OG0006327,-0.06374388399335301,1,Mg,NS,1103
OG0006332,0.09673320272794016,1,Mg,NS,789
OG0006390,0.3402667379292305,0.405053797154971,Mg,NS,410
OG0006393,-0.4380474773253443,0.836024731608287,Mg,NS,1685
OG0006409,-0.2819867415355398,0.240186391628977,Mg,NS,1473
OG0006417,-1.0677781144348597,0.00694505737105907,Mg,DOWN,2025
OG0006442,0.22771474446964685,0.594748019141491,Mg,NS,575
OG0006443,-0.12507713305011736,1,Mg,NS,1228
OG0006466,1.402622431170499,0.00183521427524209,Mg,UP,37
OG0006475,0.3635697662078871,0.498156834186832,Mg,NS,391
OG0006479,-0.3689389651969694,0.151076236474464,Mg,NS,1614
OG0006487,0.1266446743424434,1,Mg,NS,738
OG0006500,-0.17043596126379995,1,Mg,NS,1298
OG0006514,-0.03043189621396066,1,Mg,NS,1026
OG0006520,-0.24387214874689947,0.15953903476453,Mg,NS,1420
OG0006527,0.3261526807490875,1,Mg,NS,427
OG0006550,-0.04532399050949031,1,Mg,NS,1064
OG0006562,-2.4320981931829193,0.16497380593854,Mg,NS,2117
OG0006566,-0.2209479205490489,1,Mg,NS,1391
OG0006567,0.2922190390701998,0.970043633759695,Mg,NS,469
OG0006618,-0.1625209653590495,0.0866631365531039,Mg,NS,1282
OG0006631,0.3799480788099833,0.0381909633568632,Mg,NS,372
OG0006640,0.14824664842262603,1,Mg,NS,702
OG0006661,-0.4846159826689823,0.0359874595516006,Mg,NS,1725
OG0006679,-0.34173220779791125,0.0688491831202812,Mg,NS,1568
OG0006694,-0.9152577997587644,0.0690558873297096,Mg,NS,1989
OG0006746,0.2143191208007658,0.317222885426889,Mg,NS,600
OG0006761,-0.3689286065672911,0.516536707899535,Mg,NS,1613
OG0006770,0.1110828381317408,1,Mg,NS,763
OG0006777,0.5222267453731938,0.14801097081069,Mg,NS,264
OG0006778,-0.12869122297718702,1,Mg,NS,1235
OG0006787,-0.349513926559262,1,Mg,NS,1583
OG0006796,-0.4707370795106795,0.0143232917797483,Mg,NS,1715
OG0006815,-0.16827148258979868,1,Mg,NS,1293
OG0006861,-0.04960698069826209,1,Mg,NS,1075
OG0006862,0.04194004566610472,1,Mg,NS,887
OG0006869,-2.2242741605549976,0.00970000098255542,Mg,DOWN,2112
OG0006870,0.23292308882861748,0.070844464302619,Mg,NS,565
OG0006873,0.14684138832927118,0.968803057516496,Mg,NS,706
OG0006889,-0.9457098444990464,0.00737186536102783,Mg,NS,1993
OG0006893,0.5253737044313563,0.993087602762597,Mg,NS,256
OG0006919,1.1950718153369362,0.229721204502278,Mg,NS,59
OG0006927,0.1826360531918661,1,Mg,NS,653
OG0006941,1.0585638924946086,0.160529543847875,Mg,NS,77
OG0006946,0.07233438928526667,1,Mg,NS,834
OG0006988,0.37196877738695794,1,Mg,NS,379
OG0006990,0.4562134708811018,0.183296315942333,Mg,NS,310
OG0007000,-0.03224033700020833,1,Mg,NS,1031
OG0007004,0.9809472574021844,0.00592161606123168,Mg,NS,86
OG0007017,-0.34063722395776624,0.486027973173318,Mg,NS,1567
OG0007031,0.5110308834037285,0.193312730764973,Mg,NS,279
OG0007038,-0.4315210272557716,0.549842821583724,Mg,NS,1681
OG0007041,-0.11640949211531049,1,Mg,NS,1211
OG0007042,-0.1231138668453638,1,Mg,NS,1222
OG0007047,0.6841951189110383,0.482228493620665,Mg,NS,181
OG0007054,0.20598404996780667,1,Mg,NS,615
OG0007064,-0.2878895945200697,1,Mg,NS,1483
OG0007082,0.00881614728327029,1,Mg,NS,947
OG0007098,0.22664759145425353,0.0489692383123217,Mg,NS,578
OG0007101,-0.30417162408320453,0.0442628129135173,Mg,NS,1505
OG0007103,-0.5314905896575102,0.335527536932952,Mg,NS,1771
OG0007104,-1.6734474426454116,7.9541627924557e-4,Mg,DOWN,2087
OG0007107,0.2798863240704366,0.59740177033126,Mg,NS,482
OG0007108,-0.08865761982039663,1,Mg,NS,1161
OG0007112,-0.06244057477590687,1,Mg,NS,1098
OG0007122,-1.143760781463781,0.00117691748879203,Mg,DOWN,2036
OG0007154,-0.21584083649767088,1,Mg,NS,1382
OG0007158,0.01249094418319683,1,Mg,NS,938
OG0007170,0.00858111104379364,1,Mg,NS,949
OG0007172,-2.1551190666669062,0.0254695062913549,Mg,DOWN,2107
OG0007175,-0.09861938578375966,1,Mg,NS,1175
OG0007182,0.19632073608579417,1,Mg,NS,629
OG0007205,-0.2069536900684518,1,Mg,NS,1372
OG0007213,-0.27218993352503756,0.122614926453552,Mg,NS,1459
OG0007218,-0.20917680183228415,1,Mg,NS,1375
OG0007234,-0.1751219367760607,1,Mg,NS,1309
OG0007241,0.2768932543941812,0.0751351425737248,Mg,NS,486
OG0007244,-1.4909442302341682,0.0132902664996991,Mg,DOWN,2075
OG0007246,-0.3066906556431078,0.179759022769486,Mg,NS,1512
OG0007249,-0.15998064379144047,1,Mg,NS,1280
OG0007251,-0.13764940524466351,1,Mg,NS,1253
OG0007266,-0.6689248118654845,0.0603496919988914,Mg,NS,1878
OG0007269,-0.9102811848092928,0.00479754381484678,Mg,NS,1985
OG0007278,-0.21741760592115555,0.320135504069903,Mg,NS,1384
OG0007280,0.3847129624220463,0.432947168430731,Mg,NS,367
OG0007321,0.677045441148391,0.204080456965623,Mg,NS,185
OG0007353,0.21777579326607793,1,Mg,NS,594
OG0007367,0.31139079676863896,0.118023056672509,Mg,NS,445
OG0007384,0.1159264452114808,1,Mg,NS,755
OG0007412,-0.662776585236902,0.197737570398225,Mg,NS,1873
OG0007431,-0.12338241550528196,1,Mg,NS,1223
OG0007435,0.06883510466007223,0.867949091897299,Mg,NS,839
OG0007467,-0.39470032798882937,0.00270364522896438,Mg,NS,1640
OG0007473,0.35248556186333185,1,Mg,NS,398
OG0007481,-1.6601499971153753,0.00285036935510598,Mg,DOWN,2086
OG0007483,0.33160415423640294,0.00193918454498091,Mg,NS,421
OG0007495,-0.35017341311618255,0.528265963368075,Mg,NS,1585
OG0007497,-0.03670010403581887,1,Mg,NS,1040
OG0007498,-0.7276436077191816,0.00824931564801808,Mg,NS,1912
OG0007520,1.031260748203037,0.0173656297551029,Mg,UP,81
OG0007523,-0.6742997224440072,0.448605434406356,Mg,NS,1883
OG0007528,-1.2900575796003404,0.182031939439148,Mg,NS,2055
OG0007541,-1.108419735329215,0.71738269640582,Mg,NS,2031
OG0007544,-0.1819873463348648,0.752062175239915,Mg,NS,1326
OG0007580,-0.3384058986701347,0.819327081333551,Mg,NS,1563
OG0007585,-0.906182640229518,0.489935616189764,Mg,NS,1981
OG0007589,-0.24637809918171147,1,Mg,NS,1421
OG0007610,0.7892329037831795,0.597534151835792,Mg,NS,145
OG0007616,0.03470422348649755,1,Mg,NS,899
OG0007627,-0.1999375705087519,1,Mg,NS,1361
OG0007628,-0.5011587442470209,0.437958974519371,Mg,NS,1739
OG0007629,0.9562135703762898,4.6344183311264e-4,Mg,NS,93
OG0007637,0.00405984802035515,1,Mg,NS,960
OG0007654,0.1956116451059619,0.710947266535661,Mg,NS,632
OG0007663,-0.24252013217494808,0.510515045440233,Mg,NS,1419
OG0007677,0.7184940341789786,0.0247802351284303,Mg,NS,169
OG0007678,-1.4441274885626083,0.0019309189165595,Mg,DOWN,2069
OG0007712,-1.976049073532795,1.7707867426276e-4,Mg,DOWN,2102
OG0007713,0.08595396110806493,1,Mg,NS,811
OG0007720,-0.3990057089441474,0.643170181434832,Mg,NS,1647
OG0007725,0.5178673438128876,0.0596825951509448,Mg,NS,270
OG0007730,-0.438652919624364,0.375079409871168,Mg,NS,1687
OG0007731,0.2982120259135549,0.524092228304267,Mg,NS,461
OG0007734,0.25505166642780397,0.205746661158832,Mg,NS,523
OG0007753,-0.23928341903433384,1,Mg,NS,1417
OG0007761,0.2801079191927352,1,Mg,NS,481
OG0007769,-0.01495034146597176,1,Mg,NS,1002
OG0007782,0.10423314912384632,0.576611260265411,Mg,NS,775
OG0007798,-0.03120349953570587,1,Mg,NS,1029
OG0007807,0.16812275880832675,0.199287869833705,Mg,NS,674
OG0007832,-0.07965944917765064,1,Mg,NS,1137
OG0007851,-0.01034194422145914,1,Mg,NS,987
OG0007868,-0.4972721588725546,0.0168151375453439,Mg,NS,1731
OG0007895,0.32582953256968983,1,Mg,NS,429
OG0007921,-0.0956321794834428,1,Mg,NS,1171
OG0007937,-0.2710717248992119,0.330530866928306,Mg,NS,1457
OG0007954,-1.688590820397924,0.00419360606196852,Mg,DOWN,2089
OG0007957,-1.0172466956460335,0.367511911014376,Mg,NS,2014
OG0007968,0.20753446260933475,0.0899580447014307,Mg,NS,610
OG0007969,0.14374607114164717,1,Mg,NS,714
OG0007981,0.05841668622532207,1,Mg,NS,851
OG0008007,0.8450501697678382,0.0165703365570211,Mg,NS,125
OG0008090,0.00420979301013208,1,Mg,NS,959
OG0008092,0.9330377867637673,0.00160502732567568,Mg,NS,99
OG0008104,-0.4432343911094959,1,Mg,NS,1695
OG0008111,-1.4406531956288655,0.20798501176259,Mg,NS,2068
OG0008114,-0.19041145767754328,1,Mg,NS,1340
OG0008133,-0.0907654639231824,1,Mg,NS,1163
OG0008143,-0.30029649684769644,0.332869370565696,Mg,NS,1495
OG0008147,-0.15151888634505603,1,Mg,NS,1271
OG0008148,0.6727803795125734,0.0309134663873446,Mg,NS,186
OG0008224,-0.4092782299901589,0.158897131527714,Mg,NS,1659
OG0008235,0.1372060915169697,1,Mg,NS,723
OG0008236,-0.31855599742486257,1,Mg,NS,1532
OG0008253,0.5065815173410005,0.113707592799647,Mg,NS,283
OG0008256,0.20982325898299709,0.961104110142022,Mg,NS,608
OG0008270,-0.05444778402237629,1,Mg,NS,1087
OG0008275,-0.3477882385846617,0.140087806307942,Mg,NS,1581
OG0008287,0.34778422836926287,0.337962575230223,Mg,NS,402
OG0008288,-1.39703508149943,0.0021357753913264,Mg,DOWN,2065
OG0008292,-0.2269449496988379,0.297268969772341,Mg,NS,1404
OG0008293,-0.3818101272263312,0.341458970043972,Mg,NS,1627
OG0008311,-0.12253413172113256,1,Mg,NS,1221
OG0008336,0.305875356364088,0.0363677030731665,Mg,NS,455
OG0008355,-2.374703363125425,0.0189141170921977,Mg,DOWN,2116
OG0008360,-0.5325165139408411,0.0331632752741339,Mg,NS,1773
OG0008366,-0.03386195777525884,1,Mg,NS,1034
OG0008377,-0.46632429827787336,0.102989670585145,Mg,NS,1714
OG0008380,0.5456251514921213,0.153763204447574,Mg,NS,250
OG0008386,0.05171503654415543,1,Mg,NS,872
OG0008390,-0.16389677202630354,1,Mg,NS,1286
OG0008419,-1.3503250980425965,0.02481133735476,Mg,DOWN,2062
OG0008439,0.0206348458039992,1,Mg,NS,922
OG0008446,-1.5717761642608183,6.4326277822894e-4,Mg,DOWN,2079
OG0008463,0.4379213899521827,1,Mg,NS,327
OG0008474,-0.02683618497231549,1,Mg,NS,1022
OG0008482,-0.10521163914463212,1,Mg,NS,1184
OG0008490,-0.6194644881175719,0.432947168430731,Mg,NS,1841
OG0008493,0.06862820065787816,1,Mg,NS,841
OG0008494,2.0688298519542805,6.4326277822894e-4,Mg,UP,9
OG0008507,-0.08426891689760391,1,Mg,NS,1154
OG0008509,-0.8474561662784215,0.0995123892005637,Mg,NS,1962
OG0008528,-0.01122725542325397,1,Mg,NS,990
OG0008529,-0.6935019456822437,0.0478456333446879,Mg,NS,1900
OG0008530,-0.11689822137010476,1,Mg,NS,1213
OG0008538,-1.1525726532790914,0.431105338331016,Mg,NS,2040
OG0008548,-0.2943070526016982,1,Mg,NS,1490
OG0008569,-0.22930354852124415,0.893653136210203,Mg,NS,1405
OG0008582,2.611845794872104,4.6552747012636e-4,Mg,UP,2
OG0008589,-0.28620677560138275,0.510632343862768,Mg,NS,1479
OG0008599,-0.5526637063947176,0.028888730056011,Mg,NS,1790
OG0008607,0.21915470796087252,0.337445617858539,Mg,NS,591
OG0008608,0.2663306260754136,1,Mg,NS,502
OG0008620,0.17125651518785678,1,Mg,NS,670
OG0008640,-0.9744816366344736,0.0117487901419782,Mg,NS,2004
OG0008642,0.853751581280757,0.0282136413831677,Mg,NS,117
OG0008644,0.14083101453725688,1,Mg,NS,718
OG0008674,0.5891563846073475,0.0729316754309571,Mg,NS,223
OG0008675,-0.16692451152733562,1,Mg,NS,1291
OG0008717,-0.56691447750541335,0.164347613180825,Mg,NS,1800
OG0008720,-0.22414539244019888,0.886458777482265,Mg,NS,1400
OG0008722,0.00259711148603909,1,Mg,NS,961
OG0008727,-0.44267539031171954,0.598870917106421,Mg,NS,1694
OG0008728,-0.38152336408193754,0.149904162958617,Mg,NS,1626
OG0008733,-0.3277571736895599,0.222890952357663,Mg,NS,1542
OG0008751,-0.19633520007848831,1,Mg,NS,1356
OG0008759,0.2292636691785498,0.432947168430731,Mg,NS,572
OG0008784,-0.01264297805737365,1,Mg,NS,995
OG0008794,-0.04852570808378936,1,Mg,NS,1072
OG0008795,0.03010203178941887,1,Mg,NS,905
OG0008796,0.240659780398586,1,Mg,NS,550
OG0008805,-0.4369995968882686,0.213757065237912,Mg,NS,1684
OG0008806,0.10285881300573516,1,Mg,NS,778
OG0008809,-2.7653769971920923,0.00106549705613341,Mg,DOWN,2120
OG0008813,0.44671355430822024,0.00842838822688127,Mg,NS,321
OG0008841,0.15885422174781538,0.0364752153502404,Mg,NS,686
OG0008854,0.05784407457228416,1,Mg,NS,854
OG0008865,-0.2806518193088434,0.31034276196597,Mg,NS,1469
OG0008866,0.5724869871740956,0.612375315640265,Mg,NS,230
OG0008868,0.4257793637880274,1,Mg,NS,335
OG0008874,-0.54208443677316,1,Mg,NS,1784
OG0008878,-0.00582123872872052,1,Mg,NS,977
OG0008882,1.0076189277684828,0.00733717600094016,Mg,UP,83
OG0008904,0.10719905931160144,0.948825723854893,Mg,NS,769
OG0008912,0.4992476560993435,0.108656820825771,Mg,NS,287
OG0008918,1.0145261139778892,6.4326277822894e-4,Mg,UP,82
OG0008926,0.00634710676588312,1,Mg,NS,954
OG0008957,0.04220951452869671,1,Mg,NS,885
OG0008976,-0.5702449471650174,1,Mg,NS,1806
OG0008978,-0.29342425319472193,0.582497195400473,Mg,NS,1489
OG0008989,-0.20726115271528503,1,Mg,NS,1373
OG0008997,-0.1751638230345308,1,Mg,NS,1310
OG0009007,0.02727741425285501,1,Mg,NS,911
OG0009029,-0.12779653984032818,0.36881782320051,Mg,NS,1233
OG0009045,-1.7101301208011093,0.231309037019102,Mg,NS,2092
OG0009048,-0.6708403358815619,0.0682119143393349,Mg,NS,1879
OG0009056,0.16115479181458026,1,Mg,NS,684
OG0009062,0.1742595917062033,1,Mg,NS,666
OG0009074,0.26179444439872857,0.263539720499386,Mg,NS,509
OG0009112,-0.05823604451208416,1,Mg,NS,1094
OG0009115,0.18158988943340015,1,Mg,NS,655
OG0009116,1.3165359559824528,0.0913266103718312,Mg,NS,48
OG0009129,0.03339720988010833,0.221533557767708,Mg,NS,901
OG0009132,-0.3007100942171362,1,Mg,NS,1497
OG0009135,-0.4544098880027758,0.410696368021604,Mg,NS,1704
OG0009144,-0.5328956827670109,0.00411651164171323,Mg,NS,1774
OG0009149,0.09487269339403362,1,Mg,NS,793
OG0009153,-0.2241088939254694,1,Mg,NS,1399
OG0009163,-0.03320156036840624,1,Mg,NS,1032
OG0009186,-0.7455183788216833,0.0771799340495947,Mg,NS,1919
OG0009190,-0.06396056864558586,1,Mg,NS,1105
OG0009194,-0.13453195721864394,1,Mg,NS,1245
OG0009210,1.3522057804078644,0.358504701878096,Mg,NS,43
OG0009211,-0.6240888320109773,1,Mg,NS,1847
OG0009245,-0.5714755640642353,0.123968606116878,Mg,NS,1807
OG0009250,-0.08955158497829238,1,Mg,NS,1162
OG0009268,0.8710316727805455,0.542293081663672,Mg,NS,112
OG0009301,-0.09123236981970484,1,Mg,NS,1166
OG0009305,-0.1582401442894514,0.759515419944485,Mg,NS,1277
OG0009307,0.4276095866407444,0.0679146165036325,Mg,NS,333
OG0009313,-0.22529231184224255,1,Mg,NS,1402
OG0009317,0.04282518795462842,1,Mg,NS,883
OG0009329,-0.5058226650181845,0.118021192320741,Mg,NS,1747
OG0009360,-0.6174204510921996,0.380435315232136,Mg,NS,1838
OG0009363,-2.4715495203694964,0.0306570708706746,Mg,DOWN,2118
OG0009364,-0.22105349312814992,1,Mg,NS,1392
OG0009375,0.01533776615832035,0.427974817603117,Mg,NS,934
OG0009392,-1.1518190644836563,0.0034651144040636,Mg,DOWN,2039
OG0009403,-1.0308567323753322,0.00266710729541183,Mg,DOWN,2020
OG0009410,-1.2149366164174005,0.00605262385026093,Mg,DOWN,2049
OG0009427,-0.3099369392104052,0.626931975161319,Mg,NS,1520
OG0009429,0.09646283950129142,1,Mg,NS,790
OG0009435,-0.19033121210414955,1,Mg,NS,1338
OG0009438,-1.035072766913626,0.0603496919988914,Mg,NS,2021
OG0009444,1.825056923791063,0.00239062435580122,Mg,UP,21
OG0009450,0.1415245756407852,1,Mg,NS,717
OG0009458,-0.1800492187160197,1,Mg,NS,1318
OG0009460,-0.3039941443102822,0.784800837358462,Mg,NS,1503
OG0009461,0.38836631210589645,0.488336642779396,Mg,NS,364
OG0009463,-0.18079733262892048,1,Mg,NS,1322
OG0009465,0.4549788526306663,0.202057880365996,Mg,NS,314
OG0009473,0.06468956799881544,1,Mg,NS,846
OG0009480,-0.11067023241166486,0.794911450826626,Mg,NS,1200
OG0009492,-0.47101259134232665,0.40319302231085,Mg,NS,1716
OG0009505,1.394232884139548,0.00827808899253875,Mg,UP,39
OG0009520,0.18696293179884996,1,Mg,NS,645
OG0009527,-1.5758430326764843,0.00642915551065898,Mg,DOWN,2081
OG0009537,0.16411937976110627,1,Mg,NS,679
OG0009544,0.04996845927408481,1,Mg,NS,876
OG0009563,0.6880559936852598,0.70069159534232,Mg,NS,179
OG0009570,0.40982311798952,0.281349430518928,Mg,NS,342
OG0009585,0.16472499248495917,0.999243235582184,Mg,NS,677
OG0009598,-0.13114161595470414,1,Mg,NS,1242
OG0009606,-0.30722704554093344,0.943644173419935,Mg,NS,1514
OG0009630,-0.1664894273451303,0.584928390776338,Mg,NS,1289
OG0009661,0.14451689037128948,1,Mg,NS,713
OG0009675,0.1067450045367492,1,Mg,NS,770
OG0009680,-1.3083496883868215,0.00233463798124169,Mg,DOWN,2058
OG0009703,0.22260206967524448,0.619674246715114,Mg,NS,584
OG0009725,0.2779649953122939,1,Mg,NS,484
OG0009731,-0.3832263171257818,0.123539080872839,Mg,NS,1629
OG0009743,-0.1158749279781788,1,Mg,NS,1209
OG0009746,1.2112000064662436,0.00723657790531637,Mg,UP,55
OG0009747,0.01832018320678884,1,Mg,NS,927
OG0009757,-1.5732427365075632,0.00203534306359493,Mg,DOWN,2080
OG0009758,0.2568499451282053,0.133591246813145,Mg,NS,516
OG0009761,1.138774247590945,0.0261202152404151,Mg,UP,65
OG0009767,-0.412286888262809,1,Mg,NS,1666
OG0009779,0.1902224156755398,1,Mg,NS,643
OG0009795,0.42897130510721826,1,Mg,NS,332
OG0009808,0.5951274801523803,0.772110322609774,Mg,NS,218
OG0009809,0.6601624145744669,0.364355788813844,Mg,NS,188
OG0009858,0.5193741590935792,0.069362775768667,Mg,NS,267
OG0009860,-0.8973197160741795,0.380435315232136,Mg,NS,1978
OG0009888,0.26061174356693745,0.621283158401541,Mg,NS,510
OG0009911,-0.33367200175060535,0.928300798034208,Mg,NS,1555
OG0009912,0.14552665318648672,1,Mg,NS,711
OG0009913,-1.1208111202979691,9.1345439363748e-4,Mg,DOWN,2034
OG0009933,0.1532343246193214,0.745848038588569,Mg,NS,695
OG0009935,-0.5162709990820679,0.0548223811132165,Mg,NS,1756
OG0009942,-0.15070570573091735,1,Mg,NS,1270
OG0009947,0.31567766764915245,0.727019299747676,Mg,NS,439
OG0009983,0.4740487147094792,0.00516521949585153,Mg,NS,300
OG0009985,0.3096348186959329,1,Mg,NS,448
OG0010004,-0.47114260116399426,0.783235763078635,Mg,NS,1717
OG0010018,-0.28584999658733945,0.148907370549578,Mg,NS,1477
OG0010051,-0.05037352251511914,1,Mg,NS,1078
OG0010057,0.7351530003199053,0.0415890433178291,Mg,NS,164
OG0010060,-0.7523569015481467,0.018291489032735,Mg,NS,1921
OG0010066,-0.3264030068858108,0.7681424942348,Mg,NS,1541
OG0010082,0.01845690470756107,1,Mg,NS,926
OG0010104,-0.07082133718969676,1,Mg,NS,1121
OG0010118,-0.6207317605783751,0.0974509735627564,Mg,NS,1843
OG0010150,-0.5339293811115444,0.232711918051704,Mg,NS,1775
OG0010179,-0.20373823022086343,1,Mg,NS,1366
OG0010182,0.6570409927364506,0.00377929888893632,Mg,NS,189
OG0010186,-0.4578770394804356,1,Mg,NS,1707
OG0010191,0.8866585269240552,0.0195193373858054,Mg,NS,108
OG0010193,0.1565294080732694,1,Mg,NS,689
OG0010209,0.723335379749515,1,Mg,NS,167
OG0010228,-0.0485603581682343,1,Mg,NS,1073
OG0010255,-0.572875218422425,0.233249965141483,Mg,NS,1809
OG0010275,0.10589912387644664,1,Mg,NS,773
OG0010278,-0.07963381889944346,1,Mg,NS,1136
OG0010283,-0.6891449571594471,0.109081033647019,Mg,NS,1894
OG0010294,0.186658209603235,0.624454532152919,Mg,NS,646
OG0010316,0.3671731107853089,0.29480431236062,Mg,NS,387
OG0010319,0.23692006968087412,1,Mg,NS,555
OG0010338,-0.9113990212802652,0.00573151741344722,Mg,NS,1987
OG0010343,-0.0253555742768942,1,Mg,NS,1019
OG0010347,-1.4873977223413652,0.0704259179736597,Mg,NS,2073
OG0010361,0.5774288280357487,1,Mg,NS,226
OG0010371,0.14937762403822671,0.871267398447627,Mg,NS,700
OG0010376,-0.5182005683342482,0.451043302001224,Mg,NS,1760
OG0010377,-0.46034269857972554,0.187733392157384,Mg,NS,1711
OG0010380,-1.181246438566417,0.00123258757003399,Mg,DOWN,2042
OG0010399,-0.08377362347381145,1,Mg,NS,1153
OG0010445,0.22828403149546145,0.208887771879566,Mg,NS,573
OG0010449,-0.1724443647584205,0.827851112215632,Mg,NS,1302
OG0010453,0.39676758385512634,1,Mg,NS,354
OG0010458,0.7872052224361967,0.208301437770176,Mg,NS,148
OG0010460,-0.1901994170059998,0.353259515168003,Mg,NS,1337
OG0010463,-0.06689803910148585,1,Mg,NS,1112
OG0010474,0.1009878075848268,1,Mg,NS,783
OG0010482,0.6880559936852596,0.00103053123527009,Mg,NS,180
OG0010509,-0.23439931542814504,0.417851042803272,Mg,NS,1410
OG0010555,-0.3665494313183219,0.232739008091004,Mg,NS,1606
OG0010573,0.5120346620371393,1,Mg,NS,276
OG0010590,-0.10805974585745326,1,Mg,NS,1194
OG0010608,-0.40697539983509834,0.523088487876009,Mg,NS,1657
OG0010611,0.8369021748204041,0.127081865883853,Mg,NS,130
OG0010616,0.9802028448791842,0.00721684353763934,Mg,NS,87
OG0010626,-0.632096476312251,0.16615032558652,Mg,NS,1852
OG0010628,0.2005413241686387,0.607923891211723,Mg,NS,620
OG0010634,0.03642775686699192,0.537878929894802,Mg,NS,897
OG0010641,0.9216906034299388,0.0135235665082344,Mg,NS,104
OG0010643,-0.678625829112873,0.0549248047722989,Mg,NS,1886
OG0010651,-0.50520775460608,1,Mg,NS,1746
OG0010652,-0.1770847930151784,1,Mg,NS,1314
OG0010675,0.3693572488136778,0.819823898907546,Mg,NS,382
OG0010678,0.29106527663882437,0.247578098972714,Mg,NS,473
OG0010704,0.6326289343514706,0.0485122932771206,Mg,NS,203
OG0010710,2.1707912248492356,0.108656820825771,Mg,NS,7
OG0010719,-0.04464856741655442,1,Mg,NS,1062
OG0010725,-0.2049624620600814,0.966271761760088,Mg,NS,1368
OG0010730,-0.7604592968331425,0.51062374926907,Mg,NS,1925
OG0010777,1.7255107885747687,0.109376165437587,Mg,NS,24
OG0010784,-0.06832527256419028,1,Mg,NS,1116
OG0010813,-0.4288794244324746,1,Mg,NS,1677
OG0010818,-0.16877681591343174,1,Mg,NS,1295
OG0010824,-0.03710399466273947,1,Mg,NS,1042
OG0010826,-0.9388663492485388,0.118378608131708,Mg,NS,1992
OG0010836,-0.3263085806845123,1,Mg,NS,1539
OG0010840,0.010007173355381,1,Mg,NS,945
OG0010857,-0.1955345141994298,0.783931487899772,Mg,NS,1354
OG0010887,-0.07874674469298436,1,Mg,NS,1134
OG0010907,0.3307089804295721,0.284907463487095,Mg,NS,423
OG0010911,0.2708676059631968,0.502076736367977,Mg,NS,497
OG0010918,0.27328947030606093,1,Mg,NS,493
OG0010944,-0.4188966947344784,0.37828583729872,Mg,NS,1671
OG0010951,-0.04761802023273973,1,Mg,NS,1070
OG0010952,-0.5037387054471836,0.745065533994923,Mg,NS,1743
OG0010953,0.3084322524031393,0.375498254680241,Mg,NS,449
OG0010963,0.8604255509921319,0.0395697887432424,Mg,NS,116
OG0010975,-0.498649787768412,0.0237245845800526,Mg,NS,1735
OG0010982,-0.31075054557587684,0.164718519782104,Mg,NS,1524
OG0010984,-0.6045449707094973,0.298050062196905,Mg,NS,1824
OG0010985,0.2343155887122673,0.991749554311805,Mg,NS,561
OG0011009,0.6181770909755914,1,Mg,NS,209
OG0011010,-0.4979584589788619,0.00239651916248078,Mg,NS,1732
OG0011024,-0.2659412014777973,1,Mg,NS,1451
OG0011026,-0.1937816848245442,1,Mg,NS,1349
OG0011042,-0.08136044571240103,1,Mg,NS,1144
OG0011050,-0.3245956365549971,0.0174566311342528,Mg,NS,1537
OG0011054,0.1928042367534007,1,Mg,NS,638
OG0011056,0.10152422664436854,1,Mg,NS,781
OG0011057,-0.00980595136864876,1,Mg,NS,985
OG0011077,-0.36678233067162275,1,Mg,NS,1607
OG0011089,-1.5264017215055383,5.4524643927092e-4,Mg,DOWN,2078
OG0011105,-0.04230503371999027,1,Mg,NS,1057
OG0011134,0.20624268134311827,1,Mg,NS,613
OG0011143,-0.6569524788801104,0.389457813248991,Mg,NS,1868
OG0011144,-1.6484067298889908,0.00897982573489216,Mg,DOWN,2084
OG0011159,-0.22303273693032857,0.0129108518754783,Mg,NS,1396
OG0011183,-0.44512129207761303,0.478431859015568,Mg,NS,1697
OG0011185,-0.5526910771181425,0.00448690844021707,Mg,NS,1791
OG0011210,-0.9681041900273714,0.0108401728826186,Mg,NS,2001
OG0011226,0.46095783157634235,0.541548333409365,Mg,NS,307
OG0011230,0.30097288849373693,0.102429331884577,Mg,NS,459
OG0011245,0.05112446497767414,1,Mg,NS,873
OG0011261,0.07236022306252149,1,Mg,NS,833
OG0011282,-0.400266844576523,1,Mg,NS,1650
OG0011287,0.01687381856439612,1,Mg,NS,932
OG0011305,0.2846149364193066,1,Mg,NS,476
OG0011325,0.5145731728297582,0.243153624473911,Mg,NS,274
OG0011342,-0.01448633390008029,1,Mg,NS,1001
OG0011351,-0.4037375995419032,1,Mg,NS,1654
OG0011360,0.6937874210339204,0.0774971500267438,Mg,NS,174
OG0011366,0.11356255882319984,1,Mg,NS,758
OG0011376,0.12590037755031444,1,Mg,NS,739
OG0011387,-0.05538039121657925,1,Mg,NS,1088
OG0011388,0.11141063496177354,1,Mg,NS,761
OG0011394,0.545912487874804,0.106052133767156,Mg,NS,249
OG0011420,-0.06523037181604457,1,Mg,NS,1108
OG0011464,0.07324898203063845,1,Mg,NS,830
OG0011466,-0.5490568518386334,1,Mg,NS,1787
OG0011473,-0.22239242133644785,0.858029188733601,Mg,NS,1394
OG0011495,-0.6796180838239377,0.0209152415459558,Mg,NS,1888
OG0011508,-0.1957736765293038,1,Mg,NS,1355
OG0011526,0.43798757897445434,0.30553421621525,Mg,NS,326
OG0011547,-0.963508030249718,0.691141750693654,Mg,NS,2000
OG0011571,0.23064284436742052,0.714860505171964,Mg,NS,567
OG0011586,0.3563435050198206,0.0303382844596412,Mg,NS,397
OG0011590,-0.5692471111874943,0.0119638115471108,Mg,NS,1805
OG0011634,0.39288822201108775,0.116055371103254,Mg,NS,358
OG0011646,-0.06967352780681085,1,Mg,NS,1117
OG0011651,0.25121902075332403,0.502076736367977,Mg,NS,532
OG0011664,0.1102112244821179,1,Mg,NS,765
OG0011707,-0.02748073642210717,1,Mg,NS,1023
OG0011712,0.18659603326959068,0.63342869712555006,Mg,NS,647
OG0011714,-0.6687461128405441,0.118830474107855,Mg,NS,1877
OG0011715,0.05996478898994201,1,Mg,NS,849
OG0011722,0.5226064233755062,0.175297992663066,Mg,NS,263
OG0011723,-0.1501556834631253,1,Mg,NS,1268
OG0011754,-0.03099625290654823,1,Mg,NS,1027
OG0011783,-0.6131725204327578,0.0785773373926651,Mg,NS,1833
OG0011784,-2.3676339492410565,6.4326277822894e-4,Mg,DOWN,2115
OG0011801,-0.1542867425817691,1,Mg,NS,1272
OG0011825,0.852690782545998,0.15953903476453,Mg,NS,118
OG0011831,-0.12745737671450305,0.436726288530596,Mg,NS,1231
OG0011837,-0.3468457270916918,0.531904390138693,Mg,NS,1580
OG0011850,0.5115988835234032,0.270918353563903,Mg,NS,278
OG0011854,-0.3672906052575051,1,Mg,NS,1609
OG0011861,-0.05183054153830951,1,Mg,NS,1081
OG0011875,-1.2957793577519412,0.0685572823277242,Mg,NS,2057
OG0011893,-0.4345701804525443,0.18214962918014,Mg,NS,1683
OG0011910,-0.19034995193231077,0.873176184611093,Mg,NS,1339
OG0011943,-0.7820949696558659,0.703630398525009,Mg,NS,1932
OG0011946,-0.3071613841784502,0.237549816500194,Mg,NS,1513
OG0011947,0.3060419849212846,1,Mg,NS,454
OG0011948,-0.09500359303200658,1,Mg,NS,1168
OG0011966,0.4194624256052187,0.0651469465371177,Mg,NS,338
OG0011982,-1.0515129408378918,0.0385631310372094,Mg,DOWN,2023
OG0011989,0.14078610773923633,1,Mg,NS,719
OG0011991,-0.3314454063107829,0.00692106032251306,Mg,NS,1550
OG0012016,-0.31323081125878083,0.00153886730132139,Mg,NS,1527
OG0012019,0.11818142634831444,1,Mg,NS,751
OG0012021,-0.04619482287860554,1,Mg,NS,1068
OG0012022,-0.31331067728474055,0.36858339382406,Mg,NS,1528
OG0012030,-0.08338489449966104,1,Mg,NS,1150
OG0012032,0.09446468400349252,1,Mg,NS,794
OG0012042,-0.4594316186372972,0.111667255027167,Mg,NS,1709
OG0012045,0.07908683752461299,1,Mg,NS,821
OG0012064,-0.6483043262894082,0.440811968052108,Mg,NS,1866
OG0012079,-0.41189779174827656,0.147143054176181,Mg,NS,1664
OG0012082,0.23043646247660196,1,Mg,NS,568
OG0012092,-0.08080194006327013,1,Mg,NS,1141
OG0012094,0.3718838305243378,0.39049624064353,Mg,NS,380
OG0012112,0.5944786629020156,0.0445114387181735,Mg,NS,219
OG0012127,-1.1490558093947132,0.0388262018135702,Mg,DOWN,2038
OG0012157,-0.7385856898343679,0.13437826221181,Mg,NS,1917
OG0012165,-0.7123205622797113,0.0141942288924414,Mg,NS,1906
OG0012175,-0.5353569547173609,0.105557889740781,Mg,NS,1778
OG0012198,-0.34457001677647364,0.0296254996745904,Mg,NS,1572
OG0012206,-0.00768560819615956,1,Mg,NS,983
OG0012210,-0.31612738751137764,0.0650649228130814,Mg,NS,1529
OG0012213,-0.5003292414875561,0.0102056128535373,Mg,NS,1738
OG0012221,-0.03403975609075994,1,Mg,NS,1035
OG0012223,-0.5083412191182437,0.0952148898571761,Mg,NS,1751
OG0012262,-0.30926485962161004,1,Mg,NS,1519
OG0012263,1.4617897896903558,0.132664765767868,Mg,NS,35
OG0012280,0.366622596209181,1,Mg,NS,388
OG0012287,-0.1936334283550242,0.482857755881416,Mg,NS,1348
OG0012318,-0.16862116489546694,1,Mg,NS,1294
OG0012343,-1.0862998463942204,0.0210692425037708,Mg,DOWN,2028
OG0012355,-0.17336601544751282,0.737377106287766,Mg,NS,1303
OG0012364,0.3280541976842035,0.979354921081588,Mg,NS,426
OG0012391,-0.6286602285751922,0.1138605060438,Mg,NS,1850
OG0012396,-0.12480108101903116,0.72986189426943,Mg,NS,1227
OG0012417,-0.12423592617996636,1,Mg,NS,1225
OG0012426,0.33963009662082116,0.357930223868628,Mg,NS,412
OG0012438,0.11149790199206357,1,Mg,NS,760
OG0012440,0.02581431767434265,1,Mg,NS,914
OG0012452,-2.18985115748511,2.4331549309364e-4,Mg,DOWN,2110
OG0012454,0.07300776677481219,0.75724979880422,Mg,NS,832
OG0012471,0.6533890992949515,0.116087088572354,Mg,NS,191
OG0012476,0.11057110422952748,1,Mg,NS,764
OG0012511,0.508448438845608,0.142421290015935,Mg,NS,281
OG0012514,-0.7845715264133162,0.00132197749647744,Mg,NS,1933
OG0012515,0.5575340121955111,0.178879744799961,Mg,NS,237
OG0012519,0.03509637477636359,1,Mg,NS,898
OG0012528,0.7980254833115099,0.0708929030654939,Mg,NS,141
OG0012538,0.2351198834785002,0.782398518747888,Mg,NS,559
OG0012563,0.3940720788699617,0.0889691120184975,Mg,NS,355
OG0012571,0.293298196357359,0.118524781583745,Mg,NS,467
OG0012581,0.0436857856484657,1,Mg,NS,882
OG0012590,1.258996839160906,0.00609495874089222,Mg,UP,53
OG0012601,-0.30826557622856243,0.822600324624278,Mg,NS,1516
OG0012622,-0.3338637766890898,0.834856696344259,Mg,NS,1556
OG0012634,-0.01870619452969999,1,Mg,NS,1011
OG0012643,0.2577960476305433,0.0423509845255158,Mg,NS,513
OG0012645,-1.1459504233227915,0.0159189376629841,Mg,DOWN,2037
OG0012655,0.696513550428912,0.214006583193679,Mg,NS,173
OG0012675,-0.21137713533304547,0.0489077999049349,Mg,NS,1377
OG0012681,-0.674082004662959,0.16506337881808,Mg,NS,1881
OG0012704,-0.6926763180214094,0.778189930060045,Mg,NS,1898
OG0012719,-0.2822145085871199,0.0244944844522562,Mg,NS,1474
OG0012725,-0.3449456036204113,1,Mg,NS,1573
OG0012731,0.1559181434484331,1,Mg,NS,690
OG0012732,-0.2364969326671811,0.69617725085648,Mg,NS,1414
OG0012739,-0.66086883358012,0.208691338011002,Mg,NS,1870
OG0012748,-0.9209626367656436,0.00341134886912399,Mg,NS,1990
OG0012755,-0.4481738902865885,0.482763460559929,Mg,NS,1698
OG0012785,-0.2814129351486485,1,Mg,NS,1471
OG0012815,0.22239242133644743,1,Mg,NS,587
OG0012846,0.6088367752863493,0.0311009637643631,Mg,NS,212
OG0012852,0.30084233565418955,0.261741750118593,Mg,NS,460
OG0012855,0.0935993670522916,1,Mg,NS,798
OG0012873,0.1555274840978452,1,Mg,NS,691
OG0012875,0.9437625039050976,0.0309134663873446,Mg,NS,97
OG0012906,0.0651323463040912,0.928300798034208,Mg,NS,845
OG0012912,-0.6232906193802555,0.446245338148548,Mg,NS,1846
OG0012924,-0.5151800697219259,1,Mg,NS,1755
OG0012925,0.17359932225184926,1,Mg,NS,667
OG0012958,0.19996137519712065,1,Mg,NS,623
OG0012961,-0.8048082399472577,0.827351916609921,Mg,NS,1948
OG0012985,0.08754451787395712,1,Mg,NS,805
OG0012986,0.5216164498338781,0.144324953217579,Mg,NS,265
OG0013000,0.2173015494128221,1,Mg,NS,596
OG0013019,0.222392421336448,1,Mg,NS,586
OG0013031,-0.1164888068321117,1,Mg,NS,1212
OG0013053,-0.16580206281997553,0.964603460873506,Mg,NS,1287
OG0013056,-0.03867377813356638,1,Mg,NS,1048
OG0013083,-0.61372149370258,0.174220021995244,Mg,NS,1834
OG0013092,0.45523337610446063,1,Mg,NS,313
OG0013143,0.03916599355434674,1,Mg,NS,891
OG0013144,0.2673409613925163,0.282330422088349,Mg,NS,500
OG0013150,-0.1071400219894632,0.0889691120184975,Mg,NS,1192
OG0013165,-0.6612366958651692,6.4326277822894e-4,Mg,NS,1871
OG0013178,-0.22093588911693152,0.0547625082490734,Mg,NS,1390
OG0013186,0.8016772482956535,0.36977830891364,Mg,NS,137
OG0013188,-0.27242290994843366,1,Mg,NS,1460
OG0013207,-0.01623510273479955,1,Mg,NS,1007
OG0013211,-1.3130785123606186,0.108632616679542,Mg,NS,2059
OG0013215,-0.27648512412619525,0.307774704640628,Mg,NS,1464
OG0013219,0.2723886340860475,0.0719750332023845,Mg,NS,495
OG0013235,0.4822979344856136,0.300658156822958,Mg,NS,292
OG0013242,-0.8126752539908679,0.00237658639401067,Mg,NS,1954
OG0013251,-0.10682091936653956,1,Mg,NS,1188
OG0013269,-0.7911345695992734,0.0210692425037708,Mg,NS,1938
OG0013274,-1.4671260104272978,0.0169191970121108,Mg,DOWN,2070
OG0013289,-0.22055107451228032,0.748571020431007,Mg,NS,1389
OG0013328,-0.3295194280927867,1,Mg,NS,1544
OG0013336,-0.263162366722688,0.712564442640907,Mg,NS,1447
OG0013356,0.4761748824718736,0.926593997481595,Mg,NS,295
OG0013364,-0.35619218304094763,0.485988903791425,Mg,NS,1593
OG0013373,-0.5022326046017397,0.249276844374255,Mg,NS,1740
OG0013374,0.06875083249564404,1,Mg,NS,840
OG0013377,-0.3754059469847916,0.0733707684598126,Mg,NS,1619
OG0013384,0.9580059113353728,0.002049611442733,Mg,NS,92
OG0013391,-0.7971633917486923,0.00217222344951281,Mg,NS,1945
OG0013400,-0.04551465925236856,1,Mg,NS,1066
OG0013403,0.04184774724274293,0.629582970034521,Mg,NS,888
OG0013429,-0.03993362698906871,1,Mg,NS,1051
OG0013447,2.380816624539516,5.1311020736422e-4,Mg,UP,4
OG0013485,0.9254627016449404,0.475445308446937,Mg,NS,102
OG0013493,-0.5426084878175189,0.471050535925645,Mg,NS,1785
OG0013524,-0.2126397378554903,1,Mg,NS,1378
OG0013538,-0.12063383302700792,0.8045427633228,Mg,NS,1217
OG0013540,0.6297008154864405,1,Mg,NS,204
OG0013548,0.43861628831604926,0.00497653403413394,Mg,NS,325
OG0013561,0.14492757636492856,1,Mg,NS,712
OG0013568,1.3029032692056064,0.0493253475115423,Mg,UP,50
OG0013575,0.1217159083996925,1,Mg,NS,747
OG0013577,-0.06012099243757107,1,Mg,NS,1097
OG0013578,-0.5215371205795225,0.145799355309224,Mg,NS,1763
OG0013614,0.5662433033745673,0.411643024661462,Mg,NS,232
OG0013633,0.23772750601662024,0.846915124113016,Mg,NS,553
OG0013641,-0.4544886499975677,0.106626036918285,Mg,NS,1705
OG0013645,0.08361051575473297,0.781275672921064,Mg,NS,813
OG0013659,0.3914249420568935,0.448698870013178,Mg,NS,361
OG0013660,-0.20543543132950687,1,Mg,NS,1371
OG0013671,-0.6439168696780327,6.4326277822894e-4,Mg,NS,1862
OG0013678,-0.2310299784995769,1,Mg,NS,1407
OG0013692,1.3868173060619307,0.0116743660963033,Mg,UP,40
OG0013697,2.2404548128082737,3.4843970502847e-4,Mg,UP,5
OG0013727,-0.38352652653362634,1,Mg,NS,1631
OG0013757,0.7936433270473409,0.011463677751649,Mg,NS,144
OG0013764,0.7961711835649282,0.013077684369047,Mg,NS,142
OG0013767,-0.5050008761665638,0.035795413162082,Mg,NS,1745
OG0013768,-0.20496327530854036,1,Mg,NS,1369
OG0013771,-0.2191595964557105,1,Mg,NS,1388
OG0013782,-0.00285117689812355,1,Mg,NS,970
OG0013788,-0.700647136018078,0.214468415523677,Mg,NS,1903
OG0013792,-0.18952295646484613,1,Mg,NS,1335
OG0013818,-0.0061278557365031724,1,Mg,NS,979
OG0013819,-0.05859465391084809,1,Mg,NS,1095
OG0013825,0.1906219461553904,0.8232140113293,Mg,NS,642
OG0013834,-0.7408076604606004,0.509204938222967,Mg,NS,1918
OG0013845,-0.00134894356801855,1,Mg,NS,966
OG0013847,-0.7643583165281052,0.0179290967196826,Mg,NS,1929
OG0013853,0.2719596356132775,0.631628595583646,Mg,NS,496
OG0013856,0.5196560731229843,0.31034276196597,Mg,NS,266
OG0013861,-0.21833835162316817,0.553761966085766,Mg,NS,1386
OG0013863,0.14275149852003963,0.98144331777295,Mg,NS,715
OG0013882,0.11109241246671687,0.0665317767052967,Mg,NS,762
OG0013890,0.38563549927794183,0.576654142661847,Mg,NS,366
OG0013899,-0.12184852264213668,1,Mg,NS,1219
OG0013907,0.22057542482311085,1,Mg,NS,589
OG0013912,-0.0662431447891131,1,Mg,NS,1110
OG0013919,-0.7152572884860395,0.00869621397246158,Mg,NS,1908
OG0013925,0.651353717336731,1,Mg,NS,194
OG0013926,-0.2364731015349479,0.779975488909148,Mg,NS,1413
OG0013941,-0.25894592434791663,0.716777237634798,Mg,NS,1436
OG0013955,-0.5663468225538092,0.160529543847875,Mg,NS,1799
OG0013957,-0.05981628451808368,1,Mg,NS,1096
OG0013987,0.3120491858460731,0.237849292138012,Mg,NS,444
OG0013989,0.19703684705955357,1,Mg,NS,627
OG0014019,-1.8795124532656664,0.00900003165761692,Mg,DOWN,2099
OG0014026,-0.6167674152466845,0.22100578313665,Mg,NS,1836
OG0014030,0.14654282076740208,1,Mg,NS,708
OG0014037,-0.9584153855828804,0.188444171526701,Mg,NS,1997
OG0014041,-0.5174413547702518,0.372264501994348,Mg,NS,1758
OG0014048,-0.05377125644098048,1,Mg,NS,1083
OG0014062,0.19898103472639553,1,Mg,NS,625
OG0014076,0.12215858251158482,1,Mg,NS,746
OG0014077,0.2565364048475237,0.0981765869162441,Mg,NS,517
OG0014078,1.7901926948447784,0.0731351401734513,Mg,NS,22
OG0014095,0.25553687325637775,1,Mg,NS,520
OG0014101,-0.216607044227707,1,Mg,NS,1383
OG0014103,-0.5637426949474565,1,Mg,NS,1797
OG0014108,-2.288512683265979,0.00236359294052761,Mg,DOWN,2114
OG0014118,1.3366977609223287,6.4326277822894e-4,Mg,UP,45
OG0014120,-0.736192652791763,0.0043630363642958,Mg,NS,1916
OG0014125,0.116678629043194,1,Mg,NS,753
OG0014135,-0.01135986216454793,1,Mg,NS,991
OG0014143,-0.3243000624569912,1,Mg,NS,1536
OG0014160,1.9030598804461365,2.4331549309364e-4,Mg,UP,18
OG0014192,1.095974341105857,0.0206525995916461,Mg,UP,71
OG0014218,-0.8110421849375151,0.00140324349710304,Mg,NS,1952
OG0014247,-0.09527528836063764,1,Mg,NS,1170
OG0014256,0.6893672137938063,0.767856702982617,Mg,NS,178
OG0014274,-0.715464524955284,0.0501475408892635,Mg,NS,1909
OG0014297,1.0412357552241047,0.0027095233070011,Mg,UP,79
OG0014329,-0.01793782484412178,1,Mg,NS,1008
OG0014331,0.06278177506250388,1,Mg,NS,848
OG0014334,0.14644878857273233,1,Mg,NS,709
OG0014345,-0.08793162924500476,0.800455062739353,Mg,NS,1159
OG0014364,-0.26182561226421674,0.435896183192033,Mg,NS,1442
OG0014370,-0.4782880870982666,1,Mg,NS,1720
OG0014381,-0.11330457975059947,1,Mg,NS,1205
OG0014382,-0.9858696711651118,0.0415890433178291,Mg,NS,2008
OG0014383,0.2384892879253838,0.206501611580278,Mg,NS,552
OG0014422,0.6517806072937099,0.464422646938571,Mg,NS,192
OG0014448,0.02100029861255215,1,Mg,NS,921
OG0014461,-0.5383589579850936,0.00164383137856795,Mg,NS,1781
OG0014481,-0.02438415862695906,1,Mg,NS,1018
OG0014483,0.5161561010669374,0.426994295781634,Mg,NS,272
OG0014492,-0.693795119970375,1,Mg,NS,1901
OG0014504,0.07817390434372444,1,Mg,NS,824
OG0014511,-0.9695276477757298,0.0208924536229028,Mg,NS,2002
OG0014518,0.2733236652252986,0.292587726920213,Mg,NS,492
OG0014520,-0.3663982436016283,1,Mg,NS,1605
OG0014526,-0.8151211082665051,0.00916138094498115,Mg,NS,1955
OG0014572,-0.06674881785458606,1,Mg,NS,1111
OG0014578,-1.409948622606044,0.00256769703734217,Mg,DOWN,2066
OG0014585,0.12486188367591051,1,Mg,NS,742
OG0014589,0.3509609125359432,1,Mg,NS,399
OG0014628,-0.01286803421729823,1,Mg,NS,997
OG0014638,2.5251249120170405,0.178160654632672,Mg,NS,3
OG0014651,0.7780948933247939,0.0335014673560854,Mg,NS,150
OG0014682,0.3704579888150208,0.480908275622723,Mg,NS,381
OG0014684,-0.7914133781885824,0.00457488353129619,Mg,NS,1939
OG0014707,-0.31042809250405795,1,Mg,NS,1522
OG0014766,0.2750614898493882,0.5295318383053,Mg,NS,489
OG0014768,-0.1920613453668057,1,Mg,NS,1345
OG0014773,1.306513042500675,0.0300660215552236,Mg,UP,49
OG0014783,-0.18997094364407044,1,Mg,NS,1336
OG0014809,-0.7189246238983694,1,Mg,NS,1910
OG0014829,-0.4805855641007424,0.502947658891981,Mg,NS,1722
OG0014852,-0.7962511121196172,0.475445308446937,Mg,NS,1943
OG0014874,-0.02124773370403935,1,Mg,NS,1012
OG0014898,-0.35131655086673036,0.510750085194968,Mg,NS,1587
OG0014938,-0.19125506430669503,1,Mg,NS,1343
OG0014972,-0.09603733659624868,1,Mg,NS,1173
OG0014976,-0.18899286840526217,1,Mg,NS,1334
OG0014979,-0.2817036172778642,0.793224563831964,Mg,NS,1472
OG0014995,-0.03753761591865705,1,Mg,NS,1043
OG0015001,0.8386439075672877,0.0518471376487592,Mg,NS,129
OG0015013,0.2915307424528528,1,Mg,NS,471
OG0015022,0.24530131990877124,1,Mg,NS,542
OG0015023,-0.04380102786360952,1,Mg,NS,1059
OG0015024,0.39796398591990234,1,Mg,NS,353
OG0015043,-0.00878546889486707,1,Mg,NS,984
OG0015052,-0.04028359546534785,1,Mg,NS,1052
OG0015055,0.05223712297595368,1,Mg,NS,871
OG0015087,0.9102548296418952,0.11965824525703,Mg,NS,106
OG0015093,-0.3107875372821622,1,Mg,NS,1525
OG0015100,0.4856790686327058,0.975326520608619,Mg,NS,288
OG0015113,-0.16934896029236005,1,Mg,NS,1296
OG0015124,-0.13699606857731317,1,Mg,NS,1252
OG0015134,0.6914828243721981,0.160938813103999,Mg,NS,176
OG0015160,0.19095518962944244,1,Mg,NS,639
OG0015161,-0.19389977728881336,1,Mg,NS,1350
OG0015171,0.43153170301224864,0.970043633759695,Mg,NS,331
OG0015177,0.05709544003354599,1,Mg,NS,856
OG0015182,0.2803538820338202,1,Mg,NS,480
OG0015213,0.3810901673555062,0.307118065318905,Mg,NS,371
OG0015249,0.1629818011821199,1,Mg,NS,680
OG0015255,0.1969905482183603,1,Mg,NS,628
OG0015264,0.31426435818919285,1,Mg,NS,441
OG0015271,0.5083412191182436,0.254547690397049,Mg,NS,282
OG0015284,-0.41695470227313464,0.510515045440233,Mg,NS,1669
OG0015299,-0.41193254334208007,0.637819009951937,Mg,NS,1665
OG0015309,0.26953540473559096,0.475445308446937,Mg,NS,499
OG0015322,-0.19978780200427737,0.584928390776338,Mg,NS,1360
OG0015342,0.9520721586865004,6.4326277822894e-4,Mg,NS,94
OG0015352,0.4071236284148814,0.0203945217551609,Mg,NS,343
OG0015368,0.10166375480718712,0.787258502502694,Mg,NS,780
OG0015370,0.7151612238478577,0.0217363350781114,Mg,NS,170
OG0015372,-1.518250001939108,0.00469418739493394,Mg,DOWN,2077
OG0015393,0.9974600432860292,0.13091535408427,Mg,NS,85
OG0015397,0.08173075584632594,1,Mg,NS,817
OG0015401,-0.6840883042881835,0.010812678756102,Mg,NS,1890
OG0015409,0.4256455988448245,0.83192636066036,Mg,NS,336
OG0015413,0.2018620880999208,0.10572521531128,Mg,NS,619
OG0015446,-0.1315184193808103,0.139777644800376,Mg,NS,1244
OG0015452,0.09003220086247274,1,Mg,NS,803
OG0015453,0.8662087846114009,0.0477380616302511,Mg,NS,114
OG0015455,-0.37903254582335,0.619674246715114,Mg,NS,1623
OG0015456,0.25089384296158174,1,Mg,NS,533
OG0015458,0.31384574858950387,0.509716056923135,Mg,NS,442
OG0015464,-0.6298999057350182,0.0340036355413433,Mg,NS,1851
OG0015470,-0.1606022223712488,1,Mg,NS,1281
OG0015473,0.09953567355091436,0.582753075642962,Mg,NS,786
OG0015474,0.12853595813433777,1,Mg,NS,732
OG0015479,-0.3044406681585214,1,Mg,NS,1506
OG0015482,1.42449782852791,0.021131356102808,Mg,UP,36
OG0015502,0.1678944662149412,1,Mg,NS,675
OG0015513,0.602627344970913,0.00573151741344722,Mg,NS,215
OG0015579,-0.07841965673191939,1,Mg,NS,1133
OG0015602,0.08623239764407889,1,Mg,NS,809
OG0015605,0.4820337459862798,0.521983392924169,Mg,NS,293
OG0015612,-0.6421579023026993,0.149395113840085,Mg,NS,1858
OG0015628,0.27414971832694296,0.310030504191368,Mg,NS,490
OG0015629,0.5461251552570232,0.0141942288924414,Mg,NS,248
OG0015654,0.1940435653552587,1,Mg,NS,637
OG0015676,-0.7784660702335967,0.00103542318374143,Mg,NS,1930
OG0015705,-0.17199456863251578,0.230326960637851,Mg,NS,1301
OG0015706,0.01059835834006286,1,Mg,NS,943
OG0015710,-0.04580368961312479,1,Mg,NS,1067
OG0015752,0.01699615083427542,1,Mg,NS,931
OG0015774,-0.9136950757587744,0.0137764193532158,Mg,NS,1988
OG0015781,-0.4581772102103951,0.449932937306536,Mg,NS,1708
OG0015799,2.022619601684521,6.4326277822894e-4,Mg,UP,13
OG0015805,0.1250881610441158,1,Mg,NS,741
OG0015810,-0.01375517242903509,1,Mg,NS,999
OG0015817,-0.6063361515137231,0.00339641909835219,Mg,NS,1825
OG0015832,0.08648705829742283,1,Mg,NS,807
OG0015844,-0.5297329800007641,0.957194785448749,Mg,NS,1770
OG0015846,0.1397477996096566,0.0322267854309138,Mg,NS,721
OG0015869,-0.04851793628934896,1,Mg,NS,1071
OG0015872,0.7612585074681503,0.036378906553673,Mg,NS,155
OG0015902,-0.06355239890941612,1,Mg,NS,1102
OG0015904,0.19444882275858855,1,Mg,NS,635
OG0015923,-0.01217471394610221,1,Mg,NS,993
OG0015932,0.8472907891583166,0.0998873517217737,Mg,NS,121
OG0015948,0.376802717007322,0.010812678756102,Mg,NS,375
OG0015967,-0.04098526412452438,1,Mg,NS,1054
OG0015977,0.25609835862341745,0.242744975700834,Mg,NS,518
OG0015978,0.0302755832418373,1,Mg,NS,903
OG0015988,-0.28716267672668566,0.204195914827509,Mg,NS,1482
OG0015990,0.41077432748632126,0.0381257243807204,Mg,NS,341
OG0016020,-0.13693564535610803,1,Mg,NS,1250
OG0016022,-0.5172756932095817,1,Mg,NS,1757
OG0016049,0.2300388353997028,1,Mg,NS,570
OG0016070,-0.33173711667059125,1,Mg,NS,1551
OG0016079,0.23695528309167124,0.364418466749934,Mg,NS,554
OG0016084,0.15113820537168218,0.643518855112649,Mg,NS,697
OG0016106,0.398788147633769,1,Mg,NS,352
OG0016110,0.8009665940950567,1,Mg,NS,138
OG0016115,0.10633123505976771,0.982244658203084,Mg,NS,771
OG0016134,-0.06711419585853691,1,Mg,NS,1113
OG0016141,-0.13521534715466454,0.850331250462493,Mg,NS,1247
OG0016166,0.918589155608397,6.4326277822894e-4,Mg,NS,105
OG0016167,0.3595199830247581,0.473010213540435,Mg,NS,393
OG0016178,0.1270319202378796,1,Mg,NS,736
OG0016184,0.07638159429211562,1,Mg,NS,828
OG0016187,-0.6019002246272337,0.112140354934023,Mg,NS,1822
OG0016199,0.24516220394830024,1,Mg,NS,543
OG0016204,0.5279315556847773,0.379178837571394,Mg,NS,254
OG0016225,-1.0267074461637486,0.0918193657330875,Mg,NS,2017
OG0016230,0.01325370882814601,0.999727537884054,Mg,NS,937
OG0016233,-0.08246216019197299,1,Mg,NS,1147
OG0016234,-0.08253952271663913,1,Mg,NS,1148
OG0016244,-0.506904443836018,0.0445018910975303,Mg,NS,1750
OG0016284,0.03024255708979329,1,Mg,NS,904
OG0016285,-0.525853339328917,0.50187138793345,Mg,NS,1769
OG0016289,-0.8816800328112387,0.0117622797871542,Mg,NS,1974
OG0016313,-0.9892735934069412,0.0384397988832247,Mg,NS,2010
OG0016317,0.01810938055173162,1,Mg,NS,928
OG0016331,-0.18590034830904847,0.0806907572603108,Mg,NS,1329
OG0016352,-0.33257533908687076,0.651039398553475,Mg,NS,1552
OG0016362,0.19498157804965255,0.257900159523093,Mg,NS,633
OG0016401,-0.5344630187135154,0.0142875354338088,Mg,NS,1776
OG0016409,0.24091066290220509,1,Mg,NS,549
OG0016410,-0.28578353115226757,0.0225421730926436,Mg,NS,1476
OG0016427,0.2309039211919656,1,Mg,NS,566
OG0016428,0.10962449117449852,1,Mg,NS,766
OG0016446,-0.18279960940278112,1,Mg,NS,1327
OG0016452,-0.6272476460349552,0.111975822227708,Mg,NS,1849
OG0016454,0.30666133823405195,0.922729037288503,Mg,NS,452
OG0016462,-0.6170846513031114,0.0340623299763717,Mg,NS,1837
OG0016482,-0.3937052969030029,0.446245338148548,Mg,NS,1639
OG0016498,-0.07698211740701948,1,Mg,NS,1132
OG0016503,0.43341602859369827,0.0904021332118366,Mg,NS,328
OG0016508,0.600093769342319,0.964603460873506,Mg,NS,216
OG0016519,-0.4004951520106463,1,Mg,NS,1652
OG0016531,-0.07435544432611936,1,Mg,NS,1126
OG0016538,-0.01095921198986657,1,Mg,NS,989
OG0016556,0.31959300663943296,1,Mg,NS,437
OG0016574,-0.5320250957318584,0.0752974821934874,Mg,NS,1772
OG0016578,0.9316326696938138,0.0274808455651435,Mg,NS,100
OG0016579,-0.105979785974846,1,Mg,NS,1185
OG0016587,-0.30630711429949287,1,Mg,NS,1510
OG0016591,-0.00582907880219771,1,Mg,NS,978
OG0016637,-0.06380051070172274,1,Mg,NS,1104
OG0016646,-0.985135237279042,4.6552747012636e-4,Mg,NS,2007
OG0016653,0.1840830644389719,1,Mg,NS,651
OG0016656,0.3396498648471406,0.951439314146047,Mg,NS,411
OG0016671,-0.10298194581587534,1,Mg,NS,1181
OG0016677,-0.12451454175236584,1,Mg,NS,1226
OG0016679,-0.3995411629556759,0.463558661786786,Mg,NS,1649
OG0016682,-0.20893419635767221,1,Mg,NS,1374
OG0016694,-0.10314692710329326,1,Mg,NS,1182
OG0016699,0.1961425221786228,1,Mg,NS,630
OG0016726,0.5238296091991596,0.0636509403632863,Mg,NS,259
OG0016742,-0.18412920926908308,0.777190815687892,Mg,NS,1328
OG0016748,-0.4425075567045229,0.248296974666433,Mg,NS,1693
OG0016778,-0.5722514489716021,0.146737317214684,Mg,NS,1808
OG0016780,-0.7087268893298883,0.0148461877022521,Mg,NS,1905
OG0016786,0.33551106716028734,1,Mg,NS,417
OG0016788,-1.6071281565236244,4.2990631841988e-4,Mg,DOWN,2082
OG0016823,0.6895481465004881,0.18954220093343,Mg,NS,177
OG0016829,0.29130213085659895,0.879674320303938,Mg,NS,472
OG0016831,-0.8626919501397875,0.00140324349710304,Mg,NS,1970
OG0016843,0.2602492794072558,0.382073157911425,Mg,NS,512
OG0016845,-1.2288186904958809,0.370949655855603,Mg,NS,2050
OG0016852,0.01588990192958576,1,Mg,NS,933
OG0016860,0.7530295559428862,0.0748453703933983,Mg,NS,158
OG0016873,0.5613692514388272,0.0308887202013343,Mg,NS,236
OG0016893,-0.438121112391885,0.626931975161319,Mg,NS,1686
OG0016903,-0.00401306250662335,1,Mg,NS,972
OG0016905,-0.3222227930889567,0.0679146165036325,Mg,NS,1534
OG0016916,-0.3961869692404118,0.530919175050488,Mg,NS,1643
OG0016950,-0.3022776101557111,1,Mg,NS,1499
OG0016958,-0.07673085476522463,1,Mg,NS,1130
OG0016960,-0.7960736401943308,0.00916138094498115,Mg,NS,1942
OG0016973,1.9678726797234425,0.00352353423848714,Mg,UP,15
OG0016974,-0.5884812708579521,0.471660843221369,Mg,NS,1815
OG0016993,-0.29333907756186883,0.720259837700556,Mg,NS,1488
OG0017005,-2.1588366542952007,0.131022647627997,Mg,NS,2108
OG0017012,-0.6753539106593408,6.4326277822894e-4,Mg,NS,1885
OG0017014,0.26619474672712196,0.396632528804691,Mg,NS,503
OG0017023,0.09264928796567426,1,Mg,NS,800
OG0017026,-1.3755456105372723,0.0288847455303857,Mg,DOWN,2063
OG0017037,0.20032647998286404,1,Mg,NS,622
OG0017062,-0.7891806797173463,0.0181244278640137,Mg,NS,1936
OG0017067,1.8749205243781744,0.0153419102676541,Mg,UP,19
OG0017082,0.13737872853850006,1,Mg,NS,722
OG0017095,-0.25974527350940796,0.949684435187422,Mg,NS,1438
OG0017114,0.6450371258688457,0.0477061806322599,Mg,NS,198
OG0017118,-0.6461184526945886,0.0405449265201425,Mg,NS,1864
OG0017121,-0.3252141974262197,0.0727218763348002,Mg,NS,1538
OG0017142,-0.05123910761449128,1,Mg,NS,1079
OG0017157,-0.1815210023011541,0.101168181070509,Mg,NS,1325
OG0017164,0.32053158433287515,0.819823898907546,Mg,NS,436
OG0017165,-0.01548524749741877,1,Mg,NS,1004
OG0017172,-0.6076443048799529,0.102887918327367,Mg,NS,1827
OG0017181,-1.2055966430906733,8.0385908557062e-4,Mg,DOWN,2045
OG0017194,-0.8570612022746827,0.0100985002615099,Mg,NS,1967
OG0017201,0.0241124561168075,1,Mg,NS,918
OG0017278,-1.2514064035809542,0.132791126383907,Mg,NS,2052
OG0017282,0.2515387669959644,1,Mg,NS,529
OG0017284,0.4443690313888921,0.288077744115669,Mg,NS,323
OG0017322,-0.6401737082650312,0.62370847089714,Mg,NS,1855
OG0017331,0.01991401453115372,1,Mg,NS,924
OG0017379,0.30741764189714105,0.166371897188489,Mg,NS,451
OG0017410,-0.18606918524998992,0.532098231621232,Mg,NS,1331
OG0017429,-0.4118135984045576,0.128041439253096,Mg,NS,1663
OG0017439,0.523128101953094,0.987579500145606,Mg,NS,261
OG0017457,-0.08130010210184817,1,Mg,NS,1143
OG0017492,0.02506803423751077,1,Mg,NS,916
OG0017500,1.3745387743060575,0.241303329152586,Mg,NS,42
OG0017506,0.9342622027583988,0.00155735418055472,Mg,NS,98
OG0017510,-0.4888113337518096,0.398431466367093,Mg,NS,1726
OG0017526,0.2816316247111239,1,Mg,NS,479
OG0017528,-0.00479035871518668,1,Mg,NS,974
OG0017529,0.6814231146122753,0.00140287466346875,Mg,NS,182
OG0017553,-0.2370391973008493,1,Mg,NS,1415
OG0017555,0.14181202344538926,0.60925413896635,Mg,NS,716
OG0017608,0.5944305907553995,0.150401858216643,Mg,NS,220
OG0017614,-0.3679172089645801,0.215906143294675,Mg,NS,1610
OG0017649,-0.3662931654274258,0.0310349837951388,Mg,NS,1604
OG0017654,-1.673771767679012,0.0019309189165595,Mg,DOWN,2088
OG0017656,-0.3343767715823591,0.342907483034616,Mg,NS,1557
OG0017663,-0.43020248872094313,0.035063182513357,Mg,NS,1679
OG0017679,0.7643420330975114,0.005990292330596,Mg,NS,154
OG0017681,0.3034799315522035,1,Mg,NS,456
OG0017682,-0.25589341878055283,0.936506900911105,Mg,NS,1430
OG0017689,-0.1874162830934731,0.587476195268078,Mg,NS,1333
OG0017729,-0.42794687353127736,0.0683514005833703,Mg,NS,1676
OG0017733,-0.66228324198015,0.0264385578823581,Mg,NS,1872
OG0017750,0.4654988341195848,0.144783431308528,Mg,NS,305
OG0017767,0.17760449958961003,1,Mg,NS,664
OG0017768,0.4823108539483855,0.436726288530596,Mg,NS,291
OG0017770,0.3251998508406009,1,Mg,NS,430
OG0017788,0.617530363177587,0.783228757679282,Mg,NS,211
OG0017791,-0.03461375508133712,1,Mg,NS,1036
OG0017802,-0.10265946324677662,1,Mg,NS,1179
OG0017818,0.09582890574507336,1,Mg,NS,792
OG0017831,-0.8191566475189168,0.0176436725777106,Mg,NS,1957
OG0017836,-0.984914170234941,0.307169835169559,Mg,NS,2006
OG0017841,-0.25174633408371005,1,Mg,NS,1426
OG0017851,0.33240957875568544,0.131132564377175,Mg,NS,419
OG0017872,-0.3037105980879825,1,Mg,NS,1502
OG0017889,0.3917468492926248,0.881829824098798,Mg,NS,360
OG0017896,-0.18057224564182092,1,Mg,NS,1320
OG0017906,-0.6427831551094986,1,Mg,NS,1859
OG0017934,-0.3754539851451102,0.145092810617267,Mg,NS,1620
OG0017941,0.257015482324274,1,Mg,NS,515
OG0017943,0.1565470185899983,1,Mg,NS,688
OG0017944,0.3150566181820762,0.969286606020446,Mg,NS,440
OG0017951,0.13103340846167766,1,Mg,NS,730
OG0017964,-0.09672865157774792,1,Mg,NS,1174
OG0017967,-0.12083918675913684,1,Mg,NS,1218
OG0017969,-1.476394272191565,0.0263983464677168,Mg,DOWN,2072
OG0017978,0.113548296248959,0.71738269640582,Mg,NS,759
OG0017986,0.1793418020355604,1,Mg,NS,659
OG0017995,-0.33646418804524275,1,Mg,NS,1559
OG0018010,-0.9587690401766992,0.224720737186398,Mg,NS,1998
OG0018027,0.04070482101561121,1,Mg,NS,889
OG0018028,1.1465203971073687,0.00360593205897966,Mg,UP,63
OG0018053,0.3098675706436646,1,Mg,NS,447
OG0018059,0.05595640597401508,1,Mg,NS,858
OG0018061,-0.05293213081485155,1,Mg,NS,1082
OG0018068,-0.4185156705127844,0.0893428796554405,Mg,NS,1670
OG0018070,0.07157146848044815,1,Mg,NS,836
OG0018071,0.22688540236082855,1,Mg,NS,576
OG0018077,-0.02414608733170259,0.026328985580337,Mg,NS,1017
OG0018092,0.24689783728845097,1,Mg,NS,539
OG0018097,-0.08780638096880762,1,Mg,NS,1158
OG0018121,0.10456894312429452,1,Mg,NS,774
OG0018133,0.08100415598411193,1,Mg,NS,818
OG0018134,-0.2763312284472518,1,Mg,NS,1463
OG0018143,-0.16302449953630202,1,Mg,NS,1284
OG0018173,-0.11315895741488924,1,Mg,NS,1204
OG0018184,0.3417936241965776,0.358118042714232,Mg,NS,406
OG0018246,0.1811826518455065,1,Mg,NS,656
OG0018252,0.09408562753071968,1,Mg,NS,796
OG0018257,0.18625863528273448,0.989419094746351,Mg,NS,648
OG0018262,-0.00485103026287471,1,Mg,NS,975
OG0018277,0.1352329700332626,1,Mg,NS,725
OG0018286,0.3796732135265374,0.0474070094120062,Mg,NS,373
OG0018308,-0.8555229108575118,0.475445308446937,Mg,NS,1966
OG0018330,1.152859731372018,6.4326277822894e-4,Mg,UP,62
OG0018341,-1.4698205988264694,0.803233795938882,Mg,NS,2071
OG0018363,0.4030877428221322,0.114727052996177,Mg,NS,349
OG0018391,-0.3083773912945479,0.971733292637351,Mg,NS,1517
OG0018392,0.6176937025540296,0.454920191739885,Mg,NS,210
OG0018412,-0.01854206000940443,1,Mg,NS,1009
OG0018416,-0.6182685873383346,0.494576355703805,Mg,NS,1840
OG0018431,-0.24655926865758945,0.473507339642189,Mg,NS,1422
OG0018454,0.8428750852215726,0.122160622766307,Mg,NS,126
OG0018463,-0.2963930027802248,1,Mg,NS,1492
OG0018482,0.10120256575355242,1,Mg,NS,782
OG0018490,-0.46021990480984026,0.712146101509059,Mg,NS,1710
OG0018491,-0.0925797945427973,1,Mg,NS,1167
OG0018497,-0.10051123655949942,1,Mg,NS,1178
OG0018526,-0.37863589174434353,1,Mg,NS,1622
OG0018543,-0.6449804913351807,0.895613059817722,Mg,NS,1863
OG0018545,0.3014182280794903,0.632707596728823,Mg,NS,458
OG0018555,-0.08471695883936907,1,Mg,NS,1156
OG0018598,-0.10691520391651224,1,Mg,NS,1190
OG0018627,-0.09084570726492906,1,Mg,NS,1164
OG0018628,0.23861093189457597,1,Mg,NS,551
OG0018642,-1.2932211264326698,0.00794867563694104,Mg,DOWN,2056
OG0018648,-0.3688290698563905,0.225465872856122,Mg,NS,1612
OG0018706,-0.119731464111282,1,Mg,NS,1216
OG0018713,-0.5598485309836027,0.279080413428058,Mg,NS,1795
OG0018720,0.05355596533731123,1,Mg,NS,864
OG0018736,-0.6253419622369956,0.116630869120745,Mg,NS,1848
OG0018765,0.2112649712563353,0.399012293945124,Mg,NS,607
OG0018766,-0.003087128365976825,1,Mg,NS,971
OG0018769,0.19440434316520935,1,Mg,NS,636
OG0018776,-0.2382949159290765,0.53725302801706,Mg,NS,1416
OG0018783,1.0764858448333714,0.330048506393247,Mg,NS,74
OG0018790,-0.9463952564041658,8.2963782266513e-4,Mg,NS,1994
OG0018794,-0.07217153323340747,1,Mg,NS,1124
OG0018827,-0.13489545728330926,1,Mg,NS,1246
OG0018835,0.22653958923969497,0.605099577205111,Mg,NS,579
OG0018842,-0.29209441168414063,0.748697277236521,Mg,NS,1485
OG0018843,-0.08098884103464545,1,Mg,NS,1142
OG0018850,0.8724641963757066,6.4326277822894e-4,Mg,NS,111
OG0018892,0.2513882824812886,0.39671232491482,Mg,NS,530
OG0018893,-0.06291420732925147,1,Mg,NS,1099
OG0018902,0.36838740598002256,1,Mg,NS,385
OG0018907,0.27722828741654804,1,Mg,NS,485
OG0018913,-1.793755383886973,0.186475473342818,Mg,NS,2094
OG0018926,-0.05004068249959562,1,Mg,NS,1077
OG0018934,-0.24844318116956257,0.891015903159346,Mg,NS,1424
OG0018947,0.5822118897051214,0.603423075124309,Mg,NS,225
OG0018954,-0.18675693294737797,1,Mg,NS,1332
OG0018971,-0.01576731585831667,1,Mg,NS,1005
OG0018981,-0.33075966185108335,1,Mg,NS,1548
OG0018983,0.1544862701743161,1,Mg,NS,694
OG0019003,0.8821635097061419,0.00479754381484678,Mg,NS,110
OG0019006,-0.333618705688579,0.230001826472182,Mg,NS,1554
OG0019021,-2.616583259624621,0.00242571539901364,Mg,DOWN,2119
OG0019055,-0.4412610046058445,0.698928623467801,Mg,NS,1692
OG0019061,0.00597390104463287,1,Mg,NS,955
OG0019065,0.5228179792252842,0.520409710007204,Mg,NS,262
OG0019070,0.2226007978863716,1,Mg,NS,585
OG0019071,0.00449671545621155,1,Mg,NS,958
OG0019072,-0.1453344997016857,0.496011239495507,Mg,NS,1261
OG0019078,-0.41014202447327786,0.458515479102363,Mg,NS,1661
OG0019080,0.25520537537959276,1,Mg,NS,521
OG0019086,0.6241899048469144,0.00596640905892817,Mg,NS,208
OG0019133,-0.4099197392441963,1,Mg,NS,1660
OG0019135,-0.04412255323230767,1,Mg,NS,1061
OG0019164,0.17166779174220603,0.963565826431647,Mg,NS,668
OG0019183,0.0825670643942288,1,Mg,NS,816
OG0019193,-0.31044123287479486,1,Mg,NS,1523
OG0019214,0.177642914603149,1,Mg,NS,663
OG0019220,-0.07995530458139799,1,Mg,NS,1138
OG0019229,-0.15849242986164103,1,Mg,NS,1278
OG0019233,0.18098465043013312,0.559992657763367,Mg,NS,657
OG0019237,-1.4887315265462595,0.02481133735476,Mg,DOWN,2074
OG0019258,0.3502140232424575,0.226111122939862,Mg,NS,401
OG0019271,0.11917662721377666,1,Mg,NS,749
OG0019275,-0.05561397521099937,1,Mg,NS,1089
OG0019280,-0.08182008590307627,1,Mg,NS,1145
OG0019301,-1.6593545338132143,0.244914240957022,Mg,NS,2085
OG0019304,-0.0214873446166263,1,Mg,NS,1013
OG0019316,-0.1916717089360207,1,Mg,NS,1344
OG0019331,0.2297793243527793,1,Mg,NS,571
OG0019335,0.18851594869804064,0.990742694984862,Mg,NS,644
OG0019350,0.05370452730501289,1,Mg,NS,863
OG0019355,1.7110967936803845,0.0484562063099587,Mg,UP,25
OG0019357,0.05246741989413548,1,Mg,NS,869
OG0019380,-0.8900411345307635,0.0384397988832247,Mg,NS,1976
OG0019390,0.2946325449157875,1,Mg,NS,465
OG0019397,-0.27460870844942986,1,Mg,NS,1461
OG0019400,-0.8433840877865775,0.0494018962674656,Mg,NS,1961
OG0019417,-1.7709025547856616,0.00230457829653573,Mg,DOWN,2093
OG0019432,-0.429167828113732,0.735381250538762,Mg,NS,1678
OG0019438,0.11735695063815874,1,Mg,NS,752
OG0019448,-0.6209908099053703,0.118830474107855,Mg,NS,1844
OG0019453,0.4126083102205148,0.431649649696098,Mg,NS,340
OG0019456,0.420247275115489,0.313176630700474,Mg,NS,337
OG0019460,-1.1817551289041313,0.0151202763393429,Mg,DOWN,2043
OG0019469,0.8630333596058443,0.00173885000751636,Mg,NS,115
OG0019493,0.8211827759128913,0.0150609215632764,Mg,NS,135
OG0019495,-0.7314060688243058,0.00457488353129619,Mg,NS,1914
OG0019520,0.7652998626285601,0.0485122932771206,Mg,NS,153
OG0019524,0.4995039198773629,0.049697559490011,Mg,NS,286
OG0019535,0.7394296341176869,0.0335365227865821,Mg,NS,162
OG0019544,-0.6090749568379635,0.0406463316602763,Mg,NS,1828
OG0019559,-0.14941029043410922,1,Mg,NS,1267
OG0019575,0.7356905653241443,0.0500281682370629,Mg,NS,163
OG0019584,-0.3554307058372957,0.612211263612709,Mg,NS,1591
OG0019589,0.17874519444146603,0.279080413428058,Mg,NS,661
OG0019613,0.32192809488736235,0.661963057612363,Mg,NS,433
OG0019616,-0.5023138132755924,0.0897430700186953,Mg,NS,1741
OG0019628,-0.350483718499394,0.332869370565696,Mg,NS,1586
OG0019635,-0.0106159054491757,1,Mg,NS,988
OG0019640,-0.5035966770000359,0.0151542640487731,Mg,NS,1742
OG0019647,-0.32972100492366446,0.0191992103298171,Mg,NS,1545
OG0019651,-0.3487738237343368,0.0673589474125461,Mg,NS,1582
OG0019653,-0.7565848674465099,0.50187138793345,Mg,NS,1922
OG0019661,-0.14298028399010537,0.953611801738491,Mg,NS,1259
OG0019666,0.05325430596250347,1,Mg,NS,865
OG0019705,-0.3076920895917698,0.757880499001506,Mg,NS,1515
OG0019709,0.95152292689177,0.0939542632825179,Mg,NS,95
OG0019715,0.8457993508507042,0.265069912470889,Mg,NS,123
OG0019728,-0.4162432620242407,0.00624795524251687,Mg,NS,1667
OG0019764,0.45923013898598314,0.00566534462708469,Mg,NS,308
OG0019766,1.1071957110707489,0.163656437913265,Mg,NS,69
OG0019770,0.199183530779694,0.464386309999788,Mg,NS,624
OG0019801,-0.09592441999853524,1,Mg,NS,1172
OG0019810,-0.4108305122167915,0.612375315640265,Mg,NS,1662
OG0019823,-0.13581385534571977,1,Mg,NS,1248
OG0019827,-0.11826888803151396,1,Mg,NS,1214
OG0019844,-0.6125747319290161,0.568516310391384,Mg,NS,1832
OG0019881,-0.7946042200341502,0.0390124153176146,Mg,NS,1940
OG0019883,0.6041204375275145,0.118830474107855,Mg,NS,214
OG0019906,-0.06426972151149953,1,Mg,NS,1106
OG0019921,0.05321242630453727,1,Mg,NS,866
OG0019941,-0.13118168033464417,0.918968000756402,Mg,NS,1243
OG0019942,-1.1730242401011988,0.00175676489295078,Mg,DOWN,2041
OG0019947,-0.28706933767571086,0.385662503334075,Mg,NS,1481
OG0019950,0.24728929399460653,1,Mg,NS,538
OG0019958,0.02896822416526111,1,Mg,NS,908
OG0019977,-0.689212462717838,0.00515257821726118,Mg,NS,1895
OG0019981,-0.18057224564182092,1,Mg,NS,1320
OG0019987,0.12844836546615335,1,Mg,NS,733
OG0019989,-0.14796758020989323,1,Mg,NS,1266
OG0020022,-1.2104197796703722,0.0443074892143434,Mg,DOWN,2046
OG0020036,-1.1206413065625658,0.497543785158093,Mg,NS,2033
OG0020037,0.6456156933965705,0.0294085483264975,Mg,NS,197
OG0020045,-0.03944522371458527,1,Mg,NS,1050
OG0020059,0.01380579952503074,1,Mg,NS,936
OG0020087,-0.13767187605083037,1,Mg,NS,1254
OG0020109,-0.6793960860600194,0.1138605060438,Mg,NS,1887
OG0020116,-1.022665991729081,0.0100017691475013,Mg,DOWN,2015
OG0020137,-0.254053616240427,1,Mg,NS,1427
OG0020145,0.15514316064226577,0.477683252329382,Mg,NS,692
OG0020173,0.3261037708585556,0.501705929391508,Mg,NS,428
OG0020174,-0.35429320834051903,0.0596825951509448,Mg,NS,1588
OG0020183,-0.6398244357556746,0.351439946323718,Mg,NS,1854
OG0020214,0.5505654929406453,0.200918835515078,Mg,NS,244
OG0020215,-0.1428347781714546,1,Mg,NS,1258
OG0020218,0.21800615028442705,0.00352353423848714,Mg,NS,593
OG0020225,0.2482478631819705,0.567091489585359,Mg,NS,536
OG0020242,0.15063658134582986,1,Mg,NS,698
OG0020253,0.2752576614567049,1,Mg,NS,488
OG0020254,0.00838169411095006,1,Mg,NS,951
OG0020257,0.7699131868735513,0.386783545405263,Mg,NS,151
OG0020258,0.01045435763716612,1,Mg,NS,944
OG0020263,0.27676292571443745,0.798993422529624,Mg,NS,487
OG0020277,-0.32358351106542416,1,Mg,NS,1535
OG0020282,0.06835773363156111,1,Mg,NS,842
OG0020283,0.07381584553970381,1,Mg,NS,829
OG0020284,-0.5357073859191022,0.0127081216759465,Mg,NS,1779
OG0020304,0.2539461461865219,0.158897131527714,Mg,NS,526
OG0020331,-0.9364203165549164,0.0254695062913549,Mg,NS,1991
OG0020359,0.5236300607158824,0.165646770137006,Mg,NS,260
OG0020368,0.33961999968909745,1,Mg,NS,413
OG0020371,-0.8759233430066876,0.00690804377038749,Mg,NS,1973
OG0020405,0.2603896845782303,1,Mg,NS,511
OG0020451,-0.02339184835422832,1,Mg,NS,1015
OG0020455,-0.5348772692848471,0.12224106524979,Mg,NS,1777
OG0020490,0.5102503897028137,0.982244658203084,Mg,NS,280
OG0020497,0.4756151045327953,1,Mg,NS,296
OG0020503,-0.03885092897135787,1,Mg,NS,1049
OG0020508,1.395967536280257,0.00431042463386202,Mg,UP,38
OG0020546,1.1456284514409083,0.096213881034842,Mg,NS,64
OG0020553,1.1974774787026394,0.578430524945259,Mg,NS,58
OG0020555,-0.01246935196221663,1,Mg,NS,994
OG0020563,0.31827107127927357,1,Mg,NS,438
OG0020571,0.4485640670604051,1,Mg,NS,319
OG0020585,1.075876648081216,0.0933547940998153,Mg,NS,75
OG0020613,0.02429052133018818,1,Mg,NS,917
OG0020626,-0.8602528847358173,1,Mg,NS,1968
OG0020647,-0.12912220229331742,1,Mg,NS,1236
OG0020670,0.13009314052688403,1,Mg,NS,731
OG0020681,0.8488187208983851,0.0605351926847653,Mg,NS,120
OG0020687,-0.5528907169084929,0.00566534462708469,Mg,NS,1792
OG0020692,0.7579615266581765,1,Mg,NS,157
OG0020698,1.290696272610701,0.251061547742317,Mg,NS,51
OG0020706,-0.04065499998337257,1,Mg,NS,1053
OG0020709,-0.4646195281294044,0.970043633759695,Mg,NS,1713
OG0020712,-0.08840466645422834,1,Mg,NS,1160
OG0020723,1.1145843684749526,7.2163272850529e-4,Mg,UP,68
OG0020756,0.45613252037620344,0.0752974821934874,Mg,NS,311
OG0020760,-0.1552782254779108,1,Mg,NS,1273
OG0020765,1.0814870367747285,0.846936663489413,Mg,NS,72
OG0020767,0.35647486810125784,0.13782474566961,Mg,NS,396
OG0020769,-0.01870186427078728,1,Mg,NS,1010
OG0020772,0.2780404508863625,0.0887681765465036,Mg,NS,483
OG0020798,-0.1636200572194629,0.299249481297525,Mg,NS,1285
OG0020804,0.07229799922034152,1,Mg,NS,835
OG0020806,-3.8419632069375895,6.4326277822894e-4,Mg,DOWN,2122
OG0020812,-0.9034204916122704,0.0100849694280576,Mg,NS,1980
OG0020822,0.45824344687930657,0.0164001090285338,Mg,NS,309
OG0020824,0.20626608240621697,0.999198188772025,Mg,NS,612
OG0020841,0.35791622037849125,0.43036873476812,Mg,NS,395
OG0020856,0.05044902268735791,1,Mg,NS,874
OG0020869,-0.5911944544326706,0.187126348567934,Mg,NS,1816
OG0020870,-0.2623459328830575,1,Mg,NS,1445
OG0020899,-0.1109137860116766,1,Mg,NS,1201
OG0020905,0.08636840984741033,1,Mg,NS,808
OG0020906,-0.23530574013961153,1,Mg,NS,1411
OG0020917,-0.04682913214751055,1,Mg,NS,1069
OG0020923,0.40653511975459056,0.0107016668233796,Mg,NS,345
OG0020952,1.1017109389139847,0.0099629303460597,Mg,UP,70
OG0020962,-0.26395069360094847,0.168218220339792,Mg,NS,1448
OG0020982,1.547584890907126,0.0806907572603108,Mg,NS,29
OG0020992,-0.26464725680209494,0.432947168430731,Mg,NS,1450
OG0021003,-0.08276259647812514,1,Mg,NS,1149
OG0021009,-0.20163386116965057,1,Mg,NS,1364
OG0021011,-0.05425504563113574,0.936506900911105,Mg,NS,1086
OG0021021,-1.2104881738317537,0.0616821946098123,Mg,NS,2047
OG0021022,0.5528119771174502,0.0435988960889557,Mg,NS,242
OG0021073,-0.9871616946707604,0.0280973080697294,Mg,NS,2009
OG0021098,0.15849108085825792,0.685941487258993,Mg,NS,687
OG0021099,0.18482387782165072,0.590386143680823,Mg,NS,649
OG0021127,-0.2951043068116523,1,Mg,NS,1491
OG0021140,0.4827961714511281,0.00224284901238057,Mg,NS,290
OG0021183,-3.1043366598147357,0.0117487901419782,Mg,DOWN,2121
OG0021204,-0.94713077115162,0.0708929030654939,Mg,NS,1995
OG0021255,-0.1305598894973639,0.54325561624538,Mg,NS,1239
OG0021256,0.449374906921981,0.447414220963932,Mg,NS,318
OG0021271,-0.9546760094905096,0.00111126582647631,Mg,NS,1996
OG0021290,-0.7946301979229049,0.128196845324656,Mg,NS,1941
OG0021292,-0.1369500247825133,1,Mg,NS,1251
OG0021294,-0.3388019134517586,0.410672353740248,Mg,NS,1564
OG0021310,0.6968553807920537,0.0500427387303595,Mg,NS,172
OG0021321,0.00508887667279977,1,Mg,NS,957
OG0021328,1.4621933456038072,0.148735575364249,Mg,NS,34
OG0021351,0.20799976848745108,0.922852055701071,Mg,NS,609
OG0021374,-0.10899675027337838,1,Mg,NS,1196
OG0021380,-0.44502036549455826,0.155758524560534,Mg,NS,1696
OG0021382,0.07871197601404047,1,Mg,NS,823
OG0021387,0.12683002223548254,1,Mg,NS,737
OG0021411,-0.8988841564763389,0.476637204209448,Mg,NS,1979
OG0021415,0.09929092080778958,1,Mg,NS,787
OG0021427,-0.06594108958395113,1,Mg,NS,1109
OG0021431,0.34173287627042565,0.0144170890098732,Mg,NS,407
OG0021434,-0.1735664286930776,1,Mg,NS,1304
OG0021446,0.6399073313983541,0.224617650614878,Mg,NS,201
OG0021471,-0.18057224564182073,1,Mg,NS,1319
OG0021477,-0.12683002223548237,0.657351393470067,Mg,NS,1230
OG0021482,0.30333087601003206,0.956008952400794,Mg,NS,457
OG0021484,-0.00478903357894494,1,Mg,NS,973
OG0021487,0.07807288222009481,0.947180886210498,Mg,NS,826
OG0021498,0.1787574953023021,0.885248221340944,Mg,NS,660
OG0021517,-0.19229520646235235,1,Mg,NS,1346
OG0021523,-0.22335608114175765,0.409443510779191,Mg,NS,1397
OG0021526,-0.24756299707135396,1,Mg,NS,1423
OG0021531,0.05465407487006984,1,Mg,NS,862
OG0021533,0.5116056811268913,0.208301437770176,Mg,NS,277
OG0021543,0.5243763478601169,0.0529104326359751,Mg,NS,257
OG0021544,0.00710438669995008,1,Mg,NS,953
OG0021546,-0.1067914895537138,1,Mg,NS,1187
OG0021568,-0.5640494150283095,0.0153905546138609,Mg,NS,1798
OG0021572,-0.3928075518953784,0.0981765869162441,Mg,NS,1638
OG0021587,0.12223102922506685,1,Mg,NS,744
OG0021602,-0.4792400997174775,0.12224106524979,Mg,NS,1721
OG0021618,-0.6024758162078266,0.0136317637375936,Mg,NS,1823
OG0021671,0.01119820660486413,1,Mg,NS,941
OG0021689,0.2966625486099153,0.989004482749034,Mg,NS,464
OG0021706,-1.003178910667508,0.0292998055226082,Mg,DOWN,2011
OG0021741,-0.03220122611269449,1,Mg,NS,1030
OG0021774,0.08703101872959713,1,Mg,NS,806
OG0021805,2.041464020649706,0.0150609215632764,Mg,UP,12
OG0021829,0.26439994785802345,1,Mg,NS,504
OG0021862,0.1783372412585124,1,Mg,NS,662
OG0021867,-1.237975039991221,0.00123135695141077,Mg,DOWN,2051
OG0021874,1.8553323895720413,6.4326277822894e-4,Mg,UP,20
OG0021883,0.29349968656084513,1,Mg,NS,466
OG0021886,-0.0576476589998157,1,Mg,NS,1093
OG0021909,0.1163131816241318,1,Mg,NS,754
OG0021935,0.8865773649291032,0.922852055701071,Mg,NS,109
OG0021952,-0.5239897635034028,0.257453185272151,Mg,NS,1767
OG0022009,0.6556792930701492,0.0137415230291057,Mg,NS,190
OG0022011,-0.01192316737581939,1,Mg,NS,992
OG0022023,0.02984451093346501,1,Mg,NS,906
OG0022067,-0.04122266272651328,1,Mg,NS,1055
OG0022115,-0.5194981872092753,0.867337498961984,Mg,NS,1761
OG0022136,-0.06350294230615772,1,Mg,NS,1101
OG0022165,0.549171834353725,0.183296315942333,Mg,NS,245
OG0022181,-0.07210104852829534,1,Mg,NS,1123
OG0022194,0.8350779749711086,0.00289496454708747,Mg,NS,132
OG0022195,1.3762365678830104,0.100087777606735,Mg,NS,41
OG0022207,-0.11528078539010164,1,Mg,NS,1208
OG0022216,0.02106161552782957,1,Mg,NS,920
OG0022233,-0.1505596765753814,1,Mg,NS,1269
OG0022273,-0.00737953036559729,1,Mg,NS,982
OG0022297,1.0556978054033854,1,Mg,NS,78
OG0022303,0.1257263559735813,1,Mg,NS,740
OG0022334,0.25512236239902175,0.748697277236521,Mg,NS,522
OG0022337,0.16532866070354382,0.934745394368144,Mg,NS,676
OG0022341,-0.5246619904533419,0.763170486843041,Mg,NS,1768
OG0022347,-0.5927077332537027,0.506559692762163,Mg,NS,1818
OG0022349,-0.0514819051069303,1,Mg,NS,1080
OG0022365,0.46437235990756776,1,Mg,NS,306
OG0022377,2.9847771772757756,0.0282136413831677,Mg,UP,1
OG0022407,0.7876856869465161,0.00794867563694104,Mg,NS,147
OG0022413,0.3736784695177864,0.594605004182083,Mg,NS,378
OG0022440,-0.23414261133647463,0.745848038588569,Mg,NS,1409
OG0022441,-0.11963888714629647,1,Mg,NS,1215
OG0022454,1.489484751059735,8.4464207472827e-4,Mg,UP,32
OG0022456,-0.9603376497402792,0.845511238446605,Mg,NS,1999
OG0022465,-0.07271418364041077,1,Mg,NS,1125
OG0022469,-0.02569561450406433,1,Mg,NS,1020
OG0022470,2.05031217075348,0.00195809546838156,Mg,UP,10
OG0022495,-0.00489326090655223,1,Mg,NS,976
OG0022499,-0.27688365806550924,1,Mg,NS,1465
OG0022501,0.08382218524538469,1,Mg,NS,812
OG0022503,-0.3625700793847084,0.168218220339792,Mg,NS,1600
OG0022529,-0.6888303072489025,0.0427242137667509,Mg,NS,1893
OG0022536,1.1620842482251297,0.483526022211174,Mg,NS,61
OG0022538,0.11437802114513278,0.615477480167986,Mg,NS,756
OG0022571,0.2740813356470526,0.591145062386446,Mg,NS,491
OG0022607,0.08035141359616556,1,Mg,NS,820
OG0022609,-0.5200926609832915,0.0161347008856549,Mg,NS,1762
OG0022612,-0.3306453119884715,1,Mg,NS,1546
OG0022616,-2.228451927636702,6.4326277822894e-4,Mg,DOWN,2113
OG0022636,-0.6122698467168916,0.007459310273672,Mg,NS,1831
OG0022704,0.09282403300475572,1,Mg,NS,799
OG0022733,-0.4535027265633228,0.0774810303429019,Mg,NS,1702
OG0022739,0.0763836700590556,1,Mg,NS,827
OG0022746,-0.4987338703917586,1,Mg,NS,1736
OG0022749,0.08327715733785002,0.795753564716214,Mg,NS,814
OG0022751,0.11396310669055625,1,Mg,NS,757
OG0022792,0.16206540318758245,1,Mg,NS,683
OG0022793,-2.0620800462266957,0.128196845324656,Mg,NS,2103
OG0022807,-0.08344929334091176,1,Mg,NS,1151
OG0022870,-0.30416535208626144,0.0511823522602409,Mg,NS,1504
OG0022880,1.0789694658182278,3.9403764865667e-4,Mg,UP,73
OG0022881,0.04711259583811916,1,Mg,NS,878
OG0022882,-0.1985708132230907,1,Mg,NS,1358
OG0022895,-0.2213038413097841,0.712055633615056,Mg,NS,1393
OG0022903,0.6248269615990956,0.549225940540779,Mg,NS,207
OG0022906,-0.04549415375478254,1,Mg,NS,1065
OG0022913,-0.02903967295135376,1,Mg,NS,1024
OG0022918,0.8221970289963071,0.0101876014817864,Mg,NS,134
OG0022921,0.6717222092121337,0.0261202152404151,Mg,NS,187
OG0022934,-0.8486322451277583,0.0104186669873595,Mg,NS,1963
OG0022944,0.23345439119603503,0.811190994484343,Mg,NS,563
OG0022954,0.14830344216947958,1,Mg,NS,701
OG0022964,-0.07049357262867278,1,Mg,NS,1120
OG0022970,0.19477832910168383,0.827351916609921,Mg,NS,634
OG0022981,0.2346707511148846,1,Mg,NS,560
OG0022991,0.23018269386105303,0.040945276088393,Mg,NS,569
OG0022996,-0.5408013559358195,0.318578541312879,Mg,NS,1782
OG0023006,-0.17587496880256798,1,Mg,NS,1312
OG0023011,0.297904865680846,0.115327114883345,Mg,NS,462
OG0023022,0.03439245205728813,1,Mg,NS,900
OG0023023,0.47463018152692055,0.54325561624538,Mg,NS,299
OG0023092,0.5738464685269823,0.78265620819852,Mg,NS,228
OG0023172,-0.2611546726155712,1,Mg,NS,1441
OG0023175,0.08603618577557894,0.351242111443491,Mg,NS,810
OG0023184,-0.37773895785586825,0.436535972021095,Mg,NS,1621
OG0023205,0.8452184848182298,0.631766736690362,Mg,NS,124
OG0023232,-0.2611152900990049,1,Mg,NS,1440
OG0023243,0.8687098486274563,0.036378906553673,Mg,NS,113
OG0023272,1.7489703732088666,0.0493132997388445,Mg,UP,23
OG0023278,-0.801490622138753,0.381465272778391,Mg,NS,1946
OG0023283,0.5462350108977573,0.626189035488904,Mg,NS,247
OG0023304,0.0552824355011896,1,Mg,NS,860
OG0023323,0.03873239448871424,1,Mg,NS,892
OG0023329,0.06934194083332869,1,Mg,NS,838
OG0023332,0.5720887059107279,0.0493132997388445,Mg,NS,231
OG0023333,-0.3378355734817156,0.066667370002458,Mg,NS,1562
OG0023335,0.2923659379438424,0.279143409554593,Mg,NS,468
OG0023392,-0.4305126797880942,1,Mg,NS,1680
OG0023410,0.05036096112026679,1,Mg,NS,875
OG0023412,-0.5063526660247897,0.0985453993714765,Mg,NS,1749
OG0023421,0.33691427481120817,1,Mg,NS,416
OG0023472,0.05786018695889481,1,Mg,NS,853
OG0023514,-0.01298564159448042,1,Mg,NS,998
OG0023527,-0.9079621088038388,0.0209152415459558,Mg,NS,1982
OG0023544,0.7022413306044081,0.0304913420376862,Mg,NS,171
OG0023572,0.833596836500613,0.371138605476211,Mg,NS,133
OG0023601,-0.02381096127106885,1,Mg,NS,1016
OG0023602,1.3386185594935935,6.4326277822894e-4,Mg,UP,44
OG0023614,0.24450312294219653,1,Mg,NS,544
OG0023631,-0.390146323737133,0.178032828444355,Mg,NS,1636
OG0023643,0.21234993625423915,1,Mg,NS,603
OG0023674,0.45384770620566106,0.430618810338068,Mg,NS,316
OG0023680,-0.33665538063391526,0.81709333094007,Mg,NS,1561
OG0023685,0.43340093598372664,0.65757138066242,Mg,NS,329
OG0023719,-0.1773648464065052,0.515909419935317,Mg,NS,1316
OG0023724,0.2903260975015339,1,Mg,NS,474
OG0023730,-0.23379718460869744,1,Mg,NS,1408
OG0023736,-0.607427841625824,0.132343620955214,Mg,NS,1826
OG0023737,0.42665658254567734,0.0336198393933893,Mg,NS,334
OG0023753,1.5835474000281122,0.00182423204961881,Mg,UP,28
OG0023776,0.09434051114588912,0.347357728126189,Mg,NS,795
OG0023778,0.135617119206167,0.410958967263089,Mg,NS,724
OG0023786,-0.3659469852556339,1,Mg,NS,1603
OG0023844,-0.5219527031953556,0.503616608306762,Mg,NS,1765
OG0023878,0.747664615602639,0.0384397988832247,Mg,NS,160
OG0023887,0.4483977731916844,0.23456079184636,Mg,NS,320
OG0023894,-0.16605576946325687,1,Mg,NS,1288
OG0023917,-0.38602142541867435,1,Mg,NS,1634
OG0023929,-0.5040974976203102,0.292527794726915,Mg,NS,1744
OG0023941,0.6801592385477333,0.548900637849739,Mg,NS,184
OG0023978,-0.04939681228544682,0.867337498961984,Mg,NS,1074
OG0024018,0.10009151830480996,1,Mg,NS,785
OG0024026,0.13425146254559123,1,Mg,NS,728
OG0024036,0.40662525946264366,0.455351512730949,Mg,NS,344
OG0024097,-0.12965566192724995,1,Mg,NS,1237
OG0024100,-0.2024521161324077,0.134526462099008,Mg,NS,1365
OG0024109,0.6808225161286724,0.0264385578823581,Mg,NS,183
OG0024115,0.3242398420424646,0.993087602762597,Mg,NS,431
OG0024138,0.20580251161599267,1,Mg,NS,616
OG0024149,0.471990687764547,1,Mg,NS,302
OG0024264,-0.05737117922914234,1,Mg,NS,1092
OG0024274,-0.4726686364041251,0.0286948561939646,Mg,NS,1719
OG0024297,0.648102089533166,0.032637632544939,Mg,NS,196
OG0024309,-0.3175273948583168,0.823305103469322,Mg,NS,1531
OG0024316,0.25425477763036974,0.698111376621098,Mg,NS,524
OG0024372,0.4407913970345221,1,Mg,NS,324
OG0024393,1.0595010117486616,0.557951660605699,Mg,NS,76
OG0024449,-0.1713378847604949,1,Mg,NS,1300
OG0024585,-0.25647405864728035,0.845511238446605,Mg,NS,1432
OG0024610,0.17037478945558582,0.157779004575151,Mg,NS,672
OG0024724,0.8470090975188311,0.551599916195794,Mg,NS,122
OG0024811,-0.4083428467048354,1,Mg,NS,1658
OG0024817,1.1326264600193368,0.0183247745921631,Mg,UP,66
OG0024952,-0.2402809957298714,0.897538983985388,Mg,NS,1418
OG0025004,1.1286676639644757,0.322400723717202,Mg,NS,67
OG0025073,0.4739949524499402,0.00292523141622068,Mg,NS,301
OG0025076,-0.28609884768401633,0.497543785158093,Mg,NS,1478
OG0025082,-0.27606108613003333,1,Mg,NS,1462
OG0025085,-0.4536112039528165,0.0826216095177341,Mg,NS,1703
OG0025087,-0.1426601040482875,1,Mg,NS,1257
OG0025089,0.17101506197085334,1,Mg,NS,671
OG0025255,-0.2262638643928291,1,Mg,NS,1403
OG0025315,0.9684644265668932,0.0195641718434303,Mg,NS,91
OG0025362,1.6488561173197829,0.00265852112934552,Mg,UP,27
OG0025407,-0.24896430475007483,0.703105885547752,Mg,NS,1425
OG0025432,-0.4166202696415348,0.00385610591256891,Mg,NS,1668
OG0025503,-0.03863265960305955,1,Mg,NS,1047
OG0025628,-0.5760843493747032,0.932763639935434,Mg,NS,1811
OG0025704,-0.6418248376768326,0.0720451842395426,Mg,NS,1857
OG0025789,-0.33968456569152017,0.848087116564548,Mg,NS,1566
OG0025811,0.7326201238902419,1,Mg,NS,165
OG0025925,-0.3088885044413055,6.4326277822894e-4,Mg,NS,1518
OG0025960,-0.7574724742990042,0.0404034597811002,Mg,NS,1924
OG0026165,-0.4907471591035054,1,Mg,NS,1727
OG0026511,-0.8285354668345045,2.0990631432933e-4,Mg,NS,1958
OG0026582,1.2851608703777817,0.0716126254491829,Mg,NS,52
OG0026587,-0.4006951801197054,1,Mg,NS,1653
OG0026678,-0.22383699444291333,1,Mg,NS,1398
OG0026700,-0.13995546568051956,1,Mg,NS,1255
OG0026701,0.468776959269505,1,Mg,NS,304
OG0026740,0.2825389937000984,1,Mg,NS,478
OG0026768,-0.14783015211415734,0.473507339642189,Mg,NS,1265
OG0027211,0.14773566363327523,0.80396636616611,Mg,NS,703
OG0027831,-0.38404980679515976,0.789158921823532,Mg,NS,1632
OG0028014,-0.10998411603075726,1,Mg,NS,1197
OG0029117,-1.0731777124404969,0.15953903476453,Mg,NS,2026
OG0029380,0.21190530755953432,0.932763639935434,Mg,NS,604
OG0029389,-0.3174024961567139,0.0981765869162441,Mg,NS,1530
OG0029478,-1.7064584796486213,0.0939363070326224,Mg,NS,2091
OG0029494,-0.7852611512069876,0.362281854915445,Mg,NS,1934
OG0030711,0.2193130284044754,1,Mg,NS,590
OG0031384,-0.3444270996028279,0.124339387879144,Mg,NS,1571
OG0031583,0.16007721548596543,1,Mg,NS,685
OG0031681,-0.12755897063678875,1,Mg,NS,1232
OG0031701,0.02716045780143556,1,Mg,NS,913
OG0031763,0.21129897920370028,0.895613059817722,Mg,NS,606
OG0031787,-0.3991110399717065,0.539902890006139,Mg,NS,1648
OG0031858,-0.07000972124774253,1,Mg,NS,1119
OG0032943,-1.8011341931426577,0.00183459295327791,Mg,DOWN,2095
OG0033774,0.8927232636819245,0.798314699448224,Mg,NS,107
OG0033910,0.2630344058337938,1,Mg,NS,507
OG0034530,0.22801258832274823,1,Mg,NS,574
OG0034570,-0.11152674338292903,1,Mg,NS,1202
OG0034616,0.2633664797311951,1,Mg,NS,506
OG0034732,-0.2562809936613296,1,Mg,NS,1431
OG0034881,-1.030081339237861,0.0042369226641749,Mg,DOWN,2019
OG0034936,-0.8542032694505794,0.142382182531531,Mg,NS,1965
OG0034941,-0.6749184720737634,0.068501237031656,Mg,NS,1884
OG0034962,0.07312133608945903,1,Mg,NS,831
OG0035077,-0.45266257157876105,0.615477480167986,Mg,NS,1701
OG0035084,0.3646136684522696,0.353167845238871,Mg,NS,390
OG0035185,0.2434942194381488,0.810598327748542,Mg,NS,545
OG0035191,0.7996619450746748,0.411536076955633,Mg,NS,139
OG0035289,-0.22273993309072104,1,Mg,NS,1395
OG0035352,1.1947673980108289,0.0411060963775872,Mg,UP,60
OG0035414,-0.3580099964387805,1,Mg,NS,1594
OG0035444,-0.3054856817313497,1,Mg,NS,1509
OG0035521,-0.03652587602511404,1,Mg,NS,1039
OG0039078,1.999771562814678,3.9403764865667e-4,Mg,UP,14
OG0039991,-0.11018291775042288,1,Mg,NS,1199
OG0040551,0.535511217326333,0.936506900911105,Mg,NS,253
OG0042291,1.542149417182183,0.00735949533890633,Mg,UP,30
OG0042367,-0.2925211703341747,1,Mg,NS,1487
OG0042690,-0.26273605094887403,1,Mg,NS,1446
OG0042739,-0.45022692774114387,0.647469947893094,Mg,NS,1700
OG0042763,-0.7018749296978444,0.160861725869172,Mg,NS,1904
OG0043082,-0.8682440788021165,0.013249708807188,Mg,NS,1972
OG0043237,-0.6203900173168274,0.0437253004366403,Mg,NS,1842
OG0043274,0.02110563301165143,1,Mg,NS,919
OG0043297,-1.0037135027990642,0.00419137122040389,Mg,DOWN,2013
OG0043325,-0.0257740550043611,1,Mg,NS,1021
OG0043400,-0.04393060287546601,1,Mg,NS,1060
OG0043442,-0.01620685489747162,0.630064518770488,Mg,NS,1006
OG0043560,-0.4998054261562778,0.239171108931518,Mg,NS,1737
OG0043607,0.2570356652123507,1,Mg,NS,514
OG0043619,-0.31040184150633454,1,Mg,NS,1521
OG0043663,-0.2902432498588767,0.58849132523153,Mg,NS,1484
OG0043808,0.19074153492855636,0.720976565119916,Mg,NS,640
OG0043856,-0.01442707063528019,1,Mg,NS,1000
OG0043862,0.05227242157784348,1,Mg,NS,870
OG0043911,-0.09512600621290464,1,Mg,NS,1169
OG0043943,0.6384337091691897,6.4326277822894e-4,Mg,NS,202
OG0044025,-0.3796099826831725,0.849426293569092,Mg,NS,1625
OG0044067,-0.37909405969316606,0.221662750746757,Mg,NS,1624
NA,-0.03114084933428136,0.00135793921703058,Mg,NS,1028
OG0000012,-0.23622859332603727,0.56327601221695,Pv,NS,1707
OG0000013,1.1915626507007555,0.535173644639901,Pv,NS,116
OG0000014,-1.4941090702700428,0.00765889446430819,Pv,DOWN,2528
OG0000017,-1.3279466432167137,3.8319283596315e-4,Pv,DOWN,2497
OG0000034,0.9812044868703667,1.3502611418567e-4,Pv,NS,182
OG0000037,0.0402742595832067,1,Pv,NS,1226
OG0000047,-0.900108547966383,5.3748549246714e-4,Pv,NS,2373
OG0000059,-1.675242852784986,0.00188899294759898,Pv,DOWN,2557
OG0000110,0.3753035184495656,0.153326349514118,Pv,NS,677
OG0000116,-0.4625335808773703,0.0940063334599916,Pv,NS,2025
OG0000122,-0.24468509595490195,0.831561994048816,Pv,NS,1723
OG0000139,0.19029879162659463,1,Pv,NS,962
OG0000173,-0.1124747292584125,1,Pv,NS,1483
OG0000175,-0.4799676044826998,0.410707612914137,Pv,NS,2042
OG0000185,-4.184424571137427,2.261802629366e-4,Pv,DOWN,2665
OG0000197,-0.9002757773987685,0.00285033929678686,Pv,NS,2374
OG0000200,0.7726485382816368,0.0147449661095981,Pv,NS,269
OG0000213,-0.33693498866705607,0.272502621103374,Pv,NS,1860
OG0000224,0.8727559764398629,0.00444192480895812,Pv,NS,222
OG0000227,-0.42275246440684927,1,Pv,NS,1973
OG0000229,0.01335556879200328,0.3402637396003,Pv,NS,1272
OG0000231,-0.18606492951868295,1,Pv,NS,1620
OG0000246,-0.5323380208237873,0.778188248628236,Pv,NS,2101
OG0000247,-0.35291578737104634,1,Pv,NS,1883
OG0000252,-1.415037499278844,0.00533698654126045,Pv,DOWN,2513
OG0000260,-1.0988661616500854,0.134507199672887,Pv,NS,2444
OG0000262,0.08406426478847455,1,Pv,NS,1141
OG0000267,-0.11403524324602944,1,Pv,NS,1486
OG0000270,-0.4941090702700427,0.778050988719339,Pv,NS,2061
OG0000273,-0.2276920250415967,1,Pv,NS,1688
OG0000284,-0.23446525363702295,1,Pv,NS,1699
OG0000286,0.2846238072175724,1.093614442789e-4,Pv,NS,804
OG0000288,1.0412092083994282,0.927117771289197,Pv,NS,164
OG0000289,1.4139086995222636,0.00753331989826105,Pv,UP,75
OG0000291,-0.5501801531744765,2.261802629366e-4,Pv,NS,2119
OG0000300,0.07450543636362976,1,Pv,NS,1158
OG0000301,0.7689253355637512,1,Pv,NS,270
OG0000305,-1.6402318410917047,0.00228807960580862,Pv,DOWN,2550
OG0000306,-0.35025486532079314,0.133247175372819,Pv,NS,1879
OG0000316,0.08345294162578037,0.0322585837567858,Pv,NS,1144
OG0000322,-0.5374241119577958,0.439983096011643,Pv,NS,2103
OG0000323,-0.8878000217646181,0.328293927580941,Pv,NS,2369
OG0000325,0.411721836097956,0.5737968339959,Pv,NS,622
OG0000332,0.8654099573928538,0.00460263172141664,Pv,NS,225
OG0000336,-0.3004483674769107,0.626171031394638,Pv,NS,1813
OG0000338,-0.32433857076566713,0.407672453514689,Pv,NS,1853
OG0000343,-0.2549778509627355,1,Pv,NS,1740
OG0000355,-0.6906325901170098,5.7002578008684e-4,Pv,NS,2265
OG0000358,-0.19099722506091363,0.965110085094373,Pv,NS,1632
OG0000380,-1.3011389874648664,0.549432524888973,Pv,NS,2488
OG0000386,0.06962930454240474,0.00595342545221675,Pv,NS,1169
OG0000387,-0.5777669993169522,0.495740017560325,Pv,NS,2160
OG0000389,0.3662522636995638,0.132425364149996,Pv,NS,688
OG0000390,0.6018402043043266,0.969964456762388,Pv,NS,405
OG0000400,0.32883646422954,1,Pv,NS,741
OG0000402,-0.5556496084384792,0.00137809620722136,Pv,NS,2129
OG0000403,-0.9268652953697848,0.388937442351832,Pv,NS,2387
OG0000405,-0.2986727425870594,0.00621539465650228,Pv,NS,1812
OG0000433,-0.4619585466663364,1,Pv,NS,2020
OG0000434,0.6313371441274813,0.0010778991436186,Pv,NS,376
OG0000439,-0.17625063969172725,1,Pv,NS,1592
OG0000461,1.855192407959154,0.147892647565537,Pv,NS,39
OG0000464,0.08270258933024935,1,Pv,NS,1146
OG0000486,0.20930248254913367,0.570143387072158,Pv,NS,933
OG0000495,0.24605682779163085,0.959744901578794,Pv,NS,874
OG0000496,0.07057285327427887,0.99742826393597,Pv,NS,1164
OG0000498,-0.09026727185202775,1,Pv,NS,1431
OG0000500,-0.23956612532988847,1,Pv,NS,1712
OG0000506,-1.0409717810563062,0.00191735267533393,Pv,DOWN,2430
OG0000507,0.38755477741431477,0.193406107483923,Pv,NS,661
OG0000508,-0.03209362970985334,1,Pv,NS,1353
OG0000517,2.306845500314283,0.111135804373323,Pv,NS,17
OG0000523,1.2093817015412807,0.00106361233006976,Pv,UP,112
OG0000528,-1.8843004431259105,0.086602477661501,Pv,NS,2585
OG0000538,0.04823618565284762,1,Pv,NS,1209
OG0000565,-0.7257413071516048,0.0175910548078835,Pv,NS,2288
OG0000566,1.3656925371975326,0.00312353525240326,Pv,UP,86
OG0000572,-0.08314123530024586,1,Pv,NS,1413
OG0000591,0.04823618565284762,1,Pv,NS,1209
OG0000595,0.1798437911965736,0.483334031538921,Pv,NS,983
OG0000596,0.37392768466827553,0.00131845946089478,Pv,NS,680
OG0000618,-2.22431729826094,0.00177830573796979,Pv,DOWN,2626
OG0000620,0.6727444148939566,0.0405908610817032,Pv,NS,338
OG0000628,-0.42468766931256313,1,Pv,NS,1976
OG0000630,0.27381424458703657,0.153198426591631,Pv,NS,827
OG0000642,2.5789535841580387,2.2087632891798e-4,Pv,UP,12
OG0000646,-1.676236824875811,0.305754833954503,Pv,NS,2558
OG0000648,0.6290016306483981,0.0292561529812455,Pv,NS,379
OG0000658,0.2215677885384093,1,Pv,NS,914
OG0000666,0.01863417413905097,1,Pv,NS,1258
OG0000670,1.2096093832321464,0.00756170850604862,Pv,UP,111
OG0000676,0.2785795504584233,1,Pv,NS,814
OG0000686,-0.12137740874044503,1,Pv,NS,1502
OG0000694,0.2529921985425526,0.501493981163123,Pv,NS,860
OG0000697,-0.07552000764097772,1,Pv,NS,1404
OG0000704,-0.1445221938197982,1,Pv,NS,1547
OG0000708,0.24792124708444482,0.144182843919346,Pv,NS,868
OG0000710,1.0833835877100828,0.339357301805881,Pv,NS,145
OG0000711,-0.6989977439671857,0.725504316509995,Pv,NS,2271
OG0000715,-2.540912056993206,0.00402417486364269,Pv,DOWN,2650
OG0000719,0.08232878762683084,0.575430326903288,Pv,NS,1147
OG0000731,0.07176266930009127,1,Pv,NS,1162
OG0000732,-0.627502698357872,0.590877081061747,Pv,NS,2216
OG0000736,-0.4208198518728499,1,Pv,NS,1969
OG0000737,-0.09391930698346954,1,Pv,NS,1442
OG0000744,0.5906279910576642,5.4028374121956e-4,Pv,NS,411
OG0000746,-0.14401822938893905,1,Pv,NS,1546
OG0000758,-0.5084034055895519,0.815519982243576,Pv,NS,2076
OG0000762,-0.31293931166010763,1,Pv,NS,1835
OG0000764,-0.5002178798526883,0.00274868612275189,Pv,NS,2068
OG0000776,0.3368546391254651,1,Pv,NS,724
OG0000787,-0.49108179378771244,0.0569596875250353,Pv,NS,2059
OG0000799,-0.17892001568262372,1,Pv,NS,1604
OG0000800,0.4977400886090932,0.789928483031158,Pv,NS,523
OG0000803,-0.35967147142107625,1,Pv,NS,1892
OG0000804,-0.9799423476587464,0.236384474908612,Pv,NS,2403
OG0000807,-0.09388644152475623,1,Pv,NS,1441
OG0000812,0.29915973262888634,0.271395959991016,Pv,NS,784
OG0000815,-0.8339273240532941,4.35836503865839e-5,Pv,NS,2339
OG0000823,1.413052428548527,0.062370107603159,Pv,NS,76
OG0000835,1.1991226420136007,0.0105242854318084,Pv,UP,113
OG0000839,-0.5902509219208076,0.681199242374622,Pv,NS,2173
OG0000840,0.3546651944699288,1,Pv,NS,700
OG0000842,0.3299846497584206,1,Pv,NS,740
OG0000844,-1.4422223286050742,0.0476190171150102,Pv,DOWN,2516
OG0000853,0.3928669162307998,1,Pv,NS,653
OG0000863,2.593592805864596,0.00158496113277829,Pv,UP,11
OG0000864,-1.1202942337177118,0.095568298919306,Pv,NS,2449
OG0000867,-0.17788172527065546,1,Pv,NS,1599
OG0000880,-0.3721376856956362,0.303891348574624,Pv,NS,1907
OG0000881,-0.10005101381032824,1,Pv,NS,1455
OG0000882,-0.04097178105630617,1,Pv,NS,1367
OG0000884,-0.2740407654908124,1,Pv,NS,1779
OG0000885,-1.0926217637750826,0.0226899799174581,Pv,DOWN,2441
OG0000889,0.29278174922784594,1,Pv,NS,794
OG0000895,0.12829340100981756,1,Pv,NS,1070
OG0000898,1.092207438097089,0.00101694733357775,Pv,UP,143
OG0000904,-0.3009780764075226,0.657288676547913,Pv,NS,1815
OG0000906,-0.5722411223862787,2.9404531465746e-4,Pv,NS,2152
OG0000915,-1.65744525452268,0.263078391401425,Pv,NS,2554
OG0000920,-1.9289637365450638,0.0125715713333718,Pv,DOWN,2595
OG0000926,0.14693967600621458,1,Pv,NS,1029
OG0000940,-0.5395195299599892,0.0289710764544187,Pv,NS,2104
OG0000941,-0.540056156145417,0.112856426735189,Pv,NS,2107
OG0000942,0.19912264201360064,0.503495016811889,Pv,NS,948
OG0000943,-0.4860040206329874,0.0460699810853018,Pv,NS,2054
OG0000944,0.08678376614206665,1,Pv,NS,1135
OG0000945,-0.27753397552890896,0.952354185862033,Pv,NS,1784
OG0000950,-1.905088352974533,6.0124529376753e-4,Pv,DOWN,2589
OG0000956,-0.31473259348315835,0.828988758854475,Pv,NS,1837
OG0000962,-0.3913846418896655,0.142320742531703,Pv,NS,1935
OG0000971,0.6690267655096307,0.648699072865669,Pv,NS,342
OG0000973,0.7815695448159741,1,Pv,NS,262
OG0000976,0.7817138017987446,0.0456233618873544,Pv,NS,261
OG0000979,-0.38082178394093086,1,Pv,NS,1915
OG0000980,0.09825820036061153,1,Pv,NS,1120
OG0000989,-2.3364276645824775,0.118953276148943,Pv,NS,2637
OG0000994,-0.5777669993169522,0.00188899294759898,Pv,NS,2160
OG0001000,0.4604804700400108,1,Pv,NS,562
OG0001003,0.07714966701000817,0.841709797263186,Pv,NS,1154
OG0001012,0.8967105388328097,0.795266061879966,Pv,NS,209
OG0001014,-0.8429707955708696,5.3748549246714e-4,Pv,NS,2347
OG0001025,0.2240402742179301,1,Pv,NS,906
OG0001033,-0.48447605435748065,0.103619031653556,Pv,NS,2053
OG0001038,-0.994240730711315,0.0258547975318687,Pv,NS,2410
OG0001043,-0.3978282092466207,0.927117771289197,Pv,NS,1940
OG0001047,0.3149864854685155,1,Pv,NS,760
OG0001055,-0.5875093809377476,0.117887347521995,Pv,NS,2168
OG0001058,-0.3827015171591536,1,Pv,NS,1921
OG0001067,-0.5145731728297583,0.418265761537509,Pv,NS,2085
OG0001069,0.0033351146634386097,1,Pv,NS,1292
OG0001070,-0.1568201097428258,0.453005476918321,Pv,NS,1571
OG0001074,0.27738969881086384,1,Pv,NS,820
OG0001078,0.8098712988283503,0.0195025772313194,Pv,NS,249
OG0001080,0.26369838845407667,0.73884195205704,Pv,NS,844
OG0001082,0.04684025420297235,1,Pv,NS,1215
OG0001087,-0.7744849355925463,7.7004268399826e-4,Pv,NS,2314
OG0001090,-0.9885043611621706,0.978261004747342,Pv,NS,2407
OG0001094,-0.16004041251046824,1,Pv,NS,1574
OG0001101,-0.3219280948873623,1,Pv,NS,1849
OG0001109,-0.09696172988708796,1,Pv,NS,1450
OG0001110,0.37070373895472347,0.103465673285896,Pv,NS,684
OG0001112,0.2351143203763572,1,Pv,NS,889
OG0001123,1.3242345622705314,1,Pv,NS,93
OG0001126,-0.20922796213800007,1,Pv,NS,1663
OG0001127,0.292435082641887,0.50907413079468,Pv,NS,796
OG0001134,0.19912264201360064,1,Pv,NS,948
OG0001136,-0.08773337193355037,1,Pv,NS,1425
OG0001137,-0.1250063610670326,1,Pv,NS,1509
OG0001150,-0.5014441396624132,1,Pv,NS,2071
OG0001162,1.926758531986465,0.0194889490782514,Pv,UP,32
OG0001180,0.09895848008816877,1,Pv,NS,1116
OG0001187,0.05689999191515693,0.416426956500358,Pv,NS,1188
OG0001204,-0.9573556625915064,0.00600514573253254,Pv,NS,2396
OG0001208,-0.027585766291348804,0.0713216464669473,Pv,NS,1345
OG0001218,1.662661255475094,0.0770275563117519,Pv,NS,51
OG0001221,-0.3434583572794918,0.66379590378291,Pv,NS,1869
OG0001223,-0.18442457113742744,1,Pv,NS,1615
OG0001228,-1.0022483337082093,0.0126535911456405,Pv,DOWN,2415
OG0001233,-0.6574452545226798,0.00159883148863354,Pv,NS,2240
OG0001234,0.05519565424212462,1,Pv,NS,1193
OG0001236,-0.5289296008234158,0.0104519810856641,Pv,NS,2099
OG0001237,-0.2863041851566411,1,Pv,NS,1796
OG0001241,0.3589165307262387,7.7004268399826e-4,Pv,NS,698
OG0001243,-0.6734626518600481,0.0480074449707026,Pv,NS,2250
OG0001250,-0.8494403234246186,0.882615680449328,Pv,NS,2350
OG0001259,-2.26259872811212,0.0337030609479251,Pv,DOWN,2630
OG0001266,-0.4092782299901589,0.048222548720255,Pv,NS,1954
OG0001268,-2.2442153790137636,0.00148341490897071,Pv,DOWN,2628
OG0001269,-0.34498586068557374,0.203897044844302,Pv,NS,1871
OG0001271,-0.862496476250065,0.27137526110088,Pv,NS,2357
OG0001272,-0.17858168092663665,0.169176394401949,Pv,NS,1603
OG0001287,-0.2949194402206508,0.0580498364623448,Pv,NS,1806
OG0001294,0.6861643260613592,0.919799523945333,Pv,NS,326
OG0001296,-0.17850599836928494,1,Pv,NS,1602
OG0001302,0.09356017616233782,1,Pv,NS,1126
OG0001306,0.12952955906726693,1,Pv,NS,1069
OG0001308,-0.5523564457999992,0.773202958547158,Pv,NS,2124
OG0001328,0.5404802290808189,0.0554174795554149,Pv,NS,481
OG0001338,0.005807929207745345,1,Pv,NS,1287
OG0001340,0.00863030514344005,1,Pv,NS,1279
OG0001345,-0.8185793597198583,0.0960281330494284,Pv,NS,2331
OG0001361,-0.6371093573341396,0.788931616376707,Pv,NS,2224
OG0001363,-0.8756937225048878,0.0963434486637081,Pv,NS,2365
OG0001366,-0.14779658561658604,1,Pv,NS,1553
OG0001369,0.19903081413908694,0.379806217214798,Pv,NS,951
OG0001379,-0.8256299751110221,1.3872511438787e-4,Pv,NS,2335
OG0001380,-0.13825619558365002,1,Pv,NS,1527
OG0001381,0.1676764533342602,1,Pv,NS,996
OG0001389,0.04544297076116711,1,Pv,NS,1219
OG0001417,-0.10283823454363825,0.78823091560732,Pv,NS,1463
OG0001420,0.1763227726404629,0.684946920185022,Pv,NS,986
OG0001428,0.16607267594670594,1,Pv,NS,998
OG0001432,-0.3827015171591536,1,Pv,NS,1921
OG0001439,0.025929649417624878,1,Pv,NS,1246
OG0001450,1.3668117731271272,0.00539198262253603,Pv,UP,85
OG0001455,0.18903382439001687,1,Pv,NS,966
OG0001460,-0.5627722610870902,0.224426071107165,Pv,NS,2136
OG0001467,-0.3724297284175243,0.0388261198460312,Pv,NS,1908
OG0001476,-0.6104331882372743,0.0534334317895457,Pv,NS,2192
OG0001479,-0.77595972578207,0.0725352185726059,Pv,NS,2315
OG0001483,1.0454429707611672,0.0899693290195463,Pv,NS,161
OG0001489,0.4280801300047654,0.0393679619741763,Pv,NS,602
OG0001493,0.09401939052872753,1,Pv,NS,1125
OG0001495,0.09333267761120917,0.307273636983432,Pv,NS,1127
OG0001499,-0.27009629517374967,9.815382996634e-4,Pv,NS,1772
OG0001503,-1.5798074602615952,9.80381564845155e-5,Pv,DOWN,2540
OG0001506,0.7466735527785573,1.9825110035398e-4,Pv,NS,283
OG0001518,0.2240402742179301,1,Pv,NS,906
OG0001521,-2.272297327162762,0.00506864503368303,Pv,DOWN,2631
OG0001529,0.160982855758992,0.410618412657504,Pv,NS,1007
OG0001536,-1.7514651638613212,0.00139483419369308,Pv,DOWN,2569
OG0001541,-0.5448301478949988,0.0217290453026324,Pv,NS,2113
OG0001550,-0.4402634755670174,0.701010016547758,Pv,NS,1992
OG0001551,0.21536797220347947,1,Pv,NS,924
OG0001556,-0.11403524324602944,1,Pv,NS,1486
OG0001569,-0.19264507794239588,1,Pv,NS,1639
OG0001580,0.46926259299627104,0.129848745756109,Pv,NS,555
OG0001581,-0.3566055465201077,1,Pv,NS,1885
OG0001588,0.5150059164337295,0.393764539380108,Pv,NS,510
OG0001609,-0.4403348295634421,0.357360784735371,Pv,NS,1996
OG0001612,-0.12029423371771177,1,Pv,NS,1497
OG0001619,-1.4499552189465912,0.0748587124343767,Pv,NS,2519
OG0001632,-0.19426743024428464,0.588402666837861,Pv,NS,1642
OG0001638,0.1086972613079172,1,Pv,NS,1100
OG0001644,-0.4222289957727319,1,Pv,NS,1972
OG0001655,-1.3510744405468789,0.0179403605037098,Pv,DOWN,2504
OG0001658,-0.7270553424218257,0.0734947432518669,Pv,NS,2291
OG0001661,-0.13555127285398025,0.0154420425669245,Pv,NS,1521
OG0001662,0.04823618565284762,1,Pv,NS,1209
OG0001675,-0.265344566520995,0.855806159544932,Pv,NS,1760
OG0001684,-0.5437195184892746,0.0613922256948439,Pv,NS,2111
OG0001701,-0.32149992189837934,0.00395427005784485,Pv,NS,1848
OG0001706,-0.46681550115714393,0.0232301853287688,Pv,NS,2028
OG0001712,-0.9799423476587464,9.2064794711116e-4,Pv,NS,2403
OG0001716,-0.2601518973006725,0.915013792053752,Pv,NS,1751
OG0001719,-0.6665762662748083,1,Pv,NS,2246
OG0001721,-0.1109159014018506,1,Pv,NS,1480
OG0001722,0.5577776713949258,0.0427340163530467,Pv,NS,453
OG0001723,-0.6734626518600481,0.216381543534525,Pv,NS,2250
OG0001735,-0.17136841831198107,1,Pv,NS,1589
OG0001746,-0.63486740654747,0.00401006318634318,Pv,NS,2222
OG0001758,-0.21424022557298897,0.587420283979229,Pv,NS,1672
OG0001760,-0.12608322633575003,1,Pv,NS,1511
OG0001787,0.5607149544744789,1,Pv,NS,449
OG0001789,-0.32012585225337686,1,Pv,NS,1844
OG0001792,-0.5228407888133588,0.409640451998867,Pv,NS,2091
OG0001793,0.01435529297707005,1,Pv,NS,1268
OG0001828,0.19086760848038498,0.663119221236072,Pv,NS,961
OG0001834,0.4361618393144501,0.902297870950931,Pv,NS,589
OG0001843,-0.5003622073769232,0.210246133604569,Pv,NS,2070
OG0001853,-0.026205070347394,1,Pv,NS,1341
OG0001861,0.055585783794378674,1,Pv,NS,1192
OG0001862,0.6219932316661231,0.0977038461935575,Pv,NS,386
OG0001890,-0.3273483706716152,0.855806159544932,Pv,NS,1854
OG0001891,0.9607554886492843,0.00127762102676218,Pv,NS,193
OG0001897,-0.5627722610870902,0.102548299075491,Pv,NS,2136
OG0001917,-0.1456053222468993,0.675529454961538,Pv,NS,1548
OG0001922,0.5757472629751581,0.0960281330494284,Pv,NS,430
OG0001945,0.6396952333995822,0.549526977107847,Pv,NS,369
OG0001948,-1.3219280948873622,0.00369077107172953,Pv,DOWN,2493
OG0001953,-0.32077162984132856,0.125962934634344,Pv,NS,1847
OG0001959,2.160312231959012,0.00354400735635659,Pv,UP,21
OG0001963,0.9729998921491809,0.00114779334137497,Pv,NS,188
OG0001967,-0.08620103504930393,1,Pv,NS,1422
OG0001975,0.4222771896989075,0.214780609714447,Pv,NS,609
OG0001997,-0.15521264992094003,1,Pv,NS,1569
OG0002001,-0.33273874429101186,1,Pv,NS,1856
OG0002006,-0.7825847545113506,0.00158496113277829,Pv,NS,2317
OG0002013,0.6562675347942892,0.0892522614658387,Pv,NS,354
OG0002018,0.06073915785767853,1,Pv,NS,1183
OG0002021,-0.026205070347394,1,Pv,NS,1341
OG0002023,-0.4500844463780446,0.125730631499066,Pv,NS,2004
OG0002025,0.1928254035523912,1,Pv,NS,958
OG0002040,-0.1417003031539844,1,Pv,NS,1539
OG0002059,-0.2981261841068084,0.283406046224915,Pv,NS,1811
OG0002061,-0.08964296763726032,0.872822901582549,Pv,NS,1430
OG0002062,0.04404433270602122,1,Pv,NS,1223
OG0002064,-0.2429767534925404,0.721693822457717,Pv,NS,1717
OG0002077,0.3983503703459648,1,Pv,NS,641
OG0002088,0.6257380619086478,0.0224357575951741,Pv,NS,382
OG0002090,0.2363395391683736,1,Pv,NS,887
OG0002091,-0.00578235259400611,1,Pv,NS,1310
OG0002101,0.39193881616519144,0.188817069634697,Pv,NS,654
OG0002107,-0.05739166388833668,1,Pv,NS,1382
OG0002113,-0.39024503782755654,0.474986124057514,Pv,NS,1932
OG0002120,1.4173799759730228,1,Pv,NS,72
OG0002122,-0.28103566424046145,0.00612068547142603,Pv,NS,1789
OG0002125,0.1016500760944348,1,Pv,NS,1110
OG0002133,-0.03652587602511404,1,Pv,NS,1358
OG0002134,-1.3473987824034803,0.207612408794077,Pv,NS,2501
OG0002157,0.2785795504584233,0.720870358468098,Pv,NS,814
OG0002161,0.2785795504584233,0.507541410445214,Pv,NS,814
OG0002163,-0.8125798545379292,0.605596397478839,Pv,NS,2329
OG0002175,-2.126580496565143,3.0252205351221e-4,Pv,DOWN,2620
OG0002176,-0.8190574412192517,0.387390998729409,Pv,NS,2333
OG0002190,-0.3093594213843066,1,Pv,NS,1827
OG0002191,0.4950931923959916,0.00781969214936941,Pv,NS,528
OG0002192,-0.9730300670154196,0.0161093174204369,Pv,NS,2400
OG0002208,-0.725756040196093,2.8117880480239e-4,Pv,NS,2289
OG0002219,0.5548343958941929,0.803351953968426,Pv,NS,457
OG0002228,-0.16577640023176382,0.983524231181027,Pv,NS,1583
OG0002232,-0.09632818728499878,0.131633424859111,Pv,NS,1448
OG0002237,1.2974849157105748,0.0133177902329827,Pv,UP,97
OG0002238,0.3413405791826136,1,Pv,NS,719
OG0002248,-0.05739166388833668,1,Pv,NS,1382
OG0002255,-1.518701058452435,0.200519728331646,Pv,NS,2533
OG0002263,0.20914139783859167,1,Pv,NS,934
OG0002270,-1.4619585466663363,0.182758902550119,Pv,NS,2521
OG0002281,0.7578766597478963,0.0880852865873274,Pv,NS,279
OG0002286,-1.011587974275212,0.175249237160909,Pv,NS,2418
OG0002287,0.06626144226872127,1,Pv,NS,1174
OG0002291,0.8032012145493832,0.0135118119492527,Pv,NS,251
OG0002295,-0.3004483674769107,0.284151728357961,Pv,NS,1813
OG0002300,-0.4402634755670174,0.0503716579503519,Pv,NS,1992
OG0002341,0.8898628813651787,0.0590676432208155,Pv,NS,212
OG0002345,0.20782958344086,1,Pv,NS,940
OG0002358,-0.24982229440694284,1,Pv,NS,1732
OG0002361,-0.6860285195387458,0.031246366942909,Pv,NS,2260
OG0002368,-2.251538766995965,0.0226107210068679,Pv,DOWN,2629
OG0002379,-0.588573754273535,0.00682587529312205,Pv,NS,2169
OG0002381,-0.6174448190602077,0.495017105537436,Pv,NS,2204
OG0002386,-0.6966576055126692,0.531375125896747,Pv,NS,2268
OG0002394,-0.8862995008352716,0.138078199940769,Pv,NS,2368
OG0002396,-0.07135025792991556,0.0871659924236278,Pv,NS,1399
OG0002432,0.03280614508324148,1,Pv,NS,1235
OG0002436,0.7262197011246676,4.3897539035585e-4,Pv,NS,297
OG0002472,-0.825380779157169,5.4028374121956e-4,Pv,NS,2334
OG0002502,0.19912264201360064,1,Pv,NS,948
OG0002505,0.6806832118015148,2.9011962719128e-4,Pv,NS,328
OG0002508,-0.2601518973006725,1,Pv,NS,1751
OG0002518,-0.0908029370083126,1,Pv,NS,1432
OG0002524,2.674188277023246,0.0042488093707013,Pv,UP,9
OG0002532,0.39888501918796526,0.460059929174777,Pv,NS,640
OG0002541,-3.3027100040593083,4.05589257123878e-5,Pv,DOWN,2662
OG0002545,3.1333991254171982,4.3897539035585e-4,Pv,UP,3
OG0002556,-1.9827907099677768,2.2511076910082e-4,Pv,DOWN,2604
OG0002558,0.7247278635861512,0.334454201012923,Pv,NS,300
OG0002559,2.105342840286222,1.677312904467e-4,Pv,UP,22
OG0002562,-0.03061923505839206,1,Pv,NS,1351
OG0002575,0.13126802778791052,0.196127146071304,Pv,NS,1062
OG0002577,0.11769504266975456,1,Pv,NS,1086
OG0002591,-0.4541778373642591,1,Pv,NS,2011
OG0002597,0.1600979106330626,0.0221282125371728,Pv,NS,1010
OG0002600,0.6164105218325321,1,Pv,NS,393
OG0002605,-0.19350579079754307,1,Pv,NS,1641
OG0002615,0.01006368334469748,1,Pv,NS,1277
OG0002621,-0.4324545523562533,1,Pv,NS,1983
OG0002628,-0.24127043154213737,1,Pv,NS,1714
OG0002630,-0.2009126939259964,1,Pv,NS,1650
OG0002645,1.2868811477881617,0.321102628781753,Pv,NS,100
OG0002649,-0.23446525363702295,1,Pv,NS,1699
OG0002674,0.2978081609488855,0.192986014697572,Pv,NS,787
OG0002678,0.13881446890228188,1,Pv,NS,1048
OG0002679,1.5964581395589856,0.026247164435691,Pv,UP,57
OG0002718,-0.720231578406405,0.814970736795503,Pv,NS,2285
OG0002722,0.279768421593595,1,Pv,NS,809
OG0002725,0.6219932316661231,0.0524490609559859,Pv,NS,386
OG0002726,-0.2618807112174235,1,Pv,NS,1758
OG0002730,-0.8651219456568883,0.888903200920266,Pv,NS,2359
OG0002737,0.3080113145521776,0.459376996257335,Pv,NS,770
OG0002760,-0.24853379770094058,0.00738227687941703,Pv,NS,1731
OG0002761,-0.45600928033515,0.0270721789590196,Pv,NS,2013
OG0002763,0.4393571784742569,1,Pv,NS,586
OG0002768,-0.01449956969511508,1,Pv,NS,1323
OG0002770,0.4068042082688549,0.0137299360122152,Pv,NS,629
OG0002772,0.05241589415113853,1,Pv,NS,1200
OG0002773,-0.222430593652723,1,Pv,NS,1680
OG0002784,-0.9268652953697848,0.121443898371318,Pv,NS,2387
OG0002808,-0.28278970098040423,1,Pv,NS,1791
OG0002818,-1.3004483674769107,0.0260967666721535,Pv,DOWN,2487
OG0002821,-0.8313579644411608,0.0152251622126566,Pv,NS,2337
OG0002854,0.34255474547732023,0.200547315998405,Pv,NS,714
OG0002858,-0.17625063969172725,0.141434624549478,Pv,NS,1592
OG0002866,0.4027221768456047,0.179360107496762,Pv,NS,632
OG0002869,-0.579921884020626,0.526749035833367,Pv,NS,2163
OG0002875,0.8991795708712165,0.00740280951651155,Pv,NS,207
OG0002897,0.5878450092542774,0.344313200181346,Pv,NS,415
OG0002921,-0.0291463456595165,1,Pv,NS,1348
OG0002922,0.5714341158765092,1,Pv,NS,437
OG0002923,-0.18778295410435503,1,Pv,NS,1625
OG0002924,-0.3165281071447725,0.66977247145957,Pv,NS,1842
OG0002925,0.6493819373772066,1,Pv,NS,361
OG0002945,0.269033146455237,0.790802269170788,Pv,NS,831
OG0002946,0.22227594627096578,1,Pv,NS,913
OG0002997,0.3207568302832226,0.299812649869035,Pv,NS,753
OG0003002,1.0510240030244669,0.00243132796906185,Pv,UP,159
OG0003017,-0.19264507794239588,1,Pv,NS,1639
OG0003023,0.1309308698264487,1,Pv,NS,1064
OG0003024,-0.44418384493836033,0.660944372897726,Pv,NS,1998
OG0003031,-0.6209610041671412,0.277136972727459,Pv,NS,2209
OG0003039,0.02488437902106166,1,Pv,NS,1248
OG0003047,0.7389839547005117,0.0451792291847228,Pv,NS,290
OG0003051,0.3021727997407522,0.213573663511661,Pv,NS,780
OG0003058,0.8007446239367776,0.0210619551458745,Pv,NS,254
OG0003102,0.05380577419663157,1,Pv,NS,1198
OG0003113,0.21288056634438476,1,Pv,NS,927
OG0003159,1.772730247767181,0.107747493208679,Pv,NS,43
OG0003161,-1.3473987824034803,5.3748549246714e-4,Pv,DOWN,2501
OG0003164,0.38736254083599553,0.157619333671732,Pv,NS,662
OG0003176,-2.3437324652057105,0.231815115186033,Pv,NS,2638
OG0003178,-0.20880485585482986,1,Pv,NS,1662
OG0003183,-1.3806261324383498,0.08553421572166,Pv,NS,2509
OG0003212,0.7476022302749431,0.0997880220981238,Pv,NS,281
OG0003245,-0.1616532634787693,1,Pv,NS,1578
OG0003276,-0.2388616210328009,0.596019389673664,Pv,NS,1711
OG0003283,-0.3770696490798233,1,Pv,NS,1913
OG0003285,-0.18606492951868295,1,Pv,NS,1620
OG0003287,0.1902849394687063,0.768770977668571,Pv,NS,964
OG0003294,-0.04097178105630617,0.882234379630458,Pv,NS,1367
OG0003301,0.10299399332332564,1,Pv,NS,1107
OG0003307,-0.4016347946763554,0.138608782291152,Pv,NS,1946
OG0003310,0.5310663834999267,0.00417794469813634,Pv,NS,490
OG0003319,-0.01304303747559888,1,Pv,NS,1321
OG0003325,-0.2415748720254028,1,Pv,NS,1716
OG0003343,0.4771592111866412,0.681724776621309,Pv,NS,541
OG0003353,0.8757800630684881,0.031246366942909,Pv,NS,220
OG0003359,0.08542465625267767,1,Pv,NS,1140
OG0003364,-0.6170561304310095,0.945705033281597,Pv,NS,2203
OG0003369,-0.5104570643575265,0.0238557060912751,Pv,NS,2081
OG0003372,0.6387689444169499,1,Pv,NS,371
OG0003382,0.1468222784099487,0.528130053780105,Pv,NS,1030
OG0003395,0.20914139783859167,0.689000989444615,Pv,NS,934
OG0003405,0.4604804700400108,1,Pv,NS,562
OG0003409,-0.021519671836906104,0.855890545624174,Pv,NS,1332
OG0003415,0.2485348361386787,1,Pv,NS,864
OG0003421,-0.09696172988708796,1,Pv,NS,1450
OG0003436,0.25442981091125844,0.104272717338911,Pv,NS,856
OG0003442,-0.31114825613411956,1,Pv,NS,1832
OG0003448,-0.24982229440694284,1,Pv,NS,1732
OG0003457,0.15185881672700494,1,Pv,NS,1023
OG0003463,0.4255476856178013,0.00178043854568827,Pv,NS,605
OG0003472,-0.6148451031156562,1,Pv,NS,2200
OG0003478,1.1596291858212278,0.00492941699404312,Pv,UP,126
OG0003484,-0.2541606600067677,0.730194127660666,Pv,NS,1739
OG0003486,-0.23276896297612443,1,Pv,NS,1695
OG0003495,-0.9077925619029112,0.115169867587797,Pv,NS,2378
OG0003509,-0.09139958816182964,1,Pv,NS,1434
OG0003555,1.4151010877683727,0.00278023687205082,Pv,UP,73
OG0003574,0.751892138404309,0.00600514573253254,Pv,NS,280
OG0003576,-2.4819685073978306,0.00419108632869639,Pv,DOWN,2647
OG0003577,-0.34739878240348054,1,Pv,NS,1874
OG0003590,-0.07704103576382801,1,Pv,NS,1406
OG0003604,0.3115031154682697,1,Pv,NS,763
OG0003608,-0.49207853504267185,0.356284201525825,Pv,NS,2060
OG0003619,-0.1512198326480011,1,Pv,NS,1560
OG0003638,0.9396027203560438,0.275868783114119,Pv,NS,197
OG0003640,-0.3057883922321094,1,Pv,NS,1825
OG0003663,-2.3437324652057105,0.011752346110398,Pv,DOWN,2638
OG0003665,-0.4073635713934228,0.156236941504507,Pv,NS,1951
OG0003666,0.2485097914705471,1,Pv,NS,867
OG0003690,0.5260688116675876,0.0554174795554149,Pv,NS,495
OG0003692,-1.6126374591640045,3.8319283596315e-4,Pv,DOWN,2547
OG0003719,-0.1456053222468993,1,Pv,NS,1548
OG0003720,0.32191121572088055,0.269110543786435,Pv,NS,749
OG0003721,0.9656919492247048,9.4634804629859e-4,Pv,NS,190
OG0003728,-0.009026193815118821,0.670095503472957,Pv,NS,1316
OG0003734,0.35275852504063665,1,Pv,NS,702
OG0003735,-0.9545570292388328,0.626171031394638,Pv,NS,2394
OG0003744,0.010306214184213833,1,Pv,NS,1276
OG0003745,-0.21926996352362352,0.605596397478839,Pv,NS,1676
OG0003768,-0.08467032398699055,1,Pv,NS,1420
OG0003779,-0.2429767534925404,1,Pv,NS,1717
OG0003792,1.1705660567920686,0.0164890871097939,Pv,UP,124
OG0003817,1.096862535925688,0.0536266671291624,Pv,NS,141
OG0003852,-0.22209192246918016,1,Pv,NS,1679
OG0003871,0.7259138805053358,0.0816852512687377,Pv,NS,298
OG0003891,-0.08926733809708741,1,Pv,NS,1428
OG0003900,0.1794872872320836,0.412457257479746,Pv,NS,984
OG0003931,0.6507645591169023,0.71821388169208,Pv,NS,360
OG0003937,-2.564904848379902,0.349937531007964,Pv,NS,2653
OG0003958,0.2702299072379977,1,Pv,NS,830
OG0003960,-2.2933589426905914,0.0499074646270399,Pv,DOWN,2633
OG0003967,-0.17625063969172725,0.985199984041883,Pv,NS,1592
OG0003980,-0.5563933485243852,0.91800735914576,Pv,NS,2130
OG0003989,-1.026205070347394,0.245263139298421,Pv,NS,2422
OG0003992,-1.098505544952425,0.0193024710549113,Pv,DOWN,2443
OG0004004,-0.23616354110904855,1,Pv,NS,1703
OG0004009,0.16092018818110318,1,Pv,NS,1008
OG0004016,0.00863030514344005,1,Pv,NS,1279
OG0004022,-0.6060347243397574,0.0754924176447088,Pv,NS,2189
OG0004027,-0.6989977439671857,9.7338703498393e-4,Pv,NS,2271
OG0004034,-0.213283650769869,1,Pv,NS,1670
OG0004036,-0.6597225952337457,0.0309172773280987,Pv,NS,2242
OG0004038,0.6599245584023783,0.0733804483416144,Pv,NS,348
OG0004051,-0.6126374591640045,0.00615311656461168,Pv,NS,2198
OG0004053,-0.7685675915520349,4.5514996877039e-4,Pv,NS,2312
OG0004054,-0.17951465701362104,1,Pv,NS,1605
OG0004074,-0.9885043611621706,0.00525726742492137,Pv,NS,2407
OG0004079,-0.4500844463780446,1,Pv,NS,2004
OG0004082,-0.5670405927238937,0.00101694733357775,Pv,NS,2144
OG0004123,-0.358815683863776,0.0936571752451354,Pv,NS,1890
OG0004128,0.08133962745193878,1,Pv,NS,1148
OG0004134,1.2945472338955148,1,Pv,NS,98
OG0004136,0.050617948644057165,1,Pv,NS,1207
OG0004164,0.2542346099180528,0.0242754212615242,Pv,NS,857
OG0004186,0.14573105520323054,0.791887373965436,Pv,NS,1033
OG0004198,-0.20756106993536216,1,Pv,NS,1660
OG0004201,-0.4546003781478598,0.435918285682311,Pv,NS,2012
OG0004208,-0.8054060415487266,0.0630980501879637,Pv,NS,2325
OG0004212,0.5665716406267608,0.0342988966875893,Pv,NS,441
OG0004214,-1.8624964762500649,4.35836503865839e-5,Pv,DOWN,2579
OG0004237,-0.02522719951160547,1,Pv,NS,1340
OG0004247,-0.2276920250415967,1,Pv,NS,1688
OG0004264,-1.234465253637023,0.401568652894087,Pv,NS,2471
OG0004308,0.5420103555366091,0.478108077261248,Pv,NS,480
OG0004311,1.063502942306158,0.0554174795554149,Pv,NS,154
OG0004328,0.14143279092929553,1,Pv,NS,1037
OG0004346,0.34482849699744117,0.734439095448672,Pv,NS,710
OG0004385,0.4125105712498046,0.692803198880689,Pv,NS,620
OG0004387,-0.27164738205792244,1,Pv,NS,1775
OG0004407,-0.3437324652057107,0.243278354030864,Pv,NS,1870
OG0004415,-2.5563933485243853,0.0181790668884799,Pv,DOWN,2651
OG0004446,0.6728406830478996,0.237567562518639,Pv,NS,337
OG0004447,-0.2125675354831321,1,Pv,NS,1668
OG0004455,0.1647862781433397,0.416426956500358,Pv,NS,1001
OG0004465,-0.5725712925014672,0.697739642503414,Pv,NS,2153
OG0004468,0.00144197417390632,1,Pv,NS,1294
OG0004495,-0.08620103504930393,1,Pv,NS,1422
OG0004509,0.04684025420297235,1,Pv,NS,1215
OG0004515,-1.5563933485243853,0.00401006318634318,Pv,DOWN,2539
OG0004533,-0.5458241068141979,0.00212624522239493,Pv,NS,2114
OG0004534,-0.47309677815210316,0.236384474908612,Pv,NS,2035
OG0004535,-1.888968687611256,0.407672453514689,Pv,NS,2586
OG0004557,-1.1942948151614887,2.720769449506e-4,Pv,DOWN,2465
OG0004562,-0.26852781657219155,0.555585744449794,Pv,NS,1768
OG0004564,-0.7636604608316264,0.0257836722183901,Pv,NS,2310
OG0004579,0.5280711645787354,0.606195051907639,Pv,NS,492
OG0004593,-0.34688054780051925,0.778531463362067,Pv,NS,1873
OG0004597,0.01578299724092746,1,Pv,NS,1265
OG0004610,-1.0998496752684592,0.464786703713538,Pv,NS,2445
OG0004617,-0.1827860757416734,1,Pv,NS,1612
OG0004652,-0.38082178394093086,0.618280601119052,Pv,NS,1915
OG0004654,-1.1909972250609135,0.158066536478197,Pv,NS,2463
OG0004695,-0.2596813087897092,0.13337479383474,Pv,NS,1750
OG0004696,-0.22839856981403803,0.656095447371528,Pv,NS,1690
OG0004712,-0.5627722610870902,0.151377884156855,Pv,NS,2136
OG0004724,-1.4981787345790898,1,Pv,NS,2529
OG0004734,-0.02034044828417553,1,Pv,NS,1329
OG0004741,-2.4422223286050744,0.0192671727594107,Pv,DOWN,2643
OG0004743,-0.34190279464862844,0.728427653018025,Pv,NS,1865
OG0004747,-0.195946441032647,0.80489518761679,Pv,NS,1646
OG0004774,-0.5204146498466035,0.254419468995407,Pv,NS,2090
OG0004779,0.4233092372423869,0.380004304681486,Pv,NS,608
OG0004781,-0.7578226437045775,0.0023821868149802,Pv,NS,2306
OG0004797,0.03139519627553432,1,Pv,NS,1239
OG0004800,0.5943125014379911,0.0176929442596457,Pv,NS,407
OG0004803,0.32768736417604716,0.368749262972592,Pv,NS,742
OG0004804,0.4905686687661288,0.372201867910514,Pv,NS,532
OG0004827,-0.10935875603655625,1,Pv,NS,1476
OG0004845,-0.5479317697761891,1,Pv,NS,2116
OG0004846,0.6257380619086478,0.0234524648692699,Pv,NS,382
OG0004861,0.9107893976217113,0.0225532246384176,Pv,NS,204
OG0004896,0.40816837070810624,0.18008844071784,Pv,NS,627
OG0004906,-0.34923544088309766,1,Pv,NS,1876
OG0004910,-0.25768034351096103,0.747942865363508,Pv,NS,1747
OG0004932,3.5320675522890306,2.3553373009047e-4,Pv,UP,1
OG0004946,-0.4344028241457749,0.585095473645841,Pv,NS,1985
OG0004961,0.7473194230112976,0.302385214417758,Pv,NS,282
OG0004962,-0.416962376203336,0.556426510373954,Pv,NS,1962
OG0004964,-0.265344566520995,0.0163237319613332,Pv,NS,1760
OG0004982,-0.8520421186128986,0.00106361233006976,Pv,NS,2352
OG0004983,-0.36895182542212124,0.0660646716345558,Pv,NS,1900
OG0004987,-0.01595757390297624,1,Pv,NS,1325
OG0004997,0.33009101454905077,1,Pv,NS,739
OG0005002,0.4904038453418501,0.478648664253745,Pv,NS,533
OG0005008,-0.37519723474705274,0.743907427400312,Pv,NS,1911
OG0005018,1.9593992347721212,0.006350644639153,Pv,UP,30
OG0005020,-0.3714596807372396,0.118215685304171,Pv,NS,1904
OG0005023,0.35139435202667857,0.123907787341775,Pv,NS,704
OG0005033,-0.92836860348069,0.0316689741339612,Pv,NS,2389
OG0005036,-0.2378638300988879,1,Pv,NS,1708
OG0005037,0.12829340100981756,1,Pv,NS,1070
OG0005043,0.2016338611696504,1,Pv,NS,944
OG0005050,-2.3455749410722504,0.00539198262253603,Pv,DOWN,2640
OG0005072,0.5494125577795215,0.196608727039182,Pv,NS,470
OG0005084,-0.8620054117366587,0.0788399203286461,Pv,NS,2356
OG0005098,-0.12029423371771177,1,Pv,NS,1497
OG0005103,0.01006368334469748,1,Pv,NS,1277
OG0005107,0.09895848008816877,1,Pv,NS,1116
OG0005120,0.8906412439634438,0.792164887121467,Pv,NS,210
OG0005144,-1.0588936890535685,1,Pv,NS,2436
OG0005162,0.9899897933719373,0.110122578251356,Pv,NS,177
OG0005182,0.3651325934525299,1,Pv,NS,689
OG0005192,-0.5691795034802285,0.0620081582125286,Pv,NS,2147
OG0005197,-0.18937469949486355,0.761732820366902,Pv,NS,1630
OG0005199,-0.28103566424046145,0.855806159544932,Pv,NS,1789
OG0005202,-0.3566055465201077,1,Pv,NS,1885
OG0005220,-0.4835123168758596,0.891608760439757,Pv,NS,2050
OG0005221,0.03703073094496702,1,Pv,NS,1229
OG0005231,0.9478531433870164,0.680923448675727,Pv,NS,196
OG0005237,-1.0291463456595165,0.857073439376641,Pv,NS,2425
OG0005243,-0.19099722506091363,1,Pv,NS,1632
OG0005248,0.5180314926021693,0.303604509003278,Pv,NS,507
OG0005250,-0.19831370681891808,1,Pv,NS,1649
OG0005265,0.2053925129896849,0.744114511449935,Pv,NS,941
OG0005279,-0.1124747292584125,1,Pv,NS,1483
OG0005315,0.9737475401258917,0.00176460196858441,Pv,NS,187
OG0005328,0.6210555032997395,0.00278315469553667,Pv,NS,389
OG0005336,0.02573756141360827,1,Pv,NS,1247
OG0005340,-1.8468432119385796,0.0746192731297458,Pv,NS,2578
OG0005341,0.14535138557262012,1,Pv,NS,1034
OG0005343,-0.42468766931256313,0.112843164918058,Pv,NS,1976
OG0005356,-0.08161376555365212,1,Pv,NS,1412
OG0005361,-0.6483716708972176,0.856481968396362,Pv,NS,2233
OG0005372,0.29670031246913353,0.724345357179125,Pv,NS,788
OG0005374,-0.9105018491608974,0.00279739656300698,Pv,NS,2379
OG0005386,0.4809042573687383,0.391107296233968,Pv,NS,538
OG0005389,-0.2676501852008903,0.182935672596825,Pv,NS,1767
OG0005403,-0.3093594213843066,0.449058003066889,Pv,NS,1827
OG0005405,0.12565110166152013,1,Pv,NS,1075
OG0005414,-0.08008791132269193,1,Pv,NS,1410
OG0005424,0.3884650972831537,0.0960981369189076,Pv,NS,659
OG0005432,-0.17122572610512377,0.930730098330714,Pv,NS,1588
OG0005435,1.189033824390017,0.156614540236455,Pv,NS,118
OG0005457,0.00575926928868495,1,Pv,NS,1288
OG0005460,-0.10469737866669324,1,Pv,NS,1467
OG0005462,-0.3677317845004871,0.540720582877846,Pv,NS,1898
OG0005469,-0.9719579762622337,0.143259505911941,Pv,NS,2399
OG0005482,-0.588573754273535,0.0865401033437372,Pv,NS,2169
OG0005483,1.924596322764025,0.0767352101361487,Pv,NS,33
OG0005504,2.050327553558425,1,Pv,NS,26
OG0005509,-0.5500425163719965,0.0239610235729334,Pv,NS,2117
OG0005515,0.13125025494591186,1,Pv,NS,1063
OG0005531,-0.2670837962314381,0.363232517413171,Pv,NS,1766
OG0005543,-0.4659383975788817,0.260592415117116,Pv,NS,2027
OG0005545,-0.3034390949376598,0.659194519797477,Pv,NS,1821
OG0005547,-0.31473259348315835,0.099490642318823,Pv,NS,1837
OG0005549,-0.7417826104639821,0.141140746580843,Pv,NS,2299
OG0005560,0.10603312663113584,1,Pv,NS,1105
OG0005567,0.05658352836636751,1,Pv,NS,1189
OG0005568,0.6292594623556504,0.730194127660666,Pv,NS,378
OG0005569,0.5704629310260412,0.0576163105574849,Pv,NS,438
OG0005594,0.5469561781414114,0.103619031653556,Pv,NS,472
OG0005595,-1.1778817252706557,0.382235680631389,Pv,NS,2459
OG0005601,0.26132619758279374,0.605938221864274,Pv,NS,848
OG0005637,0.7119353569789215,0.00583702859838071,Pv,NS,307
OG0005651,-0.7883647466728505,0.0128578261915288,Pv,NS,2318
OG0005653,-0.2429767534925404,1,Pv,NS,1717
OG0005675,0.5935928058645962,0.666258539001092,Pv,NS,409
OG0005689,0.070389327891398,1,Pv,NS,1166
OG0005690,0.08949815083910263,1,Pv,NS,1131
OG0005710,0.7600758314141027,0.175367815630822,Pv,NS,278
OG0005717,0.14381593168893164,0.578759416112375,Pv,NS,1035
OG0005719,-1.3510744405468789,0.137086373727857,Pv,NS,2504
OG0005725,0.7612852733616192,0.00705430501560474,Pv,NS,276
OG0005726,-0.7107557148433575,0.0647040812088674,Pv,NS,2279
OG0005757,-0.5542732966500158,0.279266290452105,Pv,NS,2126
OG0005758,0.22672665583954488,1,Pv,NS,899
OG0005769,-0.0709665213541436,1,Pv,NS,1397
OG0005781,0.11103131238874396,1,Pv,NS,1096
OG0005785,0.4956951626240688,1,Pv,NS,525
OG0005788,-0.02767495844284834,1,Pv,NS,1346
OG0005796,1.3939652756602423,0.401029058727344,Pv,NS,80
OG0005831,0.008345141330395744,1,Pv,NS,1282
OG0005836,0.4318903482861805,0.687949569076711,Pv,NS,593
OG0005862,0.6424705373158217,0.40479719740646,Pv,NS,368
OG0005873,0.5458918851578074,1,Pv,NS,477
OG0005888,-0.03652587602511404,1,Pv,NS,1358
OG0005895,0.6489255594531212,0.783348476580471,Pv,NS,362
OG0005931,0.335711910320462,0.0510293459497989,Pv,NS,730
OG0005935,-0.45997273074249273,0.0030064218134029,Pv,NS,2017
OG0005939,-0.5542732966500158,0.00343821170466789,Pv,NS,2126
OG0005940,-1.4266254735540556,3.0742948749517e-4,Pv,DOWN,2514
OG0005943,0.2016338611696504,1,Pv,NS,944
OG0005949,-0.03265796642091448,0.639169985176105,Pv,NS,1356
OG0005961,1.2898344651775089,7.3685387069289e-4,Pv,UP,99
OG0005962,0.21038886444540292,1,Pv,NS,931
OG0005964,-0.5929192245494992,0.025164060468347,Pv,NS,2178
OG0005980,-1.65744525452268,0.146281800394714,Pv,NS,2554
OG0005984,-0.5540820041932362,1,Pv,NS,2125
OG0005987,0.22146378818367085,0.104175904472661,Pv,NS,916
OG0005989,-0.9714308478032292,2.720769449506e-4,Pv,NS,2398
OG0005991,-0.8756718649977983,0.0124082638217509,Pv,NS,2363
OG0005992,-0.14880066140670606,0.559514815923527,Pv,NS,1554
OG0006003,0.26062790812669856,1,Pv,NS,849
OG0006005,0.5160151470036647,0.963420917342661,Pv,NS,509
OG0006024,0.5811101752255496,0.0484076772275215,Pv,NS,425
OG0006042,0.27381424458703657,1,Pv,NS,827
OG0006047,1.4651317440814884,0.0107607982105501,Pv,UP,69
OG0006053,-1.9143453378435735,0.00554047719182351,Pv,DOWN,2591
OG0006058,-0.24982229440694284,1,Pv,NS,1732
OG0006069,-1.7123051056277658,0.0812195767569217,Pv,NS,2564
OG0006086,-1.1648843847417822,0.00205742163208612,Pv,DOWN,2456
OG0006090,0.32538641465977336,0.937449242402001,Pv,NS,745
OG0006114,0.5392478767237188,0.812310511012614,Pv,NS,483
OG0006128,0.07997537672059589,1,Pv,NS,1149
OG0006167,0.11763070079148541,1,Pv,NS,1088
OG0006172,-0.7013416844354848,0.00432138422343176,Pv,NS,2274
OG0006181,-0.08008791132269193,1,Pv,NS,1410
OG0006185,-0.4461480318188743,0.166311183745349,Pv,NS,2000
OG0006189,0.5548343958941929,0.0141939166498556,Pv,NS,457
OG0006196,0.23143240844796503,1,Pv,NS,892
OG0006204,-0.45600928033515,0.527183906181102,Pv,NS,2013
OG0006210,0.1544535926798724,1,Pv,NS,1021
OG0006221,-1.1616532634787693,0.0762314199901475,Pv,NS,2453
OG0006237,-0.38157798659643744,0.363317605078891,Pv,NS,1920
OG0006247,0.08678376614206665,1,Pv,NS,1135
OG0006251,-0.10469737866669324,1,Pv,NS,1467
OG0006254,0.11769504266975456,1,Pv,NS,1086
OG0006255,-0.41119543298444966,0.249275195004851,Pv,NS,1956
OG0006281,1.328262028609413,0.324400386982615,Pv,NS,90
OG0006291,-0.6620035364849841,0.00998736155995817,Pv,NS,2243
OG0006306,-0.10159814000780672,1,Pv,NS,1462
OG0006321,-1.0892673380970874,0.00247963467837101,Pv,DOWN,2440
OG0006323,-0.28454587288428235,0.738645673000814,Pv,NS,1794
OG0006327,0.637842060324105,0.288931056649249,Pv,NS,372
OG0006330,0.13224779829843977,1,Pv,NS,1059
OG0006332,0.29865831556451516,0.262977387365063,Pv,NS,785
OG0006349,-0.15360697914763968,1,Pv,NS,1563
OG0006390,-0.2959201634007009,0.838786446555208,Pv,NS,1809
OG0006393,-0.10780328953451485,1,Pv,NS,1473
OG0006409,-0.00578235259400611,1,Pv,NS,1310
OG0006431,0.4297498508002161,1,Pv,NS,596
OG0006442,-0.02326977932284719,1,Pv,NS,1336
OG0006443,0.6516831806321093,0.0688678778567582,Pv,NS,359
OG0006462,0.07176266930009127,0.955110896559245,Pv,NS,1162
OG0006466,-0.3997302464909953,1,Pv,NS,1943
OG0006472,-0.8084373492992444,0.00682587529312205,Pv,NS,2326
OG0006475,0.12770323196069405,0.989209641260979,Pv,NS,1072
OG0006479,0.006366567469420936,1,Pv,NS,1286
OG0006487,-0.18442457113742744,1,Pv,NS,1615
OG0006495,-0.4520566887096497,0.961274192554288,Pv,NS,2007
OG0006500,0.3010022560328143,0.401947100033512,Pv,NS,782
OG0006512,-0.10624949827943408,1,Pv,NS,1471
OG0006514,-0.1525910976811653,1,Pv,NS,1562
OG0006520,-0.2021574699388453,0.994560148084317,Pv,NS,1652
OG0006537,0.2203299548795556,1,Pv,NS,917
OG0006550,-0.12186323337305248,1,Pv,NS,1503
OG0006563,-0.0291463456595165,1,Pv,NS,1348
OG0006564,-0.5521563556379144,0.0418482664590257,Pv,NS,2121
OG0006566,-0.48398485299633537,0.607865463687674,Pv,NS,2052
OG0006567,1.4141355329844512,0.00122444748033155,Pv,UP,74
OG0006595,0.2412300355154453,0.272502621103374,Pv,NS,883
OG0006618,-0.8365012677171204,0.00174382169068698,Pv,NS,2340
OG0006631,1.0074479226171738,6.9205363636414e-4,Pv,UP,172
OG0006633,-0.4619585466663364,0.304817587814403,Pv,NS,2020
OG0006640,0.32077347694587044,0.584866361330022,Pv,NS,750
OG0006661,-0.1827860757416734,0.860876308699007,Pv,NS,1612
OG0006667,0.14795788138710142,1,Pv,NS,1028
OG0006690,-0.2915920165164037,0.0880852865873274,Pv,NS,1802
OG0006694,-0.30321392046352524,0.02000602825234,Pv,NS,1820
OG0006728,1.7672310370238755,0.0630657651713135,Pv,NS,44
OG0006746,0.24720422085433774,0.257471756041734,Pv,NS,871
OG0006761,-0.624095053918921,0.0185011942367683,Pv,NS,2213
OG0006764,0.1801478611584286,1,Pv,NS,980
OG0006770,0.11370049916472832,0.939966421693837,Pv,NS,1093
OG0006777,0.5509006646475233,0.262607984650382,Pv,NS,463
OG0006778,-0.6551715030025588,0.0268517059471417,Pv,NS,2237
OG0006787,0.4297498508002161,0.854826213015027,Pv,NS,596
OG0006788,0.23756371831767567,1,Pv,NS,885
OG0006790,0.6933196788115746,0.0807873206304417,Pv,NS,323
OG0006795,-0.07946751927020962,1,Pv,NS,1409
OG0006796,-0.2722973271627619,0.701010016547758,Pv,NS,1776
OG0006815,0.04124298223188134,1,Pv,NS,1224
OG0006843,0.18903382439001687,1,Pv,NS,966
OG0006846,-0.905088352974533,0.079931707213834,Pv,NS,2376
OG0006856,-1.980641446213573,7.3331409635788e-4,Pv,DOWN,2603
OG0006862,-0.2839532347687277,0.55355509467895,Pv,NS,1793
OG0006863,0.8015725694635981,0.0239610235729334,Pv,NS,252
OG0006869,-3,7.01889839174278e-5,Pv,DOWN,2656
OG0006873,0.452068230223811,0.320234764612384,Pv,NS,575
OG0006889,-0.6393547975397839,0.0397181725978677,Pv,NS,2225
OG0006893,0.8423754882062877,0.826171456742827,Pv,NS,233
OG0006941,0.6968840908554544,1,Pv,NS,322
OG0006987,0.267835392097615,0.935159560053211,Pv,NS,834
OG0006988,0.5906880559841271,0.00314046882301925,Pv,NS,410
OG0006990,0.5449798832558039,0.0779447578699002,Pv,NS,478
OG0007000,0.15055967657538138,1,Pv,NS,1024
OG0007004,0.2215677885384093,1,Pv,NS,914
OG0007017,0.3740657182225377,0.0892522614658387,Pv,NS,678
OG0007027,0.13750352374993502,1,Pv,NS,1050
OG0007031,0.10756592645931387,1,Pv,NS,1102
OG0007038,-0.5517284420720504,0.369695515599268,Pv,NS,2120
OG0007041,-0.1616135525332328,1,Pv,NS,1577
OG0007042,0.7180875839605168,0.495201654685394,Pv,NS,304
OG0007047,0.5430008774024256,0.0275746804575203,Pv,NS,479
OG0007054,0.5112698416290605,0.0244278599472606,Pv,NS,515
OG0007064,-0.16841787862816635,0.605596397478839,Pv,NS,1586
OG0007082,0.41276786429991735,0.009438686839357,Pv,NS,619
OG0007092,-0.3237325917341102,0.945181033469711,Pv,NS,1851
OG0007098,0.45272821059999835,0.00692279834290282,Pv,NS,574
OG0007099,-0.20589610144025208,0.483176231076578,Pv,NS,1658
OG0007101,-0.554305961408182,0.00923695058452107,Pv,NS,2128
OG0007103,-1.142417044615852,0.00137025865689593,Pv,DOWN,2451
OG0007107,0.962734090595803,0.141780416030276,Pv,NS,192
OG0007112,-0.14241704461585192,0.0605803397127719,Pv,NS,1541
OG0007122,-0.9354363188183101,0.298998583874226,Pv,NS,2391
OG0007140,0.38294386956899057,0.423632389475128,Pv,NS,665
OG0007144,1.1460034511389243,1,Pv,NS,130
OG0007158,-0.38458370273712994,0.941319412160199,Pv,NS,1925
OG0007162,-0.2500681293399032,1,Pv,NS,1736
OG0007166,-0.49005085369568935,1,Pv,NS,2057
OG0007172,-2.0350469470992008,0.129740650291194,Pv,NS,2611
OG0007182,-0.10005101381032824,1,Pv,NS,1455
OG0007205,0.20914139783859167,0.512130488547173,Pv,NS,934
OG0007218,-0.06436332781887906,0.0112378351005661,Pv,NS,1393
OG0007221,-0.5691413947463534,0.0317594486868051,Pv,NS,2146
OG0007234,0.3173040683619148,0.0460699810853018,Pv,NS,757
OG0007236,0.7221161954048534,0.464839891825234,Pv,NS,302
OG0007238,0.4297498508002161,0.386554048674734,Pv,NS,596
OG0007241,0.2791877017569855,0.436029651707827,Pv,NS,813
OG0007246,-0.0923401721467106,1,Pv,NS,1435
OG0007249,-0.4699292577749161,1,Pv,NS,2030
OG0007251,0.3115031154682697,0.279331918552954,Pv,NS,763
OG0007264,-1.1811494391045665,0.851495674194521,Pv,NS,2461
OG0007266,-0.6393547975397839,0.0466833027467501,Pv,NS,2225
OG0007269,-0.07704103576382801,1,Pv,NS,1406
OG0007274,-3.023269779322847,0.124072152406677,Pv,NS,2659
OG0007278,-0.9686048037244656,0.61429746238243,Pv,NS,2397
OG0007280,0.4774082214392135,0.00217384718921925,Pv,NS,540
OG0007282,-0.15360697914763968,0.725504316509995,Pv,NS,1563
OG0007283,-0.22431729826094013,1,Pv,NS,1683
OG0007302,0.2363395391683736,1,Pv,NS,887
OG0007307,-0.16735819517094347,1,Pv,NS,1585
OG0007311,0.35952117042759535,0.737789188585172,Pv,NS,697
OG0007321,1.3280828456051346,0.0407868998602668,Pv,UP,91
OG0007333,0.29395897902869444,1,Pv,NS,792
OG0007353,0.5733745264459443,0.00591250166304783,Pv,NS,435
OG0007365,-0.5972778231543953,0.00432138422343176,Pv,NS,2180
OG0007367,0.4545409135781292,0.062370107603159,Pv,NS,573
OG0007375,0.3950627995175776,1,Pv,NS,650
OG0007379,-0.07400058144377693,1,Pv,NS,1403
OG0007384,0.5310857295774747,0.00669459301602585,Pv,NS,489
OG0007386,-0.6943212567577125,0.032261300928672,Pv,NS,2266
OG0007389,0.27500704749986976,1,Pv,NS,824
OG0007391,-1.5228407888133588,0.101291005982407,Pv,NS,2534
OG0007393,-1.5228407888133588,0.153198426591631,Pv,NS,2534
OG0007403,0.49671798793517713,0.0885086938624296,Pv,NS,524
OG0007412,-0.9023892033735776,0.100037102692402,Pv,NS,2375
OG0007419,-0.19535701860526905,0.698055279400235,Pv,NS,1644
OG0007435,-0.35220900987571924,0.00482129426448166,Pv,NS,1882
OG0007457,0.1401242239090707,1,Pv,NS,1045
OG0007465,-0.05889368905356856,1,Pv,NS,1387
OG0007467,-0.47971227065389255,0.113063653354077,Pv,NS,2041
OG0007473,0.14143279092929553,0.886219635737694,Pv,NS,1037
OG0007481,-1.8836352433082153,0.0225143722085584,Pv,DOWN,2584
OG0007482,-0.6551715030025588,0.378076700548085,Pv,NS,2237
OG0007483,0.11137817339033482,1,Pv,NS,1095
OG0007495,-0.7069130720712283,0.192525342814375,Pv,NS,2278
OG0007497,0.43295940727610627,1,Pv,NS,592
OG0007498,-0.4402634755670174,0.0474460730986321,Pv,NS,1992
OG0007520,2.058316495590823,0.00183289878745938,Pv,UP,25
OG0007539,-0.5395195299599892,0.133247175372819,Pv,NS,2104
OG0007544,-0.19099722506091363,1,Pv,NS,1632
OG0007550,-2.5563933485243853,2.1459857269372e-4,Pv,DOWN,2651
OG0007563,0.6023608426450278,0.630991833921043,Pv,NS,402
OG0007580,-0.5418427025563053,0.908934844144761,Pv,NS,2110
OG0007583,-0.6060347243397574,0.989936102960978,Pv,NS,2189
OG0007585,-2.1140352432460294,0.0854595963945727,Pv,NS,2618
OG0007616,0.28269232756081447,1,Pv,NS,806
OG0007618,-0.19099722506091363,0.855890545624174,Pv,NS,1632
OG0007627,0.070389327891398,1,Pv,NS,1166
OG0007628,0.08640503482250159,1,Pv,NS,1139
OG0007629,-0.22263289054958724,1,Pv,NS,1681
OG0007637,-0.5263277584211743,0.159972089436159,Pv,NS,2098
OG0007641,-0.14880066140670606,1,Pv,NS,1554
OG0007656,-0.5670405927238937,0.409973802911571,Pv,NS,2144
OG0007663,-0.045431429247006,0.901525716811113,Pv,NS,1370
OG0007677,0.2246417526295482,0.775042002597095,Pv,NS,905
OG0007678,-1.7371339282273808,0.0609826291551094,Pv,NS,2567
OG0007697,-0.12343394124827904,1,Pv,NS,1505
OG0007711,0.1362029980069573,0.495268262423546,Pv,NS,1053
OG0007712,-1.977099597889921,1.3502611418567e-4,Pv,DOWN,2602
OG0007713,0.1877677470460248,1,Pv,NS,971
OG0007725,0.6021717907533792,0.353738976082549,Pv,NS,403
OG0007730,-0.5606428215257431,0.0799667707803276,Pv,NS,2134
OG0007733,0.5469561781414114,1,Pv,NS,472
OG0007753,0.12432813500220176,1,Pv,NS,1080
OG0007761,-0.7563309190331373,0.0242341526539232,Pv,NS,2305
OG0007765,0.22897256976016075,1,Pv,NS,896
OG0007769,0.7689253355637512,0.00401006318634318,Pv,NS,270
OG0007782,-5.289416132786134e-4,1,Pv,NS,1300
OG0007794,0.6390369917042114,0.303891348574624,Pv,NS,370
OG0007798,2.089498150839103,8.694761737937e-4,Pv,UP,24
OG0007807,-0.2108967824986185,1,Pv,NS,1666
OG0007832,0.4265331381166733,1,Pv,NS,603
OG0007838,-0.05739166388833668,1,Pv,NS,1382
OG0007851,0.022018668053934008,1,Pv,NS,1254
OG0007868,-0.28278970098040423,0.814970736795503,Pv,NS,1791
OG0007876,-1.960159735468209,0.407672453514689,Pv,NS,2599
OG0007895,0.7075247908996078,0.642930668494578,Pv,NS,316
OG0007931,-0.35107444054687875,1,Pv,NS,1880
OG0007937,-0.2670796178917426,0.188709882421691,Pv,NS,1764
OG0007954,-0.03652587602511404,1,Pv,NS,1358
OG0007957,-2.0291463456595165,0.292229801869406,Pv,NS,2608
OG0007968,0.055885585883779884,1,Pv,NS,1191
OG0007969,0.7198405550642678,0.143198374430278,Pv,NS,303
OG0007981,-0.4285658841234909,0.513330137782673,Pv,NS,1979
OG0008007,0.4748985577571061,0.312069067416026,Pv,NS,545
OG0008032,0.26183165875213665,0.758457760055115,Pv,NS,847
OG0008035,-0.17625063969172725,0.917029681680098,Pv,NS,1592
OG0008043,1.082702589330249,0.301862252639414,Pv,NS,146
OG0008080,0.24366908096686263,0.96978432356378,Pv,NS,879
OG0008086,0.5058909297299573,0.575430326903288,Pv,NS,517
OG0008087,-0.5649048483799026,0.641438207377201,Pv,NS,2139
OG0008092,0.8791481769231422,0.00213325052956379,Pv,NS,217
OG0008118,-0.1504009888485484,1,Pv,NS,1557
OG0008128,0.6644828403646825,0.0699599291929612,Pv,NS,347
OG0008131,0.1309308698264487,1,Pv,NS,1064
OG0008133,-1.5353317329965557,0.0653626781950702,Pv,NS,2537
OG0008143,-0.24421537901376367,1,Pv,NS,1722
OG0008147,-0.08314123530024586,1,Pv,NS,1413
OG0008148,0.988412025724788,0.216181931571822,Pv,NS,179
OG0008152,-0.7180055768755357,0.0253840229502499,Pv,NS,2283
OG0008214,-0.6016496296540352,0.0673089655721782,Pv,NS,2184
OG0008221,-0.4497331633744375,1,Pv,NS,2003
OG0008224,-0.4500844463780446,1,Pv,NS,2004
OG0008235,0.24610400988391656,1,Pv,NS,872
OG0008236,-0.8698257528074882,0.0483218978741485,Pv,NS,2361
OG0008256,-0.10469737866669324,1,Pv,NS,1467
OG0008270,0.267835392097615,1,Pv,NS,834
OG0008278,-1.0409717810563062,0.220486157810359,Pv,NS,2430
OG0008281,0.6746316783810267,0.0172882895556767,Pv,NS,336
OG0008287,-0.2555522864010485,0.118953276148943,Pv,NS,1743
OG0008292,-0.3022261804448139,0.321256113540699,Pv,NS,1816
OG0008293,-0.6770661824811914,0.225686760547222,Pv,NS,2254
OG0008336,0.38736254083599553,0.00106361233006976,Pv,NS,662
OG0008337,-0.496142467422571,1,Pv,NS,2065
OG0008353,1.1902987916265946,0.0721436827889743,Pv,NS,117
OG0008355,-2.2310746644362487,2.458864492117e-4,Pv,DOWN,2627
OG0008366,-0.2601518973006725,1,Pv,NS,1751
OG0008368,-2.145605322246899,0.00321679329169552,Pv,DOWN,2621
OG0008370,0.33227828305692936,1,Pv,NS,736
OG0008377,0.3883286856766049,0.882965276633489,Pv,NS,660
OG0008386,0.2078928516413329,1,Pv,NS,938
OG0008390,-0.4801696909164196,0.939966421693837,Pv,NS,2043
OG0008419,-0.9973503135630382,0.183164745830839,Pv,NS,2411
OG0008420,-0.2898272517203383,1,Pv,NS,1798
OG0008422,-0.5756153284619034,1,Pv,NS,2157
OG0008426,0.1162124975093515,0.927117771289197,Pv,NS,1090
OG0008432,-1.279283757478869,0.00289440794289203,Pv,DOWN,2481
OG0008435,-1.1109159014018506,0.642297109459398,Pv,NS,2446
OG0008440,1.8706606266792811,0.319945502303142,Pv,NS,37
OG0008455,0.7407117333991009,0.014356890348336,Pv,NS,286
OG0008456,0.12961273813046964,1,Pv,NS,1067
OG0008463,1.3078226344214121,0.0106957663895418,Pv,UP,95
OG0008474,0.47710560132295904,0.393764539380108,Pv,NS,542
OG0008481,-0.6966576055126692,0.505819363523319,Pv,NS,2268
OG0008482,0.12697285625776553,1,Pv,NS,1073
OG0008483,1.6163576969966904,0.0446028575059534,Pv,UP,54
OG0008490,-2.0291463456595165,0.0525898878528271,Pv,NS,2608
OG0008494,0.8797057662822882,0.00402380036097656,Pv,NS,216
OG0008507,-0.1616532634787693,1,Pv,NS,1578
OG0008509,-0.6238483503507851,0.310553496708265,Pv,NS,2212
OG0008521,0.5744166293664441,1,Pv,NS,433
OG0008527,-0.007418118908732301,1,Pv,NS,1313
OG0008528,1.3684890006451036,0.123799548603859,Pv,NS,83
OG0008530,-0.14241704461585192,1,Pv,NS,1541
OG0008537,-0.5649048483799026,0.409371795293801,Pv,NS,2139
OG0008538,-1.8160371651574052,1.1902284187489e-4,Pv,DOWN,2572
OG0008548,0.5150059164337295,1,Pv,NS,510
OG0008555,0.4956951626240688,0.693921620965531,Pv,NS,525
OG0008569,0.22650852980867975,0.11181496138338,Pv,NS,900
OG0008575,-0.3434444223707116,1,Pv,NS,1868
OG0008582,2.3239464554216678,0.0115091727062528,Pv,UP,15
OG0008589,-0.059929392466816764,0.797447491359467,Pv,NS,1389
OG0008607,-0.14217980866930152,1,Pv,NS,1540
OG0008608,1.2199748341267544,0.00111254860261275,Pv,UP,108
OG0008617,1.2345013205622106,0.416443871117197,Pv,NS,104
OG0008620,0.5607149544744789,0.0614794784894549,Pv,NS,449
OG0008627,0.21906550256198093,0.369124727423791,Pv,NS,920
OG0008637,0.06901467791518046,1,Pv,NS,1170
OG0008642,0.6924271980897078,0.138256946601497,Pv,NS,324
OG0008644,-0.6148451031156562,0.125567019137276,Pv,NS,2200
OG0008648,2.2770920825043133,0.00274868612275189,Pv,UP,18
OG0008649,-0.10314692710329326,1,Pv,NS,1464
OG0008657,-0.49005085369568935,1,Pv,NS,2057
OG0008673,0.15833702716710066,1,Pv,NS,1013
OG0008674,0.5849625007211562,0.272380047743526,Pv,NS,419
OG0008717,0.05241589415113853,1,Pv,NS,1200
OG0008720,-0.5128014244201611,0.110108275449708,Pv,NS,2084
OG0008727,-0.18606492951868295,0.658880074569328,Pv,NS,1620
OG0008728,-0.10780328953451485,1,Pv,NS,1473
OG0008733,0.03562390973072122,1,Pv,NS,1230
OG0008755,-1.1443142217712494,0.00516229816267657,Pv,DOWN,2452
OG0008784,-0.05439229681862778,1,Pv,NS,1379
OG0008785,0.9752633216784936,0.055531219207399,Pv,NS,185
OG0008788,-2.3075728019102923,0.0420696499054378,Pv,DOWN,2634
OG0008794,-0.6873348264416056,0.670034941621756,Pv,NS,2261
OG0008795,0.36737106564852945,0.409973802911571,Pv,NS,687
OG0008796,-0.6038405109268455,0.959369121086941,Pv,NS,2186
OG0008800,0.6599245584023783,0.0226963893166674,Pv,NS,348
OG0008803,-0.6038405109268455,0.230282958358376,Pv,NS,2186
OG0008806,-1.8730271437422343,3.6949518929396e-4,Pv,DOWN,2582
OG0008811,0.33680941694952204,0.165045931548148,Pv,NS,729
OG0008813,0.39668452592824,0.006672483743008,Pv,NS,645
OG0008830,-0.00288827932482651,1,Pv,NS,1304
OG0008831,-1.2722973271627618,0.0733804483416144,Pv,NS,2478
OG0008841,0.1686420355588392,1,Pv,NS,994
OG0008842,0.6031218698399963,0.181979899027883,Pv,NS,401
OG0008852,-0.08467032398699055,1,Pv,NS,1420
OG0008865,-0.438307278601691,0.7044994360513,Pv,NS,1991
OG0008866,0.46780115648840714,0.100951357749361,Pv,NS,556
OG0008868,0.32538641465977336,0.52253959378245,Pv,NS,745
OG0008874,0.8394156871418283,0.0082459511794004,Pv,NS,235
OG0008878,0.4478436443620855,1,Pv,NS,578
OG0008882,0.8243744460504565,0.0134572731167193,Pv,NS,245
OG0008885,0.2041407167802252,1,Pv,NS,943
OG0008904,-0.1811494391045665,0.965840448986714,Pv,NS,1608
OG0008912,0.8346494732222399,0.042626259054362,Pv,NS,240
OG0008918,0.14591138722238828,1,Pv,NS,1032
OG0008926,0.08678376614206665,1,Pv,NS,1135
OG0008936,0.00719550140420376,1,Pv,NS,1283
OG0008942,-0.8382999765857078,0.0154420425669245,Pv,NS,2343
OG0008943,0.7965977540483058,0.0467355839189735,Pv,NS,257
OG0008957,0.2509814394790653,0.0207946342428607,Pv,NS,862
OG0008960,-1.9105018491608976,4.05589257123878e-5,Pv,DOWN,2590
OG0008976,-1.0422923260849573,0.954331480524499,Pv,NS,2432
OG0008989,0.1309308698264487,1,Pv,NS,1064
OG0008997,-0.19542511344202423,1,Pv,NS,1645
OG0009007,0.6780719051126377,0.00274868612275189,Pv,NS,333
OG0009048,-0.10314692710329326,1,Pv,NS,1464
OG0009062,-0.5521563556379144,0.136820075288953,Pv,NS,2121
OG0009074,0.22553353298427867,0.477082000596487,Pv,NS,902
OG0009085,0.22527492986956937,0.733766931391637,Pv,NS,903
OG0009096,-2.1713684183119812,0.00255463425259738,Pv,DOWN,2622
OG0009112,-0.38117531401545646,0.322423301060285,Pv,NS,1919
OG0009116,1.1162223216523042,0.00308045509289431,Pv,UP,136
OG0009129,-1.0954195650786824,0.0151925297204059,Pv,DOWN,2442
OG0009132,-0.4004009788884667,0.0826302063922183,Pv,NS,1945
OG0009135,-0.14082554413356457,1,Pv,NS,1533
OG0009144,0.03562390973072122,1,Pv,NS,1230
OG0009149,-0.2601518973006725,0.175249237160909,Pv,NS,1751
OG0009153,0.16221003631430692,1,Pv,NS,1005
OG0009161,-0.7933567760166047,0.208125591429558,Pv,NS,2322
OG0009163,-0.1376478004679799,1,Pv,NS,1525
OG0009181,-0.33825040018929514,1,Pv,NS,1861
OG0009186,-0.8598757760909294,4.7757755025706e-4,Pv,NS,2355
OG0009194,-0.2893142834995528,1,Pv,NS,1797
OG0009210,-0.5145731728297583,1,Pv,NS,2085
OG0009261,-0.2968993003958401,0.72685335876513,Pv,NS,1810
OG0009268,0.4573316254850136,1,Pv,NS,570
OG0009275,0.42115596066222344,0.478490404560657,Pv,NS,611
OG0009291,-0.63486740654747,0.582972999266391,Pv,NS,2222
OG0009292,-1.1109159014018506,0.774725221028766,Pv,NS,2446
OG0009305,0.06267743127573024,1,Pv,NS,1182
OG0009307,0.4200805335704229,0.0820490621241791,Pv,NS,613
OG0009313,0.1839628348425949,1,Pv,NS,976
OG0009317,-0.12029423371771177,1,Pv,NS,1497
OG0009329,-0.588573754273535,0.199741955796318,Pv,NS,2169
OG0009338,0.01578299724092746,1,Pv,NS,1265
OG0009344,-0.08314123530024586,1,Pv,NS,1413
OG0009350,0.5743437539200129,0.297029836081573,Pv,NS,434
OG0009357,-0.32012585225337686,0.530060991187445,Pv,NS,1844
OG0009358,0.07987787756245013,0.0805950487388871,Pv,NS,1152
OG0009363,-2.204233052217608,0.018674302159957,Pv,DOWN,2625
OG0009364,-0.6204510654436137,0.532578657761638,Pv,NS,2208
OG0009375,-0.03746438033196224,0.630012031020485,Pv,NS,1363
OG0009378,-1.4659383975788818,0.0982056436365331,Pv,NS,2523
OG0009383,0.27738969881086384,0.702425635307076,Pv,NS,820
OG0009397,-1.0528949484321255,0.625032866839458,Pv,NS,2433
OG0009403,-1.5269924320838262,0.225686760547222,Pv,NS,2536
OG0009410,0.01863417413905097,1,Pv,NS,1258
OG0009427,0.07860983469636647,1,Pv,NS,1153
OG0009438,-0.6104331882372743,2.9409115052022e-4,Pv,NS,2192
OG0009444,2.568467347341121,0.00040611630780450003,Pv,UP,13
OG0009450,0.7111218835118885,0.0482762190089079,Pv,NS,309
OG0009458,0.3368546391254651,0.354297956014769,Pv,NS,724
OG0009460,-0.27928375747886874,1,Pv,NS,1785
OG0009461,0.34935816664117425,0.697399327909154,Pv,NS,708
OG0009463,0.04124298223188134,1,Pv,NS,1224
OG0009465,0.5814340297169125,9.2064794711116e-4,Pv,NS,424
OG0009473,0.17554841550008204,0.711937581407336,Pv,NS,988
OG0009496,1.7288582077159953,3.27961486654149e-5,Pv,UP,47
OG0009504,-0.5907448533151622,1,Pv,NS,2174
OG0009505,0.9160944229383584,0.00313531629459079,Pv,NS,203
OG0009507,-2.0115879742752116,0.0418482664590257,Pv,DOWN,2605
OG0009509,0.05102400302446689,1,Pv,NS,1205
OG0009520,0.21724766339309687,0.0170429170546335,Pv,NS,923
OG0009526,0.1686420355588392,1,Pv,NS,994
OG0009529,0.7353361065409991,0.0202381214237911,Pv,NS,291
OG0009530,-0.189351252217354,1,Pv,NS,1626
OG0009536,0.3045110418099531,0.820220340201169,Pv,NS,776
OG0009563,0.3651325934525299,1,Pv,NS,689
OG0009564,0.3115031154682697,0.970798968383272,Pv,NS,763
OG0009570,-0.00288827932482651,1,Pv,NS,1304
OG0009585,-0.641603738043346,0.857359174211938,Pv,NS,2227
OG0009593,-2.0291463456595165,7.6408487024107e-5,Pv,DOWN,2608
OG0009595,0.12565110166152013,1,Pv,NS,1075
OG0009630,-0.16860466805905855,0.098551488003676,Pv,NS,1587
OG0009646,0.06626144226872127,1,Pv,NS,1174
OG0009661,-0.6148451031156562,0.498082159584704,Pv,NS,2200
OG0009700,-0.19099722506091363,1,Pv,NS,1632
OG0009703,0.26423615104354714,0.446317439112056,Pv,NS,842
OG0009715,0.3950627995175776,0.876133882202044,Pv,NS,650
OG0009747,0.3310548863181141,0.603801265879684,Pv,NS,738
OG0009757,-0.17625063969172725,1,Pv,NS,1592
OG0009758,-0.416962376203336,0.692803198880689,Pv,NS,1962
OG0009767,-0.9742624385863916,1,Pv,NS,2401
OG0009772,-2.539519529959989,0.0178677511310502,Pv,DOWN,2649
OG0009779,0.603224717385832,0.0631744307428288,Pv,NS,400
OG0009780,0.8090027749390863,0.077764200757358,Pv,NS,250
OG0009783,0.7257366561274541,0.099490642318823,Pv,NS,299
OG0009792,0.8375396343794035,0.008927152700812,Pv,NS,236
OG0009795,0.2228045610452611,1,Pv,NS,909
OG0009808,0.5499155536219554,0.262499333287638,Pv,NS,467
OG0009809,1.60134676956327,1.9818176229473e-4,Pv,UP,56
OG0009835,0.8253786038929313,0.415562820090317,Pv,NS,244
OG0009855,-0.35940311252368295,0.350752582765709,Pv,NS,1891
OG0009858,0.07997537672059589,1,Pv,NS,1149
OG0009888,0.2761988650322418,1,Pv,NS,823
OG0009911,-0.6803820657998387,0.00230671801130757,Pv,NS,2257
OG0009912,0.969380764941608,0.0044338446046612,Pv,NS,189
OG0009913,-1,0.0399284600870565,Pv,NS,2412
OG0009923,0.5200450240398177,0.18183203450178,Pv,NS,504
OG0009933,-0.03924831975674674,1,Pv,NS,1365
OG0009935,-0.2293823533437969,0.82574743171167,Pv,NS,1691
OG0009947,-0.21375886914319128,1,Pv,NS,1671
OG0009957,0.5260688116675876,0.674468813843325,Pv,NS,495
OG0009967,0.06350294230615795,1,Pv,NS,1178
OG0009983,-0.04978587068889323,1,Pv,NS,1377
OG0009997,0.6461626571578936,0.420781625325623,Pv,NS,365
OG0010005,0.03139519627553432,1,Pv,NS,1239
OG0010009,-1.1616532634787693,0.49010253998006,Pv,NS,2453
OG0010018,-0.8442507673220552,0.049080514665831,Pv,NS,2348
OG0010029,-0.6873348264416056,0.754278075388476,Pv,NS,2261
OG0010033,-2.977099597889921,1.0096051532571e-5,Pv,DOWN,2655
OG0010056,-1.2276920250415968,0.213777367019576,Pv,NS,2470
OG0010057,1.3302653640976676,0.0141939166498556,Pv,UP,88
OG0010060,-0.9885043611621706,5.2729304012096e-4,Pv,NS,2407
OG0010066,0.08285211508328577,1,Pv,NS,1145
OG0010070,0.3173040683619148,1,Pv,NS,757
OG0010082,0.46988597627446366,1,Pv,NS,551
OG0010101,-0.40545145044964576,1,Pv,NS,1950
OG0010118,-0.8783214434117476,4.5373980643356e-4,Pv,NS,2366
OG0010134,0.14143279092929553,1,Pv,NS,1037
OG0010149,0.7982579326445002,0.0460699810853018,Pv,NS,256
OG0010152,-1.5104570643575264,0.0721436827889743,Pv,NS,2532
OG0010156,-0.3733272473940066,0.209717967686804,Pv,NS,1909
OG0010163,0.00432160595009346,1,Pv,NS,1290
OG0010174,0.3729520979118291,0.312158887271931,Pv,NS,681
OG0010176,0.27738969881086384,0.41209413502538,Pv,NS,820
OG0010179,-0.15428205124295918,1,Pv,NS,1568
OG0010182,-0.23446525363702295,1,Pv,NS,1699
OG0010189,-0.10005101381032824,1,Pv,NS,1455
OG0010191,1.5289053421503316,0.00125966881571626,Pv,UP,60
OG0010193,0.03482908858175893,1,Pv,NS,1233
OG0010227,1.329860004960958,0.00183289878745938,Pv,UP,89
OG0010228,0.21785109681113135,0.525562829049928,Pv,NS,921
OG0010250,0.42438467153809656,0.0241213193776978,Pv,NS,606
OG0010252,-0.2108967824986185,0.375210117252394,Pv,NS,1666
OG0010253,0.06350294230615795,1,Pv,NS,1178
OG0010255,-0.5734924202839686,0.0656717181320705,Pv,NS,2155
OG0010259,0.25459404303314104,0.228178846103309,Pv,NS,855
OG0010267,-0.09387904700290012,1,Pv,NS,1437
OG0010273,0.07587486697512764,1,Pv,NS,1155
OG0010275,0.3482324192392708,0.459376996257335,Pv,NS,709
OG0010278,0.06488285158485439,1,Pv,NS,1176
OG0010283,-1.3658714424749594,0.016677736510853,Pv,DOWN,2508
OG0010294,0.48851500895781214,0.0275954757708013,Pv,NS,534
OG0010300,-0.20756106993536216,1,Pv,NS,1660
OG0010305,0.6653927710418914,0.306753423342455,Pv,NS,344
OG0010316,0.21288056634438476,0.935159560053211,Pv,NS,927
OG0010333,-0.7131188522118385,0.29880350260759,Pv,NS,2281
OG0010336,1.4931349223055048,0.0334765631237404,Pv,UP,63
OG0010338,-0.9744879984877666,4.05589257123878e-5,Pv,NS,2402
OG0010343,-0.7883647466728505,0.123810860272896,Pv,NS,2318
OG0010347,-2.1909972250609138,4.11758754960777e-5,Pv,DOWN,2624
OG0010371,-0.2256593772116342,0.702926046736538,Pv,NS,1686
OG0010374,-0.49411050123262146,0.823274144992855,Pv,NS,2063
OG0010376,-0.8188329503513274,0.104661841623575,Pv,NS,2332
OG0010377,-0.7369655941662061,0.409786654894349,Pv,NS,2297
OG0010380,-0.6826959316380852,0.00289897022358232,Pv,NS,2259
OG0010399,0.4676144490651405,0.0284898490661861,Pv,NS,559
OG0010435,-0.9105018491608974,1,Pv,NS,2379
OG0010445,0.2302009163147016,0.528130053780105,Pv,NS,894
OG0010449,0.17169367718045453,0.838069585730951,Pv,NS,991
OG0010450,-0.08314123530024586,1,Pv,NS,1413
OG0010453,0.46988597627446366,0.234390165348084,Pv,NS,551
OG0010456,-0.4540316308947075,0.792164887121467,Pv,NS,2010
OG0010458,0.6599245584023783,0.157474438998988,Pv,NS,348
OG0010460,-0.6472454560902556,0.0253840229502499,Pv,NS,2232
OG0010463,-0.4344028241457749,0.236384474908612,Pv,NS,1985
OG0010468,0.876566058751721,0.107078594680922,Pv,NS,219
OG0010479,0.3345682756661327,0.855806159544932,Pv,NS,733
OG0010486,-0.4819685073978307,0.0656717181320705,Pv,NS,2045
OG0010509,-0.31254981514932456,0.0564893887935831,Pv,NS,1834
OG0010544,-1.4619585466663363,0.00816471508041998,Pv,DOWN,2521
OG0010548,-0.00144341686966871,1,Pv,NS,1301
OG0010556,-0.05289494843212547,1,Pv,NS,1378
OG0010573,-0.2260036748888269,0.680923448675727,Pv,NS,1687
OG0010584,0.5801454844233804,0.00765889446430819,Pv,NS,426
OG0010587,-0.00723156923107586,1,Pv,NS,1312
OG0010590,-0.09387904700290012,1,Pv,NS,1437
OG0010608,-0.2938368533010563,0.744403200188197,Pv,NS,1805
OG0010611,-1,0.239644844940844,Pv,NS,2412
OG0010616,1.242958758825898,0.00312924317229203,Pv,UP,103
OG0010625,-0.7060410209713056,0.0522486196462826,Pv,NS,2277
OG0010626,-1.6038405109268454,0.19943439022136,Pv,NS,2546
OG0010628,0.046317520209469165,1,Pv,NS,1217
OG0010634,-0.1316620640435461,1,Pv,NS,1518
OG0010637,-0.15360697914763968,0.804707138373745,Pv,NS,1563
OG0010641,1.0936485580567532,0.00676659826806808,Pv,UP,142
OG0010643,-0.7187627709518376,0.356585602225148,Pv,NS,2284
OG0010651,-1.3849476917563424,0.454396420045474,Pv,NS,2510
OG0010678,0.2666366425139895,0.959375053816285,Pv,NS,840
OG0010681,0.9891390073682332,0.514293223838308,Pv,NS,178
OG0010704,0.34141652447872234,0.569829811816118,Pv,NS,717
OG0010710,0.8519988371124463,1,Pv,NS,229
OG0010719,-0.41311518714781525,0.69187760193611,Pv,NS,1959
OG0010725,-0.24659444185796198,1,Pv,NS,1727
OG0010748,-1.5022599113909068,0.0124082638217509,Pv,DOWN,2531
OG0010771,-0.09541956507868243,1,Pv,NS,1444
OG0010777,1.9601409803107688,0.00405478584805985,Pv,UP,29
OG0010790,0.09491164702546698,1,Pv,NS,1124
OG0010818,0.03262001650108176,1,Pv,NS,1237
OG0010826,-1.1140352432460294,8.6697768798014e-4,Pv,DOWN,2448
OG0010836,-0.7013416844354848,0.241855119102219,Pv,NS,2274
OG0010840,0.1647862781433397,1,Pv,NS,1001
OG0010867,-0.5777669993169522,0.132626451360076,Pv,NS,2160
OG0010887,0.23388806017427727,1,Pv,NS,891
OG0010901,2.6827979987016484,8.2418388830635e-4,Pv,UP,8
OG0010907,0.43865185953419095,0.0919696212585648,Pv,NS,588
OG0010909,-0.4819685073978307,1,Pv,NS,2045
OG0010911,-0.1942948151614887,1,Pv,NS,1643
OG0010944,0.18142064028014163,0.964770173218077,Pv,NS,978
OG0010948,-1.1732590080864478,0.00260913215168209,Pv,DOWN,2458
OG0010952,-0.8494403234246186,0.0415263634328959,Pv,NS,2350
OG0010953,-0.17951465701362104,1,Pv,NS,1605
OG0010960,-0.4208198518728499,0.565354912412164,Pv,NS,1969
OG0010963,0.22331127425256508,0.692803198880689,Pv,NS,908
OG0010975,-0.37160576885782187,0.0395204429915411,Pv,NS,1905
OG0010984,5.004415460509153e-4,1,Pv,NS,1296
OG0010985,-0.17788172527065546,1,Pv,NS,1599
OG0010987,-0.6483716708972176,0.048222548720255,Pv,NS,2233
OG0011004,-0.5228407888133588,1,Pv,NS,2091
OG0011009,1.061430600497748,0.0352782191430574,Pv,UP,155
OG0011010,-0.1250063610670326,1,Pv,NS,1509
OG0011015,0.09761079662642232,1,Pv,NS,1121
OG0011026,-0.4619585466663364,1,Pv,NS,2020
OG0011033,-0.248107861595691,0.965110085094373,Pv,NS,1729
OG0011050,0.2880632003253163,1,Pv,NS,799
OG0011054,0.2558028366027179,0.790902296357459,Pv,NS,853
OG0011056,0.3627493075231554,0.123173733962082,Pv,NS,696
OG0011057,0.4340276746635975,0.0689922556289667,Pv,NS,591
OG0011062,-0.026205070347394,1,Pv,NS,1341
OG0011068,-1.3550615255884355,0.017774906293012,Pv,DOWN,2507
OG0011077,-0.01013437713371317,1,Pv,NS,1318
OG0011087,0.6461626571578936,0.0245737444656956,Pv,NS,365
OG0011093,0.3103401206121505,1,Pv,NS,768
OG0011105,0.2964923116593877,0.00502889765143268,Pv,NS,789
OG0011134,-0.305132900635793,0.8511703252462,Pv,NS,1824
OG0011144,-2.3291596641184382,0.00161009548139386,Pv,DOWN,2636
OG0011159,-0.3576860806413689,0.00274868612275189,Pv,NS,1888
OG0011183,-1.4659383975788818,0.00789718606178779,Pv,DOWN,2523
OG0011185,-0.4520566887096497,0.0820490621241791,Pv,NS,2007
OG0011187,0.07313470463021537,1,Pv,NS,1160
OG0011210,-0.17788172527065546,1,Pv,NS,1599
OG0011226,0.35162832910278236,0.575396011983286,Pv,NS,703
OG0011227,-0.25842515258120435,1,Pv,NS,1748
OG0011230,0.8978689304478051,0.0116991546239558,Pv,NS,208
OG0011245,-0.6665762662748083,0.221486848053421,Pv,NS,2246
OG0011251,0.1801478611584286,1,Pv,NS,980
OG0011266,0.6861643260613592,0.151377884156855,Pv,NS,326
OG0011275,0.01435529297707005,1,Pv,NS,1268
OG0011276,-0.4699292577749161,1,Pv,NS,2030
OG0011282,-0.5649048483799026,0.201241269980901,Pv,NS,2139
OG0011299,-0.3978282092466207,0.236885091295947,Pv,NS,1940
OG0011305,0.3402774047662543,0.983851665383969,Pv,NS,720
OG0011325,-2.351074440546878,0.0172882895556767,Pv,DOWN,2641
OG0011340,-0.05889368905356856,1,Pv,NS,1387
OG0011341,0.5499155536219554,0.0696678540136858,Pv,NS,467
OG0011342,0.3068455003142828,1,Pv,NS,773
OG0011360,0.10237085725738046,0.937727473990363,Pv,NS,1109
OG0011366,-0.23616354110904855,0.983524231181027,Pv,NS,1703
OG0011367,0.4478436443620855,0.277136972727459,Pv,NS,578
OG0011376,-0.1128466167847956,1,Pv,NS,1485
OG0011387,-0.3165281071447725,1,Pv,NS,1842
OG0011388,0.27500704749986976,1,Pv,NS,824
OG0011394,0.267835392097615,0.977648813544182,Pv,NS,834
OG0011430,0.5509006646475233,0.236889191274601,Pv,NS,463
OG0011441,0.5888045670155503,0.0328012923796195,Pv,NS,414
OG0011458,-0.00868224309980088,1,Pv,NS,1314
OG0011464,0.02290040211007882,1,Pv,NS,1251
OG0011466,-1.9306399396812473,0.151768777469857,Pv,NS,2596
OG0011480,-0.4150374992788438,0.220486157810359,Pv,NS,1960
OG0011502,0.04823618565284762,1,Pv,NS,1209
OG0011508,-0.0291463456595165,1,Pv,NS,1348
OG0011513,-0.1666562386868141,1,Pv,NS,1584
OG0011526,-0.1187269385707514,1,Pv,NS,1493
OG0011531,-0.06297925390091363,1,Pv,NS,1392
OG0011547,-2.0528949484321255,0.00180066647579801,Pv,DOWN,2613
OG0011565,-0.25842515258120435,1,Pv,NS,1748
OG0011574,-1.4422223286050742,0.0422563649754963,Pv,DOWN,2516
OG0011586,0.4059923596758368,0.124388436336781,Pv,NS,630
OG0011590,-0.6122294390427858,0.0640374748695638,Pv,NS,2197
OG0011591,-0.01449956969511508,1,Pv,NS,1323
OG0011609,-0.12973392960401728,1,Pv,NS,1513
OG0011611,0.8015725694635981,0.0107116467868562,Pv,NS,252
OG0011619,-0.14082554413356457,1,Pv,NS,1533
OG0011634,-0.14241704461585192,0.108655042169308,Pv,NS,1541
OG0011646,-0.003833309124532556,1,Pv,NS,1308
OG0011647,1.6834718928552277,0.775317432849365,Pv,NS,50
OG0011651,0.7638364588909514,0.0115490860617847,Pv,NS,273
OG0011654,0.3961594890731545,0.930740532735344,Pv,NS,646
OG0011661,-0.34190279464862844,0.856719871600756,Pv,NS,1865
OG0011664,0.4157586665224981,0.332217271478637,Pv,NS,616
OG0011705,0.01863417413905097,1,Pv,NS,1258
OG0011707,-0.09510346186571678,1,Pv,NS,1443
OG0011714,-0.5907448533151622,0.933475070423934,Pv,NS,2174
OG0011722,0.14920481724989237,1,Pv,NS,1026
OG0011723,0.2228045610452611,0.821672093218907,Pv,NS,909
OG0011734,-0.32012585225337686,1,Pv,NS,1844
OG0011741,-0.9186603725480612,0.00134171294139936,Pv,NS,2384
OG0011752,0.28924428515664247,1,Pv,NS,798
OG0011754,-1.9213901653036336,0.0132911325922833,Pv,DOWN,2593
OG0011773,-0.28454587288428235,0.535173644639901,Pv,NS,1794
OG0011784,-1.7997310352081355,1.3804385788119e-4,Pv,DOWN,2571
OG0011801,0.3705319731412554,1,Pv,NS,685
OG0011825,0.02290040211007882,1,Pv,NS,1251
OG0011831,0.1096948648259298,1,Pv,NS,1099
OG0011843,-0.1975999598851607,1,Pv,NS,1647
OG0011850,0.7227648349341198,0.00159883148863354,Pv,NS,301
OG0011854,-0.2740407654908124,0.255426886202176,Pv,NS,1779
OG0011860,-3.4266254735540556,0.245558897310219,Pv,NS,2664
OG0011915,0.4709272574751266,0.866918041814114,Pv,NS,548
OG0011920,1.0461417816447207,0.0477803758538918,Pv,UP,160
OG0011924,-3,0.00268184484717717,Pv,DOWN,2656
OG0011931,-1.8365012677171204,5.5877023059173e-4,Pv,DOWN,2577
OG0011932,1.1190241031422743,0.101473553441322,Pv,NS,135
OG0011943,-0.7290582401859711,0.31099058434766,Pv,NS,2293
OG0011947,0.22897256976016075,1,Pv,NS,896
OG0011948,-0.19209223711765178,0.880522100366237,Pv,NS,1638
OG0011965,-0.4016347946763554,0.663119221236072,Pv,NS,1946
OG0011966,-0.12400424348754821,1,Pv,NS,1508
OG0011982,-0.8858486162728925,0.00274272913542859,Pv,NS,2367
OG0011989,0.6545153148943744,0.184180500459897,Pv,NS,355
OG0011990,-1.0320936297098533,1,Pv,NS,2428
OG0011991,-0.5084034055895519,0.00753331989826105,Pv,NS,2076
OG0012014,0.2785795504584233,0.0410983718466387,Pv,NS,814
OG0012016,-0.37519723474705274,1,Pv,NS,1911
OG0012018,-1.5907448533151622,0.00188808412004959,Pv,DOWN,2543
OG0012020,-0.45997273074249273,1,Pv,NS,2017
OG0012021,-0.475982372624857,0.0689922556289667,Pv,NS,2040
OG0012026,0.07450543636362976,1,Pv,NS,1158
OG0012032,2.7160088373375,0.00106483363411473,Pv,UP,7
OG0012034,0.2856981259581251,1,Pv,NS,802
OG0012045,-0.5649048483799026,0.0218249096750889,Pv,NS,2139
OG0012053,1.3276873641760472,0.0500982233238044,Pv,NS,92
OG0012064,-0.4619585466663364,0.561554734798777,Pv,NS,2020
OG0012079,-1.960159735468209,0.0284898490661861,Pv,DOWN,2599
OG0012082,0.7865963618908067,1,Pv,NS,258
OG0012087,0.14841369734154836,1,Pv,NS,1027
OG0012112,0.47923056120633595,0.0892304860621943,Pv,NS,539
OG0012127,-0.9351171484151456,0.0119846980304305,Pv,NS,2390
OG0012130,-0.2898272517203383,0.720119531998428,Pv,NS,1798
OG0012131,0.13750352374993502,1,Pv,NS,1050
OG0012141,-0.3940316411585416,0.299932875929634,Pv,NS,1938
OG0012165,-1.2933589426905916,0.00124379416578644,Pv,DOWN,2484
OG0012171,0.4425454561053042,0.202841266662372,Pv,NS,584
OG0012179,-0.6326289343514705,0.861524756276101,Pv,NS,2219
OG0012185,0.561692721398309,0.684060233288692,Pv,NS,448
OG0012198,-0.1568201097428258,0.831561994048816,Pv,NS,1571
OG0012206,-0.10469737866669324,1,Pv,NS,1467
OG0012210,0.0676387168753633,1,Pv,NS,1172
OG0012221,0.4604804700400108,0.0198873972965883,Pv,NS,562
OG0012223,-0.3864683470820729,0.495201654685394,Pv,NS,1927
OG0012249,0.6301983365145125,0.0124082638217509,Pv,NS,377
OG0012263,2.945982185997463,0.00329401430459845,Pv,UP,5
OG0012266,-0.09850554495242506,1,Pv,NS,1452
OG0012280,-0.4130525197178426,1,Pv,NS,1958
OG0012283,1.7752612923477509,0.00101694733357775,Pv,UP,42
OG0012285,0.12565110166152013,1,Pv,NS,1075
OG0012287,-0.1894666201729675,1,Pv,NS,1631
OG0012291,0.3379964635150159,1,Pv,NS,721
OG0012292,-0.0694518807521452,1,Pv,NS,1396
OG0012302,-0.2293823533437969,1,Pv,NS,1691
OG0012318,0.3796209620557083,0.754278075388476,Pv,NS,672
OG0012339,0.5859239769586013,0.100951357749361,Pv,NS,418
OG0012343,-0.8651219456568883,0.00600514573253254,Pv,NS,2359
OG0012355,0.5188190268200301,0.00639918148076662,Pv,NS,505
OG0012364,0.46988597627446366,0.692803198880689,Pv,NS,551
OG0012396,0.045999501841164775,1,Pv,NS,1218
OG0012410,-0.08314123530024586,1,Pv,NS,1413
OG0012426,0.5495007925891967,0.0415778826406364,Pv,NS,469
OG0012430,0.1647862781433397,1,Pv,NS,1001
OG0012438,-0.10624949827943408,1,Pv,NS,1471
OG0012440,0.1335635257411058,1,Pv,NS,1055
OG0012452,-2.617599334282459,0.00689303623410852,Pv,DOWN,2654
OG0012454,-0.09650722757758214,1,Pv,NS,1449
OG0012471,0.32423456227053127,0.0693797049559799,Pv,NS,747
OG0012476,0.2856981259581251,1,Pv,NS,802
OG0012511,0.175732188584436,1,Pv,NS,987
OG0012515,0.36350887642556606,0.220936654867057,Pv,NS,694
OG0012519,-0.0663111044644219,1,Pv,NS,1394
OG0012528,0.6369145803558778,0.167869246130508,Pv,NS,374
OG0012538,0.6526012175965195,0.00140237512160294,Pv,NS,358
OG0012563,0.09085343045111348,1,Pv,NS,1128
OG0012571,-0.03652587602511404,1,Pv,NS,1358
OG0012581,0.333294228498199,0.385313120692187,Pv,NS,735
OG0012590,0.4446670668419076,0.125730631499066,Pv,NS,582
OG0012601,-1.4981787345790898,0.0251181575934111,Pv,DOWN,2529
OG0012622,-1.0076433544783692,0.115622870750958,Pv,NS,2416
OG0012643,0.8906412439634438,4.8332000372917e-4,Pv,NS,210
OG0012648,0.12565110166152013,1,Pv,NS,1075
OG0012655,0.9305481192478549,4.3626206554934e-4,Pv,NS,200
OG0012663,1.100977647724821,1,Pv,NS,137
OG0012675,0.2809563138310563,0.930740532735344,Pv,NS,808
OG0012681,-0.4719288354212646,1,Pv,NS,2033
OG0012693,-0.3883554566263384,1,Pv,NS,1931
OG0012704,-1.4659383975788818,0.0379192836137224,Pv,DOWN,2523
OG0012719,-0.6275750102741716,0.215468409071429,Pv,NS,2217
OG0012725,-0.035277190822665214,1,Pv,NS,1357
OG0012731,0.18142064028014163,1,Pv,NS,978
OG0012732,0.26062790812669856,0.596019389673664,Pv,NS,849
OG0012739,-0.3677317845004871,1,Pv,NS,1898
OG0012740,0.03139519627553432,1,Pv,NS,1239
OG0012745,0.1335635257411058,1,Pv,NS,1055
OG0012748,-1.3040061868900998,2.0160868371927e-4,Pv,DOWN,2489
OG0012766,-0.5563933485243852,0.0429876959669024,Pv,NS,2130
OG0012814,-2.0174170530774096,1.3872511438787e-4,Pv,DOWN,2606
OG0012815,-0.03209362970985334,1,Pv,NS,1353
OG0012824,-0.584241333477502,0.839300181115323,Pv,NS,2166
OG0012836,-0.5228407888133588,0.693851104090817,Pv,NS,2091
OG0012846,-0.4699292577749161,0.0325372008039327,Pv,NS,2030
OG0012852,0.0321855296149583,1,Pv,NS,1238
OG0012855,-0.3022261804448139,0.056953157348985,Pv,NS,1816
OG0012856,0.8367320804591358,4.3897539035585e-4,Pv,NS,237
OG0012875,0.13619138628714403,1,Pv,NS,1054
OG0012906,0.3994445645894576,0.152471789217739,Pv,NS,638
OG0012912,-0.7259099386115921,0.0630657651713135,Pv,NS,2290
OG0012915,0.00144197417390632,1,Pv,NS,1294
OG0012916,0.5079214649573282,0.0380786454716387,Pv,NS,516
OG0012924,0.3762903833370515,1,Pv,NS,675
OG0012941,-0.23616354110904855,1,Pv,NS,1703
OG0012958,0.6088092426755238,0.144182843919346,Pv,NS,397
OG0012963,0.12370979769518498,0.488181697207174,Pv,NS,1081
OG0012971,-0.5994620704162712,0.701695934841621,Pv,NS,2182
OG0012984,1.506398831527454,0.775317432849365,Pv,NS,62
OG0012985,0.20110458795699995,1,Pv,NS,947
OG0012986,1.2166100687424417,0.0656717181320705,Pv,NS,109
OG0013000,0.2880457814159372,0.329359827380791,Pv,NS,801
OG0013019,-0.8546486144273799,0.0121478264535958,Pv,NS,2353
OG0013031,-0.1376478004679799,1,Pv,NS,1525
OG0013036,0.4843959625026663,1,Pv,NS,536
OG0013037,-0.6024190901271711,0.0231404169065044,Pv,NS,2185
OG0013053,0.11103131238874396,1,Pv,NS,1096
OG0013056,-0.03652587602511404,1,Pv,NS,1358
OG0013074,0.06488285158485439,1,Pv,NS,1176
OG0013076,1.138814468902282,2.720769449506e-4,Pv,UP,133
OG0013077,0.05241589415113853,1,Pv,NS,1200
OG0013083,-0.5022599113909069,0.0145600834739142,Pv,NS,2072
OG0013131,-0.18442457113742744,1,Pv,NS,1615
OG0013137,-0.3978282092466207,1,Pv,NS,1940
OG0013143,-0.4092782299901589,1,Pv,NS,1954
OG0013144,0.267835392097615,0.89257089154223,Pv,NS,834
OG0013148,-0.18606492951868295,1,Pv,NS,1620
OG0013150,-0.6274097365443074,0.079931707213834,Pv,NS,2215
OG0013165,-0.6620035364849841,0.0460795737812249,Pv,NS,2243
OG0013177,-0.4363537305159361,1,Pv,NS,1989
OG0013178,-0.4837548937706493,0.56507736648846,Pv,NS,2051
OG0013186,0.5626698261027023,0.348843938181864,Pv,NS,447
OG0013211,-1.2618807112174235,0.00417794469813634,Pv,DOWN,2477
OG0013214,-0.1363089808440576,1,Pv,NS,1524
OG0013215,-0.021757532297882826,0.533585030152331,Pv,NS,1334
OG0013219,0.19721591266114036,0.345854626181704,Pv,NS,955
OG0013228,0.4207064169976945,0.334439634662051,Pv,NS,612
OG0013242,-0.07629014345389777,1,Pv,NS,1405
OG0013243,-0.20922796213800007,1,Pv,NS,1663
OG0013251,-0.07099199131585174,0.808778697197867,Pv,NS,1398
OG0013266,0.1335635257411058,1,Pv,NS,1055
OG0013268,-0.5563933485243852,0.694717875101259,Pv,NS,2130
OG0013274,-2.4422223286050744,0.0284646471289009,Pv,DOWN,2643
OG0013289,-0.6803820657998387,0.0116960272019127,Pv,NS,2257
OG0013308,0.3696060700318379,0.566289925674158,Pv,NS,686
OG0013309,0.00719550140420376,1,Pv,NS,1283
OG0013321,2.7400640588468588,0.00188236019974691,Pv,UP,6
OG0013328,1.001117223032343,1,Pv,NS,173
OG0013338,-0.5332423842738286,1,Pv,NS,2102
OG0013350,0.973794929652606,0.0203929091453919,Pv,NS,186
OG0013356,1.0136409106693862,0.00354987225882588,Pv,UP,170
OG0013364,0.2485348361386787,1,Pv,NS,864
OG0013365,-0.3291596641184381,1,Pv,NS,1855
OG0013366,-0.16326791954086414,1,Pv,NS,1581
OG0013373,-0.19099722506091363,0.391107296233968,Pv,NS,1632
OG0013374,0.9757209757070342,6.0124529376753e-4,Pv,NS,184
OG0013377,-0.2915920165164037,0.879816017754272,Pv,NS,1802
OG0013384,0.6993065263296183,0.00705430501560474,Pv,NS,320
OG0013391,-0.5166356392866507,0.282419858858277,Pv,NS,2088
OG0013394,-0.3864683470820729,1,Pv,NS,1927
OG0013403,0.3951274549874816,0.915013792053752,Pv,NS,649
OG0013429,0.5509006646475233,0.16750848050798,Pv,NS,463
OG0013430,-0.8262329322632936,0.373778135730714,Pv,NS,2336
OG0013452,0.09895848008816877,1,Pv,NS,1116
OG0013466,-0.4819685073978307,0.0397810666924815,Pv,NS,2045
OG0013524,0.6021717907533792,0.129392645287574,Pv,NS,403
OG0013538,-0.21424022557298897,1,Pv,NS,1672
OG0013540,1.081339627451939,0.0133630800392797,Pv,UP,148
OG0013548,0.01959517201695421,0.16825097990203,Pv,NS,1257
OG0013561,1.0100636833446974,0.0621677213551833,Pv,NS,171
OG0013568,0.7843193681542284,0.0270721789590196,Pv,NS,259
OG0013578,-0.5228407888133588,0.00583702859838071,Pv,NS,2091
OG0013614,-0.02034044828417553,1,Pv,NS,1329
OG0013632,0.9282755616119348,0.104790915064581,Pv,NS,201
OG0013633,0.4103411046140874,0.225686760547222,Pv,NS,624
OG0013638,-1.6896598793878497,0.00401006318634318,Pv,DOWN,2559
OG0013641,-0.6104331882372743,0.00104312914059408,Pv,NS,2192
OG0013645,0.08406426478847455,1,Pv,NS,1141
OG0013654,-0.1456053222468993,0.959375053816285,Pv,NS,1548
OG0013655,1.087462841250339,0.00415928409021671,Pv,UP,144
OG0013671,-0.12973392960401728,1,Pv,NS,1513
OG0013678,0.08678376614206665,1,Pv,NS,1135
OG0013682,0.6653927710418914,0.16750848050798,Pv,NS,344
OG0013683,0.24610400988391656,0.734439095448672,Pv,NS,872
OG0013687,0,1,Pv,NS,1297
OG0013692,2.660701320905273,0.00113127126128248,Pv,UP,10
OG0013697,2.0125686735030555,0.00208018572412326,Pv,UP,27
OG0013714,-0.7249929525001302,0.0592500410990759,Pv,NS,2287
OG0013739,0.28451413324424535,0.734439095448672,Pv,NS,805
OG0013744,-0.4208198518728499,1,Pv,NS,1969
OG0013757,0.9530789526125074,0.389297157020488,Pv,NS,195
OG0013762,0.15574923267794483,0.733178095908939,Pv,NS,1017
OG0013764,0.5655971758542251,0.161275039066376,Pv,NS,443
OG0013767,-0.3040061868900999,1,Pv,NS,1822
OG0013769,0.42867840994823014,1,Pv,NS,601
OG0013782,0.15825361992639417,0.630009355516366,Pv,NS,1014
OG0013792,-0.7892755024172906,0.0596739190096356,Pv,NS,2321
OG0013818,-0.17517111891485637,1,Pv,NS,1591
OG0013825,0.5675454476437468,0.191458252332392,Pv,NS,440
OG0013834,-0.02767495844284834,1,Pv,NS,1346
OG0013841,-1.8996950942043145,0.0323794904149834,Pv,DOWN,2587
OG0013845,-0.7107557148433575,0.138899023929561,Pv,NS,2279
OG0013847,-0.3864683470820729,0.0410983718466387,Pv,NS,1927
OG0013851,-0.5929192245494992,0.196127146071304,Pv,NS,2178
OG0013853,1.0976107966264224,0.00123238819473392,Pv,UP,140
OG0013856,-0.265344566520995,1,Pv,NS,1760
OG0013861,-0.33642766458247736,0.263626791938406,Pv,NS,1858
OG0013866,0.40163046658474055,0.547059280535781,Pv,NS,634
OG0013879,-2.1713684183119812,0.0142746308023023,Pv,DOWN,2622
OG0013882,-0.391944562767451,0.776829240672356,Pv,NS,1936
OG0013890,0.5350575948948424,0.0594292789695581,Pv,NS,487
OG0013895,-2.321928094887362,1.3872511438787e-4,Pv,DOWN,2635
OG0013898,-0.00868224309980088,1,Pv,NS,1314
OG0013899,-0.1109159014018506,1,Pv,NS,1480
OG0013907,0.0676387168753633,1,Pv,NS,1172
OG0013912,-0.39024503782755654,1,Pv,NS,1932
OG0013919,-0.42468766931256313,0.498550501269236,Pv,NS,1976
OG0013926,-1.2361885604982494,0.298172992463042,Pv,NS,2473
OG0013939,-0.5649048483799026,0.0190244697490988,Pv,NS,2139
OG0013941,-0.6341077355580755,0.0264224721403058,Pv,NS,2221
OG0013955,-0.09541956507868243,1,Pv,NS,1444
OG0013957,-0.37178328762836094,0.017774906293012,Pv,NS,1906
OG0013961,0.05935527761642124,1,Pv,NS,1184
OG0013974,-0.2688167584278,0.931888694975904,Pv,NS,1769
OG0013978,-2.2872832385295947,0.0466995544669826,Pv,DOWN,2632
OG0013987,0.16607267594670594,1,Pv,NS,998
OG0013989,0.10662946426964304,1,Pv,NS,1104
OG0013996,-0.04692104738749257,1,Pv,NS,1373
OG0014025,-0.08424619772421912,0.91771105090552,Pv,NS,1419
OG0014026,-0.36937782303930095,0.266108607552295,Pv,NS,1901
OG0014030,-0.4520566887096497,0.0673089655721782,Pv,NS,2007
OG0014037,-1.3248916992702182,0.00815276228844513,Pv,DOWN,2496
OG0014055,-1.1294991013421511,0.016876675928378,Pv,DOWN,2450
OG0014056,-0.46394709975979026,0.113187172828875,Pv,NS,2026
OG0014072,-0.5713215900517699,0.791887373965436,Pv,NS,2151
OG0014076,1.171271683855656,0.00340044760895985,Pv,UP,123
OG0014077,-0.02251772483093291,0.490977093519937,Pv,NS,1335
OG0014078,0.7136958148433589,0.527152752543834,Pv,NS,306
OG0014081,-0.04841220518524589,1,Pv,NS,1375
OG0014087,-0.5585165204173551,0.327438931895687,Pv,NS,2133
OG0014089,-0.265344566520995,0.603884792525935,Pv,NS,1760
OG0014101,0.36401205355861466,0.0885086938624296,Pv,NS,693
OG0014103,-0.5088253534108435,0.123236596408033,Pv,NS,2080
OG0014118,1.882838655767251,4.9062300829552e-4,Pv,UP,36
OG0014120,-0.5734668618833266,0.00786521281963746,Pv,NS,2154
OG0014123,-0.77595972578207,0.0416713179037491,Pv,NS,2315
OG0014125,0.11948145327269587,1,Pv,NS,1085
OG0014143,-0.16326791954086414,1,Pv,NS,1581
OG0014160,-0.16004041251046824,0.998277582710762,Pv,NS,1574
OG0014168,-1.077041035763828,0.206324371496898,Pv,NS,2437
OG0014175,-0.15200309344504995,1,Pv,NS,1561
OG0014192,1.1210154009613658,0.0301775095185425,Pv,UP,134
OG0014198,0.5518851034717248,0.710956187113406,Pv,NS,461
OG0014206,-1.038006322579745,0.915013792053752,Pv,NS,2429
OG0014218,-0.3400754415976217,0.0520902811434055,Pv,NS,1862
OG0014274,-0.9110015703588838,0.042626259054362,Pv,NS,2381
OG0014288,0.4615285594728771,0.223047595421349,Pv,NS,561
OG0014294,0.4297498508002161,0.306002064470197,Pv,NS,596
OG0014301,-0.08620103504930393,1,Pv,NS,1422
OG0014329,-0.6780719051126377,1,Pv,NS,2255
OG0014331,0.165327957444483,0.945234756467222,Pv,NS,1000
OG0014334,-0.09925013533951238,1,Pv,NS,1454
OG0014364,0.19202490339757988,1,Pv,NS,960
OG0014368,-1.438307278601691,5.6512473701193e-4,Pv,DOWN,2515
OG0014370,0.24245007367770144,0.342278789925702,Pv,NS,880
OG0014381,0.1401242239090707,1,Pv,NS,1045
OG0014383,0.125212807917005,1,Pv,NS,1079
OG0014402,-0.5437195184892746,0.211218848918303,Pv,NS,2111
OG0014410,-0.03061923505839206,1,Pv,NS,1351
OG0014426,-0.4188898247744504,0.401029058727344,Pv,NS,1966
OG0014434,-0.6665762662748083,0.118215685304171,Pv,NS,2246
OG0014438,-0.5228407888133588,0.427493293910587,Pv,NS,2091
OG0014448,0.29513524900081806,0.62437264427565,Pv,NS,790
OG0014451,-0.9132162338579334,0.00290124231229929,Pv,NS,2382
OG0014461,-0.21759143507262677,0.945560184655401,Pv,NS,1675
OG0014482,-1.6483716708972176,0.153198426591631,Pv,NS,2552
OG0014483,0.9855004303048848,0.0116193070076167,Pv,NS,180
OG0014488,-0.17625063969172725,1,Pv,NS,1592
OG0014492,-1.321675667427436,0.10129101056318,Pv,NS,2492
OG0014496,-0.22036472073646604,0.701347842264664,Pv,NS,1677
OG0014504,0.27781385455835206,0.762344025742339,Pv,NS,818
OG0014511,-0.98564470702292994,0.0111393472099338,Pv,NS,2406
OG0014513,0.14143279092929553,1,Pv,NS,1037
OG0014526,-0.4428098238363454,0.153198426591631,Pv,NS,1997
OG0014537,0.28186705849053767,0.9938875096723,Pv,NS,807
OG0014564,-0.49562748608910256,0.99742826393597,Pv,NS,2064
OG0014578,-1.2933589426905916,9.6448834830843e-4,Pv,DOWN,2484
OG0014585,0.45628048151072537,0.575430326903288,Pv,NS,571
OG0014628,-0.07856366919370213,1,Pv,NS,1408
OG0014651,0.3033423944873308,1,Pv,NS,777
OG0014682,-0.02367889850471136,1,Pv,NS,1337
OG0014696,0.29865831556451516,1,Pv,NS,785
OG0014697,1.4724877714627436,0.782447584025184,Pv,NS,66
OG0014766,0.7398481026993274,0.00764678876956352,Pv,NS,288
OG0014767,0.7840851427347569,0.943857851630805,Pv,NS,260
OG0014768,-0.5741316747881899,0.0807873206304417,Pv,NS,2156
OG0014769,-0.6506347224057867,0.00450664175225012,Pv,NS,2235
OG0014773,0.5849625007211562,0.882894146778744,Pv,NS,419
OG0014780,0.10043169088337461,1,Pv,NS,1113
OG0014783,-0.02473667832150644,1,Pv,NS,1338
OG0014803,-0.4888991975070115,0.487235474834948,Pv,NS,2056
OG0014809,-1.4520688381411326,0.156697197659939,Pv,NS,2520
OG0014816,-0.5085493803715362,0.733178095908939,Pv,NS,2079
OG0014829,-0.42421344687420465,0.0451792291847228,Pv,NS,1975
OG0014852,-1.026205070347394,0.196240231047317,Pv,NS,2422
OG0014856,0.24245007367770144,1,Pv,NS,880
OG0014876,-0.31473259348315835,1,Pv,NS,1837
OG0014898,-0.4739311883324124,0.702425635307076,Pv,NS,2036
OG0014902,-0.25325728422226385,1,Pv,NS,1738
OG0014907,0.7102735386881954,0.225465205493639,Pv,NS,312
OG0014908,0.335711910320462,0.940925464468709,Pv,NS,730
OG0014932,-2.4422223286050744,0.00417794469813634,Pv,DOWN,2643
OG0014954,0.34141652447872234,1,Pv,NS,717
OG0014958,1.0806576633452252,0.28525485058172,Pv,NS,149
OG0014972,-0.139235797371172,1,Pv,NS,1529
OG0014976,-0.8427480199296782,0.0721436827889743,Pv,NS,2346
OG0014995,-0.00917594759536075,1,Pv,NS,1317
OG0015020,-0.41119543298444966,1,Pv,NS,1956
OG0015022,0.02715405150372665,1,Pv,NS,1244
OG0015024,-0.2601518973006725,1,Pv,NS,1751
OG0015043,-0.1440103026915193,1,Pv,NS,1545
OG0015052,0.6350578297252141,0.111135804373323,Pv,NS,375
OG0015055,0.09085343045111348,1,Pv,NS,1128
OG0015087,0.38107489008374373,0.591640110797902,Pv,NS,667
OG0015100,-0.4324545523562533,0.983524231181027,Pv,NS,1983
OG0015108,0.16221003631430692,1,Pv,NS,1005
OG0015121,0.05658352836636751,1,Pv,NS,1189
OG0015124,0.22527492986956937,1,Pv,NS,903
OG0015134,1.946356571633634,0.00447331763624707,Pv,UP,31
OG0015160,0.18402096529738388,0.0919696212585648,Pv,NS,975
OG0015161,1.5518851034717247,0.03562957157877,Pv,UP,59
OG0015171,0.590567817666189,0.148430686395348,Pv,NS,412
OG0015172,0.6535186707535996,1,Pv,NS,357
OG0015177,0.1016500760944348,1,Pv,NS,1110
OG0015202,0.29513524900081806,0.412013987967478,Pv,NS,790
OG0015213,0.07505495076549541,1,Pv,NS,1157
OG0015214,0.5538519681811257,1,Pv,NS,459
OG0015224,1.4547023281636882,0.0945333790288673,Pv,NS,70
OG0015264,0.3493652775942134,1,Pv,NS,705
OG0015271,0.5244389304204548,0.00189803190352715,Pv,NS,498
OG0015275,-0.20423305221760776,0.617537304449739,Pv,NS,1656
OG0015284,0.39066768555966747,0.438084313719774,Pv,NS,657
OG0015293,-2.465938397578882,0.0288568938758269,Pv,DOWN,2646
OG0015309,-0.06190243892590685,0.971767716980696,Pv,NS,1390
OG0015322,-0.5022599113909069,0.393894698731337,Pv,NS,2072
OG0015342,0.7107600450766401,0.0436028195162811,Pv,NS,311
OG0015352,0.5216677024398748,0.0131392332689786,Pv,NS,500
OG0015364,-0.7417826104639821,0.0587885411636659,Pv,NS,2299
OG0015368,-0.11115906222748523,1,Pv,NS,1482
OG0015370,0.4181818428790046,0.590301898169944,Pv,NS,614
OG0015372,-1.5820799921880346,9.2064794711116e-4,Pv,DOWN,2541
OG0015384,-0.5242359417835285,0.17419823204363,Pv,NS,2096
OG0015391,-0.05839292713103207,1,Pv,NS,1386
OG0015397,-0.3493525094954282,0.0498350329625057,Pv,NS,1878
OG0015401,-0.3040061868900999,1,Pv,NS,1822
OG0015413,-0.131313234677865,1,Pv,NS,1516
OG0015420,-1.469929257774916,0.08903012851941,Pv,NS,2526
OG0015423,0.4987614656718524,1,Pv,NS,521
OG0015425,0.6580972053513715,0.00734801506371956,Pv,NS,353
OG0015426,0.27381424458703657,1,Pv,NS,827
OG0015427,-0.15095656323138212,1,Pv,NS,1559
OG0015451,0.7075247908996078,0.12859785107972,Pv,NS,316
OG0015452,0.7765367052046663,0.0321261597477718,Pv,NS,267
OG0015453,0.5150059164337295,0.111312082940874,Pv,NS,510
OG0015455,-0.6104331882372743,0.0552008935866314,Pv,NS,2192
OG0015456,-0.1200752377663905,1,Pv,NS,1496
OG0015458,-0.10314692710329326,1,Pv,NS,1464
OG0015464,-0.6734626518600481,0.0427775360329668,Pv,NS,2250
OG0015470,0.22774107583912812,1,Pv,NS,898
OG0015473,-0.6943212567577125,0.715002552690533,Pv,NS,2266
OG0015474,-0.10005101381032824,1,Pv,NS,1455
OG0015476,-0.04692104738749257,1,Pv,NS,1373
OG0015479,-0.27928375747886874,1,Pv,NS,1785
OG0015482,0.7163324802879873,0.016677736510853,Pv,NS,305
OG0015502,0.14143279092929553,1,Pv,NS,1037
OG0015513,0.00863030514344005,1,Pv,NS,1279
OG0015523,-0.7685675915520349,0.314758285884092,Pv,NS,2312
OG0015533,-1.86775220170156,0.0302417851341412,Pv,DOWN,2580
OG0015539,-0.15521264992094003,1,Pv,NS,1569
OG0015577,0.5150059164337295,0.0898334781983321,Pv,NS,510
OG0015579,0.30015390941951947,1,Pv,NS,783
OG0015584,0.7777564313988704,0.00839769835539821,Pv,NS,265
OG0015588,-0.6259342817774622,1,Pv,NS,2214
OG0015605,0.5636462694840639,0.882234379630458,Pv,NS,445
OG0015622,0.4616232807392314,0.653375841286426,Pv,NS,560
OG0015628,-0.00144341686966871,1,Pv,NS,1301
OG0015629,0.1423305005627697,0.00846783298973578,Pv,NS,1036
OG0015654,0.22921620155122158,0.915694113067494,Pv,NS,895
OG0015676,0.3983503703459648,1,Pv,NS,641
OG0015699,0.583037623796664,0.269514691666543,Pv,NS,423
OG0015706,-0.6896598793878495,0.700997053405759,Pv,NS,2264
OG0015710,0.8261925362366015,0.00724380593929891,Pv,NS,243
OG0015761,-0.416962376203336,0.914282132089482,Pv,NS,1962
OG0015769,0.5655971758542251,0.200405931574543,Pv,NS,443
OG0015774,-0.8916428219095814,9.9139083253945e-4,Pv,NS,2370
OG0015799,1.5840003832857728,0.00190900763699147,Pv,UP,58
OG0015805,-0.2009126939259964,1,Pv,NS,1650
OG0015810,-0.38674573509566007,0.30034438731421,Pv,NS,1930
OG0015814,0.5269813983399025,1,Pv,NS,494
OG0015817,-0.5820799921880347,0.00595342545221675,Pv,NS,2165
OG0015827,1.8949147479499004,0.797565600039486,Pv,NS,35
OG0015832,0.2558028366027179,0.855806159544932,Pv,NS,853
OG0015846,-0.35107444054687875,0.0764865624270032,Pv,NS,1880
OG0015849,-0.3733272473940066,1,Pv,NS,1909
OG0015860,-0.44028472444226424,0.220936654867057,Pv,NS,1995
OG0015872,0.279768421593595,0.761002505827206,Pv,NS,809
OG0015892,0.45943161863729726,0.477082000596487,Pv,NS,567
OG0015897,0.02290040211007882,1,Pv,NS,1251
OG0015900,-0.6757654377294687,0.365937399700871,Pv,NS,2253
OG0015902,-0.1414606698725594,0.856719871600756,Pv,NS,1538
OG0015904,0.05102400302446689,1,Pv,NS,1205
OG0015932,0.5393308744623826,0.0183667397755002,Pv,NS,482
OG0015941,-1.8160371651574052,4.11758754960777e-5,Pv,DOWN,2572
OG0015948,-0.13524319175237612,1,Pv,NS,1520
OG0015974,-0.09387904700290012,1,Pv,NS,1437
OG0015977,0.3538878362849074,0.0228034409363495,Pv,NS,701
OG0015984,-0.8416629728328994,0.00764678876956352,Pv,NS,2345
OG0015988,-0.3674664134614589,0.0562323219372453,Pv,NS,1897
OG0015990,0.43095386828115867,0.00376185210512783,Pv,NS,595
OG0016020,0.10399638755502942,0.618280601119052,Pv,NS,1106
OG0016022,-1.8262329322632935,0.00124315171163571,Pv,DOWN,2576
OG0016046,-0.02473667832150644,1,Pv,NS,1338
OG0016049,0.10030490579568548,1,Pv,NS,1114
OG0016079,0.1412774300834052,0.186183468974365,Pv,NS,1044
OG0016084,0.10151034533325193,0.964873223237852,Pv,NS,1112
OG0016103,-0.5500425163719965,0.809239722680721,Pv,NS,2117
OG0016115,0.4478436443620855,1,Pv,NS,578
OG0016134,0.3033423944873308,0.959375053816285,Pv,NS,777
OG0016141,0.1928254035523912,0.377416033114791,Pv,NS,958
OG0016143,0.22650852980867975,1,Pv,NS,900
OG0016166,2.452920928061981,0.00137809620722136,Pv,UP,14
OG0016167,0.5385709008039693,0.00128631562560034,Pv,NS,484
OG0016178,-0.1456053222468993,1,Pv,NS,1548
OG0016187,0.4583820041560132,0.688913706172675,Pv,NS,569
OG0016199,0.3807294485035485,0.0524490609559859,Pv,NS,668
OG0016204,1.1871342914745355,0.0255556978110494,Pv,UP,119
OG0016225,-1.234465253637023,0.459942195416297,Pv,NS,2471
OG0016230,0.5467963131475144,0.102963580426442,Pv,NS,475
OG0016233,-0.05439229681862778,1,Pv,NS,1379
OG0016234,-0.7154858667557547,0.0349340766469308,Pv,NS,2282
OG0016244,-0.3547594873547347,0.664423417804553,Pv,NS,1884
OG0016255,0.637842060324105,0.210957361936524,Pv,NS,372
OG0016284,-0.03800632257974491,1,Pv,NS,1364
OG0016285,-0.579921884020626,0.00998626631252914,Pv,NS,2163
OG0016287,-0.38458370273712994,0.153123979889337,Pv,NS,1925
OG0016331,-0.24468509595490195,0.82574743171167,Pv,NS,1723
OG0016350,0.9847716123854252,0.00278023687205082,Pv,NS,181
OG0016362,1.0380311888843337,0.00345187670643676,Pv,UP,165
OG0016401,-0.3566055465201077,0.175249237160909,Pv,NS,1885
OG0016409,0.5665716406267608,0.00826346064445092,Pv,NS,441
OG0016410,-0.5084034055895519,1,Pv,NS,2076
OG0016416,-0.3789444967002605,0.659194519797477,Pv,NS,1914
OG0016427,-0.04097178105630617,1,Pv,NS,1367
OG0016428,-0.11403524324602944,1,Pv,NS,1486
OG0016446,0.3651325934525299,1,Pv,NS,689
OG0016452,-0.17462139610706873,1,Pv,NS,1590
OG0016457,1.3923174227787602,4.05589257123878e-5,Pv,UP,81
OG0016462,-0.24468509595490195,1,Pv,NS,1723
OG0016482,-1.8997352683860769,0.00729414342403743,Pv,DOWN,2588
OG0016498,0.05510544015195135,1,Pv,NS,1194
OG0016503,1.0648828515848543,0.00138756711462973,Pv,UP,153
OG0016508,0.05380644369579382,1,Pv,NS,1195
OG0016519,0.3149864854685155,1,Pv,NS,760
OG0016531,-0.4188898247744504,1,Pv,NS,1966
OG0016538,-0.4576113650541231,0.373810825866642,Pv,NS,2016
OG0016556,0.11636475669178462,1,Pv,NS,1089
OG0016574,-0.7345631039509016,0.0250005835888426,Pv,NS,2295
OG0016578,0.4993967012588829,1,Pv,NS,520
OG0016579,-0.23107466443624883,0.701010016547758,Pv,NS,1694
OG0016601,-0.04841220518524589,1,Pv,NS,1375
OG0016624,0.5753123306874368,0.366458049587953,Pv,NS,431
OG0016636,-0.1811494391045665,1,Pv,NS,1608
OG0016637,0.3807294485035485,1,Pv,NS,668
OG0016645,-0.34190279464862844,0.08903012851941,Pv,NS,1865
OG0016646,-0.8442507673220552,0.904452084039788,Pv,NS,2348
OG0016653,0.5782141654724543,0.00550657047982761,Pv,NS,429
OG0016656,0.8575829553841481,0.0915496049522475,Pv,NS,227
OG0016671,-0.14082554413356457,1,Pv,NS,1533
OG0016675,0.7398481026993274,0.0409329279793652,Pv,NS,288
OG0016679,-0.36215793967589505,0.407602208115889,Pv,NS,1894
OG0016694,-0.5125136506514639,0.0469897498792079,Pv,NS,2082
OG0016695,0.29278174922784594,1,Pv,NS,794
OG0016704,0.2228045610452611,1,Pv,NS,909
OG0016722,-0.4150374992788438,1,Pv,NS,1960
OG0016726,0.503857532577429,0.510343090942088,Pv,NS,519
OG0016748,-2.376451859158851,0.00101694733357775,Pv,DOWN,2642
OG0016756,0.02431967919541289,1,Pv,NS,1249
OG0016778,0,1,Pv,NS,1297
OG0016780,-0.18044876151626044,0.982752874737123,Pv,NS,1607
OG0016783,-2.1162285313154854,0.0477524524090396,Pv,DOWN,2619
OG0016785,0.23756371831767567,0.752091938499919,Pv,NS,885
OG0016788,-1.3040061868900998,7.6408487024107e-5,Pv,DOWN,2489
OG0016791,0.3068455003142828,1,Pv,NS,773
OG0016823,0.5878450092542774,0.373253083050446,Pv,NS,415
OG0016829,-0.29512803554364725,0.593184429695594,Pv,NS,1807
OG0016832,-0.2378638300988879,1,Pv,NS,1708
OG0016843,0.033502666926439426,1,Pv,NS,1234
OG0016846,-1.9159357352115256,0.008927152700812,Pv,DOWN,2592
OG0016850,-0.8118548083314743,0.234170556731084,Pv,NS,2328
OG0016851,-0.1504009888485484,1,Pv,NS,1557
OG0016852,0.4265331381166733,0.102807183338637,Pv,NS,603
OG0016860,1.0250287944915224,0.00899455894651852,Pv,UP,166
OG0016873,-0.1811494391045665,1,Pv,NS,1608
OG0016893,-0.117161344232749,1,Pv,NS,1492
OG0016899,1,1,Pv,NS,174
OG0016903,-0.10935875603655625,1,Pv,NS,1476
OG0016905,-0.3411997748098659,0.337268829441532,Pv,NS,1864
OG0016916,-0.22263289054958724,1,Pv,NS,1681
OG0016922,1.0565835283663676,0.171744141001054,Pv,NS,156
OG0016923,-0.2898272517203383,1,Pv,NS,1798
OG0016928,0.279768421593595,0.88705893678604,Pv,NS,809
OG0016958,0.04544297076116711,1,Pv,NS,1219
OG0016960,0.1401242239090707,1,Pv,NS,1045
OG0016974,-1.4035418604410144,0.0106714632352138,Pv,DOWN,2512
OG0016993,-0.584241333477502,0.0172882895556767,Pv,NS,2166
OG0017003,-0.6574452545226798,0.360567737059662,Pv,NS,2240
OG0017005,-1.8211260418302049,0.0044481315424795,Pv,DOWN,2574
OG0017012,-0.5923434515878849,0.00710755867373336,Pv,NS,2177
OG0017014,0.7101727482796617,0.134366902574026,Pv,NS,313
OG0017023,0.18903382439001687,0.955110896559245,Pv,NS,966
OG0017026,-1.3437324652057108,2.141204073019e-4,Pv,DOWN,2500
OG0017047,-0.4739311883324124,0.304039123534475,Pv,NS,2036
OG0017058,0.335711910320462,1,Pv,NS,730
OG0017067,0.6798741477466231,0.454530997661831,Pv,NS,329
OG0017082,0.4509433703087854,0.0497457829606132,Pv,NS,576
OG0017095,-0.4759363242227893,0.0207946342428607,Pv,NS,2038
OG0017108,-0.2898272517203383,1,Pv,NS,1798
OG0017114,0.8671057295026546,0.00738769933252979,Pv,NS,223
OG0017118,-0.18447580502504768,1,Pv,NS,1619
OG0017130,-0.982790709967777,0.804090937178532,Pv,NS,2405
OG0017142,0.10701824988212044,1,Pv,NS,1103
OG0017157,-1.0008776923300133,0.0699599291929612,Pv,NS,2414
OG0017164,0.1647862781433397,1,Pv,NS,1001
OG0017165,0.31897851314960846,0.15961818834905,Pv,NS,756
OG0017172,-1.0291463456595165,0.269514691666543,Pv,NS,2425
OG0017173,-0.25670047211174335,1,Pv,NS,1746
OG0017177,-1.9545570292388328,0.0145434414946238,Pv,DOWN,2597
OG0017194,0.9992784720825406,0.00973310901070248,Pv,NS,175
OG0017201,0.4361618393144501,0.222128009427907,Pv,NS,589
OG0017216,1.282736320276342,0.00634139924365262,Pv,UP,101
OG0017224,0.29395897902869444,0.606195051907639,Pv,NS,792
OG0017252,0.9774631112394668,0.014364351136583,Pv,NS,183
OG0017254,0.24731993497981972,1,Pv,NS,869
OG0017273,0.259423152281415,1,Pv,NS,851
OG0017278,-1.5907448533151622,3.2368271452782e-4,Pv,DOWN,2543
OG0017282,0.18903382439001687,0.742221579989715,Pv,NS,966
OG0017284,0.7272711561257517,0.138366360897975,Pv,NS,295
OG0017301,-0.13890689903298092,0.944917562972745,Pv,NS,1528
OG0017343,-1.0558912008920451,0.0382995431869124,Pv,DOWN,2435
OG0017379,1.1414327909292956,0.00415928409021671,Pv,UP,132
OG0017382,-0.4073635713934228,1,Pv,NS,1951
OG0017385,-0.5249151170512174,0.055834070544921,Pv,NS,2097
OG0017401,0.7101727482796617,0.816292933553866,Pv,NS,313
OG0017429,0.25072721595637687,1,Pv,NS,863
OG0017435,-0.29335894269059154,1,Pv,NS,1804
OG0017439,0.0899822442204309,1,Pv,NS,1130
OG0017450,-1.0291463456595165,0.103366129793986,Pv,NS,2425
OG0017453,-1.083141235300246,0.396780833260787,Pv,NS,2438
OG0017457,-0.2701687843103437,0.795266061879966,Pv,NS,1773
OG0017462,0.24488705912353448,0.889230739552361,Pv,NS,875
OG0017471,-0.6214883767462701,1,Pv,NS,2210
OG0017484,0.835924074254375,0.306002064470197,Pv,NS,238
OG0017500,-1.323693045318676,0.0163441498966796,Pv,DOWN,2495
OG0017506,0.18268165830024496,0.884397912577311,Pv,NS,977
OG0017510,-0.3219280948873623,0.701010016547758,Pv,NS,1849
OG0017526,-0.021561291756084427,1,Pv,NS,1333
OG0017555,0.6753643127491455,0.449404054635125,Pv,NS,334
OG0017557,0.7432995278882567,0.0486563795578283,Pv,NS,284
OG0017560,0.5724046473903317,0.185325940842038,Pv,NS,436
OG0017589,-0.5125136506514639,0.409640451998867,Pv,NS,2082
OG0017608,0.7638364588909514,0.0427340163530467,Pv,NS,273
OG0017614,0.05365980854438879,0.229768821689098,Pv,NS,1199
OG0017616,0.7415748474187956,0.0555609878525614,Pv,NS,285
OG0017618,-0.6192705514964515,0.00103944870810956,Pv,NS,2205
OG0017640,0.2078928516413329,1,Pv,NS,938
OG0017649,0.3368546391254651,0.0166426014367282,Pv,NS,724
OG0017654,-0.8985861661519617,0.0417496738429294,Pv,NS,2372
OG0017656,-0.3022261804448139,0.441019934426542,Pv,NS,1816
OG0017663,-0.45600928033515,0.176890479862507,Pv,NS,2013
OG0017679,1.0555705900595849,2.4728152221366e-4,Pv,UP,157
OG0017681,0.24488705912353448,1,Pv,NS,875
OG0017688,0.6219932316661231,0.484373987041312,Pv,NS,386
OG0017689,0.46988597627446366,0.292751853174991,Pv,NS,551
OG0017690,1.3818370839060474,0.236384474908612,Pv,NS,82
OG0017733,-0.7587699644845547,0.0333960801382008,Pv,NS,2307
OG0017750,0.377401430785794,0.0466833027467501,Pv,NS,674
OG0017767,0.4092551466848378,1,Pv,NS,626
OG0017770,0.6979207674594863,0.276024568784754,Pv,NS,321
OG0017771,-0.6438561897747247,0.213584974079404,Pv,NS,2230
OG0017788,0.4393571784742569,0.0538351801364384,Pv,NS,586
OG0017791,0.12961273813046964,1,Pv,NS,1067
OG0017792,0.47404659931930554,0.330149538240092,Pv,NS,546
OG0017802,-0.5147851918278392,0.466129231955428,Pv,NS,2087
OG0017803,0.32768736417604716,0.829059093750386,Pv,NS,742
OG0017818,-0.4188898247744504,0.915013792053752,Pv,NS,1966
OG0017831,-0.1870094301242895,0.730194127660666,Pv,NS,1624
OG0017836,0.02715405150372665,1,Pv,NS,1244
OG0017841,-0.01013437713371317,1,Pv,NS,1318
OG0017861,-0.5416179958439868,1,Pv,NS,2108
OG0017871,1.1953475983222193,0.0219129475770466,Pv,UP,114
OG0017889,0.34255474547732023,1,Pv,NS,714
OG0017891,0.12167855658825248,1,Pv,NS,1082
OG0017896,0.3493652775942134,0.697322864022469,Pv,NS,705
OG0017897,0.00575926928868495,1,Pv,NS,1288
OG0017906,-1.2108967824986183,0.0111506505000276,Pv,DOWN,2468
OG0017934,-0.139235797371172,0.702425635307076,Pv,NS,1529
OG0017935,0.05380644369579382,1,Pv,NS,1195
OG0017941,0.5550386076251977,0.114932145193138,Pv,NS,456
OG0017944,-0.42275246440684927,0.836804874522085,Pv,NS,1973
OG0017951,0.5523052051941892,0.508854190473515,Pv,NS,460
OG0017964,0.19778369012837213,0.602631570954485,Pv,NS,954
OG0017967,0.04823618565284762,1,Pv,NS,1209
OG0017970,-1.0144995696951151,0.0589272788925693,Pv,NS,2420
OG0017986,-0.09626318481719592,0.349469232451476,Pv,NS,1447
OG0017995,1.0143100349733647,0.0169825531050701,Pv,UP,169
OG0018008,0.5983652053236446,0.270840552636422,Pv,NS,406
OG0018010,-1.9598321678673187,0.0416713179037491,Pv,DOWN,2598
OG0018023,0.32077347694587044,1,Pv,NS,750
OG0018028,0.9102406291700254,0.0025981143394071,Pv,NS,205
OG0018037,-0.10780328953451485,1,Pv,NS,1473
OG0018047,1.0412429822318814,1,Pv,NS,163
OG0018053,-0.862496476250065,0.39263250694161,Pv,NS,2357
OG0018059,0.5330649218696376,0.599689214550547,Pv,NS,488
OG0018068,-0.29568971551833334,0.61139540287379,Pv,NS,1808
OG0018071,-0.08811309372031456,1,Pv,NS,1426
OG0018076,0.8318772411916731,0.656651420619049,Pv,NS,241
OG0018077,0.6443177783375773,0.173156587974117,Pv,NS,367
OG0018092,0.38996182430876924,0.809239722680721,Pv,NS,658
OG0018097,0.3115031154682697,0.68419958097517,Pv,NS,763
OG0018134,-1.207561069935362,1,Pv,NS,2467
OG0018143,0.4157586665224981,0.00658905875510713,Pv,NS,616
OG0018152,-0.16004041251046824,1,Pv,NS,1574
OG0018163,-0.4305089080412838,1,Pv,NS,1980
OG0018173,-1.5994620704162712,0.449031409524817,Pv,NS,2545
OG0018184,0.03968052137668747,1,Pv,NS,1227
OG0018202,-0.03948828988097554,1,Pv,NS,1366
OG0018207,0.8240647326753061,0.0203435169357119,Pv,NS,246
OG0018223,-0.4759363242227893,0.386554048674734,Pv,NS,2038
OG0018239,-0.2549778509627355,0.524738811612338,Pv,NS,1740
OG0018246,0.21214503274136182,0.561560092475414,Pv,NS,929
OG0018252,0.4436066514756149,0.448658355491185,Pv,NS,583
OG0018257,0.3230817895037326,0.32062175475045,Pv,NS,748
OG0018258,-0.01595757390297624,1,Pv,NS,1325
OG0018286,-0.09117854870662737,1,Pv,NS,1433
OG0018312,1.041943829970167,6.9205363636414e-4,Pv,UP,162
OG0018330,0.6248027652529473,0.11146590101248,Pv,NS,384
OG0018341,-2.49817873457909,0.104873747101617,Pv,NS,2648
OG0018349,-1.3510744405468789,0.00322645918780687,Pv,DOWN,2504
OG0018363,1.5205479681065774,0.00935044476897956,Pv,UP,61
OG0018382,-1.8730271437422343,0.209717967686804,Pv,NS,2582
OG0018391,0.3740657182225377,1,Pv,NS,678
OG0018409,0.45628048151072537,0.758095747554009,Pv,NS,571
OG0018412,0.4103411046140874,0.513652924544484,Pv,NS,624
OG0018417,-0.7436084395413187,0.00776087205542993,Pv,NS,2302
OG0018431,0.10299399332332564,1,Pv,NS,1107
OG0018447,0.17376706773670636,1,Pv,NS,989
OG0018454,-0.2722973271627619,1,Pv,NS,1776
OG0018477,0.37183761733042053,0.371773606859419,Pv,NS,683
OG0018478,1.0996318500144604,0.0031127188780199,Pv,UP,139
OG0018482,0.21038886444540292,1,Pv,NS,931
OG0018491,0.15055967657538138,1,Pv,NS,1024
OG0018497,0.197865391353738,0.596019389673664,Pv,NS,952
OG0018498,0.19029879162659463,1,Pv,NS,962
OG0018526,-0.4035418604410144,0.541407059038831,Pv,NS,1949
OG0018543,-0.7519682683605107,0.0137931951914191,Pv,NS,2303
OG0018545,1.0996706458827004,0.0154458335280266,Pv,UP,138
OG0018555,-0.1616532634787693,1,Pv,NS,1578
OG0018556,-1.083141235300246,0.855806159544932,Pv,NS,2438
OG0018588,-0.5994620704162712,0.25049354977116,Pv,NS,2182
OG0018598,0.3999415281273121,0.233996719591208,Pv,NS,637
OG0018603,0.6995516325230893,0.0388261198460312,Pv,NS,319
OG0018627,0.3565381893223103,0.384597339834602,Pv,NS,699
OG0018642,-2.0174170530774096,0.0656717181320705,Pv,NS,2606
OG0018648,-0.3959286763311392,0.35013442791693,Pv,NS,1939
OG0018697,-0.06642736173897607,1,Pv,NS,1395
OG0018702,1.0676387168753634,0.241855119102219,Pv,NS,152
OG0018705,0.3115031154682697,1,Pv,NS,763
OG0018706,0.2485348361386787,0.351142143713078,Pv,NS,864
OG0018713,-1.0111424302242336,0.00848466665069735,Pv,DOWN,2417
OG0018720,0.07587486697512764,1,Pv,NS,1155
OG0018736,0.01863417413905097,1,Pv,NS,1258
OG0018748,0.5516789896961332,0.192093355005082,Pv,NS,462
OG0018765,0.8865994129454292,0.00159883148863354,Pv,NS,213
OG0018766,0.07994373936525018,1,Pv,NS,1151
OG0018769,-0.24672441639707612,1,Pv,NS,1728
OG0018776,0.47676076489499014,0.192525342814375,Pv,NS,543
OG0018781,-0.5319865461149829,0.416443871117197,Pv,NS,2100
OG0018783,1.8964656161894256,0.0405908610817032,Pv,UP,34
OG0018790,-0.5177304472006469,0.061108960859348103,Pv,NS,2089
OG0018794,0.15954592786381033,1,Pv,NS,1012
OG0018827,0.7110543218120664,0.677457328327878,Pv,NS,310
OG0018835,1.016496319896196,7.1128510158915e-4,Pv,UP,167
OG0018843,-0.8160371651574051,0.0357869540334209,Pv,NS,2330
OG0018850,1.467801156488407,0.00305493072846332,Pv,UP,68
OG0018869,-0.5756153284619034,0.72866742234709,Pv,NS,2157
OG0018893,0.4316877655063766,0.0825991560567871,Pv,NS,594
OG0018902,0.6489255594531212,0.409973802911571,Pv,NS,362
OG0018907,0.7119353569789215,0.156342773297604,Pv,NS,307
OG0018927,0.11370049916472832,1,Pv,NS,1093
OG0018930,-0.6780719051126377,1,Pv,NS,2255
OG0018947,0.5280711645787354,0.670095503472957,Pv,NS,492
OG0018954,-0.8730271437422344,2.4728152221366e-4,Pv,NS,2362
OG0018964,0.7329203821082574,0.0465139005619371,Pv,NS,293
OG0018971,0.02431967919541289,1,Pv,NS,1249
OG0018973,-0.6237096166629484,0.00156101497817231,Pv,NS,2211
OG0018975,0.21412480535284736,1,Pv,NS,926
OG0018981,-1.011587974275212,0.447618684382951,Pv,NS,2418
OG0018983,0.1877677470460248,1,Pv,NS,971
OG0018994,0.14143279092929553,0.935159560053211,Pv,NS,1037
OG0019003,0.8499747812387941,0.0290661867343427,Pv,NS,231
OG0019017,0.8535965062025125,0.835677328586388,Pv,NS,228
OG0019032,-1.2757863132426417,0.00509696691600984,Pv,DOWN,2479
OG0019041,-0.11559744701631276,1,Pv,NS,1491
OG0019055,-0.5458241068141979,0.830931004708182,Pv,NS,2114
OG0019061,0.12167855658825248,1,Pv,NS,1082
OG0019065,-0.641603738043346,1,Pv,NS,2227
OG0019070,-0.5907448533151622,0.720628595235667,Pv,NS,2174
OG0019072,-0.4719343859668793,0.912326088514656,Pv,NS,2034
OG0019078,-0.5521563556379144,0.0453576361217011,Pv,NS,2121
OG0019084,-0.23446525363702295,1,Pv,NS,1699
OG0019086,0.7782085763980877,0.0618079075598128,Pv,NS,263
OG0019110,0.4403451132500169,0.730194127660666,Pv,NS,585
OG0019132,0.08949815083910263,1,Pv,NS,1131
OG0019133,0.03280614508324148,1,Pv,NS,1235
OG0019164,-0.10005101381032824,1,Pv,NS,1455
OG0019176,-0.15360697914763968,1,Pv,NS,1563
OG0019183,-0.2740407654908124,1,Pv,NS,1779
OG0019193,-1.2584251525812042,0.0242941190220305,Pv,DOWN,2476
OG0019206,0.01435529297707005,1,Pv,NS,1268
OG0019216,-0.4481148965282752,0.50033723162182,Pv,NS,2001
OG0019217,-0.22095044716254147,1,Pv,NS,1678
OG0019218,-0.1568201097428258,1,Pv,NS,1571
OG0019220,0.01292617444427004,1,Pv,NS,1274
OG0019229,0.3493652775942134,1,Pv,NS,705
OG0019259,0.16735792773851413,1,Pv,NS,997
OG0019271,-0.641603738043346,0.53314823378776,Pv,NS,2227
OG0019277,-0.09850554495242506,1,Pv,NS,1452
OG0019280,0.2190910582461967,0.697414301107192,Pv,NS,918
OG0019296,-0.12343394124827904,1,Pv,NS,1505
OG0019301,-1.6265942521075287,0.0628712034827011,Pv,NS,2549
OG0019304,-0.25153876699596445,1,Pv,NS,1737
OG0019309,0.2190910582461967,1,Pv,NS,918
OG0019316,-0.30757280191029224,0.0597553031571945,Pv,NS,1826
OG0019335,0.3080113145521776,0.564320848738894,Pv,NS,770
OG0019336,-0.00288827932482651,1,Pv,NS,1304
OG0019350,-0.10935875603655625,1,Pv,NS,1476
OG0019355,0.25338423580007446,1,Pv,NS,858
OG0019375,0.6906405786156934,0.744114511449935,Pv,NS,325
OG0019390,-1.4779442508390357,0.0868961720268377,Pv,NS,2527
OG0019393,-0.4305102182398721,1,Pv,NS,1982
OG0019397,-0.12973392960401728,1,Pv,NS,1513
OG0019400,-0.6873348264416056,0.00357663219759232,Pv,NS,2261
OG0019438,0.5878450092542774,0.0335014840205299,Pv,NS,415
OG0019440,0.15574923267794483,1,Pv,NS,1017
OG0019453,0.6646972982662299,0.00113127126128248,Pv,NS,346
OG0019456,0.7264347524565249,0.163372883708468,Pv,NS,296
OG0019460,-1.282789700980404,0.378357353126332,Pv,NS,2482
OG0019469,0.21536797220347947,0.945234756467222,Pv,NS,924
OG0019487,0.7004397181410922,0.976429636800465,Pv,NS,318
OG0019491,-0.3695945285176767,0.292953420960508,Pv,NS,1902
OG0019493,0.6781789721890156,0.0249073780047135,Pv,NS,332
OG0019495,0.6097549621724434,0.762344025742339,Pv,NS,396
OG0019517,-0.20922796213800007,1,Pv,NS,1663
OG0019524,0.6229303509201767,0.00137025865689593,Pv,NS,385
OG0019531,-0.5416179958439868,0.0367788128488544,Pv,NS,2108
OG0019535,0.6258450056079838,0.0815006377133365,Pv,NS,381
OG0019559,-0.10005101381032824,1,Pv,NS,1455
OG0019589,0.5897634869849773,0.190467215060356,Pv,NS,413
OG0019611,-0.27928375747886874,1,Pv,NS,1785
OG0019613,0.31187866073557124,0.547967115508,Pv,NS,762
OG0019617,0.6163576969966904,0.176027371415034,Pv,NS,394
OG0019628,0.267835392097615,0.189563491995434,Pv,NS,834
OG0019630,0.09761079662642232,1,Pv,NS,1121
OG0019631,0.2630344058337938,0.70364427383875,Pv,NS,845
OG0019633,0.18650055764449475,0.963043934091967,Pv,NS,973
OG0019635,-1.741782610463982,1.90235290406119e-5,Pv,DOWN,2568
OG0019636,-1.3473987824034803,5.3748549246714e-4,Pv,DOWN,2501
OG0019639,0.46780115648840714,0.942805219962821,Pv,NS,556
OG0019640,-0.11927565778506527,0.775276895949771,Pv,NS,1495
OG0019647,-0.39024503782755654,0.596019389673664,Pv,NS,1932
OG0019651,0.05241589415113853,1,Pv,NS,1200
OG0019661,0.3628906426658603,0.129313835996031,Pv,NS,695
OG0019666,0.13224779829843977,1,Pv,NS,1059
OG0019682,1.175045486110914,0.223571085208191,Pv,NS,121
OG0019705,0.3033423944873308,1,Pv,NS,777
OG0019709,0.6717462668632227,0.0254401801350895,Pv,NS,340
OG0019728,-0.4981787345790897,0.555585744449794,Pv,NS,2067
OG0019736,-0.00433459026389112,1,Pv,NS,1309
OG0019741,0.873419503434857,0.0892304860621943,Pv,NS,221
OG0019757,-0.1827860757416734,1,Pv,NS,1612
OG0019764,0.5461477023125101,0.839261533440248,Pv,NS,476
OG0019770,-0.189351252217354,1,Pv,NS,1626
OG0019782,-0.27928375747886874,1,Pv,NS,1785
OG0019810,-0.8390798118188968,0.588063705745737,Pv,NS,2344
OG0019827,-0.12186323337305248,0.983524231181027,Pv,NS,1503
OG0019839,-0.6529013293777317,1,Pv,NS,2236
OG0019862,-0.189351252217354,1,Pv,NS,1626
OG0019881,-1.392137097168765,0.242598358651186,Pv,NS,2511
OG0019883,0.19408705211630223,1,Pv,NS,957
OG0019900,0.24245007367770144,1,Pv,NS,880
OG0019906,-0.768318510713434,0.0800710766307194,Pv,NS,2311
OG0019921,0.3440749575249815,0.877979236669746,Pv,NS,712
OG0019930,0.5210507369009632,1,Pv,NS,501
OG0019941,0.31614574229335635,1,Pv,NS,759
OG0019947,-0.5043048373759312,0.641438207377201,Pv,NS,2075
OG0019950,0.5489297694763999,1,Pv,NS,471
OG0019955,-0.0923401721467106,1,Pv,NS,1435
OG0019958,0.04544297076116711,1,Pv,NS,1219
OG0019975,0.2016338611696504,0.701214151639065,Pv,NS,944
OG0019981,0.3968231118693437,0.0289710764544187,Pv,NS,644
OG0019989,-0.045431429247006,1,Pv,NS,1370
OG0019992,0.518401459502758,0.0832755784765388,Pv,NS,506
OG0020005,-0.4344028241457749,1,Pv,NS,1985
OG0020022,-1.7131188522118383,0.103507474356616,Pv,NS,2565
OG0020034,0.57918014812715,0.00177830573796979,Pv,NS,427
OG0020036,-1.926865295369785,1.4317298491822e-4,Pv,DOWN,2594
OG0020045,0.258437227399055,0.725291641912277,Pv,NS,852
OG0020046,0.5360529002402097,0.174811802841989,Pv,NS,486
OG0020054,0.6544355408453995,1,Pv,NS,356
OG0020059,0.6590111711981499,0.052267674821053,Pv,NS,351
OG0020078,0.20914139783859167,1,Pv,NS,934
OG0020080,0.14665522211946516,1,Pv,NS,1031
OG0020087,0.8356749960275086,0.0199355331385514,Pv,NS,239
OG0020109,-0.1187269385707514,1,Pv,NS,1493
OG0020116,-0.6104331882372743,0.159429469654902,Pv,NS,2192
OG0020137,0.279768421593595,0.629596157624762,Pv,NS,809
OG0020145,0.4944310352788952,1,Pv,NS,529
OG0020173,0.2880632003253163,1,Pv,NS,799
OG0020174,-0.24375405844776388,0.0482762190089079,Pv,NS,1721
OG0020177,0.32768736417604716,1,Pv,NS,742
OG0020181,-0.31293931166010763,1,Pv,NS,1835
OG0020183,-0.8943219221054628,0.0482762190089079,Pv,NS,2371
OG0020197,-0.7417826104639821,0.57559142479319,Pv,NS,2299
OG0020215,-0.2601518973006725,1,Pv,NS,1751
OG0020221,-0.9489759969755333,0.198574693216081,Pv,NS,2393
OG0020232,0.02147972741045139,1,Pv,NS,1255
OG0020242,0.051660859608092864,1,Pv,NS,1204
OG0020253,0.902266569083071,0.0035911543449496,Pv,NS,206
OG0020254,0.7084079834835963,0.0341420237099823,Pv,NS,315
OG0020257,0.24488705912353448,1,Pv,NS,875
OG0020284,-0.697660676818023,0.00324502589751786,Pv,NS,2270
OG0020310,0.6285403192627604,0.0144586843347772,Pv,NS,380
OG0020322,-0.4363537305159361,0.289546925419935,Pv,NS,1989
OG0020328,-1.3364276645824773,0.0257800640615322,Pv,DOWN,2498
OG0020359,0.7612852733616192,0.0577721861882732,Pv,NS,276
OG0020367,1.0745054363636295,0.169515167325611,Pv,NS,150
OG0020368,-0.20257191784768688,1,Pv,NS,1654
OG0020371,0.07313470463021537,1,Pv,NS,1160
OG0020387,1.7957669477823923,0.0263070089168394,Pv,UP,41
OG0020415,0.4915965944104482,0.00166378078498031,Pv,NS,531
OG0020421,-0.4860040206329874,0.0504580795934156,Pv,NS,2054
OG0020442,2.101650076094435,0.00124315171163571,Pv,UP,23
OG0020455,-1.026205070347394,1,Pv,NS,2422
OG0020490,-0.48043080304652086,0.70824670160871,Pv,NS,2044
OG0020497,1.2141248053528473,0.183164745830839,Pv,NS,110
OG0020515,-1.6896598793878497,0.0137299360122152,Pv,DOWN,2559
OG0020532,-0.6326289343514705,0.72685335876513,Pv,NS,2219
OG0020544,0.40816837070810624,0.945181033469711,Pv,NS,627
OG0020546,1.073134704630215,0.0404402874057671,Pv,UP,151
OG0020553,1.1513999102160952,0.0456170324237285,Pv,UP,128
OG0020555,0.1335635257411058,1,Pv,NS,1055
OG0020563,-0.6620035364849841,1,Pv,NS,2243
OG0020570,-0.5756153284619034,0.338453809034739,Pv,NS,2157
OG0020571,-0.3093594213843066,1,Pv,NS,1827
OG0020584,0.04855928918944359,1,Pv,NS,1208
OG0020585,0.1712068274181424,1,Pv,NS,992
OG0020613,0.4761224198801521,0.129848745756109,Pv,NS,544
OG0020626,-0.5002178798526883,1,Pv,NS,2068
OG0020629,0.10030490579568548,1,Pv,NS,1114
OG0020632,-0.07248275380152368,1,Pv,NS,1400
OG0020637,0.3762903833370515,0.538398048580219,Pv,NS,675
OG0020647,0.11503324294624008,1,Pv,NS,1092
OG0020674,-0.23276896297612443,1,Pv,NS,1695
OG0020677,-0.2429767534925404,1,Pv,NS,1717
OG0020681,-0.24982229440694284,1,Pv,NS,1732
OG0020687,0.26423615104354714,1,Pv,NS,842
OG0020689,0.24488705912353448,0.511354381178207,Pv,NS,875
OG0020693,0.9956654097361088,0.0295561240090596,Pv,NS,176
OG0020709,-1.8211260418302049,0.0191048092273123,Pv,DOWN,2574
OG0020712,-0.18277585264814256,1,Pv,NS,1611
OG0020720,-0.07248275380152368,1,Pv,NS,1400
OG0020722,-0.24127043154213737,1,Pv,NS,1714
OG0020723,1.1865005576444947,0.407672453514689,Pv,NS,120
OG0020730,0.16992500144231237,1,Pv,NS,993
OG0020756,0.39725534559442727,0.279266290452105,Pv,NS,643
OG0020760,-0.3237325917341102,1,Pv,NS,1851
OG0020765,0.8163949091691213,0.136258694504846,Pv,NS,247
OG0020769,0.6210555032997395,0.0948881663542618,Pv,NS,389
OG0020772,0.5694910919587163,0.0605803397127719,Pv,NS,439
OG0020798,-0.22431729826094013,1,Pv,NS,1683
OG0020804,-0.08391550364539477,1,Pv,NS,1418
OG0020806,-3.0709665213541437,0.00415928409021671,Pv,DOWN,2660
OG0020812,-0.392137097168765,1,Pv,NS,1937
OG0020814,0.04806007039294852,0.109697359851738,Pv,NS,1214
OG0020822,0.4005379295837288,0.0991906311678099,Pv,NS,635
OG0020824,-0.12658049656514306,1,Pv,NS,1512
OG0020832,0.34482849699744117,0.922262919372619,Pv,NS,710
OG0020841,0.9582859009232576,0.0172768770908974,Pv,NS,194
OG0020846,1.423847054598434,1,Pv,NS,71
OG0020856,0.47078154602809347,0.374918802819686,Pv,NS,550
OG0020869,-0.01773414369845709,1,Pv,NS,1328
OG0020870,0.01435529297707005,1,Pv,NS,1268
OG0020878,-3.1713684183119812,0.0758307767675535,Pv,NS,2661
OG0020887,1.1473066987802936,0.5125280624897,Pv,NS,129
OG0020899,-0.31473259348315835,1,Pv,NS,1837
OG0020904,-0.9406447223835788,0.102184294406107,Pv,NS,2392
OG0020905,0.5469561781414114,0.00799211593897571,Pv,NS,472
OG0020906,-0.46133747719676677,1,Pv,NS,2019
OG0020915,-0.2159148572652431,1,Pv,NS,1674
OG0020917,0.3338815868160593,0.418265761537509,Pv,NS,734
OG0020923,0.5937153916534783,0.0351494034031569,Pv,NS,408
OG0020952,1.0817738400171324,0.134970674210808,Pv,NS,147
OG0020962,-0.3093594213843066,0.566693279137278,Pv,NS,1827
OG0020982,1.6442108070600323,1.5517053502321e-4,Pv,UP,52
OG0021003,-0.0885427625646328,1,Pv,NS,1427
OG0021009,0.7731523970140524,0.0191206948328606,Pv,NS,268
OG0021011,-0.23276896297612443,1,Pv,NS,1695
OG0021020,-1.5864059175908247,8.0947961878128e-4,Pv,DOWN,2542
OG0021022,2.2435601455386456,0.0113746653894196,Pv,UP,19
OG0021027,-1.214240225572989,0.139175238138751,Pv,NS,2469
OG0021029,0.13224779829843977,1,Pv,NS,1059
OG0021033,0.00432160595009346,1,Pv,NS,1290
OG0021042,-0.2705559931663367,1,Pv,NS,1774
OG0021090,0.15704371014558002,1,Pv,NS,1015
OG0021098,0.31961793420016127,0.581175384040406,Pv,NS,754
OG0021099,-0.02034044828417553,1,Pv,NS,1329
OG0021127,-0.7393720918733014,0.604687612513393,Pv,NS,2298
OG0021140,-0.14953869638676487,0.969964456762388,Pv,NS,1556
OG0021147,-0.4819685073978307,0.203540999010288,Pv,NS,2045
OG0021166,-0.7345631039509016,1,Pv,NS,2295
OG0021204,-1.0528949484321255,0.374765849588638,Pv,NS,2433
OG0021216,0.3651325934525299,1,Pv,NS,689
OG0021227,0.7407117333991009,0.640133157922891,Pv,NS,286
OG0021234,0.09856029116656123,1,Pv,NS,1119
OG0021255,0.13685401866038321,0.711937581407336,Pv,NS,1052
OG0021256,-0.44886040739625754,0.977109267520813,Pv,NS,2002
OG0021261,0.05935527761642124,1,Pv,NS,1184
OG0021271,-1.2898272517203384,0.00040611630780450003,Pv,DOWN,2483
OG0021290,-0.13606154957602837,1,Pv,NS,1523
OG0021292,0.5210507369009632,0.00839769835539821,Pv,NS,501
OG0021294,0.058610800730406844,1,Pv,NS,1187
OG0021306,0.5849625007211562,0.55743010180922,Pv,NS,419
OG0021310,0.8662214384687934,5.4028374121956e-4,Pv,NS,224
OG0021328,0.4823320207473761,1,Pv,NS,537
OG0021334,0.03705402911043146,1,Pv,NS,1228
OG0021344,0.38183708390604737,0.215750079478989,Pv,NS,666
OG0021351,0.39167384426416213,1,Pv,NS,655
OG0021366,-1.3400754415976217,0.0137299360122152,Pv,DOWN,2499
OG0021369,0.1860592737943602,1,Pv,NS,974
OG0021374,-0.8546486144273799,0.0859488057307115,Pv,NS,2353
OG0021380,0.42418718118783305,1,Pv,NS,607
OG0021382,0.8773078043393862,0.00180066647579801,Pv,NS,218
OG0021387,0.4297498508002161,0.342268309820334,Pv,NS,596
OG0021411,-1.0255052497310404,0.0589272788925693,Pv,NS,2421
OG0021413,-0.0174170530774094,1,Pv,NS,1327
OG0021415,0.5058909297299573,0.0868333390253134,Pv,NS,517
OG0021427,0.3103401206121505,1,Pv,NS,768
OG0021429,0.4987614656718524,0.0512736745724474,Pv,NS,521
OG0021431,0.013112495471493638,0.74192334699441,Pv,NS,1273
OG0021434,-0.38082178394093086,0.134731646672608,Pv,NS,1915
OG0021439,0.3080113145521776,1,Pv,NS,770
OG0021460,-0.06190243892590685,1,Pv,NS,1390
OG0021462,-0.496142467422571,0.847274724412611,Pv,NS,2065
OG0021471,-0.38082178394093086,1,Pv,NS,1915
OG0021477,-0.026205818382177393,1,Pv,NS,1344
OG0021482,-0.8365012677171204,0.411140534945621,Pv,NS,2340
OG0021484,-0.2688167584278,0.0554174795554149,Pv,NS,1769
OG0021487,0.06350294230615795,1,Pv,NS,1178
OG0021490,-0.3584539709124763,0.0656717181320705,Pv,NS,1889
OG0021505,0.7782085763980877,0.0104455098820873,Pv,NS,263
OG0021515,0.46780115648840714,0.641437767539916,Pv,NS,556
OG0021517,-0.2378638300988879,1,Pv,NS,1708
OG0021526,-0.05739166388833668,1,Pv,NS,1382
OG0021533,-0.1318023358029467,0.842798727927377,Pv,NS,1519
OG0021541,0.6723202399995034,0.0163441498966796,Pv,NS,339
OG0021543,1.6159961789576514,0.0133177902329827,Pv,UP,55
OG0021544,0.5207953226327802,0.964873223237852,Pv,NS,503
OG0021547,0.5753123306874368,1,Pv,NS,431
OG0021549,-0.2740407654908124,0.790802269170788,Pv,NS,1779
OG0021568,-0.4941090702700427,0.30970126906234,Pv,NS,2061
OG0021580,1.6347010769104062,0.0035287136780175,Pv,UP,53
OG0021587,0.3368546391254651,0.21537041286238,Pv,NS,724
OG0021602,0.1544535926798724,1,Pv,NS,1021
OG0021606,-0.20423305221760776,1,Pv,NS,1656
OG0021618,-0.4073635713934228,0.381145655393899,Pv,NS,1951
OG0021671,0.8623521995320201,0.670095503472957,Pv,NS,226
OG0021683,-1.3111482561341197,0.869366779172469,Pv,NS,2491
OG0021689,0.25338423580007446,1,Pv,NS,858
OG0021719,-0.34923544088309766,0.897507996053707,Pv,NS,1876
OG0021723,0.4135940824091752,0.424437632661155,Pv,NS,618
OG0021741,-0.3349078296297793,0.0423093578855555,Pv,NS,1857
OG0021774,-0.139235797371172,1,Pv,NS,1529
OG0021777,-0.7226103011891362,1,Pv,NS,2286
OG0021806,0.3729520979118291,0.945234756467222,Pv,NS,681
OG0021829,0.395158737811925,0.868709254370517,Pv,NS,648
OG0021862,-1.86775220170156,0.333413244157763,Pv,NS,2580
OG0021867,-0.7933567760166047,0.00808883202779602,Pv,NS,2322
OG0021869,-0.131313234677865,1,Pv,NS,1516
OG0021874,1.4043581948333117,0.00374701301359738,Pv,UP,79
OG0021886,0.16092018818110318,0.548422612984222,Pv,NS,1008
OG0021909,0.32077347694587044,1,Pv,NS,750
OG0021921,-0.189351252217354,1,Pv,NS,1626
OG0021935,0.7292185639567027,0.4737832397445,Pv,NS,294
OG0021952,-0.24468509595490195,0.178565429101151,Pv,NS,1723
OG0021955,0.3436513053508262,0.182830698475385,Pv,NS,713
OG0021956,0.6088092426755238,0.384597339834602,Pv,NS,397
OG0021966,0.8407653373238742,0.0489283039814617,Pv,NS,234
OG0022002,-0.5395195299599892,0.454396420045474,Pv,NS,2104
OG0022009,0.5376629407029414,0.143198374430278,Pv,NS,485
OG0022011,-0.7888490480623075,0.708716293602325,Pv,NS,2320
OG0022019,0.4709272574751266,1,Pv,NS,548
OG0022023,0.2775311117735683,1,Pv,NS,819
OG0022025,0.6798741477466231,0.0363396791579139,Pv,NS,329
OG0022044,0.45943161863729726,1,Pv,NS,567
OG0022067,-0.3455644591546006,1,Pv,NS,1872
OG0022075,-0.44418384493836033,1,Pv,NS,1998
OG0022089,1.3681457047706542,7.93233865694925e-5,Pv,UP,84
OG0022096,-0.05589120089204515,1,Pv,NS,1381
OG0022100,-0.23276896297612443,1,Pv,NS,1695
OG0022106,-0.7538959901160834,0.00277722514498501,Pv,NS,2304
OG0022115,-0.09541956507868243,1,Pv,NS,1444
OG0022138,0.03562390973072122,1,Pv,NS,1230
OG0022181,0.4926223285744457,0.0524490609559859,Pv,NS,530
OG0022194,1.4724877714627436,0.00533698654126045,Pv,UP,66
OG0022201,-0.4619585466663364,0.279331918552954,Pv,NS,2020
OG0022207,0.3798761968844855,0.310973886015264,Pv,NS,671
OG0022217,-0.416962376203336,1,Pv,NS,1962
OG0022225,0.5290712998291112,0.0418482664590257,Pv,NS,491
OG0022226,0.1596291858212278,1,Pv,NS,1011
OG0022227,-0.31114825613411956,1,Pv,NS,1832
OG0022229,-0.6192705514964515,0.0347900506797608,Pv,NS,2205
OG0022236,-0.6126374591640045,0.0232301853287688,Pv,NS,2198
OG0022263,-0.6281623826695795,0.0885086938624296,Pv,NS,2218
OG0022334,0.01292617444427004,1,Pv,NS,1274
OG0022337,0.23143240844796503,1,Pv,NS,892
OG0022347,-0.9545570292388328,0.158247720254395,Pv,NS,2394
OG0022349,0.8163949091691213,0.0519478239034781,Pv,NS,247
OG0022350,0.02147972741045139,1,Pv,NS,1255
OG0022365,0.017267748040298382,1,Pv,NS,1264
OG0022377,2.957543200757105,0.00274868612275189,Pv,UP,4
OG0022396,-0.15360697914763968,1,Pv,NS,1563
OG0022407,1.481316615828836,4.5514996877039e-4,Pv,UP,65
OG0022413,0.7999162029890141,0.0580498364623448,Pv,NS,255
OG0022427,0.933572638261024,0.0653626781950702,Pv,NS,199
OG0022439,-0.10005101381032824,1,Pv,NS,1455
OG0022441,0.269033146455237,0.874447719477248,Pv,NS,831
OG0022454,0.4956951626240688,0.483176231076578,Pv,NS,525
OG0022465,0.9176227017262828,0.0156696396445101,Pv,NS,202
OG0022468,-0.6461121637150926,0.00418821382179777,Pv,NS,2231
OG0022469,0.18981935227255614,0.286693424827326,Pv,NS,965
OG0022470,3.3134525741487506,3.8319283596315e-4,Pv,UP,2
OG0022495,-0.6038405109268455,0.0270353981928491,Pv,NS,2186
OG0022501,-0.3093594213843066,0.926730152397261,Pv,NS,1827
OG0022529,-0.25589469893730876,0.693182779369021,Pv,NS,1744
OG0022538,0.5567135672791573,0.284557514229405,Pv,NS,455
OG0022548,-0.2636115992965395,1,Pv,NS,1759
OG0022555,1.7389839547005117,0.0154420425669245,Pv,UP,46
OG0022571,-0.2293823533437969,1,Pv,NS,1691
OG0022579,0.1801478611584286,0.855806159544932,Pv,NS,980
OG0022607,0.33170510263706576,0.816922929449029,Pv,NS,737
OG0022609,-0.5691795034802285,0.0789698431477958,Pv,NS,2147
OG0022612,-0.3695945285176767,1,Pv,NS,1902
OG0022613,-1.2757863132426417,0.00889789751697229,Pv,DOWN,2479
OG0022616,-1.7612131404128837,0.00816471508041998,Pv,DOWN,2570
OG0022636,-0.2125675354831321,1,Pv,NS,1668
OG0022652,-0.732164607902385,0.588963673190658,Pv,NS,2294
OG0022728,0.06901467791518046,1,Pv,NS,1170
OG0022733,-0.14720210718122878,1,Pv,NS,1552
OG0022735,-1.6644421004564065,0.303891348574624,Pv,NS,2556
OG0022738,0.5587574303737622,0.150255627493069,Pv,NS,452
OG0022739,0.01578299724092746,1,Pv,NS,1265
OG0022749,-0.09387904700290012,1,Pv,NS,1437
OG0022751,-0.2670796178917426,0.648699072865669,Pv,NS,1764
OG0022788,0.252173413202027,1,Pv,NS,861
OG0022793,-1.1616532634787693,0.00183289878745938,Pv,DOWN,2453
OG0022807,0.8842245075902737,5.3748549246714e-4,Pv,NS,215
OG0022847,0.3796209620557083,1,Pv,NS,672
OG0022870,-0.6551715030025588,0.0940135249667188,Pv,NS,2237
OG0022872,1.2271249344499258,0.364976821207193,Pv,NS,107
OG0022880,-0.03209362970985334,1,Pv,NS,1353
OG0022881,-0.4679324477109693,1,Pv,NS,2029
OG0022882,-1.62521999465159,0.055834070544921,Pv,NS,2548
OG0022895,-0.9241251330248724,0.00113127126128248,Pv,NS,2386
OG0022900,0.5636462694840639,0.232179628759381,Pv,NS,445
OG0022907,0.05380644369579382,1,Pv,NS,1195
OG0022912,0.029224058012462507,1,Pv,NS,1243
OG0022913,0.3994445645894576,0.306603421184536,Pv,NS,638
OG0022918,0.6753643127491455,0.00709395781623888,Pv,NS,334
OG0022921,0.6582828714803709,0.420700233128302,Pv,NS,352
OG0022934,-0.5022599113909069,0.0675721969624541,Pv,NS,2072
OG0022943,-0.12029423371771177,1,Pv,NS,1497
OG0022944,-0.2722973271627619,1,Pv,NS,1776
OG0022950,-0.6082322800440033,0.751631319529886,Pv,NS,2191
OG0022952,-0.36215793967589505,1,Pv,NS,1894
OG0022954,0.1563023848014839,1,Pv,NS,1016
OG0022960,0.13881446890228188,1,Pv,NS,1048
OG0022964,-0.17787987911016181,1,Pv,NS,1598
OG0022965,-1.7226103011891365,0.301830819817171,Pv,NS,2566
OG0022981,0.08382090698396619,1,Pv,NS,1143
OG0022996,-0.14258930922974702,1,Pv,NS,1544
OG0022997,0.3021727997407522,1,Pv,NS,780
OG0023006,0.4027221768456047,0.626510342909372,Pv,NS,632
OG0023011,0.47404659931930554,0.0769822966072126,Pv,NS,546
OG0023017,0.3950627995175776,0.680923448675727,Pv,NS,650
OG0023022,-0.7587699644845547,0.899588530149786,Pv,NS,2307
OG0023023,-0.22431729826094013,1,Pv,NS,1683
OG0023045,0.5849625007211562,0.0605803397127719,Pv,NS,419
OG0023092,0.21163525332714944,1,Pv,NS,930
OG0023143,0.57918014812715,0.632954546089518,Pv,NS,427
OG0023151,0.017290989064700127,1,Pv,NS,1263
OG0023172,0.09638808844875915,1,Pv,NS,1123
OG0023175,-0.1412123428207918,0.793191702352708,Pv,NS,1537
OG0023205,0.6210555032997395,0.916452824415078,Pv,NS,389
OG0023216,-0.23956612532988847,0.835528082923527,Pv,NS,1712
OG0023232,-0.34739878240348054,0.636518813596595,Pv,NS,1874
OG0023243,0.8519988371124463,0.177625353551792,Pv,NS,229
OG0023324,0.21785109681113135,1,Pv,NS,921
OG0023332,0.4030411580551096,0.0753139695702842,Pv,NS,631
OG0023333,-0.2563103366843277,0.687949569076711,Pv,NS,1745
OG0023335,0.22245648592841716,0.0453576361217011,Pv,NS,912
OG0023377,0.6210555032997395,0.257471756041734,Pv,NS,389
OG0023410,-0.2549778509627355,1,Pv,NS,1740
OG0023412,-0.13569056173630756,0.672763857137265,Pv,NS,1522
OG0023421,0.07043905172093991,0.858908365011053,Pv,NS,1165
OG0023514,0.267835392097615,0.100968357439092,Pv,NS,834
OG0023522,-2.0656882214275463,5.3748549246714e-4,Pv,DOWN,2615
OG0023526,0.15574923267794483,1,Pv,NS,1017
OG0023544,0.828631581688019,0.0818929427530975,Pv,NS,242
OG0023572,1.142740172116082,0.0196609560436361,Pv,UP,131
OG0023598,0.44995748362800353,1,Pv,NS,577
OG0023631,0.31961793420016127,0.277883831695098,Pv,NS,754
OG0023654,0.3056787432422875,1,Pv,NS,775
OG0023678,0.24731993497981972,0.903006047329815,Pv,NS,869
OG0023685,0.3379964635150159,0.30034438731421,Pv,NS,721
OG0023719,0.2053925129896849,1,Pv,NS,941
OG0023724,0.19660704409481772,1,Pv,NS,956
OG0023730,-0.3022261804448139,1,Pv,NS,1816
OG0023736,0.04526007486162886,0.611127958859749,Pv,NS,1222
OG0023740,0.7346554334790051,0.310141426925145,Pv,NS,292
OG0023744,0.7644749101961054,0.0585768564573812,Pv,NS,272
OG0023753,1.4125105712498047,0.00473563299796009,Pv,UP,77
OG0023754,-1.1778817252706557,0.0168867882084307,Pv,DOWN,2459
OG0023776,0.9358368736840252,0.0194889490782514,Pv,NS,198
OG0023778,0.5178070285727898,0.0179403605037098,Pv,NS,508
OG0023786,0.6154162972628701,1,Pv,NS,395
OG0023791,-0.18442457113742744,1,Pv,NS,1615
OG0023795,0.070389327891398,1,Pv,NS,1166
OG0023828,0.269033146455237,1,Pv,NS,831
OG0023859,0.17376706773670636,1,Pv,NS,989
OG0023868,0.00719550140420376,1,Pv,NS,1283
OG0023878,0.5230600617952494,0.0493802556857197,Pv,NS,499
OG0023887,-0.4305089080412838,0.915013792053752,Pv,NS,1980
OG0023894,0.08949815083910263,1,Pv,NS,1131
OG0023917,-0.6192705514964515,0.922380674593847,Pv,NS,2205
OG0023924,-1.9714308478032292,0.429154550379806,Pv,NS,2601
OG0023929,-0.5691795034802285,0.882234379630458,Pv,NS,2147
OG0023934,0.6069159418252051,0.0361997949547125,Pv,NS,399
OG0023938,-0.3400754415976217,1,Pv,NS,1862
OG0024013,-0.10971896191447016,1,Pv,NS,1479
OG0024018,0.41142624572646497,0.286425640456941,Pv,NS,623
OG0024022,-0.9159357352115256,1,Pv,NS,2383
OG0024024,-1.1693842386300202,0.0589272788925693,Pv,NS,2457
OG0024026,-0.20589610144025208,1,Pv,NS,1658
OG0024028,0.197865391353738,1,Pv,NS,952
OG0024036,1.0551956542421246,0.00693529657450276,Pv,UP,158
OG0024072,0.06350294230615795,1,Pv,NS,1178
OG0024088,0.3907747011681116,0.10340475604222,Pv,NS,656
OG0024097,-0.1975999598851607,1,Pv,NS,1647
OG0024100,0.11041755964113344,1,Pv,NS,1098
OG0024176,1.3616933708396364,0.182805156428343,Pv,NS,87
OG0024177,-1.2966598330363244,0.125475024265088,Pv,NS,2486
OG0024246,0.4604804700400108,1,Pv,NS,562
OG0024297,0.27463989998482163,1,Pv,NS,826
OG0024301,1.4905701304462011,0.0337918100914464,Pv,UP,64
OG0024309,0.6798741477466231,0.0870782012430712,Pv,NS,329
OG0024451,1.2332745389909343,0.222128009427907,Pv,NS,105
OG0024464,0.18903382439001687,1,Pv,NS,966
OG0024486,-0.4819685073978307,0.0590720192072811,Pv,NS,2045
OG0024584,-0.8756718649977983,0.123810860272896,Pv,NS,2363
OG0024585,0.2351143203763572,1,Pv,NS,889
OG0024592,-0.20257191784768688,1,Pv,NS,1654
OG0024610,-0.11403524324602944,1,Pv,NS,1486
OG0024665,-0.8084373492992444,0.626171031394638,Pv,NS,2326
OG0024672,-0.4357873054855813,1,Pv,NS,1988
OG0024750,-0.3603047666004178,1,Pv,NS,1893
OG0024802,1.3078930526325334,3.2368271452782e-4,Pv,UP,94
OG0024817,1.2786161961656057,0.00278023687205082,Pv,UP,102
OG0024883,0.4604804700400108,1,Pv,NS,562
OG0024927,0.12167855658825248,1,Pv,NS,1082
OG0024952,-0.2688167584278,1,Pv,NS,1769
OG0025023,0.5567972465927431,1,Pv,NS,454
OG0025073,0.3800448835248369,0.192525342814375,Pv,NS,670
OG0025076,-0.2025088758526768,0.209717967686804,Pv,NS,1653
OG0025087,-0.00288827932482651,1,Pv,NS,1304
OG0025089,1.9862288802273995,4.4623354802198e-4,Pv,UP,28
OG0025116,-0.6711635357704601,0.169214606117715,Pv,NS,2249
OG0025176,1.4055000121909356,0.530060991187445,Pv,NS,78
OG0025177,-1.183623594628003,0.225917899210664,Pv,NS,2462
OG0025300,0.15541143864298884,1,Pv,NS,1020
OG0025315,1.7465468326249733,3.22608106024802e-5,Pv,UP,45
OG0025357,0.7772865677123899,0.137022727832262,Pv,NS,266
OG0025362,0.5129853348136765,0.929949080477241,Pv,NS,514
OG0025413,1.1641426488483064,0.00764678876956352,Pv,UP,125
OG0025503,-0.14082554413356457,1,Pv,NS,1533
OG0025589,0.2654368960490983,1,Pv,NS,841
OG0025608,-0.139235797371172,1,Pv,NS,1529
OG0025808,-1.2042330522176077,0.0367427082528016,Pv,DOWN,2466
OG0025865,1.722903138560449,0.140154587511659,Pv,NS,48
OG0025954,0.23878685958711648,0.598622594984062,Pv,NS,884
OG0025960,0.05935527761642124,1,Pv,NS,1184
OG0025966,-1.7036894392919075,0.598793576003102,Pv,NS,2562
OG0026045,-0.12343394124827904,1,Pv,NS,1505
OG0026550,0.11582249377016388,1,Pv,NS,1091
OG0026667,-1.2412704315421377,1,Pv,NS,2474
OG0026701,-0.7612131404128835,0.731777574736131,Pv,NS,2309
OG0026704,-0.33642766458247736,1,Pv,NS,1858
OG0026725,-0.5692192022189906,0.93897072937446,Pv,NS,2150
OG0026740,-1.3219280948873622,0.914282132089482,Pv,NS,2493
OG0026755,1.01435529297707,0.0163441498966796,Pv,UP,168
OG0026768,-0.6989977439671857,1,Pv,NS,2271
OG0026906,-0.12029423371771177,1,Pv,NS,1497
OG0026957,1.1551015581257025,0.0303717599742014,Pv,UP,127
OG0026987,0.8864081881217122,0.0181968728696528,Pv,NS,214
OG0026991,1.8176769547396794,0.0112269669713737,Pv,UP,40
OG0027151,-0.3827015171591536,1,Pv,NS,1921
OG0027322,1.8690817536999311,0.888765869786094,Pv,NS,38
OG0027942,0.2916035580305647,1,Pv,NS,797
OG0028138,-3.3417463800736056,0.0291962841921319,Pv,DOWN,2663
OG0028144,0.01863417413905097,1,Pv,NS,1258
OG0028152,-1.1909972250609135,0.338460286976442,Pv,NS,2463
OG0028162,-0.248107861595691,1,Pv,NS,1729
OG0028877,0.2630344058337938,1,Pv,NS,845
OG0029062,-0.4016347946763554,1,Pv,NS,1946
OG0029247,-0.2601518973006725,0.855806159544932,Pv,NS,1751
OG0029370,0.4005379295837288,0.730194127660666,Pv,NS,635
OG0029632,2.3109217352303437,0.0343976536536087,Pv,UP,16
OG0029670,0.7621361699011121,1,Pv,NS,275
OG0029692,-2.096579796755173,0.0179403605037098,Pv,DOWN,2616
OG0030613,-0.8365012677171204,1,Pv,NS,2340
OG0030968,-0.01304303747559888,1,Pv,NS,1321
OG0031803,0.12697285625776553,1,Pv,NS,1073
OG0031987,-0.27578631324264175,1,Pv,NS,1783
OG0031993,0.42181668763889507,0.103619031653556,Pv,NS,610
OG0032021,-0.5606428215257431,0.416443871117197,Pv,NS,2134
OG0032035,0.030880496527919896,1,Pv,NS,1242
OG0032039,-0.796799149828886,0.294652887128738,Pv,NS,2324
OG0032047,0.4476389002799753,0.0120542105938987,Pv,NS,581
OG0032944,0.5250665920782109,0.321800212827624,Pv,NS,497
OG0035444,-0.00144341686966871,1,Pv,NS,1301
OG0035591,0.48542682717024166,1,Pv,NS,535
OG0035592,-0.905088352974533,4.05589257123878e-5,Pv,NS,2376
OG0035609,2.2321773017758204,0.155510253584821,Pv,NS,20
OG0035629,0.08909215373927229,1,Pv,NS,1134
OG0035669,0.6708403358815619,0.975886442029375,Pv,NS,341
OG0035736,0.5509006646475233,1,Pv,NS,463
OG0035737,-1.7086738299830224,0.052721080176834,Pv,NS,2563
OG0035741,-0.588573754273535,1,Pv,NS,2169
OG0035742,0.14143279092929553,1,Pv,NS,1037
OG0035789,0.6690267655096307,0.0286981452511051,Pv,NS,342
OG0035872,0.3368546391254651,0.895029554778125,Pv,NS,724
OG0035880,-3,0.0456233618873544,Pv,DOWN,2656
OG0035890,0.4168397419128292,0.801407368913995,Pv,NS,615
OG0035915,1.1917448777729187,0.390668149878657,Pv,NS,115
OG0039283,0.10835717809041852,1,Pv,NS,1101
OG0040246,1.713695814843359,0.104497694074964,Pv,NS,49
OG0041507,1.3056787432422876,0.399582348800221,Pv,NS,96
OG0042602,0.34255474547732023,1,Pv,NS,714
OG0043992,-1.6438561897747246,0.0733804483416144,Pv,NS,2551
OG0044206,-0.3997302464909953,1,Pv,NS,1943
OG0044253,-1.2549778509627354,4.0403214114273e-4,Pv,DOWN,2475
OG0044364,-1.5395195299599893,0.313480951190325,Pv,NS,2538
OG0044427,-1.4422223286050742,0.416408462833858,Pv,NS,2516
OG0044450,0,1,Pv,NS,1297
OG0044516,-2.0528949484321255,0.0261066275595576,Pv,DOWN,2613
OG0044543,-0.08926733809708741,1,Pv,NS,1428
OG0044589,0.00288250853312136,1,Pv,NS,1293
OG0044611,-1.6943212567577124,0.0818151423047149,Pv,NS,2561
OG0044613,-0.31473259348315835,1,Pv,NS,1837
OG0044619,-0.3827015171591536,0.877675993489521,Pv,NS,1921
OG0044620,-1.6483716708972176,0.687076654858633,Pv,NS,2552
OG0044677,1.232660756790275,0.09392098096823,Pv,NS,106
OG0044721,0.5597365244329826,1,Pv,NS,451
OG0044864,-0.9213901653036336,0.738645673000814,Pv,NS,2385
OG0044880,-0.11403524324602944,1,Pv,NS,1486
OG0044901,0.3371200361493862,0.0107116467868562,Pv,NS,723
OG0044914,0.3862591411333461,0.333315617830492,Pv,NS,664
OG0044932,-0.23616354110904855,1,Pv,NS,1703
OG0044936,-0.5972778231543953,1,Pv,NS,2180
OG0044949,-0.7273795453370082,0.8853101518676,Pv,NS,2292
OG0045022,-0.7013416844354848,0.224676528242099,Pv,NS,2274
OG0045034,0.4125105712498046,1,Pv,NS,620
OG0045111,0.1775989293277334,1,Pv,NS,985
OG0045122,-0.8313579644411608,0.154911043416534,Pv,NS,2337
OG0045177,0.963474123974886,0.00509696691600984,Pv,NS,191
OG0045179,-2.097226644612106,0.00338684307043275,Pv,DOWN,2617
OG0045192,0.3961594890731545,1,Pv,NS,646
OG0045262,0.6470842126289537,1,Pv,NS,364
OG0045335,0.8469876501455549,0.0198064807584567,Pv,NS,232
OG0045341,-0.36587144247495934,0.194336550557451,Pv,NS,1896
OG0045376,1.175045486110914,0.0456511122870539,Pv,UP,121
OG0045380,-0.01013437713371317,1,Pv,NS,1318
OG0045383,-2.0350469470992008,0.053011542727531,Pv,NS,2611
OG0045425,-0.045431429247006,1,Pv,NS,1370
NA,-0.07278460635512307,1.90235290406119e-5,Pv,NS,1402
OG0000006,-1.5563933485243853,0.19873299694894,Sn,NS,1729
OG0000012,-0.1221082932856069,0.0522064071062235,Sn,NS,975
OG0000013,0.36191285556040786,1,Sn,NS,449
OG0000014,-1.0111503107946045,0.20300460219048,Sn,NS,1627
OG0000017,-1.028445925095266,0.0443845044085019,Sn,DOWN,1633
OG0000034,0.06605221470259443,0.0329717239335946,Sn,NS,761
OG0000037,-0.5374241119577958,0.914573108198986,Sn,NS,1392
OG0000047,-0.8436752994607981,0.00835019997163292,Sn,NS,1563
OG0000056,-1.2515387669959646,0.0905624214726396,Sn,NS,1687
OG0000059,-1.0332710888203622,0.345380021358626,Sn,NS,1635
OG0000110,0.24199831324233978,0.350524220856379,Sn,NS,557
OG0000122,-0.7390344171706873,0.314791524335546,Sn,NS,1519
OG0000159,-0.5187010584524349,1,Sn,NS,1378
OG0000161,-2.0123583819229185,0.0541561189319548,Sn,NS,1760
OG0000173,0.14535138557262012,1,Sn,NS,662
OG0000175,0.24038812961493533,0.418245272286257,Sn,NS,560
OG0000197,-1.2303436548138444,0.109422165096848,Sn,NS,1683
OG0000200,0.24752776418400924,1,Sn,NS,546
OG0000213,-0.28278970098040423,1,Sn,NS,1147
OG0000224,0.05345086642983392,1,Sn,NS,774
OG0000229,1.1902987916265946,0.064693826133788,Sn,NS,102
OG0000231,-0.22431729826094013,1,Sn,NS,1083
OG0000246,-1.0174170530774094,0.0553928067240658,Sn,NS,1630
OG0000262,0.2793370883651603,1,Sn,NS,516
OG0000267,-0.36215793967589505,1,Sn,NS,1229
OG0000270,-0.0709665213541436,1,Sn,NS,907
OG0000286,0.43637903653069066,0.0317201526445424,Sn,NS,390
OG0000288,1.6149286357944326,0.0124780337708416,Sn,UP,59
OG0000289,0.9633141588290093,0.0124780337708416,Sn,NS,151
OG0000291,-0.3455644591546006,0.0751894766144129,Sn,NS,1219
OG0000300,-0.07856366919370213,1,Sn,NS,916
OG0000301,0.7237663243584536,1,Sn,NS,220
OG0000305,-1.1808379428153928,0.00576298160404506,Sn,DOWN,1675
OG0000306,-0.8520421186128986,0.0761439491239831,Sn,NS,1566
OG0000316,0.812339828554773,0.0446841542298232,Sn,NS,185
OG0000323,-1.0588936890535685,0.145026934398397,Sn,NS,1643
OG0000331,-0.7013416844354848,1,Sn,NS,1493
OG0000332,0.30874516391735457,1,Sn,NS,489
OG0000336,-0.732164607902385,0.948628334124555,Sn,NS,1511
OG0000338,-1.0028882793248266,0.263602985298566,Sn,NS,1625
OG0000343,-0.2880646430210785,1,Sn,NS,1154
OG0000351,0.29278174922784594,1,Sn,NS,498
OG0000355,-1.0619024389259069,0.0257001834424996,Sn,DOWN,1644
OG0000358,-0.7809089417538033,0.0278350044099512,Sn,NS,1539
OG0000380,0.05241589415113853,1,Sn,NS,775
OG0000386,-0.13158934127591945,0.665174243341474,Sn,NS,990
OG0000389,0.43295940727610627,0.234818907785158,Sn,NS,393
OG0000402,-0.7983661388303496,0.0876839996989129,Sn,NS,1547
OG0000405,-0.28859286593071287,0.0320004821834742,Sn,NS,1159
OG0000406,-0.31293931166010763,1,Sn,NS,1182
OG0000433,0.31614574229335635,1,Sn,NS,481
OG0000434,0.6213768514054949,0.428760525147477,Sn,NS,275
OG0000461,1.6566828491982655,0.12473416382939401,Sn,NS,52
OG0000462,0.29334346649249876,0.948628334124555,Sn,NS,497
OG0000464,-0.14252778143072592,0.514234822744765,Sn,NS,1002
OG0000486,-0.33128145875959863,0.843326775173734,Sn,NS,1206
OG0000492,0.8310665106050728,1,Sn,NS,180
OG0000495,-0.10935875603655625,1,Sn,NS,959
OG0000496,0.13995253949203074,1,Sn,NS,672
OG0000498,-0.4799549759601824,0.861328803612558,Sn,NS,1340
OG0000500,0.4223454764903103,1,Sn,NS,405
OG0000506,0.43295940727610627,1,Sn,NS,393
OG0000508,-0.4619585466663364,0.948628334124555,Sn,NS,1323
OG0000523,0.583037623796664,0.86305090509278,Sn,NS,287
OG0000527,-1.3875847122262948,0.0439000309208397,Sn,DOWN,1715
OG0000528,0.4414834795826448,1,Sn,NS,384
OG0000538,-0.8677947548443902,0.00639467611458901,Sn,NS,1577
OG0000565,-0.47868063265078653,0.679502814387881,Sn,NS,1339
OG0000595,-0.2986727425870594,1,Sn,NS,1170
OG0000596,-0.09659221972006032,0.0655696020479574,Sn,NS,943
OG0000620,0.22478332839110282,0.982166608498844,Sn,NS,580
OG0000628,-0.5907448533151622,1,Sn,NS,1429
OG0000630,0.21401222003695933,0.15836772675499,Sn,NS,584
OG0000642,2.215678596607928,0.0273921970930729,Sn,UP,18
OG0000646,-0.6780719051126377,1,Sn,NS,1482
OG0000648,0.24000896473507027,1,Sn,NS,561
OG0000654,2.1033297771118513,0.436115083467374,Sn,NS,26
OG0000670,1.1692836611157298,0.0362061355383198,Sn,UP,110
OG0000676,0.08133962745193878,1,Sn,NS,735
OG0000686,0.3696060700318379,1,Sn,NS,446
OG0000694,-0.04841220518524589,1,Sn,NS,881
OG0000708,0.48433662177691295,0.238423237842104,Sn,NS,358
OG0000710,0.7139560550192975,0.612897795866795,Sn,NS,225
OG0000715,-2.0900664310220742,0.0383190026530392,Sn,DOWN,1764
OG0000719,0.2381519560766378,0.765522301057316,Sn,NS,565
OG0000723,-0.31473259348315835,1,Sn,NS,1184
OG0000732,-0.7563309190331373,0.492079305253347,Sn,NS,1529
OG0000737,0.45342798525601724,0.785803936431091,Sn,NS,377
OG0000744,-0.3057883922321094,0.882741733833355,Sn,NS,1177
OG0000746,-0.13447704086003626,1,Sn,NS,993
OG0000758,-0.9186603725480612,0.450007296544571,Sn,NS,1596
OG0000762,-0.38359718353368155,0.0964798713425652,Sn,NS,1254
OG0000763,-0.488026018218199,0.679502814387881,Sn,NS,1346
OG0000764,-0.6829208482460576,0.0276532664472558,Sn,NS,1484
OG0000787,-0.4204565090916658,0.375895747972657,Sn,NS,1292
OG0000799,-0.44320308677171727,0.810111541575485,Sn,NS,1305
OG0000800,-0.03209362970985334,1,Sn,NS,863
OG0000803,-0.10025738198574877,1,Sn,NS,949
OG0000812,-0.43258593792873246,1,Sn,NS,1297
OG0000815,-0.9127993475762379,0.0159752628561134,Sn,NS,1594
OG0000820,-0.5820799921880347,1,Sn,NS,1420
OG0000823,1.437720583415001,0.0130943457216583,Sn,UP,76
OG0000839,0.765534746362977,0.810111541575485,Sn,NS,204
OG0000840,0.26842531962318505,0.31882657874593,Sn,NS,527
OG0000851,0.2363395391683736,1,Sn,NS,567
OG0000853,-0.17299399036102314,1,Sn,NS,1033
OG0000861,0.19804630744038693,1,Sn,NS,597
OG0000864,-0.3400754415976217,1,Sn,NS,1212
OG0000880,-0.3004483674769107,1,Sn,NS,1173
OG0000881,-0.29077655798399454,0.115645769495953,Sn,NS,1162
OG0000882,0.259423152281415,1,Sn,NS,535
OG0000884,-0.4344028241457749,1,Sn,NS,1298
OG0000890,-0.27753397552890896,0.85370250934261,Sn,NS,1141
OG0000891,0.4070807754505007,0.889789441962154,Sn,NS,413
OG0000904,-0.07276276468692264,1,Sn,NS,911
OG0000906,-0.5271961484093138,0.069780436241418,Sn,NS,1386
OG0000915,-1.3291596641184382,0.0888094474885189,Sn,NS,1704
OG0000920,0.10701824988212044,1,Sn,NS,704
OG0000926,-0.2618807112174235,1,Sn,NS,1126
OG0000941,-0.5380641132349612,0.208028632001519,Sn,NS,1394
OG0000942,0.22748010559781912,1,Sn,NS,576
OG0000943,-0.3302351733003081,0.0618095498801832,Sn,NS,1205
OG0000945,0.10701824988212044,1,Sn,NS,704
OG0000962,0.1826922975161903,1,Sn,NS,621
OG0000964,-1.2898272517203384,0.741583612415288,Sn,NS,1697
OG0000975,-1.1648843847417822,0.818765166673601,Sn,NS,1670
OG0000976,0.5541919719919438,0.0157004471201693,Sn,NS,311
OG0000979,-0.4981787345790897,1,Sn,NS,1357
OG0000980,-0.3883554566263384,1,Sn,NS,1259
OG0000988,-0.3864683470820729,1,Sn,NS,1255
OG0000994,-0.8468432119385795,0.474988339271337,Sn,NS,1564
OG0001000,1.1056780778945372,0.0013545634961756,Sn,UP,124
OG0001003,0.1309308698264487,1,Sn,NS,683
OG0001014,0.008182547501138782,1,Sn,NS,826
OG0001025,1.9855004303048849,0.0602550425590234,Sn,NS,31
OG0001032,-0.5691795034802285,0.948628334124555,Sn,NS,1413
OG0001033,-0.6850135145314845,0.254433797223269,Sn,NS,1485
OG0001038,-1.1046973786666932,0.192559557998487,Sn,NS,1654
OG0001047,-0.08195455473856127,1,Sn,NS,928
OG0001058,-0.8262329322632936,0.219014169440389,Sn,NS,1561
OG0001069,0.2807398123431155,1,Sn,NS,512
OG0001070,1.1788739581697951,0.0577617355318417,Sn,NS,105
OG0001074,0.013452035196279827,0.653416871341782,Sn,NS,816
OG0001078,0.7698094554564637,0.00835592494724524,Sn,NS,203
OG0001080,-0.17210061708010366,1,Sn,NS,1032
OG0001087,-0.29512803554364725,0.198737270653675,Sn,NS,1164
OG0001090,-0.7013416844354848,1,Sn,NS,1493
OG0001094,-0.5033266455561265,0.0130943457216583,Sn,NS,1365
OG0001101,-0.1648843847417823,1,Sn,NS,1026
OG0001109,0.2228045610452611,1,Sn,NS,581
OG0001125,1.0120662072943,0.140398133168376,Sn,NS,138
OG0001127,-0.02767495844284834,1,Sn,NS,858
OG0001137,-0.32781298335713377,0.92877577334793,Sn,NS,1202
OG0001139,0.7281065911065976,0.834873323146352,Sn,NS,219
OG0001150,-0.24468509595490195,1,Sn,NS,1106
OG0001173,-0.47794425083903574,0.866335148426252,Sn,NS,1335
OG0001180,0.2916035580305647,0.843982662994704,Sn,NS,500
OG0001187,-0.5284811860565435,0.681130397119375,Sn,NS,1387
OG0001189,-1.1746213961070686,0.0159752628561134,Sn,DOWN,1673
OG0001200,0.02005765234125347,1,Sn,NS,810
OG0001208,0.15888356925610994,0.948628334124555,Sn,NS,648
OG0001221,-0.37519723474705274,0.421989011971349,Sn,NS,1240
OG0001228,-0.48418806816602233,0.585423368445206,Sn,NS,1344
OG0001233,-0.5022599113909069,0.0869196963201015,Sn,NS,1362
OG0001236,-0.438307278601691,0.765522301057316,Sn,NS,1301
OG0001241,-0.44940626049193244,0.19253663068076,Sn,NS,1314
OG0001259,-1.0679388286565756,0.155563037139759,Sn,NS,1646
OG0001266,-0.5606428215257431,0.0713572673219645,Sn,NS,1409
OG0001268,-1.22786216583955,0.0166820795692682,Sn,DOWN,1682
OG0001269,-0.12029423371771177,1,Sn,NS,972
OG0001272,-0.06491747668133854,1,Sn,NS,902
OG0001287,-0.0923401721467106,1,Sn,NS,938
OG0001296,1.0071955014042038,0.156225850949474,Sn,NS,141
OG0001308,-0.21759143507262677,1,Sn,NS,1074
OG0001322,-1.4659383975788818,0.189157802823925,Sn,NS,1723
OG0001328,0.5420103555366093,0.138154981555668,Sn,NS,314
OG0001338,-0.2709350084944939,1,Sn,NS,1133
OG0001366,-0.25832297951528793,0.977143186596948,Sn,NS,1122
OG0001369,0.06073915785767853,1,Sn,NS,766
OG0001372,-0.7345631039509016,0.420228793248046,Sn,NS,1515
OG0001379,-0.4400377449152849,0.948628334124555,Sn,NS,1303
OG0001380,-0.33278908751912917,0.768846096132555,Sn,NS,1207
OG0001381,-0.03652587602511404,1,Sn,NS,870
OG0001389,-0.2159148572652431,1,Sn,NS,1072
OG0001417,-0.2880646430210785,0.530347817509057,Sn,NS,1154
OG0001432,-0.393256055480261,1,Sn,NS,1263
OG0001439,-0.7883991751459701,1,Sn,NS,1543
OG0001450,1.3868109464722167,1,Sn,NS,81
OG0001455,0.31846146516758317,0.894903610505098,Sn,NS,480
OG0001460,0.1309308698264487,1,Sn,NS,683
OG0001467,-0.5930964779597356,1,Sn,NS,1433
OG0001479,-1.1547941342434767,0.0226168501511056,Sn,DOWN,1666
OG0001484,0.02010956636904282,1,Sn,NS,809
OG0001489,0.24126049709587477,0.191361068276814,Sn,NS,558
OG0001493,0.04124298223188134,1,Sn,NS,783
OG0001495,-0.1648843847417823,1,Sn,NS,1026
OG0001499,-0.7043556131218753,0.00616742863225881,Sn,NS,1495
OG0001506,0.1915626507007556,0.948628334124555,Sn,NS,608
OG0001529,0.19465063610099873,0.369596163244554,Sn,NS,603
OG0001541,-0.4461480318188743,0.439987380053809,Sn,NS,1311
OG0001550,-0.37519723474705274,1,Sn,NS,1240
OG0001580,0.45101324294397294,0.415436686498248,Sn,NS,378
OG0001588,0.48542682717024166,0.995621945941605,Sn,NS,356
OG0001612,-0.27753397552890896,1,Sn,NS,1141
OG0001619,-2.0469210473874924,0.0822935280333914,Sn,NS,1762
OG0001632,0.6771699388182449,0.0841902398635856,Sn,NS,244
OG0001638,-0.06340917017606154,1,Sn,NS,899
OG0001644,-0.7514651638613213,0.182314940254073,Sn,NS,1524
OG0001658,-0.1376478004679799,1,Sn,NS,996
OG0001659,-0.664288089679538,0.995767150993185,Sn,NS,1478
OG0001661,0.10828765229383495,1,Sn,NS,703
OG0001675,-0.117161344232749,1,Sn,NS,965
OG0001701,-0.5353317329965558,0.314563972754931,Sn,NS,1391
OG0001706,-0.4754639757040759,0.172965051257294,Sn,NS,1333
OG0001716,-0.41311518714781525,1,Sn,NS,1287
OG0001717,0.6879564940444818,1,Sn,NS,237
OG0001719,-0.10624949827943408,1,Sn,NS,955
OG0001726,-0.9434164716336324,0.0908709816729159,Sn,NS,1603
OG0001746,-0.8526017092167038,0.00524888424700914,Sn,NS,1568
OG0001760,-0.456469566305182,0.439987380053809,Sn,NS,1320
OG0001787,0.9656919492247048,0.372889369773862,Sn,NS,150
OG0001793,-0.2670796178917426,1,Sn,NS,1127
OG0001805,-0.00144341686966871,1,Sn,NS,836
OG0001828,0.4222330006830478,0.138414006471587,Sn,NS,406
OG0001843,-0.7273795453370082,0.0696005257792736,Sn,NS,1505
OG0001853,0.07860983469636647,1,Sn,NS,742
OG0001861,0.32077347694587044,1,Sn,NS,478
OG0001868,0.04124298223188134,1,Sn,NS,783
OG0001888,-0.8109661756099832,1,Sn,NS,1553
OG0001891,0.792482941901548,0.0279686136440513,Sn,NS,191
OG0001906,0.5801454844233804,0.607922338238318,Sn,NS,291
OG0001916,0.07724299893246035,1,Sn,NS,744
OG0001917,0.24610400988391656,1,Sn,NS,548
OG0001922,0.43295940727610627,1,Sn,NS,393
OG0001923,0.14535138557262012,1,Sn,NS,662
OG0001935,-0.6438561897747247,0.584025230862534,Sn,NS,1465
OG0001948,-0.22095044716254147,1,Sn,NS,1076
OG0001953,0.5150059164337295,0.354021640028096,Sn,NS,338
OG0001959,2.6556844368866397,0.0276532664472558,Sn,UP,7
OG0001975,0.4915965944104482,0.992032922695463,Sn,NS,351
OG0002009,0.5758826588545264,0.853749842159104,Sn,NS,295
OG0002018,0.08949815083910263,1,Sn,NS,728
OG0002021,-0.11559744701631276,1,Sn,NS,964
OG0002025,-0.22263289054958724,1,Sn,NS,1080
OG0002064,-0.09850554495242506,1,Sn,NS,946
OG0002077,0.15574923267794483,1,Sn,NS,651
OG0002088,0.859969548221026,0.314837029841616,Sn,NS,175
OG0002090,0.2714256760929345,1,Sn,NS,522
OG0002101,0.5370475194046574,0.0528747828751534,Sn,NS,318
OG0002107,0.10030490579568548,1,Sn,NS,715
OG0002122,-0.5022599113909069,0.0599004268639053,Sn,NS,1362
OG0002125,-0.0188780102056894,1,Sn,NS,849
OG0002133,0.03280614508324148,1,Sn,NS,794
OG0002134,-0.3997302464909953,1,Sn,NS,1270
OG0002139,-0.4092782299901589,0.980810796480946,Sn,NS,1280
OG0002146,1.1782365846048053,0.511475001627453,Sn,NS,106
OG0002161,1.6297156438784137,0.116743023252189,Sn,NS,58
OG0002171,0.3493652775942134,1,Sn,NS,460
OG0002176,-0.6620035364849841,0.487548182081691,Sn,NS,1475
OG0002192,-0.7297700927620023,0.552613802430685,Sn,NS,1509
OG0002196,0.3851548968843438,1,Sn,NS,429
OG0002208,-0.25320707290829697,0.156225850949474,Sn,NS,1114
OG0002214,0.6135316529179271,1,Sn,NS,277
OG0002232,-0.15202535760099378,1,Sn,NS,1013
OG0002237,0.3740657182225377,0.0447554964131148,Sn,NS,440
OG0002238,-0.25670047211174335,1,Sn,NS,1121
OG0002295,-0.520769438793664,0.222281567231934,Sn,NS,1379
OG0002300,-0.4436592736768024,0.012672514276286,Sn,NS,1306
OG0002341,-0.04841220518524589,1,Sn,NS,881
OG0002345,-0.08161376555365212,1,Sn,NS,925
OG0002379,-0.488026018218199,0.191361068276814,Sn,NS,1346
OG0002381,-0.3677317845004871,0.979598400854497,Sn,NS,1233
OG0002384,0.24366908096686263,1,Sn,NS,553
OG0002396,0.3402774047662543,0.261506970899988,Sn,NS,467
OG0002432,0.23143240844796503,1,Sn,NS,570
OG0002435,0.48851500895781214,0.243006437821266,Sn,NS,354
OG0002436,0.9184924467199718,0.318002727304868,Sn,NS,164
OG0002472,-1.282789700980404,0.0447554964131148,Sn,DOWN,1694
OG0002502,-0.23956612532988847,1,Sn,NS,1099
OG0002524,2.2094533656289497,0.022120004575769,Sn,UP,19
OG0002532,-0.34923544088309766,1,Sn,NS,1220
OG0002544,-0.4479390414351361,1,Sn,NS,1313
OG0002545,3.5874850104898672,0.214603433294817,Sn,NS,2
OG0002575,0.3862591411333461,0.270358200951543,Sn,NS,427
OG0002591,-1.1080579718790657,0.0528747828751534,Sn,NS,1657
OG0002600,-0.7273795453370082,0.271069032352693,Sn,NS,1505
OG0002605,-0.08091297268347891,1,Sn,NS,924
OG0002615,0.13881446890228188,1,Sn,NS,673
OG0002621,-0.2380363873562973,0.375488523069939,Sn,NS,1098
OG0002630,-0.10469737866669324,1,Sn,NS,953
OG0002649,-0.1584293626044829,1,Sn,NS,1017
OG0002650,-0.3827015171591536,1,Sn,NS,1252
OG0002665,-2.3437324652057105,0.125136120978908,Sn,NS,1768
OG0002674,0.4478436443620855,1,Sn,NS,380
OG0002678,0.3740657182225377,1,Sn,NS,440
OG0002679,0.3227303186194045,0.418184697751549,Sn,NS,476
OG0002725,0.5743437539200129,0.0841996109407806,Sn,NS,296
OG0002726,-0.4659383975788817,0.621788514191322,Sn,NS,1326
OG0002759,0.26183165875213665,0.894903610505098,Sn,NS,532
OG0002761,-0.4500844463780446,0.1854225664183,Sn,NS,1315
OG0002770,-0.22263289054958724,0.898734987469089,Sn,NS,1080
OG0002772,-0.3996599436305711,0.124157057635085,Sn,NS,1269
OG0002773,-0.0709665213541436,1,Sn,NS,907
OG0002790,-0.7833899312575583,0.64009278531343,Sn,NS,1540
OG0002818,-0.7636604608316264,0.948628334124555,Sn,NS,1534
OG0002821,-1.038006322579745,1,Sn,NS,1637
OG0002854,0.32883646422954,0.64009278531343,Sn,NS,473
OG0002858,0.1186417364898413,0.915643858445475,Sn,NS,697
OG0002866,0.4382928515791468,0.125559730962339,Sn,NS,387
OG0002889,-0.732164607902385,0.172965051257294,Sn,NS,1511
OG0002897,-0.2552007885768889,0.100893146770803,Sn,NS,1120
OG0002920,0.11103131238874396,1,Sn,NS,701
OG0002921,0.19660704409481772,1,Sn,NS,601
OG0002923,-0.2013588493635739,0.938605711429802,Sn,NS,1058
OG0002924,0.07724299893246035,1,Sn,NS,744
OG0002925,1.84478735007906,0.0517324705461205,Sn,NS,44
OG0002945,0.511973981781801,0.620543711483257,Sn,NS,342
OG0002946,-0.6016496296540352,0.061265168718121,Sn,NS,1436
OG0002948,-1.0954195650786824,0.637922572283363,Sn,NS,1652
OG0003024,-0.438307278601691,1,Sn,NS,1301
OG0003039,-0.2823862681315769,0.376760661793174,Sn,NS,1146
OG0003045,-0.5479317697761891,0.979119806204247,Sn,NS,1401
OG0003047,0.38183708390604737,1,Sn,NS,432
OG0003058,0.3950627995175776,0.417628561818996,Sn,NS,421
OG0003111,-0.10314692710329326,1,Sn,NS,951
OG0003112,1.5811101752255496,0.275774442749977,Sn,NS,63
OG0003113,0.197865391353738,1,Sn,NS,598
OG0003137,0.7782085763980877,0.215490489108398,Sn,NS,198
OG0003143,0.14665522211946516,0.983409453191907,Sn,NS,660
OG0003168,0.38183708390604737,0.941016746075415,Sn,NS,432
OG0003178,-0.22263289054958724,1,Sn,NS,1080
OG0003245,-0.41119543298444966,0.751872687158451,Sn,NS,1282
OG0003276,0.5220557491609642,0.530148259417154,Sn,NS,330
OG0003277,-0.47794425083903574,0.439422238306294,Sn,NS,1335
OG0003294,0.1401242239090707,1,Sn,NS,669
OG0003301,0.3950627995175776,0.965992313735725,Sn,NS,421
OG0003309,-0.34923544088309766,0.156225850949474,Sn,NS,1220
OG0003310,0.11769504266975456,1,Sn,NS,698
OG0003353,0.23143240844796503,1,Sn,NS,570
OG0003364,0.08406426478847455,1,Sn,NS,733
OG0003382,0.16607267594670594,1,Sn,NS,639
OG0003395,-0.04097178105630617,1,Sn,NS,875
OG0003405,0.2078928516413329,1,Sn,NS,587
OG0003409,-0.49005085369568935,0.767437849042954,Sn,NS,1349
OG0003421,0.1230039540548198,1,Sn,NS,688
OG0003436,-0.1504009888485484,0.829935900512312,Sn,NS,1007
OG0003457,-0.7226103011891362,0.235801478280615,Sn,NS,1502
OG0003463,0.4402173851600837,0.793117790212351,Sn,NS,386
OG0003472,-0.20423305221760776,1,Sn,NS,1061
OG0003484,-0.6529013293777317,0.00999974295961063,Sn,NS,1469
OG0003486,-0.09131443901807137,1,Sn,NS,937
OG0003509,0.04124298223188134,1,Sn,NS,783
OG0003555,0.42760617278189944,1,Sn,NS,400
OG0003576,-1.9885043611621709,0.0387327201007487,Sn,DOWN,1757
OG0003604,0.3345682756661327,1,Sn,NS,470
OG0003619,0.0034269038947005726,1,Sn,NS,831
OG0003649,0.1686420355588392,1,Sn,NS,637
OG0003663,-1.8468432119385796,0.0477832766264306,Sn,DOWN,1751
OG0003666,-0.03504694709920079,1,Sn,NS,869
OG0003690,0.5665716406267608,0.679210408564716,Sn,NS,300
OG0003720,1.2738142445870366,0.00627776631501728,Sn,UP,92
OG0003768,0.00863030514344005,1,Sn,NS,824
OG0003817,0.6736519348814369,0.495251047732048,Sn,NS,247
OG0003871,0.3258760268358981,1,Sn,NS,475
OG0003900,0.6582831610937869,0.0220648993859512,Sn,NS,260
OG0003930,0.35952117042759535,1,Sn,NS,456
OG0003931,-0.0923401721467106,1,Sn,NS,938
OG0003967,-0.05589120089204515,1,Sn,NS,888
OG0003977,0.4092551466848378,0.867632768386193,Sn,NS,412
OG0004009,0.09085343045111348,1,Sn,NS,727
OG0004022,-0.5084034055895519,1,Sn,NS,1369
OG0004036,0.0676387168753633,1,Sn,NS,757
OG0004053,-0.584241333477502,0.228397444286313,Sn,NS,1424
OG0004054,-0.4461480318188743,0.901904009157717,Sn,NS,1311
OG0004059,0.6608373676962838,1,Sn,NS,259
OG0004079,0.6571826601284232,0.420228793248046,Sn,NS,261
OG0004082,-0.4520566887096497,0.350352121064177,Sn,NS,1316
OG0004085,-0.9159357352115256,1,Sn,NS,1595
OG0004123,-0.20257191784768688,1,Sn,NS,1060
OG0004128,0.10701824988212044,1,Sn,NS,704
OG0004142,0.7066410573094084,0.679502814387881,Sn,NS,230
OG0004164,-0.00868224309980088,1,Sn,NS,844
OG0004186,-0.5374241119577958,1,Sn,NS,1392
OG0004201,-0.4073635713934228,0.295107111288448,Sn,NS,1277
OG0004214,-1.3584539709124763,0.793874032741861,Sn,NS,1710
OG0004237,-0.1250063610670326,1,Sn,NS,978
OG0004264,-0.41119543298444966,1,Sn,NS,1282
OG0004387,-0.248107861595691,1,Sn,NS,1110
OG0004448,3.00880955531959,0.0762282521987959,Sn,NS,3
OG0004468,0.03328365539838671,1,Sn,NS,793
OG0004483,-0.5929192245494992,0.724636176798944,Sn,NS,1430
OG0004509,0.09356017616233782,1,Sn,NS,725
OG0004512,-0.1504009888485484,1,Sn,NS,1007
OG0004534,-0.49207853504267185,0.724079587495587,Sn,NS,1352
OG0004535,-1.2515387669959646,0.308037021919224,Sn,NS,1687
OG0004562,-0.04692104738749257,1,Sn,NS,880
OG0004564,-0.6574452545226798,0.420228793248046,Sn,NS,1471
OG0004579,0.4987614656718524,1,Sn,NS,347
OG0004593,-0.8836352433082154,0.00485526233648111,Sn,NS,1584
OG0004597,0.5320675522890307,0.994487606745361,Sn,NS,322
OG0004627,-0.584241333477502,0.0435191543773886,Sn,NS,1424
OG0004652,-0.1187269385707514,1,Sn,NS,968
OG0004663,-0.24468509595490195,0.915643858445475,Sn,NS,1106
OG0004695,-0.44418384493836033,0.483838769388008,Sn,NS,1307
OG0004724,-1.3658714424749594,0.12255950126937,Sn,NS,1711
OG0004734,-0.8783214434117476,1,Sn,NS,1582
OG0004743,-0.3695945285176767,0.315449515111176,Sn,NS,1237
OG0004747,-0.1616532634787693,1,Sn,NS,1023
OG0004774,-0.41119543298444966,1,Sn,NS,1282
OG0004781,-0.7369655941662062,0.0623579334169341,Sn,NS,1516
OG0004798,-0.4739311883324124,0.767942795598008,Sn,NS,1332
OG0004800,0.7595819732335547,1,Sn,NS,209
OG0004803,0.3402774047662543,0.402114475626858,Sn,NS,467
OG0004804,-0.25325728422226385,1,Sn,NS,1115
OG0004827,0.31961793420016127,1,Sn,NS,479
OG0004845,-0.2915920165164037,1,Sn,NS,1163
OG0004881,-0.1975999598851607,1,Sn,NS,1052
OG0004896,0.15185881672700494,1,Sn,NS,655
OG0004910,-0.25842515258120435,1,Sn,NS,1123
OG0004924,-0.1504009888485484,1,Sn,NS,1007
OG0004961,1.0021624211506208,0.582393007184372,Sn,NS,143
OG0004962,-0.4016347946763554,0.058458809406676,Sn,NS,1273
OG0004982,-0.7908586021614084,0.201506053790476,Sn,NS,1544
OG0004983,-0.3513866801919924,1,Sn,NS,1223
OG0004987,-0.00723156923107586,1,Sn,NS,843
OG0004989,0.19408705211630223,1,Sn,NS,604
OG0004997,0.22527492986956937,1,Sn,NS,578
OG0005002,0.00144197417390632,1,Sn,NS,832
OG0005018,0.4552285711171388,0.884108842088533,Sn,NS,374
OG0005020,0.07176266930009127,1,Sn,NS,752
OG0005023,1.062812492405021,0.282572027369055,Sn,NS,128
OG0005036,-0.23446525363702295,1,Sn,NS,1090
OG0005037,0.24628552959149191,0.796851122357566,Sn,NS,547
OG0005050,-0.8703872618695304,0.82534173072569506,Sn,NS,1578
OG0005063,0.8718436485093178,0.189526960526256,Sn,NS,173
OG0005072,0.641358969050791,0.611316415355022,Sn,NS,268
OG0005084,-1.4181991108757561,0.174612769599936,Sn,NS,1719
OG0005102,-0.2681521558779747,0.987853311693565,Sn,NS,1130
OG0005103,-0.4981787345790897,0.611211815886861,Sn,NS,1357
OG0005104,2.051024003024467,0.15491062413797901,Sn,NS,28
OG0005182,1.2116352533271495,1,Sn,NS,98
OG0005192,-0.641603738043346,0.0580268112116854,Sn,NS,1462
OG0005202,0.1190241031422746,1,Sn,NS,692
OG0005216,-1.3400754415976217,0.76871953716809,Sn,NS,1707
OG0005220,-0.4363537305159361,1,Sn,NS,1300
OG0005221,0.6304054714823233,0.823163037407808,Sn,NS,273
OG0005240,-0.4619585466663364,0.821917738765659,Sn,NS,1323
OG0005243,-0.1281563514906822,1,Sn,NS,985
OG0005250,0.7595819732335547,0.0551004506461212,Sn,NS,209
OG0005265,-0.6943212567577125,0.944338170572729,Sn,NS,1491
OG0005315,0.7022142510104408,0.152913860519828,Sn,NS,233
OG0005326,-0.9406447223835788,0.538461321178175,Sn,NS,1602
OG0005328,0.5280711645787354,0.901375295205098,Sn,NS,325
OG0005335,-0.8996950942043145,0.152913860519828,Sn,NS,1590
OG0005336,-0.46394709975979026,0.241457305960901,Sn,NS,1325
OG0005340,-1.8624964762500649,0.204416656900732,Sn,NS,1752
OG0005343,-0.5606428215257431,0.412930177163924,Sn,NS,1409
OG0005361,-0.7908586021614084,0.555107430149614,Sn,NS,1544
OG0005372,0.5420103555366091,0.444677017780533,Sn,NS,315
OG0005374,-0.5756153284619034,1,Sn,NS,1416
OG0005386,1.0278617753545096,0.185748216518697,Sn,NS,134
OG0005389,0.07587486697512764,1,Sn,NS,748
OG0005403,-0.2688167584278,1,Sn,NS,1131
OG0005405,0.5220557491609642,1,Sn,NS,330
OG0005432,-0.732164607902385,0.0139800640063353,Sn,NS,1511
OG0005446,-0.0908029370083126,1,Sn,NS,934
OG0005469,-1.1942948151614887,0.0155118755896587,Sn,DOWN,1678
OG0005483,1.5680321047712789,0.0279686136440513,Sn,UP,64
OG0005509,-0.6393547975397839,0.308308678930825,Sn,NS,1458
OG0005515,0.2485348361386787,0.676898505016677,Sn,NS,544
OG0005531,-0.1376478004679799,1,Sn,NS,996
OG0005543,-0.00868224309980088,1,Sn,NS,844
OG0005545,-0.1975999598851607,0.782900835289554,Sn,NS,1052
OG0005547,-0.5395195299599892,0.515693678278567,Sn,NS,1395
OG0005549,-1.3658714424749594,0.0132378432389706,Sn,DOWN,1711
OG0005560,0.00144197417390632,1,Sn,NS,832
OG0005567,0.637842060324105,0.372932983888859,Sn,NS,270
OG0005568,0.1596291858212278,1,Sn,NS,644
OG0005569,1.018634174139051,0.00352059749398658,Sn,UP,136
OG0005595,-0.9241251330248724,1,Sn,NS,1599
OG0005651,-0.2968993003958401,1,Sn,NS,1167
OG0005689,-0.05739166388833668,1,Sn,NS,893
OG0005690,0.59741198755465,0.948628334124555,Sn,NS,281
OG0005710,1.5621813564718672,0.0227432155043021,Sn,UP,65
OG0005715,1.2904244038652997,0.77826861363878,Sn,NS,89
OG0005717,0.06901467791518046,1,Sn,NS,756
OG0005726,-0.5777669993169522,0.190271740045658,Sn,NS,1417
OG0005757,-0.584241333477502,0.168025354196249,Sn,NS,1424
OG0005758,-0.06039727964395627,1,Sn,NS,895
OG0005769,0.4027221768456047,1,Sn,NS,416
OG0005785,0.1801478611584286,1,Sn,NS,625
OG0005788,-0.15200309344504995,1,Sn,NS,1010
OG0005796,1.2957230245399685,0.248464840947447,Sn,NS,88
OG0005831,-0.2670796178917426,0.679502814387881,Sn,NS,1127
OG0005848,-0.7369655941662062,0.541305540249574,Sn,NS,1516
OG0005873,0.7875295553226845,0.843326775173734,Sn,NS,194
OG0005888,0.1801478611584286,1,Sn,NS,625
OG0005930,0.6617495998107048,0.278573461972279,Sn,NS,258
OG0005931,0.9467447908576939,0.196135400063971,Sn,NS,154
OG0005935,-0.05589120089204515,1,Sn,NS,888
OG0005939,-1.038006322579745,0.323133646776624,Sn,NS,1637
OG0005940,-0.416962376203336,1,Sn,NS,1290
OG0005943,-0.1896045231564261,1,Sn,NS,1048
OG0005949,0.08133962745193878,1,Sn,NS,735
OG0005962,-0.44418384493836033,1,Sn,NS,1307
OG0005964,-0.8084373492992444,0.185695915869041,Sn,NS,1550
OG0005984,-0.7249929525001302,1,Sn,NS,1504
OG0005987,0.17637813276607356,1,Sn,NS,631
OG0005989,-0.5734668618833266,0.230539095888872,Sn,NS,1415
OG0005992,-0.20922796213800007,1,Sn,NS,1065
OG0006024,-0.01013437713371317,1,Sn,NS,847
OG0006047,0.983312871067121,0.0374233812994411,Sn,NS,145
OG0006053,-0.3165281071447725,1,Sn,NS,1186
OG0006086,-1.1328942704973453,0.185748216518697,Sn,NS,1660
OG0006090,0.4977400886090932,1,Sn,NS,348
OG0006092,0.20288783347014341,1,Sn,NS,594
OG0006122,-0.28454587288428235,1,Sn,NS,1150
OG0006161,0.6879564940444818,0.755576942526425,Sn,NS,237
OG0006167,-0.33321485711118937,0.463213663616698,Sn,NS,1208
OG0006172,-0.117161344232749,1,Sn,NS,965
OG0006181,-0.16974467583231706,1,Sn,NS,1029
OG0006185,-0.3093594213843066,1,Sn,NS,1180
OG0006196,0.2412300355154453,1,Sn,NS,559
OG0006210,0.01435529297707005,1,Sn,NS,814
OG0006221,-1.080087911322692,0.0259913908738863,Sn,DOWN,1649
OG0006237,-0.08314123530024586,1,Sn,NS,929
OG0006282,0.6406209280356976,0.686442284738589,Sn,NS,269
OG0006291,0.2041407167802252,1,Sn,NS,593
OG0006306,-0.3273483706716152,0.901375295205098,Sn,NS,1200
OG0006321,-0.994240730711315,0.0227905186518804,Sn,NS,1619
OG0006323,-0.20423305221760776,1,Sn,NS,1061
OG0006349,-0.2463954637200048,1,Sn,NS,1109
OG0006390,0.22897256976016075,1,Sn,NS,574
OG0006409,-0.37519723474705274,0.25843178256795,Sn,NS,1240
OG0006417,0.40490312214513074,1,Sn,NS,415
OG0006443,0.5153121177153691,1,Sn,NS,337
OG0006462,0.11636475669178462,1,Sn,NS,700
OG0006466,0.668119124686432,0.405921806256269,Sn,NS,251
OG0006475,0.5655971758542251,0.275478973470099,Sn,NS,301
OG0006479,-0.4141186071556936,0.349183448067982,Sn,NS,1288
OG0006487,-0.4699292577749161,0.432716719009503,Sn,NS,1328
OG0006512,-0.14082554413356457,1,Sn,NS,1001
OG0006514,0.27381424458703657,1,Sn,NS,519
OG0006520,-0.20152098272166466,1,Sn,NS,1059
OG0006527,0.6699338356689607,0.434127186578796,Sn,NS,248
OG0006539,0.5733745264459443,0.12419934683924,Sn,NS,297
OG0006550,-0.496142467422571,0.234663032487936,Sn,NS,1353
OG0006566,-0.6082322800440033,1,Sn,NS,1443
OG0006624,-1.7083964419694353,0.189425483788184,Sn,NS,1741
OG0006631,0.828631581688019,0.0217934095053392,Sn,NS,181
OG0006661,-0.1584293626044829,1,Sn,NS,1017
OG0006667,0.03703073094496702,1,Sn,NS,790
OG0006690,-0.496142467422571,1,Sn,NS,1353
OG0006694,-0.49005085369568935,0.192559557998487,Sn,NS,1349
OG0006746,0.7782085763980877,0.0888134846116766,Sn,NS,198
OG0006761,-0.6850135145314845,0.388363002075976,Sn,NS,1485
OG0006770,-0.4659383975788817,1,Sn,NS,1326
OG0006777,-0.17625063969172725,1,Sn,NS,1038
OG0006787,-0.8185793597198583,0.278573461972279,Sn,NS,1556
OG0006795,0.0398402645317911,1,Sn,NS,787
OG0006796,-0.5084034055895519,1,Sn,NS,1369
OG0006799,0.7891032175013815,0.726047466742096,Sn,NS,193
OG0006843,0.18903382439001687,1,Sn,NS,611
OG0006862,-0.6259342817774622,0.108462092160679,Sn,NS,1451
OG0006869,-1.7908586021614084,0.031443807339919,Sn,DOWN,1748
OG0006870,0.1230039540548198,1,Sn,NS,688
OG0006873,0.06626144226872127,1,Sn,NS,760
OG0006893,0.45417589318580215,1,Sn,NS,375
OG0006941,2.9836859955291044,0.0466877813977344,Sn,UP,4
OG0006946,-0.34190279464862844,1,Sn,NS,1214
OG0006955,-1.4540316308947074,0.0602550425590234,Sn,NS,1721
OG0006988,-0.17462139610706873,1,Sn,NS,1036
OG0006990,0.07991080921552954,1,Sn,NS,741
OG0006998,-0.8236772273595371,0.767942795598008,Sn,NS,1559
OG0007000,0.34141652447872234,0.841522234175922,Sn,NS,465
OG0007004,0.7346554334790051,0.139342068471587,Sn,NS,217
OG0007017,0.1928254035523912,1,Sn,NS,606
OG0007031,1.0250287944915224,0.0260888044757191,Sn,UP,135
OG0007038,-0.19162166744425263,0.644266274049348,Sn,NS,1049
OG0007041,0.1686420355588392,1,Sn,NS,637
OG0007047,0.9767302206771528,0.00627776631501728,Sn,NS,147
OG0007054,0.4688439429746375,1,Sn,NS,362
OG0007064,0.6852674065168417,1,Sn,NS,239
OG0007082,0.9759969576164432,0.0198044165051365,Sn,NS,148
OG0007098,0.22133429739878918,0.823774062347821,Sn,NS,583
OG0007101,-0.6293592767073888,0.0835193985371255,Sn,NS,1455
OG0007103,-0.9606076518874598,0.0274601335137772,Sn,NS,1610
OG0007107,0.20664322398339532,1,Sn,NS,589
OG0007112,-0.25325728422226385,1,Sn,NS,1115
OG0007115,-0.8809758968577254,0.232133176962745,Sn,NS,1583
OG0007154,0.5811101752255496,0.948628334124555,Sn,NS,290
OG0007158,-0.5022599113909069,1,Sn,NS,1362
OG0007170,-0.8677522017015602,0.15473035891296,Sn,NS,1573
OG0007172,-1.5353317329965557,1,Sn,NS,1726
OG0007175,-2.0954195650786827,0.446730624963035,Sn,NS,1765
OG0007205,-0.02767495844284834,1,Sn,NS,858
OG0007213,0.7207162425211313,0.693759790686601,Sn,NS,221
OG0007218,0.010007484212299043,1,Sn,NS,823
OG0007221,-0.4150374992788438,1,Sn,NS,1289
OG0007236,0.9388503370060636,0.139131191415119,Sn,NS,155
OG0007241,-0.38655833239289283,0.986605330853834,Sn,NS,1258
OG0007246,0.04404433270602122,1,Sn,NS,782
OG0007249,-1.888968687611256,0.0317201526445424,Sn,DOWN,1753
OG0007251,0.19662022613349459,1,Sn,NS,600
OG0007264,-0.9770995978899212,0.350111317378368,Sn,NS,1614
OG0007266,0.02005765234125347,1,Sn,NS,810
OG0007269,0.22650852980867975,1,Sn,NS,577
OG0007270,0.09626185305840348,1,Sn,NS,720
OG0007274,-1.741782610463982,0.178693643205157,Sn,NS,1744
OG0007280,0.5300707422250839,0.580297323506577,Sn,NS,324
OG0007283,0.12167855658825248,1,Sn,NS,690
OG0007321,1.1116998445307575,0.03686280580715,Sn,UP,123
OG0007333,0.3851548968843438,0.319335213059809,Sn,NS,429
OG0007353,0.4446670668419076,1,Sn,NS,383
OG0007365,-0.5125136506514639,0.948628334124555,Sn,NS,1375
OG0007367,0.2916035580305647,0.820978663508736,Sn,NS,500
OG0007393,-0.3566055465201077,1,Sn,NS,1226
OG0007412,-0.8198661873093994,0.0510323617524537,Sn,NS,1558
OG0007419,-0.6281623826695795,0.736970931428239,Sn,NS,1453
OG0007431,0.5840003832857726,1,Sn,NS,286
OG0007435,-0.2549778509627355,0.728074909961043,Sn,NS,1117
OG0007467,-0.3183258582071667,1,Sn,NS,1188
OG0007473,0.7303138862937762,0.976192853052688,Sn,NS,218
OG0007483,0.6843699290130068,0.188445484750544,Sn,NS,240
OG0007495,-1.1844245711374275,0.0070310346800568,Sn,DOWN,1676
OG0007497,1.066950243924627,0.240332435616204,Sn,NS,127
OG0007498,-0.641603738043346,1,Sn,NS,1462
OG0007520,1.9045804349213176,0.174664031825993,Sn,NS,37
OG0007523,-1.217591435072627,0.362497941734492,Sn,NS,1679
OG0007550,-2,0.145026934398397,Sn,NS,1759
OG0007583,-1.0086822430998008,1,Sn,NS,1626
OG0007585,-1.0144995696951151,0.301700015506878,Sn,NS,1628
OG0007589,-0.7514651638613213,0.0107491597147282,Sn,NS,1524
OG0007616,-0.5104570643575265,0.427647306245908,Sn,NS,1374
OG0007627,-0.00433459026389112,1,Sn,NS,840
OG0007628,0.05519565424212462,1,Sn,NS,772
OG0007629,1.1375035237499351,0.189425483788184,Sn,NS,118
OG0007637,-0.6259342817774622,0.281492297629257,Sn,NS,1451
OG0007654,0.3729520979118291,0.580103108933374,Sn,NS,443
OG0007663,0.1544535926798724,1,Sn,NS,652
OG0007677,0.17887395816979515,1,Sn,NS,628
OG0007678,-1.307572801910292,0.0132123280470261,Sn,DOWN,1700
OG0007711,0.03421571533791298,1,Sn,NS,792
OG0007712,-0.982790709967777,0.0362061355383198,Sn,NS,1616
OG0007713,0.8205288248254814,0.542780160154729,Sn,NS,184
OG0007720,-1.4111954329844496,0.563807555615334,Sn,NS,1717
OG0007730,-0.6850135145314845,0.427013769969181,Sn,NS,1485
OG0007734,-0.10935875603655625,1,Sn,NS,959
OG0007741,-0.195946441032647,1,Sn,NS,1050
OG0007753,-0.248107861595691,1,Sn,NS,1110
OG0007761,-0.22095044716254147,1,Sn,NS,1076
OG0007769,0.01863417413905097,1,Sn,NS,812
OG0007782,0.2285943574462061,1,Sn,NS,575
OG0007794,-0.022709759250600994,1,Sn,NS,855
OG0007798,1.5400272692575072,0.015230938570074,Sn,UP,66
OG0007803,-0.0694518807521452,1,Sn,NS,905
OG0007807,0.08270258933024935,1,Sn,NS,734
OG0007830,0.1056780778945372,1,Sn,NS,708
OG0007842,-0.1568201097428258,1,Sn,NS,1016
OG0007921,-0.7131188522118385,0.418245272286257,Sn,NS,1500
OG0007937,0.16221003631430692,1,Sn,NS,641
OG0007954,0.18650055764449475,1,Sn,NS,616
OG0007968,-0.4073635713934228,0.536044128247275,Sn,NS,1277
OG0007969,-0.6060347243397574,0.930287512373972,Sn,NS,1442
OG0007979,0.31266517355839435,1,Sn,NS,484
OG0008035,-0.8084373492992444,0.253511516373863,Sn,NS,1550
OG0008080,-0.1827860757416734,1,Sn,NS,1040
OG0008143,0.16092018818110318,1,Sn,NS,642
OG0008224,-0.6943212567577125,0.152913860519828,Sn,NS,1491
OG0008253,0.3928669162307998,0.564121819882138,Sn,NS,424
OG0008270,1.9916805621431244,0.0528747828751534,Sn,NS,30
OG0008275,0.2630344058337938,1,Sn,NS,531
OG0008278,-1.3327890875191293,0.466552964013088,Sn,NS,1705
OG0008288,-0.8059129478836977,0.151731451446384,Sn,NS,1549
OG0008292,-0.27753397552890896,0.772752269807031,Sn,NS,1141
OG0008293,-0.2740407654908124,1,Sn,NS,1136
OG0008303,-0.3040061868900999,1,Sn,NS,1176
OG0008336,0.0537394907035772,1,Sn,NS,773
OG0008353,0.4297498508002161,1,Sn,NS,397
OG0008377,0.07724299893246035,1,Sn,NS,744
OG0008380,0.770662753693095,0.439964799923017,Sn,NS,202
OG0008390,-0.5817874542960553,0.0888134846116766,Sn,NS,1419
OG0008426,-0.2378638300988879,1,Sn,NS,1095
OG0008432,-1.1616532634787693,0.277758106765632,Sn,NS,1668
OG0008440,0.3796209620557083,1,Sn,NS,436
OG0008446,-1.965784284662087,0.180186171382964,Sn,NS,1756
OG0008456,-0.08620103504930393,1,Sn,NS,930
OG0008474,0.3807294485035485,0.679502814387881,Sn,NS,434
OG0008482,-0.2549778509627355,0.85370250934261,Sn,NS,1117
OG0008507,0.3862591411333461,0.978372460457097,Sn,NS,427
OG0008509,-0.3247604287189101,0.336713032131306,Sn,NS,1197
OG0008521,0.1190241031422746,1,Sn,NS,692
OG0008527,0.09491164702546698,1,Sn,NS,722
OG0008528,1.2596979835548012,0.00129023241717985,Sn,UP,94
OG0008530,0.09491164702546698,1,Sn,NS,722
OG0008538,-1.3547594873547346,0.047764235250545,Sn,DOWN,1709
OG0008548,1.0328061450832415,0.0590386064068803,Sn,NS,133
OG0008555,1.1583370271671007,0.882978654687986,Sn,NS,113
OG0008569,0.1596291858212278,1,Sn,NS,644
OG0008582,1.8781367666269475,0.368624741046371,Sn,NS,39
OG0008589,-0.1281563514906822,1,Sn,NS,985
OG0008608,1.2811281736530145,0.03686280580715,Sn,UP,90
OG0008627,0.2215677885384093,1,Sn,NS,582
OG0008644,-0.5007953632932398,0.917204400089073,Sn,NS,1361
OG0008670,-0.27753397552890896,1,Sn,NS,1141
OG0008674,0.8999489861896718,0.245419058639336,Sn,NS,170
OG0008675,0.22527492986956937,1,Sn,NS,578
OG0008717,-0.15521264992094003,1,Sn,NS,1015
OG0008727,0.02147972741045139,1,Sn,NS,806
OG0008728,0.2016338611696504,1,Sn,NS,595
OG0008733,-0.019044636261592404,1,Sn,NS,851
OG0008751,0.46675761572617136,0.444677017780533,Sn,NS,364
OG0008755,-1,0.0528747828751534,Sn,NS,1622
OG0008794,-0.63486740654747,0.866807417476877,Sn,NS,1456
OG0008796,1.725348298132189,0.125136120978908,Sn,NS,50
OG0008806,-1.2618807112174235,0.0869196963201015,Sn,NS,1689
OG0008813,-0.4450148628548057,0.408954656498076,Sn,NS,1310
OG0008830,0.11103131238874396,1,Sn,NS,701
OG0008841,0.03042628858522565,1,Sn,NS,796
OG0008842,0.18650055764449475,1,Sn,NS,616
OG0008854,0.1016500760944348,1,Sn,NS,712
OG0008866,-0.4208198518728499,1,Sn,NS,1293
OG0008868,-0.03209362970985334,1,Sn,NS,863
OG0008874,0.7048719644563528,1,Sn,NS,231
OG0008875,-0.2670796178917426,1,Sn,NS,1127
OG0008882,1.5315686088149625,0.0276532664472558,Sn,UP,67
OG0008912,0.02573756141360827,1,Sn,NS,802
OG0008918,-0.7514651638613213,0.139978489255506,Sn,NS,1524
OG0008926,-0.00288827932482651,1,Sn,NS,838
OG0008942,-1.1877071551267289,0.10995598393542,Sn,NS,1677
OG0008957,0.1016500760944348,1,Sn,NS,712
OG0008976,-1.248107861595691,0.0943646950399103,Sn,NS,1686
OG0008978,0.44995748362800353,0.732590075622796,Sn,NS,379
OG0008997,-0.41119543298444966,0.241084816879385,Sn,NS,1282
OG0009007,0.916858764699754,0.0762282521987959,Sn,NS,165
OG0009040,0.5820742213963298,0.12570026784732,Sn,NS,289
OG0009048,-0.7563309190331373,0.51937758621015,Sn,NS,1529
OG0009074,0.2809563138310563,1,Sn,NS,509
OG0009112,-0.05439229681862778,1,Sn,NS,886
OG0009115,-0.25842515258120435,1,Sn,NS,1123
OG0009116,0.07313470463021537,1,Sn,NS,751
OG0009129,0.05102400302446689,1,Sn,NS,776
OG0009132,-0.4799549759601824,0.116743023252189,Sn,NS,1340
OG0009149,0.4478436443620855,0.668118361739337,Sn,NS,380
OG0009153,-0.2880646430210785,0.681130397119375,Sn,NS,1154
OG0009161,-0.15200309344504995,1,Sn,NS,1010
OG0009186,-1.0350469470992008,0.00639467611458901,Sn,DOWN,1636
OG0009194,0.26183165875213665,1,Sn,NS,532
OG0009210,-0.00578235259400611,1,Sn,NS,841
OG0009211,0.2809563138310563,1,Sn,NS,509
OG0009268,0.7398481026993274,0.948628334124555,Sn,NS,215
OG0009305,0.5240636757772107,0.525601707776767,Sn,NS,329
OG0009313,0.13881446890228188,1,Sn,NS,673
OG0009329,-0.6896598793878495,0.158548855677531,Sn,NS,1489
OG0009357,-0.35291578737104634,1,Sn,NS,1224
OG0009358,0.5935928058645962,0.815387191255157,Sn,NS,283
OG0009360,-0.7273795453370082,1,Sn,NS,1505
OG0009364,-0.49005085369568935,1,Sn,NS,1349
OG0009387,0.7467427157777361,0.653140997667928,Sn,NS,213
OG0009403,-0.9517638143471524,0.382392433870266,Sn,NS,1606
OG0009410,-0.6016496296540352,0.373056803573925,Sn,NS,1436
OG0009427,0.9313048436506692,0.445888863085954,Sn,NS,159
OG0009428,-0.3183258582071667,1,Sn,NS,1188
OG0009429,0.03843618165610792,1,Sn,NS,788
OG0009438,-1.279283757478869,0.188888715009541,Sn,NS,1692
OG0009444,2.498761465671852,0.0399442766170372,Sn,UP,10
OG0009460,-0.7083964419694353,0.592630936164133,Sn,NS,1497
OG0009461,-0.12973392960401728,1,Sn,NS,989
OG0009465,0.2880632003253163,1,Sn,NS,502
OG0009473,0.28332916805164143,0.538129659984718,Sn,NS,507
OG0009480,-0.1281563514906822,1,Sn,NS,985
OG0009496,1.973794929652606,0.00627776631501728,Sn,UP,32
OG0009505,-0.32012585225337686,1,Sn,NS,1191
OG0009520,0.487486349348536,0.620543711483257,Sn,NS,355
OG0009526,0.45943161863729726,0.352692391141736,Sn,NS,368
OG0009536,0.29278174922784594,1,Sn,NS,498
OG0009537,0.070389327891398,1,Sn,NS,754
OG0009564,-0.09696172988708796,1,Sn,NS,944
OG0009593,-1.1616532634787693,0.0070310346800568,Sn,DOWN,1668
OG0009630,-0.4860040206329874,0.215490489108398,Sn,NS,1345
OG0009715,0.1401242239090707,1,Sn,NS,669
OG0009743,0.14404636961670686,1,Sn,NS,664
OG0009758,0.09895848008816877,1,Sn,NS,717
OG0009767,0.7932716544980827,0.683840128138254,Sn,NS,189
OG0009780,1.3397075074485971,0.184096111468472,Sn,NS,85
OG0009783,1.5988415781332854,0.479830760385116,Sn,NS,61
OG0009795,0.9304806046023768,0.0526371898719807,Sn,NS,160
OG0009809,1.9478531433870163,0.158626132836003,Sn,NS,35
OG0009835,0.19660704409481772,1,Sn,NS,601
OG0009855,-0.47794425083903574,1,Sn,NS,1335
OG0009858,-0.1827860757416734,1,Sn,NS,1040
OG0009860,-0.7369655941662062,0.0862449284426164,Sn,NS,1516
OG0009911,-0.12658049656514306,1,Sn,NS,982
OG0009912,0.7980572999202589,0.192559557998487,Sn,NS,188
OG0009923,0.1596291858212278,1,Sn,NS,644
OG0009933,0.07997537672059589,1,Sn,NS,738
OG0009935,-0.2429767534925404,1,Sn,NS,1103
OG0009947,0.04823618565284762,1,Sn,NS,778
OG0009983,0.3402774047662543,0.977143186596948,Sn,NS,467
OG0010004,0.09761079662642232,1,Sn,NS,718
OG0010005,-0.2072648799906628,1,Sn,NS,1064
OG0010029,-0.6620035364849841,0.398766275728759,Sn,NS,1475
OG0010056,-0.3864683470820729,0.229878107227349,Sn,NS,1255
OG0010057,0.11769504266975456,1,Sn,NS,698
OG0010066,0.2351143203763572,1,Sn,NS,569
OG0010101,-0.1877071551267289,1,Sn,NS,1047
OG0010118,-0.8651219456568883,0.0435258216155853,Sn,NS,1571
OG0010142,-1.1804821116871183,0.516943665420997,Sn,NS,1674
OG0010152,-1.7858751946471527,0.843326775173734,Sn,NS,1747
OG0010174,-0.07856366919370213,1,Sn,NS,916
OG0010176,0.8375396343794035,0.977143186596948,Sn,NS,178
OG0010179,-0.3883554566263384,0.621478730979062,Sn,NS,1259
OG0010182,-0.03061923505839206,1,Sn,NS,862
OG0010191,1.2732174731034955,0.017115257539876,Sn,UP,93
OG0010201,1.7807300364763765,0.0586304173763666,Sn,NS,45
OG0010227,1.6466235084765828,0.238423237842104,Sn,NS,55
OG0010228,0.3950627995175776,1,Sn,NS,421
OG0010250,0.4297498508002161,0.948628334124555,Sn,NS,397
OG0010255,-0.06340917017606154,1,Sn,NS,899
OG0010267,-0.21759143507262677,1,Sn,NS,1074
OG0010275,-0.5542732966500158,0.620543711483257,Sn,NS,1406
OG0010278,-0.07856366919370213,1,Sn,NS,916
OG0010283,-0.8109661756099832,0.152913860519828,Sn,NS,1553
OG0010294,-0.8970060066766743,0.543241348732206,Sn,NS,1589
OG0010305,0.3267290684122949,1,Sn,NS,474
OG0010316,0.7110543218120664,0.366041171870281,Sn,NS,228
OG0010338,0.01292617444427004,1,Sn,NS,817
OG0010343,-0.7514651638613213,1,Sn,NS,1524
OG0010347,-1.6038405109268454,0.189425483788184,Sn,NS,1734
OG0010361,1.6544355408453997,0.00773569311325744,Sn,UP,53
OG0010371,-0.05439229681862778,1,Sn,NS,886
OG0010376,-0.5509353030001258,1,Sn,NS,1404
OG0010399,-0.12343394124827904,1,Sn,NS,976
OG0010445,0.17887395816979515,1,Sn,NS,628
OG0010449,-0.6529013293777317,1,Sn,NS,1469
OG0010458,0.4340276746635975,0.348679545969187,Sn,NS,391
OG0010460,-0.3789444967002605,1,Sn,NS,1247
OG0010463,-0.3864683470820729,1,Sn,NS,1255
OG0010474,0.0922074380970889,1,Sn,NS,726
OG0010482,0.35727047567955944,0.342132291679055,Sn,NS,458
OG0010508,-1.9159357352115256,0.536044128247275,Sn,NS,1754
OG0010548,0.23143240844796503,1,Sn,NS,570
OG0010573,-1.2933589426905916,0.0284029067782062,Sn,DOWN,1698
OG0010584,0.4157586665224981,0.986680187823484,Sn,NS,409
OG0010590,0.1826922975161903,1,Sn,NS,621
OG0010611,0.5380414533336636,1,Sn,NS,317
OG0010616,0.7180875839605168,0.786820706913733,Sn,NS,223
OG0010626,-0.98564470702292994,0.151680145331076,Sn,NS,1618
OG0010628,0.11923936285434009,0.125209654617377,Sn,NS,691
OG0010634,0,1,Sn,NS,834
OG0010641,0.6480051798104932,0.301117137746263,Sn,NS,264
OG0010651,-1.143208395069798,0.0246922826171417,Sn,DOWN,1662
OG0010652,0.06073915785767853,1,Sn,NS,766
OG0010678,-0.03209362970985334,1,Sn,NS,863
OG0010704,-0.17299399036102314,1,Sn,NS,1033
OG0010725,-0.03652587602511404,1,Sn,NS,870
OG0010748,-0.9714308478032292,0.208028632001519,Sn,NS,1612
OG0010763,-1.0709665213541435,0.180963582388539,Sn,NS,1647
OG0010771,0.5694910919587163,1,Sn,NS,299
OG0010777,1.9645834627768648,0.130672858854807,Sn,NS,33
OG0010818,-0.5084311385251175,0.933946863954072,Sn,NS,1373
OG0010824,0.5587574303737622,0.0869196963201015,Sn,NS,308
OG0010826,-1.0558912008920451,0.466229156715253,Sn,NS,1642
OG0010840,0.5330649218696376,0.466688721745674,Sn,NS,321
OG0010887,-0.03209362970985334,1,Sn,NS,863
OG0010907,0.5028397582559315,0.153372958748558,Sn,NS,344
OG0010909,-0.27578631324264175,0.977143186596948,Sn,NS,1140
OG0010911,0.1712068274181424,1,Sn,NS,635
OG0010944,0.3617683594191533,1,Sn,NS,450
OG0010953,0.14274017211608214,1,Sn,NS,666
OG0010960,-0.8084373492992444,0.269159912443662,Sn,NS,1550
OG0010963,-0.11403524324602944,1,Sn,NS,962
OG0010975,-0.6711635357704601,0.0552136447742477,Sn,NS,1480
OG0010982,-0.5395195299599892,0.180557779979443,Sn,NS,1395
OG0010985,-0.10469737866669324,1,Sn,NS,953
OG0010987,-0.488026018218199,0.502545655850124,Sn,NS,1346
OG0011033,-0.08008791132269193,1,Sn,NS,921
OG0011042,-0.732164607902385,0.609238609994532,Sn,NS,1511
OG0011054,-0.02767495844284834,1,Sn,NS,858
OG0011087,0.27262045466299184,1,Sn,NS,520
OG0011105,0.2963105607080923,0.948628334124555,Sn,NS,496
OG0011119,-0.7784322114615907,0.584025230862534,Sn,NS,1537
OG0011134,-0.9105018491608974,0.15836772675499,Sn,NS,1593
OG0011144,-1.4035418604410144,0.537093926269678,Sn,NS,1716
OG0011159,-0.3791165102889529,0.101947243754131,Sn,NS,1249
OG0011161,0.10433665981473551,1,Sn,NS,710
OG0011183,-0.8339273240532941,0.611359446577177,Sn,NS,1562
OG0011185,-0.5691795034802285,0.022120004575769,Sn,NS,1413
OG0011226,0.1775989293277334,1,Sn,NS,630
OG0011230,0.6684410267488015,0.031544750788537,Sn,NS,250
OG0011245,0.19912264201360064,1,Sn,NS,596
OG0011254,-0.6688680777827979,0.0474792055896364,Sn,NS,1479
OG0011282,-1.2209504471625414,0.00723959122905128,Sn,DOWN,1681
OG0011305,0.5280711645787354,0.0362061355383198,Sn,NS,325
OG0011341,0.7154541271157177,0.113085530956162,Sn,NS,224
OG0011360,0.2856981259581251,1,Sn,NS,506
OG0011366,-0.2009126939259964,1,Sn,NS,1057
OG0011367,0.49057013044620146,1,Sn,NS,352
OG0011376,0.05102400302446689,1,Sn,NS,776
OG0011387,-0.06190243892590685,1,Sn,NS,896
OG0011394,0.966430467306298,0.625207542643538,Sn,NS,149
OG0011398,0.02290040211007882,1,Sn,NS,803
OG0011420,0.03843618165610792,1,Sn,NS,788
OG0011441,0.5018212654209103,1,Sn,NS,345
OG0011464,0.02290040211007882,1,Sn,NS,803
OG0011473,0.7207162425211313,1,Sn,NS,221
OG0011526,-0.5416179958439868,0.611902652426929,Sn,NS,1398
OG0011531,0.13881446890228188,1,Sn,NS,673
OG0011547,-1.7710274302398392,0.0474123704479325,Sn,DOWN,1745
OG0011565,-0.6597225952337457,0.944976009959446,Sn,NS,1473
OG0011573,-1.7083964419694353,0.102358439527472,Sn,NS,1741
OG0011574,-0.6126374591640045,0.51628890610491,Sn,NS,1444
OG0011580,-0.744197163397282,0.434751302850344,Sn,NS,1522
OG0011586,-0.10314692710329326,1,Sn,NS,951
OG0011590,-0.3978282092466207,0.358248026461206,Sn,NS,1267
OG0011610,1.4392050457065133,0.0843571252944915,Sn,NS,75
OG0011619,0.33113192221720217,1,Sn,NS,472
OG0011634,-0.0908029370083126,1,Sn,NS,934
OG0011646,-0.6126374591640045,0.0590386064068803,Sn,NS,1444
OG0011648,-0.30757280191029224,1,Sn,NS,1178
OG0011651,0.7110543218120664,0.905926572032347,Sn,NS,228
OG0011661,-0.37519723474705274,0.862918870927174,Sn,NS,1240
OG0011664,0.3103401206121505,1,Sn,NS,486
OG0011690,0.28688114778816154,1,Sn,NS,504
OG0011705,-0.7563309190331373,0.488432222476746,Sn,NS,1529
OG0011707,0.25338423580007446,1,Sn,NS,542
OG0011722,0.01006368334469748,1,Sn,NS,822
OG0011723,-1.0649174766813383,0.142925808862618,Sn,NS,1645
OG0011741,-0.3437324652057107,1,Sn,NS,1216
OG0011754,-1.7786296126689733,0.501004551563005,Sn,NS,1746
OG0011773,-0.6170561304310095,0.0884261655686298,Sn,NS,1448
OG0011783,-1.083141235300246,0.409141385684712,Sn,NS,1650
OG0011801,0.24488705912353448,1,Sn,NS,551
OG0011831,0.1401242239090707,1,Sn,NS,669
OG0011843,1.1871342914745355,0.913620583416022,Sn,NS,103
OG0011850,0.6562675347942892,0.810111541575485,Sn,NS,262
OG0011854,0.14274017211608214,1,Sn,NS,666
OG0011861,-0.1187269385707514,1,Sn,NS,968
OG0011875,-0.3022261804448139,1,Sn,NS,1174
OG0011907,0.5150059164337295,1,Sn,NS,338
OG0011915,0.12961273813046964,1,Sn,NS,686
OG0011920,0.2821432287814984,1,Sn,NS,508
OG0011931,-1.0320936297098533,0.286725960407219,Sn,NS,1634
OG0011943,0.668119124686432,0.582593086911241,Sn,NS,251
OG0011946,-0.2722973271627619,0.746955958192537,Sn,NS,1134
OG0011966,-0.23956612532988847,1,Sn,NS,1099
OG0011982,-1.3327890875191293,0.0298320086077469,Sn,DOWN,1705
OG0011989,0.28688114778816154,1,Sn,NS,504
OG0011991,-0.520769438793664,0.476658276436897,Sn,NS,1379
OG0012014,0.5170236720645808,0.775458547094937,Sn,NS,334
OG0012016,-0.5084034055895519,0.139131191415119,Sn,NS,1369
OG0012018,-1.237863830098888,0.203801403070633,Sn,NS,1685
OG0012022,-0.42275246440684927,0.900370351829832,Sn,NS,1294
OG0012026,-0.3677317845004871,0.0625104796060038,Sn,NS,1233
OG0012030,0.07450543636362976,1,Sn,NS,750
OG0012032,1.585923976958601,0.221342381813366,Sn,NS,62
OG0012045,-0.33642766458247736,0.930160269802072,Sn,NS,1209
OG0012053,2.439889047619779,0.0599004268639053,Sn,NS,12
OG0012064,-1.279283757478869,0.0362061355383198,Sn,DOWN,1692
OG0012079,-1.049904905826314,0.167548601043926,Sn,NS,1641
OG0012092,-0.41098626763350077,0.529016172496853,Sn,NS,1281
OG0012094,0.6075162113549795,0.377051174050433,Sn,NS,278
OG0012112,0.2053925129896849,1,Sn,NS,591
OG0012141,0.3538878362849074,1,Sn,NS,459
OG0012157,-0.3255393484397412,1,Sn,NS,1198
OG0012165,-1.0144995696951151,0.00664269190473764,Sn,DOWN,1628
OG0012185,0.07860983469636647,1,Sn,NS,742
OG0012206,-0.3437324652057107,0.473752712591996,Sn,NS,1216
OG0012209,-0.9573556625915064,0.990620444451999,Sn,NS,1608
OG0012210,0.2558028366027179,0.580015334938696,Sn,NS,540
OG0012213,-0.09696172988708796,1,Sn,NS,944
OG0012223,0.3796209620557083,1,Sn,NS,436
OG0012262,-0.139235797371172,1,Sn,NS,1000
OG0012280,-0.16004041251046824,1,Sn,NS,1020
OG0012286,-0.02767495844284834,1,Sn,NS,858
OG0012287,0.04823618565284762,1,Sn,NS,778
OG0012291,0.4573316254850136,1,Sn,NS,371
OG0012292,0.1486250605858534,1,Sn,NS,658
OG0012339,0.3696060700318379,0.46600901015482,Sn,NS,446
OG0012355,-0.31293931166010763,1,Sn,NS,1182
OG0012364,0.6433944534798923,0.566327859138923,Sn,NS,265
OG0012374,0.00863030514344005,1,Sn,NS,824
OG0012391,-0.5929192245494992,0.472774666778431,Sn,NS,1430
OG0012396,-0.00578235259400611,1,Sn,NS,841
OG0012426,0.47404659931930554,0.312388284397865,Sn,NS,360
OG0012438,-0.496142467422571,1,Sn,NS,1353
OG0012440,-0.3437324652057107,1,Sn,NS,1216
OG0012454,-0.10780328953451485,1,Sn,NS,958
OG0012471,0.5390347029707543,0.345170794648252,Sn,NS,316
OG0012476,0.1915626507007556,1,Sn,NS,608
OG0012515,-0.11403524324602944,1,Sn,NS,962
OG0012528,0.5160236130601458,0.0580268112116854,Sn,NS,336
OG0012538,0.18523225423016085,1,Sn,NS,618
OG0012540,0.10433665981473551,1,Sn,NS,710
OG0012571,-0.0908029370083126,1,Sn,NS,934
OG0012581,0.01292617444427004,1,Sn,NS,817
OG0012590,0.5139959793670126,0.447345076620232,Sn,NS,340
OG0012601,-0.5269924320838263,1,Sn,NS,1383
OG0012622,-1.026205070347394,0.0926721744388566,Sn,NS,1632
OG0012643,0.1348780543431117,1,Sn,NS,676
OG0012655,1.0107798387532427,0.432716719009503,Sn,NS,139
OG0012663,0.08814159686901755,1,Sn,NS,731
OG0012675,0,1,Sn,NS,834
OG0012693,-0.7297700927620023,1,Sn,NS,1509
OG0012704,-1.4540316308947074,0.0580268112116854,Sn,NS,1721
OG0012719,-0.3677317845004871,0.732590075622796,Sn,NS,1233
OG0012731,0.24610400988391656,1,Sn,NS,548
OG0012745,0.1763227726404629,1,Sn,NS,632
OG0012766,-0.7393720918733014,0.0590386064068803,Sn,NS,1520
OG0012855,-0.25842515258120435,0.85042976143667,Sn,NS,1123
OG0012873,-1.7036894392919075,0.0954150602638915,Sn,NS,1740
OG0012906,-0.15249484600111374,1,Sn,NS,1014
OG0012912,-0.38082178394093086,1,Sn,NS,1250
OG0012916,0.26423615104354714,1,Sn,NS,529
OG0012924,1.467801156488407,0.0273238237955353,Sn,UP,73
OG0012941,-0.9023892033735776,0.0693764194332028,Sn,NS,1591
OG0012958,-0.08161376555365212,1,Sn,NS,925
OG0012963,0.31382629639039805,1,Sn,NS,482
OG0012983,1.2091413978385916,0.419623533435898,Sn,NS,99
OG0012985,-0.21424022557298897,1,Sn,NS,1070
OG0013000,0.5782141654724543,0.3418537211999,Sn,NS,292
OG0013019,-0.6597225952337457,0.0945424878867172,Sn,NS,1473
OG0013031,-1.1015981400078068,0.0908926219478186,Sn,NS,1653
OG0013037,-0.3291596641184381,1,Sn,NS,1203
OG0013038,-0.1281563514906822,1,Sn,NS,985
OG0013053,0.4799547983153494,0.113622557689875,Sn,NS,359
OG0013077,-0.2260036748888269,1,Sn,NS,1084
OG0013083,0.3928669162307998,1,Sn,NS,424
OG0013118,-1.3733272473940066,0.0157004471201693,Sn,DOWN,1714
OG0013131,0.16092018818110318,1,Sn,NS,642
OG0013144,-0.07552000764097772,1,Sn,NS,912
OG0013186,0.5018212654209103,0.978372460457097,Sn,NS,345
OG0013207,-0.16974467583231706,1,Sn,NS,1029
OG0013211,-1.4900508536956891,0.0591392481816117,Sn,NS,1724
OG0013215,-0.4324545523562533,1,Sn,NS,1296
OG0013219,0.3966857745690926,1,Sn,NS,420
OG0013242,0.05797006863732994,1,Sn,NS,771
OG0013251,0.5310694927259542,0.00664269190473764,Sn,NS,323
OG0013308,-0.12186323337305248,1,Sn,NS,973
OG0013328,0.3056787432422875,1,Sn,NS,491
OG0013336,-0.6016496296540352,0.736970931428239,Sn,NS,1436
OG0013356,-0.4422223286050742,1,Sn,NS,1304
OG0013364,0.765534746362977,0.900694794939699,Sn,NS,204
OG0013366,-0.17299399036102314,1,Sn,NS,1033
OG0013373,-0.12186323337305248,1,Sn,NS,973
OG0013374,0.4340276746635975,0.948628334124555,Sn,NS,391
OG0013466,-0.8008773579863994,0.173711681842855,Sn,NS,1548
OG0013524,0.8081790837714706,0.0332487308165274,Sn,NS,186
OG0013548,0.1877677470460248,1,Sn,NS,613
OG0013561,1.0349199843491597,0.00129023241717985,Sn,UP,131
OG0013568,2.1358631653686793,0.0150488426284457,Sn,UP,24
OG0013578,-0.641603738043346,0.203133452664509,Sn,NS,1462
OG0013586,-0.23956612532988847,1,Sn,NS,1099
OG0013614,0.8655229591399637,0.643341040960922,Sn,NS,174
OG0013633,0.828631581688019,0.580103108933374,Sn,NS,181
OG0013641,-0.7933567760166047,0.457571115452273,Sn,NS,1546
OG0013645,0.36064520246021614,1,Sn,NS,454
OG0013654,-0.2276920250415967,0.620543711483257,Sn,NS,1085
OG0013655,0.4372277389129098,0.908108632132798,Sn,NS,389
OG0013659,0.6644828403646825,0.28494736402188803,Sn,NS,255
OG0013671,-0.3978282092466207,0.315449515111176,Sn,NS,1267
OG0013678,0.03703073094496702,1,Sn,NS,790
OG0013687,0.1056780778945372,1,Sn,NS,708
OG0013692,1.8619553641448696,0.0130943457216583,Sn,UP,42
OG0013697,2.4081683707081063,0.0439000309208397,Sn,UP,13
OG0013727,0.6276068381296498,1,Sn,NS,274
OG0013739,-0.862496476250065,0.319095692116838,Sn,NS,1569
OG0013744,-1.1360615495760285,0.191200073966317,Sn,NS,1661
OG0013757,0.35952117042759535,1,Sn,NS,456
OG0013764,0.5370475194046574,1,Sn,NS,318
OG0013782,0.1190241031422746,1,Sn,NS,692
OG0013792,-0.8756718649977983,0.241084816879385,Sn,NS,1581
OG0013834,-0.6506347224057867,0.439422238306294,Sn,NS,1467
OG0013845,-0.3273483706716152,1,Sn,NS,1200
OG0013847,-0.5043048373759312,0.299602774889681,Sn,NS,1366
OG0013853,1.0894981508391026,0.0760093647921236,Sn,NS,126
OG0013861,-0.1440103026915193,1,Sn,NS,1003
OG0013863,-0.3237325917341102,1,Sn,NS,1193
OG0013882,-0.3237325917341102,0.241084816879385,Sn,NS,1193
OG0013890,0.13224779829843977,1,Sn,NS,680
OG0013899,0.10030490579568548,1,Sn,NS,715
OG0013907,0.7022142510104408,1,Sn,NS,233
OG0013912,-0.3789444967002605,0.661484523136345,Sn,NS,1247
OG0013919,-0.584241333477502,1,Sn,NS,1424
OG0013925,1.6406209280356976,0.135797762806648,Sn,NS,56
OG0013926,-0.06190243892590685,1,Sn,NS,896
OG0013939,-0.6620035364849841,0.180963582388539,Sn,NS,1475
OG0013941,-0.5002178798526883,0.181691302900094,Sn,NS,1360
OG0013957,-0.42275246440684927,0.356502500287695,Sn,NS,1294
OG0013974,-0.28278970098040423,1,Sn,NS,1147
OG0013978,-1.286304185156641,0.0506207160700798,Sn,NS,1696
OG0013987,0.2582173895360179,1,Sn,NS,537
OG0013989,0.267835392097615,0.545596014553501,Sn,NS,528
OG0014019,-0.7883647466728505,0.497576043265914,Sn,NS,1541
OG0014025,-0.23616354110904855,1,Sn,NS,1092
OG0014026,-0.7247525598101374,0.0328312026489695,Sn,NS,1503
OG0014030,-0.248107861595691,0.732763550155522,Sn,NS,1110
OG0014037,-0.7685675915520349,0.67727363312391,Sn,NS,1536
OG0014041,-0.08161376555365212,1,Sn,NS,925
OG0014048,-1.307572801910292,0.0207876137367144,Sn,DOWN,1700
OG0014056,-0.7083964419694353,0.23394084414118901,Sn,NS,1497
OG0014076,0.954568570752994,0.231719735632639,Sn,NS,153
OG0014077,-0.20005547752037048,0.620543711483257,Sn,NS,1055
OG0014118,1.9579145986329851,0.0739743191763619,Sn,NS,34
OG0014135,1.176960992089442,0.373056803573925,Sn,NS,107
OG0014143,-0.23107466443624883,1,Sn,NS,1086
OG0014160,-0.2898272517203383,1,Sn,NS,1160
OG0014168,-0.5332423842738286,1,Sn,NS,1389
OG0014175,-0.2222332615435878,1,Sn,NS,1079
OG0014192,0.03280614508324148,1,Sn,NS,794
OG0014206,-0.3677317845004871,1,Sn,NS,1233
OG0014218,-0.03652587602511404,1,Sn,NS,870
OG0014256,-0.5145731728297583,0.483244024397037,Sn,NS,1376
OG0014294,0.42438467153809656,1,Sn,NS,403
OG0014301,-0.0694518807521452,1,Sn,NS,905
OG0014331,-0.5043048373759312,0.141525223803645,Sn,NS,1366
OG0014334,0.31266517355839435,0.637922572283363,Sn,NS,484
OG0014364,-0.03356953269370183,1,Sn,NS,867
OG0014368,-1.2688167584278,0.0347809863190509,Sn,DOWN,1691
OG0014370,0.5607149544744789,0.388739951260522,Sn,NS,306
OG0014381,-0.3219280948873623,0.357969433201602,Sn,NS,1192
OG0014382,-0.03800632257974491,1,Sn,NS,874
OG0014383,0.09626185305840348,1,Sn,NS,720
OG0014448,0.42545930476535526,0.770847477198279,Sn,NS,402
OG0014451,0.05935527761642124,1,Sn,NS,768
OG0014461,-0.23616354110904855,1,Sn,NS,1092
OG0014482,-1.5950968778548693,0.180557779979443,Sn,NS,1733
OG0014483,-0.23616354110904855,1,Sn,NS,1092
OG0014492,-0.4981787345790897,1,Sn,NS,1357
OG0014496,-0.13606154957602837,1,Sn,NS,994
OG0014511,-0.9996538362628388,0.0257001834424996,Sn,NS,1621
OG0014520,-0.3940316411585416,1,Sn,NS,1264
OG0014543,-0.63486740654747,1,Sn,NS,1456
OG0014572,0.18805904718316416,0.871910314897117,Sn,NS,612
OG0014585,-0.2863041851566411,1,Sn,NS,1152
OG0014651,-0.19925537606322247,1,Sn,NS,1054
OG0014682,0.3840498067951597,0.734529378024476,Sn,NS,431
OG0014766,1.3362833878644322,0.178961893225637,Sn,NS,87
OG0014768,-0.5563933485243852,0.325540534304359,Sn,NS,1407
OG0014769,0.00432160595009346,1,Sn,NS,828
OG0014773,-0.16004041251046824,1,Sn,NS,1020
OG0014783,-0.20423305221760776,1,Sn,NS,1061
OG0014805,-0.36401349625437696,0.782547522336439,Sn,NS,1230
OG0014809,-1.63486740654747,0.0797815400782098,Sn,NS,1737
OG0014816,-0.4759363242227893,0.97045786191623,Sn,NS,1334
OG0014829,-0.02034044828417553,1,Sn,NS,852
OG0014844,-0.3291596641184381,1,Sn,NS,1203
OG0014852,-1.4111954329844496,0.152913860519828,Sn,NS,1717
OG0014856,0.45628048151072537,0.208834489556635,Sn,NS,373
OG0014876,-0.40545145044964576,1,Sn,NS,1276
OG0014898,-0.5043048373759312,0.428791253272781,Sn,NS,1366
OG0014932,-2.265344566520995,0.152913860519828,Sn,NS,1767
OG0014938,0.9811219897943106,0.772752269807031,Sn,NS,146
OG0014954,0.3651325934525299,1,Sn,NS,448
OG0014958,-0.08773337193355037,1,Sn,NS,931
OG0014976,-0.7060410209713056,0.977143186596948,Sn,NS,1496
OG0014979,-0.2549778509627355,1,Sn,NS,1117
OG0015001,0.662661255475094,0.283907142132609,Sn,NS,256
OG0015022,0.14795788138710142,1,Sn,NS,659
OG0015024,-0.3959286763311392,1,Sn,NS,1265
OG0015034,-0.23107466443624883,1,Sn,NS,1086
OG0015055,-0.10005101381032824,1,Sn,NS,948
OG0015058,0.9244799923590222,0.120697883345794,Sn,NS,163
OG0015087,-0.602864855111886,0.139131191415119,Sn,NS,1440
OG0015134,1.6107000621347642,0.0726289947966629,Sn,NS,60
OG0015160,-0.17462139610706873,1,Sn,NS,1036
OG0015161,3.7307486294162127,0.127467315052082,Sn,NS,1
OG0015171,0.2073037560426923,1,Sn,NS,588
OG0015177,0.06212171190779749,1,Sn,NS,764
OG0015182,-0.057980060085260805,1,Sn,NS,894
OG0015249,-0.9186603725480612,0.121115844112174,Sn,NS,1596
OG0015255,-0.4719288354212646,1,Sn,NS,1331
OG0015271,0.903809558578697,0.0161493885365141,Sn,NS,167
OG0015285,0.1877677470460248,1,Sn,NS,613
OG0015309,0.2761988650322418,1,Sn,NS,518
OG0015322,-0.6873348264416056,0.34884669047768,Sn,NS,1488
OG0015342,1.1756842707309971,0.0651625405665825,Sn,NS,109
OG0015352,-0.1376478004679799,1,Sn,NS,996
OG0015368,0.02147972741045139,1,Sn,NS,806
OG0015370,0.21163525332714944,1,Sn,NS,586
OG0015372,-0.9489759969755333,0.183685696430345,Sn,NS,1605
OG0015384,-0.8677522017015602,0.0257001834424996,Sn,NS,1573
OG0015397,0.0039242570177428215,1,Sn,NS,830
OG0015401,0.21288056634438476,1,Sn,NS,585
OG0015413,-0.2378638300988879,0.836230463786632,Sn,NS,1095
OG0015426,0.5772475355931507,0.941016746075415,Sn,NS,294
OG0015446,-0.6506347224057867,0.295107111288448,Sn,NS,1467
OG0015452,0.23878685958711648,1,Sn,NS,564
OG0015455,-0.5437195184892746,0.0159752628561134,Sn,NS,1400
OG0015456,-0.08878991769261056,1,Sn,NS,932
OG0015464,-1.1456053222468994,0.0246922826171417,Sn,DOWN,1663
OG0015470,-0.01158797427521184,1,Sn,NS,848
OG0015473,-0.9461935563042062,1,Sn,NS,1604
OG0015482,1.77568270173906,0.0431773056662113,Sn,UP,46
OG0015502,-0.6461121637150926,0.376760661793174,Sn,NS,1466
OG0015547,0.08133962745193878,1,Sn,NS,735
OG0015577,0.04823618565284762,1,Sn,NS,778
OG0015579,0.15946208201503836,1,Sn,NS,647
OG0015584,1.144699025154139,0.0375505059160239,Sn,UP,116
OG0015612,-0.5670405927238937,0.871910314897117,Sn,NS,1412
OG0015622,0.48542682717024166,0.761505177737768,Sn,NS,356
OG0015628,0.20428746038193657,1,Sn,NS,592
OG0015629,-0.33642766458247736,0.0522064071062235,Sn,NS,1209
OG0015676,-0.7612131404128835,0.159818131735024,Sn,NS,1532
OG0015699,0.5916794169357368,1,Sn,NS,285
OG0015705,0.6433944534798923,0.779749888355625,Sn,NS,265
OG0015706,-0.23107466443624883,1,Sn,NS,1086
OG0015774,-0.862496476250065,0.152913860519828,Sn,NS,1569
OG0015799,1.0122110839508744,0.0602550425590234,Sn,NS,137
OG0015805,-0.3165281071447725,1,Sn,NS,1186
OG0015810,-0.4819685073978307,0.196508925346107,Sn,NS,1342
OG0015817,-0.1187269385707514,1,Sn,NS,968
OG0015846,-0.21424022557298897,1,Sn,NS,1070
OG0015849,0.10701824988212044,1,Sn,NS,704
OG0015860,-0.6734626518600481,0.684882151945192,Sn,NS,1481
OG0015872,0.39066768555966747,1,Sn,NS,426
OG0015889,-0.3237325917341102,1,Sn,NS,1193
OG0015897,-0.08008791132269193,1,Sn,NS,921
OG0015902,0.12432813500220176,1,Sn,NS,687
OG0015904,-0.5521563556379144,0.578534181004424,Sn,NS,1405
OG0015923,0.20664322398339532,1,Sn,NS,589
OG0015932,0.5641150212356597,0.909093645974392,Sn,NS,303
OG0015948,0.37963843509876,0.0915005082650987,Sn,NS,435
OG0015974,-0.10624949827943408,1,Sn,NS,955
OG0015977,0.3091761874785146,0.948628334124555,Sn,NS,488
OG0015988,-0.41119543298444966,0.612052060049067,Sn,NS,1282
OG0015990,0.16349873228287956,1,Sn,NS,640
OG0016020,0.7798900393400472,1,Sn,NS,197
OG0016049,-0.20008974662512738,0.818765166673601,Sn,NS,1056
OG0016053,-0.496142467422571,0.983409453191907,Sn,NS,1353
OG0016079,0.4609462640582701,1,Sn,NS,366
OG0016084,0.561692721398309,0.288128218341234,Sn,NS,305
OG0016103,-0.2108967824986185,1,Sn,NS,1068
OG0016115,1.473527177156759,0.291789774108213,Sn,NS,72
OG0016141,-0.04097178105630617,1,Sn,NS,875
OG0016166,2.6197213238561003,0.145657038829407,Sn,NS,8
OG0016167,0.4583820041560132,1,Sn,NS,370
OG0016184,1.5310694927259545,0.125136120978908,Sn,NS,68
OG0016199,0.43295940727610627,1,Sn,NS,393
OG0016204,1.0349199843491597,0.120085185364587,Sn,NS,131
OG0016225,-1.117161344232749,0.584025230862534,Sn,NS,1658
OG0016230,0.7355221772965375,0.260294513462443,Sn,NS,216
OG0016234,-0.3603047666004178,0.724079587495587,Sn,NS,1228
OG0016244,-0.5820799921880347,0.180963582388539,Sn,NS,1420
OG0016250,-2.0528949484321255,0.0553928067240658,Sn,NS,1763
OG0016285,-0.982790709967777,0.0422274370566236,Sn,NS,1616
OG0016289,-0.23446525363702295,1,Sn,NS,1090
OG0016317,0.6825732973475784,1,Sn,NS,242
OG0016350,1.229587922740652,0.0290044218261207,Sn,UP,97
OG0016352,0.2363395391683736,1,Sn,NS,567
OG0016362,0.7840851427347569,0.495748508566547,Sn,NS,196
OG0016401,-0.31473259348315835,1,Sn,NS,1184
OG0016407,-0.4344028241457749,0.189899294021038,Sn,NS,1298
OG0016409,0.2990739635470065,0.152375169678316,Sn,NS,494
OG0016410,-0.00288827932482651,1,Sn,NS,838
OG0016427,0.5170236720645808,0.420228793248046,Sn,NS,334
OG0016429,-1.3437324652057108,0.241020928154013,Sn,NS,1708
OG0016446,-1.282789700980404,0.0670032662503734,Sn,NS,1694
OG0016452,-0.06491747668133854,1,Sn,NS,902
OG0016454,2.2252749298695695,0.0361815494288833,Sn,UP,17
OG0016457,0.8535965062025125,0.0390133640555441,Sn,NS,176
OG0016482,-0.962969269055033,0.548340901999659,Sn,NS,1611
OG0016503,0.2702299072379977,1,Sn,NS,524
OG0016511,-0.45997273074249273,1,Sn,NS,1322
OG0016519,0.15833702716710066,1,Sn,NS,649
OG0016536,-0.6148451031156562,0.720157652960299,Sn,NS,1447
OG0016538,-0.23956612532988847,1,Sn,NS,1099
OG0016556,0.0676387168753633,1,Sn,NS,757
OG0016578,1.478177042322684,0.515693678278567,Sn,NS,71
OG0016579,-0.38082178394093086,0.948628334124555,Sn,NS,1250
OG0016646,-0.6170561304310095,1,Sn,NS,1448
OG0016656,-0.05289494843212547,1,Sn,NS,884
OG0016694,0.14665522211946516,1,Sn,NS,660
OG0016699,-1.000915249046527,0.126309087124569,Sn,NS,1624
OG0016726,-0.09387904700290012,1,Sn,NS,942
OG0016748,-1.5479317697761892,0.201375443303892,Sn,NS,1727
OG0016778,0.1348780543431117,1,Sn,NS,676
OG0016780,-0.1124747292584125,1,Sn,NS,961
OG0016783,-1.8008773579863993,0.031544750788537,Sn,DOWN,1749
OG0016791,-0.2986727425870594,1,Sn,NS,1170
OG0016823,0.1544535926798724,1,Sn,NS,652
OG0016829,-0.2429767534925404,1,Sn,NS,1103
OG0016832,-0.02326977932284719,1,Sn,NS,856
OG0016840,1.3912178076028974,0.105248324091111,Sn,NS,80
OG0016843,0.279768421593595,0.510642101449242,Sn,NS,513
OG0016852,-0.34923544088309766,0.948628334124555,Sn,NS,1220
OG0016860,-0.03356953269370183,1,Sn,NS,867
OG0016893,-0.1440103026915193,1,Sn,NS,1003
OG0016916,-0.3997302464909953,1,Sn,NS,1270
OG0016935,-1.1648843847417822,0.364293093037433,Sn,NS,1670
OG0016958,-0.07248275380152368,1,Sn,NS,910
OG0016973,1.8507994231254832,0.0290044218261207,Sn,UP,43
OG0017003,-0.4540316308947075,1,Sn,NS,1317
OG0017012,-0.2958940712654251,0.405921806256269,Sn,NS,1166
OG0017014,0.4070807754505007,0.756960290285374,Sn,NS,413
OG0017023,0.09491164702546698,1,Sn,NS,722
OG0017026,-0.8468432119385795,0.282174741951332,Sn,NS,1564
OG0017047,-0.20922796213800007,1,Sn,NS,1065
OG0017067,2.2332745389909343,0.0159752628561134,Sn,UP,16
OG0017095,-0.6896598793878495,0.370321592522565,Sn,NS,1489
OG0017104,-1.662003536484984,0.154650661738751,Sn,NS,1738
OG0017114,0.7646858525221335,0.0762282521987959,Sn,NS,207
OG0017118,0.5280711645787354,1,Sn,NS,325
OG0017121,0.5782141654724543,1,Sn,NS,292
OG0017157,-0.457358382353521,0.101701051619338,Sn,NS,1321
OG0017164,0.27152370760076294,1,Sn,NS,521
OG0017165,0.06969414397424208,1,Sn,NS,755
OG0017172,-1.3695945285176767,0.0279686136440513,Sn,DOWN,1713
OG0017194,-0.45600928033515,0.974422786624168,Sn,NS,1319
OG0017201,0.5129853348136765,0.0765402086180536,Sn,NS,341
OG0017237,-1.7131188522118383,0.126841785782895,Sn,NS,1743
OG0017245,0.2582173895360179,1,Sn,NS,537
OG0017282,0.279768421593595,1,Sn,NS,513
OG0017284,0.9358368736840252,0.442442097262606,Sn,NS,157
OG0017301,1.192194165283345,0.468625347568163,Sn,NS,101
OG0017331,-0.3714596807372396,0.794784189885781,Sn,NS,1238
OG0017377,0.1544535926798724,1,Sn,NS,652
OG0017379,0.05908948120880048,1,Sn,NS,770
OG0017429,0.4103411046140874,1,Sn,NS,411
OG0017439,1.254594043033141,0.0283172805356271,Sn,UP,95
OG0017492,-0.07704103576382801,1,Sn,NS,913
OG0017510,0.34255474547732023,0.089100008906952,Sn,NS,464
OG0017526,-0.5950968778548693,0.116743023252189,Sn,NS,1434
OG0017553,-0.2880646430210785,1,Sn,NS,1154
OG0017589,-0.4819685073978307,1,Sn,NS,1342
OG0017608,0.00575926928868495,1,Sn,NS,827
OG0017649,0.4604804700400108,0.884190341923925,Sn,NS,367
OG0017654,-0.8677522017015602,0.0761653659076799,Sn,NS,1573
OG0017656,-0.22095044716254147,1,Sn,NS,1076
OG0017681,0.4382928515791468,0.630675567437563,Sn,NS,387
OG0017688,0.5180314926021693,0.787252704868848,Sn,NS,333
OG0017689,-0.05589120089204515,1,Sn,NS,888
OG0017750,0.49364733397521016,1,Sn,NS,350
OG0017768,-0.2740407654908124,1,Sn,NS,1136
OG0017771,-0.7083964419694353,0.82476967741884,Sn,NS,1497
OG0017788,-0.0188780102056894,1,Sn,NS,849
OG0017791,-0.5479317697761891,1,Sn,NS,1401
OG0017792,0.1348780543431117,1,Sn,NS,676
OG0017802,0.02147972741045139,1,Sn,NS,806
OG0017818,-0.8703872618695304,0.00999974295961063,Sn,NS,1578
OG0017831,-0.3400754415976217,1,Sn,NS,1212
OG0017836,-1.074000581443777,0.156225850949474,Sn,NS,1648
OG0017837,0.6672109124808708,0.948628334124555,Sn,NS,254
OG0017889,-0.7784322114615907,0.46600901015482,Sn,NS,1537
OG0017934,-0.1328942704973453,1,Sn,NS,991
OG0017943,1.7432995278882566,0.439987380053809,Sn,NS,49
OG0017951,0.09761079662642232,1,Sn,NS,718
OG0017964,-0.02473667832150644,1,Sn,NS,857
OG0017967,-0.4016347946763554,1,Sn,NS,1273
OG0017969,-0.9186603725480612,0.254281859843549,Sn,NS,1596
OG0017986,-0.2159148572652431,1,Sn,NS,1072
OG0018008,-0.28103566424046145,1,Sn,NS,1145
OG0018010,-1.6850135145314844,0.0157004471201693,Sn,DOWN,1739
OG0018028,1.153940249416443,0.120265271074806,Sn,NS,114
OG0018037,-0.14880066140670606,1,Sn,NS,1006
OG0018047,-0.04394334758759705,1,Sn,NS,878
OG0018053,1.2803624899737778,0.189365098635401,Sn,NS,91
OG0018059,2.5900031174216864,0.0891934104183122,Sn,NS,9
OG0018062,0.14404636961670686,1,Sn,NS,664
OG0018068,-0.5929192245494992,1,Sn,NS,1430
OG0018070,-0.06190243892590685,1,Sn,NS,896
OG0018071,0.9358368736840252,0.850649913509341,Sn,NS,157
OG0018075,-0.00868224309980088,1,Sn,NS,844
OG0018077,0.662661255475094,0.0584245970305478,Sn,NS,256
OG0018092,0.5993177936982261,1,Sn,NS,280
OG0018097,0.24610400988391656,1,Sn,NS,548
OG0018121,0.24488705912353448,1,Sn,NS,551
OG0018134,-1.265344566520995,0.246104196589508,Sn,NS,1690
OG0018143,0.4027221768456047,0.134185792384734,Sn,NS,416
OG0018184,-0.47794425083903574,1,Sn,NS,1335
OG0018246,-0.117161344232749,1,Sn,NS,965
OG0018252,0.26423615104354714,1,Sn,NS,529
OG0018255,0.07587486697512764,1,Sn,NS,748
OG0018277,-0.07972608539316417,1,Sn,NS,920
OG0018312,0.6341285575250407,0.369615531661794,Sn,NS,271
OG0018330,2.163345464156365,0.011804190018408,Sn,UP,21
OG0018341,-1.926865295369785,0.586614601478697,Sn,NS,1755
OG0018363,-0.18606492951868295,1,Sn,NS,1043
OG0018416,0.27738969881086384,1,Sn,NS,517
OG0018431,0.1763227726404629,1,Sn,NS,632
OG0018454,0.4237828182915304,1,Sn,NS,404
OG0018469,0.1309308698264487,1,Sn,NS,683
OG0018478,1.8976276742795504,0.0602550425590234,Sn,NS,38
OG0018482,-0.5416179958439868,0.678704478520427,Sn,NS,1398
OG0018490,-0.6393547975397839,0.690289260283359,Sn,NS,1458
OG0018497,-0.18606492951868295,1,Sn,NS,1043
OG0018543,-1.1648843847417822,0.0149229706425705,Sn,DOWN,1670
OG0018598,0.6744606515602588,0.227588874853439,Sn,NS,246
OG0018604,0.41792000781196526,1,Sn,NS,408
OG0018627,0.41142624572646497,1,Sn,NS,410
OG0018642,-1.4461480318188742,0.767942795598008,Sn,NS,1720
OG0018648,-0.7178567712185016,0.0743126406811802,Sn,NS,1501
OG0018705,-0.5228407888133588,1,Sn,NS,1382
OG0018706,0.1978516837404904,1,Sn,NS,599
OG0018720,0.7849227015628611,0.401555138789612,Sn,NS,195
OG0018748,-0.2688167584278,1,Sn,NS,1131
OG0018765,0.02856915219677092,1,Sn,NS,797
OG0018766,-1.107803289534515,0.726834291106348,Sn,NS,1655
OG0018769,-0.2740407654908124,1,Sn,NS,1136
OG0018776,0.3740657182225377,0.525601707776767,Sn,NS,440
OG0018781,0.46780115648840714,0.325385915543605,Sn,NS,363
OG0018783,1.364572432295856,0.105588867729959,Sn,NS,82
OG0018790,-1.0174170530774094,0.0328312026489695,Sn,DOWN,1630
OG0018794,0.3724099238308112,1,Sn,NS,445
OG0018827,-0.0923401721467106,1,Sn,NS,938
OG0018843,-0.7514651638613213,1,Sn,NS,1524
OG0018892,1.0071955014042038,0.0761653659076799,Sn,NS,141
OG0018893,0.9252399054874104,0.196693926590231,Sn,NS,161
OG0018907,-0.1328942704973453,1,Sn,NS,991
OG0018913,-2.4266254735540556,0.138154981555668,Sn,NS,1769
OG0018934,-0.3584539709124763,1,Sn,NS,1227
OG0018947,1.0384361816561078,0.0272394526956486,Sn,UP,130
OG0018954,-0.6126374591640045,0.513504021205162,Sn,NS,1444
OG0018973,-0.5269924320838263,1,Sn,NS,1383
OG0018983,-0.18375886152671234,1,Sn,NS,1042
OG0019003,0.4630915803222102,0.948628334124555,Sn,NS,365
OG0019041,-0.3959286763311392,1,Sn,NS,1265
OG0019055,-0.4016347946763554,0.948628334124555,Sn,NS,1273
OG0019072,-0.2092597774250204,1,Sn,NS,1067
OG0019086,0.24000896473507027,1,Sn,NS,561
OG0019110,0.6562675347942892,1,Sn,NS,262
OG0019132,-0.1376478004679799,1,Sn,NS,996
OG0019176,-0.5290727425248735,0.948628334124555,Sn,NS,1388
OG0019183,0.2557299713767215,1,Sn,NS,541
OG0019220,-0.1584293626044829,1,Sn,NS,1017
OG0019229,-0.416962376203336,1,Sn,NS,1290
OG0019237,-0.5084034055895519,1,Sn,NS,1369
OG0019296,-0.7273795453370082,0.638703513454721,Sn,NS,1505
OG0019331,1.43349363984688,0.0227905186518804,Sn,UP,77
OG0019350,-0.3093594213843066,1,Sn,NS,1180
OG0019355,0.9380975610740931,0.0590386064068803,Sn,NS,156
OG0019390,-0.8236772273595371,0.155615553246607,Sn,NS,1559
OG0019393,-0.9742624385863916,0.614636606707467,Sn,NS,1613
OG0019438,-0.10624949827943408,1,Sn,NS,955
OG0019453,1.340847077050414,0.0543504552811808,Sn,NS,84
OG0019456,0.7756827017390598,0.139342068471587,Sn,NS,200
OG0019469,0.2702279233803033,0.156225850949474,Sn,NS,525
OG0019487,-1,0.56398446804273,Sn,NS,1622
OG0019493,-0.08008791132269193,1,Sn,NS,921
OG0019495,0.24000896473507027,1,Sn,NS,561
OG0019520,0.06212171190779749,1,Sn,NS,764
OG0019524,0.6144742828377008,0.191200073966317,Sn,NS,276
OG0019544,-1.217591435072627,0.0197315428669964,Sn,DOWN,1679
OG0019552,-1.231074664436249,0.350352121064177,Sn,NS,1684
OG0019589,0.16992500144231237,1,Sn,NS,636
OG0019612,-0.744197163397282,0.954890640117962,Sn,NS,1522
OG0019613,-0.1250063610670326,1,Sn,NS,978
OG0019628,-0.02034044828417553,1,Sn,NS,852
OG0019633,-0.195946441032647,1,Sn,NS,1050
OG0019640,-0.17136841831198107,1,Sn,NS,1031
OG0019651,-0.2740407654908124,1,Sn,NS,1136
OG0019653,-1.0469210473874926,0.522365877378824,Sn,NS,1640
OG0019661,0.07997537672059589,1,Sn,NS,738
OG0019666,0.0676387168753633,1,Sn,NS,757
OG0019682,1.749748778864496,0.130672858854807,Sn,NS,48
OG0019705,-0.5649048483799026,1,Sn,NS,1411
OG0019715,2.1086917160724132,0.0884261655686298,Sn,NS,25
OG0019728,-0.8520421186128986,0.503144044765375,Sn,NS,1566
OG0019764,0.765534746362977,0.00202752993593327,Sn,NS,204
OG0019770,-0.05589120089204515,1,Sn,NS,888
OG0019827,0.4222330006830478,1,Sn,NS,406
OG0019844,-0.4699292577749161,1,Sn,NS,1328
OG0019881,-0.9545570292388328,0.189425483788184,Sn,NS,1607
OG0019906,-0.5585165204173551,1,Sn,NS,1408
OG0019921,0.25701061820602394,1,Sn,NS,539
OG0019941,0.3068455003142828,1,Sn,NS,490
OG0019942,-0.8862995008352716,0.299602774889681,Sn,NS,1586
OG0019947,-0.5994620704162712,0.19253663068076,Sn,NS,1435
OG0019975,0.3729520979118291,1,Sn,NS,443
OG0019981,-0.3547594873547347,1,Sn,NS,1225
OG0019989,-0.7417826104639821,0.36665636558216,Sn,NS,1521
OG0020005,0.30932137079223887,1,Sn,NS,487
OG0020022,-1.15200309344505,0.323786831084434,Sn,NS,1664
OG0020034,-0.8185793597198583,0.419020667242289,Sn,NS,1556
OG0020036,-1.325539348439741,0.045769234034596,Sn,DOWN,1702
OG0020045,1.6383055768070924,0.089100008906952,Sn,NS,57
OG0020059,-0.06761077160582407,1,Sn,NS,904
OG0020087,0.8351156152582178,0.192559557998487,Sn,NS,179
OG0020173,0.5069065545806933,0.372283987306008,Sn,NS,343
OG0020174,-0.3255393484397412,0.868193189381716,Sn,NS,1198
OG0020181,-0.36401349625437696,0.886454531854128,Sn,NS,1230
OG0020183,-0.8651219456568883,0.303014823911072,Sn,NS,1571
OG0020195,1.142740172116082,1,Sn,NS,117
OG0020218,0.3617683594191533,0.189425483788184,Sn,NS,450
OG0020242,-0.18606492951868295,1,Sn,NS,1043
OG0020254,0.3033423944873308,0.890166075646916,Sn,NS,493
OG0020258,-0.2378638300988879,0.948628334124555,Sn,NS,1095
OG0020263,0.668119124686432,0.683775219050544,Sn,NS,251
OG0020271,1.1512093928848937,0.854930997946061,Sn,NS,115
OG0020284,-0.5820799921880347,0.0314387911156233,Sn,NS,1420
OG0020304,0.5655971758542251,1,Sn,NS,301
OG0020322,-0.09850554495242506,1,Sn,NS,946
OG0020359,0.6331986863740037,0.0922861781247427,Sn,NS,272
OG0020367,2.799916202989014,0.0943646950399103,Sn,NS,6
OG0020368,-0.3997302464909953,1,Sn,NS,1270
OG0020370,0.6843699290130068,1,Sn,NS,240
OG0020455,-0.44418384493836033,1,Sn,NS,1307
OG0020497,0.9061209529970998,0.581181800429376,Sn,NS,166
OG0020517,0.6986629998858844,0.37219281057565,Sn,NS,235
OG0020532,-0.03652587602511404,1,Sn,NS,870
OG0020553,0.5704629310260412,1,Sn,NS,298
OG0020555,0.5340616024211182,0.643341040960922,Sn,NS,320
OG0020584,-0.37519723474705274,1,Sn,NS,1240
OG0020600,-0.6281623826695795,0.428791253272781,Sn,NS,1453
OG0020632,0.1190241031422746,1,Sn,NS,692
OG0020637,0.9252399054874104,0.152913860519828,Sn,NS,161
OG0020681,1.5074140990154403,0.158548855677531,Sn,NS,70
OG0020687,-0.24468509595490195,1,Sn,NS,1106
OG0020689,-0.3770696490798233,1,Sn,NS,1245
OG0020698,0.269033146455237,1,Sn,NS,526
OG0020706,0.24245007367770144,1,Sn,NS,554
OG0020709,-0.8677522017015602,0.0543504552811808,Sn,NS,1573
OG0020756,1.1266365925793513,0.0443845044085019,Sn,UP,119
OG0020760,-1.29689930039584,0.730979920707119,Sn,NS,1699
OG0020761,0.04124298223188134,1,Sn,NS,783
OG0020765,2.144699025154139,0.0590386064068803,Sn,NS,22
OG0020767,-0.07704103576382801,1,Sn,NS,913
OG0020769,0.31382629639039805,1,Sn,NS,482
OG0020772,0.903038270112912,0.152124410367559,Sn,NS,168
OG0020798,0.5280711645787354,0.238423237842104,Sn,NS,325
OG0020806,-1.995386618262164,0.123357488064071,Sn,NS,1758
OG0020822,0.5964581395589856,0.0761653659076799,Sn,NS,282
OG0020832,0.42760617278189944,1,Sn,NS,400
OG0020841,1.1263121303287038,0.275341073671371,Sn,NS,121
OG0020856,0.4895429356424736,0.678260108333482,Sn,NS,353
OG0020870,1.114367024952,0.49067721865272,Sn,NS,122
OG0020899,-0.16650266314016504,1,Sn,NS,1028
OG0020906,0.01292617444427004,1,Sn,NS,817
OG0020916,-0.8160371651574051,0.598618790518915,Sn,NS,1555
OG0020917,0.1801478611584286,1,Sn,NS,625
OG0020930,-1.0409717810563062,0.337250498265672,Sn,NS,1639
OG0020952,1.3555801473773594,0.022120004575769,Sn,UP,83
OG0020982,1.252778951528184,0.0320004821834742,Sn,UP,96
OG0021003,-0.2108967824986185,1,Sn,NS,1068
OG0021009,0.13224779829843977,1,Sn,NS,680
OG0021011,-0.39024503782755654,1,Sn,NS,1262
OG0021020,-1.5907448533151622,0.0274601335137772,Sn,DOWN,1732
OG0021022,1.8773516264492625,0.0124780337708416,Sn,UP,40
OG0021078,0.02290040211007882,1,Sn,NS,803
OG0021099,0.06488285158485439,1,Sn,NS,762
OG0021124,2.0468402542029724,0.0751104190054272,Sn,NS,29
OG0021127,-1.107803289534515,0.1374082801495,Sn,NS,1655
OG0021140,-0.1187269385707514,1,Sn,NS,968
OG0021141,0.19029879162659463,1,Sn,NS,610
OG0021197,-0.6038405109268455,0.372932983888859,Sn,NS,1441
OG0021204,-1.5649048483799026,0.0276532664472558,Sn,DOWN,1730
OG0021221,-0.7612131404128835,0.208628407407296,Sn,NS,1532
OG0021242,-0.8703872618695304,0.0726289947966629,Sn,NS,1578
OG0021256,0.15704371014558002,1,Sn,NS,650
OG0021283,1.6699338356689606,0.359988314150992,Sn,NS,51
OG0021290,0.34709867062226835,1,Sn,NS,461
OG0021292,0.24245007367770144,1,Sn,NS,554
OG0021310,0.7136958148433589,0.0743126406811802,Sn,NS,226
OG0021334,0.2809563138310563,0.330850704236574,Sn,NS,509
OG0021351,0.15185881672700494,1,Sn,NS,655
OG0021380,-0.04863132209495462,1,Sn,NS,883
OG0021382,0.36064520246021614,0.201600573388641,Sn,NS,454
OG0021384,-0.12658049656514306,1,Sn,NS,982
OG0021387,1.1763227726404628,0.0274601335137772,Sn,UP,108
OG0021411,-1.4941090702700428,0.0320004821834742,Sn,DOWN,1725
OG0021415,0.17248751551013403,1,Sn,NS,634
OG0021431,0.4297498508002161,1,Sn,NS,397
OG0021434,-0.5269924320838263,0.586045863252363,Sn,NS,1383
OG0021471,-0.3714596807372396,0.948628334124555,Sn,NS,1238
OG0021477,-0.10159814000780672,1,Sn,NS,950
OG0021484,0.2880632003253163,1,Sn,NS,502
OG0021487,-0.23276896297612443,1,Sn,NS,1089
OG0021517,-0.6826959316380852,0.0273238237955353,Sn,NS,1483
OG0021526,0.01149563883782943,1,Sn,NS,821
OG0021533,-0.3827015171591536,1,Sn,NS,1252
OG0021543,1.9260394812048673,0.00441420631907923,Sn,UP,36
OG0021549,0.3617683594191533,1,Sn,NS,450
OG0021572,-0.4699292577749161,0.866918524507685,Sn,NS,1328
OG0021580,0.902266569083071,0.335618127282416,Sn,NS,169
OG0021602,-0.5777669993169522,0.152590259908254,Sn,NS,1417
OG0021616,0.7128158544373718,0.116743023252189,Sn,NS,227
OG0021618,-0.4073635713934228,0.767942795598008,Sn,NS,1277
OG0021622,-0.3770696490798233,1,Sn,NS,1245
OG0021671,0.06488285158485439,1,Sn,NS,762
OG0021702,-0.5332423842738286,1,Sn,NS,1389
OG0021723,-0.06340917017606154,1,Sn,NS,899
OG0021741,-0.2863041851566411,0.952955149881542,Sn,NS,1152
OG0021773,1.0079130816432649,0.537743611560964,Sn,NS,140
OG0021774,-0.303156814210345,1,Sn,NS,1175
OG0021805,0.07997537672059589,1,Sn,NS,738
OG0021822,0.1928254035523912,1,Sn,NS,606
OG0021829,0.19408705211630223,1,Sn,NS,604
OG0021874,0.3436920691790188,1,Sn,NS,462
OG0021883,0.6825732973475784,1,Sn,NS,242
OG0021909,0.02856915219677092,1,Sn,NS,797
OG0021935,0.2485348361386787,1,Sn,NS,544
OG0021952,-0.7661119398257227,0.746955958192537,Sn,NS,1535
OG0021955,0.7916057247045517,0.85370250934261,Sn,NS,192
OG0022011,-0.5820799921880347,0.3612056976556,Sn,NS,1420
OG0022023,0.05935527761642124,1,Sn,NS,768
OG0022067,-0.17951465701362104,1,Sn,NS,1039
OG0022075,-0.6016496296540352,1,Sn,NS,1436
OG0022138,-0.520769438793664,0.428791253272781,Sn,NS,1379
OG0022165,0.6012210855849464,0.161442795984301,Sn,NS,279
OG0022181,0.8812730614292485,0.660366774581772,Sn,NS,171
OG0022195,1.4021764249794826,0.0220648993859512,Sn,UP,78
OG0022207,0.3994445645894576,1,Sn,NS,419
OG0022226,0.23020301336642143,1,Sn,NS,573
OG0022334,-0.13606154957602837,1,Sn,NS,994
OG0022341,1.0982847957234223,0.270358200951543,Sn,NS,125
OG0022347,-0.9971174914668788,0.208028632001519,Sn,NS,1620
OG0022349,-0.14720210718122878,1,Sn,NS,1005
OG0022365,0.9612528840582076,0.357258593739891,Sn,NS,152
OG0022396,0.5479433112903502,1,Sn,NS,312
OG0022407,2.323370069061269,0.00835592494724524,Sn,UP,14
OG0022413,-0.29512803554364725,1,Sn,NS,1164
OG0022424,-0.16326791954086414,1,Sn,NS,1025
OG0022427,0.1348780543431117,1,Sn,NS,676
OG0022439,-0.045431429247006,1,Sn,NS,879
OG0022469,0.15055967657538138,1,Sn,NS,657
OG0022470,2.8155754288625725,0.0441446150359094,Sn,UP,5
OG0022495,-0.6170561304310095,0.948628334124555,Sn,NS,1448
OG0022499,0.7561693281392987,0.261506970899988,Sn,NS,211
OG0022501,-0.3183258582071667,1,Sn,NS,1188
OG0022529,-0.1250063610670326,1,Sn,NS,978
OG0022538,1.2041407167802252,0.152375169678316,Sn,NS,100
OG0022607,-0.28454587288428235,1,Sn,NS,1150
OG0022609,-0.15200309344504995,1,Sn,NS,1010
OG0022616,-1.325539348439741,0.350352121064177,Sn,NS,1702
OG0022636,-0.4540316308947075,0.45088807724233,Sn,NS,1317
OG0022652,0.45943161863729726,1,Sn,NS,368
OG0022704,0.5935928058645962,1,Sn,NS,283
OG0022733,-0.16004041251046824,1,Sn,NS,1020
OG0022751,-0.05289494843212547,1,Sn,NS,884
OG0022788,-0.07856366919370213,1,Sn,NS,916
OG0022805,0.3045110418099531,1,Sn,NS,492
OG0022809,2.4688439429746376,0.374752984143843,Sn,NS,11
OG0022870,-0.28278970098040423,1,Sn,NS,1147
OG0022880,0.5567972465927431,0.376072667712325,Sn,NS,309
OG0022881,0.2714256760929345,1,Sn,NS,522
OG0022882,-0.9813665288132617,0.930160269802072,Sn,NS,1615
OG0022906,-0.888968687611256,0.111738938850911,Sn,NS,1587
OG0022954,0.08949815083910263,1,Sn,NS,728
OG0022964,-0.36587144247495934,1,Sn,NS,1232
OG0022970,-0.07704103576382801,1,Sn,NS,913
OG0022981,0.26062790812669856,1,Sn,NS,534
OG0022991,-0.2722973271627619,1,Sn,NS,1134
OG0022996,-0.3237325917341102,1,Sn,NS,1193
OG0023011,-0.2986727425870594,1,Sn,NS,1170
OG0023022,-0.1250063610670326,1,Sn,NS,978
OG0023023,-0.5479317697761891,0.196693926590231,Sn,NS,1401
OG0023092,0.07176266930009127,1,Sn,NS,752
OG0023143,0.7031006996041599,0.191200073966317,Sn,NS,232
OG0023175,-0.04245679924289482,1,Sn,NS,877
OG0023205,1.160920188181103,0.236335859069569,Sn,NS,111
OG0023243,0.23756371831767567,1,Sn,NS,566
OG0023323,0.7612852733616192,1,Sn,NS,208
OG0023325,0.34141652447872234,1,Sn,NS,465
OG0023329,0.5636462694840639,1,Sn,NS,304
OG0023333,-0.18606492951868295,0.834873323146352,Sn,NS,1043
OG0023335,1.6526012175965197,0.12419934683924,Sn,NS,54
OG0023404,-0.0709665213541436,1,Sn,NS,907
OG0023421,0.4414834795826448,0.275341073671371,Sn,NS,384
OG0023472,0.7932716544980827,1,Sn,NS,189
OG0023514,0.259423152281415,1,Sn,NS,535
OG0023544,1.160920188181103,0.0207912997372008,Sn,UP,111
OG0023561,-0.9351171484151456,0.617478305845001,Sn,NS,1601
OG0023572,0.7493197245740804,0.681130397119375,Sn,NS,212
OG0023577,-0.6393547975397839,1,Sn,NS,1458
OG0023617,0.3334237337251918,1,Sn,NS,471
OG0023631,0.02856915219677092,1,Sn,NS,797
OG0023674,0.6771699388182449,0.948628334124555,Sn,NS,244
OG0023719,0.1016500760944348,1,Sn,NS,712
OG0023724,0.7432995278882567,0.229878107227349,Sn,NS,214
OG0023730,0.18142064028014163,1,Sn,NS,623
OG0023744,0.04544297076116711,1,Sn,NS,781
OG0023754,-0.8916428219095814,0.0446841542298232,Sn,NS,1588
OG0023786,0.13224779829843977,1,Sn,NS,680
OG0023791,-0.08926733809708741,1,Sn,NS,933
OG0023828,0.4573316254850136,0.948628334124555,Sn,NS,371
OG0023868,0.01292617444427004,1,Sn,NS,817
OG0023878,0.3617683594191533,0.588331788413481,Sn,NS,450
OG0023929,0.4977400886090932,1,Sn,NS,348
OG0023941,2.2035144111307585,0.0274601335137772,Sn,UP,20
OG0023978,0.3762903833370515,1,Sn,NS,438
OG0023983,0.00432160595009346,1,Sn,NS,828
OG0024018,0.24974871508356883,1,Sn,NS,543
OG0024024,-0.5864059175908248,1,Sn,NS,1428
OG0024036,1.751892138404309,0.0350630138964618,Sn,UP,47
OG0024088,0.8081790837714706,0.142925808862618,Sn,NS,186
OG0024097,0.1877677470460248,1,Sn,NS,613
OG0024129,0.18523225423016085,1,Sn,NS,618
OG0024297,1.45575462218619,0.0130943457216583,Sn,UP,74
OG0024301,0.4005379295837288,1,Sn,NS,418
OG0024318,2.0734775096789684,0.155550155634203,Sn,NS,27
OG0024372,0.583037623796664,1,Sn,NS,287
OG0024384,2.1414327909292954,0.0464659556019862,Sn,UP,23
OG0024489,0.44678556214312237,0.631896759663686,Sn,NS,382
OG0024584,-0.2968993003958401,1,Sn,NS,1167
OG0024585,-0.2880646430210785,1,Sn,NS,1154
OG0024610,-0.6395665963975972,0.196508925346107,Sn,NS,1461
OG0024633,-0.05589120089204515,1,Sn,NS,888
OG0024716,-1.0892673380970874,0.342132291679055,Sn,NS,1651
OG0024724,-0.2429767534925404,1,Sn,NS,1103
OG0024802,0.01435529297707005,1,Sn,NS,814
OG0024848,-1.6038405109268454,0.00835592494724524,Sn,DOWN,1734
OG0024927,0.5607149544744789,1,Sn,NS,306
OG0024952,-0.2898272517203383,1,Sn,NS,1160
OG0025004,-1.5649048483799026,0.0612168092203231,Sn,NS,1730
OG0025023,-0.8836352433082154,1,Sn,NS,1584
OG0025041,-1.1584293626044828,1,Sn,NS,1667
OG0025076,-0.3883554566263384,0.0464659556019862,Sn,NS,1259
OG0025082,-0.5395195299599892,1,Sn,NS,1395
OG0025087,-0.6574452545226798,0.0822935280333914,Sn,NS,1471
OG0025089,2.2451913930643084,0.0197019520122038,Sn,UP,15
OG0025255,0.02715405150372665,1,Sn,NS,800
OG0025407,0.6433944534798923,0.208028632001519,Sn,NS,265
OG0025503,-0.00144341686966871,1,Sn,NS,836
OG0025593,-0.9023892033735776,0.736964639600331,Sn,NS,1591
OG0025653,1.5225579928704367,0.119744014711514,Sn,NS,69
OG0025896,0.14274017211608214,1,Sn,NS,666
OG0025954,0.08678376614206665,1,Sn,NS,732
OG0025964,-0.2968993003958401,0.272733466803062,Sn,NS,1167
OG0026139,0.6951029856404789,0.784457020935133,Sn,NS,236
OG0026550,0.5548343958941929,0.406571836417356,Sn,NS,310
OG0026768,0.02715405150372665,1,Sn,NS,800
OG0026957,0.5210507369009632,1,Sn,NS,332
OG0027722,-2.0291463456595165,0.17009797265228,Sn,NS,1761
OG0029123,-0.12658049656514306,1,Sn,NS,982
OG0029481,-0.30757280191029224,0.870930801796789,Sn,NS,1178
OG0029578,-1.5521563556379143,0.277758106765632,Sn,NS,1728
OG0029895,-1.8365012677171204,0.241084816879385,Sn,NS,1750
OG0029990,0.01863417413905097,1,Sn,NS,812
OG0030007,0.08949815083910263,1,Sn,NS,728
OG0031770,1.871449415677,0.130672858854807,Sn,NS,41
OG0032028,1.053806443695794,0.0528747828751534,Sn,NS,129
OG0032352,0.5449798832558039,0.0371927618261902,Sn,NS,313
OG0032358,0.3751784795896123,1,Sn,NS,439
OG0032547,0.1811479706414974,0.0789326780311522,Sn,NS,624
OG0032582,1.1845976841557608,0.642466242750892,Sn,NS,104
OG0032588,-0.5166356392866507,0.689030341544066,Sn,NS,1377
OG0032603,0.3436920691790188,1,Sn,NS,462
OG0036359,0.8213020398895298,0.948628334124555,Sn,NS,183
OG0036523,-0.9573556625915064,0.617085223601808,Sn,NS,1608
OG0036836,-1.15200309344505,0.156225850949474,Sn,NS,1664
OG0037148,-0.24982229440694284,0.985943896026963,Sn,NS,1113
OG0037170,0.1190241031422746,1,Sn,NS,692
OG0040053,-1.1297339296040172,0.20300460219048,Sn,NS,1659
OG0040625,-2.7563309190331373,0.445974360483262,Sn,NS,1770
OG0043850,-0.33825040018929514,1,Sn,NS,1211
OG0044440,-1.6259342817774622,0.404025858818009,Sn,NS,1736
OG0045291,0.8527978928187713,0.948628334124555,Sn,NS,177
OG0047665,0.07724299893246035,1,Sn,NS,744
OG0047776,-0.7883647466728505,0.0274601335137772,Sn,NS,1541
OG0047984,-0.34190279464862844,1,Sn,NS,1214
OG0048119,-0.12343394124827904,1,Sn,NS,976
OG0048125,0.279768421593595,1,Sn,NS,513
OG0048309,-0.9268652953697848,0.106031204425278,Sn,NS,1600
OG0048484,0.9978343327818856,0.201861067187009,Sn,NS,144
OG0048619,1.3950627995175775,0.665409173717715,Sn,NS,79
OG0048626,0.8789214797498506,0.180150163370993,Sn,NS,172
OG0048669,0.7748397598273264,0.357787638998812,Sn,NS,201
OG0048697,-0.1616532634787693,1,Sn,NS,1023
OG0048777,-2.145605322246899,0.0618095498801832,Sn,NS,1766
OG0048827,0.32192809488736235,1,Sn,NS,477
OG0048957,-0.0923401721467106,1,Sn,NS,938
OG0048980,0.45417589318580215,1,Sn,NS,375
OG0048981,1.1265264370593036,0.419999937713991,Sn,NS,120
OG0049003,0.24245007367770144,0.93246035650255,Sn,NS,554
OG0049046,1.338567037001151,0.374752984143843,Sn,NS,86
OG0049077,0.47300756791617377,0.801558442300404,Sn,NS,361
OG0049177,0.18523225423016085,1,Sn,NS,618
OG0049228,0.29865831556451516,1,Sn,NS,495
OG0049840,0.6699338356689607,0.234663032487936,Sn,NS,248
NA,-0.0207040273891978,0.00129023241717985,Sn,NS,854
OG0000006,-0.8195695417839786,0.00549821918841996,Trip19,NS,3225
OG0000012,-0.12449870515350621,0.14978617996601,Trip19,NS,1869
OG0000013,-0.732164607902385,0.242418162034629,Trip19,NS,3125
OG0000014,-0.464383933854223,0.0213274986815831,Trip19,NS,2706
OG0000017,-1.5602983094395826,4.6678315471192e-4,Trip19,DOWN,3576
OG0000034,0.3277354332002455,0.00211917093780432,Trip19,NS,697
OG0000037,0.12165472155222268,0.0361492124952747,Trip19,NS,1143
OG0000038,0.706641057309408,9.60955992728286e-5,Trip19,NS,263
OG0000047,-1.6101885541789738,5.27005323550378e-5,Trip19,DOWN,3583
OG0000056,-0.8718956179879505,0.0174694089197057,Trip19,NS,3274
OG0000059,-1.62593428177746,0.0592050198539894,Trip19,NS,3584
OG0000060,-1.17788172527066,0.00382335969775106,Trip19,DOWN,3488
OG0000097,-0.26193152994887753,0.182672300380416,Trip19,NS,2271
OG0000104,0.4343180995009498,0.495601524096779,Trip19,NS,524
OG0000110,0.5749951602178578,0.00963869410376769,Trip19,NS,358
OG0000116,-1.33278908751913,0.0086657231577134,Trip19,DOWN,3540
OG0000119,-1.22095044716254,0.0577277063594754,Trip19,NS,3506
OG0000122,0.018834487635146304,0.657912005488087,Trip19,NS,1442
OG0000159,0.0827025893302493,0.43109959576263,Trip19,NS,1243
OG0000161,-0.5318773170178777,0.0664812781032199,Trip19,NS,2841
OG0000166,1.9673276645821987,0.422373582263228,Trip19,NS,32
OG0000173,0.22110041719152426,0.0591036439934487,Trip19,NS,890
OG0000175,0.297484915710575,0.19255917436265,Trip19,NS,756
OG0000185,0.516015147003665,0.826399750366414,Trip19,NS,419
OG0000197,-0.3826291762354165,0.00834161429318907,Trip19,NS,2552
OG0000200,-0.682695931638085,0.165453808231939,Trip19,NS,3061
OG0000207,0.136191386287144,0.432778763472252,Trip19,NS,1107
OG0000213,-0.148800661406706,0.370977886774324,Trip19,NS,1929
OG0000224,-0.06265362714647936,0.0457008699403722,Trip19,NS,1700
OG0000227,0.187767747046025,0.309513104014929,Trip19,NS,962
OG0000229,-0.46459926619989445,0.284663321454381,Trip19,NS,2707
OG0000231,0.2197073148938515,0.27731966800295,Trip19,NS,893
OG0000232,0.357270475679559,0.53980680259855,Trip19,NS,636
OG0000233,0.12961273813047,0.512451095734985,Trip19,NS,1118
OG0000246,0.07990370643712676,0.355979887883945,Trip19,NS,1257
OG0000247,0.16478627814334,0.565047779297672,Trip19,NS,1017
OG0000260,-1.41503749927884,0.0194860509990909,Trip19,DOWN,3553
OG0000262,0.558142450256335,0.0174694089197057,Trip19,NS,375
OG0000267,0.104336659814736,0.609856214097358,Trip19,NS,1185
OG0000269,-1.67576543772947,2.9047594107189e-4,Trip19,DOWN,3590
OG0000270,0.08024456093522253,0.765534601940487,Trip19,NS,1252
OG0000273,0.438292851579147,0.364252561152841,Trip19,NS,515
OG0000284,0.3362425426410205,0.0891664250698222,Trip19,NS,673
OG0000286,0.7522339263526785,0.032514909087473,Trip19,NS,237
OG0000288,2.630817323739925,0.00160898566552741,Trip19,UP,18
OG0000289,0.753604536279995,0.0429687936831713,Trip19,NS,234
OG0000291,0.230203013366421,0.808373943307544,Trip19,NS,876
OG0000300,-0.261880711217424,0.277794041193523,Trip19,NS,2266
OG0000301,-0.05211667726786402,0.256586161759447,Trip19,NS,1669
OG0000305,-0.8760219716206801,0.0227975386889035,Trip19,NS,3278
OG0000306,0.021811395681116515,0.658180687599135,Trip19,NS,1434
OG0000309,-1.47794425083904,0.324010913521405,Trip19,NS,3566
OG0000316,0.7153337214296245,0.0235002119129174,Trip19,NS,257
OG0000322,0.802855254282817,0.293210352652767,Trip19,NS,203
OG0000323,-0.311315944095561,0.141777543185412,Trip19,NS,2394
OG0000331,-0.349235440883098,0.0128700599382057,Trip19,NS,2479
OG0000332,0.150559676575381,0.772848326687582,Trip19,NS,1058
OG0000336,0.15784049608691963,0.511834179771891,Trip19,NS,1039
OG0000338,-0.20941212460873998,0.166385537174084,Trip19,NS,2108
OG0000343,0.0551956542421246,0.493497628749543,Trip19,NS,1327
OG0000351,-0.0694518807521452,0.501128829291545,Trip19,NS,1719
OG0000355,0.0877175891856944,0.258479349112692,Trip19,NS,1231
OG0000358,0.199122642013601,0.724267174887713,Trip19,NS,938
OG0000376,0.497740088609093,0.206968797476117,Trip19,NS,440
OG0000380,-0.962969269055033,0.0903510372247247,Trip19,NS,3353
OG0000386,0.02235704533837906,0.183154044227433,Trip19,NS,1432
OG0000387,0.0524158941511385,0.864014437813054,Trip19,NS,1334
OG0000389,0.6281131395773865,0.0590718678411831,Trip19,NS,316
OG0000390,-0.231074664436249,0.930526017129115,Trip19,NS,2172
OG0000402,-0.46394709975979,0.147686716725927,Trip19,NS,2703
OG0000403,-0.41888982477445,0.0433593277451219,Trip19,NS,2631
OG0000405,-0.116619030498773,0.00535542097466423,Trip19,NS,1839
OG0000414,-0.123433941248279,0.937381246801419,Trip19,NS,1865
OG0000423,-0.20296079860975852,0.258272497020843,Trip19,NS,2083
OG0000433,-1.0392635535819414,0.0258434838283236,Trip19,DOWN,3414
OG0000434,-0.011714066295391498,0.44580282173201,Trip19,NS,1544
OG0000461,1.07244885006969,0.26151935034119,Trip19,NS,120
OG0000462,0.465713319595964,0.0355334036500871,Trip19,NS,484
OG0000464,0.15719312214998873,0.05530234040847,Trip19,NS,1040
OG0000468,-0.0336050519583555,0.0614640483326249,Trip19,NS,1623
OG0000480,0.665392771041891,0.360910363133802,Trip19,NS,289
OG0000486,-0.260151897300673,0.363170211067289,Trip19,NS,2259
OG0000495,0.185965075994517,0.135445557072466,Trip19,NS,964
OG0000496,0.0935601761623378,0.461818050544471,Trip19,NS,1209
OG0000498,0.332278283056929,0.0799476383534412,Trip19,NS,681
OG0000500,0.370722275148167,0.0894596998837102,Trip19,NS,612
OG0000503,-0.377069649079823,0.480438290093856,Trip19,NS,2540
OG0000507,-0.14749940916959825,0.192777864022649,Trip19,NS,1928
OG0000508,0.4262835055926355,0.0636555635404974,Trip19,NS,537
OG0000517,1.20476675065461,2.2030853590067e-4,Trip19,UP,97
OG0000523,0.441082829199642,0.300951435727794,Trip19,NS,512
OG0000527,-0.272297327162762,0.522327651621486,Trip19,NS,2293
OG0000528,-0.0291463456595165,0.779782517451553,Trip19,NS,1595
OG0000538,-0.050943281288478866,0.351807321801033,Trip19,NS,1665
OG0000544,0.409255146684838,0.702791350004181,Trip19,NS,558
OG0000550,-0.56277226108709,0.0800486031782458,Trip19,NS,2890
OG0000552,-0.29689930039584,0.822690470443791,Trip19,NS,2346
OG0000565,0.07678746981617733,0.0572269077568568,Trip19,NS,1265
OG0000566,1.0879059968608664,5.4994214336659e-4,Trip19,UP,116
OG0000568,1.3219271715619465,0.00464529758173203,Trip19,UP,71
OG0000579,-1.31473259348316,7.3677966493859e-4,Trip19,DOWN,3533
OG0000591,0.034754851405318754,0.515809542134404,Trip19,NS,1396
OG0000595,-0.08759245311998295,0.411365727101929,Trip19,NS,1764
OG0000596,0.6676129881795909,0.0262477274701326,Trip19,NS,286
OG0000597,-1.010369244013799,3.3948201113681e-4,Trip19,DOWN,3395
OG0000613,0.0690146779151805,0.746527679668298,Trip19,NS,1283
OG0000620,-0.29689930039584,0.344198042469162,Trip19,NS,2346
OG0000621,0.606915941825205,0.927572655588503,Trip19,NS,326
OG0000624,-0.00144341686966872,0.99204001255029,Trip19,NS,1507
OG0000628,-0.31114825613412,0.312934742893371,Trip19,NS,2390
OG0000642,1.0098080863685426,0.0169781595076915,Trip19,UP,133
OG0000646,0.5495358027595908,0.0845201611439215,Trip19,NS,384
OG0000648,-0.177881725270655,0.951621938697077,Trip19,NS,2015
OG0000666,0.600269753509005,0.0274918919787426,Trip19,NS,335
OG0000670,1.12697285625777,4.7993920492952e-4,Trip19,UP,108
OG0000676,0.3008554206334653,0.0235772661811048,Trip19,NS,753
OG0000685,-0.3265527493913185,0.27067046752982,Trip19,NS,2429
OG0000686,-0.17489712441398275,0.436194076440068,Trip19,NS,2011
OG0000694,0.09903268373866796,0.556762386037628,Trip19,NS,1196
OG0000704,-1.05589120089205,3.8005117331313e-4,Trip19,DOWN,3426
OG0000708,0.3256147273541265,0.147018163462678,Trip19,NS,703
OG0000711,-0.09386262269618434,0.2717759477689,Trip19,NS,1787
OG0000713,-0.392137097168765,0.342598014568167,Trip19,NS,2575
OG0000715,-2.1817683721311734,0.0445863629117155,Trip19,DOWN,3611
OG0000719,-0.015723092452347598,0.454608046854865,Trip19,NS,1549
OG0000723,-0.267079617891743,0.050972740990239,Trip19,NS,2278
OG0000731,0.415758666522498,0.127312495128569,Trip19,NS,548
OG0000732,0.138814468902282,0.338385260515208,Trip19,NS,1099
OG0000737,0.09069759784938966,0.306839431266229,Trip19,NS,1222
OG0000746,0.668119124686432,0.290628350015332,Trip19,NS,285
OG0000750,-0.0499049058263139,0.545069836349781,Trip19,NS,1657
OG0000758,0.43722773891291,0.384291919154145,Trip19,NS,517
OG0000759,0.35905256210956404,0.10450798877722,Trip19,NS,635
OG0000762,-0.28955671251223447,0.171140625897946,Trip19,NS,2332
OG0000763,-0.06552231540775424,0.332204870375854,Trip19,NS,1710
OG0000764,-0.7110204809505115,2.8929696789834e-4,Trip19,NS,3095
OG0000768,0.10495997176579502,0.063400394009165,Trip19,NS,1184
OG0000769,0.37851162325373,0.230832723205931,Trip19,NS,600
OG0000776,-0.352915787371046,0.559116451372407,Trip19,NS,2484
OG0000787,0.329457079490802,0.456522486056057,Trip19,NS,693
OG0000799,0.16251932607825204,0.0902130468311754,Trip19,NS,1024
OG0000800,0.273814244587037,0.846880361734943,Trip19,NS,791
OG0000803,-0.458154353238059,0.289519637439165,Trip19,NS,2699
OG0000804,0.753604536279995,0.0840640948293642,Trip19,NS,234
OG0000807,0.162210036314307,0.640593332950585,Trip19,NS,1025
OG0000812,0.14499983616398732,0.0683983673528899,Trip19,NS,1080
OG0000815,-0.358220436297734,0.00162982626687174,Trip19,NS,2497
OG0000820,-1.30757280191029,0.355316934207974,Trip19,NS,3531
OG0000823,0.432959407276106,0.258272497020843,Trip19,NS,525
OG0000835,0.3944138382561295,0.126497986188965,Trip19,NS,576
OG0000837,-0.320125852253377,0.449082328938193,Trip19,NS,2408
OG0000840,0.3409476930185215,0.0611291706168624,Trip19,NS,662
OG0000842,-0.1537471207240295,0.36543291717086,Trip19,NS,1949
OG0000844,-0.147202107181229,0.792902833819191,Trip19,NS,1923
OG0000851,0.22404027421793,0.181272525230761,Trip19,NS,885
OG0000853,0.194087052116302,0.0775739502710737,Trip19,NS,952
OG0000854,0.0328061450832415,0.961534406232858,Trip19,NS,1401
OG0000861,0.773152397014052,0.0315337515779041,Trip19,NS,219
OG0000864,-0.573524369558284,0.258479349112692,Trip19,NS,2910
OG0000868,0.284514133244245,0.523026441871582,Trip19,NS,777
OG0000880,0.38767608828755934,0.528226865596574,Trip19,NS,591
OG0000881,-0.132894270497345,0.0822298724091538,Trip19,NS,1892
OG0000882,0.05683421705429039,0.0266810544743423,Trip19,NS,1323
OG0000883,-0.450084446378045,0.0507094473030907,Trip19,NS,2685
OG0000884,0.12300395405482,0.235106082902201,Trip19,NS,1137
OG0000885,-0.168122758808327,0.480621176820039,Trip19,NS,1990
OG0000886,0.607862902831235,0.131956511740306,Trip19,NS,325
OG0000890,0.465713319595964,0.211182111921745,Trip19,NS,484
OG0000891,0.6732872888560699,0.0937336948903199,Trip19,NS,281
OG0000894,-0.13764780046798,0.427806697052243,Trip19,NS,1899
OG0000895,-0.13764780046798,0.476120825921992,Trip19,NS,1899
OG0000899,0.391767719955997,0.0179327740330522,Trip19,NS,581
OG0000901,-0.0528949484321255,0.668917092009104,Trip19,NS,1670
OG0000903,0.0908534304511135,0.6661659849865,Trip19,NS,1218
OG0000904,-0.440263475567017,0.656887849426815,Trip19,NS,2664
OG0000906,0.4401350943505513,0.119882710952483,Trip19,NS,514
OG0000915,-1.381957610324265,0.0935813007578001,Trip19,NS,3548
OG0000926,0.10060193201117411,0.931530758315658,Trip19,NS,1194
OG0000929,0.47808781633204134,5.2116312938815e-4,Trip19,NS,465
OG0000931,-0.23113826551376448,0.124954146925985,Trip19,NS,2177
OG0000937,-1.31473259348316,0.0111661616807946,Trip19,DOWN,3533
OG0000940,0.154453592679872,0.888374499548833,Trip19,NS,1047
OG0000941,0.390667685559667,0.250852230928372,Trip19,NS,582
OG0000942,-0.156820109742826,0.542837427976922,Trip19,NS,1956
OG0000943,0.0235423198648095,0.572329478222121,Trip19,NS,1427
OG0000945,0.412510571249805,0.230832723205931,Trip19,NS,554
OG0000946,0.166072675946706,0.935791007749425,Trip19,NS,1013
OG0000950,-1.94897599697553,0.00474467359689131,Trip19,DOWN,3603
OG0000956,0.0328061450832415,0.768287377109124,Trip19,NS,1401
OG0000962,0.12565110166152,0.717687024449346,Trip19,NS,1128
OG0000964,-0.0218043703183484,0.905288829063235,Trip19,NS,1566
OG0000971,1.35670725293538,2.2702076247523e-4,Trip19,UP,65
OG0000973,-0.390409852822573,0.228643548323653,Trip19,NS,2574
OG0000976,6.993679561820999e-4,0.8068152928314,Trip19,NS,1498
OG0000980,0.01292617444427,0.765502444442782,Trip19,NS,1460
OG0000988,-0.158429362604483,0.508564970208175,Trip19,NS,1965
OG0000989,-1.04097178105631,0.152779382604913,Trip19,NS,3415
OG0000991,0.0786098346963665,0.3946226877972,Trip19,NS,1259
OG0000994,0.06608375004036349,0.826399750366414,Trip19,NS,1293
OG0001000,0.211635253327149,0.985982603445345,Trip19,NS,910
OG0001003,0.1984304665663107,0.274034988520116,Trip19,NS,940
OG0001012,-0.199255376063222,0.231546566513676,Trip19,NS,2076
OG0001014,0.689620554777238,0.41048152589598,Trip19,NS,273
OG0001016,-0.126580496565143,0.780402335148575,Trip19,NS,1878
OG0001021,0.456280481510725,0.120775172122705,Trip19,NS,496
OG0001025,0.735522177296537,0.992966395117705,Trip19,NS,250
OG0001033,0.33203795783684553,0.268675637070031,Trip19,NS,683
OG0001036,-0.508403405589552,0.0300405756964552,Trip19,NS,2787
OG0001037,-0.560642821525743,0.363170211067289,Trip19,NS,2886
OG0001038,0.181420640280142,0.85007990364085,Trip19,NS,975
OG0001047,-0.0786781223535164,0.356934106060343,Trip19,NS,1744
OG0001055,-0.0049116750267923694,0.814126963321591,Trip19,NS,1523
OG0001058,0.280443055764768,0.239078756962687,Trip19,NS,783
OG0001059,0.168642035558839,0.577758756565309,Trip19,NS,1006
OG0001069,0.0823442324971605,0.0933656595963224,Trip19,NS,1248
OG0001070,-0.186064929518683,0.317798903559542,Trip19,NS,2029
OG0001074,0.07509494224343315,0.168511940960359,Trip19,NS,1270
OG0001076,-0.749038426466781,0.0634525883823848,Trip19,NS,3149
OG0001078,0.644473076236925,0.0198777833067902,Trip19,NS,300
OG0001080,-0.161745329079582,0.245734456044049,Trip19,NS,1979
OG0001082,0.0440443327060212,0.937381246801419,Trip19,NS,1361
OG0001087,-0.1299031914897825,0.767326184702292,Trip19,NS,1890
OG0001090,-0.0306192350583921,0.928405783472546,Trip19,NS,1606
OG0001094,-0.1503538958163498,0.120516528987049,Trip19,NS,1933
OG0001101,0.07027874551007805,0.824701018795361,Trip19,NS,1282
OG0001110,0.313826296390398,0.0615178243528473,Trip19,NS,732
OG0001111,0.020498417600576007,0.18587085957003,Trip19,NS,1438
OG0001112,-0.5756553829853626,0.0304403064672645,Trip19,NS,2917
OG0001123,-0.619270551496451,0.458960316319932,Trip19,NS,2979
OG0001124,-1.818438016029695,0.080679207215534,Trip19,NS,3599
OG0001126,0.379620962055708,0.398949426361876,Trip19,NS,598
OG0001127,0.557777671394926,0.0213051618602959,Trip19,NS,376
OG0001134,-0.115597447016313,0.522168897708835,Trip19,NS,1837
OG0001137,0.33741109198091124,0.341692672395724,Trip19,NS,671
OG0001138,-0.85464861442738,0.155578032267563,Trip19,NS,3262
OG0001139,1.045918960048766,0.0336268924148131,Trip19,UP,124
OG0001147,-0.057509449421964676,0.148752898022926,Trip19,NS,1687
OG0001150,-0.419823855267188,0.0380880499368828,Trip19,NS,2636
OG0001162,1.599639860668315,0.00823824376531959,Trip19,UP,46
OG0001173,-1.32192809488736,0.00326743327792771,Trip19,DOWN,3536
OG0001180,0.3484647401500165,0.0304509077297422,Trip19,NS,651
OG0001181,0.237563718317676,0.947592427780193,Trip19,NS,861
OG0001185,-0.341902794648628,0.030917875910923,Trip19,NS,2465
OG0001187,0.3961478265019885,0.00168669726688667,Trip19,NS,574
OG0001189,-1.00288827932483,0.00167985034355262,Trip19,DOWN,3387
OG0001196,-1.10780328953451,0.0448690978039642,Trip19,DOWN,3454
OG0001204,-0.886299500835272,0.00214660540967037,Trip19,NS,3285
OG0001208,-0.260151897300673,0.0307925307440905,Trip19,NS,2259
OG0001215,-1.11091590140185,8.841106078938e-4,Trip19,DOWN,3455
OG0001216,-0.722610301189136,0.0100206556633882,Trip19,NS,3113
OG0001217,0.0214797274104514,0.995734312704925,Trip19,NS,1435
OG0001221,-0.31833707320471,0.165059109736846,Trip19,NS,2406
OG0001228,0.0867837661420666,0.980339979983324,Trip19,NS,1232
OG0001233,-0.249822294406943,0.312642403296067,Trip19,NS,2229
OG0001234,0.789937868980195,0.0571289769506053,Trip19,NS,208
OG0001236,-0.271485199007626,0.0989436172959722,Trip19,NS,2292
OG0001237,-0.746191466597846,0.00617422830610039,Trip19,NS,3146
OG0001241,-0.422001068768713,0.0408994024948758,Trip19,NS,2644
OG0001243,-0.209227962138,0.390182988108605,Trip19,NS,2103
OG0001250,0.754459973625479,0.569648923226506,Trip19,NS,232
OG0001266,-0.11311095099484217,0.161849208787871,Trip19,NS,1834
OG0001268,-1.0141610919728254,0.340106388333287,Trip19,NS,3398
OG0001269,-0.20569868283211584,0.0427391249048504,Trip19,NS,2090
OG0001271,-1.43830727860169,0.160528349054012,Trip19,NS,3558
OG0001272,-0.0320936297098533,0.549412026387915,Trip19,NS,1613
OG0001287,0.29092605311769293,0.0198530318674051,Trip19,NS,770
OG0001296,0.5265626209434591,0.130692779595441,Trip19,NS,409
OG0001302,-0.442222328605074,0.100422636671639,Trip19,NS,2668
OG0001304,0.01292617444427,0.801718820124303,Trip19,NS,1460
OG0001306,0.112366523072563,0.604206264483852,Trip19,NS,1163
OG0001308,-0.29847087136607153,0.0471961787817186,Trip19,NS,2357
OG0001312,-1.65290132937773,0.00293908210329687,Trip19,DOWN,3587
OG0001322,-3.01158797427521,0.00168669726688667,Trip19,DOWN,3617
OG0001328,0.432959407276106,0.00793310583075527,Trip19,NS,525
OG0001338,-0.237863830098888,0.663028065700408,Trip19,NS,2195
OG0001340,-0.0573916638883367,0.826528977754055,Trip19,NS,1682
OG0001361,0.0143552929770701,0.617979252232321,Trip19,NS,1454
OG0001363,-0.095498612530457,0.29546017144552,Trip19,NS,1797
OG0001366,-0.1575098627725925,0.037980495655965,Trip19,NS,1963
OG0001369,-0.0050835796634403005,0.149579566630749,Trip19,NS,1524
OG0001372,-0.15774321853144951,0.477094407176935,Trip19,NS,1964
OG0001379,-0.0291463456595165,0.550123923403272,Trip19,NS,1595
OG0001380,-0.0924615214008081,0.733469355634766,Trip19,NS,1786
OG0001381,-0.0800879113226919,0.171742692274961,Trip19,NS,1747
OG0001389,-0.106249498279434,0.407503675258134,Trip19,NS,1814
OG0001417,0.12300395405482,0.772552052572463,Trip19,NS,1137
OG0001428,-0.197599959885161,0.754475568198711,Trip19,NS,2068
OG0001430,-0.701341684435485,0.247402956442017,Trip19,NS,3080
OG0001432,-0.951842082487635,0.0703101508272475,Trip19,NS,3346
OG0001439,2.5919369271314903,0.18040490781346,Trip19,NS,21
OG0001455,-0.136061549576028,0.540903026829268,Trip19,NS,1897
OG0001467,-0.284545872884282,0.1981675772026,Trip19,NS,2322
OG0001475,-0.522840788813359,0.0358232814302668,Trip19,NS,2813
OG0001476,-0.0101343771337132,0.554462652831874,Trip19,NS,1537
OG0001479,-0.744197163397282,0.0568732067330028,Trip19,NS,3139
OG0001484,0.26663664251399,0.0897927890270444,Trip19,NS,803
OG0001489,0.044613471035197805,0.525248261755041,Trip19,NS,1360
OG0001493,-0.305788392232109,0.292910074350265,Trip19,NS,2377
OG0001495,1.1405173401610535,0.16566197417493,Trip19,NS,106
OG0001499,-0.5206343312160819,0.0556141690866624,Trip19,NS,2810
OG0001503,-0.689284666104776,0.00958845772268956,Trip19,NS,3069
OG0001506,0.1459456715472817,0.00640422824784077,Trip19,NS,1077
OG0001510,-0.56277226108709,0.111889470932674,Trip19,NS,2890
OG0001517,-0.0528949484321255,0.546838193391637,Trip19,NS,1670
OG0001521,-1.12343394124828,0.0420662485080447,Trip19,DOWN,3462
OG0001525,-0.0755200076409777,0.303953895656886,Trip19,NS,1733
OG0001529,-0.16730138233973124,0.161552318248086,Trip19,NS,1989
OG0001536,-0.897006006676674,0.0396233772203047,Trip19,NS,3297
OG0001541,0.058746849815775125,0.894055425189586,Trip19,NS,1318
OG0001550,0.218128901266753,0.20328778390084,Trip19,NS,900
OG0001551,0.660837367696284,0.204451293365706,Trip19,NS,294
OG0001556,-0.729770092762002,0.147122936886783,Trip19,NS,3118
OG0001569,0.4146191316705375,0.213749495596274,Trip19,NS,552
OG0001588,0.166072675946706,0.582652822077117,Trip19,NS,1013
OG0001592,-0.288064643021078,0.329953946519959,Trip19,NS,2329
OG0001609,-0.0573916638883367,0.693430808124599,Trip19,NS,1682
OG0001619,-0.481968507397831,0.064344342305506,Trip19,NS,2739
OG0001632,0.0976107966264223,0.587532061822406,Trip19,NS,1201
OG0001638,-0.056851356130309005,0.258353855325715,Trip19,NS,1681
OG0001644,-0.9148169609531784,0.0202406063111748,Trip19,NS,3313
OG0001649,-0.42081985187285,0.0503392727420287,Trip19,NS,2638
OG0001655,-0.606034724339757,0.36584728107886,Trip19,NS,2963
OG0001658,-0.0778071734987145,0.258313999592023,Trip19,NS,1740
OG0001659,0.0143552929770701,0.515809542134404,Trip19,NS,1454
OG0001661,0.25328269219091304,0.0906830884218696,Trip19,NS,830
OG0001662,-0.158429362604483,0.248445118027163,Trip19,NS,1965
OG0001675,-0.251538766995964,0.198266497045957,Trip19,NS,2232
OG0001677,0.324234562270531,0.0913181916387798,Trip19,NS,707
OG0001684,0.0813396274519388,0.626430153815195,Trip19,NS,1250
OG0001701,-0.0702600884209035,0.00168752108841712,Trip19,NS,1724
OG0001706,-0.12727375843415145,0.38338136571354,Trip19,NS,1881
OG0001707,-1.04097178105631,0.00600296589608093,Trip19,DOWN,3415
OG0001716,-0.10838567254678379,0.73288861437602,Trip19,NS,1822
OG0001719,-0.222632890549587,0.321343335560564,Trip19,NS,2141
OG0001723,-0.49817873457909,0.122374646043965,Trip19,NS,2770
OG0001726,0.260627908126699,0.851739485081458,Trip19,NS,815
OG0001735,-0.438307278601691,0.0571289769506053,Trip19,NS,2660
OG0001737,-0.496142467422571,0.0366233413739611,Trip19,NS,2767
OG0001741,-0.0816137655536521,0.720847627578112,Trip19,NS,1752
OG0001746,-0.17230275130365055,0.358100405313216,Trip19,NS,2003
OG0001760,-0.197781177116685,0.00308127132799853,Trip19,NS,2074
OG0001764,0.549915553621955,0.111824205883866,Trip19,NS,383
OG0001787,1.28569812595813,0.00995038490659379,Trip19,UP,80
OG0001789,0.221567788538409,0.627017754879232,Trip19,NS,888
OG0001792,-0.4742151078074445,0.0321898380208576,Trip19,NS,2731
OG0001793,-0.0499049058263139,0.403409793082953,Trip19,NS,1657
OG0001803,-0.685013514531485,0.237144789545543,Trip19,NS,3063
OG0001805,-0.246395463720005,0.16476836317937,Trip19,NS,2220
OG0001813,-0.07890559859218754,0.284050345475421,Trip19,NS,1745
OG0001819,-0.963103590800704,0.0317768797252156,Trip19,NS,3354
OG0001823,-0.0877333719335504,0.802975291204165,Trip19,NS,1765
OG0001828,0.104336659814736,0.487223039669474,Trip19,NS,1185
OG0001834,-0.573466861883327,0.00101090484011051,Trip19,NS,2908
OG0001836,0.22404027421793,0.721014268020997,Trip19,NS,885
OG0001843,-0.186064929518683,0.0822298724091538,Trip19,NS,2029
OG0001845,0.119024103142275,0.665971737542384,Trip19,NS,1148
OG0001853,0.105678077894537,0.565250441444721,Trip19,NS,1178
OG0001857,-0.720231578406405,0.00763743657910662,Trip19,NS,3109
OG0001861,-0.6487877179411964,0.0118755379396303,Trip19,NS,3016
OG0001862,-0.0115879742752118,0.682201218661653,Trip19,NS,1541
OG0001863,-0.117161344232749,0.2634031097731,Trip19,NS,1840
OG0001868,0.07974742761538,0.176753896359034,Trip19,NS,1258
OG0001888,0.034215715337913,0.920126127077465,Trip19,NS,1397
OG0001890,-0.0785636691937021,0.50247900068362,Trip19,NS,1741
OG0001897,-1.08926733809709,0.00242736542191014,Trip19,DOWN,3440
OG0001906,0.4750833895514075,0.141136482789514,Trip19,NS,470
OG0001916,-1.48398626401541,0.0369624589585321,Trip19,DOWN,3567
OG0001917,-0.413115187147815,0.0944550596033725,Trip19,NS,2620
OG0001922,0.3145500590801915,0.0252454921581265,Trip19,NS,731
OG0001923,0.36513259345253,0.031921084353205,Trip19,NS,620
OG0001926,-0.529072742524873,0.117968784055465,Trip19,NS,2828
OG0001935,-0.0649174766813385,0.58688604209574,Trip19,NS,1707
OG0001936,-0.399730246490995,0.353471462123129,Trip19,NS,2595
OG0001943,0.613531652917927,0.866527944796341,Trip19,NS,323
OG0001945,0.58880456701555,0.0520915126750833,Trip19,NS,343
OG0001948,0.361768359419153,0.411382056638803,Trip19,NS,628
OG0001953,-0.19221275232206594,0.0178078200987635,Trip19,NS,2046
OG0001963,0.204140716780225,0.722312262791424,Trip19,NS,926
OG0001975,-0.0892673380970874,0.779304646947189,Trip19,NS,1770
OG0001997,0.578214165472454,0.00376450537673626,Trip19,NS,353
OG0001998,-1.16812275880833,0.0459623714977406,Trip19,DOWN,3486
OG0002001,-0.708396441969435,0.123108390048444,Trip19,NS,3088
OG0002006,-0.401634794676355,0.0212940439709305,Trip19,NS,2599
OG0002007,-0.181149439104566,0.686642363408383,Trip19,NS,2021
OG0002009,0.6915341649192,0.0519108172652663,Trip19,NS,271
OG0002013,0.3250210559127125,0.14877068149852,Trip19,NS,705
OG0002018,0.231432408447965,0.129761911836322,Trip19,NS,872
OG0002021,-0.104697378666693,0.475872749015377,Trip19,NS,1811
OG0002023,-0.43582954095613,0.0168092391511874,Trip19,NS,2658
OG0002025,0.00288250853312136,0.748687706393311,Trip19,NS,1490
OG0002031,0.818032474658094,0.448178760926892,Trip19,NS,199
OG0002040,0.147957881387101,0.442598135946566,Trip19,NS,1069
OG0002061,0.2137092246592345,0.221341398978402,Trip19,NS,908
OG0002062,0.301002256032814,0.695484714987048,Trip19,NS,750
OG0002064,0.14685297783628948,0.00354387985324326,Trip19,NS,1073
OG0002069,-0.729770092762002,0.136775756214922,Trip19,NS,3118
OG0002088,0.748461233004036,0.028052058449272,Trip19,NS,242
OG0002090,0.0454429707611671,0.882069714174911,Trip19,NS,1357
OG0002091,-0.454031630894707,0.151692094027554,Trip19,NS,2692
OG0002101,0.754459973625479,8.1434764830487e-4,Trip19,NS,232
OG0002107,0.413594082409175,0.222197577469651,Trip19,NS,553
OG0002122,0.0717626693000913,0.901813228950376,Trip19,NS,1273
OG0002125,0.0881415968690176,0.875154279406523,Trip19,NS,1227
OG0002133,-0.25054575778660826,0.338064605336636,Trip19,NS,2231
OG0002134,0.14535138557262,0.852971870227644,Trip19,NS,1078
OG0002139,-0.41119543298445,0.193636733198753,Trip19,NS,2615
OG0002146,-0.946193556304206,0.324160132882952,Trip19,NS,3339
OG0002153,-0.129733929604017,0.969380759199594,Trip19,NS,1888
OG0002161,0.435095151620097,0.127530530157017,Trip19,NS,522
OG0002163,-0.222632890549587,0.637326195256464,Trip19,NS,2141
OG0002165,-0.828793172581858,0.34137613760796,Trip19,NS,3235
OG0002171,0.850399396770255,0.00291924432866664,Trip19,NS,175
OG0002175,-0.4462899705818174,0.100020916601578,Trip19,NS,2682
OG0002176,0.166072675946706,0.882069714174911,Trip19,NS,1013
OG0002181,-0.483984852996335,0.00677164230814281,Trip19,NS,2747
OG0002186,0.388465097283154,0.405528437563972,Trip19,NS,590
OG0002190,-0.584241333477502,0.0417555509977077,Trip19,NS,2929
OG0002191,0.2802029211442255,0.023394299851196,Trip19,NS,784
OG0002192,-0.0335695326937018,0.907606128879847,Trip19,NS,1617
OG0002208,-0.320125852253377,0.0101583281814579,Trip19,NS,2408
OG0002214,0.788268082866837,0.00264519057679666,Trip19,NS,210
OG0002218,-0.771027430239839,0.00199039574739892,Trip19,NS,3183
OG0002219,1.47092725747513,0.0141565086396583,Trip19,UP,55
OG0002222,0.155749232677945,0.54741738374145,Trip19,NS,1043
OG0002228,0.14939952971738452,0.0314527785806374,Trip19,NS,1064
OG0002232,0.231432408447965,0.266913759268636,Trip19,NS,872
OG0002235,0.248534836138679,0.0799476383534412,Trip19,NS,840
OG0002237,0.196607044094818,0.323056627558182,Trip19,NS,945
OG0002238,-1.09850554495243,0.0578725402621804,Trip19,NS,3446
OG0002248,-0.49046219869318347,0.0201870729356557,Trip19,NS,2760
OG0002255,-1.44614803181887,0.00817617243117331,Trip19,DOWN,3560
OG0002270,0.06203765516244405,0.836397598716507,Trip19,NS,1313
OG0002279,-1.01741705307741,0.0821531190796125,Trip19,NS,3400
OG0002280,-0.22431729826094,0.0819590055359324,Trip19,NS,2147
OG0002281,0.820485342986379,0.0069530908551829,Trip19,NS,197
OG0002291,-0.022084718551256016,0.19072673081004,Trip19,NS,1573
OG0002295,-0.1038521734980115,0.0330904335433568,Trip19,NS,1810
OG0002300,-0.897006006676674,0.00818020434422364,Trip19,NS,3297
OG0002309,-0.650634722405787,0.438199582582501,Trip19,NS,3017
OG0002312,-0.32373259173411,0.579378311173378,Trip19,NS,2419
OG0002316,-0.873027143742234,0.0574896083882602,Trip19,NS,3275
OG0002323,-0.0101343771337132,0.883198285272616,Trip19,NS,1537
OG0002341,-0.997117491466879,0.0108518475943109,Trip19,NS,3381
OG0002345,0.576708121127624,0.0313685385618944,Trip19,NS,355
OG0002355,-0.523877952932288,2.447145801277e-4,Trip19,NS,2817
OG0002358,0.589763486984977,0.030088731790783,Trip19,NS,340
OG0002361,-0.0588936890535686,0.324010913521405,Trip19,NS,1688
OG0002378,-0.0335695326937018,0.497655146690644,Trip19,NS,1617
OG0002379,-0.251538766995964,0.0334686447918404,Trip19,NS,2232
OG0002381,-0.19881527062742652,0.144849221955077,Trip19,NS,2075
OG0002396,0.340292256823034,0.00420413336641926,Trip19,NS,664
OG0002425,0.61635769699669,0.791628087308227,Trip19,NS,322
OG0002432,0.202887833470143,0.426041317656327,Trip19,NS,932
OG0002435,0.478195257939166,0.159211644474294,Trip19,NS,464
OG0002436,0.347098670622268,0.359879718486238,Trip19,NS,653
OG0002459,-0.171368418311981,0.279447006541421,Trip19,NS,2001
OG0002472,-0.473931188332412,0.0455071312704049,Trip19,NS,2729
OG0002485,-0.531156057025363,0.310511128728716,Trip19,NS,2835
OG0002492,0.0621217119077975,0.511834179771891,Trip19,NS,1305
OG0002502,0.167357927738514,0.702443978237747,Trip19,NS,1012
OG0002505,0.07125050495458601,0.196853054323066,Trip19,NS,1277
OG0002518,-0.736965594166206,0.0797838654450282,Trip19,NS,3134
OG0002519,-0.921390165303633,0.0248003914448267,Trip19,NS,3315
OG0002521,-1.22095044716254,0.00420413336641926,Trip19,DOWN,3506
OG0002524,1.78826808286684,0.00214795712167107,Trip19,UP,39
OG0002532,-0.021330925916300994,0.157711109138178,Trip19,NS,1564
OG0002541,-0.729770092762002,0.0811339225816381,Trip19,NS,3118
OG0002544,-0.592919224549499,0.0780572939050345,Trip19,NS,2947
OG0002550,-0.623709616662948,0.0703945485676993,Trip19,NS,2987
OG0002552,-0.612637459164004,0.82828924240165,Trip19,NS,2971
OG0002555,-1,0.130620829519792,Trip19,NS,3385
OG0002556,-0.852042118612899,0.124099615695057,Trip19,NS,3260
OG0002559,0.575312330687437,0.109359297619527,Trip19,NS,357
OG0002562,-0.24297675349254,0.778499072231526,Trip19,NS,2209
OG0002575,-0.1532973360386135,0.195765481218385,Trip19,NS,1943
OG0002577,-0.197599959885161,0.161295142291951,Trip19,NS,2068
OG0002591,-0.601649629654035,0.193667681402053,Trip19,NS,2958
OG0002597,-0.5773011422465035,0.0902130468311754,Trip19,NS,2918
OG0002600,1.02431967919541,0.0179643758973623,Trip19,UP,130
OG0002605,0.13431780113262182,0.112308850219781,Trip19,NS,1110
OG0002615,0.0398402645317911,0.977622678597887,Trip19,NS,1378
OG0002621,-0.0634091701760615,0.638160647006065,Trip19,NS,1701
OG0002628,1.21598915414672,0.635398511944803,Trip19,NS,95
OG0002630,0.538041453333664,0.363170211067289,Trip19,NS,398
OG0002639,-0.395928676331139,0.0703101508272475,Trip19,NS,2584
OG0002649,-0.107803289534515,0.170856296480386,Trip19,NS,1818
OG0002650,-0.00868224309980088,0.971569931543906,Trip19,NS,1534
OG0002654,-0.176250639691727,0.32104362682737,Trip19,NS,2012
OG0002674,0.0867837661420666,0.605942818901615,Trip19,NS,1232
OG0002676,1.13881446890228,0.0159760451327929,Trip19,UP,107
OG0002678,-0.0232697793228472,0.746106560670292,Trip19,NS,1574
OG0002679,0.2882562317435606,0.00197683969853737,Trip19,NS,772
OG0002686,0.197865391353738,0.152779382604913,Trip19,NS,942
OG0002718,1.3095818087103814,0.0140183003743018,Trip19,UP,75
OG0002725,0.488515008957812,0.0129195954374794,Trip19,NS,455
OG0002726,-0.026459446888374552,0.871228186999805,Trip19,NS,1587
OG0002730,-0.857259827883918,0.0983026626797518,Trip19,NS,3263
OG0002737,-0.365871442474959,0.227592343958016,Trip19,NS,2515
OG0002759,-0.913216233857933,0.00787212830602946,Trip19,NS,3312
OG0002760,-1.15842936260448,0.0737357038118743,Trip19,NS,3479
OG0002761,-0.214240225572989,0.18438791102819,Trip19,NS,2120
OG0002763,1.47248777146274,0.00677164230814281,Trip19,UP,54
OG0002767,0.19512252468455832,0.209203924859766,Trip19,NS,951
OG0002768,-0.192645077942396,0.450412600632053,Trip19,NS,2047
OG0002770,0.321928094887362,0.410004502480129,Trip19,NS,715
OG0002772,0.713695814843359,0.0931877675818175,Trip19,NS,258
OG0002773,-1.88896868761126,0.238659445427118,Trip19,NS,3601
OG0002776,-0.0276749584428483,0.654668043840852,Trip19,NS,1588
OG0002784,-0.8886249173259175,0.0213274986815831,Trip19,NS,3287
OG0002788,-0.282789700980404,0.213249841686145,Trip19,NS,2316
OG0002808,-0.104697378666693,0.669810355780894,Trip19,NS,1811
OG0002818,-1.10159814000781,0.12622167937012,Trip19,NS,3449
OG0002821,0.39673904789879,0.818204534376807,Trip19,NS,572
OG0002833,-0.0159575739029762,0.717861748841769,Trip19,NS,1550
OG0002854,0.301007008528125,0.813626830424242,Trip19,NS,749
OG0002858,0.011912964577235952,0.281265628290602,Trip19,NS,1467
OG0002866,-0.3321852005474485,0.34003650781618,Trip19,NS,2441
OG0002875,0.498761465671852,0.0400856795715551,Trip19,NS,437
OG0002889,-0.5104585281205081,9.5912294841776e-4,Trip19,NS,2796
OG0002896,-0.483984852996335,0.236514480627376,Trip19,NS,2747
OG0002920,0.32883646422954,0.456522486056057,Trip19,NS,694
OG0002921,0.021378193520433,0.635398511944803,Trip19,NS,1437
OG0002922,-0.494109070270043,0.494789123223616,Trip19,NS,2764
OG0002923,0.06708352154247393,0.37723612442472,Trip19,NS,1288
OG0002924,-0.0911507189095957,0.611729237713077,Trip19,NS,1779
OG0002926,-0.518701058452435,0.164326389784165,Trip19,NS,2804
OG0002930,-0.277533975528909,0.612507571863049,Trip19,NS,2302
OG0002934,-0.00433459026389113,0.930085820412369,Trip19,NS,1516
OG0002946,-0.251671680569243,0.221125940943983,Trip19,NS,2239
OG0002948,-1.55215635563791,0.0334686447918404,Trip19,DOWN,3574
OG0002952,-0.734563103950902,0.0198777833067902,Trip19,NS,3129
OG0002997,0.510961919277379,0.0396233772203047,Trip19,NS,424
OG0003002,0.852797892818771,0.0183545278287307,Trip19,NS,171
OG0003017,-0.0588936890535686,0.842372374996964,Trip19,NS,1688
OG0003023,-0.227692025041597,0.506507685796052,Trip19,NS,2161
OG0003024,-0.169744675832317,0.551598814592405,Trip19,NS,1996
OG0003031,-0.418380745770014,0.213749495596274,Trip19,NS,2630
OG0003039,-0.0938790470029001,0.941844840199809,Trip19,NS,1788
OG0003044,0.469885976274464,0.364241245883921,Trip19,NS,478
OG0003045,0.331131922217202,0.477094407176935,Trip19,NS,685
OG0003047,0.836732080459136,0.075557652375176,Trip19,NS,183
OG0003051,0.01625498013739025,0.494704589018444,Trip19,NS,1452
OG0003058,0.252010154929266,0.00834161429318907,Trip19,NS,834
OG0003068,-0.490050853695689,0.0612277508572448,Trip19,NS,2758
OG0003082,-0.332789087519129,0.37723612442472,Trip19,NS,2442
OG0003102,0.401630466584741,0.0758796087857577,Trip19,NS,566
OG0003111,-0.338250400189295,0.344198042469162,Trip19,NS,2455
OG0003112,0.847195186589395,0.0645437718001472,Trip19,NS,176
OG0003113,-0.0724827538015237,0.246179606017294,Trip19,NS,1728
OG0003122,0.169925001442312,0.57082275442693,Trip19,NS,1002
OG0003130,0.060800160042559503,0.0101583281814579,Trip19,NS,1314
OG0003137,0.669933835668961,0.201989786544275,Trip19,NS,284
OG0003143,0.899175630480513,2.447145801277e-4,Trip19,NS,160
OG0003144,0.0690146779151805,0.437832374397862,Trip19,NS,1283
OG0003168,0.3501874531925055,0.26532443789691,Trip19,NS,648
OG0003176,0.2864196169150185,0.268868655945581,Trip19,NS,776
OG0003178,0.03687036433323385,0.572322477462404,Trip19,NS,1393
OG0003183,-0.375197234747053,0.668108840941845,Trip19,NS,2532
OG0003189,-2.45798964446339,0.040492060679864,Trip19,DOWN,3614
OG0003231,-0.982790709967777,0.438732310541256,Trip19,NS,3369
OG0003245,-0.360304766600418,0.0312482988367731,Trip19,NS,2500
OG0003252,-0.905088352974533,0.054020007724715,Trip19,NS,3306
OG0003258,0.0313951962755343,0.786770611562832,Trip19,NS,1403
OG0003273,-0.395928676331139,0.26532443789691,Trip19,NS,2584
OG0003276,0.664482840364683,0.0362258150646566,Trip19,NS,291
OG0003277,-0.862496476250065,1.1850995430561e-4,Trip19,NS,3266
OG0003285,0.151858816727005,0.28780877137698,Trip19,NS,1053
OG0003287,-0.126580496565143,0.790508577233815,Trip19,NS,1878
OG0003289,-0.295128035543647,0.270900661797913,Trip19,NS,2341
OG0003294,0.147957881387101,0.73288861437602,Trip19,NS,1069
OG0003295,0.0271540515037266,0.434805504903337,Trip19,NS,1416
OG0003296,-0.103146927103293,0.306385114656546,Trip19,NS,1807
OG0003301,0.10701824988212,0.843811907072907,Trip19,NS,1172
OG0003307,-0.118726938570751,0.246179606017294,Trip19,NS,1847
OG0003310,0.18269229751619,0.500879166263976,Trip19,NS,973
OG0003319,0.057916149326282515,0.0788045710692413,Trip19,NS,1322
OG0003323,-0.77595972578207,0.0943110054478743,Trip19,NS,3187
OG0003325,-0.14642138825940598,0.586033974039394,Trip19,NS,1922
OG0003338,0.25845285552194897,0.230506834653777,Trip19,NS,821
OG0003353,0.308011314552178,0.324010913521405,Trip19,NS,740
OG0003359,0.390667685559667,0.311990121306198,Trip19,NS,582
OG0003364,-0.161653263478769,0.727660025628967,Trip19,NS,1974
OG0003369,-0.222632890549587,0.475615711191024,Trip19,NS,2141
OG0003372,-0.524915117051217,0.291374483107414,Trip19,NS,2818
OG0003382,0.2659459719325335,0.0100000651139744,Trip19,NS,806
OG0003395,0.070389327891398,0.804895593450674,Trip19,NS,1278
OG0003398,0.630405471482323,0.40594107914834,Trip19,NS,311
OG0003400,-1.09234017214671,0.0111305787977201,Trip19,DOWN,3442
OG0003405,0.0257375614136083,0.926484204240204,Trip19,NS,1419
OG0003409,-0.2167550945483065,0.114252349005605,Trip19,NS,2131
OG0003415,-0.465938397578882,0.371082520136374,Trip19,NS,2710
OG0003417,-1.24127043154214,3.3306648939706e-4,Trip19,DOWN,3515
OG0003421,1.308879151933698,0.0414793212252415,Trip19,UP,76
OG0003424,-0.833927324053294,0.391724590779672,Trip19,NS,3242
OG0003428,-0.783389931257558,0.0172279812827036,Trip19,NS,3196
OG0003436,0.569670566673359,0.00549150772803673,Trip19,NS,363
OG0003440,-0.0232697793228472,0.753962927670255,Trip19,NS,1574
OG0003442,-0.655171503002559,0.013583716872865,Trip19,NS,3026
OG0003448,-0.139235797371172,0.572019524316556,Trip19,NS,1904
OG0003457,-0.0394882898809755,0.746644584280697,Trip19,NS,1640
OG0003472,0.672651629328385,0.363170211067289,Trip19,NS,282
OG0003478,1.03139519627553,0.00700905780875302,Trip19,UP,129
OG0003484,0.37361420219720154,0.0423915058262012,Trip19,NS,608
OG0003486,-0.0513991525066443,0.912736648663965,Trip19,NS,1666
OG0003495,-0.219269963523624,0.318354415141347,Trip19,NS,2134
OG0003509,0.0172092900322231,0.576964552793227,Trip19,NS,1450
OG0003530,0.0243196791954129,0.716129199896119,Trip19,NS,1424
OG0003541,-0.369594528517677,0.0516758287522493,Trip19,NS,2526
OG0003555,-0.529072742524873,0.28780877137698,Trip19,NS,2828
OG0003574,-0.413115187147815,0.0159144060651649,Trip19,NS,2620
OG0003576,-1.608232280044,0.221341398978402,Trip19,NS,3582
OG0003590,-0.334607228958109,0.155342345018645,Trip19,NS,2449
OG0003604,0.191562650700756,0.85996563823808,Trip19,NS,956
OG0003608,-0.685013514531485,0.0380866701897167,Trip19,NS,3063
OG0003619,0.168642035558839,0.436571914943203,Trip19,NS,1006
OG0003638,0.951587794814754,0.401927730476622,Trip19,NS,144
OG0003640,-0.0350469470992008,0.309513104014929,Trip19,NS,1624
OG0003642,-0.244685095954902,0.817533769525395,Trip19,NS,2214
OG0003643,-0.753895990116083,0.0528225062421837,Trip19,NS,3159
OG0003648,0.471967787661516,0.267997896550482,Trip19,NS,472
OG0003649,0.05797006863733,0.723138382920247,Trip19,NS,1319
OG0003663,-1.200912693926,0.0542151927788181,Trip19,NS,3497
OG0003665,0.444667066841908,0.038585056620431,Trip19,NS,509
OG0003666,-0.763660460831626,0.11001716299851,Trip19,NS,3174
OG0003673,-1.03209362970985,0.0484644349163204,Trip19,DOWN,3409
OG0003675,-0.388355456626338,0.12206487128267,Trip19,NS,2560
OG0003681,-0.83650126771712,3.1995671739328e-4,Trip19,NS,3246
OG0003683,0.176322772640463,0.322410114518476,Trip19,NS,985
OG0003690,0.822118274729345,0.00168752108841712,Trip19,NS,194
OG0003692,-0.0724827538015237,0.383065776095807,Trip19,NS,1728
OG0003720,0.470927257475127,0.00516480526734386,Trip19,NS,474
OG0003728,0.637842060324105,0.0795126176395933,Trip19,NS,304
OG0003734,-0.375197234747053,0.476120825921992,Trip19,NS,2532
OG0003744,0.171206827418142,0.360170228598774,Trip19,NS,999
OG0003768,0.0593552776164212,0.857309806132948,Trip19,NS,1317
OG0003779,-0.215914857265243,0.286980095477321,Trip19,NS,2123
OG0003781,-0.340075441597622,0.0736874147818255,Trip19,NS,2459
OG0003785,-0.63710935733414,0.10305109606958,Trip19,NS,3002
OG0003792,0.711054321812066,0.00167985034355262,Trip19,NS,260
OG0003806,-0.3040061868901,0.105098372838427,Trip19,NS,2370
OG0003817,0.369355388136213,0.179631665429418,Trip19,NS,616
OG0003852,-1.23446525363702,0.0296095931177192,Trip19,DOWN,3512
OG0003866,-0.229382353343797,0.258810615313409,Trip19,NS,2168
OG0003867,0.0524158941511385,0.910611276515478,Trip19,NS,1334
OG0003871,0.04182930995739605,0.769204636919959,Trip19,NS,1371
OG0003875,-0.367731784500487,0.238659445427118,Trip19,NS,2522
OG0003878,-0.833927324053294,7.7153617174504e-4,Trip19,NS,3242
OG0003886,-0.446148031818874,0.190034722451463,Trip19,NS,2676
OG0003891,-0.5253647693121766,4.7993920492952e-4,Trip19,NS,2823
OG0003900,-0.207561069935362,0.173004357598179,Trip19,NS,2098
OG0003919,0.211635253327149,0.629582760687517,Trip19,NS,910
OG0003927,-1.01741705307741,0.0445863629117155,Trip19,DOWN,3400
OG0003931,0.367371065648529,0.407486097067847,Trip19,NS,619
OG0003957,0.0607391578576785,0.557140325029143,Trip19,NS,1315
OG0003958,0.337996463515016,0.322829724916562,Trip19,NS,668
OG0003960,-0.659722595233746,0.100144940384136,Trip19,NS,3031
OG0003967,-0.0724827538015237,0.972815355776914,Trip19,NS,1728
OG0003977,0.765534746362977,0.0304403064672645,Trip19,NS,226
OG0003993,0.0922074380970889,0.82369035723548,Trip19,NS,1213
OG0004004,-0.440263475567017,0.118170932431612,Trip19,NS,2664
OG0004009,0.792438930064638,7.3677966493859e-4,Trip19,NS,206
OG0004010,-0.7243369876815555,0.0509687170220873,Trip19,NS,3114
OG0004028,0.589763486984977,0.00818020434422364,Trip19,NS,340
OG0004034,0.063502942306158,0.910373600389386,Trip19,NS,1300
OG0004036,-0.237389510372049,0.00678527361711815,Trip19,NS,2194
OG0004038,-0.543719518489275,0.069014611093775,Trip19,NS,2855
OG0004051,0.119024103142275,0.851022251581141,Trip19,NS,1148
OG0004053,0.00719550140420377,0.853316755365532,Trip19,NS,1477
OG0004054,-0.2971399363093755,0.0226450197194869,Trip19,NS,2356
OG0004059,-0.6897818657392984,0.159133382515481,Trip19,NS,3070
OG0004074,-0.67116353577046,0.1006046193153,Trip19,NS,3051
OG0004079,0.10701824988212,0.92091717898724,Trip19,NS,1172
OG0004082,-0.161653263478769,0.128928888499372,Trip19,NS,1974
OG0004123,-0.248107861595691,0.29590726061563,Trip19,NS,2222
OG0004128,0.070389327891398,0.963208307011776,Trip19,NS,1278
OG0004136,0.465713319595964,0.00512675789264271,Trip19,NS,484
OG0004138,-0.132894270497345,0.143625487192357,Trip19,NS,1892
OG0004142,0.980390956061472,0.00628098502229044,Trip19,NS,140
OG0004144,-0.329159664118438,0.0193648576900107,Trip19,NS,2433
OG0004152,0.704871964456353,0.391932566658701,Trip19,NS,264
OG0004164,0.6027847772332885,2.5378149878185e-4,Trip19,NS,334
OG0004186,0.8467405794146715,0.00489564698797048,Trip19,NS,177
OG0004198,-0.67116353577046,0.048587762067939,Trip19,NS,3051
OG0004200,0.488515008957812,0.00447773569317778,Trip19,NS,455
OG0004201,-0.265344566520995,0.262534018089866,Trip19,NS,2275
OG0004208,-0.356605546520108,0.170616863124524,Trip19,NS,2492
OG0004212,0.0827025893302493,0.691301562005765,Trip19,NS,1243
OG0004214,-0.61705613043101,0.0333945371913652,Trip19,NS,2978
OG0004237,0.0440443327060212,0.868007906153487,Trip19,NS,1361
OG0004238,-0.036525876025114,0.313674120852142,Trip19,NS,1629
OG0004247,0.0717626693000913,0.826399750366414,Trip19,NS,1273
OG0004264,-0.171368418311981,0.657565332274902,Trip19,NS,2001
OG0004266,-0.118726938570751,0.581120911722727,Trip19,NS,1847
OG0004275,-0.22431729826094,0.358569306709063,Trip19,NS,2147
OG0004282,-1.06793882865658,0.0215332754278958,Trip19,DOWN,3429
OG0004286,-1.15521264992094,0.107594288304151,Trip19,NS,3475
OG0004302,-0.29689930039584,0.145758789031729,Trip19,NS,2346
OG0004308,0.441483479582645,0.277256955157998,Trip19,NS,510
OG0004310,-0.62816238266958,0.0308329417895298,Trip19,NS,2991
OG0004325,-0.77349147019132,0.160888275590455,Trip19,NS,3184
OG0004328,-0.0469210473874926,0.604336899405971,Trip19,NS,1651
OG0004346,0.206643223983395,0.554612487852385,Trip19,NS,918
OG0004350,-0.215914857265243,0.481685201522998,Trip19,NS,2123
OG0004385,1.00575926928868,8.65305248306432e-5,Trip19,UP,135
OG0004387,-0.42717040137772044,0.0937336948903199,Trip19,NS,2650
OG0004390,0.206643223983395,0.765792307343965,Trip19,NS,918
OG0004407,0.730313886293776,0.0159651814950021,Trip19,NS,253
OG0004415,-1.83650126771712,0.080679207215534,Trip19,NS,3600
OG0004426,0.573374526445944,0.066467639565699,Trip19,NS,361
OG0004433,-0.924125133024872,0.00168669726688667,Trip19,NS,3319
OG0004446,0.542010355536609,0.00773559035481758,Trip19,NS,390
OG0004447,0.0565835283663675,0.943738785203175,Trip19,NS,1324
OG0004455,-0.56277226108709,0.0226450197194869,Trip19,NS,2890
OG0004456,0.0229004021100788,0.550657005243446,Trip19,NS,1428
OG0004465,0.0100636833446975,0.770485441835338,Trip19,NS,1471
OG0004468,1.08610437124329,0.0171766489533907,Trip19,UP,117
OG0004474,-0.691988685447822,0.0325040670670297,Trip19,NS,3071
OG0004476,-0.270555993166337,0.147464650531757,Trip19,NS,2287
OG0004479,-0.803392955905182,0.0140241539121439,Trip19,NS,3211
OG0004483,-0.6151005920151345,0.00760222132406762,Trip19,NS,2977
OG0004495,-0.465938397578882,0.17138892942788,Trip19,NS,2710
OG0004509,-0.15521264992094,0.0919954016697298,Trip19,NS,1951
OG0004512,-0.852042118612899,0.0528799542033226,Trip19,NS,3260
OG0004529,-0.496142467422571,0.56970860239543,Trip19,NS,2767
OG0004533,-0.3040061868901,0.0333945371913652,Trip19,NS,2370
OG0004534,-0.293358942690592,0.0162983833245117,Trip19,NS,2339
OG0004538,0.00719550140420377,0.834104272077543,Trip19,NS,1477
OG0004548,-0.0877333719335504,0.487223039669474,Trip19,NS,1765
OG0004557,-0.254977850962736,0.0880834953449808,Trip19,NS,2244
OG0004561,-1.70839644196944,0.109359297619527,Trip19,NS,3591
OG0004562,0.045310206499231356,0.889918850433321,Trip19,NS,1359
OG0004564,-0.5307946182121065,9.3109832982287e-4,Trip19,NS,2834
OG0004572,0.416839741912829,0.799339839782636,Trip19,NS,547
OG0004576,-0.734563103950902,0.026116690965482,Trip19,NS,3129
OG0004579,0.574343753920013,0.95339183535738,Trip19,NS,360
OG0004593,0.707524790899608,0.0328737173661035,Trip19,NS,262
OG0004597,0.0373410829783242,0.598075752204929,Trip19,NS,1388
OG0004610,-0.452139038863337,0.0265764537762137,Trip19,NS,2691
OG0004627,-0.356605546520108,0.030727311797487,Trip19,NS,2492
OG0004642,0.185232254230161,0.438199582582501,Trip19,NS,965
OG0004652,0.405992359675837,0.343518399050593,Trip19,NS,562
OG0004654,-0.687334826441606,0.217663261880017,Trip19,NS,3066
OG0004662,-0.209227962138,0.592856812698946,Trip19,NS,2103
OG0004663,-0.1284915892036487,0.384399913330384,Trip19,NS,1887
OG0004664,-0.72499295250013,0.0396233772203047,Trip19,NS,3115
OG0004676,-0.0203404482841755,0.924884181949869,Trip19,NS,1559
OG0004678,-0.0424567992428948,0.329929999356761,Trip19,NS,1642
OG0004682,-0.13764780046798,0.406702354638966,Trip19,NS,1899
OG0004695,0.24705212583027975,0.271997884773177,Trip19,NS,846
OG0004698,-0.84684321193858,0.0479174298630873,Trip19,NS,3259
OG0004712,0.329984649758421,0.98408949379617,Trip19,NS,689
OG0004724,0.309176187478515,0.205980176935428,Trip19,NS,738
OG0004726,0.447843644362086,0.104550945765107,Trip19,NS,506
OG0004734,0.305678743242287,0.152528265989088,Trip19,NS,747
OG0004740,-0.365871442474959,0.0330904335433568,Trip19,NS,2515
OG0004743,-0.11310730531804888,0.31914720189914503,Trip19,NS,1833
OG0004747,0.00863030514344006,0.979430603859808,Trip19,NS,1475
OG0004773,1.41899946543127,0.030088731790783,Trip19,UP,58
OG0004774,0.491948272301148,0.0812849583552674,Trip19,NS,451
OG0004779,0.133563525741106,0.992671701281292,Trip19,NS,1111
OG0004781,-0.6627262862002226,7.1933989095881e-4,Trip19,NS,3041
OG0004798,0.142740172116082,0.441493200866856,Trip19,NS,1087
OG0004800,0.349921936519091,0.149579566630749,Trip19,NS,649
OG0004803,0.0813396274519388,0.898866136619337,Trip19,NS,1250
OG0004804,0.235114320376357,0.302579804924458,Trip19,NS,865
OG0004818,0.192825403552391,0.10450798877722,Trip19,NS,953
OG0004845,0.257010618206024,0.816994627182625,Trip19,NS,825
OG0004846,0.261831658752137,0.613475735166263,Trip19,NS,810
OG0004859,0.382943869568991,0.774902803730079,Trip19,NS,594
OG0004861,-0.277533975528909,0.305504689699954,Trip19,NS,2302
OG0004879,0.105678077894537,0.494833566010261,Trip19,NS,1178
OG0004896,0.926758531986465,2.7037342073849e-4,Trip19,NS,150
OG0004902,0.181420640280142,0.32493229321076,Trip19,NS,975
OG0004910,-0.370777925067788,0.0183498602072984,Trip19,NS,2529
OG0004924,0.0962618530584035,0.853073465939706,Trip19,NS,1204
OG0004932,1.94073056018486,0.0512796719814945,Trip19,NS,34
OG0004939,-0.766111939825723,0.291374483107414,Trip19,NS,3179
OG0004946,0.00719550140420377,0.49117540953607,Trip19,NS,1477
OG0004961,1.43722773891291,0.00668627361672644,Trip19,UP,57
OG0004962,-0.282789700980404,0.0110472640791237,Trip19,NS,2316
OG0004964,0.202887833470143,0.237122832221187,Trip19,NS,932
OG0004970,-0.396842178742925,0.285370905383767,Trip19,NS,2591
OG0004981,-0.590744853315162,0.97747701286392,Trip19,NS,2945
OG0004983,-0.101598140007807,0.512292304850503,Trip19,NS,1805
OG0004984,0.49467161164755,0.21311531426254,Trip19,NS,447
OG0004987,-0.25800829484971355,0.0612277508572448,Trip19,NS,2254
OG0004989,-0.894321922105463,0.926484204240204,Trip19,NS,3293
OG0004997,0.121678556588252,0.359033802588587,Trip19,NS,1140
OG0005002,0.432246613225573,0.456522486056057,Trip19,NS,527
OG0005008,-0.732164607902385,0.00333074538165932,Trip19,NS,3125
OG0005020,0.0551956542421246,0.354756890500045,Trip19,NS,1327
OG0005023,-0.33345110244546033,0.340106388333287,Trip19,NS,2448
OG0005032,-0.145605322246899,0.229121881270146,Trip19,NS,1919
OG0005033,-0.385415244364126,0.0355392115206493,Trip19,NS,2556
OG0005036,-0.12631231590403375,0.786770611562832,Trip19,NS,1877
OG0005037,0.0285691521967709,0.772552052572463,Trip19,NS,1414
OG0005050,-0.937878288092203,0.207930143898857,Trip19,NS,3332
OG0005058,1.23266075679027,0.0709173351482076,Trip19,NS,91
OG0005059,-0.537424111957796,0.0814935716527435,Trip19,NS,2846
OG0005061,-0.537424111957796,0.403409793082953,Trip19,NS,2846
OG0005063,0.0607391578576785,0.813085446708245,Trip19,NS,1315
OG0005072,0.417920007811965,0.398065515734445,Trip19,NS,545
OG0005084,-0.99136969485656,0.0998654703124615,Trip19,NS,3375
OG0005098,0,0.538937180697291,Trip19,NS,1499
OG0005102,0.16478627814334,0.337889483927646,Trip19,NS,1017
OG0005103,-0.0558912008920452,0.684492906538856,Trip19,NS,1679
OG0005104,-0.564904848379903,0.984798285292025,Trip19,NS,2898
OG0005107,-0.125006361067033,0.592856812698946,Trip19,NS,1870
OG0005120,-0.422752464406849,0.137658610194552,Trip19,NS,2645
OG0005133,-0.128156351490682,0.190034722451463,Trip19,NS,1883
OG0005144,-0.902389203373578,0.0309922934380459,Trip19,NS,3304
OG0005162,-0.734563103950902,0.103567402084833,Trip19,NS,3129
OG0005169,-0.267079617891743,0.682295300647463,Trip19,NS,2278
OG0005182,0.267835392097615,0.0397653234254448,Trip19,NS,797
OG0005187,-0.176250639691727,0.146539283997438,Trip19,NS,2012
OG0005192,0.12565110166152,0.706492478272324,Trip19,NS,1128
OG0005197,-0.0306192350583921,0.670840882634745,Trip19,NS,1606
OG0005199,-0.281035664240461,0.0331468928425609,Trip19,NS,2310
OG0005202,0.276198865032242,0.438199582582501,Trip19,NS,787
OG0005214,0.840765337323874,0.0221682453402243,Trip19,NS,181
OG0005216,-0.543719518489275,0.18040490781346,Trip19,NS,2855
OG0005220,-1.53115605702536,0.0104817642297652,Trip19,DOWN,3573
OG0005221,1.041555613465655,2.447145801277e-4,Trip19,UP,126
OG0005231,0.0538064436957938,0.931492854103218,Trip19,NS,1331
OG0005237,-0.601649629654035,0.00354387985324326,Trip19,NS,2958
OG0005240,0.482332020747376,0.0488995419043143,Trip19,NS,460
OG0005243,0.355461941444006,0.0633277029469168,Trip19,NS,640
OG0005248,-0.401634794676355,0.229121881270146,Trip19,NS,2599
OG0005250,0.495695162624069,0.0847270026591849,Trip19,NS,442
OG0005265,0.13224779829844,0.78097990627386,Trip19,NS,1115
OG0005269,-1.01741705307741,0.168412914817433,Trip19,NS,3400
OG0005277,0.689746438493556,0.0119459212826065,Trip19,NS,272
OG0005279,-0.330973234490369,0.0902130468311754,Trip19,NS,2439
OG0005287,-0.4201647421028005,0.0664015429689283,Trip19,NS,2637
OG0005290,-0.109358756036556,0.569229357030759,Trip19,NS,1823
OG0005315,-0.232768962976124,0.410249102357835,Trip19,NS,2179
OG0005322,0.0621217119077975,0.573514269608573,Trip19,NS,1305
OG0005326,0.00432160595009347,0.998698187863881,Trip19,NS,1486
OG0005335,-0.641603738043346,0.0216244396599758,Trip19,NS,3008
OG0005336,-0.118726938570751,0.715004205279015,Trip19,NS,1847
OG0005340,0.759581973233555,0.23927499096601,Trip19,NS,229
OG0005341,-0.11314696522795045,0.193730337895351,Trip19,NS,1835
OG0005343,-0.0755200076409777,0.477094407176935,Trip19,NS,1733
OG0005356,-0.0846703239869906,0.727544961983274,Trip19,NS,1758
OG0005361,-1.01449956969512,2.17161864098647e-5,Trip19,DOWN,3399
OG0005372,-0.1276404415881487,0.274111022319906,Trip19,NS,1882
OG0005374,-0.18746390356827095,0.572019524316556,Trip19,NS,2035
OG0005383,-0.241270431542137,0.420376531078831,Trip19,NS,2205
OG0005386,0.894526770257395,0.00823465236966611,Trip19,NS,161
OG0005389,0.00432160595009347,0.754172901068561,Trip19,NS,1486
OG0005402,1.59454854955035,0.043191103234137,Trip19,UP,47
OG0005403,-0.312939311660108,0.122020249008376,Trip19,NS,2396
OG0005405,-1.15521264992094,0.00994121675165762,Trip19,DOWN,3475
OG0005414,0.13224779829844,0.388591060677426,Trip19,NS,1115
OG0005420,-0.282789700980404,0.21311531426254,Trip19,NS,2316
OG0005423,0.3312130517249175,0.516000133263309,Trip19,NS,684
OG0005424,0.6332427646919719,0.0182133561101261,Trip19,NS,308
OG0005432,-0.24297675349254,0.388534816950819,Trip19,NS,2209
OG0005435,0.777367109450413,0.92264420750168,Trip19,NS,215
OG0005439,-0.564904848379903,0.152779382604913,Trip19,NS,2898
OG0005440,-0.205896101440252,0.358569306709063,Trip19,NS,2091
OG0005446,0.757876659747896,0.473531178292055,Trip19,NS,231
OG0005457,-0.531156057025363,0.0364631349844874,Trip19,NS,2835
OG0005460,0.141432790929296,0.817890767526738,Trip19,NS,1090
OG0005469,0.29225038221316174,0.337889483927646,Trip19,NS,765
OG0005482,-0.558516520417355,0.0350342705922342,Trip19,NS,2877
OG0005483,2.031158400367407,0.00205274776543307,Trip19,UP,30
OG0005488,-0.169744675832317,0.230832723205931,Trip19,NS,1996
OG0005506,-0.409278229990159,0.0902130468311754,Trip19,NS,2612
OG0005509,0.35945806412735054,0.0821538153259388,Trip19,NS,634
OG0005511,0.189033824390017,0.5059352313385,Trip19,NS,958
OG0005512,-0.32373259173411,0.128523286843942,Trip19,NS,2419
OG0005515,0.826134936813643,0.0110472640791237,Trip19,NS,192
OG0005531,0.306845500314283,0.112527876307021,Trip19,NS,744
OG0005537,1.28154989336664,0.195302766395816,Trip19,NS,82
OG0005543,-0.351074440546879,0.0447341960822432,Trip19,NS,2483
OG0005545,-2.885967313728012e-4,0.644552959384122,Trip19,NS,1505
OG0005547,-0.158429362604483,0.0891081848759079,Trip19,NS,1965
OG0005560,0.154453592679872,0.389219340389971,Trip19,NS,1047
OG0005567,0.818850560895434,0.0933656595963224,Trip19,NS,198
OG0005568,0.448900951145128,0.485456695696615,Trip19,NS,503
OG0005569,-0.00578235259400611,0.73288861437602,Trip19,NS,1525
OG0005571,-0.504304837375931,0.0164096847813567,Trip19,NS,2778
OG0005583,0.380729448503549,0.0959931529512864,Trip19,NS,597
OG0005584,0.0962618530584035,0.702791350004181,Trip19,NS,1204
OG0005593,-0.766111939825723,0.0897927890270444,Trip19,NS,3179
OG0005594,0.11503324294624,0.98988217770456,Trip19,NS,1159
OG0005595,-1.46593839757888,0.0203590277908829,Trip19,DOWN,3563
OG0005601,-0.08181169325977625,0.576870649059873,Trip19,NS,1754
OG0005619,-0.477944250839036,0.0159115748199293,Trip19,NS,2735
OG0005621,-0.696657605512669,0.0480768361779858,Trip19,NS,3077
OG0005632,-1.12029423371771,0.0959518280685591,Trip19,NS,3460
OG0005637,-0.158429362604483,0.480427459309043,Trip19,NS,1965
OG0005640,-0.0849047952277098,0.363072095933115,Trip19,NS,1761
OG0005642,0.141432790929296,0.85807965579248,Trip19,NS,1090
OG0005651,-0.365871442474959,0.352758857737414,Trip19,NS,2515
OG0005653,-0.210347160810599,0.132253216260127,Trip19,NS,2109
OG0005675,0.603121869839996,0.00617422830610039,Trip19,NS,332
OG0005681,-0.518701058452435,0.110739390188676,Trip19,NS,2804
OG0005689,0.178873958169795,0.477597511667863,Trip19,NS,980
OG0005690,0.376290383337052,0.101033395329325,Trip19,NS,605
OG0005702,0.36513259345253,0.394174088418956,Trip19,NS,620
OG0005710,1.89103026784092,4.6678315471192e-4,Trip19,UP,36
OG0005717,-0.0908029370083126,0.543324407786199,Trip19,NS,1776
OG0005725,-0.0306192350583921,0.609369772410279,Trip19,NS,1606
OG0005726,-0.302226180444814,0.226356112446065,Trip19,NS,2366
OG0005728,1.7578766597479,0.0102839183051838,Trip19,UP,40
OG0005757,0.2163487805409614,0.410249102357835,Trip19,NS,907
OG0005758,-0.00433459026389113,0.901054697465068,Trip19,NS,1516
OG0005769,0,0.888137490397284,Trip19,NS,1499
OG0005781,-0.1541846804336302,0.0370052463210584,Trip19,NS,1950
OG0005785,0.506906554580693,0.0961171088745854,Trip19,NS,428
OG0005788,-0.732164607902385,0.0333945371913652,Trip19,NS,3125
OG0005831,-0.10779658858168761,0.372048277651577,Trip19,NS,1817
OG0005832,-0.169744675832317,0.269449633847169,Trip19,NS,1996
OG0005836,-0.212567535483132,0.209275183368851,Trip19,NS,2114
OG0005848,-0.00288827932482651,0.649083025334578,Trip19,NS,1513
OG0005856,0.154453592679872,0.723275211603066,Trip19,NS,1047
OG0005862,0.15704371014558,0.977081727064045,Trip19,NS,1041
OG0005886,0.204140716780225,0.331950690881909,Trip19,NS,926
OG0005888,-0.547931769776189,0.0200945391142115,Trip19,NS,2862
OG0005892,-0.362157939675895,0.450192027920645,Trip19,NS,2506
OG0005895,0.319617934200161,0.389010984223036,Trip19,NS,720
OG0005930,-0.529072742524873,0.071988869610251,Trip19,NS,2828
OG0005935,-0.3196481859104415,0.11545549149047,Trip19,NS,2407
OG0005939,-0.272297327162762,0.0335949787337917,Trip19,NS,2293
OG0005940,0.267835392097615,0.381530314352674,Trip19,NS,797
OG0005943,-0.0499049058263139,0.905288829063235,Trip19,NS,1657
OG0005949,-0.31114825613412,0.260446225093303,Trip19,NS,2390
OG0005961,0.704871964456353,0.0614629878770772,Trip19,NS,264
OG0005962,0.14214690169240024,0.823275527626681,Trip19,NS,1089
OG0005964,-0.117161344232749,0.364252561152841,Trip19,NS,1840
OG0005980,-1.2446850959549,4.7993920492952e-4,Trip19,DOWN,3517
OG0005984,0.146655222119465,0.456522486056057,Trip19,NS,1074
OG0005985,0.284514133244245,0.0703945485676993,Trip19,NS,777
OG0005987,0.05161519662654675,0.866217907672754,Trip19,NS,1339
OG0005989,-0.298672742587059,0.0984888238679026,Trip19,NS,2358
OG0005992,-0.236163541109049,0.18137620472155,Trip19,NS,2191
OG0005993,-0.0484122051852459,0.822690470443791,Trip19,NS,1653
OG0006003,-0.0276749584428483,0.674557307547032,Trip19,NS,1588
OG0006024,0.666302128173095,0.039983763232986,Trip19,NS,287
OG0006032,0.0621217119077975,0.851958345994607,Trip19,NS,1305
OG0006042,-0.446148031818874,0.105471759215664,Trip19,NS,2676
OG0006047,-0.148800661406706,0.731977925582403,Trip19,NS,1929
OG0006052,0.204140716780225,0.834728914955402,Trip19,NS,926
OG0006053,0.0496307677246004,0.339634128980536,Trip19,NS,1346
OG0006058,0.140124223909071,0.50314664494985,Trip19,NS,1096
OG0006069,-1.72737954533701,0.0779426933822578,Trip19,NS,3592
OG0006072,-0.260151897300673,0.481776579998076,Trip19,NS,2259
OG0006086,0.1980885146658828,0.0040961525344827,Trip19,NS,941
OG0006090,1.23878685958712,0.0103231554886008,Trip19,UP,88
OG0006092,-0.134477040860036,0.724402087111684,Trip19,NS,1896
OG0006112,-0.469929257774916,0.130364111601389,Trip19,NS,2722
OG0006114,0.177598929327733,0.0408994024948758,Trip19,NS,983
OG0006120,0.767231037023876,0.0224524205084557,Trip19,NS,223
OG0006122,0.553851968181126,0.00633808955693037,Trip19,NS,378
OG0006128,-0.0484122051852459,0.547732095159606,Trip19,NS,1653
OG0006151,-1.200912693926,0.00101090484011051,Trip19,DOWN,3497
OG0006158,-0.281035664240461,0.00700905780875302,Trip19,NS,2310
OG0006161,-0.373327247394007,0.930811556616117,Trip19,NS,2530
OG0006167,-0.67116353577046,0.00825312506641786,Trip19,NS,3051
OG0006169,-0.120294233717712,0.627385281130051,Trip19,NS,1853
OG0006172,-0.619270551496451,0.118342044747956,Trip19,NS,2979
OG0006177,-2.01741705307741,0.00700905780875302,Trip19,DOWN,3606
OG0006181,-0.263101349989948,0.167173612046133,Trip19,NS,2273
OG0006185,0.0243196791954129,0.559987771022887,Trip19,NS,1424
OG0006189,0.569491091958716,0.068627171336456,Trip19,NS,364
OG0006196,-1.1977024226741348,0.00655262911591938,Trip19,DOWN,3496
OG0006202,-1.46593839757888,0.00464529758173203,Trip19,DOWN,3563
OG0006204,-0.3859816348675865,0.123973933305322,Trip19,NS,2558
OG0006210,-0.18370767853308076,0.161771218162006,Trip19,NS,2026
OG0006221,-0.380210549109702,0.16476836317937,Trip19,NS,2547
OG0006235,-0.347398782403481,0.111889470932674,Trip19,NS,2474
OG0006237,0.6651102443697066,0.0277841797346979,Trip19,NS,290
OG0006247,0.632268215499513,0.141743266346918,Trip19,NS,310
OG0006251,-0.277533975528909,0.0438960219423556,Trip19,NS,2302
OG0006254,0.178873958169795,0.31914720189914503,Trip19,NS,980
OG0006255,-0.659722595233746,0.0444926077268039,Trip19,NS,3031
OG0006281,0.14535138557262,0.432322355544842,Trip19,NS,1078
OG0006288,3.69231559916945,7.3677966493859e-4,Trip19,UP,3
OG0006303,-1.45008444637804,0.158362675927,Trip19,NS,3561
OG0006306,-0.0232697793228472,0.682295300647463,Trip19,NS,1574
OG0006309,0.648925559453121,0.220864579862192,Trip19,NS,298
OG0006312,-0.715485866755755,0.0676326372515079,Trip19,NS,3100
OG0006318,0.209141397838592,0.280430601530644,Trip19,NS,914
OG0006321,0.16478627814334,0.248445118027163,Trip19,NS,1017
OG0006323,0.121678556588252,0.473972621829025,Trip19,NS,1140
OG0006327,0.36513259345253,0.263639377525288,Trip19,NS,620
OG0006328,-0.26361159929654,0.438199582582501,Trip19,NS,2274
OG0006330,-0.120294233717712,0.99204001255029,Trip19,NS,1853
OG0006332,0.47332051987711055,0.0371649444760147,Trip19,NS,471
OG0006333,0.3928669162308,0.442490821996073,Trip19,NS,579
OG0006349,0.175045486110914,0.220714345619582,Trip19,NS,987
OG0006390,-0.821126041830205,0.0377501206693287,Trip19,NS,3226
OG0006392,-0.753895990116083,0.0149943483356484,Trip19,NS,3159
OG0006393,-0.504304837375931,0.0800486031782458,Trip19,NS,2778
OG0006409,0.351451091226039,0.0940702607915915,Trip19,NS,645
OG0006417,-0.477944250839036,0.0685770163485955,Trip19,NS,2735
OG0006431,-0.0291463456595165,0.38338136571354,Trip19,NS,1595
OG0006442,0.037030730944967,0.782620366149263,Trip19,NS,1389
OG0006443,0.751892138404309,0.295324551320775,Trip19,NS,238
OG0006455,-0.41119543298445,0.180787512423592,Trip19,NS,2615
OG0006456,-0.504304837375931,0.196078470041134,Trip19,NS,2778
OG0006462,0.185232254230161,0.394079410424272,Trip19,NS,965
OG0006466,0.0922074380970889,0.493125002249617,Trip19,NS,1213
OG0006472,-0.373327247394007,0.0169781595076915,Trip19,NS,2530
OG0006479,0.05797006863733,0.335821497568671,Trip19,NS,1319
OG0006487,-0.07721683820615244,0.703215445371284,Trip19,NS,1739
OG0006489,-0.486004020632987,0.0632831219700296,Trip19,NS,2752
OG0006495,0.326537348139952,0.721793357843476,Trip19,NS,700
OG0006500,-0.153688204387621,0.273071256936372,Trip19,NS,1948
OG0006512,-0.189351252217354,0.183251132639475,Trip19,NS,2038
OG0006514,-0.0709665213541436,0.920126127077465,Trip19,NS,1725
OG0006520,0.6301179352641765,0.230832723205931,Trip19,NS,314
OG0006523,-0.902389203373578,0.00104613225173375,Trip19,NS,3304
OG0006527,0.0100636833446975,0.892199034884318,Trip19,NS,1471
OG0006537,-0.227692025041597,0.228714376367954,Trip19,NS,2161
OG0006550,-0.226003674888827,0.0695152743014982,Trip19,NS,2153
OG0006554,-0.41888982477445,0.0829945690017661,Trip19,NS,2631
OG0006564,0.0935601761623378,0.614747654362689,Trip19,NS,1209
OG0006566,0.20613604477490055,0.248579830300984,Trip19,NS,925
OG0006606,-0.248107861595691,0.630711645036161,Trip19,NS,2222
OG0006618,-0.215914857265243,0.0528791623342992,Trip19,NS,2123
OG0006624,0.0662614422687213,0.926569429292289,Trip19,NS,1289
OG0006631,-0.465938397578882,0.0132277530097871,Trip19,NS,2710
OG0006633,-0.514573172829758,0.0560008521000583,Trip19,NS,2800
OG0006635,0.531069492725954,0.640174394789172,Trip19,NS,402
OG0006639,0.102993993323326,0.950761006085595,Trip19,NS,1190
OG0006640,0.1053484113253869,0.607479774210363,Trip19,NS,1183
OG0006647,-0.526992432083826,0.245968650513342,Trip19,NS,2824
OG0006657,0.944858445807539,0.492805565977449,Trip19,NS,147
OG0006661,-0.490050853695689,0.00516480526734386,Trip19,NS,2758
OG0006667,-0.375197234747053,0.333851710702698,Trip19,NS,2532
OG0006673,-0.147202107181229,0.937381246801419,Trip19,NS,1923
OG0006679,-0.7889696358482545,7.7153617174504e-4,Trip19,NS,3201
OG0006690,-0.22797792408748252,0.448618742272533,Trip19,NS,2167
OG0006694,-0.231074664436249,0.57423972446734906,Trip19,NS,2172
OG0006745,-0.0846703239869906,0.617979252232321,Trip19,NS,1758
OG0006746,0.553353720435663,0.066940654012229,Trip19,NS,381
OG0006758,0.0976107966264223,0.318560150504387,Trip19,NS,1201
OG0006761,-0.156820109742826,0.329922775939454,Trip19,NS,1956
OG0006764,-0.520769438793664,0.31304629685720903,Trip19,NS,2811
OG0006766,-0.0634091701760615,0.67957689356096,Trip19,NS,1701
OG0006770,0.105678077894537,0.477597511667863,Trip19,NS,1178
OG0006773,-0.0664273617389761,0.893221111736588,Trip19,NS,1711
OG0006778,-0.3008029229734645,0.00763743657910662,Trip19,NS,2365
OG0006779,-0.37894449670026,0.085119144788015,Trip19,NS,2543
OG0006787,-0.251538766995964,0.925155763642376,Trip19,NS,2232
OG0006790,0.0482361856528476,0.859304480445651,Trip19,NS,1349
OG0006795,0.265371988008462,0.181114415300754,Trip19,NS,807
OG0006796,-0.120294233717712,0.817698831719941,Trip19,NS,1853
OG0006812,0.0648828515848544,0.447308394241139,Trip19,NS,1294
OG0006815,-0.9357925847841639,0.00202017724442248,Trip19,NS,3331
OG0006818,-0.121863233373052,0.339698284645961,Trip19,NS,1861
OG0006830,0.263034405833794,0.21311531426254,Trip19,NS,808
OG0006846,-0.215914857265243,0.387915658324522,Trip19,NS,2123
OG0006856,-0.362157939675895,0.0579604320876875,Trip19,NS,2506
OG0006862,-0.2772574126437875,0.0394312790120467,Trip19,NS,2301
OG0006863,0.758729568457863,0.0509687170220873,Trip19,NS,230
OG0006869,-1.45403163089471,0.0679754423083741,Trip19,NS,3562
OG0006870,0.0976107966264223,0.957123697667127,Trip19,NS,1201
OG0006872,-0.248107861595691,0.250877503327183,Trip19,NS,2222
OG0006873,-0.38975081866577854,0.31976899308646,Trip19,NS,2569
OG0006889,-0.380821783940931,0.16414954223885,Trip19,NS,2548
OG0006891,-0.32373259173411,0.566808079181134,Trip19,NS,2419
OG0006893,-0.0664273617389761,0.980155363135776,Trip19,NS,1711
OG0006899,0.00719550140420377,0.811874822350882,Trip19,NS,1477
OG0006902,-1.24127043154214,0.00308994981698797,Trip19,DOWN,3515
OG0006913,-0.246395463720005,0.368421158744542,Trip19,NS,2220
OG0006918,-0.758769964484555,0.0286072445342803,Trip19,NS,3166
OG0006925,0.465713319595964,0.365726527637934,Trip19,NS,484
OG0006927,2.12928301694497,0.406702354638966,Trip19,NS,28
OG0006941,1.30100225603281,0.0670817875216329,Trip19,NS,77
OG0006943,-0.205896101440252,0.634757840636125,Trip19,NS,2091
OG0006946,-0.199255376063222,0.239778857468213,Trip19,NS,2076
OG0006954,0.104336659814736,0.714138827709659,Trip19,NS,1185
OG0006955,-0.0320936297098533,0.853549992665621,Trip19,NS,1613
OG0006970,-0.891642821909581,0.0541473788626853,Trip19,NS,3290
OG0006972,0.609754962172443,0.258272497020843,Trip19,NS,324
OG0006987,0.0867837661420666,0.56397058364631,Trip19,NS,1232
OG0006988,-0.209227962138,0.276676968217253,Trip19,NS,2103
OG0006990,-0.08968789295950101,0.130147567983577,Trip19,NS,1775
OG0006998,-0.7956440694852855,0.038390485369846,Trip19,NS,3203
OG0007000,0.505890929729957,0.070678123601852,Trip19,NS,429
OG0007004,0.337996463515016,0.291374483107414,Trip19,NS,668
OG0007016,0.292781749227846,0.56339455319723,Trip19,NS,763
OG0007017,0.255802836602718,0.434710031752471,Trip19,NS,827
OG0007027,0.944858445807539,0.043444627960055,Trip19,NS,147
OG0007031,0.845590408847855,0.00110405223577678,Trip19,NS,178
OG0007038,0.0114956388378294,0.971569931543906,Trip19,NS,1469
OG0007041,0.325386414659773,0.291723525906957,Trip19,NS,704
OG0007042,-0.214240225572989,0.286242080537852,Trip19,NS,2120
OG0007054,0.1250775681247738,0.519229094365342,Trip19,NS,1133
OG0007056,-0.45205668870965,0.241856923222558,Trip19,NS,2688
OG0007058,-0.685013514531485,0.255220357896779,Trip19,NS,3063
OG0007064,-0.156820109742826,0.922532364766792,Trip19,NS,1956
OG0007066,0.331131922217202,0.221125940943983,Trip19,NS,685
OG0007076,0.382943869568991,0.226660133043539,Trip19,NS,594
OG0007082,0.962734090595803,7.3677966493859e-4,Trip19,NS,142
OG0007092,0.335711910320462,0.210461707654188,Trip19,NS,674
OG0007098,0.249748715083569,0.40511106040051,Trip19,NS,837
OG0007099,0.415758666522498,0.7435303727649,Trip19,NS,548
OG0007101,-0.4153915273241935,0.0224270199742644,Trip19,NS,2625
OG0007103,-0.340075441597622,0.148414480899991,Trip19,NS,2459
OG0007104,-1.05289494843213,0.0357068744514453,Trip19,DOWN,3423
OG0007107,0.539034702970754,0.38752615232462,Trip19,NS,397
OG0007108,-0.0543922968186278,0.463376013946737,Trip19,NS,1676
OG0007112,-0.1560271261636585,0.1981675772026,Trip19,NS,1955
OG0007114,0.288063200325316,0.28628276558968,Trip19,NS,773
OG0007115,0.424384671538097,0.0135295664528591,Trip19,NS,539
OG0007122,0.150454285747457,0.370240329150055,Trip19,NS,1062
OG0007126,0.0538064436957938,0.784556037856227,Trip19,NS,1331
OG0007144,1.39231742277876,0.404790036602379,Trip19,NS,62
OG0007154,-0.13059446851484174,0.152812228179292,Trip19,NS,1891
OG0007170,0.766383141001298,0.0425583776222937,Trip19,NS,225
OG0007172,-1.03209362970985,0.0137004449226945,Trip19,DOWN,3409
OG0007175,-1.12029423371771,0.352752094551163,Trip19,NS,3460
OG0007182,-0.189351252217354,0.766734251554657,Trip19,NS,2038
OG0007188,-0.929610672108602,0.00280725371885798,Trip19,NS,3325
OG0007205,-0.195946441032647,0.461818050544471,Trip19,NS,2064
OG0007208,-0.595096877854869,0.581146392211592,Trip19,NS,2952
OG0007210,-0.320125852253377,0.0550107782167699,Trip19,NS,2408
OG0007213,0.0524158941511385,0.898866136619337,Trip19,NS,1334
OG0007218,0.101650076094435,0.710123010660201,Trip19,NS,1193
OG0007221,-0.226003674888827,0.393871774156818,Trip19,NS,2153
OG0007223,-0.390245037827557,0.463993766677273,Trip19,NS,2570
OG0007234,0.1674683124966065,0.113084693602636,Trip19,NS,1011
OG0007236,0.0313951962755343,0.825655643336872,Trip19,NS,1403
OG0007238,-0.295128035543647,0.292569156553822,Trip19,NS,2341
OG0007241,0.0621217119077975,0.567154521453076,Trip19,NS,1305
OG0007244,0.0214797274104514,0.636840884072512,Trip19,NS,1435
OG0007246,-0.514573172829758,0.0577277063594754,Trip19,NS,2800
OG0007249,-0.753895990116083,0.0933656595963224,Trip19,NS,3159
OG0007251,-0.12208960789083209,0.417089178619019,Trip19,NS,1864
OG0007255,0.308011314552178,0.411365727101929,Trip19,NS,740
OG0007264,-0.38914929447483004,0.063400394009165,Trip19,NS,2567
OG0007266,-0.0709665213541436,0.452749800561976,Trip19,NS,1725
OG0007269,0.0786098346963665,0.98408949379617,Trip19,NS,1259
OG0007272,-0.662003536484984,0.0174694089197057,Trip19,NS,3035
OG0007274,-1.2827897009804,0.0806980234622553,Trip19,NS,3525
OG0007278,0.112366523072563,0.56633129689582,Trip19,NS,1163
OG0007280,-0.550042516371997,0.572329478222121,Trip19,NS,2864
OG0007282,0.034215715337913,0.440744189167227,Trip19,NS,1397
OG0007283,0.141432790929296,0.5059352313385,Trip19,NS,1090
OG0007301,0.190298791626595,0.291540225825843,Trip19,NS,957
OG0007302,-0.349235440883098,0.373417939172216,Trip19,NS,2479
OG0007307,-0.526992432083826,0.0325040670670297,Trip19,NS,2824
OG0007311,-0.260151897300673,0.521849129575429,Trip19,NS,2259
OG0007321,0.412510571249805,0.129207978856683,Trip19,NS,554
OG0007331,-0.8933232482072835,0.152612872305682,Trip19,NS,3292
OG0007333,-0.473931188332412,0.16439049020837,Trip19,NS,2729
OG0007353,0.0827025893302493,0.753048541789389,Trip19,NS,1243
OG0007365,0.169925001442312,0.304783352696005,Trip19,NS,1002
OG0007367,0.3443336839150869,0.00713934858873154,Trip19,NS,657
OG0007371,0.018634174139051,0.995734312704925,Trip19,NS,1443
OG0007373,-0.307572801910292,0.470340652931242,Trip19,NS,2383
OG0007374,-0.132894270497345,0.419022281518333,Trip19,NS,1892
OG0007375,-0.248107861595691,0.20849670151985,Trip19,NS,2222
OG0007381,0.314986485468515,0.726490447900657,Trip19,NS,728
OG0007384,-0.321928094887362,0.0278381411331496,Trip19,NS,2415
OG0007385,-0.00433459026389113,0.973862038857488,Trip19,NS,1516
OG0007386,-0.205896101440252,0.204451293365706,Trip19,NS,2091
OG0007389,-0.951763814347152,0.0471961787817186,Trip19,NS,3343
OG0007391,-1.29689930039584,0.0509687170220873,Trip19,NS,3527
OG0007393,-0.550042516371997,0.080227501746254,Trip19,NS,2864
OG0007400,-0.592919224549499,0.100471127176342,Trip19,NS,2947
OG0007403,-0.666576266274808,0.00544060817307469,Trip19,NS,3045
OG0007412,-0.946193556304206,0.0382265436842555,Trip19,NS,3339
OG0007419,-0.31114825613412,0.196583449724242,Trip19,NS,2390
OG0007431,-0.197599959885161,0.465330639732185,Trip19,NS,2068
OG0007435,-0.00956179811028135,0.409564467379715,Trip19,NS,1536
OG0007457,-0.899695094204314,0.0339920620273937,Trip19,NS,3302
OG0007458,0.11503324294624,0.434805504903337,Trip19,NS,1159
OG0007465,-0.0785636691937021,0.701787811097802,Trip19,NS,1741
OG0007467,-0.0528949484321255,0.26559535381236,Trip19,NS,1670
OG0007473,0.15704371014558,0.546838193391637,Trip19,NS,1041
OG0007478,-0.288064643021078,0.380607322995312,Trip19,NS,2329
OG0007482,-0.606034724339757,0.0258314423465259,Trip19,NS,2963
OG0007483,0.2501970832078975,0.284708773113296,Trip19,NS,836
OG0007490,0.359521170427595,0.564020105181463,Trip19,NS,633
OG0007491,-0.0022193903144140104,0.364075141685881,Trip19,NS,1511
OG0007495,-0.109358756036556,0.744985686369107,Trip19,NS,1823
OG0007497,0.261831658752137,0.28780877137698,Trip19,NS,810
OG0007498,-0.3246699112206335,0.0310991741001106,Trip19,NS,2425
OG0007499,-0.399730246490995,0.0292398932702587,Trip19,NS,2595
OG0007510,0.144046369616707,0.337243140097226,Trip19,NS,1081
OG0007520,1.11835972595306,0.0360126886590217,Trip19,UP,110
OG0007534,-0.00433459026389113,0.489078546834532,Trip19,NS,1516
OG0007539,0.189033824390017,0.280430601530644,Trip19,NS,958
OG0007550,-2.01741705307741,0.0640792066321475,Trip19,NS,3606
OG0007563,-0.347398782403481,0.610534272066969,Trip19,NS,2474
OG0007580,-0.6282726759761833,7.3677966493859e-4,Trip19,NS,2993
OG0007583,0.284514133244245,0.264568672993092,Trip19,NS,777
OG0007585,-0.298672742587059,0.562643008017715,Trip19,NS,2358
OG0007589,0.039110892491582054,0.303415113848375,Trip19,NS,1384
OG0007613,-0.582079992188035,8.65305248306432e-5,Trip19,NS,2926
OG0007627,0.20633549110794502,0.0821530699755225,Trip19,NS,924
OG0007637,-0.163267919540864,0.491910735838657,Trip19,NS,1980
OG0007638,0.792438930064638,0.00477041250628842,Trip19,NS,206
OG0007656,-0.659722595233746,0.0126498750452356,Trip19,NS,3031
OG0007660,-0.954557029238833,0.0111661616807946,Trip19,NS,3348
OG0007661,0.504874589398464,0.407306001357094,Trip19,NS,430
OG0007663,-0.0558912008920452,0.472065670208366,Trip19,NS,1679
OG0007666,-1.0086822430998,0.0280309167904502,Trip19,DOWN,3390
OG0007677,0.390667685559667,0.292569156553822,Trip19,NS,582
OG0007678,-0.753895990116083,0.0693369754930505,Trip19,NS,3159
OG0007687,-0.98850436116217,0.0625090716214536,Trip19,NS,3372
OG0007694,0.959028218943694,0.42550020190771,Trip19,NS,143
OG0007696,-1.30044836747691,0.0427391249048504,Trip19,DOWN,3528
OG0007711,0.16349873228288,0.337889483927646,Trip19,NS,1022
OG0007712,-0.910501849160897,0.0668528134031249,Trip19,NS,3311
OG0007713,0.404903122145131,0.0511154260659785,Trip19,NS,564
OG0007725,-0.318325858207167,0.620923504632098,Trip19,NS,2404
OG0007730,0.0676387168753633,0.903126723410449,Trip19,NS,1287
OG0007731,-0.948975996975533,0.0579171109627471,Trip19,NS,3342
OG0007733,1.18205660901025,0.85404663911635,Trip19,NS,100
OG0007734,0.238786859587116,0.1094654163646,Trip19,NS,859
OG0007741,-0.311561438496029,0.0275307175785445,Trip19,NS,2395
OG0007753,-0.22271539683259317,0.424715665503802,Trip19,NS,2146
OG0007755,-0.386468347082073,0.559908706605969,Trip19,NS,2559
OG0007761,-0.139235797371172,0.853316755365532,Trip19,NS,1904
OG0007765,-0.123433941248279,0.894967682537724,Trip19,NS,1865
OG0007782,1.2382530597545451,0.19443368352069,Trip19,NS,89
OG0007788,-0.1031877076963698,0.176545140235099,Trip19,NS,1809
OG0007794,0.630405471482323,0.0202840037883054,Trip19,NS,311
OG0007798,0.175045486110914,0.636483501632301,Trip19,NS,987
OG0007807,-0.0543922968186278,0.902094510533089,Trip19,NS,1676
OG0007830,0.026151600468796648,0.896774887720454,Trip19,NS,1418
OG0007832,0.600269753509005,0.772365548679349,Trip19,NS,335
OG0007838,-0.220950447162541,0.543324407786199,Trip19,NS,2137
OG0007842,0.270676136557067,0.300950885087189,Trip19,NS,795
OG0007851,-0.204233052217608,0.199467430008441,Trip19,NS,2084
OG0007854,-0.045431429247006,0.304783352696005,Trip19,NS,1646
OG0007863,0.149259365499623,0.0880773485659011,Trip19,NS,1066
OG0007868,-0.232768962976124,0.485456695696615,Trip19,NS,2179
OG0007874,-1.27578631324264,0.00255138796626261,Trip19,DOWN,3524
OG0007876,-1.2584251525812,0.00719298060076368,Trip19,DOWN,3522
OG0007895,-0.236163541109049,0.391838322661793,Trip19,NS,2191
OG0007897,-0.204233052217608,0.53980680259855,Trip19,NS,2084
OG0007908,0.0565835283663675,0.782620366149263,Trip19,NS,1324
OG0007920,-1.08008791132269,0.0182133561101261,Trip19,DOWN,3437
OG0007921,0.0229004021100788,0.753169499115507,Trip19,NS,1428
OG0007927,-0.0634091701760615,0.642272677274778,Trip19,NS,1701
OG0007931,-0.321928094887362,0.0740949292172307,Trip19,NS,2415
OG0007950,-0.481968507397831,0.170856296480386,Trip19,NS,2739
OG0007954,0.0758748669751276,0.836397598716507,Trip19,NS,1266
OG0007957,-0.26292684651096915,0.561310062850749,Trip19,NS,2272
OG0007968,-0.520769438793664,0.38752615232462,Trip19,NS,2811
OG0007981,0.326537348139952,0.308036182848063,Trip19,NS,700
OG0007982,0.4240761943209308,0.00707896366121771,Trip19,NS,541
OG0008032,-0.293358942690592,0.261433086815317,Trip19,NS,2339
OG0008035,0.8518719600993625,0.0959518280685591,Trip19,NS,173
OG0008058,-0.646112163715093,0.0998654703124615,Trip19,NS,3011
OG0008068,-1.35845397091248,0.0525643056778434,Trip19,NS,3545
OG0008074,0.242450073677701,0.840696889986881,Trip19,NS,854
OG0008077,0.298658315564515,0.732456881304987,Trip19,NS,755
OG0008080,0.1493543751816136,0.419165262743159,Trip19,NS,1065
OG0008087,-0.364013496254377,0.0525986800272034,Trip19,NS,2511
OG0008092,1.51601514700366,0.0339392107831882,Trip19,UP,50
OG0008093,0.828631581688019,0.0174694089197057,Trip19,NS,190
OG0008096,0.0398402645317911,0.49117540953607,Trip19,NS,1378
OG0008100,-0.140825544133565,0.148265942903362,Trip19,NS,1910
OG0008104,-0.518701058452435,0.0615178243528473,Trip19,NS,2804
OG0008110,-0.125006361067033,0.282632756877281,Trip19,NS,1870
OG0008111,-0.793356776016605,0.192427674515606,Trip19,NS,3202
OG0008114,-0.6145440469313308,0.0481012883846429,Trip19,NS,2973
OG0008128,-0.496142467422571,0.107040176033594,Trip19,NS,2767
OG0008131,-0.0218043703183484,0.43773104725869,Trip19,NS,1566
OG0008132,1.60169651648096,3.1995671739328e-4,Trip19,UP,45
OG0008133,-1.58640591759082,2.2962778700067e-4,Trip19,DOWN,3580
OG0008143,0.0799753767205959,0.993736092700882,Trip19,NS,1253
OG0008147,-0.795859283219775,0.0406254427925816,Trip19,NS,3204
OG0008148,0.341416524478722,0.599777413728774,Trip19,NS,660
OG0008149,-0.150400988848548,0.87986130998061,Trip19,NS,1934
OG0008153,-0.347398782403481,0.549768676386573,Trip19,NS,2474
OG0008158,-0.921390165303633,0.0235565243367288,Trip19,NS,3315
OG0008163,-0.907792561902911,7.3677966493859e-4,Trip19,NS,3309
OG0008195,-0.86775220170156,1.2689838214583e-4,Trip19,NS,3270
OG0008210,1.0962618530584,0.0455914432384319,Trip19,UP,114
OG0008214,0.461528559472877,0.173966857209119,Trip19,NS,492
OG0008221,0.507921464957328,0.241856923222558,Trip19,NS,426
OG0008235,-0.701341684435485,0.0101851065863427,Trip19,NS,3080
OG0008253,0.088212453363575,0.685530344379212,Trip19,NS,1226
OG0008256,0.5538399178616665,0.0819590055359324,Trip19,NS,380
OG0008270,-0.935117148415146,0.215991574090559,Trip19,NS,3327
OG0008275,-0.321928094887362,0.452240987876892,Trip19,NS,2415
OG0008278,0.390667685559667,0.127312495128569,Trip19,NS,582
OG0008281,0.735522177296537,0.0775739502710737,Trip19,NS,250
OG0008292,-0.305788392232109,0.373417939172216,Trip19,NS,2377
OG0008293,-0.120758861580811,0.299963404726641,Trip19,NS,1860
OG0008336,0.0621217119077975,0.548413650866473,Trip19,NS,1305
OG0008337,-0.110915901401851,0.463529706805954,Trip19,NS,1826
OG0008353,0.219091058246197,0.618911432028095,Trip19,NS,895
OG0008355,-1.2827897009804,0.0382534656162628,Trip19,DOWN,3525
OG0008357,-0.184424571137427,0.605629771562784,Trip19,NS,2027
OG0008360,-0.951763814347152,0.0167574458620987,Trip19,NS,3343
OG0008366,-0.15550253385128499,0.21634773699609,Trip19,NS,1954
OG0008368,-1.35845397091248,0.205559591771408,Trip19,NS,3545
OG0008377,-0.83650126771712,0.0523997663706118,Trip19,NS,3246
OG0008380,0.935082523318661,0.0371649444760147,Trip19,NS,149
OG0008386,0.323081789503733,0.136143458189248,Trip19,NS,713
OG0008390,0.58207422139633,0.122020249008376,Trip19,NS,347
OG0008426,0.00288250853312136,0.786770611562832,Trip19,NS,1490
OG0008435,-0.729770092762002,0.00115344995669164,Trip19,NS,3118
OG0008440,0.379620962055708,0.261249288893026,Trip19,NS,598
OG0008446,-0.256700472111743,0.961534406232858,Trip19,NS,2250
OG0008453,-0.426625473554056,0.0715467152743554,Trip19,NS,2647
OG0008455,-0.239566125329888,0.237311214003343,Trip19,NS,2199
OG0008456,0.138814468902282,0.455496621057776,Trip19,NS,1099
OG0008463,0.6753165118787074,0.0779128139500209,Trip19,NS,278
OG0008474,-0.0800879113226919,0.77487950346453,Trip19,NS,1747
OG0008481,-0.29689930039584,0.98844975767792,Trip19,NS,2346
OG0008482,0.852797892818771,0.0212327277473337,Trip19,NS,171
OG0008490,-0.320125852253377,0.456522486056057,Trip19,NS,2408
OG0008493,0.389566811762726,0.120365363068495,Trip19,NS,589
OG0008494,2.62480276525295,0.00118708575218681,Trip19,UP,20
OG0008495,0.137503523749935,0.92091717898724,Trip19,NS,1103
OG0008506,-0.394031641158542,0.207930143898857,Trip19,NS,2580
OG0008507,0.173767067736706,0.230832723205931,Trip19,NS,993
OG0008509,-0.295128035543647,0.598770014331711,Trip19,NS,2341
OG0008510,0.216610068742442,0.787616248208659,Trip19,NS,903
OG0008521,0.196607044094818,0.350999579545969,Trip19,NS,945
OG0008523,-0.340075441597622,0.11945907482483,Trip19,NS,2459
OG0008530,0.3773052390602295,0.0716042935301976,Trip19,NS,604
OG0008534,-0.883635243308215,0.00345353097960904,Trip19,NS,3283
OG0008538,-0.62426471157852,0.0609342625795407,Trip19,NS,2989
OG0008543,0.643394453479892,0.024932662057948,Trip19,NS,301
OG0008545,-0.673462651860048,0.0317768797252156,Trip19,NS,3056
OG0008548,1.89878879711155,1.1645983402461e-4,Trip19,UP,35
OG0008558,0.833497336859835,0.0538121263942951,Trip19,NS,187
OG0008566,0.454175893185802,0.456256378308393,Trip19,NS,498
OG0008569,-0.125006361067033,0.718160812193337,Trip19,NS,1870
OG0008578,0.117695042669755,0.0419580216432743,Trip19,NS,1153
OG0008582,1.20726817311203,0.111776960685358,Trip19,NS,96
OG0008589,-0.0380063225797449,0.893700218562747,Trip19,NS,1633
OG0008607,0.2310785239236975,0.0454984114640523,Trip19,NS,875
OG0008608,0.750177705593057,0.0489193349433442,Trip19,NS,241
OG0008616,-1.65744525452268,0.10825338815135,Trip19,NS,3588
OG0008617,-0.24297675349254,0.181272525230761,Trip19,NS,2209
OG0008620,0.153156788061421,0.472328388320695,Trip19,NS,1051
OG0008627,-0.231074664436249,0.826528977754055,Trip19,NS,2172
OG0008637,-0.217591435072627,0.481685201522998,Trip19,NS,2132
OG0008642,0.155749232677945,0.456256378308393,Trip19,NS,1043
OG0008644,-0.0694518807521452,0.836397598716507,Trip19,NS,1719
OG0008665,-1.43830727860169,8.1434764830487e-4,Trip19,DOWN,3558
OG0008670,0.0200576523412535,0.859538835142387,Trip19,NS,1439
OG0008674,1.82007682109751,0.00160898566552741,Trip19,UP,37
OG0008675,0.155749232677945,0.312050686432571,Trip19,NS,1043
OG0008685,-0.349235440883098,0.0336221272977957,Trip19,NS,2479
OG0008715,-0.128156351490682,0.546838193391637,Trip19,NS,1883
OG0008717,-0.00723156923107586,0.723138382920247,Trip19,NS,1530
OG0008720,-0.535331732996556,0.0045107148189807,Trip19,NS,2843
OG0008722,0.186500557644495,0.269599395527015,Trip19,NS,963
OG0008728,0.246104009883917,0.137987361277016,Trip19,NS,847
OG0008733,-0.7156803886605615,0.00326745184683691,Trip19,NS,3102
OG0008750,-0.0130430374755989,0.868007906153487,Trip19,NS,1545
OG0008751,0.4013207860233775,0.0743898854961098,Trip19,NS,567
OG0008755,-0.320125852253377,0.618911432028095,Trip19,NS,2408
OG0008757,-0.41119543298445,0.0758912032845383,Trip19,NS,2615
OG0008777,-0.125006361067033,0.58688604209574,Trip19,NS,1870
OG0008784,-0.28575297905375396,0.133812310109182,Trip19,NS,2326
OG0008788,0.176322772640463,0.349539004578136,Trip19,NS,985
OG0008790,-0.518701058452435,0.40511106040051,Trip19,NS,2804
OG0008794,-0.0335695326937018,0.594151315801799,Trip19,NS,1617
OG0008795,1.27082791555366,0.117968784055465,Trip19,NS,84
OG0008796,-0.0335695326937018,0.899827475344098,Trip19,NS,1617
OG0008803,-0.109358756036556,0.342077441047591,Trip19,NS,1823
OG0008805,-0.584241333477502,0.00645653001388511,Trip19,NS,2929
OG0008806,-0.727379545337008,0.0770251953025125,Trip19,NS,3117
OG0008807,-0.0469210473874926,0.91432892252253,Trip19,NS,1651
OG0008811,0.693319678811575,0.0535742581538402,Trip19,NS,269
OG0008813,-0.0842137700323284,0.637446400272545,Trip19,NS,1757
OG0008823,-0.0218043703183484,0.696225896857677,Trip19,NS,1566
OG0008830,-0.1997128759843912,0.230832723205931,Trip19,NS,2081
OG0008841,-0.289827251720338,0.00332308050816303,Trip19,NS,2333
OG0008842,-0.808437349299244,0.00834718545992223,Trip19,NS,3216
OG0008848,0.495695162624069,0.677904365117044,Trip19,NS,442
OG0008852,-0.254977850962736,0.0451911042842001,Trip19,NS,2244
OG0008854,0.26079626274461154,0.12827524784168,Trip19,NS,814
OG0008865,0.0867837661420666,0.854432652742606,Trip19,NS,1232
OG0008866,0.22775107080568505,0.217663261880017,Trip19,NS,878
OG0008868,-0.0203404482841755,0.829403501664343,Trip19,NS,1559
OG0008874,-0.508403405589552,0.217795979314895,Trip19,NS,2787
OG0008875,0.637842060324105,0.247587710248995,Trip19,NS,304
OG0008878,-0.200912693925996,0.519620485752189,Trip19,NS,2082
OG0008882,0.144046369616707,0.465072036389423,Trip19,NS,1081
OG0008885,-0.428565884123491,0.0880773485659011,Trip19,NS,2651
OG0008904,0.0786098346963665,0.702443978237747,Trip19,NS,1259
OG0008905,-0.666576266274808,0.0101851065863427,Trip19,NS,3045
OG0008912,0.11982366473148097,0.143454367778783,Trip19,NS,1147
OG0008918,0.68885174386588,0.00354387985324326,Trip19,NS,274
OG0008926,0.743299527888257,0.048587762067939,Trip19,NS,246
OG0008929,-0.261880711217424,0.124068225483513,Trip19,NS,2266
OG0008930,-0.45205668870965,0.0800486031782458,Trip19,NS,2688
OG0008942,-0.0938790470029001,0.691844015667046,Trip19,NS,1788
OG0008943,0.920674411041618,0.00464529758173203,Trip19,NS,153
OG0008957,0.0989584800881688,0.723138382920247,Trip19,NS,1197
OG0008976,-0.717513413600435,0.0579171109627471,Trip19,NS,3103
OG0008978,0.24449911286080803,0.0136497754902912,Trip19,NS,852
OG0008986,1.09828479572342,0.116792305736611,Trip19,NS,113
OG0008987,1.27202318906105,0.323544947503787,Trip19,NS,83
OG0008997,0.054693653344454,0.272301268964831,Trip19,NS,1330
OG0009003,-1.58640591759082,0.0675114702417227,Trip19,NS,3580
OG0009004,-0.935117148415146,0.0103231554886008,Trip19,NS,3327
OG0009007,0.625738061908648,0.0295492962928029,Trip19,NS,318
OG0009038,0.62105550329974,0.407172264357656,Trip19,NS,319
OG0009045,-1.43050890804128,0.112112111369732,Trip19,NS,3555
OG0009048,0.1612882924040665,0.241856923222558,Trip19,NS,1026
OG0009054,-0.00868224309980088,0.85404663911635,Trip19,NS,1534
OG0009057,-0.541617995843987,0.0295033800963025,Trip19,NS,2852
OG0009062,0.10969486482593,0.771746630711915,Trip19,NS,1166
OG0009074,-0.0424567992428948,0.563994119586965,Trip19,NS,1642
OG0009085,-1.39592867633114,7.3677966493859e-4,Trip19,DOWN,3549
OG0009096,-0.997117491466879,0.0536912590999754,Trip19,NS,3381
OG0009101,-1.81096617560998,0.147018163462678,Trip19,NS,3598
OG0009112,-0.647803031390401,0.0148239754212568,Trip19,NS,3012
OG0009115,-0.432454552356253,0.223988653017093,Trip19,NS,2656
OG0009116,-0.2263984876215345,0.49117540953607,Trip19,NS,2157
OG0009129,0.230203013366421,0.851958345994607,Trip19,NS,876
OG0009132,-0.210896782498619,0.473945948613052,Trip19,NS,2110
OG0009135,0.277389698810864,0.853549992665621,Trip19,NS,785
OG0009144,-0.190145131885123,0.115541482315868,Trip19,NS,2041
OG0009148,-0.362157939675895,0.0860180785883133,Trip19,NS,2506
OG0009149,-0.156820109742826,0.267055496971091,Trip19,NS,1956
OG0009153,-0.579921884020626,0.0366021381837668,Trip19,NS,2922
OG0009162,-0.132894270497345,0.436068982067191,Trip19,NS,1892
OG0009163,-0.0350469470992008,0.512994761703504,Trip19,NS,1624
OG0009164,-0.619270551496451,0.024932662057948,Trip19,NS,2979
OG0009186,-0.334607228958109,0.141743266346918,Trip19,NS,2449
OG0009189,0.687060688339892,0.0545515332066608,Trip19,NS,275
OG0009190,0.525066592078211,0.772552052572463,Trip19,NS,411
OG0009193,-1.72737954533701,0.358601858730712,Trip19,NS,3592
OG0009194,-0.334607228958109,0.0530086005546132,Trip19,NS,2449
OG0009203,-1.21424022557299,0.00101229761821333,Trip19,DOWN,3502
OG0009209,-0.810966175609983,0.0046530925485894804,Trip19,NS,3217
OG0009210,-0.710755714843358,0.792355929358136,Trip19,NS,3090
OG0009222,0.257010618206024,0.387227190045258,Trip19,NS,825
OG0009245,-0.62148837674627,0.00573764133359751,Trip19,NS,2984
OG0009247,0.738119288782576,0.00743743335380412,Trip19,NS,249
OG0009250,-0.648371670897218,0.00995038490659379,Trip19,NS,3013
OG0009257,-0.244685095954902,0.33639813797396,Trip19,NS,2214
OG0009268,-0.522840788813359,0.0509077450826476,Trip19,NS,2813
OG0009272,-1.32192809488736,0.0703945485676993,Trip19,NS,3536
OG0009280,-0.365871442474959,0.141120027078755,Trip19,NS,2515
OG0009289,-0.0877333719335504,0.472328388320695,Trip19,NS,1765
OG0009291,-1.13606154957603,0.0207599900288538,Trip19,DOWN,3467
OG0009301,0.0468402542029724,0.32858868928798,Trip19,NS,1353
OG0009305,0.0257375614136083,0.798540433521514,Trip19,NS,1419
OG0009307,0.724213686757358,3.7201578532582e-4,Trip19,NS,256
OG0009313,0.244887059123534,0.115040147487832,Trip19,NS,850
OG0009317,-0.161653263478769,0.254672995820283,Trip19,NS,1974
OG0009321,-0.608232280044003,0.0489884697594519,Trip19,NS,2965
OG0009329,-0.38951311953698603,0.0380347659456598,Trip19,NS,2568
OG0009357,0.0717626693000913,0.702443978237747,Trip19,NS,1273
OG0009358,0.563646269484064,0.0330904335433568,Trip19,NS,369
OG0009360,0.246104009883917,0.204480541751739,Trip19,NS,847
OG0009363,-1.01158797427521,0.279772693270608,Trip19,NS,3396
OG0009364,-0.2076457179765615,0.105674390667676,Trip19,NS,2102
OG0009375,0.32883646422954,0.261279401111355,Trip19,NS,694
OG0009383,0.0621217119077975,0.913503116696617,Trip19,NS,1305
OG0009398,-0.650634722405787,0.00787623640430327,Trip19,NS,3017
OG0009401,-0.077041035763828,0.458506820221543,Trip19,NS,1738
OG0009403,-0.39572888474408596,0.0476692493267613,Trip19,NS,2583
OG0009404,-0.703689439291908,3.0251390199351e-4,Trip19,NS,3083
OG0009410,0.150369961997236,0.0388729031473467,Trip19,NS,1063
OG0009411,-1.04990490582631,0.0120423164875622,Trip19,DOWN,3420
OG0009419,-0.192645077942396,0.274166372839651,Trip19,NS,2047
OG0009428,-0.446148031818874,0.651038755597106,Trip19,NS,2676
OG0009429,0.219148555225605,0.289927657088707,Trip19,NS,894
OG0009438,-0.2275792794128195,0.0184532502818482,Trip19,NS,2160
OG0009450,0.907659827853289,0.00104351977399221,Trip19,NS,156
OG0009457,-0.915935735211525,0.00317573840924206,Trip19,NS,3314
OG0009460,-0.338250400189295,0.302022164168495,Trip19,NS,2455
OG0009461,0.00144197417390632,0.948280043457718,Trip19,NS,1497
OG0009465,-0.42081985187285,0.0210234513216924,Trip19,NS,2638
OG0009473,-0.42081985187285,0.22622102159991,Trip19,NS,2638
OG0009480,-0.186064929518683,0.235305971025344,Trip19,NS,2029
OG0009494,-0.569179503480228,0.310511128728716,Trip19,NS,2902
OG0009496,1.315689061954075,3.0251390199351e-4,Trip19,UP,73
OG0009504,-0.63262893435147,0.0122358187106301,Trip19,NS,2999
OG0009505,0.209141397838592,0.686568289843464,Trip19,NS,914
OG0009507,-0.710755714843358,0.157328743469556,Trip19,NS,3090
OG0009509,1.12234140752612,0.0678103853739247,Trip19,NS,109
OG0009513,0.178873958169795,0.549008481435239,Trip19,NS,980
OG0009520,-0.205896101440252,0.402212276964017,Trip19,NS,2091
OG0009530,-0.140825544133565,0.407486097067847,Trip19,NS,1910
OG0009536,0.37851162325373,0.355316934207974,Trip19,NS,600
OG0009537,0.0313951962755343,0.877469675073901,Trip19,NS,1403
OG0009544,0.267835392097615,0.961975135164944,Trip19,NS,797
OG0009547,-0.823677227359537,0.0200939385051479,Trip19,NS,3230
OG0009563,0.197865391353738,0.98844975767792,Trip19,NS,942
OG0009564,-0.239566125329888,0.389797825779995,Trip19,NS,2199
OG0009570,-0.160040412510468,0.306839431266229,Trip19,NS,1970
OG0009585,0.302658030079143,0.190671472330629,Trip19,NS,748
OG0009591,-0.0755200076409777,0.61202257414778,Trip19,NS,1733
OG0009593,-0.543719518489275,0.456256378308393,Trip19,NS,2855
OG0009598,-0.778432211461591,0.176734574725162,Trip19,NS,3193
OG0009601,-0.354759487354735,0.299497434084827,Trip19,NS,2490
OG0009618,-0.0664273617389761,0.947012725081807,Trip19,NS,1711
OG0009630,-0.0895286248953599,0.535584751349471,Trip19,NS,1774
OG0009646,0.421155960662223,0.146304464415032,Trip19,NS,543
OG0009661,-0.558516520417355,0.274166372839651,Trip19,NS,2877
OG0009675,-0.0247366783215064,0.988030629724695,Trip19,NS,1579
OG0009680,-0.550042516371997,0.0931114316522127,Trip19,NS,2864
OG0009703,0.20163386116965001,0.19043031414425,Trip19,NS,934
OG0009708,-0.098505544952425,0.637446400272545,Trip19,NS,1799
OG0009715,-0.668868077782798,0.0821531190796125,Trip19,NS,3047
OG0009717,-0.531156057025363,0.0267099008968611,Trip19,NS,2835
OG0009725,0.2579445158925921,0.363170211067289,Trip19,NS,824
OG0009731,0.276198865032242,0.558846574327238,Trip19,NS,787
OG0009743,-0.295128035543647,0.0276704004145059,Trip19,NS,2341
OG0009746,0.0412429822318813,0.711564205358824,Trip19,NS,1372
OG0009747,-0.9757647151623845,0.00632675195264654,Trip19,NS,3361
OG0009757,-0.569179503480228,0.030088731790783,Trip19,NS,2902
OG0009758,0.552868871011303,0.333851710702698,Trip19,NS,382
OG0009761,0.417920007811965,0.492805565977449,Trip19,NS,545
OG0009762,0.129610327278103,0.130717663811243,Trip19,NS,1119
OG0009764,-0.558516520417355,0.00313847281655899,Trip19,NS,2877
OG0009767,-0.457989644463391,0.294362650060489,Trip19,NS,2697
OG0009779,0.01292617444427,0.782620366149263,Trip19,NS,1460
OG0009780,0.126972856257766,0.355316934207974,Trip19,NS,1122
OG0009795,0.335711910320462,0.255220357896779,Trip19,NS,674
OG0009802,0.951587794814754,0.00233734196677277,Trip19,NS,144
OG0009808,0.523060061795249,0.380139981619347,Trip19,NS,413
OG0009809,3.06626144226872,0.00175875200755151,Trip19,UP,10
OG0009835,-0.107803289534515,0.359879718486238,Trip19,NS,1818
OG0009838,-0.392137097168765,0.393668056901712,Trip19,NS,2575
OG0009855,0.08239313907166955,0.49117540953607,Trip19,NS,1247
OG0009858,-0.388355456626338,0.0130574607476209,Trip19,NS,2560
OG0009860,-0.878321443411748,0.00459820023180914,Trip19,NS,3280
OG0009861,-1.23446525363702,0.020467557470425,Trip19,DOWN,3512
OG0009871,-0.608232280044003,0.152062984520141,Trip19,NS,2965
OG0009878,0.0468402542029724,0.592856812698946,Trip19,NS,1353
OG0009888,-0.481968507397831,0.0396233772203047,Trip19,NS,2739
OG0009911,0.149259365499623,0.417297397980317,Trip19,NS,1066
OG0009912,0.490570130446201,0.0333945371913652,Trip19,NS,452
OG0009913,-0.44032191148016253,0.0330904335433568,Trip19,NS,2667
OG0009916,-0.416962376203336,0.0142311473398725,Trip19,NS,2626
OG0009922,-0.766111939825723,0.114073176732285,Trip19,NS,3179
OG0009923,-0.442222328605074,0.0511970143154237,Trip19,NS,2668
OG0009930,3.29851169276436,3.1314263602712e-4,Trip19,UP,6
OG0009933,-0.42081985187285,0.00994121675165762,Trip19,NS,2638
OG0009935,-0.267079617891743,0.419036140225384,Trip19,NS,2278
OG0009947,0.2920165529087665,0.111431898003872,Trip19,NS,766
OG0009948,-0.0709665213541436,0.625851921278074,Trip19,NS,1725
OG0009960,0.0524158941511385,0.294514668496548,Trip19,NS,1334
OG0009967,-0.664288089679538,0.121230938341376,Trip19,NS,3042
OG0009983,0.475084882948783,0.227643046457354,Trip19,NS,469
OG0009985,-0.210896782498619,0.523754685917171,Trip19,NS,2110
OG0010000,-0.248107861595691,0.292569156553822,Trip19,NS,2222
OG0010004,0.102993993323326,0.632599870997453,Trip19,NS,1190
OG0010005,-0.186064929518683,0.612730739494561,Trip19,NS,2029
OG0010007,-0.226003674888827,0.247645567505639,Trip19,NS,2153
OG0010011,-0.332789087519129,0.303187090587199,Trip19,NS,2442
OG0010018,0.05797006863733,0.691844015667046,Trip19,NS,1319
OG0010025,-0.192645077942396,0.602778483593095,Trip19,NS,2047
OG0010029,-0.382701517159154,0.0511154260659785,Trip19,NS,2553
OG0010033,-1.21424022557299,0.148537257869448,Trip19,NS,3502
OG0010051,-0.309359421384307,0.684364867351909,Trip19,NS,2388
OG0010056,-0.522840788813359,0.0610278743239519,Trip19,NS,2813
OG0010057,0.0440443327060212,0.765502444442782,Trip19,NS,1361
OG0010060,-0.212567535483132,0.0936577931310191,Trip19,NS,2114
OG0010063,-0.50635266602479,0.0952806821479611,Trip19,NS,2782
OG0010066,0.6403890961684029,0.438732310541256,Trip19,NS,303
OG0010068,-0.483984852996335,0.183045014077438,Trip19,NS,2747
OG0010070,0.175045486110914,0.898073827532406,Trip19,NS,987
OG0010072,-1.50225991139091,0.0174916393947599,Trip19,DOWN,3569
OG0010082,0.460480470040011,0.897724602879612,Trip19,NS,493
OG0010093,0.263034405833794,0.419165262743159,Trip19,NS,808
OG0010101,-0.0619024389259069,0.898866136619337,Trip19,NS,1695
OG0010115,-0.0306192350583921,0.806773764729953,Trip19,NS,1606
OG0010118,-0.248107861595691,0.603800583474777,Trip19,NS,2222
OG0010119,-0.839079811818897,0.46571256162418,Trip19,NS,3251
OG0010125,-1.19099722506091,0.00220596639930823,Trip19,DOWN,3492
OG0010140,-1.14241704461585,2.5223866638188e-4,Trip19,DOWN,3471
OG0010156,-0.7250796711634679,0.00343276194809768,Trip19,NS,3116
OG0010163,-0.234465253637023,0.10305109606958,Trip19,NS,2188
OG0010174,0.375178479589612,0.10061824824892,Trip19,NS,606
OG0010176,-0.15200309344505,0.577758756565309,Trip19,NS,1940
OG0010179,0.469885976274464,0.159723111075647,Trip19,NS,478
OG0010181,-0.286304185156641,0.0361492124952747,Trip19,NS,2327
OG0010182,-0.190997225060914,0.131956511740306,Trip19,NS,2043
OG0010193,-0.552156355637914,0.143625487192357,Trip19,NS,2868
OG0010197,-0.107803289534515,0.523677133373711,Trip19,NS,1818
OG0010209,-0.577766999316952,0.168792333144991,Trip19,NS,2919
OG0010210,-0.0543922968186278,0.753169499115507,Trip19,NS,1676
OG0010214,0.6535186707536,0.572322477462404,Trip19,NS,296
OG0010222,-0.272297327162762,0.0829135155725755,Trip19,NS,2293
OG0010227,1.35049724708413,0.00129952126798727,Trip19,UP,67
OG0010228,-0.0755200076409777,0.261078927066097,Trip19,NS,1733
OG0010230,-0.316528107144772,0.0327104711242751,Trip19,NS,2402
OG0010250,0.219091058246197,0.0484644349163204,Trip19,NS,895
OG0010253,-0.610433188237274,0.107675344080803,Trip19,NS,2968
OG0010255,0.21695296606085718,0.0986049861645928,Trip19,NS,902
OG0010265,-0.662003536484984,0.182751787908263,Trip19,NS,3035
OG0010267,0.185232254230161,0.317798903559542,Trip19,NS,965
OG0010269,0.369606070031838,0.603948973663404,Trip19,NS,614
OG0010273,0.834306702962908,0.046554071510073,Trip19,NS,186
OG0010275,0.503857532577429,0.0168533209300167,Trip19,NS,431
OG0010278,-0.241270431542137,0.395807975429253,Trip19,NS,2205
OG0010294,0.349365277594213,0.220160099024377,Trip19,NS,650
OG0010300,-0.500217879852688,0.0923532207060947,Trip19,NS,2772
OG0010305,0.57918014812715,0.0675114702417227,Trip19,NS,352
OG0010316,0.323081789503733,0.404579155131739,Trip19,NS,713
OG0010317,-0.921390165303633,0.159211644474294,Trip19,NS,3315
OG0010319,0.159629185821228,0.746973059214339,Trip19,NS,1033
OG0010333,-0.179514657013621,0.961975135164944,Trip19,NS,2017
OG0010338,-0.375197234747053,0.200229993683394,Trip19,NS,2532
OG0010343,-0.668868077782798,0.00640422824784077,Trip19,NS,3047
OG0010346,-1.19429481516149,0.00369907024771682,Trip19,DOWN,3494
OG0010347,-1.13923579737117,0.0102541491831815,Trip19,DOWN,3468
OG0010353,-0.531156057025363,0.138921906713073,Trip19,NS,2835
OG0010361,1.05797006863733,0.141046223368132,Trip19,NS,122
OG0010371,-0.240669991959939,0.436194076440068,Trip19,NS,2203
OG0010374,0.0867837661420666,0.890600859826182,Trip19,NS,1232
OG0010376,-0.978638613467544,0.0175562709403839,Trip19,NS,3364
OG0010380,-0.321928094887362,0.337889483927646,Trip19,NS,2415
OG0010397,-0.732164607902385,0.00533393534524833,Trip19,NS,3125
OG0010399,0.0894981508391026,0.745203862766715,Trip19,NS,1224
OG0010404,-0.205896101440252,0.294514668496548,Trip19,NS,2091
OG0010407,-0.0588936890535686,0.751812364845154,Trip19,NS,1688
OG0010445,0.16067314147285222,0.110600129707676,Trip19,NS,1032
OG0010449,0.368489000645104,0.0298057517915042,Trip19,NS,617
OG0010450,0.220329954879556,0.59867185054787,Trip19,NS,891
OG0010453,1.08610437124329,3.0251390199351e-4,Trip19,UP,117
OG0010456,0.270229907237998,0.687042710516517,Trip19,NS,796
OG0010458,0.0745054363636298,0.472968247486727,Trip19,NS,1271
OG0010460,0.147957881387101,0.784556037856227,Trip19,NS,1069
OG0010461,-0.588573754273535,0.0435782275711188,Trip19,NS,2939
OG0010463,-0.403541860441014,0.0132309145834124,Trip19,NS,2605
OG0010468,-0.701341684435485,0.0814508572910007,Trip19,NS,3080
OG0010474,-0.160040412510468,0.358100405313216,Trip19,NS,1970
OG0010482,-0.176250639691727,0.678903082774524,Trip19,NS,2012
OG0010499,-0.0306192350583921,0.620923504632098,Trip19,NS,1606
OG0010509,0.0257375614136083,0.905288829063235,Trip19,NS,1419
OG0010510,-0.710755714843358,0.0475067974234441,Trip19,NS,3090
OG0010515,-0.045431429247006,0.555806842003594,Trip19,NS,1646
OG0010521,-0.172993990361023,0.76429655822433,Trip19,NS,2005
OG0010523,-1.41119543298445,0.00326745184683691,Trip19,DOWN,3550
OG0010542,-0.940644722383579,4.8247446095721e-4,Trip19,NS,3335
OG0010548,0.759830831460597,0.0317768797252156,Trip19,NS,228
OG0010551,-0.0188780102056894,0.840696889986881,Trip19,NS,1554
OG0010556,0.308011314552178,0.0568229296855186,Trip19,NS,740
OG0010573,0.361768359419153,0.734255100644765,Trip19,NS,628
OG0010584,0.562669826102702,0.0625090716214536,Trip19,NS,370
OG0010590,-0.703689439291908,2.8216109822283e-4,Trip19,NS,3083
OG0010598,-0.921390165303633,0.00907948041565841,Trip19,NS,3315
OG0010601,-0.575615328461903,0.33464748127864,Trip19,NS,2911
OG0010608,0.056026429810379794,0.487223039669474,Trip19,NS,1326
OG0010611,-1.06491747668134,0.260962459454385,Trip19,NS,3427
OG0010613,-0.831357964441161,0.24854275256666,Trip19,NS,3241
OG0010615,-0.349235440883098,0.0509077450826476,Trip19,NS,2479
OG0010616,0.15941350478882105,0.299497434084827,Trip19,NS,1036
OG0010623,0.44642630723812804,0.40384749513257,Trip19,NS,508
OG0010626,-0.598672597247661,0.0303797846931875,Trip19,NS,2956
OG0010627,-0.307572801910292,0.0433384805385003,Trip19,NS,2383
OG0010628,0.390667685559667,0.759591499988218,Trip19,NS,582
OG0010635,-0.195946441032647,0.358587544055192,Trip19,NS,2064
OG0010637,-0.17286105966181586,0.00169756128003123,Trip19,NS,2004
OG0010641,0.324334876416759,0.165429084092054,Trip19,NS,706
OG0010643,-0.648371670897218,0.109221888980339,Trip19,NS,3013
OG0010647,-0.0694518807521452,0.986955393830246,Trip19,NS,1719
OG0010649,0.219091058246197,0.102946925163128,Trip19,NS,895
OG0010652,0.30707221620972747,0.129465460449932,Trip19,NS,743
OG0010675,-0.0573916638883367,0.853549992665621,Trip19,NS,1682
OG0010678,0.151858816727005,0.333851710702698,Trip19,NS,1053
OG0010680,-0.369594528517677,0.202885785041408,Trip19,NS,2526
OG0010704,0.0922074380970889,0.739772866643673,Trip19,NS,1213
OG0010710,1.70187197563514,0.0614640483326249,Trip19,NS,42
OG0010719,-0.687334826441606,0.0332903739321607,Trip19,NS,3066
OG0010725,-0.417964727758457,0.147018163462678,Trip19,NS,2629
OG0010730,-0.270555993166337,0.926484204240204,Trip19,NS,2287
OG0010748,0.297484915710575,0.337357053200764,Trip19,NS,756
OG0010763,-1.06793882865658,0.199237303436981,Trip19,NS,3429
OG0010767,-0.886299500835272,0.0302722234611955,Trip19,NS,3285
OG0010771,-0.0306192350583921,0.615577725146007,Trip19,NS,1606
OG0010778,0.159629185821228,0.612993181674895,Trip19,NS,1033
OG0010790,0.495695162624069,0.246179606017294,Trip19,NS,442
OG0010793,-0.894321922105463,0.142436779830276,Trip19,NS,3293
OG0010815,0.327687364176047,0.296065051499618,Trip19,NS,698
OG0010818,0.541019153133559,0.0304403064672645,Trip19,NS,392
OG0010824,-0.106249498279434,0.462554621396526,Trip19,NS,1814
OG0010826,-1.63935479753978,0.00600296589608093,Trip19,DOWN,3585
OG0010836,-0.281035664240461,0.0698149473097524,Trip19,NS,2310
OG0010840,-0.237863830098888,0.321343335560564,Trip19,NS,2195
OG0010842,-0.232768962976124,0.50899668222589,Trip19,NS,2179
OG0010854,-0.924125133024872,0.00308127132799853,Trip19,NS,3319
OG0010857,-0.330973234490369,0.192542776965642,Trip19,NS,2439
OG0010886,-0.744197163397282,0.00953504283307724,Trip19,NS,3139
OG0010887,-0.664288089679538,0.518116271060628,Trip19,NS,3042
OG0010907,-0.0130430374755989,0.950304882426393,Trip19,NS,1545
OG0010909,0.0100636833446975,0.973862038857488,Trip19,NS,1471
OG0010911,0.0840642647884745,0.879561724997808,Trip19,NS,1240
OG0010918,0.447843644362086,0.477424311424756,Trip19,NS,506
OG0010925,-0.220950447162541,0.453353698006571,Trip19,NS,2137
OG0010927,-1.41119543298445,0.0447341960822432,Trip19,DOWN,3550
OG0010948,-0.826232932263294,0.0321603797062258,Trip19,NS,3233
OG0010952,0.0100636833446975,0.88826091977665,Trip19,NS,1471
OG0010953,-0.407363571393423,0.144708622549819,Trip19,NS,2610
OG0010955,-0.83650126771712,0.0396233772203047,Trip19,NS,3246
OG0010960,0.0482361856528476,0.764345023600612,Trip19,NS,1349
OG0010963,0.0116752320574227,0.676917259925374,Trip19,NS,1468
OG0010969,0.0143552929770701,0.97747701286392,Trip19,NS,1454
OG0010970,-0.362157939675895,0.225155143462664,Trip19,NS,2506
OG0010973,-0.345564459154601,0.811874822350882,Trip19,NS,2471
OG0010975,-0.231074664436249,0.0183614761997961,Trip19,NS,2172
OG0010982,-0.7146791609371039,0.00275780837598613,Trip19,NS,3099
OG0010984,-0.602794978215409,0.196352943777571,Trip19,NS,2961
OG0010985,-0.212567535483132,0.179250955887901,Trip19,NS,2114
OG0010987,-0.421620487629192,0.00731530544396694,Trip19,NS,2643
OG0011002,-0.552156355637914,0.0102546880190612,Trip19,NS,2868
OG0011004,-0.558516520417355,0.102235047547669,Trip19,NS,2877
OG0011010,-0.07993477797639845,0.625506719524943,Trip19,NS,1746
OG0011015,0.577247535593151,0.0326733452546097,Trip19,NS,354
OG0011042,-0.118726938570751,0.463993766677273,Trip19,NS,1847
OG0011044,0.777367109450413,0.223988653017093,Trip19,NS,215
OG0011050,0.17215065290235151,0.0474922513304731,Trip19,NS,998
OG0011054,-0.220950447162541,0.324322538125198,Trip19,NS,2137
OG0011056,0.160920188181103,0.99918556643052,Trip19,NS,1027
OG0011057,0.805705184838511,0.0295492962928029,Trip19,NS,201
OG0011062,0.43722773891291,0.487223039669474,Trip19,NS,517
OG0011068,-0.172993990361023,0.826528977754055,Trip19,NS,2005
OG0011087,-0.758769964484555,0.0380978210178783,Trip19,NS,3166
OG0011093,-0.253257284222264,0.508593693381209,Trip19,NS,2240
OG0011096,-0.291592016516404,0.147589059094463,Trip19,NS,2337
OG0011105,0.04199810576528,0.110739390188676,Trip19,NS,1370
OG0011110,-1.1456053222469,0.00221418676515945,Trip19,DOWN,3472
OG0011119,-0.761213140412883,0.00171650597465097,Trip19,NS,3171
OG0011129,-0.279283757478869,0.353769828900137,Trip19,NS,2305
OG0011133,0.487486349348536,0.437654184005129,Trip19,NS,457
OG0011134,0.051531921394463,0.274035405411559,Trip19,NS,1340
OG0011144,-0.8770745156674684,0.0200945391142115,Trip19,NS,3279
OG0011159,-0.2844185322946285,0.155428275405456,Trip19,NS,2321
OG0011161,0.2358715483382965,0.397495060192722,Trip19,NS,864
OG0011165,-0.946193556304206,0.00167985034355262,Trip19,NS,3339
OG0011180,-0.739372091873301,0.0994823842595534,Trip19,NS,3137
OG0011183,1.0038101760042388,0.0272056441957435,Trip19,UP,137
OG0011185,-0.226847849965212,0.406212819353778,Trip19,NS,2158
OG0011213,-0.0203404482841755,0.493125002249617,Trip19,NS,1559
OG0011226,-0.2270276733122755,0.161834194596682,Trip19,NS,2159
OG0011230,0.204140716780225,0.780361018811077,Trip19,NS,926
OG0011232,0.751892138404309,0.0710368973658054,Trip19,NS,238
OG0011236,-0.15360697914764,0.321027049528233,Trip19,NS,1944
OG0011245,0.219091058246197,0.923214857170094,Trip19,NS,895
OG0011254,0.0662614422687213,0.805812325575016,Trip19,NS,1289
OG0011275,-0.907792561902911,0.0609342625795407,Trip19,NS,3309
OG0011276,-0.465938397578882,0.0148239754212568,Trip19,NS,2710
OG0011277,0.10701824988212,0.8145443022912,Trip19,NS,1172
OG0011282,-0.234465253637023,0.817698831719941,Trip19,NS,2188
OG0011287,-0.179514657013621,0.247627004430334,Trip19,NS,2017
OG0011299,-0.192645077942396,0.261169681714377,Trip19,NS,2047
OG0011305,-0.0740005814437769,0.709311285852055,Trip19,NS,1732
OG0011308,-3.42662547355406,0.0141421908379407,Trip19,DOWN,3618
OG0011311,-0.395928676331139,0.0547110834011494,Trip19,NS,2584
OG0011318,-0.0846703239869906,0.254672995820283,Trip19,NS,1758
OG0011320,-0.592919224549499,0.26124707634419,Trip19,NS,2947
OG0011325,0.0285691521967709,0.957671934509494,Trip19,NS,1414
OG0011340,-0.29689930039584,0.181272525230761,Trip19,NS,2346
OG0011341,-0.0679388286565756,0.608514156471839,Trip19,NS,1717
OG0011342,-0.0603972796439563,0.538124367169769,Trip19,NS,1692
OG0011350,-0.469929257774916,0.0140862616298039,Trip19,NS,2722
OG0011360,0.696884090855454,0.00695260781147039,Trip19,NS,267
OG0011366,0.350497247084133,0.0304403064672645,Trip19,NS,646
OG0011367,0.574961985442443,0.0200939385051479,Trip19,NS,359
OG0011376,-0.226003674888827,0.353769828900137,Trip19,NS,2153
OG0011379,2.63761024622529,0.0975525883149364,Trip19,NS,17
OG0011382,0.5309019208888535,6.8522830761064e-4,Trip19,NS,404
OG0011387,-0.125006361067033,0.230832723205931,Trip19,NS,1870
OG0011388,0.9512490613687534,0.00264060412071757,Trip19,NS,146
OG0011394,-0.0619024389259069,0.839288500206943,Trip19,NS,1695
OG0011397,-0.739372091873301,3.6341884386521e-4,Trip19,NS,3137
OG0011398,-0.45600928033515,0.114677804430446,Trip19,NS,2695
OG0011409,0.158337027167101,0.804695645287736,Trip19,NS,1037
OG0011420,-0.481968507397831,0.0512796719814945,Trip19,NS,2739
OG0011424,-0.00144341686966872,0.782377669591782,Trip19,NS,1507
OG0011428,-0.300448367476911,0.0902130468311754,Trip19,NS,2362
OG0011464,-0.284545872884282,0.121230938341376,Trip19,NS,2322
OG0011466,-1.42275246440685,0.0614107534229415,Trip19,NS,3554
OG0011472,-0.168122758808327,0.883235260132231,Trip19,NS,1990
OG0011473,-0.77595972578207,0.0577277063594754,Trip19,NS,3187
OG0011481,-0.360304766600418,0.256516657108947,Trip19,NS,2500
OG0011508,0.267835392097615,0.226264366351914,Trip19,NS,797
OG0011513,0,0.670840882634745,Trip19,NS,1499
OG0011526,0.0922074380970889,0.538124367169769,Trip19,NS,1213
OG0011531,-0.803392955905182,0.115189890934995,Trip19,NS,3211
OG0011534,-0.0232697793228472,0.441309731210712,Trip19,NS,1574
OG0011564,0.0551956542421246,0.991882478162931,Trip19,NS,1327
OG0011565,1.11169907219742,0.221023045453767,Trip19,NS,112
OG0011573,-1.21759143507263,0.110554864268371,Trip19,NS,3504
OG0011574,0.8704555793031895,0.245791419402979,Trip19,NS,165
OG0011577,0.776525151421912,0.015583714428928,Trip19,NS,217
OG0011586,0.916094422938358,0.00700905780875302,Trip19,NS,154
OG0011590,-0.2308739603087705,0.10450798877722,Trip19,NS,2171
OG0011591,-1.01741705307741,0.00177833009213498,Trip19,DOWN,3400
OG0011592,-0.343732465205711,0.581146392211592,Trip19,NS,2468
OG0011593,0.094911647025467,0.859588854515533,Trip19,NS,1207
OG0011611,0.606915941825205,0.16475757427957,Trip19,NS,326
OG0011615,0.591679416935737,0.00698424172928833,Trip19,NS,339
OG0011619,0.12565110166152,0.787672733179103,Trip19,NS,1128
OG0011634,0.371837617330421,0.0325040670670297,Trip19,NS,610
OG0011646,-0.24297675349254,0.463376013946737,Trip19,NS,2209
OG0011651,0.1104095130428015,0.839288500206943,Trip19,NS,1165
OG0011661,-1.20756106993536,0.00995038490659379,Trip19,DOWN,3501
OG0011664,0.544979883255804,0.0897927890270444,Trip19,NS,386
OG0011667,0.633198686374004,0.415637972888735,Trip19,NS,309
OG0011668,0.375178479589612,0.105496784496909,Trip19,NS,606
OG0011690,0.351628329102782,0.344198042469162,Trip19,NS,644
OG0011702,-0.212567535483132,0.827156374239324,Trip19,NS,2114
OG0011705,-0.717856771218502,0.037992093598175,Trip19,NS,3105
OG0011707,0.0786098346963665,0.924884181949869,Trip19,NS,1259
OG0011712,-0.0380063225797449,0.508161726994787,Trip19,NS,1633
OG0011713,0.10701824988212,0.817698831719941,Trip19,NS,1172
OG0011714,-0.783389931257558,0.00953504283307724,Trip19,NS,3196
OG0011715,-0.367731784500487,0.992216938025215,Trip19,NS,2522
OG0011722,0.42867840994823,0.0331468928425609,Trip19,NS,530
OG0011723,-0.0247366783215064,0.621110774035379,Trip19,NS,1579
OG0011734,-0.524915117051217,0.0530086005546132,Trip19,NS,2818
OG0011741,-0.375197234747053,0.0419580216432743,Trip19,NS,2532
OG0011742,1.48800077083407,0.0037247136435123,Trip19,UP,53
OG0011752,-0.979942347658747,0.0213720777227102,Trip19,NS,3366
OG0011754,1.48954293564247,0.481518461078504,Trip19,NS,52
OG0011762,-0.873027143742234,0.0321853262823806,Trip19,NS,3275
OG0011783,-0.329159664118438,0.392531338978006,Trip19,NS,2433
OG0011784,-0.9952748141049444,0.0821220253821293,Trip19,NS,3380
OG0011788,0.158337027167101,0.908467935800841,Trip19,NS,1037
OG0011789,-0.244685095954902,0.319161710425953,Trip19,NS,2214
OG0011803,-1.06793882865658,1.5257766449722e-4,Trip19,DOWN,3429
OG0011825,0.249748715083569,0.141214284962374,Trip19,NS,837
OG0011831,0.168642035558839,0.327738801830546,Trip19,NS,1006
OG0011837,-0.841662972832899,0.0204233318721582,Trip19,NS,3255
OG0011843,0.102993993323326,0.753046150923071,Trip19,NS,1190
OG0011850,1.34084707705041,9.756134775753e-4,Trip19,UP,68
OG0011854,-0.06537145306059751,0.0266147012720884,Trip19,NS,1709
OG0011860,-0.839079811818897,0.113084693602636,Trip19,NS,3251
OG0011861,0.0426443374084937,0.647144665408168,Trip19,NS,1368
OG0011871,-0.0573916638883367,0.859304480445651,Trip19,NS,1682
OG0011893,-0.254977850962736,0.208143692887137,Trip19,NS,2244
OG0011907,0.479230561206336,0.518749292259015,Trip19,NS,463
OG0011910,-0.274040765490812,0.176693267344977,Trip19,NS,2298
OG0011915,-0.163267919540864,0.349086708006579,Trip19,NS,1980
OG0011916,0.20163386116965001,0.313674120852142,Trip19,NS,934
OG0011920,-0.204233052217608,0.283905622273207,Trip19,NS,2084
OG0011921,0.340277404766254,0.252209794628055,Trip19,NS,665
OG0011929,-0.592919224549499,0.0838775772234075,Trip19,NS,2947
OG0011931,-0.954557029238833,0.0414442730331863,Trip19,NS,3348
OG0011936,0.306845500314283,0.568692947382831,Trip19,NS,744
OG0011943,-0.575615328461903,0.766734251554657,Trip19,NS,2911
OG0011946,-0.380821783940931,0.241741512580427,Trip19,NS,2548
OG0011947,0.477159211186641,0.255381529581941,Trip19,NS,466
OG0011948,-0.3040061868901,0.530971895945299,Trip19,NS,2370
OG0011952,-0.844250767322055,0.0208199219646313,Trip19,NS,3257
OG0011955,0.369606070031838,0.403234965336099,Trip19,NS,614
OG0011965,-0.744197163397282,0.0111661616807946,Trip19,NS,3139
OG0011966,-0.424687669312563,0.00168669726688667,Trip19,NS,2646
OG0011982,-0.295128035543647,0.385745297447952,Trip19,NS,2341
OG0011990,-0.691988685447822,0.310511128728716,Trip19,NS,3071
OG0011991,-0.364013496254377,0.229487662135035,Trip19,NS,2511
OG0012005,-0.399730246490995,0.225155143462664,Trip19,NS,2595
OG0012014,0.0881415968690176,0.938728263545074,Trip19,NS,1227
OG0012016,-0.7772002059725616,0.00994121675165762,Trip19,NS,3192
OG0012017,-0.821126041830205,9.2865845611825e-4,Trip19,NS,3226
OG0012019,-0.156820109742826,0.550657005243446,Trip19,NS,1956
OG0012021,0.063502942306158,0.765519991387339,Trip19,NS,1300
OG0012022,0.361768359419153,0.323056627558182,Trip19,NS,628
OG0012025,0.321928094887362,0.354818997050335,Trip19,NS,715
OG0012026,-0.251538766995964,0.451073586594879,Trip19,NS,2232
OG0012030,0.244887059123534,0.181481168289089,Trip19,NS,850
OG0012032,2.0621217119078,2.16024961511666e-5,Trip19,UP,29
OG0012034,0.124328135002202,0.42971850958778,Trip19,NS,1134
OG0012042,-0.305788392232109,0.101776124551103,Trip19,NS,2377
OG0012048,-0.0380063225797449,0.825566222538485,Trip19,NS,1633
OG0012053,1.32941067121857,2.1808097731973e-4,Trip19,UP,70
OG0012057,-0.535331732996556,0.0457490857164131,Trip19,NS,2843
OG0012064,-0.0800879113226919,0.746106560670292,Trip19,NS,1747
OG0012075,-0.678071905112638,0.337243140097226,Trip19,NS,3058
OG0012079,-0.662003536484984,0.00677164230814281,Trip19,NS,3035
OG0012082,1.23817541857738,0.00332308050816303,Trip19,UP,90
OG0012087,1.14208662961753,0.00168752108841712,Trip19,UP,105
OG0012092,0.435095151620097,0.0803613588062412,Trip19,NS,522
OG0012094,0.248534836138679,0.111889470932674,Trip19,NS,840
OG0012108,0.295135249000818,0.492887429021257,Trip19,NS,760
OG0012112,0.0648828515848544,0.509657584330233,Trip19,NS,1294
OG0012115,-0.597277823154395,0.601229200327415,Trip19,NS,2954
OG0012120,-0.29689930039584,0.13240015759238,Trip19,NS,2346
OG0012130,-0.123433941248279,0.947799653886862,Trip19,NS,1865
OG0012131,-0.239566125329888,0.578396949060379,Trip19,NS,2199
OG0012141,0.0482361856528476,0.631394740762892,Trip19,NS,1349
OG0012142,-0.148800661406706,0.463993766677273,Trip19,NS,1929
OG0012144,-0.734563103950902,0.155342345018645,Trip19,NS,3129
OG0012157,-0.756330919033137,0.00677164230814281,Trip19,NS,3164
OG0012165,-0.342752660387199,0.098698557449756,Trip19,NS,2467
OG0012175,0.0799753767205959,0.862611441489062,Trip19,NS,1253
OG0012178,0.094911647025467,0.950761006085595,Trip19,NS,1207
OG0012185,2.91838623444635,0.00248610890614217,Trip19,UP,14
OG0012188,0.105678077894537,0.801718820124303,Trip19,NS,1178
OG0012198,0.221567788538409,0.750939639517691,Trip19,NS,888
OG0012206,0.329984649758421,0.517327751980313,Trip19,NS,689
OG0012210,0.029134693206095498,0.760591529306797,Trip19,NS,1413
OG0012213,0.400537929583729,0.0230271882460491,Trip19,NS,568
OG0012220,-0.0380063225797449,0.91803909279284,Trip19,NS,1633
OG0012221,0.619178216059069,0.00995038490659379,Trip19,NS,320
OG0012223,-0.31114825613412,0.294247886772054,Trip19,NS,2390
OG0012249,0.54794331129035,0.0936577931310191,Trip19,NS,385
OG0012262,-0.316528107144772,0.0629273456307403,Trip19,NS,2402
OG0012280,0.321928094887362,0.467133739193454,Trip19,NS,715
OG0012281,-0.394031641158542,0.0591036439934487,Trip19,NS,2580
OG0012283,0.480265122054463,0.0998654703124615,Trip19,NS,462
OG0012287,-0.104697378666693,0.637326195256464,Trip19,NS,1811
OG0012291,0.120351940365222,0.549008481435239,Trip19,NS,1144
OG0012292,0.254741515943273,0.00777263590921755,Trip19,NS,829
OG0012293,-0.388355456626338,0.130599979074146,Trip19,NS,2560
OG0012295,-0.500217879852688,0.0423915058262012,Trip19,NS,2772
OG0012298,0.586884812852185,0.0384271240108038,Trip19,NS,345
OG0012302,-0.169744675832317,0.639891689372474,Trip19,NS,1996
OG0012306,0.427606172781899,0.649444479535196,Trip19,NS,533
OG0012307,-0.426625473554056,0.049538641358304,Trip19,NS,2647
OG0012318,-0.751465163861321,0.00161300129665581,Trip19,NS,3154
OG0012329,-0.367731784500487,0.504034229127888,Trip19,NS,2522
OG0012342,0.789937868980195,0.0189882007611715,Trip19,NS,208
OG0012343,-0.630393929968162,0.010503621172918901,Trip19,NS,2994
OG0012354,-0.375197234747053,0.0768450154024208,Trip19,NS,2532
OG0012362,-0.763660460831626,3.3306648939706e-4,Trip19,NS,3174
OG0012364,-0.338250400189295,0.0858998345414256,Trip19,NS,2455
OG0012373,0.183962834842595,0.926484204240204,Trip19,NS,969
OG0012374,0.743299527888257,0.034145912263650303,Trip19,NS,246
OG0012380,0.861558419572029,0.0224905413791984,Trip19,NS,167
OG0012391,-0.161653263478769,0.650083903854083,Trip19,NS,1974
OG0012392,-0.713118852211838,0.0447341960822432,Trip19,NS,3096
OG0012395,0.248534836138679,0.143667798492986,Trip19,NS,840
OG0012396,-0.556393348524385,0.0800486031782458,Trip19,NS,2874
OG0012408,-0.494109070270043,0.137886169183451,Trip19,NS,2764
OG0012410,-0.62148837674627,0.0279194753329407,Trip19,NS,2984
OG0012417,-0.00433459026389113,0.455362647747402,Trip19,NS,1516
OG0012426,-0.096961729887088,0.554462652831874,Trip19,NS,1798
OG0012438,0.544979883255804,0.037140702128999,Trip19,NS,386
OG0012440,-0.15200309344505,0.104779355331799,Trip19,NS,1940
OG0012452,-0.192645077942396,0.676868109062737,Trip19,NS,2047
OG0012454,0.00432160595009347,0.831639883352849,Trip19,NS,1486
OG0012471,0.4519479586075055,0.26680516489391,Trip19,NS,501
OG0012476,-0.390245037827557,0.0532655131784831,Trip19,NS,2570
OG0012494,-1.7809089417538,0.00332308050816303,Trip19,DOWN,3595
OG0012514,-0.253257284222264,0.744507003270737,Trip19,NS,2240
OG0012515,2.62854031926276,2.1808097731973e-4,Trip19,UP,19
OG0012519,0.09005992369525515,0.452971823149361,Trip19,NS,1223
OG0012526,-0.045431429247006,0.792983068907283,Trip19,NS,1646
OG0012528,0.0510240030244669,0.480438290093856,Trip19,NS,1341
OG0012535,0.520045024039818,0.324160132882952,Trip19,NS,415
OG0012538,0.183962834842595,0.267827695391736,Trip19,NS,969
OG0012556,-0.558516520417355,0.00698424172928833,Trip19,NS,2877
OG0012571,-0.3538399935334935,0.0123079233761479,Trip19,NS,2489
OG0012572,-0.181149439104566,0.21278447549127,Trip19,NS,2021
OG0012580,-1.32915966411844,0.00939335284954707,Trip19,DOWN,3539
OG0012581,-0.03292066935373225,0.772779301418358,Trip19,NS,1616
OG0012586,0.137503523749935,0.982843612445612,Trip19,NS,1103
OG0012590,0.462575888042204,0.25433038168729,Trip19,NS,491
OG0012593,1.26002565596146,0.0283992985930886,Trip19,UP,86
OG0012598,-0.142417044615852,0.12827524784168,Trip19,NS,1916
OG0012600,-0.181149439104566,0.122273534248172,Trip19,NS,2021
OG0012622,-0.50635266602479,0.121230938341376,Trip19,NS,2782
OG0012634,0.31034012061215,0.444398568523109,Trip19,NS,736
OG0012642,0.564622052436981,0.373417939172216,Trip19,NS,368
OG0012643,-0.2408532946687775,0.182751787908263,Trip19,NS,2204
OG0012645,-0.4656302046638474,0.0318145294771671,Trip19,NS,2708
OG0012648,-0.736965594166206,0.0142961715582805,Trip19,NS,3134
OG0012655,0.526068811667588,0.0200945391142115,Trip19,NS,410
OG0012659,-0.279283757478869,0.102793051840699,Trip19,NS,2305
OG0012663,-0.15360697914764,0.452971823149361,Trip19,NS,1944
OG0012675,0.4264468748848985,0.0181276598116013,Trip19,NS,536
OG0012681,-0.751465163861321,0.00589344142914716,Trip19,NS,3154
OG0012686,0.784922701562861,0.0880228561629151,Trip19,NS,212
OG0012692,-0.314732593483158,0.322829724916562,Trip19,NS,2399
OG0012693,-1.09850554495243,0.0141565086396583,Trip19,DOWN,3446
OG0012700,-0.189351252217354,0.297519467372132,Trip19,NS,2038
OG0012704,-0.345564459154601,0.488825299141127,Trip19,NS,2471
OG0012709,-0.828793172581858,0.276698784745226,Trip19,NS,3235
OG0012718,-0.46394709975979,0.0897927890270444,Trip19,NS,2703
OG0012719,-0.3298544602320225,0.0476692493267613,Trip19,NS,2438
OG0012725,-0.163267919540864,0.5621733214676,Trip19,NS,1980
OG0012731,0.779890039340047,0.00363901187208585,Trip19,NS,213
OG0012732,-0.50635266602479,0.0459623714977406,Trip19,NS,2782
OG0012738,0.150559676575381,0.103380820316291,Trip19,NS,1058
OG0012740,-0.897006006676674,0.296029578384299,Trip19,NS,3297
OG0012745,-0.579921884020626,4.7993920492952e-4,Trip19,NS,2922
OG0012748,-1.03800632257974,0.0656023023292711,Trip19,NS,3412
OG0012755,0.0989584800881688,0.977622678597887,Trip19,NS,1197
OG0012766,0.0772429989324604,0.280592604897185,Trip19,NS,1264
OG0012775,0.277389698810864,0.405928888052592,Trip19,NS,785
OG0012793,0.0157829972409275,0.572019524316556,Trip19,NS,1453
OG0012794,-0.270555993166337,0.2847465039954,Trip19,NS,2287
OG0012815,0.00288250853312136,0.790110052414226,Trip19,NS,1490
OG0012824,0.140124223909071,0.238659445427118,Trip19,NS,1096
OG0012843,-0.0335695326937018,0.767554201475999,Trip19,NS,1617
OG0012855,0.357270475679559,0.0106570334813348,Trip19,NS,636
OG0012873,-1.67116353577046,0.24405094050335,Trip19,NS,3589
OG0012874,-0.0499049058263139,0.470021399684478,Trip19,NS,1657
OG0012875,0.216610068742442,0.406314048792676,Trip19,NS,903
OG0012887,0.128293401009818,0.806820890090244,Trip19,NS,1120
OG0012906,-0.9530847141824315,0.0338041162493719,Trip19,NS,3347
OG0012912,-0.026205070347394,0.812515900481953,Trip19,NS,1583
OG0012915,-0.194294815161489,0.406314048792676,Trip19,NS,2055
OG0012916,-0.412922086608726,0.0633277029469168,Trip19,NS,2619
OG0012924,0.572404647390332,0.108031113760925,Trip19,NS,362
OG0012925,-0.0291463456595165,0.961975135164944,Trip19,NS,1595
OG0012929,0.511973981781801,0.0783109634274119,Trip19,NS,423
OG0012938,0.541019153133559,0.0192808767916465,Trip19,NS,392
OG0012941,-0.62816238266958,0.0179306062586437,Trip19,NS,2991
OG0012958,-0.145605322246899,0.457570178629294,Trip19,NS,1919
OG0012963,-0.05940889759549585,0.572019524316556,Trip19,NS,1691
OG0012974,-1.07704103576383,0.0312482988367731,Trip19,DOWN,3436
OG0012983,0.54399071966485,0.0631072000897371,Trip19,NS,388
OG0012984,0.674460651560259,0.182922572852351,Trip19,NS,279
OG0012985,0.0229004021100788,0.643259175989922,Trip19,NS,1428
OG0012986,-0.377069649079823,0.222016825934365,Trip19,NS,2540
OG0013000,-0.41888982477445,0.0596020996579803,Trip19,NS,2631
OG0013011,0.172487515510134,0.922119058538983,Trip19,NS,994
OG0013019,0.124328135002202,0.422373582263228,Trip19,NS,1134
OG0013031,-0.826232932263294,0.110149449465892,Trip19,NS,3233
OG0013034,-0.231074664436249,0.299811406756686,Trip19,NS,2172
OG0013037,0.0200576523412535,0.415204523219869,Trip19,NS,1439
OG0013038,-0.15200309344505,0.0618103729476375,Trip19,NS,1940
OG0013044,-0.531156057025363,0.109673921726348,Trip19,NS,2835
OG0013050,-0.158429362604483,0.901054697465068,Trip19,NS,1965
OG0013053,-0.118726938570751,0.34137613760796,Trip19,NS,1847
OG0013056,-0.106249498279434,0.638010052821961,Trip19,NS,1814
OG0013058,0.332278283056929,0.855024664979542,Trip19,NS,681
OG0013074,0.212880566344385,0.817890767526738,Trip19,NS,909
OG0013076,0.301002256032814,0.497445807410687,Trip19,NS,750
OG0013077,-1.19429481516149,0.00793310583075527,Trip19,DOWN,3494
OG0013078,0.585923976958601,0.0552322478980668,Trip19,NS,346
OG0013113,-0.79836613883035,0.00859426149237359,Trip19,NS,3206
OG0013118,0.142740172116082,0.817890767526738,Trip19,NS,1087
OG0013124,-0.926865295369785,0.0294481850232181,Trip19,NS,3321
OG0013131,0.204140716780225,0.801718820124303,Trip19,NS,926
OG0013143,-0.16675348981535956,0.836397598716507,Trip19,NS,1988
OG0013144,0.249748715083569,0.465922370875116,Trip19,NS,837
OG0013150,-0.13764780046798,0.513075883043234,Trip19,NS,1899
OG0013165,-0.508403405589552,3.4215531841584e-4,Trip19,NS,2787
OG0013173,-0.117161344232749,0.324160132882952,Trip19,NS,1840
OG0013178,-0.369594528517677,0.172727077117643,Trip19,NS,2526
OG0013179,-0.352915787371046,0.245968650513342,Trip19,NS,2484
OG0013186,0.0313951962755343,0.684762541375854,Trip19,NS,1403
OG0013188,-0.715485866755755,0.173055015513904,Trip19,NS,3100
OG0013189,0.0468402542029724,0.730021931980644,Trip19,NS,1353
OG0013195,0.0384361816561079,0.612489882268393,Trip19,NS,1385
OG0013200,-1.23107466443625,0.130751972361311,Trip19,NS,3511
OG0013207,-0.214240225572989,0.148954567116459,Trip19,NS,2120
OG0013211,-0.483984852996335,0.080679207215534,Trip19,NS,2747
OG0013214,-0.123433941248279,0.547980332940444,Trip19,NS,1865
OG0013215,0.321928094887362,0.872274000813168,Trip19,NS,715
OG0013219,0.038279547565802506,0.477557059445556,Trip19,NS,1387
OG0013238,-0.284545872884282,0.122315331449372,Trip19,NS,2322
OG0013242,-0.307572801910292,0.241741512580427,Trip19,NS,2383
OG0013243,-0.305788392232109,0.322829724916562,Trip19,NS,2377
OG0013248,0.517023672064581,0.0806980234622553,Trip19,NS,417
OG0013251,-0.147202107181229,0.558846574327238,Trip19,NS,1923
OG0013253,-0.749038426466781,0.0334686447918404,Trip19,NS,3149
OG0013266,-0.6544116015939381,0.0268097393152895,Trip19,NS,3025
OG0013268,-0.380821783940931,0.169780468556183,Trip19,NS,2548
OG0013269,-0.926865295369785,0.0406254427925816,Trip19,NS,3321
OG0013274,-0.486004020632987,0.10305109606958,Trip19,NS,2752
OG0013281,-0.174621396107069,0.161834194596682,Trip19,NS,2010
OG0013282,0.324234562270531,0.69394412127223,Trip19,NS,707
OG0013289,-0.0619024389259069,0.652367970902958,Trip19,NS,1695
OG0013293,-0.117161344232749,0.229084239173092,Trip19,NS,1840
OG0013308,0.252173413202027,0.0142845236124177,Trip19,NS,831
OG0013309,-0.210896782498619,0.231392207590179,Trip19,NS,2110
OG0013321,0.768078435016455,0.0644195581414164,Trip19,NS,220
OG0013328,-0.510457064357526,0.274166372839651,Trip19,NS,2792
OG0013329,0.00575926928868495,0.40511106040051,Trip19,NS,1484
OG0013336,-0.9699347929556476,0.0221057330182524,Trip19,NS,3357
OG0013338,-0.62148837674627,0.253402838822033,Trip19,NS,2984
OG0013346,0.922197848396367,0.390182988108605,Trip19,NS,152
OG0013349,-1.05289494843213,0.425788094267122,Trip19,NS,3423
OG0013350,2.00108161572545,0.0158236506158212,Trip19,UP,31
OG0013356,-0.377069649079823,0.221023045453767,Trip19,NS,2540
OG0013364,0.130930869826449,0.968770052045664,Trip19,NS,1117
OG0013365,0.329984649758421,0.794099391916689,Trip19,NS,689
OG0013366,0.457331625485014,0.0978253270708075,Trip19,NS,495
OG0013373,0.0881415968690176,0.785875759612557,Trip19,NS,1227
OG0013374,-0.288700494399243,0.19443368352069,Trip19,NS,2331
OG0013377,0.1710788041768,0.0897927890270444,Trip19,NS,1001
OG0013384,0.903809558578697,0.00477041250628842,Trip19,NS,157
OG0013391,-0.41888982477445,0.0224815032898949,Trip19,NS,2631
OG0013400,-0.577766999316952,0.0577601772583404,Trip19,NS,2919
OG0013401,-0.172993990361023,0.37553512226477,Trip19,NS,2005
OG0013403,0.063502942306158,0.651470716101149,Trip19,NS,1300
OG0013405,0.768078435016455,0.150698384143676,Trip19,NS,220
OG0013417,-0.382701517159154,0.230056850382999,Trip19,NS,2553
OG0013422,0.258876198402223,0.0451287280746537,Trip19,NS,820
OG0013429,-0.44418384493836,0.0600890069060114,Trip19,NS,2673
OG0013440,-1.10469737866669,6.8522830761064e-4,Trip19,DOWN,3451
OG0013447,1.44413695658759,0.00570086173487267,Trip19,UP,56
OG0013461,-0.582079992188035,0.154478915193685,Trip19,NS,2926
OG0013466,0.0114956388378294,0.676903877961948,Trip19,NS,1469
OG0013504,-0.694321256757713,0.0694047848697679,Trip19,NS,3076
OG0013524,-0.168122758808327,0.131956511740306,Trip19,NS,1990
OG0013538,-0.329159664118438,0.141221415405413,Trip19,NS,2433
OG0013540,-0.222632890549587,0.47389288754734,Trip19,NS,2141
OG0013548,0.252173413202027,0.0326302150344463,Trip19,NS,831
OG0013554,-0.403541860441014,0.0374721332513177,Trip19,NS,2605
OG0013557,0.166072675946706,0.0825341629283762,Trip19,NS,1013
OG0013568,0.888348475379713,3.3176096033903e-4,Trip19,NS,163
OG0013575,0.151858816727005,0.980155363135776,Trip19,NS,1053
OG0013578,-0.5592741874956105,0.0147771626113858,Trip19,NS,2885
OG0013582,1.04823618565285,0.229121881270146,Trip19,NS,123
OG0013605,-0.356605546520108,0.119882710952483,Trip19,NS,2492
OG0013614,1.54002726925751,0.00247429422569558,Trip19,UP,49
OG0013632,-0.0755200076409777,0.790508577233815,Trip19,NS,1733
OG0013633,0.295135249000818,0.0797938747311509,Trip19,NS,760
OG0013641,-0.362157939675895,0.0612277508572448,Trip19,NS,2506
OG0013645,0.199122642013601,0.523677133373711,Trip19,NS,938
OG0013654,0.00575926928868495,0.857437212909428,Trip19,NS,1484
OG0013655,0.835924074254375,0.00677164230814281,Trip19,NS,185
OG0013659,0.238786859587116,0.868007906153487,Trip19,NS,859
OG0013665,-0.599462070416271,8.457095539223e-4,Trip19,NS,2957
OG0013671,0,0.56633129689582,Trip19,NS,1499
OG0013678,-0.899695094204314,0.0102546880190612,Trip19,NS,3302
OG0013682,-0.279283757478869,0.0707115004439814,Trip19,NS,2305
OG0013683,1.35614381022528,0.111060581306065,Trip19,NS,66
OG0013687,0.0621217119077975,0.565876170013801,Trip19,NS,1305
OG0013691,-0.0938790470029001,0.517327751980313,Trip19,NS,1788
OG0013692,2.24549566281992,7.3677966493859e-4,Trip19,UP,26
OG0013697,3.6585542606509,0.0223944215118042,Trip19,UP,4
OG0013726,-0.236163541109049,0.103380820316291,Trip19,NS,2191
OG0013727,-1.08926733809709,0.0568229296855186,Trip19,NS,3440
OG0013732,-0.50635266602479,0.122312130412828,Trip19,NS,2782
OG0013739,0.17453540999356548,0.174642871989556,Trip19,NS,992
OG0013744,0.830255324167683,0.10305109606958,Trip19,NS,189
OG0013752,0.293958979028694,0.0984888238679026,Trip19,NS,762
OG0013757,0.6430857255535095,0.0368821925688204,Trip19,NS,302
OG0013762,0.58111017522555,0.0440777167108663,Trip19,NS,350
OG0013764,0.441483479582645,0.137999998209325,Trip19,NS,510
OG0013768,-0.026205070347394,0.601059450057947,Trip19,NS,1583
OG0013769,0.36513259345253,0.039983763232986,Trip19,NS,620
OG0013781,-0.298672742587059,0.154117626384649,Trip19,NS,2358
OG0013782,-0.18811338094429544,0.200327748760297,Trip19,NS,2037
OG0013785,0.368489000645104,0.0973679386108095,Trip19,NS,617
OG0013788,-1.06793882865658,0.0170787641469501,Trip19,DOWN,3429
OG0013792,-0.232768962976124,0.572329478222121,Trip19,NS,2179
OG0013819,-0.0291463456595165,0.718160812193337,Trip19,NS,1595
OG0013825,0.356143810225275,0.114252349005605,Trip19,NS,639
OG0013834,0.126972856257766,0.38338136571354,Trip19,NS,1122
OG0013841,-0.446148031818874,0.00151309475723175,Trip19,NS,2676
OG0013842,-0.821126041830205,0.223756293863972,Trip19,NS,3226
OG0013845,-0.194294815161489,0.353769828900137,Trip19,NS,2055
OG0013847,-0.4872318464961435,0.0278658736966797,Trip19,NS,2756
OG0013850,-0.352915787371046,0.0822298724091538,Trip19,NS,2484
OG0013853,0.596458139558986,0.0286072445342803,Trip19,NS,338
OG0013856,-0.114035243246029,0.853549992665621,Trip19,NS,1836
OG0013863,-0.00144341686966872,0.786770611562832,Trip19,NS,1507
OG0013882,0.18224475498242046,0.523677133373711,Trip19,NS,974
OG0013887,-0.469929257774916,0.0656693123791034,Trip19,NS,2722
OG0013890,0.02234673468984799,0.61539805547928506,Trip19,NS,1433
OG0013899,-0.160040412510468,0.639863233089075,Trip19,NS,1970
OG0013902,0.343692069179019,0.0471961787817186,Trip19,NS,658
OG0013912,-0.467932447710969,0.219276066049257,Trip19,NS,2717
OG0013919,-0.720231578406405,0.00332308050816303,Trip19,NS,3109
OG0013925,1.1609201881811,0.0495691475625528,Trip19,UP,103
OG0013926,-0.4656302046638475,0.0140990377115835,Trip19,NS,2709
OG0013939,-0.0499049058263139,0.764999202930476,Trip19,NS,1657
OG0013941,-0.272297327162762,0.0321853262823806,Trip19,NS,2293
OG0013955,-0.332789087519129,0.0660584943279358,Trip19,NS,2442
OG0013957,-0.212567535483132,0.461837635729969,Trip19,NS,2114
OG0013961,0.364012053558615,0.0569521402547826,Trip19,NS,624
OG0013966,0.144046369616707,0.409392438059005,Trip19,NS,1081
OG0013974,-0.2109441333064045,0.110600129707676,Trip19,NS,2113
OG0013978,-1.31832585820717,0.0500928933443491,Trip19,NS,3535
OG0013987,-0.472691047429873,0.0579689758450606,Trip19,NS,2728
OG0013989,-0.0380063225797449,0.48410102905283,Trip19,NS,1633
OG0014008,-0.86775220170156,0.0825341629283762,Trip19,NS,3270
OG0014019,-0.691988685447822,0.334720058177693,Trip19,NS,3071
OG0014026,-0.10045303043029831,0.314865265841728,Trip19,NS,1804
OG0014030,-0.2822454399555495,0.100049711107443,Trip19,NS,2315
OG0014037,-0.875671864997798,3.2246911188539e-4,Trip19,NS,3277
OG0014041,0.42867840994823,0.628899976971655,Trip19,NS,530
OG0014048,-0.194294815161489,0.452971823149361,Trip19,NS,2055
OG0014055,-0.415037499278844,0.051849965805972,Trip19,NS,2623
OG0014056,-0.623709616662948,0.0103231554886008,Trip19,NS,2987
OG0014062,-0.347398782403481,0.140282405731853,Trip19,NS,2474
OG0014076,0.909197062991687,0.00369128826298621,Trip19,NS,155
OG0014077,-0.112474729258412,0.93818897188731,Trip19,NS,1830
OG0014079,-0.514573172829758,0.0885754116952806,Trip19,NS,2800
OG0014081,0.60502015306241,0.00229823386226225,Trip19,NS,329
OG0014089,-0.734563103950902,0.0805777718512207,Trip19,NS,3129
OG0014101,-0.260151897300673,0.048587762067939,Trip19,NS,2259
OG0014103,-0.935117148415146,0.0396233772203047,Trip19,NS,3327
OG0014108,-1.0086822430998,0.0614629878770772,Trip19,NS,3390
OG0014109,-0.345564459154601,0.0959141062400287,Trip19,NS,2471
OG0014118,2.89005751138785,0.0312105601451898,Trip19,UP,15
OG0014120,0.160920188181103,0.786944674819301,Trip19,NS,1027
OG0014123,-0.194294815161489,0.0457008699403722,Trip19,NS,2055
OG0014125,0.140124223909071,0.20328778390084,Trip19,NS,1096
OG0014133,0.147957881387101,0.493241186483532,Trip19,NS,1069
OG0014135,1.177371632800246,0.0263203143473463,Trip19,UP,101
OG0014137,-0.195946441032647,0.0474922513304731,Trip19,NS,2064
OG0014143,-0.02996549947106055,0.487223039669474,Trip19,NS,1605
OG0014157,-0.0877333719335504,0.304783352696005,Trip19,NS,1765
OG0014160,-0.229382353343797,0.566098315089008,Trip19,NS,2168
OG0014168,0.0356239097307212,0.765204901830994,Trip19,NS,1394
OG0014175,-0.08943389749487252,0.517327751980313,Trip19,NS,1773
OG0014192,0.154453592679872,0.853549992665621,Trip19,NS,1047
OG0014198,-0.365871442474959,0.0317768797252156,Trip19,NS,2515
OG0014202,-0.388355456626338,0.0484742602173831,Trip19,NS,2560
OG0014218,-0.1909145081889676,0.291374483107414,Trip19,NS,2042
OG0014247,-0.182786075741673,0.103567402084833,Trip19,NS,2024
OG0014252,-0.248107861595691,0.207788284061981,Trip19,NS,2222
OG0014256,0.500802053057158,0.161205680131427,Trip19,NS,435
OG0014265,0.0398402645317911,0.875154279406523,Trip19,NS,1378
OG0014274,-1.04990490582631,8.1434764830487e-4,Trip19,DOWN,3420
OG0014275,-0.810966175609983,0.192156115769317,Trip19,NS,3217
OG0014288,1.21661006874244,9.60955992728286e-5,Trip19,UP,94
OG0014293,-0.00288827932482651,0.408796315425456,Trip19,NS,1513
OG0014294,0.309176187478515,0.812197662609288,Trip19,NS,738
OG0014298,-0.803392955905182,0.0304403064672645,Trip19,NS,3211
OG0014301,0.635057829725214,0.0199720913597004,Trip19,NS,307
OG0014329,0.487486349348536,0.0928219987539294,Trip19,NS,457
OG0014331,0.168642035558839,0.853549992665621,Trip19,NS,1006
OG0014334,0.00288250853312136,0.970625801137223,Trip19,NS,1490
OG0014336,-0.698997743967186,0.18477940167737,Trip19,NS,3079
OG0014345,0.13312641609263065,0.254268780486054,Trip19,NS,1114
OG0014364,-0.0322022377607145,0.822690470443791,Trip19,NS,1615
OG0014368,-0.9892544508194816,0.00429173711127567,Trip19,NS,3374
OG0014370,0.119024103142275,0.30710690366536,Trip19,NS,1148
OG0014372,-0.0188780102056894,0.953480214447382,Trip19,NS,1554
OG0014381,-0.0877333719335504,0.88826091977665,Trip19,NS,1765
OG0014382,0.10701824988212,0.642323715685001,Trip19,NS,1172
OG0014383,0.220329954879556,0.31914720189914503,Trip19,NS,891
OG0014390,-0.49817873457909,0.0334686447918404,Trip19,NS,2770
OG0014402,-0.0923401721467106,0.767217175927196,Trip19,NS,1781
OG0014422,-1.04097178105631,0.0102701362373365,Trip19,DOWN,3415
OG0014424,-0.533242384273829,0.0581659568680242,Trip19,NS,2842
OG0014426,-0.0115879742752118,0.659612208098333,Trip19,NS,1541
OG0014428,3.22265002245148,0.0130295443790763,Trip19,UP,8
OG0014434,-0.0276749584428483,0.414514595694193,Trip19,NS,1588
OG0014436,-0.0144995696951151,0.47110145584716,Trip19,NS,1548
OG0014438,0.414676780426886,0.28551098472875,Trip19,NS,550
OG0014451,-0.401634794676355,0.01991871427776,Trip19,NS,2599
OG0014461,-6.069085055067473e-4,0.913874708425547,Trip19,NS,1506
OG0014466,-1.23446525363702,0.00385656035721662,Trip19,DOWN,3512
OG0014468,-0.545824106814198,0.996244664472372,Trip19,NS,2858
OG0014473,-0.475936324222789,0.0572472978394342,Trip19,NS,2732
OG0014482,-1.56064282152574,0.0807393293778629,Trip19,NS,3577
OG0014483,-0.186064929518683,0.558846574327238,Trip19,NS,2029
OG0014488,-0.537424111957796,0.0317768797252156,Trip19,NS,2846
OG0014496,-0.926865295369785,4.7993920492952e-4,Trip19,NS,3321
OG0014504,0.217851096811131,0.428189820908657,Trip19,NS,901
OG0014511,-0.492078535042672,0.0445863629117155,Trip19,NS,2761
OG0014514,0.557777671394926,0.123108390048444,Trip19,NS,376
OG0014518,-0.194294815161489,0.485448877690193,Trip19,NS,2055
OG0014520,-0.22431729826094,0.7963983671568,Trip19,NS,2147
OG0014526,-0.251538766995964,0.0811339225816381,Trip19,NS,2232
OG0014564,0.034215715337913,0.711567237363934,Trip19,NS,1397
OG0014572,0.727702672837238,0.10789359926318,Trip19,NS,255
OG0014578,-0.7640077849769149,6.8522830761064e-4,Trip19,NS,3178
OG0014585,-0.405451450449646,0.0213333534437037,Trip19,NS,2609
OG0014593,0.280956313831056,0.809926170190119,Trip19,NS,781
OG0014599,-0.63262893435147,0.0101851065863427,Trip19,NS,2999
OG0014628,-0.545824106814198,0.00271616553625546,Trip19,NS,2858
OG0014638,3.26363540356833,0.162636726341925,Trip19,NS,7
OG0014646,0.377401430785794,0.786770611562832,Trip19,NS,603
OG0014651,-0.164884384741782,0.38951708691868703,Trip19,NS,1983
OG0014659,0.489542935642474,0.181254844052754,Trip19,NS,453
OG0014672,0.124328135002202,0.658455695347693,Trip19,NS,1134
OG0014682,0.291603558030565,0.118796454308797,Trip19,NS,767
OG0014697,1.79659775404831,0.0258314423465259,Trip19,UP,38
OG0014707,-0.227692025041597,0.615839327658227,Trip19,NS,2161
OG0014709,-0.354759487354735,0.229084239173092,Trip19,NS,2490
OG0014711,-0.878321443411748,0.0333602226500336,Trip19,NS,3280
OG0014731,-0.199255376063222,0.152062984520141,Trip19,NS,2076
OG0014741,-0.586405917590825,0.00719317295656329,Trip19,NS,2935
OG0014766,0.414676780426886,0.638742715967124,Trip19,NS,550
OG0014768,-0.32373259173411,0.0122304782509735,Trip19,NS,2419
OG0014769,-0.395928676331139,0.00834161429318907,Trip19,NS,2584
OG0014773,-0.09131116425172105,0.238659445427118,Trip19,NS,1780
OG0014780,0.364012053558615,0.00800691414994782,Trip19,NS,624
OG0014783,-0.00433459026389113,0.614444206552903,Trip19,NS,1516
OG0014803,0.22650852980868,0.619657234208979,Trip19,NS,879
OG0014805,-0.564904848379903,0.0136497754902912,Trip19,NS,2898
OG0014809,-0.57132159005177,0.692181881267832,Trip19,NS,2906
OG0014816,-0.763660460831626,0.00573754633518637,Trip19,NS,3174
OG0014817,0.136191386287144,0.362651398165571,Trip19,NS,1107
OG0014829,0.0648828515848544,0.836397598716507,Trip19,NS,1294
OG0014838,0.396159489073155,0.467663654364856,Trip19,NS,573
OG0014844,-1.19099722506091,0.00730218759854137,Trip19,DOWN,3492
OG0014849,-0.526992432083826,0.0407101128265667,Trip19,NS,2824
OG0014851,-0.0603972796439563,0.399508676038039,Trip19,NS,1692
OG0014852,-0.529072742524873,0.433724015367496,Trip19,NS,2828
OG0014856,0.012147072271969789,0.764999202930476,Trip19,NS,1466
OG0014863,-0.795859283219775,0.00787623640430327,Trip19,NS,3204
OG0014866,1.70884937710518,0.0462754526466815,Trip19,UP,41
OG0014879,-0.537424111957796,0.364252561152841,Trip19,NS,2846
OG0014883,-0.110915901401851,0.358569306709063,Trip19,NS,1826
OG0014898,-0.0218043703183484,0.91339600152088,Trip19,NS,1566
OG0014902,-0.0938790470029001,0.481238863917051,Trip19,NS,1788
OG0014907,-0.045431429247006,0.436194076440068,Trip19,NS,1646
OG0014908,0.531069492725954,0.364241245883921,Trip19,NS,402
OG0014921,0.498761465671852,0.0512796719814945,Trip19,NS,437
OG0014929,1.36232961017157,0.454570517412071,Trip19,NS,63
OG0014938,-0.641603738043346,0.431370622929088,Trip19,NS,3008
OG0014947,-0.219269963523624,0.318283867620885,Trip19,NS,2134
OG0014954,1.00791308164326,2.3820323148169e-4,Trip19,UP,134
OG0014955,0.0257375614136083,0.997839063122717,Trip19,NS,1419
OG0014958,-0.816037165157405,0.013500377825093,Trip19,NS,3220
OG0014966,1.07519031415522,0.00255138796626261,Trip19,UP,119
OG0014972,-0.539519529959989,0.08455734397876,Trip19,NS,2851
OG0014976,-0.38458370273713,0.229725719384072,Trip19,NS,2555
OG0014979,-0.0350469470992008,0.253330487604136,Trip19,NS,1624
OG0014980,0.507921464957328,0.0327435131583092,Trip19,NS,426
OG0014984,-0.603840510926846,0.0497038491598858,Trip19,NS,2962
OG0014987,0.070389327891398,0.509087369279903,Trip19,NS,1278
OG0014993,-0.100051013810328,0.859304480445651,Trip19,NS,1802
OG0014995,-0.227692025041597,0.26124707634419,Trip19,NS,2161
OG0015001,0.146655222119465,0.834429471689841,Trip19,NS,1074
OG0015022,0.192825403552391,0.562085457482032,Trip19,NS,953
OG0015023,-0.190997225060914,0.367591274170628,Trip19,NS,2043
OG0015024,-0.785875194647153,0.0266147012720884,Trip19,NS,3198
OG0015036,0.0172092900322231,0.888137490397284,Trip19,NS,1450
OG0015043,0.0989584800881688,0.945929871943724,Trip19,NS,1197
OG0015047,0.408168370708106,0.354025726652527,Trip19,NS,560
OG0015052,0.438292851579147,0.73288861437602,Trip19,NS,515
OG0015055,0.0510240030244669,0.698662625240492,Trip19,NS,1341
OG0015058,-0.347398782403481,0.303153654218816,Trip19,NS,2474
OG0015066,0.0200576523412535,0.82369035723548,Trip19,NS,1439
OG0015087,-0.121863233373052,0.926484204240204,Trip19,NS,1861
OG0015093,-1.15521264992094,0.0116865349566702,Trip19,DOWN,3475
OG0015100,0.26663664251399,0.608046947061777,Trip19,NS,803
OG0015113,-0.442222328605074,0.167432005716688,Trip19,NS,2668
OG0015121,0.0468402542029724,0.863272614773029,Trip19,NS,1353
OG0015124,-0.526992432083826,0.0756207357287894,Trip19,NS,2824
OG0015131,0.370722275148167,0.152075786238073,Trip19,NS,612
OG0015134,2.46100460993347,0.0822298724091538,Trip19,NS,23
OG0015160,-0.4307447821331335,0.0179643758973623,Trip19,NS,2655
OG0015161,2.50563691176277,0.102235047547669,Trip19,NS,22
OG0015171,0.267835392097615,0.182084494862249,Trip19,NS,797
OG0015182,-0.0424567992428948,0.518691397351101,Trip19,NS,1642
OG0015191,-0.577766999316952,0.00326743327792771,Trip19,NS,2919
OG0015200,-0.766111939825723,0.0936577931310191,Trip19,NS,3179
OG0015202,-0.12590851393636326,0.312050686432571,Trip19,NS,1876
OG0015209,0.037030730944967,0.434805504903337,Trip19,NS,1389
OG0015214,0.0922074380970889,0.89915051148697,Trip19,NS,1213
OG0015224,1.5119739817818,0.00613066466579465,Trip19,UP,51
OG0015226,-1.96015973546821,0.00157972897578456,Trip19,DOWN,3604
OG0015228,0.364012053558615,0.261078927066097,Trip19,NS,624
OG0015240,-0.706041020971306,0.361490144688139,Trip19,NS,3086
OG0015249,-0.2416777253281457,0.0571289769506053,Trip19,NS,2208
OG0015255,0.216610068742442,0.105128549082979,Trip19,NS,903
OG0015264,-0.00578235259400611,0.556040237363112,Trip19,NS,1525
OG0015271,0.336854639125465,0.548413650866473,Trip19,NS,672
OG0015285,0.0454429707611671,0.721985410446378,Trip19,NS,1357
OG0015291,-1.10159814000781,0.00540612051416545,Trip19,DOWN,3449
OG0015293,-1.22431729826094,0.0271698545157764,Trip19,DOWN,3508
OG0015309,0.741574847418796,0.0089601763330343,Trip19,NS,248
OG0015322,0.0510240030244669,0.927572655588503,Trip19,NS,1341
OG0015342,0.827006009638977,0.00326743327792771,Trip19,NS,191
OG0015352,0.22404027421793,0.0902130468311754,Trip19,NS,885
OG0015364,-1.02914634565952,2.5463277919117e-5,Trip19,DOWN,3408
OG0015368,0.242406260256283,0.0912480482238121,Trip19,NS,856
OG0015370,-0.186064929518683,0.900572395947392,Trip19,NS,2029
OG0015372,-0.524915117051217,0.185961053835863,Trip19,NS,2818
OG0015380,0.540027269257507,0.207788284061981,Trip19,NS,394
OG0015384,-0.4685965162633645,0.20280643014334,Trip19,NS,2721
OG0015391,0.534061602421118,0.132253216260127,Trip19,NS,400
OG0015393,0.603121869839996,0.171913475681695,Trip19,NS,332
OG0015397,0.204140716780225,0.106768606197592,Trip19,NS,926
OG0015409,0.128293401009818,0.777747116393604,Trip19,NS,1120
OG0015412,-0.166502663140165,0.549008481435239,Trip19,NS,1986
OG0015413,0.1169771524271114,0.37723612442472,Trip19,NS,1155
OG0015420,-0.261880711217424,0.327402058397377,Trip19,NS,2266
OG0015422,-0.816037165157405,0.0162496727334129,Trip19,NS,3220
OG0015426,0.0313951962755343,0.578617601075439,Trip19,NS,1403
OG0015427,0.0894981508391026,0.703236254858439,Trip19,NS,1224
OG0015432,-0.800877357986399,0.239078756962687,Trip19,NS,3207
OG0015435,-0.279283757478869,0.0425951880298311,Trip19,NS,2305
OG0015441,0.0356239097307212,0.88826091977665,Trip19,NS,1394
OG0015446,-0.199255376063222,0.455496621057776,Trip19,NS,2076
OG0015455,0.0935601761623378,0.738116861991371,Trip19,NS,1209
OG0015456,0.00719550140420377,0.715330910126881,Trip19,NS,1477
OG0015458,-0.0276749584428483,0.92264420750168,Trip19,NS,1588
OG0015464,-0.4085267527444485,1.8077629152017e-4,Trip19,NS,2611
OG0015465,0.0412429822318813,0.817165973045773,Trip19,NS,1372
OG0015466,-0.880975896857725,0.00499343991727976,Trip19,NS,3282
OG0015470,-0.588573754273535,0.409726698534909,Trip19,NS,2939
OG0015472,-0.994240730711315,0.118796454308797,Trip19,NS,3377
OG0015476,0.423309237242387,0.0983026626797518,Trip19,NS,542
OG0015479,-0.327348370671615,0.364792247220529,Trip19,NS,2430
OG0015482,0.42867840994823,0.21311531426254,Trip19,NS,530
OG0015494,-0.289827251720338,0.326372934746257,Trip19,NS,2333
OG0015502,-0.207561069935362,0.362688064884068,Trip19,NS,2098
OG0015513,0.189033824390017,0.188513135104034,Trip19,NS,958
OG0015520,-1.01741705307741,0.00834161429318907,Trip19,DOWN,3400
OG0015523,-0.0528949484321255,0.410249102357835,Trip19,NS,1670
OG0015533,-1.09850554495243,0.0185898627090384,Trip19,DOWN,3446
OG0015539,-0.44418384493836,0.119882710952483,Trip19,NS,2673
OG0015547,-0.0306192350583921,0.964876907214677,Trip19,NS,1606
OG0015558,-1.33642766458248,0.0162983833245117,Trip19,DOWN,3541
OG0015571,-0.267079617891743,0.262737334302122,Trip19,NS,2278
OG0015577,1.01863417413905,2.8216109822283e-4,Trip19,UP,131
OG0015579,0.399444564589458,0.0197711567729045,Trip19,NS,569
OG0015580,-0.318325858207167,0.615401252756192,Trip19,NS,2404
OG0015584,0.399444564589458,0.00907948041565841,Trip19,NS,569
OG0015599,-0.537424111957796,0.0198777833067902,Trip19,NS,2846
OG0015602,-0.717856771218502,0.0974661687778983,Trip19,NS,3105
OG0015604,0.258217389536018,0.0879051310110854,Trip19,NS,822
OG0015605,0.3350281232298,0.254672995820283,Trip19,NS,677
OG0015607,-0.758769964484555,0.0744886685986157,Trip19,NS,3166
OG0015612,-0.258425152581204,0.478588086880555,Trip19,NS,2255
OG0015615,0.751035176667862,0.0827700397717682,Trip19,NS,240
OG0015622,0.900721927564115,3.3306648939706e-4,Trip19,NS,159
OG0015628,0.49364733397521,0.00781761898220436,Trip19,NS,449
OG0015629,0.8919116529255859,1.0532048504245e-4,Trip19,NS,162
OG0015654,0.565597175854225,0.00487720442349929,Trip19,NS,366
OG0015676,-0.459972730742493,0.0752482118385045,Trip19,NS,2700
OG0015684,-0.590744853315162,0.082497237508636,Trip19,NS,2945
OG0015699,-0.343732465205711,0.0179643758973623,Trip19,NS,2468
OG0015700,-0.977099597889921,0.0244254196245848,Trip19,NS,3362
OG0015705,0.200378797984026,0.3651285808289,Trip19,NS,937
OG0015706,-0.164884384741782,0.181114415300754,Trip19,NS,1983
OG0015710,0.0510240030244669,0.597367376462114,Trip19,NS,1341
OG0015731,-0.971430847803229,0.436382322652222,Trip19,NS,3358
OG0015752,-0.608232280044003,0.0404346504326624,Trip19,NS,2965
OG0015774,-0.45205668870965,0.00677164230814281,Trip19,NS,2688
OG0015777,-0.117161344232749,0.801311012797467,Trip19,NS,1840
OG0015781,-0.756330919033137,0.0737916063126738,Trip19,NS,3164
OG0015799,1.41683974191283,0.0159115748199293,Trip19,UP,60
OG0015805,-1.00288827932483,0.00224439767346455,Trip19,DOWN,3387
OG0015810,0.150559676575381,0.787672733179103,Trip19,NS,1058
OG0015814,-0.267079617891743,0.299497434084827,Trip19,NS,2278
OG0015816,-0.954557029238833,0.00314211436169394,Trip19,NS,3348
OG0015817,-0.375197234747053,0.00260206920620619,Trip19,NS,2532
OG0015818,0.43722773891291,0.181185927063718,Trip19,NS,517
OG0015832,-0.0291463456595165,0.529599733310878,Trip19,NS,1595
OG0015846,-0.0025653398747898515,0.105559428979529,Trip19,NS,1512
OG0015849,1.22712493444993,0.00172619993168386,Trip19,UP,93
OG0015855,0.326537348139952,0.603382345706266,Trip19,NS,700
OG0015860,0.0538064436957938,0.723102622000516,Trip19,NS,1331
OG0015869,-0.483984852996335,0.0360447551955981,Trip19,NS,2747
OG0015872,0.232660756790275,0.245968650513342,Trip19,NS,867
OG0015882,-0.327348370671615,0.288368872176784,Trip19,NS,2430
OG0015889,-0.110915901401851,0.357992966150673,Trip19,NS,1826
OG0015892,0.119024103142275,0.720607294348188,Trip19,NS,1148
OG0015900,-0.338250400189295,0.0392504750968561,Trip19,NS,2455
OG0015902,-0.120294233717712,0.18587085957003,Trip19,NS,1853
OG0015904,-0.256700472111743,0.291374483107414,Trip19,NS,2250
OG0015923,-0.510457064357526,0.130268436742722,Trip19,NS,2792
OG0015928,0.172487515510134,0.805812325575016,Trip19,NS,994
OG0015932,0.271425676092934,0.306504524585126,Trip19,NS,792
OG0015941,-0.87038726186953,0.0625090716214536,Trip19,NS,3272
OG0015948,-0.1957467592709507,0.075557652375176,Trip19,NS,2063
OG0015961,-0.0276749584428483,0.404579155131739,Trip19,NS,1588
OG0015974,0.248534836138679,0.0506654175357599,Trip19,NS,840
OG0015977,1.32175668235189,7.62469658742468e-5,Trip19,UP,72
OG0015978,-0.997117491466879,0.128477395184862,Trip19,NS,3381
OG0015984,-0.891642821909581,0.076391838742772,Trip19,NS,3290
OG0015988,-0.1788922838843135,0.28628276558968,Trip19,NS,2016
OG0015989,-0.302226180444814,0.395148041290897,Trip19,NS,2366
OG0015990,0.7619786628847964,9.60955992728286e-5,Trip19,NS,227
OG0016029,-0.823677227359537,0.0981274829906564,Trip19,NS,3230
OG0016045,-0.0679388286565756,0.873790045238779,Trip19,NS,1717
OG0016046,-0.83650126771712,0.0454945216551056,Trip19,NS,3246
OG0016049,0.219091058246197,0.410495555932511,Trip19,NS,895
OG0016051,-0.281035664240461,0.120365363068495,Trip19,NS,2310
OG0016053,-0.573466861883327,0.0807035270389199,Trip19,NS,2908
OG0016070,0.553851968181126,0.885776367140357,Trip19,NS,378
OG0016071,0.663572335417523,0.790110052414226,Trip19,NS,292
OG0016079,0.141432790929296,0.173966857209119,Trip19,NS,1090
OG0016084,0.27500704749987,0.0880834953449808,Trip19,NS,789
OG0016106,0.510961919277379,0.366340888642766,Trip19,NS,424
OG0016107,-0.395928676331139,0.092907552008301,Trip19,NS,2584
OG0016110,0.399444564589458,0.335821497568671,Trip19,NS,569
OG0016115,2.9453427989917653,0.00331195109619888,Trip19,UP,13
OG0016132,-0.828793172581858,0.0613631361195143,Trip19,NS,3235
OG0016134,-0.434402824145775,0.122938662317825,Trip19,NS,2657
OG0016137,-0.0232697793228472,0.605942818901615,Trip19,NS,1574
OG0016143,0.0143552929770701,0.852432544383274,Trip19,NS,1454
OG0016167,-0.2827993092749938,0.0671628174640021,Trip19,NS,2319
OG0016184,-0.761213140412883,0.16415630170988,Trip19,NS,3171
OG0016185,-0.821126041830205,0.00486482931324872,Trip19,NS,3226
OG0016199,0.337996463515016,0.253402838822033,Trip19,NS,668
OG0016203,-0.28384417394686623,0.50247900068362,Trip19,NS,2320
OG0016204,-0.2852321868609015,0.348044464674528,Trip19,NS,2325
OG0016209,-0.564904848379903,0.0932689315582998,Trip19,NS,2898
OG0016211,-1.07096652135414,0.135004347109589,Trip19,NS,3433
OG0016218,-0.409278229990159,0.105831587996463,Trip19,NS,2612
OG0016225,-1.01158797427521,0.438199582582501,Trip19,NS,3396
OG0016230,0.49976913185258354,0.0782305156587713,Trip19,NS,436
OG0016233,-0.112474729258412,0.689410505610952,Trip19,NS,1830
OG0016234,-0.45131596007579955,0.00264519057679666,Trip19,NS,2687
OG0016237,-0.828793172581858,0.246179606017294,Trip19,NS,3235
OG0016246,0.271425676092934,0.699126396779193,Trip19,NS,792
OG0016265,-0.592919224549499,0.205301306368952,Trip19,NS,2947
OG0016275,-0.668868077782798,0.141214284962374,Trip19,NS,3047
OG0016281,-0.302226180444814,0.24854275256666,Trip19,NS,2366
OG0016284,0.5623572833430426,3.2553907638925e-4,Trip19,NS,371
OG0016285,-0.261880711217424,0.185961053835863,Trip19,NS,2266
OG0016287,-0.0350469470992008,0.546838193391637,Trip19,NS,1624
OG0016289,-0.710755714843358,2.791365172255e-4,Trip19,NS,3090
OG0016300,-1.07096652135414,0.0377670175072874,Trip19,DOWN,3433
OG0016304,0.27500704749987,0.718809913315652,Trip19,NS,789
OG0016318,1.36120689023873,0.0407548200282734,Trip19,UP,64
OG0016325,-1.52699243208383,0.163343443662484,Trip19,NS,3572
OG0016331,0.037030730944967,0.363170211067289,Trip19,NS,1389
OG0016334,1.56413424345824,0.0459786844904919,Trip19,UP,48
OG0016349,-0.888968687611256,0.523026441871582,Trip19,NS,3288
OG0016350,-0.147202107181229,0.912856277778431,Trip19,NS,1923
OG0016352,-0.3856614464623025,0.0798440065853227,Trip19,NS,2557
OG0016362,0.169925001442312,0.434379131489352,Trip19,NS,1002
OG0016374,-0.364013496254377,0.457570178629294,Trip19,NS,2511
OG0016401,0.175045486110914,0.819217386293909,Trip19,NS,987
OG0016403,0.630405471482323,0.107424928965015,Trip19,NS,311
OG0016407,0.01784432680818143,0.416988252684566,Trip19,NS,1449
OG0016409,0.018634174139051,0.632429833414232,Trip19,NS,1443
OG0016412,-0.0276749584428483,0.350796765553035,Trip19,NS,1588
OG0016418,-0.00723156923107586,0.495927944254785,Trip19,NS,1530
OG0016425,-0.00288827932482651,0.472968247486727,Trip19,NS,1513
OG0016427,0.271425676092934,0.947799653886862,Trip19,NS,792
OG0016428,-0.446148031818874,0.00326743327792771,Trip19,NS,2676
OG0016429,-0.267079617891743,0.349136798828536,Trip19,NS,2278
OG0016431,0.36289064266586,0.0550107782167699,Trip19,NS,627
OG0016440,-0.358453970912476,0.268458417411038,Trip19,NS,2498
OG0016446,-1.13923579737117,0.194513346514838,Trip19,NS,3468
OG0016447,-0.397828209246621,0.845649501107332,Trip19,NS,2593
OG0016448,-0.401634794676355,0.42854360263526,Trip19,NS,2599
OG0016449,-1.07096652135414,0.0103231554886008,Trip19,DOWN,3433
OG0016452,0.144046369616707,0.406314048792676,Trip19,NS,1081
OG0016454,2.94990839795332,6.7088612219577e-4,Trip19,UP,12
OG0016457,0.0398402645317911,0.868007906153487,Trip19,NS,1378
OG0016462,-0.168122758808327,0.250148779566227,Trip19,NS,1990
OG0016482,-1.43050890804128,0.0245242604939116,Trip19,DOWN,3555
OG0016498,-0.360304766600418,0.0675114702417227,Trip19,NS,2500
OG0016503,0.841570637395517,3.1995671739328e-4,Trip19,NS,180
OG0016507,-0.120294233717712,0.700029649232356,Trip19,NS,1853
OG0016508,0.0840642647884745,0.753552018013174,Trip19,NS,1240
OG0016511,0.018634174139051,0.992653105219948,Trip19,NS,1443
OG0016515,0.24000896473507,0.313674120852142,Trip19,NS,858
OG0016519,-0.00433459026389113,0.985807067841949,Trip19,NS,1516
OG0016528,-0.187707155126729,0.523016240389425,Trip19,NS,2036
OG0016531,0.16478627814334,0.205647301638005,Trip19,NS,1017
OG0016532,-1.35107444054688,1.5843134211142e-4,Trip19,DOWN,3542
OG0016536,-0.751465163861321,0.0202840037883054,Trip19,NS,3154
OG0016538,-0.862496476250065,0.0464671037465538,Trip19,NS,3266
OG0016555,-0.446148031818874,0.0716042935301976,Trip19,NS,2676
OG0016556,0.03950571910435949,0.407172264357656,Trip19,NS,1383
OG0016560,-1.49817873457909,0.302579804924458,Trip19,NS,3568
OG0016561,0.464668267003444,0.0476692493267613,Trip19,NS,489
OG0016578,3.10802256251641,0.00275780837598613,Trip19,UP,9
OG0016579,0.0229004021100788,0.565876170013801,Trip19,NS,1428
OG0016584,0.902266569083071,0.00331195109619888,Trip19,NS,158
OG0016585,-0.785875194647153,0.0199479586752465,Trip19,NS,3198
OG0016587,-1.15842936260448,0.0128587910335032,Trip19,DOWN,3479
OG0016591,-0.461958546666336,0.286242080537852,Trip19,NS,2702
OG0016594,-0.729770092762002,0.0971800572633364,Trip19,NS,3118
OG0016597,0.172487515510134,0.926484204240204,Trip19,NS,994
OG0016601,-0.524915117051217,0.0689097355373841,Trip19,NS,2818
OG0016625,-0.397828209246621,0.104550945765107,Trip19,NS,2593
OG0016636,-0.00723156923107586,0.810780366689953,Trip19,NS,1530
OG0016637,-0.428565884123491,0.215903537465969,Trip19,NS,2651
OG0016641,0.529071299829111,0.0500916664754164,Trip19,NS,405
OG0016645,0.469885976274464,0.00332308050816303,Trip19,NS,478
OG0016653,0.451013242943973,0.251771695203359,Trip19,NS,502
OG0016656,-0.115597447016313,0.806067205173642,Trip19,NS,1837
OG0016671,0.00719550140420377,0.559287620270781,Trip19,NS,1477
OG0016673,0.0758748669751276,0.750648212632127,Trip19,NS,1266
OG0016677,-0.744197163397282,0.119841167737539,Trip19,NS,3139
OG0016679,-0.529072742524873,0.114343761658516,Trip19,NS,2828
OG0016682,-0.220950447162541,0.116105106846568,Trip19,NS,2137
OG0016690,0.32883646422954,0.159694041487051,Trip19,NS,694
OG0016694,-0.194294815161489,0.402833119736469,Trip19,NS,2055
OG0016695,0.347098670622268,0.0103231554886008,Trip19,NS,653
OG0016717,-0.0634091701760615,0.30220396878003303,Trip19,NS,1701
OG0016719,-1.32553934843974,0.0906830884218696,Trip19,NS,3538
OG0016726,0.58880456701555,0.0327435131583092,Trip19,NS,343
OG0016727,-0.136061549576028,0.798283434594913,Trip19,NS,1897
OG0016729,0.312665173558394,0.345631498417344,Trip19,NS,733
OG0016736,0.259423152281415,0.561358878946296,Trip19,NS,818
OG0016742,0.260627908126699,0.598442726809086,Trip19,NS,815
OG0016743,-0.232768962976124,0.411382056638803,Trip19,NS,2179
OG0016748,-1.04692104738749,0.0915280743035775,Trip19,NS,3419
OG0016753,-0.327348370671615,0.00319966867079775,Trip19,NS,2430
OG0016770,-0.56277226108709,0.404579155131739,Trip19,NS,2890
OG0016778,-0.036525876025114,0.598124193095137,Trip19,NS,1629
OG0016780,-0.0291463456595165,0.846880361734943,Trip19,NS,1595
OG0016781,0.183962834842595,0.801718820124303,Trip19,NS,969
OG0016783,-0.5237526987951915,0.13522372829507,Trip19,NS,2816
OG0016785,-0.147202107181229,0.274733170277112,Trip19,NS,1923
OG0016786,-0.547931769776189,0.0390305759027835,Trip19,NS,2862
OG0016787,0,0.864320956748427,Trip19,NS,1499
OG0016791,-0.614845103115656,0.0576206058313621,Trip19,NS,2974
OG0016796,0.01292617444427,0.828991389590696,Trip19,NS,1460
OG0016806,-0.481968507397831,0.080681120335097,Trip19,NS,2739
OG0016816,-0.0634091701760615,0.403070428947535,Trip19,NS,1701
OG0016823,0.589196064864005,0.0470428581466816,Trip19,NS,342
OG0016829,-0.388355456626338,0.2479592976373,Trip19,NS,2560
OG0016831,0.0662614422687213,0.52948037033982,Trip19,NS,1289
OG0016839,-0.244685095954902,0.122020249008376,Trip19,NS,2214
OG0016840,-0.746615764199925,0.163370909796182,Trip19,NS,3147
OG0016843,0.382943869568991,0.15632303358355,Trip19,NS,594
OG0016846,-0.164884384741782,0.386034365141824,Trip19,NS,1983
OG0016852,-0.977099597889921,0.00314211436169394,Trip19,NS,3362
OG0016860,1.03913839390696,0.00649580271218972,Trip19,UP,128
OG0016861,-0.720231578406405,0.0663081184341712,Trip19,NS,3109
OG0016873,-0.504304837375931,0.205980176935428,Trip19,NS,2778
OG0016882,0.788268082866837,0.0180693858695782,Trip19,NS,210
OG0016888,0.747602230274943,0.00495401956002541,Trip19,NS,243
OG0016893,-0.48106291716944,0.0019642959942281,Trip19,NS,2738
OG0016895,-0.258425152581204,0.445725116217107,Trip19,NS,2255
OG0016903,0.347098670622268,0.382370445059216,Trip19,NS,653
OG0016905,-0.232768962976124,0.432778763472252,Trip19,NS,2179
OG0016910,-0.442222328605074,0.00586421325139502,Trip19,NS,2668
OG0016916,-1.25153876699596,0.00549150772803673,Trip19,DOWN,3519
OG0016924,-0.237863830098888,0.0572269077568568,Trip19,NS,2195
OG0016926,-0.833927324053294,0.0239741718029744,Trip19,NS,3242
OG0016928,-0.0380063225797449,0.96031250369672,Trip19,NS,1633
OG0016960,-0.4890824863688805,0.0407028889363704,Trip19,NS,2757
OG0016970,-1.25497785096274,0.063400394009165,Trip19,NS,3521
OG0016973,0.00863030514344006,0.644944111255337,Trip19,NS,1475
OG0016974,-0.556393348524385,0.319177171419488,Trip19,NS,2874
OG0016977,-0.492078535042672,0.176363429555745,Trip19,NS,2761
OG0016991,-1.13923579737117,0.0217051951068107,Trip19,DOWN,3468
OG0016993,-0.325539348439741,0.0470138161327978,Trip19,NS,2426
OG0017003,0.0962618530584035,0.327226674413028,Trip19,NS,1204
OG0017005,-1.35475948735473,0.0159043678777305,Trip19,DOWN,3544
OG0017014,0.318461465167583,0.118796454308797,Trip19,NS,723
OG0017023,-0.492078535042672,0.376499484473838,Trip19,NS,2761
OG0017026,-0.641603738043346,0.0891664250698222,Trip19,NS,3008
OG0017036,-0.655171503002559,0.0248826777645201,Trip19,NS,3026
OG0017037,-0.0603972796439563,0.443994481656058,Trip19,NS,1692
OG0017047,0.133563525741106,0.352919663177144,Trip19,NS,1111
OG0017062,-0.982790709967777,5.2116312938815e-4,Trip19,NS,3369
OG0017064,0.50182126542091,0.242398971676017,Trip19,NS,433
OG0017067,0.495695162624069,0.210235245910559,Trip19,NS,442
OG0017082,0.207892851641333,0.746527679668298,Trip19,NS,916
OG0017091,0.12300395405482,0.504421631840348,Trip19,NS,1137
OG0017095,-0.02172928226384155,0.577890852493525,Trip19,NS,1565
OG0017104,0.528071164578735,0.536656931009335,Trip19,NS,406
OG0017106,0.318461465167583,0.420376531078831,Trip19,NS,723
OG0017113,-0.356605546520108,0.15632303358355,Trip19,NS,2492
OG0017114,0.2904244038653,0.320904823195589,Trip19,NS,771
OG0017118,-0.204233052217608,0.322272951620483,Trip19,NS,2084
OG0017121,-0.3971786290272715,0.0328792228183064,Trip19,NS,2592
OG0017138,-0.32373259173411,0.148752898022926,Trip19,NS,2419
OG0017142,-0.0380063225797449,0.877469675073901,Trip19,NS,1633
OG0017144,-0.329159664118438,0.0382534656162628,Trip19,NS,2433
OG0017157,-0.142417044615852,0.238701417140599,Trip19,NS,1916
OG0017162,-0.0800879113226919,0.450794489764362,Trip19,NS,1747
OG0017164,-0.392137097168765,0.110739390188676,Trip19,NS,2575
OG0017165,0.43722773891291,0.117668786462997,Trip19,NS,517
OG0017172,-0.365871442474959,0.364075141685881,Trip19,NS,2515
OG0017190,-0.212567535483132,0.327738801830546,Trip19,NS,2114
OG0017201,-0.219269963523624,0.461085242134598,Trip19,NS,2134
OG0017209,-0.839079811818897,0.00700905780875302,Trip19,NS,3251
OG0017216,0.126972856257766,0.60339149772309,Trip19,NS,1122
OG0017224,0.070389327891398,0.47389288754734,Trip19,NS,1278
OG0017237,-0.780908941753803,0.155428275405456,Trip19,NS,3194
OG0017245,0.259423152281415,0.458960316319932,Trip19,NS,818
OG0017254,-0.302226180444814,0.268458417411038,Trip19,NS,2366
OG0017257,0.196607044094818,0.959520161402759,Trip19,NS,945
OG0017265,2.2606279081267,0.0438787865969808,Trip19,UP,25
OG0017270,-0.751465163861321,0.0262565551407072,Trip19,NS,3154
OG0017273,-0.2703230133380525,0.477597511667863,Trip19,NS,2286
OG0017278,-2.30757280191029,0.122273534248172,Trip19,NS,3613
OG0017279,0.120351940365222,0.292950996546929,Trip19,NS,1144
OG0017282,0.151858816727005,0.302618679629292,Trip19,NS,1053
OG0017284,0.7793023158844775,0.0397653234254448,Trip19,NS,214
OG0017301,-0.300448367476911,0.43242350214933,Trip19,NS,2362
OG0017318,0.425459304765355,0.042524429857344,Trip19,NS,538
OG0017321,-0.713118852211838,0.356934106060343,Trip19,NS,3096
OG0017322,-0.713118852211838,0.0905493851672158,Trip19,NS,3096
OG0017331,-0.857259827883918,0.0275307175785445,Trip19,NS,3263
OG0017338,-0.0664273617389761,0.937370426963845,Trip19,NS,1711
OG0017366,-0.215914857265243,0.268281944030521,Trip19,NS,2123
OG0017377,-0.0159575739029762,0.614747654362689,Trip19,NS,1550
OG0017379,0.00288250853312136,0.998698187863881,Trip19,NS,1490
OG0017382,-0.486004020632987,0.197396695720547,Trip19,NS,2752
OG0017396,-0.251538766995964,0.308157705527536,Trip19,NS,2232
OG0017410,0.696884090855454,0.245968650513342,Trip19,NS,267
OG0017419,-0.595096877854869,0.0942234050486091,Trip19,NS,2952
OG0017429,0.0496307677246004,0.957123697667127,Trip19,NS,1346
OG0017435,-0.29689930039584,0.295677121538318,Trip19,NS,2346
OG0017439,-1.46593839757888,0.0568229296855186,Trip19,NS,3563
OG0017457,-0.678071905112638,0.0822298724091538,Trip19,NS,3058
OG0017462,-0.367731784500487,0.148213893708327,Trip19,NS,2522
OG0017484,0.01292617444427,0.7656606431405,Trip19,NS,1460
OG0017487,-0.63710935733414,6.7754708764057e-4,Trip19,NS,3002
OG0017492,-0.56277226108709,0.136209004697633,Trip19,NS,2890
OG0017506,0.393965275660243,0.143481378447581,Trip19,NS,577
OG0017510,-0.0159575739029762,0.781356855511852,Trip19,NS,1550
OG0017526,-0.026205070347394,0.991882478162931,Trip19,NS,1583
OG0017529,0.77568270173906,0.0195249778027702,Trip19,NS,218
OG0017531,0.767231037023876,0.0773663389341781,Trip19,NS,223
OG0017537,-1.25153876699596,0.0334686447918404,Trip19,DOWN,3519
OG0017547,-0.256700472111743,0.498076604472598,Trip19,NS,2250
OG0017553,-1.17136841831198,0.00152725655870446,Trip19,DOWN,3487
OG0017576,0.171206827418142,0.630711645036161,Trip19,NS,999
OG0017579,-0.100051013810328,0.467759534637275,Trip19,NS,1802
OG0017589,-0.0350469470992008,0.779187365614763,Trip19,NS,1624
OG0017592,-0.260151897300673,0.405021786311988,Trip19,NS,2259
OG0017608,0.360645202460216,0.579310331229972,Trip19,NS,632
OG0017614,-0.036525876025114,0.29971925292138,Trip19,NS,1629
OG0017616,0.37851162325373,0.324160132882952,Trip19,NS,600
OG0017618,-0.0923401721467106,0.38338136571354,Trip19,NS,1781
OG0017636,0.01292617444427,0.780660803279956,Trip19,NS,1460
OG0017649,0.10969486482593,0.782620366149263,Trip19,NS,1166
OG0017654,-0.502259911390907,0.161849208787871,Trip19,NS,2774
OG0017656,0.252173413202027,0.0304403064672645,Trip19,NS,831
OG0017657,-0.558516520417355,0.01248570146037,Trip19,NS,2877
OG0017663,-0.475936324222789,0.00516603753279364,Trip19,NS,2732
OG0017681,0.121678556588252,0.682201218661653,Trip19,NS,1140
OG0017682,0.558931618240232,0.0994823842595534,Trip19,NS,373
OG0017688,-0.569179503480228,0.145140739194868,Trip19,NS,2902
OG0017689,0.51500591643373,0.0761549191384399,Trip19,NS,420
OG0017690,1.31266517355839,0.00168669726688667,Trip19,UP,74
OG0017721,-0.729770092762002,0.0530086005546132,Trip19,NS,3118
OG0017729,-0.0484122051852459,0.578617601075439,Trip19,NS,1653
OG0017733,-0.118726938570751,0.303415113848375,Trip19,NS,1847
OG0017743,0.0299828662157143,0.821568604013828,Trip19,NS,1410
OG0017750,-0.0892673380970874,0.98408949379617,Trip19,NS,1770
OG0017767,-0.42081985187285,0.0116148838578612,Trip19,NS,2638
OG0017768,1.0041351517579304,0.024932662057948,Trip19,UP,136
OG0017770,0.5766166659503995,0.320904823195589,Trip19,NS,356
OG0017771,-0.15360697914764,0.25433038168729,Trip19,NS,1944
OG0017788,-0.673462651860048,0.00600296589608093,Trip19,NS,3056
OG0017791,-0.2688167584278,0.59114595376368,Trip19,NS,2284
OG0017792,0.183962834842595,0.101904470600516,Trip19,NS,969
OG0017796,-0.894321922105463,0.0103231554886008,Trip19,NS,3293
OG0017802,-0.552156355637914,0.0822298724091538,Trip19,NS,2868
OG0017803,-0.192645077942396,0.7435303727649,Trip19,NS,2047
OG0017810,0.329984649758421,0.573590463271721,Trip19,NS,689
OG0017812,-0.469929257774916,0.114765076524558,Trip19,NS,2722
OG0017818,-0.375197234747053,0.357113827878841,Trip19,NS,2532
OG0017831,-0.329159664118438,0.104399672708743,Trip19,NS,2433
OG0017836,-1.35107444054688,0.0471961787817186,Trip19,DOWN,3542
OG0017841,0.440420720756767,0.231546566513676,Trip19,NS,513
OG0017843,-0.514573172829758,0.45416588278842,Trip19,NS,2800
OG0017871,-0.168122758808327,0.692512811619434,Trip19,NS,1990
OG0017872,0.838346736521231,0.198146966833609,Trip19,NS,182
OG0017875,-0.305788392232109,0.563994119586965,Trip19,NS,2377
OG0017889,-0.194294815161489,0.436194076440068,Trip19,NS,2055
OG0017891,-0.401634794676355,0.233435830781503,Trip19,NS,2599
OG0017894,-0.883635243308215,0.00473555136192488,Trip19,NS,3283
OG0017896,0.333423733725192,0.382370445059216,Trip19,NS,678
OG0017934,-0.169744675832317,0.188790026089225,Trip19,NS,1996
OG0017935,-0.150400988848548,0.19255917436265,Trip19,NS,1934
OG0017938,-0.37894449670026,0.347436726161131,Trip19,NS,2543
OG0017941,-0.103146927103293,0.607677092099202,Trip19,NS,1807
OG0017942,-0.121863233373052,0.913559408957987,Trip19,NS,1861
OG0017943,0.0143552929770701,0.56446621905996,Trip19,NS,1454
OG0017944,-0.575615328461903,3.9981737287967e-4,Trip19,NS,2911
OG0017951,-0.0938790470029001,0.531616652701312,Trip19,NS,1788
OG0017964,0.424384671538097,0.0528510579169376,Trip19,NS,539
OG0017967,-0.630393929968162,0.0711560073794914,Trip19,NS,2994
OG0017969,-1.801166413795185,0.00367213777624848,Trip19,DOWN,3597
OG0017986,0.0648828515848544,0.881447725265228,Trip19,NS,1294
OG0018003,-1.09234017214671,0.29546017144552,Trip19,NS,3442
OG0018008,-0.15521264992094,0.166385537174084,Trip19,NS,1951
OG0018019,0.00288250853312136,0.842585452387614,Trip19,NS,1490
OG0018023,0.0510240030244669,0.991882478162931,Trip19,NS,1341
OG0018028,0.347098670622268,0.0635397936977648,Trip19,NS,653
OG0018037,-0.465938397578882,0.0643816406375988,Trip19,NS,2710
OG0018047,-0.943416471633633,0.17445981819351,Trip19,NS,3338
OG0018053,-0.49569632024350024,0.079564740860049707,Trip19,NS,2766
OG0018059,-0.662003536484984,0.456256378308393,Trip19,NS,3035
OG0018066,0.470927257475127,0.443499114145047,Trip19,NS,474
OG0018068,0.0482361856528476,0.813626830424242,Trip19,NS,1349
OG0018070,0.113700499164728,0.447308394241139,Trip19,NS,1162
OG0018071,0.0758748669751276,0.57423972446734906,Trip19,NS,1266
OG0018075,0.108357178090419,0.331158990446234,Trip19,NS,1170
OG0018076,0.324234562270531,0.973862038857488,Trip19,NS,707
OG0018077,0.648005179810493,0.320812151761605,Trip19,NS,299
OG0018081,-0.588573754273535,0.0678190621207191,Trip19,NS,2939
OG0018092,0.0016737469846709006,0.86704050005019,Trip19,NS,1496
OG0018093,-0.610433188237274,0.25964171770487,Trip19,NS,2968
OG0018097,0.2457295453032395,0.342366389823567,Trip19,NS,849
OG0018121,0.196607044094818,0.581120911722727,Trip19,NS,945
OG0018134,-1.03209362970985,0.0902130468311754,Trip19,NS,3409
OG0018139,-0.469929257774916,0.157711109138178,Trip19,NS,2722
OG0018141,-0.0923401721467106,0.40511106040051,Trip19,NS,1781
OG0018143,0.390667685559667,0.0540094837538534,Trip19,NS,582
OG0018173,0.0717626693000913,0.888137490397284,Trip19,NS,1273
OG0018184,0.0842934212165113,0.384064374137045,Trip19,NS,1239
OG0018191,0.177598929327733,0.377075351068433,Trip19,NS,983
OG0018204,-0.579921884020626,0.0578160577685803,Trip19,NS,2922
OG0018210,-1.1788275805006951,8.65305248306432e-5,Trip19,DOWN,3491
OG0018223,-0.32373259173411,0.179256260739853,Trip19,NS,2419
OG0018225,-0.0291463456595165,0.779304646947189,Trip19,NS,1595
OG0018227,-0.232768962976124,0.248113504902122,Trip19,NS,2179
OG0018246,0.0786098346963665,0.859588854515533,Trip19,NS,1259
OG0018252,-0.237863830098888,0.291374483107414,Trip19,NS,2195
OG0018255,0.137503523749935,0.689410505610952,Trip19,NS,1103
OG0018257,-0.430508908041284,0.0512796719814945,Trip19,NS,2653
OG0018262,0.497740088609093,0.285122707842745,Trip19,NS,440
OG0018277,-0.045431429247006,0.5836915745254,Trip19,NS,1646
OG0018286,-0.117161344232749,0.327740141839199,Trip19,NS,1840
OG0018304,0.306845500314283,0.473945948613052,Trip19,NS,744
OG0018306,-0.15360697914764,0.550657005243446,Trip19,NS,1944
OG0018330,-0.332789087519129,0.327740141839199,Trip19,NS,2442
OG0018336,-0.512513650651464,0.33464748127864,Trip19,NS,2797
OG0018349,-0.823677227359537,0.068997123632447,Trip19,NS,3230
OG0018363,-0.0203404482841755,0.9552445332804,Trip19,NS,1559
OG0018382,-1.41119543298445,0.123321514037357,Trip19,NS,3550
OG0018392,-0.274040765490812,0.135399036962905,Trip19,NS,2298
OG0018402,-0.336427664582477,0.137658610194552,Trip19,NS,2452
OG0018412,0.105678077894537,0.621477694020056,Trip19,NS,1178
OG0018416,-0.56277226108709,0.0111305787977201,Trip19,NS,2890
OG0018417,-0.0694518807521452,0.60346661544512,Trip19,NS,1719
OG0018431,0.885183866320351,0.228326774847408,Trip19,NS,164
OG0018439,0.236339539168374,0.682295300647463,Trip19,NS,863
OG0018442,-0.717817745075432,0.0164096847813567,Trip19,NS,3104
OG0018451,0.517023672064581,0.349086708006579,Trip19,NS,417
OG0018453,-0.15521264992094,0.808373943307544,Trip19,NS,1951
OG0018454,-0.502259911390907,0.138642274958144,Trip19,NS,2774
OG0018463,-0.415037499278844,0.145758789031729,Trip19,NS,2623
OG0018464,-0.926865295369785,0.0447322033222616,Trip19,NS,3321
OG0018466,0.235114320376357,0.627645092862247,Trip19,NS,865
OG0018476,-1.15842936260448,0.308157705527536,Trip19,NS,3479
OG0018478,1.26423615104355,1.0532048504245e-4,Trip19,UP,85
OG0018482,-0.0664273617389761,0.401927730476622,Trip19,NS,1711
OG0018490,-0.3040061868901,0.0936577931310191,Trip19,NS,2370
OG0018491,-0.320125852253377,0.0902130468311754,Trip19,NS,2408
OG0018497,-0.00578235259400611,0.609184627937894,Trip19,NS,1525
OG0018498,-0.0247366783215064,0.562389891073697,Trip19,NS,1579
OG0018543,-0.45600928033515,0.555313495617063,Trip19,NS,2695
OG0018544,-0.639354797539784,0.147686716725927,Trip19,NS,3004
OG0018545,0.629473196786949,0.0158589269545655,Trip19,NS,315
OG0018555,0.532067552289031,0.373417939172216,Trip19,NS,401
OG0018598,0.0243196791954129,0.900934217463657,Trip19,NS,1424
OG0018606,0.291603558030565,0.866288794389718,Trip19,NS,767
OG0018609,-0.668868077782798,0.00130058542319231,Trip19,NS,3047
OG0018610,-0.575615328461903,7.2617937000237e-4,Trip19,NS,2911
OG0018627,0.471967787661516,0.0295492962928029,Trip19,NS,472
OG0018628,-0.780908941753803,0.0407101128265667,Trip19,NS,3194
OG0018640,-0.320125852253377,0.143454367778783,Trip19,NS,2408
OG0018648,-0.190997225060914,0.126009912757517,Trip19,NS,2043
OG0018655,-0.197599959885161,0.456256378308393,Trip19,NS,2068
OG0018697,1.00216242115062,0.632599870997453,Trip19,NS,138
OG0018706,-0.935117148415146,0.079564740860049707,Trip19,NS,3327
OG0018713,0.0621217119077975,0.581613235934718,Trip19,NS,1305
OG0018718,-1.10469737866669,9.18361533021495e-5,Trip19,DOWN,3451
OG0018720,-0.337597001998093,0.0780808637201627,Trip19,NS,2454
OG0018730,-0.678071905112638,0.0184870153715599,Trip19,NS,3058
OG0018736,0.08172360326994145,0.5059352313385,Trip19,NS,1249
OG0018743,-0.584241333477502,0.1981675772026,Trip19,NS,2929
OG0018744,-0.438307278601691,0.364792247220529,Trip19,NS,2660
OG0018748,-0.729770092762002,0.00187568711413214,Trip19,NS,3118
OG0018756,-0.512513650651464,0.143454367778783,Trip19,NS,2797
OG0018759,-1.26188071121742,0.0153500755293276,Trip19,DOWN,3523
OG0018765,0.117695042669755,0.44161921383102,Trip19,NS,1153
OG0018769,1.14730669878029,0.0251293792998228,Trip19,UP,104
OG0018776,-0.416962376203336,7.1506660155842e-4,Trip19,NS,2626
OG0018783,1.04054179386285,0.0105489079759761,Trip19,UP,127
OG0018790,-0.403541860441014,0.140639529282946,Trip19,NS,2605
OG0018795,-0.83650126771712,0.00319966867079775,Trip19,NS,3246
OG0018827,0.411426245726465,0.864997667653172,Trip19,NS,556
OG0018833,0.138814468902282,0.251771695203359,Trip19,NS,1099
OG0018835,0.677169938818245,0.0565866612726965,Trip19,NS,277
OG0018842,-0.168122758808327,0.0189864088896704,Trip19,NS,1990
OG0018843,-0.0499049058263139,0.77701905726709,Trip19,NS,1657
OG0018850,-0.691988685447822,0.0272056441957435,Trip19,NS,3071
OG0018858,-1.0086822430998,0.169078323772646,Trip19,NS,3390
OG0018868,0.361768359419153,0.463376013946737,Trip19,NS,628
OG0018880,-0.0938790470029001,0.760573349920287,Trip19,NS,1788
OG0018882,-0.601649629654035,0.714034198774825,Trip19,NS,2958
OG0018884,-0.0159575739029762,0.980155363135776,Trip19,NS,1550
OG0018892,-0.332789087519129,0.241856923222558,Trip19,NS,2442
OG0018893,0.794935662803536,0.00834161429318907,Trip19,NS,204
OG0018902,-0.0528949484321255,0.548756228859637,Trip19,NS,1670
OG0018907,0.734655433479005,0.0132006565127246,Trip19,NS,252
OG0018910,-1.00578235259401,0.00343276194809768,Trip19,DOWN,3389
OG0018913,-1.96015973546821,0.0227404157924346,Trip19,DOWN,3604
OG0018917,-0.150400988848548,0.494704589018444,Trip19,NS,1934
OG0018927,0.288063200325316,0.141120027078755,Trip19,NS,773
OG0018931,-1.22431729826094,0.00144507141739108,Trip19,DOWN,3508
OG0018934,-0.192645077942396,0.723102622000516,Trip19,NS,2047
OG0018936,0.136191386287144,0.960268953943691,Trip19,NS,1107
OG0018951,0.454175893185802,0.804423953215914,Trip19,NS,498
OG0018973,0.232660756790275,0.21665550387228,Trip19,NS,867
OG0018975,0.10969486482593,0.720924493960933,Trip19,NS,1166
OG0018981,-1.11403524324603,0.130569678736513,Trip19,NS,3458
OG0018983,0.180147861158429,0.373417939172216,Trip19,NS,978
OG0018987,0.923719678749389,0.0112867029135037,Trip19,NS,151
OG0018988,-0.833927324053294,0.0933656595963224,Trip19,NS,3242
OG0018989,-0.129733929604017,0.372048277651577,Trip19,NS,1888
OG0019003,0.353887836284907,0.0401285388245893,Trip19,NS,641
OG0019006,0.216610068742442,0.120055969488434,Trip19,NS,903
OG0019032,-0.360304766600418,0.297593430695963,Trip19,NS,2500
OG0019041,-0.41888982477445,0.972078902193993,Trip19,NS,2631
OG0019044,0.350497247084133,0.868007906153487,Trip19,NS,646
OG0019055,0.324234562270531,0.0593744943391762,Trip19,NS,707
OG0019061,-0.0484122051852459,0.984849419475125,Trip19,NS,1653
OG0019065,0.540027269257507,0.230832723205931,Trip19,NS,394
OG0019070,-0.244685095954902,0.289607419029284,Trip19,NS,2214
OG0019071,-0.436353730515936,0.0858998345414256,Trip19,NS,2659
OG0019072,-0.0831412353002459,0.959520161402759,Trip19,NS,1755
OG0019078,-0.261880711217424,0.200533975875147,Trip19,NS,2266
OG0019080,-0.125006361067033,0.46941823094383,Trip19,NS,1870
OG0019083,-0.360304766600418,0.138921906713073,Trip19,NS,2500
OG0019084,-0.197599959885161,0.825094678310523,Trip19,NS,2068
OG0019086,0.34039441268554904,0.100049711107443,Trip19,NS,663
OG0019088,-0.467932447710969,0.121230938341376,Trip19,NS,2717
OG0019110,0.713695814843359,0.0433384805385003,Trip19,NS,258
OG0019129,0.149259365499623,0.405528437563972,Trip19,NS,1066
OG0019132,-0.251538766995964,0.786729917960912,Trip19,NS,2232
OG0019133,-0.99136969485656,0.0593744943391762,Trip19,NS,3375
OG0019164,0.08355369674513874,0.41862008898581,Trip19,NS,1242
OG0019176,0.160920188181103,0.543647737793242,Trip19,NS,1027
OG0019183,0.853596506202512,0.00486482931324872,Trip19,NS,169
OG0019190,0.0440443327060212,0.883164539725489,Trip19,NS,1361
OG0019193,-0.659722595233746,0.279447006541421,Trip19,NS,3031
OG0019214,-0.67116353577046,0.0174916393947599,Trip19,NS,3051
OG0019220,-0.717856771218502,0.00167985034355262,Trip19,NS,3105
OG0019229,0.0827025893302493,0.640468375896994,Trip19,NS,1243
OG0019233,0.448900951145128,0.0189715351598407,Trip19,NS,503
OG0019259,-0.325539348439741,0.569491961155479,Trip19,NS,2426
OG0019271,0.0524158941511385,0.864862066071142,Trip19,NS,1334
OG0019277,0.22650852980868,0.108544917423836,Trip19,NS,879
OG0019280,-0.465938397578882,0.168189145712131,Trip19,NS,2710
OG0019284,0.206643223983395,0.811151610894064,Trip19,NS,918
OG0019288,0.341416524478722,0.152779382604913,Trip19,NS,660
OG0019291,0.153156788061421,0.651732254867366,Trip19,NS,1051
OG0019296,-0.050922917119057484,0.668108840941845,Trip19,NS,1664
OG0019302,-0.150400988848548,0.861582955892017,Trip19,NS,1934
OG0019309,-0.720231578406405,0.070808531741849,Trip19,NS,3109
OG0019312,0.211635253327149,0.869054427489281,Trip19,NS,910
OG0019313,-0.575615328461903,0.00136449402727663,Trip19,NS,2911
OG0019316,-0.459972730742493,2.2030853590067e-4,Trip19,NS,2700
OG0019330,-0.0101343771337132,0.926484204240204,Trip19,NS,1537
OG0019331,0.524063675777211,0.0372817814370463,Trip19,NS,412
OG0019332,-0.481968507397831,0.116342412048961,Trip19,NS,2739
OG0019333,0.0690146779151805,0.901393977715756,Trip19,NS,1283
OG0019335,-0.0276749584428483,0.53435183241872,Trip19,NS,1588
OG0019336,0.0398402645317911,0.942861160520095,Trip19,NS,1378
OG0019343,-0.343732465205711,0.350862072090934,Trip19,NS,2468
OG0019345,-0.430508908041284,0.241604814152942,Trip19,NS,2653
OG0019350,-0.148800661406706,0.572019524316556,Trip19,NS,1929
OG0019351,-0.229382353343797,0.141753130215589,Trip19,NS,2168
OG0019355,-1.12658049656514,0.274733170277112,Trip19,NS,3464
OG0019357,-0.379375217874923,0.0474922513304731,Trip19,NS,2546
OG0019368,-0.63262893435147,0.107114494057678,Trip19,NS,2999
OG0019375,-0.465938397578882,0.0652121476429388,Trip19,NS,2710
OG0019390,-1.08314123530025,0.181254844052754,Trip19,NS,3438
OG0019393,0.0648828515848544,0.599194138838411,Trip19,NS,1294
OG0019400,-0.0513991525066443,0.53198943910455,Trip19,NS,1666
OG0019417,-0.828793172581858,0.0170386885653974,Trip19,NS,3235
OG0019419,-1.0086822430998,0.00324144409699127,Trip19,DOWN,3390
OG0019438,0.314986485468515,0.7718771301019,Trip19,NS,728
OG0019440,0.498761465671852,0.082999717903016,Trip19,NS,437
OG0019443,-0.584241333477502,0.0235002119129174,Trip19,NS,2929
OG0019447,-0.467932447710969,0.0212639877873329,Trip19,NS,2717
OG0019448,-0.888968687611256,0.0234143469806437,Trip19,NS,3288
OG0019453,0.232660756790275,0.251771695203359,Trip19,NS,867
OG0019456,0.126972856257766,0.864320956748427,Trip19,NS,1122
OG0019460,-0.448114896528275,0.403910809888592,Trip19,NS,2683
OG0019463,-0.510457064357526,0.155342345018645,Trip19,NS,2792
OG0019469,0.312665173558394,0.161947222863591,Trip19,NS,733
OG0019491,-0.588573754273535,0.023394299851196,Trip19,NS,2939
OG0019493,0.20163386116965001,0.242947148210052,Trip19,NS,934
OG0019495,-0.0954195650786824,0.746106560670292,Trip19,NS,1795
OG0019506,0.523060061795249,0.298070796329564,Trip19,NS,413
OG0019520,-0.265344566520995,0.0693794151115281,Trip19,NS,2275
OG0019524,0.321928094887362,0.105532825082567,Trip19,NS,715
OG0019526,0.324234562270531,0.528562796992662,Trip19,NS,707
OG0019531,-0.50635266602479,0.119516940179138,Trip19,NS,2782
OG0019533,0.0799753767205959,0.774902243241019,Trip19,NS,1253
OG0019535,0.666302128173095,7.3677966493859e-4,Trip19,NS,287
OG0019536,0.331131922217202,0.902094510533089,Trip19,NS,685
OG0019544,-0.356605546520108,0.0069098977901514,Trip19,NS,2492
OG0019548,-0.77349147019132,0.0799476383534412,Trip19,NS,3184
OG0019559,0.335711910320462,0.153812560196138,Trip19,NS,674
OG0019575,-0.00723156923107586,0.317726192003795,Trip19,NS,1530
OG0019584,-0.0800879113226919,0.477597511667863,Trip19,NS,1747
OG0019589,-0.128156351490682,0.603382345706266,Trip19,NS,1883
OG0019613,0.261831658752137,0.114802497507921,Trip19,NS,810
OG0019617,0.0299828662157143,0.548928269959244,Trip19,NS,1410
OG0019624,-0.448114896528275,0.0200939385051479,Trip19,NS,2683
OG0019628,0.339137384919585,0.261078927066097,Trip19,NS,666
OG0019633,-0.0101343771337132,0.834740033644553,Trip19,NS,1537
OG0019635,-0.688413048874376,0.0167679482572632,Trip19,NS,3068
OG0019636,-0.0831412353002459,0.477936409883375,Trip19,NS,1755
OG0019640,0.0867198052129502,0.696698245962416,Trip19,NS,1238
OG0019647,-0.2342296685611763,0.00710043224774031,Trip19,NS,2187
OG0019651,-0.80259587582231,0.0119459212826065,Trip19,NS,3210
OG0019653,-0.758769964484555,0.16750640431543,Trip19,NS,3166
OG0019661,0.357270475679559,0.0321853262823806,Trip19,NS,636
OG0019666,-0.207561069935362,0.0933656595963224,Trip19,NS,2098
OG0019667,-0.0528949484321255,0.820398780130233,Trip19,NS,1670
OG0019682,0.567545447643747,0.228326774847408,Trip19,NS,365
OG0019715,1.41792000781197,0.153323781941651,Trip19,NS,59
OG0019737,-0.41119543298445,0.0780808637201627,Trip19,NS,2615
OG0019741,-0.241270431542137,0.358601858730712,Trip19,NS,2205
OG0019764,-0.29689930039584,0.289607419029284,Trip19,NS,2346
OG0019784,-0.227692025041597,0.107675344080803,Trip19,NS,2161
OG0019823,-0.314732593483158,0.182672300380416,Trip19,NS,2399
OG0019827,0.255802836602718,0.148954567116459,Trip19,NS,827
OG0019839,-0.307572801910292,0.558846574327238,Trip19,NS,2383
OG0019842,0.0440443327060212,0.916933673137526,Trip19,NS,1361
OG0019855,-1.52284078881336,0.0334686447918404,Trip19,DOWN,3571
OG0019862,0.0908534304511135,0.299587615786355,Trip19,NS,1218
OG0019865,0.619178216059069,0.0433384805385003,Trip19,NS,320
OG0019872,0.108357178090419,0.687042710516517,Trip19,NS,1170
OG0019881,-0.905088352974533,0.0196748738923045,Trip19,NS,3306
OG0019883,0.12565110166152,0.918114569683469,Trip19,NS,1128
OG0019921,-0.524915117051217,0.00168669726688667,Trip19,NS,2818
OG0019922,-1.1488006614067101,0.0360447551955981,Trip19,DOWN,3473
OG0019924,-0.736965594166206,0.350862072090934,Trip19,NS,3134
OG0019930,-0.409278229990159,0.0321853262823806,Trip19,NS,2612
OG0019941,0.371837617330421,0.292910074350265,Trip19,NS,610
OG0019942,-0.749038426466781,0.122147597481584,Trip19,NS,3149
OG0019947,-0.971430847803229,0.0196748738923045,Trip19,NS,3358
OG0019950,0.803227036434928,0.572322477462404,Trip19,NS,202
OG0019975,0.470927257475127,0.0239760971056178,Trip19,NS,474
OG0019980,0.22650852980868,0.939183340074079,Trip19,NS,879
OG0019981,0.232660756790275,0.0983026626797518,Trip19,NS,867
OG0019987,0.0299828662157143,0.76125209360315,Trip19,NS,1410
OG0019989,-0.862496476250065,0.00481064785860027,Trip19,NS,3266
OG0019992,0.851199338593294,0.208143692887137,Trip19,NS,174
OG0019996,1.29689785770008,0.0148579465871947,Trip19,UP,78
OG0020005,0.00432160595009347,0.355316934207974,Trip19,NS,1486
OG0020022,-0.477944250839036,0.195868660241775,Trip19,NS,2735
OG0020034,-0.2688167584278,0.463376013946737,Trip19,NS,2284
OG0020036,-1.7809089417538,0.00549821918841996,Trip19,DOWN,3595
OG0020037,1.29513524900082,0.00167985034355262,Trip19,UP,79
OG0020040,-1.37706964907982,0.00291924432866664,Trip19,DOWN,3547
OG0020045,0.16349873228288,0.937381246801419,Trip19,NS,1022
OG0020054,-0.332789087519129,0.114677804430446,Trip19,NS,2442
OG0020059,-0.00578235259400611,0.873917997501928,Trip19,NS,1525
OG0020072,0.0758748669751276,0.888137490397284,Trip19,NS,1266
OG0020078,-0.144010302691519,0.50194193784159,Trip19,NS,1918
OG0020087,0.12533529024133475,0.80847955233118,Trip19,NS,1132
OG0020094,-1.21759143507263,0.542177315617712,Trip19,NS,3504
OG0020099,-0.0664273617389761,0.94521465084315,Trip19,NS,1711
OG0020109,0.137503523749935,0.298413430456328,Trip19,NS,1103
OG0020116,-0.0649174766813385,0.761990109140629,Trip19,NS,1707
OG0020121,-0.352915787371046,0.0500916664754164,Trip19,NS,2484
OG0020137,-0.696657605512669,0.0168533209300167,Trip19,NS,3077
OG0020145,-0.215914857265243,0.844807501195437,Trip19,NS,2123
OG0020147,-0.560642821525743,0.0429821201729038,Trip19,NS,2886
OG0020173,-0.161653263478769,0.298690795195126,Trip19,NS,1974
OG0020174,-0.209227962138,0.554612487852385,Trip19,NS,2103
OG0020181,0.120351940365222,0.947861337291952,Trip19,NS,1144
OG0020183,-0.29689930039584,0.99204001255029,Trip19,NS,2346
OG0020195,0.180147861158429,0.700029649232356,Trip19,NS,978
OG0020214,1.28569812595813,0.0037247136435123,Trip19,UP,80
OG0020218,0.195347598322219,0.671481608432371,Trip19,NS,949
OG0020221,-0.253257284222264,0.488243735361594,Trip19,NS,2240
OG0020222,0.267835392097615,0.629902835493816,Trip19,NS,797
OG0020225,-0.0218043703183484,0.801718820124303,Trip19,NS,1566
OG0020232,-1.03800632257974,0.0336268924148131,Trip19,DOWN,3412
OG0020242,-0.558516520417355,0.0160176048915723,Trip19,NS,2877
OG0020253,0.476122419880152,0.10450798877722,Trip19,NS,467
OG0020254,0.512985334813676,0.00343276194809768,Trip19,NS,421
OG0020258,0.43722773891291,0.0973679386108095,Trip19,NS,517
OG0020263,-0.150400988848548,0.324160132882952,Trip19,NS,1934
OG0020283,0.104336659814736,0.803793336649818,Trip19,NS,1185
OG0020284,-0.5847100732612295,2.5463277919117e-5,Trip19,NS,2934
OG0020291,-0.139235797371172,0.813360517254476,Trip19,NS,1904
OG0020310,0.11503324294624,0.17113022360057,Trip19,NS,1159
OG0020322,-0.0862010350493039,0.9338698231533,Trip19,NS,1763
OG0020328,-0.897006006676674,0.278254871220775,Trip19,NS,3297
OG0020331,-0.744197163397282,0.0312381715025254,Trip19,NS,3139
OG0020359,0.7280721511687982,2.16024961511666e-5,Trip19,NS,254
OG0020367,1.9627340905958,0.78343791591124,Trip19,NS,33
OG0020368,-0.87038726186953,0.0892794110978781,Trip19,NS,3272
OG0020378,1.04194382997017,0.00332308050816303,Trip19,UP,125
OG0020392,-0.586405917590825,0.0585700125661324,Trip19,NS,2935
OG0020400,0.10969486482593,0.617279528922468,Trip19,NS,1166
OG0020403,0.195347598322219,0.558846574327238,Trip19,NS,949
OG0020405,0.331131922217202,0.379771176330918,Trip19,NS,685
OG0020411,-0.254977850962736,0.0633363754962777,Trip19,NS,2244
OG0020415,0.0881415968690176,0.324169931518176,Trip19,NS,1227
OG0020451,-0.340075441597622,0.196078470041134,Trip19,NS,2459
OG0020455,-0.968604803724466,0.00700905780875302,Trip19,NS,3355
OG0020460,-0.552156355637914,0.0102837348300745,Trip19,NS,2868
OG0020462,0.420078115979374,0.588420443312609,Trip19,NS,544
OG0020497,1.17312743348066,0.0159043678777305,Trip19,UP,102
OG0020499,-0.454031630894707,0.00223753451655069,Trip19,NS,2692
OG0020503,-0.763660460831626,0.0346883615845672,Trip19,NS,3174
OG0020531,-0.13764780046798,0.455496621057776,Trip19,NS,1899
OG0020544,-0.098505544952425,0.784391798826436,Trip19,NS,1799
OG0020546,-0.0724827538015237,0.626430153815195,Trip19,NS,1728
OG0020553,-0.0816137655536521,0.647255249124372,Trip19,NS,1752
OG0020555,-0.204233052217608,0.34438227100807,Trip19,NS,2084
OG0020562,-0.575615328461903,0.0959518280685591,Trip19,NS,2911
OG0020563,-0.614845103115656,0.123916683394996,Trip19,NS,2974
OG0020570,-0.289827251720338,0.145758789031729,Trip19,NS,2333
OG0020571,-0.550042516371997,0.20329105662819,Trip19,NS,2864
OG0020584,-0.841662972832899,0.119354204321881,Trip19,NS,3255
OG0020585,-0.648371670897218,0.179996900244418,Trip19,NS,3013
OG0020600,-0.0247366783215064,0.838522534001686,Trip19,NS,1579
OG0020613,-0.253257284222264,0.0862729992766387,Trip19,NS,2240
OG0020622,-0.77349147019132,0.172232045338465,Trip19,NS,3184
OG0020626,-0.486004020632987,0.18420180797753,Trip19,NS,2752
OG0020629,-0.610433188237274,0.0105489079759761,Trip19,NS,2968
OG0020630,0.518031492602169,0.208050072083708,Trip19,NS,416
OG0020632,0.291603558030565,0.41130557271846,Trip19,NS,767
OG0020636,-0.0954195650786824,0.898004551534145,Trip19,NS,1795
OG0020637,0.481298941547565,0.0959141062400287,Trip19,NS,461
OG0020638,-0.968604803724466,0.00308708913891218,Trip19,NS,3355
OG0020647,0.206643223983395,0.37255235255145,Trip19,NS,918
OG0020648,-0.232768962976124,0.778695499458094,Trip19,NS,2179
OG0020650,0.31034012061215,0.731339773208212,Trip19,NS,736
OG0020652,-0.140825544133565,0.806067205173642,Trip19,NS,1910
OG0020670,-0.0499049058263139,0.752337855078247,Trip19,NS,1657
OG0020674,0.241230035515445,0.183315177036338,Trip19,NS,857
OG0020677,-0.662003536484984,0.010031071737538,Trip19,NS,3035
OG0020679,-0.227692025041597,0.736939213612022,Trip19,NS,2161
OG0020687,-0.195946441032647,0.137658610194552,Trip19,NS,2064
OG0020689,-0.650634722405787,0.16022816425918401,Trip19,NS,3017
OG0020692,-0.518701058452435,0.47389288754734,Trip19,NS,2804
OG0020696,-0.682695931638085,0.842372374996964,Trip19,NS,3061
OG0020698,0.258217389536018,0.706289300582213,Trip19,NS,822
OG0020706,-0.14043457080843705,0.528957269967905,Trip19,NS,1909
OG0020709,-0.117161344232749,0.580902905605771,Trip19,NS,1840
OG0020712,0.063502942306158,0.410249102357835,Trip19,NS,1300
OG0020716,-1.04990490582631,0.00214795712167107,Trip19,DOWN,3420
OG0020717,0.0648828515848544,0.492805565977449,Trip19,NS,1294
OG0020722,0.0440443327060212,0.99204001255029,Trip19,NS,1361
OG0020723,-0.588573754273535,0.046554071510073,Trip19,NS,2939
OG0020730,-0.205896101440252,0.343197606933669,Trip19,NS,2091
OG0020736,-1.0862010350493,0.0401605651089185,Trip19,DOWN,3439
OG0020739,-0.150400988848548,0.604932213475747,Trip19,NS,1934
OG0020756,0.793271654498083,0.00454607315265524,Trip19,NS,205
OG0020760,0.999278472082541,0.79703866678215,Trip19,NS,139
OG0020761,-0.0188780102056894,0.395969766089019,Trip19,NS,1554
OG0020767,0.301002256032814,0.209275183368851,Trip19,NS,750
OG0020769,0.169925001442312,0.313810789419243,Trip19,NS,1002
OG0020772,0.393965275660243,0.0806980234622553,Trip19,NS,577
OG0020789,0.207506666967262,0.318354415141347,Trip19,NS,917
OG0020798,-0.67116353577046,0.159110470941797,Trip19,NS,3051
OG0020801,-0.0892673380970874,0.871228186999805,Trip19,NS,1770
OG0020802,-1.0439433475876,0.397495060192722,Trip19,NS,3418
OG0020804,-0.0335695326937018,0.366340888642766,Trip19,NS,1617
OG0020806,-1.1488006614067101,0.476211902534576,Trip19,NS,3473
OG0020807,-0.192645077942396,0.367602913008984,Trip19,NS,2047
OG0020808,-0.265344566520995,0.364241245883921,Trip19,NS,2275
OG0020814,0.0313951962755343,0.659612208098333,Trip19,NS,1403
OG0020822,-0.0923401721467106,0.957123697667127,Trip19,NS,1781
OG0020824,-0.0908029370083126,0.368421158744542,Trip19,NS,1776
OG0020832,1.1833277060448,0.00160898566552741,Trip19,UP,99
OG0020841,0.540027269257507,0.0536490406284409,Trip19,NS,394
OG0020857,0.0989584800881688,0.811874822350882,Trip19,NS,1197
OG0020869,-0.937878288092203,0.0155480774849152,Trip19,NS,3332
OG0020870,-0.098505544952425,0.753169499115507,Trip19,NS,1799
OG0020873,0.333423733725192,0.126121000514588,Trip19,NS,678
OG0020878,-0.140825544133565,0.519229094365342,Trip19,NS,1910
OG0020899,-0.24297675349254,0.535584751349471,Trip19,NS,2209
OG0020906,-0.894321922105463,0.0279671414664008,Trip19,NS,3293
OG0020920,0.150559676575381,0.689410505610952,Trip19,NS,1058
OG0020921,0.181420640280142,0.940331969721837,Trip19,NS,975
OG0020923,0.372952097911829,0.132374148600456,Trip19,NS,609
OG0020952,0.6551197387440175,0.0337980487752478,Trip19,NS,295
OG0020962,-0.940644722383579,0.00963068572481639,Trip19,NS,3335
OG0020982,1.23266075679027,0.0122573781605766,Trip19,UP,91
OG0020992,-0.0291463456595165,0.868007906153487,Trip19,NS,1595
OG0020994,-0.508403405589552,0.0321603797062258,Trip19,NS,2787
OG0021000,0.133563525741106,0.63973339192908,Trip19,NS,1111
OG0021003,0.605968358841458,0.00700905780875302,Trip19,NS,328
OG0021009,-0.184424571137427,0.299587615786355,Trip19,NS,2027
OG0021020,-1.12658049656514,0.00787623640430327,Trip19,DOWN,3464
OG0021021,-0.380821783940931,0.462041743529741,Trip19,NS,2548
OG0021022,1.2424500736777,0.0204490231838442,Trip19,UP,87
OG0021027,-1.09541956507868,0.00629666137543657,Trip19,DOWN,3444
OG0021033,-0.140825544133565,0.52948037033982,Trip19,NS,1910
OG0021044,-0.839079811818897,0.0626143149560732,Trip19,NS,3251
OG0021045,-0.554273296650016,0.115781205239851,Trip19,NS,2872
OG0021069,0.211635253327149,0.579593835036912,Trip19,NS,910
OG0021078,0.0867837661420666,0.689266028822164,Trip19,NS,1232
OG0021080,-1.64385618977472,0.0185986503288581,Trip19,DOWN,3586
OG0021098,-0.340075441597622,0.18477940167737,Trip19,NS,2459
OG0021099,-0.101598140007807,0.370385308193992,Trip19,NS,1805
OG0021125,-0.569179503480228,0.0183939287633847,Trip19,NS,2902
OG0021140,-0.0188780102056894,0.857309806132948,Trip19,NS,1554
OG0021147,-0.662003536484984,0.0144618910179159,Trip19,NS,3035
OG0021166,-0.182786075741673,0.973862038857488,Trip19,NS,2024
OG0021183,-2.07704103576383,0.0635386212679569,Trip19,NS,3608
OG0021197,-0.753895990116083,0.328280096318213,Trip19,NS,3159
OG0021204,-0.746615764199925,0.0689696016725522,Trip19,NS,3147
OG0021215,-1.17788172527066,0.00187568711413214,Trip19,DOWN,3488
OG0021221,-0.145605322246899,0.901813228950376,Trip19,NS,1919
OG0021242,-0.818579359719858,0.00171650597465097,Trip19,NS,3222
OG0021246,0.395062799517578,0.137987361277016,Trip19,NS,575
OG0021251,0.692427198089708,0.0871931207411286,Trip19,NS,270
OG0021255,0.155749232677945,0.477597511667863,Trip19,NS,1043
OG0021256,0.250961573533219,0.863489624712643,Trip19,NS,835
OG0021261,-0.625934281777462,0.378025917485894,Trip19,NS,2990
OG0021264,-0.312939311660108,0.0467178095882593,Trip19,NS,2396
OG0021270,-0.172993990361023,0.288472906448182,Trip19,NS,2005
OG0021271,-1.0086822430998,7.7153617174504e-4,Trip19,DOWN,3390
OG0021290,-0.0573916638883367,0.937381246801419,Trip19,NS,1682
OG0021292,0.503347927409687,0.0142587221124086,Trip19,NS,432
OG0021294,0.0440443327060212,0.846880361734943,Trip19,NS,1361
OG0021298,0.151858816727005,0.501547374200176,Trip19,NS,1053
OG0021306,-0.897006006676674,0.0437414724831259,Trip19,NS,3297
OG0021310,0.192825403552391,0.316016101091529,Trip19,NS,953
OG0021311,-0.0694518807521452,0.253402838822033,Trip19,NS,1719
OG0021328,0.470927257475127,0.291374483107414,Trip19,NS,474
OG0021334,0.324234562270531,0.476120825921992,Trip19,NS,707
OG0021341,0.663572335417523,0.00474467359689131,Trip19,NS,292
OG0021344,-0.275786313242642,0.473531178292055,Trip19,NS,2300
OG0021347,-1.11091590140185,1.0532048504245e-4,Trip19,DOWN,3455
OG0021351,-0.0218043703183484,0.519229094365342,Trip19,NS,1566
OG0021357,-0.309359421384307,0.148954567116459,Trip19,NS,2388
OG0021358,0.0412429822318813,0.736184418785269,Trip19,NS,1372
OG0021361,-0.800877357986399,0.019394678017454,Trip19,NS,3207
OG0021362,-0.98850436116217,0.00633808955693037,Trip19,NS,3372
OG0021369,-1.06491747668134,0.0369624589585321,Trip19,DOWN,3427
OG0021373,-0.77595972578207,0.0213051618602959,Trip19,NS,3187
OG0021382,0.383049068026767,0.00818020434422364,Trip19,NS,593
OG0021384,0.489542935642474,0.384399913330384,Trip19,NS,453
OG0021411,-1.2446850959549,0.00773559035481758,Trip19,DOWN,3517
OG0021415,0,0.931211038348708,Trip19,NS,1499
OG0021417,0.0662614422687213,0.52948037033982,Trip19,NS,1289
OG0021424,-0.703689439291908,0.0274918919787426,Trip19,NS,3083
OG0021427,-0.139235797371172,0.246532096691609,Trip19,NS,1904
OG0021429,-0.558516520417355,0.0505707093750593,Trip19,NS,2877
OG0021431,0.0384361816561079,0.981948643326332,Trip19,NS,1385
OG0021434,0.512985334813676,0.0105489079759761,Trip19,NS,421
OG0021436,-0.244685095954902,0.160528349054012,Trip19,NS,2214
OG0021439,-0.475936324222789,0.0506077352179197,Trip19,NS,2732
OG0021451,-0.234465253637023,0.694681134373919,Trip19,NS,2188
OG0021454,-0.630393929968162,0.12389103574682,Trip19,NS,2994
OG0021455,-1.15842936260448,0.103563488756555,Trip19,NS,3479
OG0021460,-0.0115879742752118,0.525248261755041,Trip19,NS,1541
OG0021462,0.327687364176047,0.0885304413016228,Trip19,NS,698
OG0021475,-0.932361283124637,0.295517316258602,Trip19,NS,3326
OG0021477,-0.258425152581204,0.274166372839651,Trip19,NS,2255
OG0021482,-1.3040061868901,0.0343356959131831,Trip19,DOWN,3529
OG0021484,0.429749850800216,0.545656141197464,Trip19,NS,528
OG0021487,0.31150311546827,0.314865265841728,Trip19,NS,735
OG0021515,-0.358453970912476,0.078025374677395,Trip19,NS,2498
OG0021517,0.292781749227846,0.308409396963511,Trip19,NS,763
OG0021526,0.1263047132073507,0.0640987208130957,Trip19,NS,1127
OG0021533,-0.222632890549587,0.528562796992662,Trip19,NS,2141
OG0021541,-0.209227962138,0.198003368381105,Trip19,NS,2103
OG0021544,-0.813499442355505,0.0162341273004227,Trip19,NS,3219
OG0021545,0.0908534304511135,0.924884181949869,Trip19,NS,1218
OG0021549,-0.300448367476911,0.176545140235099,Trip19,NS,2362
OG0021555,-0.805912947883698,0.0473293643025261,Trip19,NS,3214
OG0021559,0.141432790929296,0.40511106040051,Trip19,NS,1090
OG0021560,0.858378925082071,0.78097990627386,Trip19,NS,168
OG0021568,-0.979942347658747,0.0216606186311913,Trip19,NS,3366
OG0021580,-0.352915787371046,0.572019524316556,Trip19,NS,2484
OG0021587,0.316145742293356,0.241162098090123,Trip19,NS,726
OG0021602,0.0257375614136083,0.836397598716507,Trip19,NS,1419
OG0021616,0.604071323668861,0.0304403064672645,Trip19,NS,331
OG0021671,0.316145742293356,0.1188269288915,Trip19,NS,726
OG0021689,-0.256700472111743,0.0529077463392725,Trip19,NS,2250
OG0021706,-0.166502663140165,0.477597511667863,Trip19,NS,1986
OG0021725,-1.16488438474178,0.00324144409699127,Trip19,DOWN,3484
OG0021741,-0.156820109742826,0.231951257304947,Trip19,NS,1956
OG0021785,-2.29335894269059,0.0800486031782458,Trip19,NS,3612
OG0021806,0.561692721398309,0.320832552395365,Trip19,NS,372
OG0021815,-0.22431729826094,0.21634773699609,Trip19,NS,2147
OG0021823,-0.588573754273535,0.0147771626113858,Trip19,NS,2939
OG0021828,-1,0.0521497980747197,Trip19,NS,3385
OG0021829,-0.469929257774916,0.0230008420241515,Trip19,NS,2722
OG0021851,-0.279283757478869,0.182751787908263,Trip19,NS,2305
OG0021862,-1.56064282152574,0.00464529758173203,Trip19,DOWN,3577
OG0021867,-1.09541956507868,8.7245752335133e-4,Trip19,DOWN,3444
OG0021869,-0.619270551496451,0.31793184404933,Trip19,NS,2979
OG0021883,-0.232280063318115,0.647255249124372,Trip19,NS,2178
OG0021886,0.674460651560259,0.00860418752654522,Trip19,NS,279
OG0021889,0.141432790929296,0.379771176330918,Trip19,NS,1090
OG0021895,-0.22431729826094,0.271989870247369,Trip19,NS,2147
OG0021909,-0.56277226108709,0.324110218428475,Trip19,NS,2890
OG0021917,-0.971430847803229,0.08471029227391,Trip19,NS,3358
OG0021930,-1.200912693926,0.00397055471413727,Trip19,DOWN,3497
OG0021935,-0.758769964484555,0.0312482988367731,Trip19,NS,3166
OG0021952,-0.160040412510468,0.323912581913467,Trip19,NS,1970
OG0021955,1.41142624572647,0.0736326220981271,Trip19,NS,61
OG0021966,0.426533138116673,0.0088867919304438,Trip19,NS,535
OG0021973,-0.65744525452268,7.1933989095881e-4,Trip19,NS,3029
OG0021994,-0.751465163861321,0.0321603797062258,Trip19,NS,3154
OG0022002,0.318461465167583,0.410730352380399,Trip19,NS,723
OG0022006,-0.365871442474959,0.0903510372247247,Trip19,NS,2515
OG0022009,0.74416109557041,0.249094001964283,Trip19,NS,245
OG0022016,0.711054321812066,0.0405112804590799,Trip19,NS,260
OG0022019,-0.502259911390907,0.133756048582692,Trip19,NS,2774
OG0022023,0.34340174467122303,0.00816032989781343,Trip19,NS,659
OG0022075,0.49467161164755,0.231546566513676,Trip19,NS,447
OG0022089,0.745882688902259,0.0273626087328031,Trip19,NS,244
OG0022100,0.0426443374084937,0.842585452387614,Trip19,NS,1368
OG0022106,0.527070335512661,0.111145745383383,Trip19,NS,407
OG0022115,-0.691988685447822,0.00169756128003123,Trip19,NS,3071
OG0022138,0.242450073677701,0.657912005488087,Trip19,NS,854
OG0022142,0.867105729502655,0.0566135579917076,Trip19,NS,166
OG0022165,0.671746266863223,0.0813384221789365,Trip19,NS,283
OG0022194,-0.215914857265243,0.683421563221745,Trip19,NS,2123
OG0022201,-0.761213140412883,0.0110036816991567,Trip19,NS,3171
OG0022207,0.0143552929770701,0.780402335148575,Trip19,NS,1454
OG0022213,-1.01741705307741,0.407486097067847,Trip19,NS,3400
OG0022217,0.0731347046302154,0.943351180499436,Trip19,NS,1272
OG0022222,0.104336659814736,0.485456695696615,Trip19,NS,1185
OG0022226,-0.22431729826094,0.807434441357943,Trip19,NS,2147
OG0022227,0.160920188181103,0.350862072090934,Trip19,NS,1027
OG0022229,-0.395928676331139,0.426041317656327,Trip19,NS,2584
OG0022236,0.0908534304511135,0.282956754612512,Trip19,NS,1218
OG0022263,-0.260151897300673,0.137658610194552,Trip19,NS,2259
OG0022303,-0.289827251720338,0.806067205173642,Trip19,NS,2333
OG0022328,0.405992359675837,0.604336899405971,Trip19,NS,562
OG0022334,-0.336427664582477,0.249906369676765,Trip19,NS,2452
OG0022338,-1.12973392960402,0.021674035598458,Trip19,DOWN,3466
OG0022344,1.1991226420136,0.0122056552609789,Trip19,UP,98
OG0022349,1.11303366529989,0.0663081184341712,Trip19,NS,111
OG0022359,-0.655171503002559,0.0131198485704941,Trip19,NS,3026
OG0022365,-0.744197163397282,0.0553267463841526,Trip19,NS,3139
OG0022386,-0.388355456626338,0.782620366149263,Trip19,NS,2560
OG0022396,-0.341902794648628,0.127894946308205,Trip19,NS,2465
OG0022398,0.832687516439532,7.2015560182849e-4,Trip19,NS,188
OG0022407,0.82130203988953,0.0105862701197153,Trip19,NS,196
OG0022408,-0.467932447710969,0.0891206267145722,Trip19,NS,2717
OG0022413,0.119024103142275,0.806067205173642,Trip19,NS,1148
OG0022425,0.116364756691785,0.773621843001804,Trip19,NS,1156
OG0022427,-0.140825544133565,0.928405783472546,Trip19,NS,1910
OG0022441,-0.597277823154395,0.598770014331711,Trip19,NS,2954
OG0022444,-0.639354797539784,0.144446902052206,Trip19,NS,3004
OG0022459,-0.207561069935362,0.244886881748782,Trip19,NS,2098
OG0022464,0.261831658752137,0.241741512580427,Trip19,NS,810
OG0022465,0.189033824390017,0.878755729364212,Trip19,NS,958
OG0022469,-0.0424567992428948,0.485456695696615,Trip19,NS,1642
OG0022470,5.00162211964968,0.0227805906612853,Trip19,UP,1
OG0022481,-0.29689930039584,0.0182133561101261,Trip19,NS,2346
OG0022492,-0.65744525452268,0.146738857164622,Trip19,NS,3029
OG0022495,0.00719550140420377,0.98408949379617,Trip19,NS,1477
OG0022496,-0.399730246490995,0.355084817773783,Trip19,NS,2595
OG0022501,-0.258425152581204,0.765204901830994,Trip19,NS,2255
OG0022531,-0.254977850962736,0.131552310046106,Trip19,NS,2244
OG0022536,0.816394909169121,0.277177766879228,Trip19,NS,200
OG0022538,0.495695162624069,0.440638064932054,Trip19,NS,442
OG0022571,0.100304905795685,0.76927058834587,Trip19,NS,1195
OG0022572,-0.392137097168765,0.0779564813909949,Trip19,NS,2575
OG0022579,-0.307572801910292,0.25851297890441,Trip19,NS,2383
OG0022588,-0.828793172581858,2.2030853590067e-4,Trip19,NS,3235
OG0022607,0.333423733725192,0.367591185830995,Trip19,NS,678
OG0022609,-0.172993990361023,0.407486097067847,Trip19,NS,2005
OG0022612,0.409255146684838,0.130058760284401,Trip19,NS,558
OG0022613,-0.639354797539784,0.0174916393947599,Trip19,NS,3004
OG0022616,-1.31114825613412,0.0417555509977077,Trip19,DOWN,3532
OG0022636,-0.805912947883698,0.00222205611056182,Trip19,NS,3214
OG0022704,2.15962918582123,0.0312482988367731,Trip19,UP,27
OG0022718,-0.0634091701760615,0.288464271270913,Trip19,NS,1701
OG0022728,-0.388355456626338,0.0447341960822432,Trip19,NS,2560
OG0022733,0.144046369616707,0.871228186999805,Trip19,NS,1081
OG0022738,-0.584241333477502,0.308157705527536,Trip19,NS,2929
OG0022739,-0.650634722405787,0.0304403064672645,Trip19,NS,3017
OG0022746,-0.44418384493836,0.376499484473838,Trip19,NS,2673
OG0022751,-0.639354797539784,0.00378466667389852,Trip19,NS,3004
OG0022754,0.70132725741294,0.0935813007578001,Trip19,NS,266
OG0022788,0.836732080459136,0.0640792066321475,Trip19,NS,183
OG0022792,-0.390245037827557,0.683325167065184,Trip19,NS,2570
OG0022793,-0.630393929968162,0.134756763284705,Trip19,NS,2994
OG0022816,0.58207422139633,0.135004347109589,Trip19,NS,347
OG0022847,0.823749360308273,0.185961053835863,Trip19,NS,193
OG0022858,-0.416962376203336,0.462354874078619,Trip19,NS,2626
OG0022870,-0.249822294406943,0.12719366025675,Trip19,NS,2229
OG0022880,-0.0203404482841755,0.882069714174911,Trip19,NS,1559
OG0022881,-0.438307278601691,0.0935939769279218,Trip19,NS,2660
OG0022882,-1.11716134423275,0.0506654175357599,Trip19,NS,3459
OG0022895,-0.3938672419694875,0.177561778876169,Trip19,NS,2579
OG0022903,0.0412429822318813,0.88826091977665,Trip19,NS,1372
OG0022906,-0.481968507397831,0.0754088741929333,Trip19,NS,2739
OG0022907,-0.556393348524385,0.193730337895351,Trip19,NS,2874
OG0022912,-0.340075441597622,0.859588854515533,Trip19,NS,2459
OG0022913,0.626672752605993,0.0471961787817186,Trip19,NS,317
OG0022918,1.05935527761642,1.2465734523013e-4,Trip19,UP,121
OG0022921,0.402722176845605,0.0200213481776343,Trip19,NS,565
OG0022927,-0.305788392232109,0.177383151471909,Trip19,NS,2377
OG0022934,-0.586405917590825,8.1725174617775e-4,Trip19,NS,2935
OG0022950,-0.56277226108709,0.0929901749643567,Trip19,NS,2890
OG0022952,-0.3040061868901,0.122020249008376,Trip19,NS,2370
OG0022954,-0.440263475567017,0.150764242041905,Trip19,NS,2664
OG0022955,0.476122419880152,0.048933769794586,Trip19,NS,467
OG0022960,-0.390245037827557,0.0349312251884827,Trip19,NS,2570
OG0022964,-0.0938790470029001,0.289408546522947,Trip19,NS,1788
OG0022970,0.4588029497313985,9.318968456244e-4,Trip19,NS,494
OG0022981,-0.818579359719858,0.024272215374226,Trip19,NS,3222
OG0022991,0.284514133244245,0.0881053426455608,Trip19,NS,777
OG0022994,-0.179514657013621,0.41048152589598,Trip19,NS,2017
OG0022996,-1.200912693926,0.0089559391944098,Trip19,DOWN,3497
OG0022997,0.034215715337913,0.900734294643787,Trip19,NS,1397
OG0023006,0.185232254230161,0.7114477200945,Trip19,NS,965
OG0023008,-0.450084446378045,0.0162270636816348,Trip19,NS,2685
OG0023011,0.172487515510134,0.699949734170081,Trip19,NS,994
OG0023017,0.558757430373762,0.0624413044494113,Trip19,NS,374
OG0023022,-0.978731058901799,0.00777263590921755,Trip19,NS,3365
OG0023023,0.353887836284907,0.17845483862376,Trip19,NS,641
OG0023092,-0.905088352974533,0.0140990377115835,Trip19,NS,3306
OG0023118,0.0412429822318813,0.812905226475607,Trip19,NS,1372
OG0023143,0.50182126542091,0.339942710792311,Trip19,NS,433
OG0023144,-0.0908029370083126,0.696975116300916,Trip19,NS,1776
OG0023147,0.160920188181103,0.383065776095807,Trip19,NS,1027
OG0023160,0.6535186707536,0.302916351148056,Trip19,NS,296
OG0023172,-0.217591435072627,0.308394983871993,Trip19,NS,2132
OG0023175,0.22650852980868,0.680151257479182,Trip19,NS,879
OG0023177,-1.43050890804128,0.186393100259808,Trip19,NS,3555
OG0023195,-0.0785636691937021,0.461624931542824,Trip19,NS,1741
OG0023205,-0.112474729258412,0.697713964913231,Trip19,NS,1830
OG0023206,-0.442222328605074,0.415637972888735,Trip19,NS,2668
OG0023216,-0.0218043703183484,0.683325167065184,Trip19,NS,1566
OG0023217,-0.194294815161489,0.765204901830994,Trip19,NS,2055
OG0023232,-0.706041020971306,0.146648902368203,Trip19,NS,3086
OG0023243,0.768078435016455,0.00834161429318907,Trip19,NS,220
OG0023277,-1.05289494843213,0.0541473788626853,Trip19,NS,3423
OG0023278,0.0271540515037266,0.455362647747402,Trip19,NS,1416
OG0023324,0.684369929013007,0.161834194596682,Trip19,NS,276
OG0023325,0.10701824988212,0.564969842910592,Trip19,NS,1172
OG0023332,0.26663664251399,0.246179606017294,Trip19,NS,803
OG0023333,-0.314732593483158,0.0764308688552825,Trip19,NS,2399
OG0023335,0.280956313831056,0.238659445427118,Trip19,NS,781
OG0023341,-1.02034044828418,0.0663081184341712,Trip19,NS,3406
OG0023369,-0.00578235259400611,0.312207165305618,Trip19,NS,1525
OG0023397,0.260627908126699,0.639646010157527,Trip19,NS,815
OG0023410,-0.239566125329888,0.146304464415032,Trip19,NS,2199
OG0023412,-0.785875194647153,0.00361149699632766,Trip19,NS,3198
OG0023414,-0.139235797371172,0.750830666833161,Trip19,NS,1904
OG0023421,0.542010355536609,0.0676326372515079,Trip19,NS,390
OG0023434,0.237563718317676,0.390832405774106,Trip19,NS,861
OG0023475,-0.426625473554056,0.453684470287749,Trip19,NS,2647
OG0023514,0.0412429822318813,0.940493170686635,Trip19,NS,1372
OG0023526,0.538041453333664,0.063400394009165,Trip19,NS,398
OG0023530,-0.413115187147815,0.133064889462037,Trip19,NS,2620
OG0023544,0.429749850800216,0.395109278453119,Trip19,NS,528
OG0023554,-0.586405917590825,0.0116035395688795,Trip19,NS,2935
OG0023556,-1.15521264992094,0.00223518388030606,Trip19,DOWN,3475
OG0023572,0.387362540835996,0.517327751980313,Trip19,NS,592
OG0023598,-0.502259911390907,0.0763450079095777,Trip19,NS,2774
OG0023601,-0.0188780102056894,0.682295300647463,Trip19,NS,1554
OG0023614,0.34724176819780733,0.285809440040256,Trip19,NS,652
OG0023617,0.598365205323645,0.469399461718533,Trip19,NS,337
OG0023631,-0.481968507397831,0.722668003855303,Trip19,NS,2739
OG0023666,-1.11091590140185,0.013605184233558,Trip19,DOWN,3455
OG0023674,0.58111017522555,0.0610736198624294,Trip19,NS,350
OG0023675,0.16478627814334,0.406702354638966,Trip19,NS,1017
OG0023678,0.03095513348398099,0.578204545957753,Trip19,NS,1409
OG0023680,-1.22431729826094,0.00948244973065873,Trip19,DOWN,3508
OG0023685,0.225274929869569,0.51902918467966,Trip19,NS,884
OG0023715,-0.0130430374755989,0.88175328683785,Trip19,NS,1545
OG0023719,-0.951763814347152,0.0521497980747197,Trip19,NS,3343
OG0023722,0.24731993497982,0.480427459309043,Trip19,NS,844
OG0023724,-0.325539348439741,0.328280096318213,Trip19,NS,2426
OG0023730,-0.957355662591506,0.00668627361672644,Trip19,NS,3351
OG0023736,-0.664288089679538,0.0289677657594445,Trip19,NS,3042
OG0023744,-0.281035664240461,0.147464650531757,Trip19,NS,2310
OG0023745,-0.512513650651464,0.0615178243528473,Trip19,NS,2797
OG0023753,0.390667685559667,0.34573062591684,Trip19,NS,582
OG0023754,-0.270555993166337,0.612507571863049,Trip19,NS,2287
OG0023758,-0.77595972578207,0.0360447551955981,Trip19,NS,3187
OG0023763,-0.545824106814198,0.0679754423083741,Trip19,NS,2858
OG0023770,0.408168370708106,0.455223300873012,Trip19,NS,560
OG0023776,0.448900951145128,0.0132006565127246,Trip19,NS,503
OG0023778,0.469885976274464,0.189750400769844,Trip19,NS,478
OG0023786,-0.110915901401851,0.521027744255899,Trip19,NS,1826
OG0023791,-0.545824106814198,0.0326302150344463,Trip19,NS,2858
OG0023844,-0.403541860441014,0.0437414724831259,Trip19,NS,2605
OG0023873,-0.708396441969435,0.0992065849466462,Trip19,NS,3088
OG0023887,-0.0394882898809755,0.858833774019408,Trip19,NS,1640
OG0023894,0.464668267003444,0.00677164230814281,Trip19,NS,489
OG0023929,0.126972856257766,0.750648212632127,Trip19,NS,1122
OG0023938,-0.3040061868901,0.0906799986971126,Trip19,NS,2370
OG0023941,0.822118274729345,0.00963068572481639,Trip19,NS,194
OG0023965,0.0690146779151805,0.972090789509888,Trip19,NS,1283
OG0023978,-0.0619024389259069,0.647948368129118,Trip19,NS,1695
OG0023983,0.018634174139051,0.738301631192923,Trip19,NS,1443
OG0023989,-1.56064282152574,0.00326743327792771,Trip19,DOWN,3577
OG0024013,0.206643223983395,0.801718820124303,Trip19,NS,918
OG0024015,-0.579921884020626,0.00167985034355262,Trip19,NS,2922
OG0024018,-1.17788172527066,0.0123571192470671,Trip19,DOWN,3488
OG0024024,0.206643223983395,0.581613235934718,Trip19,NS,918
OG0024026,0.175045486110914,0.519732977950585,Trip19,NS,987
OG0024057,-1.02326977932285,0.0307925307440905,Trip19,DOWN,3407
OG0024072,-0.026205070347394,0.610214061370494,Trip19,NS,1583
OG0024096,-0.997117491466879,0.0106160180659949,Trip19,NS,3381
OG0024097,0.22650852980868,0.18438791102819,Trip19,NS,879
OG0024100,0.197865391353738,0.581575841940812,Trip19,NS,942
OG0024129,0.168642035558839,0.152522447679023,Trip19,NS,1006
OG0024150,-0.0513991525066443,0.698662625240492,Trip19,NS,1666
OG0024297,1.0962618530584,0.00385656035721662,Trip19,UP,114
OG0024309,-0.199255376063222,0.584198751567212,Trip19,NS,2076
OG0024316,0.543000877402426,0.0155878820463909,Trip19,NS,389
OG0024318,3.43175666019445,0.0190891458275502,Trip19,UP,5
OG0024337,-0.652901329377732,0.0174583992710412,Trip19,NS,3023
OG0024448,-0.818579359719858,0.0058320496833448,Trip19,NS,3222
OG0024449,0.018634174139051,0.620483411785518,Trip19,NS,1443
OG0024584,-1.10469737866669,0.00907948041565841,Trip19,DOWN,3451
OG0024585,-0.179514657013621,0.506158758198017,Trip19,NS,2017
OG0024603,0.286881147788162,0.670915105335106,Trip19,NS,775
OG0024610,-0.37894449670026,0.0941019275306578,Trip19,NS,2543
OG0024633,-0.156820109742826,0.58520390529361,Trip19,NS,1956
OG0024716,-0.560642821525743,0.0580347808508454,Trip19,NS,2886
OG0024724,0.018634174139051,0.485448877690193,Trip19,NS,1443
OG0024802,-0.120294233717712,0.877533132606561,Trip19,NS,1853
OG0024817,1.3311319222172,0.0541473788626853,Trip19,NS,69
OG0024872,-0.857259827883918,0.00633808955693037,Trip19,NS,3263
OG0024927,-0.865121945656888,0.0128700599382057,Trip19,NS,3269
OG0024945,-0.0291463456595165,0.753169499115507,Trip19,NS,1595
OG0024952,-0.937878288092203,0.0207791151846798,Trip19,NS,3332
OG0024958,-0.650634722405787,0.106955781684165,Trip19,NS,3017
OG0025004,0.84478735007906,0.0447341960822432,Trip19,NS,179
OG0025011,2.29425313644451,0.0103231554886008,Trip19,UP,24
OG0025025,-0.00144341686966872,0.88347690763638,Trip19,NS,1507
OG0025041,2.74459168654238,0.167173612046133,Trip19,NS,16
OG0025076,0.486456955768731,0.0897927890270444,Trip19,NS,459
OG0025082,0.468843942974637,0.10305109606958,Trip19,NS,482
OG0025087,0.037030730944967,0.957123697667127,Trip19,NS,1389
OG0025099,-0.940644722383579,0.0905537676480246,Trip19,NS,3335
OG0025116,-0.394031641158542,0.243631352493095,Trip19,NS,2580
OG0025131,-0.0923401721467106,0.545414959601817,Trip19,NS,1781
OG0025315,0.456280481510725,0.0111661616807946,Trip19,NS,496
OG0025362,0.637842060324105,0.0653386472432927,Trip19,NS,304
OG0025374,2.9649530529008,0.289607419029284,Trip19,NS,11
OG0025459,-0.518701058452435,0.220738819569838,Trip19,NS,2804
OG0025503,-0.3040061868901,0.0880834953449808,Trip19,NS,2370
OG0025593,-0.360304766600418,0.153566105989614,Trip19,NS,2500
OG0025808,-1.3040061868901,0.38338136571354,Trip19,NS,3529
OG0025815,0.411426245726465,0.389219340389971,Trip19,NS,556
OG0025866,-0.744197163397282,0.0689097355373841,Trip19,NS,3139
OG0025896,-0.286304185156641,0.947799653886862,Trip19,NS,2327
OG0025954,0.0935601761623378,0.573077739701444,Trip19,NS,1209
OG0025960,-1.16165326347877,0.00171650597465097,Trip19,DOWN,3483
OG0025966,-0.652901329377732,0.263325196458892,Trip19,NS,3023
OG0026139,0.063502942306158,0.842372374996964,Trip19,NS,1300
OG0026226,0.453122446595813,0.996932088628259,Trip19,NS,500
OG0026293,0.231432408447965,0.905453091310861,Trip19,NS,872
OG0026309,0.58207422139633,0.324363479833627,Trip19,NS,347
OG0026570,-0.454031630894707,0.202947072471793,Trip19,NS,2692
OG0026582,1.67400860861723,0.00143071222916319,Trip19,UP,43
OG0026587,-0.272297327162762,0.94976038248403,Trip19,NS,2293
OG0026667,-0.77595972578207,0.468297862437638,Trip19,NS,3187
OG0026876,-0.401634794676355,0.125622835507549,Trip19,NS,2599
OG0027261,-0.197599959885161,0.593423482028722,Trip19,NS,2068
OG0027640,-0.960159735468209,0.304118911130274,Trip19,NS,3352
OG0027695,0.465713319595964,0.73608630685701,Trip19,NS,484
OG0027762,-0.531156057025363,0.864614115184764,Trip19,NS,2835
OG0028039,-0.800877357986399,0.106328238507935,Trip19,NS,3207
OG0028054,1.01792190799726,0.0174694089197057,Trip19,UP,132
OG0028168,-0.510457064357526,0.362651398165571,Trip19,NS,2792
OG0029359,-0.994240730711315,0.0274918919787426,Trip19,NS,3377
OG0029497,0.319617934200161,0.0204490231838442,Trip19,NS,720
OG0029530,0.138814468902282,0.851958345994607,Trip19,NS,1099
OG0031582,-0.508403405589552,0.821766529192558,Trip19,NS,2787
OG0031812,0.49364733397521,0.321653377147809,Trip19,NS,449
OG0032018,-0.57132159005177,0.483967993941501,Trip19,NS,2906
OG0032197,-0.614845103115656,0.103964431791982,Trip19,NS,2974
OG0032409,-0.46394709975979,0.030088731790783,Trip19,NS,2703
OG0032582,0.144046369616707,0.980155363135776,Trip19,NS,1081
OG0032669,0.427606172781899,0.00678527361711815,Trip19,NS,533
OG0032739,-0.120294233717712,0.926484204240204,Trip19,NS,1853
OG0032778,-0.541617995843987,0.202885785041408,Trip19,NS,2852
OG0035217,-1.12343394124828,0.0282858091733961,Trip19,DOWN,3462
OG0035437,-0.126580496565143,0.519229094365342,Trip19,NS,1878
OG0035897,-2.15842936260448,0.00169756128003123,Trip19,DOWN,3610
OG0036098,-0.979942347658747,0.13238926579503,Trip19,NS,3366
OG0036408,-0.560642821525743,0.107770044677074,Trip19,NS,2886
OG0037012,-0.541617995843987,0.370788714100246,Trip19,NS,2852
OG0037388,-0.535331732996556,0.186729547897248,Trip19,NS,2843
OG0037479,1.65260121759652,0.0185898627090384,Trip19,UP,44
OG0037524,-0.529072742524873,0.122578990213826,Trip19,NS,2828
OG0049981,0.243669080966863,0.156968947846101,Trip19,NS,853
OG0050117,-0.619270551496451,0.261454827658581,Trip19,NS,2979
OG0050119,0.0496307677246004,0.817698831719941,Trip19,NS,1346
OG0050125,0.116364756691785,0.840288365202585,Trip19,NS,1156
OG0050156,0.853596506202512,0.842585452387614,Trip19,NS,169
OG0050194,-1.51045706435753,0.342449050389077,Trip19,NS,3570
OG0050313,0.339137384919585,0.066349579170476,Trip19,NS,666
OG0050407,-1.73216460790239,0.00468721059149038,Trip19,DOWN,3594
OG0050429,0.24731993497982,0.980296862227303,Trip19,NS,844
OG0050505,0.0799753767205959,0.693614790263982,Trip19,NS,1253
OG0050752,-0.717856771218502,3.0251390199351e-4,Trip19,NS,3105
OG0050864,-0.749038426466781,0.0158236506158212,Trip19,NS,3149
OG0050929,-0.270555993166337,0.790508577233815,Trip19,NS,2287
OG0051023,0.29983076182237,0.22127847918141,Trip19,NS,754
OG0051027,-0.844250767322055,0.0102546880190612,Trip19,NS,3257
OG0051045,0.353887836284907,0.419036140225384,Trip19,NS,641
OG0051063,-0.630393929968162,0.962221323852213,Trip19,NS,2994
OG0051194,-0.457989644463391,0.0505193050844058,Trip19,NS,2697
OG0051247,-0.554273296650016,0.383900819184096,Trip19,NS,2872
OG0051253,-1.16488438474178,0.0736567739677547,Trip19,NS,3484
OG0051254,-2.82623293226329,4.459546781521e-4,Trip19,DOWN,3616
OG0051255,-2.13923579737117,0.00104351977399221,Trip19,DOWN,3609
OG0051256,-2.51457317282976,0.00168752108841712,Trip19,DOWN,3615
OG0051286,-0.298672742587059,0.262772630967409,Trip19,NS,2358
OG0051326,-0.312939311660108,0.182922572852351,Trip19,NS,2396
OG0051400,0.319617934200161,0.0266810544743423,Trip19,NS,720
OG0051421,-0.215914857265243,0.0266810544743423,Trip19,NS,2123
OG0051440,0.466757615726171,0.0358430775733211,Trip19,NS,483
OG0051463,0.159629185821228,0.170130436995771,Trip19,NS,1033
OG0051619,-0.438307278601691,0.00675105226476471,Trip19,NS,2660
OG0051808,0.116364756691785,0.786770611562832,Trip19,NS,1156
OG0051889,-0.612637459164004,0.181114415300754,Trip19,NS,2971
OG0051929,-0.710755714843358,0.0331468928425609,Trip19,NS,3090
OG0051958,3.81424277977989,6.7754708764057e-4,Trip19,UP,2
OG0052080,-0.0619024389259069,0.94976038248403,Trip19,NS,1695
OG0052109,-0.107803289534515,0.579593835036912,Trip19,NS,1818
OG0052122,-1.55215635563791,0.00364337552367712,Trip19,DOWN,3574
OG0052198,-0.204233052217608,0.848494917518602,Trip19,NS,2084
OG0052267,-0.395928676331139,0.609856214097358,Trip19,NS,2584
OG0052435,-0.994240730711315,0.110901581623851,Trip19,NS,3377
OG0052501,0.60502015306241,0.102235047547669,Trip19,NS,329
OG0052540,0.3928669162308,0.126924399174065,Trip19,NS,579
OG0052575,-0.205896101440252,0.521721172275982,Trip19,NS,2091
OG0052598,-0.749038426466781,0.00600296589608093,Trip19,NS,3149
OG0052629,-0.128156351490682,0.931211038348708,Trip19,NS,1883
OG0052667,0.297484915710575,0.486625559561415,Trip19,NS,756
OG0052852,0.296310560708092,0.0579171109627471,Trip19,NS,759
OG0052948,-0.650634722405787,0.0333477285966204,Trip19,NS,3017
OG0053048,0.970853654340484,0.039983763232986,Trip19,NS,141
OG0053051,0.314986485468515,0.0843559997829583,Trip19,NS,728
OG0053056,0.565597175854225,0.0956569265097854,Trip19,NS,366
OG0053191,0.527070335512661,0.0880773485659011,Trip19,NS,407
OG0053205,-0.036525876025114,0.555589012627243,Trip19,NS,1629
OG0053334,-0.364013496254377,0.806141599857179,Trip19,NS,2511
OG0053394,-0.582079992188035,0.0272190057679136,Trip19,NS,2926
OG0053413,0.753604536279995,0.00482363510200571,Trip19,NS,234
OG0053494,-0.291592016516404,0.331316708386003,Trip19,NS,2337
OG0053595,0.232660756790275,0.56446621905996,Trip19,NS,867
OG0053609,-0.254977850962736,0.862948375664458,Trip19,NS,2244
OG0053620,0.146655222119465,0.706492478272324,Trip19,NS,1074
OG0053637,-0.98564470702292994,0.0468953828427873,Trip19,NS,3371
OG0053759,-1.9105018491609,5.51173169138774e-6,Trip19,DOWN,3602
NA,-0.08530334936411396,4.5675321273483e-5,Trip19,NS,1762
OG0000006,-0.7129794842646411,2.2887374208636e-4,Trip22,NS,2230
OG0000012,-0.4464245997991594,3.06203131976675e-7,Trip22,NS,1953
OG0000014,-0.743284286625977,2.0761356575616e-4,Trip22,NS,2256
OG0000017,-1.410195434074606,8.20262834088927e-13,Trip22,DOWN,2444
OG0000034,0.4991671810464058,6.79746532478525e-11,Trip22,NS,217
OG0000037,-0.08490106139335574,0.758013215961946,Trip22,NS,1105
OG0000047,-1.243153627482974,4.6641601335361395e-12,Trip22,DOWN,2418
OG0000056,-0.5745391766561174,0.00263982452930632,Trip22,NS,2118
OG0000110,0.3515605273215845,4.8070134760087e-6,Trip22,NS,315
OG0000122,0.019514706977947553,0.804786400364634,Trip22,NS,834
OG0000159,-0.024065598165915,0.991574992412071,Trip22,NS,937
OG0000161,-1.3287915612547199,6.70007257776116e-8,Trip22,DOWN,2436
OG0000166,0.7496500952080806,0.903927221816543,Trip22,NS,134
OG0000173,0.306975477030968,0.781684624013914,Trip22,NS,370
OG0000175,0.127196572659253,0.840766167737277,Trip22,NS,597
OG0000185,-1.289568261324251,7.96945348623115e-6,Trip22,DOWN,2426
OG0000197,-0.532648044521442,6.65543424759234e-7,Trip22,NS,2063
OG0000200,-0.394507561101016,0.014530300282111,Trip22,NS,1862
OG0000207,-0.0533125985001331,0.999682273287731,Trip22,NS,1011
OG0000224,0.32988853790747086,0.00856985485346743,Trip22,NS,334
OG0000227,1.011102347304,5.06264497541648e-5,Trip22,UP,82
OG0000229,-0.160374314348709,0.947753262081877,Trip22,NS,1273
OG0000231,0.347327423624104,8.5418195618435e-4,Trip22,NS,317
OG0000247,0.102831070670645,0.603252731416538,Trip22,NS,638
OG0000252,0.0401225925235316,0.388507933179271,Trip22,NS,781
OG0000260,0.226263334419466,0.95843981909194,Trip22,NS,471
OG0000262,-0.0883245344578617,0.863917360113172,Trip22,NS,1113
OG0000267,0.293071668594654,0.619063165007939,Trip22,NS,383
OG0000270,0.4183763379412073,0.0138965908376722,Trip22,NS,261
OG0000273,0.149370272773912,0.999287460066448,Trip22,NS,564
OG0000284,0.585759982934864,9.76889013789848e-6,Trip22,NS,183
OG0000286,0.011591410440062566,0.0385197144846384,Trip22,NS,855
OG0000288,3.0670291582535634,1.04457585509738e-12,Trip22,UP,9
OG0000289,0.8462024800088694,7.70353670481687e-13,Trip22,NS,106
OG0000291,-0.3473803559955233,3.26685699568551e-6,Trip22,NS,1754
OG0000300,-0.01213233679374949,0.15660372482527,Trip22,NS,912
OG0000301,0.73861421589169,0.0341773189236339,Trip22,NS,137
OG0000305,-0.6239050646770863,1.36921029852759e-8,Trip22,NS,2173
OG0000306,-0.245621442115157,0.0105979770283518,Trip22,NS,1517
OG0000316,0.941169828024339,7.59087319130562e-5,Trip22,NS,90
OG0000322,-0.04411014419717125,0.999720894212749,Trip22,NS,992
OG0000323,-0.7417893056938115,2.90203069689998e-8,Trip22,NS,2254
OG0000331,-0.226967814560487,0.00256981440174684,Trip22,NS,1467
OG0000336,-0.18686022161081123,0.948846643701746,Trip22,NS,1349
OG0000338,-0.158498703162517,0.685348463532465,Trip22,NS,1271
OG0000343,0.0881023252086967,0.886554172532219,Trip22,NS,680
OG0000351,-0.127260705661184,0.968691824659337,Trip22,NS,1203
OG0000355,0.35466268046686245,2.02868949098842e-6,Trip22,NS,310
OG0000358,-0.25801508184456,0.48039248737274,Trip22,NS,1550
OG0000380,-1.22019854366991,0.338886094932441,Trip22,NS,2415
OG0000386,-0.1154075611654635,0.0331894244228514,Trip22,NS,1180
OG0000387,-0.25019084041801,0.425736785875016,Trip22,NS,1528
OG0000389,-0.162657026543633,0.414251094879945,Trip22,NS,1282
OG0000402,-0.373486153462027,3.3692722805857e-4,Trip22,NS,1820
OG0000403,-0.73873937364738,3.42635407634888e-7,Trip22,NS,2253
OG0000405,-0.4734671186859105,1.24659187871149e-8,Trip22,NS,1990
OG0000434,0.28706665385498653,0.00394735916558926,Trip22,NS,387
OG0000461,1.11910248309387,0.111583693316727,Trip22,NS,72
OG0000462,0.313866971306047,4.93082828730624e-10,Trip22,NS,354
OG0000464,-0.0702509826723102,0.812268333969794,Trip22,NS,1059
OG0000468,0.243949813834977,0.0743177561235438,Trip22,NS,440
OG0000486,-0.245360935770638,0.269567632015979,Trip22,NS,1515
OG0000495,0.1677471040266355,0.0716736702480133,Trip22,NS,541
OG0000496,0.837177804666903,8.96274491254488e-7,Trip22,NS,109
OG0000498,0.3685714367138065,0.391132619156387,Trip22,NS,296
OG0000500,0.09357786686139101,2.8247454035613e-4,Trip22,NS,666
OG0000506,-0.733968239861161,2.93282122335293e-6,Trip22,NS,2248
OG0000507,0.5376209141433165,0.14575781894002,Trip22,NS,201
OG0000508,0.31927487876673,0.0209080079753393,Trip22,NS,350
OG0000517,0.81019157422713906,0.0163475292534788,Trip22,NS,113
OG0000523,0.622178744824318,0.547746826787238,Trip22,NS,172
OG0000527,-0.972765781466156,8.4491965463786e-4,Trip22,NS,2361
OG0000528,0.964562384478522,0.00687700253407708,Trip22,NS,88
OG0000538,0.1876089662491125,0.0591321864468246,Trip22,NS,517
OG0000565,0.008369378976963012,1.12994848973813e-5,Trip22,NS,863
OG0000566,1.2211788991047574,1.54930217661641e-17,Trip22,UP,62
OG0000591,0.694228103346075,0.00122251630017644,Trip22,NS,152
OG0000595,0.646974944427129,0.0029533268066275,Trip22,NS,159
OG0000596,0.13106166027786192,0.406190912183553,Trip22,NS,591
OG0000620,0.556761673502532,0.173016440219404,Trip22,NS,196
OG0000628,-0.292525510565326,0.00137375509277837,Trip22,NS,1630
OG0000630,-0.05465916313876275,0.459528930782421,Trip22,NS,1015
OG0000646,-0.23765488133882406,2.5587249159778e-6,Trip22,NS,1493
OG0000648,0.24022266693024066,0.737445862666302,Trip22,NS,445
OG0000666,0.6018604672209795,0.0191415526312358,Trip22,NS,177
OG0000670,0.837445796451571,2.34694597015628e-13,Trip22,NS,108
OG0000676,0.462877129650799,0.0412684340508457,Trip22,NS,233
OG0000686,-0.450606772831803,0.746671862568819,Trip22,NS,1959
OG0000694,0.15923324615948475,0.147776346612829,Trip22,NS,557
OG0000704,-0.3980336051622125,2.62788402823955e-7,Trip22,NS,1870
OG0000708,-0.03209845039814747,0.14062575291905,Trip22,NS,960
OG0000710,-0.806664116077006,0.533411028609932,Trip22,NS,2287
OG0000711,-0.03331727362289005,3.1840706698362e-4,Trip22,NS,962
OG0000713,-0.303808169953639,0.0187349607473938,Trip22,NS,1658
OG0000715,-1.70288238231645,1.9889146701109297e-12,Trip22,DOWN,2464
OG0000719,-0.4010200274653015,4.90523651568017e-8,Trip22,NS,1875
OG0000723,-0.114737037999539,0.842783297489104,Trip22,NS,1178
OG0000731,-0.101193320206912,0.213247045022037,Trip22,NS,1140
OG0000732,-0.190103866457882,0.999985071232541,Trip22,NS,1360
OG0000737,-0.12072622097785965,0.0355104076467879,Trip22,NS,1193
OG0000746,0.326923640919365,0.370903366149668,Trip22,NS,337
OG0000762,-0.16326264782965177,0.0150692976876186,Trip22,NS,1284
OG0000763,0.134005023534252,0.767833704888874,Trip22,NS,586
OG0000764,-0.664458953731622,2.7136058283554197e-11,Trip22,NS,2206
OG0000768,0.0710477678284213,0.999999735773856,Trip22,NS,709
OG0000769,0.236198072499669,0.31642539665208,Trip22,NS,453
OG0000787,-0.2913625590011297,5.4078973407615e-4,Trip22,NS,1627
OG0000794,0.50066181043148,6.45988201735545e-6,Trip22,NS,216
OG0000799,0.308905923396927,0.247860511927245,Trip22,NS,364
OG0000800,0.167622639415762,0.99960429969222,Trip22,NS,542
OG0000803,0.534838672319429,0.0293191624646195,Trip22,NS,203
OG0000807,-0.397191544242613,0.021217910649029,Trip22,NS,1867
OG0000812,0.258927881771284,0.561224783213685,Trip22,NS,424
OG0000815,-0.8235759122052734,8.74495456157818e-12,Trip22,NS,2296
OG0000820,-0.92796518786828,4.42405717011103e-12,Trip22,NS,2343
OG0000823,1.00568241084844,0.00388257086625156,Trip22,UP,84
OG0000837,-0.609436633203339,0.0891173557037822,Trip22,NS,2151
OG0000840,-0.0830246360387856,0.338121973101005,Trip22,NS,1100
OG0000844,-0.589212808812189,4.6934258087402e-4,Trip22,NS,2129
OG0000845,-0.470753455597603,0.0010431946258579,Trip22,NS,1986
OG0000851,-0.07187306771554104,0.174252222154498,Trip22,NS,1069
OG0000853,0.25796025765507,0.668063683944711,Trip22,NS,426
OG0000854,-0.608700220647476,5.00836622595882e-8,Trip22,NS,2149
OG0000861,-0.252415896721098,0.104942036223189,Trip22,NS,1536
OG0000864,-0.3555365508080506,9.9920978358069e-4,Trip22,NS,1788
OG0000867,-0.008714794224481653,0.488062256330405,Trip22,NS,904
OG0000868,-0.096263322953469,0.945232543512823,Trip22,NS,1126
OG0000875,-0.35190857880062,1.0218032218825e-5,Trip22,NS,1774
OG0000880,0.06648129148954042,0.670524472846792,Trip22,NS,717
OG0000881,-0.00882512944160305,0.210423561992742,Trip22,NS,905
OG0000884,0.41686524548758,0.00896718429177017,Trip22,NS,264
OG0000885,-0.178883444319877,0.460351157180607,Trip22,NS,1334
OG0000886,-0.139612303065528,0.642789852117986,Trip22,NS,1225
OG0000889,-0.8877053712103287,8.882454262370231e-10,Trip22,NS,2325
OG0000890,0.0201425237089119,0.969643622626662,Trip22,NS,830
OG0000891,1.315011066512485,1.1174059848999e-4,Trip22,UP,53
OG0000894,-0.951363464612906,2.0640354185098e-4,Trip22,NS,2351
OG0000896,0.307122144602595,0.003088675055098,Trip22,NS,369
OG0000901,0.319502388071148,0.0447774448107442,Trip22,NS,347
OG0000904,-0.00709303586043728,0.95262142834252,Trip22,NS,898
OG0000906,0.207901984699899,0.0045453269661002,Trip22,NS,488
OG0000915,-1.90909988904597,4.48930691493942e-8,Trip22,DOWN,2473
OG0000926,0.17476625417719166,0.326679733161103,Trip22,NS,532
OG0000929,0.2732306042717765,1.5659495437405e-4,Trip22,NS,404
OG0000931,0.251162552097199,0.921452452008439,Trip22,NS,430
OG0000940,-0.351732576638592,0.732744191453151,Trip22,NS,1772
OG0000941,-0.0789776006501721,0.930413511795885,Trip22,NS,1088
OG0000942,0.204196529180111,0.409169039236001,Trip22,NS,494
OG0000943,-0.21966120019188,0.577259570161399,Trip22,NS,1444
OG0000945,0.0902263552049374,0.357884372444353,Trip22,NS,673
OG0000950,-0.930687041192803,1.9755848595964e-5,Trip22,NS,2344
OG0000962,0.313740913001742,0.178538401193816,Trip22,NS,355
OG0000964,0.0100891806075862,0.999550437543555,Trip22,NS,858
OG0000971,1.54400511174947,3.30797043400803e-13,Trip22,UP,46
OG0000973,-0.83667336521453,0.018758067000114,Trip22,NS,2301
OG0000976,0.340823465276343,1.81970044526772e-6,Trip22,NS,323
OG0000980,-0.190013987623133,0.27663925747899,Trip22,NS,1359
OG0000988,-0.8929467414583,1.7084544409853e-7,Trip22,NS,2328
OG0000994,-0.372074170285552,0.0079800861876349,Trip22,NS,1818
OG0001000,0.26929185713356,0.579479620406906,Trip22,NS,412
OG0001003,-0.09505836272165445,0.405509906345133,Trip22,NS,1124
OG0001009,-0.343636245213644,0.0721526791262503,Trip22,NS,1741
OG0001014,-0.253059649298533,0.00854704131708162,Trip22,NS,1539
OG0001019,-1.11707862218831,1.61403860099777e-5,Trip22,DOWN,2392
OG0001032,-0.00569715026466012,0.561596376211121,Trip22,NS,893
OG0001033,-0.190272360179559,0.192388977416773,Trip22,NS,1363
OG0001036,-0.022133676756194,0.999506689597888,Trip22,NS,934
OG0001038,-0.402388966465542,0.16200269442497,Trip22,NS,1879
OG0001047,-0.35062151077967607,0.0728074135499241,Trip22,NS,1771
OG0001055,-0.0997010476977766,0.520257172125971,Trip22,NS,1133
OG0001058,0.2111405465568575,0.318774462052418,Trip22,NS,486
OG0001069,0.28631785058722536,9.9731442793744e-4,Trip22,NS,389
OG0001070,-0.356962710115132,0.0520208882474455,Trip22,NS,1792
OG0001074,-0.20596705087363326,0.00407468033798422,Trip22,NS,1420
OG0001076,-0.505231491177473,0.403302767645212,Trip22,NS,2033
OG0001078,0.3009765188834322,6.92082739459751e-8,Trip22,NS,374
OG0001080,0.14883488863619626,6.48557391231865e-7,Trip22,NS,565
OG0001087,-0.498718605398105,6.91346100906553e-8,Trip22,NS,2022
OG0001090,-0.344655193704649,0.0819226320320057,Trip22,NS,1745
OG0001094,-0.1615780033088475,0.0207348602896048,Trip22,NS,1278
OG0001095,-1.10158116933905,0.00256322359755428,Trip22,DOWN,2389
OG0001110,-0.40183950555491,1.6128860091613e-4,Trip22,NS,1878
OG0001111,0.029876246873814294,8.93097806524537e-6,Trip22,NS,806
OG0001112,0.122415121688587,0.580330696662806,Trip22,NS,604
OG0001124,-0.9696341212050484,0.0276052039493211,Trip22,NS,2360
OG0001126,-0.0690877279260516,0.696794296754613,Trip22,NS,1053
OG0001127,-0.240982444369852,0.0674372932302045,Trip22,NS,1504
OG0001134,-0.213957972848222,9.1370564078575e-4,Trip22,NS,1435
OG0001137,0.016296988524667613,0.99477972248769,Trip22,NS,841
OG0001139,0.722867327476978,0.00785103178935301,Trip22,NS,144
OG0001150,-0.3818577616060245,0.00192346133599456,Trip22,NS,1842
OG0001162,2.3863709307017853,1.46516364426051e-14,Trip22,UP,16
OG0001180,0.5180867675702069,0.0556344788066149,Trip22,NS,210
OG0001185,-0.238371137295509,0.224011953597592,Trip22,NS,1496
OG0001187,-0.2938441661679645,7.994668693320129e-11,Trip22,NS,1635
OG0001204,-0.581776780167075,3.09781627426158e-7,Trip22,NS,2125
OG0001208,-0.191940289595248,4.00661275028106e-8,Trip22,NS,1371
OG0001218,-0.848479553230817,0.0487696251672446,Trip22,NS,2306
OG0001221,-0.3911629545558075,8.29551651809386e-6,Trip22,NS,1858
OG0001228,-0.202725833217036,0.170405084288887,Trip22,NS,1414
OG0001236,0.10570522197894443,0.365301184531425,Trip22,NS,633
OG0001237,-0.72831213862129,2.58550764687329e-7,Trip22,NS,2242
OG0001241,-0.0935667851346684,0.230017367230803,Trip22,NS,1120
OG0001243,-0.377545782649861,0.0193619299407685,Trip22,NS,1829
OG0001259,-1.0231355339745,0.00167534348285592,Trip22,DOWN,2371
OG0001263,0.098246878369979,0.999217497513434,Trip22,NS,650
OG0001266,-0.5616428226167784,2.4241068135454e-11,Trip22,NS,2103
OG0001268,-1.29276091350042,2.93489011595039e-5,Trip22,DOWN,2428
OG0001269,-0.15393778155606874,0.0645358103015344,Trip22,NS,1264
OG0001271,-0.278555630759694,0.781239745891169,Trip22,NS,1596
OG0001272,-0.164348935488361,0.0485319292310724,Trip22,NS,1289
OG0001287,0.11058314136933814,0.00302497110631983,Trip22,NS,625
OG0001296,0.3073290841571325,0.368745343550092,Trip22,NS,368
OG0001302,-0.459200512100988,3.01765070830305e-5,Trip22,NS,1973
OG0001306,-0.30330913278822,0.0170475703082062,Trip22,NS,1656
OG0001308,-0.406508121828739,3.9955271877037705e-9,Trip22,NS,1885
OG0001322,-2.208072026271555,3.78995941466561e-20,Trip22,DOWN,2477
OG0001328,0.307752923749704,0.0157465793391623,Trip22,NS,366
OG0001338,-0.591961645331951,2.06003457115285e-8,Trip22,NS,2131
OG0001340,-0.272064699645887,1.3474154451148e-4,Trip22,NS,1586
OG0001361,-0.519535647613963,7.6488064924374e-4,Trip22,NS,2052
OG0001363,0.04246578272069099,0.00259821051152183,Trip22,NS,776
OG0001366,-0.12028284733877036,0.0342707001382522,Trip22,NS,1191
OG0001369,-0.007349727656343666,0.719509196606216,Trip22,NS,899
OG0001372,-0.897750797909487,1.93844031063875e-5,Trip22,NS,2331
OG0001379,0.179258075956224,0.808145129055253,Trip22,NS,526
OG0001380,-0.253723874208635,0.00354921830073561,Trip22,NS,1543
OG0001381,-0.02506489066748749,0.292334731141084,Trip22,NS,941
OG0001417,-0.196849783714167,0.0868531035217372,Trip22,NS,1391
OG0001432,-0.9855693993284209,3.13410946167316e-5,Trip22,NS,2363
OG0001439,0.052088253165929854,0.990993443993221,Trip22,NS,751
OG0001455,-0.4348413837819025,4.23650056538794e-12,Trip22,NS,1933
OG0001467,-0.399807146994324,5.670821943465689e-12,Trip22,NS,1873
OG0001479,-1.07295070710007,1.3331882165461e-5,Trip22,DOWN,2379
OG0001484,0.121222899221528,0.482777712862268,Trip22,NS,608
OG0001489,-0.2509896194434491,0.00540281460237894,Trip22,NS,1530
OG0001493,-0.0781273895454054,0.866425060809493,Trip22,NS,1082
OG0001495,0.3520898488680788,0.29923478776949,Trip22,NS,314
OG0001499,-0.4298907995987625,1.63527041612694e-5,Trip22,NS,1923
OG0001503,-0.513582677484509,0.0107841352762723,Trip22,NS,2043
OG0001506,0.0958781656627587,5.39464654686803e-5,Trip22,NS,658
OG0001529,-0.20425580893062567,2.90382268847506e-5,Trip22,NS,1416
OG0001536,-0.858719082466496,1.8957925260228e-4,Trip22,NS,2313
OG0001541,-0.043363495502321894,0.236811510174247,Trip22,NS,991
OG0001550,0.0616731339110675,0.0144878832985077,Trip22,NS,731
OG0001569,0.203081598718767,0.275762534295765,Trip22,NS,495
OG0001592,-0.617175218337711,0.208999991600496,Trip22,NS,2164
OG0001609,-0.1646137706804365,0.704807429138375,Trip22,NS,1291
OG0001619,0.281183274698335,0.64050828964459,Trip22,NS,395
OG0001632,-0.402543952980573,7.62654754016964e-5,Trip22,NS,1881
OG0001638,0.584481750537744,5.50628310156769e-5,Trip22,NS,184
OG0001655,-1.57414404799219,5.8168243639566e-4,Trip22,DOWN,2453
OG0001658,-0.308240724117094,3.6958382179328e-4,Trip22,NS,1664
OG0001659,0.165366121570311,0.552160745900486,Trip22,NS,545
OG0001661,-0.37959294051947,4.1654182878352e-4,Trip22,NS,1834
OG0001662,-0.123749606957547,0.530850717619367,Trip22,NS,1199
OG0001675,-0.291911956550382,0.0390125567025281,Trip22,NS,1628
OG0001684,0.0663580135665134,0.99801258549303,Trip22,NS,718
OG0001701,-0.3804939743252705,4.25141140346606e-7,Trip22,NS,1838
OG0001706,-0.007015063528518201,0.628720800054404,Trip22,NS,897
OG0001716,-0.194262373254992,0.100697012937845,Trip22,NS,1380
OG0001719,-0.0906114743494387,0.814033992460784,Trip22,NS,1116
OG0001721,0.191434103279234,0.596831905671805,Trip22,NS,508
OG0001726,0.010078163905965,0.924372940638861,Trip22,NS,859
OG0001735,0.0912745914640193,0.31035875866394,Trip22,NS,670
OG0001746,-0.2088572707251245,0.00150894661500693,Trip22,NS,1422
OG0001758,-0.0952661421572786,0.838516290471299,Trip22,NS,1125
OG0001760,-0.278858031416508,8.05357763347011e-7,Trip22,NS,1598
OG0001787,0.45905441867882,0.654874682999597,Trip22,NS,235
OG0001789,0.974571907913823,6.4584349723621e-4,Trip22,NS,87
OG0001793,-0.0664191112724733,0.678222747580761,Trip22,NS,1045
OG0001805,-0.468396303616851,9.62160836775278e-5,Trip22,NS,1984
OG0001819,-0.0583978331855619,0.968390412909916,Trip22,NS,1024
OG0001828,0.0639005279037092,0.966547923384867,Trip22,NS,726
OG0001834,-0.0687858769045098,0.845562308830196,Trip22,NS,1052
OG0001843,-0.387255631810436,1.395228540927e-4,Trip22,NS,1850
OG0001863,-0.288360746524832,0.343147030912181,Trip22,NS,1618
OG0001888,-0.122656935822398,0.97036783341078,Trip22,NS,1196
OG0001890,-0.527550861990531,6.5888089897821e-4,Trip22,NS,2060
OG0001897,-0.558320423398289,0.00115084849930683,Trip22,NS,2097
OG0001906,0.3077903636091265,6.83908012677341e-7,Trip22,NS,365
OG0001917,-0.303503928733206,0.0789637415513308,Trip22,NS,1657
OG0001923,-0.0308079046711225,0.870895089874766,Trip22,NS,957
OG0001935,-0.724681947869517,6.1818524140412e-8,Trip22,NS,2236
OG0001948,-0.650605098181947,8.0228571435322e-4,Trip22,NS,2197
OG0001953,-0.013257777606246003,0.597187018431584,Trip22,NS,918
OG0001963,0.577397215913594,0.030481952723327,Trip22,NS,189
OG0001975,0.06444273564073535,0.998471872189648,Trip22,NS,723
OG0001997,-0.54691096963502694,0.133215913580016,Trip22,NS,2082
OG0002001,-0.288069016235753,0.164988660752927,Trip22,NS,1616
OG0002006,-0.492277147463076,0.045882463569188,Trip22,NS,2014
OG0002009,0.21886564747220993,1.6210587475106e-4,Trip22,NS,479
OG0002013,-0.2703460539936875,0.453360147366955,Trip22,NS,1582
OG0002018,-0.267774099701827,0.587619782599973,Trip22,NS,1577
OG0002021,0.144644742991206,0.636403491286369,Trip22,NS,574
OG0002023,-0.357122110404974,9.52609723158678e-8,Trip22,NS,1794
OG0002025,0.0904487961946364,0.195994082516136,Trip22,NS,671
OG0002031,1.20727417364965,1.50234901452578e-5,Trip22,UP,66
OG0002040,-0.6218765949917395,3.13189877736984e-5,Trip22,NS,2170
OG0002061,-0.19145210754681852,2.4032926739634e-5,Trip22,NS,1367
OG0002062,-0.666107885569823,1.3246255111516e-5,Trip22,NS,2207
OG0002064,-0.06259675765683148,1.99576059180949e-6,Trip22,NS,1036
OG0002090,0.0328902592328615,0.986533809400171,Trip22,NS,801
OG0002101,0.963459763714991,1.9519492673107702e-15,Trip22,NS,89
OG0002111,-0.231845314045143,3.06893478354899e-5,Trip22,NS,1479
OG0002122,-0.236007846465186,0.206651187648218,Trip22,NS,1489
OG0002125,-0.314851491110036,6.23300376750953e-7,Trip22,NS,1682
OG0002133,-0.19157225892427,0.0689363089800634,Trip22,NS,1368
OG0002134,-0.6025472541473,0.0067253764095266,Trip22,NS,2143
OG0002139,-0.484051553816929,4.30269367045263e-5,Trip22,NS,2007
OG0002153,-0.140267813099764,0.65392006251984,Trip22,NS,1227
OG0002157,0.354382447811418,0.00143754658555472,Trip22,NS,311
OG0002161,0.0954132234811483,0.533351177666663,Trip22,NS,661
OG0002171,0.734239330907571,4.09554905355761e-7,Trip22,NS,139
OG0002175,-1.30825222727724,1.7718743768072e-4,Trip22,DOWN,2431
OG0002176,-0.481716529484533,8.0767844906557e-4,Trip22,NS,2001
OG0002181,-0.23870363084188,0.0485165911435687,Trip22,NS,1498
OG0002191,0.159826384912734,8.31775468809908e-5,Trip22,NS,556
OG0002192,-0.199510498961428,0.107817816417529,Trip22,NS,1402
OG0002197,-1.3236659373853,0.0110596548089188,Trip22,DOWN,2434
OG0002208,-0.61251471723681,1.66343833079119e-7,Trip22,NS,2156
OG0002222,-0.100735854200922,0.202623400741186,Trip22,NS,1138
OG0002228,0.10607582342117394,0.516833568125755,Trip22,NS,632
OG0002232,-0.172938455852071,0.0134061294250738,Trip22,NS,1324
OG0002237,0.0494270657107437,0.20938437275006,Trip22,NS,759
OG0002238,-0.644594737880182,0.00310316085891701,Trip22,NS,2192
OG0002248,-0.23373383063892544,0.00586234799775222,Trip22,NS,1482
OG0002255,-0.608294454614204,0.00823979943997912,Trip22,NS,2148
OG0002287,0.297048306952504,0.210838499308176,Trip22,NS,380
OG0002295,-0.564499686882552,1.50697067426224e-5,Trip22,NS,2108
OG0002300,-0.3478183308486985,0.00113583465772135,Trip22,NS,1757
OG0002341,-0.190490793427609,0.893063330917091,Trip22,NS,1365
OG0002345,0.840436472994762,2.9799825871520997e-12,Trip22,NS,107
OG0002355,-0.0716955311559681,0.334995644432921,Trip22,NS,1068
OG0002379,-0.15003458406727,0.580601191248627,Trip22,NS,1256
OG0002381,-0.310417790593226,6.56014447720645e-6,Trip22,NS,1670
OG0002396,0.14362557222764188,0.00969334575845543,Trip22,NS,575
OG0002432,-0.0350475858243714,0.928896141148302,Trip22,NS,969
OG0002435,0.37634847608968103,0.616618334556854,Trip22,NS,291
OG0002436,0.0352951532491993,0.99980404307431,Trip22,NS,797
OG0002472,-0.488361044500781,5.27395225467667e-8,Trip22,NS,2010
OG0002502,-0.0456678952229965,0.914157408960234,Trip22,NS,994
OG0002505,-0.227267696166913,0.125410990762187,Trip22,NS,1469
OG0002508,-0.450006146115585,0.0229445176435434,Trip22,NS,1957
OG0002524,2.19856578703108,4.05972691751941e-16,Trip22,UP,21
OG0002531,-0.293450217366874,0.00397853924644975,Trip22,NS,1634
OG0002541,-1.26193850121305,1.00974526113136e-5,Trip22,DOWN,2421
OG0002544,-0.224341126922627,0.0383182279169906,Trip22,NS,1459
OG0002556,-1.29047061738537,9.3645133739031e-7,Trip22,DOWN,2427
OG0002575,-0.028466136712281202,0.997424535365605,Trip22,NS,952
OG0002591,0.321578788189404,0.634392683543258,Trip22,NS,344
OG0002597,-0.1700434221572975,0.0882293701416633,Trip22,NS,1312
OG0002600,1.2219150223239,1.55466984415067e-7,Trip22,UP,61
OG0002605,0.006231876247158895,0.561851843299499,Trip22,NS,870
OG0002615,-0.302389232848436,2.27465013304676e-8,Trip22,NS,1655
OG0002630,0.00767491585536023,0.798546848219187,Trip22,NS,867
OG0002649,-0.179599730681275,0.114195874512038,Trip22,NS,1335
OG0002650,-0.766462144420604,9.93642818820301e-5,Trip22,NS,2267
OG0002674,-0.0787150098244187,0.690739184617752,Trip22,NS,1085
OG0002678,-0.529773031725278,4.74673625813596e-5,Trip22,NS,2061
OG0002679,0.605971858921329,8.16951638413737e-13,Trip22,NS,175
OG0002686,0.022737811795558,0.872931774451077,Trip22,NS,823
OG0002725,0.353338863436925,1.10722016587475e-7,Trip22,NS,313
OG0002726,-0.1167752401496795,0.0127413553228184,Trip22,NS,1183
OG0002730,-0.00185730493484582,0.999955482894855,Trip22,NS,885
OG0002759,-0.301445556112732,0.00606499766445589,Trip22,NS,1652
OG0002761,-0.14691146558173304,0.28775586005345,Trip22,NS,1246
OG0002763,0.784851620884691,6.76433298249154e-5,Trip22,NS,120
OG0002770,0.34229795626539,0.00211809471038964,Trip22,NS,320
OG0002772,-0.193299662106366,0.515069461917698,Trip22,NS,1374
OG0002776,-0.0692790473854311,0.30477013414899,Trip22,NS,1054
OG0002784,-0.460699129962135,0.00432008203266776,Trip22,NS,1974
OG0002808,-0.080036098719963,0.0811066141927615,Trip22,NS,1094
OG0002818,-0.53903689199321,0.0473362156429163,Trip22,NS,2073
OG0002821,-0.7017315737155805,0.0300561953647275,Trip22,NS,2222
OG0002854,0.2070411617041925,0.173431126959684,Trip22,NS,489
OG0002858,-0.0474975898807205,0.116231889134371,Trip22,NS,1000
OG0002866,-0.4750347602797237,4.76497288376e-4,Trip22,NS,1993
OG0002869,-0.223557747037802,0.424590398403529,Trip22,NS,1455
OG0002875,0.482616386545958,0.00217622078259131,Trip22,NS,226
OG0002889,-0.543266466851827,1.21119188279112e-12,Trip22,NS,2080
OG0002908,-0.449849644988421,4.14748744998965e-5,Trip22,NS,1956
OG0002921,-0.3305148386112055,3.1704216456535e-4,Trip22,NS,1719
OG0002922,-0.173482186584176,0.0981028793572079,Trip22,NS,1328
OG0002923,-0.3070401944329685,1.1683211215374e-4,Trip22,NS,1662
OG0002924,0.0206943384381519,0.299993292717434,Trip22,NS,829
OG0002934,-0.140213876722545,0.188172686917073,Trip22,NS,1226
OG0002945,0.102421496569183,0.0423140879297296,Trip22,NS,641
OG0002946,0.4399347515018615,3.30165249191835e-7,Trip22,NS,246
OG0002948,-0.328186656658509,0.0265736743987547,Trip22,NS,1713
OG0002997,-0.100902557934077,0.905316505032774,Trip22,NS,1139
OG0003017,1.7526367872322e-4,0.99223244210578,Trip22,NS,882
OG0003031,-1.213559432678855,1.75272470090746e-5,Trip22,DOWN,2413
OG0003039,0.0964737578327708,0.97481446410513,Trip22,NS,655
OG0003045,-0.231002975073613,0.403780557674635,Trip22,NS,1477
OG0003051,0.100788851831997,0.369863702467051,Trip22,NS,644
OG0003058,0.03724490718550125,0.380351164433366,Trip22,NS,790
OG0003102,0.0884458967796174,0.888760036772752,Trip22,NS,678
OG0003111,-0.3902617590083745,2.4054781059035e-4,Trip22,NS,1854
OG0003113,0.1647147687264095,0.990967688091819,Trip22,NS,548
OG0003137,1.24462437209179,0.164877476579934,Trip22,NS,58
OG0003143,-0.07949851546492405,0.943835791038367,Trip22,NS,1091
OG0003161,-0.501765385566434,1.3085275901665e-4,Trip22,NS,2028
OG0003164,0.768205422872284,6.09044000558131e-7,Trip22,NS,128
OG0003168,0.263100262758716,3.6180168533385e-4,Trip22,NS,419
OG0003178,-0.312380549749836,2.29464202986218e-7,Trip22,NS,1676
OG0003185,-0.756409436906502,1.24227395913814e-6,Trip22,NS,2263
OG0003276,0.543349311750621,0.00310688219115643,Trip22,NS,200
OG0003277,-0.712113875929093,1.95073133886388e-14,Trip22,NS,2229
OG0003287,-0.159954279486337,0.342317214952223,Trip22,NS,1272
OG0003294,-0.349186826234564,3.6011221220118e-4,Trip22,NS,1761
OG0003296,0.0556142959850058,0.996607402722355,Trip22,NS,738
OG0003301,-0.20868188997716602,0.129943766967467,Trip22,NS,1421
OG0003307,0.0198500410031945,0.829824238072413,Trip22,NS,833
OG0003310,0.141535153671343,0.244320016275367,Trip22,NS,578
OG0003319,-0.224238363250172,0.0417019117608904,Trip22,NS,1458
OG0003323,-0.0392842587661265,0.923067439139603,Trip22,NS,981
OG0003325,-0.32005857653396397,1.77446473911831e-6,Trip22,NS,1692
OG0003346,-0.221780475562355,0.865765113926744,Trip22,NS,1448
OG0003353,0.183188764909498,0.0287980808149866,Trip22,NS,522
OG0003359,0.369995787498426,0.0272467274264686,Trip22,NS,294
OG0003369,-0.250907635166044,0.0377997892709346,Trip22,NS,1529
OG0003382,0.1764237173208995,0.0375598866713799,Trip22,NS,530
OG0003395,0.0558715742598675,0.328154392748285,Trip22,NS,737
OG0003398,-0.501258891520441,0.537577009778296,Trip22,NS,2026
OG0003400,-0.66334794449318,3.8744269072528e-4,Trip22,NS,2204
OG0003405,0.323258339944395,0.208611162735307,Trip22,NS,342
OG0003409,-0.639545683029207,0.00112216151439002,Trip22,NS,2186
OG0003421,0.59705815000699,5.3255499783375e-4,Trip22,NS,179
OG0003436,0.2310426839201585,0.0135867707465923,Trip22,NS,464
OG0003440,-0.382079865163589,1.73218659884061e-5,Trip22,NS,1844
OG0003457,-0.352500731472613,0.094810087758158,Trip22,NS,1777
OG0003463,-0.1089491005128808,0.865533004059105,Trip22,NS,1160
OG0003472,0.129705035274304,0.996346247713078,Trip22,NS,592
OG0003478,1.50051244707572,1.2672895471288198e-11,Trip22,UP,48
OG0003484,-0.04770096340428945,0.919498550854104,Trip22,NS,1001
OG0003486,0.0429859812403023,0.953659979159647,Trip22,NS,775
OG0003509,-0.277438554573958,0.00412508185882567,Trip22,NS,1591
OG0003530,-0.338881795817263,0.322292965033929,Trip22,NS,1732
OG0003538,-0.114920550527755,0.305982480556446,Trip22,NS,1179
OG0003555,0.330682844404122,0.705786564233795,Trip22,NS,333
OG0003574,0.204360856730338,0.897431349212082,Trip22,NS,493
OG0003590,-0.321299072093673,6.75900456224607e-5,Trip22,NS,1698
OG0003604,0.179983777518406,0.970493580148683,Trip22,NS,525
OG0003608,-0.112497880452525,0.999897077526949,Trip22,NS,1170
OG0003613,-0.495126740054571,0.0725714319402618,Trip22,NS,2017
OG0003614,-0.0352779731914509,0.190760567721254,Trip22,NS,971
OG0003619,-0.0294918192446938,0.999787807684823,Trip22,NS,956
OG0003621,-1.21543802119908,0.00101047059103261,Trip22,DOWN,2414
OG0003640,-0.439482023355922,0.00263261720927125,Trip22,NS,1941
OG0003642,0.768946083089542,0.020254964996556,Trip22,NS,127
OG0003663,-1.50856170526555,5.272575225993329e-11,Trip22,DOWN,2451
OG0003665,-0.195245975584339,0.319896446730059,Trip22,NS,1384
OG0003666,-0.2896593165799245,0.0336595506478479,Trip22,NS,1621
OG0003675,-0.29632503600387,0.055136409680153,Trip22,NS,1639
OG0003690,0.242185611385027,0.318507018510717,Trip22,NS,443
OG0003712,-0.170002643434415,0.293299990665069,Trip22,NS,1311
OG0003720,0.3833132952050905,1.2212091657410099e-12,Trip22,NS,285
OG0003728,0.100859186293906,0.940837538559334,Trip22,NS,643
OG0003734,-0.0602085738659146,0.96855807398214,Trip22,NS,1029
OG0003744,-0.004606424328626499,0.485589272805644,Trip22,NS,891
OG0003781,-0.38008787127475,0.897355200069855,Trip22,NS,1836
OG0003785,-0.166390628587419,0.854297669366226,Trip22,NS,1298
OG0003789,-0.43392674435807,0.00332604101787583,Trip22,NS,1932
OG0003792,0.78351727845053,3.04709583211988e-9,Trip22,NS,122
OG0003795,-0.455180514216532,1.6370842116609e-4,Trip22,NS,1966
OG0003806,-0.269924518054197,0.0051004427866209,Trip22,NS,1580
OG0003817,1.396681576737125,5.40984326106569e-7,Trip22,UP,51
OG0003852,-0.557167754790863,0.128085045107463,Trip22,NS,2095
OG0003866,-0.87944379845373,0.00186967670489094,Trip22,NS,2320
OG0003871,0.03313895868273249,0.484810416166005,Trip22,NS,800
OG0003891,-0.485362412458089,1.4474392334705e-4,Trip22,NS,2008
OG0003900,-0.0285590335680709,0.50089431933526,Trip22,NS,953
OG0003919,1.65283576932598,0.00157167785958379,Trip22,UP,42
OG0003931,0.0455319817218929,0.699774894735544,Trip22,NS,768
OG0003967,-0.0893352612305823,0.228954000560216,Trip22,NS,1115
OG0004010,-0.462075687750995,5.3483165514462e-4,Trip22,NS,1977
OG0004022,-0.844394627201153,1.4499249154912e-9,Trip22,NS,2305
OG0004027,-0.533165375347707,3.78301818714993e-6,Trip22,NS,2064
OG0004034,0.275275886930482,0.00298514837319488,Trip22,NS,402
OG0004036,-0.1557326642673465,0.0041910590096682,Trip22,NS,1266
OG0004053,-0.3887215139216735,2.5003218919556e-4,Trip22,NS,1851
OG0004054,0.247219328208726,0.931262200529441,Trip22,NS,435
OG0004059,-0.0879150490884099,0.828617526399344,Trip22,NS,1111
OG0004079,-0.320639702672546,0.216672965683706,Trip22,NS,1694
OG0004082,-0.330746138918579,1.14713221770062e-6,Trip22,NS,1720
OG0004115,-0.280498330989479,0.304084086360336,Trip22,NS,1603
OG0004123,-0.423609487721144,2.92041368864127e-6,Trip22,NS,1914
OG0004128,-0.353552778549182,1.0671683710944e-8,Trip22,NS,1781
OG0004136,0.428981088417071,1.64767928092415e-6,Trip22,NS,249
OG0004138,-0.0334062482769379,0.593751272103816,Trip22,NS,963
OG0004141,-0.563090786691806,4.7165948255214e-4,Trip22,NS,2107
OG0004144,-0.213252873902218,0.8970851245521,Trip22,NS,1432
OG0004164,0.520330601209961,2.8618797772687797e-12,Trip22,NS,209
OG0004186,0.012273184734049494,0.599400041404752,Trip22,NS,851
OG0004200,-0.127682813357445,0.985485844068324,Trip22,NS,1205
OG0004201,-0.255776870848126,0.0225853391139873,Trip22,NS,1546
OG0004208,-0.361225335336801,0.00111260550107225,Trip22,NS,1801
OG0004214,-0.600903729177885,0.00760748976782766,Trip22,NS,2140
OG0004237,0.122267585198116,0.645733446664062,Trip22,NS,606
OG0004247,-0.0973564276179238,0.766438781627015,Trip22,NS,1129
OG0004264,-1.41032658259271,0.00683506763800091,Trip22,DOWN,2445
OG0004266,-0.727866363386561,5.96983570205274e-7,Trip22,NS,2241
OG0004302,-0.0767839934148144,0.530968886599246,Trip22,NS,1080
OG0004308,0.239329257487284,0.00350882020604985,Trip22,NS,448
OG0004350,0.196972139446949,0.347643056363521,Trip22,NS,502
OG0004387,-0.10171698858996125,0.996019266259088,Trip22,NS,1141
OG0004407,0.340039144635759,0.0502652418762785,Trip22,NS,324
OG0004468,-0.129916800605199,0.941526560812983,Trip22,NS,1210
OG0004476,-0.385156160737802,5.9114900851528e-4,Trip22,NS,1847
OG0004483,-0.594576058584539,3.58783267526723e-10,Trip22,NS,2134
OG0004495,0.2842321269509,0.990220493222663,Trip22,NS,391
OG0004509,-0.09681551495126384,0.00697415301359017,Trip22,NS,1127
OG0004512,-0.441341381059769,0.071498306967422,Trip22,NS,1944
OG0004515,-1.01474611037983,1.06840004105519e-7,Trip22,DOWN,2370
OG0004533,-0.352276885399878,4.81500817414611e-6,Trip22,NS,1775
OG0004534,-0.587284964137166,4.73936487472142e-9,Trip22,NS,2128
OG0004562,-0.119978872404375,0.0129346017727332,Trip22,NS,1189
OG0004564,-0.823364308421971,5.667349611258221e-15,Trip22,NS,2295
OG0004572,-0.229339607914462,0.973658733100807,Trip22,NS,1471
OG0004579,0.101274208080315,0.999990630141666,Trip22,NS,642
OG0004593,0.466462629995649,7.9379960368297e-5,Trip22,NS,232
OG0004597,-0.16085253974598585,0.21788017235747,Trip22,NS,1276
OG0004617,-0.123739803979157,0.211179735102958,Trip22,NS,1198
OG0004627,-0.663601171346757,2.37702316686857e-11,Trip22,NS,2205
OG0004641,-0.87184779566157,5.2218356429035e-9,Trip22,NS,2318
OG0004652,0.497158464126844,9.75795127588205e-6,Trip22,NS,220
OG0004662,-0.562860452260344,0.00148636812789976,Trip22,NS,2106
OG0004663,-0.201758187237423,0.0143464061626589,Trip22,NS,1411
OG0004695,-0.410609684245073,0.0148743011855504,Trip22,NS,1894
OG0004724,0.273202011146912,0.410490630228348,Trip22,NS,405
OG0004726,0.170310047394166,0.271481649438015,Trip22,NS,538
OG0004734,0.154849164366994,0.262966053141112,Trip22,NS,560
OG0004743,-0.462592112351136,1.64494623531937e-5,Trip22,NS,1978
OG0004747,-0.42092565098080903,1.03008341964464e-5,Trip22,NS,1911
OG0004774,-0.15106095764936206,0.204126792285606,Trip22,NS,1259
OG0004779,0.325858188166865,0.0020314388945031,Trip22,NS,339
OG0004781,-0.6341714539014995,1.31227952651231e-8,Trip22,NS,2180
OG0004798,-0.0606625942759821,0.966200002901158,Trip22,NS,1030
OG0004800,0.3193026288627015,0.0111213897432725,Trip22,NS,349
OG0004803,0.0648414243242641,0.893823748884876,Trip22,NS,722
OG0004804,0.376436227025914,0.00111905973370003,Trip22,NS,290
OG0004845,-0.349344044734389,0.414996845903001,Trip22,NS,1763
OG0004902,-0.0132046206946678,0.426391303867573,Trip22,NS,917
OG0004910,-0.11017228183160149,0.37484360341004,Trip22,NS,1163
OG0004924,-0.239808473768761,0.030138529248604,Trip22,NS,1500
OG0004961,1.9720120328064,2.11766267770237e-15,Trip22,UP,27
OG0004962,-0.382492081402583,0.0314165441642346,Trip22,NS,1845
OG0004964,0.12338855536826496,4.92325307582915e-6,Trip22,NS,602
OG0004970,-0.339702093346418,0.997258483035808,Trip22,NS,1736
OG0004982,-1.20851636844924,1.97141947163792e-8,Trip22,DOWN,2409
OG0004983,-0.240777332045617,5.89163834734892e-6,Trip22,NS,1503
OG0004984,-0.923152170750571,0.00935746702850856,Trip22,NS,2341
OG0004987,-0.4711872158762775,0.0427454271051025,Trip22,NS,1988
OG0004997,0.111123197895539,0.878694879691873,Trip22,NS,624
OG0005002,-0.345900472607367,0.0102566709360061,Trip22,NS,1749
OG0005023,-0.47270085247674265,0.0132612927863462,Trip22,NS,1989
OG0005033,-0.23728248043806777,1.77591524431808e-7,Trip22,NS,1492
OG0005036,0.0176734199973285,0.894139603085208,Trip22,NS,838
OG0005050,-1.12814989751704,1.67166797012182e-5,Trip22,DOWN,2395
OG0005058,0.577616197507076,4.012045616201e-4,Trip22,NS,188
OG0005063,-0.0754750419894113,0.95103855523258,Trip22,NS,1076
OG0005072,0.110151905414201,0.554287478011853,Trip22,NS,628
OG0005084,0.177336141318835,0.993646319053891,Trip22,NS,529
OG0005098,-0.613060165723575,0.00260563773008989,Trip22,NS,2157
OG0005102,0.232897784562206,0.0312146914947337,Trip22,NS,461
OG0005103,0.0515139823161075,0.99972305132469,Trip22,NS,752
OG0005107,-0.432908906729255,7.1115116926719e-4,Trip22,NS,1930
OG0005144,-1.48990640408291,0.00151016745537953,Trip22,DOWN,2450
OG0005182,0.0602798391826926,0.100331543696197,Trip22,NS,733
OG0005192,-0.0119386035743927,0.998009168405282,Trip22,NS,909
OG0005197,-0.0157682375144205,0.919746490443518,Trip22,NS,924
OG0005199,-0.538384651377682,0.00318983157234801,Trip22,NS,2071
OG0005202,-0.442907650270085,0.00106674424025784,Trip22,NS,1946
OG0005220,-0.910015385853454,5.61085651699283e-9,Trip22,NS,2339
OG0005221,0.07679158105628925,0.140413249782812,Trip22,NS,695
OG0005231,0.104672276461422,0.97597219070849,Trip22,NS,636
OG0005240,0.0222720742801992,0.737864973889856,Trip22,NS,825
OG0005243,-0.20952885613912864,0.00933004513841798,Trip22,NS,1423
OG0005248,-0.133962580325223,0.831766166528164,Trip22,NS,1218
OG0005250,0.564364084551358,6.82505768178693e-6,Trip22,NS,192
OG0005265,-0.190316687463497,0.583687810724739,Trip22,NS,1364
OG0005283,-0.0757491062963956,0.92267825623962,Trip22,NS,1077
OG0005290,0.399344910542776,0.24633057658369,Trip22,NS,272
OG0005296,-0.514299969971994,0.00130300021929976,Trip22,NS,2044
OG0005315,0.128743479468108,0.988264897322439,Trip22,NS,595
OG0005326,0.0336512102252706,0.432934049252921,Trip22,NS,799
OG0005328,0.0486342868417999,0.994039783948504,Trip22,NS,762
OG0005336,-0.0845192943142725,0.915037351998362,Trip22,NS,1104
OG0005340,0.775898134854649,0.0117358222177604,Trip22,NS,123
OG0005341,-0.495197488272169,6.6717111514607e-4,Trip22,NS,2018
OG0005343,-0.178798159001691,0.0989351239768764,Trip22,NS,1333
OG0005361,-0.558914549265375,7.08208075974799e-10,Trip22,NS,2099
OG0005372,-0.413931319579004,0.00288229019239659,Trip22,NS,1901
OG0005374,-0.110570273910493,0.969352664421802,Trip22,NS,1164
OG0005383,-0.0746816880316597,0.96497808959758,Trip22,NS,1075
OG0005386,0.929277101693657,0.241247805916843,Trip22,NS,92
OG0005389,-0.122206269771571,0.0977571538972418,Trip22,NS,1195
OG0005405,-1.0349560227145809,5.996774440249369e-13,Trip22,DOWN,2373
OG0005414,0.114529379252946,0.0731678097147658,Trip22,NS,620
OG0005424,0.267295767174805,1.05831883203263e-6,Trip22,NS,415
OG0005432,-0.217110899574613,1.30725367361621e-7,Trip22,NS,1439
OG0005462,-0.339008970614127,4.8864366088096e-4,Trip22,NS,1733
OG0005469,0.600506439056769,6.55229263104673e-6,Trip22,NS,178
OG0005483,1.7428151465036987,9.32438909287742e-8,Trip22,UP,38
OG0005509,-0.262664418061273,9.9390232986702e-4,Trip22,NS,1562
OG0005511,-0.246407773490302,0.496260508961054,Trip22,NS,1520
OG0005515,0.3671057204151455,3.46216276275202e-6,Trip22,NS,301
OG0005531,0.336335723198396,1.13003784774768e-6,Trip22,NS,326
OG0005545,-0.13479128618529695,6.54143971073391e-10,Trip22,NS,1220
OG0005547,-0.357091718334744,2.2545795967348698e-12,Trip22,NS,1793
OG0005560,-0.285901587312384,0.157600419904877,Trip22,NS,1611
OG0005568,0.750036818847374,0.00431468458052714,Trip22,NS,133
OG0005583,-0.308311361455405,0.00688371247397893,Trip22,NS,1665
OG0005584,0.0706989524659868,0.824704746225494,Trip22,NS,710
OG0005592,-0.266349855015289,0.518699965891536,Trip22,NS,1573
OG0005593,-1.12518693309195,7.38807125607835e-8,Trip22,DOWN,2393
OG0005595,-0.744738126936111,3.98388868835643e-5,Trip22,NS,2257
OG0005601,0.367518864910725,0.0652394154341912,Trip22,NS,299
OG0005619,-0.947402580735512,1.12641542799843e-6,Trip22,NS,2348
OG0005637,0.270659898658486,0.893381068769041,Trip22,NS,409
OG0005651,-0.0527178345408422,0.199430235309931,Trip22,NS,1009
OG0005653,-0.345572310662918,8.918855046455e-4,Trip22,NS,1748
OG0005675,0.81938563252866,9.50458922273614e-7,Trip22,NS,111
OG0005681,-0.679409317460525,0.00451577593476935,Trip22,NS,2215
OG0005684,-0.565269155686967,0.687970053193707,Trip22,NS,2111
OG0005689,-0.0694865891836374,0.999204868738051,Trip22,NS,1055
OG0005690,0.21753056060052,0.29567530511490703,Trip22,NS,480
OG0005710,2.11911379050249,3.94816642951377e-13,Trip22,UP,25
OG0005717,-0.258599564431002,0.00518499918524353,Trip22,NS,1552
OG0005719,-0.514888123655183,0.280279726763168,Trip22,NS,2046
OG0005725,0.163380927979949,0.805450519501838,Trip22,NS,550
OG0005726,-0.716296743910688,1.1501222340606e-4,Trip22,NS,2232
OG0005728,1.28584276855704,4.3319060319994004e-16,Trip22,UP,55
OG0005757,-0.0526518634927017,0.961445096525673,Trip22,NS,1007
OG0005758,0.241624708417641,0.00158209751456232,Trip22,NS,444
OG0005769,-0.308815371831887,0.00114531329350327,Trip22,NS,1667
OG0005785,0.0285063426561221,0.995673817855217,Trip22,NS,810
OG0005788,0.006369457772697099,0.828012446674293,Trip22,NS,868
OG0005791,-0.368732806080875,0.0259766643393898,Trip22,NS,1813
OG0005796,1.78930961136018,2.65398638661674e-5,Trip22,UP,34
OG0005831,-0.042414322085240444,0.407440550893804,Trip22,NS,990
OG0005832,-0.189026138206139,0.411393981861873,Trip22,NS,1356
OG0005836,-0.256281955852679,0.364961343171124,Trip22,NS,1547
OG0005848,-0.519445216661857,0.0478734071567244,Trip22,NS,2051
OG0005888,-0.267029861862355,0.0275860815160069,Trip22,NS,1574
OG0005930,-0.346288795295818,8.5553614062129e-4,Trip22,NS,1752
OG0005931,0.52707248721335,7.44977818068616e-5,Trip22,NS,206
OG0005935,-0.641524901206068,1.16283764239866e-7,Trip22,NS,2188
OG0005939,-0.271756686405025,0.0147991857352827,Trip22,NS,1584
OG0005940,-0.0399768143584903,0.664984950062955,Trip22,NS,984
OG0005949,0.3053934623151765,0.00840067258644612,Trip22,NS,372
OG0005962,-0.205098116579491,0.128880299652404,Trip22,NS,1418
OG0005964,-0.291212739205804,0.00768214402025001,Trip22,NS,1626
OG0005987,-0.055853265362216645,0.865334729437807,Trip22,NS,1017
OG0005989,-0.50127801221849,5.4169621439527e-4,Trip22,NS,2027
OG0005991,-0.226251219616766,0.544993846025295,Trip22,NS,1464
OG0005992,-0.353745430289949,0.00574526642457093,Trip22,NS,1783
OG0006009,0.442100928940818,3.2658039126857e-4,Trip22,NS,243
OG0006010,-0.586670518433643,0.0782117633325512,Trip22,NS,2126
OG0006024,-0.110936937786144,0.985761668995548,Trip22,NS,1167
OG0006042,0.0533895161562141,0.985624992763241,Trip22,NS,744
OG0006045,-0.579003782590368,0.723581781187588,Trip22,NS,2121
OG0006047,0.550690656755963,7.001580189155e-4,Trip22,NS,197
OG0006058,-0.210622530387796,0.243883978234089,Trip22,NS,1427
OG0006069,-0.566423753476607,0.00203115445019387,Trip22,NS,2113
OG0006086,-0.461114121834896,6.78661465038068e-5,Trip22,NS,1976
OG0006090,0.245891633899555,0.0366703731949275,Trip22,NS,437
OG0006092,0.035394172903232005,0.709836592020926,Trip22,NS,796
OG0006112,0.189204831501271,0.998577104742087,Trip22,NS,514
OG0006161,-0.0708438076702079,0.925628998616654,Trip22,NS,1063
OG0006167,-0.346192988097668,8.69236256201919e-5,Trip22,NS,1751
OG0006172,-0.26450235088726,0.0112167284180185,Trip22,NS,1567
OG0006177,-0.213710615463443,0.895518790754636,Trip22,NS,1433
OG0006181,0.0421407662492285,0.245479269662283,Trip22,NS,777
OG0006185,-0.196017945542027,0.501164002325973,Trip22,NS,1386
OG0006189,-0.079008296497295,0.945170464450358,Trip22,NS,1089
OG0006196,-0.199830823748354,0.724216421570783,Trip22,NS,1404
OG0006204,-0.518887610817348,9.5360834490569e-4,Trip22,NS,2050
OG0006210,-0.132213054020557,0.0885838172115,Trip22,NS,1212
OG0006221,0.01783822859341,0.161040095843543,Trip22,NS,837
OG0006237,0.08082569570100173,0.548325257527307,Trip22,NS,688
OG0006247,-0.118151458840848,0.995974995812146,Trip22,NS,1184
OG0006254,-0.110716005228446,4.3426785311194e-4,Trip22,NS,1166
OG0006255,-0.0335901795903036,0.505155936072726,Trip22,NS,965
OG0006291,-0.803460042683694,5.87166255791318e-7,Trip22,NS,2286
OG0006302,0.0587032466843795,0.448300459230455,Trip22,NS,735
OG0006306,-0.322550792607822,2.48687239762784e-7,Trip22,NS,1702
OG0006321,-0.0318179039515813,0.955464962690385,Trip22,NS,959
OG0006323,0.326497521428137,5.23799814184632e-6,Trip22,NS,338
OG0006327,-0.0676180951187507,0.496698779110603,Trip22,NS,1047
OG0006330,-0.167571194102295,0.543986382144627,Trip22,NS,1304
OG0006349,-0.199343366230621,0.0294421550574524,Trip22,NS,1400
OG0006393,-0.417128165974158,0.00158509322402948,Trip22,NS,1906
OG0006409,-0.006059523404211398,0.825180504559336,Trip22,NS,895
OG0006442,-0.0415859592149661,0.999174880916435,Trip22,NS,989
OG0006443,-0.166233405475122,0.660992634870635,Trip22,NS,1297
OG0006462,-0.00886441519773063,0.695558649593655,Trip22,NS,906
OG0006466,0.0669034826540156,0.676098179029776,Trip22,NS,715
OG0006472,-0.487319848767872,6.92500022276236e-5,Trip22,NS,2009
OG0006475,0.332040956171683,2.74658877014026e-7,Trip22,NS,330
OG0006479,0.0767236426555553,0.77985072833768,Trip22,NS,697
OG0006487,-0.320320359627654,0.00299216018491347,Trip22,NS,1693
OG0006495,-0.558429674251833,0.014828477706575,Trip22,NS,2098
OG0006500,-0.2701283600955,0.0194609010610113,Trip22,NS,1581
OG0006512,0.239944239522119,0.266295256712176,Trip22,NS,446
OG0006515,0.0734201474165224,0.793434663500634,Trip22,NS,703
OG0006520,-0.33565826932917353,0.00805320139024485,Trip22,NS,1728
OG0006523,-0.2635600260632883,0.0313496504065605,Trip22,NS,1564
OG0006527,0.164831553060956,0.917891965142129,Trip22,NS,547
OG0006539,0.259284438784741,0.0899385727804364,Trip22,NS,423
OG0006550,-0.301178802746283,6.316981566322831e-9,Trip22,NS,1650
OG0006564,-0.261301149474316,0.0342003846674704,Trip22,NS,1559
OG0006566,-0.278091276712545,0.296573517245999,Trip22,NS,1593
OG0006618,-0.146084250988166,0.22768299319302,Trip22,NS,1243
OG0006624,-1.08045577670591,0.0211503823605011,Trip22,DOWN,2382
OG0006631,-0.0527041518436888,0.999932344747261,Trip22,NS,1008
OG0006635,0.276773568073508,0.97081150474769,Trip22,NS,401
OG0006640,0.00768830349356145,0.835081413617726,Trip22,NS,866
OG0006661,-0.642773307525704,1.94730875669292e-9,Trip22,NS,2190
OG0006667,0.0211228494013554,0.999986948411456,Trip22,NS,827
OG0006679,-0.947379725269089,3.8027199316115e-10,Trip22,NS,2347
OG0006694,-0.500144952456294,0.00230661240478377,Trip22,NS,2023
OG0006746,0.300034616547058,2.00596052999542e-5,Trip22,NS,376
OG0006747,-0.0398146267790867,0.985717109201236,Trip22,NS,983
OG0006761,-0.05419556089919355,0.448705737584257,Trip22,NS,1013
OG0006764,0.11891639638472,0.996395506346762,Trip22,NS,613
OG0006778,-0.188868067278808,0.0592561900663566,Trip22,NS,1355
OG0006795,-0.193801376989037,0.501909516446357,Trip22,NS,1377
OG0006815,-0.893817258185111,2.9002935708772e-13,Trip22,NS,2330
OG0006862,-0.4452612785104805,5.28191309171564e-8,Trip22,NS,1950
OG0006869,-1.08033857795143,1.96330376206118e-6,Trip22,DOWN,2381
OG0006870,0.09865455552381365,0.716028529089817,Trip22,NS,648
OG0006872,-0.285833917319995,0.230831105431412,Trip22,NS,1610
OG0006873,0.3297182593907727,0.041755823681812,Trip22,NS,335
OG0006889,-0.718090278547922,1.73349349860396e-6,Trip22,NS,2234
OG0006893,0.675631481334947,0.0165294571309239,Trip22,NS,155
OG0006913,-0.105351854407106,0.854274905808042,Trip22,NS,1151
OG0006946,-0.438668738014207,0.00154094355860391,Trip22,NS,1939
OG0006955,-0.556066333603921,0.0314698554980348,Trip22,NS,2092
OG0006973,-0.0626170961420777,0.914748478171689,Trip22,NS,1037
OG0006988,-0.0570075153704203,0.627205677741884,Trip22,NS,1020
OG0006990,-0.002923265759203486,0.0355633945468108,Trip22,NS,886
OG0006998,-0.656641203496487,8.62926106214848e-5,Trip22,NS,2198
OG0007000,-0.0321881751297384,0.674289863951253,Trip22,NS,961
OG0007004,0.415391754288909,1.56593396496038e-5,Trip22,NS,265
OG0007016,-0.495874540167948,0.0645262853331771,Trip22,NS,2019
OG0007017,-0.373842103896193,3.83574916329155e-8,Trip22,NS,1823
OG0007027,-0.219700142148286,0.582307822924794,Trip22,NS,1445
OG0007031,0.119132237417565,0.131947003468963,Trip22,NS,612
OG0007038,-0.3577615907867895,0.00121837352475425,Trip22,NS,1796
OG0007041,-0.466344665906462,2.06039001435349e-5,Trip22,NS,1982
OG0007054,0.11418102548095775,0.0742775975662239,Trip22,NS,621
OG0007064,-0.253878718848547,0.0357422679005574,Trip22,NS,1545
OG0007082,0.0624820980455265,0.997880154382588,Trip22,NS,728
OG0007098,-0.1965964425819525,7.68442022756822e-7,Trip22,NS,1388
OG0007099,0.216930189763707,0.0204476069293673,Trip22,NS,481
OG0007101,-0.352591198246767,2.531085386189e-10,Trip22,NS,1778
OG0007103,-0.788588677018224,3.80583329656928e-7,Trip22,NS,2281
OG0007104,-1.1537061985301,3.59688333387895e-7,Trip22,DOWN,2399
OG0007107,0.8090440796283,2.9282866488975e-4,Trip22,NS,114
OG0007112,-0.283458105886337,8.41482676949012e-5,Trip22,NS,1605
OG0007140,-0.015376195750219,1,Trip22,NS,923
OG0007144,0.279957993439062,0.998995952613063,Trip22,NS,396
OG0007154,-0.199480571541024,0.81293581180559,Trip22,NS,1401
OG0007158,-0.505106304810009,0.868949047404608,Trip22,NS,2032
OG0007162,-0.181201119722717,0.53269418374523,Trip22,NS,1338
OG0007170,0.0881453955790729,0.9929126839602,Trip22,NS,679
OG0007172,-1.39442578491291,0.00212740157272271,Trip22,DOWN,2442
OG0007182,-0.489405847516356,0.384053704000631,Trip22,NS,2012
OG0007196,-0.173075671005783,0.108333534156386,Trip22,NS,1325
OG0007205,-0.507038328728251,2.39562086283684e-7,Trip22,NS,2035
OG0007218,0.0453373877045719,0.135873002626068,Trip22,NS,769
OG0007221,-0.519873954240508,0.0056075405320558,Trip22,NS,2053
OG0007223,-0.418015857832098,9.81353550763909e-8,Trip22,NS,1907
OG0007234,-0.358311071322311,3.3318960205843e-4,Trip22,NS,1797
OG0007238,-0.725337003588263,6.0236001203628e-4,Trip22,NS,2238
OG0007241,-0.341119258901796,0.021029983693248,Trip22,NS,1737
OG0007246,-0.449581145412727,9.093981963521809e-11,Trip22,NS,1955
OG0007251,-0.3475939673056605,0.00446203957645108,Trip22,NS,1756
OG0007264,-0.11837414975868371,0.61383644064594,Trip22,NS,1185
OG0007266,-0.349900606628416,3.39313239731057e-7,Trip22,NS,1765
OG0007269,-0.145208138217325,0.8139954072931,Trip22,NS,1240
OG0007270,0.173654301292723,0.0648141501489324,Trip22,NS,534
OG0007272,0.411931121898707,1.4595542575563e-4,Trip22,NS,267
OG0007278,0.0387657446464029,0.917081902941848,Trip22,NS,784
OG0007280,-0.149748778515628,0.55093084323002794,Trip22,NS,1253
OG0007282,-0.194203917796101,0.0710901998597156,Trip22,NS,1379
OG0007283,-0.225863845859944,0.0194835693414337,Trip22,NS,1462
OG0007302,-0.0969064497913394,0.961166267751323,Trip22,NS,1128
OG0007307,-0.615894431712843,1.80227657961918e-9,Trip22,NS,2162
OG0007321,0.626506541971075,5.89764378288483e-6,Trip22,NS,167
OG0007331,-1.61596609463121,9.77019218621332e-9,Trip22,DOWN,2457
OG0007333,-0.0760840086681096,0.748422899759523,Trip22,NS,1078
OG0007346,-1.62120278011023,0.00336457191334034,Trip22,DOWN,2458
OG0007365,-0.129366261104251,0.395977107490145,Trip22,NS,1208
OG0007367,0.26436600046177794,1.16768814611567e-6,Trip22,NS,418
OG0007375,-0.0725127616201323,0.994313960861389,Trip22,NS,1070
OG0007381,-0.0121287010668169,0.999839028593623,Trip22,NS,911
OG0007384,-0.22405619078206773,0.00234569902422864,Trip22,NS,1456
OG0007386,-0.260210672874169,0.0829370738885898,Trip22,NS,1554
OG0007400,-0.683862435722613,0.00326306431585319,Trip22,NS,2216
OG0007412,-0.522744706562207,4.60893752957588e-6,Trip22,NS,2054
OG0007435,-0.2991736792733015,2.05663740971133e-7,Trip22,NS,1647
OG0007465,0.23229981123791,3.5629048449498e-4,Trip22,NS,463
OG0007467,0.0407924554742595,8.84723461053282e-5,Trip22,NS,779
OG0007473,-0.133922762800293,0.0673861871907664,Trip22,NS,1217
OG0007481,-0.710717815890312,9.2490476920362e-4,Trip22,NS,2228
OG0007483,0.184064417773165,0.0122015421702265,Trip22,NS,521
OG0007495,-0.1816108640931935,0.0249638341854363,Trip22,NS,1341
OG0007497,-0.133114780710866,0.944444016101529,Trip22,NS,1216
OG0007510,-0.32915375193384,0.0512977813849463,Trip22,NS,1717
OG0007520,0.810575803690581,0.00305607195918078,Trip22,NS,112
OG0007534,0.262273701665226,0.85894019072357,Trip22,NS,420
OG0007539,-0.105238738944254,0.417993746628444,Trip22,NS,1149
OG0007544,0.0128535675751727,0.999999972909027,Trip22,NS,849
OG0007563,0.698680555932927,5.8587933286365e-4,Trip22,NS,150
OG0007580,-0.7363277335573185,8.67835523154967e-5,Trip22,NS,2249
OG0007583,0.202783075964669,0.0693724540260438,Trip22,NS,496
OG0007585,-1.26832657607842,0.00170584981906849,Trip22,DOWN,2422
OG0007589,-0.221351113221396,0.293727239189959,Trip22,NS,1447
OG0007627,-0.311335097848065,0.0214374650198861,Trip22,NS,1673
OG0007628,-0.264794169866012,4.99834005737241e-5,Trip22,NS,1568
OG0007629,-0.171518607540486,0.520145253491386,Trip22,NS,1322
OG0007637,-0.141855963859783,0.32069281829408,Trip22,NS,1230
OG0007638,0.106445172069955,0.250761823980829,Trip22,NS,631
OG0007663,-0.218292703371569,3.15701720191379e-5,Trip22,NS,1441
OG0007677,0.230626715473892,0.0244840276296246,Trip22,NS,466
OG0007678,-0.774132125829245,1.0167477994608e-4,Trip22,NS,2274
OG0007707,0.243604380273014,0.243791549914921,Trip22,NS,441
OG0007711,-0.025068310504405,0.985631742238398,Trip22,NS,942
OG0007712,-0.908438844611021,2.82527771870652e-6,Trip22,NS,2338
OG0007713,-0.0525773720289681,0.774336934371394,Trip22,NS,1006
OG0007725,-0.0249349573934734,0.997533697426305,Trip22,NS,940
OG0007730,-0.2537345126235595,1.8260052826156e-4,Trip22,NS,1544
OG0007734,-0.0243247980333697,0.999951581494115,Trip22,NS,938
OG0007753,0.131116513722045,0.97096032476329,Trip22,NS,590
OG0007761,0.0760244817983725,0.829679454932371,Trip22,NS,699
OG0007765,-0.621879679661007,7.37427918744628e-6,Trip22,NS,2171
OG0007782,-0.322910214304609,0.30377267893171,Trip22,NS,1703
OG0007788,-0.0316243903562707,0.711764704792464,Trip22,NS,958
OG0007794,0.197619346969113,0.424502933884152,Trip22,NS,501
OG0007798,0.248429838445818,0.270002637849938,Trip22,NS,433
OG0007807,-0.527206668279698,1.86450287291733e-8,Trip22,NS,2059
OG0007830,-0.34404539541207,0.00202967298085026,Trip22,NS,1743
OG0007832,-0.63757014433697,0.284770264185625,Trip22,NS,2183
OG0007842,-0.3544820031702435,0.00400227677235634,Trip22,NS,1785
OG0007851,0.0010465477242943,0.99992929049456,Trip22,NS,880
OG0007863,0.276783838144169,0.539808753030105,Trip22,NS,400
OG0007868,-0.949535808734807,2.61825098599362e-12,Trip22,NS,2349
OG0007874,-0.890119869966925,1.3340441525864601e-9,Trip22,NS,2327
OG0007895,0.0472964597132319,0.616927203194611,Trip22,NS,764
OG0007897,-0.566400104983827,0.26999153773853,Trip22,NS,2112
OG0007910,-0.620749892396289,4.1604346323700403e-10,Trip22,NS,2168
OG0007921,0.0500833049988424,0.932237708964866,Trip22,NS,757
OG0007931,-0.212329201972172,0.00152333402039384,Trip22,NS,1429
OG0007957,-0.388941960721372,0.664018710662754,Trip22,NS,1852
OG0007968,-0.0639655150353687,0.0595017062573498,Trip22,NS,1039
OG0007969,-0.52706054193846,0.105178453558122,Trip22,NS,2058
OG0007981,-0.0392405114331153,0.0862415471129645,Trip22,NS,980
OG0008007,0.136374762658342,0.8100192567208,Trip22,NS,582
OG0008032,0.199604161040011,0.995895584988694,Trip22,NS,500
OG0008035,-0.165433474805341,0.357017741187521,Trip22,NS,1295
OG0008080,-0.17343396276389644,0.00240958566892916,Trip22,NS,1327
OG0008090,-0.0974748459626477,0.958208759915435,Trip22,NS,1130
OG0008100,0.099396502831762,0.66768088556027,Trip22,NS,645
OG0008111,-0.622597022248598,0.00590282091274944,Trip22,NS,2172
OG0008114,0.985841594622935,3.81087454582026e-5,Trip22,NS,86
OG0008133,-0.289126513030041,0.764814200237,Trip22,NS,1619
OG0008143,-0.468433036924181,2.2830761953394e-4,Trip22,NS,1985
OG0008147,-0.238222083133511,0.154863361546124,Trip22,NS,1495
OG0008163,-0.773127422615467,3.27097186988835e-5,Trip22,NS,2273
OG0008214,-0.251012213363613,0.924022933614159,Trip22,NS,1531
OG0008253,0.485897450335137,2.2161213566611e-4,Trip22,NS,225
OG0008256,-0.452601052236525,0.0364202772872073,Trip22,NS,1963
OG0008278,-0.00118701016223409,0.990785575361989,Trip22,NS,884
OG0008283,0.347557809049725,4.2289461193923e-6,Trip22,NS,316
OG0008292,-0.0474618185519219,0.679943522551895,Trip22,NS,999
OG0008293,-0.200968185945575,0.129195365951356,Trip22,NS,1408
OG0008303,0.413390186627795,0.072668691055992607,Trip22,NS,266
OG0008336,-0.444943389149897,6.17121341348192e-5,Trip22,NS,1949
OG0008337,-0.808987702133281,2.2146549909616e-4,Trip22,NS,2289
OG0008355,-1.45707122354378,1.31151765661252e-8,Trip22,DOWN,2448
OG0008360,-0.322331575986778,0.0239871943356727,Trip22,NS,1701
OG0008366,-0.169430733844439,0.113843391150572,Trip22,NS,1308
OG0008368,-1.6308329047125,1.59333219570148e-6,Trip22,DOWN,2460
OG0008377,-0.142844785746536,0.991559641292015,Trip22,NS,1233
OG0008380,0.9179259470099055,1.71299583956607e-13,Trip22,NS,94
OG0008386,0.146771405438357,0.89628542385561,Trip22,NS,570
OG0008390,0.300316970687513,0.427590864740734,Trip22,NS,375
OG0008426,-0.716486623352861,1.9116797223930502e-9,Trip22,NS,2233
OG0008432,-0.859294316424237,2.05326196209979e-6,Trip22,NS,2314
OG0008446,-0.613517831449084,0.0561178854096096,Trip22,NS,2158
OG0008453,-0.260380506319436,0.64135915577103,Trip22,NS,1556
OG0008456,-0.343313651551284,0.0229067762918972,Trip22,NS,1740
OG0008463,0.7013255875188,0.00160399184606424,Trip22,NS,148
OG0008474,-0.0831727566937216,0.937406134050931,Trip22,NS,1101
OG0008481,-0.812460719188256,1.7380709000351e-4,Trip22,NS,2290
OG0008490,-0.778905259736795,0.00940731671092171,Trip22,NS,2277
OG0008493,0.392678196636088,4.67747733519199e-5,Trip22,NS,282
OG0008506,-0.252196572875931,0.0262096137756661,Trip22,NS,1534
OG0008507,-0.177534466559015,0.0385397478025919,Trip22,NS,1332
OG0008509,-0.780520565758605,9.26957638842189e-8,Trip22,NS,2278
OG0008510,0.038494535457996,0.996038903253771,Trip22,NS,785
OG0008527,-0.0987541732279981,0.00375139042636197,Trip22,NS,1131
OG0008530,0.01748880272207589,0.998484757031755,Trip22,NS,839
OG0008534,-0.724717803040988,1.296329189063e-4,Trip22,NS,2237
OG0008535,-0.290866463715823,0.110502309701928,Trip22,NS,1625
OG0008538,-0.604709788573967,8.7100322919437e-4,Trip22,NS,2145
OG0008548,2.21222440575296,4.752111708106319e-19,Trip22,UP,20
OG0008558,0.259931163826455,0.925573305304067,Trip22,NS,422
OG0008569,-0.14808983306180773,2.49201612974339e-9,Trip22,NS,1249
OG0008575,-1.70575577979541,2.81498639164252e-6,Trip22,DOWN,2465
OG0008578,0.158961845921768,0.764447097865876,Trip22,NS,558
OG0008589,-0.323487792297913,5.52557129382778e-7,Trip22,NS,1704
OG0008607,-0.24544910143745402,5.0501429946721e-4,Trip22,NS,1516
OG0008608,0.471532954429059,0.00144364459831241,Trip22,NS,231
OG0008620,-0.326371713266436,7.6722571371315e-4,Trip22,NS,1710
OG0008627,0.194680757977745,0.999999939225153,Trip22,NS,506
OG0008632,-1.29920313909751,2.30298554167135e-11,Trip22,DOWN,2430
OG0008644,0.0713840738701402,0.999999920301587,Trip22,NS,706
OG0008665,-0.952938083152363,1.54852269891491e-6,Trip22,NS,2353
OG0008670,0.0138348086590108,0.997417772483582,Trip22,NS,847
OG0008674,1.94483175247498,6.99953885140314e-22,Trip22,UP,29
OG0008685,-0.477412300044268,0.0193906552150896,Trip22,NS,1998
OG0008720,-0.360971828601381,0.0220134165279629,Trip22,NS,1800
OG0008722,-0.141146672103326,0.181065176113871,Trip22,NS,1228
OG0008727,-0.094303262148494,0.50295635355609,Trip22,NS,1123
OG0008728,-0.2113150077688818,2.05219797986798e-5,Trip22,NS,1428
OG0008733,-0.07666508727096964,0.20243900000717,Trip22,NS,1079
OG0008751,-0.483196044046987,0.00232683238101059,Trip22,NS,2005
OG0008755,0.220836385107448,0.221677379530499,Trip22,NS,478
OG0008784,-0.366044537438658,6.28928157840913e-5,Trip22,NS,1808
OG0008790,-0.634465755095767,5.6538060734016e-4,Trip22,NS,2181
OG0008794,-0.0593983535815793,0.772355145370564,Trip22,NS,1027
OG0008796,1.31440464927125,2.4243875214743e-4,Trip22,UP,54
OG0008803,0.00854320747250209,0.314400951451362,Trip22,NS,862
OG0008805,-0.514396446634206,1.12806631863603e-8,Trip22,NS,2045
OG0008806,0.458420033495325,0.117903973646021,Trip22,NS,238
OG0008813,0.11726040159547904,0.00889797821196468,Trip22,NS,617
OG0008823,-0.38099760922842596,4.1363017131719e-4,Trip22,NS,1839
OG0008830,-0.262533958060884,0.081810971033114,Trip22,NS,1560
OG0008841,-0.028855757442525,0.563650657485029,Trip22,NS,954
OG0008842,-0.0159898092384594,0.999999746471952,Trip22,NS,925
OG0008852,-0.0273060153447466,0.0371822497528964,Trip22,NS,949
OG0008854,0.233465752481236,5.7295403633005e-4,Trip22,NS,459
OG0008865,-0.510138115070999,4.23726820338059e-6,Trip22,NS,2038
OG0008866,0.132690076638835,0.745061782208458,Trip22,NS,588
OG0008874,-0.164211650362885,0.792296254107791,Trip22,NS,1288
OG0008875,-0.509492346223395,0.108900720012915,Trip22,NS,2037
OG0008878,0.0383834320603251,0.995426429926212,Trip22,NS,786
OG0008882,0.46047068159815,4.70146910062487e-6,Trip22,NS,234
OG0008904,-0.318594842298374,0.317558129184442,Trip22,NS,1687
OG0008912,0.013676823926340953,0.999939472480648,Trip22,NS,848
OG0008918,1.11106053651239,4.86318665366858e-13,Trip22,UP,75
OG0008926,0.0712685254125164,0.962133344229565,Trip22,NS,707
OG0008929,-0.0060118299153059,0.384146638083148,Trip22,NS,894
OG0008942,-0.128804192529736,0.147499520014926,Trip22,NS,1207
OG0008943,1.08492584707328,1.11019639249202e-16,Trip22,UP,77
OG0008957,0.0863903672661213,0.285861576176026,Trip22,NS,683
OG0008976,-0.76502343520289,0.00281286282793686,Trip22,NS,2266
OG0008978,-0.267606581092267,0.0653738457649185,Trip22,NS,1576
OG0008987,-0.410012518295192,0.430617294338599,Trip22,NS,1893
OG0008997,-0.1121289929935806,0.302815579475889,Trip22,NS,1168
OG0009007,0.0118850761150805,0.682293951923149,Trip22,NS,854
OG0009045,-1.39951789021041,2.06928813738693e-5,Trip22,DOWN,2443
OG0009048,-0.611462656952842,2.02647949747251e-6,Trip22,NS,2153
OG0009057,-0.315527608256956,0.0530302196043389,Trip22,NS,1684
OG0009062,0.043494360469634,0.996193576385819,Trip22,NS,773
OG0009074,0.32091385232792,0.00764534929749539,Trip22,NS,346
OG0009085,-0.562473251861864,7.14189935509486e-5,Trip22,NS,2105
OG0009087,-1.06318749520364,1.82701581364548e-6,Trip22,DOWN,2377
OG0009112,-0.37042732443709103,2.01513656186893e-6,Trip22,NS,1815
OG0009115,0.0374756291071098,0.996859336236516,Trip22,NS,789
OG0009116,0.2506464227492135,0.0958574617616469,Trip22,NS,431
OG0009132,-0.177370824529015,0.319355523001776,Trip22,NS,1331
OG0009135,-0.224172826523512,0.226058050737496,Trip22,NS,1457
OG0009144,-0.214717496508564,0.00416280439133387,Trip22,NS,1438
OG0009149,-0.441284256486698,1.78947045042886e-5,Trip22,NS,1943
OG0009153,-0.258863543999377,0.0817010848267703,Trip22,NS,1553
OG0009163,0.298457434942803,0.409178499560926,Trip22,NS,379
OG0009186,-0.252274935539759,2.96518889479383e-5,Trip22,NS,1535
OG0009190,-0.0668210143364778,0.997819434883132,Trip22,NS,1046
OG0009193,-1.1078713252194,2.80890454081028e-9,Trip22,DOWN,2390
OG0009194,-0.352375862051898,0.0457120426490761,Trip22,NS,1776
OG0009210,-0.314564816411973,0.984024249923943,Trip22,NS,1679
OG0009236,-0.837306981740642,3.53327077280829e-5,Trip22,NS,2302
OG0009245,-0.415399006816765,1.32159415739753e-8,Trip22,NS,1903
OG0009250,-0.0161083385412194,0.45434244879155,Trip22,NS,926
OG0009261,-0.721368078316576,7.913786924224469e-11,Trip22,NS,2235
OG0009268,-0.345923463955683,0.32368594048772,Trip22,NS,1750
OG0009275,0.490654702892721,0.0385856337779407,Trip22,NS,223
OG0009289,-0.402901981872417,6.9858564380711e-4,Trip22,NS,1882
OG0009292,-0.26430215294821946,0.208626824355755,Trip22,NS,1566
OG0009305,-0.103660200316013,0.346650841553738,Trip22,NS,1145
OG0009307,0.701935668175573,1.00254538809835e-10,Trip22,NS,147
OG0009313,-0.0702855087966829,0.523392261858173,Trip22,NS,1060
OG0009317,-0.0281185261850157,0.577717049376584,Trip22,NS,950
OG0009329,-0.36445933213743,0.0122821890427838,Trip22,NS,1806
OG0009357,-0.0382805134245927,0.996452077157966,Trip22,NS,977
OG0009358,0.111326354716594,0.935828763701318,Trip22,NS,623
OG0009360,-0.350343545231517,0.633624312651651,Trip22,NS,1768
OG0009362,-0.442842633456193,0.00132749550490561,Trip22,NS,1945
OG0009363,-0.954003576082947,9.3208684428425e-4,Trip22,NS,2354
OG0009364,-0.7051947194815895,6.7759709554081104e-06,Trip22,NS,2224
OG0009368,-1.28244500400089,0.180703135822345,Trip22,NS,2424
OG0009375,-0.3962276956284445,5.2519914571869e-4,Trip22,NS,1865
OG0009378,-1.28166662672218,0.00918973231299071,Trip22,DOWN,2423
OG0009403,-0.538416556144738,5.5466441607030994e-12,Trip22,NS,2072
OG0009410,0.0377182199844981,0.307381945516882,Trip22,NS,787
OG0009427,-0.196172444744129,0.216632020433971,Trip22,NS,1387
OG0009429,0.13467293984065615,0.220189385100873,Trip22,NS,584
OG0009438,-0.4017662805657115,1.16048980962064e-6,Trip22,NS,1877
OG0009450,-0.0146465395567293,0.986145466815134,Trip22,NS,921
OG0009457,-0.84085837704181,3.32530663030582e-8,Trip22,NS,2304
OG0009458,-0.307851328668285,0.0182488550885278,Trip22,NS,1663
OG0009460,-0.85428942940633,8.66722354395484e-7,Trip22,NS,2308
OG0009461,0.328070765796707,0.0304173786822389,Trip22,NS,336
OG0009465,-0.280365531173826,0.0886902076919524,Trip22,NS,1602
OG0009473,0.0154057770004686,0.998198916138797,Trip22,NS,845
OG0009480,-0.373812495319676,9.635857532477581e-9,Trip22,NS,1822
OG0009494,0.728692003209842,0.88816030148767,Trip22,NS,141
OG0009496,1.58039153580841,8.147415525818029e-18,Trip22,UP,43
OG0009504,-0.498055056873762,9.51892673745177e-5,Trip22,NS,2021
OG0009505,-0.0873819233672584,0.85367616164174,Trip22,NS,1108
OG0009509,2.26760181332722,5.10057795231861e-9,Trip22,UP,19
OG0009520,0.172057383212661,0.987944204312702,Trip22,NS,537
OG0009530,0.236738608930297,0.732095450696953,Trip22,NS,452
OG0009536,-0.145620752047393,0.67761617324392,Trip22,NS,1242
OG0009537,0.498298774970128,1.6384036675816e-4,Trip22,NS,219
OG0009585,1.24461471177476,4.16266608981998e-10,Trip22,UP,59
OG0009591,-0.163828162981197,0.0863876575879797,Trip22,NS,1286
OG0009593,-1.17167743580487,2.279601921702e-8,Trip22,DOWN,2404
OG0009598,-0.0686433126679833,0.988168211003429,Trip22,NS,1051
OG0009618,-0.7827273038820914,1.3647970934477e-4,Trip22,NS,2280
OG0009630,-0.401578267174557,1.13502952144722e-5,Trip22,NS,1876
OG0009646,-0.697776704554207,5.3703084954482e-4,Trip22,NS,2221
OG0009661,0.757548393858949,0.223609109365258,Trip22,NS,132
OG0009680,-0.477366204708603,6.5137464478822e-4,Trip22,NS,1997
OG0009724,-0.197331523277568,0.56732477631372,Trip22,NS,1392
OG0009731,-0.905158380345943,4.86015236982376e-6,Trip22,NS,2337
OG0009743,-0.19014105439154,0.141192386222897,Trip22,NS,1361
OG0009747,-0.552729907880905,1.35021361451443e-7,Trip22,NS,2090
OG0009758,-0.20591018830169852,4.1860805783704e-4,Trip22,NS,1419
OG0009761,0.419973790421914,2.84383929396396e-5,Trip22,NS,259
OG0009767,-0.5421703510178125,0.0532610733683266,Trip22,NS,2078
OG0009779,0.189470086395319,0.313527069316534,Trip22,NS,513
OG0009795,0.331000514158629,0.446692068177952,Trip22,NS,331
OG0009802,0.746061159103824,5.72906093424094e-5,Trip22,NS,135
OG0009808,0.123531070739741,0.370579375572867,Trip22,NS,600
OG0009809,2.150737004034415,3.14539115131224e-24,Trip22,UP,24
OG0009835,0.582907941744845,0.0818598556478328,Trip22,NS,185
OG0009856,-0.185006545607257,0.265376349205181,Trip22,NS,1346
OG0009858,-0.337400978029135,1.940960802434e-4,Trip22,NS,1731
OG0009860,-0.482051972552624,0.0110083993589781,Trip22,NS,2003
OG0009888,-0.200919125268702,0.157356123885576,Trip22,NS,1407
OG0009897,-1.13586895336921,0.0248863467864116,Trip22,DOWN,2397
OG0009911,-0.45188384454329,5.3695423555848e-4,Trip22,NS,1962
OG0009912,0.498563701347237,1.30663309654415e-5,Trip22,NS,218
OG0009913,-1.08320915931013,2.9381688202107e-10,Trip22,DOWN,2383
OG0009916,-0.492505608805739,2.47570434640363e-7,Trip22,NS,2016
OG0009922,-0.353430918373818,0.149873437418173,Trip22,NS,1780
OG0009933,-0.425736279494117,0.00841983977274407,Trip22,NS,1917
OG0009935,-0.325608895645667,0.00219977214034141,Trip22,NS,1709
OG0009947,0.167760328073462,0.0600681193884555,Trip22,NS,540
OG0009948,0.147128946239353,0.173415134476241,Trip22,NS,569
OG0009983,0.389494710561222,0.0131197917715767,Trip22,NS,284
OG0009985,-0.064564714480721,0.679185477274431,Trip22,NS,1043
OG0010004,-0.41693572240564,0.00412975272251167,Trip22,NS,1904
OG0010018,-0.554926469776618,4.03384076770559e-6,Trip22,NS,2091
OG0010029,-0.440620021187866,0.012080054277244,Trip22,NS,1942
OG0010033,-1.62168312055234,7.25205685157549e-8,Trip22,DOWN,2459
OG0010057,0.618666677328427,0.0409868937910262,Trip22,NS,173
OG0010060,-0.347500040753379,2.3885446427589e-4,Trip22,NS,1755
OG0010066,-0.349936652502478,0.0269749923508582,Trip22,NS,1767
OG0010081,0.90608336878485,7.19192124929309e-8,Trip22,NS,97
OG0010101,-0.20118779745447,0.0358218756573068,Trip22,NS,1409
OG0010115,-0.328482311021376,3.77526217675423e-7,Trip22,NS,1715
OG0010118,-0.536096574891742,9.93077055486027e-5,Trip22,NS,2068
OG0010125,-0.348931836542249,0.00850992484024273,Trip22,NS,1758
OG0010152,-2.05626970374169,2.45559784543869e-5,Trip22,DOWN,2475
OG0010156,-0.350599562450773,9.559491957496e-4,Trip22,NS,1770
OG0010174,0.0932673835933625,0.530685993000996,Trip22,NS,668
OG0010176,0.00142953613199748,0.0105036224266314,Trip22,NS,877
OG0010179,-0.355983078532332,4.2322750905399e-4,Trip22,NS,1790
OG0010181,0.0263184773171906,0.957281045550011,Trip22,NS,813
OG0010182,-0.0281868291037658,0.967196721318583,Trip22,NS,951
OG0010186,-0.300893136804925,0.608662648425171,Trip22,NS,1648
OG0010191,1.88407057170545,6.6876400549182605e-15,Trip22,UP,32
OG0010193,0.504949117084032,0.202309587586934,Trip22,NS,214
OG0010209,0.052660862252751,0.704219357226854,Trip22,NS,747
OG0010227,2.15470966559879,1.5057369753582202e-15,Trip22,UP,23
OG0010228,-0.247361069924239,2.9003626068678e-4,Trip22,NS,1522
OG0010230,-0.33959757672435,0.00511474874964069,Trip22,NS,1735
OG0010250,-0.167576171732906,0.19556334403228,Trip22,NS,1305
OG0010253,-0.188274473202562,0.108463616535089,Trip22,NS,1354
OG0010255,-0.793665667580113,3.2012007651968e-5,Trip22,NS,2282
OG0010267,0.0504754765002103,0.73332125601984,Trip22,NS,755
OG0010275,0.268179157122865,0.00213971562685208,Trip22,NS,414
OG0010278,-0.160948537957623,0.026771007068974,Trip22,NS,1277
OG0010283,-0.729446563597185,2.57878806301961e-7,Trip22,NS,2243
OG0010294,0.0495396410112052,0.324278846634768,Trip22,NS,758
OG0010300,-0.492393504860985,1.02557302219796e-5,Trip22,NS,2015
OG0010305,0.0450452845074589,0.945157589934665,Trip22,NS,770
OG0010319,0.0375965183909975,0.883284835856933,Trip22,NS,788
OG0010333,-0.742865981745586,1.6238956289044e-4,Trip22,NS,2255
OG0010338,-0.299020943645933,0.0086812362356021,Trip22,NS,1646
OG0010343,-0.228839048873607,0.00647008587831658,Trip22,NS,1470
OG0010347,-1.222950496955265,5.9527172848466394e-12,Trip22,DOWN,2416
OG0010361,1.76667903044458,1.7567624810598698e-16,Trip22,UP,36
OG0010371,0.07622690074564265,1.76905192789849e-5,Trip22,NS,698
OG0010376,-0.9622588762722706,5.76600501618702e-6,Trip22,NS,2357
OG0010399,-0.330442863583495,0.0295270638666024,Trip22,NS,1718
OG0010407,-0.00773466833796812,0.0828103499976918,Trip22,NS,901
OG0010445,-0.0834865373160521,0.244409829661023,Trip22,NS,1102
OG0010449,0.0358357087061772,0.213252532231852,Trip22,NS,794
OG0010450,-0.296687729977729,0.0265914090863449,Trip22,NS,1641
OG0010453,0.510185493717277,0.00191856412372414,Trip22,NS,212
OG0010456,-0.380192177064013,1.9009710396203e-4,Trip22,NS,1837
OG0010458,0.0476932724515735,0.999813814070418,Trip22,NS,763
OG0010460,0.513989879155161,1.89071797175092e-9,Trip22,NS,211
OG0010463,-0.273985846113156,0.157095317303347,Trip22,NS,1588
OG0010468,-0.227089875185428,0.286716553011249,Trip22,NS,1468
OG0010474,0.0502380630065377,0.862982496958983,Trip22,NS,756
OG0010482,0.309961924043252,0.0240052072983433,Trip22,NS,361
OG0010486,-0.270808805947443,0.210247271450636,Trip22,NS,1583
OG0010499,-0.0909376353762284,0.860771371366364,Trip22,NS,1117
OG0010509,-0.10711966311018739,0.00255129725687499,Trip22,NS,1157
OG0010548,0.065206114630612,0.614693889408143,Trip22,NS,721
OG0010573,-0.203872219554437,0.969157921114505,Trip22,NS,1415
OG0010590,-0.267351696239261,0.00712865718012797,Trip22,NS,1575
OG0010608,0.0834766941355978,0.993023843346001,Trip22,NS,686
OG0010615,0.0807190933890982,0.971453982140844,Trip22,NS,690
OG0010616,0.419852937625761,0.0096198852728212,Trip22,NS,260
OG0010623,-0.0725825952551666,0.98626151190793,Trip22,NS,1071
OG0010627,-0.13309881131802,0.17941899283128,Trip22,NS,1215
OG0010628,0.196689113975207,0.115317169231513,Trip22,NS,503
OG0010641,0.6103444345995165,5.8495603002715e-9,Trip22,NS,174
OG0010643,0.06024777904294745,0.466759449732732,Trip22,NS,734
OG0010649,-0.119428571182804,0.999999998403992,Trip22,NS,1186
OG0010650,-1.67875126741174,4.69177351769452e-8,Trip22,DOWN,2462
OG0010651,-0.777582121551207,5.0512524170334e-5,Trip22,NS,2276
OG0010652,-0.38196565156872897,7.1361639357995e-6,Trip22,NS,1843
OG0010675,-0.150861103601712,0.99506866699082,Trip22,NS,1257
OG0010678,0.232322383986483,1.9875735510332e-4,Trip22,NS,462
OG0010704,0.362351665422935,1.5098204907224e-4,Trip22,NS,304
OG0010710,3.07829348290006,2.13899653103633e-7,Trip22,UP,8
OG0010719,-0.489275055238767,0.0774133466941018,Trip22,NS,2011
OG0010725,-0.153780234842866,0.232454055212258,Trip22,NS,1261
OG0010748,-0.2345659105145385,0.593363467907608,Trip22,NS,1488
OG0010777,1.69482436171345,1.9037843208209e-4,Trip22,UP,39
OG0010790,-0.129635872399386,0.993985734877585,Trip22,NS,1209
OG0010818,-0.120084221255699,0.999979865312601,Trip22,NS,1190
OG0010824,-0.167089156779495,0.522355900666155,Trip22,NS,1301
OG0010826,-0.962600397212699,1.60879629886337e-10,Trip22,NS,2358
OG0010840,-5.6624927001198e-4,0.999976806253387,Trip22,NS,883
OG0010842,-0.257923365540627,0.0373889599301773,Trip22,NS,1549
OG0010857,-0.671178858293332,1.02092020164159e-5,Trip22,NS,2210
OG0010887,0.366484398295407,0.124547904568521,Trip22,NS,302
OG0010907,-0.124910400260201,0.234478781200935,Trip22,NS,1200
OG0010909,-0.446322216904736,0.00843685452086366,Trip22,NS,1952
OG0010917,-0.597801343619794,0.0316249793382766,Trip22,NS,2137
OG0010918,-0.614375290118451,0.0604957647381706,Trip22,NS,2160
OG0010921,-0.368541969315492,0.0154955085918501,Trip22,NS,1812
OG0010927,-0.404594116080537,0.0753975343269619,Trip22,NS,1883
OG0010944,-0.0792714767487717,0.83601551549757,Trip22,NS,1090
OG0010953,0.0522252606216195,0.866959900037991,Trip22,NS,749
OG0010960,0.0234857627709416,0.990039540070348,Trip22,NS,820
OG0010963,0.010827819279625301,0.990734109505828,Trip22,NS,857
OG0010970,-0.768569190607603,0.00214211605882232,Trip22,NS,2270
OG0010975,-0.27797087150508,0.00837749654786344,Trip22,NS,1592
OG0010982,-0.246249809970289,0.00359591510943952,Trip22,NS,1519
OG0010984,-0.03677319638443413,0.988212344021458,Trip22,NS,974
OG0010985,-0.2437261868513585,0.0413598571915175,Trip22,NS,1511
OG0010987,-0.511726103555205,3.0063694672898e-8,Trip22,NS,2041
OG0011009,0.0750121136945575,0.649016824335629,Trip22,NS,700
OG0011010,-0.60219236198976,1.65772108603912e-7,Trip22,NS,2141
OG0011015,0.395134126038002,6.49199091299673e-5,Trip22,NS,278
OG0011042,0.097369896750917,0.484083724294463,Trip22,NS,653
OG0011050,0.28261036173864,0.949738464317215,Trip22,NS,392
OG0011056,-0.081786488785556,0.981457774982119,Trip22,NS,1097
OG0011057,0.0167524783517984,0.99491308032169,Trip22,NS,840
OG0011068,1.26258020850715,1.61718495676012e-5,Trip22,UP,57
OG0011077,-0.345016770127406,0.429578736780422,Trip22,NS,1746
OG0011087,0.0292629606876081,0.992287837456397,Trip22,NS,809
OG0011105,-0.07960205613190251,4.1095168604336e-4,Trip22,NS,1092
OG0011110,-0.593360714013723,7.93696433225408e-8,Trip22,NS,2132
OG0011119,-0.613740181474201,4.92218591483596e-6,Trip22,NS,2159
OG0011134,-0.46562848255748746,0.00600910675772463,Trip22,NS,1981
OG0011143,-0.258311223539458,0.222665938132496,Trip22,NS,1551
OG0011144,-1.15772258814546,1.37288225615268e-6,Trip22,DOWN,2400
OG0011159,-0.14213736256460935,1.3443107355646e-4,Trip22,NS,1231
OG0011182,0.0640699938091629,0.993389521801482,Trip22,NS,725
OG0011183,0.407284111438435,0.313345493039133,Trip22,NS,269
OG0011185,-0.2177787182368815,0.004571579547502,Trip22,NS,1440
OG0011187,-0.374584133860853,0.330329455583617,Trip22,NS,1824
OG0011208,0.0201009801877551,0.999985626864065,Trip22,NS,831
OG0011210,-0.0784925458118667,0.945840556189925,Trip22,NS,1083
OG0011226,-0.0710727875290821,0.34968408466872,Trip22,NS,1064
OG0011227,-0.354841447743332,0.0331090328937396,Trip22,NS,1786
OG0011230,-0.0262542823824217,0.995590114892835,Trip22,NS,945
OG0011245,-0.363939490562384,0.94145986982697,Trip22,NS,1805
OG0011254,-0.0553274111924677,0.997280945848561,Trip22,NS,1016
OG0011275,0.0282139089029296,0.999999857843092,Trip22,NS,811
OG0011282,-0.197408008101469,0.968791486329611,Trip22,NS,1393
OG0011287,-0.106909953254681,0.779466318295775,Trip22,NS,1156
OG0011288,-0.16956758733986,0.807587743810215,Trip22,NS,1309
OG0011299,-0.251081580058657,0.0157209778821204,Trip22,NS,1532
OG0011305,0.428363703905954,0.0361531687033873,Trip22,NS,250
OG0011325,-0.900761245037233,7.375119742284e-4,Trip22,NS,2333
OG0011350,-0.466377090516353,5.27041706199778e-7,Trip22,NS,1983
OG0011360,0.691362047837441,8.71456130180162e-12,Trip22,NS,153
OG0011366,-0.323819205764302,0.14805965724598,Trip22,NS,1705
OG0011367,0.2727019704011225,0.0196817661063938,Trip22,NS,406
OG0011376,-0.324780806145822,0.141046121885624,Trip22,NS,1708
OG0011382,0.367304858917983,0.0380115828828438,Trip22,NS,300
OG0011387,0.176336908963959,0.860144899053941,Trip22,NS,531
OG0011388,-0.01965912827386635,0.958025966246449,Trip22,NS,930
OG0011398,-0.760957436428897,6.29043634547165e-7,Trip22,NS,2265
OG0011420,0.305603202748256,0.999968486244225,Trip22,NS,371
OG0011464,-0.371064413699799,1.8557419650046e-4,Trip22,NS,1817
OG0011466,-1.09891527933368,2.29859588172443e-8,Trip22,DOWN,2387
OG0011473,-0.436821907248332,1.26122065907069e-6,Trip22,NS,1936
OG0011480,-0.263348623053545,0.0263391678892717,Trip22,NS,1563
OG0011502,-0.417054054921171,0.490578090180838,Trip22,NS,1905
OG0011508,-0.319329245933044,0.092262580808519,Trip22,NS,1689
OG0011513,-0.49067124172496346,6.84451481211804e-6,Trip22,NS,2013
OG0011526,-0.026478164976014,0.906815743043065,Trip22,NS,948
OG0011531,-0.474090612013686,2.31345214658847e-6,Trip22,NS,1992
OG0011542,0.0973145033576082,0.777550247163313,Trip22,NS,654
OG0011565,-0.0540217257067598,0.967000922155217,Trip22,NS,1012
OG0011573,-1.34002016086624,1.20151243503595e-7,Trip22,DOWN,2437
OG0011574,0.173640889477224,0.990804327551554,Trip22,NS,535
OG0011583,-0.397415554088444,0.00809082811630308,Trip22,NS,1868
OG0011586,-0.548098891930491,0.0132944035935209,Trip22,NS,2085
OG0011590,-0.08773667369204555,0.158066595972371,Trip22,NS,1109
OG0011593,-0.348944668443781,0.176470790078136,Trip22,NS,1759
OG0011611,0.179185401281743,0.656134511173389,Trip22,NS,527
OG0011619,-0.298926149959849,5.2403335428168e-4,Trip22,NS,1645
OG0011634,0.008083302045536499,0.104873252714146,Trip22,NS,864
OG0011646,0.16057990287093804,0.00112029934459686,Trip22,NS,554
OG0011651,0.267295470588159,2.5533857504037e-4,Trip22,NS,416
OG0011652,-0.0263480915001279,0.426894614043275,Trip22,NS,946
OG0011664,0.0710875279857813,0.72537881508618,Trip22,NS,708
OG0011690,-0.501252509063454,5.1930179793854e-4,Trip22,NS,2025
OG0011701,-1.07865474057,3.92340502999725e-5,Trip22,DOWN,2380
OG0011702,-0.358382355262334,0.216453994517814,Trip22,NS,1798
OG0011705,-0.106818660029137,0.968529010378604,Trip22,NS,1155
OG0011707,0.473857238321359,0.0123409257866367,Trip22,NS,229
OG0011723,0.18594739145085,0.162230906490414,Trip22,NS,518
OG0011734,-0.0617303447962922,0.999414331334702,Trip22,NS,1032
OG0011741,-0.539292965359792,1.58121699905181e-5,Trip22,NS,2075
OG0011742,2.08634453136465,6.238412402434199e-13,Trip22,UP,26
OG0011754,-0.476624184162485,0.40032329649794,Trip22,NS,1994
OG0011783,-1.17161956523322,1.9638062533657e-4,Trip22,DOWN,2403
OG0011784,-0.767092323307681,2.76376948875804e-6,Trip22,NS,2269
OG0011788,0.0962135422666304,0.516586615005087,Trip22,NS,657
OG0011803,-0.559887315646721,1.63185699647585e-6,Trip22,NS,2100
OG0011831,-0.00485465656551099,0.937545771948012,Trip22,NS,892
OG0011843,-0.0406555797081327,0.927065168443913,Trip22,NS,986
OG0011850,0.722897544798004,2.48208891833583e-7,Trip22,NS,143
OG0011854,0.103415789660103,0.91871033710793,Trip22,NS,637
OG0011860,-1.13098716246944,1.82355666717873e-7,Trip22,DOWN,2396
OG0011861,-0.103165974084532,0.163594249650543,Trip22,NS,1144
OG0011871,-0.412727575494744,0.653231158234998,Trip22,NS,1897
OG0011875,-1.06474309684983,6.98848892113083e-8,Trip22,DOWN,2378
OG0011910,-0.184116022259327,0.0569889932965735,Trip22,NS,1343
OG0011915,0.18413785257964,0.216076033636332,Trip22,NS,520
OG0011916,0.0316208429338981,0.99900131850405,Trip22,NS,803
OG0011920,-0.279315894409731,0.0788968258437344,Trip22,NS,1600
OG0011931,-0.377661790602876,0.0106701931522275,Trip22,NS,1830
OG0011943,-0.569452602439422,2.92210147611788e-5,Trip22,NS,2115
OG0011946,-0.103776993130541,0.22665029078138,Trip22,NS,1146
OG0011947,-0.370483463003617,2.83199368384099e-6,Trip22,NS,1816
OG0011948,0.0665689178035472,0.70370481163807,Trip22,NS,716
OG0011952,-0.265366333011237,0.0994328238565678,Trip22,NS,1569
OG0011963,-0.904712178504749,0.0019964325261772,Trip22,NS,2336
OG0011966,-0.100084769156015,0.510315933099464,Trip22,NS,1135
OG0011982,-0.5813813190963205,2.59399877870019e-5,Trip22,NS,2124
OG0011989,0.919115294865434,4.191833754655e-4,Trip22,NS,93
OG0011991,-0.296731346815685,6.38487384033232e-5,Trip22,NS,1642
OG0011993,-0.672151735401516,5.43821570902968e-10,Trip22,NS,2212
OG0012005,0.230163893749843,0.207068728721559,Trip22,NS,467
OG0012016,-0.420335126592862,2.83060603327221e-5,Trip22,NS,1910
OG0012018,-1.0431683555019966,6.93519909643736e-6,Trip22,DOWN,2374
OG0012020,-0.0778365634768954,0.722833109267959,Trip22,NS,1081
OG0012021,-0.167165659730044,0.0472265342167199,Trip22,NS,1302
OG0012022,-0.455748182834865,0.0660487843363342,Trip22,NS,1968
OG0012026,-0.275695462849326,6.2640584339251e-4,Trip22,NS,1589
OG0012030,0.0715434916937182,0.938494246160166,Trip22,NS,704
OG0012034,-0.0702075133908386,0.924528446889814,Trip22,NS,1058
OG0012053,2.57830625764065,4.831775934859e-17,Trip22,UP,13
OG0012064,-0.437588413080605,4.2985819344421e-7,Trip22,NS,1938
OG0012079,-0.263600150814249,0.0831751999167581,Trip22,NS,1565
OG0012082,0.78896783584454,2.25969289856638e-7,Trip22,NS,119
OG0012087,0.357928761703862,0.156479667955732,Trip22,NS,307
OG0012092,0.258844209281342,0.0246600252203064,Trip22,NS,425
OG0012094,-0.127410203092125,0.196875764377103,Trip22,NS,1204
OG0012112,0.0872082109005935,0.59419166429079,Trip22,NS,681
OG0012127,-0.36914358483186,0.00132308564555903,Trip22,NS,1814
OG0012130,-0.301932469754551,0.132221818844223,Trip22,NS,1653
OG0012131,-0.327032425200913,0.00105943247696003,Trip22,NS,1711
OG0012141,-0.229567719719176,0.480281861215704,Trip22,NS,1473
OG0012165,-0.5395571150945766,6.9863302233019e-4,Trip22,NS,2076
OG0012175,0.3077124057245365,0.0631444695333692,Trip22,NS,367
OG0012185,0.913649790784105,2.78397878333848e-5,Trip22,NS,95
OG0012198,-0.297724941571197,2.16966267577438e-5,Trip22,NS,1643
OG0012206,-0.147859823993445,0.343677884058081,Trip22,NS,1248
OG0012209,-1.34901596901358,1.10425540499193e-8,Trip22,DOWN,2438
OG0012210,0.015857650266918752,0.886610202548092,Trip22,NS,843
OG0012213,-0.24098781067339958,9.76426077383068e-5,Trip22,NS,1505
OG0012249,0.375681647801242,4.6440978611352e-4,Trip22,NS,292
OG0012262,-0.289929879687119,8.9774051731738e-4,Trip22,NS,1622
OG0012280,0.496784978673581,0.0166367804378906,Trip22,NS,221
OG0012287,-0.106528929949641,0.787030327556439,Trip22,NS,1154
OG0012292,0.3971378742908285,6.585194848553191e-9,Trip22,NS,274
OG0012293,-0.0621902166984071,0.904860465978714,Trip22,NS,1034
OG0012307,-0.22972724038261,0.485520605626112,Trip22,NS,1474
OG0012318,-0.350535595349036,6.0964284614567e-4,Trip22,NS,1769
OG0012343,-0.8807581032446821,2.30262730680431e-11,Trip22,NS,2324
OG0012355,-0.457771532834113,0.0219332744882134,Trip22,NS,1970
OG0012391,-0.621448164613003,2.73455339348994e-6,Trip22,NS,2169
OG0012396,0.0944887169185759,0.988960331585323,Trip22,NS,663
OG0012417,-0.112473105799315,0.49784364595221,Trip22,NS,1169
OG0012426,-0.00369099045007705,0.999942847791441,Trip22,NS,888
OG0012430,-0.194010256470493,0.625050860758716,Trip22,NS,1378
OG0012438,0.382263409424321,0.00160045599016641,Trip22,NS,286
OG0012440,-0.201335008953617,0.0121117766017833,Trip22,NS,1410
OG0012452,-1.99024082701818,2.59724877281229e-6,Trip22,DOWN,2474
OG0012454,0.0393167090788529,0.741280808993199,Trip22,NS,783
OG0012471,0.2871516961740095,6.84639900578561e-8,Trip22,NS,386
OG0012476,-0.00825253361309759,0.979219841200744,Trip22,NS,902
OG0012501,-0.192890009799747,0.251269230052698,Trip22,NS,1373
OG0012515,2.81770281159142,1.70305161605915e-22,Trip22,UP,12
OG0012519,-0.2322855323562565,5.32074729943343e-7,Trip22,NS,1481
OG0012528,0.191869302692695,0.634590321720699,Trip22,NS,507
OG0012538,0.114730189220061,0.299556539362581,Trip22,NS,619
OG0012556,-0.453528133410372,5.64876355974944e-5,Trip22,NS,1964
OG0012559,-0.186948919422057,5.30775608828042e-5,Trip22,NS,1351
OG0012571,-0.2533597781002585,0.110255522778164,Trip22,NS,1542
OG0012581,-0.2850889294030535,7.885825929101e-4,Trip22,NS,1607
OG0012590,0.313176620831509,0.00153205480224233,Trip22,NS,356
OG0012593,0.426624042969027,0.0199778925373001,Trip22,NS,252
OG0012622,-0.249358823460451,0.00524585161486549,Trip22,NS,1526
OG0012643,-0.0256436550756454,0.156841601800768,Trip22,NS,943
OG0012645,-0.857977654736039,8.93805193611279e-8,Trip22,NS,2311
OG0012655,0.775552870113859,2.02906165419971e-5,Trip22,NS,124
OG0012657,-0.367504348858591,0.134128857068651,Trip22,NS,1809
OG0012663,-0.19823139158738,0.663440446201749,Trip22,NS,1397
OG0012675,-0.16368298609486742,0.027317469142682,Trip22,NS,1285
OG0012681,-0.390423766468128,0.0134967789876222,Trip22,NS,1855
OG0012686,0.995392344089434,2.87437888475189e-9,Trip22,NS,85
OG0012704,-0.799838292102917,1.09475367615593e-5,Trip22,NS,2285
OG0012719,-0.2924324386591855,1.46717949677039e-5,Trip22,NS,1629
OG0012731,0.0921532145375362,0.547165649701183,Trip22,NS,669
OG0012732,-0.127933280624927,0.584720119842416,Trip22,NS,1206
OG0012745,-0.395685056707644,3.39626332827144e-6,Trip22,NS,1864
OG0012748,-0.589929995961044,0.00119432035010785,Trip22,NS,2130
OG0012755,-0.524649066925287,0.251512560986866,Trip22,NS,2056
OG0012766,-0.0208044272279926,0.98884921612226,Trip22,NS,932
OG0012815,0.0532341435473408,0.901956874321734,Trip22,NS,745
OG0012855,3.1710438017533e-4,0.226292525030559,Trip22,NS,881
OG0012906,0.02956293859880449,0.868638711308108,Trip22,NS,808
OG0012912,0.0534794305310297,0.98039344892256,Trip22,NS,743
OG0012916,0.20017425762212301,0.141113128421178,Trip22,NS,499
OG0012941,-0.482411845875702,5.6874063939404e-4,Trip22,NS,2004
OG0012958,0.166835265645483,0.656761360717897,Trip22,NS,544
OG0012963,-0.036872882476079644,0.993150048169222,Trip22,NS,976
OG0012974,0.368898859451498,0.835546021761003,Trip22,NS,295
OG0012983,0.425049818436513,4.3689665001881e-4,Trip22,NS,255
OG0012985,-0.189768940936385,0.00721473208828903,Trip22,NS,1358
OG0012986,0.0523211465107188,0.914955140444857,Trip22,NS,748
OG0013000,-0.169778474719484,0.0962619248389611,Trip22,NS,1310
OG0013019,0.10245719973625145,0.841468282005894,Trip22,NS,640
OG0013031,-0.310483451654279,0.694813782226642,Trip22,NS,1671
OG0013037,-0.0141551420431623,0.964057154663932,Trip22,NS,920
OG0013038,-0.337154265802022,3.66467204911883e-5,Trip22,NS,1730
OG0013043,-0.0349610648185661,0.817195481209915,Trip22,NS,968
OG0013053,-0.18590488937525,0.0392565927351822,Trip22,NS,1348
OG0013056,-0.0219497370097834,0.999999995550593,Trip22,NS,933
OG0013074,0.0181523091392926,0.924547522839392,Trip22,NS,835
OG0013083,-0.617962913454746,6.09618516262072e-6,Trip22,NS,2165
OG0013106,-0.62432955879533,5.7976589064202e-6,Trip22,NS,2174
OG0013118,0.354277007280587,0.0301941778871227,Trip22,NS,312
OG0013143,-0.530627716075231,7.2606852708327e-6,Trip22,NS,2062
OG0013144,0.22192229669492,2.2705255541967e-4,Trip22,NS,476
OG0013150,-0.181479076579163,0.0346401238970925,Trip22,NS,1339
OG0013157,1.51923282990318,7.9037368516393e-5,Trip22,UP,47
OG0013165,-0.713141334442396,2.9345972547551997e-12,Trip22,NS,2231
OG0013178,-0.461098573108188,1.22012221364999e-8,Trip22,NS,1975
OG0013186,-0.0120709812783477,0.208241780439536,Trip22,NS,910
OG0013211,-1.35709569183588,3.5846287219423e-11,Trip22,DOWN,2440
OG0013214,-0.65901523749569,9.2681584094786e-4,Trip22,NS,2199
OG0013215,-0.378192507202251,0.712791874046851,Trip22,NS,1831
OG0013219,0.561197654321428,2.56670559753101e-6,Trip22,NS,194
OG0013242,-0.552713941018513,5.73815582312881e-7,Trip22,NS,2089
OG0013243,-0.737775941824229,0.00489147213941004,Trip22,NS,2251
OG0013251,-0.241072099492371,0.00261606177679759,Trip22,NS,1507
OG0013266,-0.322141355603852,0.00105776546342183,Trip22,NS,1700
OG0013268,-0.745289165046899,1.47255443171831e-7,Trip22,NS,2258
OG0013274,-0.799703928599016,0.00204794295548562,Trip22,NS,2284
OG0013289,-0.3114738777001635,2.25656018872703e-7,Trip22,NS,1674
OG0013328,0.939507931435327,0.0682619845454625,Trip22,NS,91
OG0013336,-0.27574474823363604,0.00259890543359288,Trip22,NS,1590
OG0013338,-0.0878033930913301,0.919738945378289,Trip22,NS,1110
OG0013349,-0.782454580390848,2.47491633926789e-7,Trip22,NS,2279
OG0013356,0.09444078573576385,0.598851741026018,Trip22,NS,664
OG0013364,0.162397829665136,0.35842913879346,Trip22,NS,552
OG0013365,-0.10527148916689,0.986448633908331,Trip22,NS,1150
OG0013366,-0.214224817377687,0.461521276660088,Trip22,NS,1436
OG0013373,-0.39383050323343,1.31802351483743e-6,Trip22,NS,1861
OG0013374,-0.0465039038887475,0.988012560792061,Trip22,NS,996
OG0013377,-0.41191129291057305,2.99930735527989e-6,Trip22,NS,1896
OG0013384,0.190774751588764,0.00221245583872207,Trip22,NS,510
OG0013391,-0.434954197466428,1.56032718141193e-5,Trip22,NS,1934
OG0013403,-0.271951458039207,0.206640258715736,Trip22,NS,1585
OG0013429,-0.0131442905102493,0.999999974531912,Trip22,NS,916
OG0013447,2.30336577348362,5.330148017958431e-15,Trip22,UP,18
OG0013466,0.0735941000893164,0.952596946265924,Trip22,NS,702
OG0013524,0.332790268480346,0.00176959684472746,Trip22,NS,328
OG0013538,-0.171104568664732,0.612452744410564,Trip22,NS,1318
OG0013540,0.330785927394144,0.680929674809805,Trip22,NS,332
OG0013548,0.29960847515054,7.5705795790872e-4,Trip22,NS,377
OG0013568,1.02803493558461,3.37550283535768e-10,Trip22,UP,80
OG0013605,-0.807697981119707,1.87792957122274e-5,Trip22,NS,2288
OG0013614,1.93542222127546,5.02942648467089e-7,Trip22,UP,30
OG0013632,-0.0822601304819852,0.792991422557784,Trip22,NS,1098
OG0013633,-0.12055163416685,0.880208614149077,Trip22,NS,1192
OG0013641,-0.343902287131884,4.4876670714771e-4,Trip22,NS,1742
OG0013645,0.238502677914951,0.010893628554044,Trip22,NS,449
OG0013654,-0.105377219361952,0.0175869707080864,Trip22,NS,1152
OG0013655,1.06560764413154,1.32704516961682e-10,Trip22,UP,78
OG0013659,0.723733312969605,4.20213596544732e-6,Trip22,NS,142
OG0013671,-0.573023629333614,2.5594785924313e-9,Trip22,NS,2116
OG0013678,-0.260466305032363,0.0099823996008443,Trip22,NS,1557
OG0013683,0.00797015538947212,0.611196469466591,Trip22,NS,865
OG0013687,-0.105996022467913,0.997499007296107,Trip22,NS,1153
OG0013697,3.00185831055543,5.300464223326959e-19,Trip22,UP,10
OG0013739,-0.17359066505606174,0.993336887355682,Trip22,NS,1329
OG0013744,-0.10030065964309234,0.696323816639304,Trip22,NS,1136
OG0013752,0.281912007468988,0.32714867280541,Trip22,NS,393
OG0013757,0.2944959726138155,8.7459667095979e-4,Trip22,NS,382
OG0013762,-0.28527976450837,0.0667041490673456,Trip22,NS,1608
OG0013764,0.444155300060807,0.220818573039583,Trip22,NS,242
OG0013769,0.440369297894384,2.8152347502944e-4,Trip22,NS,244
OG0013782,0.1960250228676881,0.246827841241821,Trip22,NS,504
OG0013783,-0.963984926786048,2.46241245499153e-8,Trip22,NS,2359
OG0013788,-0.889950642297718,3.85539537627385e-7,Trip22,NS,2326
OG0013792,-0.290544181367598,0.00312329125285643,Trip22,NS,1624
OG0013818,0.00496852366541067,0.85902159228764,Trip22,NS,874
OG0013825,0.0807900728757723,0.0056404277376461,Trip22,NS,689
OG0013827,-0.056807121431782,0.144849016834353,Trip22,NS,1019
OG0013834,-0.663005021254726,0.00132557865287997,Trip22,NS,2203
OG0013845,0.0512328179741799,0.998284831829986,Trip22,NS,753
OG0013847,-0.29020869637200897,9.8880016501443e-4,Trip22,NS,1623
OG0013850,0.145315055271338,0.997642631680878,Trip22,NS,572
OG0013853,0.78409958715534,5.6678171133856405e-9,Trip22,NS,121
OG0013863,-0.470862242942215,5.81074850202471e-5,Trip22,NS,1987
OG0013882,-0.15794963112316251,0.00152602027108006,Trip22,NS,1270
OG0013887,-0.477252678983688,0.00348304606371417,Trip22,NS,1996
OG0013890,0.30933375191322,3.1022274809701e-4,Trip22,NS,362
OG0013898,-0.356061190339766,0.00779872363675435,Trip22,NS,1791
OG0013899,-0.0992853991201049,0.634456971508539,Trip22,NS,1132
OG0013907,0.128356380265131,0.389423592281563,Trip22,NS,596
OG0013926,0.34530447231401096,0.375112590882357,Trip22,NS,319
OG0013939,-0.317200191317859,2.30776382893475e-6,Trip22,NS,1686
OG0013941,-0.349158004216157,7.81134002485534e-6,Trip22,NS,1760
OG0013955,-0.427341066663911,0.0106339621987672,Trip22,NS,1919
OG0013957,-0.353805824845599,3.0763454821420303e-9,Trip22,NS,1784
OG0013974,-0.0664158784498427,0.955233386939842,Trip22,NS,1044
OG0013978,-1.25139629178938,2.93312818903103e-6,Trip22,DOWN,2420
OG0013987,-0.223524830118066,0.0116393664816507,Trip22,NS,1454
OG0013989,-0.2234256988208,8.5392711540826e-4,Trip22,NS,1452
OG0014026,-0.6867535269591656,1.73064636172813e-10,Trip22,NS,2220
OG0014030,-0.167325836285319,0.219514728113193,Trip22,NS,1303
OG0014037,-0.28561330800829,0.0133897863776265,Trip22,NS,1609
OG0014041,-0.376504568221468,0.195150555765303,Trip22,NS,1826
OG0014048,-0.222740946862415,0.0274157545653888,Trip22,NS,1450
OG0014056,-0.408963970100252,0.00180778150722762,Trip22,NS,1891
OG0014062,-0.4740269267358,1.18298244218735e-5,Trip22,NS,1991
OG0014072,-0.295934255822629,0.0692835038856252,Trip22,NS,1638
OG0014077,0.276840429213785,0.0884979607897921,Trip22,NS,399
OG0014087,0.00121731572660839,0.999998058488518,Trip22,NS,878
OG0014089,-0.901365936232238,1.2186253551890501e-9,Trip22,NS,2334
OG0014101,-0.0489968072962968,0.970771857084837,Trip22,NS,1003
OG0014113,0.530783698876992,1.6452959688724e-4,Trip22,NS,205
OG0014118,2.83079195291855,6.91028911625296e-10,Trip22,UP,11
OG0014123,-0.292961331622403,0.0832918741385633,Trip22,NS,1632
OG0014125,0.0644346852838621,0.911185021148036,Trip22,NS,724
OG0014135,0.819767868148927,4.2567740033516e-4,Trip22,NS,110
OG0014160,0.228883582809797,0.151131589826247,Trip22,NS,468
OG0014168,-1.1012878284984,4.6126386872012e-4,Trip22,DOWN,2388
OG0014175,-0.353601215326266,0.00222013145190849,Trip22,NS,1782
OG0014192,0.758106143847042,0.00514569337550783,Trip22,NS,131
OG0014218,-0.4138131171437205,4.426640932738e-4,Trip22,NS,1900
OG0014247,-0.637430519511854,5.1872207904969e-4,Trip22,NS,2182
OG0014256,0.190172140468633,0.826842393596501,Trip22,NS,512
OG0014274,-0.547040415934572,5.83716304283315e-6,Trip22,NS,2083
OG0014299,-1.5960970248746,5.87522847129882e-9,Trip22,DOWN,2454
OG0014301,-0.0546264637971646,0.583665635401391,Trip22,NS,1014
OG0014331,-0.035349553025942,0.0986366067581052,Trip22,NS,972
OG0014334,-0.146870118075556,0.544698994350908,Trip22,NS,1245
OG0014336,-0.662179658154867,7.75418348759663e-8,Trip22,NS,2201
OG0014345,-0.013695649929243322,0.029225967950656,Trip22,NS,919
OG0014364,-0.194670955616783,0.00128825656683019,Trip22,NS,1382
OG0014370,-0.218450083378811,0.594797349617602,Trip22,NS,1442
OG0014381,-0.329062681070159,2.15711985898439e-9,Trip22,NS,1716
OG0014383,0.273235860900031,6.02191673081126e-5,Trip22,NS,403
OG0014402,-0.603625202843353,0.00370108386652337,Trip22,NS,2144
OG0014412,-0.400157067829607,0.0113402650204851,Trip22,NS,1874
OG0014413,-0.602495575359551,3.0230950254426e-7,Trip22,NS,2142
OG0014426,0.152149816543261,0.781925402287567,Trip22,NS,561
OG0014438,0.205302093601804,0.592648356659267,Trip22,NS,491
OG0014451,-0.798756835625912,3.4745135581906305e-9,Trip22,NS,2283
OG0014461,-0.389045832466181,1.29221664737607e-11,Trip22,NS,1853
OG0014468,-0.399662178477527,0.473433043584838,Trip22,NS,1872
OG0014473,-0.148536737644073,0.52416061331814,Trip22,NS,1252
OG0014482,-1.85470945557044,6.3029241474916e-6,Trip22,DOWN,2470
OG0014483,-0.073274298729748,0.703776017539432,Trip22,NS,1072
OG0014492,-0.68642592824609,0.00379652820878486,Trip22,NS,2219
OG0014496,-0.575272221803425,2.97137457308759e-11,Trip22,NS,2119
OG0014504,-0.458591215627163,6.3283682718191e-5,Trip22,NS,1971
OG0014511,-0.7336230284041321,1.84531108711677e-7,Trip22,NS,2247
OG0014572,0.733681956080098,0.0037902442408853,Trip22,NS,140
OG0014578,-1.06248969379184,1.51571924725849e-11,Trip22,DOWN,2376
OG0014585,-0.0177212631020557,0.768967981571015,Trip22,NS,929
OG0014593,-0.725910193306696,4.31464822884652e-5,Trip22,NS,2240
OG0014628,-0.23429044385596,0.00566293398831883,Trip22,NS,1486
OG0014638,2.56882364389705,1.9280662759919998e-14,Trip22,UP,14
OG0014651,0.0487218811774884,0.768373756226325,Trip22,NS,761
OG0014682,0.288998675500957,3.2404025212981e-4,Trip22,NS,385
OG0014697,1.82096946220412,1.42184171587071e-8,Trip22,UP,33
OG0014707,0.772348680328591,0.390007620547295,Trip22,NS,125
OG0014766,0.102611053763702,0.945482055950421,Trip22,NS,639
OG0014768,-0.199874263279091,0.148426400083556,Trip22,NS,1405
OG0014769,-0.74567931387621,9.08555775583037e-10,Trip22,NS,2259
OG0014773,0.910467719671205,0.00192958469495462,Trip22,NS,96
OG0014780,-0.0039846213014206,0.665403364578395,Trip22,NS,889
OG0014783,0.214569408476908,0.770000386949228,Trip22,NS,483
OG0014803,0.119474526650297,0.660567627808631,Trip22,NS,611
OG0014809,-1.08434872725706,2.57911559108549e-6,Trip22,DOWN,2385
OG0014816,-0.987883837320263,1.4983411756021898e-12,Trip22,NS,2364
OG0014817,-0.465043817225917,0.00182878252949774,Trip22,NS,1980
OG0014820,-0.142904981434534,0.745831229252528,Trip22,NS,1234
OG0014829,-0.357441113668165,0.00201633938988434,Trip22,NS,1795
OG0014851,-0.314945836389869,0.0907111650847251,Trip22,NS,1683
OG0014852,-1.83534547713993,0.00125217205844207,Trip22,DOWN,2467
OG0014856,-0.198413952287831,0.38140100947647,Trip22,NS,1398
OG0014879,-0.15617274184049,0.998365729678613,Trip22,NS,1267
OG0014898,-0.164886138263403,0.07700491941974,Trip22,NS,1292
OG0014914,-0.549092306776635,1.63860986104647e-5,Trip22,NS,2086
OG0014928,-1.18039530111002,0.00224392023853789,Trip22,DOWN,2406
OG0014932,-1.67902435142364,5.4207827666093e-4,Trip22,DOWN,2463
OG0014966,2.18723137671358,9.88441006239966e-23,Trip22,UP,22
OG0014976,-0.44400760839034,0.0263344376423802,Trip22,NS,1948
OG0014980,-0.132325201317096,0.848431642967799,Trip22,NS,1213
OG0014995,-0.229497230726698,0.127159790964422,Trip22,NS,1472
OG0015001,0.536606654491106,2.58280571915621e-5,Trip22,NS,202
OG0015022,0.49258376879051,0.00241347746215472,Trip22,NS,222
OG0015023,-0.0126079860441694,0.98021426892313,Trip22,NS,914
OG0015024,-0.394513138594211,0.234749647077909,Trip22,NS,1863
OG0015043,-0.0447324095119298,0.901358751385249,Trip22,NS,993
OG0015055,-0.430091186831741,8.2457286822147e-4,Trip22,NS,1925
OG0015087,0.795877220321191,0.0103837427998334,Trip22,NS,118
OG0015100,-0.321028884300052,6.08977685311723e-6,Trip22,NS,1696
OG0015113,-0.110081971258103,0.03455135676185,Trip22,NS,1162
OG0015121,-0.55079496468466,5.44740772382796e-6,Trip22,NS,2088
OG0015160,-0.332058536821518,2.09719369426871e-7,Trip22,NS,1726
OG0015161,3.56106245486314,6.66888917309242e-16,Trip22,UP,6
OG0015171,-0.012900367137821,0.983042046959165,Trip22,NS,915
OG0015173,-0.139167461527417,0.999259319823781,Trip22,NS,1224
OG0015177,0.0575613442379189,0.999829273190704,Trip22,NS,736
OG0015182,-0.378983511750356,3.5886200346921e-4,Trip22,NS,1833
OG0015224,0.0299145179081937,0.364877361835504,Trip22,NS,805
OG0015226,-1.2473848588998,6.64837339830974e-8,Trip22,DOWN,2419
OG0015228,0.705329386761711,0.0344346404926176,Trip22,NS,146
OG0015249,-0.483538269308438,0.0028845084464083,Trip22,NS,2006
OG0015255,-0.148408723062295,0.0489803718924735,Trip22,NS,1251
OG0015264,0.00634593287008802,0.283390635173938,Trip22,NS,869
OG0015271,0.0902902723284154,0.880320848855582,Trip22,NS,672
OG0015275,-0.354915826906798,3.9113933157423e-4,Trip22,NS,1787
OG0015285,-0.191839145530552,0.208503621421214,Trip22,NS,1370
OG0015293,-1.34918173078344,0.331704068430166,Trip22,NS,2439
OG0015309,0.346139738409524,2.69270462756399e-5,Trip22,NS,318
OG0015322,-0.144100356826029,0.390325587624031,Trip22,NS,1237
OG0015342,0.697525455078109,8.33573612386118e-8,Trip22,NS,151
OG0015352,-0.0399936889986185,0.6990490421518,Trip22,NS,985
OG0015364,-0.893471660853026,1.5951113107478902e-15,Trip22,NS,2329
OG0015370,0.629476552417812,1.06959619689287e-5,Trip22,NS,165
OG0015372,-0.684601904677138,0.00644717925555937,Trip22,NS,2217
OG0015384,-0.533456369763618,1.06866725017018e-6,Trip22,NS,2065
OG0015391,-0.189180118201703,0.994491805610369,Trip22,NS,1357
OG0015393,0.393822616562521,0.177030382309456,Trip22,NS,280
OG0015397,0.22713047368615,4.63117396587126e-5,Trip22,NS,469
OG0015400,0.120535827607711,0.0948083023884142,Trip22,NS,609
OG0015401,-0.560791330552738,1.32820550015457e-5,Trip22,NS,2101
OG0015409,0.188428217193001,0.277884392684307,Trip22,NS,515
OG0015413,0.04393735533330999,0.990774743557924,Trip22,NS,772
OG0015414,-1.90554389167943,2.2353266855357e-4,Trip22,DOWN,2472
OG0015420,-0.238558019746374,0.091383559947847,Trip22,NS,1497
OG0015426,-0.314615010087764,0.0101899473120909,Trip22,NS,1681
OG0015427,-0.0339640716130109,0.706109298642356,Trip22,NS,966
OG0015441,-0.406847409935001,6.24140358969924e-10,Trip22,NS,1887
OG0015446,-0.331052292284174,9.2101563385923e-4,Trip22,NS,1721
OG0015452,0.17345738891809,0.0311222100325854,Trip22,NS,536
OG0015453,-0.248980804071394,0.0271465355336453,Trip22,NS,1524
OG0015455,0.12457690538759,0.564952146586215,Trip22,NS,599
OG0015456,-0.229775486151356,0.18052400336838,Trip22,NS,1475
OG0015458,0.27211486835058,0.0713160669172587,Trip22,NS,408
OG0015464,-0.3012411731651975,0.0216688185323638,Trip22,NS,1651
OG0015467,0.396614124388193,0.192981938127179,Trip22,NS,277
OG0015470,0.00519171701959556,0.947594964405384,Trip22,NS,872
OG0015473,-0.168694618905227,0.851377720504713,Trip22,NS,1307
OG0015474,0.121967593981987,0.0905483705705825,Trip22,NS,607
OG0015476,-0.0925278756664742,0.606322516354376,Trip22,NS,1119
OG0015482,0.563198071904845,5.27134071603793e-5,Trip22,NS,193
OG0015502,-0.24996661458892,0.00924805650229193,Trip22,NS,1527
OG0015513,0.0536267261904636,0.939083163740887,Trip22,NS,742
OG0015523,-0.167058861963767,0.383355902707088,Trip22,NS,1300
OG0015533,-1.210587209420785,0.0810954236909853,Trip22,NS,2410
OG0015539,-0.450051160787349,1.28422839978212e-5,Trip22,NS,1958
OG0015547,-0.241718225363587,0.00441881081051077,Trip22,NS,1509
OG0015579,0.234887929027332,6.45224476481108e-5,Trip22,NS,456
OG0015602,-0.707457887664842,6.36245988741468e-6,Trip22,NS,2226
OG0015605,0.22660125033982298,0.00523326747238742,Trip22,NS,470
OG0015612,-0.16444661289133,0.127391002760124,Trip22,NS,1290
OG0015615,-0.00434540696184273,0.92940562691570106,Trip22,NS,890
OG0015622,0.801963647054167,1.32499334598369e-8,Trip22,NS,117
OG0015628,0.018140654207909,0.994052943979153,Trip22,NS,836
OG0015629,0.8673677467019675,8.90731521586022e-16,Trip22,NS,103
OG0015654,0.478525437686084,2.45164732816663e-6,Trip22,NS,227
OG0015657,0.478018043692076,2.20195743803377e-5,Trip22,NS,228
OG0015676,-0.533493055449922,3.1566175159743e-4,Trip22,NS,2066
OG0015699,0.0368475209197704,0.894370026204376,Trip22,NS,792
OG0015701,-0.363636420238947,0.02047506813018,Trip22,NS,1804
OG0015705,-0.0233136760528201,0.540253290246647,Trip22,NS,935
OG0015706,-0.171694570823669,0.718456009179357,Trip22,NS,1323
OG0015752,-0.0999673493915768,0.948424730784486,Trip22,NS,1134
OG0015774,-0.57939812754447,3.14026397500517e-8,Trip22,NS,2122
OG0015775,-0.540810741146773,0.0385907566515867,Trip22,NS,2077
OG0015777,0.141782297514977,0.524778097207157,Trip22,NS,577
OG0015781,-0.834847724503324,3.88919653574205e-5,Trip22,NS,2300
OG0015799,1.21623662389427,4.50134792007927e-5,Trip22,UP,64
OG0015805,-0.561488470938326,2.36581852880159e-8,Trip22,NS,2102
OG0015810,-0.241861188783411,0.0646459258577259,Trip22,NS,1510
OG0015814,0.134271110199729,0.469405614378557,Trip22,NS,585
OG0015817,-0.437173283675572,1.7453458985922202e-9,Trip22,NS,1937
OG0015832,-0.34510361737749,0.0080894428635108,Trip22,NS,1747
OG0015846,-0.2963451336633805,0.0145784593850696,Trip22,NS,1640
OG0015849,-0.855498207105019,1.1335349914413e-7,Trip22,NS,2309
OG0015860,0.221466163125958,0.286978591762003,Trip22,NS,477
OG0015869,-0.606419756542795,2.34803646395218e-5,Trip22,NS,2147
OG0015872,0.564655905512269,0.0314030656621455,Trip22,NS,191
OG0015889,-0.0205727414079579,0.29617733735768,Trip22,NS,931
OG0015892,0.165231973619069,0.61305331111538,Trip22,NS,546
OG0015897,-0.500147166897707,1.81592924671457e-5,Trip22,NS,2024
OG0015900,-0.373498120930361,1.38199922069114e-7,Trip22,NS,1821
OG0015902,-0.278792005803892,0.0574554468269274,Trip22,NS,1597
OG0015904,-0.170579702609892,0.556830867865223,Trip22,NS,1313
OG0015923,-0.0388362425626015,0.293373749407435,Trip22,NS,979
OG0015928,0.0767517846982832,0.950048777456142,Trip22,NS,696
OG0015932,-0.15463330435329298,0.238071538928282,Trip22,NS,1265
OG0015948,0.15994098946668833,0.150986277725988,Trip22,NS,555
OG0015961,-0.456415391612564,0.00808477942847279,Trip22,NS,1969
OG0015974,-0.113709122420334,0.96977415354771,Trip22,NS,1176
OG0015977,0.4257952116863045,1.59214512992776e-10,Trip22,NS,253
OG0015984,-0.863985469091092,8.73795277087597e-10,Trip22,NS,2317
OG0015988,-0.2528482624231475,6.2122974252253e-5,Trip22,NS,1538
OG0015990,0.311302771917929,8.44034561590041e-5,Trip22,NS,359
OG0016012,-0.859848447847761,2.307222570395e-4,Trip22,NS,2315
OG0016020,-0.421996730662038,0.03658908538434,Trip22,NS,1912
OG0016022,-1.10968222168267,4.96728360625634e-5,Trip22,DOWN,2391
OG0016049,0.0159443465578362,0.994839567486355,Trip22,NS,842
OG0016051,-0.368198663843802,0.031838420154576,Trip22,NS,1811
OG0016053,-0.144750232369778,0.374712938875699,Trip22,NS,1239
OG0016079,-0.0882778450084111,0.830362181301632,Trip22,NS,1112
OG0016084,-0.0919678251647309,0.44531343459546,Trip22,NS,1118
OG0016103,-0.0707530679498664,0.624001236098276,Trip22,NS,1062
OG0016106,-0.193501014895922,0.724770526023128,Trip22,NS,1375
OG0016115,3.62932009661684,3.49654094941312e-16,Trip22,UP,5
OG0016132,0.145034151270223,0.999996713837908,Trip22,NS,573
OG0016134,-0.0167270717055961,0.998881214796067,Trip22,NS,927
OG0016141,-0.0681020555921652,0.564945760288966,Trip22,NS,1049
OG0016167,-0.012217551857123005,0.509847520143742,Trip22,NS,913
OG0016185,-0.443737010298126,1.2000911744377e-4,Trip22,NS,1947
OG0016199,-0.14372512005469565,0.415943256104143,Trip22,NS,1235
OG0016201,0.397046448401795,0.00245855129912365,Trip22,NS,275
OG0016204,0.3148323179236374,0.0487198919372421,Trip22,NS,353
OG0016205,-1.84334529135391,4.13954288592735e-9,Trip22,DOWN,2469
OG0016225,-0.632989461221433,0.0290615601521682,Trip22,NS,2179
OG0016230,0.173868454411365,0.183286872887599,Trip22,NS,533
OG0016233,-0.165551965545618,0.146447257479537,Trip22,NS,1296
OG0016234,-0.22988116130769998,0.265241073468879,Trip22,NS,1476
OG0016244,-0.391299837863575,0.00917337689772316,Trip22,NS,1859
OG0016246,0.317007149257515,0.0638004924824798,Trip22,NS,351
OG0016255,-0.605968381435973,0.0551671683014449,Trip22,NS,2146
OG0016284,0.06566643602983399,8.65280690226992e-7,Trip22,NS,719
OG0016285,-0.353053261524001,2.34750436202322e-6,Trip22,NS,1779
OG0016287,-0.676260054855482,0.0430527629635628,Trip22,NS,2214
OG0016289,-0.748609774196592,1.84835443590499e-8,Trip22,NS,2260
OG0016300,-0.644590155813668,0.0203950179505457,Trip22,NS,2191
OG0016331,-0.0744976836274442,0.889932928364215,Trip22,NS,1074
OG0016352,-0.436708526202939,0.00122781217238909,Trip22,NS,1935
OG0016401,-0.0171202770037733,0.999999904894215,Trip22,NS,928
OG0016407,-0.306152292679929,0.0209748552629232,Trip22,NS,1660
OG0016409,0.247061588571304,0.0373080558895614,Trip22,NS,436
OG0016416,-0.573647917973726,4.28436254933667e-5,Trip22,NS,2117
OG0016427,-0.502541932150447,6.1405727140044e-5,Trip22,NS,2029
OG0016449,-0.937158802021343,5.12106915590292e-6,Trip22,NS,2346
OG0016452,-0.0854463690595496,0.438345895947604,Trip22,NS,1106
OG0016454,3.31048923636263,3.35307476042791e-22,Trip22,UP,7
OG0016482,-0.431487954063044,0.0133802930582216,Trip22,NS,1927
OG0016498,0.0954806696272407,0.948482534328614,Trip22,NS,660
OG0016503,0.880770791846845,3.81187968627704e-9,Trip22,NS,101
OG0016508,-0.268598799603779,0.268367896227922,Trip22,NS,1578
OG0016515,0.291405017097619,0.0063682377709891,Trip22,NS,384
OG0016519,-0.0335205692059014,0.827625830228025,Trip22,NS,964
OG0016531,0.689353700818123,2.25954116145808e-6,Trip22,NS,154
OG0016532,-1.51101547379237,3.91259643582124e-16,Trip22,DOWN,2452
OG0016538,-0.166441361449696,0.216825189091117,Trip22,NS,1299
OG0016574,-0.190891444075294,0.191654916842795,Trip22,NS,1366
OG0016578,3.75210187624437,2.26631468285949e-12,Trip22,UP,4
OG0016579,-0.0695540992822527,0.274860238288731,Trip22,NS,1056
OG0016584,0.895279033086055,1.5616827398761501e-9,Trip22,NS,99
OG0016587,-0.642212217929056,0.00121531503603523,Trip22,NS,2189
OG0016601,-0.414627186658299,0.00154229390086123,Trip22,NS,1902
OG0016620,-0.413735204830584,0.00212951908893457,Trip22,NS,1899
OG0016636,-0.375005832452712,0.00179243588446457,Trip22,NS,1825
OG0016637,-0.0587231466064705,0.8977177871972,Trip22,NS,1025
OG0016645,0.110560255101809,0.765032028200032,Trip22,NS,626
OG0016653,0.644668829324812,1.79906064947464e-6,Trip22,NS,161
OG0016656,0.0694994351400414,0.944971722368234,Trip22,NS,711
OG0016690,0.423031869500767,0.371055562047819,Trip22,NS,257
OG0016694,-0.134538351137632,3.5566510260624e-4,Trip22,NS,1219
OG0016695,0.333424808052204,0.00523298009914658,Trip22,NS,327
OG0016699,-0.342709185824253,0.965370018029763,Trip22,NS,1739
OG0016722,-0.180299104190148,0.24699012090721,Trip22,NS,1336
OG0016726,0.237079111238306,0.148721067957474,Trip22,NS,451
OG0016727,-0.18528165368082,0.621367117598176,Trip22,NS,1347
OG0016736,-0.0785354148840988,0.999999961064193,Trip22,NS,1084
OG0016742,-0.109386769380691,0.929625162565216,Trip22,NS,1161
OG0016748,-1.09190221731504,0.024983645120686,Trip22,DOWN,2386
OG0016756,-0.204992347127238,0.00313468614780142,Trip22,NS,1417
OG0016778,-0.355676017596897,9.04279841929206e-5,Trip22,NS,1789
OG0016780,-0.0464310852153832,0.750618656858865,Trip22,NS,995
OG0016783,-0.737327053602395,0.0123792218559884,Trip22,NS,2250
OG0016796,0.602955481471054,0.0013416196359902,Trip22,NS,176
OG0016806,0.0962657401567028,0.67465280079992,Trip22,NS,656
OG0016823,0.36857082110893,4.31105450177115e-7,Trip22,NS,297
OG0016829,-0.112876156949439,0.156076211708595,Trip22,NS,1171
OG0016831,-0.564673494865294,7.22612564174044e-10,Trip22,NS,2110
OG0016840,-0.184775623892595,0.926800286504647,Trip22,NS,1345
OG0016841,-0.314572577763696,0.0569226708080367,Trip22,NS,1680
OG0016843,0.644488445241498,4.67673840323041e-12,Trip22,NS,162
OG0016851,-0.147107193283014,0.248607338071839,Trip22,NS,1247
OG0016852,-0.07876722672598845,0.987912814835474,Trip22,NS,1086
OG0016860,0.0896480683836493,0.954326557239918,Trip22,NS,674
OG0016882,0.296463156794418,0.0619983986284039,Trip22,NS,381
OG0016893,-0.324048509745169,2.8916943724677e-4,Trip22,NS,1707
OG0016903,-0.0941118357157463,0.770921234431794,Trip22,NS,1122
OG0016904,-0.136845885727087,0.363633935529878,Trip22,NS,1222
OG0016905,0.063489000959134,0.9998774371062,Trip22,NS,727
OG0016910,-0.328378522900121,0.0302202238425062,Trip22,NS,1714
OG0016916,-0.312381105623487,0.0884363724047635,Trip22,NS,1677
OG0016926,0.0652345609680941,0.99997239715037,Trip22,NS,720
OG0016928,-0.402522596094421,0.00302838261466638,Trip22,NS,1880
OG0016950,-0.233994140954011,0.335914253685951,Trip22,NS,1484
OG0016958,0.0955577401449084,0.500061526675774,Trip22,NS,659
OG0016960,-0.4555388380029365,1.81000298257671e-5,Trip22,NS,1967
OG0016965,-0.407487684544059,0.00228933247194218,Trip22,NS,1888
OG0016973,0.48637035732059,0.238384048288514,Trip22,NS,224
OG0016974,-1.61195640959934,1.82145711828466e-8,Trip22,DOWN,2456
OG0016993,-0.238159745966872,0.00254322906046411,Trip22,NS,1494
OG0017003,0.151992840914117,0.754222336743243,Trip22,NS,562
OG0017005,-1.18533569454088,4.15621717404209e-7,Trip22,DOWN,2407
OG0017012,-0.902873145847429,5.1243091023907996e-17,Trip22,NS,2335
OG0017014,0.458979586291754,3.96927689394266e-6,Trip22,NS,236
OG0017023,-0.24099497662638,0.00373825315820077,Trip22,NS,1506
OG0017026,-0.627095355955184,6.4419811806682e-4,Trip22,NS,2176
OG0017029,-0.193722016622185,0.329848886908256,Trip22,NS,1376
OG0017037,-0.249092915577537,0.0345658492473458,Trip22,NS,1525
OG0017064,0.503374390465727,0.00100453249770904,Trip22,NS,215
OG0017067,0.205088773865963,0.0960023954798758,Trip22,NS,492
OG0017091,0.0888081075990849,0.987161536025383,Trip22,NS,676
OG0017095,0.10511995778985565,0.436831454543246,Trip22,NS,635
OG0017100,-0.301969431939531,0.731948831840076,Trip22,NS,1654
OG0017104,-0.0362345161735167,0.680669146558849,Trip22,NS,973
OG0017114,0.624686611529412,6.795391453868751e-9,Trip22,NS,169
OG0017118,-0.5029292248179755,0.00739976051436978,Trip22,NS,2030
OG0017121,0.210005400772288,0.56155833405879,Trip22,NS,487
OG0017128,-0.92458458406972,4.85392070744327e-13,Trip22,NS,2342
OG0017138,0.14802007205313,0.228890454054197,Trip22,NS,567
OG0017142,-0.161830467111976,0.159891646883194,Trip22,NS,1279
OG0017157,-0.319856107154591,0.225489529128506,Trip22,NS,1690
OG0017164,-0.0484971963630644,0.999988085499195,Trip22,NS,1002
OG0017165,0.1296091461138,0.392906614062365,Trip22,NS,593
OG0017172,-0.600705461260939,0.00931507598394424,Trip22,NS,2139
OG0017201,-0.0510089353906345,0.893395327211879,Trip22,NS,1005
OG0017216,0.211319662927859,0.442041021990743,Trip22,NS,485
OG0017237,-0.285076773654133,0.058120263051525,Trip22,NS,1606
OG0017245,0.185108762893969,0.999999651321241,Trip22,NS,519
OG0017257,0.0620368475363481,0.411287614155598,Trip22,NS,730
OG0017273,-0.170883287292121,0.0607672043041921,Trip22,NS,1316
OG0017282,0.40637912503726,0.302918948029587,Trip22,NS,270
OG0017322,-0.13581703181417226,0.756970778885619,Trip22,NS,1221
OG0017331,-0.393816044723635,2.875654950682e-7,Trip22,NS,1860
OG0017334,0.0772251357783021,0.778632604421165,Trip22,NS,694
OG0017338,0.272349441199734,0.932236800474344,Trip22,NS,407
OG0017366,-0.113152415320722,0.997763440416331,Trip22,NS,1173
OG0017379,0.230962665580495,0.0623629481367364,Trip22,NS,465
OG0017382,-0.427638305682344,3.97497606357948e-5,Trip22,NS,1920
OG0017396,-0.241546823653341,0.421448858007509,Trip22,NS,1508
OG0017401,0.440141986028581,0.0172357210431868,Trip22,NS,245
OG0017410,-0.209678966718775,0.0229429514736845,Trip22,NS,1424
OG0017429,0.0830423059972404,0.984916224585199,Trip22,NS,687
OG0017439,0.128781216253737,0.999870358085405,Trip22,NS,594
OG0017462,0.0259327536803897,0.999955217434126,Trip22,NS,814
OG0017506,0.63134958582455,9.01187951280346e-7,Trip22,NS,164
OG0017510,-0.13744730635333,0.547399444872919,Trip22,NS,1223
OG0017515,-0.725503565856051,1.97578982772894e-5,Trip22,NS,2239
OG0017526,-0.196799201129692,0.056957187681717,Trip22,NS,1390
OG0017529,0.3419933092326,3.1955230851057e-7,Trip22,NS,321
OG0017553,-0.675532806464644,0.00304194640342742,Trip22,NS,2213
OG0017576,-0.0368454757651646,0.999820366592682,Trip22,NS,975
OG0017589,-0.231006779146052,0.138690997218316,Trip22,NS,1478
OG0017608,-0.0408255357713934,0.864420957545859,Trip22,NS,987
OG0017614,0.135246941439386,0.997148437623536,Trip22,NS,583
OG0017616,0.222401720017571,0.00265164140383256,Trip22,NS,474
OG0017618,-0.279793131162718,2.54436074038287e-5,Trip22,NS,1601
OG0017636,-0.411376791609109,0.0378309104399752,Trip22,NS,1895
OG0017649,-0.107347282868975,0.904529549714563,Trip22,NS,1158
OG0017654,-0.834161895189468,8.35773072553292e-8,Trip22,NS,2299
OG0017656,-0.319947000149277,0.179491564073159,Trip22,NS,1691
OG0017663,-0.515503267800307,1.21634770604734e-8,Trip22,NS,2048
OG0017682,0.4303605047942285,0.00490854127436863,Trip22,NS,248
OG0017688,0.0896031500898326,0.484570474140354,Trip22,NS,675
OG0017689,-0.16051672788708,0.47468369366461,Trip22,NS,1274
OG0017690,1.21566243671102,6.840049351718981e-9,Trip22,UP,65
OG0017729,-0.464650207728252,3.87747225681672e-6,Trip22,NS,1979
OG0017733,-0.511874909455043,3.34308477334317e-5,Trip22,NS,2042
OG0017743,-0.0623141329075326,0.141368903049118,Trip22,NS,1035
OG0017750,-0.301074118285673,1.53004601964566e-6,Trip22,NS,1649
OG0017751,-1.42288265132865,2.81648854441912e-12,Trip22,DOWN,2447
OG0017768,-0.11957440395864749,0.245393884070122,Trip22,NS,1188
OG0017770,-0.0497317361725288,0.892500776016709,Trip22,NS,1004
OG0017771,-0.399453638084948,7.72389309072199e-5,Trip22,NS,1871
OG0017788,-0.439408370547398,0.0882483378957803,Trip22,NS,1940
OG0017791,-0.170581786872455,0.185205759917497,Trip22,NS,1314
OG0017800,-0.2234637542959,0.118704596618821,Trip22,NS,1453
OG0017802,0.163609625559509,0.996838213569212,Trip22,NS,549
OG0017803,0.424915699279538,7.79134625245358e-6,Trip22,NS,256
OG0017810,-0.0340989224674941,0.999358570280947,Trip22,NS,967
OG0017818,-0.218583882234063,0.794393524462828,Trip22,NS,1443
OG0017831,-0.52496324462924,7.99569157024062e-6,Trip22,NS,2057
OG0017836,-1.00293256133541,2.7283897208076e-5,Trip22,DOWN,2367
OG0017871,0.473246623613078,0.081034449747955,Trip22,NS,230
OG0017889,-0.234321819123991,0.690098234377526,Trip22,NS,1487
OG0017896,-0.0681607385073022,0.995941470389776,Trip22,NS,1050
OG0017906,0.0467771198395971,0.962635213240213,Trip22,NS,765
OG0017934,-0.596127835605797,3.54820361485484e-5,Trip22,NS,2135
OG0017938,-0.376800638963368,0.0335153608177608,Trip22,NS,1827
OG0017941,-0.22297206132421948,0.0405448200210366,Trip22,NS,1451
OG0017943,0.242975170978831,0.92936599174095,Trip22,NS,442
OG0017944,0.0774875144021102,0.662709886965933,Trip22,NS,693
OG0017951,-0.197791008066588,0.0506245453938186,Trip22,NS,1394
OG0017953,-0.0938800278475422,0.549444873698114,Trip22,NS,1121
OG0017964,-0.116761080946426,0.143781661213643,Trip22,NS,1182
OG0017967,-0.406517936996206,3.99734210444857e-6,Trip22,NS,1886
OG0017969,-1.28438108805807,3.39421888085347e-12,Trip22,DOWN,2425
OG0017978,0.278305251488493,0.00585267820657803,Trip22,NS,398
OG0017986,-0.116340137486652,0.725891724188132,Trip22,NS,1181
OG0017995,0.265590838738519,0.560532750992788,Trip22,NS,417
OG0018008,0.325074859766931,4.570677927866e-4,Trip22,NS,341
OG0018010,-1.0267061851184,6.46491015295137e-5,Trip22,DOWN,2372
OG0018028,0.0990130577577161,0.902678513545828,Trip22,NS,646
OG0018053,-1.60093280882643,1.08530334004099e-7,Trip22,DOWN,2455
OG0018059,0.591471910776044,0.901122195542342,Trip22,NS,181
OG0018066,0.4520835940486,0.102054529497202,Trip22,NS,239
OG0018068,-0.53354468545664,9.597276075179091e-9,Trip22,NS,2067
OG0018070,0.235233345950972,0.20792459284669,Trip22,NS,455
OG0018071,-0.0384161281204502,0.881045486998069,Trip22,NS,978
OG0018075,0.649636578136286,5.32727330905876e-6,Trip22,NS,158
OG0018077,0.458625172982647,0.266212023357813,Trip22,NS,237
OG0018092,-0.199791891189531,0.132948139842658,Trip22,NS,1403
OG0018093,-0.829946283793104,0.079181197217378,Trip22,NS,2298
OG0018097,0.029585367005139,0.27036792148831,Trip22,NS,807
OG0018121,0.26995203030646,0.0098293647179265,Trip22,NS,411
OG0018133,0.366436836282983,0.26865494822527197,Trip22,NS,303
OG0018134,-0.858399567565819,5.701309485381e-4,Trip22,NS,2312
OG0018139,-0.292809376767024,0.00260423663654884,Trip22,NS,1631
OG0018143,-0.0618648288268598,0.413152761746236,Trip22,NS,1033
OG0018173,-0.25730317143207,0.667001631627211,Trip22,NS,1548
OG0018184,0.0678970263608291,0.980812848800485,Trip22,NS,714
OG0018246,0.0804240186741479,0.833671168231899,Trip22,NS,691
OG0018255,-0.0715425653317781,0.741869782506379,Trip22,NS,1067
OG0018262,-0.349563785628222,0.249303608928317,Trip22,NS,1764
OG0018277,-0.286999358858679,0.105074501824042,Trip22,NS,1613
OG0018286,-0.00860902586458196,0.97199208712182406,Trip22,NS,903
OG0018303,-0.0640231338542267,0.893114650449961,Trip22,NS,1041
OG0018312,0.221953319832457,0.00679386197097671,Trip22,NS,475
OG0018330,-0.0107958595310036,0.8819010364387,Trip22,NS,907
OG0018336,-0.252692369330787,0.00193255295383805,Trip22,NS,1537
OG0018342,0.11035043427398,0.411277075111356,Trip22,NS,627
OG0018349,-0.861852605674116,6.39729801646141e-8,Trip22,NS,2316
OG0018363,1.05760444998731,0.00116279444394579,Trip22,UP,79
OG0018368,-0.341415699891812,0.00672861570895391,Trip22,NS,1738
OG0018402,-0.0826571070619371,0.845013059678147,Trip22,NS,1099
OG0018412,0.00978751086085354,0.999996365697782,Trip22,NS,861
OG0018416,-0.430317983300468,1.69547171142523e-6,Trip22,NS,1926
OG0018417,-0.359865101823435,0.0896439324507939,Trip22,NS,1799
OG0018431,-0.0711345960342563,0.704353672612877,Trip22,NS,1065
OG0018454,-0.424467827700167,0.100924610149729,Trip22,NS,1915
OG0018463,-0.732208714383243,0.00669861537349211,Trip22,NS,2245
OG0018464,0.245753990014213,0.121036864009199,Trip22,NS,438
OG0018478,1.31675422729296,6.7932808672923e-9,Trip22,UP,52
OG0018482,0.0259115242473491,0.392429895279412,Trip22,NS,815
OG0018490,-0.670978964166725,3.89003160012285e-5,Trip22,NS,2208
OG0018497,0.0404462580084657,1,Trip22,NS,780
OG0018516,0.319495824524553,0.118390058502545,Trip22,NS,348
OG0018543,-0.818356153902653,2.23080980556549e-5,Trip22,NS,2292
OG0018545,0.807489107698538,3.4552745302545194e-11,Trip22,NS,115
OG0018555,-0.308411692998023,0.522733852796874,Trip22,NS,1666
OG0018598,0.050679834949065,0.22123624676549,Trip22,NS,754
OG0018610,-0.647820872369129,5.78503787063675e-8,Trip22,NS,2194
OG0018627,0.093351492015914,0.988927128968819,Trip22,NS,667
OG0018640,-0.594555459584389,2.09163362272132e-5,Trip22,NS,2133
OG0018648,-0.245219055137724,0.0147788341872024,Trip22,NS,1514
OG0018696,-0.612191725612177,5.4344934222189e-4,Trip22,NS,2155
OG0018697,-0.0589257054425699,0.929035074585035,Trip22,NS,1026
OG0018703,-0.748733143317757,3.44535989308569e-7,Trip22,NS,2261
OG0018705,0.088454085319642,0.95987872207316,Trip22,NS,677
OG0018706,-0.260684484769509,0.0434225874936998,Trip22,NS,1558
OG0018713,0.0442681946574964,0.855298750783828,Trip22,NS,771
OG0018720,0.12284037625722,0.998466509352934,Trip22,NS,603
OG0018736,-0.0798480785900204,0.814902632256163,Trip22,NS,1093
OG0018743,-0.855587644731891,3.47072479859773e-6,Trip22,NS,2310
OG0018747,-0.198156064589575,0.74280246398825,Trip22,NS,1395
OG0018748,-0.445473163371502,1.77079460009339e-6,Trip22,NS,1951
OG0018765,0.0412328391840161,0.989987207781691,Trip22,NS,778
OG0018769,-0.365628455519735,0.185817236891999,Trip22,NS,1807
OG0018781,-0.194400597022353,0.0106280119882742,Trip22,NS,1381
OG0018783,1.56926249141752,1.11636571810531e-8,Trip22,UP,45
OG0018790,-0.278386337200967,0.00544312874324967,Trip22,NS,1595
OG0018795,-0.619663378578301,1.7987061867545e-4,Trip22,NS,2167
OG0018835,0.582143995425381,2.96322894657369e-9,Trip22,NS,186
OG0018842,-0.239684144991154,1.1907375684193e-4,Trip22,NS,1499
OG0018843,-0.244029882057148,0.00246999782744679,Trip22,NS,1512
OG0018858,-1.1254349081236,2.3696833787077e-4,Trip22,DOWN,2394
OG0018892,0.0149631127112259,0.807337188923684,Trip22,NS,846
OG0018893,0.45018321208079,1.7632082102812e-8,Trip22,NS,240
OG0018902,1.15911932805701,0.107592514188739,Trip22,NS,69
OG0018913,-1.86301729050067,4.6386256165318505e-09,Trip22,DOWN,2471
OG0018927,0.427717188147135,0.0411588182640991,Trip22,NS,251
OG0018934,-0.240640330248631,0.133220297884649,Trip22,NS,1502
OG0018947,0.148314573317048,0.929233289783599,Trip22,NS,566
OG0018954,0.437291323228982,9.3197540329606e-10,Trip22,NS,247
OG0018971,0.0985936145781583,0.992232982017867,Trip22,NS,649
OG0018973,-0.157464037387175,0.0106088318220895,Trip22,NS,1269
OG0018975,-0.057904099322261,0.999860336796351,Trip22,NS,1022
OG0018981,-0.429984633413635,0.111130246524592,Trip22,NS,1924
OG0018983,0.394744787294773,3.90804919484726e-5,Trip22,NS,279
OG0019003,-0.234208161534542,0.507663894410676,Trip22,NS,1485
OG0019021,-1.36236943867753,4.1766248082536e-4,Trip22,DOWN,2441
OG0019032,-0.876312387128084,9.45697304953197e-8,Trip22,NS,2319
OG0019044,-0.0262316260423766,0.0203577037441665,Trip22,NS,944
OG0019055,-0.0707507023920771,0.893121491443801,Trip22,NS,1061
OG0019057,-0.339152733013348,0.269675461063106,Trip22,NS,1734
OG0019065,0.20136939865201,0.810387712343535,Trip22,NS,498
OG0019070,-0.379691408314761,0.0371914162645448,Trip22,NS,1835
OG0019072,-0.191645463770775,1.62002101676756e-5,Trip22,NS,1369
OG0019078,-0.225204717708968,2.3353936310375e-4,Trip22,NS,1460
OG0019084,0.117028758792981,0.993928083125541,Trip22,NS,618
OG0019086,0.36023100731859803,0.00204383091472181,Trip22,NS,305
OG0019110,0.0308280751344834,0.993690120631895,Trip22,NS,804
OG0019132,-0.266286921277675,1.7595950456711e-4,Trip22,NS,1572
OG0019133,-1.01333364695109,0.0234289999413641,Trip22,DOWN,2369
OG0019164,-0.188009865889388,0.529878315713371,Trip22,NS,1352
OG0019170,0.0048434906260133,0.831804332867051,Trip22,NS,875
OG0019183,0.803457913053243,5.16725079796533e-7,Trip22,NS,116
OG0019218,-0.557663389135338,5.32677057310977e-6,Trip22,NS,2096
OG0019220,0.0126074457983472,0.970901574394046,Trip22,NS,850
OG0019229,0.234011580520846,0.316196376514902,Trip22,NS,457
OG0019233,0.40356234684572,1.5170102220106e-6,Trip22,NS,271
OG0019237,-1.76220575850997,2.2337714276538e-12,Trip22,DOWN,2466
OG0019271,0.0429861586325591,0.722228289128934,Trip22,NS,774
OG0019277,0.00105758519501523,0.979794624944261,Trip22,NS,879
OG0019280,-0.142706393796946,0.974543643573957,Trip22,NS,1232
OG0019296,-0.2725554752074355,8.3184297992121e-4,Trip22,NS,1587
OG0019301,-1.31803576676539,0.0063926190135975,Trip22,DOWN,2433
OG0019309,-0.269209076862529,0.17667454260486,Trip22,NS,1579
OG0019316,-0.428502451234965,7.64386828072652e-7,Trip22,NS,1921
OG0019331,0.548232410072531,1.7685799387774e-4,Trip22,NS,198
OG0019333,0.251388825392294,0.0673300648677088,Trip22,NS,429
OG0019335,0.182308937589619,0.780218424807577,Trip22,NS,524
OG0019336,-0.011918524674103752,0.520835817040867,Trip22,NS,908
OG0019350,-0.146278876635302,0.243582223720155,Trip22,NS,1244
OG0019375,0.105537155760967,0.721989801952112,Trip22,NS,634
OG0019380,-0.408942326569022,0.00238672154768534,Trip22,NS,1890
OG0019390,-0.406474182732631,0.584950900129912,Trip22,NS,1884
OG0019393,-0.351818021705153,8.50775294724925e-6,Trip22,NS,1773
OG0019400,-0.390805043802553,1.73379537626717e-5,Trip22,NS,1856
OG0019417,-0.425458886330497,0.00147100046311893,Trip22,NS,1916
OG0019438,-0.344493099545171,4.05778312347645e-6,Trip22,NS,1744
OG0019440,0.700085126818369,0.0043289656663448,Trip22,NS,149
OG0019447,-0.562295877799261,2.69985715370701e-5,Trip22,NS,2104
OG0019448,-0.547236431808707,0.00328599290513986,Trip22,NS,2084
OG0019453,0.0854161540022118,0.693379317973252,Trip22,NS,685
OG0019456,0.233932236972961,0.468866914870688,Trip22,NS,458
OG0019460,-0.650416559265776,5.274029603138e-4,Trip22,NS,2196
OG0019469,0.380528677999912,0.09620995047363,Trip22,NS,288
OG0019487,-0.156911547967457,0.925301326625227,Trip22,NS,1268
OG0019491,-0.423506062047727,3.58264457129081e-5,Trip22,NS,1913
OG0019493,0.224370037158494,0.0474659217734148,Trip22,NS,473
OG0019495,-0.295172319621358,0.271200624343317,Trip22,NS,1637
OG0019506,-0.0740989709345474,0.733187996237796,Trip22,NS,1073
OG0019520,0.190750478058452,0.927514156223777,Trip22,NS,511
OG0019524,0.182994275375511,0.0043503916581327,Trip22,NS,523
OG0019529,-0.332730486031461,0.00104924412552778,Trip22,NS,1727
OG0019533,-0.0807289853737163,0.62986598793879,Trip22,NS,1095
OG0019535,0.145875481540065,0.856539223455618,Trip22,NS,571
OG0019544,-0.646837741796845,1.62605062351974e-6,Trip22,NS,2193
OG0019559,-0.113704813147253,0.200323477169758,Trip22,NS,1175
OG0019589,0.226100698252135,0.0015313847187274,Trip22,NS,472
OG0019613,0.0109517151326396,0.21106002345560201,Trip22,NS,856
OG0019628,-0.26260843689198,0.375407281872863,Trip22,NS,1561
OG0019633,0.215899843793138,0.00192372897219477,Trip22,NS,482
OG0019635,-0.618526927925211,2.01190189985697e-7,Trip22,NS,2166
OG0019636,-0.616914526337163,8.72970589178991e-7,Trip22,NS,2163
OG0019640,-0.1923756509913285,0.0417257411396374,Trip22,NS,1372
OG0019647,-0.282347835323208,5.4081060071957e-4,Trip22,NS,1604
OG0019651,-0.321064054220695,3.56781152012585e-5,Trip22,NS,1697
OG0019653,-0.911717886395885,1.38865341356672e-6,Trip22,NS,2340
OG0019661,0.64485282311077,9.56937689088454e-10,Trip22,NS,160
OG0019666,-0.059679436186706,0.840224246236083,Trip22,NS,1028
OG0019705,-0.362563451915072,0.0909929180718374,Trip22,NS,1802
OG0019715,1.12751162383156,0.0119293126291552,Trip22,UP,71
OG0019728,-0.336447005616658,0.0584773291341547,Trip22,NS,1729
OG0019737,-0.766809509217401,3.5390804010353e-4,Trip22,NS,2268
OG0019764,0.580098172276126,1.0827567396825e-4,Trip22,NS,187
OG0019766,0.397894023292635,0.0281901203655567,Trip22,NS,273
OG0019827,-0.162246607719745,0.119881418646869,Trip22,NS,1281
OG0019854,0.0243248316992021,0.522640014546069,Trip22,NS,818
OG0019881,-0.880140555798547,9.80850722444409e-10,Trip22,NS,2321
OG0019883,0.0234214680815466,0.0515323907264773,Trip22,NS,821
OG0019921,-0.2021368169343,0.499427062088497,Trip22,NS,1412
OG0019941,-0.511400981239061,8.2024466344164e-4,Trip22,NS,2040
OG0019942,-0.822053581188756,1.083914266948e-5,Trip22,NS,2293
OG0019947,-0.253349294090667,0.780413524997262,Trip22,NS,1541
OG0019975,0.545579997409913,1.8994131097652297e-11,Trip22,NS,199
OG0019977,-0.287743662687831,0.00284318360151154,Trip22,NS,1614
OG0019981,-0.145293265577632,0.777370016550992,Trip22,NS,1241
OG0019989,-0.610293839718212,3.9254445532395e-4,Trip22,NS,2152
OG0019996,1.180931273158,0.00397482894998015,Trip22,UP,68
OG0020005,0.187699628164117,0.438672008722014,Trip22,NS,516
OG0020036,-1.1673209749763,3.72111677519249e-13,Trip22,DOWN,2402
OG0020037,0.0371036215944334,0.809093930352685,Trip22,NS,791
OG0020045,0.097378764716262,0.68566101458814,Trip22,NS,652
OG0020059,0.0488125373572123,0.842454368824086,Trip22,NS,760
OG0020072,-0.120944254319927,0.146003885797705,Trip22,NS,1194
OG0020087,-0.184218656873387,0.921746896865385,Trip22,NS,1344
OG0020116,-0.213856237784311,0.676163865360998,Trip22,NS,1434
OG0020137,-0.210024974273813,0.500443367952863,Trip22,NS,1425
OG0020145,0.304708305310533,0.875904284793129,Trip22,NS,373
OG0020173,-0.171343261641042,0.837770757494332,Trip22,NS,1321
OG0020174,-0.266064794149304,1.22227524010135e-5,Trip22,NS,1571
OG0020183,0.0120087603907543,0.988466037607214,Trip22,NS,853
OG0020195,0.534495382458195,0.13619753281675,Trip22,NS,204
OG0020214,0.763209527815384,1.5124921332721e-12,Trip22,NS,130
OG0020215,-0.24808022685856,0.00818611550546383,Trip22,NS,1523
OG0020218,0.623151982129054,6.6850380283e-4,Trip22,NS,171
OG0020221,-0.119511653361041,0.922525596459173,Trip22,NS,1187
OG0020225,-0.148351729749387,0.920454229538276,Trip22,NS,1250
OG0020232,0.237233430040376,0.999995214000798,Trip22,NS,450
OG0020242,-0.198209532644832,0.0381402458399515,Trip22,NS,1396
OG0020253,0.311351300162898,0.00546589616396946,Trip22,NS,358
OG0020254,0.0220809697241659,0.972985414317983,Trip22,NS,826
OG0020263,-0.704511788874904,1.21331646321467e-7,Trip22,NS,2223
OG0020282,-0.0885556356393938,0.266452426292845,Trip22,NS,1114
OG0020283,0.368268789387578,0.0569375612744471,Trip22,NS,298
OG0020284,-0.6628201325335095,6.1234777790892204e-09,Trip22,NS,2202
OG0020322,-0.54303603228668,5.82585190259129e-8,Trip22,NS,2079
OG0020328,-1.2058148381928,0.00171945285421416,Trip22,DOWN,2408
OG0020359,0.6428518258689785,5.85301699460589e-15,Trip22,NS,163
OG0020368,-0.431530020587818,1.21314396388405e-5,Trip22,NS,1928
OG0020369,-0.448834961704095,0.00240282220234476,Trip22,NS,1954
OG0020370,-0.236099178387138,0.129646706673158,Trip22,NS,1490
OG0020371,0.162356343294384,0.569035186399744,Trip22,NS,553
OG0020400,-0.0871446414889261,0.136871543811046,Trip22,NS,1107
OG0020405,0.39296479487276,0.0113028275596496,Trip22,NS,281
OG0020411,-0.331505084148192,3.0109144881621e-4,Trip22,NS,1724
OG0020415,-0.100599457200855,0.124645788193376,Trip22,NS,1137
OG0020451,0.0347742744942069,0.99474651410105,Trip22,NS,798
OG0020455,-0.776235866141619,0.00722182703555317,Trip22,NS,2275
OG0020468,-1.21158021240703,0.0025596547969688,Trip22,DOWN,2411
OG0020490,0.0679001537036514,0.731344485851426,Trip22,NS,713
OG0020497,1.27991490194617,3.87202202146877e-10,Trip22,UP,56
OG0020503,0.0621505749584265,0.994376520257308,Trip22,NS,729
OG0020553,0.655740716817479,0.78218868005516,Trip22,NS,156
OG0020555,-0.161877668476579,0.81597132359671,Trip22,NS,1280
OG0020563,0.309066358120773,0.99135288807113,Trip22,NS,363
OG0020571,0.0980682313706781,0.963682797090249,Trip22,NS,651
OG0020584,-0.311476450367883,0.910166942647402,Trip22,NS,1675
OG0020585,-0.517703998795735,0.0143221064732462,Trip22,NS,2049
OG0020600,-0.260328289337093,0.72298947682068,Trip22,NS,1555
OG0020610,-0.113124819803799,0.978760812483791,Trip22,NS,1172
OG0020613,-0.39683222259588,2.5698660654758e-4,Trip22,NS,1866
OG0020629,-0.505679884550373,0.0077859710956736,Trip22,NS,2034
OG0020636,-0.420334852589064,0.08804770118251,Trip22,NS,1909
OG0020637,0.7430875378416,1.24418057833317e-5,Trip22,NS,136
OG0020638,-0.0294587023212369,0.193869266328545,Trip22,NS,955
OG0020670,0.0865526836706465,0.998681158470895,Trip22,NS,682
OG0020674,0.5072264235140325,1.16783184564975e-5,Trip22,NS,213
OG0020677,-0.451695992524579,2.13592567446814e-8,Trip22,NS,1961
OG0020681,1.2251272072664,1.31057728144154e-7,Trip22,UP,60
OG0020687,-0.113257815876758,0.810027736228911,Trip22,NS,1174
OG0020689,0.0318728181926485,0.999954668322245,Trip22,NS,802
OG0020693,0.107700913600061,0.991200074433354,Trip22,NS,630
OG0020696,-0.733314287624342,0.00244120664123372,Trip22,NS,2246
OG0020698,0.31539858816261,0.0235865963458465,Trip22,NS,352
OG0020706,-0.047155764476254504,0.812062402954599,Trip22,NS,997
OG0020709,0.321418777057727,0.00622963822444556,Trip22,NS,345
OG0020712,-0.50942049016351,1.98893263768784e-5,Trip22,NS,2036
OG0020722,-0.181507161578105,0.397993814165745,Trip22,NS,1340
OG0020723,-0.226233500739676,0.0033031442532147,Trip22,NS,1463
OG0020739,-1.08382740811216,0.227929675092407,Trip22,NS,2384
OG0020756,0.417185906304232,5.7366562490082e-9,Trip22,NS,263
OG0020761,-0.198733981312126,0.0112410767123073,Trip22,NS,1399
OG0020767,0.168356188575005,0.0306731323047593,Trip22,NS,539
OG0020769,-0.039618681893042,0.952291236406302,Trip22,NS,982
OG0020798,-0.171152298231414,0.352788272480515,Trip22,NS,1320
OG0020804,-0.0627872339256916,0.976523147712128,Trip22,NS,1038
OG0020806,-2.13483146344824,4.12433069210038e-8,Trip22,DOWN,2476
OG0020812,-0.976368653540784,1.3112521557616e-4,Trip22,NS,2362
OG0020814,0.120270628257246,0.985220897157728,Trip22,NS,610
OG0020822,0.375561951751119,9.4140030813425e-4,Trip22,NS,293
OG0020824,-0.293431147238095,3.5473490057668e-4,Trip22,NS,1633
OG0020832,0.126633722416337,0.407264988474418,Trip22,NS,598
OG0020841,0.593248845861572,3.01561595710292e-8,Trip22,NS,180
OG0020846,4.01716732894824,0.0152629685303215,Trip22,UP,3
OG0020856,0.625064541343582,1.60506895055241e-8,Trip22,NS,168
OG0020869,0.13284833266971,0.980857599589449,Trip22,NS,587
OG0020870,-0.108508888879139,0.977673601623254,Trip22,NS,1159
OG0020873,0.285814345705299,0.00247070022501807,Trip22,NS,390
OG0020878,-1.18020630298301,2.41224974799323e-7,Trip22,DOWN,2405
OG0020899,-0.378285987518522,2.84097680230448e-7,Trip22,NS,1832
OG0020900,0.131378100745847,0.808495606371134,Trip22,NS,589
OG0020906,-0.730156789532478,0.00184728955619104,Trip22,NS,2244
OG0020923,0.355611576975402,4.6501792631494e-4,Trip22,NS,308
OG0020952,1.1185454119433293,4.79503970725482e-12,Trip22,UP,73
OG0020982,1.96480823701547,4.79771738698281e-13,Trip22,UP,28
OG0020992,-0.101757960127195,0.00704185607680559,Trip22,NS,1142
OG0021003,-0.103784822542679,0.972428130310534,Trip22,NS,1147
OG0021009,-0.385592484529825,0.00420113931722206,Trip22,NS,1848
OG0021011,-0.160785299894366,0.494212971488523,Trip22,NS,1275
OG0021020,-1.00639219651494,4.72386683710694e-6,Trip22,DOWN,2368
OG0021021,-1.16432203481613,3.22638428921494e-6,Trip22,DOWN,2401
OG0021022,1.65962626439646,1.04216810255365e-10,Trip22,UP,41
OG0021027,-0.311007075844648,0.169740317765747,Trip22,NS,1672
OG0021033,-0.556697051760529,9.70665018535995e-5,Trip22,NS,2093
OG0021044,0.0223178421249047,0.59910831629716,Trip22,NS,824
OG0021073,-0.219856728833129,3.15939324278014e-5,Trip22,NS,1446
OG0021078,-0.851556486344592,0.0098712395385657,Trip22,NS,2307
OG0021098,-0.0248581014235526,0.128491659916535,Trip22,NS,939
OG0021099,0.0457995145383581,0.988468099352272,Trip22,NS,766
OG0021125,-0.28826017711101,0.0844872975017726,Trip22,NS,1617
OG0021140,0.0158132540928074,0.223908314464405,Trip22,NS,844
OG0021147,-0.686128052666668,1.5933768594918598e-11,Trip22,NS,2218
OG0021183,-0.989503517225063,1.3291548032652e-4,Trip22,NS,2365
OG0021197,-1.84101674191573,2.7196890565629e-4,Trip22,DOWN,2468
OG0021204,-0.880589901788234,1.1616597443594e-4,Trip22,NS,2322
OG0021205,0.866592933177785,8.25336176019777e-6,Trip22,NS,104
OG0021221,1.75967378190207,2.24790285071069e-7,Trip22,UP,37
OG0021242,-0.638035861626564,5.41454927620543e-9,Trip22,NS,2185
OG0021246,-0.149793732837273,0.921425239914451,Trip22,NS,1254
OG0021255,0.0605660134944056,0.834586362872814,Trip22,NS,732
OG0021261,-0.659545203811999,6.6476118349716e-4,Trip22,NS,2200
OG0021268,-0.418786813667403,0.114629954026297,Trip22,NS,1908
OG0021271,-0.596878319546446,5.2772643249e-8,Trip22,NS,2136
OG0021290,-0.609249254593752,1.23826350395754e-8,Trip22,NS,2150
OG0021292,0.0362612096573098,0.96827803890116,Trip22,NS,793
OG0021294,-0.706165796589552,0.00610606329256665,Trip22,NS,2225
OG0021306,-0.322037060816418,0.180792836986959,Trip22,NS,1699
OG0021310,0.17802449918781,0.982575570169876,Trip22,NS,528
OG0021328,1.11640144019765,8.50576936553517e-5,Trip22,UP,74
OG0021334,-0.057633523658903646,0.0568428925707315,Trip22,NS,1021
OG0021351,0.28148510104471,1.0629339066373e-4,Trip22,NS,394
OG0021357,-0.232232905381268,0.0189162492768416,Trip22,NS,1480
OG0021366,-0.956779347292929,0.00235570175162685,Trip22,NS,2355
OG0021380,-0.233855324815657,0.00757973936015974,Trip22,NS,1483
OG0021382,-0.2026507723135932,0.0528930338570067,Trip22,NS,1413
OG0021384,0.323008057637836,0.318781267655724,Trip22,NS,343
OG0021411,-0.899647995697193,1.31199897136424e-7,Trip22,NS,2332
OG0021415,-0.384488047636227,0.00144169718469437,Trip22,NS,1846
OG0021427,-0.429652780601599,0.0030929065456266,Trip22,NS,1922
OG0021429,-0.294979663128913,0.0579322972419097,Trip22,NS,1636
OG0021431,0.0208281645806445,0.980352099635338,Trip22,NS,828
OG0021434,0.07387457590480553,0.983638011042975,Trip22,NS,701
OG0021439,-0.194855281523292,0.545589360290807,Trip22,NS,1383
OG0021460,0.00990999647280441,0.734901859840693,Trip22,NS,860
OG0021477,-0.151214160605548,0.793065296690256,Trip22,NS,1260
OG0021482,-0.999484330154334,4.73033764389924e-9,Trip22,NS,2366
OG0021484,-0.363510771613027,0.126661990182675,Trip22,NS,1803
OG0021487,-0.38104977627714,0.00248011950597199,Trip22,NS,1840
OG0021490,-0.477196988671053,7.00728319934687e-9,Trip22,NS,1995
OG0021515,-0.153808822827299,0.363252280368046,Trip22,NS,1263
OG0021517,0.117921561728816,0.269667157886824,Trip22,NS,615
OG0021526,-0.2471022550291454,0.00104494107571549,Trip22,NS,1521
OG0021531,-0.637912182096013,5.50736255812814e-5,Trip22,NS,2184
OG0021533,-0.144010647215133,0.669750108924427,Trip22,NS,1236
OG0021541,-0.212762627925583,0.167648198881839,Trip22,NS,1430
OG0021544,-0.153781306504014,0.841257966400158,Trip22,NS,1262
OG0021546,-0.244425037202089,0.240182180822416,Trip22,NS,1513
OG0021549,-0.200849473022366,0.0610276669410089,Trip22,NS,1406
OG0021560,-1.15267192944768,0.0118823416947459,Trip22,DOWN,2398
OG0021568,-0.331490631378153,8.03452048810706e-6,Trip22,NS,1723
OG0021580,0.409898442244571,0.908818531165047,Trip22,NS,268
OG0021587,0.250350050221055,0.383210849318656,Trip22,NS,432
OG0021602,-0.539250791942473,3.0130161939862e-5,Trip22,NS,2074
OG0021609,-0.952844778259709,7.5344681950105e-4,Trip22,NS,2352
OG0021622,-0.381826481366891,6.42723984024552e-7,Trip22,NS,1841
OG0021671,0.0541806340841285,0.511618430988614,Trip22,NS,741
OG0021689,-0.372993068078333,3.4731375254412e-4,Trip22,NS,1819
OG0021741,-0.289392316131563,5.2511065880169505e-15,Trip22,NS,1620
OG0021777,-0.936099236436653,1.49171467500341e-6,Trip22,NS,2345
OG0021785,-1.41384332698863,3.42654662641842e-8,Trip22,DOWN,2446
OG0021815,-0.221923351000634,0.223137158202294,Trip22,NS,1449
OG0021828,-0.0582420430164704,0.970617601213954,Trip22,NS,1023
OG0021829,-0.173156383167891,0.885063363852683,Trip22,NS,1326
OG0021862,-0.962021290149388,0.0021292643526457,Trip22,NS,2356
OG0021867,-0.497904547731838,8.24887507517723e-6,Trip22,NS,2020
OG0021869,-0.150912341052629,0.342294333926201,Trip22,NS,1258
OG0021886,0.235945810170029,0.0122735934398248,Trip22,NS,454
OG0021889,0.239924554660664,0.222961206216924,Trip22,NS,447
OG0021909,0.65071951858788,0.0515297732053884,Trip22,NS,157
OG0021935,-0.327745364152941,0.283918004975371,Trip22,NS,1712
OG0021952,-0.320949004099583,0.00143993209058613,Trip22,NS,1695
OG0021955,1.57744686311704,6.47359740741984e-17,Trip22,UP,44
OG0021966,0.337639971151897,0.0487688729300813,Trip22,NS,325
OG0021973,-0.586996158396004,6.23777319772734e-6,Trip22,NS,2127
OG0022002,-0.346798908812102,0.0366557595595264,Trip22,NS,1753
OG0022009,0.62409446643597,8.97310645433199e-6,Trip22,NS,170
OG0022016,0.735521079866668,0.00303916298090911,Trip22,NS,138
OG0022019,0.086031229189292,0.944354230699513,Trip22,NS,684
OG0022023,0.11734493926552031,0.0551256879225189,Trip22,NS,616
OG0022035,-0.413121623888593,0.0182409762090134,Trip22,NS,1898
OG0022067,0.0273027079458939,0.971387426673732,Trip22,NS,812
OG0022075,-0.319182807368051,0.0764566067055447,Trip22,NS,1688
OG0022089,0.863592667032533,2.39510832703557e-8,Trip22,NS,105
OG0022096,0.137778842898901,0.0136060823067944,Trip22,NS,580
OG0022100,0.122314576721205,0.738588941250916,Trip22,NS,605
OG0022106,0.771131359007728,0.011239188472047,Trip22,NS,126
OG0022115,0.0554921060032111,0.180121547800313,Trip22,NS,739
OG0022138,0.045782584679558,0.239818855748206,Trip22,NS,767
OG0022194,0.313038438943658,0.182627004051164,Trip22,NS,357
OG0022195,0.901948401516984,7.76804781690863e-10,Trip22,NS,98
OG0022201,-0.196682779694871,0.390240114662669,Trip22,NS,1389
OG0022217,0.123427204769988,0.983766718701351,Trip22,NS,601
OG0022227,0.147197799659671,0.106383142153882,Trip22,NS,568
OG0022236,0.196018374105743,0.495088938477289,Trip22,NS,505
OG0022303,0.233434200997209,0.672626986095528,Trip22,NS,460
OG0022328,-0.214479614298616,0.925832786511216,Trip22,NS,1437
OG0022334,-0.225832669653761,0.0455795713661,Trip22,NS,1461
OG0022337,-0.315597702653002,0.0143039966369692,Trip22,NS,1685
OG0022347,-0.2405923984228,0.060812783947666,Trip22,NS,1501
OG0022359,-0.569330829824485,2.5718874983471504e-9,Trip22,NS,2114
OG0022365,0.422329450986453,0.999965079978405,Trip22,NS,258
OG0022386,0.211939007152196,0.350341713998901,Trip22,NS,484
OG0022396,-0.55710321451509,7.83084484822967e-5,Trip22,NS,2094
OG0022407,1.13243652733149,4.3308138733377796e-11,Trip22,UP,70
OG0022423,-0.752150846107087,4.4976730327797e-9,Trip22,NS,2262
OG0022424,0.244578448008363,0.00718343747358756,Trip22,NS,439
OG0022425,-0.0564763362639905,0.984447079841231,Trip22,NS,1018
OG0022441,-0.672120767628793,4.865928291196331e-9,Trip22,NS,2211
OG0022444,-0.067782000790923,0.989375620209438,Trip22,NS,1048
OG0022456,-0.949688711059353,0.00341414289469205,Trip22,NS,2350
OG0022465,-0.163249685032486,0.758353538425341,Trip22,NS,1283
OG0022469,-0.171138785549936,0.285580530209099,Trip22,NS,1319
OG0022470,5.15286983726258,5.0365023261006105e-24,Trip22,UP,1
OG0022481,-0.287939629765845,0.088145988567202,Trip22,NS,1615
OG0022492,-0.631897300795046,9.0355683500316e-5,Trip22,NS,2178
OG0022495,-0.433021386131837,0.0268370062533593,Trip22,NS,1931
OG0022501,-0.481586688128892,0.339600753791399,Trip22,NS,2000
OG0022523,-1.31345753036837,1.33507956631831e-5,Trip22,DOWN,2432
OG0022529,-0.546671231421479,1.06277867214603e-5,Trip22,NS,2081
OG0022531,-0.536173692672334,3.17685983265204e-5,Trip22,NS,2069
OG0022538,0.286444013254763,0.118116087060548,Trip22,NS,388
OG0022563,0.27020411958387,0.139221050986279,Trip22,NS,410
OG0022571,-0.21038023240072,0.45260659960616,Trip22,NS,1426
OG0022579,0.0799731409752585,0.465495958260626,Trip22,NS,692
OG0022607,0.254417923349166,0.00549862487495026,Trip22,NS,428
OG0022609,-0.309817362248371,1.95924792695569e-6,Trip22,NS,1669
OG0022612,0.068274016877018,0.960856028177779,Trip22,NS,712
OG0022616,-0.738180009374002,2.78548498284275e-7,Trip22,NS,2252
OG0022636,-0.387226754810706,1.58149755595465e-6,Trip22,NS,1849
OG0022704,2.49441149662558,6.894028789723609e-11,Trip22,UP,15
OG0022733,-0.397941276565308,0.00147951389042882,Trip22,NS,1869
OG0022746,-0.822762775439721,3.96881478943867e-6,Trip22,NS,2294
OG0022749,-0.515150985860044,1.42411217904862e-7,Trip22,NS,2047
OG0022751,-0.305744381121826,0.00342974481444892,Trip22,NS,1659
OG0022754,0.202396545220774,0.18339039846038,Trip22,NS,497
OG0022788,0.00598795974696523,0.937985736520066,Trip22,NS,871
OG0022792,0.0946025906863373,0.132923043641265,Trip22,NS,662
OG0022793,-0.173810675479496,0.808104512350863,Trip22,NS,1330
OG0022847,0.0121966235726906,0.999041090773662,Trip22,NS,852
OG0022869,-0.12272018545146,0.6358423337962,Trip22,NS,1197
OG0022870,-0.226347708073658,0.00185217485706863,Trip22,NS,1466
OG0022880,0.325740745384755,0.0063911132459825,Trip22,NS,340
OG0022882,-0.00640518313652112,0.794356022518559,Trip22,NS,896
OG0022895,-0.110573015537289,0.152509826908852,Trip22,NS,1165
OG0022906,-0.195737927079988,0.629252712383019,Trip22,NS,1385
OG0022907,-0.00327251901329432,0.999410949196235,Trip22,NS,887
OG0022912,0.0937414370716697,0.999988561672611,Trip22,NS,665
OG0022913,-0.309601712125614,0.122870855760694,Trip22,NS,1668
OG0022921,0.332604831659291,0.0109667985270871,Trip22,NS,329
OG0022934,-0.671082341371441,7.19229265190217e-12,Trip22,NS,2209
OG0022943,-0.0788336871110741,0.955340837354334,Trip22,NS,1087
OG0022955,0.247225900496692,0.024366402999417,Trip22,NS,434
OG0022960,0.098712796433616,0.713803745139586,Trip22,NS,647
OG0022964,-0.0644335610594185,0.972247681431868,Trip22,NS,1042
OG0022970,0.396974620347502,7.95431729264684e-8,Trip22,NS,276
OG0022981,-0.0531521728066008,0.882074995025563,Trip22,NS,1010
OG0022988,-0.390818438213184,2.13934867498472e-5,Trip22,NS,1857
OG0022991,0.113977382370459,0.268782651898654,Trip22,NS,622
OG0022996,-0.614862324581899,4.14607874233792e-6,Trip22,NS,2161
OG0022997,-0.245806179387705,0.0452483921486377,Trip22,NS,1518
OG0023006,-0.190146876405059,0.311541224714613,Trip22,NS,1362
OG0023008,-0.537420052612789,2.714922988543e-5,Trip22,NS,2070
OG0023011,0.0244030421248524,0.97723179485618,Trip22,NS,817
OG0023022,-0.625071069387827,0.00832074061234563,Trip22,NS,2175
OG0023023,0.166968991309186,0.645932414780033,Trip22,NS,543
OG0023092,-0.237013540784417,0.465656902805108,Trip22,NS,1491
OG0023118,-0.61167395392904,0.00122463226459782,Trip22,NS,2154
OG0023143,-0.0152060566878733,0.970561141233198,Trip22,NS,922
OG0023147,0.311168319464658,0.104580085249021,Trip22,NS,360
OG0023151,-0.186900469141082,0.0947250433615246,Trip22,NS,1350
OG0023160,-0.226278579892334,0.983001977416172,Trip22,NS,1465
OG0023172,-0.306910158204262,0.321169293555131,Trip22,NS,1661
OG0023175,-0.279200819242498,3.1260077037371e-4,Trip22,NS,1599
OG0023177,-1.29337921189482,1.23244463018618e-8,Trip22,DOWN,2429
OG0023195,-0.0696659961420484,0.929289236619068,Trip22,NS,1057
OG0023205,0.764267027102604,0.454084831767993,Trip22,NS,129
OG0023232,-0.650102974513406,1.36515858803425e-5,Trip22,NS,2195
OG0023243,0.868837782093898,8.41755585148149e-6,Trip22,NS,102
OG0023278,-0.114320004850703,0.255716797845907,Trip22,NS,1177
OG0023324,-0.168557245052469,0.245207389379436,Trip22,NS,1306
OG0023335,0.390557516419089,0.176598492250121,Trip22,NS,283
OG0023410,-0.164924165989002,0.0694694763653867,Trip22,NS,1293
OG0023412,-0.431945329165907,0.00304195771409966,Trip22,NS,1929
OG0023421,-0.184070179007665,0.999005286089114,Trip22,NS,1342
OG0023434,-0.141176177739174,0.603602197556169,Trip22,NS,1229
OG0023514,0.38220015426681,0.592420729343931,Trip22,NS,287
OG0023519,-0.454582048977536,0.36533533442116,Trip22,NS,1965
OG0023522,-0.758991999018075,1.1221207562075e-4,Trip22,NS,2264
OG0023526,-0.286614821527606,0.0423329937980777,Trip22,NS,1612
OG0023527,-0.323945584806188,0.00230396552710372,Trip22,NS,1706
OG0023544,0.894126036961728,0.00369684655228503,Trip22,NS,100
OG0023572,1.02541146485221,2.58449452250747e-8,Trip22,UP,81
OG0023586,-0.482007415942527,0.307025503939202,Trip22,NS,2002
OG0023598,0.205585738481278,0.456990195745139,Trip22,NS,490
OG0023614,-0.298572695874771,0.307155016658358,Trip22,NS,1644
OG0023619,0.0236509368408717,0.994347976767611,Trip22,NS,819
OG0023620,0.254592949855068,0.737693553783561,Trip22,NS,427
OG0023631,-0.0835367686823779,0.0262717727161105,Trip22,NS,1103
OG0023650,-0.0077293877006377,0.533820676033394,Trip22,NS,900
OG0023673,0.0531607576528008,0.999958634627423,Trip22,NS,746
OG0023674,0.522390644913508,7.34525424848682e-5,Trip22,NS,208
OG0023678,-0.0472137813584805,0.141069388336166,Trip22,NS,998
OG0023685,0.0714793221254674,0.997999476467963,Trip22,NS,705
OG0023719,-0.33173167693008,0.0663452632561973,Trip22,NS,1725
OG0023724,0.162639442700226,0.453590540519947,Trip22,NS,551
OG0023730,-0.639929945427227,0.0247858222833392,Trip22,NS,2187
OG0023736,-0.132729244566631,0.0037460023612496,Trip22,NS,1214
OG0023744,0.118108501719,0.409947131727266,Trip22,NS,614
OG0023776,1.01024012956413,1.9882547684638e-6,Trip22,UP,83
OG0023778,0.34193067347445,0.963865778784012,Trip22,NS,322
OG0023786,-0.367534447201047,0.00680356307485764,Trip22,NS,1810
OG0023844,-0.144473698323806,0.507303230783457,Trip22,NS,1238
OG0023868,0.157245373415431,0.668306318104199,Trip22,NS,559
OG0023887,-0.0264520328075261,0.669148041563132,Trip22,NS,947
OG0023894,0.589982778641751,2.9515975304051204e-9,Trip22,NS,182
OG0023917,-0.0640182868270046,0.520982890918582,Trip22,NS,1040
OG0023929,0.141883856457099,0.895239573066753,Trip22,NS,576
OG0023938,-0.481433880113022,5.600033390223711e-9,Trip22,NS,1999
OG0023941,1.47801167611265,3.4350489274425e-14,Trip22,UP,49
OG0023978,1.18967908106853,2.4696753746951e-4,Trip22,UP,67
OG0024018,0.151677718961773,0.996642919488235,Trip22,NS,563
OG0024026,0.136404380167198,0.254902139273094,Trip22,NS,581
OG0024100,-0.104224186923291,0.371762280981029,Trip22,NS,1148
OG0024129,-0.349258169632528,0.00613999896932294,Trip22,NS,1762
OG0024297,1.91560856990097,2.82368599299851e-12,Trip22,UP,31
OG0024309,-0.213230205151867,0.105685787177707,Trip22,NS,1431
OG0024316,0.260994172600437,0.363366152497981,Trip22,NS,421
OG0024449,-0.180692022512592,0.00475727377592218,Trip22,NS,1337
OG0024584,-0.451367105860664,0.00305112866988887,Trip22,NS,1960
OG0024585,-0.0350614432992273,0.371746874656028,Trip22,NS,970
OG0024599,0.0199983292000835,0.923264373030896,Trip22,NS,832
OG0024603,0.268406693454488,0.839584248885346,Trip22,NS,413
OG0024610,0.0249571572265549,0.783258326815428,Trip22,NS,816
OG0024673,0.0397417961444098,0.983416578796469,Trip22,NS,782
OG0024802,0.00501399321211844,0.966566585558066,Trip22,NS,873
OG0024817,1.40337379976748,3.77666827270364e-5,Trip22,UP,50
OG0024848,-0.504871909855888,8.0036519396247e-4,Trip22,NS,2031
OG0024872,-0.817927703322498,5.31434675425483e-6,Trip22,NS,2291
OG0024927,-0.511364320563655,4.02843167720905e-6,Trip22,NS,2039
OG0024952,-0.101759184750292,0.128173007194716,Trip22,NS,1143
OG0024958,-0.880754902460152,7.05019551876016e-5,Trip22,NS,2323
OG0025076,-0.0608004359093305,0.994209642541118,Trip22,NS,1031
OG0025082,1.69467916332653,1.64742446226143e-7,Trip22,UP,40
OG0025087,0.0229761192319572,0.949981372529954,Trip22,NS,822
OG0025098,-0.409059500914151,0.0957844519537996,Trip22,NS,1892
OG0025315,0.42534509096148,0.0118872248631489,Trip22,NS,254
OG0025362,0.359450159881606,0.00662811619450884,Trip22,NS,306
OG0025407,-0.408133837069606,6.3298737780122e-4,Trip22,NS,1889
OG0025503,-0.171056601953337,0.00575373560353144,Trip22,NS,1317
OG0025596,-0.130441533922735,0.92628020152201,Trip22,NS,1211
OG0025808,-1.23393377082252,2.0208063608546e-4,Trip22,DOWN,2417
OG0025815,-0.599144277323683,0.0194287572762845,Trip22,NS,2138
OG0025866,-0.163855628475973,0.57865231446939,Trip22,NS,1287
OG0025930,1.21802523080235,7.21236581511945e-7,Trip22,UP,63
OG0025954,0.139408220231682,0.218528364560664,Trip22,NS,579
OG0026226,0.27951056032459,0.961929572767993,Trip22,NS,397
OG0026582,1.7666852950229,1.6204512778021e-13,Trip22,UP,35
OG0026667,-1.32567293044776,0.00495823996447731,Trip22,DOWN,2435
OG0027001,0.0521192920015573,0.359903995848753,Trip22,NS,750
OG0027695,-0.331391524336937,0.640228016191009,Trip22,NS,1722
OG0028039,-0.7718054468325325,6.04869461742259e-5,Trip22,NS,2272
OG0028054,0.62706618487642,5.0608843144475e-5,Trip22,NS,166
OG0028168,-1.05364275236056,0.177281357101486,Trip22,NS,2375
OG0028360,0.523781609669375,0.0456174918392364,Trip22,NS,207
OG0029117,-0.265517708985978,0.00173466041980572,Trip22,NS,1570
OG0029359,-0.627392206842033,1.64312242521376e-6,Trip22,NS,2177
OG0030438,-0.564595366275201,0.00586808977410122,Trip22,NS,2109
OG0031582,0.299574184858284,0.936602468697098,Trip22,NS,378
OG0032197,-0.550237685811422,0.556835851364447,Trip22,NS,2087
OG0032409,-0.27827064576091,0.0293571927848338,Trip22,NS,1594
OG0032582,-0.0815615270423311,0.0444839516366235,Trip22,NS,1096
OG0032669,0.417348706431426,0.00221677106509664,Trip22,NS,262
OG0035043,-1.47350316131351,1.53111385118635e-8,Trip22,DOWN,2449
OG0035360,-0.0409885027291236,0.978982560668858,Trip22,NS,988
OG0035437,0.00323910480754486,0.998312969532564,Trip22,NS,876
OG0035897,-0.523509645575058,4.0841972943514e-4,Trip22,NS,2055
OG0036098,-0.165405594987346,0.897027646031455,Trip22,NS,1294
OG0037012,1.08518546222718,0.00409502298092083,Trip22,UP,76
OG0037356,0.577310880818787,5.8040036313015e-4,Trip22,NS,190
OG0037479,2.31393466521083,1.3297979748240198e-12,Trip22,UP,17
OG0037524,-0.70879938411931,9.1513219070716e-4,Trip22,NS,2227
OG0050333,-0.125866584173745,0.510065125890361,Trip22,NS,1202
OG0050505,0.447867466657385,0.0308940029597663,Trip22,NS,241
OG0050864,-0.253150515701935,0.0519239960358794,Trip22,NS,1540
OG0050928,-0.188078292064924,1.6915634987656e-4,Trip22,NS,1353
OG0051045,-0.0712886727193426,0.0799484200302945,Trip22,NS,1066
OG0051153,0.055018775002059,0.539531008479621,Trip22,NS,740
OG0051194,-0.0238472736501235,0.711852198910847,Trip22,NS,936
OG0051253,-0.823613822897417,2.12726541376294e-8,Trip22,NS,2297
OG0051254,-1.65842984483663,4.6231768660250096e-11,Trip22,DOWN,2461
OG0051255,-0.839631745334249,9.38781377578472e-5,Trip22,NS,2303
OG0051256,-1.21292905616183,1.17390733498485e-5,Trip22,DOWN,2412
OG0051286,0.109077262131062,0.999195810850852,Trip22,NS,629
OG0051400,0.559675739144509,0.00574733728256128,Trip22,NS,195
OG0051440,-0.426961921984165,0.0327533265839547,Trip22,NS,1918
OG0051619,-0.76947646374038,2.8131927184844e-6,Trip22,NS,2271
OG0051808,-0.149985113582664,0.74499866213811206,Trip22,NS,1255
OG0051958,4.46209581983767,1.4272573824642599e-19,Trip22,UP,2
OG0052047,0.71009262200187,6.47908461109414e-8,Trip22,NS,145
OG0052080,-0.575517116122615,0.375281229017173,Trip22,NS,2120
OG0052109,-0.377467988227334,5.19596082365278e-5,Trip22,NS,1828
OG0052198,-0.459167902818036,0.151337133551243,Trip22,NS,1972
OG0052401,-0.125677760532667,0.89271974818304,Trip22,NS,1201
OG0052501,-0.34990391260587,0.485481201972122,Trip22,NS,1766
OG0052540,-0.251554276450168,0.318598452284743,Trip22,NS,1533
OG0052667,0.0356788593701327,0.576490090183999,Trip22,NS,795
OG0053042,0.355233822235796,0.0856525579277139,Trip22,NS,309
OG0053048,0.38032281817037,0.0111790315874235,Trip22,NS,289
OG0053051,0.191009356773423,0.684910776004795,Trip22,NS,509
OG0053205,-0.314310239520587,0.487809665601637,Trip22,NS,1678
OG0053637,-0.581028594550754,0.0298987249630879,Trip22,NS,2123
NA,-0.17070396060262238,1.3930803796549501e-15,Trip22,NS,1315
