"gene","log2FC_protein","log2FC_RNA","padj_RNA","DAP","DEG","highlight"
"Td00001aa000021",-0.274646653460064,1.3186672606814,NA,"NS",NA,"NS"
"Td00001aa000041",0.358086517134357,0.243819223098706,0.847538795647936,"NS","NS","NS"
"Td00001aa000042",0.30943636313487,-0.303763541282709,0.738231726726802,"NS","NS","NS"
"Td00001aa000049",-0.434382126384521,-0.881627264104712,0.185379226236736,"NS","NS","NS"
"Td00001aa000068",0.204843751223453,-0.325514514267391,0.675917333314201,"NS","NS","NS"
"Td00001aa000081",0.545370381201773,-0.175161543235299,0.904855671743992,"NS","NS","NS"
"Td00001aa000082",0.213620045430633,-1.50887848554418,0.41524351930866,"NS","NS","NS"
"Td00001aa000084",-0.13311773875421,0.240484729734872,0.880089791926175,"NS","NS","NS"
"Td00001aa000086",0.260198076368496,-0.0866536368150444,0.958792312086725,"NS","NS","NS"
"Td00001aa000108",-0.827835158654415,-0.816086856773988,0.404766473264011,"NS","NS","NS"
"Td00001aa000109",0.332113025576376,0.226190866214575,0.882379592866017,"NS","NS","NS"
"Td00001aa000119",-0.283669615612606,0.416173162116745,0.649560059437048,"NS","NS","NS"
"Td00001aa000122",0.14499307725311,1.32728069787519,0.252634534360444,"NS","NS","NS"
"Td00001aa000125",-1.29745636601591,0.188489756993967,0.93590906388606,"Down","NS","NS"
"Td00001aa000146",-0.246199701198674,0.168724946610645,0.945278798527608,"NS","NS","NS"
"Td00001aa000149",-0.407621992274098,-0.963051363829471,0.629384999570277,"NS","NS","NS"
"Td00001aa000157",-0.330372421535031,-0.263607396294909,0.817339705835598,"NS","NS","NS"
"Td00001aa000161",-0.44418938607766,0.239323649006631,0.879920711068433,"NS","NS","NS"
"Td00001aa000234",-0.518443691781518,0.748848190885988,0.174083059831841,"NS","NS","NS"
"Td00001aa000235",-0.2209148991614,-1.64627616000999,0.0134817389906146,"NS","Down","NS"
"Td00001aa000236",1.12866969617372,4.0278867887866,2.49864478452974e-17,"Up","Up","Up"
"Td00001aa000271",-0.0290344445825285,-0.460609012512206,0.610324116170579,"NS","NS","NS"
"Td00001aa000272",-0.378363026531093,0.354175944327345,0.871764319782824,"NS","NS","NS"
"Td00001aa000301",-0.429867290922598,0.870033941167218,0.448041226784482,"NS","NS","NS"
"Td00001aa000336",0.472118669204543,0.0957900034259811,0.902848266290631,"NS","NS","NS"
"Td00001aa000346",0.46536899041462,0.251511440332282,0.885360751207859,"NS","NS","NS"
"Td00001aa000350",0.279118970882132,0.522735918822819,0.724388168445161,"NS","NS","NS"
"Td00001aa000354",0.025665273948463,0.334050081065207,0.710756891985016,"NS","NS","NS"
"Td00001aa000358",-0.0494384487837783,0.034273287281662,0.985272952358706,"NS","NS","NS"
"Td00001aa000380",-0.294079981656887,0.0678753191799818,0.970387385163239,"NS","NS","NS"
"Td00001aa000422",0.254003908899631,0.258679894859511,0.874750421480161,"NS","NS","NS"
"Td00001aa000432",0.0984452788174932,-0.281015253634395,0.817636616887251,"NS","NS","NS"
"Td00001aa000433",0.240662954644162,0.318647628018705,0.574047336744473,"NS","NS","NS"
"Td00001aa000442",-0.306415083069813,2.81190724014274,0.287132319314743,"NS","NS","NS"
"Td00001aa000457",-0.051393624622311,0.101934753914723,0.940722225714571,"NS","NS","NS"
"Td00001aa000466",0.252302047513788,0.0654002701605499,0.954092073785877,"NS","NS","NS"
"Td00001aa000490",0.027287125133165,-0.136779429953082,0.940722225714571,"NS","NS","NS"
"Td00001aa000499",-0.13657687807507,0.133568008108438,0.924643288622467,"NS","NS","NS"
"Td00001aa000504",-0.2999727074264,0.177017097699651,0.924045162086576,"NS","NS","NS"
"Td00001aa000547",-0.0767024401281531,0.463659131795869,0.512004955875391,"NS","NS","NS"
"Td00001aa000549",-1.79129524444636,0.220054885403948,0.795074604132388,"Down","NS","NS"
"Td00001aa000573",-0.262386219234289,0.338730570636004,0.819982680815551,"NS","NS","NS"
"Td00001aa000601",0.512657430742397,0.378775971476597,0.716031165630101,"NS","NS","NS"
"Td00001aa000663",0.105117409106508,0.030296843736286,0.98804694783309,"NS","NS","NS"
"Td00001aa000684",0.424881518206327,0.503159600801063,0.437890839468834,"NS","NS","NS"
"Td00001aa000699",0.180013716128597,0.613731974883158,0.817695466160181,"NS","NS","NS"
"Td00001aa000706",-0.004206585633171,-0.0702483737274659,0.964398102092721,"NS","NS","NS"
"Td00001aa000708",0.264035956613083,0.113707047153528,0.945278798527608,"NS","NS","NS"
"Td00001aa000745",-0.122876948682168,0.795989432730379,0.60231588674907,"NS","NS","NS"
"Td00001aa000756",0.16938941461832,0.050305450914892,0.972640481289041,"NS","NS","NS"
"Td00001aa000777",0.310130323247967,0.37176205319225,NA,"NS","NS","NS"
"Td00001aa000799",-0.343491545505003,0.161632083104724,0.867051195126585,"NS","NS","NS"
"Td00001aa000801",-0.787305176089579,0.653480853781677,0.305391126345584,"NS","NS","NS"
"Td00001aa000807",0.603916076057652,0.862739446588564,0.0635456897708062,"NS","NS","NS"
"Td00001aa000820",-0.250219365481899,-1.9138965711115,0.428089761839347,"NS","NS","NS"
"Td00001aa000830",0.229122788870867,-0.535913928077074,0.41842224067582,"NS","NS","NS"
"Td00001aa000835",-0.261803427506601,-0.608315195874923,0.411612025420076,"NS","NS","NS"
"Td00001aa000845",0.258643917095294,0.0472497910343947,0.995228542261867,"NS","NS","NS"
"Td00001aa000864",-0.118718634543276,0.362916964719744,0.756006242492046,"NS","NS","NS"
"Td00001aa000866",-0.0833543926189215,0.110598245299827,0.951711708013015,"NS","NS","NS"
"Td00001aa000868",-0.293441082248934,0.380075730509703,0.549702042733536,"NS","NS","NS"
"Td00001aa000869",-0.242299388535736,0.49680748673753,0.623862880171408,"NS","NS","NS"
"Td00001aa000883",-0.572533965450662,-0.214535621050642,0.875414793285473,"NS","NS","NS"
"Td00001aa000885",0.304602059797985,0.398873729036247,0.526110361750467,"NS","NS","NS"
"Td00001aa000920",-1.02142851647663,0.149018203787504,0.937560742535262,"Down","NS","NS"
"Td00001aa000926",0.501061649395165,0.459706120469376,0.504799132923513,"NS","NS","NS"
"Td00001aa000964",1.54233826640286,0.493020229613088,0.869531298030945,"NS","NS","NS"
"Td00001aa000967",-2.4301876854992,-0.0928178519143539,0.952300094135204,"Down","NS","NS"
"Td00001aa000997",-0.666109409920855,-0.0837942945949235,0.952789380360767,"NS","NS","NS"
"Td00001aa001066",-0.549456031244427,-0.331317255756644,0.750406514679796,"NS","NS","NS"
"Td00001aa001073",0.131705243921801,1.30174279208976,0.0275886662674119,"NS","Up","NS"
"Td00001aa001084",-0.24177447331367,-1.14074681630826,0.45197814227974,"NS","NS","NS"
"Td00001aa001111",0.104358825322308,0.360951971987465,0.766578897953595,"NS","NS","NS"
"Td00001aa001113",-0.352731551074132,0.442668623856733,0.821542722678847,"NS","NS","NS"
"Td00001aa001118",-0.310374173700864,-0.311413066094852,0.775070812263141,"NS","NS","NS"
"Td00001aa001127",-0.266970889457843,-1.29947900551554,0.000247490108698978,"NS","Down","NS"
"Td00001aa001141",0.116627352051774,1.09578121283074,0.0196971123160766,"NS","Up","NS"
"Td00001aa001142",-0.419392714010002,-0.253857233598949,0.779462048235316,"NS","NS","NS"
"Td00001aa001145",0.010434966519388,-0.00220238195721851,0.999799399397698,"NS","NS","NS"
"Td00001aa001192",-0.0496447335729645,0.0799680994108894,0.960559162946307,"NS","NS","NS"
"Td00001aa001210",-0.160483497393999,-1.14661133573082,0.361494301204028,"NS","NS","NS"
"Td00001aa001215",-0.61286807429131,-0.111907470523465,0.972539698352559,"NS","NS","NS"
"Td00001aa001245",-0.477422803773205,-0.368850411917209,0.75119635365281,"NS","NS","NS"
"Td00001aa001265",0.164057615640154,-0.608956755938858,0.478334905281782,"NS","NS","NS"
"Td00001aa001267",-0.299052183114762,0.0536680093094894,0.983050902160831,"NS","NS","NS"
"Td00001aa001268",1.73772474526649,0.0523848166836351,0.970086212523898,"Up","NS","NS"
"Td00001aa001283",0.165303736166903,0.420717184838786,0.708612539731128,"NS","NS","NS"
"Td00001aa001300",-0.223106212937194,0.0561256564890133,0.977224109619718,"NS","NS","NS"
"Td00001aa001301",-0.275392240517324,0.0545220278541881,0.966846772059796,"NS","NS","NS"
"Td00001aa001319",0.026608436143676,-0.391159439819737,0.762434358829091,"NS","NS","NS"
"Td00001aa001322",0.466429326778566,-0.0371904642092609,0.981347136035417,"NS","NS","NS"
"Td00001aa001355",-1.53327227649445,-0.648029041099955,0.182172187546235,"Down","NS","NS"
"Td00001aa001373",0.243307604366518,-0.300624148981511,0.894287607166327,"NS","NS","NS"
"Td00001aa001418",-0.108137150743551,0.00051038724474775,0.999799399397698,"NS","NS","NS"
"Td00001aa001425",0.294559986297624,-0.618361456852273,0.577410788381547,"NS","NS","NS"
"Td00001aa001489",-0.668578590662571,0.517545189431239,0.575877389799697,"NS","NS","NS"
"Td00001aa001495",-0.034555187407228,0.532207457403299,0.800198084252144,"NS","NS","NS"
"Td00001aa001498",-0.429558566409382,-0.494805861697607,0.728179559353403,"NS","NS","NS"
"Td00001aa001519",-0.683741194506434,-0.0630297067900437,0.980217819498514,"NS","NS","NS"
"Td00001aa001541",0.981271887018479,1.35223006027246,0.205491579644202,"NS","NS","NS"
"Td00001aa001544",-0.23505961969154,-2.34392164812674,NA,"NS",NA,"NS"
"Td00001aa001550",-0.250615806787889,0.567271211214068,0.582953033254035,"NS","NS","NS"
"Td00001aa001578",-0.256756615264432,0.276055572253002,0.849354872709913,"NS","NS","NS"
"Td00001aa001591",-0.0302608183380191,-0.40499614026247,0.647185984783582,"NS","NS","NS"
"Td00001aa001592",-0.985033487144169,0.960446253635421,NA,"NS","NS","NS"
"Td00001aa001617",-0.101186301286003,0.46847017189175,0.681932666569376,"NS","NS","NS"
"Td00001aa001626",0.0663365368609204,-0.354997708552762,0.702157703117565,"NS","NS","NS"
"Td00001aa001703",0.0311692068075966,-1.09417294885603,0.326199194929076,"NS","NS","NS"
"Td00001aa001768",0.599435047175013,-0.37388380477623,0.700728290390786,"NS","NS","NS"
"Td00001aa001816",0.081893689496664,-0.294354485743993,0.775070812263141,"NS","NS","NS"
"Td00001aa001856",-1.19614780372824,-0.984618698939842,0.589660598616309,"Down","NS","NS"
"Td00001aa001865",0.141599435940143,2.16185318416292,2.35750117070864e-06,"NS","Up","NS"
"Td00001aa001885",0.139228526542513,-0.912439830197808,0.730832202281404,"NS","NS","NS"
"Td00001aa001943",-0.129947943004872,0.126223340482575,0.921233018795967,"NS","NS","NS"
"Td00001aa001961",-0.246542795324653,-0.604475265828465,0.680806022963732,"NS","NS","NS"
"Td00001aa001965",0.603368928747713,0.505659587151234,0.468202979622047,"NS","NS","NS"
"Td00001aa001981",0.420926936197368,0.728058810602761,0.235871411908726,"NS","NS","NS"
"Td00001aa001998",-0.152650583551708,0.112669110888191,0.96576926266161,"NS","NS","NS"
"Td00001aa002029",-0.0580812517821468,0.479125728783776,0.517367848057367,"NS","NS","NS"
"Td00001aa002075",0.26213049356732,1.51372491436805,NA,"NS",NA,"NS"
"Td00001aa002093",-0.81391307215165,-0.924440492975173,0.103317681198084,"NS","NS","NS"
"Td00001aa002133",-0.625537936303777,0.441333157457276,0.779462048235316,"NS","NS","NS"
"Td00001aa002147",0.076594612647782,1.87145611920089,0.0307404625771275,"NS","Up","NS"
"Td00001aa002157",0.063566873174714,0.196169191912978,0.816608928978537,"NS","NS","NS"
"Td00001aa002232",2.91622952373269,-0.47111323260037,NA,"Up","NS","NS"
"Td00001aa002263",-0.0230490059381358,1.0915197420671,0.0668623671585208,"NS","NS","NS"
"Td00001aa002278",0.127275284716866,-0.767807790317252,0.494171826600423,"NS","NS","NS"
"Td00001aa002280",-1.41501339912584,-0.680860656860617,0.405246703251881,"Down","NS","NS"
"Td00001aa002302",-0.130716010700272,0.760585749559317,0.399584737743453,"NS","NS","NS"
"Td00001aa002304",-0.891149073751972,-1.11792895522802,0.000238568080089882,"NS","Down","NS"
"Td00001aa002316",-0.750389614675829,1.37601552892563,NA,"NS",NA,"NS"
"Td00001aa002331",-0.476227753597293,-0.128151604501787,0.938486742754342,"NS","NS","NS"
"Td00001aa002356",-0.40745955247943,0.2913042477874,0.933440832164252,"NS","NS","NS"
"Td00001aa002372",1.72034695182007,1.15378803046283,0.342290949919307,"Up","NS","NS"
"Td00001aa002377",0.475367007118654,-0.847729192073058,0.770031368099434,"NS","NS","NS"
"Td00001aa002382",-0.321126369393918,1.22496086528551,0.0102338491392865,"NS","Up","NS"
"Td00001aa002383",-0.284844593459153,0.407007375026541,0.713174772945312,"NS","NS","NS"
"Td00001aa002406",-0.164533636292983,0.4635767095832,0.723371716532474,"NS","NS","NS"
"Td00001aa002493",-0.0716689298885285,0.951896388094307,0.548617729344402,"NS","NS","NS"
"Td00001aa002517",-0.123961568715865,-0.517222619058179,0.658899751303519,"NS","NS","NS"
"Td00001aa002518",-1.09158390636247,-0.278859601235764,0.810331191200716,"NS","NS","NS"
"Td00001aa002537",-0.411926222996873,-0.224022703286824,0.898797990550489,"NS","NS","NS"
"Td00001aa002569",-0.182552814768504,-0.305036727870459,0.788973523851419,"NS","NS","NS"
"Td00001aa002573",0.213845306272902,-0.537226235359863,0.357497041787782,"NS","NS","NS"
"Td00001aa002575",-0.200926521204472,0.978893054204047,0.458903872556775,"NS","NS","NS"
"Td00001aa002598",-0.278957633898144,0.386146191899033,0.7705410959325,"NS","NS","NS"
"Td00001aa002600",-0.0805611260909085,-0.309483421715246,0.748994736977738,"NS","NS","NS"
"Td00001aa002603",1.78717265109936,-1.9554253140786,0.421396052542158,"Up","NS","NS"
"Td00001aa002606",-0.457245100053423,-0.568446895225712,0.760642178726483,"NS","NS","NS"
"Td00001aa002622",0.0067182791734865,0.206113209892168,0.766430356670166,"NS","NS","NS"
"Td00001aa002632",0.547841036134393,0.516423263313316,0.783363774739254,"NS","NS","NS"
"Td00001aa002636",-0.399353830719918,-0.403839826865479,0.803434582631136,"NS","NS","NS"
"Td00001aa002645",-0.102362757781055,-0.0249801054376348,0.989388718351821,"NS","NS","NS"
"Td00001aa002661",-0.368207457996709,-0.126043143193389,0.914637585364432,"NS","NS","NS"
"Td00001aa002689",0.292497791558851,-0.197650470295277,0.843218283115404,"NS","NS","NS"
"Td00001aa002692",-0.293322730923755,-0.290473589166102,0.852715283375116,"NS","NS","NS"
"Td00001aa002694",0.198842031352773,0.500388097472866,0.516165872286599,"NS","NS","NS"
"Td00001aa002709",-0.314846770095038,0.230316353292077,0.882379592866017,"NS","NS","NS"
"Td00001aa002710",-0.22247693973782,-0.45154411253169,0.645159738552705,"NS","NS","NS"
"Td00001aa002713",0.419759585498369,-0.277539043166063,0.842990262259917,"NS","NS","NS"
"Td00001aa002733",-1.1053382622575,-0.672588640151274,0.374399916646403,"Down","NS","NS"
"Td00001aa002734",-0.143754890447254,-0.166996253470374,0.852352245523167,"NS","NS","NS"
"Td00001aa002739",0.498646110102855,0.751389917489374,0.299941062387462,"NS","NS","NS"
"Td00001aa002742",1.27271581582177,1.74104084136633,0.336565441157342,"Up","NS","NS"
"Td00001aa002746",0.0806053565646718,-0.567468361584589,0.732626016585377,"NS","NS","NS"
"Td00001aa002748",0.203987478168479,0.106959748148989,0.934846529168422,"NS","NS","NS"
"Td00001aa002777",-0.211586356775851,0.488992477255265,0.583686758736572,"NS","NS","NS"
"Td00001aa002810",-0.306530082861788,-0.259384170319282,0.902926940590683,"NS","NS","NS"
"Td00001aa002846",0.102961039730379,1.08955540254617,0.20124408441514,"NS","NS","NS"
"Td00001aa002847",1.79268427439933,1.38915733013559,0.000963909479573987,"Up","Up","Up"
"Td00001aa002854",0.043973628750395,-1.14785458144348,0.628781466091718,"NS","NS","NS"
"Td00001aa002896",-0.104414610365634,-0.155911859265601,0.937127129574483,"NS","NS","NS"
"Td00001aa002916",-0.285474945372733,-1.37707370114859,0.317788981515357,"NS","NS","NS"
"Td00001aa002931",0.730692314458668,-0.200051135234009,0.875282013700633,"NS","NS","NS"
"Td00001aa002989",0.185163188188742,0.221225530476829,0.866197889060028,"NS","NS","NS"
"Td00001aa003020",0.061690055776599,0.305044103190757,0.822330089432802,"NS","NS","NS"
"Td00001aa003089",-0.230952315802905,0.589056927443767,0.921094989620341,"NS","NS","NS"
"Td00001aa003097",-0.82800769864301,-1.19415372413826,0.0321668757114698,"NS","Down","NS"
"Td00001aa003108",-0.468154009503037,-0.167979590847369,0.959333890082878,"NS","NS","NS"
"Td00001aa003158",-0.734038140501174,-0.762038218007988,0.242744273625855,"NS","NS","NS"
"Td00001aa003180",0.215635595233187,0.0302470570960582,0.99258700023338,"NS","NS","NS"
"Td00001aa003191",0.723287700839367,1.13266338250569,0.688661789274015,"NS","NS","NS"
"Td00001aa003200",-0.454733992504537,-0.265183230863446,0.828459121614962,"NS","NS","NS"
"Td00001aa003202",-0.247912141495556,0.209513692557318,0.909094112238552,"NS","NS","NS"
"Td00001aa003203",0.650810840890723,0.684169944966504,0.422428912231222,"NS","NS","NS"
"Td00001aa003210",-0.0850780500338677,0.226000710294651,0.847186393538475,"NS","NS","NS"
"Td00001aa003242",0.494566915896719,0.932526949611264,0.114000222805433,"NS","NS","NS"
"Td00001aa003249",-0.353030113403889,0.00493226339624145,0.998395734870424,"NS","NS","NS"
"Td00001aa003250",-0.151312239521834,-0.0379004780341783,0.983396126459057,"NS","NS","NS"
"Td00001aa003262",-0.0689767188679,0.171063745780807,0.799677127083119,"NS","NS","NS"
"Td00001aa003276",0.409249790225637,0.854620070226116,0.128032560539041,"NS","NS","NS"
"Td00001aa003277",1.52185971415247,-0.179125303387573,0.885418915952815,"Up","NS","NS"
"Td00001aa003303",-0.0257286429508988,-0.042242061858225,0.979312101963716,"NS","NS","NS"
"Td00001aa003309",0.0800442269591797,-0.369266968629611,0.882115848165034,"NS","NS","NS"
"Td00001aa003322",-0.0707231457461716,-0.0931277437294302,0.949276853050619,"NS","NS","NS"
"Td00001aa003331",1.02445382688676,-0.830536695678811,0.623833583009369,"Up","NS","NS"
"Td00001aa003346",-0.604758510864178,0.117355865007175,0.917684969223773,"NS","NS","NS"
"Td00001aa003349",0.221705811449564,0.378858874567924,0.78214697305653,"NS","NS","NS"
"Td00001aa003359",-0.157821926768913,-0.10464467519039,0.924211158848332,"NS","NS","NS"
"Td00001aa003400",-0.961309003256273,0.637479428902884,0.285458388239466,"NS","NS","NS"
"Td00001aa003441",-0.37785574474262,-0.891136807822049,0.273158653970785,"NS","NS","NS"
"Td00001aa003479",-0.341443816333266,0.901049126761595,0.547688427604982,"NS","NS","NS"
"Td00001aa003480",2.0050720291717,-1.49293046807051,0.365706422144429,"Up","NS","NS"
"Td00001aa003491",-1.43756297068661,1.34348813640505,0.321333212125152,"Down","NS","NS"
"Td00001aa003508",-0.518455933482184,-0.226616222440651,0.819982680815551,"NS","NS","NS"
"Td00001aa003516",-0.109957765312247,0.259311631273114,0.725591971738809,"NS","NS","NS"
"Td00001aa003538",0.153811795295835,-0.00796209424342941,0.997993957930103,"NS","NS","NS"
"Td00001aa003542",0.0920232926096558,0.147883563555033,0.943979113500275,"NS","NS","NS"
"Td00001aa003543",-0.449503004581859,-0.414699361580467,0.72968651227456,"NS","NS","NS"
"Td00001aa003547",-0.0141687218222595,-0.137108403698442,0.915602021307253,"NS","NS","NS"
"Td00001aa003563",0.654980714230568,-0.0711331486218941,0.95122962401596,"NS","NS","NS"
"Td00001aa003578",0.762265732358543,0.405500275693016,0.806254330593135,"NS","NS","NS"
"Td00001aa003586",-0.966880928098052,-0.525439591456188,0.640047114586837,"NS","NS","NS"
"Td00001aa003625",0.56663805755954,-1.40819629276201,0.232386351541844,"NS","NS","NS"
"Td00001aa003659",0.843324849465243,-0.862786326027236,0.666871469834176,"NS","NS","NS"
"Td00001aa003666",-0.680186707982186,0.426551793421719,0.7877298911968,"NS","NS","NS"
"Td00001aa003679",-0.362878217327737,-0.157921502993688,0.935964261125108,"NS","NS","NS"
"Td00001aa003685",-0.261266127012302,-0.665906626338,0.468380174207119,"NS","NS","NS"
"Td00001aa003686",0.387876254436856,-0.486096583894569,0.745900061175791,"NS","NS","NS"
"Td00001aa003712",-0.265268541172873,-0.650328243786967,0.735467512374368,"NS","NS","NS"
"Td00001aa003754",0.273477530219512,-0.350611401061471,0.762991857190195,"NS","NS","NS"
"Td00001aa003762",-0.249213746683421,0.176413983050633,0.885360751207859,"NS","NS","NS"
"Td00001aa003775",-0.142445270002543,0.17338878364866,0.915668560699143,"NS","NS","NS"
"Td00001aa003788",-0.0465381769007811,0.324731045787674,0.660004482821723,"NS","NS","NS"
"Td00001aa003795",0.155266617064828,0.174623341277448,0.878787883179051,"NS","NS","NS"
"Td00001aa003797",0.296910471968786,0.700750555167394,0.20277335200713,"NS","NS","NS"
"Td00001aa003812",-0.34799506291054,0.455893784817109,0.64792113254691,"NS","NS","NS"
"Td00001aa003819",-0.357247597526792,-0.397398747176493,0.757161897058263,"NS","NS","NS"
"Td00001aa003823",0.54385729291416,0.114300491098118,0.958792312086725,"NS","NS","NS"
"Td00001aa003830",-0.176623898519449,0.353498003685419,0.730662961234208,"NS","NS","NS"
"Td00001aa003840",-0.249063907029896,0.172077282718541,0.913614656602229,"NS","NS","NS"
"Td00001aa003847",0.792319363838913,0.121510097929194,0.960628238271609,"NS","NS","NS"
"Td00001aa003848",-0.321015325209852,0.348461624819698,0.7293655637409,"NS","NS","NS"
"Td00001aa003862",0.128665231977951,0.755195563442508,0.645748946963495,"NS","NS","NS"
"Td00001aa003870",-0.167230626391639,-0.102952649115799,0.960003638245871,"NS","NS","NS"
"Td00001aa003899",-0.377872567831814,-1.54672020211065,0.0374135632558004,"NS","Down","NS"
"Td00001aa003919",0.0115604736726435,0.321155749315229,0.826552324995625,"NS","NS","NS"
"Td00001aa003921",-0.382936255719057,0.145497699328242,0.885360751207859,"NS","NS","NS"
"Td00001aa003943",0.335756915125072,0.0529588185977909,0.965205641395424,"NS","NS","NS"
"Td00001aa003944",-0.506022326913864,0.0542874833972623,0.977522155559666,"NS","NS","NS"
"Td00001aa003995",0.178299640129055,-0.535665444905024,0.803190743919733,"NS","NS","NS"
"Td00001aa004007",-0.505618212387959,0.234973490640596,0.824616102658719,"NS","NS","NS"
"Td00001aa004024",0.0299442102138973,0.480975025704044,0.637931839925902,"NS","NS","NS"
"Td00001aa004040",2.94775029750144,1.03028852203593,0.262592362210683,"Up","NS","NS"
"Td00001aa004045",0.323295566267495,-0.205779046482463,0.948375134123502,"NS","NS","NS"
"Td00001aa004059",-0.949425503046472,-0.964507407640342,0.298663742605847,"NS","NS","NS"
"Td00001aa004106",0.149346512031328,0.333152314564908,0.785664879030482,"NS","NS","NS"
"Td00001aa004112",-0.0731980873846925,-0.719188298144972,0.577358458857987,"NS","NS","NS"
"Td00001aa004117",-0.481719854456807,-0.150701614857492,0.877523940640864,"NS","NS","NS"
"Td00001aa004160",-0.0716347857575658,-0.786204654509555,0.188123708765678,"NS","NS","NS"
"Td00001aa004171",0.711253751184328,-1.12675023890897,0.223534819889192,"NS","NS","NS"
"Td00001aa004183",0.333356212239545,0.484741915018655,0.75240770337895,"NS","NS","NS"
"Td00001aa004206",0.044396724022645,0.225377322279466,0.860726401461225,"NS","NS","NS"
"Td00001aa004212",-0.00551401856387951,0.524760511550361,0.650589099409432,"NS","NS","NS"
"Td00001aa004249",-1.84365301436749,0.369121194750935,0.808192620405688,"Down","NS","NS"
"Td00001aa004250",0.350315694534298,0.0954552076298102,0.959548128942224,"NS","NS","NS"
"Td00001aa004258",-0.0596127882191574,-0.0307097564951012,0.983722809956314,"NS","NS","NS"
"Td00001aa004275",-0.373982477047682,0.707280897333931,0.299380792800166,"NS","NS","NS"
"Td00001aa004277",0.148377125997518,0.169135993622335,0.955978210761888,"NS","NS","NS"
"Td00001aa004295",2.72312156542709,0.558384843632474,0.750351019511492,"Up","NS","NS"
"Td00001aa004305",0.000281790138040955,0.048163460101172,0.982303163085796,"NS","NS","NS"
"Td00001aa004315",-0.453341289893241,-2.730920922601,0.0268918408157635,"NS","Down","NS"
"Td00001aa004318",-0.192117042123204,0.441695482528097,0.629965101895991,"NS","NS","NS"
"Td00001aa004331",0.257906341980269,0.0646718141379792,0.965885954575985,"NS","NS","NS"
"Td00001aa004340",0.48126008627836,-0.481515457683343,0.556425932747481,"NS","NS","NS"
"Td00001aa004346",0.0341006728400735,-0.463959336319835,0.562049413160324,"NS","NS","NS"
"Td00001aa004354",0.54492576102345,-0.240955379916697,0.817636616887251,"NS","NS","NS"
"Td00001aa004356",0.141610889802204,1.06248619847295,0.0120376770977905,"NS","Up","NS"
"Td00001aa004358",-0.070859699969474,-0.0771311775613179,0.960628238271609,"NS","NS","NS"
"Td00001aa004363",-0.239577076658472,0.372505384788693,0.759701818195755,"NS","NS","NS"
"Td00001aa004380",0.101198130419795,0.767926808779579,0.42928130943037,"NS","NS","NS"
"Td00001aa004381",0.132631497608945,-0.675177592373576,0.673898956381866,"NS","NS","NS"
"Td00001aa004406",0.256152730036874,-0.028150009323065,0.985470654904165,"NS","NS","NS"
"Td00001aa004413",-0.746314343327565,0.0327798676307841,0.990806153186408,"NS","NS","NS"
"Td00001aa004459",-0.088208224737071,2.49592155111867,0.0151765187762731,"NS","Up","NS"
"Td00001aa004461",0.382086554634285,-1.29670275242802,0.180379409996746,"NS","NS","NS"
"Td00001aa004518",-0.729682744519975,-0.0466271722234481,0.972467442332746,"NS","NS","NS"
"Td00001aa004575",0.41894689911694,-0.295257551760736,0.737690391992617,"NS","NS","NS"
"Td00001aa004618",-0.269203140276503,0.0116996012166312,0.996230195986699,"NS","NS","NS"
"Td00001aa004630",-0.355653500977341,0.383749143770862,0.664941070249417,"NS","NS","NS"
"Td00001aa004632",0.551750410069529,-0.0842907001805051,0.983722809956314,"NS","NS","NS"
"Td00001aa004645",-0.139386857232825,-1.06152635040147,0.436437406143688,"NS","NS","NS"
"Td00001aa004647",0.219696007331631,1.19869156893459,0.245272613036909,"NS","NS","NS"
"Td00001aa004670",0.534670720160163,0.498987337654349,0.430788813003166,"NS","NS","NS"
"Td00001aa004680",-1.60377229718401,-0.90451870775528,0.468202979622047,"Down","NS","NS"
"Td00001aa004682",-0.666280265183153,-0.198316461078097,0.864670154214546,"NS","NS","NS"
"Td00001aa004700",0.770944249844997,0.153097079752674,0.945916353971213,"NS","NS","NS"
"Td00001aa004701",-0.242634544967594,-0.170831501207579,0.887280763236265,"NS","NS","NS"
"Td00001aa004721",1.49443655442176,-0.0274962594252822,0.990364999661596,"Up","NS","NS"
"Td00001aa004731",-0.199248785720327,-0.388437914849707,0.819435377279998,"NS","NS","NS"
"Td00001aa004734",-0.41491273771542,-0.311225768377007,0.710433100676174,"NS","NS","NS"
"Td00001aa004735",-0.307466986370713,0.192550522097493,0.912103012615864,"NS","NS","NS"
"Td00001aa004745",0.549298138926807,0.189032057984485,0.902926940590683,"NS","NS","NS"
"Td00001aa004757",-0.240494708305026,0.319206897822828,0.593812480761585,"NS","NS","NS"
"Td00001aa004786",0.517573998132518,0.304767616434581,0.688661789274015,"NS","NS","NS"
"Td00001aa004794",0.065153159774635,0.0909936285050673,0.936292542455544,"NS","NS","NS"
"Td00001aa004803",-0.210450997554702,0.304652924587158,0.880637200790202,"NS","NS","NS"
"Td00001aa004811",-0.148901845692065,1.01989872077549,0.42391510518234,"NS","NS","NS"
"Td00001aa004834",-0.343127581941566,-0.926645931064174,0.180958664860027,"NS","NS","NS"
"Td00001aa004866",0.151428892200849,-0.000853232781177213,0.999799399397698,"NS","NS","NS"
"Td00001aa004869",0.950765859192958,-0.102895806145275,0.891817581388789,"NS","NS","NS"
"Td00001aa004878",-0.172910285965335,0.298618361093214,0.788338830171754,"NS","NS","NS"
"Td00001aa004886",0.0823337548360095,0.608843623545925,0.692862577054187,"NS","NS","NS"
"Td00001aa004913",0.033102142733176,0.723509587722782,0.25078905384996,"NS","NS","NS"
"Td00001aa004916",0.339097537191498,-0.0160271727919338,0.990806153186408,"NS","NS","NS"
"Td00001aa004922",0.135227444893004,0.041947328581176,0.982399286396605,"NS","NS","NS"
"Td00001aa004930",0.0382892324918765,-0.565453473923745,0.610324116170579,"NS","NS","NS"
"Td00001aa004942",-0.0791563040311593,0.367650501657373,0.775070812263141,"NS","NS","NS"
"Td00001aa004962",-0.33379562842711,-0.326329456680625,0.821385525540274,"NS","NS","NS"
"Td00001aa004979",0.213001949164072,0.462628487740261,0.495217605972182,"NS","NS","NS"
"Td00001aa005001",0.0849311049229955,0.59508160948992,0.641895824215262,"NS","NS","NS"
"Td00001aa005018",-0.208114341100807,-1.17482536422661,NA,"NS",NA,"NS"
"Td00001aa005088",-0.160310311607912,-0.263186964969334,0.799814316965365,"NS","NS","NS"
"Td00001aa005106",-0.17591918536751,-0.561709798903633,0.664022792049946,"NS","NS","NS"
"Td00001aa005115",-0.101064859838061,-0.395426140600754,0.832055110834072,"NS","NS","NS"
"Td00001aa005150",0.0218191575144732,0.867636196988172,0.357257674888174,"NS","NS","NS"
"Td00001aa005153",0.332913970337097,0.099450408268533,0.938486742754342,"NS","NS","NS"
"Td00001aa005184",-1.09144295248029,-0.557808967993423,0.63175975832345,"Down","NS","NS"
"Td00001aa005203",-0.131274484158322,-0.402997197767983,0.656440257274316,"NS","NS","NS"
"Td00001aa005205",0.0834804027621951,-0.277297089807234,0.948693815464214,"NS","NS","NS"
"Td00001aa005230",-1.88973813171958,-0.0121698372796238,0.996977672079394,"Down","NS","NS"
"Td00001aa005231",-0.015528004241677,0.437290586233411,0.689391887539863,"NS","NS","NS"
"Td00001aa005240",-0.275007598500261,-0.127781175753912,0.952074708689506,"NS","NS","NS"
"Td00001aa005256",-0.0435829766734882,0.291841886098151,0.846801711304126,"NS","NS","NS"
"Td00001aa005266",-0.164728181767112,0.0929912959744759,0.944731846087896,"NS","NS","NS"
"Td00001aa005316",-0.603891871171035,0.0700320399659609,0.969455652331111,"NS","NS","NS"
"Td00001aa005362",-0.134479755920841,0.0943198753898013,0.952087736678124,"NS","NS","NS"
"Td00001aa005386",0.340406368534965,-0.34367123456169,0.737889547438192,"NS","NS","NS"
"Td00001aa005388",0.086860531086347,0.182651243456367,0.850440429629488,"NS","NS","NS"
"Td00001aa005408",0.51950855661044,-0.676697392131971,0.71669199904616,"NS","NS","NS"
"Td00001aa005420",-0.276530308616294,0.447236767993,0.641822721641916,"NS","NS","NS"
"Td00001aa005444",-1.47411495836505,0.682819850523425,0.105153577147301,"Down","NS","NS"
"Td00001aa005455",-0.549318890055854,0.691043757441008,0.372363742309285,"NS","NS","NS"
"Td00001aa005464",-0.251977355240844,-0.116496744660237,0.892279267556406,"NS","NS","NS"
"Td00001aa005467",-0.737422825150343,-0.057230784195425,0.965406682807281,"NS","NS","NS"
"Td00001aa005489",-0.404600050595925,-0.00617697039162587,0.997993957930103,"NS","NS","NS"
"Td00001aa005500",0.533540889223114,0.28564817062233,0.897064370078886,"NS","NS","NS"
"Td00001aa005503",0.399504035986395,-0.0142878499690999,0.992951721014005,"NS","NS","NS"
"Td00001aa005508",-0.276152149931588,0.104506785268528,0.945275967574406,"NS","NS","NS"
"Td00001aa005535",-0.571443431898334,-1.22368292914715,0.371993662674388,"NS","NS","NS"
"Td00001aa005553",-0.44762349340069,-0.629447042389842,0.566474342867905,"NS","NS","NS"
"Td00001aa005585",-0.284371828811702,-0.116532412382357,0.906307168067275,"NS","NS","NS"
"Td00001aa005591",-0.223070945337219,-0.217192177710667,0.900291120547415,"NS","NS","NS"
"Td00001aa005598",-0.0774939713029524,-0.000568639525806625,0.999799399397698,"NS","NS","NS"
"Td00001aa005601",0.427271867014424,1.91848709012977,0.00826553652838357,"NS","Up","NS"
"Td00001aa005618",-0.798472660880441,-0.163674951717738,0.935507862086059,"NS","NS","NS"
"Td00001aa005634",-0.14326738802574,0.566531062098286,0.413953109242506,"NS","NS","NS"
"Td00001aa005636",0.129321945815583,-0.175053584013423,0.905199770881259,"NS","NS","NS"
"Td00001aa005646",-0.027196120893031,0.143640309163445,0.918457455246592,"NS","NS","NS"
"Td00001aa005658",-0.257760540469613,-0.1289809718284,0.935964261125108,"NS","NS","NS"
"Td00001aa005664",0.0114272470773654,0.270517125509862,0.804159179682897,"NS","NS","NS"
"Td00001aa005677",0.0182809968809833,-0.322733573143274,0.7718256555798,"NS","NS","NS"
"Td00001aa005690",0.0839201238228858,-0.370529188099699,0.850949558133994,"NS","NS","NS"
"Td00001aa005694",-0.606390816515201,-0.0387329323940586,0.984609770749054,"NS","NS","NS"
"Td00001aa005698",-0.050407774282027,1.68526894423389,0.580506626295244,"NS","NS","NS"
"Td00001aa005711",0.197870939582494,-0.0364853840896226,0.985272952358706,"NS","NS","NS"
"Td00001aa005723",-0.202674822243218,0.186809041349221,0.839478495494032,"NS","NS","NS"
"Td00001aa005725",-0.042215527465324,-0.978179173108673,0.304815335361771,"NS","NS","NS"
"Td00001aa005745",-0.108347710457229,-0.295934211858106,NA,"NS","NS","NS"
"Td00001aa005755",-0.267465499928404,-0.13114005301922,0.946120878766874,"NS","NS","NS"
"Td00001aa005757",-0.0735774319551663,-0.526835687042216,0.739906461469853,"NS","NS","NS"
"Td00001aa005796",0.353673759890975,0.0473660908935113,0.974498817902916,"NS","NS","NS"
"Td00001aa005799",-0.125036207293138,-0.0111044930631264,0.996532332983366,"NS","NS","NS"
"Td00001aa005805",-0.320335738584359,0.306474629133296,NA,"NS","NS","NS"
"Td00001aa005806",-0.608725181781975,-0.395248664053008,0.819347767571278,"NS","NS","NS"
"Td00001aa005818",-0.0442206102422425,-0.775130637272324,0.393511530509404,"NS","NS","NS"
"Td00001aa005860",-0.0640996176446087,-0.00614798495715753,0.998395734870424,"NS","NS","NS"
"Td00001aa005892",0.042749296166206,0.640484792790161,0.523930321578802,"NS","NS","NS"
"Td00001aa005911",-0.781959936309723,0.902510332541693,0.58637218406964,"NS","NS","NS"
"Td00001aa005913",0.98220932635467,0.448128515507592,0.775225311320066,"NS","NS","NS"
"Td00001aa005921",-0.271513819816907,0.231928626512669,0.908477557312577,"NS","NS","NS"
"Td00001aa005930",0.0049341976214575,0.225596785569195,0.804927200075307,"NS","NS","NS"
"Td00001aa005934",-0.0637554158688325,-0.0581599720939773,0.979312101963716,"NS","NS","NS"
"Td00001aa005944",-0.427061454373839,0.103422024242201,0.950990621344678,"NS","NS","NS"
"Td00001aa005976",-0.364824592328755,-0.401649040540011,0.691684800198227,"NS","NS","NS"
"Td00001aa005997",-0.0187334763412386,0.274928384159829,0.878787883179051,"NS","NS","NS"
"Td00001aa006013",0.184974848929357,0.185465599937493,0.866589005686895,"NS","NS","NS"
"Td00001aa006065",1.01265332415387,0.515519489473616,0.90303899375658,"Up","NS","NS"
"Td00001aa006108",-0.728307610673211,0.121718037474691,0.915270969896872,"NS","NS","NS"
"Td00001aa006129",-0.287874580898762,-0.0243846365090834,0.985606381756558,"NS","NS","NS"
"Td00001aa006168",-0.0881826523247875,1.04777392887938,0.0844495569373259,"NS","NS","NS"
"Td00001aa006196",0.150544541043876,-0.961669660802163,0.0485403678274228,"NS","NS","NS"
"Td00001aa006197",-0.0882239437863558,1.01669010854593,0.158018505678254,"NS","NS","NS"
"Td00001aa006198",-0.540643244022632,-0.32817463849306,0.91288936501636,"NS","NS","NS"
"Td00001aa006199",-0.378421838826633,-0.223077262604835,0.853809013751517,"NS","NS","NS"
"Td00001aa006225",0.155186959492019,0.0578644512402261,0.966427205178415,"NS","NS","NS"
"Td00001aa006231",-0.41111362216213,0.0692099697136527,0.964395890537398,"NS","NS","NS"
"Td00001aa006258",0.0271130352881195,0.726039869064213,0.393511530509404,"NS","NS","NS"
"Td00001aa006273",-1.05081632811491,-0.477757004302465,0.91502754153148,"Down","NS","NS"
"Td00001aa006274",-0.782049908359043,0.324842302618773,0.801928317798123,"NS","NS","NS"
"Td00001aa006283",-0.211993854940482,-0.250297812435293,0.88333338752786,"NS","NS","NS"
"Td00001aa006291",-0.39192936592906,-0.0122590522570792,0.996230195986699,"NS","NS","NS"
"Td00001aa006308",-0.318709777524261,0.918056488929335,0.645990311774764,"NS","NS","NS"
"Td00001aa006317",0.334856221204031,0.432023890533743,0.64553979633453,"NS","NS","NS"
"Td00001aa006318",-0.62212849710554,-1.44759994721256,0.0325465105030462,"NS","Down","NS"
"Td00001aa006342",-0.252756416535656,0.163129786803591,0.895354641832483,"NS","NS","NS"
"Td00001aa006360",0.421514188635589,-0.0074380423081111,0.996230195986699,"NS","NS","NS"
"Td00001aa006367",0.0284913274367625,-0.0769799561927879,0.963564300507169,"NS","NS","NS"
"Td00001aa006372",-0.79558932176823,0.0967273573841949,0.957691538659208,"NS","NS","NS"
"Td00001aa006382",-0.597036644091412,0.167291347033889,0.862711167447265,"NS","NS","NS"
"Td00001aa006447",-0.271725361773173,0.0221670058977544,0.986418762746932,"NS","NS","NS"
"Td00001aa006454",-0.194273365039202,0.533788801700485,0.666033270515189,"NS","NS","NS"
"Td00001aa006468",0.147942863645463,-0.325903344826595,0.879249879564469,"NS","NS","NS"
"Td00001aa006493",-0.0584038480316031,-0.773377897455993,0.581079915347058,"NS","NS","NS"
"Td00001aa006501",-0.310402690440426,0.00628100344943257,0.998395734870424,"NS","NS","NS"
"Td00001aa006513",-0.242635638880924,-0.222720188877432,0.864004655306577,"NS","NS","NS"
"Td00001aa006532",1.32802180958545,0.540888626040891,0.827554715801423,"NS","NS","NS"
"Td00001aa006536",-1.27880579796944,-0.234501138200413,0.852552849880967,"Down","NS","NS"
"Td00001aa006561",-0.0256446987778,-0.48597951742403,0.263663232818776,"NS","NS","NS"
"Td00001aa006588",-0.223678255713727,0.635609872277745,0.474304532981511,"NS","NS","NS"
"Td00001aa006589",0.905138477148673,0.017564339353573,0.996230195986699,"NS","NS","NS"
"Td00001aa006630",-0.020711355411373,0.16795372010244,0.900005500519384,"NS","NS","NS"
"Td00001aa006669",-0.152315913973,-0.13545015056453,0.952789380360767,"NS","NS","NS"
"Td00001aa006670",0.213021601821896,-0.00391444701751743,0.999242617718054,"NS","NS","NS"
"Td00001aa006676",-0.166215394052842,-0.207743672381401,0.915668560699143,"NS","NS","NS"
"Td00001aa006718",0.205029680671651,0.112934272846879,0.931006675021126,"NS","NS","NS"
"Td00001aa006740",0.0577327943776953,1.41058826563208,0.591391265828847,"NS","NS","NS"
"Td00001aa006742",0.337808981000164,-1.10747441612095,0.0705062562239661,"NS","NS","NS"
"Td00001aa006749",-0.290136965972069,-0.227630984425495,0.893329715869764,"NS","NS","NS"
"Td00001aa006763",0.0257574432566455,-0.0812777744931079,0.956957999041793,"NS","NS","NS"
"Td00001aa006764",0.009335861005762,0.118197301591946,0.933381324622729,"NS","NS","NS"
"Td00001aa006775",-0.192748648436004,-0.00830057832083119,0.997752186614103,"NS","NS","NS"
"Td00001aa006778",-0.0186501954139825,0.113152790308542,0.970086212523898,"NS","NS","NS"
"Td00001aa006801",-0.398755697492005,-2.81589324083557,0.0179553186409665,"NS","Down","NS"
"Td00001aa006823",0.0740881514904355,-0.114010143971777,0.910560316058334,"NS","NS","NS"
"Td00001aa006829",-0.294954485699499,0.112842308527585,0.963527318921055,"NS","NS","NS"
"Td00001aa006830",-0.0302897783587325,-0.199112164821633,0.828459121614962,"NS","NS","NS"
"Td00001aa006833",0.0937500669991835,-0.474851063305005,0.746649048937286,"NS","NS","NS"
"Td00001aa006835",-0.0062289301659187,0.31050335856273,0.912321400938249,"NS","NS","NS"
"Td00001aa006869",-0.568358191958786,-1.26695349550789,0.204693444002391,"NS","NS","NS"
"Td00001aa006888",0.117853865365186,0.35419726129749,0.736156012951984,"NS","NS","NS"
"Td00001aa006889",-0.244578679623536,-0.408448125395349,0.747221457901283,"NS","NS","NS"
"Td00001aa006933",-0.262015866084978,0.247428750469868,0.829340357916405,"NS","NS","NS"
"Td00001aa006947",0.0699798877451002,-0.169461561761796,0.930793150185812,"NS","NS","NS"
"Td00001aa006949",-0.473590968379302,0.33046533142409,0.832277030358542,"NS","NS","NS"
"Td00001aa006961",0.966588072616506,1.8729210384877,0.0153658762502894,"NS","Up","NS"
"Td00001aa006965",0.386018344850147,-0.229967240371628,0.831036006330612,"NS","NS","NS"
"Td00001aa006970",0.283418442513355,0.283727830074449,0.730273333661616,"NS","NS","NS"
"Td00001aa006981",0.0885325609656029,0.0247410892457895,0.988345132664258,"NS","NS","NS"
"Td00001aa006982",0.124619650104209,1.65449704732057,NA,"NS",NA,"NS"
"Td00001aa006985",0.048193770289251,-0.257532967606896,0.852322025479801,"NS","NS","NS"
"Td00001aa007000",-0.404130447829827,-1.62786933103085,0.399559911738432,"NS","NS","NS"
"Td00001aa007009",0.135353036016332,0.0318963000453,0.979312101963716,"NS","NS","NS"
"Td00001aa007012",-0.583548386813841,-0.0584175905950537,0.970792045569033,"NS","NS","NS"
"Td00001aa007022",1.65456981404046,0.00656932935138381,0.999113572719664,"Up","NS","NS"
"Td00001aa007062",1.00747916244087,0.322057611522391,0.775346886151027,"Up","NS","NS"
"Td00001aa007066",0.106463510337223,-0.117487742829664,0.935964261125108,"NS","NS","NS"
"Td00001aa007068",0.0329804792090784,0.167028998035773,0.906064911429333,"NS","NS","NS"
"Td00001aa007081",0.362048358544981,-0.156888801366692,0.951552466197777,"NS","NS","NS"
"Td00001aa007117",-0.0182298880549905,0.105973779761269,0.942903984492248,"NS","NS","NS"
"Td00001aa007123",-0.708005109631213,-0.189719714659004,0.953754406311499,"NS","NS","NS"
"Td00001aa007126",0.165678132564859,0.242713805543287,0.885360751207859,"NS","NS","NS"
"Td00001aa007144",-0.294334149746967,-0.0419998771857956,0.983722809956314,"NS","NS","NS"
"Td00001aa007167",-0.496545122193779,0.014939671974145,0.992944727172429,"NS","NS","NS"
"Td00001aa007172",-0.328062841934561,0.705945887402944,0.583735845084377,"NS","NS","NS"
"Td00001aa007177",0.029569017232028,0.136762731695768,0.93390353383022,"NS","NS","NS"
"Td00001aa007190",-0.161440538782608,-0.310196541922072,0.761849733228056,"NS","NS","NS"
"Td00001aa007203",0.265654490115074,-0.0859929373719989,0.965548850899249,"NS","NS","NS"
"Td00001aa007204",0.0795169266852572,1.12559476648027,0.101693671779265,"NS","NS","NS"
"Td00001aa007217",1.75260345634146,1.09890034327385,0.226409299636946,"Up","NS","NS"
"Td00001aa007283",-0.207688568843702,0.0301076761459554,0.985490431879645,"NS","NS","NS"
"Td00001aa007287",-0.0834342694131531,-0.214769821905429,0.931006675021126,"NS","NS","NS"
"Td00001aa007318",-0.327953150525891,0.0267098063627534,0.985195360242964,"NS","NS","NS"
"Td00001aa007321",0.211737662278366,-1.12352722424274,0.341714990574066,"NS","NS","NS"
"Td00001aa007322",0.484520269050682,-1.15504539955065,0.198886992380379,"NS","NS","NS"
"Td00001aa007331",0.037499757072239,1.3315114929235,0.0670700620280557,"NS","NS","NS"
"Td00001aa007346",0.0500644735717945,0.271182289030952,0.647424755355378,"NS","NS","NS"
"Td00001aa007364",0.113929288869562,1.03097789496346,0.631536046190268,"NS","NS","NS"
"Td00001aa007365",-0.272027006783893,-0.258994480637912,0.862044886950696,"NS","NS","NS"
"Td00001aa007401",-0.463266493334282,0.279966544414299,0.768368578911762,"NS","NS","NS"
"Td00001aa007403",-0.2625530685321,-0.591344396510411,0.583907342802963,"NS","NS","NS"
"Td00001aa007428",-0.354071088156166,-0.177356151919126,0.928050720202042,"NS","NS","NS"
"Td00001aa007432",0.530278399194468,0.00820952589971712,0.995002580883499,"NS","NS","NS"
"Td00001aa007436",-0.328141536144989,-0.788577954802108,0.290678595957564,"NS","NS","NS"
"Td00001aa007450",0.110301601574648,0.460724466376363,0.542775579874788,"NS","NS","NS"
"Td00001aa007459",0.246786398571809,-0.134224737644765,0.913685070348144,"NS","NS","NS"
"Td00001aa007462",-0.437680768910346,0.0220886378820504,0.992094157768143,"NS","NS","NS"
"Td00001aa007521",-0.384214187558463,-0.167062645093556,0.919396385781526,"NS","NS","NS"
"Td00001aa007531",-0.0579710335374847,0.205753255546133,0.788338830171754,"NS","NS","NS"
"Td00001aa007539",-0.497774070969164,-0.228703788279506,0.825445464362875,"NS","NS","NS"
"Td00001aa007568",-0.0722742334932181,0.170789714462355,0.926395542952239,"NS","NS","NS"
"Td00001aa007571",-0.03526581285447,0.994118731024833,0.133160834467092,"NS","NS","NS"
"Td00001aa007572",-0.331700477517822,-0.266902937123211,0.816762611034045,"NS","NS","NS"
"Td00001aa007574",0.436021626938792,-0.141033252449761,0.884638323498372,"NS","NS","NS"
"Td00001aa007581",0.107231030776873,-0.521901330354532,0.631893022284105,"NS","NS","NS"
"Td00001aa007592",-0.29169101862697,-0.3888883364525,0.8559588146961,"NS","NS","NS"
"Td00001aa007611",0.236302724601157,-0.0208746788219303,0.995761474322349,"NS","NS","NS"
"Td00001aa007619",-0.724093752126139,0.0237530893531548,0.988135583379951,"NS","NS","NS"
"Td00001aa007621",0.211721568249346,-0.496816084073519,0.673637767986762,"NS","NS","NS"
"Td00001aa007649",0.17446692255785,0.169020121656479,0.943964480906315,"NS","NS","NS"
"Td00001aa007674",-0.156970864541157,0.196793146522331,0.849354872709913,"NS","NS","NS"
"Td00001aa007711",-0.194157537280177,-0.118058473354595,0.914425231422734,"NS","NS","NS"
"Td00001aa007714",0.495938240926537,0.638239687821493,0.825445464362875,"NS","NS","NS"
"Td00001aa007740",0.219690045657853,0.339856290346404,0.773473331836734,"NS","NS","NS"
"Td00001aa007754",0.378996878113352,0.268913112106357,0.896667908026468,"NS","NS","NS"
"Td00001aa007769",-0.813968159270392,-0.0743075338708626,0.962289609356692,"NS","NS","NS"
"Td00001aa007790",0.0912671573698013,0.204500942707961,0.862304429406709,"NS","NS","NS"
"Td00001aa007819",0.582065880025967,-0.281038010386398,0.765218783113735,"NS","NS","NS"
"Td00001aa007835",-0.0099111162344715,0.219129120511854,0.92771494656932,"NS","NS","NS"
"Td00001aa007838",0.0824794570648494,0.0775653132049356,0.968183079646372,"NS","NS","NS"
"Td00001aa007848",0.378809296803141,-0.349775789693598,0.779070581659682,"NS","NS","NS"
"Td00001aa007867",1.15747064281655,0.957983382730148,0.087998757428279,"Up","NS","NS"
"Td00001aa007870",-0.0331539577656173,-0.453726245724663,0.525558849085522,"NS","NS","NS"
"Td00001aa007882",-0.212845293418559,0.433011164448717,0.785681750341858,"NS","NS","NS"
"Td00001aa007890",-0.152561941700324,0.179902244868928,0.883299429812193,"NS","NS","NS"
"Td00001aa007891",0.449442051067297,0.643852346545188,0.199190851549612,"NS","NS","NS"
"Td00001aa007892",0.37334488485301,-1.34511969534336,0.404802135450068,"NS","NS","NS"
"Td00001aa007925",-0.32785607695207,0.725503924487155,0.488512409652031,"NS","NS","NS"
"Td00001aa007926",-0.15858290490429,0.0600088240424432,0.96477679781279,"NS","NS","NS"
"Td00001aa007963",-0.201082516026846,0.0135916286488953,0.993679101172403,"NS","NS","NS"
"Td00001aa007977",0.0492424709017465,0.222006556562914,0.748062026806712,"NS","NS","NS"
"Td00001aa007989",0.0282192858522339,-0.877569489046821,0.216235583813832,"NS","NS","NS"
"Td00001aa007990",-0.0177993648502119,1.27845176828711,0.0712590701857571,"NS","NS","NS"
"Td00001aa007991",-0.872565426107587,-0.203274844114289,0.921233018795967,"NS","NS","NS"
"Td00001aa007992",1.64558839228266,0.647173286162676,0.523091095898671,"Up","NS","NS"
"Td00001aa007999",-0.179385407019228,0.641970661323599,0.496765815319575,"NS","NS","NS"
"Td00001aa008061",-0.0927702510659894,-8.003879623677e-05,0.99994742885288,"NS","NS","NS"
"Td00001aa008086",-0.720189736015189,-0.469539538354494,0.752676531108393,"NS","NS","NS"
"Td00001aa008108",0.0372881840430965,-0.269614180677843,0.895354641832483,"NS","NS","NS"
"Td00001aa008122",0.262997108113392,0.442156024223115,0.753643493351002,"NS","NS","NS"
"Td00001aa008136",-0.94017150614821,-1.00210712201869,0.340866358145042,"NS","NS","NS"
"Td00001aa008141",-0.522269745223261,-0.118864334295823,0.93122031821433,"NS","NS","NS"
"Td00001aa008154",-0.211435882736267,0.0194714312164992,0.991420849665787,"NS","NS","NS"
"Td00001aa008180",-0.261166747993342,0.0284968962128788,0.986418762746932,"NS","NS","NS"
"Td00001aa008230",0.331355505017224,1.28310952629785,0.217056377553617,"NS","NS","NS"
"Td00001aa008258",0.851342787309141,-0.0577596623163006,0.962557087320192,"NS","NS","NS"
"Td00001aa008265",-0.0281965253615645,-0.198022229030165,0.870315139552886,"NS","NS","NS"
"Td00001aa008295",0.584593969721198,-0.978721607008369,0.347282598237523,"NS","NS","NS"
"Td00001aa008396",-0.682386719490468,-1.71261115424729,0.194420777351577,"NS","NS","NS"
"Td00001aa008406",-0.533670279846948,0.00403508344422859,0.998395734870424,"NS","NS","NS"
"Td00001aa008429",0.749482701350304,0.404846509688406,0.604378395253199,"NS","NS","NS"
"Td00001aa008463",-0.172195642988314,0.00539772594941721,0.998395734870424,"NS","NS","NS"
"Td00001aa008476",-0.235115158523365,-0.381020180967832,0.732710739693443,"NS","NS","NS"
"Td00001aa008487",-0.650958641228674,-0.549308513534718,0.744677061277807,"NS","NS","NS"
"Td00001aa008491",-1.86061560469473,-0.407970088572364,0.657923263841499,"Down","NS","NS"
"Td00001aa008501",0.649100847260194,-1.06834686948188,0.12954198386345,"NS","NS","NS"
"Td00001aa008517",-0.154602128454703,0.517264428549801,0.730662961234208,"NS","NS","NS"
"Td00001aa008566",-0.423203454758554,-0.363390504867684,0.795074604132388,"NS","NS","NS"
"Td00001aa008587",0.0398586806077003,1.28762666989756,0.308182558596449,"NS","NS","NS"
"Td00001aa008599",-0.21465849128779,0.00505398678283224,0.998395734870424,"NS","NS","NS"
"Td00001aa008627",-0.0752867786565263,0.0133885159806041,0.993358903545018,"NS","NS","NS"
"Td00001aa008659",-0.189023484205877,-0.176217816299299,0.886193982674326,"NS","NS","NS"
"Td00001aa008665",0.169829444206962,-0.598656215698721,0.63952914092205,"NS","NS","NS"
"Td00001aa008673",-0.0316056577863998,-0.735117011338352,0.685340887757718,"NS","NS","NS"
"Td00001aa008679",0.522061306770154,-0.639045239693506,0.361020367912732,"NS","NS","NS"
"Td00001aa008702",-0.372656810454643,-0.627103591205301,0.434964974650159,"NS","NS","NS"
"Td00001aa008764",-0.107288050156424,0.117064487347934,0.944731846087896,"NS","NS","NS"
"Td00001aa008781",-0.318248289722305,-0.223817870836222,0.945774382360517,"NS","NS","NS"
"Td00001aa008783",0.010614971699292,0.456490831306995,0.549659106307351,"NS","NS","NS"
"Td00001aa008789",-0.778032242263677,-0.247323430462921,0.858289468211861,"NS","NS","NS"
"Td00001aa008824",0.0436837456063215,-0.861260428765142,0.437643445182567,"NS","NS","NS"
"Td00001aa008852",-0.303228993415945,-0.205616631184747,0.866197889060028,"NS","NS","NS"
"Td00001aa008860",-0.796662056405259,0.370138626129064,0.584262194198082,"NS","NS","NS"
"Td00001aa008864",1.5884248376837,0.916442530294568,0.804777868991182,"Up","NS","NS"
"Td00001aa008865",-0.205270786560714,-0.462459826187831,0.72946774756735,"NS","NS","NS"
"Td00001aa008869",-0.217803395485617,0.12509705979879,0.934366898600999,"NS","NS","NS"
"Td00001aa008936",-0.38509144627454,-0.57675620585739,0.790257790428887,"NS","NS","NS"
"Td00001aa008975",0.277682595193475,0.379994743243198,0.752349817537873,"NS","NS","NS"
"Td00001aa008981",0.0831559589520686,0.507454375110373,0.600821626483326,"NS","NS","NS"
"Td00001aa008985",2.10646340513115,1.56599899634724,NA,"Up",NA,NA
"Td00001aa009000",-0.22015242007356,-0.0653208885894492,0.974498817902916,"NS","NS","NS"
"Td00001aa009031",0.116445435603169,0.754449059536201,0.610566325893871,"NS","NS","NS"
"Td00001aa009039",0.0734937318995035,-0.636229737129966,0.342230047704622,"NS","NS","NS"
"Td00001aa009047",-0.27400777938241,0.331880240256467,0.724615356060617,"NS","NS","NS"
"Td00001aa009051",0.162113725593767,0.0795964908218006,0.966079435769483,"NS","NS","NS"
"Td00001aa009055",0.346596925779153,0.517307223321622,0.652000589737153,"NS","NS","NS"
"Td00001aa009066",0.421459122697338,0.943722128410459,0.253492085380186,"NS","NS","NS"
"Td00001aa009076",-0.426892954301098,0.0706882071568436,0.964267594774234,"NS","NS","NS"
"Td00001aa009109",-0.0127968791589163,0.346151263807057,0.75323004182703,"NS","NS","NS"
"Td00001aa009125",-1.22058572143941,-0.549536388120236,0.577693800140573,"Down","NS","NS"
"Td00001aa009131",-0.510232519565955,-1.18130121602906,0.379805360844473,"NS","NS","NS"
"Td00001aa009148",-0.139498773496999,0.0985904069872046,0.920367039123735,"NS","NS","NS"
"Td00001aa009183",0.307940827957662,-0.155134094022756,NA,"NS","NS","NS"
"Td00001aa009191",-0.180747057438829,0.529480026015618,0.690036370138009,"NS","NS","NS"
"Td00001aa009221",0.82622769229423,4.82693842415531,0.047984534758411,"NS","Up","NS"
"Td00001aa009228",0.174421266160575,1.11271513386249,0.233271692226425,"NS","NS","NS"
"Td00001aa009257",-0.0788631918640995,0.15670021387179,0.921233018795967,"NS","NS","NS"
"Td00001aa009265",0.457555507697356,-0.146980768422456,0.964035521868802,"NS","NS","NS"
"Td00001aa009285",0.41426309785661,-0.264401097768321,0.846558957777523,"NS","NS","NS"
"Td00001aa009323",-0.092595877910071,-0.284125781190883,0.809735469012938,"NS","NS","NS"
"Td00001aa009353",0.828527209627878,0.160116683303492,0.897008363075768,"NS","NS","NS"
"Td00001aa009397",-0.121325532630519,-0.938405733721551,NA,"NS","NS","NS"
"Td00001aa009459",-0.468153174145635,0.710624666305878,0.760642178726483,"NS","NS","NS"
"Td00001aa009514",0.302258525607428,0.108613322364249,0.945275967574406,"NS","NS","NS"
"Td00001aa009539",-0.524183313181797,0.0561363284269851,0.970802227941334,"NS","NS","NS"
"Td00001aa009543",0.267706448618408,-0.168277787471891,0.885360751207859,"NS","NS","NS"
"Td00001aa009544",-0.0377887154374499,-0.159545355129307,0.882379592866017,"NS","NS","NS"
"Td00001aa009571",-0.344294229627207,-1.21415041813467,0.197692600667496,"NS","NS","NS"
"Td00001aa009575",-1.4756441480851,-0.534442815274781,0.553324264815674,"Down","NS","NS"
"Td00001aa009577",-0.286931204196335,-0.185298425349988,0.860452477887894,"NS","NS","NS"
"Td00001aa009581",-1.30191054407563,-0.268219739588243,0.848358854147091,"Down","NS","NS"
"Td00001aa009603",0.563888321071312,-0.12548852088127,0.894325115828977,"NS","NS","NS"
"Td00001aa009655",-0.157281058310925,-1.95411121827491,0.02032516520551,"NS","Down","NS"
"Td00001aa009662",0.109068540774964,0.328465923983761,0.746185830499427,"NS","NS","NS"
"Td00001aa009663",0.00450935574627651,-0.236328598757535,0.870086692545197,"NS","NS","NS"
"Td00001aa009680",-0.983866331320635,0.141180674812789,0.895714946389478,"NS","NS","NS"
"Td00001aa009691",0.160451910758448,-0.0648299958648126,0.960628238271609,"NS","NS","NS"
"Td00001aa009697",-0.265153834173698,0.590649684558304,0.63676689336716,"NS","NS","NS"
"Td00001aa009712",-0.587621628066752,0.350155637540199,0.897008363075768,"NS","NS","NS"
"Td00001aa009740",-0.18561175010214,0.382967203004205,0.741973950769101,"NS","NS","NS"
"Td00001aa009764",-0.632431526064166,-0.00624731088602173,0.998082694425546,"NS","NS","NS"
"Td00001aa009855",-0.20110948474988,-0.0127744448760288,0.993174265878608,"NS","NS","NS"
"Td00001aa009871",0.0982809547001017,-0.0672451378576492,0.949768403354627,"NS","NS","NS"
"Td00001aa009874",1.02171028275205,0.336546616628909,0.799814316965365,"Up","NS","NS"
"Td00001aa009886",-0.364996748877217,0.767345081018482,0.382292960272123,"NS","NS","NS"
"Td00001aa009915",0.056545336156666,0.418853275986954,0.594944089276098,"NS","NS","NS"
"Td00001aa009918",0.613698597428143,-0.280017315137408,0.891110209764905,"NS","NS","NS"
"Td00001aa009947",0.0029512551490456,0.553704187289196,0.598607789741327,"NS","NS","NS"
"Td00001aa009977",-0.053516088254444,-0.529553490649093,0.590100186033762,"NS","NS","NS"
"Td00001aa009986",0.12755812022827,-0.146439826412608,0.878079959286599,"NS","NS","NS"
"Td00001aa010029",-0.0135739297414319,-0.571722053212205,0.850579599892316,"NS","NS","NS"
"Td00001aa010032",-0.168289477782726,-1.11078152255943,0.212862918680383,"NS","NS","NS"
"Td00001aa010033",0.10175592774408,0.24760389404506,0.743921688852318,"NS","NS","NS"
"Td00001aa010052",0.185773214109581,0.174740433813943,0.852352245523167,"NS","NS","NS"
"Td00001aa010057",-0.293241467555464,-0.903586532559807,0.342701688941898,"NS","NS","NS"
"Td00001aa010067",-0.497504297461918,-0.0161292486553173,0.994277394501879,"NS","NS","NS"
"Td00001aa010082",-0.0275480104097603,-0.351943826125723,0.799784127316739,"NS","NS","NS"
"Td00001aa010087",0.654515081925169,0.658783856678308,0.604274685164204,"NS","NS","NS"
"Td00001aa010167",-0.263170514377282,0.260658672237035,0.866782570422072,"NS","NS","NS"
"Td00001aa010169",0.424281676090603,-0.135218798323445,0.914425231422734,"NS","NS","NS"
"Td00001aa010182",-0.204187041719276,-0.0184216690655148,0.990534694808106,"NS","NS","NS"
"Td00001aa010207",-0.220317146765915,-0.060913090354576,0.980584128558817,"NS","NS","NS"
"Td00001aa010215",0.0112751116685019,0.442418843344165,0.689523515713235,"NS","NS","NS"
"Td00001aa010260",-0.290799482549163,0.247249694899538,0.855305235060936,"NS","NS","NS"
"Td00001aa010289",-0.0185311481268935,0.388561564762931,0.721802476937209,"NS","NS","NS"
"Td00001aa010296",-0.162374251284552,-0.699427806516355,0.723400824792349,"NS","NS","NS"
"Td00001aa010338",0.070656319890316,0.227567470914781,0.881114052183514,"NS","NS","NS"
"Td00001aa010339",0.414012409225718,1.4613305510326,0.00297309798885687,"NS","Up","NS"
"Td00001aa010356",-0.000376804326560197,0.115458668369016,0.94717594756067,"NS","NS","NS"
"Td00001aa010371",-0.0728298168011498,-1.13158043726335,0.135080611219762,"NS","NS","NS"
"Td00001aa010378",-0.497906593782228,0.594413809981711,0.493672943654326,"NS","NS","NS"
"Td00001aa010388",-0.496732893096207,0.250771695334505,0.799814316965365,"NS","NS","NS"
"Td00001aa010414",0.385064446255468,-0.206021544702465,0.824244979783318,"NS","NS","NS"
"Td00001aa010418",0.273632840398882,0.0779227592850364,0.934846529168422,"NS","NS","NS"
"Td00001aa010440",-0.148337086454814,-0.846386403622781,0.615903351038322,"NS","NS","NS"
"Td00001aa010462",-0.00205838448437555,0.982472005156347,0.0212440396701409,"NS","NS","NS"
"Td00001aa010482",-0.023603619276941,0.136364788684384,0.956829898062955,"NS","NS","NS"
"Td00001aa010545",-0.10959202708234,1.14919125206363,0.400417269387066,"NS","NS","NS"
"Td00001aa010562",-0.129992853919725,-0.659155800783268,NA,"NS","NS","NS"
"Td00001aa010569",-0.555287114272641,0.166639178396142,0.909963585695471,"NS","NS","NS"
"Td00001aa010573",0.0608450162577587,0.200869185084906,0.857642489698742,"NS","NS","NS"
"Td00001aa010575",0.0750558651483537,0.11844911383813,0.934822380541468,"NS","NS","NS"
"Td00001aa010578",0.129931186553346,0.701165823960574,0.714837412282611,"NS","NS","NS"
"Td00001aa010582",-0.513102003154444,-0.431795841734752,0.72946774756735,"NS","NS","NS"
"Td00001aa010600",0.234222931591487,0.319665235644809,0.873682223814684,"NS","NS","NS"
"Td00001aa010642",0.0519459429240275,-0.441532214470463,0.789177258016376,"NS","NS","NS"
"Td00001aa010645",-0.0587048243521397,-0.329613625633771,0.79687610210114,"NS","NS","NS"
"Td00001aa010662",0.178970088264472,-0.152779149910144,0.918754410450539,"NS","NS","NS"
"Td00001aa010671",-0.309380952106569,-0.215464363241274,0.870581711691651,"NS","NS","NS"
"Td00001aa010723",-0.040552185998289,0.262547637244922,0.721128682624738,"NS","NS","NS"
"Td00001aa010732",0.0136371800918179,-0.621148339333154,0.537553592353153,"NS","NS","NS"
"Td00001aa010744",1.00979669827725,0.471732397719384,0.449066685875165,"Up","NS","NS"
"Td00001aa010752",-0.454558041434064,0.012089477457077,0.998600242269207,"NS","NS","NS"
"Td00001aa010759",-0.389851495736679,0.546778261180455,0.637484248367101,"NS","NS","NS"
"Td00001aa010760",0.25589399409156,-0.00115688788352005,0.999799399397698,"NS","NS","NS"
"Td00001aa010844",0.789997588498667,-0.781735072601299,0.374399916646403,"NS","NS","NS"
"Td00001aa010854",0.078948069932358,-0.999875475723363,0.368085300559136,"NS","NS","NS"
"Td00001aa010934",-0.137091952131807,-0.10509360563954,0.952789380360767,"NS","NS","NS"
"Td00001aa010944",-0.0647315306566455,-1.34210498255077,0.00658552795973499,"NS","Down","NS"
"Td00001aa010947",-0.687406905376412,0.00626317071749673,0.998395734870424,"NS","NS","NS"
"Td00001aa010954",0.012317804194986,0.117325467121945,0.940722225714571,"NS","NS","NS"
"Td00001aa010981",0.12133027529024,-0.328594539955811,0.809958687013207,"NS","NS","NS"
"Td00001aa010989",-0.128591777538934,-0.626473874246592,0.511546281769623,"NS","NS","NS"
"Td00001aa011042",-0.132411545816716,0.559805023537434,0.707672108741129,"NS","NS","NS"
"Td00001aa011045",-0.228763842262141,0.219014976937064,0.85949962126715,"NS","NS","NS"
"Td00001aa011081",-0.0556253000596799,-0.669911007901438,0.548624138486377,"NS","NS","NS"
"Td00001aa011126",0.21345333422123,3.37798551117537,1.05741916255406e-07,"NS","Up","NS"
"Td00001aa011129",0.478093785319046,0.262788984193868,0.727111007318774,"NS","NS","NS"
"Td00001aa011137",-0.248478200569644,-0.53476881779814,0.499665295463975,"NS","NS","NS"
"Td00001aa011157",-0.0950884905056485,0.0151366258717451,0.997251217732089,"NS","NS","NS"
"Td00001aa011188",-0.60891026190653,-0.570038777051599,0.649058639546247,"NS","NS","NS"
"Td00001aa011200",0.55331517639657,-0.0936078079160006,0.922935465505847,"NS","NS","NS"
"Td00001aa011228",-0.487803470364135,0.179555687669633,0.842990262259917,"NS","NS","NS"
"Td00001aa011250",0.0187293694273387,-0.0185633342777338,0.992638145738918,"NS","NS","NS"
"Td00001aa011263",0.165390680787956,0.61170482752171,0.703812141001227,"NS","NS","NS"
"Td00001aa011277",-0.5234364536686,-0.049038537754781,0.967925058761024,"NS","NS","NS"
"Td00001aa011280",-0.556849764504782,-0.049197416009769,0.985195360242964,"NS","NS","NS"
"Td00001aa011286",0.461505425761863,-0.0476509445753512,0.974167650202899,"NS","NS","NS"
"Td00001aa011312",-0.317142973324859,0.717718741963848,0.278839041093784,"NS","NS","NS"
"Td00001aa011332",-0.420242037160802,-0.402715333872808,0.659789553554886,"NS","NS","NS"
"Td00001aa011350",-0.13773074848967,-0.000974354809928788,0.999799399397698,"NS","NS","NS"
"Td00001aa011352",-0.202245145659445,-0.372719440461943,0.742515830501449,"NS","NS","NS"
"Td00001aa011353",-0.0521197676738,-0.581132039194765,0.577693800140573,"NS","NS","NS"
"Td00001aa011371",0.932235511326565,-0.0583554024972496,0.964130621515653,"NS","NS","NS"
"Td00001aa011427",-1.28917449111682,1.06714994427768,0.066297642214422,"Down","NS","NS"
"Td00001aa011430",0.977559759699713,1.23048861396415,0.274374626338519,"NS","NS","NS"
"Td00001aa011438",0.341630938305286,0.24230358068354,0.857927868119438,"NS","NS","NS"
"Td00001aa011468",-0.0503263601685825,0.245932514355309,0.828298845317111,"NS","NS","NS"
"Td00001aa011477",0.014433686266118,-0.113553955669622,0.933440832164252,"NS","NS","NS"
"Td00001aa011506",0.113783057501848,-0.00484508710038796,0.998290870222641,"NS","NS","NS"
"Td00001aa011551",0.0671608976295135,-1.30190418230229,0.5256107783871,"NS","NS","NS"
"Td00001aa011555",-0.310511194200697,0.572148194607053,0.83500514115168,"NS","NS","NS"
"Td00001aa011564",0.0477010263918488,-0.105230519689258,0.946120878766874,"NS","NS","NS"
"Td00001aa011566",-0.226305786506055,0.130151485271682,0.907031509264577,"NS","NS","NS"
"Td00001aa011571",0.406275496640155,0.368442859350097,0.787386106919289,"NS","NS","NS"
"Td00001aa011576",0.055133479597669,-0.642577463236824,0.175610076137051,"NS","NS","NS"
"Td00001aa011609",0.122634533340152,0.350954927420685,0.725591971738809,"NS","NS","NS"
"Td00001aa011659",-0.0981179266801434,0.16700351508165,0.913685070348144,"NS","NS","NS"
"Td00001aa011674",0.542365619830627,-0.499503435711632,0.762434358829091,"NS","NS","NS"
"Td00001aa011675",0.11648419819701,1.28457714890655,0.485211880860455,"NS","NS","NS"
"Td00001aa011732",-0.0657838574721025,1.13564951900605,NA,"NS",NA,"NS"
"Td00001aa011748",-0.0986287083111515,1.36229220500514,NA,"NS",NA,"NS"
"Td00001aa011779",0.436548520113827,1.01110520281795,0.689922590458575,"NS","NS","NS"
"Td00001aa011875",-0.875772149075944,-0.892032742010971,0.233505124512083,"NS","NS","NS"
"Td00001aa011888",-0.216579357491031,-0.433345265301454,0.767394834384264,"NS","NS","NS"
"Td00001aa011890",0.121553404053663,0.0263578170706311,0.990521654862172,"NS","NS","NS"
"Td00001aa011895",-0.115687458720146,-0.310468588462351,0.894788802631127,"NS","NS","NS"
"Td00001aa011900",-0.351156502421515,0.255592516991876,0.825503624074976,"NS","NS","NS"
"Td00001aa011905",-0.282752638040104,-0.4799116612009,0.820342211609321,"NS","NS","NS"
"Td00001aa011919",-0.139013347402015,0.775000783972033,NA,"NS","NS","NS"
"Td00001aa011925",-0.134258173747,-0.0201052449644231,0.994239271292599,"NS","NS","NS"
"Td00001aa011930",-0.245346164258376,-1.00112930752947,0.133160834467092,"NS","NS","NS"
"Td00001aa011935",0.178550600661491,-0.213461335725035,0.911310479602659,"NS","NS","NS"
"Td00001aa011954",1.29049518916826,1.75814939521978,0.012046049777746,"Up","Up","Up"
"Td00001aa011955",-0.044720513253848,0.444514836398173,0.640455513920549,"NS","NS","NS"
"Td00001aa011973",-0.0202579187458135,-0.271741711017885,0.863126615722249,"NS","NS","NS"
"Td00001aa011975",-0.0858491331733071,0.590386321754515,0.309650399326145,"NS","NS","NS"
"Td00001aa012020",-0.93776621531043,1.99151393051093,0.264543831953146,"NS","NS","NS"
"Td00001aa012022",0.293678399767437,0.657092138294848,0.436939872087721,"NS","NS","NS"
"Td00001aa012060",-0.420363609223696,0.479105506333199,0.542775579874788,"NS","NS","NS"
"Td00001aa012064",-0.11921503968445,0.0584037629851624,0.975131476749799,"NS","NS","NS"
"Td00001aa012095",-0.192313746336402,1.17371060811522,0.490657586013918,"NS","NS","NS"
"Td00001aa012101",-0.614969176875248,-0.629416537064266,0.515184491918615,"NS","NS","NS"
"Td00001aa012104",-0.227583808474459,-0.0344219810169874,0.983396126459057,"NS","NS","NS"
"Td00001aa012106",0.30636100799679,0.601755859931941,0.529240069097195,"NS","NS","NS"
"Td00001aa012113",-0.273157636403515,-0.125750208047415,0.916985305779577,"NS","NS","NS"
"Td00001aa012163",-0.110184717338424,0.506753497621746,0.573554036881869,"NS","NS","NS"
"Td00001aa012166",-0.104224257866525,0.36776242134283,0.771436398686489,"NS","NS","NS"
"Td00001aa012180",0.369350623309005,0.887342159911376,0.0418819035868547,"NS","NS","NS"
"Td00001aa012190",-0.517040683176643,0.407496802715008,0.705520026397529,"NS","NS","NS"
"Td00001aa012238",-0.237264485227561,0.202431002896468,0.825503624074976,"NS","NS","NS"
"Td00001aa012247",0.282935561487063,0.10477376575158,0.895434634086535,"NS","NS","NS"
"Td00001aa012250",-0.0687314144360419,-1.07650810694452,0.260265280708517,"NS","NS","NS"
"Td00001aa012271",-1.20436077491209,-0.333462170151757,0.775933032316724,"Down","NS","NS"
"Td00001aa012276",-0.51572740812706,0.177077210164265,0.897008363075768,"NS","NS","NS"
"Td00001aa012294",-0.227198936782997,-0.156316626733794,0.916985305779577,"NS","NS","NS"
"Td00001aa012295",-0.324617164042131,-1.45378963785045,0.157743295766547,"NS","NS","NS"
"Td00001aa012388",0.334798176485951,-0.408787955690409,0.613165009782757,"NS","NS","NS"
"Td00001aa012396",-0.637047695166965,-0.952706855705487,0.455575716173492,"NS","NS","NS"
"Td00001aa012440",-0.457340655918883,0.922298542286863,0.161401784941781,"NS","NS","NS"
"Td00001aa012521",-0.840459992259189,1.15345762203225,0.631893022284105,"NS","NS","NS"
"Td00001aa012562",-0.33655269617998,-0.284591935202519,0.876159321728489,"NS","NS","NS"
"Td00001aa012567",-0.120436314451862,-0.259822903136986,0.92247044820986,"NS","NS","NS"
"Td00001aa012579",-0.549156780315559,-0.0843212085158934,0.940070295903919,"NS","NS","NS"
"Td00001aa012606",-0.597900816592328,-0.0276717724781852,0.992896966514245,"NS","NS","NS"
"Td00001aa012623",0.234125299882853,0.115911268630581,0.914081932247686,"NS","NS","NS"
"Td00001aa012628",0.82249404643684,0.0571709607078199,0.989580590966959,"NS","NS","NS"
"Td00001aa012677",0.386405382915357,0.466058206142136,0.507374390210953,"NS","NS","NS"
"Td00001aa012705",-0.222958773928676,-0.0305932575978395,0.985342531943809,"NS","NS","NS"
"Td00001aa012719",2.68366629052085,0.44930768913693,0.862288082161663,"Up","NS","NS"
"Td00001aa012729",0.0075192808675388,-0.2163954369275,0.904130574278277,"NS","NS","NS"
"Td00001aa012773",0.088067519253616,1.38661221304053,0.00100060450250843,"NS","Up","NS"
"Td00001aa012774",0.282659639838715,0.479665954139635,0.78214697305653,"NS","NS","NS"
"Td00001aa012779",0.0685696203471577,-0.493394242529423,0.594944089276098,"NS","NS","NS"
"Td00001aa012790",0.193740527888182,0.776708370323751,0.800198084252144,"NS","NS","NS"
"Td00001aa012808",0.238512704671247,-0.637366402718189,0.441544427397192,"NS","NS","NS"
"Td00001aa012809",0.97686928361051,0.467715999763676,0.549702042733536,"NS","NS","NS"
"Td00001aa012816",0.229710856953986,-0.101864830697142,0.975936764003106,"NS","NS","NS"
"Td00001aa012823",0.102128716412489,0.170776497337821,0.914425231422734,"NS","NS","NS"
"Td00001aa012842",-0.270663388523035,-0.646771580105974,0.29773582370324,"NS","NS","NS"
"Td00001aa012843",-0.744049955412541,-0.208671443940306,0.903649106618564,"NS","NS","NS"
"Td00001aa012879",-0.222025305024062,0.0299203335066074,0.992944727172429,"NS","NS","NS"
"Td00001aa012911",0.613687768380738,0.118299401128847,0.936404068111459,"NS","NS","NS"
"Td00001aa012978",-0.170648587370878,-1.39344134295732,0.631893022284105,"NS","NS","NS"
"Td00001aa013007",-8.45277344110051e-05,1.52996738980864,0.14494364000638,"NS","NS","NS"
"Td00001aa013013",-0.0481783833096967,0.304662821496116,0.806089442166861,"NS","NS","NS"
"Td00001aa013076",-0.0801794565270248,-0.869832178194973,0.180958664860027,"NS","NS","NS"
"Td00001aa013095",-0.176625105392015,-0.00823775512051043,0.996230195986699,"NS","NS","NS"
"Td00001aa013106",-0.121468498343492,0.736233995413754,0.270657247053266,"NS","NS","NS"
"Td00001aa013127",0.218812659964276,-0.18595202276731,0.864258362415521,"NS","NS","NS"
"Td00001aa013141",0.382561815130937,0.374022268740054,0.688952203863829,"NS","NS","NS"
"Td00001aa013158",-0.0225346936723997,0.742257289150975,0.629478608663052,"NS","NS","NS"
"Td00001aa013176",0.04103878892005,0.127224191333347,0.894438405617193,"NS","NS","NS"
"Td00001aa013204",-0.48364037442976,0.21228382324629,0.913685070348144,"NS","NS","NS"
"Td00001aa013205",-0.358915440928455,-0.0402822964543321,0.979227302536404,"NS","NS","NS"
"Td00001aa013262",-0.160933856205415,-1.67133899999795,0.149375951827915,"NS","NS","NS"
"Td00001aa013293",-0.239788176695198,-0.0211563455340155,0.99787531270798,"NS","NS","NS"
"Td00001aa013332",-0.590194166620682,-1.17375882203575,0.273816886901303,"NS","NS","NS"
"Td00001aa013334",0.50825362744252,-1.8936957159904,2.56510256389966e-05,"NS","Down","NS"
"Td00001aa013344",-0.27993871241918,-0.349964257019436,0.757063736590003,"NS","NS","NS"
"Td00001aa013359",0.34270458617145,0.133469966750022,0.955875542724838,"NS","NS","NS"
"Td00001aa013413",-0.17163040780032,0.0661285445718163,0.951038896517394,"NS","NS","NS"
"Td00001aa013419",-0.0333141786957684,-0.517907626133767,0.613947447700494,"NS","NS","NS"
"Td00001aa013433",-0.0293592126874227,0.70257023544443,0.341851253340125,"NS","NS","NS"
"Td00001aa013454",0.0540765184222785,0.865763098670727,0.348226096495375,"NS","NS","NS"
"Td00001aa013466",-0.351975230522434,0.024964555047509,0.984311311732479,"NS","NS","NS"
"Td00001aa013477",-0.510103358933433,0.109182230106968,0.94458526777859,"NS","NS","NS"
"Td00001aa013480",-1.28486107499827,-0.0876028293635926,0.960628238271609,"Down","NS","NS"
"Td00001aa013482",-0.406185259211312,-0.086737995704491,0.950500913492021,"NS","NS","NS"
"Td00001aa013498",-0.382603009991126,-0.216952624146324,0.918469630978153,"NS","NS","NS"
"Td00001aa013516",-0.066404253846007,1.1497320284163,0.689197102223214,"NS","NS","NS"
"Td00001aa013521",-0.0423975250788817,-0.278991607750035,0.687757021133911,"NS","NS","NS"
"Td00001aa013532",-0.242654249901896,-0.0203288837584398,0.989195036079649,"NS","NS","NS"
"Td00001aa013562",0.0904438686986581,0.627208049390695,0.716884481943807,"NS","NS","NS"
"Td00001aa013579",0.115516437741839,-1.81454761854789,0.318416209718805,"NS","NS","NS"
"Td00001aa013609",0.0364918535544606,0.444289869422785,0.341047211187726,"NS","NS","NS"
"Td00001aa013626",-0.045650756104015,0.00266471377980256,0.999242617718054,"NS","NS","NS"
"Td00001aa013660",0.0300034250884621,0.597688794547267,0.315463995761225,"NS","NS","NS"
"Td00001aa013672",-1.04515713291076,-0.243824852939497,0.888194136026904,"Down","NS","NS"
"Td00001aa013673",-0.921312925420386,0.175332607220676,0.902926940590683,"NS","NS","NS"
"Td00001aa013674",-0.872420334933042,0.174838277515371,0.918312441534212,"NS","NS","NS"
"Td00001aa013675",-0.782188375131578,-1.26996611280928,0.12954198386345,"NS","NS","NS"
"Td00001aa013685",0.613697199593194,0.346402584238741,0.640066542038661,"NS","NS","NS"
"Td00001aa013686",-0.110879546646103,0.101824227845458,0.947504545757017,"NS","NS","NS"
"Td00001aa013691",-0.144524384499715,-0.277524605917108,0.844033187629488,"NS","NS","NS"
"Td00001aa013708",-0.0294462199154795,-0.0253817292236389,0.988010181879925,"NS","NS","NS"
"Td00001aa013725",1.31653818290355,2.15879742878082,0.0537487989817247,"Up","NS","NS"
"Td00001aa013761",-0.408380984846996,-1.10783024182823,0.280342738177156,"NS","NS","NS"
"Td00001aa013775",-0.127016510709157,-0.558643988404838,0.653280720642002,"NS","NS","NS"
"Td00001aa013783",-0.301706488224299,0.263436100823086,0.850810231313603,"NS","NS","NS"
"Td00001aa013790",0.2516505335432,0.16364407171321,0.9126160638666,"NS","NS","NS"
"Td00001aa013792",0.501107464995915,1.20693410563753,0.481328802155344,"NS","NS","NS"
"Td00001aa013818",0.305775273701135,1.37467335127259,0.000422874203303359,"NS","Up","NS"
"Td00001aa013819",0.0730905258881014,0.553729337728112,0.560544441329665,"NS","NS","NS"
"Td00001aa013822",0.290223115688137,-0.0201211627367978,0.986107598931717,"NS","NS","NS"
"Td00001aa013843",0.370356165512905,0.0383714296112456,0.986107598931717,"NS","NS","NS"
"Td00001aa013846",-0.618308576864251,0.00897162008032853,0.997211869810397,"NS","NS","NS"
"Td00001aa013887",-0.11594616305594,-0.540604074193229,0.516165872286599,"NS","NS","NS"
"Td00001aa013906",-0.243644515364981,0.660916444312392,0.57105319440752,"NS","NS","NS"
"Td00001aa013911",-0.191118700841894,0.168491889173242,0.918754410450539,"NS","NS","NS"
"Td00001aa013924",-0.0550376633025175,-0.215755361620619,0.924169364396177,"NS","NS","NS"
"Td00001aa013939",0.0296321731183762,-0.106267868278554,0.950500913492021,"NS","NS","NS"
"Td00001aa013963",0.0332619603982709,0.246583355582265,0.872099849841697,"NS","NS","NS"
"Td00001aa014014",0.138328444295762,0.180969441617004,0.900931554264073,"NS","NS","NS"
"Td00001aa014017",-0.561783263684636,-0.584470547727326,0.806970934740316,"NS","NS","NS"
"Td00001aa014018",-0.348761297947047,-0.411398658534536,0.76065289810151,"NS","NS","NS"
"Td00001aa014068",0.0598398373751825,1.23715651103659,0.0380250296708812,"NS","Up","NS"
"Td00001aa014113",-0.183552548572086,-0.097428216616193,0.940722225714571,"NS","NS","NS"
"Td00001aa014127",0.207990863837221,0.206058494572737,0.841797196188165,"NS","NS","NS"
"Td00001aa014170",1.00282465838104,1.09437878384286,0.29456284197946,"NS","NS","NS"
"Td00001aa014171",-0.206523110286229,-0.217326854548624,0.829247858796395,"NS","NS","NS"
"Td00001aa014173",-0.070326991910608,0.231100365707762,0.859347946713002,"NS","NS","NS"
"Td00001aa014184",-0.196263051265476,-0.40706463063065,0.55296813929747,"NS","NS","NS"
"Td00001aa014188",-0.43215539053463,0.183149935283771,0.93688835024749,"NS","NS","NS"
"Td00001aa014189",0.0655583721047127,0.412224150516409,0.700405003257007,"NS","NS","NS"
"Td00001aa014206",0.113616966519132,0.268186369157379,0.90347964971507,"NS","NS","NS"
"Td00001aa014214",0.0475255389322779,-0.371717308332862,0.80676642992911,"NS","NS","NS"
"Td00001aa014231",-0.772571909378531,-0.658093670333866,0.701339958109461,"NS","NS","NS"
"Td00001aa014246",-0.469771151854758,-0.274967122103591,0.902954889144955,"NS","NS","NS"
"Td00001aa014253",0.546714250343145,0.409249789100949,0.674501493887721,"NS","NS","NS"
"Td00001aa014265",0.141329587442917,-0.0345834055419646,0.987701421923463,"NS","NS","NS"
"Td00001aa014316",-1.06175343640377,-0.248082227432231,0.808219465361877,"Down","NS","NS"
"Td00001aa014317",0.898772801084563,0.12832779318342,0.960628238271609,"NS","NS","NS"
"Td00001aa014333",0.246079147067716,0.35691377157037,0.801820770552755,"NS","NS","NS"
"Td00001aa014362",3.43006221938039,3.04433362132207,0.575576577999876,"Up","NS","NS"
"Td00001aa014383",-0.350524858883879,-0.154376370121095,0.865742266858971,"NS","NS","NS"
"Td00001aa014389",-0.128065198355304,0.424003839617384,0.468202979622047,"NS","NS","NS"
"Td00001aa014391",-0.43032354808094,-0.385630700272279,0.724381446575951,"NS","NS","NS"
"Td00001aa014405",-0.385990386456214,0.200355540362012,0.86825024944929,"NS","NS","NS"
"Td00001aa014408",0.287446324226601,1.16440432541594,0.0458935246448739,"NS","Up","NS"
"Td00001aa014411",-0.772009938329833,-1.11107028616551,0.380091568052147,"NS","NS","NS"
"Td00001aa014422",-0.285008527833626,0.370430692801459,0.770021236709867,"NS","NS","NS"
"Td00001aa014448",0.0258953827518345,-0.607301888164953,0.599420438115851,"NS","NS","NS"
"Td00001aa014462",0.0795554603755523,0.849664474517851,0.0574982280476996,"NS","NS","NS"
"Td00001aa014474",0.03759835970155,0.475078062520928,0.707830258090355,"NS","NS","NS"
"Td00001aa014480",0.872376272318475,-0.648078824098977,0.459334763561791,"NS","NS","NS"
"Td00001aa014495",0.283247896257205,0.261073784044625,0.857095726018296,"NS","NS","NS"
"Td00001aa014505",0.0282626315297885,0.641409098128593,0.455303888458239,"NS","NS","NS"
"Td00001aa014521",-0.254552036096549,0.30300735881667,0.692862577054187,"NS","NS","NS"
"Td00001aa014529",-0.687476660943542,0.689239126075549,0.592500850036918,"NS","NS","NS"
"Td00001aa014550",-0.674269135028379,3.31997856817061,0.000793858375092768,"NS","Up","NS"
"Td00001aa014554",0.25109176814939,0.227750280898371,0.733017260231306,"NS","NS","NS"
"Td00001aa014580",0.179062321312784,4.41725993246303,0.0579870551222625,"NS","NS","NS"
"Td00001aa014588",0.699027579185838,-0.00590893494291136,0.998395734870424,"NS","NS","NS"
"Td00001aa014607",-0.0541268093030016,0.235988159962287,0.893886808980517,"NS","NS","NS"
"Td00001aa014621",-0.869483018130311,-0.95286936301576,0.544964718157382,"NS","NS","NS"
"Td00001aa014625",0.361674160188422,-0.702928585910189,0.303373889351762,"NS","NS","NS"
"Td00001aa014638",0.224480545430351,0.730545407319918,0.308182558596449,"NS","NS","NS"
"Td00001aa014643",0.183997765503933,0.00220691142868772,0.99927230203831,"NS","NS","NS"
"Td00001aa014647",-0.00838596011080149,-0.215191731772203,0.871109335173169,"NS","NS","NS"
"Td00001aa014665",0.272198847598956,0.0732027284851488,0.945858108207468,"NS","NS","NS"
"Td00001aa014670",0.199245757807352,1.46078891570675,0.42928130943037,"NS","NS","NS"
"Td00001aa014685",-0.407480815819272,0.428501796453562,0.690036370138009,"NS","NS","NS"
"Td00001aa014689",0.823673659918,-0.481302683936643,0.479217421409362,"NS","NS","NS"
"Td00001aa014741",-0.0999183948458604,0.00449558456909191,0.999006943259183,"NS","NS","NS"
"Td00001aa014750",-0.12290551612132,-0.487650738458562,0.78347131609107,"NS","NS","NS"
"Td00001aa014754",0.15270014855029,0.205504660289657,0.865742266858971,"NS","NS","NS"
"Td00001aa014755",0.127552302100219,-0.290879389308636,0.801966069865285,"NS","NS","NS"
"Td00001aa014768",-0.537824300651126,0.200943288917055,0.85988020875713,"NS","NS","NS"
"Td00001aa014772",0.0763448840933082,0.200049038416311,0.932698100342166,"NS","NS","NS"
"Td00001aa014774",-0.0018836994111545,1.98640329869261,0.000908333258552193,"NS","Up","NS"
"Td00001aa014788",-0.323114107017237,-0.416233673592442,0.772053110823113,"NS","NS","NS"
"Td00001aa014789",-0.514468918849881,0.0333280953021555,0.984661537379468,"NS","NS","NS"
"Td00001aa014808",-0.0654521528933558,0.121438297456258,0.941177328350405,"NS","NS","NS"
"Td00001aa014817",0.662659508710166,1.11952085639449,0.100869505648078,"NS","NS","NS"
"Td00001aa014836",-0.364753501898473,-0.253550887759776,0.931424918339557,"NS","NS","NS"
"Td00001aa014840",0.690278863357163,-0.549419653134303,0.701339958109461,"NS","NS","NS"
"Td00001aa014847",-1.43104495716962,0.189447161584259,0.895337632586585,"Down","NS","NS"
"Td00001aa014848",0.587190992401999,-0.00581980333210788,0.998395734870424,"NS","NS","NS"
"Td00001aa014861",0.136391686942388,-0.240871481614864,0.837165904480328,"NS","NS","NS"
"Td00001aa014867",-0.00227761413499955,1.67766874629758,0.174083059831841,"NS","NS","NS"
"Td00001aa014878",1.59873449690287,0.930396295820473,0.261562108032331,"Up","NS","NS"
"Td00001aa014922",-0.0189275797348963,0.323749108930498,0.848308891581183,"NS","NS","NS"
"Td00001aa014943",0.391122504199407,0.328997448329156,0.746185830499427,"NS","NS","NS"
"Td00001aa014951",0.265706990916345,-0.507948523639711,0.795321777928593,"NS","NS","NS"
"Td00001aa014960",-0.24078726056384,-0.0421602320599273,0.980410426081829,"NS","NS","NS"
"Td00001aa014970",-0.395575771817535,-0.00692765462644438,0.998600242269207,"NS","NS","NS"
"Td00001aa014977",-0.549515555995086,-0.0786652976651041,0.980815515725884,"NS","NS","NS"
"Td00001aa014980",-0.0983562932066646,-0.981948944731466,NA,"NS","NS","NS"
"Td00001aa014986",-0.0715309985936546,0.213207476976354,0.895542832846448,"NS","NS","NS"
"Td00001aa015117",-1.07216654582605,0.540663332509157,0.493494592043957,"Down","NS","NS"
"Td00001aa015138",0.260368250146477,0.141742859711199,0.920367039123735,"NS","NS","NS"
"Td00001aa015176",-0.243628073391946,0.197267935383163,0.91530599371782,"NS","NS","NS"
"Td00001aa015178",-0.0816303340082067,0.190197986120293,0.895043778138581,"NS","NS","NS"
"Td00001aa015181",0.0995370048533075,0.466365691594273,0.69743955890075,"NS","NS","NS"
"Td00001aa015248",-0.0378074152875865,-0.176813215501313,0.825232246493194,"NS","NS","NS"
"Td00001aa015258",0.695570564479652,0.203940971118795,0.915668560699143,"NS","NS","NS"
"Td00001aa015265",0.218466941550524,0.310157012997285,0.800198084252144,"NS","NS","NS"
"Td00001aa015289",-0.398508667123085,0.475369151683264,0.531210363023516,"NS","NS","NS"
"Td00001aa015308",-0.930998431052162,0.269199166310099,NA,"NS","NS","NS"
"Td00001aa015328",-0.010678520909917,-0.000259470061580035,0.999799399397698,"NS","NS","NS"
"Td00001aa015350",-0.158912987403952,0.333136390930277,0.789020530210253,"NS","NS","NS"
"Td00001aa015352",-0.498232729102594,0.347372674769114,0.818413219815367,"NS","NS","NS"
"Td00001aa015387",0.957279103880376,-1.65825587784649,0.128586145191268,"NS","NS","NS"
"Td00001aa015444",-0.798642804009366,0.308206138141357,0.880637200790202,"NS","NS","NS"
"Td00001aa015495",-0.14576612069697,0.794890239904843,0.242022878909299,"NS","NS","NS"
"Td00001aa015608",0.675588236255427,-0.901123868054088,0.405162649009761,"NS","NS","NS"
"Td00001aa015612",-0.250648920249638,-0.963237286469879,0.18585164104881,"NS","NS","NS"
"Td00001aa015617",0.117372928323953,0.324755445526091,0.652263163851324,"NS","NS","NS"
"Td00001aa015619",-1.00406266168774,0.365190244142924,0.483781633861663,"Down","NS","NS"
"Td00001aa015624",-0.808949841884235,0.170997727177205,0.888541772079221,"NS","NS","NS"
"Td00001aa015631",0.486190830815577,0.292036219600337,0.698283801314134,"NS","NS","NS"
"Td00001aa015632",-0.978944735477149,0.429075688819115,0.800874474406044,"NS","NS","NS"
"Td00001aa015644",0.629656967121813,0.166671762885512,0.925610767594359,"NS","NS","NS"
"Td00001aa015645",-0.116540015827565,-0.4974583881434,0.689743103998249,"NS","NS","NS"
"Td00001aa015658",-0.0814499528697575,0.199688675908997,0.942583377080929,"NS","NS","NS"
"Td00001aa015663",-0.212912942363817,-2.49836164144433,0.145380074786916,"NS","NS","NS"
"Td00001aa015695",-0.146967393941731,-0.439273049947843,0.563694200634472,"NS","NS","NS"
"Td00001aa015706",0.0293000002785787,-0.6349075894893,0.534194789583838,"NS","NS","NS"
"Td00001aa015709",-0.644671277658863,1.52976894719443,0.00448716607517829,"NS","Up","NS"
"Td00001aa015748",-0.13500087135189,-0.673290235135217,0.494294918374113,"NS","NS","NS"
"Td00001aa015826",-0.81223935581897,-0.52157495593428,0.661126474725653,"NS","NS","NS"
"Td00001aa015844",0.152791633151198,-0.0183255711044557,0.990220493797199,"NS","NS","NS"
"Td00001aa015872",0.00441529484203801,-0.479493045141803,0.885360751207859,"NS","NS","NS"
"Td00001aa015898",-0.19529594235002,0.00866418396555528,0.997993957930103,"NS","NS","NS"
"Td00001aa015918",-0.0161656333459091,-0.00324213005673362,0.999450763829245,"NS","NS","NS"
"Td00001aa015925",0.447039490702542,-0.0606073690266066,0.965527985322567,"NS","NS","NS"
"Td00001aa015927",-0.675340112384368,-0.27427060949711,0.785442937028851,"NS","NS","NS"
"Td00001aa015928",-0.423537762064787,0.775486220071252,0.491739702727412,"NS","NS","NS"
"Td00001aa015941",0.33700699347407,1.02383267325795,0.24874889627595,"NS","NS","NS"
"Td00001aa015942",0.32159061175634,-0.911504209135254,0.597260846552345,"NS","NS","NS"
"Td00001aa015954",-0.368540584755712,-0.235743446774859,0.866691180799672,"NS","NS","NS"
"Td00001aa015991",-0.153360879797653,-0.359962254558269,0.726748806028255,"NS","NS","NS"
"Td00001aa015994",-0.26861002570911,-0.185564922497421,0.846701546392344,"NS","NS","NS"
"Td00001aa016015",0.310177230649823,1.67036153035945,0.184025349070829,"NS","NS","NS"
"Td00001aa016019",0.0418975427228815,0.475072161058483,0.59112244198501,"NS","NS","NS"
"Td00001aa016032",-0.210995295031791,-2.18826503601293,0.351791769429183,"NS","NS","NS"
"Td00001aa016034",-0.079994101229094,-0.173363994622068,0.882379592866017,"NS","NS","NS"
"Td00001aa016044",-0.19517072819138,0.791777473919773,0.177263577847387,"NS","NS","NS"
"Td00001aa016047",-0.349895647443813,-0.339343067649181,0.904115329066101,"NS","NS","NS"
"Td00001aa016055",-0.22859793428734,-0.246005124643981,0.879087597404025,"NS","NS","NS"
"Td00001aa016065",0.0419093459994678,-0.209673592416596,0.81819262120736,"NS","NS","NS"
"Td00001aa016069",0.191196911935734,-0.587382909096787,0.494294918374113,"NS","NS","NS"
"Td00001aa016071",-0.206735063258215,0.208083928036263,0.816608928978537,"NS","NS","NS"
"Td00001aa016074",-0.303057265592117,-0.407387802354172,0.746333527851006,"NS","NS","NS"
"Td00001aa016098",-0.065723997316256,0.00261906119966609,0.999015448892529,"NS","NS","NS"
"Td00001aa016140",-0.186841646905327,-0.975216473366724,0.361020367912732,"NS","NS","NS"
"Td00001aa016142",0.536148042924871,0.126161546366871,0.945864619934623,"NS","NS","NS"
"Td00001aa016152",0.599468884996251,0.14187205978791,NA,"NS","NS","NS"
"Td00001aa016153",0.351019858576169,-0.620456934132347,0.679300571531951,"NS","NS","NS"
"Td00001aa016155",-0.540021273775892,-0.361570703294582,0.844033187629488,"NS","NS","NS"
"Td00001aa016178",-0.213102305664502,0.157914589229472,0.91920334105143,"NS","NS","NS"
"Td00001aa016192",0.160201751653737,0.503953647561808,0.499665295463975,"NS","NS","NS"
"Td00001aa016203",0.666119435297627,0.111136847084045,0.949276853050619,"NS","NS","NS"
"Td00001aa016207",0.167711580355908,-0.371992644953238,0.825445464362875,"NS","NS","NS"
"Td00001aa016220",-0.138310371945992,-0.184379675892175,0.934620164591052,"NS","NS","NS"
"Td00001aa016257",0.036209043524072,-0.0844491076142832,0.953701406214318,"NS","NS","NS"
"Td00001aa016269",-0.222673570945086,0.661817418386327,0.702157703117565,"NS","NS","NS"
"Td00001aa016270",-0.759443409672848,0.966016245725841,0.643018353573901,"NS","NS","NS"
"Td00001aa016275",-0.619551211118914,-1.06714067879906,0.538530305868456,"NS","NS","NS"
"Td00001aa016277",0.099515936720797,0.311888170382315,0.803681250972828,"NS","NS","NS"
"Td00001aa016290",-0.2380850012403,0.244863855992863,0.897657772933924,"NS","NS","NS"
"Td00001aa016301",0.415075615794935,0.334879537350528,0.695311093861801,"NS","NS","NS"
"Td00001aa016333",-0.173503101564102,0.229605591245802,0.89862391429656,"NS","NS","NS"
"Td00001aa016357",-5.55111700253491e-05,0.618303376883704,0.581413544706315,"NS","NS","NS"
"Td00001aa016362",0.121649146745245,-0.132410446831587,0.942903984492248,"NS","NS","NS"
"Td00001aa016366",0.0256870628674173,-0.26603536176776,0.9265198242136,"NS","NS","NS"
"Td00001aa016368",0.224474656298155,-0.00584934873225953,0.997993957930103,"NS","NS","NS"
"Td00001aa016373",-0.296344256768705,-0.502931983467012,0.664022792049946,"NS","NS","NS"
"Td00001aa016375",-0.132937345807494,-0.360409352333427,0.73002406263514,"NS","NS","NS"
"Td00001aa016388",-0.423278065683483,-1.77511420586289,0.0366289342212248,"NS","Down","NS"
"Td00001aa016390",-0.238809653180165,0.148275633051899,0.85949962126715,"NS","NS","NS"
"Td00001aa016394",0.0777909483959396,-0.247387910022322,0.796259641546172,"NS","NS","NS"
"Td00001aa016395",0.15836080910141,0.214017099802695,0.946120878766874,"NS","NS","NS"
"Td00001aa016488",-0.527890058751646,-0.278870176499542,0.821729390073496,"NS","NS","NS"
"Td00001aa016523",0.709764544214925,1.09898155329736,0.118130470331064,"NS","NS","NS"
"Td00001aa016584",0.0275149878765458,0.352196829020468,0.83765500045422,"NS","NS","NS"
"Td00001aa016592",0.0787255804460695,0.959508209216091,0.213646154557678,"NS","NS","NS"
"Td00001aa016618",0.221525656648997,-0.328805350971583,0.776999482098328,"NS","NS","NS"
"Td00001aa016619",-0.23305338715721,0.195259889510475,0.846930494587078,"NS","NS","NS"
"Td00001aa016633",-0.31447975765685,-0.594288330779913,0.473576550818398,"NS","NS","NS"
"Td00001aa016687",-0.862214357860137,-0.454385663799902,0.735467512374368,"NS","NS","NS"
"Td00001aa016730",-0.286716331197014,-0.0154045940206732,0.995805945166233,"NS","NS","NS"
"Td00001aa016771",0.276922338055297,-0.0192058698124307,0.996081679940763,"NS","NS","NS"
"Td00001aa016799",1.26595382167562,1.03100234942077,0.607329923683097,"Up","NS","NS"
"Td00001aa016825",-0.543803523299501,0.55277460496051,0.530025346893696,"NS","NS","NS"
"Td00001aa016857",-0.251423145114633,-1.1630667270194,0.195008749949916,"NS","NS","NS"
"Td00001aa016862",0.10302291706726,-0.210719513379702,0.807015749078474,"NS","NS","NS"
"Td00001aa016906",-0.485638917978112,-0.904516357136225,0.153130737074048,"NS","NS","NS"
"Td00001aa016909",0.646881685327026,-0.468148784518092,0.668225594467787,"NS","NS","NS"
"Td00001aa016968",-0.335517550712836,-0.633983028075491,0.666668936403602,"NS","NS","NS"
"Td00001aa016985",-0.082612820441844,-0.190534840627221,0.866551619085,"NS","NS","NS"
"Td00001aa016990",-0.175418057772851,-0.375818303936757,0.693872033759737,"NS","NS","NS"
"Td00001aa017000",-0.0244024557413861,-0.471491313751035,0.725004208425183,"NS","NS","NS"
"Td00001aa017003",-1.98642102788688,-0.186611452814189,0.913685070348144,"Down","NS","NS"
"Td00001aa017027",0.121446652858581,-0.363813202099356,0.660128274210101,"NS","NS","NS"
"Td00001aa017069",0.0270360284063736,0.617560598753687,0.532643431609196,"NS","NS","NS"
"Td00001aa017078",-0.237100691626017,-1.06268416287297,0.00509512207074205,"NS","Down","NS"
"Td00001aa017095",0.848824476959289,1.1210156435098,0.0508964942569031,"NS","NS","NS"
"Td00001aa017188",-1.28674951452219,0.130208208873299,0.940722225714571,"NS","NS","NS"
"Td00001aa017216",0.076868071022104,0.697325574142361,0.718866184520381,"NS","NS","NS"
"Td00001aa017236",-0.680278849215107,-0.0450309440195778,0.982841373259115,"NS","NS","NS"
"Td00001aa017244",-0.232957208328844,0.685109390590749,0.455819945128219,"NS","NS","NS"
"Td00001aa017291",-0.0522847961736306,0.22600218348077,0.809735469012938,"NS","NS","NS"
"Td00001aa017337",-0.426329239193949,-0.469275900268581,0.771495276657971,"NS","NS","NS"
"Td00001aa017348",-0.237646378143652,0.0247947138537551,0.989063933904407,"NS","NS","NS"
"Td00001aa017352",-0.166498262559905,0.841677579911114,0.116997031206302,"NS","NS","NS"
"Td00001aa017359",-0.352263491448232,-0.7958525778729,0.549659106307351,"NS","NS","NS"
"Td00001aa017372",-1.28602233548964,-0.464073481915662,0.594944089276098,"Down","NS","NS"
"Td00001aa017375",-0.259204708723211,1.24220592103055,0.349046767174047,"NS","NS","NS"
"Td00001aa017378",0.237552326105165,-0.841098948475256,0.559455283156492,"NS","NS","NS"
"Td00001aa017391",-0.0687958520733642,0.440339511005204,0.735323246930942,"NS","NS","NS"
"Td00001aa017441",-0.145835027534744,0.125503960414194,0.959922194501352,"NS","NS","NS"
"Td00001aa017473",-0.223620386676651,0.0394442599533295,0.986107598931717,"NS","NS","NS"
"Td00001aa017493",-0.167482504546192,-0.260478573469658,0.816608928978537,"NS","NS","NS"
"Td00001aa017498",0.0643584390206355,0.5436192844602,0.402594636206755,"NS","NS","NS"
"Td00001aa017553",0.357321621808312,0.00682330987876672,0.997993957930103,"NS","NS","NS"
"Td00001aa017572",-0.857778338583904,-2.20619655845217,0.256854117072876,"NS","NS","NS"
"Td00001aa017581",0.087291807416984,0.477325587918886,0.528586731204491,"NS","NS","NS"
"Td00001aa017607",-0.0243310566504229,0.250445817195363,0.791245000971241,"NS","NS","NS"
"Td00001aa017609",-0.0925536911585665,0.388977729411709,0.880637200790202,"NS","NS","NS"
"Td00001aa017648",0.471618357854025,0.0806912812333644,0.974742032671647,"NS","NS","NS"
"Td00001aa017681",0.68412778100319,2.83797031157453,1.07348337103079e-11,"NS","Up","NS"
"Td00001aa017685",-0.174701250719657,0.140123892824531,0.899005788407052,"NS","NS","NS"
"Td00001aa017690",-0.421157917000937,0.19889918170365,0.820508640124781,"NS","NS","NS"
"Td00001aa017763",-0.465989118089908,0.984529167915007,0.0579199368023739,"NS","NS","NS"
"Td00001aa017807",-0.552388979907694,-1.62455305126368,0.140787645531885,"NS","NS","NS"
"Td00001aa017809",-0.622220706459342,0.0607760283333446,0.969780294207577,"NS","NS","NS"
"Td00001aa017823",-0.186384468791652,-0.366391717954037,0.851857468753353,"NS","NS","NS"
"Td00001aa017830",0.172440742109708,0.024214875604403,0.988548421586758,"NS","NS","NS"
"Td00001aa017835",-0.880640532211384,-0.491618553754387,0.588051978327425,"NS","NS","NS"
"Td00001aa017842",-1.00049636833896,-0.720840614220199,0.0748747233397059,"Down","NS","NS"
"Td00001aa017846",0.498472243201258,0.538852002223464,0.845933376012354,"NS","NS","NS"
"Td00001aa018018",-0.392102218243716,-0.497182124831131,0.725346635213421,"NS","NS","NS"
"Td00001aa018030",-0.688243133110272,-1.79814372767293,0.225311937749369,"NS","NS","NS"
"Td00001aa018040",-0.909470346885959,-0.259827039413823,0.770031368099434,"NS","NS","NS"
"Td00001aa018052",0.0692152108892375,-0.315977138956296,0.790668024699916,"NS","NS","NS"
"Td00001aa018087",-0.131545118190188,-0.483978619819691,0.422098685797689,"NS","NS","NS"
"Td00001aa018117",0.178793790029867,0.641872663110508,0.444528295285967,"NS","NS","NS"
"Td00001aa018119",0.134556575911441,-0.0302536187937131,0.981863118156181,"NS","NS","NS"
"Td00001aa018129",0.317166246808395,0.161513423790942,0.868447639996673,"NS","NS","NS"
"Td00001aa018169",-0.147539769021004,0.0887659042038589,0.975487076095032,"NS","NS","NS"
"Td00001aa018194",0.164401428366404,0.356850551465661,0.79993759823162,"NS","NS","NS"
"Td00001aa018200",-0.609521533746546,1.34021359782363,0.285056672541739,"NS","NS","NS"
"Td00001aa018209",-0.323394435108243,0.595194259760279,0.318391953659024,"NS","NS","NS"
"Td00001aa018214",0.00403437815882395,0.300524280656165,0.824791832003401,"NS","NS","NS"
"Td00001aa018222",-0.011523777901508,0.613509439231964,0.655667473749108,"NS","NS","NS"
"Td00001aa018223",-0.281849547203307,-0.450435561034491,0.774625059966957,"NS","NS","NS"
"Td00001aa018224",0.134428356357432,0.051993185343089,0.973128051432336,"NS","NS","NS"
"Td00001aa018295",0.1854249513701,-0.0895286530101925,0.956651347026214,"NS","NS","NS"
"Td00001aa018309",-0.416339622497563,-0.427556979555496,NA,"NS","NS","NS"
"Td00001aa018310",-0.503955802194895,-0.405258651415664,0.851056419611996,"NS","NS","NS"
"Td00001aa018311",-0.288932507690846,-0.0349922360925295,0.981816741569406,"NS","NS","NS"
"Td00001aa018327",-0.0698566827882167,0.599808036321284,0.478821458599992,"NS","NS","NS"
"Td00001aa018338",-0.452619930679395,-0.411567347056069,0.756332374972417,"NS","NS","NS"
"Td00001aa018349",-0.38136931727097,1.07441639707195,0.7293655637409,"NS","NS","NS"
"Td00001aa018404",0.12412734698626,-0.0190666336070326,0.991003603033229,"NS","NS","NS"
"Td00001aa018415",0.290215682964025,0.0827474728441607,0.957691538659208,"NS","NS","NS"
"Td00001aa018430",-1.2700475909478,0.0283450482590243,0.983046431463448,"Down","NS","NS"
"Td00001aa018439",-0.628744129481133,-0.346924654473373,0.800198084252144,"NS","NS","NS"
"Td00001aa018440",0.421360020103051,-0.0821719896124961,0.965527985322567,"NS","NS","NS"
"Td00001aa018469",-0.180200620908957,0.181376283150371,NA,"NS","NS","NS"
"Td00001aa018471",-0.14782122357061,-0.913541271395074,0.813989298881752,"NS","NS","NS"
"Td00001aa018473",-0.402102302723829,-0.00659063271914087,0.99787531270798,"NS","NS","NS"
"Td00001aa018476",0.094125405145388,-0.639871917695624,0.63101653993607,"NS","NS","NS"
"Td00001aa018480",-0.392720033501561,-0.6403626710629,0.518649934418282,"NS","NS","NS"
"Td00001aa018507",-1.48851044384827,0.454083610031538,0.636490728907147,"Down","NS","NS"
"Td00001aa018541",-0.347982687495032,-1.12231288303095,0.232059687334011,"NS","NS","NS"
"Td00001aa018562",-0.10946128640056,-0.324153883788446,0.821729390073496,"NS","NS","NS"
"Td00001aa018566",0.364281837443616,-1.22472897042441,0.330585779063266,"NS","NS","NS"
"Td00001aa018619",-1.0670585756117,-0.125653117205953,0.945275967574406,"Down","NS","NS"
"Td00001aa018681",0.425032396250257,-0.191650731774169,0.860594371502609,"NS","NS","NS"
"Td00001aa018699",0.861170714621181,0.0165618412922904,0.990534694808106,"NS","NS","NS"
"Td00001aa018713",-0.554680009792048,0.626807405408573,0.515184491918615,"NS","NS","NS"
"Td00001aa018722",-0.26801608249848,-0.762579962801439,0.463872034294929,"NS","NS","NS"
"Td00001aa018729",-0.132412048486589,0.115060177317361,0.943490635489732,"NS","NS","NS"
"Td00001aa018756",-1.91158851298444,0.0109019003296836,0.997211869810397,"Down","NS","NS"
"Td00001aa018757",0.0395668496977735,-0.464619723473931,0.800198084252144,"NS","NS","NS"
"Td00001aa018793",1.07809458620769,-0.56187829944166,0.771495276657971,"Up","NS","NS"
"Td00001aa018809",-0.0416305403681595,-0.0893761348101545,0.967375537721531,"NS","NS","NS"
"Td00001aa018834",0.622559437442163,0.101042010645733,0.960628238271609,"NS","NS","NS"
"Td00001aa018860",0.719320909062273,1.44786617870972,0.138038411470001,"NS","NS","NS"
"Td00001aa018867",-0.164777709932267,-0.301677923855933,0.788338830171754,"NS","NS","NS"
"Td00001aa018885",-0.485849388313241,0.167755823502647,0.924045162086576,"NS","NS","NS"
"Td00001aa018922",0.544793109073064,-1.83078719882296,0.064099000562715,"NS","NS","NS"
"Td00001aa018924",-0.0922672674076523,0.111087716107653,0.946120878766874,"NS","NS","NS"
"Td00001aa018942",-0.216642704095514,-0.0321416601117851,0.986107598931717,"NS","NS","NS"
"Td00001aa018963",-0.0109483080344843,2.24404989942845,0.0717679082211851,"NS","NS","NS"
"Td00001aa018966",-0.536653282304313,0.410347833127913,0.643296731125526,"NS","NS","NS"
"Td00001aa018982",0.0391666149970143,0.271982938692213,0.817640944951192,"NS","NS","NS"
"Td00001aa018985",0.401336941979212,0.0440300041346198,0.976452906836755,"NS","NS","NS"
"Td00001aa019016",0.0442717173707085,-0.237708628041621,0.839540095207509,"NS","NS","NS"
"Td00001aa019020",-0.103800366049854,-1.42802386078429,0.318487427703991,"NS","NS","NS"
"Td00001aa019037",-0.08785625984049,0.803253026241623,0.573588832115789,"NS","NS","NS"
"Td00001aa019042",0.427069989480731,0.13569953946814,0.898797990550489,"NS","NS","NS"
"Td00001aa019065",2.22618983486165,-1.12593013830427,NA,"Up",NA,NA
"Td00001aa019096",-0.0814635812607305,-0.239754626767416,0.932671348634166,"NS","NS","NS"
"Td00001aa019111",-0.0581620085493936,0.636696902586837,0.514666949898784,"NS","NS","NS"
"Td00001aa019141",0.391069587939416,-1.30046594369754,0.195420325328124,"NS","NS","NS"
"Td00001aa019148",-0.135139449457129,0.235420952536807,0.821907231827972,"NS","NS","NS"
"Td00001aa019186",0.230762517041416,-0.030863063858479,0.982303163085796,"NS","NS","NS"
"Td00001aa019192",-0.309802797965579,-0.749364356271775,0.631670104417121,"NS","NS","NS"
"Td00001aa019205",0.283738547670397,0.868928150182524,0.590683203852428,"NS","NS","NS"
"Td00001aa019237",0.0784219331622595,0.14448318472387,0.901376627601051,"NS","NS","NS"
"Td00001aa019248",1.0670093856875,1.21112097491022,0.313402592040611,"Up","NS","NS"
"Td00001aa019253",0.215731720469521,0.420979721183668,0.674501493887721,"NS","NS","NS"
"Td00001aa019266",-0.804176523174601,0.533318514304101,0.479217421409362,"NS","NS","NS"
"Td00001aa019278",-0.554705365124108,0.331408645930054,0.85949962126715,"NS","NS","NS"
"Td00001aa019280",2.35627838666099,-1.89106634814155,0.222587188060604,"Up","NS","NS"
"Td00001aa019293",-0.226398170802841,-0.470998831352119,0.550948451786285,"NS","NS","NS"
"Td00001aa019304",0.30341785507328,0.289285325620406,0.847737638016812,"NS","NS","NS"
"Td00001aa019312",0.0881839195162152,0.749510686152547,0.284084667082955,"NS","NS","NS"
"Td00001aa019339",-0.129662905815286,-0.440875800249875,0.851679446416448,"NS","NS","NS"
"Td00001aa019363",2.05550660143225,0.813216992506138,0.312775629837939,"Up","NS","NS"
"Td00001aa019368",-0.13058711742817,-0.00397123205853602,0.998395734870424,"NS","NS","NS"
"Td00001aa019380",-0.190545435645512,-0.0453830582499087,0.972467442332746,"NS","NS","NS"
"Td00001aa019388",-0.0635717022791455,-0.0580196253992651,0.965885954575985,"NS","NS","NS"
"Td00001aa019412",-0.023326848586087,0.0358085123512045,0.981863118156181,"NS","NS","NS"
"Td00001aa019425",0.131625836563245,0.653126579771032,0.316755448851943,"NS","NS","NS"
"Td00001aa019447",-0.900320790266768,0.664207744930427,0.675393259363928,"NS","NS","NS"
"Td00001aa019476",-0.261655319792754,1.22474008236701,0.00888531316301946,"NS","Up","NS"
"Td00001aa019478",-0.284444288986386,-1.08052061121987,0.351538818905808,"NS","NS","NS"
"Td00001aa019506",0.0657044565150675,0.270947118405297,0.804715735546036,"NS","NS","NS"
"Td00001aa019508",1.45103816903708,-0.0501873873112765,0.988567689235246,"Up","NS","NS"
"Td00001aa019533",0.0673468556464426,-0.166248737557183,0.915668560699143,"NS","NS","NS"
"Td00001aa019544",-0.230292843593762,-0.118623726383884,0.913024746841203,"NS","NS","NS"
"Td00001aa019565",-0.703213320461664,-1.15519117610195,0.27092951680889,"NS","NS","NS"
"Td00001aa019593",-0.31072766568946,0.166385531026657,0.857960126179322,"NS","NS","NS"
"Td00001aa019606",-0.0327378456558413,-0.484877564216811,0.804785767693503,"NS","NS","NS"
"Td00001aa019608",-0.233761233404441,0.17226657846148,0.909044769771909,"NS","NS","NS"
"Td00001aa019641",-0.238103457915865,-0.663411185970121,0.410313446765623,"NS","NS","NS"
"Td00001aa019690",-0.38006507709152,0.108296749964897,0.933450473265073,"NS","NS","NS"
"Td00001aa019711",-0.426748091773134,0.393927526919913,0.905929755721712,"NS","NS","NS"
"Td00001aa019722",0.158397613512537,0.154349695564102,0.927031680041431,"NS","NS","NS"
"Td00001aa019723",-0.060922359848841,0.31578792498108,0.712935327845166,"NS","NS","NS"
"Td00001aa019768",0.381992307432146,-0.333908932939044,0.803434582631136,"NS","NS","NS"
"Td00001aa019783",-0.113799830467517,1.42030736841961,0.00222732560992383,"NS","Up","NS"
"Td00001aa019784",-0.128776484445105,0.0234208757491412,0.986107598931717,"NS","NS","NS"
"Td00001aa019791",-0.89574035682905,-2.4428645673935,0.00678261221775348,"NS","Down","NS"
"Td00001aa019799",-0.0535635445681939,0.458076416728984,0.664302792054601,"NS","NS","NS"
"Td00001aa019844",-0.311463389813109,-0.17363383522973,0.893620573892767,"NS","NS","NS"
"Td00001aa019908",-0.171792473525066,0.388651649862024,0.762434358829091,"NS","NS","NS"
"Td00001aa019942",-0.675934102747741,-0.395875656977452,0.62452438407124,"NS","NS","NS"
"Td00001aa019955",-0.0352491532393625,-0.151190324846315,0.919855344372885,"NS","NS","NS"
"Td00001aa019963",-0.544505632540443,1.59858601641579,0.0916889518216058,"NS","NS","NS"
"Td00001aa019975",-0.267128648429767,1.91943560193309,NA,"NS",NA,"NS"
"Td00001aa019985",-0.345405975368157,0.00920502905931916,0.997251217732089,"NS","NS","NS"
"Td00001aa019987",0.235835505889245,-0.0377720553924916,0.983722809956314,"NS","NS","NS"
"Td00001aa019999",0.162132810520878,-1.24374971500604,0.530732181523608,"NS","NS","NS"
"Td00001aa020008",-0.271206269010328,0.150586224927739,0.897841246412051,"NS","NS","NS"
"Td00001aa020035",0.677858171716444,-1.73696518688214,0.259088002115162,"NS","NS","NS"
"Td00001aa020044",-0.310389207158254,-0.656372004132506,0.657027353396323,"NS","NS","NS"
"Td00001aa020052",-0.154574352298485,-0.14640554151951,0.946120878766874,"NS","NS","NS"
"Td00001aa020134",0.00345288701092805,-0.424672124580505,0.660004482821723,"NS","NS","NS"
"Td00001aa020158",-0.347021842991032,-0.315440018288329,0.779198870424718,"NS","NS","NS"
"Td00001aa020162",1.02769359846799,0.335274673436307,0.620068336529853,"Up","NS","NS"
"Td00001aa020170",-0.790847500452346,0.633715842009161,0.725591971738809,"NS","NS","NS"
"Td00001aa020225",-0.271987587950307,-3.15054709741325,0.0310428683709952,"NS","Down","NS"
"Td00001aa020249",-0.21043356399128,0.329472882657016,0.790783556418814,"NS","NS","NS"
"Td00001aa020270",0.0183238889221663,0.318342538019062,0.851214505701226,"NS","NS","NS"
"Td00001aa020274",-0.436096046420231,0.957719214310648,0.20132247328982,"NS","NS","NS"
"Td00001aa020372",-0.176669051199334,0.187801235434329,0.897203569540981,"NS","NS","NS"
"Td00001aa020375",-0.712673415787274,-1.82397385191241,0.0171444299925827,"NS","Down","NS"
"Td00001aa020381",0.183029645112341,-0.312955482643164,0.705355502529985,"NS","NS","NS"
"Td00001aa020419",0.362650133213321,0.580361842889255,0.762434358829091,"NS","NS","NS"
"Td00001aa020461",-0.0090926824088095,-0.0565087352008766,0.967925058761024,"NS","NS","NS"
"Td00001aa020472",-0.107894955198707,0.580877806698615,0.483837848944751,"NS","NS","NS"
"Td00001aa020513",-0.493752249495417,-0.661135210385756,0.732710739693443,"NS","NS","NS"
"Td00001aa020530",-0.20482639679312,0.501818525171169,0.764982468493663,"NS","NS","NS"
"Td00001aa020539",-0.589002471100926,0.9236564443826,0.552081311877259,"NS","NS","NS"
"Td00001aa020548",-0.324723766441572,-0.606217964140432,0.389373205373588,"NS","NS","NS"
"Td00001aa020557",-0.593804142447244,-0.935782565690868,0.11075846445004,"NS","NS","NS"
"Td00001aa020578",0.102818243203324,-1.03779133909116,0.125725659590315,"NS","NS","NS"
"Td00001aa020604",-0.285215485848579,-0.562987215320082,0.635819003152565,"NS","NS","NS"
"Td00001aa020606",0.00800373784471099,0.435752650940763,0.492046703425337,"NS","NS","NS"
"Td00001aa020635",-0.456821163157666,-0.726780860215682,0.317505495492502,"NS","NS","NS"
"Td00001aa020638",-0.456844418698828,1.37575605680774,0.0435973774547288,"NS","Up","NS"
"Td00001aa020661",0.116922587056808,0.390883902924525,0.739496820410713,"NS","NS","NS"
"Td00001aa020670",-0.390057275335079,0.732886373750278,0.322085471391389,"NS","NS","NS"
"Td00001aa020699",-0.871218063660653,-0.395286928974035,0.6767821985944,"NS","NS","NS"
"Td00001aa020722",-0.28875632506851,-0.0586013183661513,0.983050902160831,"NS","NS","NS"
"Td00001aa020726",0.506459375739993,3.63074102866723,NA,"NS",NA,"NS"
"Td00001aa020760",-0.080909007516053,0.359201858470555,0.716943495733192,"NS","NS","NS"
"Td00001aa020766",0.319750404519433,0.358796383098282,0.779952284021342,"NS","NS","NS"
"Td00001aa020796",1.41232454954095,-0.86235872263952,0.581410250236103,"Up","NS","NS"
"Td00001aa020858",-0.810816468776674,0.00795947024753408,0.997993957930103,"NS","NS","NS"
"Td00001aa020868",0.354397957225222,0.312732465221334,0.645748946963495,"NS","NS","NS"
"Td00001aa020877",-0.0132867440331826,-0.0891761981000771,0.965075271659587,"NS","NS","NS"
"Td00001aa020939",-0.936879802921929,-0.126013573743122,0.918211971586559,"NS","NS","NS"
"Td00001aa020969",0.24360256206834,0.178262376898375,0.904855671743992,"NS","NS","NS"
"Td00001aa020997",-0.979200964096502,0.244959855237985,0.90352179705657,"NS","NS","NS"
"Td00001aa021041",-0.783336650786842,-1.38764635041353,0.051149526645905,"NS","NS","NS"
"Td00001aa021055",1.03187231092421,0.364689381397811,0.746185830499427,"Up","NS","NS"
"Td00001aa021062",0.290301116765761,0.318994915675548,0.689523515713235,"NS","NS","NS"
"Td00001aa021128",-0.0954713048578285,0.270927470370539,0.92965244078171,"NS","NS","NS"
"Td00001aa021162",0.058803122534907,0.349287275764803,0.846558957777523,"NS","NS","NS"
"Td00001aa021209",0.330415836101023,0.219174845074447,0.730662961234208,"NS","NS","NS"
"Td00001aa021250",-0.194133803513817,0.175452007327268,0.945935224172264,"NS","NS","NS"
"Td00001aa021291",0.353577138895173,-0.139324023164803,0.954092073785877,"NS","NS","NS"
"Td00001aa021318",-0.22907839387507,-0.52561745385714,0.658899751303519,"NS","NS","NS"
"Td00001aa021325",-0.245095887381064,-0.362865498788959,0.646278624730773,"NS","NS","NS"
"Td00001aa021422",0.106258183755828,0.286200904952417,0.757161897058263,"NS","NS","NS"
"Td00001aa021431",-0.242841933014124,0.743448085040444,0.192157621310953,"NS","NS","NS"
"Td00001aa021432",-0.164391384597314,-0.57955970729449,0.790783556418814,"NS","NS","NS"
"Td00001aa021443",-0.352624662710077,-0.628934395078219,0.468039942089048,"NS","NS","NS"
"Td00001aa021468",-0.837593765603208,-0.0691462683305689,0.965885954575985,"NS","NS","NS"
"Td00001aa021487",0.246782907889794,0.422241903301653,0.74197598212348,"NS","NS","NS"
"Td00001aa021495",-0.117111814977384,0.120901526458088,0.918457455246592,"NS","NS","NS"
"Td00001aa021514",0.0568562490435636,-0.585703894698068,0.539367760857461,"NS","NS","NS"
"Td00001aa021571",0.209164430971225,-0.00304380372562812,0.999242617718054,"NS","NS","NS"
"Td00001aa021598",-0.409710157809071,0.415479496158487,0.709895929186434,"NS","NS","NS"
"Td00001aa021611",0.053337874091512,0.535967352199224,0.425403475885615,"NS","NS","NS"
"Td00001aa021637",-0.570803995103675,-0.00257826325814423,0.999689020578572,"NS","NS","NS"
"Td00001aa021651",-1.4176254352782,0.0350462776740008,0.997897865822633,"Down","NS","NS"
"Td00001aa021652",2.32702034122341,2.55492353930746,NA,"Up",NA,NA
"Td00001aa021661",-0.554808550166646,0.350280647913396,0.801966069865285,"NS","NS","NS"
"Td00001aa021684",0.509026232171516,0.925836611510051,0.496765815319575,"NS","NS","NS"
"Td00001aa021685",-0.175873659063556,-0.0105219934158439,0.996230195986699,"NS","NS","NS"
"Td00001aa021702",-0.270245225957228,-0.0744954485915189,0.955299601988122,"NS","NS","NS"
"Td00001aa021716",-0.532831959383839,0.299654161335968,0.742951677584871,"NS","NS","NS"
"Td00001aa021741",0.693465676315617,0.154551450569718,0.910560316058334,"NS","NS","NS"
"Td00001aa021785",0.193929770867759,2.55492353930746,NA,"NS",NA,"NS"
"Td00001aa021797",-0.512660265627666,0.572514601877139,0.668225594467787,"NS","NS","NS"
"Td00001aa021840",-0.112798391803885,0.0787689514979328,0.954614367235209,"NS","NS","NS"
"Td00001aa021847",0.0792393600786079,-1.16573532536016,0.10923491311768,"NS","NS","NS"
"Td00001aa021849",-0.100614472423731,0.076148227114522,0.957691538659208,"NS","NS","NS"
"Td00001aa021863",-0.0237663155591436,-0.341935098992938,0.84911856666054,"NS","NS","NS"
"Td00001aa021881",0.11161429142971,1.35926397541721,0.0011907906469413,"NS","Up","NS"
"Td00001aa021919",0.625888553076061,0.100720751459676,0.912321400938249,"NS","NS","NS"
"Td00001aa021922",0.145721316183931,0.348729842016647,0.592840773094226,"NS","NS","NS"
"Td00001aa021925",-0.108070823594754,-0.0420002943366412,0.983391279592919,"NS","NS","NS"
"Td00001aa021931",-0.570944465164725,0.234695999426492,0.876343409874958,"NS","NS","NS"
"Td00001aa021975",-0.267798687500789,1.39272799751447,0.0541390282983791,"NS","NS","NS"
"Td00001aa021997",-0.607330894985333,-0.405035136094895,0.806011960593215,"NS","NS","NS"
"Td00001aa022018",-0.751068758586605,-0.285011099067451,0.825445464362875,"NS","NS","NS"
"Td00001aa022044",0.0467781144414865,-0.540641920183086,0.623503016451363,"NS","NS","NS"
"Td00001aa022072",0.172991528229488,0.322298167464016,0.7829197835851,"NS","NS","NS"
"Td00001aa022073",-0.578814599210915,-0.29353041761632,0.731671751245239,"NS","NS","NS"
"Td00001aa022085",-0.106810726395213,-0.230138441748754,0.828459121614962,"NS","NS","NS"
"Td00001aa022088",-0.332240004719219,0.235119598876695,0.916985305779577,"NS","NS","NS"
"Td00001aa022092",-0.11778885321993,0.34721623812247,0.739080914467149,"NS","NS","NS"
"Td00001aa022125",-0.182810349180764,0.34806658586319,0.638919901141035,"NS","NS","NS"
"Td00001aa022134",-0.507928673265384,-1.35479613743714,0.0447758103307175,"NS","Down","NS"
"Td00001aa022161",-0.297454909942158,0.91884759315143,0.166257403634878,"NS","NS","NS"
"Td00001aa022192",0.158357084925548,-0.185831054352779,0.946120878766874,"NS","NS","NS"
"Td00001aa022229",-0.0484770029141397,-0.656810916532217,0.481781180757138,"NS","NS","NS"
"Td00001aa022232",0.236851377300109,0.288471368523103,0.656012832524734,"NS","NS","NS"
"Td00001aa022257",-0.46569569404626,-0.495458544771419,0.844147157403253,"NS","NS","NS"
"Td00001aa022259",-0.206412555489144,0.0666532139833741,0.95122962401596,"NS","NS","NS"
"Td00001aa022269",-0.084783176370576,1.04997874986593,0.201917660639588,"NS","NS","NS"
"Td00001aa022275",-0.111502135738543,-0.294342755341141,0.661843887101102,"NS","NS","NS"
"Td00001aa022285",-0.292419465080842,-0.035111661546394,0.978628706288823,"NS","NS","NS"
"Td00001aa022293",-0.521782167028169,0.914205193386117,0.63302195527265,"NS","NS","NS"
"Td00001aa022297",-0.199543119760802,-0.00263206407502976,0.999242617718054,"NS","NS","NS"
"Td00001aa022305",-0.214276986970276,0.0686119007448451,0.963564300507169,"NS","NS","NS"
"Td00001aa022314",-0.213640087360818,-0.765007851670438,0.264082043083266,"NS","NS","NS"
"Td00001aa022327",0.402750945673457,-0.333838206627498,0.707096987369889,"NS","NS","NS"
"Td00001aa022358",-0.871550141416306,0.0302816267154922,0.994277394501879,"NS","NS","NS"
"Td00001aa022398",-0.0241377995570989,1.14651635508985,0.210944002501118,"NS","NS","NS"
"Td00001aa022414",-0.45680513385525,-0.0867222278174363,0.936404068111459,"NS","NS","NS"
"Td00001aa022445",0.298058190817793,-0.393211489495028,0.6242240483679,"NS","NS","NS"
"Td00001aa022450",0.126741929939227,-0.847569253833379,0.494294918374113,"NS","NS","NS"
"Td00001aa022462",-0.1104841630927,-0.254423902935482,0.785664879030482,"NS","NS","NS"
"Td00001aa022473",-0.12243946299582,1.14195670849174,0.0580498526099112,"NS","NS","NS"
"Td00001aa022477",0.419988757177358,-1.78034581064334,0.00296336051028468,"NS","Down","NS"
"Td00001aa022503",0.252461185131437,0.165001321587517,0.865874692885919,"NS","NS","NS"
"Td00001aa022519",0.287935493248841,-0.662523104512356,0.570664734292757,"NS","NS","NS"
"Td00001aa022538",0.122807338074354,0.0413610730107911,0.970802227941334,"NS","NS","NS"
"Td00001aa022561",-0.415025980881186,-0.185959651695574,0.862711167447265,"NS","NS","NS"
"Td00001aa022576",-0.35680205740987,-0.316744074531319,0.801483181390002,"NS","NS","NS"
"Td00001aa022584",-0.231409033808742,0.445468414811587,0.793558345055993,"NS","NS","NS"
"Td00001aa022594",5.07724597845613,2.54017570541555,0.265682843124276,"Up","NS","NS"
"Td00001aa022605",-0.191957890888757,0.309847265495492,0.853809013751517,"NS","NS","NS"
"Td00001aa022606",-0.106797792396415,-0.0505784456368966,0.985641792504081,"NS","NS","NS"
"Td00001aa022611",-0.340626418285146,-0.125421043872662,0.888437907216692,"NS","NS","NS"
"Td00001aa022620",0.132847881355177,0.582985929947651,0.516719282206459,"NS","NS","NS"
"Td00001aa022622",-0.13739334953551,-0.394383963274572,0.678443356508977,"NS","NS","NS"
"Td00001aa022629",0.216143795272107,-0.0691282410837962,0.959548128942224,"NS","NS","NS"
"Td00001aa022637",-0.117490753964153,0.402152071097745,0.642546318773017,"NS","NS","NS"
"Td00001aa022642",0.113513648973407,0.522267779039605,0.582373470093875,"NS","NS","NS"
"Td00001aa022677",0.0789626045535703,0.230678645937961,0.883140770796997,"NS","NS","NS"
"Td00001aa022679",0.023273274210062,0.100136335513138,0.952789380360767,"NS","NS","NS"
"Td00001aa022688",0.0128920696787655,3.69689489253746,0.120078415661399,"NS","NS","NS"
"Td00001aa022696",-0.34096409882099,-0.873487556067951,0.362914198782676,"NS","NS","NS"
"Td00001aa022720",-0.72808232314771,-1.34506895473254,0.00967773685109498,"NS","Down","NS"
"Td00001aa022786",-0.565363565141749,0.299686135360737,0.848584263974474,"NS","NS","NS"
"Td00001aa022792",-0.241405676304697,0.0519033853894857,0.972232557415658,"NS","NS","NS"
"Td00001aa022796",-0.103507216915782,0.502203024506923,0.430212204391797,"NS","NS","NS"
"Td00001aa022808",-0.402514977711247,0.329617732588855,0.826341614129285,"NS","NS","NS"
"Td00001aa022827",0.293920828537179,1.13372688522174,0.0161481396322816,"NS","Up","NS"
"Td00001aa022834",0.390839121630278,-0.0067406899588498,NA,"NS","NS","NS"
"Td00001aa022835",-0.00486611800784,-0.444745237634121,0.476298122579797,"NS","NS","NS"
"Td00001aa022862",0.0649252744015395,0.542379995289679,0.791341451310277,"NS","NS","NS"
"Td00001aa022878",0.411663093540617,-0.22069499467427,0.792886926371091,"NS","NS","NS"
"Td00001aa022889",0.0794639409268856,0.141957227695346,0.951020175483126,"NS","NS","NS"
"Td00001aa022902",0.0358609742118946,0.30249508947743,0.731671751245239,"NS","NS","NS"
"Td00001aa022954",-0.544696498546634,0.125449620823704,0.966427205178415,"NS","NS","NS"
"Td00001aa022963",1.32576221585418,1.01218009996272,0.12954198386345,"Up","NS","NS"
"Td00001aa022969",3.33020628560317,-0.155134094022756,NA,"Up","NS","NS"
"Td00001aa023035",0.126121445769372,-0.489343853096071,0.574073065384749,"NS","NS","NS"
"Td00001aa023036",-0.1437854435875,-2.03280975656232,0.0220140198438953,"NS","Down","NS"
"Td00001aa023037",0.598069848226116,0.451787112218429,0.455303888458239,"NS","NS","NS"
"Td00001aa023049",0.441195596041921,0.724134814055593,0.804419270154326,"NS","NS","NS"
"Td00001aa023051",-0.401289984338949,-0.385553444615051,0.866691180799672,"NS","NS","NS"
"Td00001aa023061",0.370698333954758,0.478131408081616,0.20810651848661,"NS","NS","NS"
"Td00001aa023083",-0.139186317380844,-0.109258199094654,0.946120878766874,"NS","NS","NS"
"Td00001aa023087",-0.719914489104696,0.934419802563535,0.271173752537343,"NS","NS","NS"
"Td00001aa023093",-0.123402690141616,0.071443039905463,0.953550701537552,"NS","NS","NS"
"Td00001aa023101",0.682056982807376,0.591943414145367,0.787773129065286,"NS","NS","NS"
"Td00001aa023139",-0.489673026731828,0.536233186639347,0.566050676995842,"NS","NS","NS"
"Td00001aa023167",-0.0737110595260098,-0.521869911612246,0.411874185037844,"NS","NS","NS"
"Td00001aa023181",-0.250239248879298,0.283393757648336,0.77876275721829,"NS","NS","NS"
"Td00001aa023188",-0.907894774532494,-0.505155077998694,0.627600666723068,"NS","NS","NS"
"Td00001aa023196",-1.49464343781249,0.518980539461493,0.704189386969241,"Down","NS","NS"
"Td00001aa023230",-0.222085527532107,-0.0975820551506935,0.966030390484426,"NS","NS","NS"
"Td00001aa023262",-0.3546458849188,-1.72916092079207,0.175599023814774,"NS","NS","NS"
"Td00001aa023274",-0.485520567765584,-0.143817504602353,0.974393425619335,"NS","NS","NS"
"Td00001aa023275",-0.707976899132602,0.44650947859527,0.785812346580858,"NS","NS","NS"
"Td00001aa023291",-0.508678261934064,0.094861509563867,0.946009242021039,"NS","NS","NS"
"Td00001aa023292",0.309076845878126,0.485255413199775,0.632837819716697,"NS","NS","NS"
"Td00001aa023308",0.291189099312714,-0.833209356224709,0.566069837585832,"NS","NS","NS"
"Td00001aa023318",-0.242045175027706,-0.834282844091949,0.37730229898383,"NS","NS","NS"
"Td00001aa023327",-0.129669614124216,0.419714419068475,0.871168632648021,"NS","NS","NS"
"Td00001aa023346",-0.392770436749598,-0.297698686698355,0.747111773317375,"NS","NS","NS"
"Td00001aa023370",0.547469754897298,-0.0466628222591375,0.971993123482373,"NS","NS","NS"
"Td00001aa023371",0.120109162286243,0.724857114148398,0.393754309565757,"NS","NS","NS"
"Td00001aa023373",-0.478947960053877,-0.196665065515588,0.895337632586585,"NS","NS","NS"
"Td00001aa023457",0.174400677226962,0.0798903564955367,0.917684969223773,"NS","NS","NS"
"Td00001aa023465",-0.563055474493915,-0.212523424843213,0.83997646079325,"NS","NS","NS"
"Td00001aa023472",0.230007462117193,-0.16167029626765,0.866589005686895,"NS","NS","NS"
"Td00001aa023487",-0.256131396869888,-1.69798628225452,0.0390167940726318,"NS","Down","NS"
"Td00001aa023509",-0.355874260559828,0.656728016195676,0.216235583813832,"NS","NS","NS"
"Td00001aa023537",-0.435865766263229,0.498825860619332,0.623015822056507,"NS","NS","NS"
"Td00001aa023540",0.0693862743692555,-0.571237635847934,0.500649750982305,"NS","NS","NS"
"Td00001aa023550",0.0756657161261831,-0.0530456533713351,0.981612075897228,"NS","NS","NS"
"Td00001aa023589",-0.16126924310313,0.567242728649621,0.582704638905772,"NS","NS","NS"
"Td00001aa023611",1.00280012905745,0.537638873396789,0.610404779601985,"Up","NS","NS"
"Td00001aa023612",0.0454000494367404,-0.441906344984228,0.556378114249432,"NS","NS","NS"
"Td00001aa023626",0.135973048500149,0.226868908158703,0.853015492068754,"NS","NS","NS"
"Td00001aa023633",0.206451523685211,2.32389106974135,0.0650838093603328,"NS","NS","NS"
"Td00001aa023647",-1.70767613854809,0.930688048948937,0.611192856821615,"Down","NS","NS"
"Td00001aa023670",-1.26133205583756,-1.79104517260059,NA,"Down",NA,NA
"Td00001aa023677",-0.312236530933431,-0.0965385410772608,0.959333890082878,"NS","NS","NS"
"Td00001aa023714",-0.034773330404435,0.0881674055966709,0.946120878766874,"NS","NS","NS"
"Td00001aa023726",0.2128282599297,-0.154251858225563,0.831136894614413,"NS","NS","NS"
"Td00001aa023750",-0.136462533745297,-0.0572025534602331,0.973666861128651,"NS","NS","NS"
"Td00001aa023757",-0.251750860631964,-0.756189084589135,0.643296731125526,"NS","NS","NS"
"Td00001aa023764",-0.472743142645862,-0.783322564770455,0.379185472153063,"NS","NS","NS"
"Td00001aa023772",0.24583738539796,0.382650805929337,0.76065289810151,"NS","NS","NS"
"Td00001aa023820",0.102882733329712,2.55492353930746,NA,"NS",NA,"NS"
"Td00001aa023862",0.309989437014345,0.226939446132353,0.934959883003249,"NS","NS","NS"
"Td00001aa023871",-0.296378406334561,-0.299604764287538,0.920119386976787,"NS","NS","NS"
"Td00001aa023935",-0.052012741754008,0.506752793860999,0.794517363925944,"NS","NS","NS"
"Td00001aa023949",0.374981391358228,-0.581705962339605,0.567151112732601,"NS","NS","NS"
"Td00001aa023954",0.55883800548583,0.133459816442485,0.938486742754342,"NS","NS","NS"
"Td00001aa023968",-0.600622034173332,-0.217849668204415,0.867548712587604,"NS","NS","NS"
"Td00001aa023976",0.260428413797047,-0.301438087482803,0.774027750749948,"NS","NS","NS"
"Td00001aa023995",-0.101546395470051,-0.606057828324316,0.723400824792349,"NS","NS","NS"
"Td00001aa024003",-0.051831358711943,-1.15605809045934,0.0916744897855007,"NS","NS","NS"
"Td00001aa024011",-0.046989911707856,-0.00883775513001306,0.996230195986699,"NS","NS","NS"
"Td00001aa024033",0.175640886764723,0.420655387298368,0.849354872709913,"NS","NS","NS"
"Td00001aa024042",-0.105795232024896,-0.316058957812887,0.78303027465865,"NS","NS","NS"
"Td00001aa024060",-0.146279131041655,-0.110424394021648,0.916684312154491,"NS","NS","NS"
"Td00001aa024071",-0.263617114922645,0.00594165940884782,0.998395734870424,"NS","NS","NS"
"Td00001aa024089",0.393736860021525,0.436333187717361,0.738567044032695,"NS","NS","NS"
"Td00001aa024097",0.267533152268921,0.905350214923376,0.072421881752471,"NS","NS","NS"
"Td00001aa024101",-0.271469236715682,0.104492770648157,0.91935815442951,"NS","NS","NS"
"Td00001aa024103",0.158215275408626,-0.398628051139072,0.854034689715627,"NS","NS","NS"
"Td00001aa024125",-0.180762314175495,-0.286951399386784,0.800198084252144,"NS","NS","NS"
"Td00001aa024130",0.223055864189992,1.10104591629492,0.153130737074048,"NS","NS","NS"
"Td00001aa024190",-0.101623116442512,-0.34968687420263,0.755247132725125,"NS","NS","NS"
"Td00001aa024194",0.0380812124426047,0.319015289096865,0.779462048235316,"NS","NS","NS"
"Td00001aa024202",-0.813257510544287,0.0216324321350585,0.99249256687718,"NS","NS","NS"
"Td00001aa024211",-0.300122521156782,-0.347135823195094,0.75691431713564,"NS","NS","NS"
"Td00001aa024214",0.767740054044102,-0.48707779962491,0.75240770337895,"NS","NS","NS"
"Td00001aa024218",-0.0389613194512023,-0.184787780798595,0.92246378838015,"NS","NS","NS"
"Td00001aa024225",-1.85360113483961,0.0727792573000929,0.968101550128094,"Down","NS","NS"
"Td00001aa024231",0.713074677466465,0.235076571431642,0.865820753096875,"NS","NS","NS"
"Td00001aa024245",-0.161463701749334,0.0907641893369915,0.946120878766874,"NS","NS","NS"
"Td00001aa024260",-0.141581725328892,0.243210700253791,0.800761818714729,"NS","NS","NS"
"Td00001aa024264",-0.0948858948318924,-0.244421511634959,0.869008017594534,"NS","NS","NS"
"Td00001aa024292",-1.1822091098324,-0.19974780965566,0.890217333198385,"Down","NS","NS"
"Td00001aa024299",-0.026346144716909,0.100267943614434,0.94310771957563,"NS","NS","NS"
"Td00001aa024301",-0.258838162201648,0.0438796173502831,0.982841373259115,"NS","NS","NS"
"Td00001aa024312",-0.04028560054609,-0.141774084561282,0.943198724781469,"NS","NS","NS"
"Td00001aa024340",-0.786707059480247,-1.0340982178187,0.109091997988129,"NS","NS","NS"
"Td00001aa024352",-0.614633360757085,-0.282784513843526,0.825445464362875,"NS","NS","NS"
"Td00001aa024374",-0.206242790607544,-0.189949560898469,0.928050720202042,"NS","NS","NS"
"Td00001aa024375",0.101128479738745,0.0150492336398906,0.992258823821612,"NS","NS","NS"
"Td00001aa024379",1.95385846442961,2.39045325741664,7.10390846613431e-06,"Up","Up","Up"
"Td00001aa024392",-0.923450612388312,-0.334267916996984,0.869531298030945,"NS","NS","NS"
"Td00001aa024423",-0.158441429064981,-1.48884979541998,NA,"NS",NA,"NS"
"Td00001aa024435",0.018679999568741,-1.81356058919064,0.0305773528026598,"NS","Down","NS"
"Td00001aa024440",0.245600039730838,0.389272043840583,0.742819310112063,"NS","NS","NS"
"Td00001aa024462",-0.262250796638444,-2.35924564576444,1.4798748064806e-06,"NS","Down","NS"
"Td00001aa024464",-0.133620253061034,-0.0970591637722104,0.940722225714571,"NS","NS","NS"
"Td00001aa024475",-0.0863381954371114,0.0440439664506074,0.980584128558817,"NS","NS","NS"
"Td00001aa024497",0.270084586238448,-0.241849999771739,0.878129321308638,"NS","NS","NS"
"Td00001aa024515",-0.427456388861726,-0.368750031491572,0.773597510121175,"NS","NS","NS"
"Td00001aa024551",-0.698816197473116,0.410053730970497,0.825445464362875,"NS","NS","NS"
"Td00001aa024595",-0.247511484391301,-0.454794029646888,0.846558957777523,"NS","NS","NS"
"Td00001aa024618",0.287063475631913,-0.400078627130476,0.834210427205214,"NS","NS","NS"
"Td00001aa024647",0.380331736529047,1.2919875094799,0.0824369381694139,"NS","NS","NS"
"Td00001aa024655",-0.046680491939135,-1.27764548021254,NA,"NS",NA,"NS"
"Td00001aa024666",-0.462801843649617,-0.485505140293091,0.660482619245832,"NS","NS","NS"
"Td00001aa024674",1.01357162721096,0.682116077595085,0.688661789274015,"Up","NS","NS"
"Td00001aa024701",0.337486312100329,0.35350648934121,0.709724614286421,"NS","NS","NS"
"Td00001aa024729",0.34696968045072,0.180075400553396,0.917684969223773,"NS","NS","NS"
"Td00001aa024734",1.02881962068411,0.556016553975251,0.460089083011215,"Up","NS","NS"
"Td00001aa024742",0.060562316523277,-0.477182679538645,0.631893022284105,"NS","NS","NS"
"Td00001aa024753",-0.489412848245787,0.589214907645162,0.631023607862001,"NS","NS","NS"
"Td00001aa024773",0.401997525001431,-0.580217783507563,0.86825024944929,"NS","NS","NS"
"Td00001aa024779",0.0671806758264887,-0.435518160800428,0.76065289810151,"NS","NS","NS"
"Td00001aa024781",-0.157976059786898,-1.48884979541998,NA,"NS",NA,"NS"
"Td00001aa024831",-0.156622182449513,0.367039535220188,0.65071906927154,"NS","NS","NS"
"Td00001aa024836",0.016504308773945,0.613401321745191,0.62652105574875,"NS","NS","NS"
"Td00001aa024849",0.316344428143102,0.017791793697085,0.994277394501879,"NS","NS","NS"
"Td00001aa024852",0.0236882097186425,0.704149599064239,0.479955451620695,"NS","NS","NS"
"Td00001aa024862",-0.0589423319107388,0.927646607737885,NA,"NS","NS","NS"
"Td00001aa024864",-0.456005658808669,-0.0215939751377538,0.989819785115414,"NS","NS","NS"
"Td00001aa024866",-0.564332059307923,-0.299666060825813,0.722253793140433,"NS","NS","NS"
"Td00001aa024867",-0.712657329441672,-0.0969917295107649,0.932722504325448,"NS","NS","NS"
"Td00001aa024870",0.69211998486846,0.334103075484543,0.720431366922084,"NS","NS","NS"
"Td00001aa024871",-1.10330057348111,-1.04208612628534,0.386172777154551,"Down","NS","NS"
"Td00001aa024876",-0.103881360209776,0.00127495804663072,0.999799399397698,"NS","NS","NS"
"Td00001aa024896",0.674039391299527,-0.498688716282693,0.385592284678975,"NS","NS","NS"
"Td00001aa024935",-0.89261445438654,0.75223167838395,0.22429393805367,"NS","NS","NS"
"Td00001aa024936",-1.09008938616597,-1.48884979541998,NA,"Down",NA,NA
"Td00001aa024937",-0.862040082544137,-0.00782471295789119,0.997211869810397,"NS","NS","NS"
"Td00001aa024939",0.108157623086175,0.351171404029077,0.701339958109461,"NS","NS","NS"
"Td00001aa024952",-2.27182334048076,1.32098073513338,0.166257403634878,"Down","NS","NS"
"Td00001aa024953",-0.305201584043923,0.999036297222152,0.360066610840748,"NS","NS","NS"
"Td00001aa024956",-0.183055360347094,-0.921250663333553,0.79509864237773,"NS","NS","NS"
"Td00001aa024970",-0.212883506386907,-0.210671483646992,0.832055110834072,"NS","NS","NS"
"Td00001aa024975",0.360348360927343,-0.674110585159284,0.573491091200644,"NS","NS","NS"
"Td00001aa024999",-0.76996453080158,0.257672609350939,0.849002129100747,"NS","NS","NS"
"Td00001aa025002",0.0745362848715333,0.179606255699956,0.906615644821617,"NS","NS","NS"
"Td00001aa025005",-0.272057046166391,-0.297181191869635,0.883299429812193,"NS","NS","NS"
"Td00001aa025008",0.807204861981312,-0.157665106786328,NA,"NS","NS","NS"
"Td00001aa025021",-1.02466413275406,1.1312632856617,NA,"Down",NA,NA
"Td00001aa025037",-0.212683205501415,-0.0813435959344466,0.950340597752012,"NS","NS","NS"
"Td00001aa025038",-0.2832992752654,-0.688410438237264,0.547759629024285,"NS","NS","NS"
"Td00001aa025105",-0.0906657670331642,0.388387195442644,0.733457061333035,"NS","NS","NS"
"Td00001aa025134",0.440812786236102,0.276764693288652,0.80424861478123,"NS","NS","NS"
"Td00001aa025144",-0.0875102421161748,0.340789618876786,0.847624685914747,"NS","NS","NS"
"Td00001aa025171",-1.25739224917616,0.280773820445854,0.76903346241841,"Down","NS","NS"
"Td00001aa025176",0.289864287760554,0.364364347048329,0.629808887147915,"NS","NS","NS"
"Td00001aa025196",-0.223120324630787,1.20698448597968,NA,"NS",NA,"NS"
"Td00001aa025199",0.159909833344411,0.690586580954233,0.356488145102538,"NS","NS","NS"
"Td00001aa025298",0.049360532707136,-0.245016442526394,0.809735469012938,"NS","NS","NS"
"Td00001aa025313",0.30045667163565,1.68536701153585,0.326541302795568,"NS","NS","NS"
"Td00001aa025335",-0.186066651654714,0.290737937177063,0.718866184520381,"NS","NS","NS"
"Td00001aa025357",-0.387181616828083,-1.02346550242524,0.765565338049168,"NS","NS","NS"
"Td00001aa025382",0.836137708108911,0.18844662587882,0.964376711076543,"NS","NS","NS"
"Td00001aa025395",0.119113464582875,0.627898177873235,0.495075215581662,"NS","NS","NS"
"Td00001aa025408",0.235880224198665,-0.380483395832309,0.729061359517211,"NS","NS","NS"
"Td00001aa025431",0.123388588775693,0.695732268738137,NA,"NS","NS","NS"
"Td00001aa025485",-0.450008483800474,0.313921626928111,0.720431366922084,"NS","NS","NS"
"Td00001aa025490",0.295735909905913,-0.00739544356070024,0.996978378401237,"NS","NS","NS"
"Td00001aa025492",1.91601801261523,0.758931391165261,0.664941070249417,"Up","NS","NS"
"Td00001aa025513",-0.363525966992758,0.428516910302551,0.754368145865578,"NS","NS","NS"
"Td00001aa025521",-0.087756158275299,1.02839873388733,0.443352536034361,"NS","NS","NS"
"Td00001aa025537",0.370671183247056,-0.0812058762987304,0.957691538659208,"NS","NS","NS"
"Td00001aa025542",0.154058993920387,-0.163711516200305,0.926720106879804,"NS","NS","NS"
"Td00001aa025555",-0.529121021508235,-1.43934194753445,0.129472833593448,"NS","NS","NS"
"Td00001aa025562",0.328412134262723,-0.0450212038450641,0.963564300507169,"NS","NS","NS"
"Td00001aa025563",-0.321542820471403,-0.621762778663603,0.596798986994017,"NS","NS","NS"
"Td00001aa025575",0.163612235139772,-0.581358831143178,0.439075120420461,"NS","NS","NS"
"Td00001aa025602",-0.038078576516394,0.0758404721828158,0.957691538659208,"NS","NS","NS"
"Td00001aa025603",0.428899171661439,-0.190817074430819,0.918457455246592,"NS","NS","NS"
"Td00001aa025609",-0.414295655563735,-0.195139459781337,0.853015492068754,"NS","NS","NS"
"Td00001aa025610",0.325896148922096,-0.089648027880957,0.963564300507169,"NS","NS","NS"
"Td00001aa025615",0.405908324874457,0.462861145851668,0.588802889345718,"NS","NS","NS"
"Td00001aa025630",-0.19922530858242,0.100240503367746,0.960638187002572,"NS","NS","NS"
"Td00001aa025654",0.187798131820116,-0.348760682925012,0.788153459524086,"NS","NS","NS"
"Td00001aa025663",0.091062412882488,0.125713780766854,0.91489130035628,"NS","NS","NS"
"Td00001aa025687",-0.230043826533576,-0.0873544876876998,0.930012381520927,"NS","NS","NS"
"Td00001aa025700",0.0727882755116843,0.224560553628166,0.800874474406044,"NS","NS","NS"
"Td00001aa025719",0.164756369985307,-0.0381998900647474,0.98064624992567,"NS","NS","NS"
"Td00001aa025737",0.298929870632952,0.0200494888922191,0.987507650285712,"NS","NS","NS"
"Td00001aa025741",0.00117379097847749,0.372249054195259,0.756691891186808,"NS","NS","NS"
"Td00001aa025749",0.0674128568591725,0.40540657411453,0.724396945703511,"NS","NS","NS"
"Td00001aa025755",-0.350592691523338,0.610925837725775,NA,"NS","NS","NS"
"Td00001aa025764",0.226264727738951,0.0332038418127974,0.983050902160831,"NS","NS","NS"
"Td00001aa025774",-0.06978168195432,-0.268425991969927,0.879913606833672,"NS","NS","NS"
"Td00001aa025783",-0.785546003827769,-0.94233284282923,0.175103832897954,"NS","NS","NS"
"Td00001aa025807",-0.286511814666807,-0.701852450865475,0.535233145985156,"NS","NS","NS"
"Td00001aa025818",0.277602311813063,-0.408345116415739,0.382813094410024,"NS","NS","NS"
"Td00001aa025845",-0.287947037782117,-0.131069794589415,0.947620368533327,"NS","NS","NS"
"Td00001aa025901",-0.119080074795087,0.583703105690384,0.369309824250535,"NS","NS","NS"
"Td00001aa025911",-0.176993669736853,-0.472562612325123,0.715760549154594,"NS","NS","NS"
"Td00001aa025961",-0.463363869545537,0.614872429553775,0.734369262835476,"NS","NS","NS"
"Td00001aa026000",1.33621099154692,0.110700367534724,0.960251995578913,"Up","NS","NS"
"Td00001aa026021",0.0655264296175256,3.32090974919484,NA,"NS",NA,"NS"
"Td00001aa026028",-0.877814145500337,-1.40852744430391,0.277107110548769,"NS","NS","NS"
"Td00001aa026044",-0.641747745638616,0.502454101375463,0.690036370138009,"NS","NS","NS"
"Td00001aa026056",-0.1269474534743,0.00597199148599476,0.998600242269207,"NS","NS","NS"
"Td00001aa026059",-0.314618533667992,0.898914220473174,0.269652197717095,"NS","NS","NS"
"Td00001aa026116",-0.74480770901644,0.440386319175134,0.715735812201698,"NS","NS","NS"
"Td00001aa026124",0.793664348836389,1.89578994975226,0.00212763672014004,"NS","Up","NS"
"Td00001aa026163",0.224773421473587,-0.504698531755804,0.700558888634983,"NS","NS","NS"
"Td00001aa026164",0.205351655478331,-0.619922509975862,0.730351560925409,"NS","NS","NS"
"Td00001aa026165",0.0877444021397495,0.0433488568857648,0.971993123482373,"NS","NS","NS"
"Td00001aa026214",0.233279537200639,-0.664291726978935,0.663827782425246,"NS","NS","NS"
"Td00001aa026237",-0.107577507532178,0.0708731162143841,0.982359158466578,"NS","NS","NS"
"Td00001aa026240",0.238764581780928,-0.398355234187193,0.821407842955497,"NS","NS","NS"
"Td00001aa026300",-0.143467585060149,-0.223783701399777,0.874299691774811,"NS","NS","NS"
"Td00001aa026303",0.0280583260402311,0.662430511666445,0.629035961555747,"NS","NS","NS"
"Td00001aa026315",-0.447117502862855,-0.120850574788951,0.929989272754045,"NS","NS","NS"
"Td00001aa026321",-0.103958864614649,-0.72926376132122,0.498193275254374,"NS","NS","NS"
"Td00001aa026362",-0.0991949490603755,1.15593982449489,0.150546618534207,"NS","NS","NS"
"Td00001aa026367",-0.366536755834526,-0.268358945214686,0.745900061175791,"NS","NS","NS"
"Td00001aa026374",-1.19551503587271,0.697760222325391,0.267703017593514,"Down","NS","NS"
"Td00001aa026379",-0.280033788118256,0.322844066636598,0.757161897058263,"NS","NS","NS"
"Td00001aa026392",0.309619039715246,0.239099785032499,0.80003372352467,"NS","NS","NS"
"Td00001aa026395",-0.764014057972664,-0.474101210600536,0.659707329816655,"NS","NS","NS"
"Td00001aa026407",-0.109976905197946,-1.01378966914808,0.509956167124862,"NS","NS","NS"
"Td00001aa026412",-0.857698477147073,0.148282096147726,0.935964261125108,"NS","NS","NS"
"Td00001aa026443",1.150064975421,-0.0451821222928597,0.980410426081829,"Up","NS","NS"
"Td00001aa026454",-0.945246598637834,0.613378806649651,0.385170990267334,"NS","NS","NS"
"Td00001aa026479",-0.20390345189974,0.203062072855841,0.872775392457521,"NS","NS","NS"
"Td00001aa026554",-1.05141042243474,-0.339471571899115,0.771514666067541,"Down","NS","NS"
"Td00001aa026564",0.26392142168899,-0.324944868121414,0.604022632731114,"NS","NS","NS"
"Td00001aa026579",-0.83524392544022,0.375638485700818,0.809530725957727,"NS","NS","NS"
"Td00001aa026590",3.13019881715798,-1.26034144038158,0.80027142929216,"Up","NS","NS"
"Td00001aa026612",0.143435902278428,0.614332937341289,0.732710739693443,"NS","NS","NS"
"Td00001aa026621",0.199452459302709,-0.570860462256785,0.380077290822499,"NS","NS","NS"
"Td00001aa026639",0.320292557907044,-0.471422308876065,0.652192787378557,"NS","NS","NS"
"Td00001aa026669",-0.678071997742356,-0.130414064271199,0.960559162946307,"NS","NS","NS"
"Td00001aa026683",-0.0251827544683765,-1.27524782202278,0.554767382747136,"NS","NS","NS"
"Td00001aa026709",-0.225987142500659,-0.0868460170847715,0.981355878747572,"NS","NS","NS"
"Td00001aa026728",-0.612390070946948,0.174719513961884,0.879610844213025,"NS","NS","NS"
"Td00001aa026761",-0.228594627884147,-0.164110746378666,0.934846529168422,"NS","NS","NS"
"Td00001aa026772",0.251368463227371,-0.14103393381957,0.9013419751999,"NS","NS","NS"
"Td00001aa026785",-0.033886793473625,0.548741403177225,0.675755476246194,"NS","NS","NS"
"Td00001aa026788",-0.668210903290188,0.456863294024532,0.758080766055864,"NS","NS","NS"
"Td00001aa026789",0.216104961514482,-0.0801762422736397,0.959333890082878,"NS","NS","NS"
"Td00001aa026828",0.00363775160993501,0.639416977216501,0.596646595224864,"NS","NS","NS"
"Td00001aa026835",-0.596269914797813,-0.514774858998479,0.606244705687036,"NS","NS","NS"
"Td00001aa026838",-0.02779593203867,0.679262338555368,0.376662495414445,"NS","NS","NS"
"Td00001aa026846",-0.0819174381465414,0.218236414676712,0.764982468493663,"NS","NS","NS"
"Td00001aa026874",-0.878397056126668,-0.735414786760764,0.558158123891988,"NS","NS","NS"
"Td00001aa026923",-0.0922831230448548,-0.265390204236313,0.882466564685913,"NS","NS","NS"
"Td00001aa026934",0.125642826974996,-0.475014531839307,0.785442937028851,"NS","NS","NS"
"Td00001aa026936",0.277643920621325,-0.139128608225035,0.942054197612457,"NS","NS","NS"
"Td00001aa026945",0.530601629885998,-0.40281867803092,0.718866184520381,"NS","NS","NS"
"Td00001aa026949",-0.243542714463196,0.304818023233123,0.848561941281072,"NS","NS","NS"
"Td00001aa026977",-0.152889372497442,-0.985013740330408,0.306715016036845,"NS","NS","NS"
"Td00001aa026979",0.523290376240307,0.877269451497163,0.14643843314155,"NS","NS","NS"
"Td00001aa026996",0.188181919144762,-0.727527237333883,0.345873696368047,"NS","NS","NS"
"Td00001aa026999",-0.260704333214193,0.100760663339351,0.955978210761888,"NS","NS","NS"
"Td00001aa027000",-0.179337076178057,-0.239453213298728,0.854766920002479,"NS","NS","NS"
"Td00001aa027028",1.6312108454344,-0.125803471155535,0.921910761936764,"Up","NS","NS"
"Td00001aa027056",0.234708030483386,0.471984857142365,0.753485209461839,"NS","NS","NS"
"Td00001aa027076",-0.495128158653692,0.612390708068901,0.337708747204722,"NS","NS","NS"
"Td00001aa027091",0.858959868670235,0.248905433497583,0.733727706964726,"NS","NS","NS"
"Td00001aa027148",-0.191120652780435,1.3938935399589,0.0285916639452018,"NS","Up","NS"
"Td00001aa027156",-0.0741148326678752,-1.16181144394067,0.478334905281782,"NS","NS","NS"
"Td00001aa027184",0.242401705351343,0.517321777193229,0.625079048913689,"NS","NS","NS"
"Td00001aa027215",-0.236770262857815,-0.539123157720718,0.791341451310277,"NS","NS","NS"
"Td00001aa027233",-0.490319442374906,-0.145439398078979,0.904130574278277,"NS","NS","NS"
"Td00001aa027253",0.373142574820899,1.94623762590612,0.000154724025265474,"NS","Up","NS"
"Td00001aa027294",-0.184354924931354,0.152694295860737,0.905929755721712,"NS","NS","NS"
"Td00001aa027311",0.20128101264228,0.480284978345496,0.722665667893853,"NS","NS","NS"
"Td00001aa027315",-0.226601725663089,-0.721128715044045,0.167727959471542,"NS","NS","NS"
"Td00001aa027352",-0.400299941009436,0.0740641949862747,0.974742032671647,"NS","NS","NS"
"Td00001aa027354",0.076045531242724,1.32524049557965,0.0678143667162539,"NS","NS","NS"
"Td00001aa027362",-0.133026863122626,0.447770113601016,0.788338830171754,"NS","NS","NS"
"Td00001aa027373",0.430995393574789,0.290319534641184,0.734369262835476,"NS","NS","NS"
"Td00001aa027377",-0.311977066762292,-0.450329557202229,0.636490728907147,"NS","NS","NS"
"Td00001aa027392",-0.489545178012928,-0.538514211562684,0.554226848055303,"NS","NS","NS"
"Td00001aa027396",0.911901935975526,0.212353101263885,0.921001788187007,"NS","NS","NS"
"Td00001aa027410",-0.0950023294286825,1.75443941396812,0.455575716173492,"NS","NS","NS"
"Td00001aa027429",-2.36889087253532,0.38967343676708,0.474335890368678,"Down","NS","NS"
"Td00001aa027470",-0.423427589212364,0.521507548902713,0.455303888458239,"NS","NS","NS"
"Td00001aa027502",0.750007695660696,1.1645469808394,0.0905337658965713,"NS","NS","NS"
"Td00001aa027591",-0.294060276775852,-0.558841715826153,0.637816223528831,"NS","NS","NS"
"Td00001aa027593",-1.36194405996805,-0.979907908600898,0.0956163066994312,"Down","NS","NS"
"Td00001aa027613",-0.346798426899143,-0.215987093858851,0.888978867309697,"NS","NS","NS"
"Td00001aa027623",-0.90498593081651,0.843134917085062,0.376114544205902,"NS","NS","NS"
"Td00001aa027648",-1.32312888289688,0.489239713144036,0.72912372099291,"Down","NS","NS"
"Td00001aa027657",0.447347204006518,0.141569115774526,0.933447276328492,"NS","NS","NS"
"Td00001aa027665",-1.26334377101196,-0.0634585820313038,0.969247848373451,"Down","NS","NS"
"Td00001aa027675",-0.0831502593871415,-0.951673492026941,0.100379822939518,"NS","NS","NS"
"Td00001aa027714",0.155845042454747,-0.451223689089067,0.631893022284105,"NS","NS","NS"
"Td00001aa027730",0.114735164923363,0.187815772913895,0.894110497724151,"NS","NS","NS"
"Td00001aa027774",0.1350473184838,-0.0189516591414128,0.986992012372329,"NS","NS","NS"
"Td00001aa027797",0.0873007751634256,0.234828858008076,0.799814316965365,"NS","NS","NS"
"Td00001aa027802",-0.187671558016913,0.202698893672931,0.913498610509346,"NS","NS","NS"
"Td00001aa027827",0.0270603108056817,0.695732268738137,NA,"NS","NS","NS"
"Td00001aa027832",-0.336539606771412,-0.825690706513675,NA,"NS","NS","NS"
"Td00001aa027858",0.0111208508821568,-0.393482480960332,0.740733068271074,"NS","NS","NS"
"Td00001aa027890",0.362579151829626,0.161509945145028,0.902848266290631,"NS","NS","NS"
"Td00001aa027909",0.0277670396130459,-0.20612603493352,0.914885937462005,"NS","NS","NS"
"Td00001aa027912",1.50593521147968,1.13791051796898,NA,"Up",NA,NA
"Td00001aa027914",0.326589242362608,0.568189694046022,0.531227035024564,"NS","NS","NS"
"Td00001aa027933",0.018986408087682,0.144675839677862,0.913287403350078,"NS","NS","NS"
"Td00001aa027951",-0.0298805686158064,-0.2967362978454,0.669867083434913,"NS","NS","NS"
"Td00001aa027967",0.890157522826148,0.466474293674685,0.839540095207509,"NS","NS","NS"
"Td00001aa027982",-0.229311804125566,-0.837041037099608,0.499856087859066,"NS","NS","NS"
"Td00001aa028028",0.107203781981023,-0.293105683473703,0.830184705752126,"NS","NS","NS"
"Td00001aa028035",-0.340555652677786,-0.461212889026939,NA,"NS","NS","NS"
"Td00001aa028045",0.112356580295766,-0.785321436670667,0.476301329051649,"NS","NS","NS"
"Td00001aa028052",-0.583037834846477,0.257382185356235,0.892936069129256,"NS","NS","NS"
"Td00001aa028067",-0.330040618961984,0.628798082266647,0.562755572980205,"NS","NS","NS"
"Td00001aa028076",-0.612251166413522,0.297797959157849,0.785442937028851,"NS","NS","NS"
"Td00001aa028090",0.400715841753091,1.81844344072792,0.511263066680123,"NS","NS","NS"
"Td00001aa028092",-0.0805576257383737,-0.0528400866984509,0.981612075897228,"NS","NS","NS"
"Td00001aa028093",-0.227891066939453,0.198078659136566,0.886138590600944,"NS","NS","NS"
"Td00001aa028094",0.0664841870958793,0.544163186607215,0.513125603167473,"NS","NS","NS"
"Td00001aa028117",-0.196111975479925,-0.464204137977396,0.898981215240485,"NS","NS","NS"
"Td00001aa028122",-0.617114198480354,3.21788266488084,0.232450525469981,"NS","NS","NS"
"Td00001aa028132",0.26500613231832,-0.284885660235248,0.739483289388436,"NS","NS","NS"
"Td00001aa028156",0.54729215508373,-0.0551520446859804,0.974742032671647,"NS","NS","NS"
"Td00001aa028157",0.380457370802334,-2.09119175960719,0.377095332458601,"NS","NS","NS"
"Td00001aa028176",0.661937943880972,0.428922559311962,0.804419270154326,"NS","NS","NS"
"Td00001aa028184",-0.523779365348215,-0.310674595592838,0.744013905910152,"NS","NS","NS"
"Td00001aa028191",-0.220335806614156,0.197771782690942,0.882379592866017,"NS","NS","NS"
"Td00001aa028216",0.24524139773071,-0.0214102752148685,0.990521654862172,"NS","NS","NS"
"Td00001aa028219",0.242927921652438,-0.0433418904676559,0.980345243713918,"NS","NS","NS"
"Td00001aa028223",-0.634699295391594,-1.28465467579957,0.0187752718239841,"NS","Down","NS"
"Td00001aa028245",-0.155335808445489,0.255603409895948,0.821808762330355,"NS","NS","NS"
"Td00001aa028256",-0.487492575528413,-0.555344265521518,0.503705634505721,"NS","NS","NS"
"Td00001aa028274",-0.218108140099319,-0.122791635726423,0.932698100342166,"NS","NS","NS"
"Td00001aa028276",0.366316503460202,2.40230610581831,0.188530711439998,"NS","NS","NS"
"Td00001aa028280",-0.822288717748322,-0.955786588427111,0.214853026504783,"NS","NS","NS"
"Td00001aa028282",-0.0972376204789095,0.0985248779111332,0.919353881107663,"NS","NS","NS"
"Td00001aa028299",-0.78256406954724,-0.256863186678704,0.811348760461799,"NS","NS","NS"
"Td00001aa028305",-0.49661222085765,-0.139306614073547,0.942626456449789,"NS","NS","NS"
"Td00001aa028313",0.628318303019486,-0.342704596470232,0.756649185141258,"NS","NS","NS"
"Td00001aa028339",0.0173319527072298,0.235848212651668,0.787963064662846,"NS","NS","NS"
"Td00001aa028388",0.0758329122663901,0.0702633533985177,0.970086212523898,"NS","NS","NS"
"Td00001aa028473",0.117517702402017,-1.48584543118059,0.0349956592885487,"NS","Down","NS"
"Td00001aa028476",-0.407403627506606,-0.41445458919837,0.73256317167204,"NS","NS","NS"
"Td00001aa028486",0.264846985622831,0.166387714345371,0.916763244134996,"NS","NS","NS"
"Td00001aa028519",0.012310476641114,0.312016913110806,0.665692627169985,"NS","NS","NS"
"Td00001aa028527",0.20315552672778,0.180697403512163,0.913396586459379,"NS","NS","NS"
"Td00001aa028532",-0.29338687239393,-0.867090787851686,0.55392279025689,"NS","NS","NS"
"Td00001aa028533",0.21357245572694,-0.164537365360456,0.904855671743992,"NS","NS","NS"
"Td00001aa028555",-0.448853563328202,-0.632403409698161,0.502277753721846,"NS","NS","NS"
"Td00001aa028566",-0.088721795770641,0.283260064714781,0.862231178102442,"NS","NS","NS"
"Td00001aa028579",-0.337109089196493,-0.139847104087162,0.935964261125108,"NS","NS","NS"
"Td00001aa028586",0.871305087218118,1.55914516196506,0.0242552916591533,"NS","Up","NS"
"Td00001aa028607",-0.19637925783133,-0.627776723775963,0.497388984980723,"NS","NS","NS"
"Td00001aa028636",-0.461190319379604,-0.207011614682481,0.91051544755999,"NS","NS","NS"
"Td00001aa028701",-0.359108547126552,0.934419877524378,NA,"NS","NS","NS"
"Td00001aa028735",-0.266160122157502,-0.507520116878709,0.607019175011242,"NS","NS","NS"
"Td00001aa028736",-0.292367476914516,0.971050439773569,0.341851253340125,"NS","NS","NS"
"Td00001aa028751",0.0986128521061128,0.132721441221552,0.942134074389986,"NS","NS","NS"
"Td00001aa028817",-0.296280541318095,0.10979050642784,0.983722809956314,"NS","NS","NS"
"Td00001aa028831",0.212944707352328,0.480408874693992,0.643967525152085,"NS","NS","NS"
"Td00001aa028856",-0.325044753409072,-0.716242907660956,0.678629927008472,"NS","NS","NS"
"Td00001aa028908",-0.104126383745024,0.0199845381339349,0.989917516476517,"NS","NS","NS"
"Td00001aa028928",0.192090600356744,-0.619520000501822,0.763296348243169,"NS","NS","NS"
"Td00001aa028949",-0.0258196243363115,0.723252841526626,0.21384233883952,"NS","NS","NS"
"Td00001aa028978",-0.228664067724305,-1.05566944488926,0.660481773976232,"NS","NS","NS"
"Td00001aa029037",-1.99690208941706,-0.553109412191955,0.412031108482958,"Down","NS","NS"
"Td00001aa029096",0.0265774729604425,0.0530137954715847,0.977721507439033,"NS","NS","NS"
"Td00001aa029097",0.227279551760012,0.0866861333333331,0.962130880811762,"NS","NS","NS"
"Td00001aa029104",-1.30097759737624,0.656246986242001,0.525558849085522,"Down","NS","NS"
"Td00001aa029115",0.359530557155352,0.00132007197057634,0.999799399397698,"NS","NS","NS"
"Td00001aa029134",0.133303719819511,0.00330974188419557,0.999242617718054,"NS","NS","NS"
"Td00001aa029146",0.0781374017274285,0.202637077823298,0.844033187629488,"NS","NS","NS"
"Td00001aa029174",2.09649916801435,1.14901168561974,0.687573833482537,"Up","NS","NS"
"Td00001aa029198",-0.558056536393823,-0.736096278563005,0.72912372099291,"NS","NS","NS"
"Td00001aa029231",1.8737513650356,2.04667795111422,0.00251779632988059,"Up","Up","Up"
"Td00001aa029237",-0.136669327529465,0.496784509810173,0.600125055213484,"NS","NS","NS"
"Td00001aa029273",0.25281979539817,0.420272811002899,0.656012832524734,"NS","NS","NS"
"Td00001aa029295",-0.346656387412025,-0.670790907333191,0.554767382747136,"NS","NS","NS"
"Td00001aa029308",0.231342811740595,-0.28042835305556,0.747111773317375,"NS","NS","NS"
"Td00001aa029351",-1.64181606242748,0.109871528908637,0.983050902160831,"Down","NS","NS"
"Td00001aa029360",0.21046746593893,0.0263138893549123,0.987701421923463,"NS","NS","NS"
"Td00001aa029369",-0.301081574078288,-1.09958859623589,0.267703017593514,"NS","NS","NS"
"Td00001aa029372",-0.552847784689181,0.346225192927998,0.610566325893871,"NS","NS","NS"
"Td00001aa029392",-0.257877208833873,0.660561143605473,0.740760369570914,"NS","NS","NS"
"Td00001aa029407",0.158730452190728,-1.35399995333319,0.205496171686229,"NS","NS","NS"
"Td00001aa029416",0.612193239694583,0.961869853498347,0.540902488631108,"NS","NS","NS"
"Td00001aa029429",-0.499031753022851,-0.5283683177099,0.742819310112063,"NS","NS","NS"
"Td00001aa029431",0.251625436086797,-0.235430351936872,0.940722225714571,"NS","NS","NS"
"Td00001aa029456",0.105258173054632,-0.150285312602724,0.922298010196469,"NS","NS","NS"
"Td00001aa029473",0.449573805643222,-1.41527234059298,0.354070984714879,"NS","NS","NS"
"Td00001aa029481",0.0425448694635729,-0.283719462139608,0.754361974646783,"NS","NS","NS"
"Td00001aa029496",3.98479875069154,-0.494399685341665,0.877612835231881,"Up","NS","NS"
"Td00001aa029502",-0.188764627634431,-0.332590786989946,0.779198870424718,"NS","NS","NS"
"Td00001aa029523",-0.230560041623124,0.655939665280886,0.164637748499205,"NS","NS","NS"
"Td00001aa029531",0.068958891978119,-0.410942098358676,0.770031368099434,"NS","NS","NS"
"Td00001aa029551",-0.637182717118902,-1.21080575906508,0.019038710980218,"NS","Down","NS"
"Td00001aa029557",0.718481152242743,0.15395720972908,0.943064294957321,"NS","NS","NS"
"Td00001aa029567",-0.0169417479138141,1.09768130712104,0.259971689088431,"NS","NS","NS"
"Td00001aa029587",-0.029875456546573,-0.209093875578246,0.82158523707844,"NS","NS","NS"
"Td00001aa029643",-1.02722124321654,-1.02773167939115,0.583893642983823,"Down","NS","NS"
"Td00001aa029674",0.111827929645504,0.0693578998169458,0.985272952358706,"NS","NS","NS"
"Td00001aa029686",0.706387002844103,1.49669840552973,0.134031867339005,"NS","NS","NS"
"Td00001aa029695",-0.341879510655818,-0.40199454130413,0.812955398749908,"NS","NS","NS"
"Td00001aa029705",-0.281130167118119,0.111105786873768,0.932752203722087,"NS","NS","NS"
"Td00001aa029712",-0.225564947925686,-0.465631930873907,0.795321777928593,"NS","NS","NS"
"Td00001aa029721",-0.0254763892513535,-0.790511432621097,0.405036374910063,"NS","NS","NS"
"Td00001aa029752",0.275890944176284,0.841998651856959,0.203838796578646,"NS","NS","NS"
"Td00001aa029759",-0.0602949744074029,0.130520015029527,0.914425231422734,"NS","NS","NS"
"Td00001aa029761",-0.139932613643981,-0.0718157563325815,0.958533702950724,"NS","NS","NS"
"Td00001aa029804",0.191548088567775,0.382705827240602,0.891331316562857,"NS","NS","NS"
"Td00001aa029820",0.118645059076875,-0.0223776036291451,0.988345132664258,"NS","NS","NS"
"Td00001aa029835",0.157282673157793,1.11605872776185,0.48638692372222,"NS","NS","NS"
"Td00001aa029858",0.0476711295269125,0.00766540793978348,0.997251217732089,"NS","NS","NS"
"Td00001aa029865",0.0957563726886105,-0.841739194962347,0.598803044285529,"NS","NS","NS"
"Td00001aa029894",-0.101802605552542,0.11569622016325,0.915560807047156,"NS","NS","NS"
"Td00001aa029896",0.461812479545796,-0.0467446016032227,0.965527985322567,"NS","NS","NS"
"Td00001aa029905",0.177244594273325,-0.0112242340133952,0.996705581652762,"NS","NS","NS"
"Td00001aa029906",1.2641638051347,4.02320646915696,2.72879028905787e-18,"Up","Up","Up"
"Td00001aa029929",-0.0933452542908757,0.695732268738137,NA,"NS","NS","NS"
"Td00001aa030087",-0.576569711600391,2.02159763449806,0.0130013059666206,"NS","Up","NS"
"Td00001aa030153",0.128409929645518,-0.539135991809911,0.522935763628391,"NS","NS","NS"
"Td00001aa030156",0.15853552024019,-0.0418099120823128,0.977200737687567,"NS","NS","NS"
"Td00001aa030159",-0.206652316217906,-0.229749198069592,0.876182138551885,"NS","NS","NS"
"Td00001aa030163",-0.483288451867949,-1.45802264871829,0.109206395399403,"NS","NS","NS"
"Td00001aa030179",-0.501094471084358,-0.148321931938992,0.893412573707714,"NS","NS","NS"
"Td00001aa030186",0.393050671553474,1.01787313701798,0.166257403634878,"NS","NS","NS"
"Td00001aa030191",-0.33885321723891,-0.0930968398440038,0.981415853347311,"NS","NS","NS"
"Td00001aa030198",-0.27983293376884,-1.67647291208103,0.550837435473691,"NS","NS","NS"
"Td00001aa030210",0.155724933139056,0.944370961389438,0.301493216414681,"NS","NS","NS"
"Td00001aa030219",0.899956140189135,0.888343915571332,0.710433100676174,"NS","NS","NS"
"Td00001aa030221",-0.0073679420658664,-0.0860282060069411,0.963524789635876,"NS","NS","NS"
"Td00001aa030226",-0.464781242728358,0.446807535219505,0.921923901887976,"NS","NS","NS"
"Td00001aa030242",-0.501721644158476,-0.912480076748784,0.130972487794948,"NS","NS","NS"
"Td00001aa030254",-0.123167002262976,1.21493043956913,0.477074012992072,"NS","NS","NS"
"Td00001aa030271",-0.204819656593376,0.0788070699007724,0.945278798527608,"NS","NS","NS"
"Td00001aa030284",-0.435109151780414,-1.38850194499618,NA,"NS",NA,"NS"
"Td00001aa030285",-0.0866375241491645,-0.766262312462146,0.526462481123287,"NS","NS","NS"
"Td00001aa030292",-1.15174525852222,-1.03257169078927,0.345731188288948,"Down","NS","NS"
"Td00001aa030296",-0.933292240923308,0.0897157367099343,0.940722225714571,"NS","NS","NS"
"Td00001aa030298",-0.600195815151134,-0.0286945602453279,0.985646114108993,"NS","NS","NS"
"Td00001aa030336",-0.365609808446272,0.240607351355007,0.777720300518176,"NS","NS","NS"
"Td00001aa030346",-0.65571648951845,-0.333032595278712,0.831881782409221,"NS","NS","NS"
"Td00001aa030351",0.0331195395935945,-0.9144515127553,0.484976046500982,"NS","NS","NS"
"Td00001aa030366",-0.104915143749476,0.812711956212417,0.48245352014581,"NS","NS","NS"
"Td00001aa030369",0.407284026650387,-0.150500090687598,0.879087597404025,"NS","NS","NS"
"Td00001aa030377",0.111003548586604,0.042823357534628,0.977856185803316,"NS","NS","NS"
"Td00001aa030379",0.0466656523638789,0.6308364430875,0.25977758361578,"NS","NS","NS"
"Td00001aa030432",-0.62557793113834,-0.172614878949283,0.921233018795967,"NS","NS","NS"
"Td00001aa030491",-0.0932743346371268,-0.243696867503574,0.793913253694095,"NS","NS","NS"
"Td00001aa030493",0.631334736838905,0.802637337132212,0.271660625098137,"NS","NS","NS"
"Td00001aa030514",-0.353568399165353,-0.964416960188758,0.699127267384724,"NS","NS","NS"
"Td00001aa030528",-0.642853974616001,3.78920832411379,0.123131593283686,"NS","NS","NS"
"Td00001aa030570",0.221909930911032,-0.118728477819411,0.940722225714571,"NS","NS","NS"
"Td00001aa030572",0.399735360126142,-0.324756303447337,0.775943313638611,"NS","NS","NS"
"Td00001aa030578",0.169146259592812,-0.807621771791721,0.191265022708861,"NS","NS","NS"
"Td00001aa030590",-0.545181492826483,-0.524948712818857,0.668544020324187,"NS","NS","NS"
"Td00001aa030594",-0.185760577502997,-0.645132522073345,0.703984379764065,"NS","NS","NS"
"Td00001aa030611",0.4392171032646,-0.446601119293478,0.690887745700164,"NS","NS","NS"
"Td00001aa030626",0.142407394947308,-0.0037884253475181,0.998600242269207,"NS","NS","NS"
"Td00001aa030631",-0.111341619766318,-0.0513498405146122,0.987507650285712,"NS","NS","NS"
"Td00001aa030679",0.277567191193911,0.397425255121219,0.738307609348315,"NS","NS","NS"
"Td00001aa030681",-0.144188749868526,0.435407719733993,0.575418495787481,"NS","NS","NS"
"Td00001aa030742",0.459471263890344,-0.536816314568897,0.847737638016812,"NS","NS","NS"
"Td00001aa030795",0.531050258563509,0.120453709654248,0.895919157378863,"NS","NS","NS"
"Td00001aa030804",0.0717165946202453,0.458595594059922,0.704628435449553,"NS","NS","NS"
"Td00001aa030834",-0.33539580287304,-0.644610826138891,0.72912372099291,"NS","NS","NS"
"Td00001aa030845",-0.0682358678953489,-0.0950893601983985,0.953701406214318,"NS","NS","NS"
"Td00001aa030846",-0.22097957980763,-0.0709121160724938,0.956651347026214,"NS","NS","NS"
"Td00001aa030908",0.150974886889522,0.552908949856365,0.689827473176085,"NS","NS","NS"
"Td00001aa030910",-0.18574695031488,0.419436543735683,0.771470700494866,"NS","NS","NS"
"Td00001aa030913",-0.580080699618339,-0.698226214154952,0.718186394165288,"NS","NS","NS"
"Td00001aa030923",1.45035618234242,0.694069602362161,0.496765815319575,"Up","NS","NS"
"Td00001aa030924",-0.337688308826198,1.18074416695798,0.132421261706048,"NS","NS","NS"
"Td00001aa030930",0.19879369023104,-0.591933254374194,0.668702111229757,"NS","NS","NS"
"Td00001aa030949",0.234926597471045,0.291029242544416,0.795085555224441,"NS","NS","NS"
"Td00001aa030975",0.867992772871906,1.40471944665317,0.443323481588959,"NS","NS","NS"
"Td00001aa030988",-0.0219371552800577,-0.432927458753916,0.597364935977512,"NS","NS","NS"
"Td00001aa030991",0.23467922230391,0.0406903670116355,0.985470654904165,"NS","NS","NS"
"Td00001aa030998",0.153680589408449,0.326796028532548,0.792721313007115,"NS","NS","NS"
"Td00001aa031004",-0.391077638899204,-0.423411244862706,0.509998928078351,"NS","NS","NS"
"Td00001aa031048",-0.177569155385902,1.42503360868366,0.132421261706048,"NS","NS","NS"
"Td00001aa031122",-0.0424222230644915,0.233127741340641,0.899588873465559,"NS","NS","NS"
"Td00001aa031138",-0.00947135890914701,-0.849283278448291,0.372363742309285,"NS","NS","NS"
"Td00001aa031140",-0.0616706958787991,-0.329054535974518,0.899750650826026,"NS","NS","NS"
"Td00001aa031155",-0.344417745002978,-0.136751511799714,0.913685070348144,"NS","NS","NS"
"Td00001aa031170",-0.312188252134831,-0.124901232374672,0.928969541271278,"NS","NS","NS"
"Td00001aa031190",-0.254522767970664,0.00715766435070451,0.997993957930103,"NS","NS","NS"
"Td00001aa031224",-0.572134635810355,0.167805644153272,0.921042197007432,"NS","NS","NS"
"Td00001aa031228",-0.382386360101263,-0.588741303434876,0.742324643312253,"NS","NS","NS"
"Td00001aa031253",-0.215199050334603,-0.531350045785678,0.510519680411933,"NS","NS","NS"
"Td00001aa031261",-0.298941756314698,0.0111010880520979,0.992012932476669,"NS","NS","NS"
"Td00001aa031281",-0.231136575885222,-0.506547838166032,0.632837819716697,"NS","NS","NS"
"Td00001aa031283",-0.224884688525748,0.914244318081338,0.20132247328982,"NS","NS","NS"
"Td00001aa031290",-0.286965352472148,-0.134611618372666,0.903649106618564,"NS","NS","NS"
"Td00001aa031312",0.222584229747474,-0.18538295103319,0.8097426920977,"NS","NS","NS"
"Td00001aa031335",-0.398143753058124,2.41044170389874,NA,"NS",NA,"NS"
"Td00001aa031362",0.0702809211340246,0.224692400348278,0.895043778138581,"NS","NS","NS"
"Td00001aa031364",0.517592940989968,-0.295934211858106,NA,"NS","NS","NS"
"Td00001aa031369",-0.3013771014873,0.834083688055072,0.420106008247277,"NS","NS","NS"
"Td00001aa031377",0.14791520535859,0.890293590109038,0.282594561337141,"NS","NS","NS"
"Td00001aa031383",-0.310631370505531,-1.17684557687055,0.382825191876901,"NS","NS","NS"
"Td00001aa031388",1.79969817616872,0.045032961941646,0.99258700023338,"NS","NS","NS"
"Td00001aa031390",0.350011817315127,0.408527046767355,0.698278740954001,"NS","NS","NS"
"Td00001aa031407",-0.428736544300204,1.06332285368464,0.690144948116999,"NS","NS","NS"
"Td00001aa031427",0.0654427190822693,-0.355618371265881,0.733017260231306,"NS","NS","NS"
"Td00001aa031452",-0.209542385822207,0.560180569195472,0.792341033700464,"NS","NS","NS"
"Td00001aa031467",0.512608094320665,-0.00220998124042751,0.999799399397698,"NS","NS","NS"
"Td00001aa031470",0.0485617908392075,1.73884023551845,0.000433635020420179,"NS","Up","NS"
"Td00001aa031499",-0.115558128028756,-0.765421650747383,0.250907623257701,"NS","NS","NS"
"Td00001aa031503",-0.1941371033368,0.440520716009217,0.713740059400479,"NS","NS","NS"
"Td00001aa031505",-0.229573887016578,0.0787816765404867,0.969455652331111,"NS","NS","NS"
"Td00001aa031508",0.532151943057186,0.522540364965454,0.424342090483335,"NS","NS","NS"
"Td00001aa031518",0.123017054902781,0.231858018708919,0.764531489334953,"NS","NS","NS"
"Td00001aa031529",-0.0576401202527968,0.0426639465752163,0.981460513007121,"NS","NS","NS"
"Td00001aa031546",-0.159563438523572,0.187868325916161,0.830116288630565,"NS","NS","NS"
"Td00001aa031553",-0.494720327634467,0.513561827908472,0.816688320847033,"NS","NS","NS"
"Td00001aa031559",0.40608880485658,0.387493851751032,0.785430726734817,"NS","NS","NS"
"Td00001aa031570",-0.187124981518503,-0.653323903034239,0.48962661718118,"NS","NS","NS"
"Td00001aa031595",-1.14690164940681,0.0712191456435956,0.97353627587192,"Down","NS","NS"
"Td00001aa031601",-0.24581608146395,0.0353008079377277,0.986107598931717,"NS","NS","NS"
"Td00001aa031609",0.00227315181225255,-1.05184550766711,0.175693857722908,"NS","NS","NS"
"Td00001aa031663",0.142128038380672,-0.824040062699217,0.454602851038848,"NS","NS","NS"
"Td00001aa031698",-0.0787824655647755,-0.0296461455727437,0.986107598931717,"NS","NS","NS"
"Td00001aa031715",0.45157541190134,0.270295278873383,0.849354872709913,"NS","NS","NS"
"Td00001aa031717",-0.415346550812932,-0.356775152245749,0.687404256200918,"NS","NS","NS"
"Td00001aa031718",0.0352239634994935,-0.157457932346258,0.922268625924615,"NS","NS","NS"
"Td00001aa031722",-0.0657443214049044,-0.485042131706887,0.614657928053304,"NS","NS","NS"
"Td00001aa031756",0.15088354109106,-0.244564170734587,0.910560316058334,"NS","NS","NS"
"Td00001aa031767",0.185813363672455,0.409327919299794,0.7829197835851,"NS","NS","NS"
"Td00001aa031783",0.202162354675641,0.103138359130876,0.952064597539865,"NS","NS","NS"
"Td00001aa031804",0.141299581782782,0.290619780468963,0.77876275721829,"NS","NS","NS"
"Td00001aa031828",0.527325522822597,-0.133162686663912,0.880493239710907,"NS","NS","NS"
"Td00001aa031852",-0.386044207199172,0.27841239039576,0.806011960593215,"NS","NS","NS"
"Td00001aa031940",-0.0254695755523053,-0.266242379578231,0.825531612273261,"NS","NS","NS"
"Td00001aa031961",0.124710545628784,-1.12269831288865,0.548624138486377,"NS","NS","NS"
"Td00001aa031962",0.334276993626556,-0.759631351620648,0.216713005750232,"NS","NS","NS"
"Td00001aa031968",0.0734708947956725,-0.304137328943826,0.750182060202871,"NS","NS","NS"
"Td00001aa031973",0.518632000851567,0.962892772641352,0.00444089789276416,"NS","NS","NS"
"Td00001aa031974",-0.000838988901203696,-0.800341972318182,0.668702111229757,"NS","NS","NS"
"Td00001aa031975",0.143648418353418,-0.478417643872642,0.753808118836669,"NS","NS","NS"
"Td00001aa031977",-0.220662156283655,-0.512883744256284,0.496765815319575,"NS","NS","NS"
"Td00001aa031979",0.0610993544076017,0.125572958875401,0.954052104030365,"NS","NS","NS"
"Td00001aa031980",-0.00245731108744901,-0.725378605188981,0.535732523529453,"NS","NS","NS"
"Td00001aa031984",-0.604594256287528,0.0166990585149624,0.995575408829622,"NS","NS","NS"
"Td00001aa032048",-0.159640232132282,0.30379427217607,0.666455108333864,"NS","NS","NS"
"Td00001aa032052",0.193225814333192,0.138262055656765,0.924377008212325,"NS","NS","NS"
"Td00001aa032081",-0.347972633561202,-0.251331760248795,0.857886575283574,"NS","NS","NS"
"Td00001aa032084",-0.408630175736063,0.0946820716857645,0.944673013122661,"NS","NS","NS"
"Td00001aa032123",0.398658331151272,0.54061267329145,0.619539341740939,"NS","NS","NS"
"Td00001aa032124",0.246997580316929,0.7687964086849,0.490532790078275,"NS","NS","NS"
"Td00001aa032132",-0.410108297626763,0.209037372793946,0.825445464362875,"NS","NS","NS"
"Td00001aa032137",-0.813553699520243,-0.746814417699637,0.539773260206168,"NS","NS","NS"
"Td00001aa032141",-0.459587295553192,0.0672517989909926,0.965527985322567,"NS","NS","NS"
"Td00001aa032145",-0.230513915480121,-0.0235928293911416,0.99249256687718,"NS","NS","NS"
"Td00001aa032177",-0.545202304769565,0.201947280484403,0.912148856854023,"NS","NS","NS"
"Td00001aa032186",-0.391224589371985,0.611373333680221,0.801966069865285,"NS","NS","NS"
"Td00001aa032222",-0.494816601516962,0.854080156947091,0.828459121614962,"NS","NS","NS"
"Td00001aa032227",-0.995854296987526,-0.00479580669153192,0.998395734870424,"NS","NS","NS"
"Td00001aa032228",-0.802780281323123,0.928218077587653,0.444205989450943,"NS","NS","NS"
"Td00001aa032242",0.442819389821726,0.320341258371426,0.82574346113876,"NS","NS","NS"
"Td00001aa032246",0.0312424212871879,-0.0575189528269079,0.962289609356692,"NS","NS","NS"
"Td00001aa032249",-0.561364060872097,-0.439723395286972,0.572463954522031,"NS","NS","NS"
"Td00001aa032287",-0.294858672998444,0.00398269857737082,0.999242617718054,"NS","NS","NS"
"Td00001aa032304",-0.213929893129691,0.109198390293258,0.942711003517519,"NS","NS","NS"
"Td00001aa032324",-0.0257469269177145,-0.225771905670802,0.793368580400713,"NS","NS","NS"
"Td00001aa032326",-0.634349546999265,-1.00946837809304,0.141790818301045,"NS","NS","NS"
"Td00001aa032331",-0.519818736421247,-0.776704559883264,0.425403475885615,"NS","NS","NS"
"Td00001aa032335",-0.202469515791074,0.331458848927173,0.803681250972828,"NS","NS","NS"
"Td00001aa032339",-0.0850168675647003,-0.345359106972607,0.707208394584713,"NS","NS","NS"
"Td00001aa032340",-0.154745097610747,0.48095333152305,0.698278740954001,"NS","NS","NS"
"Td00001aa032354",0.0666462412664485,-0.168906115932458,0.910560316058334,"NS","NS","NS"
"Td00001aa032374",-0.549265727897026,0.0175353723742933,0.998395734870424,"NS","NS","NS"
"Td00001aa032375",-0.159341504581432,0.461475597967473,0.496598582667784,"NS","NS","NS"
"Td00001aa032377",-0.044006604582256,0.968086690425442,0.0516766661886375,"NS","NS","NS"
"Td00001aa032452",0.059570691240443,-0.0824221277435786,0.953754406311499,"NS","NS","NS"
"Td00001aa032468",-0.0607784352173102,-0.00073594464790141,0.999799399397698,"NS","NS","NS"
"Td00001aa032476",0.0851640859326547,-0.22287067957477,0.884317660498815,"NS","NS","NS"
"Td00001aa032481",-0.100392616349748,0.136114403718566,0.888779300445591,"NS","NS","NS"
"Td00001aa032506",-0.35830955794051,0.192868301532571,0.915560807047156,"NS","NS","NS"
"Td00001aa032508",-0.638741783959434,-0.490658981310078,0.701219961291281,"NS","NS","NS"
"Td00001aa032516",0.403921530399731,-0.510538541241039,0.855142896608112,"NS","NS","NS"
"Td00001aa032522",-0.208398026501855,-0.450983617475353,0.801483181390002,"NS","NS","NS"
"Td00001aa032526",0.145717910559283,0.684100265160658,0.557150121152589,"NS","NS","NS"
"Td00001aa032537",0.129840365363181,-0.201811300136137,0.955978210761888,"NS","NS","NS"
"Td00001aa032563",0.0275066892385115,0.225561357620902,0.84637325217628,"NS","NS","NS"
"Td00001aa032573",0.169493348258643,-0.111175187766505,0.923477780298121,"NS","NS","NS"
"Td00001aa032581",-0.133591749388427,0.222498047281292,0.899005788407052,"NS","NS","NS"
"Td00001aa032582",-0.0885439065894315,0.274005609286074,0.721128682624738,"NS","NS","NS"
"Td00001aa032609",-0.049712990118268,0.400333557077335,0.661182510554398,"NS","NS","NS"
"Td00001aa032610",-0.336307527976218,0.392814163901141,0.819933590398775,"NS","NS","NS"
"Td00001aa032621",-0.177037192672849,-0.433719994251322,0.481217181037824,"NS","NS","NS"
"Td00001aa032622",0.285491464108991,0.206502028480205,0.897008363075768,"NS","NS","NS"
"Td00001aa032628",-0.270796163382788,0.775555441121631,0.510068183068683,"NS","NS","NS"
"Td00001aa032658",-0.718102559709981,-1.23802634368062,0.267703017593514,"NS","NS","NS"
"Td00001aa032666",-0.0353683146052974,0.277417547000327,0.879610844213025,"NS","NS","NS"
"Td00001aa032668",-0.515114162755115,2.91919483724496,NA,"NS",NA,"NS"
"Td00001aa032674",0.105906030826952,-0.362773338787896,0.749817703740968,"NS","NS","NS"
"Td00001aa032705",-0.250132116391585,1.69728629877192,NA,"NS",NA,"NS"
"Td00001aa032796",-1.15868106371472,-0.682376490454303,0.718375946277393,"Down","NS","NS"
"Td00001aa032805",-0.154407685915944,-1.1921618927138,0.41469560950067,"NS","NS","NS"
"Td00001aa032812",0.243648604604457,-2.38931330641467,0.0273459736605921,"NS","Down","NS"
"Td00001aa032831",-0.78349965933274,-2.20054988749173,0.313979997655128,"NS","NS","NS"
"Td00001aa032871",-0.18674957647609,-0.710854188485601,0.393634634581084,"NS","NS","NS"
"Td00001aa032914",-0.605996998149716,1.36416916663498,0.484976046500982,"NS","NS","NS"
"Td00001aa032937",-0.335355694694873,-0.158442770788419,0.872830763923168,"NS","NS","NS"
"Td00001aa032944",-0.284327567260681,-0.608504585987552,0.349171525104483,"NS","NS","NS"
"Td00001aa032974",0.432289796755002,0.420387828669314,0.631789643853094,"NS","NS","NS"
"Td00001aa032984",-0.53131070325914,-0.0293949683224821,0.986107598931717,"NS","NS","NS"
"Td00001aa032992",0.0382644740138025,0.459359667450189,0.681932666569376,"NS","NS","NS"
"Td00001aa032999",-0.939872049109122,-1.20924317046918,0.0869398197218801,"NS","NS","NS"
"Td00001aa033030",0.102279454596467,-0.06690819414755,0.976452906836755,"NS","NS","NS"
"Td00001aa033036",-0.111289992373576,0.0850702843017745,0.956302190284669,"NS","NS","NS"
"Td00001aa033040",-0.448151780798969,0.176885074036796,0.893620573892767,"NS","NS","NS"
"Td00001aa033052",-1.2355978766343,0.134059775248449,0.931424918339557,"Down","NS","NS"
"Td00001aa033082",0.144274612007936,-0.413387689933386,0.499917973792351,"NS","NS","NS"
"Td00001aa033097",-0.0927370088152935,0.273532402880122,0.814414905705923,"NS","NS","NS"
"Td00001aa033115",-0.462374350510119,-0.538705827368743,0.546320241597604,"NS","NS","NS"
"Td00001aa033150",0.417972991940482,1.31393888575521,0.551534187360781,"NS","NS","NS"
"Td00001aa033168",0.694123069346448,-0.337936005134969,0.756123888725094,"NS","NS","NS"
"Td00001aa033192",2.82943663467199,2.73438401464419,0.171306236963844,"Up","NS","NS"
"Td00001aa033220",0.1675641465502,-0.0637999767069138,0.965075271659587,"NS","NS","NS"
"Td00001aa033265",0.433400857986955,-0.14937279366035,0.932794297669666,"NS","NS","NS"
"Td00001aa033307",3.08959138833756,-0.981210464739299,0.781583392052379,"Up","NS","NS"
"Td00001aa033308",2.27572322718484,-1.77995470437626,0.460786929715188,"Up","NS","NS"
"Td00001aa033326",-0.189533591903637,0.625053487429005,0.7705410959325,"NS","NS","NS"
"Td00001aa033328",-0.077627620094497,0.136256751359447,0.884156434957238,"NS","NS","NS"
"Td00001aa033337",1.36366505226293,-0.30750074320611,0.702780029723726,"Up","NS","NS"
"Td00001aa033340",-0.482077159121242,0.130672529933387,0.913685070348144,"NS","NS","NS"
"Td00001aa033405",1.23891456542904,-1.11671989049587,0.244150560117689,"Up","NS","NS"
"Td00001aa033446",-0.725842251783236,0.720100782262718,0.606240560563215,"NS","NS","NS"
"Td00001aa033459",-0.115008835156246,-0.0137808749658837,0.996081679940763,"NS","NS","NS"
"Td00001aa033486",-0.225272836662373,-0.54538651505141,0.621427304527096,"NS","NS","NS"
"Td00001aa033495",-0.37110887276035,0.79224302545773,0.390667634668628,"NS","NS","NS"
"Td00001aa033537",0.230420267536763,0.440947316980598,NA,"NS","NS","NS"
"Td00001aa033551",-0.105613154308167,-0.217896090681032,0.877928809069048,"NS","NS","NS"
"Td00001aa033616",0.729570540354629,0.800960206426009,0.515000670675798,"NS","NS","NS"
"Td00001aa033621",1.32830708031386,0.13382827289409,0.965075271659587,"Up","NS","NS"
"Td00001aa033636",0.409356536780472,0.547036767050343,0.666439402157486,"NS","NS","NS"
"Td00001aa033656",0.174497950679002,0.617213165736112,0.491147801584519,"NS","NS","NS"
"Td00001aa033660",0.818458108555177,-0.256101835590634,0.905199770881259,"NS","NS","NS"
"Td00001aa033666",-0.211588126233901,0.149792271363049,0.924211158848332,"NS","NS","NS"
"Td00001aa033701",-0.736395157984139,-0.329307872803101,0.851991106413904,"NS","NS","NS"
"Td00001aa033703",-0.351492384880449,-0.458366145020591,0.719499707853297,"NS","NS","NS"
"Td00001aa033730",-0.0169193591137955,0.584373942068894,0.602718045039487,"NS","NS","NS"
"Td00001aa033737",0.018784473765609,0.17513247749542,0.883140770796997,"NS","NS","NS"
"Td00001aa033745",-0.496305692356836,-1.28694405629954,0.15268278804115,"NS","NS","NS"
"Td00001aa033758",-0.877844058319945,0.832385716636806,0.687757021133911,"NS","NS","NS"
"Td00001aa033760",1.69497161042667,-0.754769418827059,0.731671751245239,"Up","NS","NS"
"Td00001aa033769",0.345679934753941,1.2090337760358,0.153972875241503,"NS","NS","NS"
"Td00001aa033778",0.14411632917863,-0.679254712358367,0.379805360844473,"NS","NS","NS"
"Td00001aa033786",-0.276201879527167,-2.18607094276884,NA,"NS",NA,"NS"
"Td00001aa033787",0.0608797372356668,-0.244980192507245,0.885360751207859,"NS","NS","NS"
"Td00001aa033790",-0.565341995612616,0.115502605484725,0.965548850899249,"NS","NS","NS"
"Td00001aa033798",0.064573289980941,0.033594511101393,0.979312101963716,"NS","NS","NS"
"Td00001aa033828",-0.0997217392560765,0.341922030199416,0.759176788308047,"NS","NS","NS"
"Td00001aa033840",0.0631304510756328,0.665080974291398,0.361946101317654,"NS","NS","NS"
"Td00001aa033844",0.079756249864807,0.453181232295723,0.751981956323633,"NS","NS","NS"
"Td00001aa033846",-0.0988874731334357,-0.719812341050631,0.26127021339697,"NS","NS","NS"
"Td00001aa033857",-0.82031751600051,0.662011595330926,0.613356177989873,"NS","NS","NS"
"Td00001aa033877",-0.608979929804448,0.84028571869325,0.225682921198099,"NS","NS","NS"
"Td00001aa033878",0.339603753622657,-0.684222891647952,0.477446188791268,"NS","NS","NS"
"Td00001aa033917",-0.0286869745501425,0.416854380974929,0.530732181523608,"NS","NS","NS"
"Td00001aa033955",0.78211632298746,0.372897905690588,0.582953033254035,"NS","NS","NS"
"Td00001aa033973",-0.235535856283207,-0.740314428245137,0.252730727149409,"NS","NS","NS"
"Td00001aa034004",0.454885589126384,-0.469045428021648,0.913396586459379,"NS","NS","NS"
"Td00001aa034013",0.7198582955702,0.24922125689309,0.727943276593513,"NS","NS","NS"
"Td00001aa034025",-0.256531206456749,0.790829607997505,0.327055140986948,"NS","NS","NS"
"Td00001aa034031",-0.423296650978656,-0.39173659059634,0.730273333661616,"NS","NS","NS"
"Td00001aa034069",-0.551000379605179,-0.536032514796213,0.629326258610043,"NS","NS","NS"
"Td00001aa034081",0.19067867279498,-1.19931137069972,0.412700339955558,"NS","NS","NS"
"Td00001aa034130",-0.315300924012897,-0.239175692002101,0.866143106304008,"NS","NS","NS"
"Td00001aa034131",0.515382485512345,0.409029693543303,0.721128682624738,"NS","NS","NS"
"Td00001aa034147",-0.328176356968333,-0.672445345928067,0.314927357734041,"NS","NS","NS"
"Td00001aa034166",0.936253294897718,-0.157474311502601,0.886193982674326,"NS","NS","NS"
"Td00001aa034170",0.455203230865144,1.71513646621377,0.632794134951419,"NS","NS","NS"
"Td00001aa034176",-0.122661732205461,-0.321664917402753,0.788076250663239,"NS","NS","NS"
"Td00001aa034177",0.0960106170571052,-0.0237802155568766,0.987417235173905,"NS","NS","NS"
"Td00001aa034202",-0.12696434377859,-0.0732235916861393,0.963606754363759,"NS","NS","NS"
"Td00001aa034214",-0.196100946811005,-0.065501550451633,0.975736799981356,"NS","NS","NS"
"Td00001aa034235",0.312112716317304,-1.15541907065127,0.105613583721746,"NS","NS","NS"
"Td00001aa034241",-0.0628851850486655,0.241666698928862,0.892707782679676,"NS","NS","NS"
"Td00001aa034252",0.199524189848408,0.251048179378592,0.831662506723134,"NS","NS","NS"
"Td00001aa034276",-0.591152385855465,-0.178665847702261,0.822899215581312,"NS","NS","NS"
"Td00001aa034278",-0.417449927223238,0.183606118134081,0.882379592866017,"NS","NS","NS"
"Td00001aa034279",0.586993710447628,0.551308464457674,0.376922073703419,"NS","NS","NS"
"Td00001aa034292",-0.21430831714274,-0.744182699815384,0.629003372104237,"NS","NS","NS"
"Td00001aa034293",0.245038181682179,0.336193838501872,0.870658069313921,"NS","NS","NS"
"Td00001aa034304",-0.40174999296078,1.46693061463265,NA,"NS",NA,"NS"
"Td00001aa034312",-0.40315528666868,0.013768390216143,0.997087888791086,"NS","NS","NS"
"Td00001aa034348",-0.361344241919108,-0.664396661088782,0.490365879291826,"NS","NS","NS"
"Td00001aa034368",-0.360081656436186,1.19587935866648,NA,"NS",NA,"NS"
"Td00001aa034416",-0.994249103819598,0.54579000612483,NA,"NS","NS","NS"
"Td00001aa034418",-2.24233138854996,2.75532040462878,0.266890705943177,"Down","NS","NS"
"Td00001aa034419",0.416660434330255,-0.245248726057475,0.823428703672297,"NS","NS","NS"
"Td00001aa034420",-1.48943377135271,-0.277710988784858,0.903223166047807,"Down","NS","NS"
"Td00001aa034421",-1.86375111449579,0.692102233729891,0.593146654064453,"Down","NS","NS"
"Td00001aa034422",-0.281909819359524,-0.860248417884268,0.391234529300841,"NS","NS","NS"
"Td00001aa034470",-0.143932713910004,0.0913960731625575,0.973385595488573,"NS","NS","NS"
"Td00001aa034489",0.14875724916689,0.54720758905291,0.722063385022615,"NS","NS","NS"
"Td00001aa034494",0.492850119558431,-0.118157325825251,0.904281169564139,"NS","NS","NS"
"Td00001aa034498",0.467708019409503,0.013300220409077,0.997078415912388,"NS","NS","NS"
"Td00001aa034501",0.271783733191596,0.500406131107752,0.811348760461799,"NS","NS","NS"
"Td00001aa034552",0.224088039008194,-0.147986231993639,0.918358594574266,"NS","NS","NS"
"Td00001aa034557",0.31064720051678,0.451110430859708,0.635465334885628,"NS","NS","NS"
"Td00001aa034575",-1.03037610795628,0.00966599870695119,0.996230195986699,"Down","NS","NS"
"Td00001aa034596",0.0489721733807265,-0.0144068404382517,0.997440330893965,"NS","NS","NS"
"Td00001aa034614",0.394411308280574,-0.723622711792067,0.172351362175762,"NS","NS","NS"
"Td00001aa034653",0.093206930018422,-0.248030950258597,0.903649106618564,"NS","NS","NS"
"Td00001aa034718",-0.0947977402279985,0.0127430741015689,0.994399312980584,"NS","NS","NS"
"Td00001aa034766",-0.090853135313991,0.0739517635342153,0.974742032671647,"NS","NS","NS"
"Td00001aa034885",-0.357395883668428,-0.567510204845122,0.499239339437898,"NS","NS","NS"
"Td00001aa034925",-0.050940859033578,0.694860055255115,0.369072466876737,"NS","NS","NS"
"Td00001aa035008",-0.160671601628424,0.249380620619091,NA,"NS","NS","NS"
"Td00001aa035012",-0.32780514329204,0.281698312561959,0.895714946389478,"NS","NS","NS"
"Td00001aa035018",0.272858184594512,-0.809894914571482,0.114000222805433,"NS","NS","NS"
"Td00001aa035022",0.451861901316857,-0.0806228433191513,0.974742032671647,"NS","NS","NS"
"Td00001aa035075",0.0054670155381268,-0.0796106241210232,0.952746987984367,"NS","NS","NS"
"Td00001aa035076",-0.0278993127347244,-0.260596244573965,0.84637325217628,"NS","NS","NS"
"Td00001aa035107",0.26904123753911,0.314636905423575,0.6723996575044,"NS","NS","NS"
"Td00001aa035115",-0.0724242161580935,0.414659887995264,0.664026586905629,"NS","NS","NS"
"Td00001aa035144",-0.320099342284752,0.23723947649947,0.770031368099434,"NS","NS","NS"
"Td00001aa035146",0.372261944988921,0.698075363585511,0.404766473264011,"NS","NS","NS"
"Td00001aa035148",0.0874476182028268,1.31085738867769,0.198637539019135,"NS","NS","NS"
"Td00001aa035162",-0.093859015798609,0.436087455341647,0.692380460176301,"NS","NS","NS"
"Td00001aa035181",-0.608483358382023,-0.828527836689919,0.264543831953146,"NS","NS","NS"
"Td00001aa035184",-0.36247592176844,-0.326809390684071,0.781550231292693,"NS","NS","NS"
"Td00001aa035185",-0.444237590988729,-0.0874487202238626,0.949558029817023,"NS","NS","NS"
"Td00001aa035195",-0.229953466414661,-2.75902925010287,0.413159096952436,"NS","NS","NS"
"Td00001aa035238",0.200498425228245,-0.73223273727981,0.396418592977593,"NS","NS","NS"
"Td00001aa035248",-0.018196953229252,0.0170583381279092,0.992896966514245,"NS","NS","NS"
"Td00001aa035294",-0.622531554314459,-0.631666769423918,0.864258362415521,"NS","NS","NS"
"Td00001aa035331",-0.0256364442223405,-0.295055764725329,0.787185425665874,"NS","NS","NS"
"Td00001aa035337",0.304214767717026,-0.258678030688616,0.895434634086535,"NS","NS","NS"
"Td00001aa035346",0.0252964936523825,-0.264061781933057,0.831881782409221,"NS","NS","NS"
"Td00001aa035347",0.247500331232015,-0.532954497417672,0.483781633861663,"NS","NS","NS"
"Td00001aa035371",-0.346019974171478,-0.593028539641728,0.650750729450507,"NS","NS","NS"
"Td00001aa035373",-0.5163367933816,0.0609995435516255,0.960628238271609,"NS","NS","NS"
"Td00001aa035379",1.70461988585966,1.0569591765626,0.431967464874004,"Up","NS","NS"
"Td00001aa035431",0.075620569373004,0.212371145360868,0.917183716188611,"NS","NS","NS"
"Td00001aa035464",0.167162344390704,-0.439691951044095,0.757161897058263,"NS","NS","NS"
"Td00001aa035476",0.11431728172722,-0.275912534436494,0.817636616887251,"NS","NS","NS"
"Td00001aa035481",-0.535391652498991,-0.320176096275017,0.792674363259439,"NS","NS","NS"
"Td00001aa035639",-0.641085284901756,-0.482939545319373,0.584428427223081,"NS","NS","NS"
"Td00001aa035643",-0.430143371464403,-0.828609086728779,0.237221343541288,"NS","NS","NS"
"Td00001aa035658",-0.450711420353031,-0.0670532867909896,0.972107944249433,"NS","NS","NS"
"Td00001aa035659",0.286807988849314,0.0220934907766512,0.992951721014005,"NS","NS","NS"
"Td00001aa035684",-0.00391732628251101,0.410384517138099,0.607019175011242,"NS","NS","NS"
"Td00001aa035724",-0.0468773908252905,1.51372491436805,NA,"NS",NA,"NS"
"Td00001aa035731",-0.3507549429366,1.99689661788697,0.0275886662674119,"NS","Up","NS"
"Td00001aa035741",0.439646836672335,0.8425742020346,0.242980206402402,"NS","NS","NS"
"Td00001aa035785",-0.237531394421719,0.704586641347541,0.326472776504464,"NS","NS","NS"
"Td00001aa035809",0.352479621570301,-0.0173298499230238,0.992827364105993,"NS","NS","NS"
"Td00001aa035827",-0.818386478928625,0.599382208440785,0.591391265828847,"NS","NS","NS"
"Td00001aa035841",-0.73618948544516,0.123510173825747,0.92424670481384,"NS","NS","NS"
"Td00001aa035848",-0.0929644768463715,-0.448586204957692,0.758750861327295,"NS","NS","NS"
"Td00001aa035875",0.0668556421757625,0.0105278830858239,0.996230195986699,"NS","NS","NS"
"Td00001aa035902",-0.0281322061574445,-0.550948402818162,0.663772419451023,"NS","NS","NS"
"Td00001aa035906",0.056349633680244,-0.122397746933018,0.908740750208686,"NS","NS","NS"
"Td00001aa035935",-0.920540272416108,-0.0884864582040112,0.952087736678124,"NS","NS","NS"
"Td00001aa035990",0.0096621074985933,0.00254619668557418,0.999799399397698,"NS","NS","NS"
"Td00001aa036065",0.182004458342886,-0.180429224112753,0.806011960593215,"NS","NS","NS"
"Td00001aa036082",-0.528374188151268,0.516656059328907,0.531636359828356,"NS","NS","NS"
"Td00001aa036094",0.39076896634691,1.20352325762419,0.563014021191567,"NS","NS","NS"
"Td00001aa036101",0.137636303410876,1.12536281803256,0.252730727149409,"NS","NS","NS"
"Td00001aa036102",0.330973880271131,0.373748046647139,0.762434358829091,"NS","NS","NS"
"Td00001aa036137",-0.338763853277085,-0.0616836341320716,0.956246673251968,"NS","NS","NS"
"Td00001aa036151",0.029246976297947,0.13278531744606,0.917751399545838,"NS","NS","NS"
"Td00001aa036173",-0.464215779810456,-0.0359162650781883,0.989687366482295,"NS","NS","NS"
"Td00001aa036207",-0.141681340568311,-1.47198197703925,0.0407491256230166,"NS","Down","NS"
"Td00001aa036222",1.22652116771342,-0.00965270974635902,0.997251217732089,"Up","NS","NS"
"Td00001aa036235",-0.239265587456153,-0.0485239464695613,0.988567689235246,"NS","NS","NS"
"Td00001aa036240",-0.0381788875490865,0.461064769363158,0.638361286268658,"NS","NS","NS"
"Td00001aa036242",-0.220264459337083,-0.166331449223906,0.904295172569937,"NS","NS","NS"
"Td00001aa036252",-0.3843463815426,-0.0767957819991384,0.980345243713918,"NS","NS","NS"
"Td00001aa036262",-0.0736969369342597,0.215099695245711,0.879313065455689,"NS","NS","NS"
"Td00001aa036277",0.0504907652532111,-0.590135068270853,0.291963572603925,"NS","NS","NS"
"Td00001aa036296",0.254374020247198,-0.178909383617859,0.884317660498815,"NS","NS","NS"
"Td00001aa036311",-0.18332176888236,-0.466330180563582,0.782839252044169,"NS","NS","NS"
"Td00001aa036313",0.212340744184914,-0.138794908446687,0.870077307740178,"NS","NS","NS"
"Td00001aa036338",-0.220128007973395,-0.164233085791008,0.902926940590683,"NS","NS","NS"
"Td00001aa036339",-0.63347331018904,1.64769972243514,NA,"NS",NA,"NS"
"Td00001aa036342",-0.443560347650231,-2.39983593105985,0.00208597584646478,"NS","Down","NS"
"Td00001aa036402",0.00129735541493535,-0.0200257804029901,0.99249256687718,"NS","NS","NS"
"Td00001aa036449",0.345487096762895,0.145299629440129,0.852352245523167,"NS","NS","NS"
"Td00001aa036498",0.279637097860751,-0.270420137004539,0.775070812263141,"NS","NS","NS"
"Td00001aa036512",-0.842764916516827,-1.28512122499567,0.0122182961030984,"NS","Down","NS"
"Td00001aa036562",-0.173516343568836,0.0487411748542204,0.980992647074133,"NS","NS","NS"
"Td00001aa036635",0.610855330011058,-0.194217895442449,0.915560807047156,"NS","NS","NS"
"Td00001aa036672",-0.16441658314956,-0.212963316694355,0.865742266858971,"NS","NS","NS"
"Td00001aa036678",0.0889432171989017,0.301205370852668,0.828459121614962,"NS","NS","NS"
"Td00001aa036680",0.340261739337236,-0.0899643467320066,0.972467442332746,"NS","NS","NS"
"Td00001aa036681",-0.331060731941765,-0.481541756687815,0.625327678225595,"NS","NS","NS"
"Td00001aa036741",-0.0866074626025075,0.701466036171967,0.517875512070253,"NS","NS","NS"
"Td00001aa036782",-0.525040003989251,0.650443320198549,0.384208597322213,"NS","NS","NS"
"Td00001aa036791",-0.239225174301449,-0.225487599200137,0.863126615722249,"NS","NS","NS"
"Td00001aa036796",0.093961240706758,-0.448770831678754,0.437444115201916,"NS","NS","NS"
"Td00001aa036836",1.36725286099234,0.263443549938193,0.948442914665212,"Up","NS","NS"
"Td00001aa036841",-0.424730635621024,-1.02372361471244,0.0982020219886974,"NS","NS","NS"
"Td00001aa036843",-0.686625494828398,1.02130837132703,0.240385385707909,"NS","NS","NS"
"Td00001aa036894",-0.0189021283355605,-0.173803583535577,0.891817581388789,"NS","NS","NS"
"Td00001aa036966",-0.182466771510587,-0.235519671855675,0.885360751207859,"NS","NS","NS"
"Td00001aa036970",-0.580642586503044,1.24213089315244,0.495075215581662,"NS","NS","NS"
"Td00001aa036971",0.000966096558997501,-0.667343180903964,0.488512409652031,"NS","NS","NS"
"Td00001aa036987",0.026086920863381,-0.315562113841218,0.847186393538475,"NS","NS","NS"
"Td00001aa037066",0.412941839126928,-1.01040235574935,0.0465898512854981,"NS","Down","NS"
"Td00001aa037076",-0.208517881011952,0.721738611547436,0.286273662082638,"NS","NS","NS"
"Td00001aa037077",0.240463555230355,-0.702678907965564,0.62242793144326,"NS","NS","NS"
"Td00001aa037112",-0.596569851347202,0.49755572979614,0.65319767937273,"NS","NS","NS"
"Td00001aa037174",0.448107651126799,0.45766999439352,0.752720640662005,"NS","NS","NS"
"Td00001aa037183",-0.472549589330805,0.510426274706718,0.606736652553114,"NS","NS","NS"
"Td00001aa037211",0.0546936844930788,-0.0935234910795293,0.958792312086725,"NS","NS","NS"
"Td00001aa037222",0.0156515979187135,0.993034859232102,0.286143261650329,"NS","NS","NS"
"Td00001aa037225",-0.332640891191494,-0.106717412232209,0.952789380360767,"NS","NS","NS"
"Td00001aa037247",-0.41071285456964,-0.524447941029496,0.781806742414929,"NS","NS","NS"
"Td00001aa037250",-0.215936630869246,-0.473618669738832,0.741800276004877,"NS","NS","NS"
"Td00001aa037271",-0.609376897918002,0.365405899601846,0.771495276657971,"NS","NS","NS"
"Td00001aa037279",1.88245428678625,1.25102014786926,0.435441194427997,"Up","NS","NS"
"Td00001aa037301",-1.29356043665466,-0.408568892109085,0.818279230201634,"Down","NS","NS"
"Td00001aa037305",-1.06941163235126,0.837875356819845,0.337959690767113,"Down","NS","NS"
"Td00001aa037317",-0.263591238817555,0.00559379202943785,0.997251217732089,"NS","NS","NS"
"Td00001aa037324",-0.143212305134151,-1.13377666018397,0.62588813178798,"NS","NS","NS"
"Td00001aa037326",-0.517713597290381,-0.000583254425295224,0.999799399397698,"NS","NS","NS"
"Td00001aa037328",-0.258912844136819,-0.901944889438548,0.355817340458024,"NS","NS","NS"
"Td00001aa037347",-1.00235167090382,0.266449212668068,0.750351019511492,"Down","NS","NS"
"Td00001aa037385",-0.221863329000526,-0.10412906327055,0.956651347026214,"NS","NS","NS"
"Td00001aa037404",-0.0668691883260355,0.0134845042512913,0.994277394501879,"NS","NS","NS"
"Td00001aa037423",0.344621572097059,0.145951843679453,0.860160391306386,"NS","NS","NS"
"Td00001aa037432",0.194740337698716,-0.347229956016957,0.646336426572299,"NS","NS","NS"
"Td00001aa037433",0.513716157405244,0.124965231828272,0.913024746841203,"NS","NS","NS"
"Td00001aa037434",0.0821828499776865,0.160869592992703,0.852715283375116,"NS","NS","NS"
"Td00001aa037439",-0.099134651208561,-1.00099107172646,NA,"NS",NA,"NS"
"Td00001aa037472",-0.428719840295619,-0.363182179238595,0.828459121614962,"NS","NS","NS"
"Td00001aa037535",0.37901689776846,-0.575794629991885,0.390141145954382,"NS","NS","NS"
"Td00001aa037548",-0.0838704866559891,-0.947269021367924,0.481217181037824,"NS","NS","NS"
"Td00001aa037578",-0.81360283299408,-0.470075329392804,0.702157703117565,"NS","NS","NS"
"Td00001aa037699",-0.339378549866855,2.14120780456908,0.131065517085717,"NS","NS","NS"
"Td00001aa037714",-0.543257664318748,1.33420163220896,0.158551808106406,"NS","NS","NS"
"Td00001aa037745",-0.26056071868456,-0.306832068831022,0.884194882742146,"NS","NS","NS"
"Td00001aa038271",-1.36993046226209,-0.101435256427995,0.936404068111459,"Down","NS","NS"
"Td00001aa038310",-0.495719796011548,-0.0385332115954487,0.974498817902916,"NS","NS","NS"
"Td00001aa038328",-0.167388161046831,-0.978642116760015,0.502990475091919,"NS","NS","NS"
"Td00001aa038363",-0.680588701061027,-0.30489017013453,0.880963584429407,"NS","NS","NS"
"Td00001aa038374",-0.412213579268852,-0.533502737432007,0.36203592664507,"NS","NS","NS"
"Td00001aa038382",-1.12370877811788,0.471337876009329,NA,"Down","NS","NS"
"Td00001aa038384",-0.813702703698178,-2.85206521333428,0.208033112087395,"NS","NS","NS"
"Td00001aa038392",0.725247605965118,0.155318263740793,0.926648162978549,"NS","NS","NS"
"Td00001aa038418",-0.276521405524063,-0.0615573078576048,0.974484543091308,"NS","NS","NS"
"Td00001aa038422",-0.0719938047712173,0.182111657158165,0.832689742811543,"NS","NS","NS"
"Td00001aa038436",-0.0812646309328355,-0.90800114607897,0.660245851808422,"NS","NS","NS"
"Td00001aa038447",0.245918324202609,0.627207257167768,NA,"NS","NS","NS"
"Td00001aa038488",0.207981082531576,0.327871077285663,0.738775326859593,"NS","NS","NS"
"Td00001aa038507",-0.408767831672503,0.281608804827197,0.742264612202175,"NS","NS","NS"
"Td00001aa038515",-0.221102098154599,-0.776029010483841,0.379805360844473,"NS","NS","NS"
"Td00001aa038583",-1.03301409280462,-0.35573898581727,0.72874301177555,"Down","NS","NS"
"Td00001aa038589",-0.566412080610696,0.00609485992453159,0.99724696980054,"NS","NS","NS"
"Td00001aa038590",-0.76569481243297,-0.111919685589203,0.924643288622467,"NS","NS","NS"
"Td00001aa038610",0.0342666802307326,-1.08552317865681,0.332960017404841,"NS","NS","NS"
"Td00001aa038640",-0.627126029456178,-0.471846488868807,0.819874297191883,"NS","NS","NS"
"Td00001aa038654",-0.141141933153741,0.0711129239338568,0.960272660866283,"NS","NS","NS"
"Td00001aa038676",0.180452546615364,-0.586563910574264,0.426555343900338,"NS","NS","NS"
"Td00001aa038714",0.502597827943319,0.301584533878423,0.864691177834433,"NS","NS","NS"
"Td00001aa038742",0.350391968245016,1.46237471371114,0.210552442041855,"NS","NS","NS"
"Td00001aa038760",-0.0369229148296735,0.357427858106537,0.491970613398794,"NS","NS","NS"
"Td00001aa038802",-0.104377165208738,-0.539834368549754,0.735467512374368,"NS","NS","NS"
"Td00001aa038815",0.270535957798316,0.127352177887458,0.960958935024804,"NS","NS","NS"
"Td00001aa038831",0.159038455396243,0.141759653812858,0.909111492336773,"NS","NS","NS"
"Td00001aa038841",-0.0932814439890706,0.0926628033969275,0.963556363319174,"NS","NS","NS"
"Td00001aa038884",-0.978497105348209,0.344442013557457,0.64792113254691,"NS","NS","NS"
"Td00001aa038891",-0.211677174464466,-0.5362828441738,0.47808362181597,"NS","NS","NS"
"Td00001aa038923",-0.141988515100345,0.21141264754772,0.831662506723134,"NS","NS","NS"
"Td00001aa038941",-0.014753307038328,-0.030552148283299,0.982606663324694,"NS","NS","NS"
"Td00001aa038952",-0.28666028066456,-0.157419476186675,0.934959883003249,"NS","NS","NS"
"Td00001aa038966",0.59942329624511,-0.230393905014243,0.817636616887251,"NS","NS","NS"
"Td00001aa039000",0.118758990131311,0.186922970892996,0.902954889144955,"NS","NS","NS"
"Td00001aa039027",-0.64273974279473,0.0146642487870862,0.996230195986699,"NS","NS","NS"
"Td00001aa039039",-0.385300425752597,-0.554265364620895,0.820542774707679,"NS","NS","NS"
"Td00001aa039056",-0.154457925490857,0.0218485889930625,0.994277394501879,"NS","NS","NS"
"Td00001aa039086",-0.507097167218594,-1.05111054378937,0.179391324945955,"NS","NS","NS"
"Td00001aa039096",-0.084639981008495,0.344304774498864,0.765766878133304,"NS","NS","NS"
"Td00001aa039101",0.126493417453261,0.328036532515849,0.794494563488289,"NS","NS","NS"
"Td00001aa039118",-0.56913187091791,0.363361753455856,0.92771494656932,"NS","NS","NS"
"Td00001aa039128",-0.304322395687914,0.0900625424964122,0.956715420093873,"NS","NS","NS"
"Td00001aa039129",0.375934166865154,0.0404944569546914,0.977721507439033,"NS","NS","NS"
"Td00001aa039153",0.0561152680270015,3.11986687536894,0.0160491412063741,"NS","Up","NS"
"Td00001aa039164",-0.245317676902984,0.0846263073737899,0.952087736678124,"NS","NS","NS"
"Td00001aa039180",-0.0329701613442508,-0.0394028425909075,0.980625445270196,"NS","NS","NS"
"Td00001aa039184",0.092674423677145,0.230049895312824,0.831136894614413,"NS","NS","NS"
"Td00001aa039187",-0.48256244420285,-0.0760055173901809,0.965548850899249,"NS","NS","NS"
"Td00001aa039192",-0.065169238801823,-0.283155703053123,0.693926613841041,"NS","NS","NS"
"Td00001aa039204",-0.556435511203723,-0.268827837387657,0.904855671743992,"NS","NS","NS"
"Td00001aa039215",0.0215150923816031,0.0740596558470344,0.973385595488573,"NS","NS","NS"
"Td00001aa039218",-0.147146502182804,0.0613057868842763,0.980819021266879,"NS","NS","NS"
"Td00001aa039232",1.99341693494896,0.960069370556742,0.382096125844037,"Up","NS","NS"
"Td00001aa039252",-0.072777919294676,0.387593894378697,0.662530566723491,"NS","NS","NS"
"Td00001aa039287",0.0468206022152235,0.421427768207153,0.781411844651298,"NS","NS","NS"
"Td00001aa039308",1.03772159990275,0.360258502523706,0.946120878766874,"NS","NS","NS"
"Td00001aa039333",0.116135310668571,-0.0113469958926395,0.995575408829622,"NS","NS","NS"
"Td00001aa039340",1.08176155315058,1.92204922771722,0.00143445692181505,"Up","Up","Up"
"Td00001aa039360",-0.5137043605403,0.125157618363175,0.943322591321059,"NS","NS","NS"
"Td00001aa039396",-0.296890558490558,-0.0562408503939902,0.981932958001601,"NS","NS","NS"
"Td00001aa039401",-0.452400628514226,0.204497117718252,0.865210592236382,"NS","NS","NS"
"Td00001aa039407",0.169186259625604,-0.162682070445908,0.900327797841057,"NS","NS","NS"
"Td00001aa039430",-0.82379388074769,0.219434766678517,0.825445464362875,"NS","NS","NS"
"Td00001aa039433",0.475404781515504,0.129515475111672,0.901296695814043,"NS","NS","NS"
"Td00001aa039438",3.03334968331295,1.63106746216671,0.538230296512514,"Up","NS","NS"
"Td00001aa039459",1.31600337071197,0.939556397101156,0.763496756175607,"NS","NS","NS"
"Td00001aa039461",0.348350475636237,0.5525462917101,0.866551619085,"NS","NS","NS"
"Td00001aa039489",-0.804691630877036,-1.16850735695103,0.237766883696455,"NS","NS","NS"
"Td00001aa039526",-0.119992503801004,-1.26735818519756,0.36045488658657,"NS","NS","NS"
"Td00001aa039574",0.0199736821622565,2.56200433354493,NA,"NS",NA,"NS"
"Td00001aa039596",-0.0878078396164055,1.73386251652885,0.393634634581084,"NS","NS","NS"
"Td00001aa039642",-0.663593581010586,-0.597652442322946,0.524358491891519,"NS","NS","NS"
"Td00001aa039711",0.401178332301344,-1.09290296026973,0.591391265828847,"NS","NS","NS"
"Td00001aa039773",-0.106742698431119,-0.190268345470811,0.84637325217628,"NS","NS","NS"
"Td00001aa039796",0.384981602909855,-0.0509829970761431,0.978628706288823,"NS","NS","NS"
"Td00001aa039805",0.463621646340062,0.0594283138072265,0.982303163085796,"NS","NS","NS"
"Td00001aa039904",0.333650259812942,-0.16405609142278,0.90352179705657,"NS","NS","NS"
"Td00001aa039924",-1.34949019198665,0.248579511312023,0.871556604785166,"Down","NS","NS"
"Td00001aa039925",-0.594387082429687,0.736234644191888,0.641223992209345,"NS","NS","NS"
"Td00001aa039945",-0.210720155496625,-0.449820002855954,0.544602548101034,"NS","NS","NS"
"Td00001aa039955",0.490688926108905,3.34864641517518,2.53156160854845e-19,"NS","Up","NS"
"Td00001aa039957",-0.144132339823812,0.0106360122666683,0.996066361778356,"NS","NS","NS"
"Td00001aa039970",-1.08295309160478,-0.738706268731291,0.740138507349105,"Down","NS","NS"
"Td00001aa040065",-0.627134958822127,0.118676196422272,NA,"NS","NS","NS"
"Td00001aa040072",0.640417558288774,2.00533278801479,0.132273635554793,"NS","NS","NS"
"Td00001aa040338",4.13816929980878,7.46741375571298,5.42177754662818e-10,"Up","Up","Up"
"Td00001aa040369",0.289027610035645,-0.963754308753543,0.229075783892071,"NS","NS","NS"
"Td00001aa040383",-0.113670161291538,-0.0510134277733901,0.975163979960376,"NS","NS","NS"
"Td00001aa040453",-0.407016776768862,-1.53072393610515,0.0426569117516165,"NS","Down","NS"
"Td00001aa040459",-0.074812089980336,0.068492158167356,0.959548128942224,"NS","NS","NS"
"Td00001aa040475",0.141647041777628,0.503410446543308,0.55241319011431,"NS","NS","NS"
"Td00001aa040480",-0.571050946879475,0.0507471486715707,0.981816741569406,"NS","NS","NS"
"Td00001aa040497",0.196233001203137,0.14851847626272,0.871420833519313,"NS","NS","NS"
"Td00001aa040501",0.0841185938592226,-0.0201097580998911,0.986418762746932,"NS","NS","NS"
"Td00001aa040532",0.431005335382929,0.134579458837904,0.971452549993908,"NS","NS","NS"
"Td00001aa040539",-0.41233771562382,2.83129450838403,1.72840673121817e-07,"NS","Up","NS"
"Td00001aa040556",0.276233536508863,-0.714912214760935,0.260265280708517,"NS","NS","NS"
"Td00001aa040573",0.332583604999794,0.365535635423583,0.840131393297208,"NS","NS","NS"
"Td00001aa040574",-0.879573649652254,-0.741120834730749,0.441810882993514,"NS","NS","NS"
"Td00001aa040575",2.19332651697077,3.73733454462983,6.40604190069731e-09,"Up","Up","Up"
"Td00001aa040576",0.0605744993527694,0.209854056190123,0.882379592866017,"NS","NS","NS"
"Td00001aa040603",0.107936321375325,-0.320959126337265,0.612696637124028,"NS","NS","NS"
"Td00001aa040622",0.414132119602223,0.415368429926879,0.810713425590995,"NS","NS","NS"
"Td00001aa040675",-0.00218860928796885,-0.188169578388373,0.894859192286239,"NS","NS","NS"
"Td00001aa040687",-0.215531037162218,0.191712386647588,0.825445464362875,"NS","NS","NS"
"Td00001aa040852",-0.618936063322092,-0.642178377474331,0.864529399304056,"NS","NS","NS"
"Td00001aa041092",0.564393231145305,-0.60267313991881,0.63952914092205,"NS","NS","NS"
"Td00001aa041123",-0.440288619655982,-0.365518188856129,0.746185830499427,"NS","NS","NS"
"Td00001aa041149",-0.270838914486875,0.867261702067716,0.167682524826742,"NS","NS","NS"
"Td00001aa041193",0.496182443176331,0.237641085335827,0.776345946192127,"NS","NS","NS"
"Td00001aa041204",-0.117774361845021,0.450497441396216,0.621739274208335,"NS","NS","NS"
"Td00001aa041212",-0.81796452009157,-0.730633908431466,0.492960818246662,"NS","NS","NS"
"Td00001aa041214",0.234270818182761,1.65767637042799,0.257093154774777,"NS","NS","NS"
"Td00001aa041232",-0.18763721438152,0.443277617787233,0.849002129100747,"NS","NS","NS"
"Td00001aa041310",-0.53860174636955,-0.306345415126139,0.785838066147367,"NS","NS","NS"
"Td00001aa041311",0.102394573619202,-0.567308608737051,0.523594409462291,"NS","NS","NS"
"Td00001aa041345",0.177181561231089,0.377551685222194,0.821568418370645,"NS","NS","NS"
"Td00001aa041349",-0.134677449433197,0.039726063614008,0.983722809956314,"NS","NS","NS"
"Td00001aa041359",-0.413323870463683,0.445016342223149,0.532587893851646,"NS","NS","NS"
"Td00001aa041368",-0.383884874420139,0.189954426183251,0.885360751207859,"NS","NS","NS"
"Td00001aa041369",0.426231648995424,-0.159993386173754,0.903639367379537,"NS","NS","NS"
"Td00001aa041542",-1.21325970731138,0.500198977314822,0.7877298911968,"Down","NS","NS"
"Td00001aa041571",-0.202707037436191,-0.120472007347758,0.940722225714571,"NS","NS","NS"
"Td00001aa041578",1.40950314677695,-1.3887815662775,NA,"Up",NA,NA
"Td00001aa041620",-0.667356554304563,0.332146124026944,0.7293655637409,"NS","NS","NS"
"Td00001aa041623",0.137672576547695,0.807121295933873,0.0966428293375246,"NS","NS","NS"
"Td00001aa041632",-0.164426215469386,0.661872777981085,0.666439402157486,"NS","NS","NS"
"Td00001aa041669",0.116400877241895,-0.901832777971238,0.483511162602076,"NS","NS","NS"
"Td00001aa041689",0.376694108901962,0.165983346309562,0.891817581388789,"NS","NS","NS"
"Td00001aa041768",-1.39856931197829,0.743562790422543,0.849938892008588,"NS","NS","NS"
"Td00001aa041887",-0.001532378056441,0.588028380802083,0.804419270154326,"NS","NS","NS"
"Td00001aa041987",0.535176515464768,-0.109951535227932,0.985195360242964,"NS","NS","NS"
"Td00001aa042008",-0.0810289241867705,-2.59421746959926,NA,"NS",NA,"NS"
"Td00001aa042074",-0.439789326499991,-1.3081207441201,NA,"NS",NA,"NS"
"Td00001aa042095",-1.26896997885631,-1.39971435045716,0.129214386713825,"Down","NS","NS"
"Td00001aa042108",0.0991901820373124,0.0902555559987759,0.940070295903919,"NS","NS","NS"
"Td00001aa042109",-0.722747765489104,0.361605618569796,0.803434582631136,"NS","NS","NS"
"Td00001aa042128",-0.108805995758908,0.775410219420262,0.692531538128557,"NS","NS","NS"
"Td00001aa042132",-0.459951801767566,-0.515625702758895,0.714368524641941,"NS","NS","NS"
"Td00001aa042204",-0.0121489400598535,0.527192370486097,0.587340258217731,"NS","NS","NS"
"Td00001aa042231",0.0104521656055302,-0.233920287984792,0.848358854147091,"NS","NS","NS"
"Td00001aa042258",-0.582151763819908,-0.487474951735596,0.744677061277807,"NS","NS","NS"
"Td00001aa042297",-0.140035420732316,0.349313780589958,0.726108286759649,"NS","NS","NS"
"Td00001aa042298",0.605228780401158,1.97525870687235,9.90818469854163e-06,"NS","Up","NS"
"Td00001aa042321",-0.50107604639185,0.177436566057946,0.876182138551885,"NS","NS","NS"
"Td00001aa042752",-0.015483077871904,1.67381458060714,0.00729615957300549,"NS","Up","NS"
"Td00001aa042757",-0.213044069992134,-0.301268431204707,0.779462048235316,"NS","NS","NS"
"Td00001aa042789",-0.205919345818779,-0.416509244729896,0.789121005176846,"NS","NS","NS"
"Td00001aa042790",-0.873844745164954,-0.631710711506442,0.707119149611574,"NS","NS","NS"
"Td00001aa042960",-0.387572193760202,-0.993849038917498,0.723353820676382,"NS","NS","NS"
"Td00001aa043113",0.294216412675224,-0.619753789712149,NA,"NS","NS","NS"
"Td00001aa043176",-0.0942233955871999,-0.0847441444225502,0.954092073785877,"NS","NS","NS"
"Td00001aa043199",-0.400386446269682,-0.961780756054954,0.689391887539863,"NS","NS","NS"
"Td00001aa043200",0.530029623587714,-0.456018129209003,0.748412294872321,"NS","NS","NS"
"Td00001aa043402",-0.342340246315104,-2.69176557430086,NA,"NS",NA,"NS"
"Td00001aa043569",-0.654529150160315,-1.33911290217525,NA,"NS",NA,"NS"
"Td00001aa043572",-0.195994510676794,0.389824865607271,0.716532187329475,"NS","NS","NS"
"Td00001aa043622",0.420223619947213,-0.201660368095456,0.825445464362875,"NS","NS","NS"
"Td00001aa043628",-0.895816504213941,0.165326251703748,0.942054197612457,"NS","NS","NS"
"Td00001aa043715",-0.0372970442312715,3.32090974919484,NA,"NS",NA,"NS"
"Td00001aa043724",-0.611718100415516,0.23520083653435,0.862044886950696,"NS","NS","NS"
"Td00001aa043750",-0.691126404360509,0.0611531564071388,0.967787171518415,"NS","NS","NS"
