"gene_td","gene_zm","log2FC_protein","log2FC_RNA","padj_RNA","DAP","DEG","highlight"
"Td00001aa000021","Zm00001eb330650",-0.274646653460064,0.461060005841635,0.543827711153092,"NS","NS","NS"
"Td00001aa000041","Zm00001eb330480",0.358086517134357,0.482241368872958,0.515520315171702,"NS","NS","NS"
"Td00001aa000042","Zm00001eb330470",0.30943636313487,0.117549633513594,0.869382213116104,"NS","NS","NS"
"Td00001aa000068","Zm00001eb330180",0.204843751223453,-0.270174878443818,0.716438440633226,"NS","NS","NS"
"Td00001aa000081","Zm00001eb330020",0.545370381201773,-0.0818706946851642,0.9229914799757,"NS","NS","NS"
"Td00001aa000082","Zm00001eb330010",0.213620045430633,-0.951066500139426,0.383737570867189,"NS","NS","NS"
"Td00001aa000084","Zm00001eb329980",-0.13311773875421,1.05571174700893,0.23955611002814,"NS","NS","NS"
"Td00001aa000086","Zm00001eb329960",0.260198076368496,-0.700580812200281,0.498970620497467,"NS","NS","NS"
"Td00001aa000108","Zm00001eb329730",-0.827835158654415,-0.0749945657782934,0.969759835834866,"NS","NS","NS"
"Td00001aa000109","Zm00001eb329710",0.332113025576376,0.233824115294746,0.849053338511783,"NS","NS","NS"
"Td00001aa000119","Zm00001eb329590",-0.283669615612606,-0.161578969413755,0.863758040798847,"NS","NS","NS"
"Td00001aa000122","Zm00001eb329550",0.14499307725311,-0.447079265171672,0.786868726575016,"NS","NS","NS"
"Td00001aa000125","Zm00001eb329520",-1.29745636601591,2.81794946863427,0.728527737685826,"Down","NS","NS"
"Td00001aa000146","Zm00001eb329270",-0.246199701198674,0.28484591751644,0.673017762332987,"NS","NS","NS"
"Td00001aa000149","Zm00001eb329240",-0.407621992274098,-1.40928863154302,0.00338804444751298,"NS","Down","NS"
"Td00001aa000157","Zm00001eb329150",-0.330372421535031,0.629189734868049,0.273307367965148,"NS","NS","NS"
"Td00001aa000161","Zm00001eb329090",-0.44418938607766,0.28991839174897,0.720985201924943,"NS","NS","NS"
"Td00001aa000234","Zm00001eb328410",-0.518443691781518,-1.18528076224072,0.0461550209092679,"NS","Down","NS"
"Td00001aa000235","Zm00001eb328400",-0.2209148991614,-0.484207644594223,0.47301080335609,"NS","NS","NS"
"Td00001aa000236","Zm00001eb328390",1.12866969617372,4.12764572695638,3.04619556288125e-14,"Up","Up","Up"
"Td00001aa000271","Zm00001eb328080",-0.0290344445825285,-0.625596951237953,0.397206489090897,"NS","NS","NS"
"Td00001aa000272","Zm00001eb328070",-0.378363026531093,1.34698187174753,0.222668241246357,"NS","NS","NS"
"Td00001aa000301","Zm00001eb327800",-0.429867290922598,0.171670069636976,0.886396136885926,"NS","NS","NS"
"Td00001aa000336","Zm00001eb327430",0.472118669204543,0.300633914117788,0.619220640570324,"NS","NS","NS"
"Td00001aa000346","Zm00001eb327330",0.46536899041462,0.223457868157311,0.800603275477196,"NS","NS","NS"
"Td00001aa000350","Zm00001eb327290",0.279118970882132,0.152899003952842,0.847364348829114,"NS","NS","NS"
"Td00001aa000380","Zm00001eb327030",-0.294079981656887,-0.630368110849145,0.527282228563577,"NS","NS","NS"
"Td00001aa000432","Zm00001eb326640",0.0984452788174932,0.335805918399155,0.72219807682888,"NS","NS","NS"
"Td00001aa000441","Zm00001eb326560",-1.11556383427043,1.59424509231148,NA,"NS",NA,"NS"
"Td00001aa000442","Zm00001eb326540",-0.306415083069813,-0.0820975445038611,0.950158040698848,"NS","NS","NS"
"Td00001aa000457","Zm00001eb326410",-0.051393624622311,-0.144353954431036,0.862383857956504,"NS","NS","NS"
"Td00001aa000466","Zm00001eb326230",0.252302047513788,0.262421525266816,0.766663220985043,"NS","NS","NS"
"Td00001aa000490","Zm00001eb325940",0.027287125133165,-0.361814650769597,0.657054754896723,"NS","NS","NS"
"Td00001aa000499","Zm00001eb325880",-0.13657687807507,0.170376417163063,0.863281349750596,"NS","NS","NS"
"Td00001aa000504","Zm00001eb325820",-0.2999727074264,1.84479819136422,0.000285671649498865,"NS","Up","NS"
"Td00001aa000547","Zm00001eb325270",-0.0767024401281531,0.512246970474277,0.362964865632701,"NS","NS","NS"
"Td00001aa000549","Zm00001eb325230",-1.79129524444636,0.902525515080737,0.158632052781942,"Down","NS","NS"
"Td00001aa000573","Zm00001eb325150",-0.262386219234289,0.0885580883649871,0.933095946515693,"NS","NS","NS"
"Td00001aa000601","Zm00001eb324850",0.512657430742397,-0.432143929441779,0.67351138674961,"NS","NS","NS"
"Td00001aa000663","Zm00001eb324100",0.105117409106508,0.287053208800674,0.812510912901577,"NS","NS","NS"
"Td00001aa000684","Zm00001eb323810",0.424881518206327,0.251216320583588,0.659846333036207,"NS","NS","NS"
"Td00001aa000699","Zm00001eb323700",0.180013716128597,-0.717817560055015,0.204816959588778,"NS","NS","NS"
"Td00001aa000706","Zm00001eb323620",-0.004206585633171,-0.0276407612853161,0.9723394589456,"NS","NS","NS"
"Td00001aa000708","Zm00001eb323600",0.264035956613083,0.620163485586881,0.514466011884898,"NS","NS","NS"
"Td00001aa000756","Zm00001eb323170",0.16938941461832,0.616142582633331,0.279859128182947,"NS","NS","NS"
"Td00001aa000777","Zm00001eb322950",0.310130323247967,1.52269456410889,0.0596718390500133,"NS","NS","NS"
"Td00001aa000799","Zm00001eb322650",-0.343491545505003,0.521683756410367,0.630304431390057,"NS","NS","NS"
"Td00001aa000801","Zm00001eb322620",-0.787305176089579,0.470590711174386,0.317683821623488,"NS","NS","NS"
"Td00001aa000807","Zm00001eb322580",0.603916076057652,0.0916396391281188,0.925961378127993,"NS","NS","NS"
"Td00001aa000820","Zm00001eb322470",-0.250219365481899,-0.110998076420186,0.936316444995278,"NS","NS","NS"
"Td00001aa000830","Zm00001eb322370",0.229122788870867,-0.929652800937377,0.169426830768358,"NS","NS","NS"
"Td00001aa000835","Zm00001eb322340",-0.261803427506601,-0.981285128702161,0.0110785973039039,"NS","NS","NS"
"Td00001aa000845","Zm00001eb322210",0.258643917095294,-1.5518330757998,0.428100614623804,"NS","NS","NS"
"Td00001aa000864","Zm00001eb322060",-0.118718634543276,0.354338741433767,0.745971356869197,"NS","NS","NS"
"Td00001aa000866","Zm00001eb322040",-0.0833543926189215,0.857638563296482,0.268377153275496,"NS","NS","NS"
"Td00001aa000868","Zm00001eb321990",-0.293441082248934,-0.300086242973739,0.672802652131077,"NS","NS","NS"
"Td00001aa000869","Zm00001eb321980",-0.242299388535736,0.583393193326539,0.543269905403318,"NS","NS","NS"
"Td00001aa000883","Zm00001eb321830",-0.572533965450662,0.769602291280259,0.571232100388261,"NS","NS","NS"
"Td00001aa000920","Zm00001eb321360",-1.02142851647663,-1.32349301035481,0.0440874799841722,"Down","Down","Down"
"Td00001aa000926","Zm00001eb321330",0.501061649395165,0.113303494459405,0.901245369299938,"NS","NS","NS"
"Td00001aa000967","Zm00001eb320870",-2.4301876854992,0.178000967030448,0.870618714365752,"Down","NS","NS"
"Td00001aa000997","Zm00001eb104590",-0.666109409920855,-0.182883335535144,0.857739661481981,"NS","NS","NS"
"Td00001aa001066","Zm00001eb319930",-0.549456031244427,0.0387664997970366,0.967010755965492,"NS","NS","NS"
"Td00001aa001073","Zm00001eb331700",0.131705243921801,0.0926702900275665,0.932259850996528,"NS","NS","NS"
"Td00001aa001084","Zm00001eb331770",-0.24177447331367,-1.12591309380242,0.0592540321180197,"NS","NS","NS"
"Td00001aa001111","Zm00001eb331970",0.104358825322308,-0.344112098321574,0.708718962088274,"NS","NS","NS"
"Td00001aa001113","Zm00001eb332000",-0.352731551074132,0.359389565796952,0.811757155950352,"NS","NS","NS"
"Td00001aa001118","Zm00001eb332040",-0.310374173700864,-0.197419730744945,0.754034255660429,"NS","NS","NS"
"Td00001aa001127","Zm00001eb319820",-0.266970889457843,-0.0552345225710466,0.966172137486094,"NS","NS","NS"
"Td00001aa001141","Zm00001eb319680",0.116627352051774,-0.241989350233968,0.761617373921288,"NS","NS","NS"
"Td00001aa001142","Zm00001eb319660",-0.419392714010002,-1.70004244547261,0.0777137917430615,"NS","NS","NS"
"Td00001aa001143","Zm00001eb319670",-0.741156132510703,0.268500512077566,0.864733944115869,"NS","NS","NS"
"Td00001aa001145","Zm00001eb319630",0.010434966519388,-0.0490017626797257,0.977312743848357,"NS","NS","NS"
"Td00001aa001210","Zm00001eb318870",-0.160483497393999,-2.20824553319451,0.00898925924667538,"NS","Down","NS"
"Td00001aa001215","Zm00001eb318780",-0.61286807429131,0.60962180557856,0.656011108042885,"NS","NS","NS"
"Td00001aa001237","Zm00001eb318540",-0.170899515410049,0.341167680933799,0.706001349504537,"NS","NS","NS"
"Td00001aa001245","Zm00001eb318400",-0.477422803773205,-0.223275529108796,0.776062223462212,"NS","NS","NS"
"Td00001aa001265","Zm00001eb318180",0.164057615640154,-0.343592054968568,0.779194961559104,"NS","NS","NS"
"Td00001aa001267","Zm00001eb318160",-0.299052183114762,0.519252702178757,0.543223885907205,"NS","NS","NS"
"Td00001aa001268","Zm00001eb318150",1.73772474526649,-0.476960212752845,0.63645914744944,"Up","NS","NS"
"Td00001aa001283","Zm00001eb317910",0.165303736166903,0.19293704694447,0.853524590724559,"NS","NS","NS"
"Td00001aa001300","Zm00001eb317720",-0.223106212937194,0.142857948502337,0.861684529221053,"NS","NS","NS"
"Td00001aa001301","Zm00001eb317710",-0.275392240517324,0.950572506761826,0.310992737264472,"NS","NS","NS"
"Td00001aa001319","Zm00001eb317480",0.026608436143676,0.124719309578169,0.865822175630021,"NS","NS","NS"
"Td00001aa001322","Zm00001eb102250",0.466429326778566,0.444413051373811,0.524574479230788,"NS","NS","NS"
"Td00001aa001355","Zm00001eb317090",-1.53327227649445,-0.531797646094066,0.433282999365278,"Down","NS","NS"
"Td00001aa001373","Zm00001eb316910",0.243307604366518,0.268945481562365,0.829865171445687,"NS","NS","NS"
"Td00001aa001418","Zm00001eb316500",-0.108137150743551,0.590449180238242,0.3337509793812,"NS","NS","NS"
"Td00001aa001425","Zm00001eb316410",0.294559986297624,0.190714523535523,0.821185262822678,"NS","NS","NS"
"Td00001aa001489","Zm00001eb315770",-0.668578590662571,0.751604462306831,0.299523992367022,"NS","NS","NS"
"Td00001aa001495","Zm00001eb315710",-0.034555187407228,1.30631992674139,0.0760705160456069,"NS","NS","NS"
"Td00001aa001498","Zm00001eb315650",-0.429558566409382,1.3702390161933,0.149081799592898,"NS","NS","NS"
"Td00001aa001511","Zm00001eb315490",1.80878360812621,1.59424509231148,NA,"Up",NA,NA
"Td00001aa001519","Zm00001eb315420",-0.683741194506434,0.669854521688038,0.294046432263313,"NS","NS","NS"
"Td00001aa001541","Zm00001eb315130",0.981271887018479,0.992992772114131,0.335098990274887,"NS","NS","NS"
"Td00001aa001544","Zm00001eb315060",-0.23505961969154,0.908218152758454,0.63088981695492,"NS","NS","NS"
"Td00001aa001550","Zm00001eb315020",-0.250615806787889,0.23453590306778,0.739380551006051,"NS","NS","NS"
"Td00001aa001578","Zm00001eb314710",-0.256756615264432,0.92623872267912,0.192720856733859,"NS","NS","NS"
"Td00001aa001591","Zm00001eb314620",-0.0302608183380191,-1.35494803192694,0.085062768211208,"NS","NS","NS"
"Td00001aa001592","Zm00001eb314610",-0.985033487144169,1.19765646670058,0.695077530896379,"NS","NS","NS"
"Td00001aa001617","Zm00001eb314300",-0.101186301286003,0.0679580267481827,0.939409555346196,"NS","NS","NS"
"Td00001aa001626","Zm00001eb314220",0.0663365368609204,0.200732930302015,0.822076616957175,"NS","NS","NS"
"Td00001aa001703","Zm00001eb313430",0.0311692068075966,0.11039759772241,0.919848112042282,"NS","NS","NS"
"Td00001aa001768","Zm00001eb312560",0.599435047175013,0.460990444540493,0.63917718494521,"NS","NS","NS"
"Td00001aa001816","Zm00001eb312080",0.081893689496664,1.17037758613222,0.130250595185114,"NS","NS","NS"
"Td00001aa001865","Zm00001eb311620",0.141599435940143,3.74374281313566,1.25667694204173e-11,"NS","Up","NS"
"Td00001aa001885","Zm00001eb311450",0.139228526542513,0.434243834000943,0.609160608644377,"NS","NS","NS"
"Td00001aa001943","Zm00001eb310830",-0.129947943004872,0.586205659246762,0.44425745542379,"NS","NS","NS"
"Td00001aa001961","Zm00001eb310530",-0.246542795324653,-0.853713517913002,0.39836490135932,"NS","NS","NS"
"Td00001aa001965","Zm00001eb310480",0.603368928747713,0.303369538187278,0.574794244170024,"NS","NS","NS"
"Td00001aa001981","Zm00001eb310290",0.420926936197368,0.283702184533461,0.728527737685826,"NS","NS","NS"
"Td00001aa001998","Zm00001eb309980",-0.152650583551708,0.875442955014433,0.19225601505451,"NS","NS","NS"
"Td00001aa002029","Zm00001eb309660",-0.0580812517821468,0.504362564918688,0.610706150822389,"NS","NS","NS"
"Td00001aa002075","Zm00001eb309260",0.26213049356732,-0.846088022322967,0.834987177925764,"NS","NS","NS"
"Td00001aa002133","Zm00001eb308620",-0.625537936303777,1.22104811572821,0.165492284964668,"NS","NS","NS"
"Td00001aa002147","Zm00001eb308420",0.076594612647782,1.67485365156187,0.249334297070539,"NS","NS","NS"
"Td00001aa002157","Zm00001eb308000",0.063566873174714,0.286132844618217,0.656613513310317,"NS","NS","NS"
"Td00001aa002232","Zm00001eb307340",2.91622952373269,1.59424509231148,NA,"Up",NA,NA
"Td00001aa002263","Zm00001eb306930",-0.0230490059381358,0.779367398315478,0.330439001191476,"NS","NS","NS"
"Td00001aa002278","Zm00001eb306680",0.127275284716866,-0.26900688778646,0.664008972879786,"NS","NS","NS"
"Td00001aa002280","Zm00001eb306650",-1.41501339912584,0.637445070478883,0.444347408764523,"Down","NS","NS"
"Td00001aa002302","Zm00001eb306410",-0.130716010700272,0.137841835676694,0.844481831153684,"NS","NS","NS"
"Td00001aa002304","Zm00001eb306380",-0.891149073751972,-0.450285870058976,0.615943139984759,"NS","NS","NS"
"Td00001aa002316","Zm00001eb306310",-0.750389614675829,0.00030482447570859,0.999873533971843,"NS","NS","NS"
"Td00001aa002331","Zm00001eb306210",-0.476227753597293,0.53938441920892,0.393708437868624,"NS","NS","NS"
"Td00001aa002356","Zm00001eb096920",-0.40745955247943,0.605512205402115,0.503863136191664,"NS","NS","NS"
"Td00001aa002372","Zm00001eb305810",1.72034695182007,2.89812341016561,1.75863079531751e-05,"Up","Up","Up"
"Td00001aa002382","Zm00001eb305750",-0.321126369393918,0.600555323715071,0.271275370129218,"NS","NS","NS"
"Td00001aa002383","Zm00001eb305710",-0.284844593459153,1.55182985577597,0.0596245851579001,"NS","NS","NS"
"Td00001aa002406","Zm00001eb305460",-0.164533636292983,0.241931761662696,0.817275058103927,"NS","NS","NS"
"Td00001aa002517","Zm00001eb304310",-0.123961568715865,-0.436121135617545,0.64753856982077,"NS","NS","NS"
"Td00001aa002518","Zm00001eb096980",-1.09158390636247,0.230412866229367,0.73712568524586,"NS","NS","NS"
"Td00001aa002537","Zm00001eb304090",-0.411926222996873,0.176391792400041,0.825400120270133,"NS","NS","NS"
"Td00001aa002569","Zm00001eb303740",-0.182552814768504,-0.496209352469121,0.677152980807449,"NS","NS","NS"
"Td00001aa002573","Zm00001eb303720",0.213845306272902,-0.113513418511495,0.922413938310322,"NS","NS","NS"
"Td00001aa002575","Zm00001eb303700",-0.200926521204472,-0.658469539430289,0.283810599864219,"NS","NS","NS"
"Td00001aa002598","Zm00001eb303540",-0.278957633898144,-1.24980862697981,0.0264249723887503,"NS","Down","NS"
"Td00001aa002600","Zm00001eb303380",-0.0805611260909085,-1.2344415666375,0.0609280145932174,"NS","NS","NS"
"Td00001aa002603","Zm00001eb303350",1.78717265109936,0.136563628281498,0.938994690858615,"Up","NS","NS"
"Td00001aa002606","Zm00001eb303280",-0.457245100053423,-0.242956528335455,0.796892217791653,"NS","NS","NS"
"Td00001aa002617","Zm00001eb303200",-0.142919282021644,-0.0752404107011093,0.952171672355394,"NS","NS","NS"
"Td00001aa002622","Zm00001eb303080",0.0067182791734865,0.342189640592218,0.630304431390057,"NS","NS","NS"
"Td00001aa002632","Zm00001eb302980",0.547841036134393,0.117316276624283,0.923732386341513,"NS","NS","NS"
"Td00001aa002636","Zm00001eb302940",-0.399353830719918,0.314207354911209,0.779194961559104,"NS","NS","NS"
"Td00001aa002661","Zm00001eb302680",-0.368207457996709,0.400698515962892,0.749154239558613,"NS","NS","NS"
"Td00001aa002689","Zm00001eb302400",0.292497791558851,0.599097716820408,0.312771248286625,"NS","NS","NS"
"Td00001aa002692","Zm00001eb302360",-0.293322730923755,-0.0961961340530872,0.922941469116155,"NS","NS","NS"
"Td00001aa002694","Zm00001eb302330",0.198842031352773,0.248932132577782,0.718022632371058,"NS","NS","NS"
"Td00001aa002709","Zm00001eb302200",-0.314846770095038,0.182494971402896,0.829541061896865,"NS","NS","NS"
"Td00001aa002710","Zm00001eb302190",-0.22247693973782,-1.14748758184949,0.00471991396651127,"NS","Down","NS"
"Td00001aa002713","Zm00001eb302140",0.419759585498369,1.19352053217207,0.138130128627781,"NS","NS","NS"
"Td00001aa002733","Zm00001eb301680",-1.1053382622575,-0.970676605612196,0.258669688669505,"Down","NS","NS"
"Td00001aa002739","Zm00001eb301540",0.498646110102855,-0.226439133419185,0.836183696443286,"NS","NS","NS"
"Td00001aa002746","Zm00001eb301440",0.0806053565646718,-0.111787654391499,0.905902359510712,"NS","NS","NS"
"Td00001aa002748","Zm00001eb301420",0.203987478168479,0.550571172180205,0.506103920833785,"NS","NS","NS"
"Td00001aa002777","Zm00001eb301210",-0.211586356775851,0.236323264398499,0.84161984979808,"NS","NS","NS"
"Td00001aa002810","Zm00001eb300970",-0.306530082861788,1.94954573180887,0.337123913983033,"NS","NS","NS"
"Td00001aa002818","Zm00001eb300930",-0.0903080670368445,0.593284440332009,0.405961053145472,"NS","NS","NS"
"Td00001aa002840","Zm00001eb117170",-0.118009839001896,0.216585872405169,0.792495532015453,"NS","NS","NS"
"Td00001aa002846","Zm00001eb300740",0.102961039730379,0.613162345139334,0.544797550479673,"NS","NS","NS"
"Td00001aa002847","Zm00001eb300730",1.79268427439933,3.9149122135277,3.58049828044305e-09,"Up","Up","Up"
"Td00001aa002854","Zm00001eb300670",0.043973628750395,-1.56452413957683,0.00020935041432661,"NS","Down","NS"
"Td00001aa002896","Zm00001eb300120",-0.104414610365634,0.0320332257873168,0.979691712862638,"NS","NS","NS"
"Td00001aa002916","Zm00001eb299920",-0.285474945372733,-0.33466562021363,0.661089548294162,"NS","NS","NS"
"Td00001aa002931","Zm00001eb299790",0.730692314458668,0.333082737694576,0.779866304144677,"NS","NS","NS"
"Td00001aa002989","Zm00001eb299230",0.185163188188742,-0.294247296198495,0.727343676272354,"NS","NS","NS"
"Td00001aa003020","Zm00001eb298950",0.061690055776599,0.335306723889863,0.666934254981844,"NS","NS","NS"
"Td00001aa003089","Zm00001eb298570",-0.230952315802905,-0.436384541144757,0.511972579580313,"NS","NS","NS"
"Td00001aa003097","Zm00001eb298480",-0.82800769864301,-0.617032301096638,0.625678208325186,"NS","NS","NS"
"Td00001aa003108","Zm00001eb298320",-0.468154009503037,-0.0266339355213287,0.982153514753096,"NS","NS","NS"
"Td00001aa003158","Zm00001eb259660",-0.734038140501174,-0.12740142572389,0.921219209016576,"NS","NS","NS"
"Td00001aa003180","Zm00001eb259450",0.215635595233187,-0.702631960889919,0.435946700440958,"NS","NS","NS"
"Td00001aa003200","Zm00001eb259320",-0.454733992504537,0.158986427302746,0.8077211423406,"NS","NS","NS"
"Td00001aa003202","Zm00001eb259300",-0.247912141495556,0.226058331394414,0.754421016484901,"NS","NS","NS"
"Td00001aa003203","Zm00001eb259290",0.650810840890723,-0.131731496220366,0.919558472095657,"NS","NS","NS"
"Td00001aa003210","Zm00001eb259220",-0.0850780500338677,-0.230258789756885,0.803670966274095,"NS","NS","NS"
"Td00001aa003242","Zm00001eb258950",0.494566915896719,0.546693386205554,0.514685473561481,"NS","NS","NS"
"Td00001aa003249","Zm00001eb258880",-0.353030113403889,0.394435942236869,0.626683557719073,"NS","NS","NS"
"Td00001aa003250","Zm00001eb258870",-0.151312239521834,0.130337092654512,0.869966625075907,"NS","NS","NS"
"Td00001aa003262","Zm00001eb258770",-0.0689767188679,1.37778540011205,0.103426576704058,"NS","NS","NS"
"Td00001aa003276","Zm00001eb258600",0.409249790225637,0.33015324412605,0.694135337335389,"NS","NS","NS"
"Td00001aa003277","Zm00001eb258590",1.52185971415247,0.400268501152322,0.613638813118009,"Up","NS","NS"
"Td00001aa003303","Zm00001eb258320",-0.0257286429508988,0.0515140589329408,0.959354385467088,"NS","NS","NS"
"Td00001aa003309","Zm00001eb258260",0.0800442269591797,-0.712067440183982,0.58532182376171,"NS","NS","NS"
"Td00001aa003317","Zm00001eb258200",0.0663808464607784,0.0566894245350742,0.973637632365776,"NS","NS","NS"
"Td00001aa003331","Zm00001eb258070",1.02445382688676,0.126384303034669,0.918423695295628,"Up","NS","NS"
"Td00001aa003346","Zm00001eb257930",-0.604758510864178,-0.458330279483838,0.485472029997928,"NS","NS","NS"
"Td00001aa003349","Zm00001eb257910",0.221705811449564,0.173038516054505,0.835017823568492,"NS","NS","NS"
"Td00001aa003359","Zm00001eb056620",-0.157821926768913,0.452295939121969,0.616483851744793,"NS","NS","NS"
"Td00001aa003400","Zm00001eb257410",-0.961309003256273,2.27207926012086,0.00982818262449132,"NS","Up","NS"
"Td00001aa003426","Zm00001eb257130",0.96446776482182,-0.384447145009895,0.834753448780575,"NS","NS","NS"
"Td00001aa003441","Zm00001eb256970",-0.37785574474262,0.621648961124168,0.509278543470103,"NS","NS","NS"
"Td00001aa003479","Zm00001eb256470",-0.341443816333266,0.388086647480757,0.662478639519239,"NS","NS","NS"
"Td00001aa003480","Zm00001eb256460",2.0050720291717,-4.27238766496174,0.000123836459459098,"Up","Down","NS"
"Td00001aa003508","Zm00001eb256150",-0.518455933482184,-0.223656517502504,0.745125259658357,"NS","NS","NS"
"Td00001aa003516","Zm00001eb256020",-0.109957765312247,1.26038141098285,0.0299947465867477,"NS","Up","NS"
"Td00001aa003538","Zm00001eb255720",0.153811795295835,0.174997772064299,0.809778454464743,"NS","NS","NS"
"Td00001aa003542","Zm00001eb255690",0.0920232926096558,0.293566979280964,0.721581543310288,"NS","NS","NS"
"Td00001aa003543","Zm00001eb255680",-0.449503004581859,-0.0395699335512423,0.972037936284682,"NS","NS","NS"
"Td00001aa003547","Zm00001eb255600",-0.0141687218222595,0.00822299247726683,0.992149869125919,"NS","NS","NS"
"Td00001aa003563","Zm00001eb255450",0.654980714230568,-0.0602012237394325,0.942764316818584,"NS","NS","NS"
"Td00001aa003578","Zm00001eb255240",0.762265732358543,0.546000422993101,0.552804971538779,"NS","NS","NS"
"Td00001aa003586","Zm00001eb255140",-0.966880928098052,0.0888997793595988,0.91700736056637,"NS","NS","NS"
"Td00001aa003625","Zm00001eb254530",0.56663805755954,-0.319551779424026,0.667263603810326,"NS","NS","NS"
"Td00001aa003659","Zm00001eb254090",0.843324849465243,-0.482225394469264,0.661181595774972,"NS","NS","NS"
"Td00001aa003666","Zm00001eb253990",-0.680186707982186,0.817858508034449,0.218481338203942,"NS","NS","NS"
"Td00001aa003679","Zm00001eb253890",-0.362878217327737,0.794019519245034,0.158793275904848,"NS","NS","NS"
"Td00001aa003685","Zm00001eb253820",-0.261266127012302,0.214842512467301,0.832355951648842,"NS","NS","NS"
"Td00001aa003686","Zm00001eb253810",0.387876254436856,1.25183178402393,0.0087826216476161,"NS","Up","NS"
"Td00001aa003712","Zm00001eb253620",-0.265268541172873,-0.0959906319774342,0.923827490683975,"NS","NS","NS"
"Td00001aa003754","Zm00001eb253200",0.273477530219512,-0.529635651658725,0.481935053268149,"NS","NS","NS"
"Td00001aa003762","Zm00001eb253140",-0.249213746683421,0.0203917531877038,0.982837784420588,"NS","NS","NS"
"Td00001aa003775","Zm00001eb252990",-0.142445270002543,0.752648287006864,0.341064526552153,"NS","NS","NS"
"Td00001aa003788","Zm00001eb189380",-0.0465381769007811,0.832674043040346,0.260570843685147,"NS","NS","NS"
"Td00001aa003795","Zm00001eb252830",0.155266617064828,-0.253445171516365,0.764702068204752,"NS","NS","NS"
"Td00001aa003797","Zm00001eb252790",0.296910471968786,0.43641580979494,0.771274255712639,"NS","NS","NS"
"Td00001aa003812","Zm00001eb252660",-0.34799506291054,0.966768999789986,0.151959005831219,"NS","NS","NS"
"Td00001aa003819","Zm00001eb252570",-0.357247597526792,-0.228305824780529,0.777719363992783,"NS","NS","NS"
"Td00001aa003823","Zm00001eb252510",0.54385729291416,-0.161008762506871,0.876504004293277,"NS","NS","NS"
"Td00001aa003830","Zm00001eb252410",-0.176623898519449,-0.790038650895565,0.320146438198971,"NS","NS","NS"
"Td00001aa003840","Zm00001eb252330",-0.249063907029896,0.281499101701965,0.729905038200723,"NS","NS","NS"
"Td00001aa003847","Zm00001eb252250",0.792319363838913,0.944659827030459,0.208664307030809,"NS","NS","NS"
"Td00001aa003848","Zm00001eb252240",-0.321015325209852,-0.226184523604194,0.798342589449407,"NS","NS","NS"
"Td00001aa003862","Zm00001eb252090",0.128665231977951,2.69284176840477,0.0430726744442198,"NS","Up","NS"
"Td00001aa003870","Zm00001eb252020",-0.167230626391639,-0.0249521998731221,0.984576409683834,"NS","NS","NS"
"Td00001aa003899","Zm00001eb251680",-0.377872567831814,-0.815894503267907,0.196905835646242,"NS","NS","NS"
"Td00001aa003919","Zm00001eb251490",0.0115604736726435,0.881156483390566,0.247726410477672,"NS","NS","NS"
"Td00001aa003921","Zm00001eb251410",-0.382936255719057,0.106756656043068,0.913178106891531,"NS","NS","NS"
"Td00001aa003943","Zm00001eb251190",0.335756915125072,0.533299472498963,0.555480808698415,"NS","NS","NS"
"Td00001aa003944","Zm00001eb251180",-0.506022326913864,-0.648866829932993,0.728527737685826,"NS","NS","NS"
"Td00001aa003995","Zm00001eb250700",0.178299640129055,0.343132132082906,0.690176817542585,"NS","NS","NS"
"Td00001aa004007","Zm00001eb250610",-0.505618212387959,2.00634328610864,1.00854848997499e-05,"NS","Up","NS"
"Td00001aa004024","Zm00001eb250310",0.0299442102138973,-0.189307150368572,0.875631357927699,"NS","NS","NS"
"Td00001aa004040","Zm00001eb250120",2.94775029750144,2.3434298111598,0.000710064495965237,"Up","Up","Up"
"Td00001aa004045","Zm00001eb250080",0.323295566267495,-0.310172545497661,0.773423682659999,"NS","NS","NS"
"Td00001aa004106","Zm00001eb249330",0.149346512031328,0.601281712884651,0.297972690718267,"NS","NS","NS"
"Td00001aa004112","Zm00001eb249250",-0.0731980873846925,0.894209443815013,0.32583356019226,"NS","NS","NS"
"Td00001aa004117","Zm00001eb186320",-0.481719854456807,0.611873761431521,0.163978431120151,"NS","NS","NS"
"Td00001aa004171","Zm00001eb248630",0.711253751184328,-1.0860594818632,0.126329577573661,"NS","NS","NS"
"Td00001aa004183","Zm00001eb248530",0.333356212239545,0.0100557770371213,0.996799238973194,"NS","NS","NS"
"Td00001aa004206","Zm00001eb248290",0.044396724022645,-0.910264852535313,0.338117397249636,"NS","NS","NS"
"Td00001aa004212","Zm00001eb248150",-0.00551401856387951,0.281128055884042,0.69453656696572,"NS","NS","NS"
"Td00001aa004250","Zm00001eb247590",0.350315694534298,0.806077235257212,0.358124779139372,"NS","NS","NS"
"Td00001aa004258","Zm00001eb247500",-0.0596127882191574,0.447072118051586,0.622294306201562,"NS","NS","NS"
"Td00001aa004275","Zm00001eb247310",-0.373982477047682,-0.440663044055332,0.648825487618917,"NS","NS","NS"
"Td00001aa004277","Zm00001eb247190",0.148377125997518,0.392659811762747,0.728527737685826,"NS","NS","NS"
"Td00001aa004295","Zm00001eb247000",2.72312156542709,0.467918194965667,0.774875302077355,"Up","NS","NS"
"Td00001aa004305","Zm00001eb246850",0.000281790138040955,0.930047938497464,0.0592875687898959,"NS","NS","NS"
"Td00001aa004315","Zm00001eb246750",-0.453341289893241,-0.872726575178559,0.242877323319126,"NS","NS","NS"
"Td00001aa004318","Zm00001eb246720",-0.192117042123204,0.526707298007135,0.615219154311703,"NS","NS","NS"
"Td00001aa004331","Zm00001eb246620",0.257906341980269,-0.345081134557417,0.765714909464622,"NS","NS","NS"
"Td00001aa004340","Zm00001eb246530",0.48126008627836,0.0475804157774541,0.957127314710794,"NS","NS","NS"
"Td00001aa004346","Zm00001eb246450",0.0341006728400735,-0.0657496288916762,0.944992527014531,"NS","NS","NS"
"Td00001aa004356","Zm00001eb246350",0.141610889802204,0.755211886633146,0.100947151210341,"NS","NS","NS"
"Td00001aa004358","Zm00001eb246330",-0.070859699969474,0.310151527125693,0.624901570591226,"NS","NS","NS"
"Td00001aa004363","Zm00001eb246270",-0.239577076658472,0.341258974559784,0.711436221279144,"NS","NS","NS"
"Td00001aa004380","Zm00001eb246090",0.101198130419795,-0.425072299154357,0.637593868095642,"NS","NS","NS"
"Td00001aa004381","Zm00001eb246080",0.132631497608945,0.438077742797813,0.655440562892786,"NS","NS","NS"
"Td00001aa004406","Zm00001eb245740",0.256152730036874,0.377100077105172,0.662478639519239,"NS","NS","NS"
"Td00001aa004413","Zm00001eb245640",-0.746314343327565,1.47721550569925,0.107013766443005,"NS","NS","NS"
"Td00001aa004459","Zm00001eb245250",-0.088208224737071,-0.991858464675334,0.274828137619725,"NS","NS","NS"
"Td00001aa004461","Zm00001eb245230",0.382086554634285,-1.10668569780556,0.330655658080009,"NS","NS","NS"
"Td00001aa004518","Zm00001eb244860",-0.729682744519975,-0.230004573502803,0.809517642425337,"NS","NS","NS"
"Td00001aa004575","Zm00001eb244170",0.41894689911694,-0.866025335075365,0.405961053145472,"NS","NS","NS"
"Td00001aa004618","Zm00001eb243810",-0.269203140276503,-0.0956185520388889,0.936490737949462,"NS","NS","NS"
"Td00001aa004630","Zm00001eb243600",-0.355653500977341,-0.57762614224411,0.485747333113896,"NS","NS","NS"
"Td00001aa004632","Zm00001eb243590",0.551750410069529,0.0853021500471062,0.95665839221598,"NS","NS","NS"
"Td00001aa004645","Zm00001eb243460",-0.139386857232825,-0.810863240869585,0.300270036051651,"NS","NS","NS"
"Td00001aa004647","Zm00001eb243440",0.219696007331631,-0.31356656712264,0.77150407106899,"NS","NS","NS"
"Td00001aa004670","Zm00001eb181690",0.534670720160163,1.24904719943241,0.196399934204989,"NS","NS","NS"
"Td00001aa004680","Zm00001eb243040",-1.60377229718401,0.151711244796622,0.875631357927699,"Down","NS","NS"
"Td00001aa004682","Zm00001eb243010",-0.666280265183153,0.883756703265958,0.264629862630741,"NS","NS","NS"
"Td00001aa004700","Zm00001eb242800",0.770944249844997,-1.87959282488758,0.081776680084091,"NS","NS","NS"
"Td00001aa004701","Zm00001eb242790",-0.242634544967594,0.145985136106662,0.874437446986511,"NS","NS","NS"
"Td00001aa004721","Zm00001eb242610",1.49443655442176,0.356361975728093,0.821031020942391,"Up","NS","NS"
"Td00001aa004731","Zm00001eb242440",-0.199248785720327,-0.628243346096887,0.503634467024852,"NS","NS","NS"
"Td00001aa004735","Zm00001eb242380",-0.307466986370713,-0.315285691630708,0.862996861139257,"NS","NS","NS"
"Td00001aa004745","Zm00001eb242260",0.549298138926807,0.472624725286044,0.529812600544548,"NS","NS","NS"
"Td00001aa004757","Zm00001eb242100",-0.240494708305026,0.304032892186112,0.619740928030718,"NS","NS","NS"
"Td00001aa004786","Zm00001eb241810",0.517573998132518,0.176333143789232,0.804551735396209,"NS","NS","NS"
"Td00001aa004794","Zm00001eb241690",0.065153159774635,0.332607354501948,0.633871539285258,"NS","NS","NS"
"Td00001aa004811","Zm00001eb241500",-0.148901845692065,0.187991183181316,0.89211227280957,"NS","NS","NS"
"Td00001aa004866","Zm00001eb240720",0.151428892200849,0.190600472846094,0.822218528077543,"NS","NS","NS"
"Td00001aa004869","Zm00001eb240700",0.950765859192958,0.791277048470089,0.130346384789594,"NS","NS","NS"
"Td00001aa004886","Zm00001eb240440",0.0823337548360095,-0.0350246000814836,0.969264774090684,"NS","NS","NS"
"Td00001aa004913","Zm00001eb240160",0.033102142733176,0.489414963497738,0.434379199249495,"NS","NS","NS"
"Td00001aa004916","Zm00001eb240130",0.339097537191498,1.10136410899774,0.118156472024595,"NS","NS","NS"
"Td00001aa004922","Zm00001eb240090",0.135227444893004,0.263811684284029,0.798404777574825,"NS","NS","NS"
"Td00001aa004930","Zm00001eb240020",0.0382892324918765,0.245147849962919,0.737535322577173,"NS","NS","NS"
"Td00001aa004939","Zm00001eb239890",-0.107019327083001,0.238865717582296,0.782473913697748,"NS","NS","NS"
"Td00001aa004942","Zm00001eb239790",-0.0791563040311593,0.80879172809048,0.112316694311038,"NS","NS","NS"
"Td00001aa004962","Zm00001eb239520",-0.33379562842711,0.595431479284946,0.440701008727656,"NS","NS","NS"
"Td00001aa004979","Zm00001eb239300",0.213001949164072,0.178430802505212,0.837572124804885,"NS","NS","NS"
"Td00001aa005001","Zm00001eb238670",0.0849311049229955,0.363511301410453,0.629687777851534,"NS","NS","NS"
"Td00001aa005018","Zm00001eb238460",-0.208114341100807,-0.0866205744379095,0.956551337367297,"NS","NS","NS"
"Td00001aa005088","Zm00001eb237750",-0.160310311607912,-1.28294228641724,0.00810930552173142,"NS","Down","NS"
"Td00001aa005106","Zm00001eb237500",-0.17591918536751,0.396190411325793,0.712270244762634,"NS","NS","NS"
"Td00001aa005115","Zm00001eb237390",-0.101064859838061,0.198577572109818,0.921219209016576,"NS","NS","NS"
"Td00001aa005150","Zm00001eb237090",0.0218191575144732,0.418716219102533,0.571782346349339,"NS","NS","NS"
"Td00001aa005153","Zm00001eb237050",0.332913970337097,0.456874335047916,0.61853226283373,"NS","NS","NS"
"Td00001aa005184","Zm00001eb236850",-1.09144295248029,-0.361678981505894,0.692912586421945,"Down","NS","NS"
"Td00001aa005203","Zm00001eb236650",-0.131274484158322,-0.572744057671482,0.373573163230757,"NS","NS","NS"
"Td00001aa005231","Zm00001eb236410",-0.015528004241677,-0.209831326716276,0.787239734628964,"NS","NS","NS"
"Td00001aa005240","Zm00001eb236320",-0.275007598500261,0.559013024279215,0.366436937944455,"NS","NS","NS"
"Td00001aa005256","Zm00001eb235980",-0.0435829766734882,0.526558070632733,0.637551485149869,"NS","NS","NS"
"Td00001aa005362","Zm00001eb234730",-0.134479755920841,1.20811819308033,0.0817048885970323,"NS","NS","NS"
"Td00001aa005368","Zm00001eb234660",0.0773169895733853,0.260270407091204,0.741408561326717,"NS","NS","NS"
"Td00001aa005386","Zm00001eb234400",0.340406368534965,0.193701374248032,0.752535523896993,"NS","NS","NS"
"Td00001aa005388","Zm00001eb234390",0.086860531086347,-0.465815987352071,0.684393940329611,"NS","NS","NS"
"Td00001aa005408","Zm00001eb234160",0.51950855661044,1.35537686990544,0.0038891837707994,"NS","Up","NS"
"Td00001aa005420","Zm00001eb234080",-0.276530308616294,0.957655543405079,0.123830921345435,"NS","NS","NS"
"Td00001aa005444","Zm00001eb233720",-1.47411495836505,0.992328059884446,0.143617529639156,"Down","NS","NS"
"Td00001aa005455","Zm00001eb233650",-0.549318890055854,-0.064834396424805,0.93766070540342,"NS","NS","NS"
"Td00001aa005464","Zm00001eb233510",-0.251977355240844,0.257830626350248,0.722471608749237,"NS","NS","NS"
"Td00001aa005467","Zm00001eb233450",-0.737422825150343,0.301603473124523,0.614462748869589,"NS","NS","NS"
"Td00001aa005489","Zm00001eb233140",-0.404600050595925,1.18729414480431,0.163579732317032,"NS","NS","NS"
"Td00001aa005500","Zm00001eb233090",0.533540889223114,0.242079669352731,0.848689890103388,"NS","NS","NS"
"Td00001aa005503","Zm00001eb233070",0.399504035986395,-0.341499333283296,0.619510324154781,"NS","NS","NS"
"Td00001aa005508","Zm00001eb233020",-0.276152149931588,-0.604498753135262,0.333346062228839,"NS","NS","NS"
"Td00001aa005535","Zm00001eb232720",-0.571443431898334,0.247152219221981,0.812510912901577,"NS","NS","NS"
"Td00001aa005553","Zm00001eb232640",-0.44762349340069,-0.949803963964322,0.151203610677207,"NS","NS","NS"
"Td00001aa005585","Zm00001eb232360",-0.284371828811702,0.319374671701126,0.696415466678314,"NS","NS","NS"
"Td00001aa005591","Zm00001eb232310",-0.223070945337219,0.320447843910318,0.737306191452678,"NS","NS","NS"
"Td00001aa005598","Zm00001eb232220",-0.0774939713029524,0.481988201757101,0.576428089290669,"NS","NS","NS"
"Td00001aa005601","Zm00001eb232170",0.427271867014424,0.956671752652151,0.313392838487283,"NS","NS","NS"
"Td00001aa005618","Zm00001eb232030",-0.798472660880441,0.0946711656887094,0.946069923634256,"NS","NS","NS"
"Td00001aa005634","Zm00001eb231820",-0.14326738802574,-0.045846451571537,0.964188409837824,"NS","NS","NS"
"Td00001aa005636","Zm00001eb231800",0.129321945815583,-0.370448235315181,0.748504571999587,"NS","NS","NS"
"Td00001aa005646","Zm00001eb231620",-0.027196120893031,0.443997423170704,0.588901681841189,"NS","NS","NS"
"Td00001aa005658","Zm00001eb231490",-0.257760540469613,0.411554540141032,0.591287560476693,"NS","NS","NS"
"Td00001aa005664","Zm00001eb231430",0.0114272470773654,0.00128259209041332,0.998990480664025,"NS","NS","NS"
"Td00001aa005677","Zm00001eb231220",0.0182809968809833,-0.0423987409861384,0.961405113430754,"NS","NS","NS"
"Td00001aa005690","Zm00001eb231050",0.0839201238228858,-0.0337601128012651,0.972155340217887,"NS","NS","NS"
"Td00001aa005694","Zm00001eb231020",-0.606390816515201,-0.22467077140359,0.772375235837277,"NS","NS","NS"
"Td00001aa005698","Zm00001eb230940",-0.050407774282027,-0.237087758458556,0.792708982594499,"NS","NS","NS"
"Td00001aa005711","Zm00001eb230780",0.197870939582494,0.60601316441071,0.271253907649327,"NS","NS","NS"
"Td00001aa005723","Zm00001eb230540",-0.202674822243218,0.133917762991794,0.858978808845135,"NS","NS","NS"
"Td00001aa005725","Zm00001eb230510",-0.042215527465324,-0.759704882736169,0.163978431120151,"NS","NS","NS"
"Td00001aa005738","Zm00001eb208230",-0.732999987096617,-0.323113007369639,0.74126206171862,"NS","NS","NS"
"Td00001aa005745","Zm00001eb230230",-0.108347710457229,1.84430159365034,0.00180168264187247,"NS","Up","NS"
"Td00001aa005755","Zm00001eb230070",-0.267465499928404,1.08451129565923,0.328648849147136,"NS","NS","NS"
"Td00001aa005757","Zm00001eb230050",-0.0735774319551663,-0.0123987837080125,0.987359393305748,"NS","NS","NS"
"Td00001aa005796","Zm00001eb229550",0.353673759890975,-0.262841982705341,0.782670977337572,"NS","NS","NS"
"Td00001aa005799","Zm00001eb229520",-0.125036207293138,-0.221084724288274,0.767982636369879,"NS","NS","NS"
"Td00001aa005805","Zm00001eb229440",-0.320335738584359,-1.34126703977265,0.0732226524578942,"NS","NS","NS"
"Td00001aa005818","Zm00001eb229320",-0.0442206102422425,-0.348575717325333,0.667183910799676,"NS","NS","NS"
"Td00001aa005860","Zm00001eb132380",-0.0640996176446087,0.152936652405215,0.898720898887196,"NS","NS","NS"
"Td00001aa005892","Zm00001eb132880",0.042749296166206,0.204423529809855,0.77150407106899,"NS","NS","NS"
"Td00001aa005911","Zm00001eb133110",-0.781959936309723,0.16536660116968,0.845443281319175,"NS","NS","NS"
"Td00001aa005913","Zm00001eb133140",0.98220932635467,-0.693388845863587,0.580764907879986,"NS","NS","NS"
"Td00001aa005921","Zm00001eb133280",-0.271513819816907,-0.308894734890391,0.728788374620662,"NS","NS","NS"
"Td00001aa005930","Zm00001eb133420",0.0049341976214575,0.050269497616695,0.960768285420743,"NS","NS","NS"
"Td00001aa005934","Zm00001eb133450",-0.0637554158688325,0.520763464841943,0.486591341012964,"NS","NS","NS"
"Td00001aa005944","Zm00001eb133590",-0.427061454373839,0.0271140227149902,0.978564176052219,"NS","NS","NS"
"Td00001aa005976","Zm00001eb134090",-0.364824592328755,0.989935568364525,0.0409802695638904,"NS","NS","NS"
"Td00001aa005997","Zm00001eb134330",-0.0187334763412386,0.168806802659048,0.798483976737894,"NS","NS","NS"
"Td00001aa006013","Zm00001eb134600",0.184974848929357,0.497289528186573,0.836341161276688,"NS","NS","NS"
"Td00001aa006065","Zm00001eb135190",1.01265332415387,-0.299162880099928,0.787721992770301,"Up","NS","NS"
"Td00001aa006108","Zm00001eb031220",-0.728307610673211,0.516467527769207,0.46834070540511,"NS","NS","NS"
"Td00001aa006129","Zm00001eb135810",-0.287874580898762,0.237030961620695,0.812510912901577,"NS","NS","NS"
"Td00001aa006168","Zm00001eb136200",-0.0881826523247875,2.30212687277417,7.82625624365243e-08,"NS","Up","NS"
"Td00001aa006196","Zm00001eb136490",0.150544541043876,-0.0168118451238573,0.987278951019365,"NS","NS","NS"
"Td00001aa006199","Zm00001eb136540",-0.378421838826633,-0.308644975269427,0.731955215714842,"NS","NS","NS"
"Td00001aa006225","Zm00001eb136880",0.155186959492019,0.950134753576213,0.299355551847208,"NS","NS","NS"
"Td00001aa006231","Zm00001eb028520",-0.41111362216213,-0.465596761370778,0.5281595010599,"NS","NS","NS"
"Td00001aa006258","Zm00001eb137170",0.0271130352881195,0.707750861813145,0.3552645747944,"NS","NS","NS"
"Td00001aa006273","Zm00001eb137390",-1.05081632811491,0.103581373194572,0.969646112078724,"Down","NS","NS"
"Td00001aa006274","Zm00001eb137410",-0.782049908359043,4.0856689625769,0.00383788176206114,"NS","Up","NS"
"Td00001aa006283","Zm00001eb137540",-0.211993854940482,0.424324556889639,0.64332057616135,"NS","NS","NS"
"Td00001aa006291","Zm00001eb137680",-0.39192936592906,0.218052349481515,0.812148214737654,"NS","NS","NS"
"Td00001aa006308","Zm00001eb137840",-0.318709777524261,-1.0088791699265,0.105884018972457,"NS","NS","NS"
"Td00001aa006317","Zm00001eb137900",0.334856221204031,0.773638540202741,0.261764588340668,"NS","NS","NS"
"Td00001aa006342","Zm00001eb138080",-0.252756416535656,-0.996556072694217,0.715002096836531,"NS","NS","NS"
"Td00001aa006360","Zm00001eb138230",0.421514188635589,0.11725198331443,0.889092866400724,"NS","NS","NS"
"Td00001aa006367","Zm00001eb138300",0.0284913274367625,-0.155167421718581,0.851089640547153,"NS","NS","NS"
"Td00001aa006372","Zm00001eb138330",-0.79558932176823,1.06085574728263,0.141821365689685,"NS","NS","NS"
"Td00001aa006382","Zm00001eb138410",-0.597036644091412,-0.12239743644953,0.874377696648996,"NS","NS","NS"
"Td00001aa006447","Zm00001eb139060",-0.271725361773173,1.67481929420788,0.000131297602573256,"NS","Up","NS"
"Td00001aa006454","Zm00001eb139130",-0.194273365039202,-0.0132741278943263,0.991293405483016,"NS","NS","NS"
"Td00001aa006468","Zm00001eb139400",0.147942863645463,-0.357478519673846,0.744877102094522,"NS","NS","NS"
"Td00001aa006493","Zm00001eb164130",-0.0584038480316031,-0.112613638986984,0.935518563024974,"NS","NS","NS"
"Td00001aa006501","Zm00001eb164230",-0.310402690440426,0.357349396020933,0.630336165324462,"NS","NS","NS"
"Td00001aa006513","Zm00001eb164030",-0.242635638880924,-0.293826558004015,0.648782098022225,"NS","NS","NS"
"Td00001aa006536","Zm00001eb163860",-1.27880579796944,-1.16863515513198,0.227726904085647,"Down","NS","NS"
"Td00001aa006561","Zm00001eb163700",-0.0256446987778,-0.0632502260005114,0.950206105510704,"NS","NS","NS"
"Td00001aa006588","Zm00001eb163530",-0.223678255713727,0.856560471016417,0.155196296355875,"NS","NS","NS"
"Td00001aa006589","Zm00001eb163520",0.905138477148673,1.50011181181878,0.000191993175234162,"NS","Up","NS"
"Td00001aa006669","Zm00001eb162930",-0.152315913973,-0.097295022716081,0.883087258433161,"NS","NS","NS"
"Td00001aa006670","Zm00001eb162910",0.213021601821896,0.237626548894859,0.779866304144677,"NS","NS","NS"
"Td00001aa006676","Zm00001eb162780",-0.166215394052842,-0.199655273670887,0.860848956184473,"NS","NS","NS"
"Td00001aa006718","Zm00001eb162370",0.205029680671651,-0.141966513879827,0.879260015784949,"NS","NS","NS"
"Td00001aa006740","Zm00001eb162230",0.0577327943776953,0.180404761184976,0.857867863745469,"NS","NS","NS"
"Td00001aa006742","Zm00001eb162210",0.337808981000164,-0.535771626442995,0.358823097943653,"NS","NS","NS"
"Td00001aa006749","Zm00001eb162120",-0.290136965972069,-0.117388488637249,0.875631357927699,"NS","NS","NS"
"Td00001aa006763","Zm00001eb162030",0.0257574432566455,0.182106251597576,0.818172389048469,"NS","NS","NS"
"Td00001aa006764","Zm00001eb162020",0.009335861005762,-0.809783728581343,0.440836645422734,"NS","NS","NS"
"Td00001aa006775","Zm00001eb161900",-0.192748648436004,0.177616964724382,0.840978268535014,"NS","NS","NS"
"Td00001aa006778","Zm00001eb161870",-0.0186501954139825,-0.329338904861243,NA,"NS","NS","NS"
"Td00001aa006801","Zm00001eb161710",-0.398755697492005,1.42244399184216,0.0134004262258019,"NS","Up","NS"
"Td00001aa006829","Zm00001eb161320",-0.294954485699499,0.424885617009186,0.632105587351777,"NS","NS","NS"
"Td00001aa006830","Zm00001eb161310",-0.0302897783587325,0.219894054268224,0.799958276133743,"NS","NS","NS"
"Td00001aa006833","Zm00001eb161290",0.0937500669991835,2.037084933291,0.00277807921998535,"NS","Up","NS"
"Td00001aa006835","Zm00001eb161270",-0.0062289301659187,-0.590875520008377,0.602468126804946,"NS","NS","NS"
"Td00001aa006869","Zm00001eb160820",-0.568358191958786,-0.68024461409095,0.333333012826283,"NS","NS","NS"
"Td00001aa006888","Zm00001eb160620",0.117853865365186,0.141930327933944,0.859490305146044,"NS","NS","NS"
"Td00001aa006889","Zm00001eb160610",-0.244578679623536,-0.692194259287879,0.328381680800302,"NS","NS","NS"
"Td00001aa006923","Zm00001eb160350",-0.101593252246657,0.0555135371097338,0.943904032659819,"NS","NS","NS"
"Td00001aa006933","Zm00001eb160200",-0.262015866084978,-0.394775134062566,0.524936913149959,"NS","NS","NS"
"Td00001aa006947","Zm00001eb160030",0.0699798877451002,0.17381916804835,0.942426659910086,"NS","NS","NS"
"Td00001aa006949","Zm00001eb160020",-0.473590968379302,-0.790644942519503,0.163653625977513,"NS","NS","NS"
"Td00001aa006961","Zm00001eb159850",0.966588072616506,5.62299349216885,0.336271603806599,"NS","NS","NS"
"Td00001aa006965","Zm00001eb159820",0.386018344850147,0.181839299739303,0.816726559426041,"NS","NS","NS"
"Td00001aa006970","Zm00001eb159790",0.283418442513355,-0.0371536058247793,0.966172137486094,"NS","NS","NS"
"Td00001aa006981","Zm00001eb159730",0.0885325609656029,0.621886697312877,0.452324846853436,"NS","NS","NS"
"Td00001aa006982","Zm00001eb159720",0.124619650104209,1.60157124023865,0.492449923950792,"NS","NS","NS"
"Td00001aa006985","Zm00001eb159670",0.048193770289251,0.391724712871445,0.672024605523806,"NS","NS","NS"
"Td00001aa007009","Zm00001eb159440",0.135353036016332,-0.123182281528451,0.894206576258359,"NS","NS","NS"
"Td00001aa007012","Zm00001eb159420",-0.583548386813841,0.073542572281534,0.93968125175654,"NS","NS","NS"
"Td00001aa007022","Zm00001eb159320",1.65456981404046,-1.40624554217959,0.0187408296379112,"Up","Down","NS"
"Td00001aa007062","Zm00001eb158880",1.00747916244087,2.29421719507038,1.4782862866494e-05,"Up","Up","Up"
"Td00001aa007066","Zm00001eb158850",0.106463510337223,0.874460279776902,0.285353764624954,"NS","NS","NS"
"Td00001aa007068","Zm00001eb158840",0.0329804792090784,0.195647259095369,0.755045885474044,"NS","NS","NS"
"Td00001aa007081","Zm00001eb158760",0.362048358544981,-1.00183548880996,0.0788284589883357,"NS","NS","NS"
"Td00001aa007117","Zm00001eb158270",-0.0182298880549905,0.892927462389974,0.294368468896199,"NS","NS","NS"
"Td00001aa007123","Zm00001eb158210",-0.708005109631213,-1.07686644616405,0.31532461686437,"NS","NS","NS"
"Td00001aa007126","Zm00001eb158190",0.165678132564859,-0.0255058456582686,0.971041876221538,"NS","NS","NS"
"Td00001aa007138","Zm00001eb158070",0.160258730954358,0.61738776050392,0.706727557028899,"NS","NS","NS"
"Td00001aa007144","Zm00001eb158030",-0.294334149746967,0.488872779263944,0.53878791819854,"NS","NS","NS"
"Td00001aa007167","Zm00001eb157810",-0.496545122193779,-1.0439843601369,0.0195527701188476,"NS","Down","NS"
"Td00001aa007172","Zm00001eb157740",-0.328062841934561,-0.936663896025492,0.563586855933165,"NS","NS","NS"
"Td00001aa007177","Zm00001eb157660",0.029569017232028,1.32359544862156,0.0435734172063383,"NS","Up","NS"
"Td00001aa007190","Zm00001eb157540",-0.161440538782608,0.154856256390897,0.830848878071794,"NS","NS","NS"
"Td00001aa007203","Zm00001eb157400",0.265654490115074,0.105285766380474,0.92609550980238,"NS","NS","NS"
"Td00001aa007204","Zm00001eb157380",0.0795169266852572,0.22783263103711,0.833716326317385,"NS","NS","NS"
"Td00001aa007217","Zm00001eb157170",1.75260345634146,-0.471751179285518,0.605120176422428,"Up","NS","NS"
"Td00001aa007283","Zm00001eb156500",-0.207688568843702,0.356962904087691,0.6714980931024,"NS","NS","NS"
"Td00001aa007287","Zm00001eb156450",-0.0834342694131531,-0.204491360822556,0.776707250758434,"NS","NS","NS"
"Td00001aa007318","Zm00001eb156210",-0.327953150525891,-0.28209918334889,0.794684021558961,"NS","NS","NS"
"Td00001aa007321","Zm00001eb156130",0.211737662278366,-1.58405788745159,0.121769293084261,"NS","NS","NS"
"Td00001aa007322","Zm00001eb156100",0.484520269050682,-0.295064586476466,0.869924497924801,"NS","NS","NS"
"Td00001aa007331","Zm00001eb156020",0.037499757072239,0.0857901710565211,0.94859141677597,"NS","NS","NS"
"Td00001aa007346","Zm00001eb155830",0.0500644735717945,0.067708040802647,0.922413938310322,"NS","NS","NS"
"Td00001aa007364","Zm00001eb155590",0.113929288869562,1.0506369878586,0.264629862630741,"NS","NS","NS"
"Td00001aa007365","Zm00001eb155580",-0.272027006783893,-0.0973930872596437,0.92338325353836,"NS","NS","NS"
"Td00001aa007401","Zm00001eb155150",-0.463266493334282,0.513969020894962,0.362196911859081,"NS","NS","NS"
"Td00001aa007403","Zm00001eb155120",-0.2625530685321,0.680062077031064,0.253426702351378,"NS","NS","NS"
"Td00001aa007428","Zm00001eb154790",-0.354071088156166,0.403808730672088,0.611872404606755,"NS","NS","NS"
"Td00001aa007432","Zm00001eb154690",0.530278399194468,0.441859547269286,0.590814594702116,"NS","NS","NS"
"Td00001aa007450","Zm00001eb154530",0.110301601574648,0.206910291055745,0.779194961559104,"NS","NS","NS"
"Td00001aa007459","Zm00001eb154510",0.246786398571809,0.39853288150503,0.63224806948537,"NS","NS","NS"
"Td00001aa007462","Zm00001eb154480",-0.437680768910346,-0.301396616676618,0.712980114584957,"NS","NS","NS"
"Td00001aa007521","Zm00001eb139760",-0.384214187558463,-0.196434946381621,0.87993212769768,"NS","NS","NS"
"Td00001aa007531","Zm00001eb139860",-0.0579710335374847,-0.255917928308856,0.689319100820109,"NS","NS","NS"
"Td00001aa007568","Zm00001eb140270",-0.0722742334932181,0.293490295428421,0.655440562892786,"NS","NS","NS"
"Td00001aa007571","Zm00001eb140320",-0.03526581285447,1.34671853281037,0.049342917257336,"NS","Up","NS"
"Td00001aa007572","Zm00001eb140330",-0.331700477517822,0.40722092313042,0.701167154302937,"NS","NS","NS"
"Td00001aa007574","Zm00001eb140360",0.436021626938792,0.293320200851409,0.753740417474605,"NS","NS","NS"
"Td00001aa007581","Zm00001eb140430",0.107231030776873,0.0412998606223503,0.960768285420743,"NS","NS","NS"
"Td00001aa007592","Zm00001eb140530",-0.29169101862697,1.08393229120728,0.569991404760054,"NS","NS","NS"
"Td00001aa007611","Zm00001eb140720",0.236302724601157,0.446187997577132,0.486606858051481,"NS","NS","NS"
"Td00001aa007619","Zm00001eb140890",-0.724093752126139,0.0656126719519875,0.935089886299386,"NS","NS","NS"
"Td00001aa007621","Zm00001eb140930",0.211721568249346,-0.0536044502686146,0.960768285420743,"NS","NS","NS"
"Td00001aa007649","Zm00001eb141220",0.17446692255785,-0.84952664993337,0.351189769463395,"NS","NS","NS"
"Td00001aa007674","Zm00001eb141420",-0.156970864541157,-0.0666728534308673,0.934086498938296,"NS","NS","NS"
"Td00001aa007711","Zm00001eb141930",-0.194157537280177,0.629303011801125,0.236576985301823,"NS","NS","NS"
"Td00001aa007714","Zm00001eb141990",0.495938240926537,-0.0403873688275873,0.973637632365776,"NS","NS","NS"
"Td00001aa007740","Zm00001eb142220",0.219690045657853,1.43635809985264,0.108208986670109,"NS","NS","NS"
"Td00001aa007754","Zm00001eb142350",0.378996878113352,0.40319824020963,0.662551515725713,"NS","NS","NS"
"Td00001aa007769","Zm00001eb142490",-0.813968159270392,-0.154759019688521,0.883087258433161,"NS","NS","NS"
"Td00001aa007790","Zm00001eb142730",0.0912671573698013,0.699014848763488,0.367226449283628,"NS","NS","NS"
"Td00001aa007819","Zm00001eb143000",0.582065880025967,-0.108931513294473,0.892270130776713,"NS","NS","NS"
"Td00001aa007835","Zm00001eb143170",-0.0099111162344715,-0.341998458777168,0.594743630943635,"NS","NS","NS"
"Td00001aa007838","Zm00001eb143210",0.0824794570648494,-0.0424812499442998,0.966172137486094,"NS","NS","NS"
"Td00001aa007848","Zm00001eb143300",0.378809296803141,0.406470225824302,0.739817284370849,"NS","NS","NS"
"Td00001aa007867","Zm00001eb143460",1.15747064281655,1.33317695254136,0.0064049383197734,"Up","Up","Up"
"Td00001aa007870","Zm00001eb143510",-0.0331539577656173,-0.545031633285748,0.486354002621689,"NS","NS","NS"
"Td00001aa007882","Zm00001eb143640",-0.212845293418559,0.622973366677318,0.377427172122497,"NS","NS","NS"
"Td00001aa007890","Zm00001eb143710",-0.152561941700324,-0.521364380859672,0.640969619689674,"NS","NS","NS"
"Td00001aa007891","Zm00001eb143850",0.449442051067297,0.510941998940335,0.422988383098092,"NS","NS","NS"
"Td00001aa007925","Zm00001eb144220",-0.32785607695207,0.103561787277735,0.909448956829787,"NS","NS","NS"
"Td00001aa007926","Zm00001eb144240",-0.15858290490429,0.198178173536205,0.724370826168102,"NS","NS","NS"
"Td00001aa007963","Zm00001eb144630",-0.201082516026846,1.29685768978162,0.118624832331209,"NS","NS","NS"
"Td00001aa007968","Zm00001eb144680",-0.41166076917351,0.244191536113888,0.834185401500888,"NS","NS","NS"
"Td00001aa007977","Zm00001eb144760",0.0492424709017465,0.0103378580874293,0.993083555619792,"NS","NS","NS"
"Td00001aa007989","Zm00001eb144900",0.0282192858522339,-1.02469877845923,0.0687712744312239,"NS","NS","NS"
"Td00001aa007990","Zm00001eb144910",-0.0177993648502119,2.18585221538116,3.23316324858412e-05,"NS","Up","NS"
"Td00001aa007991","Zm00001eb144930",-0.872565426107587,-0.546774177905717,0.822393516191441,"NS","NS","NS"
"Td00001aa007992","Zm00001eb144960",1.64558839228266,2.45956605029393,0.00126776655823101,"Up","Up","Up"
"Td00001aa007999","Zm00001eb145100",-0.179385407019228,0.522123125597675,0.519936390330903,"NS","NS","NS"
"Td00001aa008061","Zm00001eb145790",-0.0927702510659894,-0.437645918997003,0.566072501901993,"NS","NS","NS"
"Td00001aa008086","Zm00001eb146080",-0.720189736015189,0.897966311483631,0.183399048100159,"NS","NS","NS"
"Td00001aa008108","Zm00001eb146400",0.0372881840430965,-0.378413690408944,0.662408285403143,"NS","NS","NS"
"Td00001aa008122","Zm00001eb146560",0.262997108113392,0.253201338019531,0.848521265594943,"NS","NS","NS"
"Td00001aa008136","Zm00001eb146710",-0.94017150614821,0.473193266205888,0.544740982564376,"NS","NS","NS"
"Td00001aa008141","Zm00001eb146760",-0.522269745223261,-0.214208173287395,0.793560429080993,"NS","NS","NS"
"Td00001aa008154","Zm00001eb146880",-0.211435882736267,0.0568464226921811,0.958279434426096,"NS","NS","NS"
"Td00001aa008180","Zm00001eb147170",-0.261166747993342,0.63856060449118,0.453595228802264,"NS","NS","NS"
"Td00001aa008230","Zm00001eb147780",0.331355505017224,1.05913312576591,0.272832089773281,"NS","NS","NS"
"Td00001aa008258","Zm00001eb148000",0.851342787309141,0.549292702097602,0.371813070333763,"NS","NS","NS"
"Td00001aa008265","Zm00001eb148110",-0.0281965253615645,0.758313575380211,0.265812889400319,"NS","NS","NS"
"Td00001aa008295","Zm00001eb148420",0.584593969721198,-0.788751711053475,0.552457262999096,"NS","NS","NS"
"Td00001aa008396","Zm00001eb149460",-0.682386719490468,-1.08268033807577,0.2331800424772,"NS","NS","NS"
"Td00001aa008406","Zm00001eb149540",-0.533670279846948,-0.0119536805753617,0.98843110312731,"NS","NS","NS"
"Td00001aa008429","Zm00001eb149730",0.749482701350304,0.808388413251177,0.195007983656744,"NS","NS","NS"
"Td00001aa008476","Zm00001eb150180",-0.235115158523365,0.422620491030251,0.626854606022157,"NS","NS","NS"
"Td00001aa008487","Zm00001eb150370",-0.650958641228674,0.415493922041244,0.541546368016327,"NS","NS","NS"
"Td00001aa008491","Zm00001eb150420",-1.86061560469473,1.20556586330057,0.271634752299112,"Down","NS","NS"
"Td00001aa008501","Zm00001eb150550",0.649100847260194,0.372781758744004,0.702222714907664,"NS","NS","NS"
"Td00001aa008517","Zm00001eb150730",-0.154602128454703,0.0836292189273897,0.939965780951433,"NS","NS","NS"
"Td00001aa008566","Zm00001eb151280",-0.423203454758554,1.50727814739355,0.109556323824046,"NS","NS","NS"
"Td00001aa008587","Zm00001eb151510",0.0398586806077003,-0.071577067932046,0.949198342597078,"NS","NS","NS"
"Td00001aa008599","Zm00001eb151630",-0.21465849128779,0.0261981000800016,0.979691712862638,"NS","NS","NS"
"Td00001aa008627","Zm00001eb151920",-0.0752867786565263,-0.108019349826934,0.907818545994294,"NS","NS","NS"
"Td00001aa008659","Zm00001eb152250",-0.189023484205877,0.0928602090720206,0.926739843226166,"NS","NS","NS"
"Td00001aa008673","Zm00001eb152410",-0.0316056577863998,0.014292760252833,0.991126954202597,"NS","NS","NS"
"Td00001aa008679","Zm00001eb152450",0.522061306770154,-1.80769375850791,0.00855389866526953,"NS","Down","NS"
"Td00001aa008702","Zm00001eb152680",-0.372656810454643,-0.64839578248786,0.395689259649931,"NS","NS","NS"
"Td00001aa008764","Zm00001eb153460",-0.107288050156424,0.37468498342529,0.722644357280952,"NS","NS","NS"
"Td00001aa008781","Zm00001eb153620",-0.318248289722305,1.5434100953709,0.185037849184766,"NS","NS","NS"
"Td00001aa008783","Zm00001eb153650",0.010614971699292,2.51004106992625,NA,"NS",NA,"NS"
"Td00001aa008789","Zm00001eb153710",-0.778032242263677,0.708570919122039,0.259867880878558,"NS","NS","NS"
"Td00001aa008824","Zm00001eb339460",0.0436837456063215,-0.110184921945935,0.894123232667463,"NS","NS","NS"
"Td00001aa008860","Zm00001eb339100",-0.796662056405259,1.35779458953984,0.0824802791835986,"NS","NS","NS"
"Td00001aa008864","Zm00001eb339080",1.5884248376837,3.23270449563184,0.169617916048022,"Up","NS","NS"
"Td00001aa008869","Zm00001eb338990",-0.217803395485617,-0.121329447149408,0.902352747510088,"NS","NS","NS"
"Td00001aa008936","Zm00001eb338270",-0.38509144627454,-1.72412693690213,0.191211033805275,"NS","NS","NS"
"Td00001aa008975","Zm00001eb337840",0.277682595193475,0.0876053389765358,0.939782326561438,"NS","NS","NS"
"Td00001aa008981","Zm00001eb337800",0.0831559589520686,0.0521614252433374,0.957288527593721,"NS","NS","NS"
"Td00001aa009031","Zm00001eb337140",0.116445435603169,1.35496104521506,0.273167369787675,"NS","NS","NS"
"Td00001aa009039","Zm00001eb337010",0.0734937318995035,-0.0317256789174238,0.970019835226813,"NS","NS","NS"
"Td00001aa009047","Zm00001eb336900",-0.27400777938241,0.683356274919144,0.398457751818713,"NS","NS","NS"
"Td00001aa009051","Zm00001eb336890",0.162113725593767,0.231068827507737,0.75776064695521,"NS","NS","NS"
"Td00001aa009055","Zm00001eb336870",0.346596925779153,0.711981215881197,0.237551906676562,"NS","NS","NS"
"Td00001aa009066","Zm00001eb336760",0.421459122697338,0.337979593965612,0.607556981107088,"NS","NS","NS"
"Td00001aa009076","Zm00001eb336590",-0.426892954301098,-0.761250913208857,0.115575185941145,"NS","NS","NS"
"Td00001aa009109","Zm00001eb336250",-0.0127968791589163,-0.186893223601487,0.89152187064471,"NS","NS","NS"
"Td00001aa009125","Zm00001eb336090",-1.22058572143941,0.38786624260862,0.793589703318841,"Down","NS","NS"
"Td00001aa009131","Zm00001eb336030",-0.510232519565955,-0.976132686760253,0.160143477649169,"NS","NS","NS"
"Td00001aa009183","Zm00001eb334070",0.307940827957662,0.5503801056339,0.382587313857326,"NS","NS","NS"
"Td00001aa009191","Zm00001eb333970",-0.180747057438829,0.446350091997744,0.556291107240829,"NS","NS","NS"
"Td00001aa009221","Zm00001eb334140",0.82622769229423,1.73488769849868,0.0251958353377301,"NS","Up","NS"
"Td00001aa009257","Zm00001eb335350",-0.0788631918640995,0.048793038331103,0.946223461495078,"NS","NS","NS"
"Td00001aa009265","Zm00001eb335220",0.457555507697356,0.48280280363969,0.660325220799765,"NS","NS","NS"
"Td00001aa009285","Zm00001eb335090",0.41426309785661,-0.15817359279104,0.854549032907264,"NS","NS","NS"
"Td00001aa009306","Zm00001eb334910",-0.192851383620564,1.88885349089301,0.0199240510063016,"NS","Up","NS"
"Td00001aa009323","Zm00001eb334740",-0.092595877910071,0.54075241115543,0.61126187093654,"NS","NS","NS"
"Td00001aa009353","Zm00001eb334430",0.828527209627878,-0.115597715644305,0.890880676077424,"NS","NS","NS"
"Td00001aa009397","Zm00001eb334050",-0.121325532630519,0.0454061712911952,0.958279434426096,"NS","NS","NS"
"Td00001aa009403","Zm00001eb333980",-0.329971125421412,-0.165851128329382,0.843493904143107,"NS","NS","NS"
"Td00001aa009410","Zm00001eb333890",-0.636458501910698,-0.837852185545463,0.395814581971838,"NS","NS","NS"
"Td00001aa009459","Zm00001eb333440",-0.468153174145635,-0.126672343152743,0.939623129326077,"NS","NS","NS"
"Td00001aa009514","Zm00001eb333010",0.302258525607428,0.243551201570995,0.71093374559132,"NS","NS","NS"
"Td00001aa009543","Zm00001eb332780",0.267706448618408,0.305405343949007,0.769213097372014,"NS","NS","NS"
"Td00001aa009544","Zm00001eb332770",-0.0377887154374499,0.381947725497569,0.737535322577173,"NS","NS","NS"
"Td00001aa009571","Zm00001eb332530",-0.344294229627207,-1.30059176662611,0.0196239832220333,"NS","Down","NS"
"Td00001aa009577","Zm00001eb332510",-0.286931204196335,0.139450015091879,0.880808595908581,"NS","NS","NS"
"Td00001aa009603","Zm00001eb332290",0.563888321071312,-0.792203530913755,0.075239047721834,"NS","NS","NS"
"Td00001aa009655","Zm00001eb340280",-0.157281058310925,-6.47203562785584,1.05833216324949e-15,"NS","Down","NS"
"Td00001aa009662","Zm00001eb340350",0.109068540774964,0.20471952643686,0.757451895913985,"NS","NS","NS"
"Td00001aa009663","Zm00001eb340370",0.00450935574627651,0.119021511119211,0.903937949057141,"NS","NS","NS"
"Td00001aa009691","Zm00001eb340590",0.160451910758448,0.433413886229384,0.59857915307198,"NS","NS","NS"
"Td00001aa009697","Zm00001eb340720",-0.265153834173698,-0.0462368553101067,0.97065849165763,"NS","NS","NS"
"Td00001aa009712","Zm00001eb340900",-0.587621628066752,-0.485335426276874,0.630941111987124,"NS","NS","NS"
"Td00001aa009740","Zm00001eb341370",-0.18561175010214,0.0297170362841623,0.974897460892906,"NS","NS","NS"
"Td00001aa009764","Zm00001eb341860",-0.632431526064166,-0.0997623137350295,0.916306059306029,"NS","NS","NS"
"Td00001aa009855","Zm00001eb356710",-0.20110948474988,0.0727029215066182,0.913178106891531,"NS","NS","NS"
"Td00001aa009871","Zm00001eb356870",0.0982809547001017,0.0175146830946118,0.987511815126111,"NS","NS","NS"
"Td00001aa009874","Zm00001eb356910",1.02171028275205,4.43819067689714,4.71010985407863e-05,"Up","Up","Up"
"Td00001aa009886","Zm00001eb356970",-0.364996748877217,0.379637260060747,0.629690992824028,"NS","NS","NS"
"Td00001aa009915","Zm00001eb357140",0.056545336156666,0.571339448129598,0.32914645217874,"NS","NS","NS"
"Td00001aa009918","Zm00001eb357200",0.613698597428143,-0.519873370812581,0.465401856807258,"NS","NS","NS"
"Td00001aa009947","Zm00001eb357390",0.0029512551490456,0.313361685483766,0.719021769819938,"NS","NS","NS"
"Td00001aa009977","Zm00001eb357670",-0.053516088254444,0.155920722337298,0.868034655406673,"NS","NS","NS"
"Td00001aa010029","Zm00001eb358100",-0.0135739297414319,0.403118393084546,0.569724921745752,"NS","NS","NS"
"Td00001aa010032","Zm00001eb358170",-0.168289477782726,-0.136381075206127,0.871936772978291,"NS","NS","NS"
"Td00001aa010052","Zm00001eb358310",0.185773214109581,-0.125492555757108,0.864545785298039,"NS","NS","NS"
"Td00001aa010057","Zm00001eb358410",-0.293241467555464,-0.769856575637362,0.248463702283583,"NS","NS","NS"
"Td00001aa010067","Zm00001eb358560",-0.497504297461918,-0.0387449757061763,0.964336691153323,"NS","NS","NS"
"Td00001aa010082","Zm00001eb159350",-0.0275480104097603,0.0208696569210025,0.987278951019365,"NS","NS","NS"
"Td00001aa010087","Zm00001eb358770",0.654515081925169,-0.389567632177111,0.510027466663556,"NS","NS","NS"
"Td00001aa010167","Zm00001eb359400",-0.263170514377282,0.385247692569716,0.631566087309437,"NS","NS","NS"
"Td00001aa010169","Zm00001eb359420",0.424281676090603,0.509245652266998,0.489597924537716,"NS","NS","NS"
"Td00001aa010182","Zm00001eb157850",-0.204187041719276,0.167197495615337,0.838477722392996,"NS","NS","NS"
"Td00001aa010207","Zm00001eb359730",-0.220317146765915,0.918162771363537,0.309205162305306,"NS","NS","NS"
"Td00001aa010260","Zm00001eb360190",-0.290799482549163,0.652500720322531,0.553450012026964,"NS","NS","NS"
"Td00001aa010289","Zm00001eb360480",-0.0185311481268935,-1.86270078518123,0.000124127014832884,"NS","Down","NS"
"Td00001aa010338","Zm00001eb360880",0.070656319890316,0.801099706428072,0.367161842486345,"NS","NS","NS"
"Td00001aa010339","Zm00001eb360900",0.414012409225718,0.516342311253469,0.498970620497467,"NS","NS","NS"
"Td00001aa010356","Zm00001eb361030",-0.000376804326560197,-0.275798362514456,0.693468451341932,"NS","NS","NS"
"Td00001aa010371","Zm00001eb361210",-0.0728298168011498,-0.367012724045875,0.632105587351777,"NS","NS","NS"
"Td00001aa010378","Zm00001eb361300",-0.497906593782228,0.386209110216744,0.629073900985686,"NS","NS","NS"
"Td00001aa010388","Zm00001eb361460",-0.496732893096207,0.347976148686453,0.689040563446074,"NS","NS","NS"
"Td00001aa010418","Zm00001eb361700",0.273632840398882,0.0904731692251114,0.935738943490453,"NS","NS","NS"
"Td00001aa010440","Zm00001eb361870",-0.148337086454814,-0.401375364443344,0.69182187051935,"NS","NS","NS"
"Td00001aa010462","Zm00001eb371250",-0.00205838448437555,-0.333491835682297,0.627537514091083,"NS","NS","NS"
"Td00001aa010482","Zm00001eb371150",-0.023603619276941,0.0594258001906719,0.955102404137911,"NS","NS","NS"
"Td00001aa010545","Zm00001eb370590",-0.10959202708234,0.630631533842775,0.689851646666481,"NS","NS","NS"
"Td00001aa010562","Zm00001eb370440",-0.129992853919725,-0.633723114569732,0.531397160081155,"NS","NS","NS"
"Td00001aa010569","Zm00001eb370370",-0.555287114272641,0.770411544387746,0.310257182488838,"NS","NS","NS"
"Td00001aa010573","Zm00001eb370330",0.0608450162577587,1.08993464362489,0.230226806822589,"NS","NS","NS"
"Td00001aa010575","Zm00001eb370320",0.0750558651483537,0.528388027000439,0.48725324588876,"NS","NS","NS"
"Td00001aa010578","Zm00001eb370290",0.129931186553346,0.550516351898528,0.4531165455897,"NS","NS","NS"
"Td00001aa010582","Zm00001eb370240",-0.513102003154444,0.457928045407566,0.629225877746207,"NS","NS","NS"
"Td00001aa010600","Zm00001eb370100",0.234222931591487,0.24446119578896,0.884305007944892,"NS","NS","NS"
"Td00001aa010642","Zm00001eb369780",0.0519459429240275,-0.406274736230355,0.690854257551166,"NS","NS","NS"
"Td00001aa010645","Zm00001eb369750",-0.0587048243521397,1.00628353269189,0.295167460805012,"NS","NS","NS"
"Td00001aa010662","Zm00001eb151060",0.178970088264472,0.757076761271685,0.302144436514401,"NS","NS","NS"
"Td00001aa010671","Zm00001eb369580",-0.309380952106569,0.753285036871313,0.27214397377492,"NS","NS","NS"
"Td00001aa010744","Zm00001eb368990",1.00979669827725,-0.555498946051593,0.312582214161895,"Up","NS","NS"
"Td00001aa010752","Zm00001eb149610",-0.454558041434064,-0.239889045998225,0.863757030394407,"NS","NS","NS"
"Td00001aa010759","Zm00001eb368840",-0.389851495736679,0.422890575535181,0.621203378891634,"NS","NS","NS"
"Td00001aa010760","Zm00001eb368820",0.25589399409156,-0.130857846844785,0.902430293821705,"NS","NS","NS"
"Td00001aa010844","Zm00001eb368000",0.789997588498667,-0.568693825625523,0.659203300140351,"NS","NS","NS"
"Td00001aa010854","Zm00001eb367890",0.078948069932358,-0.261305353948256,0.862215910421224,"NS","NS","NS"
"Td00001aa010934","Zm00001eb366800",-0.137091952131807,1.59424509231148,NA,"NS",NA,"NS"
"Td00001aa010944","Zm00001eb366720",-0.0647315306566455,-1.45267212732321,0.0906712757624386,"NS","NS","NS"
"Td00001aa010947","Zm00001eb366710",-0.687406905376412,1.65594233377223,0.0651503401784108,"NS","NS","NS"
"Td00001aa010954","Zm00001eb366640",0.012317804194986,0.509391633889838,0.463404575109364,"NS","NS","NS"
"Td00001aa010981","Zm00001eb366430",0.12133027529024,-1.03278667726434,0.070330483622487,"NS","NS","NS"
"Td00001aa010989","Zm00001eb366350",-0.128591777538934,-0.0475333045817197,0.957330909195627,"NS","NS","NS"
"Td00001aa011042","Zm00001eb365810",-0.132411545816716,0.792241090817058,0.23878869504703,"NS","NS","NS"
"Td00001aa011045","Zm00001eb365780",-0.228763842262141,-0.109085514995978,0.886022288434985,"NS","NS","NS"
"Td00001aa011081","Zm00001eb365200",-0.0556253000596799,-1.2798112714376,0.0637194013680894,"NS","NS","NS"
"Td00001aa011129","Zm00001eb364750",0.478093785319046,0.348243717844618,0.708263271099597,"NS","NS","NS"
"Td00001aa011137","Zm00001eb364660",-0.248478200569644,-0.359120865073514,0.769692301370519,"NS","NS","NS"
"Td00001aa011157","Zm00001eb364380",-0.0950884905056485,0.397049287393362,0.627650803251719,"NS","NS","NS"
"Td00001aa011188","Zm00001eb363960",-0.60891026190653,-1.39348188423112,0.00266794441889008,"NS","Down","NS"
"Td00001aa011197","Zm00001eb363880",-0.127072927174064,0.632778730981759,0.545568549559417,"NS","NS","NS"
"Td00001aa011200","Zm00001eb363840",0.55331517639657,-0.175382599229282,0.836956762427175,"NS","NS","NS"
"Td00001aa011228","Zm00001eb363500",-0.487803470364135,-0.0244385849797735,0.975383736206874,"NS","NS","NS"
"Td00001aa011250","Zm00001eb363240",0.0187293694273387,0.662914914239948,0.494335219994708,"NS","NS","NS"
"Td00001aa011263","Zm00001eb363090",0.165390680787956,0.320880839299738,0.780477946521378,"NS","NS","NS"
"Td00001aa011277","Zm00001eb362860",-0.5234364536686,0.30639471191965,0.694726580196929,"NS","NS","NS"
"Td00001aa011280","Zm00001eb362830",-0.556849764504782,-0.172056553048703,0.902138991177096,"NS","NS","NS"
"Td00001aa011286","Zm00001eb362760",0.461505425761863,0.856206681484037,0.426390466920845,"NS","NS","NS"
"Td00001aa011312","Zm00001eb362520",-0.317142973324859,0.688761940237926,0.160585738304144,"NS","NS","NS"
"Td00001aa011332","Zm00001eb362330",-0.420242037160802,1.39118599888376,0.399501525025465,"NS","NS","NS"
"Td00001aa011350","Zm00001eb362080",-0.13773074848967,-0.456796674516143,0.461097074134771,"NS","NS","NS"
"Td00001aa011352","Zm00001eb362030",-0.202245145659445,-0.0935995624317349,0.934228494926418,"NS","NS","NS"
"Td00001aa011353","Zm00001eb362020",-0.0521197676738,-0.120664705133853,0.922212388360652,"NS","NS","NS"
"Td00001aa011427","Zm00001eb411380",-1.28917449111682,0.941744598898613,0.0911076714825763,"Down","NS","NS"
"Td00001aa011430","Zm00001eb411430",0.977559759699713,3.47223284719054,0.108365603674745,"NS","NS","NS"
"Td00001aa011438","Zm00001eb411490",0.341630938305286,-0.111491013962999,0.894241958989765,"NS","NS","NS"
"Td00001aa011468","Zm00001eb411740",-0.0503263601685825,0.268398321823833,0.734402353165374,"NS","NS","NS"
"Td00001aa011477","Zm00001eb411760",0.014433686266118,-0.0332479236838913,0.979691712862638,"NS","NS","NS"
"Td00001aa011506","Zm00001eb028370",0.113783057501848,-0.267687851921143,0.682438216404948,"NS","NS","NS"
"Td00001aa011551","Zm00001eb028770",0.0671608976295135,0.713297480278762,0.405696698895608,"NS","NS","NS"
"Td00001aa011555","Zm00001eb028810",-0.310511194200697,-0.996517444608122,0.0984152358338482,"NS","NS","NS"
"Td00001aa011564","Zm00001eb028940",0.0477010263918488,-0.161853131010306,0.83253919283106,"NS","NS","NS"
"Td00001aa011566","Zm00001eb029010",-0.226305786506055,0.108243140169664,0.885146201205183,"NS","NS","NS"
"Td00001aa011576","Zm00001eb029200",0.055133479597669,-0.116692118188794,0.905253505521532,"NS","NS","NS"
"Td00001aa011609","Zm00001eb029580",0.122634533340152,-0.0597881881484142,0.944003564531502,"NS","NS","NS"
"Td00001aa011659","Zm00001eb030210",-0.0981179266801434,-0.0641639014865829,0.934639640167175,"NS","NS","NS"
"Td00001aa011674","Zm00001eb030410",0.542365619830627,-0.474088983657124,0.619017007117021,"NS","NS","NS"
"Td00001aa011675","Zm00001eb030420",0.11648419819701,1.78379199658834,3.19610093186063e-06,"NS","Up","NS"
"Td00001aa011732","Zm00001eb030980",-0.0657838574721025,-0.353558233740234,0.575504166734415,"NS","NS","NS"
"Td00001aa011748","Zm00001eb032060",-0.0986287083111515,0.168366375737051,0.827678943244083,"NS","NS","NS"
"Td00001aa011779","Zm00001eb032380",0.436548520113827,0.45089486089914,0.57319025325186,"NS","NS","NS"
"Td00001aa011866","Zm00001eb434560",-0.0909248720740175,-0.346973392751397,0.723611964147042,"NS","NS","NS"
"Td00001aa011875","Zm00001eb434510",-0.875772149075944,-1.10270636349144,0.0139392345313829,"NS","Down","NS"
"Td00001aa011890","Zm00001eb434370",0.121553404053663,-1.23753885761527,0.48725324588876,"NS","NS","NS"
"Td00001aa011895","Zm00001eb434320",-0.115687458720146,-0.474405208695624,0.820542050718166,"NS","NS","NS"
"Td00001aa011905","Zm00001eb434230",-0.282752638040104,-0.510387074370201,0.474948789816449,"NS","NS","NS"
"Td00001aa011919","Zm00001eb434200",-0.139013347402015,0.405539916802002,0.539128587690776,"NS","NS","NS"
"Td00001aa011925","Zm00001eb434140",-0.134258173747,4.3044079076671,4.57360482989103e-09,"NS","Up","NS"
"Td00001aa011930","Zm00001eb434080",-0.245346164258376,-0.955994154575804,0.1297817317116,"NS","NS","NS"
"Td00001aa011935","Zm00001eb434030",0.178550600661491,1.29207493565059,0.113672432054831,"NS","NS","NS"
"Td00001aa011954","Zm00001eb433870",1.29049518916826,-0.933118743791613,0.268836112961002,"Up","NS","NS"
"Td00001aa011955","Zm00001eb433860",-0.044720513253848,0.540787708428209,0.415904730625448,"NS","NS","NS"
"Td00001aa011973","Zm00001eb433680",-0.0202579187458135,-0.288888456085397,0.809990069960233,"NS","NS","NS"
"Td00001aa011975","Zm00001eb433650",-0.0858491331733071,0.0498384053755711,0.960190209509458,"NS","NS","NS"
"Td00001aa012022","Zm00001eb433310",0.293678399767437,0.604101999317404,0.501774297106626,"NS","NS","NS"
"Td00001aa012060","Zm00001eb432790",-0.420363609223696,0.547789877582882,0.619510709794262,"NS","NS","NS"
"Td00001aa012064","Zm00001eb432770",-0.11921503968445,0.346747109247383,0.554701952888917,"NS","NS","NS"
"Td00001aa012077","Zm00001eb432580",-0.1425324838293,0.440653822323979,0.742216477977643,"NS","NS","NS"
"Td00001aa012104","Zm00001eb432360",-0.227583808474459,0.653579148882133,0.33083303548173,"NS","NS","NS"
"Td00001aa012106","Zm00001eb432330",0.30636100799679,0.139310649635384,0.934207207598745,"NS","NS","NS"
"Td00001aa012113","Zm00001eb432170",-0.273157636403515,0.574797974993334,0.429069572057641,"NS","NS","NS"
"Td00001aa012163","Zm00001eb431740",-0.110184717338424,0.446536119158702,0.531669624256577,"NS","NS","NS"
"Td00001aa012166","Zm00001eb069160",-0.104224257866525,0.676538617824026,0.580793563844889,"NS","NS","NS"
"Td00001aa012190","Zm00001eb431460",-0.517040683176643,-0.49810235251842,0.545252763481498,"NS","NS","NS"
"Td00001aa012238","Zm00001eb431060",-0.237264485227561,0.00308877956362348,0.997104799917904,"NS","NS","NS"
"Td00001aa012250","Zm00001eb431000",-0.0687314144360419,-0.16826064544323,0.876370082686929,"NS","NS","NS"
"Td00001aa012271","Zm00001eb430780",-1.20436077491209,0.387690301236225,0.661739684725695,"Down","NS","NS"
"Td00001aa012276","Zm00001eb430730",-0.51572740812706,0.155389886954182,0.819686424754692,"NS","NS","NS"
"Td00001aa012294","Zm00001eb430580",-0.227198936782997,-0.0209727385637236,0.979613956019453,"NS","NS","NS"
"Td00001aa012295","Zm00001eb430560",-0.324617164042131,-0.505782310783145,0.545568549559417,"NS","NS","NS"
"Td00001aa012388","Zm00001eb429430",0.334798176485951,-0.132889253998029,0.887687836885834,"NS","NS","NS"
"Td00001aa012396","Zm00001eb429310",-0.637047695166965,-0.381582356843484,0.685609145196775,"NS","NS","NS"
"Td00001aa012440","Zm00001eb428660",-0.457340655918883,0.544818809628005,0.626744171441458,"NS","NS","NS"
"Td00001aa012521","Zm00001eb427810",-0.840459992259189,2.82793354067754,0.00238944243505994,"NS","Up","NS"
"Td00001aa012562","Zm00001eb427400",-0.33655269617998,0.744259381911931,0.457693236641103,"NS","NS","NS"
"Td00001aa012567","Zm00001eb427320",-0.120436314451862,1.84508489419595,0.350932714965375,"NS","NS","NS"
"Td00001aa012570","Zm00001eb427290",-0.217702904306484,0.822973975556898,0.193459955997186,"NS","NS","NS"
"Td00001aa012579","Zm00001eb427180",-0.549156780315559,1.1787766916548,0.133077518687206,"NS","NS","NS"
"Td00001aa012606","Zm00001eb426990",-0.597900816592328,-0.176142928912553,0.888369824434554,"NS","NS","NS"
"Td00001aa012623","Zm00001eb426700",0.234125299882853,0.617563831278507,0.568454960058294,"NS","NS","NS"
"Td00001aa012628","Zm00001eb426650",0.82249404643684,-0.385284877674978,0.725767729810251,"NS","NS","NS"
"Td00001aa012677","Zm00001eb426070",0.386405382915357,0.0198463956672333,0.980426772090991,"NS","NS","NS"
"Td00001aa012705","Zm00001eb425750",-0.222958773928676,0.136729662323351,0.881974105717138,"NS","NS","NS"
"Td00001aa012719","Zm00001eb425600",2.68366629052085,0.308546285542661,0.801953992476581,"Up","NS","NS"
"Td00001aa012729","Zm00001eb425460",0.0075192808675388,1.13321312662164,0.445532506807754,"NS","NS","NS"
"Td00001aa012773","Zm00001eb424960",0.088067519253616,-0.399332106318785,0.5451649379533,"NS","NS","NS"
"Td00001aa012774","Zm00001eb424940",0.282659639838715,0.721597447809502,0.259870313238822,"NS","NS","NS"
"Td00001aa012779","Zm00001eb424850",0.0685696203471577,0.0239779390819358,0.977312743848357,"NS","NS","NS"
"Td00001aa012809","Zm00001eb424620",0.97686928361051,1.42053836847919,0.0824943545048707,"NS","NS","NS"
"Td00001aa012816","Zm00001eb424560",0.229710856953986,0.0322986598182843,0.969646112078724,"NS","NS","NS"
"Td00001aa012823","Zm00001eb424480",0.102128716412489,0.616189505718772,0.43709476694933,"NS","NS","NS"
"Td00001aa012842","Zm00001eb424310",-0.270663388523035,0.0332068586380295,0.972119082711431,"NS","NS","NS"
"Td00001aa012879","Zm00001eb423920",-0.222025305024062,-1.76248108147483,0.0142698054591083,"NS","Down","NS"
"Td00001aa012911","Zm00001eb423470",0.613687768380738,0.588308667790998,0.811203511454494,"NS","NS","NS"
"Td00001aa012978","Zm00001eb422640",-0.170648587370878,-0.428570667879647,0.717272974151058,"NS","NS","NS"
"Td00001aa013007","Zm00001eb422400",-8.45277344110051e-05,2.93195272823724,0.01604691713383,"NS","Up","NS"
"Td00001aa013013","Zm00001eb422340",-0.0481783833096967,-0.29786881918695,0.67574651900889,"NS","NS","NS"
"Td00001aa013076","Zm00001eb421600",-0.0801794565270248,-0.183738490794713,0.832307712625242,"NS","NS","NS"
"Td00001aa013127","Zm00001eb421290",0.218812659964276,0.551144527114086,0.390645510509202,"NS","NS","NS"
"Td00001aa013141","Zm00001eb421170",0.382561815130937,0.577252159942127,0.258784499038787,"NS","NS","NS"
"Td00001aa013158","Zm00001eb421090",-0.0225346936723997,0.0357624112757787,0.96578289295517,"NS","NS","NS"
"Td00001aa013176","Zm00001eb420880",0.04103878892005,0.453376262726447,0.462791572147468,"NS","NS","NS"
"Td00001aa013204","Zm00001eb420610",-0.48364037442976,-1.07183024070284,0.0216142721442892,"NS","Down","NS"
"Td00001aa013205","Zm00001eb420600",-0.358915440928455,0.167879699091706,0.855403008865121,"NS","NS","NS"
"Td00001aa013262","Zm00001eb420190",-0.160933856205415,-0.282854928787843,0.835639880607454,"NS","NS","NS"
"Td00001aa013293","Zm00001eb419790",-0.239788176695198,1.6209806845663,0.000303404750721357,"NS","Up","NS"
"Td00001aa013332","Zm00001eb419520",-0.590194166620682,0.115042198022783,0.935738943490453,"NS","NS","NS"
"Td00001aa013334","Zm00001eb419510",0.50825362744252,-1.85615399246636,8.28520827775798e-05,"NS","Down","NS"
"Td00001aa013344","Zm00001eb419480",-0.27993871241918,-0.571488510624291,0.535567365977233,"NS","NS","NS"
"Td00001aa013359","Zm00001eb419210",0.34270458617145,0.5470353226432,0.667263603810326,"NS","NS","NS"
"Td00001aa013413","Zm00001eb000320",-0.17163040780032,0.476126740173679,0.616421996943902,"NS","NS","NS"
"Td00001aa013419","Zm00001eb000340",-0.0333141786957684,-0.112998888350079,0.887636167010221,"NS","NS","NS"
"Td00001aa013433","Zm00001eb000480",-0.0293592126874227,0.946048651387948,0.328648849147136,"NS","NS","NS"
"Td00001aa013454","Zm00001eb000620",0.0540765184222785,0.218370690212112,0.869694221051206,"NS","NS","NS"
"Td00001aa013466","Zm00001eb000700",-0.351975230522434,0.155589954452977,0.861963377359655,"NS","NS","NS"
"Td00001aa013477","Zm00001eb000800",-0.510103358933433,0.944165839900813,0.423471767496515,"NS","NS","NS"
"Td00001aa013480","Zm00001eb000840",-1.28486107499827,0.650467236492352,0.613638813118009,"Down","NS","NS"
"Td00001aa013482","Zm00001eb000860",-0.406185259211312,0.0152465802516165,0.984576409683834,"NS","NS","NS"
"Td00001aa013498","Zm00001eb001000",-0.382603009991126,0.671289053100361,0.428100614623804,"NS","NS","NS"
"Td00001aa013516","Zm00001eb001180",-0.066404253846007,-0.595760445881101,0.735174132115744,"NS","NS","NS"
"Td00001aa013521","Zm00001eb001240",-0.0423975250788817,-0.595022689662695,0.368172851638472,"NS","NS","NS"
"Td00001aa013532","Zm00001eb001400",-0.242654249901896,0.124281326119901,0.918050114711664,"NS","NS","NS"
"Td00001aa013562","Zm00001eb001650",0.0904438686986581,0.168337487725176,0.874022329294328,"NS","NS","NS"
"Td00001aa013579","Zm00001eb001840",0.115516437741839,-1.22321071131095,NA,"NS",NA,"NS"
"Td00001aa013609","Zm00001eb002060",0.0364918535544606,0.357379556626924,0.61030722012857,"NS","NS","NS"
"Td00001aa013626","Zm00001eb002220",-0.045650756104015,-0.324894475241281,0.675993321506507,"NS","NS","NS"
"Td00001aa013660","Zm00001eb002570",0.0300034250884621,1.15367322206071,0.0130762373426672,"NS","Up","NS"
"Td00001aa013672","Zm00001eb002780",-1.04515713291076,1.41935413815546,0.0524332180867467,"Down","NS","NS"
"Td00001aa013673","Zm00001eb002790",-0.921312925420386,0.892864175933873,0.274482060501993,"NS","NS","NS"
"Td00001aa013674","Zm00001eb002800",-0.872420334933042,1.75350865840297,0.0140734355955187,"NS","Up","NS"
"Td00001aa013675","Zm00001eb002810",-0.782188375131578,-1.00838910470112,0.132177613077255,"NS","NS","NS"
"Td00001aa013685","Zm00001eb002950",0.613697199593194,0.396715110216576,0.701167154302937,"NS","NS","NS"
"Td00001aa013686","Zm00001eb002960",-0.110879546646103,0.761349024571924,0.131504626164669,"NS","NS","NS"
"Td00001aa013691","Zm00001eb003070",-0.144524384499715,-0.203360228935861,0.760183298517587,"NS","NS","NS"
"Td00001aa013719","Zm00001eb003350",0.371681977079171,-0.0652817347755886,0.940504114857838,"NS","NS","NS"
"Td00001aa013725","Zm00001eb003440",1.31653818290355,0.975549096601634,0.159336476613514,"Up","NS","NS"
"Td00001aa013761","Zm00001eb003760",-0.408380984846996,-3.19290298188793,0.000175973876290063,"NS","Down","NS"
"Td00001aa013783","Zm00001eb004030",-0.301706488224299,-0.0940009823156252,0.910588834462713,"NS","NS","NS"
"Td00001aa013792","Zm00001eb004170",0.501107464995915,-0.115526154660901,0.874915311004403,"NS","NS","NS"
"Td00001aa013819","Zm00001eb004400",0.0730905258881014,1.00111187004561,0.422191925983894,"NS","NS","NS"
"Td00001aa013843","Zm00001eb004660",0.370356165512905,0.369221394533923,0.725355561150799,"NS","NS","NS"
"Td00001aa013887","Zm00001eb005140",-0.11594616305594,-0.768897365274204,0.248485088257399,"NS","NS","NS"
"Td00001aa013906","Zm00001eb005330",-0.243644515364981,0.849992361855628,0.125988586415995,"NS","NS","NS"
"Td00001aa013911","Zm00001eb005370",-0.191118700841894,-0.515607928796432,0.489575236989365,"NS","NS","NS"
"Td00001aa013924","Zm00001eb005550",-0.0550376633025175,0.201905314052807,0.812416898418878,"NS","NS","NS"
"Td00001aa013939","Zm00001eb005660",0.0296321731183762,0.0718890372705113,0.9229914799757,"NS","NS","NS"
"Td00001aa013963","Zm00001eb005920",0.0332619603982709,0.494779592693948,0.499438816118634,"NS","NS","NS"
"Td00001aa014014","Zm00001eb006510",0.138328444295762,0.115540313046038,0.89919034307138,"NS","NS","NS"
"Td00001aa014017","Zm00001eb006530",-0.561783263684636,-0.443922129857856,0.728527737685826,"NS","NS","NS"
"Td00001aa014018","Zm00001eb006540",-0.348761297947047,-1.14031160649803,0.0544362417625542,"NS","NS","NS"
"Td00001aa014068","Zm00001eb007060",0.0598398373751825,3.09097102163438,6.7515681963019e-21,"NS","Up","NS"
"Td00001aa014113","Zm00001eb007730",-0.183552548572086,0.762115227416401,0.320918745767316,"NS","NS","NS"
"Td00001aa014127","Zm00001eb007860",0.207990863837221,-0.111180853511457,0.935738943490453,"NS","NS","NS"
"Td00001aa014170","Zm00001eb008360",1.00282465838104,1.53314803143295,0.0453178771700951,"NS","Up","NS"
"Td00001aa014171","Zm00001eb008370",-0.206523110286229,0.0245832940136907,0.979691712862638,"NS","NS","NS"
"Td00001aa014184","Zm00001eb008490",-0.196263051265476,0.65456695116626,0.408318995142998,"NS","NS","NS"
"Td00001aa014188","Zm00001eb008530",-0.43215539053463,-0.998810730038845,0.210763598140209,"NS","NS","NS"
"Td00001aa014189","Zm00001eb008550",0.0655583721047127,0.0929252726077246,0.913178106891531,"NS","NS","NS"
"Td00001aa014206","Zm00001eb008700",0.113616966519132,-0.475794685732576,0.697389855849355,"NS","NS","NS"
"Td00001aa014214","Zm00001eb008780",0.0475255389322779,-0.524601733272724,0.567165444223778,"NS","NS","NS"
"Td00001aa014231","Zm00001eb008930",-0.772571909378531,2.84284206049804,0.000130845181568752,"NS","Up","NS"
"Td00001aa014246","Zm00001eb009100",-0.469771151854758,-0.11182630997595,0.906043240372769,"NS","NS","NS"
"Td00001aa014253","Zm00001eb009160",0.546714250343145,0.109269283859579,0.906936009758623,"NS","NS","NS"
"Td00001aa014265","Zm00001eb009340",0.141329587442917,-0.00823263817581802,0.995913520487501,"NS","NS","NS"
"Td00001aa014316","Zm00001eb010030",-1.06175343640377,-0.600285474351019,0.371754597026666,"Down","NS","NS"
"Td00001aa014317","Zm00001eb010040",0.898772801084563,0.634366804564083,0.58902323530425,"NS","NS","NS"
"Td00001aa014333","Zm00001eb010200",0.246079147067716,0.345681115528214,0.740882364246306,"NS","NS","NS"
"Td00001aa014362","Zm00001eb010530",3.43006221938039,2.3377790267779,0.303512563042953,"Up","NS","NS"
"Td00001aa014389","Zm00001eb010790",-0.128065198355304,0.135647538419043,0.918050114711664,"NS","NS","NS"
"Td00001aa014391","Zm00001eb010810",-0.43032354808094,-0.582558263261294,0.202105462429292,"NS","NS","NS"
"Td00001aa014405","Zm00001eb011010",-0.385990386456214,-0.0931651271180352,0.899805093485134,"NS","NS","NS"
"Td00001aa014408","Zm00001eb011020",0.287446324226601,0.170803995552199,0.837428041922714,"NS","NS","NS"
"Td00001aa014411","Zm00001eb011050",-0.772009938329833,-0.228810141564959,0.848727468672233,"NS","NS","NS"
"Td00001aa014422","Zm00001eb011150",-0.285008527833626,0.212054334202404,0.860683219358835,"NS","NS","NS"
"Td00001aa014448","Zm00001eb011490",0.0258953827518345,-0.83936129480094,0.101290547798532,"NS","NS","NS"
"Td00001aa014462","Zm00001eb011670",0.0795554603755523,-0.234858663189616,0.792051866739815,"NS","NS","NS"
"Td00001aa014474","Zm00001eb011800",0.03759835970155,0.0556425293814739,0.944254937851123,"NS","NS","NS"
"Td00001aa014495","Zm00001eb012060",0.283247896257205,-0.105669048867533,0.902138991177096,"NS","NS","NS"
"Td00001aa014505","Zm00001eb012140",0.0282626315297885,0.163327730269062,0.863567734400501,"NS","NS","NS"
"Td00001aa014521","Zm00001eb012300",-0.254552036096549,0.325462854165288,0.706162350475869,"NS","NS","NS"
"Td00001aa014529","Zm00001eb012390",-0.687476660943542,0.602358690676516,0.324068976609604,"NS","NS","NS"
"Td00001aa014550","Zm00001eb012580",-0.674269135028379,-0.115935855085266,0.965008501821769,"NS","NS","NS"
"Td00001aa014554","Zm00001eb012600",0.25109176814939,0.0891022655019944,0.90143401194386,"NS","NS","NS"
"Td00001aa014580","Zm00001eb012860",0.179062321312784,4.96246606623722,2.44790607539047e-09,"NS","Up","NS"
"Td00001aa014588","Zm00001eb012920",0.699027579185838,0.326332170428047,0.728527737685826,"NS","NS","NS"
"Td00001aa014607","Zm00001eb397180",-0.0541268093030016,0.873548507206733,0.168077192633945,"NS","NS","NS"
"Td00001aa014621","Zm00001eb013220",-0.869483018130311,-0.562050359305663,0.469632467226953,"NS","NS","NS"
"Td00001aa014625","Zm00001eb013270",0.361674160188422,-1.7777859475957,1.22109391984557e-06,"NS","Down","NS"
"Td00001aa014638","Zm00001eb013460",0.224480545430351,1.02069217563137,0.162890703626641,"NS","NS","NS"
"Td00001aa014643","Zm00001eb013490",0.183997765503933,0.657408443383047,0.426009205909696,"NS","NS","NS"
"Td00001aa014647","Zm00001eb013520",-0.00838596011080149,-2.86130622425321,8.47061441286992e-06,"NS","Down","NS"
"Td00001aa014665","Zm00001eb013710",0.272198847598956,-0.0655561194225656,0.943672069985721,"NS","NS","NS"
"Td00001aa014670","Zm00001eb013760",0.199245757807352,0.124260856262733,0.9229914799757,"NS","NS","NS"
"Td00001aa014685","Zm00001eb013940",-0.407480815819272,0.423640497179036,0.656970222307886,"NS","NS","NS"
"Td00001aa014689","Zm00001eb013990",0.823673659918,-0.124940097940191,0.904107610577186,"NS","NS","NS"
"Td00001aa014741","Zm00001eb014750",-0.0999183948458604,-0.826764184877298,0.364533298399755,"NS","NS","NS"
"Td00001aa014750","Zm00001eb014850",-0.12290551612132,-0.945007474083003,0.441668731591532,"NS","NS","NS"
"Td00001aa014754","Zm00001eb014890",0.15270014855029,0.299296000090602,0.704022863783034,"NS","NS","NS"
"Td00001aa014755","Zm00001eb014900",0.127552302100219,-0.445752926092354,0.54037456921468,"NS","NS","NS"
"Td00001aa014772","Zm00001eb015040",0.0763448840933082,0.398255864148486,0.709058468321238,"NS","NS","NS"
"Td00001aa014774","Zm00001eb015060",-0.0018836994111545,0.519137533233846,0.324840645975975,"NS","NS","NS"
"Td00001aa014788","Zm00001eb015230",-0.323114107017237,-1.3959646955916,0.0683827474907374,"NS","NS","NS"
"Td00001aa014789","Zm00001eb015240",-0.514468918849881,0.0334461184059702,0.970448098038139,"NS","NS","NS"
"Td00001aa014800","Zm00001eb015330",-0.236152829905942,0.564347269886827,0.485092655517353,"NS","NS","NS"
"Td00001aa014808","Zm00001eb015470",-0.0654521528933558,0.223236313410772,0.758213046473059,"NS","NS","NS"
"Td00001aa014817","Zm00001eb015620",0.662659508710166,0.67746030434606,0.222921525138328,"NS","NS","NS"
"Td00001aa014836","Zm00001eb015840",-0.364753501898473,0.362934167247147,0.700581926892666,"NS","NS","NS"
"Td00001aa014840","Zm00001eb015880",0.690278863357163,-0.851862233941356,0.292375118511795,"NS","NS","NS"
"Td00001aa014847","Zm00001eb015930",-1.43104495716962,1.45332676371377,0.0338972307198927,"Down","Up","NS"
"Td00001aa014861","Zm00001eb016110",0.136391686942388,0.65840740745161,0.374107848902875,"NS","NS","NS"
"Td00001aa014867","Zm00001eb016170",-0.00227761413499955,-0.43322410012173,0.570439172008838,"NS","NS","NS"
"Td00001aa014873","Zm00001eb016240",-0.440321953413879,0.554307861928809,0.362963134581147,"NS","NS","NS"
"Td00001aa014922","Zm00001eb016670",-0.0189275797348963,-0.18238657272851,0.856091837952584,"NS","NS","NS"
"Td00001aa014943","Zm00001eb016940",0.391122504199407,0.746923484641651,0.443942867802426,"NS","NS","NS"
"Td00001aa014951","Zm00001eb017050",0.265706990916345,-0.253692350907083,0.833076989465766,"NS","NS","NS"
"Td00001aa014960","Zm00001eb017130",-0.24078726056384,-0.260399456610312,0.767511881229775,"NS","NS","NS"
"Td00001aa014970","Zm00001eb017230",-0.395575771817535,1.2864660086871,0.693117763316832,"NS","NS","NS"
"Td00001aa014977","Zm00001eb017330",-0.549515555995086,0.547058726542317,0.816969551797669,"NS","NS","NS"
"Td00001aa014980","Zm00001eb017400",-0.0983562932066646,-0.848115409737526,0.50925747858358,"NS","NS","NS"
"Td00001aa014986","Zm00001eb017520",-0.0715309985936546,0.152824518587918,0.830848878071794,"NS","NS","NS"
"Td00001aa015117","Zm00001eb018960",-1.07216654582605,4.80204927908692,0.00937976989553518,"Down","Up","NS"
"Td00001aa015138","Zm00001eb019210",0.260368250146477,-0.794716295995346,0.705979619371781,"NS","NS","NS"
"Td00001aa015176","Zm00001eb019510",-0.243628073391946,-0.155457080490753,0.898322121293444,"NS","NS","NS"
"Td00001aa015178","Zm00001eb019520",-0.0816303340082067,-0.0120566979790108,0.991126954202597,"NS","NS","NS"
"Td00001aa015181","Zm00001eb019530",0.0995370048533075,-0.39188338538407,0.662478639519239,"NS","NS","NS"
"Td00001aa015258","Zm00001eb020330",0.695570564479652,-0.502954648819107,0.576525332721506,"NS","NS","NS"
"Td00001aa015265","Zm00001eb020370",0.218466941550524,0.349480365430698,0.68170256121857,"NS","NS","NS"
"Td00001aa015308","Zm00001eb020790",-0.930998431052162,-0.0706458948151122,0.976974723114669,"NS","NS","NS"
"Td00001aa015328","Zm00001eb021020",-0.010678520909917,0.139026266609213,0.939623129326077,"NS","NS","NS"
"Td00001aa015350","Zm00001eb021240",-0.158912987403952,0.143271975096341,0.879260015784949,"NS","NS","NS"
"Td00001aa015352","Zm00001eb021270",-0.498232729102594,0.938876696212183,0.0433197108054029,"NS","NS","NS"
"Td00001aa015444","Zm00001eb022570",-0.798642804009366,2.55792942694307,0.0476436723576465,"NS","Up","NS"
"Td00001aa015495","Zm00001eb022930",-0.14576612069697,-0.645115138668041,0.514466011884898,"NS","NS","NS"
"Td00001aa015586","Zm00001eb023820",-0.370005920355048,0.319156996362612,0.671428657267329,"NS","NS","NS"
"Td00001aa015608","Zm00001eb024030",0.675588236255427,-0.258735061513267,0.862354038970887,"NS","NS","NS"
"Td00001aa015612","Zm00001eb024130",-0.250648920249638,-0.60562192899315,0.570392307901674,"NS","NS","NS"
"Td00001aa015617","Zm00001eb024200",0.117372928323953,0.13285783723505,0.855403008865121,"NS","NS","NS"
"Td00001aa015619","Zm00001eb024230",-1.00406266168774,0.0278731756037658,0.973875996900211,"Down","NS","NS"
"Td00001aa015624","Zm00001eb024280",-0.808949841884235,1.04559166414286,0.0708285854257125,"NS","NS","NS"
"Td00001aa015631","Zm00001eb390320",0.486190830815577,0.156624079745816,0.948414938134137,"NS","NS","NS"
"Td00001aa015632","Zm00001eb024330",-0.978944735477149,-0.453266751338258,0.723608380817385,"NS","NS","NS"
"Td00001aa015644","Zm00001eb024450",0.629656967121813,-0.74031414125175,0.303286919234649,"NS","NS","NS"
"Td00001aa015645","Zm00001eb024460",-0.116540015827565,-0.593566364904541,0.530673050273056,"NS","NS","NS"
"Td00001aa015658","Zm00001eb024700",-0.0814499528697575,-0.356467310799724,0.681841109622695,"NS","NS","NS"
"Td00001aa015663","Zm00001eb024800",-0.212912942363817,-0.692060872873312,0.489827900546987,"NS","NS","NS"
"Td00001aa015695","Zm00001eb025210",-0.146967393941731,-0.210249202245989,0.866693803310028,"NS","NS","NS"
"Td00001aa015706","Zm00001eb025390",0.0293000002785787,-1.56108960340869,0.0110010375493571,"NS","Down","NS"
"Td00001aa015709","Zm00001eb025460",-0.644671277658863,0.969323853743235,0.152114243750654,"NS","NS","NS"
"Td00001aa015748","Zm00001eb025800",-0.13500087135189,0.416179603761083,0.601428168134444,"NS","NS","NS"
"Td00001aa015826","Zm00001eb026690",-0.81223935581897,2.38315955796662,0.00279532867689801,"NS","Up","NS"
"Td00001aa015844","Zm00001eb026940",0.152791633151198,0.416229659182543,0.592275813355639,"NS","NS","NS"
"Td00001aa015872","Zm00001eb210150",0.00441529484203801,-0.221364163757003,0.747137791156018,"NS","NS","NS"
"Td00001aa015898","Zm00001eb209960",-0.19529594235002,0.130801192127744,0.889200201186049,"NS","NS","NS"
"Td00001aa015927","Zm00001eb209770",-0.675340112384368,0.3627350552984,0.713776043803054,"NS","NS","NS"
"Td00001aa015928","Zm00001eb209760",-0.423537762064787,3.38474453898055,6.08960433674063e-12,"NS","Up","NS"
"Td00001aa015942","Zm00001eb209550",0.32159061175634,-1.17010328290859,0.120081968178014,"NS","NS","NS"
"Td00001aa015946","Zm00001eb209270",0.075566133859483,0.25879032113389,0.861750863443586,"NS","NS","NS"
"Td00001aa015954","Zm00001eb209380",-0.368540584755712,-0.569159798598338,0.494084730947225,"NS","NS","NS"
"Td00001aa015991","Zm00001eb209000",-0.153360879797653,0.0766841772013314,0.952230882023954,"NS","NS","NS"
"Td00001aa016015","Zm00001eb208760",0.310177230649823,1.73620369253672,0.0256438033668755,"NS","Up","NS"
"Td00001aa016019","Zm00001eb208570",0.0418975427228815,-0.540112327121126,0.482983080730913,"NS","NS","NS"
"Td00001aa016032","Zm00001eb208440",-0.210995295031791,-1.0575578432843,0.109528821119773,"NS","NS","NS"
"Td00001aa016034","Zm00001eb208420",-0.079994101229094,-0.0850578044321707,0.949299616561103,"NS","NS","NS"
"Td00001aa016044","Zm00001eb208310",-0.19517072819138,0.417265528832224,0.399497892240845,"NS","NS","NS"
"Td00001aa016047","Zm00001eb208240",-0.349895647443813,-0.177156317427345,0.883199463193305,"NS","NS","NS"
"Td00001aa016055","Zm00001eb208140",-0.22859793428734,1.72394886736818,0.406191031406131,"NS","NS","NS"
"Td00001aa016065","Zm00001eb208050",0.0419093459994678,0.6546104869726,0.269601464541388,"NS","NS","NS"
"Td00001aa016069","Zm00001eb208030",0.191196911935734,0.443209088747541,0.617649736694678,"NS","NS","NS"
"Td00001aa016071","Zm00001eb208010",-0.206735063258215,0.641290452638162,0.286321475128284,"NS","NS","NS"
"Td00001aa016074","Zm00001eb207980",-0.303057265592117,0.315275539907947,0.713448214238951,"NS","NS","NS"
"Td00001aa016098","Zm00001eb207780",-0.065723997316256,-0.15337406204324,0.804307645609041,"NS","NS","NS"
"Td00001aa016140","Zm00001eb207410",-0.186841646905327,-0.1948452515584,0.836183696443286,"NS","NS","NS"
"Td00001aa016142","Zm00001eb207390",0.536148042924871,0.186019660576427,0.815837114152696,"NS","NS","NS"
"Td00001aa016152","Zm00001eb207300",0.599468884996251,-0.77330564124833,0.484788785878268,"NS","NS","NS"
"Td00001aa016153","Zm00001eb207290",0.351019858576169,-0.221892415336482,0.884460244855074,"NS","NS","NS"
"Td00001aa016155","Zm00001eb207270",-0.540021273775892,1.39306362765083,0.0761803694976803,"NS","NS","NS"
"Td00001aa016192","Zm00001eb206800",0.160201751653737,0.430924394578361,0.489913646296072,"NS","NS","NS"
"Td00001aa016203","Zm00001eb206740",0.666119435297627,0.137713918208318,0.852874021064816,"NS","NS","NS"
"Td00001aa016207","Zm00001eb206700",0.167711580355908,0.801100220644278,0.209307256793468,"NS","NS","NS"
"Td00001aa016220","Zm00001eb206560",-0.138310371945992,1.22767028973698,0.0991586170165944,"NS","NS","NS"
"Td00001aa016233","Zm00001eb206470",0.0719398448903527,-2.24370603603811,0.13969142412958,"NS","NS","NS"
"Td00001aa016257","Zm00001eb206250",0.036209043524072,-0.0662147694368496,0.957288527593721,"NS","NS","NS"
"Td00001aa016269","Zm00001eb206100",-0.222673570945086,0.776233238355921,0.265248388923609,"NS","NS","NS"
"Td00001aa016270","Zm00001eb206090",-0.759443409672848,0.966992277337733,0.523259528306577,"NS","NS","NS"
"Td00001aa016275","Zm00001eb206040",-0.619551211118914,0.366111319797558,0.809947068136571,"NS","NS","NS"
"Td00001aa016277","Zm00001eb206010",0.099515936720797,0.458113947559569,0.491608492341947,"NS","NS","NS"
"Td00001aa016290","Zm00001eb205890",-0.2380850012403,-0.165282857650302,0.906071745414935,"NS","NS","NS"
"Td00001aa016301","Zm00001eb205630",0.415075615794935,0.67051422105492,0.408318995142998,"NS","NS","NS"
"Td00001aa016333","Zm00001eb205430",-0.173503101564102,0.322471259528309,0.67351138674961,"NS","NS","NS"
"Td00001aa016362","Zm00001eb205190",0.121649146745245,0.563992724561965,0.517150269368125,"NS","NS","NS"
"Td00001aa016366","Zm00001eb205160",0.0256870628674173,-0.353575071430243,0.743772266881399,"NS","NS","NS"
"Td00001aa016368","Zm00001eb205130",0.224474656298155,0.152112198330049,0.848637885603654,"NS","NS","NS"
"Td00001aa016373","Zm00001eb205080",-0.296344256768705,0.446744744367677,0.447509153328799,"NS","NS","NS"
"Td00001aa016375","Zm00001eb205070",-0.132937345807494,-0.254416182641552,0.712728933309427,"NS","NS","NS"
"Td00001aa016388","Zm00001eb204970",-0.423278065683483,-2.62167686853636,0.0374302969333118,"NS","Down","NS"
"Td00001aa016390","Zm00001eb204950",-0.238809653180165,0.771498980290494,0.355592855081035,"NS","NS","NS"
"Td00001aa016394","Zm00001eb204910",0.0777909483959396,0.15841334836064,0.869694221051206,"NS","NS","NS"
"Td00001aa016395","Zm00001eb204900",0.15836080910141,0.400996317756225,0.705130970495377,"NS","NS","NS"
"Td00001aa016488","Zm00001eb203950",-0.527890058751646,-1.06477344867373,0.426525304849463,"NS","NS","NS"
"Td00001aa016523","Zm00001eb203470",0.709764544214925,1.0309138177229,0.0270849842396781,"NS","Up","NS"
"Td00001aa016584","Zm00001eb180520",0.0275149878765458,0.106730764171635,0.949198342597078,"NS","NS","NS"
"Td00001aa016592","Zm00001eb180670",0.0787255804460695,1.07290100494191,0.023502805743175,"NS","Up","NS"
"Td00001aa016618","Zm00001eb180890",0.221525656648997,0.129391559962413,0.895300732240284,"NS","NS","NS"
"Td00001aa016619","Zm00001eb180920",-0.23305338715721,0.484567676016999,0.466279153106312,"NS","NS","NS"
"Td00001aa016633","Zm00001eb181100",-0.31447975765685,-0.852701387599043,0.260376057890407,"NS","NS","NS"
"Td00001aa016730","Zm00001eb181990",-0.286716331197014,0.0749113159895988,0.937668593484911,"NS","NS","NS"
"Td00001aa016771","Zm00001eb182460",0.276922338055297,0.598931979741129,0.464688659220784,"NS","NS","NS"
"Td00001aa016799","Zm00001eb182740",1.26595382167562,-0.381178419456387,0.711936350239986,"Up","NS","NS"
"Td00001aa016825","Zm00001eb183010",-0.543803523299501,-0.0333990540230851,0.975419506430638,"NS","NS","NS"
"Td00001aa016857","Zm00001eb183370",-0.251423145114633,0.0783062837275222,0.916594028435584,"NS","NS","NS"
"Td00001aa016862","Zm00001eb183410",0.10302291706726,0.335651441401163,0.641705502054117,"NS","NS","NS"
"Td00001aa016906","Zm00001eb183950",-0.485638917978112,-0.187580126600515,0.886022288434985,"NS","NS","NS"
"Td00001aa016909","Zm00001eb246370",0.646881685327026,-1.74154342096097,0.00817050312528954,"NS","Down","NS"
"Td00001aa016968","Zm00001eb184850",-0.335517550712836,-0.509055225056739,0.509278543470103,"NS","NS","NS"
"Td00001aa016985","Zm00001eb185030",-0.082612820441844,0.712832397532047,0.278707198749641,"NS","NS","NS"
"Td00001aa016990","Zm00001eb185090",-0.175418057772851,0.368777932865378,0.630304431390057,"NS","NS","NS"
"Td00001aa017000","Zm00001eb185220",-0.0244024557413861,1.138823383361,0.200084462636129,"NS","NS","NS"
"Td00001aa017027","Zm00001eb185550",0.121446652858581,-0.675324909111056,0.148453969183024,"NS","NS","NS"
"Td00001aa017069","Zm00001eb185960",0.0270360284063736,-0.255941374381032,0.75153994119479,"NS","NS","NS"
"Td00001aa017078","Zm00001eb186100",-0.237100691626017,-1.6603824324545,2.87465872683267e-05,"NS","Down","NS"
"Td00001aa017095","Zm00001eb186240",0.848824476959289,0.257984702672328,0.787161792710969,"NS","NS","NS"
"Td00001aa017188","Zm00001eb187040",-1.28674951452219,0.206946700676379,0.804551735396209,"NS","NS","NS"
"Td00001aa017216","Zm00001eb187240",0.076868071022104,0.340744783683176,0.656704393333586,"NS","NS","NS"
"Td00001aa017244","Zm00001eb187580",-0.232957208328844,0.592433404449132,0.449281900603725,"NS","NS","NS"
"Td00001aa017291","Zm00001eb072000",-0.0522847961736306,0.27019266849954,0.721284796354007,"NS","NS","NS"
"Td00001aa017337","Zm00001eb188530",-0.426329239193949,0.750518545751079,0.292368044745877,"NS","NS","NS"
"Td00001aa017348","Zm00001eb188600",-0.237646378143652,0.513150368034625,0.509388307181419,"NS","NS","NS"
"Td00001aa017352","Zm00001eb188660",-0.166498262559905,-0.0303319017992473,0.975823458207923,"NS","NS","NS"
"Td00001aa017359","Zm00001eb188700",-0.352263491448232,-0.02371607312799,0.987278951019365,"NS","NS","NS"
"Td00001aa017372","Zm00001eb188910",-1.28602233548964,-0.329338904861242,NA,"Down","NS","NS"
"Td00001aa017378","Zm00001eb188980",0.237552326105165,1.59424509231148,NA,"NS",NA,"NS"
"Td00001aa017391","Zm00001eb189120",-0.0687958520733642,0.523570592292333,0.442662928456723,"NS","NS","NS"
"Td00001aa017441","Zm00001eb189920",-0.145835027534744,-2.25548744108551,0.0080823204129199,"NS","Down","NS"
"Td00001aa017493","Zm00001eb194780",-0.167482504546192,0.00338168674744662,0.997365354410611,"NS","NS","NS"
"Td00001aa017498","Zm00001eb194730",0.0643584390206355,0.0922432655377471,0.936490737949462,"NS","NS","NS"
"Td00001aa017553","Zm00001eb194190",0.357321621808312,0.549984405552009,0.57982867163095,"NS","NS","NS"
"Td00001aa017572","Zm00001eb193940",-0.857778338583904,-2.56411760164458,0.00536522963185911,"NS","Down","NS"
"Td00001aa017581","Zm00001eb193840",0.087291807416984,-0.294127866749085,0.637054748150803,"NS","NS","NS"
"Td00001aa017609","Zm00001eb193560",-0.0925536911585665,-0.417507587037718,0.553438589755548,"NS","NS","NS"
"Td00001aa017648","Zm00001eb193040",0.471618357854025,1.0966746768701,0.245110702245267,"NS","NS","NS"
"Td00001aa017681","Zm00001eb192680",0.68412778100319,1.23497122103932,0.0793749662145452,"NS","NS","NS"
"Td00001aa017685","Zm00001eb192630",-0.174701250719657,0.422385773220238,0.535220572346833,"NS","NS","NS"
"Td00001aa017690","Zm00001eb192570",-0.421157917000937,0.38560749880928,0.478642508930876,"NS","NS","NS"
"Td00001aa017763","Zm00001eb191930",-0.465989118089908,0.772257115052137,0.100806258184446,"NS","NS","NS"
"Td00001aa017809","Zm00001eb191360",-0.622220706459342,-0.396540119470278,0.567222302765609,"NS","NS","NS"
"Td00001aa017823","Zm00001eb191180",-0.186384468791652,-0.784711278924415,0.525440448676672,"NS","NS","NS"
"Td00001aa017830","Zm00001eb191090",0.172440742109708,0.72977158450801,0.373494980792438,"NS","NS","NS"
"Td00001aa017835","Zm00001eb191030",-0.880640532211384,-0.341114115952001,0.605934350094988,"NS","NS","NS"
"Td00001aa017846","Zm00001eb190920",0.498472243201258,-0.557325474482111,0.458769164027134,"NS","NS","NS"
"Td00001aa018018","Zm00001eb277700",-0.392102218243716,-0.226529520885611,0.864378383235313,"NS","NS","NS"
"Td00001aa018030","Zm00001eb384940",-0.688243133110272,-0.195449939064815,0.866249130775803,"NS","NS","NS"
"Td00001aa018052","Zm00001eb385150",0.0692152108892375,-0.0644454322013922,0.940504114857838,"NS","NS","NS"
"Td00001aa018117","Zm00001eb385880",0.178793790029867,-0.145622180601192,0.834145312749426,"NS","NS","NS"
"Td00001aa018119","Zm00001eb276860",0.134556575911441,-0.20545483752132,0.754698262663056,"NS","NS","NS"
"Td00001aa018129","Zm00001eb385980",0.317166246808395,0.144684815172685,0.862383857956504,"NS","NS","NS"
"Td00001aa018169","Zm00001eb386300",-0.147539769021004,0.197911553291385,0.80156460615465,"NS","NS","NS"
"Td00001aa018194","Zm00001eb386630",0.164401428366404,0.422889215217211,0.503772581082593,"NS","NS","NS"
"Td00001aa018200","Zm00001eb386670",-0.609521533746546,-0.43186871219973,0.811610877952009,"NS","NS","NS"
"Td00001aa018209","Zm00001eb386840",-0.323394435108243,1.92573751824087,1.92870053547582e-08,"NS","Up","NS"
"Td00001aa018214","Zm00001eb386920",0.00403437815882395,0.421964961654062,0.548468685501373,"NS","NS","NS"
"Td00001aa018222","Zm00001eb387010",-0.011523777901508,0.389952126412316,0.635973938419275,"NS","NS","NS"
"Td00001aa018223","Zm00001eb387020",-0.281849547203307,-0.395205135980593,0.725704824449448,"NS","NS","NS"
"Td00001aa018224","Zm00001eb387030",0.134428356357432,0.773781860939582,0.485126846864948,"NS","NS","NS"
"Td00001aa018295","Zm00001eb387780",0.1854249513701,0.343517983533027,0.701069711638281,"NS","NS","NS"
"Td00001aa018309","Zm00001eb387920",-0.416339622497563,0.586161990339311,0.624901570591226,"NS","NS","NS"
"Td00001aa018310","Zm00001eb387930",-0.503955802194895,0.800572805162051,0.482332728876044,"NS","NS","NS"
"Td00001aa018311","Zm00001eb387960",-0.288932507690846,-0.364560747799628,0.812510912901577,"NS","NS","NS"
"Td00001aa018327","Zm00001eb388180",-0.0698566827882167,-0.151823314239506,0.86080586866567,"NS","NS","NS"
"Td00001aa018338","Zm00001eb388260",-0.452619930679395,0.774810165320579,0.385116872531003,"NS","NS","NS"
"Td00001aa018349","Zm00001eb388340",-0.38136931727097,-0.142890074848129,0.919018977539744,"NS","NS","NS"
"Td00001aa018404","Zm00001eb388990",0.12412734698626,0.0923748161735806,0.930695631537136,"NS","NS","NS"
"Td00001aa018415","Zm00001eb389600",0.290215682964025,-0.260706106627942,0.769692301370519,"NS","NS","NS"
"Td00001aa018430","Zm00001eb389420",-1.2700475909478,0.929352923150786,0.0986546845700905,"Down","NS","NS"
"Td00001aa018439","Zm00001eb389350",-0.628744129481133,-0.260676783400535,0.794388193985344,"NS","NS","NS"
"Td00001aa018440","Zm00001eb389310",0.421360020103051,-0.577500710850804,0.628773621776794,"NS","NS","NS"
"Td00001aa018469","Zm00001eb389700",-0.180200620908957,3.2025702290544,0.686297083038272,"NS","NS","NS"
"Td00001aa018471","Zm00001eb389720",-0.14782122357061,-0.129426535190725,0.968099749006655,"NS","NS","NS"
"Td00001aa018473","Zm00001eb389750",-0.402102302723829,-0.255663058776347,0.715002096836531,"NS","NS","NS"
"Td00001aa018476","Zm00001eb389800",0.094125405145388,-1.79529061695684,0.00138752285928651,"NS","Down","NS"
"Td00001aa018480","Zm00001eb389850",-0.392720033501561,-0.37235978236592,0.688031670882326,"NS","NS","NS"
"Td00001aa018507","Zm00001eb390190",-1.48851044384827,0.107846870217599,0.934470836297194,"Down","NS","NS"
"Td00001aa018541","Zm00001eb390480",-0.347982687495032,-0.194130846321175,0.811516382030664,"NS","NS","NS"
"Td00001aa018681","Zm00001eb392120",0.425032396250257,-0.397915530241677,0.637054748150803,"NS","NS","NS"
"Td00001aa018699","Zm00001eb392300",0.861170714621181,-0.210502723526491,0.88481537507013,"NS","NS","NS"
"Td00001aa018713","Zm00001eb392390",-0.554680009792048,-0.154117922126241,0.909448956829787,"NS","NS","NS"
"Td00001aa018722","Zm00001eb392490",-0.26801608249848,-0.758015556003198,0.192939619489691,"NS","NS","NS"
"Td00001aa018729","Zm00001eb392560",-0.132412048486589,0.00748838466827189,0.99363660534581,"NS","NS","NS"
"Td00001aa018756","Zm00001eb392880",-1.91158851298444,0.319306828521067,0.821031020942391,"Down","NS","NS"
"Td00001aa018757","Zm00001eb392890",0.0395668496977735,0.410462834735928,0.625134583014672,"NS","NS","NS"
"Td00001aa018793","Zm00001eb393250",1.07809458620769,-0.161981564151111,0.923879919844147,"Up","NS","NS"
"Td00001aa018834","Zm00001eb404660",0.622559437442163,-1.76360150638587,0.00498794155869499,"NS","Down","NS"
"Td00001aa018860","Zm00001eb404560",0.719320909062273,1.23343025357521,0.196375324122441,"NS","NS","NS"
"Td00001aa018867","Zm00001eb393610",-0.164777709932267,-0.107647892829919,0.909462622399504,"NS","NS","NS"
"Td00001aa018922","Zm00001eb394210",0.544793109073064,-0.706517601307265,0.430442183472308,"NS","NS","NS"
"Td00001aa018924","Zm00001eb394230",-0.0922672674076523,0.257408079321747,0.816378576293058,"NS","NS","NS"
"Td00001aa018942","Zm00001eb394360",-0.216642704095514,-0.144811575720815,0.892402515824488,"NS","NS","NS"
"Td00001aa018963","Zm00001eb394520",-0.0109483080344843,2.77669383342016,1.34458820656333e-08,"NS","Up","NS"
"Td00001aa018966","Zm00001eb394540",-0.536653282304313,-0.3282425074912,0.743295209821015,"NS","NS","NS"
"Td00001aa018982","Zm00001eb394640",0.0391666149970143,0.800942440749883,0.270170765446711,"NS","NS","NS"
"Td00001aa018985","Zm00001eb394670",0.401336941979212,0.74817048922289,0.408391771837158,"NS","NS","NS"
"Td00001aa019016","Zm00001eb394940",0.0442717173707085,-0.374332883159178,0.646044182839735,"NS","NS","NS"
"Td00001aa019020","Zm00001eb394980",-0.103800366049854,-1.25081996390753,0.0521528496439349,"NS","NS","NS"
"Td00001aa019037","Zm00001eb395090",-0.08785625984049,0.240785207633963,0.813580144769871,"NS","NS","NS"
"Td00001aa019042","Zm00001eb395120",0.427069989480731,0.274843672287897,0.693387639204481,"NS","NS","NS"
"Td00001aa019052","Zm00001eb015940",0.292829366464594,0.407077100159971,0.680887263797424,"NS","NS","NS"
"Td00001aa019096","Zm00001eb395630",-0.0814635812607305,1.15340340953939,0.0471341871178769,"NS","Up","NS"
"Td00001aa019111","Zm00001eb395880",-0.0581620085493936,0.125547774412777,0.870816076084614,"NS","NS","NS"
"Td00001aa019141","Zm00001eb396330",0.391069587939416,-1.9924778797627,0.000228738227566464,"NS","Down","NS"
"Td00001aa019148","Zm00001eb396370",-0.135139449457129,-0.283160262583857,0.749161374556276,"NS","NS","NS"
"Td00001aa019186","Zm00001eb396730",0.230762517041416,0.29761167183839,0.689403733360944,"NS","NS","NS"
"Td00001aa019192","Zm00001eb396830",-0.309802797965579,-0.0186220613890792,0.984061213189361,"NS","NS","NS"
"Td00001aa019248","Zm00001eb397280",1.0670093856875,0.819570409594762,0.358604697715886,"Up","NS","NS"
"Td00001aa019253","Zm00001eb397320",0.215731720469521,0.66615727948904,0.355588130813782,"NS","NS","NS"
"Td00001aa019266","Zm00001eb397430",-0.804176523174601,0.561875696661425,0.445532506807754,"NS","NS","NS"
"Td00001aa019278","Zm00001eb397580",-0.554705365124108,0.687634980182081,0.437680001673294,"NS","NS","NS"
"Td00001aa019280","Zm00001eb397600",2.35627838666099,1.17447039691868,0.43670285119536,"Up","NS","NS"
"Td00001aa019293","Zm00001eb397710",-0.226398170802841,0.879267351747142,0.143151748271846,"NS","NS","NS"
"Td00001aa019304","Zm00001eb397790",0.30341785507328,0.218019358309325,0.77190102165708,"NS","NS","NS"
"Td00001aa019312","Zm00001eb397880",0.0881839195162152,-1.27224960989384,0.0196889304581127,"NS","Down","NS"
"Td00001aa019339","Zm00001eb398120",-0.129662905815286,-1.28021327582853,0.0593260707933149,"NS","NS","NS"
"Td00001aa019363","Zm00001eb398370",2.05550660143225,0.764794164025243,0.348479685838616,"Up","NS","NS"
"Td00001aa019368","Zm00001eb398420",-0.13058711742817,-0.184261146670362,0.798483976737894,"NS","NS","NS"
"Td00001aa019380","Zm00001eb398530",-0.190545435645512,0.757363504178418,0.340275998450633,"NS","NS","NS"
"Td00001aa019388","Zm00001eb010700",-0.0635717022791455,0.299410489767312,0.722471608749237,"NS","NS","NS"
"Td00001aa019412","Zm00001eb398860",-0.023326848586087,0.371883877306035,0.571934966371278,"NS","NS","NS"
"Td00001aa019425","Zm00001eb399060",0.131625836563245,-0.284012527569054,0.685609145196775,"NS","NS","NS"
"Td00001aa019478","Zm00001eb399630",-0.284444288986386,-1.33354778729926,0.0139049709812728,"NS","Down","NS"
"Td00001aa019506","Zm00001eb399990",0.0657044565150675,-0.35031103656452,0.66068645421511,"NS","NS","NS"
"Td00001aa019508","Zm00001eb400020",1.45103816903708,1.26040848053031,0.601298770159046,"Up","NS","NS"
"Td00001aa019533","Zm00001eb400220",0.0673468556464426,0.992083867678611,0.199878857174109,"NS","NS","NS"
"Td00001aa019544","Zm00001eb400330",-0.230292843593762,0.116462813642902,0.909448956829787,"NS","NS","NS"
"Td00001aa019565","Zm00001eb400560",-0.703213320461664,-1.71862300548023,7.73734229618265e-05,"NS","Down","NS"
"Td00001aa019593","Zm00001eb400810",-0.31072766568946,0.120035901878921,0.880335119268294,"NS","NS","NS"
"Td00001aa019608","Zm00001eb400980",-0.233761233404441,0.124426400104205,0.897878853787348,"NS","NS","NS"
"Td00001aa019641","Zm00001eb401250",-0.238103457915865,0.443282713082485,0.478990081961129,"NS","NS","NS"
"Td00001aa019690","Zm00001eb401690",-0.38006507709152,0.124422163249121,0.863757030394407,"NS","NS","NS"
"Td00001aa019711","Zm00001eb401890",-0.426748091773134,-0.303404596272843,0.792334823042359,"NS","NS","NS"
"Td00001aa019722","Zm00001eb401990",0.158397613512537,0.08837377762887,0.919533496749727,"NS","NS","NS"
"Td00001aa019723","Zm00001eb402000",-0.060922359848841,-0.102806046713497,0.943387347367958,"NS","NS","NS"
"Td00001aa019768","Zm00001eb402460",0.381992307432146,-2.24065455488145,0.419337688580461,"NS","NS","NS"
"Td00001aa019783","Zm00001eb002610",-0.113799830467517,0.575336088075082,0.304569024934682,"NS","NS","NS"
"Td00001aa019799","Zm00001eb002960",-0.0535635445681939,0.761349024571924,0.131504626164669,"NS","NS","NS"
"Td00001aa019844","Zm00001eb403120",-0.311463389813109,-1.1648083737913,0.011273024787393,"NS","Down","NS"
"Td00001aa019908","Zm00001eb403640",-0.171792473525066,-0.250609705556073,0.690165364873063,"NS","NS","NS"
"Td00001aa019963","Zm00001eb404020",-0.544505632540443,0.703734358871628,0.5678268137777,"NS","NS","NS"
"Td00001aa019975","Zm00001eb404110",-0.267128648429767,0.0741846386887559,0.927883198438915,"NS","NS","NS"
"Td00001aa019985","Zm00001eb404250",-0.345405975368157,1.6241126378352,0.490384724075164,"NS","NS","NS"
"Td00001aa019987","Zm00001eb404270",0.235835505889245,0.284366028295909,0.740355845641877,"NS","NS","NS"
"Td00001aa019999","Zm00001eb404340",0.162132810520878,0.146642299751055,0.857867863745469,"NS","NS","NS"
"Td00001aa020008","Zm00001eb404400",-0.271206269010328,-0.188103257150965,0.799050628684359,"NS","NS","NS"
"Td00001aa020035","Zm00001eb112590",0.677858171716444,0.920915441830122,0.264659527432994,"NS","NS","NS"
"Td00001aa020044","Zm00001eb112560",-0.310389207158254,-1.15805499872066,0.0983532679516573,"NS","NS","NS"
"Td00001aa020052","Zm00001eb112480",-0.154574352298485,-0.472494578458585,0.505732623864093,"NS","NS","NS"
"Td00001aa020162","Zm00001eb090730",1.02769359846799,0.0881697250714613,0.910314238193615,"Up","NS","NS"
"Td00001aa020170","Zm00001eb090830",-0.790847500452346,0.340301367404499,0.709604084195788,"NS","NS","NS"
"Td00001aa020225","Zm00001eb091400",-0.271987587950307,-0.889463699482641,0.30567759358829,"NS","NS","NS"
"Td00001aa020249","Zm00001eb201030",-0.21043356399128,1.08658970387319,0.455643295660238,"NS","NS","NS"
"Td00001aa020270","Zm00001eb091850",0.0183238889221663,-0.316552986727875,0.707612119242772,"NS","NS","NS"
"Td00001aa020372","Zm00001eb093120",-0.176669051199334,0.230479038919289,0.835313379145481,"NS","NS","NS"
"Td00001aa020375","Zm00001eb093150",-0.712673415787274,-0.307229217493367,0.761807127488028,"NS","NS","NS"
"Td00001aa020381","Zm00001eb093250",0.183029645112341,0.0914731828423217,0.939184295469129,"NS","NS","NS"
"Td00001aa020419","Zm00001eb093590",0.362650133213321,0.411231829210133,0.622055339125044,"NS","NS","NS"
"Td00001aa020461","Zm00001eb094220",-0.0090926824088095,-0.0582606865749438,0.961219235999055,"NS","NS","NS"
"Td00001aa020513","Zm00001eb094580",-0.493752249495417,-0.490515947698,0.695963520582195,"NS","NS","NS"
"Td00001aa020530","Zm00001eb094730",-0.20482639679312,0.135974158150146,0.875631357927699,"NS","NS","NS"
"Td00001aa020539","Zm00001eb094840",-0.589002471100926,-0.0488355713615651,0.96791381159951,"NS","NS","NS"
"Td00001aa020548","Zm00001eb094940",-0.324723766441572,-0.941666153947334,0.0652195031979302,"NS","NS","NS"
"Td00001aa020557","Zm00001eb095030",-0.593804142447244,-0.726202662344204,0.599498464907425,"NS","NS","NS"
"Td00001aa020578","Zm00001eb095240",0.102818243203324,-0.601086395543849,0.364398017816267,"NS","NS","NS"
"Td00001aa020604","Zm00001eb095510",-0.285215485848579,-0.222163096835317,0.813761556598836,"NS","NS","NS"
"Td00001aa020606","Zm00001eb095540",0.00800373784471099,0.337365851040346,0.621488804100309,"NS","NS","NS"
"Td00001aa020635","Zm00001eb095790",-0.456821163157666,1.32100174191832,0.00850245112284816,"NS","Up","NS"
"Td00001aa020661","Zm00001eb096070",0.116922587056808,0.625878241399423,0.469410573477956,"NS","NS","NS"
"Td00001aa020670","Zm00001eb096130",-0.390057275335079,0.260863408506931,0.786935424990968,"NS","NS","NS"
"Td00001aa020699","Zm00001eb247760",-0.871218063660653,-0.526231310381292,0.452754575302262,"NS","NS","NS"
"Td00001aa020722","Zm00001eb096920",-0.28875632506851,0.605512205402115,0.503863136191664,"NS","NS","NS"
"Td00001aa020726","Zm00001eb096930",0.506459375739993,2.25927424365953,0.0548418895070248,"NS","NS","NS"
"Td00001aa020760","Zm00001eb097180",-0.080909007516053,0.142692826980392,0.88359771651154,"NS","NS","NS"
"Td00001aa020766","Zm00001eb097240",0.319750404519433,-0.309826897094344,0.728527737685826,"NS","NS","NS"
"Td00001aa020796","Zm00001eb097730",1.41232454954095,0.575407722663104,0.605581796667391,"Up","NS","NS"
"Td00001aa020858","Zm00001eb098370",-0.810816468776674,-0.481370936159332,0.555750142728988,"NS","NS","NS"
"Td00001aa020868","Zm00001eb098450",0.354397957225222,-0.19913222747104,0.770763057914312,"NS","NS","NS"
"Td00001aa020877","Zm00001eb098580",-0.0132867440331826,0.70838166758085,0.244665666912523,"NS","NS","NS"
"Td00001aa020939","Zm00001eb099120",-0.936879802921929,0.148975897927509,0.866533429683397,"NS","NS","NS"
"Td00001aa020969","Zm00001eb099280",0.24360256206834,-1.20861696470654,0.0252947614819234,"NS","Down","NS"
"Td00001aa020997","Zm00001eb099580",-0.979200964096502,0.0386905287658757,0.971763744802978,"NS","NS","NS"
"Td00001aa021055","Zm00001eb100100",1.03187231092421,-0.0241277291503477,0.978542361414181,"Up","NS","NS"
"Td00001aa021062","Zm00001eb100180",0.290301116765761,0.366503837244473,0.633871539285258,"NS","NS","NS"
"Td00001aa021128","Zm00001eb100920",-0.0954713048578285,-0.846530240403135,0.440683027130329,"NS","NS","NS"
"Td00001aa021145","Zm00001eb101090",-0.334489161321058,0.127839537174655,0.912115659592625,"NS","NS","NS"
"Td00001aa021202","Zm00001eb101680",0.272328327643497,0.794727314965889,0.423445836376122,"NS","NS","NS"
"Td00001aa021209","Zm00001eb101750",0.330415836101023,0.391660669132143,0.493390556157204,"NS","NS","NS"
"Td00001aa021250","Zm00001eb102120",-0.194133803513817,-0.877846426357071,0.560721657317733,"NS","NS","NS"
"Td00001aa021291","Zm00001eb102500",0.353577138895173,0.00573682829768986,0.994794817122546,"NS","NS","NS"
"Td00001aa021318","Zm00001eb102710",-0.22907839387507,-1.04973105563283,0.0735750156216317,"NS","NS","NS"
"Td00001aa021325","Zm00001eb102760",-0.245095887381064,0.111709272379539,0.918050114711664,"NS","NS","NS"
"Td00001aa021399","Zm00001eb103380",0.016785558512286,-1.61318757924316,0.159905093326383,"NS","NS","NS"
"Td00001aa021422","Zm00001eb103580",0.106258183755828,0.0475560566609173,0.966819510969633,"NS","NS","NS"
"Td00001aa021431","Zm00001eb103760",-0.242841933014124,0.803254653846487,0.0961978579973389,"NS","NS","NS"
"Td00001aa021432","Zm00001eb103800",-0.164391384597314,-1.13687595453447,0.0686290165104844,"NS","NS","NS"
"Td00001aa021443","Zm00001eb103900",-0.352624662710077,-0.82713077757602,0.19047936090033,"NS","NS","NS"
"Td00001aa021468","Zm00001eb104070",-0.837593765603208,0.354436310243168,0.567651593781739,"NS","NS","NS"
"Td00001aa021487","Zm00001eb104290",0.246782907889794,0.241847089692814,0.741408561326717,"NS","NS","NS"
"Td00001aa021514","Zm00001eb104510",0.0568562490435636,-0.675131192687549,0.406149902361461,"NS","NS","NS"
"Td00001aa021538","Zm00001eb104730",0.23604425382288,-0.140674548049139,0.95235056915472,"NS","NS","NS"
"Td00001aa021571","Zm00001eb105000",0.209164430971225,0.586789067526484,0.497020487206045,"NS","NS","NS"
"Td00001aa021598","Zm00001eb105310",-0.409710157809071,-0.00790433913757112,0.992149869125919,"NS","NS","NS"
"Td00001aa021611","Zm00001eb105540",0.053337874091512,0.369073663363468,0.544740982564376,"NS","NS","NS"
"Td00001aa021637","Zm00001eb105750",-0.570803995103675,-0.12674980776181,0.884358051603349,"NS","NS","NS"
"Td00001aa021652","Zm00001eb105870",2.32702034122341,2.43145187439294,NA,"Up",NA,NA
"Td00001aa021661","Zm00001eb105960",-0.554808550166646,-0.150260999307519,0.88359771651154,"NS","NS","NS"
"Td00001aa021684","Zm00001eb106160",0.509026232171516,2.7488058123458,0.30115633543339,"NS","NS","NS"
"Td00001aa021685","Zm00001eb106180",-0.175873659063556,-0.0595413693826643,0.950349402865326,"NS","NS","NS"
"Td00001aa021702","Zm00001eb106360",-0.270245225957228,0.140939640710716,0.851729298414692,"NS","NS","NS"
"Td00001aa021716","Zm00001eb106450",-0.532831959383839,-0.142189709089801,0.897320488020442,"NS","NS","NS"
"Td00001aa021741","Zm00001eb106680",0.693465676315617,0.26983524183971,0.754372035104213,"NS","NS","NS"
"Td00001aa021797","Zm00001eb324700",-0.512660265627666,3.62098085196737,1.77063198008272e-11,"NS","Up","NS"
"Td00001aa021840","Zm00001eb107590",-0.112798391803885,0.804306744843337,0.141043294136088,"NS","NS","NS"
"Td00001aa021847","Zm00001eb107690",0.0792393600786079,-0.186450214420005,0.859300106278742,"NS","NS","NS"
"Td00001aa021849","Zm00001eb107710",-0.100614472423731,-0.402125165708604,0.548663019479897,"NS","NS","NS"
"Td00001aa021863","Zm00001eb325830",-0.0237663155591436,-0.249871292235891,0.832132270048765,"NS","NS","NS"
"Td00001aa021881","Zm00001eb108120",0.11161429142971,1.4274493938007,0.0262923657442856,"NS","Up","NS"
"Td00001aa021919","Zm00001eb108410",0.625888553076061,-0.0220004265265616,0.981470991327889,"NS","NS","NS"
"Td00001aa021925","Zm00001eb108470",-0.108070823594754,-0.208772390587309,0.778067780702963,"NS","NS","NS"
"Td00001aa021931","Zm00001eb108570",-0.570944465164725,-0.092999189679994,0.949641612898358,"NS","NS","NS"
"Td00001aa021975","Zm00001eb327220",-0.267798687500789,0.869147630340429,0.704660775345104,"NS","NS","NS"
"Td00001aa021997","Zm00001eb109300",-0.607330894985333,0.35751558979736,0.71574481748251,"NS","NS","NS"
"Td00001aa022018","Zm00001eb109570",-0.751068758586605,-0.563380949847964,0.345686247380603,"NS","NS","NS"
"Td00001aa022044","Zm00001eb109880",0.0467781144414865,0.357024700582663,0.742177894961238,"NS","NS","NS"
"Td00001aa022072","Zm00001eb110080",0.172991528229488,-0.137846374238506,0.87597103103318,"NS","NS","NS"
"Td00001aa022085","Zm00001eb110270",-0.106810726395213,0.0591776567684157,0.964709461394145,"NS","NS","NS"
"Td00001aa022088","Zm00001eb110300",-0.332240004719219,0.233616675002232,0.787474547585839,"NS","NS","NS"
"Td00001aa022125","Zm00001eb110650",-0.182810349180764,-0.128748337589695,0.926903841260632,"NS","NS","NS"
"Td00001aa022161","Zm00001eb111020",-0.297454909942158,0.26407728997978,0.691736051591402,"NS","NS","NS"
"Td00001aa022192","Zm00001eb111400",0.158357084925548,-0.199881591709008,0.797147714119383,"NS","NS","NS"
"Td00001aa022229","Zm00001eb111690",-0.0484770029141397,-0.00105391420937483,0.999615215908189,"NS","NS","NS"
"Td00001aa022232","Zm00001eb111720",0.236851377300109,0.394685530202006,0.605940566261357,"NS","NS","NS"
"Td00001aa022257","Zm00001eb111890",-0.46569569404626,-0.447723984783619,0.639638380929424,"NS","NS","NS"
"Td00001aa022259","Zm00001eb111910",-0.206412555489144,0.0346754234127753,0.969509790978621,"NS","NS","NS"
"Td00001aa022269","Zm00001eb111990",-0.084783176370576,-0.243795795665892,0.832132270048765,"NS","NS","NS"
"Td00001aa022275","Zm00001eb112040",-0.111502135738543,-0.694786413296664,0.583791471623038,"NS","NS","NS"
"Td00001aa022293","Zm00001eb297760",-0.521782167028169,0.24580782767412,0.872462848316685,"NS","NS","NS"
"Td00001aa022297","Zm00001eb297230",-0.199543119760802,-0.102641072655941,0.884305007944892,"NS","NS","NS"
"Td00001aa022305","Zm00001eb297260",-0.214276986970276,0.349024282369395,0.634404710750312,"NS","NS","NS"
"Td00001aa022314","Zm00001eb297390",-0.213640087360818,-0.0677605061484867,0.936166040525662,"NS","NS","NS"
"Td00001aa022327","Zm00001eb297500",0.402750945673457,-0.876507708887449,0.130346384789594,"NS","NS","NS"
"Td00001aa022358","Zm00001eb297170",-0.871550141416306,-0.0501891841471412,0.962216992352639,"NS","NS","NS"
"Td00001aa022398","Zm00001eb296550",-0.0241377995570989,1.29216036565689,0.0512113778460554,"NS","NS","NS"
"Td00001aa022414","Zm00001eb296460",-0.45680513385525,0.408192567422612,0.656704393333586,"NS","NS","NS"
"Td00001aa022445","Zm00001eb296120",0.298058190817793,-0.442564172106178,0.615551862542663,"NS","NS","NS"
"Td00001aa022450","Zm00001eb296070",0.126741929939227,-0.126637383135518,0.93232347800052,"NS","NS","NS"
"Td00001aa022462","Zm00001eb295910",-0.1104841630927,0.0887446438640027,0.93743515046045,"NS","NS","NS"
"Td00001aa022473","Zm00001eb295820",-0.12243946299582,1.25571529626661,0.00600909083491027,"NS","Up","NS"
"Td00001aa022503","Zm00001eb295460",0.252461185131437,3.05200949965165,0.00123017967922333,"NS","Up","NS"
"Td00001aa022519","Zm00001eb295310",0.287935493248841,-0.644709390065379,0.377403918776496,"NS","NS","NS"
"Td00001aa022538","Zm00001eb294990",0.122807338074354,0.170954201247854,0.857867863745469,"NS","NS","NS"
"Td00001aa022561","Zm00001eb294790",-0.415025980881186,0.563046633467472,0.335098990274887,"NS","NS","NS"
"Td00001aa022584","Zm00001eb294570",-0.231409033808742,-0.143194167411415,0.900834198202864,"NS","NS","NS"
"Td00001aa022594","Zm00001eb294480",5.07724597845613,1.52663090207369,0.0143927826849725,"Up","Up","Up"
"Td00001aa022597","Zm00001eb294420",0.377985049374834,0.377396018501622,0.631887077862291,"NS","NS","NS"
"Td00001aa022605","Zm00001eb294330",-0.191957890888757,-1.02119923325063,0.186859340386429,"NS","NS","NS"
"Td00001aa022606","Zm00001eb294310",-0.106797792396415,1.09224218508838,0.141971952110241,"NS","NS","NS"
"Td00001aa022611","Zm00001eb294250",-0.340626418285146,0.186110169072854,0.864921004343157,"NS","NS","NS"
"Td00001aa022620","Zm00001eb294160",0.132847881355177,1.07745621931569,0.150797410279903,"NS","NS","NS"
"Td00001aa022622","Zm00001eb294130",-0.13739334953551,-0.0375942975672692,0.964947469507061,"NS","NS","NS"
"Td00001aa022637","Zm00001eb293760",-0.117490753964153,-0.744039470274771,0.28772588757166,"NS","NS","NS"
"Td00001aa022642","Zm00001eb293810",0.113513648973407,-0.0360721226436582,0.968099749006655,"NS","NS","NS"
"Td00001aa022669","Zm00001eb293670",-0.388794335097038,0.469925613596533,0.588614128807449,"NS","NS","NS"
"Td00001aa022677","Zm00001eb293540",0.0789626045535703,0.0852905291263305,0.927948970941814,"NS","NS","NS"
"Td00001aa022679","Zm00001eb293530",0.023273274210062,-2.17327464277233,0.000426355000640115,"NS","Down","NS"
"Td00001aa022688","Zm00001eb293460",0.0128920696787655,-0.00808880243729241,0.995850953624628,"NS","NS","NS"
"Td00001aa022696","Zm00001eb293360",-0.34096409882099,0.731183299841664,0.344467424511874,"NS","NS","NS"
"Td00001aa022720","Zm00001eb293180",-0.72808232314771,-1.27505366036181,0.00951432088877015,"NS","Down","NS"
"Td00001aa022737","Zm00001eb292960",-0.660515923558288,0.719616247825306,0.610722861753709,"NS","NS","NS"
"Td00001aa022786","Zm00001eb292420",-0.565363565141749,-0.564770356273598,0.424692664430487,"NS","NS","NS"
"Td00001aa022792","Zm00001eb292370",-0.241405676304697,0.469135229298787,0.477743354865044,"NS","NS","NS"
"Td00001aa022796","Zm00001eb292340",-0.103507216915782,0.610215644048475,0.438040196012328,"NS","NS","NS"
"Td00001aa022808","Zm00001eb292310",-0.402514977711247,-0.312642276290077,0.682769246670354,"NS","NS","NS"
"Td00001aa022827","Zm00001eb292100",0.293920828537179,0.633694458563731,0.271261722878318,"NS","NS","NS"
"Td00001aa022834","Zm00001eb291980",0.390839121630278,0.871573688619592,0.287347525067493,"NS","NS","NS"
"Td00001aa022862","Zm00001eb291670",0.0649252744015395,0.229781154848126,0.854262277930956,"NS","NS","NS"
"Td00001aa022878","Zm00001eb291460",0.411663093540617,-0.941452976899456,0.121292344582137,"NS","NS","NS"
"Td00001aa022889","Zm00001eb291360",0.0794639409268856,0.0652697440561549,0.947030122375842,"NS","NS","NS"
"Td00001aa022902","Zm00001eb291240",0.0358609742118946,0.452600907493419,0.471173809183049,"NS","NS","NS"
"Td00001aa022963","Zm00001eb290370",1.32576221585418,0.109496490397783,0.901616456913273,"Up","NS","NS"
"Td00001aa022969","Zm00001eb290330",3.33020628560317,2.64739838061639,0.19882758283087,"Up","NS","NS"
"Td00001aa023035","Zm00001eb289690",0.126121445769372,0.260852180838556,0.717963491199083,"NS","NS","NS"
"Td00001aa023037","Zm00001eb289680",0.598069848226116,0.813434736910426,0.311386684014443,"NS","NS","NS"
"Td00001aa023049","Zm00001eb289570",0.441195596041921,1.8802312534233,0.471888329644817,"NS","NS","NS"
"Td00001aa023051","Zm00001eb289550",-0.401289984338949,0.34068316308866,0.753635533297444,"NS","NS","NS"
"Td00001aa023061","Zm00001eb289460",0.370698333954758,0.962381836080824,0.118722059349686,"NS","NS","NS"
"Td00001aa023083","Zm00001eb289240",-0.139186317380844,0.263526129833158,0.66068645421511,"NS","NS","NS"
"Td00001aa023087","Zm00001eb289200",-0.719914489104696,-0.0780594073859004,0.917995861263055,"NS","NS","NS"
"Td00001aa023093","Zm00001eb289150",-0.123402690141616,0.408393895633438,0.613453876710057,"NS","NS","NS"
"Td00001aa023101","Zm00001eb289050",0.682056982807376,-0.124912670688723,0.923798658193401,"NS","NS","NS"
"Td00001aa023167","Zm00001eb288340",-0.0737110595260098,0.727268089299338,0.307453083085718,"NS","NS","NS"
"Td00001aa023181","Zm00001eb288200",-0.250239248879298,0.29186949301497,0.79251625064932,"NS","NS","NS"
"Td00001aa023188","Zm00001eb288150",-0.907894774532494,0.548597465299581,0.515834138459456,"NS","NS","NS"
"Td00001aa023196","Zm00001eb288100",-1.49464343781249,1.91358737461698,0.036216682504089,"Down","Up","NS"
"Td00001aa023230","Zm00001eb287770",-0.222085527532107,-2.85255461546654,0.00135119392358021,"NS","Down","NS"
"Td00001aa023262","Zm00001eb287410",-0.3546458849188,-1.59832648946576,0.132009621651228,"NS","NS","NS"
"Td00001aa023274","Zm00001eb287240",-0.485520567765584,0.352917564784864,0.786041857723631,"NS","NS","NS"
"Td00001aa023275","Zm00001eb287230",-0.707976899132602,-0.0454703628833798,0.975967772654864,"NS","NS","NS"
"Td00001aa023291","Zm00001eb287090",-0.508678261934064,0.682833374654603,0.633871539285258,"NS","NS","NS"
"Td00001aa023292","Zm00001eb287080",0.309076845878126,0.283041767158583,0.718306936112743,"NS","NS","NS"
"Td00001aa023308","Zm00001eb286920",0.291189099312714,0.926072674998976,0.329489532880379,"NS","NS","NS"
"Td00001aa023318","Zm00001eb286850",-0.242045175027706,-1.58999462474471,0.00387011801248335,"NS","Down","NS"
"Td00001aa023327","Zm00001eb286730",-0.129669614124216,0.695356587967757,0.590269728971847,"NS","NS","NS"
"Td00001aa023346","Zm00001eb286470",-0.392770436749598,-0.586225417880819,0.318929941682664,"NS","NS","NS"
"Td00001aa023370","Zm00001eb286220",0.547469754897298,-0.00177239076351938,0.998592802950802,"NS","NS","NS"
"Td00001aa023371","Zm00001eb286210",0.120109162286243,0.284804612717672,0.697796964672624,"NS","NS","NS"
"Td00001aa023373","Zm00001eb286140",-0.478947960053877,0.0586480527666008,0.950942122461528,"NS","NS","NS"
"Td00001aa023465","Zm00001eb285140",-0.563055474493915,0.240126381383336,0.726096621544222,"NS","NS","NS"
"Td00001aa023472","Zm00001eb285090",0.230007462117193,0.66614983509869,0.389001371545099,"NS","NS","NS"
"Td00001aa023487","Zm00001eb284960",-0.256131396869888,-0.0206823131825999,0.986250881579202,"NS","NS","NS"
"Td00001aa023509","Zm00001eb284640",-0.355874260559828,0.481246331414316,0.552167477714955,"NS","NS","NS"
"Td00001aa023537","Zm00001eb284320",-0.435865766263229,0.259518827629615,0.774388512089959,"NS","NS","NS"
"Td00001aa023540","Zm00001eb284300",0.0693862743692555,-0.178145821720394,0.862939137885105,"NS","NS","NS"
"Td00001aa023550","Zm00001eb284260",0.0756657161261831,-0.366827098437161,0.646676846436443,"NS","NS","NS"
"Td00001aa023589","Zm00001eb283980",-0.16126924310313,0.211488638817778,0.773826921681497,"NS","NS","NS"
"Td00001aa023611","Zm00001eb283810",1.00280012905745,-0.27878083448744,0.750027040982286,"Up","NS","NS"
"Td00001aa023612","Zm00001eb283800",0.0454000494367404,-0.255089358328765,0.793560429080993,"NS","NS","NS"
"Td00001aa023626","Zm00001eb283640",0.135973048500149,0.225313754105535,0.810549630456035,"NS","NS","NS"
"Td00001aa023647","Zm00001eb283450",-1.70767613854809,0.440403981963232,0.750705487744585,"Down","NS","NS"
"Td00001aa023670","Zm00001eb283230",-1.26133205583756,-1.53591186585032,0.48753491616032,"Down","NS","NS"
"Td00001aa023677","Zm00001eb283130",-0.312236530933431,1.12336755474713,0.128101354303947,"NS","NS","NS"
"Td00001aa023714","Zm00001eb282780",-0.034773330404435,-0.384122289956053,0.637054748150803,"NS","NS","NS"
"Td00001aa023726","Zm00001eb282710",0.2128282599297,0.616714441854601,0.414619808864119,"NS","NS","NS"
"Td00001aa023738","Zm00001eb282590",0.367663504252448,-0.161770499790777,0.93568950428539,"NS","NS","NS"
"Td00001aa023757","Zm00001eb282430",-0.251750860631964,2.10080764006469,0.0639937301306412,"NS","NS","NS"
"Td00001aa023764","Zm00001eb282320",-0.472743142645862,0.354980644381239,0.715290658248309,"NS","NS","NS"
"Td00001aa023772","Zm00001eb282310",0.24583738539796,0.219296559739459,0.858611456335107,"NS","NS","NS"
"Td00001aa023820","Zm00001eb268050",0.102882733329712,-0.292832777754546,0.63061114734201,"NS","NS","NS"
"Td00001aa023862","Zm00001eb267410",0.309989437014345,-0.175826001370245,0.885229848564472,"NS","NS","NS"
"Td00001aa023871","Zm00001eb282820",-0.296378406334561,-0.304581302925962,0.660096946054571,"NS","NS","NS"
"Td00001aa023910","Zm00001eb267580",0.00509055901230358,1.0955631418221,0.101309091241028,"NS","NS","NS"
"Td00001aa023918","Zm00001eb267470",-0.0816556496538413,0.0105492520399343,0.991293405483016,"NS","NS","NS"
"Td00001aa023935","Zm00001eb065340",-0.052012741754008,0.362223394880083,0.857916718140469,"NS","NS","NS"
"Td00001aa023949","Zm00001eb065160",0.374981391358228,0.344740193592278,0.768066509086737,"NS","NS","NS"
"Td00001aa023954","Zm00001eb065090",0.55883800548583,0.0303958460440593,0.972498747230306,"NS","NS","NS"
"Td00001aa023968","Zm00001eb064890",-0.600622034173332,0.303465332678355,0.812416898418878,"NS","NS","NS"
"Td00001aa023976","Zm00001eb064810",0.260428413797047,-0.604733482026383,0.30390418642722,"NS","NS","NS"
"Td00001aa023980","Zm00001eb064770",-0.20276104537879,-0.914517373279249,0.315899674220635,"NS","NS","NS"
"Td00001aa023995","Zm00001eb064650",-0.101546395470051,0.136765377635704,0.930513147406167,"NS","NS","NS"
"Td00001aa024003","Zm00001eb064600",-0.051831358711943,-0.0404922196406604,0.972744694910083,"NS","NS","NS"
"Td00001aa024011","Zm00001eb064570",-0.046989911707856,-0.0740053505409056,0.936316444995278,"NS","NS","NS"
"Td00001aa024032","Zm00001eb064390",-0.200786675531617,-0.0927168650882956,0.913802104023157,"NS","NS","NS"
"Td00001aa024033","Zm00001eb064380",0.175640886764723,-0.419539501314605,0.690751840476764,"NS","NS","NS"
"Td00001aa024042","Zm00001eb064300",-0.105795232024896,0.0122662881342813,0.990350166328339,"NS","NS","NS"
"Td00001aa024060","Zm00001eb064120",-0.146279131041655,0.489177875906407,0.424699966789362,"NS","NS","NS"
"Td00001aa024071","Zm00001eb064000",-0.263617114922645,0.410101963675098,0.595041789355909,"NS","NS","NS"
"Td00001aa024089","Zm00001eb063870",0.393736860021525,-0.0838236991361695,0.934639640167175,"NS","NS","NS"
"Td00001aa024097","Zm00001eb063770",0.267533152268921,-0.153422033072129,0.877191054403887,"NS","NS","NS"
"Td00001aa024101","Zm00001eb063720",-0.271469236715682,0.274356476607547,0.686611485198859,"NS","NS","NS"
"Td00001aa024103","Zm00001eb063700",0.158215275408626,-0.34014439855559,0.708924818592891,"NS","NS","NS"
"Td00001aa024125","Zm00001eb063500",-0.180762314175495,-0.302071240332315,0.737181085204996,"NS","NS","NS"
"Td00001aa024130","Zm00001eb063430",0.223055864189992,0.813473925851334,0.163993782540019,"NS","NS","NS"
"Td00001aa024171","Zm00001eb062910",0.152576066166103,-0.244942202511087,0.886396136885926,"NS","NS","NS"
"Td00001aa024188","Zm00001eb062800",0.48236132313271,-0.30317477926271,0.750135567231599,"NS","NS","NS"
"Td00001aa024190","Zm00001eb062770",-0.101623116442512,-0.127097296932696,0.87106631921047,"NS","NS","NS"
"Td00001aa024194","Zm00001eb062720",0.0380812124426047,0.467557924181082,0.664330435332614,"NS","NS","NS"
"Td00001aa024211","Zm00001eb062550",-0.300122521156782,-0.356354254904793,0.661739684725695,"NS","NS","NS"
"Td00001aa024214","Zm00001eb062510",0.767740054044102,2.10416086998631,0.0391827976839186,"NS","Up","NS"
"Td00001aa024218","Zm00001eb062480",-0.0389613194512023,-0.289205476411238,0.770511222614544,"NS","NS","NS"
"Td00001aa024225","Zm00001eb062390",-1.85360113483961,-1.26426206502174,0.695938551036935,"Down","NS","NS"
"Td00001aa024231","Zm00001eb062330",0.713074677466465,0.458625946921003,0.493810683592996,"NS","NS","NS"
"Td00001aa024245","Zm00001eb062180",-0.161463701749334,0.212121992643423,0.905647692007567,"NS","NS","NS"
"Td00001aa024260","Zm00001eb062070",-0.141581725328892,-0.351224047295669,0.66795064635344,"NS","NS","NS"
"Td00001aa024264","Zm00001eb062010",-0.0948858948318924,0.00954249776828571,0.993138435400083,"NS","NS","NS"
"Td00001aa024292","Zm00001eb061750",-1.1822091098324,1.92698952122628,0.0527790544411603,"Down","NS","NS"
"Td00001aa024299","Zm00001eb061570",-0.026346144716909,0.685914796651664,0.356048040831712,"NS","NS","NS"
"Td00001aa024301","Zm00001eb061560",-0.258838162201648,0.247890612277205,0.771827635704078,"NS","NS","NS"
"Td00001aa024312","Zm00001eb061470",-0.04028560054609,0.124538511996982,0.889774031177224,"NS","NS","NS"
"Td00001aa024340","Zm00001eb061180",-0.786707059480247,-0.99402591555922,0.0603931706895491,"NS","NS","NS"
"Td00001aa024352","Zm00001eb212820",-0.614633360757085,-1.45846647763061,0.034104557164937,"NS","Down","NS"
"Td00001aa024374","Zm00001eb060760",-0.206242790607544,-0.295944898087647,0.791384227520494,"NS","NS","NS"
"Td00001aa024375","Zm00001eb060730",0.101128479738745,0.0952386058024557,0.93505709429093,"NS","NS","NS"
"Td00001aa024379","Zm00001eb060680",1.95385846442961,1.52082320768891,0.00557187528741042,"Up","Up","Up"
"Td00001aa024383","Zm00001eb060640",-0.293546111343508,0.311718353908923,0.734611679457437,"NS","NS","NS"
"Td00001aa024392","Zm00001eb060520",-0.923450612388312,1.20854896771734,0.610722861753709,"NS","NS","NS"
"Td00001aa024418","Zm00001eb060260",0.599202039817747,1.05579030346371,0.0460992621848846,"NS","Up","NS"
"Td00001aa024423","Zm00001eb060220",-0.158441429064981,1.35469529451894,0.179200111706992,"NS","NS","NS"
"Td00001aa024435","Zm00001eb060050",0.018679999568741,-0.421441007773815,0.633344569812046,"NS","NS","NS"
"Td00001aa024440","Zm00001eb059990",0.245600039730838,0.171854223676687,0.818794246242891,"NS","NS","NS"
"Td00001aa024462","Zm00001eb059850",-0.262250796638444,-1.22640257659571,0.120790147702537,"NS","NS","NS"
"Td00001aa024464","Zm00001eb059830",-0.133620253061034,0.199931952620557,0.791750487554257,"NS","NS","NS"
"Td00001aa024475","Zm00001eb059650",-0.0863381954371114,-0.404686382507764,0.568727597475263,"NS","NS","NS"
"Td00001aa024497","Zm00001eb059230",0.270084586238448,-1.34453652074443,0.166942242609713,"NS","NS","NS"
"Td00001aa024515","Zm00001eb059070",-0.427456388861726,0.208140694314248,0.879086416898892,"NS","NS","NS"
"Td00001aa024551","Zm00001eb058640",-0.698816197473116,1.2214915530898,0.315985732539358,"NS","NS","NS"
"Td00001aa024618","Zm00001eb057840",0.287063475631913,0.903711826813242,0.358663274682497,"NS","NS","NS"
"Td00001aa024647","Zm00001eb057490",0.380331736529047,1.71994655614773,0.00313792069459879,"NS","Up","NS"
"Td00001aa024655","Zm00001eb057400",-0.046680491939135,0.0136005990795448,0.990669264728431,"NS","NS","NS"
"Td00001aa024666","Zm00001eb057230",-0.462801843649617,1.56722151016946,0.0568527535322876,"NS","NS","NS"
"Td00001aa024674","Zm00001eb057150",1.01357162721096,-0.729861392269142,0.485126846864948,"Up","NS","NS"
"Td00001aa024701","Zm00001eb056930",0.337486312100329,0.64537635718563,0.170363658111732,"NS","NS","NS"
"Td00001aa024729","Zm00001eb056550",0.34696968045072,0.776416405935778,0.319361596786857,"NS","NS","NS"
"Td00001aa024734","Zm00001eb056510",1.02881962068411,-3.79536532499421,1.20544389925998e-07,"Up","Down","NS"
"Td00001aa024742","Zm00001eb056450",0.060562316523277,-0.461848296708494,0.590269728971847,"NS","NS","NS"
"Td00001aa024753","Zm00001eb056360",-0.489412848245787,0.0869824967014189,0.912115659592625,"NS","NS","NS"
"Td00001aa024773","Zm00001eb056240",0.401997525001431,1.81276779792566,0.00488457281788533,"NS","Up","NS"
"Td00001aa024779","Zm00001eb056130",0.0671806758264887,-0.0025560452638376,0.998727558545173,"NS","NS","NS"
"Td00001aa024781","Zm00001eb025570",-0.157976059786898,3.9914379959129,9.56575781665325e-05,"NS","Up","NS"
"Td00001aa024831","Zm00001eb055490",-0.156622182449513,0.402692574255942,0.574788029598612,"NS","NS","NS"
"Td00001aa024849","Zm00001eb055180",0.316344428143102,-0.383877042181892,0.629629310069956,"NS","NS","NS"
"Td00001aa024852","Zm00001eb055170",0.0236882097186425,0.0459721778016685,0.96791381159951,"NS","NS","NS"
"Td00001aa024862","Zm00001eb055080",-0.0589423319107388,-0.108667919282473,0.89251797086868,"NS","NS","NS"
"Td00001aa024864","Zm00001eb055050",-0.456005658808669,0.106060007808749,0.888670675253901,"NS","NS","NS"
"Td00001aa024866","Zm00001eb055030",-0.564332059307923,1.02152680683755,0.132690854015452,"NS","NS","NS"
"Td00001aa024867","Zm00001eb055020",-0.712657329441672,-0.088147117044417,0.928044108101691,"NS","NS","NS"
"Td00001aa024871","Zm00001eb054960",-1.10330057348111,0.0252041271656232,0.982442046139959,"Down","NS","NS"
"Td00001aa024876","Zm00001eb054910",-0.103881360209776,-0.291647352406817,0.688001480989298,"NS","NS","NS"
"Td00001aa024896","Zm00001eb054680",0.674039391299527,-0.367959848388749,0.756950173688702,"NS","NS","NS"
"Td00001aa024935","Zm00001eb054250",-0.89261445438654,1.43056616494558,0.00792215206686823,"NS","Up","NS"
"Td00001aa024936","Zm00001eb054240",-1.09008938616597,0.0982936892360644,0.949337545619481,"Down","NS","NS"
"Td00001aa024937","Zm00001eb054230",-0.862040082544137,1.37562493855155,0.0829722837365426,"NS","NS","NS"
"Td00001aa024939","Zm00001eb054210",0.108157623086175,0.258038990901654,0.745295158803012,"NS","NS","NS"
"Td00001aa024952","Zm00001eb054050",-2.27182334048076,1.75020966152052,5.17034121454044e-07,"Down","Up","NS"
"Td00001aa024953","Zm00001eb054040",-0.305201584043923,0.0831901052151248,0.945478350717108,"NS","NS","NS"
"Td00001aa024956","Zm00001eb054000",-0.183055360347094,0.369678171999816,0.769583933690622,"NS","NS","NS"
"Td00001aa024970","Zm00001eb053790",-0.212883506386907,-0.663916186745046,0.224809950493653,"NS","NS","NS"
"Td00001aa024975","Zm00001eb053750",0.360348360927343,-0.716978693165159,0.259829105266293,"NS","NS","NS"
"Td00001aa024999","Zm00001eb217120",-0.76996453080158,0.321332067571429,0.7311767440076,"NS","NS","NS"
"Td00001aa025002","Zm00001eb053520",0.0745362848715333,-0.485614519067378,0.487411757261894,"NS","NS","NS"
"Td00001aa025005","Zm00001eb053490",-0.272057046166391,-0.289243115576681,0.770763057914312,"NS","NS","NS"
"Td00001aa025008","Zm00001eb053440",0.807204861981312,0.213150866804295,0.751917753929791,"NS","NS","NS"
"Td00001aa025021","Zm00001eb053220",-1.02466413275406,1.61863125018454,0.0381993674680768,"Down","Up","NS"
"Td00001aa025038","Zm00001eb051830",-0.2832992752654,0.171929941540088,0.846772915439689,"NS","NS","NS"
"Td00001aa025105","Zm00001eb065510",-0.0906657670331642,-0.510341147310575,0.595456725933906,"NS","NS","NS"
"Td00001aa025134","Zm00001eb052640",0.440812786236102,0.34239468288179,0.574794244170024,"NS","NS","NS"
"Td00001aa025144","Zm00001eb052750",-0.0875102421161748,0.713785141186561,0.532883061412837,"NS","NS","NS"
"Td00001aa025171","Zm00001eb050220",-1.25739224917616,0.465439077955126,0.516068122652654,"Down","NS","NS"
"Td00001aa025196","Zm00001eb050410",-0.223120324630787,0.0333635427668567,0.9775658530716,"NS","NS","NS"
"Td00001aa025199","Zm00001eb050460",0.159909833344411,-0.0208578381100737,0.979787347094532,"NS","NS","NS"
"Td00001aa025298","Zm00001eb051410",0.049360532707136,-0.405950494611206,0.694230090144944,"NS","NS","NS"
"Td00001aa025313","Zm00001eb051600",0.30045667163565,-0.322917816419358,0.671428657267329,"NS","NS","NS"
"Td00001aa025335","Zm00001eb051800",-0.186066651654714,0.357866337859131,0.57809097987364,"NS","NS","NS"
"Td00001aa025357","Zm00001eb049960",-0.387181616828083,4.17541508471908,4.07114913476579e-06,"NS","Up","NS"
"Td00001aa025395","Zm00001eb049290",0.119113464582875,-0.109406634632377,0.903194104065572,"NS","NS","NS"
"Td00001aa025408","Zm00001eb049120",0.235880224198665,-0.416606629197866,0.545250451300775,"NS","NS","NS"
"Td00001aa025485","Zm00001eb043430",-0.450008483800474,0.224266326915763,0.754544836185262,"NS","NS","NS"
"Td00001aa025490","Zm00001eb043470",0.295735909905913,0.0465233682830676,0.967506510684782,"NS","NS","NS"
"Td00001aa025513","Zm00001eb043730",-0.363525966992758,0.191555369950813,0.812510912901577,"NS","NS","NS"
"Td00001aa025521","Zm00001eb043800",-0.087756158275299,0.188640781080126,0.796357633156815,"NS","NS","NS"
"Td00001aa025537","Zm00001eb043920",0.370671183247056,0.387363425620655,0.652738192543454,"NS","NS","NS"
"Td00001aa025542","Zm00001eb043970",0.154058993920387,-0.0604589365104206,0.962987379394674,"NS","NS","NS"
"Td00001aa025562","Zm00001eb044190",0.328412134262723,-0.289258957357426,0.906894795459419,"NS","NS","NS"
"Td00001aa025563","Zm00001eb044200",-0.321542820471403,-0.174791810484727,0.913382665395866,"NS","NS","NS"
"Td00001aa025575","Zm00001eb044380",0.163612235139772,-0.721710926226944,0.208420900119395,"NS","NS","NS"
"Td00001aa025602","Zm00001eb044760",-0.038078576516394,0.772144321850189,0.121210385236596,"NS","NS","NS"
"Td00001aa025603","Zm00001eb044780",0.428899171661439,-0.202365704020654,0.763625809942786,"NS","NS","NS"
"Td00001aa025609","Zm00001eb044840",-0.414295655563735,0.62598583764784,0.530479660593396,"NS","NS","NS"
"Td00001aa025610","Zm00001eb044860",0.325896148922096,1.45463285180312,0.114958893014978,"NS","NS","NS"
"Td00001aa025615","Zm00001eb044910",0.405908324874457,0.241724402430293,0.75322193767735,"NS","NS","NS"
"Td00001aa025630","Zm00001eb045200",-0.19922530858242,0.845733670561261,0.343913515471691,"NS","NS","NS"
"Td00001aa025654","Zm00001eb045450",0.187798131820116,-0.0241349167094389,0.983359233000806,"NS","NS","NS"
"Td00001aa025663","Zm00001eb045530",0.091062412882488,-0.177011022087165,0.832307712625242,"NS","NS","NS"
"Td00001aa025687","Zm00001eb045790",-0.230043826533576,-0.00930483266423505,0.993355054573163,"NS","NS","NS"
"Td00001aa025700","Zm00001eb045890",0.0727882755116843,-0.11452852268946,0.877191054403887,"NS","NS","NS"
"Td00001aa025719","Zm00001eb046120",0.164756369985307,-0.0523090163894186,0.957499409855025,"NS","NS","NS"
"Td00001aa025737","Zm00001eb046340",0.298929870632952,0.557377907292583,0.431330165751712,"NS","NS","NS"
"Td00001aa025741","Zm00001eb046370",0.00117379097847749,0.477554140077913,0.44932970830717,"NS","NS","NS"
"Td00001aa025749","Zm00001eb046430",0.0674128568591725,0.571273714531287,0.233442262403967,"NS","NS","NS"
"Td00001aa025755","Zm00001eb046510",-0.350592691523338,0.354496643345746,0.720134218912269,"NS","NS","NS"
"Td00001aa025764","Zm00001eb046580",0.226264727738951,0.634197341270277,0.422910578251813,"NS","NS","NS"
"Td00001aa025774","Zm00001eb046670",-0.06978168195432,2.570568088934,0.0910818333788818,"NS","NS","NS"
"Td00001aa025783","Zm00001eb046840",-0.785546003827769,-0.416847647702818,0.624626391426182,"NS","NS","NS"
"Td00001aa025818","Zm00001eb047170",0.277602311813063,-0.475507337064445,0.415108168101131,"NS","NS","NS"
"Td00001aa025845","Zm00001eb047560",-0.287947037782117,-0.149361018265816,0.88637864842141,"NS","NS","NS"
"Td00001aa025901","Zm00001eb047980",-0.119080074795087,0.576211806970132,0.271610325703487,"NS","NS","NS"
"Td00001aa025911","Zm00001eb048000",-0.176993669736853,-0.236342221790071,0.88359771651154,"NS","NS","NS"
"Td00001aa025961","Zm00001eb048510",-0.463363869545537,0.224948207296689,0.89909300725105,"NS","NS","NS"
"Td00001aa026000","Zm00001eb028030",1.33621099154692,-0.909793043187356,0.259127412906612,"Up","NS","NS"
"Td00001aa026021","Zm00001eb027880",0.0655264296175256,0.260188782449941,0.773235420820844,"NS","NS","NS"
"Td00001aa026028","Zm00001eb027830",-0.877814145500337,-1.45298919714605,0.0352251040012428,"NS","Down","NS"
"Td00001aa026044","Zm00001eb027590",-0.641747745638616,0.385333630757044,0.564867336600582,"NS","NS","NS"
"Td00001aa026056","Zm00001eb225760",-0.1269474534743,0.256818769366416,0.81235651764285,"NS","NS","NS"
"Td00001aa026059","Zm00001eb225790",-0.314618533667992,0.00111000523562263,0.999628631633284,"NS","NS","NS"
"Td00001aa026116","Zm00001eb226380",-0.74480770901644,0.23720108788885,0.837884061456209,"NS","NS","NS"
"Td00001aa026124","Zm00001eb226490",0.793664348836389,0.420523433320171,0.743366886054724,"NS","NS","NS"
"Td00001aa026163","Zm00001eb226920",0.224773421473587,-0.311298881836667,0.712980114584957,"NS","NS","NS"
"Td00001aa026164","Zm00001eb226930",0.205351655478331,0.761914374314543,0.32726611898444,"NS","NS","NS"
"Td00001aa026165","Zm00001eb226990",0.0877444021397495,0.285489959339449,0.749365662406818,"NS","NS","NS"
"Td00001aa026214","Zm00001eb227310",0.233279537200639,0.292468340867002,0.662784571654913,"NS","NS","NS"
"Td00001aa026237","Zm00001eb227460",-0.107577507532178,-0.471394482584646,0.637054748150803,"NS","NS","NS"
"Td00001aa026240","Zm00001eb227480",0.238764581780928,0.26478581327295,0.838377830074046,"NS","NS","NS"
"Td00001aa026300","Zm00001eb227940",-0.143467585060149,0.58534392259163,0.479879811111992,"NS","NS","NS"
"Td00001aa026303","Zm00001eb227980",0.0280583260402311,-0.353653514666951,0.608660868958616,"NS","NS","NS"
"Td00001aa026315","Zm00001eb228060",-0.447117502862855,0.124080677803633,0.897158952542663,"NS","NS","NS"
"Td00001aa026321","Zm00001eb228120",-0.103958864614649,-0.655211983152104,0.359501194248168,"NS","NS","NS"
"Td00001aa026362","Zm00001eb228530",-0.0991949490603755,-0.339774589310003,0.825349506043515,"NS","NS","NS"
"Td00001aa026367","Zm00001eb228570",-0.366536755834526,0.00357940468419858,0.996819454204891,"NS","NS","NS"
"Td00001aa026374","Zm00001eb228620",-1.19551503587271,0.852051685928478,0.2341440861679,"Down","NS","NS"
"Td00001aa026379","Zm00001eb228660",-0.280033788118256,-0.0880982080802565,0.899567751032433,"NS","NS","NS"
"Td00001aa026391","Zm00001eb228780",-0.588304940840187,1.80660462002427,0.000827986294259848,"NS","Up","NS"
"Td00001aa026392","Zm00001eb228800",0.309619039715246,-1.38313343502535,0.013120093080408,"NS","Down","NS"
"Td00001aa026395","Zm00001eb228910",-0.764014057972664,0.997771402601902,0.128499616172521,"NS","NS","NS"
"Td00001aa026407","Zm00001eb228990",-0.109976905197946,-0.933213016458013,0.131725478714171,"NS","NS","NS"
"Td00001aa026412","Zm00001eb229020",-0.857698477147073,-0.0500029753955357,0.967230171660845,"NS","NS","NS"
"Td00001aa026443","Zm00001eb225360",1.150064975421,0.423887703310767,0.743316470581308,"Up","NS","NS"
"Td00001aa026454","Zm00001eb225230",-0.945246598637834,1.5867817135653,0.0182411149410208,"NS","Up","NS"
"Td00001aa026479","Zm00001eb225010",-0.20390345189974,0.549573123598004,0.43709476694933,"NS","NS","NS"
"Td00001aa026554","Zm00001eb224610",-1.05141042243474,0.579792852953639,0.422299369931441,"Down","NS","NS"
"Td00001aa026579","Zm00001eb224430",-0.83524392544022,0.660263610276805,0.609557336859095,"NS","NS","NS"
"Td00001aa026590","Zm00001eb224230",3.13019881715798,2.1666008022067,0.0205806139824066,"Up","Up","Up"
"Td00001aa026612","Zm00001eb224050",0.143435902278428,0.236249369772599,0.70800210503714,"NS","NS","NS"
"Td00001aa026621","Zm00001eb223980",0.199452459302709,0.335179796697285,0.565981515119785,"NS","NS","NS"
"Td00001aa026639","Zm00001eb223680",0.320292557907044,-1.85334915472015,0.00507941823306397,"NS","Down","NS"
"Td00001aa026669","Zm00001eb223330",-0.678071997742356,1.26936814150158,0.333401953387034,"NS","NS","NS"
"Td00001aa026683","Zm00001eb223200",-0.0251827544683765,0.211429763351635,0.859412294323506,"NS","NS","NS"
"Td00001aa026709","Zm00001eb223050",-0.225987142500659,-0.21581227664518,0.787766067232615,"NS","NS","NS"
"Td00001aa026728","Zm00001eb222860",-0.612390070946948,0.0537004030493554,0.959320334428933,"NS","NS","NS"
"Td00001aa026761","Zm00001eb222550",-0.228594627884147,0.222494992278505,0.841004487258498,"NS","NS","NS"
"Td00001aa026764","Zm00001eb222510",-0.14061178910068,1.58864386642814,0.0441050813970828,"NS","Up","NS"
"Td00001aa026772","Zm00001eb222420",0.251368463227371,-0.697665332005756,0.151578554483842,"NS","NS","NS"
"Td00001aa026788","Zm00001eb222320",-0.668210903290188,0.717178602724361,0.140631624474501,"NS","NS","NS"
"Td00001aa026789","Zm00001eb222300",0.216104961514482,0.694216564997549,0.264266794589897,"NS","NS","NS"
"Td00001aa026828","Zm00001eb222000",0.00363775160993501,-0.351544915358096,0.683886178136152,"NS","NS","NS"
"Td00001aa026835","Zm00001eb221890",-0.596269914797813,0.295427049170637,0.761180407977702,"NS","NS","NS"
"Td00001aa026838","Zm00001eb221860",-0.02779593203867,0.0814429841241454,0.911901041307821,"NS","NS","NS"
"Td00001aa026874","Zm00001eb221490",-0.878397056126668,-1.08370055677607,0.473375952340494,"NS","NS","NS"
"Td00001aa026923","Zm00001eb220910",-0.0922831230448548,-0.501611627078807,0.634844589608138,"NS","NS","NS"
"Td00001aa026934","Zm00001eb220880",0.125642826974996,-0.713598191162617,0.249334297070539,"NS","NS","NS"
"Td00001aa026949","Zm00001eb220780",-0.243542714463196,2.91265749347832,0.0520635625648975,"NS","NS","NS"
"Td00001aa026977","Zm00001eb220420",-0.152889372497442,-0.225575087870772,0.865829992943392,"NS","NS","NS"
"Td00001aa026979","Zm00001eb220390",0.523290376240307,-0.267122617070939,0.813889439416023,"NS","NS","NS"
"Td00001aa026996","Zm00001eb220140",0.188181919144762,-0.416247953445877,0.621657740860262,"NS","NS","NS"
"Td00001aa026999","Zm00001eb220110",-0.260704333214193,-0.0719330553736978,0.961984206474662,"NS","NS","NS"
"Td00001aa027000","Zm00001eb220090",-0.179337076178057,-0.261980130339517,0.715457722872322,"NS","NS","NS"
"Td00001aa027028","Zm00001eb219770",1.6312108454344,-1.41648031099786,0.00147237378637601,"Up","Down","NS"
"Td00001aa027056","Zm00001eb219500",0.234708030483386,0.258350431700525,0.830811663199601,"NS","NS","NS"
"Td00001aa027076","Zm00001eb219270",-0.495128158653692,0.529380648220895,0.5281595010599,"NS","NS","NS"
"Td00001aa027091","Zm00001eb219170",0.858959868670235,0.459718659904598,0.395502280368573,"NS","NS","NS"
"Td00001aa027148","Zm00001eb218630",-0.191120652780435,0.414341854037694,0.466279153106312,"NS","NS","NS"
"Td00001aa027156","Zm00001eb218510",-0.0741148326678752,-1.28873114194103,0.210112014351777,"NS","NS","NS"
"Td00001aa027184","Zm00001eb218320",0.242401705351343,0.729052770985272,0.513180552365564,"NS","NS","NS"
"Td00001aa027215","Zm00001eb217960",-0.236770262857815,-0.298788942696799,0.707227435290631,"NS","NS","NS"
"Td00001aa027233","Zm00001eb032760",-0.490319442374906,-0.0459440917064632,0.961280273938003,"NS","NS","NS"
"Td00001aa027253","Zm00001eb217560",0.373142574820899,1.12885131915128,0.108885248615685,"NS","NS","NS"
"Td00001aa027294","Zm00001eb217160",-0.184354924931354,0.00193284575313793,0.998466366435784,"NS","NS","NS"
"Td00001aa027311","Zm00001eb217010",0.20128101264228,-0.805735172106197,0.573547999830913,"NS","NS","NS"
"Td00001aa027315","Zm00001eb216990",-0.226601725663089,-0.469125703963323,0.652645504036004,"NS","NS","NS"
"Td00001aa027352","Zm00001eb216550",-0.400299941009436,-0.444627658655964,0.62981705341615,"NS","NS","NS"
"Td00001aa027362","Zm00001eb216420",-0.133026863122626,0.119758989792163,0.887482219025892,"NS","NS","NS"
"Td00001aa027373","Zm00001eb054980",0.430995393574789,0.721871784914553,0.19047936090033,"NS","NS","NS"
"Td00001aa027377","Zm00001eb216210",-0.311977066762292,0.641294653617569,0.257748381036383,"NS","NS","NS"
"Td00001aa027392","Zm00001eb055330",-0.489545178012928,0.700815956411517,0.29868148630578,"NS","NS","NS"
"Td00001aa027396","Zm00001eb216020",0.911901935975526,-0.139082076305705,0.949337545619481,"NS","NS","NS"
"Td00001aa027410","Zm00001eb215890",-0.0950023294286825,3.04964325752182,0.0128814121606725,"NS","Up","NS"
"Td00001aa027429","Zm00001eb215710",-2.36889087253532,1.35036001458727,0.0244159550030238,"Down","Up","NS"
"Td00001aa027470","Zm00001eb215420",-0.423427589212364,0.373300311631239,0.635212711332893,"NS","NS","NS"
"Td00001aa027502","Zm00001eb215080",0.750007695660696,2.13921252974749,3.99832371659695e-07,"NS","Up","NS"
"Td00001aa027591","Zm00001eb214360",-0.294060276775852,0.159504474890997,0.885805152279787,"NS","NS","NS"
"Td00001aa027593","Zm00001eb214330",-1.36194405996805,2.1552866004726,6.1561839758523e-05,"Down","Up","NS"
"Td00001aa027613","Zm00001eb214210",-0.346798426899143,-0.673882183431348,0.386840531025825,"NS","NS","NS"
"Td00001aa027623","Zm00001eb214000",-0.90498593081651,1.43461946687924,0.233497220578476,"NS","NS","NS"
"Td00001aa027648","Zm00001eb213760",-1.32312888289688,0.843134783928397,0.146375574607512,"Down","NS","NS"
"Td00001aa027657","Zm00001eb213680",0.447347204006518,0.723871410620384,0.44900414685902,"NS","NS","NS"
"Td00001aa027665","Zm00001eb213610",-1.26334377101196,0.17076592400148,0.81732502884158,"Down","NS","NS"
"Td00001aa027675","Zm00001eb059770",-0.0831502593871415,-0.261620834280799,0.636876860121322,"NS","NS","NS"
"Td00001aa027692","Zm00001eb213310",0.22057859403699,-0.329338904861244,NA,"NS","NS","NS"
"Td00001aa027714","Zm00001eb060550",0.155845042454747,-0.420914658282137,0.735642491124254,"NS","NS","NS"
"Td00001aa027797","Zm00001eb212200",0.0873007751634256,-0.235997750451247,0.71283783493801,"NS","NS","NS"
"Td00001aa027802","Zm00001eb212160",-0.187671558016913,2.30430526821672,3.75131819875393e-05,"NS","Up","NS"
"Td00001aa027827","Zm00001eb211990",0.0270603108056817,-1.3057482291795,0.00340845468355345,"NS","Down","NS"
"Td00001aa027832","Zm00001eb211960",-0.336539606771412,-0.701362984415352,0.375899045691321,"NS","NS","NS"
"Td00001aa027858","Zm00001eb211610",0.0111208508821568,-0.866627361640074,0.105357621673436,"NS","NS","NS"
"Td00001aa027890","Zm00001eb211320",0.362579151829626,-0.731929560690832,0.231021828410421,"NS","NS","NS"
"Td00001aa027909","Zm00001eb211070",0.0277670396130459,-0.591718149145494,0.437414855901804,"NS","NS","NS"
"Td00001aa027914","Zm00001eb211010",0.326589242362608,0.532430922793098,0.433241216240487,"NS","NS","NS"
"Td00001aa027933","Zm00001eb210850",0.018986408087682,0.207768519993047,0.778986459029524,"NS","NS","NS"
"Td00001aa027951","Zm00001eb210720",-0.0298805686158064,-0.073582414053926,0.917759959081677,"NS","NS","NS"
"Td00001aa027982","Zm00001eb210450",-0.229311804125566,-0.360401495370303,0.808194530257371,"NS","NS","NS"
"Td00001aa028028","Zm00001eb076610",0.107203781981023,-0.891507012149905,0.120082833467647,"NS","NS","NS"
"Td00001aa028035","Zm00001eb076540",-0.340555652677786,-0.288781471219437,0.731955215714842,"NS","NS","NS"
"Td00001aa028038","Zm00001eb076490",0.146664349745793,0.291673133818733,0.700305083347585,"NS","NS","NS"
"Td00001aa028045","Zm00001eb076340",0.112356580295766,-0.669551291033985,0.229931401920378,"NS","NS","NS"
"Td00001aa028052","Zm00001eb076190",-0.583037834846477,1.56149979438524,0.00101069087345576,"NS","Up","NS"
"Td00001aa028067","Zm00001eb076030",-0.330040618961984,0.346086189986421,0.794159423461098,"NS","NS","NS"
"Td00001aa028076","Zm00001eb065570",-0.612251166413522,0.0781889961758658,0.927856267388621,"NS","NS","NS"
"Td00001aa028092","Zm00001eb065770",-0.0805576257383737,-0.773001866390734,0.126624171519863,"NS","NS","NS"
"Td00001aa028093","Zm00001eb065780",-0.227891066939453,-0.0791323946961472,0.934207207598745,"NS","NS","NS"
"Td00001aa028094","Zm00001eb065790",0.0664841870958793,0.347400241106123,0.806321817054787,"NS","NS","NS"
"Td00001aa028117","Zm00001eb066020",-0.196111975479925,1.1293190614921,0.324658419169712,"NS","NS","NS"
"Td00001aa028132","Zm00001eb066190",0.26500613231832,-0.160168571281022,0.841656117867635,"NS","NS","NS"
"Td00001aa028156","Zm00001eb066470",0.54729215508373,-0.142171873707492,0.894863383519741,"NS","NS","NS"
"Td00001aa028157","Zm00001eb066480",0.380457370802334,-3.2692998218182,6.71951236015367e-06,"NS","Down","NS"
"Td00001aa028176","Zm00001eb066660",0.661937943880972,-0.293682983230664,0.765714909464622,"NS","NS","NS"
"Td00001aa028184","Zm00001eb066780",-0.523779365348215,-0.122257698190051,0.868952054461854,"NS","NS","NS"
"Td00001aa028191","Zm00001eb066840",-0.220335806614156,-0.113539444758187,0.897878853787348,"NS","NS","NS"
"Td00001aa028216","Zm00001eb067160",0.24524139773071,-0.300281964449803,0.681811124923779,"NS","NS","NS"
"Td00001aa028219","Zm00001eb067180",0.242927921652438,-0.294038639323971,0.787721992770301,"NS","NS","NS"
"Td00001aa028223","Zm00001eb067210",-0.634699295391594,-0.814714862725176,0.309724820384191,"NS","NS","NS"
"Td00001aa028245","Zm00001eb067440",-0.155335808445489,0.145199462467975,0.859412294323506,"NS","NS","NS"
"Td00001aa028256","Zm00001eb067550",-0.487492575528413,1.30146809354686,0.000462220075378162,"NS","Up","NS"
"Td00001aa028274","Zm00001eb067700",-0.218108140099319,-0.472536202342218,0.754610211696605,"NS","NS","NS"
"Td00001aa028276","Zm00001eb067710",0.366316503460202,-1.01888613367116,0.121124348541599,"NS","NS","NS"
"Td00001aa028280","Zm00001eb067730",-0.822288717748322,0.381461171374737,0.750705487744585,"NS","NS","NS"
"Td00001aa028282","Zm00001eb067750",-0.0972376204789095,1.59132003265812,9.08197460036793e-07,"NS","Up","NS"
"Td00001aa028299","Zm00001eb068040",-0.78256406954724,-0.39124974973316,0.532653925347831,"NS","NS","NS"
"Td00001aa028305","Zm00001eb068110",-0.49661222085765,0.358895596781675,0.737563272547405,"NS","NS","NS"
"Td00001aa028313","Zm00001eb068270",0.628318303019486,1.94623521242106,0.0126749168097799,"NS","Up","NS"
"Td00001aa028339","Zm00001eb068580",0.0173319527072298,0.848493109221457,0.2331800424772,"NS","NS","NS"
"Td00001aa028388","Zm00001eb069070",0.0758329122663901,-0.148542392530495,0.894123232667463,"NS","NS","NS"
"Td00001aa028400","Zm00001eb069130",0.035291281979423,-0.457294448279674,0.360098961461211,"NS","NS","NS"
"Td00001aa028473","Zm00001eb070250",0.117517702402017,0.169041947016682,0.841701197711645,"NS","NS","NS"
"Td00001aa028476","Zm00001eb070280",-0.407403627506606,-0.666538376443142,0.54126052709048,"NS","NS","NS"
"Td00001aa028486","Zm00001eb070400",0.264846985622831,0.568736640832449,0.258936024453141,"NS","NS","NS"
"Td00001aa028527","Zm00001eb070860",0.20315552672778,0.45344650412784,0.484016056672493,"NS","NS","NS"
"Td00001aa028532","Zm00001eb070900",-0.29338687239393,-0.496329442226553,0.363344489478311,"NS","NS","NS"
"Td00001aa028533","Zm00001eb070920",0.21357245572694,-0.243395705004207,0.766308259054483,"NS","NS","NS"
"Td00001aa028555","Zm00001eb071140",-0.448853563328202,-1.76644867391317,0.000201749240769735,"NS","Down","NS"
"Td00001aa028566","Zm00001eb071300",-0.088721795770641,-0.36089265726034,0.646294881047736,"NS","NS","NS"
"Td00001aa028586","Zm00001eb071550",0.871305087218118,1.75822305563245,0.00722957108069462,"NS","Up","NS"
"Td00001aa028601","Zm00001eb071760",-0.385316578600717,1.43421448435592,0.0984192394894578,"NS","NS","NS"
"Td00001aa028605","Zm00001eb071800",-0.0944335406979086,0.527397561103287,0.653753621458206,"NS","NS","NS"
"Td00001aa028607","Zm00001eb071820",-0.19637925783133,-0.625704042891269,0.454715840945866,"NS","NS","NS"
"Td00001aa028636","Zm00001eb072190",-0.461190319379604,-0.48234305567716,0.520036535611777,"NS","NS","NS"
"Td00001aa028701","Zm00001eb072810",-0.359108547126552,0.067687955240768,0.932455253730883,"NS","NS","NS"
"Td00001aa028735","Zm00001eb073200",-0.266160122157502,-0.171045792538149,0.823957798168728,"NS","NS","NS"
"Td00001aa028736","Zm00001eb073240",-0.292367476914516,-0.284695572514394,0.807786450966624,"NS","NS","NS"
"Td00001aa028751","Zm00001eb073410",0.0986128521061128,-1.53731778354479,0.233056347157104,"NS","NS","NS"
"Td00001aa028817","Zm00001eb074210",-0.296280541318095,0.474049209803469,0.546671147671157,"NS","NS","NS"
"Td00001aa028831","Zm00001eb074350",0.212944707352328,1.78623989264756,2.13383967898551e-05,"NS","Up","NS"
"Td00001aa028856","Zm00001eb074610",-0.325044753409072,0.309630763965233,0.693804869900036,"NS","NS","NS"
"Td00001aa028908","Zm00001eb075030",-0.104126383745024,-0.133305534273682,0.857904078706813,"NS","NS","NS"
"Td00001aa028928","Zm00001eb075420",0.192090600356744,-1.06769048130919,0.106390923141106,"NS","NS","NS"
"Td00001aa028949","Zm00001eb075630",-0.0258196243363115,0.852937477555574,0.258496132518056,"NS","NS","NS"
"Td00001aa028978","Zm00001eb076700",-0.228664067724305,-1.8588407810306,0.1600257484162,"NS","NS","NS"
"Td00001aa029037","Zm00001eb077230",-1.99690208941706,-0.672140418211686,0.367277355306727,"Down","NS","NS"
"Td00001aa029097","Zm00001eb077860",0.227279551760012,0.32593045296717,0.691736051591402,"NS","NS","NS"
"Td00001aa029104","Zm00001eb077900",-1.30097759737624,0.194843913524353,0.768929697819561,"Down","NS","NS"
"Td00001aa029115","Zm00001eb078040",0.359530557155352,1.08393708292775,0.177982247761372,"NS","NS","NS"
"Td00001aa029134","Zm00001eb078210",0.133303719819511,-0.639912297152132,0.162055939416815,"NS","NS","NS"
"Td00001aa029146","Zm00001eb078350",0.0781374017274285,1.44278341269542,0.000314518784710847,"NS","Up","NS"
"Td00001aa029174","Zm00001eb078730",2.09649916801435,1.62339110645333,0.00157432335437311,"Up","Up","Up"
"Td00001aa029198","Zm00001eb078900",-0.558056536393823,0.166638631203698,0.832873321554251,"NS","NS","NS"
"Td00001aa029231","Zm00001eb079170",1.8737513650356,0.250522585551674,0.787995604904814,"Up","NS","NS"
"Td00001aa029237","Zm00001eb079220",-0.136669327529465,1.14581126551571,0.316598998585496,"NS","NS","NS"
"Td00001aa029273","Zm00001eb079540",0.25281979539817,0.978002891680782,0.0251005869898529,"NS","NS","NS"
"Td00001aa029295","Zm00001eb079760",-0.346656387412025,0.651750685078884,0.466327572957626,"NS","NS","NS"
"Td00001aa029360","Zm00001eb080480",0.21046746593893,0.610987179027263,0.336788532667053,"NS","NS","NS"
"Td00001aa029372","Zm00001eb080570",-0.552847784689181,0.517435443902042,0.412419019636255,"NS","NS","NS"
"Td00001aa029392","Zm00001eb080780",-0.257877208833873,0.424952482312201,0.743802618089638,"NS","NS","NS"
"Td00001aa029407","Zm00001eb080890",0.158730452190728,0.191274261446458,0.85431800849937,"NS","NS","NS"
"Td00001aa029416","Zm00001eb081030",0.612193239694583,0.0107696080720918,0.994637777003791,"NS","NS","NS"
"Td00001aa029429","Zm00001eb081120",-0.499031753022851,-1.69332748986833,0.0406216237234258,"NS","Down","NS"
"Td00001aa029431","Zm00001eb081140",0.251625436086797,0.968302799606037,0.151796127890176,"NS","NS","NS"
"Td00001aa029456","Zm00001eb066670",0.105258173054632,-0.451058333771585,0.494084730947225,"NS","NS","NS"
"Td00001aa029473","Zm00001eb081570",0.449573805643222,-0.294336943554545,0.796247705943092,"NS","NS","NS"
"Td00001aa029481","Zm00001eb081650",0.0425448694635729,0.0406215081716872,0.960181602412293,"NS","NS","NS"
"Td00001aa029496","Zm00001eb081770",3.98479875069154,0.0734316192540797,0.979771048941428,"Up","NS","NS"
"Td00001aa029502","Zm00001eb081870",-0.188764627634431,-0.204612718363319,0.914465533894889,"NS","NS","NS"
"Td00001aa029523","Zm00001eb082160",-0.230560041623124,0.244328846001757,0.689040563446074,"NS","NS","NS"
"Td00001aa029531","Zm00001eb082230",0.068958891978119,-0.22178425433502,0.780657284382623,"NS","NS","NS"
"Td00001aa029551","Zm00001eb082500",-0.637182717118902,0.900291600208353,0.503106247806931,"NS","NS","NS"
"Td00001aa029557","Zm00001eb082560",0.718481152242743,0.410991794409608,0.656385769372915,"NS","NS","NS"
"Td00001aa029567","Zm00001eb082680",-0.0169417479138141,-0.257713733292182,0.831094310263813,"NS","NS","NS"
"Td00001aa029587","Zm00001eb082850",-0.029875456546573,-0.050460057611525,0.963229174494589,"NS","NS","NS"
"Td00001aa029674","Zm00001eb083980",0.111827929645504,-1.71074364427485,0.00996302033154098,"NS","Down","NS"
"Td00001aa029686","Zm00001eb084160",0.706387002844103,1.67426095148377,0.122752974785296,"NS","NS","NS"
"Td00001aa029695","Zm00001eb084350",-0.341879510655818,0.025250413539497,0.982442046139959,"NS","NS","NS"
"Td00001aa029705","Zm00001eb084450",-0.281130167118119,-0.895992799026296,0.26279621460326,"NS","NS","NS"
"Td00001aa029712","Zm00001eb084520",-0.225564947925686,-0.548169907050779,0.497865335305636,"NS","NS","NS"
"Td00001aa029721","Zm00001eb084590",-0.0254763892513535,-1.14745544827793,0.0477893738286875,"NS","Down","NS"
"Td00001aa029752","Zm00001eb084770",0.275890944176284,-0.0646419199685588,0.955733061393005,"NS","NS","NS"
"Td00001aa029759","Zm00001eb084890",-0.0602949744074029,0.879131940190795,0.0863149015718128,"NS","NS","NS"
"Td00001aa029761","Zm00001eb084920",-0.139932613643981,0.29181958883579,0.721911043910255,"NS","NS","NS"
"Td00001aa029804","Zm00001eb085340",0.191548088567775,0.190133399211137,0.921376550521706,"NS","NS","NS"
"Td00001aa029820","Zm00001eb085500",0.118645059076875,0.142491490084475,0.872383727385719,"NS","NS","NS"
"Td00001aa029835","Zm00001eb085570",0.157282673157793,-0.430173068399287,0.672422114564611,"NS","NS","NS"
"Td00001aa029858","Zm00001eb085860",0.0476711295269125,-0.456797456060866,0.513710816295165,"NS","NS","NS"
"Td00001aa029865","Zm00001eb086030",0.0957563726886105,1.08868172655425,0.677266500443047,"NS","NS","NS"
"Td00001aa029894","Zm00001eb086540",-0.101802605552542,0.360217116999802,0.67755230935902,"NS","NS","NS"
"Td00001aa029896","Zm00001eb086560",0.461812479545796,0.158031797990739,0.863757030394407,"NS","NS","NS"
"Td00001aa029905","Zm00001eb086680",0.177244594273325,0.508147790724289,0.512882235469679,"NS","NS","NS"
"Td00001aa029906","Zm00001eb086700",1.2641638051347,5.98449225048766,6.29368988029382e-30,"Up","Up","Up"
"Td00001aa029929","Zm00001eb086910",-0.0933452542908757,0.0385173354073696,0.97215325361042,"NS","NS","NS"
"Td00001aa030153","Zm00001eb356220",0.128409929645518,1.05406406153184,0.338795980050538,"NS","NS","NS"
"Td00001aa030156","Zm00001eb356200",0.15853552024019,-0.550745006503448,0.372373711339498,"NS","NS","NS"
"Td00001aa030159","Zm00001eb356180",-0.206652316217906,0.236450190256862,0.829575886493107,"NS","NS","NS"
"Td00001aa030163","Zm00001eb356130",-0.483288451867949,-0.376946464679249,0.588901681841189,"NS","NS","NS"
"Td00001aa030179","Zm00001eb356000",-0.501094471084358,-0.886895854926668,0.298944618507721,"NS","NS","NS"
"Td00001aa030186","Zm00001eb355970",0.393050671553474,0.195073401998107,0.794159423461098,"NS","NS","NS"
"Td00001aa030191","Zm00001eb355850",-0.33885321723891,0.0713497238062569,0.966172137486094,"NS","NS","NS"
"Td00001aa030210","Zm00001eb266490",0.155724933139056,2.02095066845686,0.000654090696682221,"NS","Up","NS"
"Td00001aa030219","Zm00001eb401380",0.899956140189135,0.741660725151017,0.565981515119785,"NS","NS","NS"
"Td00001aa030221","Zm00001eb355540",-0.0073679420658664,0.419758566879619,0.664800131656309,"NS","NS","NS"
"Td00001aa030226","Zm00001eb355410",-0.464781242728358,1.40245620224333,0.415074921847337,"NS","NS","NS"
"Td00001aa030242","Zm00001eb355170",-0.501721644158476,-1.5378821115368,0.00615373690799484,"NS","Down","NS"
"Td00001aa030254","Zm00001eb355050",-0.123167002262976,-0.142088962403079,0.898966322500573,"NS","NS","NS"
"Td00001aa030271","Zm00001eb354890",-0.204819656593376,0.807005413930195,0.179198760873256,"NS","NS","NS"
"Td00001aa030284","Zm00001eb417150",-0.435109151780414,2.45782240871277,0.00365918419136732,"NS","Up","NS"
"Td00001aa030285","Zm00001eb354850",-0.0866375241491645,-0.547055808444864,0.641786266718827,"NS","NS","NS"
"Td00001aa030292","Zm00001eb417240",-1.15174525852222,0.568954922085137,0.360098961461211,"Down","NS","NS"
"Td00001aa030296","Zm00001eb354640",-0.933292240923308,0.524804546760388,0.543614143385649,"NS","NS","NS"
"Td00001aa030298","Zm00001eb354620",-0.600195815151134,-0.396402285883587,0.503106247806931,"NS","NS","NS"
"Td00001aa030336","Zm00001eb354470",-0.365609808446272,0.229873558176683,0.809605642467419,"NS","NS","NS"
"Td00001aa030346","Zm00001eb354380",-0.65571648951845,-0.131998834756752,0.867350093858604,"NS","NS","NS"
"Td00001aa030351","Zm00001eb354320",0.0331195395935945,0.587644122292542,0.35062383766035,"NS","NS","NS"
"Td00001aa030366","Zm00001eb267790",-0.104915143749476,-0.226504630956442,0.839895255240813,"NS","NS","NS"
"Td00001aa030369","Zm00001eb354230",0.407284026650387,0.367520325650318,0.514466011884898,"NS","NS","NS"
"Td00001aa030377","Zm00001eb354180",0.111003548586604,0.470586650176355,0.507006880021693,"NS","NS","NS"
"Td00001aa030379","Zm00001eb354170",0.0466656523638789,0.991956660326581,0.06792879566752,"NS","NS","NS"
"Td00001aa030432","Zm00001eb345630",-0.62557793113834,-0.413804970844653,0.689003303041954,"NS","NS","NS"
"Td00001aa030491","Zm00001eb346120",-0.0932743346371268,0.0497142897175463,0.950942122461528,"NS","NS","NS"
"Td00001aa030493","Zm00001eb346150",0.631334736838905,0.938337655902272,0.260427986626615,"NS","NS","NS"
"Td00001aa030514","Zm00001eb346400",-0.353568399165353,-0.321147272642147,0.763637613027871,"NS","NS","NS"
"Td00001aa030528","Zm00001eb346580",-0.642853974616001,1.22354307675205,0.0685793496143595,"NS","NS","NS"
"Td00001aa030559","Zm00001eb346860",0.2145254335389,2.75193816217951,2.05941474004539e-10,"NS","Up","NS"
"Td00001aa030570","Zm00001eb346940",0.221909930911032,-0.125097005569588,0.890697611466304,"NS","NS","NS"
"Td00001aa030572","Zm00001eb346960",0.399735360126142,-0.835199060037317,0.210112014351777,"NS","NS","NS"
"Td00001aa030578","Zm00001eb347000",0.169146259592812,-0.664925437114653,0.241877705009048,"NS","NS","NS"
"Td00001aa030594","Zm00001eb347070",-0.185760577502997,1.14356946387312,0.0357756720057233,"NS","Up","NS"
"Td00001aa030611","Zm00001eb347200",0.4392171032646,-0.402601486166308,0.670200300180929,"NS","NS","NS"
"Td00001aa030626","Zm00001eb283950",0.142407394947308,0.483452362343758,0.633214517105541,"NS","NS","NS"
"Td00001aa030631","Zm00001eb283870",-0.111341619766318,0.240265783566671,0.805094683739153,"NS","NS","NS"
"Td00001aa030679","Zm00001eb351120",0.277567191193911,-0.0398062358397809,0.977758870238213,"NS","NS","NS"
"Td00001aa030681","Zm00001eb351100",-0.144188749868526,0.530567411651918,0.566570462973722,"NS","NS","NS"
"Td00001aa030742","Zm00001eb350560",0.459471263890344,-0.640686646211371,0.366793263075406,"NS","NS","NS"
"Td00001aa030804","Zm00001eb349830",0.0717165946202453,0.365808052590788,0.652781189673744,"NS","NS","NS"
"Td00001aa030834","Zm00001eb349410",-0.33539580287304,-0.626335102246362,0.516382906980703,"NS","NS","NS"
"Td00001aa030845","Zm00001eb349250",-0.0682358678953489,1.23842009800957,0.203130735923426,"NS","NS","NS"
"Td00001aa030846","Zm00001eb349240",-0.22097957980763,0.562978837914718,0.5419023491864,"NS","NS","NS"
"Td00001aa030908","Zm00001eb348660",0.150974886889522,0.316830987412997,0.747137791156018,"NS","NS","NS"
"Td00001aa030913","Zm00001eb348600",-0.580080699618339,1.16963501615006,0.248228856997472,"NS","NS","NS"
"Td00001aa030923","Zm00001eb348530",1.45035618234242,1.3797668227766,0.100510962832714,"Up","NS","NS"
"Td00001aa030924","Zm00001eb348520",-0.337688308826198,0.619193590102966,0.475875560686131,"NS","NS","NS"
"Td00001aa030930","Zm00001eb348450",0.19879369023104,-0.675219647188155,0.400529620690303,"NS","NS","NS"
"Td00001aa030949","Zm00001eb348240",0.234926597471045,0.189748707554669,0.864046414792978,"NS","NS","NS"
"Td00001aa030975","Zm00001eb347680",0.867992772871906,-0.385339516991029,0.627783057295622,"NS","NS","NS"
"Td00001aa030988","Zm00001eb351270",-0.0219371552800577,0.878362737186286,0.209570062558503,"NS","NS","NS"
"Td00001aa030991","Zm00001eb351280",0.23467922230391,0.168568435548823,0.886304796162246,"NS","NS","NS"
"Td00001aa030998","Zm00001eb351350",0.153680589408449,-0.668197684058834,0.400068380281857,"NS","NS","NS"
"Td00001aa031004","Zm00001eb351420",-0.391077638899204,0.0199608624420082,0.981853258426892,"NS","NS","NS"
"Td00001aa031048","Zm00001eb351830",-0.177569155385902,0.24415213672322,0.772776975208168,"NS","NS","NS"
"Td00001aa031122","Zm00001eb352550",-0.0424222230644915,0.409507998600185,0.761617373921288,"NS","NS","NS"
"Td00001aa031147","Zm00001eb352760",0.155214443061171,1.59424509231148,NA,"NS",NA,"NS"
"Td00001aa031155","Zm00001eb352800",-0.344417745002978,0.438908627405554,0.606856694352448,"NS","NS","NS"
"Td00001aa031190","Zm00001eb292930",-0.254522767970664,-0.0237103025586806,0.979771048941428,"NS","NS","NS"
"Td00001aa031224","Zm00001eb353560",-0.572134635810355,0.0814385377698157,0.952585581955371,"NS","NS","NS"
"Td00001aa031253","Zm00001eb356490",-0.215199050334603,-0.0604917223499751,0.961730082365739,"NS","NS","NS"
"Td00001aa031281","Zm00001eb342550",-0.231136575885222,0.256445397841636,0.824314098756663,"NS","NS","NS"
"Td00001aa031283","Zm00001eb294570",-0.224884688525748,-0.143194167411415,0.900834198202864,"NS","NS","NS"
"Td00001aa031290","Zm00001eb342660",-0.286965352472148,-0.236226269204626,0.80712084006156,"NS","NS","NS"
"Td00001aa031362","Zm00001eb343610",0.0702809211340246,-0.220728485582671,0.729905038200723,"NS","NS","NS"
"Td00001aa031364","Zm00001eb343630",0.517592940989968,-2.07220569035279,0.00132538574932823,"NS","Down","NS"
"Td00001aa031369","Zm00001eb343670",-0.3013771014873,1.39246154278015,0.0285093827122088,"NS","Up","NS"
"Td00001aa031383","Zm00001eb343840",-0.310631370505531,0.0968146720745871,0.934207207598745,"NS","NS","NS"
"Td00001aa031388","Zm00001eb343900",1.79969817616872,2.42346792847825,0.158928213412337,"NS","NS","NS"
"Td00001aa031407","Zm00001eb344110",-0.428736544300204,-0.0722748274740539,0.965231933824176,"NS","NS","NS"
"Td00001aa031424","Zm00001eb344300",0.175844700667667,0.294410100168744,0.691736051591402,"NS","NS","NS"
"Td00001aa031427","Zm00001eb344340",0.0654427190822693,0.10267423710213,0.913170607870357,"NS","NS","NS"
"Td00001aa031452","Zm00001eb344570",-0.209542385822207,1.34940387821543,0.32764774360564,"NS","NS","NS"
"Td00001aa031467","Zm00001eb344790",0.512608094320665,-0.223911172625205,0.727667818840326,"NS","NS","NS"
"Td00001aa031470","Zm00001eb344820",0.0485617908392075,2.2150099964277,7.13792889927641e-05,"NS","Up","NS"
"Td00001aa031499","Zm00001eb345200",-0.115558128028756,0.136417487886101,0.907637798438533,"NS","NS","NS"
"Td00001aa031503","Zm00001eb297320",-0.1941371033368,0.0819849120670127,0.918082603587071,"NS","NS","NS"
"Td00001aa031505","Zm00001eb345260",-0.229573887016578,-0.407249464353735,0.811100185330999,"NS","NS","NS"
"Td00001aa031508","Zm00001eb345280",0.532151943057186,0.633436990662291,0.229434906221858,"NS","NS","NS"
"Td00001aa031518","Zm00001eb345420",0.123017054902781,0.536794997488345,0.313164270519139,"NS","NS","NS"
"Td00001aa031529","Zm00001eb345550",-0.0576401202527968,1.25122876591467,0.0590911496694936,"NS","NS","NS"
"Td00001aa031546","Zm00001eb199090",-0.159563438523572,0.558184488085334,0.444412100701963,"NS","NS","NS"
"Td00001aa031553","Zm00001eb199150",-0.494720327634467,0.229778292975742,0.813128016205477,"NS","NS","NS"
"Td00001aa031559","Zm00001eb199230",0.40608880485658,-0.357173073986616,0.839895255240813,"NS","NS","NS"
"Td00001aa031570","Zm00001eb199330",-0.187124981518503,-0.205269514754858,0.785404659120542,"NS","NS","NS"
"Td00001aa031595","Zm00001eb199470",-1.14690164940681,0.730243753985579,0.268652106794113,"Down","NS","NS"
"Td00001aa031601","Zm00001eb199540",-0.24581608146395,0.0764440092018923,0.952230882023954,"NS","NS","NS"
"Td00001aa031609","Zm00001eb199590",0.00227315181225255,-0.079679456485897,0.934501454436313,"NS","NS","NS"
"Td00001aa031663","Zm00001eb174590",0.142128038380672,1.50517473487972,0.212124080126522,"NS","NS","NS"
"Td00001aa031715","Zm00001eb036610",0.45157541190134,0.885264174964596,0.338716488910378,"NS","NS","NS"
"Td00001aa031717","Zm00001eb175200",-0.415346550812932,-0.147291829829839,0.83869896076232,"NS","NS","NS"
"Td00001aa031718","Zm00001eb175220",0.0352239634994935,0.196166845266879,0.821355632968719,"NS","NS","NS"
"Td00001aa031722","Zm00001eb175280",-0.0657443214049044,-0.68344661807755,0.164715816302323,"NS","NS","NS"
"Td00001aa031756","Zm00001eb198180",0.15088354109106,-0.200324319954611,0.85431800849937,"NS","NS","NS"
"Td00001aa031767","Zm00001eb198300",0.185813363672455,0.0236877899801861,0.97559062689987,"NS","NS","NS"
"Td00001aa031783","Zm00001eb198450",0.202162354675641,-0.145014297124798,0.846885865414053,"NS","NS","NS"
"Td00001aa031791","Zm00001eb198600",0.798144932480284,0.176708527372515,0.81488217459096,"NS","NS","NS"
"Td00001aa031804","Zm00001eb073240",0.141299581782782,-0.284695572514394,0.807786450966624,"NS","NS","NS"
"Td00001aa031828","Zm00001eb202790",0.527325522822597,-0.38036292385667,0.667448349314946,"NS","NS","NS"
"Td00001aa031852","Zm00001eb180420",-0.386044207199172,-0.330478413316333,0.692861066168167,"NS","NS","NS"
"Td00001aa031940","Zm00001eb039000",-0.0254695755523053,-0.462305203806463,0.559020768051586,"NS","NS","NS"
"Td00001aa031973","Zm00001eb176160",0.518632000851567,1.54566387454524,0.0371453384398259,"NS","Up","NS"
"Td00001aa031974","Zm00001eb176170",-0.000838988901203696,-1.0753829357459,0.192939619489691,"NS","NS","NS"
"Td00001aa031975","Zm00001eb176200",0.143648418353418,-0.0764099729387493,0.952230882023954,"NS","NS","NS"
"Td00001aa031977","Zm00001eb176210",-0.220662156283655,0.109827277509108,0.886304796162246,"NS","NS","NS"
"Td00001aa031979","Zm00001eb176260",0.0610993544076017,-0.170079185968204,0.88359771651154,"NS","NS","NS"
"Td00001aa031980","Zm00001eb176270",-0.00245731108744901,0.185465955192888,0.838909464151184,"NS","NS","NS"
"Td00001aa031984","Zm00001eb176310",-0.604594256287528,0.812032752895125,0.322017823023941,"NS","NS","NS"
"Td00001aa032048","Zm00001eb170610",-0.159640232132282,0.3451245163858,0.628373454912854,"NS","NS","NS"
"Td00001aa032052","Zm00001eb170690",0.193225814333192,-0.159951369851839,0.856035561276714,"NS","NS","NS"
"Td00001aa032081","Zm00001eb178650",-0.347972633561202,-0.083954762849327,0.916594028435584,"NS","NS","NS"
"Td00001aa032084","Zm00001eb178690",-0.408630175736063,-1.03162579959116,0.0610879250112714,"NS","NS","NS"
"Td00001aa032123","Zm00001eb179170",0.398658331151272,0.317292249559535,0.720982294570014,"NS","NS","NS"
"Td00001aa032132","Zm00001eb179330",-0.410108297626763,0.0669218428663069,0.945868347646899,"NS","NS","NS"
"Td00001aa032137","Zm00001eb179440",-0.813553699520243,0.216222437046317,0.870076141660341,"NS","NS","NS"
"Td00001aa032141","Zm00001eb179490",-0.459587295553192,0.915784548891878,0.11062785917426,"NS","NS","NS"
"Td00001aa032145","Zm00001eb179540",-0.230513915480121,0.354149740685542,0.738173697010003,"NS","NS","NS"
"Td00001aa032177","Zm00001eb179820",-0.545202304769565,0.0406376137296906,0.963918494006205,"NS","NS","NS"
"Td00001aa032186","Zm00001eb180060",-0.391224589371985,2.25838935936043,0.00965680080560745,"NS","Up","NS"
"Td00001aa032222","Zm00001eb177270",-0.494816601516962,0.471368643829566,0.731435993577549,"NS","NS","NS"
"Td00001aa032228","Zm00001eb177330",-0.802780281323123,0.189597834641486,0.840978268535014,"NS","NS","NS"
"Td00001aa032242","Zm00001eb177450",0.442819389821726,0.329599293327674,0.748064478872776,"NS","NS","NS"
"Td00001aa032246","Zm00001eb177530",0.0312424212871879,-0.114907194693112,0.880554264559916,"NS","NS","NS"
"Td00001aa032249","Zm00001eb177630",-0.561364060872097,0.225056646096573,0.809778454464743,"NS","NS","NS"
"Td00001aa032287","Zm00001eb178070",-0.294858672998444,0.162329641997439,0.905635218036305,"NS","NS","NS"
"Td00001aa032304","Zm00001eb178250",-0.213929893129691,0.359914115740427,0.626525074858616,"NS","NS","NS"
"Td00001aa032324","Zm00001eb170900",-0.0257469269177145,0.157836544693289,0.833863762418445,"NS","NS","NS"
"Td00001aa032326","Zm00001eb170930",-0.634349546999265,-1.11375195978856,0.194290132008248,"NS","NS","NS"
"Td00001aa032331","Zm00001eb170970",-0.519818736421247,0.526752947484609,0.580781441159927,"NS","NS","NS"
"Td00001aa032335","Zm00001eb171010",-0.202469515791074,1.465332672762,0.308916167555607,"NS","NS","NS"
"Td00001aa032339","Zm00001eb171030",-0.0850168675647003,-0.353814432764738,0.513663393976748,"NS","NS","NS"
"Td00001aa032340","Zm00001eb171040",-0.154745097610747,-0.472358290974861,0.619988913670628,"NS","NS","NS"
"Td00001aa032354","Zm00001eb171190",0.0666462412664485,0.628895446866843,0.496649277905816,"NS","NS","NS"
"Td00001aa032374","Zm00001eb171410",-0.549265727897026,1.15904399054731,0.334631160076594,"NS","NS","NS"
"Td00001aa032375","Zm00001eb171440",-0.159341504581432,0.52475364737194,0.37506937456938,"NS","NS","NS"
"Td00001aa032377","Zm00001eb171480",-0.044006604582256,1.47108656690431,0.000505467872292432,"NS","Up","NS"
"Td00001aa032452","Zm00001eb415410",0.059570691240443,0.39919541091609,0.512928127695599,"NS","NS","NS"
"Td00001aa032468","Zm00001eb172280",-0.0607784352173102,-0.34280276191608,0.655109835817193,"NS","NS","NS"
"Td00001aa032476","Zm00001eb172350",0.0851640859326547,-1.84386102504236,0.48753491616032,"NS","NS","NS"
"Td00001aa032481","Zm00001eb172420",-0.100392616349748,0.400693312941558,0.680799258777954,"NS","NS","NS"
"Td00001aa032506","Zm00001eb172640",-0.35830955794051,-0.805045156456336,0.521019371751368,"NS","NS","NS"
"Td00001aa032508","Zm00001eb172680",-0.638741783959434,0.642759115817327,0.380069616772758,"NS","NS","NS"
"Td00001aa032516","Zm00001eb172800",0.403921530399731,3.40457656735284,0.19047936090033,"NS","NS","NS"
"Td00001aa032522","Zm00001eb172860",-0.208398026501855,-1.25732526790603,0.128654494134359,"NS","NS","NS"
"Td00001aa032526","Zm00001eb172900",0.145717910559283,0.663414603774146,0.43254358741179,"NS","NS","NS"
"Td00001aa032537","Zm00001eb172970",0.129840365363181,2.38904292055604,0.00825891978548341,"NS","Up","NS"
"Td00001aa032563","Zm00001eb173260",0.0275066892385115,-0.180234401123468,0.81402560508609,"NS","NS","NS"
"Td00001aa032581","Zm00001eb173540",-0.133591749388427,0.132817993086441,0.88359771651154,"NS","NS","NS"
"Td00001aa032582","Zm00001eb173560",-0.0885439065894315,0.521239413985697,0.390616067140886,"NS","NS","NS"
"Td00001aa032609","Zm00001eb173880",-0.049712990118268,0.52090976322829,0.45823653525534,"NS","NS","NS"
"Td00001aa032610","Zm00001eb173900",-0.336307527976218,-0.79870465734603,0.492038600261556,"NS","NS","NS"
"Td00001aa032621","Zm00001eb260580",-0.177037192672849,-1.19649480022844,0.402749099802554,"NS","NS","NS"
"Td00001aa032622","Zm00001eb174010",0.285491464108991,0.0790358649807338,0.948970524072993,"NS","NS","NS"
"Td00001aa032628","Zm00001eb174100",-0.270796163382788,-1.99080832886186,0.00058444827215464,"NS","Down","NS"
"Td00001aa032658","Zm00001eb198840",-0.718102559709981,-0.966847692440914,0.194111729757398,"NS","NS","NS"
"Td00001aa032666","Zm00001eb198750",-0.0353683146052974,0.83007966641317,0.670412049916851,"NS","NS","NS"
"Td00001aa032668","Zm00001eb198740",-0.515114162755115,-0.41359448773762,0.707363429729628,"NS","NS","NS"
"Td00001aa032705","Zm00001eb131900",-0.250132116391585,0.276033566324605,0.79686645106863,"NS","NS","NS"
"Td00001aa032796","Zm00001eb130940",-1.15868106371472,-0.0828129240345237,0.952015185448621,"Down","NS","NS"
"Td00001aa032805","Zm00001eb130810",-0.154407685915944,-0.817177601117964,0.151578554483842,"NS","NS","NS"
"Td00001aa032831","Zm00001eb130500",-0.78349965933274,0.253290612710709,0.914992371638035,"NS","NS","NS"
"Td00001aa032866","Zm00001eb130200",2.8604247321532,2.59694684395954,0.0354538871379181,"Up","Up","Up"
"Td00001aa032871","Zm00001eb130080",-0.18674957647609,0.993052538941268,0.161307355106376,"NS","NS","NS"
"Td00001aa032914","Zm00001eb129710",-0.605996998149716,-0.25109837987404,0.714071846490714,"NS","NS","NS"
"Td00001aa032937","Zm00001eb129380",-0.335355694694873,0.518657209115402,0.477819326047089,"NS","NS","NS"
"Td00001aa032944","Zm00001eb129320",-0.284327567260681,-0.728071691309378,0.201811001117372,"NS","NS","NS"
"Td00001aa032974","Zm00001eb128890",0.432289796755002,-0.199225762568381,0.805994912629219,"NS","NS","NS"
"Td00001aa032984","Zm00001eb128780",-0.53131070325914,0.60076578958776,0.488044660173388,"NS","NS","NS"
"Td00001aa032992","Zm00001eb128720",0.0382644740138025,1.07962843715605,0.111418760857307,"NS","NS","NS"
"Td00001aa032999","Zm00001eb128620",-0.939872049109122,1.16363613109163,0.0108467586917777,"NS","Up","NS"
"Td00001aa033030","Zm00001eb128200",0.102279454596467,-0.621568340662789,0.487743970732402,"NS","NS","NS"
"Td00001aa033036","Zm00001eb128160",-0.111289992373576,1.00016808927536,0.185953706862674,"NS","NS","NS"
"Td00001aa033040","Zm00001eb128110",-0.448151780798969,0.0364705857220914,0.978015830816619,"NS","NS","NS"
"Td00001aa033052","Zm00001eb127970",-1.2355978766343,-1.53233420196677,0.000214989289378347,"Down","Down","Down"
"Td00001aa033097","Zm00001eb127430",-0.0927370088152935,0.50048083428776,0.508580318619329,"NS","NS","NS"
"Td00001aa033115","Zm00001eb127210",-0.462374350510119,-0.389590072155991,0.704752424470409,"NS","NS","NS"
"Td00001aa033168","Zm00001eb126690",0.694123069346448,-0.63335562561132,0.238014357967336,"NS","NS","NS"
"Td00001aa033192","Zm00001eb124960",2.82943663467199,2.3216903247782,0.00723248490097864,"Up","Up","Up"
"Td00001aa033265","Zm00001eb125460",0.433400857986955,-0.0883648246958551,0.920702858729871,"NS","NS","NS"
"Td00001aa033308","Zm00001eb124960",2.27572322718484,2.3216903247782,0.00723248490097864,"Up","Up","Up"
"Td00001aa033326","Zm00001eb124820",-0.189533591903637,-1.0932751494195,0.192939619489691,"NS","NS","NS"
"Td00001aa033328","Zm00001eb124810",-0.077627620094497,0.344603012322032,0.616133026886935,"NS","NS","NS"
"Td00001aa033337","Zm00001eb124750",1.36366505226293,-0.00430263211706083,0.996354947436512,"Up","NS","NS"
"Td00001aa033405","Zm00001eb124110",1.23891456542904,-3.69737349750187,1.46592488868755e-07,"Up","Down","NS"
"Td00001aa033446","Zm00001eb123620",-0.725842251783236,0.601525936638995,0.655421717648874,"NS","NS","NS"
"Td00001aa033537","Zm00001eb122860",0.230420267536763,1.87268322161536,0.00648597321610828,"NS","Up","NS"
"Td00001aa033544","Zm00001eb122780",-0.372938814564667,0.789433616877506,0.484890471302964,"NS","NS","NS"
"Td00001aa033551","Zm00001eb122720",-0.105613154308167,1.22803269812438,0.0632339930762724,"NS","NS","NS"
"Td00001aa033616","Zm00001eb121990",0.729570540354629,0.173970374337313,0.88418384372127,"NS","NS","NS"
"Td00001aa033621","Zm00001eb121900",1.32830708031386,0.338674245114078,0.835017823568492,"Up","NS","NS"
"Td00001aa033636","Zm00001eb121650",0.409356536780472,1.7085795571414,0.00567057614231653,"NS","Up","NS"
"Td00001aa033656","Zm00001eb121480",0.174497950679002,0.264087795240113,0.656729066011977,"NS","NS","NS"
"Td00001aa033660","Zm00001eb121420",0.818458108555177,-0.483405586547631,0.577035570712318,"NS","NS","NS"
"Td00001aa033666","Zm00001eb121370",-0.211588126233901,0.794638722019745,0.121761531196216,"NS","NS","NS"
"Td00001aa033701","Zm00001eb120900",-0.736395157984139,0.275973874029291,0.735025501346766,"NS","NS","NS"
"Td00001aa033703","Zm00001eb120880",-0.351492384880449,-0.541103460409258,0.337511575933867,"NS","NS","NS"
"Td00001aa033730","Zm00001eb120570",-0.0169193591137955,-0.136390875854385,0.909462622399504,"NS","NS","NS"
"Td00001aa033737","Zm00001eb120410",0.018784473765609,-0.022290668172065,0.98754187219838,"NS","NS","NS"
"Td00001aa033745","Zm00001eb120330",-0.496305692356836,-0.486503506084125,0.570734581117483,"NS","NS","NS"
"Td00001aa033758","Zm00001eb120230",-0.877844058319945,1.39566881395056,0.33687020286183,"NS","NS","NS"
"Td00001aa033760","Zm00001eb120200",1.69497161042667,1.54901446841589,0.125537351537888,"Up","NS","NS"
"Td00001aa033769","Zm00001eb120100",0.345679934753941,0.373627849034866,0.543827711153092,"NS","NS","NS"
"Td00001aa033778","Zm00001eb119990",0.14411632917863,0.105077328217311,0.911901041307821,"NS","NS","NS"
"Td00001aa033787","Zm00001eb119910",0.0608797372356668,0.309056671876404,0.658374616377672,"NS","NS","NS"
"Td00001aa033790","Zm00001eb119880",-0.565341995612616,0.00425902331862952,0.998253057311889,"NS","NS","NS"
"Td00001aa033798","Zm00001eb119790",0.064573289980941,-0.213162123919419,0.770703654054501,"NS","NS","NS"
"Td00001aa033828","Zm00001eb119450",-0.0997217392560765,0.428570205672028,0.718719115359001,"NS","NS","NS"
"Td00001aa033840","Zm00001eb119330",0.0631304510756328,0.35603327839809,0.711141915932723,"NS","NS","NS"
"Td00001aa033844","Zm00001eb119280",0.079756249864807,-0.148718353012393,0.938418860473906,"NS","NS","NS"
"Td00001aa033846","Zm00001eb119260",-0.0988874731334357,0.425519339676224,0.704660775345104,"NS","NS","NS"
"Td00001aa033857","Zm00001eb119130",-0.82031751600051,0.174044151033287,0.878648547560974,"NS","NS","NS"
"Td00001aa033877","Zm00001eb118930",-0.608979929804448,-0.45360231671773,0.558864093586424,"NS","NS","NS"
"Td00001aa033878","Zm00001eb118920",0.339603753622657,-0.342762929818834,0.662570437103962,"NS","NS","NS"
"Td00001aa033917","Zm00001eb198990",-0.0286869745501425,0.0961105482288457,0.910785722621387,"NS","NS","NS"
"Td00001aa033955","Zm00001eb201330",0.78211632298746,-0.0703600523413308,0.936316444995278,"NS","NS","NS"
"Td00001aa033973","Zm00001eb201130",-0.235535856283207,0.801563959438425,0.336271603806599,"NS","NS","NS"
"Td00001aa034004","Zm00001eb200910",0.454885589126384,-1.23260108073676,NA,"NS",NA,"NS"
"Td00001aa034013","Zm00001eb200810",0.7198582955702,0.0569237552905368,0.949337545619481,"NS","NS","NS"
"Td00001aa034025","Zm00001eb200730",-0.256531206456749,0.299944663497799,0.727667818840326,"NS","NS","NS"
"Td00001aa034031","Zm00001eb200720",-0.423296650978656,0.799731562669348,0.180059315778105,"NS","NS","NS"
"Td00001aa034069","Zm00001eb168090",-0.551000379605179,-0.383849042638656,0.601889487488561,"NS","NS","NS"
"Td00001aa034081","Zm00001eb168260",0.19067867279498,-0.686324832492371,0.436656884757373,"NS","NS","NS"
"Td00001aa034130","Zm00001eb168920",-0.315300924012897,0.0745228862502554,0.934207207598745,"NS","NS","NS"
"Td00001aa034131","Zm00001eb168910",0.515382485512345,-0.801104881736378,0.24387222698203,"NS","NS","NS"
"Td00001aa034147","Zm00001eb168750",-0.328176356968333,-0.610127289986024,0.290341883991361,"NS","NS","NS"
"Td00001aa034166","Zm00001eb168550",0.936253294897718,-3.47363237904043,7.48688503794502e-08,"NS","Down","NS"
"Td00001aa034170","Zm00001eb168480",0.455203230865144,0.267440863730821,0.919128010323151,"NS","NS","NS"
"Td00001aa034176","Zm00001eb168440",-0.122661732205461,-0.518064839839835,0.588614128807449,"NS","NS","NS"
"Td00001aa034177","Zm00001eb168430",0.0960106170571052,1.13923635488828,0.038455814306892,"NS","Up","NS"
"Td00001aa034202","Zm00001eb169310",-0.12696434377859,-0.626217039759248,0.637204858533092,"NS","NS","NS"
"Td00001aa034214","Zm00001eb169400",-0.196100946811005,0.0131446143931115,0.987386633526084,"NS","NS","NS"
"Td00001aa034235","Zm00001eb169570",0.312112716317304,-0.260296636266585,0.789366482377197,"NS","NS","NS"
"Td00001aa034241","Zm00001eb169620",-0.0628851850486655,0.650605717841851,0.45922848726341,"NS","NS","NS"
"Td00001aa034252","Zm00001eb169770",0.199524189848408,-0.218860147676864,0.794840529278004,"NS","NS","NS"
"Td00001aa034276","Zm00001eb169970",-0.591152385855465,-0.0126273079841722,0.987386633526084,"NS","NS","NS"
"Td00001aa034278","Zm00001eb170020",-0.417449927223238,0.605839104668448,0.45488446590565,"NS","NS","NS"
"Td00001aa034279","Zm00001eb170040",0.586993710447628,0.746400322766686,0.373125189304767,"NS","NS","NS"
"Td00001aa034292","Zm00001eb166980",-0.21430831714274,0.125627286514674,0.889140290081225,"NS","NS","NS"
"Td00001aa034293","Zm00001eb166990",0.245038181682179,0.652848855916027,0.494382624716953,"NS","NS","NS"
"Td00001aa034304","Zm00001eb166850",-0.40174999296078,2.43787716448087,0.000955032286307578,"NS","Up","NS"
"Td00001aa034348","Zm00001eb166440",-0.361344241919108,-0.087126660281077,0.930261399289506,"NS","NS","NS"
"Td00001aa034417","Zm00001eb165620",-1.34096950408977,0.126369567105906,0.966385178945078,"Down","NS","NS"
"Td00001aa034418","Zm00001eb165610",-2.24233138854996,0.774327402578082,0.620160522043527,"Down","NS","NS"
"Td00001aa034420","Zm00001eb165580",-1.48943377135271,0.518042957101063,0.744624823470358,"Down","NS","NS"
"Td00001aa034422","Zm00001eb165550",-0.281909819359524,-0.759860067476928,0.608504255603662,"NS","NS","NS"
"Td00001aa034470","Zm00001eb165060",-0.143932713910004,0.0307338379715074,0.976237398690626,"NS","NS","NS"
"Td00001aa034489","Zm00001eb164820",0.14875724916689,0.100026854243744,0.926755902208604,"NS","NS","NS"
"Td00001aa034494","Zm00001eb164780",0.492850119558431,0.254907610905013,0.746552809460908,"NS","NS","NS"
"Td00001aa034498","Zm00001eb164750",0.467708019409503,1.44320089194674,0.0309695656522782,"NS","Up","NS"
"Td00001aa034552","Zm00001eb164310",0.224088039008194,-0.527037957982149,0.834957709424553,"NS","NS","NS"
"Td00001aa034557","Zm00001eb271700",0.31064720051678,-0.157573760746807,0.861357265656368,"NS","NS","NS"
"Td00001aa034596","Zm00001eb272100",0.0489721733807265,-1.95592441883621,3.13690024807264e-05,"NS","Down","NS"
"Td00001aa034614","Zm00001eb272290",0.394411308280574,-0.61272825123268,0.434567207533556,"NS","NS","NS"
"Td00001aa034653","Zm00001eb272660",0.093206930018422,-0.394346727665882,0.759492505760955,"NS","NS","NS"
"Td00001aa034718","Zm00001eb273440",-0.0947977402279985,-0.312412713091738,0.788688603480273,"NS","NS","NS"
"Td00001aa034766","Zm00001eb273940",-0.090853135313991,-0.815736343247067,0.271261722878318,"NS","NS","NS"
"Td00001aa034885","Zm00001eb387090",-0.357395883668428,0.420583184561177,0.679060497305842,"NS","NS","NS"
"Td00001aa034925","Zm00001eb275730",-0.050940859033578,0.481521769634556,0.623662609820177,"NS","NS","NS"
"Td00001aa034965","Zm00001eb278140",0.456279868263457,0.176436235275103,0.905647692007567,"NS","NS","NS"
"Td00001aa035008","Zm00001eb278510",-0.160671601628424,2.21563054690506,0.13387815508906,"NS","NS","NS"
"Td00001aa035012","Zm00001eb278580",-0.32780514329204,1.03823080263084,0.185044709577807,"NS","NS","NS"
"Td00001aa035018","Zm00001eb278610",0.272858184594512,-0.714095663390563,0.215456508270626,"NS","NS","NS"
"Td00001aa035022","Zm00001eb278650",0.451861901316857,-0.739116431679525,0.282052125577036,"NS","NS","NS"
"Td00001aa035075","Zm00001eb279060",0.0054670155381268,-0.296933242859969,0.675074503650125,"NS","NS","NS"
"Td00001aa035076","Zm00001eb279070",-0.0278993127347244,0.326851043763347,0.787721992770301,"NS","NS","NS"
"Td00001aa035107","Zm00001eb279340",0.26904123753911,0.162223259702341,0.829480408738775,"NS","NS","NS"
"Td00001aa035115","Zm00001eb279430",-0.0724242161580935,1.3142590717863,0.111462493527606,"NS","NS","NS"
"Td00001aa035133","Zm00001eb279650",0.0735771302545855,0.27911077167372,0.743245741072797,"NS","NS","NS"
"Td00001aa035144","Zm00001eb279760",-0.320099342284752,-0.0978203330540892,0.903056901770078,"NS","NS","NS"
"Td00001aa035146","Zm00001eb279780",0.372261944988921,1.16826936640364,0.0683827474907374,"NS","NS","NS"
"Td00001aa035148","Zm00001eb279790",0.0874476182028268,-1.27308686851545,0.155023687680121,"NS","NS","NS"
"Td00001aa035162","Zm00001eb279900",-0.093859015798609,0.144516227576889,0.885996819610557,"NS","NS","NS"
"Td00001aa035184","Zm00001eb280120",-0.36247592176844,-0.841237112335634,0.110693149408294,"NS","NS","NS"
"Td00001aa035185","Zm00001eb280130",-0.444237590988729,0.0139043025955698,0.987067907484482,"NS","NS","NS"
"Td00001aa035195","Zm00001eb280200",-0.229953466414661,-0.199600206820868,0.91862743923387,"NS","NS","NS"
"Td00001aa035238","Zm00001eb280580",0.200498425228245,-0.757498938321708,0.171114536492346,"NS","NS","NS"
"Td00001aa035248","Zm00001eb280650",-0.018196953229252,0.864181824369222,0.09575939699626,"NS","NS","NS"
"Td00001aa035294","Zm00001eb280950",-0.622531554314459,0.322784275091872,0.910557562053957,"NS","NS","NS"
"Td00001aa035337","Zm00001eb281340",0.304214767717026,-0.335828284625153,0.728527737685826,"NS","NS","NS"
"Td00001aa035346","Zm00001eb281490",0.0252964936523825,0.0113503141109284,0.99240517569109,"NS","NS","NS"
"Td00001aa035347","Zm00001eb281500",0.247500331232015,-0.364817571812179,0.686513645778132,"NS","NS","NS"
"Td00001aa035373","Zm00001eb281750",-0.5163367933816,0.355161936520485,0.642471969756777,"NS","NS","NS"
"Td00001aa035379","Zm00001eb281800",1.70461988585966,1.59424509231148,NA,"Up",NA,NA
"Td00001aa035431","Zm00001eb271450",0.075620569373004,-0.00915169065055083,0.995850953624628,"NS","NS","NS"
"Td00001aa035464","Zm00001eb271080",0.167162344390704,0.0743448349217306,0.954959619939816,"NS","NS","NS"
"Td00001aa035476","Zm00001eb270940",0.11431728172722,0.0701313646305974,0.93505709429093,"NS","NS","NS"
"Td00001aa035643","Zm00001eb028170",-0.430143371464403,-2.13954127901257,0.00459492192992281,"NS","Down","NS"
"Td00001aa035658","Zm00001eb043000",-0.450711420353031,-0.894951236395837,0.216575044863486,"NS","NS","NS"
"Td00001aa035659","Zm00001eb042990",0.286807988849314,1.29988712776603,0.093745014074457,"NS","NS","NS"
"Td00001aa035684","Zm00001eb042830",-0.00391732628251101,0.360270941332108,0.629443238302317,"NS","NS","NS"
"Td00001aa035724","Zm00001eb042540",-0.0468773908252905,-0.196746674961269,0.921219209016576,"NS","NS","NS"
"Td00001aa035731","Zm00001eb042520",-0.3507549429366,0.804634918173583,0.35317970229436,"NS","NS","NS"
"Td00001aa035785","Zm00001eb042130",-0.237531394421719,0.708739748224082,0.215116561279276,"NS","NS","NS"
"Td00001aa035809","Zm00001eb041930",0.352479621570301,-0.0258728198001229,0.975269083747965,"NS","NS","NS"
"Td00001aa035827","Zm00001eb041850",-0.818386478928625,1.74342177878067,0.000404356401815509,"NS","Up","NS"
"Td00001aa035841","Zm00001eb037200",-0.73618948544516,0.119182801726841,0.87106631921047,"NS","NS","NS"
"Td00001aa035848","Zm00001eb041730",-0.0929644768463715,0.724694214266847,0.358823097943653,"NS","NS","NS"
"Td00001aa035875","Zm00001eb041400",0.0668556421757625,3.40786632339897,1.0190145368538e-08,"NS","Up","NS"
"Td00001aa035902","Zm00001eb041200",-0.0281322061574445,0.199042764992036,0.918050114711664,"NS","NS","NS"
"Td00001aa035906","Zm00001eb041160",0.056349633680244,-0.0393255639300528,0.966172137486094,"NS","NS","NS"
"Td00001aa035935","Zm00001eb040890",-0.920540272416108,0.638456114431868,0.135242714319592,"NS","NS","NS"
"Td00001aa035990","Zm00001eb040260",0.0096621074985933,-1.80906431929771,0.235027576223704,"NS","NS","NS"
"Td00001aa036052","Zm00001eb039670",-0.0549811349130075,0.554466127949047,0.453820162229306,"NS","NS","NS"
"Td00001aa036065","Zm00001eb039550",0.182004458342886,0.112344026924866,0.862379466756266,"NS","NS","NS"
"Td00001aa036082","Zm00001eb039310",-0.528374188151268,0.448519462486509,0.58232460949413,"NS","NS","NS"
"Td00001aa036094","Zm00001eb038930",0.39076896634691,0.692799070295932,0.793049486702012,"NS","NS","NS"
"Td00001aa036101","Zm00001eb038880",0.137636303410876,3.56527779551438,1.93372373705e-23,"NS","Up","NS"
"Td00001aa036102","Zm00001eb038870",0.330973880271131,-0.189264535853599,0.826689615993414,"NS","NS","NS"
"Td00001aa036137","Zm00001eb038510",-0.338763853277085,-0.255666752720521,0.715685818853286,"NS","NS","NS"
"Td00001aa036151","Zm00001eb038370",0.029246976297947,0.59403542396843,0.356109226472135,"NS","NS","NS"
"Td00001aa036173","Zm00001eb038110",-0.464215779810456,-1.26134602018236,0.19466019970387,"NS","NS","NS"
"Td00001aa036207","Zm00001eb037640",-0.141681340568311,-0.569222111870403,0.585748105649851,"NS","NS","NS"
"Td00001aa036222","Zm00001eb037520",1.22652116771342,0.71653963682972,0.337388601828401,"Up","NS","NS"
"Td00001aa036235","Zm00001eb037420",-0.239265587456153,0.0663203953583342,0.936490737949462,"NS","NS","NS"
"Td00001aa036240","Zm00001eb037380",-0.0381788875490865,-0.194009670757783,0.814479959751516,"NS","NS","NS"
"Td00001aa036242","Zm00001eb037350",-0.220264459337083,0.607252506224477,0.459117697414518,"NS","NS","NS"
"Td00001aa036252","Zm00001eb037280",-0.3843463815426,0.16209353537927,0.893867630299085,"NS","NS","NS"
"Td00001aa036277","Zm00001eb036940",0.0504907652532111,-0.201494884282017,0.854224813644333,"NS","NS","NS"
"Td00001aa036296","Zm00001eb036760",0.254374020247198,-1.12827407999861,0.0427625789145567,"NS","Down","NS"
"Td00001aa036311","Zm00001eb036560",-0.18332176888236,-0.236819975101882,0.745778540683839,"NS","NS","NS"
"Td00001aa036313","Zm00001eb175100",0.212340744184914,0.399480314962233,0.687117440925468,"NS","NS","NS"
"Td00001aa036338","Zm00001eb036130",-0.220128007973395,-0.424495053679678,0.568981635233293,"NS","NS","NS"
"Td00001aa036339","Zm00001eb036050",-0.63347331018904,1.62225468570503,0.0272919658136012,"NS","Up","NS"
"Td00001aa036390","Zm00001eb035420",-0.610772370015974,-0.241066987657778,0.763625809942786,"NS","NS","NS"
"Td00001aa036402","Zm00001eb035260",0.00129735541493535,0.473873109024526,0.655440562892786,"NS","NS","NS"
"Td00001aa036449","Zm00001eb034830",0.345487096762895,0.188012518836154,0.780533607089943,"NS","NS","NS"
"Td00001aa036512","Zm00001eb034000",-0.842764916516827,-0.442354721945948,0.422548584801793,"NS","NS","NS"
"Td00001aa036562","Zm00001eb033390",-0.173516343568836,-0.167036920313396,0.873437383627999,"NS","NS","NS"
"Td00001aa036635","Zm00001eb382240",0.610855330011058,0.33974570246546,0.754939383550693,"NS","NS","NS"
"Td00001aa036672","Zm00001eb381870",-0.16441658314956,0.4468631036486,0.601502078919157,"NS","NS","NS"
"Td00001aa036678","Zm00001eb381770",0.0889432171989017,0.179149583581467,0.83253919283106,"NS","NS","NS"
"Td00001aa036741","Zm00001eb380840",-0.0866074626025075,0.305890473241562,0.758564282470199,"NS","NS","NS"
"Td00001aa036782","Zm00001eb380260",-0.525040003989251,0.355920480549063,0.573753893020127,"NS","NS","NS"
"Td00001aa036791","Zm00001eb380080",-0.239225174301449,0.0790255653492564,0.939184295469129,"NS","NS","NS"
"Td00001aa036796","Zm00001eb379990",0.093961240706758,-0.607652457833352,0.456453329619121,"NS","NS","NS"
"Td00001aa036836","Zm00001eb371680",1.36725286099234,-0.825349823151473,0.575504166734415,"Up","NS","NS"
"Td00001aa036841","Zm00001eb371740",-0.424730635621024,-0.560315236632437,0.374919417867154,"NS","NS","NS"
"Td00001aa036843","Zm00001eb371770",-0.686625494828398,-0.325875956936984,0.663356516741487,"NS","NS","NS"
"Td00001aa036894","Zm00001eb372410",-0.0189021283355605,-0.0682217175489226,0.939216700490041,"NS","NS","NS"
"Td00001aa036966","Zm00001eb373080",-0.182466771510587,0.415314591015173,0.490559376335735,"NS","NS","NS"
"Td00001aa036970","Zm00001eb373110",-0.580642586503044,0.587441189715976,0.568281994745035,"NS","NS","NS"
"Td00001aa036971","Zm00001eb373120",0.000966096558997501,1.16424772475899,0.17484477941331,"NS","NS","NS"
"Td00001aa036987","Zm00001eb373290",0.026086920863381,0.266943531539102,0.727061138496501,"NS","NS","NS"
"Td00001aa037066","Zm00001eb373960",0.412941839126928,-0.641409125150344,0.258669688669505,"NS","NS","NS"
"Td00001aa037077","Zm00001eb374100",0.240463555230355,0.308469816172636,0.678630263115118,"NS","NS","NS"
"Td00001aa037112","Zm00001eb374470",-0.596569851347202,-0.153819310456243,0.834145312749426,"NS","NS","NS"
"Td00001aa037174","Zm00001eb375040",0.448107651126799,0.227872170913163,0.829371491568218,"NS","NS","NS"
"Td00001aa037183","Zm00001eb375190",-0.472549589330805,1.6118795051973,0.0187442685063429,"NS","Up","NS"
"Td00001aa037211","Zm00001eb375430",0.0546936844930788,-0.0129036080230146,0.990326051610325,"NS","NS","NS"
"Td00001aa037222","Zm00001eb375490",0.0156515979187135,0.895959789596058,0.391148210801891,"NS","NS","NS"
"Td00001aa037225","Zm00001eb375510",-0.332640891191494,0.108507764028082,0.889395008640192,"NS","NS","NS"
"Td00001aa037247","Zm00001eb375690",-0.41071285456964,-0.382647658981663,0.756228341249973,"NS","NS","NS"
"Td00001aa037250","Zm00001eb375710",-0.215936630869246,-0.0934905362142567,0.943610762712647,"NS","NS","NS"
"Td00001aa037271","Zm00001eb376020",-0.609376897918002,0.717688629615227,0.18832878133312,"NS","NS","NS"
"Td00001aa037279","Zm00001eb376100",1.88245428678625,0.965144901384638,0.22112570291981,"Up","NS","NS"
"Td00001aa037301","Zm00001eb376530",-1.29356043665466,-0.796309832537059,0.061651787393563,"Down","NS","NS"
"Td00001aa037305","Zm00001eb376570",-1.06941163235126,2.10503446846747,0.00020467914609974,"Down","Up","NS"
"Td00001aa037317","Zm00001eb376670",-0.263591238817555,0.374268737198303,0.508065409335544,"NS","NS","NS"
"Td00001aa037324","Zm00001eb347960",-0.143212305134151,0.211377755980716,0.884991326313254,"NS","NS","NS"
"Td00001aa037326","Zm00001eb376740",-0.517713597290381,0.623879659434404,0.469410573477956,"NS","NS","NS"
"Td00001aa037328","Zm00001eb376780",-0.258912844136819,-0.55759747284654,0.5904518075793,"NS","NS","NS"
"Td00001aa037347","Zm00001eb376980",-1.00235167090382,-0.0896900513285055,0.904523071882768,"Down","NS","NS"
"Td00001aa037385","Zm00001eb011600",-0.221863329000526,-1.9185690489596,0.0720346051294296,"NS","NS","NS"
"Td00001aa037404","Zm00001eb270240",-0.0668691883260355,0.140876155768664,0.846507460962123,"NS","NS","NS"
"Td00001aa037423","Zm00001eb377870",0.344621572097059,-0.220837006154232,0.748345203652565,"NS","NS","NS"
"Td00001aa037432","Zm00001eb378000",0.194740337698716,0.881025764768058,0.164850855658808,"NS","NS","NS"
"Td00001aa037433","Zm00001eb378020",0.513716157405244,0.403838304535282,0.655511575826907,"NS","NS","NS"
"Td00001aa037434","Zm00001eb378030",0.0821828499776865,0.910758885025707,0.166481884427728,"NS","NS","NS"
"Td00001aa037472","Zm00001eb378400",-0.428719840295619,-0.114726479930831,0.918566088058979,"NS","NS","NS"
"Td00001aa037535","Zm00001eb378930",0.37901689776846,-0.387386204875528,0.686615339641687,"NS","NS","NS"
"Td00001aa037548","Zm00001eb379100",-0.0838704866559891,-1.85655955058003,0.0436497257113879,"NS","Down","NS"
"Td00001aa037578","Zm00001eb379440",-0.81360283299408,0.744023233260255,0.299250745527823,"NS","NS","NS"
"Td00001aa037587","Zm00001eb379500",-0.130440993340161,-0.513910941280027,0.486591341012964,"NS","NS","NS"
"Td00001aa037699","Zm00001eb088410",-0.339378549866855,1.58157614861362,0.201811001117372,"NS","NS","NS"
"Td00001aa037706","Zm00001eb088500",-1.17700350094115,0.495167785944649,0.505732623864093,"Down","NS","NS"
"Td00001aa037714","Zm00001eb088740",-0.543257664318748,0.0537968614829126,0.975138107685753,"NS","NS","NS"
"Td00001aa037745","Zm00001eb089020",-0.26056071868456,1.01133705881629,0.241943111455953,"NS","NS","NS"
"Td00001aa037746","Zm00001eb089060",0.180416097800184,-0.628612028388167,0.449277373003323,"NS","NS","NS"
"Td00001aa038271","Zm00001eb412370",-1.36993046226209,-0.0668510621433098,0.949549474575709,"Down","NS","NS"
"Td00001aa038310","Zm00001eb412490",-0.495719796011548,-0.390348194263124,0.613453876710057,"NS","NS","NS"
"Td00001aa038328","Zm00001eb412930",-0.167388161046831,0.0982357580543686,0.926085444393841,"NS","NS","NS"
"Td00001aa038363","Zm00001eb413110",-0.680588701061027,-0.0682480946789284,0.958394886236131,"NS","NS","NS"
"Td00001aa038374","Zm00001eb413160",-0.412213579268852,-0.335782354929198,0.74503990429586,"NS","NS","NS"
"Td00001aa038382","Zm00001eb413300",-1.12370877811788,0.401475793032922,0.811757155950352,"Down","NS","NS"
"Td00001aa038392","Zm00001eb413370",0.725247605965118,0.554949187465824,0.497585210197715,"NS","NS","NS"
"Td00001aa038418","Zm00001eb413550",-0.276521405524063,0.171823829346769,0.846885865414053,"NS","NS","NS"
"Td00001aa038422","Zm00001eb413580",-0.0719938047712173,0.584831745644349,0.48753491616032,"NS","NS","NS"
"Td00001aa038436","Zm00001eb413740",-0.0812646309328355,-0.0431966659795154,0.958394886236131,"NS","NS","NS"
"Td00001aa038447","Zm00001eb413850",0.245918324202609,-1.61814138707796,0.545689105813015,"NS","NS","NS"
"Td00001aa038507","Zm00001eb414550",-0.408767831672503,0.206218971492006,0.77150407106899,"NS","NS","NS"
"Td00001aa038515","Zm00001eb414690",-0.221102098154599,-0.752889064585858,0.237201277756558,"NS","NS","NS"
"Td00001aa038583","Zm00001eb415460",-1.03301409280462,-0.85057154675534,0.75213980296642,"Down","NS","NS"
"Td00001aa038589","Zm00001eb415530",-0.566412080610696,-0.164766505150914,0.874069415868761,"NS","NS","NS"
"Td00001aa038590","Zm00001eb415580",-0.76569481243297,-0.608477450536765,0.290215250579267,"NS","NS","NS"
"Td00001aa038610","Zm00001eb415710",0.0342666802307326,-0.232923162949599,0.811757155950352,"NS","NS","NS"
"Td00001aa038640","Zm00001eb416090",-0.627126029456178,0.414861237767103,0.489370058380669,"NS","NS","NS"
"Td00001aa038654","Zm00001eb416220",-0.141141933153741,0.0670303597736233,0.95257384965735,"NS","NS","NS"
"Td00001aa038676","Zm00001eb416430",0.180452546615364,0.295835858521096,0.736376316705909,"NS","NS","NS"
"Td00001aa038714","Zm00001eb416750",0.502597827943319,-0.4748157332517,0.577700991056225,"NS","NS","NS"
"Td00001aa038742","Zm00001eb416990",0.350391968245016,-0.76535137390494,0.509154257453798,"NS","NS","NS"
"Td00001aa038760","Zm00001eb261840",-0.0369229148296735,0.0624173985011049,0.967027431904905,"NS","NS","NS"
"Td00001aa038802","Zm00001eb261540",-0.104377165208738,-0.599568286429489,0.383623997198367,"NS","NS","NS"
"Td00001aa038815","Zm00001eb261430",0.270535957798316,0.110302443334772,0.893867630299085,"NS","NS","NS"
"Td00001aa038831","Zm00001eb261280",0.159038455396243,-0.917379158876756,0.335807755050672,"NS","NS","NS"
"Td00001aa038841","Zm00001eb261210",-0.0932814439890706,-0.412576630347984,0.744672151290327,"NS","NS","NS"
"Td00001aa038884","Zm00001eb260710",-0.978497105348209,0.640425409780561,0.547421090132249,"NS","NS","NS"
"Td00001aa038891","Zm00001eb260600",-0.211677174464466,0.383071791938587,0.69916718444192,"NS","NS","NS"
"Td00001aa038923","Zm00001eb260490",-0.141988515100345,0.634651520025887,0.271261722878318,"NS","NS","NS"
"Td00001aa038941","Zm00001eb260390",-0.014753307038328,0.751946378800009,0.437241567736866,"NS","NS","NS"
"Td00001aa038952","Zm00001eb260270",-0.28666028066456,0.0936456627096033,0.936316444995278,"NS","NS","NS"
"Td00001aa038966","Zm00001eb260230",0.59942329624511,-0.737471197148767,0.241929999869723,"NS","NS","NS"
"Td00001aa039000","Zm00001eb259900",0.118758990131311,-0.260529241286814,0.788916403400148,"NS","NS","NS"
"Td00001aa039027","Zm00001eb264760",-0.64273974279473,-0.152745115579295,0.893989096049385,"NS","NS","NS"
"Td00001aa039039","Zm00001eb264660",-0.385300425752597,0.242383611307736,0.792038087583322,"NS","NS","NS"
"Td00001aa039056","Zm00001eb264470",-0.154457925490857,0.304620866201055,0.83078165465811,"NS","NS","NS"
"Td00001aa039086","Zm00001eb410730",-0.507097167218594,-0.318140006679745,0.819686424754692,"NS","NS","NS"
"Td00001aa039096","Zm00001eb410660",-0.084639981008495,-0.328055218259124,0.608660868958616,"NS","NS","NS"
"Td00001aa039101","Zm00001eb410550",0.126493417453261,0.150010677429473,0.880335119268294,"NS","NS","NS"
"Td00001aa039118","Zm00001eb410410",-0.56913187091791,0.479329952748472,0.740876989760707,"NS","NS","NS"
"Td00001aa039128","Zm00001eb410190",-0.304322395687914,0.0522331829276598,0.967781573690945,"NS","NS","NS"
"Td00001aa039129","Zm00001eb410170",0.375934166865154,-1.13631824950882,0.0416090831730174,"NS","Down","NS"
"Td00001aa039153","Zm00001eb409850",0.0561152680270015,-0.218936229686882,0.86444125510342,"NS","NS","NS"
"Td00001aa039164","Zm00001eb066230",-0.245317676902984,0.484040269338084,0.53206379743022,"NS","NS","NS"
"Td00001aa039180","Zm00001eb409530",-0.0329701613442508,-0.528007728194026,0.641942722131125,"NS","NS","NS"
"Td00001aa039184","Zm00001eb409500",0.092674423677145,0.114592112593269,0.870816076084614,"NS","NS","NS"
"Td00001aa039187","Zm00001eb409480",-0.48256244420285,-0.462827507277781,0.486707583882382,"NS","NS","NS"
"Td00001aa039192","Zm00001eb409440",-0.065169238801823,-0.431213108831418,0.520918317756801,"NS","NS","NS"
"Td00001aa039204","Zm00001eb409230",-0.556435511203723,0.49743904143668,0.64302551383218,"NS","NS","NS"
"Td00001aa039214","Zm00001eb409080",-0.219699272650128,-0.284967832074375,0.760928840886804,"NS","NS","NS"
"Td00001aa039215","Zm00001eb409060",0.0215150923816031,0.152216596877479,0.884358051603349,"NS","NS","NS"
"Td00001aa039218","Zm00001eb409020",-0.147146502182804,1.51068635480535,0.0823991754602309,"NS","NS","NS"
"Td00001aa039232","Zm00001eb408850",1.99341693494896,1.05370210442837,0.24025503112468,"Up","NS","NS"
"Td00001aa039252","Zm00001eb408670",-0.072777919294676,-0.0214275604810194,0.979771048941428,"NS","NS","NS"
"Td00001aa039271","Zm00001eb408460",-0.528979208513986,0.878816131460745,0.36361324458852,"NS","NS","NS"
"Td00001aa039287","Zm00001eb408280",0.0468206022152235,0.706329614199728,0.428515691318598,"NS","NS","NS"
"Td00001aa039308","Zm00001eb408010",1.03772159990275,1.70152452093184,0.0709866556742685,"NS","NS","NS"
"Td00001aa039333","Zm00001eb407800",0.116135310668571,-0.155987456031356,0.852380059631932,"NS","NS","NS"
"Td00001aa039340","Zm00001eb407710",1.08176155315058,1.8958768343785,0.00437980484615491,"Up","Up","Up"
"Td00001aa039360","Zm00001eb407510",-0.5137043605403,0.412434808883886,0.611872404606755,"NS","NS","NS"
"Td00001aa039396","Zm00001eb406880",-0.296890558490558,-0.117106600791939,0.947197979929321,"NS","NS","NS"
"Td00001aa039401","Zm00001eb406820",-0.452400628514226,0.612242123652674,0.461410237522822,"NS","NS","NS"
"Td00001aa039407","Zm00001eb406760",0.169186259625604,-0.474808114997397,0.439636657690635,"NS","NS","NS"
"Td00001aa039433","Zm00001eb406450",0.475404781515504,-0.193217573986945,0.766478779277991,"NS","NS","NS"
"Td00001aa039438","Zm00001eb406490",3.03334968331295,2.02811266826998,0.111617018182007,"Up","NS","NS"
"Td00001aa039459","Zm00001eb406100",1.31600337071197,1.19066581584274,0.413934139447707,"NS","NS","NS"
"Td00001aa039526","Zm00001eb405410",-0.119992503801004,0.513301468486954,0.418968640765814,"NS","NS","NS"
"Td00001aa039596","Zm00001eb404860",-0.0878078396164055,0.259636244849954,0.788916403400148,"NS","NS","NS"
"Td00001aa039642","Zm00001eb202400",-0.663593581010586,0.689591569970425,0.252884431209667,"NS","NS","NS"
"Td00001aa039773","Zm00001eb196650",-0.106742698431119,-1.27593351596393,0.0213441846903761,"NS","Down","NS"
"Td00001aa039796","Zm00001eb196510",0.384981602909855,-0.203002937581154,0.870107043662597,"NS","NS","NS"
"Td00001aa039805","Zm00001eb196390",0.463621646340062,1.53794070836337,0.000482186777520361,"NS","Up","NS"
"Td00001aa039904","Zm00001eb195390",0.333650259812942,-0.168595777403253,0.867030510332898,"NS","NS","NS"
"Td00001aa039924","Zm00001eb195210",-1.34949019198665,0.156377968870754,0.870816076084614,"Down","NS","NS"
"Td00001aa039925","Zm00001eb195200",-0.594387082429687,1.53345959161925,0.0589910759641251,"NS","NS","NS"
"Td00001aa039945","Zm00001eb195060",-0.210720155496625,0.510249773126022,0.493693037927294,"NS","NS","NS"
"Td00001aa039955","Zm00001eb195010",0.490688926108905,2.61127060127113,3.85996444578998e-06,"NS","Up","NS"
"Td00001aa039957","Zm00001eb195000",-0.144132339823812,-0.126592693479055,0.917759959081677,"NS","NS","NS"
"Td00001aa039970","Zm00001eb194930",-1.08295309160478,0.711316133211937,0.60532951354126,"Down","NS","NS"
"Td00001aa040065","Zm00001eb262650",-0.627134958822127,0.352511313600345,0.807352380474574,"NS","NS","NS"
"Td00001aa040338","Zm00001eb263060",4.13816929980878,3.50331326413293,3.37892518112378e-05,"Up","Up","Up"
"Td00001aa040369","Zm00001eb089800",0.289027610035645,-0.0926525500720319,0.915494988712813,"NS","NS","NS"
"Td00001aa040383","Zm00001eb418940",-0.113670161291538,0.259044589618212,0.750800978055001,"NS","NS","NS"
"Td00001aa040459","Zm00001eb118210",-0.074812089980336,0.203905904706764,0.837589293153282,"NS","NS","NS"
"Td00001aa040475","Zm00001eb118200",0.141647041777628,-0.268521004905322,0.689851646666481,"NS","NS","NS"
"Td00001aa040480","Zm00001eb118150",-0.571050946879475,0.155586695978328,0.858510040841155,"NS","NS","NS"
"Td00001aa040497","Zm00001eb118030",0.196233001203137,0.00519887362848998,0.995850953624628,"NS","NS","NS"
"Td00001aa040539","Zm00001eb117590",-0.41233771562382,2.97507064576226,5.71608218807123e-19,"NS","Up","NS"
"Td00001aa040565","Zm00001eb117230",0.130438748499571,0.617918614559718,0.626190170043231,"NS","NS","NS"
"Td00001aa040573","Zm00001eb117210",0.332583604999794,0.264598985245657,0.704022863783034,"NS","NS","NS"
"Td00001aa040574","Zm00001eb117190",-0.879573649652254,0.0863411163142351,0.93821762044767,"NS","NS","NS"
"Td00001aa040575","Zm00001eb117180",2.19332651697077,4.9022824828153,9.79633062531531e-17,"Up","Up","Up"
"Td00001aa040603","Zm00001eb116930",0.107936321375325,0.506768562296346,0.593239946885918,"NS","NS","NS"
"Td00001aa040622","Zm00001eb116740",0.414132119602223,0.552828353658508,0.655773927349242,"NS","NS","NS"
"Td00001aa041092","Zm00001eb032340",0.564393231145305,-0.520955556496285,0.349668520716788,"NS","NS","NS"
"Td00001aa041123","Zm00001eb033030",-0.440288619655982,0.744633978582957,0.150918238634389,"NS","NS","NS"
"Td00001aa041145","Zm00001eb032760",0.807034229827585,-0.0459440917064632,0.961280273938003,"NS","NS","NS"
"Td00001aa041149","Zm00001eb032690",-0.270838914486875,0.446854903911312,0.512928127695599,"NS","NS","NS"
"Td00001aa041185","Zm00001eb268650",-0.0832658228781825,0.696789329262865,0.776700075364708,"NS","NS","NS"
"Td00001aa041193","Zm00001eb268750",0.496182443176331,0.114325999938001,0.86078963678353,"NS","NS","NS"
"Td00001aa041204","Zm00001eb268830",-0.117774361845021,1.03869910925334,0.252413155426956,"NS","NS","NS"
"Td00001aa041212","Zm00001eb268890",-0.81796452009157,-0.372214266192084,0.695938551036935,"NS","NS","NS"
"Td00001aa041214","Zm00001eb268910",0.234270818182761,0.443292545106375,0.5229518022529,"NS","NS","NS"
"Td00001aa041232","Zm00001eb268970",-0.18763721438152,0.381480657367422,0.559416742617244,"NS","NS","NS"
"Td00001aa041310","Zm00001eb269560",-0.53860174636955,0.28825236213056,0.728527737685826,"NS","NS","NS"
"Td00001aa041311","Zm00001eb269610",0.102394573619202,-0.724363009104759,0.304560537565735,"NS","NS","NS"
"Td00001aa041345","Zm00001eb269970",0.177181561231089,-0.528348445078768,0.746552809460908,"NS","NS","NS"
"Td00001aa041359","Zm00001eb270090",-0.413323870463683,-0.479417635810919,0.779951962896291,"NS","NS","NS"
"Td00001aa041369","Zm00001eb270250",0.426231648995424,0.473421387592142,0.492668837211029,"NS","NS","NS"
"Td00001aa041436","Zm00001eb089860",0.152561932402376,-0.90589789976589,0.599946641730893,"NS","NS","NS"
"Td00001aa041542","Zm00001eb418910",-1.21325970731138,-0.17663527721231,0.837281527287704,"Down","NS","NS"
"Td00001aa041571","Zm00001eb418690",-0.202707037436191,-0.0370306914544345,0.965430797324085,"NS","NS","NS"
"Td00001aa041578","Zm00001eb418610",1.40950314677695,-0.3650323810106,0.918050114711664,"Up","NS","NS"
"Td00001aa041620","Zm00001eb330840",-0.667356554304563,0.0737018390148252,0.958949614290341,"NS","NS","NS"
"Td00001aa041623","Zm00001eb330880",0.137672576547695,1.53836119067207,0.00114731335032166,"NS","Up","NS"
"Td00001aa041632","Zm00001eb331030",-0.164426215469386,-0.113205803255614,0.897115119947405,"NS","NS","NS"
"Td00001aa041669","Zm00001eb331350",0.116400877241895,0.370603408295977,0.749525773599203,"NS","NS","NS"
"Td00001aa041689","Zm00001eb331540",0.376694108901962,0.652104918139351,0.4456196669421,"NS","NS","NS"
"Td00001aa041768","Zm00001eb112750",-1.39856931197829,0.228350619372449,0.866512173268374,"NS","NS","NS"
"Td00001aa041775","Zm00001eb114320",0.092919938239126,0.0698813145746041,0.925501314661576,"NS","NS","NS"
"Td00001aa041887","Zm00001eb113600",-0.001532378056441,0.150602518252358,0.932274843897458,"NS","NS","NS"
"Td00001aa041987","Zm00001eb190810",0.535176515464768,-2.45008649135185,7.89881085218061e-07,"NS","Down","NS"
"Td00001aa042001","Zm00001eb190590",-0.55977142909977,1.62492070937101,0.10612590475036,"NS","NS","NS"
"Td00001aa042008","Zm00001eb190510",-0.0810289241867705,-1.59619068276398,0.00926954032820299,"NS","Down","NS"
"Td00001aa042074","Zm00001eb197940",-0.439789326499991,-0.0242761761905008,0.983339660344258,"NS","NS","NS"
"Td00001aa042095","Zm00001eb197870",-1.26896997885631,0.339776281634027,0.810103592868818,"Down","NS","NS"
"Td00001aa042108","Zm00001eb165590",0.0991901820373124,1.08896073722269,0.0654938295712233,"NS","NS","NS"
"Td00001aa042109","Zm00001eb169520",-0.722747765489104,1.09705053679291,0.113438759329753,"NS","NS","NS"
"Td00001aa042128","Zm00001eb197630",-0.108805995758908,0.534315558192092,0.715290658248309,"NS","NS","NS"
"Td00001aa042132","Zm00001eb197590",-0.459951801767566,-0.436326340478291,0.686117611074064,"NS","NS","NS"
"Td00001aa042204","Zm00001eb200070",-0.0121489400598535,-0.171938803330774,0.865884896005809,"NS","NS","NS"
"Td00001aa042231","Zm00001eb200400",0.0104521656055302,0.343485617448455,0.614103740743253,"NS","NS","NS"
"Td00001aa042258","Zm00001eb200620",-0.582151763819908,-1.04130746661461,0.119314418868489,"NS","NS","NS"
"Td00001aa042298","Zm00001eb167520",0.605228780401158,2.79895198489772,3.67593003304787e-13,"NS","Up","NS"
"Td00001aa042321","Zm00001eb167250",-0.50107604639185,0.0811711913332205,0.93261202411155,"NS","NS","NS"
"Td00001aa042752","Zm00001eb131360",-0.015483077871904,0.621310115827781,0.339648974185228,"NS","NS","NS"
"Td00001aa042757","Zm00001eb131280",-0.213044069992134,-0.268183858353258,0.740104393719677,"NS","NS","NS"
"Td00001aa042779","Zm00001eb131070",-0.0426393379928271,0.391721005129882,0.61222496312361,"NS","NS","NS"
"Td00001aa042789","Zm00001eb130940",-0.205919345818779,-0.0828129240345237,0.952015185448621,"NS","NS","NS"
"Td00001aa042790","Zm00001eb130870",-0.873844745164954,6.55266326035068,0.000168338984810026,"NS","Up","NS"
"Td00001aa043113","Zm00001eb115490",0.294216412675224,-0.315752319186779,0.831094310263813,"NS","NS","NS"
"Td00001aa043176","Zm00001eb153940",-0.0942233955871999,-0.852058150236171,0.0373585030692494,"NS","NS","NS"
"Td00001aa043200","Zm00001eb238900",0.530029623587714,-1.10710316192593,0.328737141478084,"NS","NS","NS"
"Td00001aa043402","Zm00001eb037820",-0.342340246315104,0.829943680673142,0.384779578633558,"NS","NS","NS"
"Td00001aa043409","Zm00001eb037680",-0.0549011747519651,-0.671315512460099,0.254114768768776,"NS","NS","NS"
"Td00001aa043432","Zm00001eb076570",-0.573623106831043,-0.958005484681869,0.030648840482286,"NS","NS","NS"
"Td00001aa043569","Zm00001eb298480",-0.654529150160315,-0.617032301096638,0.625678208325186,"NS","NS","NS"
"Td00001aa043622","Zm00001eb195860",0.420223619947213,0.473790457416616,0.411400190859172,"NS","NS","NS"
"Td00001aa043628","Zm00001eb271280",-0.895816504213941,2.87714820090784,0.0342776683428179,"NS","Up","NS"
"Td00001aa043635","Zm00001eb271220",-0.394799712275428,0.0736457818198184,0.922246989414294,"NS","NS","NS"
"Td00001aa043715","Zm00001eb004790",-0.0372970442312715,0.180551990477337,0.829286208341128,"NS","NS","NS"
"Td00001aa043724","Zm00001eb118510",-0.611718100415516,1.99745034334083,0.0685236784720214,"NS","NS","NS"
"Td00001aa043750","Zm00001eb193140",-0.691126404360509,0.513368955746701,0.58902323530425,"NS","NS","NS"
"Td00001aa043761","Zm00001eb039180",-0.0498089750366335,-0.329338904861242,NA,"NS","NS","NS"
