qpid	cluster_GSZ	cluster_RM1sum	cluster_size	cluster_desccount	RM2	val_avg	jac_avg	desc	genename
PvWBCH1.1KG050400.2.v1.1	1346.08400282	57.6452049799	92	10704	1.25666763827	0.241911792938	0.00103934441065	hydroxymethylbilane synthase	
PvWBCH1.1KG050400.2.v1.1	465.198175471	0.720462135574	1	14	0.77707817674	0.00188472822254	2.96980642445e-08	Porphobilinogen deaminase, chloroplastic	
PvWBCH1.1KG060800.1.v1.1	2485.65166253	12.7570742641	20	145	1.6001777805	0.0300319113024	1.01246895578e-05	Chaperone protein ClpB3, mitochondrial	
PvWBCH1.1KG060800.1.v1.1	954.54055325	44.5595612521	69	11995	1.057179964	0.161061364649	6.09717532146e-05	Clp R domain-containing protein	
PvWBCH1.1KG060800.1.v1.1	875.017727873	1.90165068769	3	26	0.956337230541	0.0308115416336	1.1162887143e-06	Chaperone protein ClpB 2	
PvWBCH1.1KG060800.1.v1.1	405.179467431	0.622654627898	1	13	0.754535515589	0.00464854184412	7.19848569263e-08	Sigma-54 interaction domain	
PvWBCH1.1KG060800.1.v1.1	0	0.608920030485	1	1	0.592447604457	0.00461812134592	7.17914487706e-09	AAA domain-containing protein/Clp_N domain-containing protein/AAA_2 domain-containing protein/ClpB_D2-small domain-containing protein (Fragment)	
PvWBCH1.1KG063300.1.v1.1	1663.3580396	64.023268173	96	7427	1.47465610857	0.413790313049	0.00020134046667	H(+)-exporting diphosphatase	
PvWBCH1.1KG065800.2.v1.1	2794.3638979	57.677413945	91	2282	2.01846124029	0.586255607038	1.04698574297e-05	cinnamyl-alcohol dehydrogenase	
PvWBCH1.1KG065800.2.v1.1	239.519592456	4.55768676724	7	1939	0.697783584726	0.0225956215103	3.41717530543e-06	Cinnamyl alcohol dehydrogenase	
PvWBCH1.1KG065800.2.v1.1	5.89386186596	0.646003040489	1	60858	0.592409870292	9.87274401075e-05	1.34963426943e-10	Enoyl reductase (ER) domain-containing protein	
PvWBCH1.1KG077700.1.v1.1	1020.52008616	2.38942755046	4	121	1.04337279114	0.08521648895	8.76868841003e-07	Heat shock protein, mitochondrial	
PvWBCH1.1KG077700.1.v1.1	363.190733632	14.0577465256	24	33061	0.996265247873	0.492418505242	0.000357332087377	SHSP domain-containing protein	
PvWBCH1.1KG083600.2.v1.1	2071.71692441	4.73251686036	8	36	1.49771294107	0.149084869051	0.000559535430401	NSP (Nuclear shuttle protein)-interacting GTPase	
PvWBCH1.1KG083600.2.v1.1	981.615158288	41.586101178	72	12381	0.982646063315	0.0	0.0	Arf-GAP domain-containing protein	
PvWBCH1.1KG083600.2.v1.1	660.539193491	2.39901513478	4	91	0.87355382971	0.0364826167587	0.000118271556016	Putative ADP-ribosylation factor GTPase-activating protein AGD14	
PvWBCH1.1KG083600.2.v1.1	406.41187466	3.63876834833	6	553	0.777586258611	0.0472102835306	2.92377284327e-06	Putative ARF GTPase-activating domain family protein isoform 1	
PvWBCH1.1KG083600.2.v1.1	11.7524485448	0.521771838999	1	13427	0.599386474983	0.00884053789079	5.24132204351e-07	ENTH domain-containing protein	
PvWBCH1.1KG099100.2.v1.1	2180.95377792	9.62093307413	15	171	1.52398484747	0.116224289052	0.000223155265036	Trifunctional UDP-glucose 4,6-dehydratase/UDP-4-keto-6-deoxy-D-glucose 3,5-epimerase/UDP-4-keto-L-rhamnose-reductase RHM1-like	
PvWBCH1.1KG099100.2.v1.1	1214.95967868	1.29608633609	2	2	1.09728816614	0.040045486818	0.00400933251728	Salmon silks1	
PvWBCH1.1KG099100.2.v1.1	1041.13269773	3.81523094072	6	118	1.03169032736	0.0476173349425	3.0372635918e-06	Rhamnose biosynthetic enzyme 1	
PvWBCH1.1KG099100.2.v1.1	304.62953044	21.8996363124	34	45390	0.711851812176	0.0	0.0	NAD(P)-binding domain-containing protein	
PvWBCH1.1KG099100.2.v1.1	278.662448526	0.637579503778	1	46	0.703903501943	0.00460097395998	3.16680415567e-07	RmlD substrate binding domain	
PvWBCH1.1KG099100.2.v1.1	0	0.652402162579	1	1	0.600510563441	0.0198312509759	2.11895798669e-08	Fatty acyl-coenzyme A reductase	
PvWBCH1.1KG132500.1.v1.1	2615.22095481	6.51230897874	10	313	1.85689679219	0.416617744902	5.02733592426e-05	Plasma membrane-associated cation-binding protein 1	
PvWBCH1.1KG182300.1.v1.1	1151.04971019	9.2550427732	15	2412	1.30156557771	0.473790889127	0.00182611977934	Dehydrin	
PvWBCH1.1KG197100.2.v1.1	377.541883209	59.4658570009	96	143837	0.862745150987	0.229675163361	2.80561286992e-05	glutathione transferase	
PvWBCH1.1KG200800.1.v1.1	1405.30888226	3.1918833135	5	59	1.19606795959	0.082833174644	0.00214120609293	Gibberellin receptor GID1L2	
PvWBCH1.1KG200800.1.v1.1	418.052886976	24.0247726992	39	37761	1.02507793611	0.50538997188	4.81112774552e-06	Alpha/beta hydrolase fold-3 domain-containing protein	
PvWBCH1.1KG200800.1.v1.1	799.346896417	1.25073063927	2	28	0.926457763971	0.0315424867457	7.437146838e-05	Tuliposide A-converting enzyme 1, chloroplastic	
PvWBCH1.1KG200800.1.v1.1	565.003028873	1.80715621541	3	117	0.838966901314	0.0433314679602	5.87309064438e-07	Putative carboxylesterase 2	
PvWBCH1.1KG235700.3.v1.1	2244.31829619	49.4282492328	78	3150	1.72074992839	0.439267663595	0.0105374105822	ALOG domain-containing protein	
PvWBCH1.1KG235700.3.v1.1	1071.73190908	2.5581174974	4	37	1.02461316648	0.0111700045725	1.50209952783e-05	Protein LIGHT-DEPENDENT SHORT HYPOCOTYLS 3	
PvWBCH1.1KG237100.1.v1.1	2010.72710667	63.6611379092	97	5137	1.64405005813	0.471231948269	0.000314143855313	Phenylalanine ammonia-lyase	
PvWBCH1.1KG237200.1.v1.1	2027.57328998	64.4743819601	98	5104	1.61744996915	0.408330368111	0.000277903079815	Phenylalanine ammonia-lyase	
PvWBCH1.1KG237300.1.v1.1	1843.24769015	67.2274597694	100	6299	1.57613016924	0.469480325185	0.000326041588667	Phenylalanine ammonia-lyase	
PvWBCH1.1KG238400.1.v1.1	1305.64315252	1.32135098958	2	2	1.13513823611	0.0431704350267	3.22270927475e-05	Aquaporin plasma membrane intrinsic protein 2-2	
PvWBCH1.1KG238400.1.v1.1	688.355736134	31.7869230481	48	20818	1.09740562225	0.437841720273	0.000360802465115	Aquaporin	
PvWBCH1.1KG264600.1.v1.1	1272.0601395	5.99491333277	9	160	1.12397000446	0.0474440913879	2.90111812829e-05	Plasma membrane intrinsic protein	
PvWBCH1.1KG264600.1.v1.1	744.623098336	37.6168964661	56	18383	1.0159006155	0.241597647732	0.000231143291316	Aquaporin	
PvWBCH1.1KG264600.1.v1.1	3.19755460273	0.661760269274	1	260692	0.597092771004	0.0109693376349	1.08077296534e-08	Transmembrane protein	
PvWBCH1.1KG268000.1.v1.1	1150.89984741	5.7013687895	9	283	1.09450432198	0.0832889236572	6.26739667768e-05	High mobility group box protein2	
PvWBCH1.1KG268000.1.v1.1	405.223600289	22.5334006089	35	35650	0.911572732231	0.300908136706	9.89830559945e-05	HMG box domain-containing protein	
PvWBCH1.1KG268000.1.v1.1	689.73367488	0.642285468848	1	2	0.873830106309	0.0149747852553	8.60405980344e-09	HMG-like nucleosome/chromatin assembly factor D	
PvWBCH1.1KG271700.2.v1.1	1622.76432331	39.1680456909	60	3188	1.31424208926	0.141766600581	3.08144823688e-06	RmlD-like substrate binding domain-containing protein	
PvWBCH1.1KG271700.2.v1.1	1645.04768651	6.48335932677	10	85	1.26313452294	0.0285196156179	2.60310046183e-06	Rhamnose biosynthetic enzyme 1	
PvWBCH1.1KG271700.2.v1.1	160.79193268	13.69628986	21	39649	0.682722952577	0.0535965291152	9.537168458e-07	Bifunctional dTDP-4-dehydrorhamnose 3,5-epimerase/dTDP-4-dehydrorhamnose reductase	
PvWBCH1.1KG271700.2.v1.1	6.11249726031	0.642906544139	1	57558	0.592444998904	0.0	0.0	NAD-dependent epimerase/dehydratase domain-containing protein	
PvWBCH1.1KG292700.1.v1.1	5102.21292144	63.9034557632	97	789	2.77538012241	0.272631817145	4.53750672133e-06	Pyrophosphate--fructose 6-phosphate 1-phosphotransferase subunit alpha	PFP-ALPHA
PvWBCH1.1KG292700.1.v1.1	53.7851874288	0.657004585438	1	750	0.61166218687	0.000279456259757	4.02814027556e-09	Phosphofructokinase domain-containing protein (Fragment)	PFP-ALPHA
PvWBCH1.1KG298900.1.v1.1	993.413581732	62.8906645761	97	21008	1.04300415423	0.104978142874	1.52905514239e-05	Transmembrane 9 superfamily member	
PvWBCH1.1KG320900.1.v1.1	1684.51045312	46.4316466014	74	4609	1.36472941456	0.190423359502	4.26387283448e-05	Fibronectin type III-like domain-containing protein	
PvWBCH1.1KG320900.1.v1.1	1573.52002311	9.8971642745	16	240	1.23593267601	0.0311785969202	5.19774850011e-07	Beta-D-xylosidase 7	
PvWBCH1.1KG337200.1.v1.1	529.792955254	62.8408469672	98	74620	1.00867088875	0.390101116789	5.73765779722e-06	UMP-CMP kinase	
PvWBCH1.1KG339700.1.v1.1	1771.84986691	5.88399646994	10	141	1.34272307642	0.0829869705004	1.76442705578e-06	17.4 kDa class III heat shock protein-like	
PvWBCH1.1KG339700.1.v1.1	433.232298784	21.3106705124	36	30930	0.94567352997	0.344100225256	0.00037455350616	SHSP domain-containing protein	
PvWBCH1.1KG339700.1.v1.1	350.63286298	1.00959256754	2	106	0.743795238604	0.0255510905939	7.6985332416e-07	Putative small heat shock protein HSP20	
PvWBCH1.1KG346900.1.v1.1	186.411057427	10.6645047523	18	49814	0.813435896293	0.280886445356	8.28641484296e-05	Hexosyltransferase	
PvWBCH1.1KG346900.1.v1.1	77.953769741	11.846428598	19	350097	0.703380587043	0.155092529636	1.92198466792e-06	Glycosyltransferase	
PvWBCH1.1KG346900.1.v1.1	20.0704832244	0.59542956599	1	13342	0.598587380422	0.00105507004227	4.98861933765e-10	Nucleotide-diphospho-sugar transferase domain-containing protein	
PvWBCH1.1NG029100.1.v1.1	1103.0366952	41.4089621355	67	8408	1.24625912325	0.405716407006	0.00073747271271	X8 domain-containing protein	
PvWBCH1.1NG029100.1.v1.1	246.803259947	15.9188830736	26	24804	0.716254975111	0.0519500889933	6.19830877538e-06	glucan endo-1,3-beta-D-glucosidase	
PvWBCH1.1NG029100.1.v1.1	57.2416227195	0.705227019924	1	905	0.612896649088	0.0	0.0	Beta-1,3-glucanase	
PvWBCH1.1NG058800.1.v1.1	2765.4240565	58.5219976103	90	2282	2.03441638352	0.638201009997	1.12812417028e-05	cinnamyl-alcohol dehydrogenase	
PvWBCH1.1NG058800.1.v1.1	240.48071562	4.6915679236	7	1939	0.708134570553	0.0414002976352	6.32790476606e-06	Cinnamyl alcohol dehydrogenase	
PvWBCH1.1NG058800.1.v1.1	11.3793227923	1.2617101724	2	60858	0.594969922302	0.000789043663626	2.15729359001e-09	Enoyl reductase (ER) domain-containing protein	
PvWBCH1.1NG094500.1.v1.1	575.960012399	56.9096070313	96	61766	1.14864698907	0.619353833183	0.000272626268182	Peroxidase	
PvWBCH1.1NG094800.1.v1.1	552.070974826	54.2220970803	88	61766	0.898136677378	0.164730109648	6.64666892283e-05	Peroxidase	
PvWBCH1.1NG098700.1.v1.1	662.783235145	2.60950225769	4	101	0.875655613538	0.0387561573597	7.78039742507e-05	Sodium/calcium exchanger family protein / calcium-binding EF hand family protein	
PvWBCH1.1NG098700.1.v1.1	289.514319012	49.9521445765	82	193764	0.705805727605	0.0	0.0	EF-hand domain-containing protein	
PvWBCH1.1NG098700.1.v1.1	47.1330068913	1.16954459872	2	4005	0.622357870785	0.0254805013102	1.16691595099e-07	Vacuolar calcium ion transporter	
PvWBCH1.1NG101300.1.v1.1	647.100767961	29.9985857315	48	15318	1.13904836718	0.547552587463	0.000259431873082	GDSL esterase/lipase	
PvWBCH1.1NG101300.1.v1.1	132.586447676	17.7549565021	28	127503	0.825004716827	0.343338816805	2.82425006827e-05	Esterase	
PvWBCH1.1NG121300.1.v1.1	3032.88779693	8.91609401417	14	326	2.03454836412	0.436588633088	6.34907422658e-05	Plasma membrane-associated cation-binding protein 1	
PvWBCH1.1NG143900.1.v1.1	1300.4741794	1.33211824629	2	2	1.2109721491	0.190112171128	0.00115133194255	Cysteine protease1	
PvWBCH1.1NG143900.1.v1.1	729.691422199	31.9108048254	53	18225	0.94770692059	0.124206848897	3.60897390428e-05	Cysteine proteinase	
PvWBCH1.1NG143900.1.v1.1	93.6045984318	3.66692037438	6	14607	0.631231576871	0.00715040131941	1.2399372868e-06	Peptidase C1A papain C-terminal domain-containing protein	
PvWBCH1.1NG215900.1.v1.1	3269.80358301	4.00226379534	6	40	1.93617893503	0.0721795415838	0.000117239338214	Hydroxycinnamoyltransferase 1	
PvWBCH1.1NG215900.1.v1.1	834.308803193	2.55811300273	4	251	0.96455745792	0.0770451226859	1.08094149129e-06	Anthranilate N-benzoyltransferase protein 1	
PvWBCH1.1NG215900.1.v1.1	730.053400341	5.11191196743	8	1309	0.895161206918	0.0247921023947	1.62561835926e-06	Shikimate O-hydroxycinnamoyltransferase	
PvWBCH1.1NG215900.1.v1.1	380.149265761	0.66214557541	1	81	0.743358456759	0.00245045734511	4.03085451154e-07	Hydroxycinnamoyl-CoA shikimate/quinate hydroxycinnamoyl transferase	
PvWBCH1.1NG224900.1.v1.1	2010.70750276	63.7355845551	97	5137	1.6355184344	0.455149744982	0.000303422774813	Phenylalanine ammonia-lyase	
PvWBCH1.1NG239000.1.v1.1	770.371918341	1.70071927772	3	1083	0.900155348678	0.00378599492714	2.01518593995e-07	CENP-T/Histone H4 histone fold domain-containing protein	
PvWBCH1.1NG248800.1.v1.1	1253.68466299	6.00005097108	9	160	1.11631508289	0.0468691175785	2.92689374063e-05	Plasma membrane intrinsic protein 1	
PvWBCH1.1NG248800.1.v1.1	759.726356003	38.9757710973	58	18383	1.04871631384	0.292113187132	0.000289112861711	Aquaporin	
PvWBCH1.1NG248800.1.v1.1	3.1400713993	0.661760269274	1	260692	0.596943633422	0.0107313295303	1.05732280513e-08	Transmembrane protein	
PvWBCH1.1NG251700.1.v1.1	1261.79913922	10.0891904497	16	2066	1.35878716089	0.498162472148	0.00206974800166	Dehydrin	
PvWBCH1.1NG251700.1.v1.1	345.504346729	0.508515331616	1	70	0.733911656057	0.010773418914	2.67057613212e-07	Late embryogenesis abundant	
PvWBCH1.1NG326900.1.v1.1	1889.3487755	6.22708111774	10	144	1.39492720117	0.0928068903292	1.95500324182e-06	Class III heat shock protein	
PvWBCH1.1NG326900.1.v1.1	399.644287697	19.3067200618	32	30930	0.908585708112	0.299475844974	0.00028975983549	SHSP domain-containing protein	
PvWBCH1.1NG326900.1.v1.1	361.507017725	1.02226897486	2	106	0.749271067522	0.0276759304684	8.64180736662e-07	Putative small heat shock protein HSP20	
PvWBCH1.1NG336100.1.v1.1	999.004232351	63.4146519931	98	21008	1.0401271648	0.0953305496109	1.40284826834e-05	Transmembrane 9 superfamily member	
PvWBCH1.1NG352100.1.v1.1	620.890462624	40.4200959016	64	32324	1.06548089869	0.428533884385	8.77460149526e-05	K Homology domain-containing protein	
PvWBCH1.1NG352100.1.v1.1	33.7784113979	3.11082673317	5	64170	0.603511364559	0.0	0.0	RNA-binding protein Nova-1	
PvWBCH1.1NG352100.1.v1.1	0	0.740087776941	1	1	0.594771106796	0.00900207371339	3.86388261369e-07	KH domain-containing protein NOVA-like	
PvWBCH1.1NG355800.1.v1.1	1153.28095227	0.569871084071	1	80	1.05300926462	0.00320158126812	2.28195386182e-06	DUF6817 domain-containing protein (Fragment)	
PvWBCH1.1NG355800.1.v1.1	259.900758892	0.573800738012	1	1597	0.825528506221	0.248241729617	4.29833479849e-06	Tetratricopeptide-like helical	
PvWBCH1.1NG356400.1.v1.1	1545.20177331	2.00253359739	3	10	1.22581105926	0.03344216003	0.000300255915289	Cell elongation protein DIMINUTO	
PvWBCH1.1NG356400.1.v1.1	955.55661892	1.23837278587	2	2	0.992054971871	0.0374164852401	7.9356278346e-05	Brassinosteroid biosynthesis-like protein	
PvWBCH1.1NG356400.1.v1.1	635.843160386	6.16112489752	10	559	0.882598363048	0.0721907437319	2.3580158506e-07	Delta(24)-sterol reductase	
PvWBCH1.1NG356400.1.v1.1	539.506054232	46.5818182593	75	44373	0.805802421693	0.0	0.0	FAD-binding PCMH-type domain-containing protein	
PvWBCH1.1NG356400.1.v1.1	473.596844079	0.61376869997	1	2	0.789207241444	0.0184083620104	0.00060359733845	ENHANCED VERY-LOW-FLUENCE RESPONSES 1, DIMINUTIA, DIMINUTO 1, CABBAGE 1, DWARF 1	
PvWBCH1.1NG356400.1.v1.1	372.423210979	0.610511466078	1	16	0.76182920989	0.043131930301	1.21967169002e-07	Delta(24)-sterol reductase isoform X1	
PvWBCH1.1NG356400.1.v1.1	82.6636191347	0.615499815424	1	330	0.630281249429	0.0136147201348	5.1680068044e-09	FAD binding domain	
PvWBCH1.2KG047300.1.v1.1	561.254210045	43.2387204757	67	39716	0.939947516771	0.236688157781	5.54564568371e-05	t-SNARE coiled-coil homology domain-containing protein	
PvWBCH1.2KG047300.1.v1.1	278.849199703	5.74957550997	9	2845	0.710085227234	0.016123340351	8.8483415306e-06	Syntaxin N-terminal domain-containing protein	
PvWBCH1.2KG047300.1.v1.1	33.269988439	0.604228747062	1	2204	0.609202193617	0.0111211286943	1.66791277915e-09	Receptor-like protein kinase	
PvWBCH1.2KG075800.1.v1.1	2025.12698613	63.8108833724	96	4971	1.48263433668	0.155813781467	0.000111902437832	Coatomer subunit gamma	
PvWBCH1.2KG075800.1.v1.1	1.43510630298	0.571997399181	1	459047	0.591446126294	0.00164544107235	2.46778206365e-10	Protein kinase domain-containing protein	
PvWBCH1.2KG076400.1.v1.1	478.393618733	13.9520516345	23	21489	0.880287932949	0.186659707597	4.2021490236e-05	Bifunctional inhibitor/plant lipid transfer protein/seed storage helical domain-containing protein	
PvWBCH1.2KG079800.1.v1.1	1973.43957412	3.33974884595	5	31	1.45255267831	0.137981037665	0.00234493488799	Vesicle-associated membrane protein 725	
PvWBCH1.2KG079800.1.v1.1	1574.37135481	3.31540985084	5	48	1.25637888816	0.0690999870194	0.000367655840853	Vesicle-associated membrane protein 722	
PvWBCH1.2KG079800.1.v1.1	826.458288464	6.61304976906	10	693	0.970308981978	0.093820793132	3.23116194009e-05	Vesicle-associated membrane protein 726	
PvWBCH1.2KG079800.1.v1.1	760.154784637	1.3272999321	2	33	0.945961331624	0.0979216825695	4.6300365745e-05	Vesicle-associated membrane protein 721	
PvWBCH1.2KG079800.1.v1.1	333.20302901	8.0049641979	12	6246	0.773586075013	0.0949146659366	4.52312038837e-06	V-SNARE coiled-coil homology domain-containing protein	
PvWBCH1.2KG079800.1.v1.1	304.883962682	4.61435947222	7	2479	0.731555635911	0.036983859772	3.02579497902e-05	Longin domain-containing protein	
PvWBCH1.2KG079800.1.v1.1	213.133071298	2.62691811365	4	1644	0.708921148552	0.0635231107903	3.35657124387e-05	Synaptobrevin	
PvWBCH1.2KG092500.1.v1.1	264.457210568	0.545426783967	1	739	1.22477971917	0.998107136097	2.64063478517e-06	rRNA N-glycosidase	
PvWBCH1.2KG092500.1.v1.1	1241.83012086	1.67478761446	3	316	1.08673204834	0.0	0.0	Ribosome-inactivating protein	
PvWBCH1.2KG132000.1.v1.1	1768.01982317	6.43551693789	10	152	1.35501847034	0.109074360537	5.6499452314e-05	Aquaporin plasma membrane intrinsic protein 2-1	
PvWBCH1.2KG132000.1.v1.1	500.378360293	21.1416959059	32	20477	0.909165799529	0.224550963628	0.000122234449047	Aquaporin	
PvWBCH1.2KG132000.1.v1.1	620.325984203	0.732579082579	1	16	0.842008773144	0.00731769246395	1.22834219482e-07	Water channel protein	
PvWBCH1.2KG138800.1.v1.1	3100.36968428	61.6014123941	95	2094	1.95149887371	0.228813098994	0.00400287655775	monodehydroascorbate reductase (NADH)	
PvWBCH1.2KG138800.1.v1.1	6.90185599971	0.632373995106	1	42804	0.5927607424	0.0	0.0	FAD/NAD(P)-binding domain-containing protein	
PvWBCH1.2KG159700.5.v1.1	923.922608703	41.1728159692	63	10955	1.16889222514	0.394949079525	8.47570343107e-06	4-coumarate--CoA ligase	
PvWBCH1.2KG159700.5.v1.1	100.635253211	10.3234054006	17	57888	0.650692408378	0.0385628101968	8.84472714576e-07	Long chain acyl-CoA synthetase 8	
PvWBCH1.2KG159700.5.v1.1	114.388024252	9.17494273286	15	35422	0.635755209701	0.0	0.0	AMP-dependent synthetase/ligase domain-containing protein	
PvWBCH1.2KG168900.3.v1.1	786.437808695	57.8298066109	94	31081	1.12202051487	0.410241336959	0.000874139990349	Ferrochelatase	
PvWBCH1.2KG168900.3.v1.1	1119.58542354	2.51456716968	4	29	1.0499023346	0.0227701151709	2.07410683107e-07	Ferrochelatase-2, chloroplastic	
PvWBCH1.2KG222900.1.v1.1	2105.68310294	45.0117120601	72	2769	1.47433768385	0.0793424002116	0.000648528270261	GOST seven transmembrane domain-containing protein	
PvWBCH1.2KG222900.1.v1.1	603.764885247	10.377175049	17	1790	0.856443581377	0.0470517296759	1.05274753671e-05	Transmembrane protein 87A	
PvWBCH1.2KG222900.1.v1.1	557.342347375	0.715962738975	1	3	0.815225857919	0.0043187149904	1.20566434155e-09	Membrane protein PTM1-like	
PvWBCH1.2KG222900.1.v1.1	13.9040930098	0.5450369179	1	9229	0.596407181726	0.00159536596147	2.81444114222e-08	Sm domain-containing protein	
PvWBCH1.2KG223500.1.v1.1	884.584115753	29.3969653729	46	12567	1.18255292028	0.450412255031	3.89404340894e-05	Copper transport protein	
PvWBCH1.2KG240500.1.v1.1	2315.54127508	3.76755403391	6	15	1.52041178719	0.0078857783542	0.000790731304092	Isoamylase-type starch debranching enzyme3	
PvWBCH1.2KG240500.1.v1.1	874.315706731	45.0842658906	72	15064	1.00528902228	0.123702525283	2.00592416164e-05	Glycosyl hydrolase family 13 catalytic domain-containing protein	
PvWBCH1.2KG240500.1.v1.1	935.532115459	11.0119019424	18	785	0.969549048923	0.0100663824313	5.10025372583e-05	Isoamylase 3, chloroplastic	
PvWBCH1.2KG240500.1.v1.1	0	0.639139661341	1	1	0.59312772348	0.005899959513	3.72468953596e-05	Isoamylase-type starch debranching enzyme ISO3	
PvWBCH1.2KG277500.1.v1.1	1467.10316505	63.3647970704	97	9639	1.44741733136	0.510520563853	8.32503466804e-06	Hydroxymethylglutaryl-CoA synthase	
PvWBCH1.2KG279700.1.v1.1	1.37206929761e-12	0.58010962948	1	251	0.59	0.0	0.0	RHOMBOID-like protein (Fragment)	
PvWBCH1.2KG286200.1.v1.1	921.343167352	57.9760310234	93	22680	1.19500175646	0.446108465848	0.00135013116985	Endoglucanase	
PvWBCH1.2KG286200.1.v1.1	169.899150088	1.27388594715	2	322	0.665572060575	0.0143630176219	6.00265513797e-08	Glycoside hydrolase family 9 domain-containing protein	
PvWBCH1.2KG286200.1.v1.1	10.9486007604	0.589593489982	1	16357	0.595491621934	0.00209845345193	6.5019937161e-08	cellulase	
PvWBCH1.2KG291400.1.v1.1	217.263011671	8.12122807802	13	37631	0.925023318875	0.468144342087	8.064502017e-05	UspA domain-containing protein	
PvWBCH1.2KG291400.1.v1.1	71.9685580823	4.45617999863	7	103063	0.759700855305	0.265874082275	8.42331079783e-06	Universal stress protein	
PvWBCH1.2KG298900.1.v1.1	3226.06287947	5.43186758234	9	31	1.90863346549	0.0532230091054	5.94396294259e-06	High mobility group B protein 2	
PvWBCH1.2KG298900.1.v1.1	445.776966525	25.4570534222	41	35652	0.878290534429	0.207505746613	8.51056991867e-05	HMG box domain-containing protein	
PvWBCH1.2KG298900.1.v1.1	678.515440879	0.648867281961	1	2	0.87137874253	0.0188161619295	1.7789578662e-08	HMG-like nucleosome/chromatin assembly factor D	
PvWBCH1.2KG303500.1.v1.1	1093.71527811	62.7840422924	97	17346	1.09048878167	0.118872309698	1.73143010016e-05	Transmembrane 9 superfamily member	
PvWBCH1.2KG347500.1.v1.1	3687.2951825	15.3829136042	26	107	2.10483689023	0.0753091505524	0.000248371986254	Bifunctional monothiol glutaredoxin-S16, chloroplastic	
PvWBCH1.2KG347500.1.v1.1	662.124786596	40.3368821969	66	22812	0.967880642224	0.213261255632	0.000113105034166	Glutaredoxin domain-containing protein	
PvWBCH1.2KG347500.1.v1.1	440.174427917	0.561390392835	1	8	0.76719427046	0.00212169676884	2.96505137083e-10	CAX-interacting protein 2	
PvWBCH1.2KG347500.1.v1.1	377.115202051	0.569087453796	1	14	0.744167568318	0.00626491950682	5.40079267829e-05	Glutaredoxin, grx	
PvWBCH1.2KG347500.1.v1.1	0	0.563436162991	1	1	0.593270916653	0.00617153994778	2.40414872958e-08	2Fe-2S transfer protein 13	
PvWBCH1.2KG389100.1.v1.1	690.256312782	64.3994517251	99	44421	1.03646843942	0.321442660883	6.52019381257e-05	Phospho-2-dehydro-3-deoxyheptonate aldolase	
PvWBCH1.2KG390400.1.v1.1	3779.18506451	2.25816422697	4	60	2.36657111262	0.499805764898	1.57081268353e-06	Alpha-ketoglutarate-dependent dioxygenase alkB-like protein 2	
PvWBCH1.2KG401400.1.v1.1	1430.08753842	48.4965991642	76	7564	1.39633683882	0.442078308319	1.60023770189e-05	Pyrrolidone-carboxylate peptidase	
PvWBCH1.2KG401400.1.v1.1	106.549432279	2.52860774719	4	3702	0.643479887289	0.0204907798959	5.16525994422e-08	Pyroglutamyl-peptidase I	
PvWBCH1.2NG099200.1.v1.1	2225.98536955	8.30869046006	13	490	1.51150442243	0.0586986239335	1.96326014737e-07	12-oxophytodienoate reductase 1	
PvWBCH1.2NG099200.1.v1.1	1166.58604066	0.622054828282	1	3	1.12047207083	0.120383867833	0.00171023081039	12-oxo-phytodienoic acid reductase2	
PvWBCH1.2NG099200.1.v1.1	1165.01502567	0.621217121734	1	3	1.11986704014	0.120427806381	0.0017146246652	12-oxo-phytodienoic acid reductase1	
PvWBCH1.2NG099400.2.v1.1	2813.67117794	63.2356223375	97	2620	1.97611885722	0.491755760884	0.000991638864646	Starch synthase, chloroplastic/amyloplastic	GBSS2
PvWBCH1.2NG109100.1.v1.1	500.0458455	21.1392173083	32	20480	0.87084546541	0.152500880651	8.30232264034e-05	Aquaporin	
PvWBCH1.2NG109100.1.v1.1	620.031916394	0.732579082579	1	16	0.842145259793	0.0077971521088	1.30882391981e-07	Water channel protein	
PvWBCH1.2NG109100.1.v1.1	557.889591928	6.45224221136	10	1533	0.833603668402	0.0385798141149	2.65075197324e-05	Plasma membrane intrinsic protein	
PvWBCH1.2NG216600.1.v1.1	2309.17348854	3.80426318311	6	15	1.51788002003	0.00791461802816	0.00079385310966	Isoamylase-type starch debranching enzyme3	
PvWBCH1.2NG216600.1.v1.1	874.292720143	45.6478804168	72	15064	1.00293572727	0.119279723071	1.92994258433e-05	Glycosyl hydrolase family 13 catalytic domain-containing protein	
PvWBCH1.2NG216600.1.v1.1	885.927147614	10.5653919242	17	786	0.9488054019	0.00836551108636	4.10989206389e-05	Isoamylase 3, chloroplastic	
PvWBCH1.2NG216600.1.v1.1	6.49278467549	0.601506636506	1	45417	0.62059212691	0.0528207441405	9.3225733277e-07	Glycoside hydrolase	
PvWBCH1.2NG216600.1.v1.1	0	0.64772576738	1	1	0.593137788365	0.0059189483878	3.72859485175e-05	Isoamylase-type starch debranching enzyme ISO3	
PvWBCH1.2NG232500.1.v1.1	1033.94456593	32.3088935784	50	9823	1.04596843371	0.0799818815506	1.05056861022e-05	Heat shock 70 kDa protein, mitochondrial	
PvWBCH1.2NG232500.1.v1.1	142.50675707	0.627430649373	1	195	0.647432142347	0.000810263003862	6.32424712758e-09	Chaperone DnaK	
PvWBCH1.2NG253200.1.v1.1	1459.41983721	62.5259447903	96	9639	1.44731336829	0.516123144924	8.32962872645e-06	Hydroxymethylglutaryl-CoA synthase	
PvWBCH1.2NG311200.1.v1.1	1795.187108	59.8641902551	93	6114	1.3080748432	0.0	0.0	Beta-amylase	BMY2
PvWBCH1.2NG311200.1.v1.1	0	0.638832349824	1	1	0.766607390627	0.333219970072	4.03244183816e-05	Beta-amylase Tri a 17	BMY2
PvWBCH1.2NG368100.4.v1.1	2306.29994085	66.6765385556	100	4022	1.55821343966	0.0862133554157	1.92476937088e-05	Eukaryotic translation initiation factor 6	EIF6
PvWBCH1.2NG392700.1.v1.1	622.793387846	14.2874720976	22	4784	0.94650852093	0.202624544052	7.87217993195e-06	Hydroxyproline-rich glycoprotein family protein	
PvWBCH1.2NG392700.1.v1.1	129.867245269	14.4480081341	23	112274	0.713376065099	0.134771529049	1.28297524404e-05	PH domain-containing protein	
PvWBCH1.2NG392700.1.v1.1	164.119770584	7.90232861825	13	21059	0.684455425866	0.0543535114453	7.82832815548e-06	Ricin B lectin domain-containing protein	
PvWBCH1.2NG392700.1.v1.1	40.0076247142	0.618914993641	1	2173	0.606508587176	0.000953843759818	4.87972927415e-09	Stress responsive protein	
PvWBCH1.3KG026500.1.v1.1	97.0799952183	0.611289245357	1	1732	1.15671829477	0.995991983968	0.000527258858638	WIBG Mago-binding domain-containing protein	
PvWBCH1.3KG026500.1.v1.1	718.882593645	7.36270397432	12	4583	0.877553037458	0.0	0.0	Hyaluronan/mRNA-binding protein domain-containing protein	
PvWBCH1.3KG034500.2.v1.1	1933.7137093	2.6697145757	4	228	1.3663330372	0.00537273617315	1.65273627643e-07	Calcineurin B-like protein (Fragment)	CBL6
PvWBCH1.3KG041900.1.v1.1	988.891834935	63.5808865609	96	21008	1.03991588741	0.102563882531	1.47848939411e-05	Transmembrane 9 superfamily member	
PvWBCH1.3KG054000.1.v1.1	324.506097733	48.0424215398	77	144417	0.888142483174	0.317621449531	3.37914917782e-05	Glutathione transferase	
PvWBCH1.3KG054000.1.v1.1	527.617461165	0.649743594734	1	2	0.868127929965	0.126560438099	0.000195665346979	Glutathione transferase18	
PvWBCH1.3KG054000.1.v1.1	65.6810519096	3.49035915737	6	18575	0.623177517424	0.0130284007406	2.21339310937e-06	GST N-terminal domain-containing protein	
PvWBCH1.3KG080800.1.v1.1	639.355324393	11.7832835064	19	3960	0.883357638653	0.0709692240076	9.10085698012e-05	Cysteine proteinase	
PvWBCH1.3KG080800.1.v1.1	513.885716828	16.299354235	27	11728	0.849430056518	0.101637045099	0.000406794225958	Cysteine protease	
PvWBCH1.3KG080800.1.v1.1	0	0.625747988268	1	1	0.681539702055	0.172701095928	0.000406060662671	Cysteine protease5	
PvWBCH1.3KG080800.1.v1.1	145.91474683	1.26561098695	2	877	0.65266006142	0.00810217075625	6.0933706302e-07	Cathepsin propeptide inhibitor domain-containing protein (Fragment)	
PvWBCH1.3KG080900.1.v1.1	864.23867793	55.0982805981	85	24347	1.04095360449	0.198593790809	0.000171209616737	Cytochrome b5 heme-binding domain-containing protein	
PvWBCH1.3KG087700.1.v1.1	389.300563461	49.5954825465	90	125302	0.938742076013	0.364191888796	7.47837086068e-06	UMP-CMP kinase	
PvWBCH1.3KG087700.1.v1.1	83.3130657067	0.493516615124	1	271	0.818698150986	0.368627680442	1.27034545069e-05	KCY kinase (Fragment)	
PvWBCH1.3KG098400.3.v1.1	434.454457601	61.3579681832	96	106292	0.980198991082	0.408333850907	1.33530573479e-05	Long-chain-fatty-acid--CoA ligase	
PvWBCH1.3KG098400.3.v1.1	851.252318489	1.3292149799	2	13	0.935047141538	0.00857776129505	3.2815836028e-08	Long chain acyl-CoA synthetase 1-like	
PvWBCH1.3KG115700.1.v1.1	1007.30511526	15.2721348551	24	1354	1.01803875099	0.0473097642721	0.00212649090698	DnaJ protein ERDJ3B	
PvWBCH1.3KG115700.1.v1.1	286.280067075	40.953956075	64	120430	0.837461640547	0.250846310453	5.34588169821e-05	J domain-containing protein	
PvWBCH1.3KG115700.1.v1.1	285.714679049	0.622927143793	1	28	0.705328050386	0.00196637492388	2.82610809295e-09	Chaperone DnaJ, C-terminal	
PvWBCH1.3KG115800.1.v1.1	2290.19677188	66.8741082916	100	4082	1.59063503746	0.159538733846	3.99885502728e-05	Tubulin gamma chain	
PvWBCH1.3KG126400.1.v1.1	2413.27140512	0.570087104966	1	8	1.60792518567	0.0992765391998	2.89205725662e-06	Early fruit mRNA	LOC113697118
PvWBCH1.3KG126400.1.v1.1	1983.38706675	0.534212727432	1	13	1.43788074318	0.102879078695	2.38585354886e-07	Hepatoma-derived growth factor-related protein 2-like isoform X2	LOC113697118
PvWBCH1.3KG126400.1.v1.1	1613.07715707	0.466697936554	1	15	1.26795319399	0.0617402431222	1.15479148852e-07	Eukaryotic translation initiation factor 5B-like isoform X1	LOC113697118
PvWBCH1.3KG126400.1.v1.1	1047.79873338	0.606301794447	1	60	1.05076520316	0.0785767016093	2.89785081198e-06	Natural killer-tumor recognition protein	LOC113697118
PvWBCH1.3KG138400.1.v1.1	625.348257929	61.8644554829	99	54131	0.92504200526	0.16019283964	2.48539296993e-05	Nucleoside diphosphate kinase	
PvWBCH1.3KG146800.1.v1.1	3056.3089746	25.5387978676	39	465	1.83499295741	0.0423843141355	0.000284053980412	Mitochondrial adenine nucleotide transporter ADNT1	
PvWBCH1.3KG146800.1.v1.1	471.577849954	22.8983013089	35	15698	0.821659022151	0.0811844949127	4.99327414978e-06	Mitochondrial carrier protein	
PvWBCH1.3KG146800.1.v1.1	249.65845248	0.670269331519	1	48	0.714922512736	0.0472805305343	2.2528063885e-05	Grave disease carrier protein	
PvWBCH1.3KG148200.1.v1.1	1022.98444435	19.4308204568	31	4264	1.07465922906	0.142382282307	0.000142084662523	Water stress and hypersensitive response domain-containing protein	
PvWBCH1.3KG148200.1.v1.1	1014.05261574	2.37806428327	4	65	1.00207384808	0.0121734095428	4.47364834303e-05	Desiccation protectant protein Lea	
PvWBCH1.3KG148200.1.v1.1	313.567492077	6.68195004523	11	5366	0.736045306162	0.0389021245198	9.16680982527e-06	Late embryogenesis abundant	
PvWBCH1.3KG148200.1.v1.1	30.685184421	0.643520944964	1	5187	0.602274073768	0.0	0.0	Late-embryogenesis-abundant protein	
PvWBCH1.3KG150300.3.v1.1	860.646121748	63.2217173518	97	28024	1.15610973108	0.418582786622	0.000120273656839	Glucose-1-phosphate adenylyltransferase	
PvWBCH1.3KG156000.1.v1.1	679.612696225	65.0578350936	98	44532	0.990448260456	0.242643649394	0.000102389358004	Isocitrate dehydrogenase [NADP]	
PvWBCH1.3KG156000.1.v1.1	45.2893680935	1.29571539189	2	3971	0.613240328021	0.00966901693351	9.04187264674e-08	Isopropylmalate dehydrogenase-like domain-containing protein	
PvWBCH1.3KG169800.1.v1.1	582.381567296	44.6822402465	70	39773	0.89386612462	0.133797849233	3.18804145711e-05	t-SNARE coiled-coil homology domain-containing protein	
PvWBCH1.3KG169800.1.v1.1	599.778242668	2.41977692046	4	110	0.836336653622	0.0121233022071	3.1926753084e-07	SNARE domain	
PvWBCH1.3KG169800.1.v1.1	559.015478384	0.680000321486	1	6	0.81413380564	0.000995498614958	1.04158394435e-09	Syntaxin-71 isoform X2	
PvWBCH1.3KG169800.1.v1.1	149.330196998	1.89932101846	3	1093	0.6508550369	0.00211878229056	1.74324509859e-07	Syntaxin	
PvWBCH1.3KG173500.1.v1.1	2254.16637087	3.86429320253	6	18	1.50277129043	0.0209522071403	3.61469151438e-06	Secondary cell wall-related glycosyltransferase family 47	
PvWBCH1.3KG173500.1.v1.1	1294.65243306	1.95733579386	3	14	1.10985878052	0.0037672031131	5.94821544174e-05	Putative beta-14-xylosyltransferase IRX10L	
PvWBCH1.3KG173500.1.v1.1	929.854729042	44.1661455067	68	13817	1.05541471986	0.176339646729	0.000640773714259	Exostosin GT47 domain-containing protein	
PvWBCH1.3KG173500.1.v1.1	848.836848733	3.88043168942	6	128	0.938843034592	0.017562704935	3.07416505075e-06	Putative glucuronosyltransferase	
PvWBCH1.3KG178100.1.v1.1	636.063908065	5.62884321999	10	5250	0.945982675915	0.191615737204	3.85985538965e-05	Late embryogenesis abundant protein 3	
PvWBCH1.3KG190900.1.v1.1	1105.78732023	4.63611475181	7	95	1.04153276757	0.0173919812817	4.46991410713e-06	Heat shock protein 101	
PvWBCH1.3KG190900.1.v1.1	857.642287476	40.4062427179	61	11995	1.00722644116	0.139940734876	4.68341026123e-05	Clp R domain-containing protein	
PvWBCH1.3KG190900.1.v1.1	173.203036872	13.3433469743	20	32038	0.681628094061	0.0421391331865	0.000656936190159	Chaperone protein ClpB1	
PvWBCH1.3KG190900.1.v1.1	0	0.654959808603	1	1	0.607989218384	0.03393532916	0.000174696445019	Heat shock protein 101C (Fragment)	
PvWBCH1.3KG190900.1.v1.1	0	0.668853226988	1	1	0.596013313618	0.0113435573827	6.14102479457e-05	Heat shock protein HSP101	
PvWBCH1.3KG211600.1.v1.1	755.861821926	62.6928535662	96	35957	0.897695406623	0.0100956168552	4.59799779801e-08	glutamate-1-semialdehyde 2,1-aminomutase	
PvWBCH1.3KG223000.1.v1.1	405.477794192	40.9579071803	66	59353	0.827130249115	0.141394494956	2.45556949374e-06	NADP-dependent oxidoreductase domain-containing protein	
PvWBCH1.3KG223000.1.v1.1	175.571013473	0.586757584708	1	65	0.67671289964	0.0311028111105	2.18107007579e-07	Putative aldehyde reductase	
PvWBCH1.3KG223000.1.v1.1	108.406880671	17.5088451522	28	151205	0.64716049288	0.0260331782146	7.80789143129e-06	Aldo/keto reductase	
PvWBCH1.3KG225700.1.v1.1	1530.42687924	1.80413775357	3	38	1.31220339574	0.207603147864	0.000148783909124	PEBP (Phosphatidylethanolamine-binding protein) family protein	
PvWBCH1.3KG225700.1.v1.1	492.469205372	6.97569608376	12	5486	0.786987682149	0.0	0.0	Phosphatidylethanolamine-binding protein	
PvWBCH1.3KG225700.1.v1.1	184.370588204	4.05044993772	7	13193	0.76870835154	0.198036356322	4.23703868528e-05	YbhB/YbcL family Raf kinase inhibitor-like protein	
PvWBCH1.3KG225700.1.v1.1	242.07335967	0.565082578127	1	149	0.686829343868	0.0	0.0	Putative phosphatidylethanolamine-binding protein	
PvWBCH1.3KG241300.6.v1.1	1335.19666721	55.3119588378	84	10081	1.2325311158	0.204625012895	5.96040102857e-05	Actin	
PvWBCH1.3KG248000.1.v1.1	1145.94537346	68.1675788126	100	16297	1.142414646	0.177425872751	3.92030110674e-05	Tubulin alpha chain	
PvWBCH1.3KG282400.1.v1.1	321.879646535	18.6725104786	30	61766	1.01355097488	0.556221907628	7.52611014373e-05	Peroxidase	
PvWBCH1.3KG283200.1.v1.1	1131.96357069	59.6428159954	94	15367	1.261292239	0.412275095247	5.05123843425e-05	UDP-glucuronate decarboxylase	
PvWBCH1.3KG283200.1.v1.1	13.7903843452	1.26126817851	2	45373	0.595516153738	0.0	0.0	NAD(P)-binding domain-containing protein	
PvWBCH1.3KG287700.3.v1.1	1666.34920051	64.1604709585	98	7427	1.48784212825	0.43641153325	0.000216771315623	H(+)-exporting diphosphatase	
PvWBCH1.3KG287700.3.v1.1	34.2688427517	0.594611226832	1	1506	0.606176891185	0.00465915732459	3.5126480701e-08	Gluconate kinase	
PvWBCH1.3KG287700.3.v1.1	20.5802644355	0.617753003464	1	4494	0.600702119302	0.00466040217325	1.87902053364e-08	Plant heme peroxidase family profile domain-containing protein	
PvWBCH1.3KG334800.1.v1.1	378.511588688	64.4478655573	97	141952	0.807921706189	0.125503844131	1.66620989678e-06	ABC transporter domain-containing protein	
PvWBCH1.3KG334800.1.v1.1	458.808054339	0.655453524825	1	6	0.775269050047	0.00329400104642	3.87839064999e-07	ABC-transporter extension domain	
PvWBCH1.3KG334800.1.v1.1	72.9766139034	0.655346584177	1	395	0.620068108583	0.00165559029018	8.4033291214e-09	ATP-binding cassette	
PvWBCH1.3KG337600.1.v1.1	1155.18023702	37.9893517953	65	9728	1.24551980115	0.364977110731	0.000491882898557	GRAM domain-containing protein	
PvWBCH1.3KG337600.1.v1.1	1188.61484487	1.77233686547	3	20	1.06544593795	0.0	0.0	ABA-responsive protein	
PvWBCH1.3KG337600.1.v1.1	0	0.684614815478	1	1	0.599186294669	0.0173326189393	3.31572463161e-07	ABA-responsive protein, putative, expressed	
PvWBCH1.3KG338700.1.v1.1	507.047506495	51.7077807789	81	66672	0.986811940002	0.366022014307	6.34910552486e-05	Aminopeptidase	
PvWBCH1.3KG338700.1.v1.1	484.619059535	0.605157726157	1	2	0.789413138367	0.0105009557234	4.01000420015e-07	Opine oxidase subunit B (Fragment)	
PvWBCH1.3KG355300.1.v1.1	6354.22638032	2.31078309943	4	11	3.44305499167	0.587480059692	3.95051939118e-07	9beta-hydroxy-syn-pimar-15-ene synthase	
PvWBCH1.3KG355300.1.v1.1	3030.81937766	1.05089725253	2	4	1.91193018397	0.206195646581	0.0159370108061	Kaurene synthase4	
PvWBCH1.3KG355300.1.v1.1	1823.15323438	1.16563609723	2	34	1.31926129375	0.0	0.0	Ent-kaur-16-ene synthase, chloroplastic-like	
PvWBCH1.3KG424900.1.v1.1	1499.04966349	61.7442000256	92	8469	1.26970871015	0.15110668235	0.000115155616041	Plasma membrane ATPase	
PvWBCH1.3KG424900.1.v1.1	337.956507702	2.38207137258	4	248	0.730312931899	0.00967986555853	3.61998241536e-09	P-type H(+)-exporting transporter	
PvWBCH1.3NG047200.2.v1.1	2070.74030221	61.2595797504	95	4737	1.5052723566	0.164101459192	0.00012311724814	Coatomer subunit delta	
PvWBCH1.3NG047700.1.v1.1	2187.30113732	11.4974284919	20	318	1.51891205659	0.101786491487	0.00223805850709	Glucuronoxylan 4-O-methyltransferase 1	
PvWBCH1.3NG047700.1.v1.1	1503.46515967	18.045417245	30	1658	1.30895638268	0.221830328961	1.22231641648e-05	Polysaccharide biosynthesis domain-containing protein	
PvWBCH1.3NG047700.1.v1.1	1459.34271229	1.77361556179	3	17	1.18960968522	0.0298714462187	0.0020366904885	Plant-specific domain TIGR01627 family protein	
PvWBCH1.3NG049700.1.v1.1	346.526598471	52.4025866185	83	144417	0.887246099176	0.299310901478	3.41001941103e-05	Glutathione transferase	
PvWBCH1.3NG049700.1.v1.1	519.519877291	0.653518002646	1	2	0.866565434143	0.129723933968	0.000189911176846	Glutathione transferase18	
PvWBCH1.3NG049700.1.v1.1	10.4923608391	0.573465835574	1	18575	0.594357234164	0.000302433314548	8.56339197972e-09	GST N-terminal domain-containing protein	
PvWBCH1.3NG057100.1.v1.1	343.365610118	31.684679625	53	89938	1.14991858273	0.797290607645	0.00041583170672	VWFA domain-containing protein	
PvWBCH1.3NG057100.1.v1.1	641.144415437	0.623697265517	1	9	0.853224242054	0.0127669314434	1.10727004302e-07	von Willebrand factor type A domain containing protein, expressed	
PvWBCH1.3NG057100.1.v1.1	488.886493572	0.475583040058	1	2	0.788590749475	0.00572858826222	1.33625363243e-08	Inter-alpha-trypsin inhibitor heavy chain H3, putative	
PvWBCH1.3NG057100.1.v1.1	396.047579542	1.13639430567	2	87	0.75661935254	0.0154627376845	0.000253487503025	VWA-Hint protein Vwaint domain-containing protein	
PvWBCH1.3NG084400.1.v1.1	4249.52608699	30.3548763313	50	508	2.36950796977	0.150271727275	0.00267597575442	Serine/arginine-rich splicing factor RS2Z32	
PvWBCH1.3NG084400.1.v1.1	1276.78326063	1.27959683953	2	2	1.17404647565	0.138358199099	0.000166293941969	Arginine/serine-rich splicing factor RS2Z37B transcript I	
PvWBCH1.3NG084400.1.v1.1	0	0.61792150298	1	1	0.706995563517	0.220736346844	0.000264984495362	Arginine/serine-rich splicing factor RS2Z39	
PvWBCH1.3NG084400.1.v1.1	28.210075473	3.04635697915	5	114728	0.601284030189	0.0	0.0	CCHC-type domain-containing protein	
PvWBCH1.3NG094100.8.v1.1	689.049511593	67.1714106957	100	45050	1.04289540952	0.334482061226	5.62166418311e-06	S-adenosylmethionine synthase	SAMS
PvWBCH1.3NG101500.1.v1.1	370.598132654	53.2729933186	93	144411	0.960059003438	0.41852595428	4.97304117375e-05	glutathione transferase	
PvWBCH1.3NG116300.1.v1.1	1490.48693386	65.0830922266	97	9352	1.31047743304	0.234489903339	0.000150536326219	Cellulose synthase	
PvWBCH1.3NG130600.1.v1.1	625.309809814	62.0067948802	99	54131	0.901281627592	0.11539123282	1.75135804258e-05	Nucleoside diphosphate kinase	
PvWBCH1.3NG157700.1.v1.1	888.518427161	19.0480060679	28	2253	0.963404267168	0.033956220994	4.95882616983e-06	Ubiquitin-conjugating enzyme E2 36	
PvWBCH1.3NG157700.1.v1.1	595.684309947	46.0158662932	69	29248	0.932766857635	0.197147515332	0.000247526515233	UBC core domain-containing protein	
PvWBCH1.3NG170900.1.v1.1	6255.56447889	6.7844781391	12	65	3.17776051458	0.161385014748	3.32606137193e-05	Late embryogenesis abundant protein 3	LEA3
PvWBCH1.3NG181100.1.v1.1	761.462401196	59.3407389525	94	34618	0.897059374745	0.00466870362434	6.72956587916e-08	ATP-dependent 6-phosphofructokinase	PFK
PvWBCH1.3NG219800.1.v1.1	1231.69834662	0.662183452211	1	5	1.08443698682	0.00331599059739	8.65793889656e-06	Ras- protein RABE1c	
PvWBCH1.3NG219800.1.v1.1	364.945403772	1.28209844742	2	427	0.810211502872	0.140062848188	1.59118953329e-06	RAB GTPase	
PvWBCH1.3NG219800.1.v1.1	358.204346531	3.2880437376	5	2915	0.807717265492	0.140444367867	5.95505096288e-07	Ethylene-responsive small GTP-binding protein	
PvWBCH1.3NG219800.1.v1.1	446.343023436	0.657166095647	1	75	0.801058600924	0.061361081711	9.12161384163e-07	Ran GTPase	
PvWBCH1.3NG219800.1.v1.1	77.9663012761	0.658599460486	1	2468	0.648953897287	0.0523912668915	2.66195497759e-07	Ras domain-containing protein	
PvWBCH1.3NG219800.1.v1.1	72.1544343401	2.75628109482	4	50418	0.618861773736	0.0	0.0	Ras-related protein ARA-3	
PvWBCH1.3NG245100.1.v1.1	300.723133858	37.2445363589	59	139352	0.968084829339	0.486405262728	3.93274903287e-05	glutathione transferase	
PvWBCH1.3NG271800.1.v1.1	2604.14153076	12.0818240834	20	220	1.64675065361	0.0284766240562	7.15279873439e-05	Glyoxysomal fatty acid beta-oxidation multifunctional protein MFP-a	
PvWBCH1.3NG271800.1.v1.1	600.621354746	0.594097151813	1	10	0.831562124668	0.00247845788306	4.59446742027e-09	Hydroxyacyl-CoA dehydrogenase/enoyl-CoA hydratase	
PvWBCH1.3NG271800.1.v1.1	602.213007335	0.595671510966	1	5	0.830885202934	0.0	0.0	3-hydroxyacyl-CoA dehydrogenase, conserved site-containing protein	
PvWBCH1.3NG271800.1.v1.1	304.788973001	19.7623498292	32	42949	0.748670662326	0.0693491793167	4.04407300509e-07	3-hydroxyacyl-CoA dehydrogenase	
PvWBCH1.3NG271800.1.v1.1	50.8106696226	1.19382502525	2	5634	0.613484893775	0.0059634254424	5.22054227644e-07	Crotonase	
PvWBCH1.3NG315700.1.v1.1	1263.78335396	45.3358782462	78	9728	1.28319983999	0.354103858322	0.000572674703485	GRAM domain-containing protein	
PvWBCH1.3NG315700.1.v1.1	1471.12988885	2.39283770851	4	20	1.17845195554	0.0	0.0	ABA-responsive protein	
PvWBCH1.3NG315700.1.v1.1	0	0.678880652271	1	1	0.59786188981	0.0148337436505	2.83769056328e-07	ABA-responsive protein, putative, expressed	
PvWBCH1.3NG322100.1.v1.1	4627.37031515	2.07387349349	3	30	2.44094812606	0.0	0.0	Germin-like protein 5-1	
PvWBCH1.3NG336500.1.v1.1	385.772972116	23.1806040868	37	53151	1.10083962175	0.672694621928	0.000114164037719	Peroxidase	
PvWBCH1.3NG389900.1.v1.1	1832.39303744	45.5476969157	73	4299	1.59526415679	0.513785104082	4.18325980564e-05	CP-type G domain-containing protein	
PvWBCH1.3NG389900.1.v1.1	403.85106416	2.41110481275	4	248	0.755248430871	0.00699623565847	1.54024511017e-08	Large subunit GTPase 1	
PvWBCH1.3NG389900.1.v1.1	15.4922524314	1.31039260057	2	48940	0.605164627589	0.0169202373767	4.03245240497e-08	GTP binding protein	
PvWBCH1.3NG401800.1.v1.1	278.713015757	34.6903324147	64	148003	0.821440973688	0.226328280705	8.89305621632e-05	AB hydrolase-1 domain-containing protein	
PvWBCH1.3NG401800.1.v1.1	460.533090757	0.614038469208	1	17	0.780443667577	0.0117555261861	1.19753467898e-07	Hydrolase, alpha/beta fold family protein, expressed	
PvWBCH1.3NG401800.1.v1.1	127.026050541	5.02337863418	10	14939	0.650866976004	0.018974574554	1.56367869324e-06	Bifunctional epoxide hydrolase 2	
PvWBCH1.3NG401800.1.v1.1	56.109914261	1.05865161842	2	3400	0.614153878299	0.00322624996831	5.57601216103e-09	Alpha/beta-Hydrolases superfamily protein	
PvWBCH1.4KG001600.1.v1.1	997.626145271	61.106519148	97	20846	1.24613771588	0.484994295359	0.00201406142006	homogentisate 1,2-dioxygenase	
PvWBCH1.4KG003800.2.v1.1	723.33553796	29.6421317057	52	12810	0.934311006161	0.103721693277	0.000214677031676	Polygalacturonase	
PvWBCH1.4KG003800.2.v1.1	383.635404436	17.8205496655	31	16456	0.789109146954	0.0861408172338	1.760229828e-05	Pectate lyase superfamily protein domain-containing protein	
PvWBCH1.4KG003800.2.v1.1	151.53639508	1.64793022902	3	902	0.657122486019	0.012279091723	4.6869383358e-07	Glycosyl hydrolases family 28	
PvWBCH1.4KG010300.2.v1.1	4383.11648302	47.3974813117	73	729	2.40146063275	0.109830415933	0.000195954929262	RuBisCO large subunit-binding protein subunit beta, chloroplastic	
PvWBCH1.4KG010300.2.v1.1	1801.79010456	4.08213698834	6	32	1.32496928925	0.026892839454	2.12560366062e-06	Chaperonin 60 subunit beta 2 chloroplastic	
PvWBCH1.4KG010300.2.v1.1	83.8381424788	1.2354175939	2	1353	0.624563221341	0.00193954997455	1.43140219524e-07	(wild Malaysian banana) hypothetical protein (Fragment)	
PvWBCH1.4KG012300.1.v1.1	4714.84458148	12.6085164867	21	151	2.52066619582	0.0843804923981	0.000335112798044	Multiple organellar RNA editing factor 2, chloroplastic	
PvWBCH1.4KG012300.1.v1.1	881.161807016	2.75899620762	5	207	0.943351474096	0.00167304998488	1.73986063319e-06	MORF/ORRM1/DAG-like MORF domain-containing protein (Fragment)	
PvWBCH1.4KG012300.1.v1.1	862.380957615	0.593482074095	1	9	0.936794689257	0.00347604401871	1.44048010456e-07	Putative peptidase S8 propeptide/proteinase inhibitor I9	
PvWBCH1.4KG012300.1.v1.1	366.777150556	0.591963129178	1	55	0.739868687655	0.0059581588847	1.61164493287e-07	DAG protein, chloroplastic	
PvWBCH1.4KG012300.1.v1.1	0	0.561433461549	1	1	0.591226724128	0.00231456730799	1.7272632514e-07	Plastid developmental protein DAG, putative (Fragment)	
PvWBCH1.4KG022800.1.v1.1	1877.48141156	5.1993227167	9	63	1.36103950307	0.0378241853349	6.01111396479e-06	Glycine cleavage T-protein family	
PvWBCH1.4KG022800.1.v1.1	996.696821115	12.9744972082	22	1392	1.01429431514	0.0483312729217	6.02511958509e-07	Transferase, mitochondrial	
PvWBCH1.4KG022800.1.v1.1	319.761818331	24.4963532584	40	48184	0.851864701949	0.252747669292	0.000185494575154	Aminomethyltransferase folate-binding domain-containing protein	
PvWBCH1.4KG022800.1.v1.1	0	0.56236610874	1	1	0.594388625111	0.0082804153217	2.49510515013e-07	Aminomethyl 32	
PvWBCH1.4KG036500.1.v1.1	1324.94617014	43.6530497229	72	8071	1.42692868824	0.578985890917	0.00438489980981	Saposin B-type domain-containing protein	
PvWBCH1.4KG036500.1.v1.1	147.741234683	2.27080504639	4	1756	0.665709780102	0.0313451059046	1.90049542346e-05	Cell cycle protein GpsB	
PvWBCH1.4KG036500.1.v1.1	128.110038043	1.69096127756	3	1295	0.655791780513	0.027447278468	3.53854041272e-05	Nucleophosmin	
PvWBCH1.4KG039800.1.v1.1	357.511592156	33.0337755432	54	68261	0.863584688872	0.246375978589	3.91678575453e-05	Esterase	
PvWBCH1.4KG039800.1.v1.1	194.662978744	8.52110844468	14	15318	0.681445093205	0.0256223224357	3.54081132881e-06	GDSL esterase/lipase	
PvWBCH1.4KG039800.1.v1.1	79.2264491577	1.28223933916	2	2094	0.63286065808	0.0210756194315	5.89059616853e-09	Alpha-L-fucosidase 2	
PvWBCH1.4KG039800.1.v1.1	10.3486562724	0.709816639841	1	36851	0.596148070615	0.00378982597343	1.70108307566e-08	Lipase	
PvWBCH1.4KG042500.1.v1.1	517.228547089	6.36768488541	11	8780	0.820204612011	0.0439871171751	1.0536524736e-06	Histone H2A/H2B/H3 domain-containing protein	
PvWBCH1.4KG085600.1.v1.1	951.336599229	61.3336453849	96	22698	1.00356248913	0.0623163476213	9.25998357774e-06	Pyruvate dehydrogenase E1 component subunit alpha	
PvWBCH1.4KG098300.1.v1.1	2152.94992893	10.2561560406	16	120	1.47943030003	0.0533015412245	2.55805998716e-05	CELLULOSE SYNTHASE INTERACTIVE 3	
PvWBCH1.4KG098300.1.v1.1	1902.88239523	2.6168036476	4	9	1.36050623515	0.0176476452773	1.25322766707e-06	Putative ARM repeat-containing protein containing family protein (Fragment)	
PvWBCH1.4KG098300.1.v1.1	406.913389765	44.6712465471	68	63695	0.885938471178	0.251265305907	0.000125157055289	C2 domain-containing protein	
PvWBCH1.4KG098300.1.v1.1	318.619229936	1.25471693399	2	82	0.724188188425	0.0127179174361	1.04578117607e-08	Armadillo/beta-catenin-like repeat	
PvWBCH1.4KG098300.1.v1.1	317.33952108	0.632407016865	1	21	0.720419799494	0.00657356708641	2.53342033746e-08	U-box domain-containing protein 10	
PvWBCH1.4KG098300.1.v1.1	219.649692235	1.32704624289	2	193	0.682948593952	0.009601352874	1.74586257033e-09	Binding	
PvWBCH1.4KG098300.1.v1.1	172.515667924	0.623197430986	1	69	0.662262394103	0.00614363439182	3.52703381528e-08	U-box domain-containing protein 13	
PvWBCH1.4KG098300.1.v1.1	54.5002929517	0.635716457359	1	719	0.613569385998	0.00333824301436	9.76938271935e-10	U-box domain-containing protein 4	
PvWBCH1.4KG107600.1.v1.1	1261.28267608	2.62034587009	4	61	1.10101225532	0.0122625441091	1.82556711339e-06	Alternative NAD(P)H-ubiquinone oxidoreductase C1, chloroplastic/mitochondrial	
PvWBCH1.4KG107600.1.v1.1	720.873384488	0.606373174145	1	8	0.882671666694	0.00815530683086	1.39272131058e-08	NAD(P)H dehydrogenase C1	
PvWBCH1.4KG107600.1.v1.1	301.103887029	16.5738150978	27	42804	0.710441554812	0.0	0.0	FAD/NAD(P)-binding domain-containing protein	
PvWBCH1.4KG107600.1.v1.1	64.1770505874	3.20895292972	5	35253	0.676137183716	0.114087473011	1.39239875516e-07	Alpha/beta hydrolase fold-3 domain-containing protein	
PvWBCH1.4KG107600.1.v1.1	31.7074743722	1.27725167037	2	22843	0.610492196107	0.0147343511078	1.3529818921e-08	NADH dehydrogenase	
PvWBCH1.4KG111200.1.v1.1	5531.33210495	63.5733913881	97	678	2.9216747723	0.224793571886	6.68611410977e-05	Formate dehydrogenase, mitochondrial	
PvWBCH1.4KG117700.1.v1.1	2127.31518419	59.2641739055	96	4438	1.56626091861	0.236465501016	0.000406470014886	Selenoprotein O	
PvWBCH1.4KG117700.1.v1.1	25.4905657772	0.553825371741	1	2692	0.600562049595	0.000690232599766	3.26358209099e-10	lipoyl(octanoyl) transferase	
PvWBCH1.4KG117700.1.v1.1	0	0.691103992832	1	1	0.591315538803	0.00248214840781	7.36289113485e-09	Protein adenylyltransferase SelO-like	
PvWBCH1.4KG144600.1.v1.1	3093.6044696	15.2068612635	25	216	1.84551495309	0.0340996333661	1.79781563441e-05	Alpha-glucan water dikinase, chloroplastic	
PvWBCH1.4KG144600.1.v1.1	556.169696895	0.588241519203	1	5	0.815904763973	0.0064846155371	1.94901831056e-06	STARCH EXCESS 1	
PvWBCH1.4KG144600.1.v1.1	368.180037547	19.2328863054	31	24385	0.796358904409	0.111483657684	2.75408662735e-05	Pyruvate phosphate dikinase AMP/ATP-binding domain-containing protein	
PvWBCH1.4KG144600.1.v1.1	36.984021177	4.09503638744	7	108592	0.613300499737	0.0160507241202	3.7413154065e-07	J domain-containing protein	
PvWBCH1.4KG145300.2.v1.1	1398.51554126	52.8884289703	87	9492	1.25765153414	0.204224442917	0.000318144481686	Glycosyltransferase 61 catalytic domain-containing protein	
PvWBCH1.4KG151300.2.v1.1	1.16057537856e-11	0.678015391028	1	730	0.59	0.0	0.0	Reticulon-like protein (Fragment)	
PvWBCH1.4KG161300.1.v1.1	1032.31025117	32.1366459383	51	10103	1.00292410047	0.0	0.0	DJ-1/PfpI domain-containing protein	
PvWBCH1.4KG161300.1.v1.1	0	0.504447013042	1	1	0.766475247713	0.332972152996	3.31256236609e-07	Putative DJ-1, Class I glutamine amidotransferase-like protein	
PvWBCH1.4KG166000.1.v1.1	576.011288904	40.1636314944	75	44261	0.820404515562	0.0	0.0	FAD-binding PCMH-type domain-containing protein	
PvWBCH1.4KG166000.1.v1.1	500.897699856	1.57475728994	3	90	0.816027367987	0.0484262246794	0.000119448201986	Tetrahydrocannabinolic acid synthase	
PvWBCH1.4KG166000.1.v1.1	464.327695389	0.486591764872	1	2	0.796301935108	0.0388127853881	4.03483758293e-06	Pollen allergen Tri a 4 (Fragment)	
PvWBCH1.4KG166000.1.v1.1	261.349036858	1.02112428034	2	139	0.726046631251	0.0594443291362	7.61032673064e-05	Cannabidiolic acid synthase	
PvWBCH1.4KG166000.1.v1.1	313.90238152	0.569768236723	1	30	0.716797771753	0.00233361007334	2.9028611436e-07	Putative FAD-binding Berberine family protein	
PvWBCH1.4KG182800.1.v1.1	1009.08397975	65.1448610571	100	21015	1.04559456726	0.0980390206314	1.47214806351e-05	Transmembrane 9 superfamily member	
PvWBCH1.4KG210900.1.v1.1	776.253177673	3.31981590417	5	1778	1.34197094581	0.832960644008	2.66707857529e-05	Glutaredoxin-dependent peroxiredoxin	
PvWBCH1.4KG219500.1.v1.1	1663.26747197	64.2818227537	96	7427	1.48449884737	0.432429529022	0.000210409863232	H(+)-exporting diphosphatase	
PvWBCH1.4KG235200.1.v1.1	3731.92517004	17.2544013141	28	141	2.14437363339	0.116233087001	1.46300218492e-06	Vacuolar-sorting receptor 6	
PvWBCH1.4KG235200.1.v1.1	731.592735195	21.3615170402	33	5623	0.988335909265	0.199428585783	8.32360727853e-05	PA domain-containing protein	
PvWBCH1.4KG235200.1.v1.1	807.550280599	12.6559744075	21	1620	0.91302011224	0.0	0.0	EGF-like calcium-binding domain-containing protein	
PvWBCH1.4KG235200.1.v1.1	296.62742362	0.588924040811	1	26	0.713173605697	0.00853327563342	8.14917681752e-09	RING FINGER AND PROTEASE ASSOCIATED DOMAIN-CONTAINING	
PvWBCH1.4KG237100.3.v1.1	584.658118083	63.6315228775	96	60029	0.91542634925	0.172759365703	3.19096852061e-05	Phosphoglycerate kinase	
PvWBCH1.4KG239800.1.v1.1	880.208456748	65.4534110139	99	27348	1.01855480211	0.144284488653	3.20213887513e-05	Tubulin beta chain	
PvWBCH1.4KG243800.1.v1.1	1025.35319172	35.9674324159	57	9079	1.18897953902	0.356298374142	6.20195162683e-06	L-ascorbate oxidase	
PvWBCH1.4KG243800.1.v1.1	1381.50356581	3.7372554939	6	54	1.17024102188	0.0521456151172	0.000120977443049	SKU5 similar 4	
PvWBCH1.4KG243800.1.v1.1	458.004495101	0.607919401011	1	13	0.978907004837	0.388122572557	1.21670836701e-05	L-ascorbate oxidase isogeny	
PvWBCH1.4KG243800.1.v1.1	153.872594757	5.07351617607	8	8017	0.651549037903	0.0	0.0	Plastocyanin-like domain-containing protein	
PvWBCH1.4KG243800.1.v1.1	21.3634074171	0.61508550605	1	6091	0.601927001753	0.00638041964405	8.18737282695e-07	Ferroxidase	
PvWBCH1.4KG245900.1.v1.1	4755.12883685	21.5139573466	36	144	2.57284065858	0.152428749084	9.43414481426e-05	Protein HEAT-STRESS-ASSOCIATED 32	
PvWBCH1.4KG245900.1.v1.1	1225.92389364	27.5477253639	45	3552	1.1512448857	0.133719553963	0.000198232269182	Phosphosulfolactate synthase	
PvWBCH1.4KG245900.1.v1.1	362.479328476	1.15158196624	2	71	0.739839371934	0.00914648622053	1.42355652387e-07	Aldolase-type TIM barrel family protein	
PvWBCH1.4KG269700.1.v1.1	2181.98890266	4.57641508213	7	278	1.93454487208	0.889391745112	0.0185843051217	Ras-related protein RABA3	
PvWBCH1.4KG269700.1.v1.1	546.746718188	0.630343476322	1	84	0.867162347881	0.110306541154	5.96896867715e-05	Ras-related protein RGP1	
PvWBCH1.4KG275100.1.v1.1	1137.13214365	62.1752431303	98	16207	1.1665646575	0.229635672361	0.000244684657875	1,4-alpha-glucan branching enzyme	SBE1
PvWBCH1.4NG029400.1.v1.1	351.368030028	32.90567079	53	68261	0.836392759001	0.199707403349	3.11607375823e-05	Esterase	
PvWBCH1.4NG029400.1.v1.1	207.823223602	9.22006498781	15	15318	0.681577251575	0.0159394621381	2.36004986843e-06	GDSL esterase/lipase	
PvWBCH1.4NG029400.1.v1.1	79.2615824274	1.30016599639	2	2094	0.630065792102	0.0157757717798	4.40929867346e-09	Alpha-L-fucosidase 2	
PvWBCH1.4NG029400.1.v1.1	10.3207236557	0.717501338319	1	36851	0.596133978352	0.00378431801793	1.69861080122e-08	Lipase	
PvWBCH1.4NG036500.2.v1.1	1846.76341614	5.97243330851	9	61	1.38164510929	0.0998863034788	9.95155086936e-08	Caffeoyl-CoA O-methyltransferase 1	
PvWBCH1.4NG036500.2.v1.1	1548.85985221	4.58007357238	7	51	1.26321493821	0.101266028951	9.90628291751e-08	Caffeoyl-CoA O-methyltransferase 2	
PvWBCH1.4NG036500.2.v1.1	1294.9115242	33.2441384086	51	3844	1.1080500683	0.000161242623336	1.6916815122e-09	Caffeoyl-CoA O-methyltransferase	
PvWBCH1.4NG036500.2.v1.1	319.88215927	7.85481353318	12	3516	0.848974540647	0.247198299073	0.000328921518346	Caffeoyl CoA 3-O-methyltransferase	
PvWBCH1.4NG036500.2.v1.1	412.611278309	1.27853925205	2	56	0.765173496253	0.0190937187167	0.000465700456506	norbelladine O-methyltransferase	
PvWBCH1.4NG036500.2.v1.1	0	2.00368692261	3	1	0.616078181762	0.0492041138989	6.97945873512e-08	Caffeoyl-CoA-3-O-methyl transferase	
PvWBCH1.4NG036500.2.v1.1	0	0.669230410023	1	1	0.601568525257	0.0217453482275	0.00217453482275	CCoAOMT	
PvWBCH1.4NG036500.2.v1.1	3.07753569181	0.568701163107	1	169409	0.591231014277	0.0	0.0	EF-hand domain-containing protein	
PvWBCH1.4NG037300.1.v1.1	710.777648626	48.664502948	72	24402	1.07844770675	0.385132831655	0.000812326103796	MPN domain-containing protein	
PvWBCH1.4NG037300.1.v1.1	749.846679073	11.4126539245	17	1206	0.914924515391	0.047142322744	2.06353955563e-05	Pre-mRNA-processing-splicing factor 8A	
PvWBCH1.4NG037300.1.v1.1	449.205443568	0.762468250509	1	15	0.786323533456	0.0313987198942	1.72423624606e-06	Splicing factor Prp8	
PvWBCH1.4NG055000.4.v1.1	1978.26246219	63.3548171558	95	5198	1.50837979282	0.239752649076	0.00029519671149	Sucrose synthase	
PvWBCH1.4NG073500.1.v1.1	961.086988597	62.3775939106	98	22698	1.01853022679	0.0831984508748	1.26194475428e-05	Pyruvate dehydrogenase E1 component subunit alpha	
PvWBCH1.4NG080700.1.v1.1	1901.28370513	53.127066257	90	5255	1.41886300494	0.128955532953	0.000154520957885	Starch synthase catalytic domain-containing protein	
PvWBCH1.4NG080700.1.v1.1	0	0.615211091447	1	1	0.592483742237	0.00466868841565	0.000466868841565	ZSSIIb	
PvWBCH1.4NG094400.1.v1.1	2212.84104281	63.4604248337	97	4236	1.59039277165	0.217462367823	6.49790744373e-05	Formate dehydrogenase, mitochondrial	
PvWBCH1.4NG138000.1.v1.1	929.291751106	26.9660544475	42	10099	0.961716700442	0.0	0.0	DJ-1/PfpI domain-containing protein	
PvWBCH1.4NG138000.1.v1.1	406.454215127	0.723471945037	1	38	0.929170517828	0.333186445159	7.92167356796e-07	4-methyl-5(B-hydroxyethyl)-thiazol monophosphate biosynthesis enzyme	
PvWBCH1.4NG138300.1.v1.1	704.699011083	28.9112974734	46	15318	1.18461130811	0.590049730557	0.000267323883288	GDSL esterase/lipase	
PvWBCH1.4NG138300.1.v1.1	89.964163242	7.59117227538	12	64632	0.742073891672	0.219034073053	8.38286989788e-06	Esterase	
PvWBCH1.4NG138300.1.v1.1	11.0118580412	0.707025240308	1	36851	0.609160659263	0.0278413415988	2.49934616151e-07	Lipase	
PvWBCH1.4NG163700.1.v1.1	1489.40770949	64.4844823253	100	9650	1.30299668659	0.221186580089	0.000235767251063	Coatomer subunit beta'	
PvWBCH1.4NG198100.1.v1.1	1552.60439273	61.6646049284	96	8526	1.42554315198	0.404719113629	1.32334212791e-05	4-coumarate--CoA ligase	
PvWBCH1.4NG206200.1.v1.1	584.665621316	63.5315106899	96	60029	0.916439931261	0.174666108494	3.22616483701e-05	Phosphoglycerate kinase	
PvWBCH1.4NG248100.1.v1.1	1872.70882873	2.52190034621	4	18	1.35493976865	0.0297925124042	0.00331027915602	DNA-binding protein MNB1B	
PvWBCH1.4NG248100.1.v1.1	477.14228296	30.2759366639	50	39953	0.931101800651	0.283475827285	0.000134950301437	HMG box domain-containing protein	
PvWBCH1.4NG248100.1.v1.1	354.82464018	1.86431898751	3	274	0.736227031386	0.00810777397198	2.75546109185e-06	High mobility group protein1	
PvWBCH1.4NG248100.1.v1.1	33.0426716913	0.689332932219	1	4311	0.603217068677	0.0	0.0	HMG-box domain-containing protein (Fragment)	
PvWBCH1.4NG251700.1.v1.1	520.67374121	5.94940976278	9	7112	0.942806417504	0.272710157958	2.6865122992e-05	Clathrin light chain	
PvWBCH1.5KG009200.1.v1.1	321.412375428	48.0913261332	74	132574	0.886315280609	0.316509582901	1.2575029454e-05	AAA+ ATPase domain-containing protein	
PvWBCH1.5KG009200.1.v1.1	537.978001578	5.15434155683	8	544	0.816452491255	0.021247707968	2.70042167092e-07	p-loop containing nucleoside triphosphate hydrolase superfamily protein	
PvWBCH1.5KG009200.1.v1.1	430.550728494	0.612653625304	1	12	0.764115901782	0.00357662315779	5.56007386925e-09	Putative AAA domain-containing protein C24B10.10c	
PvWBCH1.5KG009200.1.v1.1	123.223016538	1.87656832803	3	1374	0.645530214238	0.0117747256767	2.01506999602e-05	Spastin	
PvWBCH1.5KG009700.1.v1.1	1257.76823398	28.7318005884	47	4406	1.17403050967	0.152676596611	0.000230993566505	Water stress and hypersensitive response domain-containing protein	
PvWBCH1.5KG009700.1.v1.1	489.622231729	0.558844097607	1	11	0.787358547549	0.00284824825556	4.16410563679e-06	Putative desiccation-related protein LEA14	
PvWBCH1.5KG009700.1.v1.1	412.638821368	10.4002417749	17	5363	0.778936913931	0.0450585590374	1.74546806599e-05	Late embryogenesis abundant protein Lea14-A	
PvWBCH1.5KG009700.1.v1.1	39.7063220583	0.621489379354	1	2066	0.607801494545	0.00362065456216	9.40185552364e-07	Dehydrin	
PvWBCH1.5KG009700.1.v1.1	22.6702681223	0.56288039592	1	5187	0.599068107249	0.0	0.0	Late-embryogenesis-abundant protein	
PvWBCH1.5KG009700.1.v1.1	0	0.585825798008	1	1	0.591570468214	0.00296306540924	2.17734388732e-06	Desiccation protectant protein Lea	
PvWBCH1.5KG016800.1.v1.1	671.104397749	11.7727414678	19	9023	1.23690748637	0.714054470407	0.000842897722649	Trichome birefringence-like N-terminal domain-containing protein	LOC100278562
PvWBCH1.5KG033000.1.v1.1	420.513263306	49.0486253426	76	77870	0.852937859341	0.178737466386	8.48416749972e-05	Fe2OG dioxygenase domain-containing protein	
PvWBCH1.5KG033000.1.v1.1	228.960883059	3.74289684633	6	1530	0.690150099294	0.0161617755936	2.50270365651e-07	2-oxoglutarate (2OG) and Fe(II)-dependent oxygenase superfamily protein	
PvWBCH1.5KG033000.1.v1.1	55.0058034211	0.597374787113	1	675	0.613337912389	0.00251994589862	9.84738530135e-07	Flavonol synthase/flavanone 3-hydroxylase	
PvWBCH1.5KG033000.1.v1.1	21.4833418714	4.59752614418	7	254759	0.60214909142	0.00670897076076	8.40350841962e-09	2-oxoglutarate-Fe(II) type oxidoreductase	
PvWBCH1.5KG046700.1.v1.1	2486.53734248	59.5415963339	96	3318	1.83283132441	0.468289066767	0.00115910146731	galactinol--sucrose galactosyltransferase	
PvWBCH1.5KG062500.1.v1.1	1.34234192492e-09	0.642208567571	1	7851	0.592602120332	0.00490966060018	1.06913039506e-08	Histone H2A/H2B/H3 domain-containing protein	
PvWBCH1.5KG112700.1.v1.1	5904.56183014	54.2641438134	84	482	3.02847159326	0.144616576217	3.79022433175e-06	Transcription factor Pur-alpha 1	
PvWBCH1.5KG112700.1.v1.1	2406.21841037	3.1851992802	5	6	1.55953861122	0.01330385364	1.02321593909e-05	PUR ALPHA-1	
PvWBCH1.5KG112700.1.v1.1	167.549462501	0.623408363087	1	79	0.657324942893	0.000575754060298	4.12015779605e-07	PurA ssDNA and RNA-binding protein	
PvWBCH1.5KG130100.1.v1.1	886.385228295	67.5493927572	100	27245	1.03036149532	0.161899411865	3.57856141185e-05	Tubulin beta chain	
PvWBCH1.5KG147400.3.v1.1	678.583482428	64.1424631971	97	45088	1.02707093225	0.31252346676	5.09466317626e-06	S-adenosylmethionine synthase	
PvWBCH1.5KG232200.1.v1.1	2570.741994	1.8757233452	3	25	1.61897992815	0.00128872683902	5.26648916638e-06	Cytochrome P450 family 72 subfamily A polypeptide 8	
PvWBCH1.5KG232200.1.v1.1	1464.32316353	5.52289025127	9	668	1.22305177529	0.0892683424984	0.000514417777096	Secologanin synthase	
PvWBCH1.5KG249400.1.v1.1	1461.57758364	60.6237846493	97	9705	1.36647255304	0.361963035605	5.55356351842e-05	Iron-sulfur cluster assembly protein	
PvWBCH1.5KG255700.2.v1.1	277.29737989	44.1681826478	70	144565	0.804239681643	0.194944496521	7.32654880172e-06	AAA+ ATPase domain-containing protein	
PvWBCH1.5KG255700.2.v1.1	397.17085803	10.2786193727	16	3820	0.76409977145	0.0287378133281	1.93587080879e-05	Katanin p60 ATPase-containing subunit A-like 2	
PvWBCH1.5KG255700.2.v1.1	423.449096895	1.17602594345	2	44	0.761643096672	0.00427067307616	5.91696478928e-08	Holliday junction DNA helicase ruvB N-terminus	
PvWBCH1.5KG255700.2.v1.1	308.287387296	2.98843682248	5	536	0.722509335805	0.0173478832648	1.37798980434e-07	p-loop containing nucleoside triphosphate hydrolase superfamily protein	
PvWBCH1.5KG255700.2.v1.1	0	0.730848411668	1	1	0.593251222408	0.00613438129014	1.62081417164e-08	Vacuolar protein sorting factor 4B-like	
PvWBCH1.5KG263500.1.v1.1	625.614040231	55.1365071576	95	50375	0.954024008903	0.214665334672	0.000288271727151	chitinase	
PvWBCH1.5KG263500.1.v1.1	297.695912863	1.66944803562	3	204	0.712675877561	0.00678774551605	3.64608897335e-07	Acidic endochitinase	
PvWBCH1.5KG266500.1.v1.1	129.947616513	7.06003056784	11	139352	0.964162956756	0.607893670766	1.32322559373e-05	Glutathione S-transferase	
PvWBCH1.5KG274600.1.v1.1	1377.50041302	58.3240214864	90	10151	1.21760720552	0.144533199624	0.000222225537897	Farnesyl pyrophosphate synthase	
PvWBCH1.5KG283000.1.v1.1	654.488154682	0.54128027319	1	10	0.855223279133	0.00646771948875	6.29656216709e-06	Prenylcysteine oxidase / farnesylcysteine lyase	
PvWBCH1.5KG283000.1.v1.1	121.652317674	22.1528567787	35	483617	0.791674201085	0.288704131642	4.21229175385e-06	Methyltransferase type 11 domain-containing protein	
PvWBCH1.5KG283000.1.v1.1	60.5194803408	0.549782006648	1	1206	0.621120150645	0.0130421278987	1.53613495837e-06	S-adenosyl-L-methionine-dependent methyltransferases superfamily protein	
PvWBCH1.5KG299900.1.v1.1	829.902608691	63.3129007154	100	31040	1.00828271706	0.162865715355	0.000142222484378	Malic enzyme	
PvWBCH1.5KG309100.1.v1.1	2109.13592453	51.8874570037	83	3942	1.66658466211	0.439145963642	0.0091465784146	DUF642 domain-containing protein	
PvWBCH1.5KG309100.1.v1.1	276.628351421	0.58370896633	1	29	0.700651340568	0.0	0.0	Putative Galactose-binding domain-containing protein	
PvWBCH1.5KG315300.1.v1.1	1657.12570696	47.0805411963	73	5139	1.4831721626	0.434516086361	0.00141770243606	Formamidase	
PvWBCH1.5KG315300.1.v1.1	915.680620533	1.30844984767	2	13	0.96337081064	0.0133935104737	9.37711095245e-08	Pentatricopeptide (PPR) repeat protein-like	
PvWBCH1.5KG315300.1.v1.1	499.184601422	0.625609312616	1	2	0.789673840569	0.0	0.0	Acetamidase/formamidase, putative	
PvWBCH1.5KG315300.1.v1.1	130.239472448	3.17893897726	5	3791	0.642095788979	0.0	0.0	Acetamidase/Formamidase family protein	
PvWBCH1.5KG333000.1.v1.1	1637.16619423	35.6504195376	57	4445	1.69367672203	0.846811237546	1.44218100076e-05	protein-disulfide reductase	
PvWBCH1.5KG333000.1.v1.1	0	0.701478452466	1	1	0.599093378155	0.0171571708814	3.87940203225e-06	Probable nucleoredoxin 2	
PvWBCH1.5KG338400.1.v1.1	2457.32399214	3.31805931273	5	7	1.61535064791	0.0800361976536	9.33149269736e-05	Plastidic phosphate translocator-like protein1	
PvWBCH1.5KG338400.1.v1.1	709.315862222	48.4052348877	74	25538	0.940616317023	0.126207315792	4.73821963089e-06	Sugar phosphate transporter domain-containing protein	
PvWBCH1.5KG338400.1.v1.1	599.725277075	7.87232780746	12	945	0.859885792028	0.0565953516527	7.24110370343e-06	Putative sugar phosphate/phosphate translocator	
PvWBCH1.5KG340100.1.v1.1	878.089878803	66.9039025975	99	27481	1.02927568269	0.166111299665	3.71170854077e-05	Tubulin beta chain	
PvWBCH1.5KG346500.1.v1.1	518.716959612	22.5572058414	34	14684	0.990086704389	0.363369890786	0.000693921382093	TOG domain-containing protein	
PvWBCH1.5KG346500.1.v1.1	642.461687568	18.2162457074	28	6243	0.968513081875	0.229269043854	0.000790680284257	VHS domain-containing protein	
PvWBCH1.5KG346500.1.v1.1	50.5503009033	1.23542045221	2	4632	0.623486943823	0.0250317192308	6.13447488137e-07	ARM repeat superfamily protein	
PvWBCH1.5KG361700.1.v1.1	1074.88326125	57.6012374077	92	16202	1.23971469011	0.414642248535	4.96944531372e-05	UDP-glucuronate decarboxylase	
PvWBCH1.5KG361700.1.v1.1	19.2355664233	2.62634959407	4	102931	0.597694226569	0.0	0.0	NAD-dependent epimerase/dehydratase domain-containing protein	
PvWBCH1.5KG363600.1.v1.1	851.531064566	27.3116910478	41	11544	0.955350253184	0.0466747498031	1.04981101868e-05	Heat shock protein 70	
PvWBCH1.5KG363600.1.v1.1	739.027467688	1.34189981721	2	37	0.887586713133	0.00372770631867	2.08546477825e-06	Putative mediator of RNA polymerase II transcription subunit 37c	
PvWBCH1.5KG371100.1.v1.1	1351.97373682	2.65134077118	4	20	1.1403842578	0.0181032965025	7.96361218165e-07	Alpha-glucan phosphorylase, H isozyme	
PvWBCH1.5KG371100.1.v1.1	772.991256706	60.5176553931	93	31870	1.02490329089	0.237178711459	0.000103556522145	Alpha-1,4 glucan phosphorylase	
PvWBCH1.5KG392000.1.v1.1	998.400379832	1.28576281594	2	10	1.17316864231	0.346788492165	0.000529476326766	Putative methyltransferase PMT25	
PvWBCH1.5KG392000.1.v1.1	314.469643985	54.119857958	87	178420	0.87478856243	0.299931470759	0.0018512666677	Methyltransferase	
PvWBCH1.5KG392000.1.v1.1	334.653107932	0.578215773314	1	18	0.814464053163	0.170948042983	1.73604823049e-05	Probable methyltransferase PMT24	
PvWBCH1.5KG392000.1.v1.1	16.0842633923	1.13214746609	2	29465	0.596433705357	0.0	0.0	(NAC) domain-containing protein	
PvWBCH1.5KG444200.1.v1.1	2158.40353504	43.0815433529	67	2342	1.45336141402	0.0	0.0	Plectin/eS10 N-terminal domain-containing protein	
PvWBCH1.5KG444200.1.v1.1	554.984699288	0.723842226489	1	2	0.872502041701	0.114148961471	0.000460620307314	Small ribosomal subunit protein eS10z	
PvWBCH1.5KG444200.1.v1.1	554.984699288	0.723842226489	1	2	0.872502041701	0.114148961471	0.000460620307314	Small ribosomal subunit protein eS10y	
PvWBCH1.5KG444200.1.v1.1	588.77218452	11.719623617	18	2329	0.863371365766	0.0714380787389	1.55113299311e-05	40S ribosomal protein S10	
PvWBCH1.5NG003300.1.v1.1	1298.00940295	55.2338484678	90	11081	1.22672253899	0.221726731631	0.000180502177233	aminodeoxychorismate lyase	
PvWBCH1.5NG003300.1.v1.1	745.498381674	1.16713165222	2	15	0.889381578762	0.00223061509804	4.5142272156e-09	D-amino-acid transaminase, chloroplastic isoform X1	
PvWBCH1.5NG003300.1.v1.1	86.3308012248	0.592303005197	1	288	0.627168964741	0.004974800308	4.38815644868e-09	D-aminoacid aminotransferase-like PLP-dependent enzyme	
PvWBCH1.5NG005600.1.v1.1	6360.32045509	8.66698434958	14	47	3.22236709791	0.166401982447	0.00229325870723	Salt stress root protein RS1	
PvWBCH1.5NG005600.1.v1.1	1413.96607087	4.9722455038	8	313	1.21194598167	0.106338392474	1.02655026513e-05	Plasma membrane-associated cation-binding protein 1	
PvWBCH1.5NG010300.1.v1.1	318.985087468	47.3576022243	73	132574	0.894013546365	0.33286651029	1.3046180735e-05	AAA+ ATPase domain-containing protein	
PvWBCH1.5NG010300.1.v1.1	540.948281888	5.14255441441	8	544	0.81775083485	0.0214556917751	2.72685482695e-07	p-loop containing nucleoside triphosphate hydrolase superfamily protein	
PvWBCH1.5NG010300.1.v1.1	433.18115828	0.611610339272	1	12	0.76518600648	0.00361045859594	5.61267307445e-09	Putative AAA domain-containing protein C24B10.10c	
PvWBCH1.5NG010300.1.v1.1	123.839903582	1.87131488241	3	1374	0.647077482418	0.0142283660192	2.43497421893e-05	Spastin	
PvWBCH1.5NG032300.1.v1.1	1171.68040835	62.3753775838	97	15120	1.16235468874	0.195621046063	0.000168549491455	Malic enzyme	
PvWBCH1.5NG072800.1.v1.1	2832.34151147	14.7549291013	23	173	1.81879786877	0.180867818349	6.60229918274e-05	Galactose mutarotase N-terminal barrel domain-containing protein	
PvWBCH1.5NG072800.1.v1.1	493.327008086	37.7324125493	60	37281	0.806841012246	0.0368117120723	8.06851337508e-08	Alpha-glucosidase	
PvWBCH1.5NG072800.1.v1.1	61.5265797595	0.598048073576	1	602	0.615753241006	0.00215586543766	2.10051658226e-08	Glycoside hydrolase family 31	
PvWBCH1.5NG112200.1.v1.1	2143.89208555	36.5352582843	58	2652	1.60677399497	0.300404796838	0.00013092123637	Cysteine proteinase inhibitor	
PvWBCH1.5NG112200.1.v1.1	0	0.625907595527	1	1	0.590992837163	0.00187318132404	2.55305083029e-06	Multidomain cystatin	
PvWBCH1.5NG112300.1.v1.1	376.75078858	26.0250897841	41	61766	1.18633635334	0.840816754823	0.000157892560142	Peroxidase	
PvWBCH1.5NG129100.1.v1.1	6061.55043392	27.9703753127	47	245	3.06063694469	0.086823119124	2.58991073544e-05	Outer envelope pore protein 16-2, chloroplastic	
PvWBCH1.5NG129100.1.v1.1	147.409100373	2.8138746283	5	4191	0.655029966029	0.0114458866566	2.97569768708e-07	Mitochondrial import inner membrane translocase, subunit TIM22	
PvWBCH1.5NG129100.1.v1.1	8.16513737481	0.565526737811	1	53688	0.594396758325	0.00213340256404	8.2379305313e-10	Amino acid transporter	
PvWBCH1.5NG134900.2.v1.1	1126.36497293	58.6741649707	93	15367	1.29461570681	0.479374632946	5.81086668846e-05	UDP-glucuronate decarboxylase	
PvWBCH1.5NG134900.2.v1.1	13.4676593235	1.21800055143	2	45373	0.595387063729	0.0	0.0	NAD(P)-binding domain-containing protein	
PvWBCH1.5NG169800.1.v1.1	482.938190072	39.8233951896	63	57645	1.21552942372	0.81575365935	0.000235411572992	Peroxidase	
PvWBCH1.5NG174900.1.v1.1	371.703727747	62.2427759774	97	150116	0.857863108869	0.22487056969	1.07917348115e-05	RNA helicase	
PvWBCH1.5NG234800.1.v1.1	1733.08938844	51.8634097455	81	5125	1.35364194942	0.13283894152	7.77517668658e-05	Vacuolar protein sorting-associated protein 25	
PvWBCH1.5NG234800.1.v1.1	438.3396869	3.29823246732	5	324	0.768332697703	0.00565391843825	1.23085398826e-05	ESCRT-II complex subunit VPS25	
PvWBCH1.5NG234800.1.v1.1	115.448336987	3.1689765196	5	4309	0.636902342179	0.00136416477343	2.72006375947e-09	E2F/DP family winged-helix DNA-binding domain-containing protein	
PvWBCH1.5NG286600.1.v1.1	829.99405726	63.6139972599	100	31040	1.00639492406	0.159234943623	0.000139051912998	Malic enzyme	
PvWBCH1.5NG302600.1.v1.1	774.891835675	58.8421540318	97	34505	0.987638209476	0.165433673624	8.14092799228e-05	Chorismate mutase	
PvWBCH1.5NG350300.1.v1.1	794.053195592	25.369137993	38	11963	0.940417311702	0.061878920236	1.02870172428e-05	Heat shock protein 70	
PvWBCH1.5NG350300.1.v1.1	755.258662181	1.34189981721	2	37	0.895322376243	0.0060732894657	3.39770094156e-06	Putative mediator of RNA polymerase II transcription subunit 37c	
PvWBCH1.5NG350300.1.v1.1	149.033973459	0.660222492837	1	230	0.650131358815	0.000976922551292	2.39424197067e-08	HSP70 domain-containing protein	
PvWBCH1.5NG357200.1.v1.1	1350.53649706	2.65134077118	4	20	1.13787078741	0.0144456148632	6.35526905136e-07	Alpha-glucan phosphorylase, H isozyme	
PvWBCH1.5NG357200.1.v1.1	773.12175691	60.5922853462	93	31870	1.01633799492	0.220919552846	9.64574789449e-05	Alpha-1,4 glucan phosphorylase	
PvWBCH1.5NG360500.1.v1.1	4031.11255126	28.248139275	47	378	2.24864406838	0.0870522167502	0.00306864992941	Nematode resistance protein-like HSPRO2	
PvWBCH1.5NG360500.1.v1.1	3626.93332798	17.3426250189	28	176	2.04077333119	0.0	0.0	Hs1pro-1 C-terminal domain-containing protein	
PvWBCH1.5NG409300.1.v1.1	3588.49155767	39.2459769166	63	856	2.45131334767	0.802349878979	0.0335644371685	Coiled-coil domain-containing protein SCD2	
PvWBCH1.5NG409300.1.v1.1	302.783702478	0.669601844441	1	35	0.717890576974	0.0127869730707	1.27761423069e-08	Coiled-coil domain-containing protein SCD2-like isoform X1	
PvWBCH1.5NG409300.1.v1.1	237.851120636	6.75308758795	11	5767	0.685140448254	0.0	0.0	Coiled-coil domain-containing protein SCD2-like	
PvWBCH1.5NG409300.1.v1.1	116.129552195	1.26280776217	2	846	0.64659933014	0.0191462412469	7.0050669838e-08	Retrovirus-related Pol polyprotein LINE-1	
PvWBCH1.6KG004600.1.v1.1	829.363401334	38.5192758495	77	22659	1.15874684315	0.447115859182	0.00150386236653	SLH domain-containing protein	
PvWBCH1.6KG004600.1.v1.1	786.120488252	1.57182198649	3	42	0.915917808708	0.0216407752479	1.26314416184e-07	Oxidoreductase/transition metal ion-binding protein	
PvWBCH1.6KG004600.1.v1.1	513.173350203	0.500671846447	1	2	0.795269340081	0.0	0.0	Putative S-layer domain-containing protein	
PvWBCH1.6KG016800.1.v1.1	884.118312161	59.3597475733	91	24921	1.0124663458	0.129843972369	8.57792046443e-05	Carbohydrate kinase PfkB domain-containing protein	
PvWBCH1.6KG019300.1.v1.1	2649.72018832	52.4313177628	85	2590	1.88951322831	0.452122470846	1.21715791187e-05	L-gulonolactone oxidase	
PvWBCH1.6KG052700.1.v1.1	880.144205418	22.9346609727	38	7569	1.19578263003	0.478654859094	0.00189362722598	ACB domain-containing protein	
PvWBCH1.6KG052700.1.v1.1	927.995716492	1.24299043527	2	20	0.968719963292	0.0141918344519	2.21778600927e-07	Putative FERM/acyl-CoA-binding protein, 3-helical bundle	
PvWBCH1.6KG052700.1.v1.1	296.264486718	0.693036147894	1	61	0.72316008727	0.0276496085011	3.86400690208e-09	Acyl-CoA-binding domain-containing protein 2	
PvWBCH1.6KG052700.1.v1.1	288.327458691	6.06035119423	10	4924	0.705330983476	0.0	0.0	Acyl-CoA-binding protein	
PvWBCH1.6KG052700.1.v1.1	59.8644813923	0.612676283359	1	1167	0.621235886371	0.013754893736	6.69377959655e-09	Acyl-CoA-binding domain-containing protein 6	
PvWBCH1.6KG070500.2.v1.1	802.225417789	58.9872161092	92	29596	1.14031185029	0.432854268872	0.000446033865797	lactoylglutathione lyase	
PvWBCH1.6KG070500.2.v1.1	295.597278307	1.90763557749	3	228	0.71130235698	0.00578008391636	5.90579167927e-08	Glyoxalase I	
PvWBCH1.6KG070600.1.v1.1	807.758411915	58.3306906217	93	29538	1.05371440456	0.265293562712	0.00027257809019	lactoylglutathione lyase	
PvWBCH1.6KG070600.1.v1.1	292.95530512	1.85856077817	3	228	0.708777406105	0.00300996875758	3.0754308589e-08	Glyoxalase I	
PvWBCH1.6KG114300.1.v1.1	60.388305596	3.83970285668	6	351561	0.614155322238	0.0	0.0	C2H2-type domain-containing protein	
PvWBCH1.6KG115500.1.v1.1	311.281592936	11.8961261967	22	47821	0.714512637174	0.0	0.0	UDP-glucose 6-dehydrogenase	
PvWBCH1.6KG127700.1.v1.1	1552.55424338	61.9703087837	96	8526	1.43942125773	0.430942035025	1.40908512485e-05	4-coumarate--CoA ligase	
PvWBCH1.6KG130100.1.v1.1	651.533303918	12.064635613	20	9082	1.23843594619	0.73173331617	0.000198352778132	SMP domain-containing protein	
PvWBCH1.6KG130100.1.v1.1	403.290966395	1.22904264688	2	246	0.778586613607	0.0514531623234	2.55090029117e-06	Late embryogenesis abundant protein D-34	
PvWBCH1.6KG132700.2.v1.1	207.966582903	41.0873691927	71	350097	0.962642431042	0.546142060484	2.52911985797e-05	Glycosyltransferase	
PvWBCH1.6KG147500.1.v1.1	2666.28942415	51.248604403	86	2590	1.85642567323	0.377188109615	1.02737348572e-05	L-gulonolactone oxidase	
PvWBCH1.6KG173800.1.v1.1	699.226534948	61.6585159222	97	42393	1.13744855385	0.505203323135	8.93029109657e-06	D-3-phosphoglycerate dehydrogenase	
PvWBCH1.6KG200500.1.v1.1	994.050876221	61.6053044151	97	21008	1.04853288555	0.114928679734	1.67398930809e-05	Transmembrane 9 superfamily member	
PvWBCH1.6KG238300.1.v1.1	806.644587115	13.54919542	22	6900	1.20217845151	0.546264792313	1.38368447102e-05	HTH OST-type domain-containing protein	LOC123152260
PvWBCH1.6KG238300.1.v1.1	77.3551948974	0.622640902867	1	1584	0.641279601926	0.0383726833188	9.04052378499e-08	RNA polymerase II degradation factor 1	LOC123152260
PvWBCH1.6KG246800.1.v1.1	1093.62533099	63.9651504461	97	17346	1.08457255283	0.107777559366	1.56982993669e-05	Transmembrane 9 superfamily member	
PvWBCH1.6KG252500.1.v1.1	549.001272054	61.1179748053	96	68151	0.923211900044	0.214358679315	6.45592872825e-05	Malate dehydrogenase [NADP], chloroplastic	
PvWBCH1.6NG020100.1.v1.1	2682.20299982	2.75186941277	4	17	2.02887012984	0.687661872486	0.0764068747206	Probable calcium-binding protein CML7	
PvWBCH1.6NG020100.1.v1.1	329.163469893	0.618392570725	1	57	0.798056048095	0.144100953326	0.000857743769795	Probable calcium-binding protein CML13	
PvWBCH1.6NG020100.1.v1.1	20.0721392616	0.659561780951	1	17353	0.686902531442	0.167686118918	1.63556321792e-06	Calmodulin	
PvWBCH1.6NG020100.1.v1.1	147.898005884	16.2108023551	25	193764	0.649159202354	0.0	0.0	EF-hand domain-containing protein	
PvWBCH1.6NG042500.1.v1.1	890.039271068	34.611803443	56	11089	1.37430330487	0.807955407768	0.00356151628109	MSP domain-containing protein	
PvWBCH1.6NG042500.1.v1.1	1529.66892826	9.4182843551	16	278	1.2018675713	0.0	0.0	Vesicle-associated protein 1-1	
PvWBCH1.6NG042500.1.v1.1	601.778489563	0.702728265527	1	2	0.857726828431	0.0509589239457	0.000360145725892	27k vesicle-associated membrane protein-associated protein	
PvWBCH1.6NG042500.1.v1.1	221.983755074	2.53872188701	4	959	0.719565399696	0.076928104838	1.05090703567e-07	Vesicle-associated membrane protein-associated protein A	
PvWBCH1.6NG050800.1.v1.1	1035.44297284	32.1634057315	53	7577	1.28082940129	0.521882908537	0.0027135315692	ACB domain-containing protein	
PvWBCH1.6NG050800.1.v1.1	549.317246138	0.619866688699	1	5	0.809726898455	0.0	0.0	Putative acyl-CoA-binding protein-like	
PvWBCH1.6NG050800.1.v1.1	336.136563663	1.18743476829	2	98	0.7426533031	0.0343343292652	7.41562187153e-05	Acyl-CoA-binding protein, ACBP	
PvWBCH1.6NG050800.1.v1.1	356.334754518	1.24587443438	2	96	0.735269016654	0.00516059401427	9.38376919217e-10	Acyl-CoA binding protein (ACBP)	
PvWBCH1.6NG050800.1.v1.1	319.832939651	8.00951695077	13	4924	0.71793317586	0.0	0.0	Acyl-CoA-binding protein	
PvWBCH1.6NG050800.1.v1.1	247.383176545	0.689471978564	1	61	0.699427393325	0.0197624955689	2.76179025384e-09	Acyl-CoA-binding domain-containing protein 2	
PvWBCH1.6NG050800.1.v1.1	50.2238148594	0.612476668929	1	1167	0.615272908325	0.0097799665772	4.75939269221e-09	Acyl-CoA-binding domain-containing protein 6	
PvWBCH1.6NG093300.1.v1.1	1180.23472561	55.1472964027	83	12172	1.13827389801	0.143735797163	1.7632431342e-06	ADP-ribosylation factor 1	
PvWBCH1.6NG093300.1.v1.1	441.745263921	1.3228866338	2	50	0.788737667812	0.0415839540329	3.33030729404e-06	GTP-binding ADP-ribosylation factor Arf1	
PvWBCH1.6NG093300.1.v1.1	491.979633478	0.658885939851	1	9	0.788261552088	0.00277033587128	7.103425311e-05	ADP-ribosylation factor-like protein A1D	
PvWBCH1.6NG093300.1.v1.1	170.402849233	0.6614433169	1	84	0.658734049737	0.00108096226487	2.17356699837e-09	Putative small GTPase superfamily, ARF/SAR type, P-loop containing nucleoside triphosphate hydrolase	
PvWBCH1.6NG099100.1.v1.1	1088.4562537	62.4600623756	96	17346	1.08804281107	0.11822635611	1.70426868892e-05	Transmembrane 9 superfamily member	
PvWBCH1.6NG111100.2.v1.1	1552.5488118	61.9330627972	96	8526	1.45400963999	0.458471349905	1.49909870414e-05	4-coumarate--CoA ligase	
PvWBCH1.6NG112900.1.v1.1	629.965583315	10.9459289462	18	9082	1.21884666617	0.711050874351	0.000173471703261	SMP domain-containing protein	
PvWBCH1.6NG112900.1.v1.1	341.91386841	0.653810140915	1	110	0.736792883664	0.0189194847553	4.6898690957e-07	Late embryogenesis abundant protein D-34-like	
PvWBCH1.6NG115600.1.v1.1	209.907957479	41.1552618877	73	350097	0.964240752433	0.547692543193	2.60774503097e-05	Glycosyltransferase	
PvWBCH1.6NG115600.1.v1.1	140.184378068	0.452395655221	1	95	0.648625892986	0.00481507508914	7.59808920447e-06	Scopoletin glucosyltransferase	
PvWBCH1.6NG120700.1.v1.1	340.153015796	15.5865951642	25	39779	1.05469733641	0.620060418536	0.000205413244065	UspA domain-containing protein	
PvWBCH1.6NG120700.1.v1.1	871.065071597	1.1838113465	2	35	0.954000170025	0.029385169083	8.86227149213e-08	Adenine nucleotide alpha hydrolase-like superfamily protein	
PvWBCH1.6NG120700.1.v1.1	236.998969543	1.30099862516	2	571	0.698469612879	0.0257924923199	2.06609281057e-07	Universal stress protein A-like protein isoform X3	
PvWBCH1.6NG158300.1.v1.1	210.720523636	7.11553519199	12	37913	1.09706970308	0.797696086075	0.000128400062144	SCP domain-containing protein	
PvWBCH1.6NG158300.1.v1.1	266.32491703	2.82120335816	5	3732	0.696529966812	0.0	0.0	Ferredoxin-related	
PvWBCH1.6NG158300.1.v1.1	87.6328932084	0.558978064817	1	1353	0.637888918958	0.0242183845314	8.93667325885e-07	(wild Malaysian banana) hypothetical protein (Fragment)	
PvWBCH1.6NG158300.1.v1.1	0	0.530685287788	1	1	0.617152178846	0.0512240760954	0.00017092579549	Competence regulatory protein ComQ (Fragment)	
PvWBCH1.6NG158500.1.v1.1	1469.87586824	17.6964050846	28	2373	1.2260738812	0.0907990925963	7.41407943087e-07	12-oxophytodienoate reductase 3	
PvWBCH1.6NG158500.1.v1.1	1030.0728684	2.44183120272	4	92	1.00202914736	0.0	0.0	12-oxophytodienoate reductase-like protein	
PvWBCH1.6NG158500.1.v1.1	792.872975592	0.619664433037	1	4	0.919605160575	0.023491543575	0.000272612167818	12-oxo-phytodienoic acid reductase7	
PvWBCH1.6NG228400.1.v1.1	3028.20270464	62.6405821152	97	2243	1.89424959464	0.175294130054	0.00313119270545	monodehydroascorbate reductase (NADH)	
PvWBCH1.6NG228400.1.v1.1	6.66163337151	0.61454813333	1	42804	0.592664653349	0.0	0.0	FAD/NAD(P)-binding domain-containing protein	
PvWBCH1.7KG055700.1.v1.1	1088.15893561	8.34264089173	13	312	1.03900287034	0.0259231969306	8.59798528e-08	Probable aldo-keto reductase 2	
PvWBCH1.7KG055700.1.v1.1	484.929646244	51.0626061485	80	58832	0.936184200275	0.287192872631	5.96412140219e-06	NADP-dependent oxidoreductase domain-containing protein	
PvWBCH1.7KG055700.1.v1.1	667.848002623	1.90083385773	3	43	0.867442748425	0.0194213690616	0.000511088659515	Auxin-induced protein PCNT115	
PvWBCH1.7KG055700.1.v1.1	451.121630525	0.619191741843	1	5	0.808233232227	0.0712908117776	2.24887346659e-05	Aldo/keto reductase AKR1	
PvWBCH1.7KG055700.1.v1.1	209.150093269	0.628952509885	1	48	0.679026142953	0.01012466094	1.76734187989e-06	Putative perakine reductase	
PvWBCH1.7KG055700.1.v1.1	101.058027483	0.650660878524	1	220	0.630423210993	0.0	0.0	Aldo-keto reductase-like protein	
PvWBCH1.7KG056200.1.v1.1	527.89803595	53.31527348	84	58832	0.980795302806	0.338935737008	7.39059628381e-06	NADP-dependent oxidoreductase domain-containing protein	
PvWBCH1.7KG056200.1.v1.1	656.616801611	4.78975018518	7	307	0.858283082386	0.0106346441604	1.68396299083e-08	Probable aldo-keto reductase 2	
PvWBCH1.7KG090500.2.v1.1	1090.45833471	58.9892495347	92	16195	1.1406891569	0.216040482509	0.000218364261114	1,4-alpha-glucan branching enzyme	
PvWBCH1.7KG090500.2.v1.1	27.1055884206	1.29138048477	2	12495	0.60264051766	0.00339298487983	1.52832376951e-08	Glycosyl hydrolase family 13 catalytic domain-containing protein	
PvWBCH1.7KG104200.1.v1.1	591.555073486	57.5121674834	94	57346	1.0180717482	0.36122000922	0.000155696045748	L-ascorbate peroxidase	
PvWBCH1.7KG117800.1.v1.1	410.080558578	48.3141162384	79	92388	0.863748116531	0.207010958916	4.24370251787e-06	NADP-dependent oxidoreductase domain-containing protein	
PvWBCH1.7KG117800.1.v1.1	330.151380374	2.40041689316	4	352	0.723661092403	0.00301988394102	8.82191353855e-08	Aldose reductase	
PvWBCH1.7KG117800.1.v1.1	322.021589696	1.19694434792	2	92	0.720083392493	0.00240507591869	3.31887130965e-06	Non-functional NADPH-dependent codeinone reductase 2	
PvWBCH1.7KG117800.1.v1.1	0	0.651167730752	1	1	0.596493616097	0.0122521056177	5.96245206779e-09	NAD(P)H-dependent 6	
PvWBCH1.7KG131500.1.v1.1	1032.01366532	26.3364127674	42	8225	1.14777933286	0.273508872226	0.000708222794733	Bet v I/Major latex protein domain-containing protein	
PvWBCH1.7KG131500.1.v1.1	287.518317166	0.626672737158	1	60	0.709104333054	0.00772967889742	1.3818584836e-05	Salt tolerant protein	
PvWBCH1.7KG134800.1.v1.1	938.714326544	2.48035322191	4	41	1.01464434635	0.0927521032012	5.1848078346e-08	ATP-dependent 6-phosphofructokinase 2	PFK
PvWBCH1.7KG134800.1.v1.1	708.138376724	56.0033442338	90	36723	0.886993672994	0.0259212082817	4.09576746933e-06	ATP-dependent 6-phosphofructokinase	PFK
PvWBCH1.7KG160800.2.v1.1	3204.68624767	4.01061059226	6	40	1.90195161322	0.0567457995519	9.20194874091e-05	Hydroxycinnamoyltransferase 1	
PvWBCH1.7KG160800.2.v1.1	822.740163461	2.57926888982	4	251	0.966828480784	0.0900611134788	1.26278907548e-06	Anthranilate N-benzoyltransferase protein 1	
PvWBCH1.7KG160800.2.v1.1	798.644295971	5.71771701462	9	1309	0.924790987605	0.0289306161022	2.13410332948e-06	Shikimate O-hydroxycinnamoyltransferase	
PvWBCH1.7KG160800.2.v1.1	353.676572043	0.629864098954	1	81	0.732195427962	0.00136753706763	2.24951598107e-07	Hydroxycinnamoyl-CoA shikimate/quinate hydroxycinnamoyl transferase	
PvWBCH1.7KG173500.1.v1.1	2010.50598143	63.3399308935	97	5137	1.62776401532	0.440671221328	0.000293772065328	Phenylalanine ammonia-lyase	
PvWBCH1.7KG202400.1.v1.1	762.273091412	41.2123514858	61	20198	1.09949526555	0.385996238169	0.000401138002872	Aquaporin	
PvWBCH1.7KG202400.1.v1.1	832.378881664	4.00518073161	6	160	0.948780379455	0.0487323699395	3.35360966132e-05	Plasma membrane intrinsic protein 1	
PvWBCH1.7KG202400.1.v1.1	3.09678123454	0.656911288013	1	260692	0.597325602464	0.0114846976291	1.13154970025e-08	Transmembrane protein	
PvWBCH1.7KG203600.1.v1.1	217.149015904	47.6159837011	81	350365	1.10074791558	0.79978770756	4.12104402908e-05	Glycosyltransferase	
PvWBCH1.7KG203600.1.v1.1	937.050853126	1.15028727223	2	11	0.96482034125	0.0	0.0	Putative cis-zeatin O-glucosyltransferase	
PvWBCH1.7KG203600.1.v1.1	371.228129728	0.532151383895	1	15	0.740568553525	0.00391943702985	3.90488741933e-10	Cis-zeatin O-glucosyltransferase 1	
PvWBCH1.7KG203600.1.v1.1	22.4086357563	0.549479328912	1	4373	0.598963454303	0.0	0.0	UDP-glycosyltransferases domain-containing protein	
PvWBCH1.7KG230700.1.v1.1	7654.33150255	18.166799913	30	95	3.69251700949	0.0769358606552	0.000420116305041	Multiple organellar RNA editing factor 2, chloroplastic	
PvWBCH1.7KG230700.1.v1.1	1337.8230311	2.87710878512	5	78	1.12939105812	0.00804112869053	2.37379769635e-06	Plastid developmental protein DAG	
PvWBCH1.7KG234800.1.v1.1	2.09161171141e-13	0.619116516741	1	98	1.11888401097	0.997888959257	0.00014312807792	Embryonic protein DC-8	
PvWBCH1.7KG240100.1.v1.1	1642.15074495	47.7376049338	73	4948	1.41295028772	0.313356927805	0.000540899962757	UDP-N-acetylglucosamine diphosphorylase	
PvWBCH1.7KG240100.1.v1.1	396.379984062	8.33720103373	13	2590	0.808562587169	0.113224958841	6.82679126636e-05	UDP-N-acetylglucosamine pyrophosphorylase	
PvWBCH1.7KG277200.1.v1.1	1.36115968865e-14	0.610683556049	1	25	0.766684976735	0.333251437276	0.00308574892337	Orphans transcription factor	
PvWBCH1.7KG291000.1.v1.1	2437.88861788	8.05496960217	13	286	1.83031853389	0.499913433405	0.010448351502	Stem-specific protein TSJT1	
PvWBCH1.7KG291000.1.v1.1	1816.31203414	5.34651349249	9	227	1.31652481366	0.0	0.0	Stem-specific protein TSJT1-like	
PvWBCH1.7KG292600.1.v1.1	785.530270832	62.9058191959	97	33636	1.04389778371	0.263539848679	0.000477778638749	Phosphomannomutase	
PvWBCH1.7KG293000.1.v1.1	3725.08636648	18.9747617414	30	156	2.12084574648	0.0770021191904	3.8360954874e-06	K(+) efflux antiporter 2 chloroplastic	
PvWBCH1.7KG293000.1.v1.1	984.08845649	33.2809302299	52	6876	1.06739657646	0.158019353859	0.000546816157624	RCK N-terminal domain-containing protein	
PvWBCH1.7KG293000.1.v1.1	28.8741989993	0.639698386612	1	2944	0.604716945989	0.00597594180769	8.61537707208e-07	Glutathione-regulated potassium-efflux system protein kefC	
PvWBCH1.7KG293000.1.v1.1	0	3.08638828166	5	1	0.593276188152	0.0061814815913	1.45426076162e-07	Cation/H+ exchanger transmembrane domain-containing protein	
PvWBCH1.7KG298400.1.v1.1	538.317374077	46.0814806048	84	61766	1.14920887107	0.648824389515	0.000249750023736	Peroxidase	
PvWBCH1.7NG050900.1.v1.1	485.307763432	60.0199519473	96	87124	0.9698209191	0.350362136007	0.000294082162214	transketolase	
PvWBCH1.7NG099500.1.v1.1	1090.24062375	58.1607389651	92	16195	1.14856051287	0.231055834967	0.000233541778361	1,4-alpha-glucan branching enzyme	
PvWBCH1.7NG099500.1.v1.1	27.3936577009	1.28699471374	2	12495	0.602041098745	0.00204459524594	9.20960046698e-09	Glycosyl hydrolase family 13 catalytic domain-containing protein	
PvWBCH1.7NG110900.1.v1.1	1189.27439089	34.5533158435	57	8469	1.52672043082	0.869829859557	4.24451138497e-05	Subtilisin-like protease	
PvWBCH1.7NG110900.1.v1.1	27.2951806899	0.577053226244	1	4473	0.60814782878	0.0136410407173	2.46188177324e-07	Subtilisin	
PvWBCH1.7NG127400.1.v1.1	216.943655183	50.6497746201	84	352708	0.897189413729	0.415871264817	9.06514084213e-06	NADP-dependent oxidoreductase domain-containing protein	
PvWBCH1.7NG127400.1.v1.1	504.669375805	2.83791021414	5	205	0.795522607748	0.00689440979758	4.10116485593e-05	Non-functional NADPH-dependent codeinone reductase 2	
PvWBCH1.7NG127400.1.v1.1	84.6849346988	0.624089250452	1	352	0.629389907552	0.0104074202354	4.73954242357e-08	Aldose reductase	
PvWBCH1.7NG127400.1.v1.1	0	0.656891939422	1	1	0.592193800823	0.0041392467593	2.01435256674e-09	NAD(P)H-dependent 6	
PvWBCH1.7NG141400.2.v1.1	1008.78655913	25.9216195221	41	8225	1.12959680875	0.256734366151	0.000648551731584	Bet v I/Major latex protein domain-containing protein	
PvWBCH1.7NG141400.2.v1.1	569.385730958	1.24959863007	2	60	0.825877655859	0.0153250331978	5.47940669124e-05	Salt tolerant protein	
PvWBCH1.7NG142000.1.v1.1	1356.45533645	49.3651401725	79	9180	1.17799668151	0.0856802351281	0.000201115708139	Agmatine deiminase	
PvWBCH1.7NG170500.1.v1.1	2384.25152509	15.588178375	24	237	1.54370061004	0.0	0.0	CLIP-associated protein	
PvWBCH1.7NG170500.1.v1.1	855.15544664	44.0108954688	68	14684	1.20933136032	0.523074010254	0.00199781131753	TOG domain-containing protein	
PvWBCH1.7NG178200.1.v1.1	2010.46385006	63.5069263144	97	5137	1.6575668945	0.496933450743	0.00033127911624	Phenylalanine ammonia-lyase	
PvWBCH1.7NG243500.1.v1.1	4595.80968922	14.4526452328	22	154	2.47816568473	0.0940404375186	1.88578106463e-05	Gamma-aminobutyrate transaminase 1, mitochondrial	
PvWBCH1.7NG243500.1.v1.1	3896.59255352	3.27496089904	5	11	2.16851043917	0.0373501757023	0.00389123184257	Adenosylmethionine aminotransferase1	
PvWBCH1.7NG243500.1.v1.1	34.1499030711	3.23366247417	5	138546	0.621560783716	0.0337597620709	0.000407429483269	Aminotransferase	
PvWBCH1.7NG270400.1.v1.1	1512.09448755	61.5836344289	96	8978	1.2900784466	0.17969858331	2.01212211417e-05	NADPH--cytochrome P450 reductase	
PvWBCH1.7NG274800.2.v1.1	3173.40135759	55.0892328256	89	1839	2.03552612698	0.332385220637	7.08504447344e-05	UDP-arabinopyranose mutase	
PvWBCH1.7NG274800.2.v1.1	1035.50370532	1.32556617354	2	2	1.01442489905	0.0191449755134	0.00382899510267	Amylogenin	
PvWBCH1.7NG276800.1.v1.1	3688.19666291	2.40283030997	4	63	2.24189839916	0.333233896148	0.000288451760353	UVB-resistance protein UVR8	
PvWBCH1.7NG293600.1.v1.1	1272.73750646	54.846946961	88	11151	1.40251925937	0.572497972184	1.65762762239e-05	4-coumarate--CoA ligase	
PvWBCH1.7NG293600.1.v1.1	374.435457853	1.2031593352	2	62	0.740818493953	0.00197039767552	2.1755719219e-09	AMP dependent CoA ligase, putative	
PvWBCH1.7NG293600.1.v1.1	228.133863691	1.20311833243	2	167	0.738401238635	0.107825722813	3.00341266341e-06	AMP-dependent synthetase and ligase family protein	
PvWBCH1.7NG298100.1.v1.1	544.495373032	47.0481501781	86	61766	1.16070631039	0.665854552477	0.00026241813111	Peroxidase	
PvWBCH1.8KG041700.1.v1.1	4783.91399826	24.083987193	40	363	2.62351316609	0.226266469726	0.00131689139401	Abscisic stress ripening	
PvWBCH1.8KG041700.1.v1.1	361.154314587	0.595963511362	1	39	0.73637935063	0.00361815878617	3.19269963307e-08	ABA/WDS induced protein	
PvWBCH1.8KG070500.1.v1.1	1148.9763576	2.65871340304	5	102	1.06480768533	0.0287106591322	2.46473015458e-05	Probable mediator of RNA polymerase II transcription subunit 37c	
PvWBCH1.8KG070500.1.v1.1	667.897086778	18.0268681242	35	13876	0.908093425184	0.0961025612207	1.16512937945e-05	Heat shock protein 70	
PvWBCH1.8KG070500.1.v1.1	741.820612569	0.537475245512	1	2	0.89052579323	0.0071651689524	4.32897638051e-07	Early-responsive to dehydration 2	
PvWBCH1.8KG070500.1.v1.1	9.9578863702	0.498104361892	1	46771	0.594646616602	0.00125181482717	9.77063778953e-09	Chaperone protein DnaK	
PvWBCH1.8KG089500.1.v1.1	3154.97135605	6.59976197382	11	39	1.9050575906	0.100129844097	1.1540576952e-05	Xylanase inhibitor protein 1	
PvWBCH1.8KG089500.1.v1.1	795.245373844	33.1924307004	55	15525	1.19794365142	0.546816769747	0.00163069578356	GH18 domain-containing protein	
PvWBCH1.8KG091300.1.v1.1	4419.90405121	13.8231814112	23	62	2.4516197271	0.176713060916	9.21643585075e-06	Light-induced protein, chloroplastic	
PvWBCH1.8KG091300.1.v1.1	1479.94111671	1.85884814385	3	3	1.20758312741	0.048314490911	2.70076194884e-08	Plastid-lipid-associated protein 2	
PvWBCH1.8KG091300.1.v1.1	1098.42943872	36.5660519668	61	7024	1.1863283823	0.296110812285	0.000893815124687	Plastid lipid-associated protein/fibrillin conserved domain-containing protein	
PvWBCH1.8KG091300.1.v1.1	600.720041951	2.30100192835	4	93	0.83028801678	0.0	0.0	Chromoplast-specific carotenoid-associated protein C1, chromoplastic-like	
PvWBCH1.8KG091300.1.v1.1	148.208551548	0.576801832845	1	96	0.650981946789	0.00320476632287	9.57535027383e-10	2-alkenal reductase (NAD(P)(+))	
PvWBCH1.8KG091300.1.v1.1	93.0946296281	0.550992521794	1	222	0.628885214078	0.00310822243058	2.16944337648e-07	PAP fibrillin	
PvWBCH1.8KG091300.1.v1.1	0	0.579658534352	1	1	0.59	0.0	0.0	Probable plastid-lipid-associated protein 1-chloroplastic	
PvWBCH1.8KG100900.1.v1.1	440.857785902	65.9526640467	98	105846	0.824227250025	0.109214992262	9.48827233347e-06	Alcohol dehydrogenase 1	ADH1
PvWBCH1.8KG100900.1.v1.1	11.3137397053	1.30198797167	2	60858	0.596272927215	0.00329703991124	9.01430857935e-09	Enoyl reductase (ER) domain-containing protein	ADH1
PvWBCH1.8KG139700.1.v1.1	1385.95637136	61.0136469144	96	10607	1.39743982684	0.477370670543	0.00254114563479	Xyloglucan endotransglucosylase/hydrolase	
PvWBCH1.8KG139700.1.v1.1	9.54364607114	0.565035494307	1	18822	0.596357118414	0.00479180319159	2.14705761788e-07	GH16 domain-containing protein	
PvWBCH1.8NG007300.1.v1.1	889.432962653	12.4951962819	20	5409	0.945773185061	0.0	0.0	Non-specific lipid-transfer protein	
PvWBCH1.8NG048200.1.v1.1	988.853313055	63.5917235417	96	21008	1.04820162959	0.11822634625	1.70426854679e-05	Transmembrane 9 superfamily member	
PvWBCH1.8NG111400.1.v1.1	4097.25240996	60.0014876376	93	1123	2.29826637048	0.130876344277	4.72014683369e-05	Bifunctional dihydrofolate reductase-thymidylate synthase	
PvWBCH1.8NG111400.1.v1.1	375.756688492	3.58641641526	6	477	0.743143147269	0.00535695994051	6.41552088683e-05	DHFR domain-containing protein	
PvWBCH1.8NG128600.1.v1.1	2067.1895925	43.955370473	73	3460	1.51205515085	0.179583081025	1.40455745467e-05	Succinate dehydrogenase assembly factor 2, mitochondrial	
PvWBCH1.8NG128600.1.v1.1	990.319587126	1.13205073852	2	3	1.03937030212	0.10045579185	4.48792945624e-05	Putative flavinator of succinate dehydrogenase	
PvWBCH1.8NG128600.1.v1.1	560.099194556	0.640259613903	1	5	0.816052344297	0.00379748340087	1.36097356323e-08	TPR repeat region family protein	
PvWBCH1.8NG128600.1.v1.1	31.9253190917	0.576057282579	1	2487	0.604799372771	0.00382876415376	6.61807156104e-09	Ankyrin repeat family protein	
PvWBCH1.8NG130700.2.v1.1	3324.08100653	20.0435206764	31	371	2.05809154277	0.260803028271	0.0116767589536	Obtusifoliol 14-alpha demethylase	
PvWBCH1.8NG130700.2.v1.1	1654.51477542	12.0360659834	19	540	1.27342043461	0.0407817641934	9.47114750495e-06	Sterol 14-demethylase	
PvWBCH1.8NG130700.2.v1.1	624.472799682	0.618200272839	1	9	0.839789119873	0.0	0.0	Obtusifoliol-14-demethylase	
PvWBCH1.8NG151200.1.v1.1	1647.60373491	0.516252275786	1	4	1.26294030063	0.0262241629323	1.57576644883e-08	RNA polymerase II transcription elongation factor DSIF/SUPT5H/SPT5	
PvWBCH1.8NG151200.1.v1.1	839.567353273	0.998267270938	2	144	0.949333559362	0.044352096868	3.35632788388e-07	Protein RNA-directed DNA methylation like	
PvWBCH1.8NG151200.1.v1.1	266.823870327	1.75258369124	3	4394	0.73979082958	0.0812461012521	4.23892702185e-05	BURP domain-containing protein	
PvWBCH1.8NG151200.1.v1.1	324.050174318	0.558915999321	1	303	0.724811683501	0.00979548812225	2.53446130037e-07	Inactive purple acid phosphatase-like protein	
PvWBCH1.9KG006700.1.v1.1	1765.10857078	9.92744355568	16	183	1.34986229508	0.101451870452	0.0024687713578	ADP-ribosylation factor GTPase-activating protein AGD8	
PvWBCH1.9KG006700.1.v1.1	1197.6634502	3.72622428198	6	56	1.15135363021	0.155162209785	0.00261394708995	ADP-ribosylation factor GTPase-activating protein AGD10	
PvWBCH1.9KG006700.1.v1.1	893.171604995	39.269521525	62	11182	0.947268641998	0.0	0.0	Arf-GAP domain-containing protein	
PvWBCH1.9KG006700.1.v1.1	720.624915509	1.94166767083	3	42	0.913099337348	0.0657444560212	0.000240472632389	Probable ADP-ribosylation factor GTPase-activating protein AGD9	
PvWBCH1.9KG006700.1.v1.1	113.854443711	2.40504476752	4	2580	0.677798571822	0.0797297848367	4.18719965514e-07	ADP-ribosylation factor GTPase-activating protein 3	
PvWBCH1.9KG006700.1.v1.1	12.9795477967	0.679315334869	1	15649	0.603587360081	0.0158406427887	1.42076754758e-08	Zinc finger protein	
PvWBCH1.9KG006700.1.v1.1	0	0.679315334869	1	1	0.598395547103	0.0158406427887	3.21246374462e-07	Rev interacting-like family protein, putative, expressed	
PvWBCH1.9KG020900.1.v1.1	309.707544371	47.7918508839	79	147815	0.972827549831	0.488565504865	0.00024072519964	AB hydrolase-1 domain-containing protein	
PvWBCH1.9KG020900.1.v1.1	800.302256537	1.32378661816	2	17	0.91900096486	0.016754821543	3.41362513603e-07	Hydrolase, alpha/beta fold family protein, expressed	
PvWBCH1.9KG020900.1.v1.1	53.9730363234	7.43383019232	12	116955	0.636390398708	0.0467945667679	3.18957215024e-06	Soluble epoxide hydrolase	
PvWBCH1.9KG021600.1.v1.1	799.854383109	56.0052176748	88	28011	1.07766241698	0.316421972228	0.000850922611861	Galactokinase	
PvWBCH1.9KG021600.1.v1.1	548.087403946	0.725059427447	1	3	0.815464183147	0.0117532461231	5.61694167406e-08	Galactose kinase	
PvWBCH1.9KG021600.1.v1.1	464.399010336	0.614349294113	1	9	0.775759604134	0.0	0.0	Galactokinase, putative	
PvWBCH1.9KG021600.1.v1.1	0	0.725059427447	1	1	0.596229224942	0.0117532461231	2.24839234095e-07	Galactokinase, putative, expressed	
PvWBCH1.9KG021600.1.v1.1	0	0.612642361839	1	1	0.59	0.0	0.0	GHMP_kinases_N domain-containing protein/GHMP_kinases_C domain-containing protein/GalKase_gal_bdg domain-containing protein	
PvWBCH1.9KG029500.1.v1.1	1613.34081197	2.53388132712	4	88	1.47401228046	0.45033197832	3.57954009692e-07	Actin-depolymerizing factor 3	
PvWBCH1.9KG029500.1.v1.1	439.513882747	6.94811714407	11	8915	0.765805553099	0.0	0.0	ADF-H domain-containing protein	
PvWBCH1.9KG032100.2.v1.1	954.407716492	24.8516315116	40	9104	1.32559861852	0.66755195979	0.00164966191303	Trichome birefringence-like N-terminal domain-containing protein	
PvWBCH1.9KG032100.2.v1.1	0	0.677279613893	1	1	0.599940541349	0.0187557209083	4.6337718164e-07	Probable xylan O-acetyltransferase 11	
PvWBCH1.9KG056000.1.v1.1	336.279302466	44.3242873799	74	139466	1.08009501787	0.670908133865	9.92969651386e-05	Glutathione S-transferase	
PvWBCH1.9KG065700.3.v1.1	689.300430934	67.1286866479	100	45014	1.04497598517	0.338218300193	5.68474636247e-06	S-adenosylmethionine synthase	SAMS
PvWBCH1.9KG072500.1.v1.1	2163.75958823	5.70947139207	9	373	1.58816026692	0.250276241254	0.000501188136854	Isoflavone 2'-hydroxylase	
PvWBCH1.9KG072500.1.v1.1	1349.68414555	0.611590497748	1	11	1.16672011087	0.0695165833564	0.000133173531334	Putative ferulate 5-hydroxylase	
PvWBCH1.9KG074200.1.v1.1	802.647873309	60.443317366	96	31871	1.03568134989	0.235132264465	0.000105020223483	Alpha-1,4 glucan phosphorylase	
PvWBCH1.9KG074400.3.v1.1	531.151699366	0.747103406996	1	9	0.979037082547	0.333163022004	5.69294956232e-08	UDP-glucose 6-dehydrogenase 3	
PvWBCH1.9KG074400.3.v1.1	482.658526759	0.743691984923	1	12	0.959350966298	0.332618025751	9.73408100889e-08	UDP-glucose 6-dehydrogenase 4	
PvWBCH1.9KG074400.3.v1.1	612.676331703	62.2555632484	94	52175	0.836016818867	0.00178544561276	5.69235967615e-10	UDP-glucose 6-dehydrogenase	
PvWBCH1.9KG080100.1.v1.1	1615.52716021	3.73848347455	6	41	1.26541514884	0.0551023411675	2.19672810743e-06	Lysosomal beta glucosidase	
PvWBCH1.9KG080100.1.v1.1	1164.99399332	1.3314126556	2	2	1.06611992255	0.0190885041546	0.000270900864963	Beta-D-glucan exohydrolase isoenzyme ExoI	
PvWBCH1.9KG080100.1.v1.1	423.946004443	1.272706361	2	69	0.767005215611	0.0139985793091	0.000378339981328	Beta-glucosidase BoGH3B	
PvWBCH1.9KG080100.1.v1.1	320.795839454	7.10880874405	11	3759	0.754224408582	0.0677472887037	4.89374072259e-07	Glycosyl hydrolase family 3 N terminal domain containing protein, expressed	
PvWBCH1.9KG080100.1.v1.1	278.407551161	28.8878746037	46	82366	0.701363020464	0.0	0.0	Beta-glucosidase	
PvWBCH1.9KG080100.1.v1.1	0	1.9039492184	3	1	0.618690159521	0.054132373089	8.91972322372e-08	Exhydrolase II	
PvWBCH1.9KG080200.1.v1.1	2013.72002271	4.40070759181	7	41	1.45215273759	0.106914394442	4.97266526455e-06	Lysosomal beta glucosidase	
PvWBCH1.9KG080200.1.v1.1	416.659866145	1.37138442191	2	93	0.783695941304	0.0509980953584	0.00015021530297	Exoglucanase	
PvWBCH1.9KG080200.1.v1.1	228.079825049	0.646622158713	1	69	0.684567636974	0.00629057886375	8.5007822483e-05	Beta-glucosidase BoGH3B	
PvWBCH1.9KG080200.1.v1.1	114.309992971	28.6758525449	45	537927	0.635723997188	0.0	0.0	Beta-glucosidase	
PvWBCH1.9KG080200.1.v1.1	84.3367650898	2.00665865333	3	4856	0.625552495186	0.00342979063788	5.58348663645e-09	Glycoside hydrolase family 3 N-terminal domain-containing protein	
PvWBCH1.9KG080200.1.v1.1	0	0.635338419251	1	1	0.602966896655	0.0244657006661	3.76511244477e-06	Beta-D-glucan exohydrolase, isoenzyme ExoII	
PvWBCH1.9KG080200.1.v1.1	0	0.632759219251	1	1	0.6027972779	0.0241458050531	6.10994896949e-08	Cell wall beta-glucosidase	
PvWBCH1.9KG080200.1.v1.1	0	0.635338419251	1	1	0.594314021893	0.00813699389323	7.07564686367e-05	Beta-D-glucan exohydrolase	
PvWBCH1.9KG088900.1.v1.1	877.807073542	61.3247968506	94	25032	1.20803250422	0.503545046466	0.00154000900506	Endoglucanase	
PvWBCH1.9KG088900.1.v1.1	246.269856429	1.95129077211	3	322	0.695618971246	0.0134170313073	1.0408804328e-07	Glycoside hydrolase family 9 domain-containing protein	
PvWBCH1.9KG088900.1.v1.1	11.5393038023	0.656473513777	1	16357	0.594847307342	0.000436953869078	1.35388817338e-08	cellulase	
PvWBCH1.9KG097200.1.v1.1	1145.79878192	68.3386374306	100	16297	1.14039695385	0.173729572355	3.83866296378e-05	Tubulin alpha chain	
PvWBCH1.9KG103900.1.v1.1	518.273827262	52.1825777437	85	63328	0.988227606601	0.360214312321	0.000224508299408	C2 domain-containing protein	
PvWBCH1.9KG103900.1.v1.1	229.808060415	1.82718777548	3	395	0.681923224166	0.0	0.0	Calcium-dependent lipid-binding (CaLB domain) family protein	
PvWBCH1.9KG103900.1.v1.1	22.7368950919	1.767069097	3	37337	0.618983951153	0.0375267436001	9.50405055087e-07	D-aminoacyl-tRNA deacylase	
PvWBCH1.9KG104900.1.v1.1	6963.10180601	46.3546139121	70	251	3.67884697216	0.572714739676	0.00337188662432	Dynamin-related protein 1C	
PvWBCH1.9KG104900.1.v1.1	565.986267128	0.75207371632	1	3	0.819547421723	0.00594889169055	1.13802113681e-07	Dynamin-related protein 1C, putative, expressed	
PvWBCH1.9KG104900.1.v1.1	210.889916697	7.86228246018	12	7868	0.694987141471	0.0389267252303	5.21002232663e-07	Dynamin-type G domain-containing protein	
PvWBCH1.9KG104900.1.v1.1	71.662311248	1.28369945322	2	1816	0.620713051277	0.00386438497918	1.36942662007e-07	Dynamin	
PvWBCH1.9KG104900.1.v1.1	7.9513525485	0.75207371632	1	48940	0.593180541019	0.0	0.0	GTP-binding protein	
PvWBCH1.9KG112500.1.v1.1	3835.17491031	6.43132341008	10	26	2.44525108665	0.606001879704	6.31411784132e-06	Beta-glucosidase 7	
PvWBCH1.9KG112500.1.v1.1	494.817320454	0.650930965216	1	16	0.799307193939	0.021472198367	3.11403396038e-08	Beta-glucosidase 8	
PvWBCH1.9KG112500.1.v1.1	386.581845966	1.29031029438	2	103	0.766445810314	0.0411566150997	3.29622097546e-06	Beta-glucosidase 44	
PvWBCH1.9KG112500.1.v1.1	287.611877862	27.3352746285	44	83462	0.705044751145	0.0	0.0	Beta-glucosidase	
PvWBCH1.9KG112500.1.v1.1	217.443977036	0.589710179998	1	68	0.682653625623	0.0107094995985	1.06697441318e-09	Beta-glucosidase 1	
PvWBCH1.9KG112500.1.v1.1	0	0.634173946113	1	1	0.59	0.0	0.0	Putative non-cyanogenic beta-glucosidase	
PvWBCH1.9KG115100.2.v1.1	1765.68110761	58.7313592444	95	6454	1.55261024828	0.483564369165	0.00243447880608	Lipoxygenase	
PvWBCH1.9KG115100.2.v1.1	448.965426695	0.587829752612	1	2	0.771917369585	0.00439845114011	9.90126275985e-07	Putative linoleate 9S-lipoxygenase 3	
PvWBCH1.9KG121800.1.v1.1	375.339525137	5.1203426389	8	3130	0.764665571555	0.04628254132	7.30022145191e-07	Nitrate transporter	
PvWBCH1.9KG121800.1.v1.1	164.130261271	3.7147762472	6	8613	0.696325500544	0.0767414437082	2.15435273747e-05	Peptide transporter PTR2	
PvWBCH1.9KG121800.1.v1.1	74.8597435883	11.3275267937	18	383371	0.655677730539	0.0674222685411	1.53882758679e-06	Major facilitator superfamily (MFS) profile domain-containing protein	
PvWBCH1.9KG129700.1.v1.1	822.021186792	58.4174661069	99	31242	1.04934354868	0.246264410646	0.000746816051816	Deoxyuridine 5'-triphosphate nucleotidohydrolase	
PvWBCH1.9KG134700.1.v1.1	346.924120291	27.4461963493	44	74417	1.1893292948	0.868974249451	0.000164723809215	VOC domain-containing protein	
PvWBCH1.9KG134700.1.v1.1	26.4662441574	1.30325053563	2	28675	0.620775217588	0.0380918965096	7.38746355574e-07	Lactoylglutathione lyase	
PvWBCH1.9KG158400.1.v1.1	1604.83555875	51.5599297236	83	6619	1.41677261157	0.348750740267	2.4786597777e-05	Subtilisin-like protease	
PvWBCH1.9KG158400.1.v1.1	577.457366473	0.72110711802	1	2	0.829831411996	0.0166952130982	1.2325143452e-07	Cucumisin-like serine protease, putative, expressed	
PvWBCH1.9KG158400.1.v1.1	532.250851816	0.664655112358	1	5	0.807023740287	0.00777999727105	5.0355817509e-08	Subtilisin-like serine proteinase (Fragment)	
PvWBCH1.9KG158400.1.v1.1	48.8683526039	0.606820554846	1	988	0.609996925629	0.000848271125842	4.45226030394e-08	Peptidase inhibitor I9	
PvWBCH1.9KG185700.1.v1.1	1555.09022535	2.44795542361	5	358	1.35100249881	0.262199674223	2.90667834167e-05	Low-temperature-induced 65 kDa protein	LOC103643388
PvWBCH1.9KG185700.1.v1.1	22.1980037043	0.529978430249	1	82030	0.641461945884	0.080344780779	5.2947932214e-07	Pentatricopeptide repeat-containing protein	LOC103643388
PvWBCH1.9KG191900.1.v1.1	358.036350463	38.8622556037	63	72680	0.81430880014	0.153005585483	6.49824484426e-05	Fe2OG dioxygenase domain-containing protein	
PvWBCH1.9KG191900.1.v1.1	357.786714772	13.4114915889	22	8671	0.748790601742	0.029577144688	1.45741569883e-06	Probable prolyl 4-hydroxylase 3	
PvWBCH1.9KG191900.1.v1.1	170.123477027	2.38312228714	4	1211	0.664007544627	0.0112417958639	1.00404823972e-07	2-oxoglutarate (2OG) and Fe(II)-dependent oxygenase superfamily protein	
PvWBCH1.9KG191900.1.v1.1	132.15992193	0.59236247314	1	124	0.644169861187	0.0024639466628	3.4172239624e-08	Protein modifying enzyme	
PvWBCH1.9KG191900.1.v1.1	10.8408684057	0.602287694132	1	18744	0.594336347362	0.0	0.0	O-fucosyltransferase family protein	
PvWBCH1.9KG191900.1.v1.1	2.572609536	0.589279349858	1	254651	0.593635589769	0.00491801118658	1.27665144966e-09	Oxidoreductase	
PvWBCH1.9KG207500.1.v1.1	2244.44157813	49.0406692742	79	3152	1.55529373103	0.127274234474	0.00308777552507	ALOG domain-containing protein	
PvWBCH1.9KG207500.1.v1.1	1327.43589706	3.14244006205	5	37	1.1228310593	0.00350298624956	5.88835254871e-06	Protein LIGHT-DEPENDENT SHORT HYPOCOTYLS 3	
PvWBCH1.9KG284600.2.v1.1	1157.5746381	0.663141140545	1	5	1.05959508937	0.0123871760038	1.54262386898e-06	POT family protein, expressed	
PvWBCH1.9KG284600.2.v1.1	358.757585201	2.48934287288	4	1467	0.773527150554	0.0755161190772	2.866814954e-05	Peptide transporter PTR2	
PvWBCH1.9KG284600.2.v1.1	376.303798518	1.19833994651	2	309	0.747488039038	0.0131443733556	8.76361729874e-08	Proton-dependent oligopeptide or low-affinity nitrate transporter	
PvWBCH1.9KG284600.2.v1.1	56.2913975478	6.32850638765	10	383371	0.691396835502	0.148830639132	1.88715009819e-06	Major facilitator superfamily (MFS) profile domain-containing protein	
PvWBCH1.9KG284600.2.v1.1	173.269246957	0.557116418743	1	315	0.689079505486	0.0561725900922	1.66976926383e-05	NPF family transporter	
PvWBCH1.9KG290600.1.v1.1	2951.21399577	53.9912388403	85	2005	2.01922310859	0.469314485937	4.16367343856e-05	Mitochondrial carnitine/acylcarnitine carrier-like protein	
PvWBCH1.9KG290600.1.v1.1	874.432309122	1.42906064207	2	16	0.950831234077	0.0208647332994	8.89706659535e-08	Carnitine/acylcarnitine translocase	
PvWBCH1.9KG290600.1.v1.1	3.19188106639	0.627863634771	1	195719	0.593956218358	0.0050555960786	4.72660720156e-10	Transporter	
PvWBCH1.9KG293500.1.v1.1	3984.86770618	48.1094378212	82	1080	2.28164508423	0.184153620765	0.0048291374476	Tobamovirus multiplication protein 2A	
PvWBCH1.9KG293500.1.v1.1	242.509552656	1.09841800635	2	152	0.68862522102	0.00305924067424	1.20024351148e-07	Tetraspanin family	
PvWBCH1.9KG319800.1.v1.1	379.838187376	54.7950617727	97	143509	0.92447895951	0.344419691743	6.23968185652e-05	glutathione transferase	
PvWBCH1.9KG321100.1.v1.1	389.046054061	55.519226894	99	139352	0.885239455123	0.263434521726	3.68491701831e-05	glutathione transferase	
PvWBCH1.9KG321200.1.v1.1	389.126295277	56.1047858052	99	139352	0.89978440259	0.290817121403	4.05067857064e-05	glutathione transferase	
PvWBCH1.9KG328200.1.v1.1	872.036489827	62.395300651	99	27839	1.03402025931	0.179628367244	0.000131436767346	Pyruvate, phosphate dikinase	
PvWBCH1.9KG329200.1.v1.1	361.930828818	22.9411143951	38	61837	1.07957248503	0.65056206617	0.000112921727945	Peroxidase	
PvWBCH1.9KG334500.1.v1.1	165.31116022	25.7496675036	45	350097	0.907168422225	0.47366732092	1.39024510685e-05	Glycosyltransferase	
PvWBCH1.9KG335200.1.v1.1	5346.8463725	1.0299666346	2	6	2.9416801851	0.400250276748	0.0404494712345	Brassinosteroid synthesis1	
PvWBCH1.9KG335200.1.v1.1	0	0.514500627806	1	1	0.695479724249	0.199018145064	5.36827731946e-06	Steroid 22-alpha-hydroxylase protein	
PvWBCH1.9KG341600.1.v1.1	727.566890743	1.84912468694	3	327	0.954344198471	0.13833479404	6.66409366969e-08	S-norcoclaurine synthase 1	
PvWBCH1.9KG341600.1.v1.1	134.699509695	5.25609355139	9	77036	0.749459685266	0.199206836109	1.29125172924e-05	Fe2OG dioxygenase domain-containing protein	
PvWBCH1.9KG344300.5.v1.1	2171.7271456	63.3785704235	95	4312	1.58944933776	0.246702650288	0.000303743302825	Sucrose synthase	
PvWBCH1.9KG358700.1.v1.1	636.401830619	50.4768942563	79	39646	1.06986777086	0.42510258735	0.000133365782412	t-SNARE coiled-coil homology domain-containing protein	
PvWBCH1.9KG358700.1.v1.1	607.438446481	2.60587230814	4	116	0.834171542755	0.00225690899935	1.19643505219e-07	Plant SNARE 13	
PvWBCH1.9KG375900.1.v1.1	2001.58476229	63.3843859079	97	5181	1.51803898157	0.240375531806	0.000302240038265	Sucrose synthase	
PvWBCH1.9KG379800.1.v1.1	325.593093028	50.2004313017	84	151187	0.861805677467	0.267110069111	5.18132162509e-06	ABC transporter domain-containing protein	SUFC
PvWBCH1.9KG379800.1.v1.1	167.507171619	1.65331487869	3	620	0.70386721838	0.0884230627905	6.3226517624e-06	Probable ATP-dependent transporter ycf16	SUFC
PvWBCH1.9KG379800.1.v1.1	0	0.679427830552	1	1	0.682694020554	0.174894323187	1.46324315614e-06	ATP-dependent transporter ycf16, putative, expressed	SUFC
PvWBCH1.9KG379800.1.v1.1	119.633281617	0.542749228131	1	131	0.63931320595	0.00275451549026	4.65294051868e-09	Thiamine biosynthesis protein S	SUFC
PvWBCH1.9KG379800.1.v1.1	61.0044575052	3.29116126545	6	18474	0.627624335232	0.0249481065684	2.78745738497e-06	FeS cluster assembly protein SufC	SUFC
PvWBCH1.9KG381100.1.v1.1	801.874896813	62.7149553832	97	32254	1.00321457943	0.174459598797	5.1667221228e-05	phosphoglycerate mutase (2,3-diphosphoglycerate-independent)	
PvWBCH1.9KG395300.1.v1.1	5778.75482977	27.0461792973	45	245	2.97860191718	0.145470321178	3.57525665153e-05	Outer envelope pore protein 16-2, chloroplastic	
PvWBCH1.9KG395300.1.v1.1	585.421468847	3.60026317816	6	423	0.828409502415	0.00800166994368	1.49030877158e-06	Mitochondrial inner membrane translocase subunit Tim17/Tim22/Tim23/peroxisomal protein PMP24	
PvWBCH1.9KG395300.1.v1.1	16.5759281369	1.15625480794	2	53688	0.600954892312	0.00815947345468	6.30140570978e-09	Amino acid transporter	
PvWBCH1.9KG404800.1.v1.1	576.396918834	57.9884842952	92	56160	0.90624801325	0.161675176504	7.01084307658e-05	Asparagine synthetase [glutamine-hydrolyzing]	
PvWBCH1.9KG404800.1.v1.1	80.1394574648	3.15162136376	5	8571	0.62498453897	0.00552595190863	7.36311611459e-08	Glutamine amidotransferase type-2 domain-containing protein	
PvWBCH1.9KG413800.1.v1.1	1103.3341981	63.2365776323	96	16188	1.27112886492	0.452441610681	5.66009855333e-05	UDP-glucuronate decarboxylase	
PvWBCH1.9KG413800.1.v1.1	18.2514539126	2.66867596304	4	102931	0.597300581565	0.0	0.0	NAD-dependent epimerase/dehydratase domain-containing protein	
PvWBCH1.9KG422400.1.v1.1	775.918914584	49.3335610776	80	27029	1.15757671948	0.485283302441	0.000450167845986	LIM zinc-binding domain-containing protein	
PvWBCH1.9KG422400.1.v1.1	336.666884913	1.21436301305	2	87	0.72694454808	0.00429766323218	1.63006380891e-06	Pollen-specific protein SF3	
PvWBCH1.9KG422400.1.v1.1	24.4242448912	1.1852670197	2	15649	0.605036145878	0.0099366935192	1.7824695463e-08	Zinc finger protein	
PvWBCH1.9KG437600.1.v1.1	1437.85070299	28.3446854323	45	4347	1.60901496789	0.837400959562	0.00260890634037	Senescence domain-containing protein	
PvWBCH1.9KG437600.1.v1.1	1002.7911498	1.27205420681	2	18	0.99111645992	0.0	0.0	Senescence/dehydration-associated protein-related	
PvWBCH1.9KG437600.1.v1.1	337.216075454	0.653423635275	1	42	0.737170015125	0.0231765219017	1.41676779657e-06	Protein EARLY-RESPONSIVE TO DEHYDRATION 7, chloroplastic	
PvWBCH1.9KG439300.1.v1.1	753.061286562	60.4335167019	96	35841	1.01722979508	0.237735461228	0.000274300287778	Purple acid phosphatase	
PvWBCH1.9KG439300.1.v1.1	5.31063364874	0.631165528662	1	73516	0.592305665006	0.000342285867643	1.8143867122e-09	Calcineurin-like phosphoesterase domain-containing protein	
PvWBCH1.9KG440300.1.v1.1	1104.97613978	64.9639479316	99	17346	1.09081353275	0.110986314833	1.64989821941e-05	Transmembrane 9 superfamily member	
PvWBCH1.9KG450300.1.v1.1	619.42918408	0.657139221309	1	6	0.9597732747	0.230190425615	3.3774612106e-05	Atypical receptor-like kinase MARK	
PvWBCH1.9KG450300.1.v1.1	548.30200444	4.55804049028	7	614	0.944011857448	0.254127100613	0.000184617328033	Putative inactive receptor kinase	
PvWBCH1.9KG450300.1.v1.1	137.935415233	31.4081275632	49	459323	0.93858482464	0.553604837842	4.72453205348e-06	Protein kinase domain-containing protein	
PvWBCH1.9KG450300.1.v1.1	221.94301474	0.729544094058	1	96	0.689852866176	0.0208974688084	9.05780880198e-08	Leucine Rich Repeat family protein, expressed	
PvWBCH1.9KG452300.1.v1.1	323.483441255	4.3820240095	8	1257	0.72791372452	0.0160756606622	1.23933701628e-05	Hexose transporter	
PvWBCH1.9KG452300.1.v1.1	264.079955599	14.1318615663	25	19607	0.710819945502	0.0286548494692	4.46521791365e-05	Sugar transport protein 13	
PvWBCH1.9KG452300.1.v1.1	150.08392154	35.5812260868	62	383629	0.696625619762	0.087909269055	6.92735190021e-06	Major facilitator superfamily (MFS) profile domain-containing protein	
PvWBCH1.9KG452300.1.v1.1	57.2173294057	0.541827716892	1	614	0.615529821056	0.00498658338032	5.12829399448e-09	Sugar/inositol transporter	
PvWBCH1.9KG469900.1.v1.1	886.897971709	7.95647516382	13	511	0.976479851803	0.0598501629669	3.83734332717e-06	Polyamine oxidase	
PvWBCH1.9KG469900.1.v1.1	690.977721007	47.0842447685	77	29477	0.948128635917	0.154220168811	4.29021934176e-05	Amine oxidase domain-containing protein	
PvWBCH1.9KG470600.1.v1.1	1099.33061272	66.213701014	99	17543	1.23320898469	0.383918135493	6.3892911105e-06	inositol-3-phosphate synthase	
PvWBCH1.9KG472700.1.v1.1	1999.13645761	0.620559868334	1	16	1.41200117697	0.042163384487	7.20470176483e-09	GTP-BINDING protein 3	
PvWBCH1.9KG472700.1.v1.1	511.481766168	0.618750806216	1	243	0.804032682173	0.0178112738871	2.72601305341e-08	Putative small GTPase superfamily, P-loop containing nucleoside triphosphate hydrolase	
PvWBCH1.9KG472700.1.v1.1	169.944802907	0.72285718826	1	3004	0.667450313263	0.0178724325139	1.43406237071e-07	Ras-related protein Rab	
PvWBCH1.9KG488800.1.v1.1	2.09161171141e-13	0.570804684496	1	98	1.11846751848	0.997103128621	0.000143015365551	Embryonic protein DC-8	
PvWBCH1.9KG493100.1.v1.1	0	0.761034925963	1	1	0.590655353821	0.00123651616997	1.25276147235e-08	Probable histone H2A variant 1	
PvWBCH1.9KG495500.1.v1.1	684.072241246	16.1996347391	26	9631	1.19759506113	0.630116459713	0.000222049415873	SMP domain-containing protein	
PvWBCH1.9KG495500.1.v1.1	716.328252709	3.07264751685	5	316	0.927692969839	0.0965309989975	1.19643255308e-05	Late embryogenesis abundant	
PvWBCH1.9KG495500.1.v1.1	0	0.6793409528	1	1	0.60182798898	0.0223168541554	2.81387645384e-06	Abscisic acid-induced protein	
PvWBCH1.9KG499400.1.v1.1	3287.65987572	40.2861290255	60	1100	1.96322895325	0.109742417527	7.60834029107e-05	Cell division cycle protein 48 homolog	
PvWBCH1.9KG499400.1.v1.1	29.1557971385	0.758336934115	1	4943	0.601662318855	0.0	0.0	AAA-ATPase	
PvWBCH1.9KG499400.1.v1.1	17.9868534969	2.52551014469	4	141253	0.600100778261	0.0054830879742	1.1775399033e-08	Vesicle-fusing ATPase	
PvWBCH1.9KG512900.1.v1.1	522.990386833	38.1415711679	68	50382	1.21413248526	0.782870345088	0.000752381561293	chitinase	
PvWBCH1.9KG512900.1.v1.1	320.037513939	0.559905316844	1	29	0.724819265469	0.0128382224584	9.95095334523e-08	Basic endochitinase-like	
PvWBCH1.9KG512900.1.v1.1	73.776775943	1.53094746862	3	4076	0.619510710377	0.0	0.0	Chitin-binding type-1 domain-containing protein	
PvWBCH1.9KG531400.1.v1.1	1096.37459113	21.8758885206	34	6056	1.5156123734	0.918836028884	0.00397208200663	Remorin C-terminal domain-containing protein	
PvWBCH1.9KG533800.1.v1.1	3008.60009595	2.85364545097	4	4	1.8141449419	0.0390658045803	1.354502581e-06	Protein tyrosine phosphatase, putative, expressed	
PvWBCH1.9KG533800.1.v1.1	629.327639532	0.596915919414	1	4	0.893205429051	0.0971139883944	0.000197969456487	Putative tyrosine phosphatase 123R	
PvWBCH1.9KG533800.1.v1.1	671.72309251	0.637127821368	1	3	0.862696112066	0.00755991847901	5.91342641073e-06	Starch excess 4	
PvWBCH1.9KG533800.1.v1.1	209.641612951	22.2194377056	35	124741	0.698170963199	0.0458514768955	0.000651763179144	Phosphoglucan phosphatase DSP4, amyloplastic	
PvWBCH1.9KG533800.1.v1.1	179.441684006	1.19146495739	2	490	0.662397048542	0.0011705184054	9.24885530038e-09	Dual specificity phosphatase, catalytic domain	
PvWBCH1.9KG533800.1.v1.1	55.3636612556	1.26086436443	2	5758	0.613041304867	0.00169026482044	5.07001469305e-10	AMP-activated protein kinase glycogen-binding domain-containing protein	
PvWBCH1.9KG533800.1.v1.1	35.5672844644	1.29151897682	2	14611	0.605160912277	0.00176225973555	4.15498535927e-08	Tyrosine specific protein phosphatases domain-containing protein	
PvWBCH1.9NG029700.1.v1.1	1573.45898419	3.24678025042	5	88	1.45644454982	0.447284807701	4.02962564404e-07	Actin-depolymerizing factor 3	
PvWBCH1.9NG029700.1.v1.1	632.594948983	13.1387852815	21	8915	0.843037979593	0.0	0.0	ADF-H domain-containing protein	
PvWBCH1.9NG055800.1.v1.1	362.446326098	51.2530282669	86	139467	1.10126088931	0.691094299853	0.000118997319159	Glutathione S-transferase	
PvWBCH1.9NG063900.1.v1.1	1003.69284735	66.9819685408	100	21251	1.04559386769	0.102106160626	2.31808894042e-05	Tubulin alpha chain	
PvWBCH1.9NG075100.2.v1.1	528.82253894	0.751921304911	1	9	0.977916616674	0.332806792378	5.68686246034e-08	UDP-glucose 6-dehydrogenase 3	
PvWBCH1.9NG075100.2.v1.1	482.746338592	0.751921304911	1	12	0.959416370668	0.33267515714	9.73575296146e-08	UDP-glucose 6-dehydrogenase 4	
PvWBCH1.9NG075100.2.v1.1	612.719964997	62.937483427	94	52175	0.835956222039	0.00163818118816	5.22285107485e-10	UDP-glucose 6-dehydrogenase	
PvWBCH1.9NG133300.1.v1.1	370.55196054	32.249366568	51	74417	1.18328397111	0.8397348996	0.000184505438596	VOC domain-containing protein	
PvWBCH1.9NG133300.1.v1.1	708.292763227	0.714438462352	1	2	0.88715979387	0.0261182659959	3.80045232918e-07	Glyoxalase family protein, expressed	
PvWBCH1.9NG133300.1.v1.1	24.3187643203	1.31804262169	2	28675	0.617809520982	0.0341169849571	6.61317497724e-07	Lactoylglutathione lyase	
PvWBCH1.9NG155100.1.v1.1	1537.68161516	49.3032894592	79	6870	1.39506274337	0.358470966699	2.42478485723e-05	Subtilisin-like protease	
PvWBCH1.9NG155100.1.v1.1	589.390436687	0.720988133214	1	2	0.832380125363	0.0124980155509	1.22319441616e-07	Cucumisin-like serine protease, putative, expressed	
PvWBCH1.9NG155100.1.v1.1	50.0925758692	0.609316300788	1	988	0.610745963913	0.00133760785146	7.02060715951e-08	Peptidase inhibitor I9	
PvWBCH1.9NG155100.1.v1.1	20.0558802045	0.586317047026	1	5685	0.600588168952	0.00484116380579	2.65902753837e-09	Tripeptidyl-peptidase II	
PvWBCH1.9NG156900.1.v1.1	3403.79081546	62.8407107761	96	1758	2.18390047011	0.438456769436	0.000102806466734	UDP-arabinopyranose mutase	
PvWBCH1.9NG156900.1.v1.1	439.095926134	0.611404282013	1	2	0.767339123472	0.00320896794024	4.93959608443e-10	Alpha-1,4-glucan-protein synthase [UDP-forming] 2 (Fragment)	
PvWBCH1.9NG181900.1.v1.1	1480.78403126	2.1651001847	4	388	1.31478556121	0.249946236559	2.21667189951e-05	Low-temperature-induced 65 kDa protein	
PvWBCH1.9NG186500.1.v1.1	298.309349574	46.4522803384	76	148057	0.890761779996	0.342329880182	0.000160183515035	AB hydrolase-1 domain-containing protein	
PvWBCH1.9NG186500.1.v1.1	163.133065614	8.22029759914	13	15505	0.672046970531	0.0316861636999	3.87623989135e-06	Bifunctional epoxide hydrolase 2	
PvWBCH1.9NG186500.1.v1.1	98.7610146469	2.33022341673	4	3400	0.657259925146	0.0523688923604	3.16786839939e-07	Alpha/beta-Hydrolases superfamily protein	
PvWBCH1.9NG211400.2.v1.1	537.762277665	1.15000673261	2	98	0.981740973741	0.333275542225	1.26479410777e-06	Calcium ion binding	
PvWBCH1.9NG211400.2.v1.1	484.053480716	14.3166355981	22	18744	0.783621392286	0.0	0.0	O-fucosyltransferase family protein	
PvWBCH1.9NG214900.1.v1.1	3471.44558363	58.4474830428	91	1526	2.1880405104	0.395181266307	0.000810290332215	H(+)/Pi cotransporter	
PvWBCH1.9NG214900.1.v1.1	1517.76342226	3.33555547456	5	26	1.20139353021	0.00809086978717	1.57805411648e-08	Probable inorganic phosphate transporter 1-8	
PvWBCH1.9NG239500.1.v1.1	933.508660902	62.7477458667	97	23318	1.05459107559	0.172049774295	6.15424622259e-05	alanine transaminase	
PvWBCH1.9NG239500.1.v1.1	19.2346231963	1.30299575619	2	23435	0.604873172662	0.0135458917942	3.66332682518e-08	Aminotransferase class I/classII large domain-containing protein	
PvWBCH1.9NG279200.1.v1.1	2201.87983954	59.3060984458	97	4259	1.51317542575	0.0800343722109	0.000263632866366	60S ribosomal export protein NMD3	
PvWBCH1.9NG285000.1.v1.1	577.397877377	1.47129101743	2	35	0.99762762503	0.333327989381	0.000231985361654	Serine/threonine-protein kinase SAPK3	
PvWBCH1.9NG285000.1.v1.1	175.150482196	60.5714478496	95	642647	0.859595267531	0.376481066252	5.47695715796e-06	non-specific serine/threonine protein kinase	
PvWBCH1.9NG286200.1.v1.1	1310.25579226	57.3175305769	98	12195	1.27930545197	0.311703684035	9.12625567661e-06	peptide-methionine (S)-S-oxide reductase	
PvWBCH1.9NG317100.1.v1.1	342.302057961	20.7442229253	34	61837	1.04910927675	0.607899183281	9.4321385688e-05	Peroxidase	
PvWBCH1.9NG332100.4.v1.1	2171.84662418	63.3283694776	95	4312	1.57566636238	0.220608076232	0.000271615332049	Sucrose synthase	
PvWBCH1.9NG341500.1.v1.1	3123.3057402	39.4302395062	67	1430	2.30127448023	0.870623458614	0.0260875544397	Co-chaperone protein p23	
PvWBCH1.9NG341500.1.v1.1	88.5559584815	1.05712538992	2	1278	0.629794253384	0.00824875836753	1.40285006251e-06	CS domain-containing protein (Fragment)	
PvWBCH1.9NG348600.1.v1.1	2528.21588847	28.754654151	45	1507	1.96993115503	0.695346617722	0.00555461224505	Flavonoid 3',5'-hydroxylase	
PvWBCH1.9NG358300.1.v1.1	3340.60983945	24.2684571979	38	288	1.96289559107	0.0691514066909	7.04869416503e-05	Nascent polypeptide-associated complex subunit alpha-like protein 1	
PvWBCH1.9NG358300.1.v1.1	1748.9329242	36.7922592474	58	2415	1.28957316968	0.0	0.0	NAC-A/B domain-containing protein	
PvWBCH1.9NG358300.1.v1.1	462.735654915	0.626403140547	1	2	0.775938871606	0.00159360252208	1.51645534514e-08	NAC transcription factor 43	
PvWBCH1.9NG371600.1.v1.1	2083.79739886	60.9987908607	97	4778	1.50486437433	0.153480199436	4.54540505255e-05	phosphoglycerate mutase (2,3-diphosphoglycerate-independent)	
PvWBCH1.9NG404100.1.v1.1	1611.80101374	8.46941868551	13	219	1.28265803817	0.0904353406472	0.000345106458392	Trifunctional UDP-glucose 4,6-dehydratase/UDP-4-keto-6-deoxy-D-glucose 3,5-epimerase/UDP-4-keto-L-rhamnose-reductase RHM1	
PvWBCH1.9NG404100.1.v1.1	773.896027946	2.60690285783	4	90	0.91324088243	0.0258159479258	9.4253031834e-07	Rhamnose biosynthetic enzyme 1	
PvWBCH1.9NG404100.1.v1.1	529.806100353	1.28969514023	2	47	0.81634134091	0.0272054538256	5.12046087131e-07	RmlD substrate binding domain	
PvWBCH1.9NG404100.1.v1.1	365.125239159	27.6268567325	42	45390	0.736050095664	0.0	0.0	NAD(P)-binding domain-containing protein	
PvWBCH1.9NG404100.1.v1.1	0	0.664766227886	1	1	0.608339311479	0.0346024744414	1.2492678278e-09	NAD-dependent epimerase/dehydratase family domain containing protein (Fragment)	
PvWBCH1.9NG404100.1.v1.1	13.766091875	0.583732179411	1	14130	0.608201863528	0.0239536342525	3.12215405753e-08	UDP-glucuronate decarboxylase	
PvWBCH1.9NG404200.3.v1.1	1103.23786425	63.1970513791	96	16188	1.26866689249	0.447869106064	5.6028938262e-05	UDP-glucuronate decarboxylase	
PvWBCH1.9NG404200.3.v1.1	18.2940935876	2.67339844479	4	102931	0.597317637435	0.0	0.0	NAD-dependent epimerase/dehydratase domain-containing protein	
PvWBCH1.9NG437100.1.v1.1	1734.56343167	6.98094426437	12	483	1.49352306772	0.395656010545	4.73024722537e-07	Lecithin-cholesterol acyltransferase-like 1	
PvWBCH1.9NG437100.1.v1.1	73.4738920574	5.01535981575	9	138585	0.806258869687	0.352582862334	1.97913478717e-05	AB hydrolase-1 domain-containing protein	
PvWBCH1.9NG437100.1.v1.1	147.856060455	0.533362189991	1	388	0.665016166633	0.0299503310025	3.35099512587e-06	Group XV phospholipase A2	
PvWBCH1.9NG442300.1.v1.1	1311.95774926	44.7690127297	72	8650	1.1461129907	0.059112578652	1.12154953265e-05	Heat shock 70 kDa protein 8	
PvWBCH1.9NG442300.1.v1.1	557.097039053	0.646357204203	1	2	0.861307620098	0.0914497712161	2.12866283625e-05	78 kDa glucose-regulated protein-like protein	
PvWBCH1.9NG442300.1.v1.1	635.894999995	0.737780163654	1	2	0.846060358338	0.00321199485037	5.34847058211e-08	DnaK protein, expressed	
PvWBCH1.9NG449100.1.v1.1	2206.59954742	3.23182421092	6	263	1.86997330091	0.749685798073	4.48141702859e-07	Nodulin-related protein 1	UMC1467
PvWBCH1.9NG479100.4.v1.1	2946.8843801	2.09740586887	4	98	2.12180269354	0.666115656941	0.000382166182984	Embryonic protein DC-8	
PvWBCH1.9NG497900.1.v1.1	1953.08902971	60.5249675682	97	5433	1.37797043443	0.0127072090693	8.68115145777e-08	Beta-amylase	
PvWBCH1.9NG501800.1.v1.1	333.695448797	60.6704739192	94	177941	0.913722088113	0.358950389481	1.01084583867e-05	Methyltransferase	
PvWBCH1.9NG501800.1.v1.1	262.189308412	0.740731265128	1	43	0.696812434066	0.0036541711151	5.1066699225e-10	24-methylenesterol C-methyltransferase 2	
PvWBCH1.9NG503500.1.v1.1	290.684068069	9.82582139767	18	45560	1.10371278912	0.749878011093	0.000190800562595	chitinase	
PvWBCH1.9NG518000.1.v1.1	2012.7281278	64.2244148056	98	5175	1.47996054839	0.16013017302	1.52783621134e-05	T-complex protein 1 subunit delta	
