qpid	ontology	goid	desc	ARGOT_score	ARGOT_PPV	ARGOT_rank	goclasscount
PvWBCH1.1KG050400.2.v1.1	MF	0004418	hydroxymethylbilane synthase activity	11.8506253607	0.804547185152	1	100
PvWBCH1.1KG050400.2.v1.1	BP	0006783	heme biosynthetic process	7.90032439168	0.712821128052	1	98
PvWBCH1.1KG050400.2.v1.1	CC	0005737	cytoplasm	1.25720826535	0.467505934003	1	82
PvWBCH1.1KG050400.2.v1.1	CC	0043231	intracellular membrane-bounded organelle	0.0849538484262	0.347021216718	5	4
PvWBCH1.1KG050400.2.v1.1	BP	0046501	protoporphyrinogen IX metabolic process	7.03730611414	0.689885418074	8	78
PvWBCH1.1KG050400.2.v1.1	BP	1900865	chloroplast RNA modification	0.605418150046	0.417678117678	13	4
PvWBCH1.1KG050400.2.v1.1	BP	0009987	cellular process	0.410473203751	0.397727001315	14	100
PvWBCH1.1KG060800.1.v1.1	BP	0034605	cellular response to heat	9.18129595328	0.744665487095	1	52
PvWBCH1.1KG060800.1.v1.1	MF	0016887	ATP hydrolysis activity	4.60073200062	0.61614408294	1	55
PvWBCH1.1KG060800.1.v1.1	CC	0005737	cytoplasm	1.53840336051	0.48479502932	1	55
PvWBCH1.1KG060800.1.v1.1	BP	0042026	protein refolding	8.79419137374	0.735290627511	2	53
PvWBCH1.1KG060800.1.v1.1	CC	0043231	intracellular membrane-bounded organelle	0.205160533317	0.370467832033	4	4
PvWBCH1.1KG060800.1.v1.1	MF	0005524	ATP binding	3.05184296547	0.558357500017	7	55
PvWBCH1.1KG063300.1.v1.1	MF	0009678	diphosphate hydrolysis-driven proton transmembrane transporter activity	12.144834947	0.810713874298	1	100
PvWBCH1.1KG063300.1.v1.1	CC	0012505	endomembrane system	4.88099386232	0.625489945041	1	100
PvWBCH1.1KG063300.1.v1.1	BP	1902600	proton transmembrane transport	4.76666464467	0.621710695987	1	100
PvWBCH1.1KG063300.1.v1.1	MF	0004427	inorganic diphosphate phosphatase activity	10.7990456557	0.781854808759	2	100
PvWBCH1.1KG063300.1.v1.1	CC	0016020	membrane	0.921546225059	0.444087933211	2	100
PvWBCH1.1KG065800.2.v1.1	BP	0009809	lignin biosynthetic process	13.7377595689	0.842876304292	1	97
PvWBCH1.1KG065800.2.v1.1	MF	0045551	cinnamyl-alcohol dehydrogenase activity	6.12127045502	0.663942243972	1	39
PvWBCH1.1KG065800.2.v1.1	CC	0005634	nucleus	0.0321479474334	0.33073414031	1	1
PvWBCH1.1KG065800.2.v1.1	MF	0008270	zinc ion binding	4.97857097503	0.628680571963	4	98
PvWBCH1.1KG065800.2.v1.1	BP	0009987	cellular process	0.398989970704	0.396416528019	9	97
PvWBCH1.1KG065800.2.v1.1	BP	0001522	pseudouridine synthesis	0.0759638680794	0.34471936118	10	1
PvWBCH1.1KG065800.2.v1.1	MF	0050268	coniferyl-alcohol dehydrogenase activity	1.24639216668	0.466804089726	11	6
PvWBCH1.1KG065800.2.v1.1	MF	0009982	pseudouridine synthase activity	0.0804068030221	0.345873047548	14	1
PvWBCH1.1KG065800.2.v1.1	BP	0006355	regulation of DNA-templated transcription	0.0317863743526	0.330587321258	14	1
PvWBCH1.1KG065800.2.v1.1	MF	0003700	DNA-binding transcription factor activity	0.0421727363434	0.334518274384	17	1
PvWBCH1.1KG065800.2.v1.1	MF	0003676	nucleic acid binding	0.0399367474066	0.333717030224	19	2
PvWBCH1.1KG077700.1.v1.1	BP	0009408	response to heat	8.41831094451	0.72598800882	1	4
PvWBCH1.1KG083600.2.v1.1	MF	0005096	GTPase activator activity	8.77191829284	0.734745002581	1	8
PvWBCH1.1KG099100.2.v1.1	MF	0008460	dTDP-glucose 4,6-dehydratase activity	11.4284013359	0.795561938329	1	24
PvWBCH1.1KG099100.2.v1.1	BP	0009225	nucleotide-sugar metabolic process	7.56403941912	0.704040638597	1	24
PvWBCH1.1KG099100.2.v1.1	MF	0010280	UDP-L-rhamnose synthase activity	2.27917497967	0.523907521001	5	3
PvWBCH1.1KG099100.2.v1.1	MF	0050377	UDP-glucose 4,6-dehydratase activity	2.27234585522	0.52357886732	6	3
PvWBCH1.1KG099100.2.v1.1	BP	0051555	flavonol biosynthetic process	2.11662571763	0.515946076105	12	3
PvWBCH1.1KG099100.2.v1.1	BP	0010315	auxin export across the plasma membrane	2.08414352695	0.514318895485	16	3
PvWBCH1.1KG099100.2.v1.1	BP	1901293	nucleoside phosphate biosynthetic process	0.601753463396	0.417335661932	38	3
PvWBCH1.1KG099100.2.v1.1	BP	1901137	carbohydrate derivative biosynthetic process	0.544351908638	0.411828861956	39	3
PvWBCH1.1KG132500.1.v1.1	CC	0005886	plasma membrane	2.54915056467	0.536527184172	1	11
PvWBCH1.1KG182300.1.v1.1	BP	0009415	response to water	12.8194241785	0.824577324695	1	25
PvWBCH1.1KG182300.1.v1.1	CC	0005829	cytosol	2.45997487532	0.532436138317	1	19
PvWBCH1.1KG182300.1.v1.1	BP	0009631	cold acclimation	12.6985100869	0.822119748466	2	22
PvWBCH1.1KG182300.1.v1.1	BP	0009737	response to abscisic acid	9.99368675838	0.763717753115	4	22
PvWBCH1.1KG197100.2.v1.1	MF	0016034	maleylacetoacetate isomerase activity	10.6712675242	0.779023476188	1	86
PvWBCH1.1KG197100.2.v1.1	BP	0006559	L-phenylalanine catabolic process	9.04907597476	0.741486023974	1	86
PvWBCH1.1KG197100.2.v1.1	CC	0005737	cytoplasm	1.52172540025	0.483816156397	1	99
PvWBCH1.1KG197100.2.v1.1	MF	0004364	glutathione transferase activity	9.66007456203	0.755991190247	2	95
PvWBCH1.1KG197100.2.v1.1	CC	0016020	membrane	0.0080131419609	0.317697745669	4	1
PvWBCH1.1KG197100.2.v1.1	BP	0006749	glutathione metabolic process	7.39802950589	0.699634110953	6	86
PvWBCH1.1KG200800.1.v1.1	MF	0016787	hydrolase activity	2.25282380229	0.522636629176	1	5
PvWBCH1.1KG235700.3.v1.1	BP	0009299	mRNA transcription	13.3208289614	0.834646761314	1	93
PvWBCH1.1KG235700.3.v1.1	CC	0005634	nucleus	3.47389802647	0.575329508827	1	100
PvWBCH1.1KG235700.3.v1.1	BP	0009416	response to light stimulus	8.65582993215	0.731889897695	2	93
PvWBCH1.1KG237100.1.v1.1	BP	0009800	cinnamic acid biosynthetic process	12.9040011847	0.826289468008	1	83
PvWBCH1.1KG237100.1.v1.1	MF	0045548	phenylalanine ammonia-lyase activity	11.2425145465	0.791553554865	1	72
PvWBCH1.1KG237100.1.v1.1	CC	0005737	cytoplasm	1.53840970343	0.48479540059	1	100
PvWBCH1.1KG237100.1.v1.1	CC	0016020	membrane	0.00842186482129	0.318025108364	4	1
PvWBCH1.1KG237100.1.v1.1	BP	0006559	L-phenylalanine catabolic process	10.5261139038	0.775786489383	5	100
PvWBCH1.1KG237100.1.v1.1	MF	0052883	tyrosine ammonia-lyase activity	0.22077116815	0.372924096688	6	1
PvWBCH1.1KG237100.1.v1.1	BP	0016598	protein arginylation	0.24229848784	0.376172992879	42	1
PvWBCH1.1KG237100.1.v1.1	BP	0046898	response to cycloheximide	0.198643119097	0.369414765129	43	1
PvWBCH1.1KG237100.1.v1.1	BP	0009739	response to gibberellin	0.134525696986	0.357956085573	44	1
PvWBCH1.1KG237200.1.v1.1	BP	0009800	cinnamic acid biosynthetic process	11.9493197162	0.806624282685	1	77
PvWBCH1.1KG237200.1.v1.1	MF	0045548	phenylalanine ammonia-lyase activity	10.7190884896	0.780085076952	1	69
PvWBCH1.1KG237200.1.v1.1	CC	0005737	cytoplasm	1.53841005872	0.484795421387	1	100
PvWBCH1.1KG237200.1.v1.1	BP	0006559	L-phenylalanine catabolic process	10.5261163348	0.775786543781	5	100
PvWBCH1.1KG237300.1.v1.1	BP	0009800	cinnamic acid biosynthetic process	12.8788295902	0.825780492251	1	83
PvWBCH1.1KG237300.1.v1.1	MF	0045548	phenylalanine ammonia-lyase activity	11.5173636839	0.797468748241	1	74
PvWBCH1.1KG237300.1.v1.1	CC	0005737	cytoplasm	1.5384103993	0.484795441322	1	100
PvWBCH1.1KG237300.1.v1.1	BP	0006559	L-phenylalanine catabolic process	10.5261186651	0.775786595926	5	100
PvWBCH1.1KG238400.1.v1.1	MF	0015267	channel activity	6.15280824884	0.664866492643	1	7
PvWBCH1.1KG238400.1.v1.1	BP	0055085	transmembrane transport	2.72847366005	0.54454269702	1	7
PvWBCH1.1KG238400.1.v1.1	CC	0005886	plasma membrane	1.47361995714	0.480962271917	1	4
PvWBCH1.1KG264600.1.v1.1	MF	0015267	channel activity	6.15381086744	0.664895836554	1	20
PvWBCH1.1KG264600.1.v1.1	BP	0009414	response to water deprivation	4.31810822106	0.606426446221	1	6
PvWBCH1.1KG264600.1.v1.1	CC	0016020	membrane	0.921463447026	0.444081672799	1	20
PvWBCH1.1KG264600.1.v1.1	BP	0006833	water transport	3.91646292847	0.592051604449	3	6
PvWBCH1.1KG264600.1.v1.1	CC	0071944	cell periphery	0.810739852402	0.435439667805	3	6
PvWBCH1.1KG264600.1.v1.1	MF	0005372	water transmembrane transporter activity	4.041725795	0.596610716838	4	6
PvWBCH1.1KG264600.1.v1.1	BP	0055085	transmembrane transport	2.72891827303	0.544562237768	6	20
PvWBCH1.1KG268000.1.v1.1	CC	0005634	nucleus	3.47242797846	0.575272241678	1	10
PvWBCH1.1KG268000.1.v1.1	MF	0003677	DNA binding	3.20489220777	0.564640128899	1	10
PvWBCH1.1KG271700.2.v1.1	MF	0048270	methionine adenosyltransferase regulator activity	12.6612233773	0.821359538683	1	84
PvWBCH1.1KG271700.2.v1.1	CC	0048269	methionine adenosyltransferase complex	12.0826506969	0.809416760122	1	84
PvWBCH1.1KG271700.2.v1.1	BP	0006556	S-adenosylmethionine biosynthetic process	9.12840567652	0.743396412128	1	84
PvWBCH1.1KG271700.2.v1.1	MF	0008831	dTDP-4-dehydrorhamnose reductase activity	1.20196542836	0.46388883505	4	10
PvWBCH1.1KG271700.2.v1.1	BP	0033478	UDP-rhamnose metabolic process	1.77106789801	0.497934301656	5	10
PvWBCH1.1KG271700.2.v1.1	MF	0008830	dTDP-4-dehydrorhamnose 3,5-epimerase activity	1.181495968	0.462527522166	5	10
PvWBCH1.1KG271700.2.v1.1	BP	0019305	dTDP-rhamnose biosynthetic process	1.07852555326	0.455493227236	8	10
PvWBCH1.1KG292700.1.v1.1	MF	0047334	diphosphate-fructose-6-phosphate 1-phosphotransferase activity	12.2326193801	0.812539348314	1	100
PvWBCH1.1KG292700.1.v1.1	BP	0061615	glycolytic process through fructose-6-phosphate	10.6910623362	0.779463198738	1	100
PvWBCH1.1KG292700.1.v1.1	CC	0005829	cytosol	2.70035966429	0.543303836551	1	75
PvWBCH1.1KG292700.1.v1.1	MF	0003872	6-phosphofructokinase activity	11.0513681834	0.787397045221	2	100
PvWBCH1.1KG292700.1.v1.1	BP	0009749	response to glucose	10.4964177604	0.77512150833	2	87
PvWBCH1.1KG292700.1.v1.1	CC	0005759	mitochondrial matrix	0.0824193001948	0.346385122079	4	1
PvWBCH1.1KG292700.1.v1.1	BP	0046835	carbohydrate phosphorylation	8.83145994372	0.736202054748	6	100
PvWBCH1.1KG292700.1.v1.1	MF	0005524	ATP binding	3.0518530026	0.55835791714	8	100
PvWBCH1.1KG292700.1.v1.1	MF	0046872	metal ion binding	2.47639178793	0.533194785762	19	100
PvWBCH1.1KG292700.1.v1.1	MF	0003700	DNA-binding transcription factor activity	0.0424279889392	0.334608376551	28	1
PvWBCH1.1KG292700.1.v1.1	BP	0015979	photosynthesis	6.15451338778	0.664916395983	38	87
PvWBCH1.1KG292700.1.v1.1	BP	0006002	fructose 6-phosphate metabolic process	4.43267756909	0.610402990656	49	45
PvWBCH1.1KG292700.1.v1.1	BP	0006355	regulation of DNA-templated transcription	0.031978762973	0.330665545227	69	1
PvWBCH1.1KG298900.1.v1.1	CC	0010008	endosome membrane	8.42724534372	0.726211507164	1	100
PvWBCH1.1KG298900.1.v1.1	BP	0072657	protein localization to membrane	6.79442323103	0.683179981976	1	93
PvWBCH1.1KG298900.1.v1.1	CC	0000139	Golgi membrane	7.8532568179	0.711603585167	2	100
PvWBCH1.1KG320900.1.v1.1	MF	0009044	xylan 1,4-beta-xylosidase activity	12.894596581	0.826099362773	1	100
PvWBCH1.1KG320900.1.v1.1	BP	0031222	arabinan catabolic process	10.8813032765	0.783668633868	1	84
PvWBCH1.1KG320900.1.v1.1	CC	0009505	plant-type cell wall	9.33032274423	0.748221778078	1	76
PvWBCH1.1KG320900.1.v1.1	BP	0045493	xylan catabolic process	10.5318948594	0.775915832286	3	100
PvWBCH1.1KG320900.1.v1.1	MF	0046556	alpha-L-arabinofuranosidase activity	9.96779534533	0.76312276119	3	84
PvWBCH1.1KG320900.1.v1.1	CC	0016020	membrane	0.0257926718491	0.328019260972	5	3
PvWBCH1.1KG337200.1.v1.1	MF	0009041	UMP/dUMP kinase activity	11.1600288604	0.78976425849	1	97
PvWBCH1.1KG337200.1.v1.1	BP	0046940	nucleoside monophosphate phosphorylation	8.80388777327	0.735527944868	1	97
PvWBCH1.1KG337200.1.v1.1	CC	0005634	nucleus	3.21801853864	0.565171905531	1	92
PvWBCH1.1KG337200.1.v1.1	MF	0004127	(d)CMP kinase activity	11.1149073741	0.788782675546	2	97
PvWBCH1.1KG337200.1.v1.1	BP	0006207	'de novo' pyrimidine nucleobase biosynthetic process	8.66604315693	0.732141849284	2	97
PvWBCH1.1KG337200.1.v1.1	CC	0005737	cytoplasm	1.4962323903	0.482309479854	6	97
PvWBCH1.1KG337200.1.v1.1	BP	0006221	pyrimidine nucleotide biosynthetic process	7.05991151134	0.690503572806	7	97
PvWBCH1.1KG337200.1.v1.1	MF	0004017	adenylate kinase activity	5.38669977512	0.641698526446	7	48
PvWBCH1.1KG337200.1.v1.1	MF	0005524	ATP binding	2.96818533571	0.554856691216	12	97
PvWBCH1.1KG337200.1.v1.1	CC	0097708	intracellular vesicle	0.191092750023	0.368172955599	17	3
PvWBCH1.1KG337200.1.v1.1	CC	0098588	bounding membrane of organelle	0.168760625211	0.364348864296	19	3
PvWBCH1.1KG337200.1.v1.1	CC	0012505	endomembrane system	0.146567362312	0.360288538048	20	3
PvWBCH1.1KG337200.1.v1.1	BP	0046704	CDP metabolic process	1.50693504863	0.48294357466	25	10
PvWBCH1.1KG337200.1.v1.1	BP	0009194	pyrimidine ribonucleoside diphosphate biosynthetic process	1.22458387571	0.465379652834	27	10
PvWBCH1.1KG337200.1.v1.1	BP	0046048	UDP metabolic process	1.21626934461	0.464833242155	29	10
PvWBCH1.1KG337200.1.v1.1	MF	0016872	intramolecular lyase activity	0.124456557506	0.35592423821	30	1
PvWBCH1.1KG337200.1.v1.1	MF	0005504	fatty acid binding	0.122803623839	0.355582941282	31	1
PvWBCH1.1KG337200.1.v1.1	MF	0004822	isoleucine-tRNA ligase activity	0.113747533794	0.353670846479	32	1
PvWBCH1.1KG337200.1.v1.1	MF	0002161	aminoacyl-tRNA editing activity	0.0898391269226	0.348221051303	34	1
PvWBCH1.1KG337200.1.v1.1	MF	0000049	tRNA binding	0.0715130751739	0.343529280503	38	1
PvWBCH1.1KG337200.1.v1.1	BP	0009260	ribonucleotide biosynthetic process	0.593773533346	0.416586331401	41	10
PvWBCH1.1KG337200.1.v1.1	BP	0006428	isoleucyl-tRNA aminoacylation	0.110821413943	0.353036862776	48	1
PvWBCH1.1KG337200.1.v1.1	BP	0048608	reproductive structure development	0.108226632276	0.352467629388	49	1
PvWBCH1.1KG337200.1.v1.1	BP	0009791	post-embryonic development	0.10544512147	0.351849800782	51	1
PvWBCH1.1KG337200.1.v1.1	BP	0032543	mitochondrial translation	0.102321572193	0.351146203283	52	1
PvWBCH1.1KG337200.1.v1.1	BP	0106074	aminoacyl-tRNA metabolism involved in translational fidelity	0.0862962260873	0.347354270436	55	1
PvWBCH1.1KG339700.1.v1.1	BP	0009651	response to salt stress	8.62834167767	0.731211046427	1	2
PvWBCH1.1KG339700.1.v1.1	MF	0051082	unfolded protein binding	6.17684043646	0.665569192361	1	2
PvWBCH1.1KG339700.1.v1.1	CC	0005737	cytoplasm	0.309793914146	0.385517061835	1	2
PvWBCH1.1KG339700.1.v1.1	BP	0042542	response to hydrogen peroxide	8.16569694123	0.719618926105	2	2
PvWBCH1.1KG339700.1.v1.1	BP	0051259	protein complex oligomerization	6.96531596216	0.68791017085	5	2
PvWBCH1.1KG339700.1.v1.1	BP	0009408	response to heat	6.71256064983	0.680893015197	6	2
PvWBCH1.1KG339700.1.v1.1	BP	0006457	protein folding	5.21862345686	0.636399332357	11	2
PvWBCH1.1NG029100.1.v1.1	MF	0042973	glucan endo-1,3-beta-D-glucosidase activity	6.40238760619	0.67209868535	1	40
PvWBCH1.1NG029100.1.v1.1	BP	0005975	carbohydrate metabolic process	4.1548028438	0.600666002352	1	83
PvWBCH1.1NG029100.1.v1.1	CC	0005886	plasma membrane	0.237133123122	0.375407051417	1	7
PvWBCH1.1NG029100.1.v1.1	BP	0009987	cellular process	0.410473709026	0.397727058571	4	83
PvWBCH1.1NG029100.1.v1.1	BP	0006952	defense response	0.143736832169	0.359749154236	5	2
PvWBCH1.1NG058800.1.v1.1	BP	0009809	lignin biosynthetic process	13.5093679808	0.838383937845	1	95
PvWBCH1.1NG058800.1.v1.1	MF	0045551	cinnamyl-alcohol dehydrogenase activity	6.4327851894	0.67296982969	1	41
PvWBCH1.1NG058800.1.v1.1	MF	0008270	zinc ion binding	4.94047783249	0.627438736072	4	97
PvWBCH1.1NG058800.1.v1.1	BP	0009987	cellular process	0.392356723661	0.39565093457	9	95
PvWBCH1.1NG058800.1.v1.1	MF	0050268	coniferyl-alcohol dehydrogenase activity	1.4299015693	0.478327970044	11	7
PvWBCH1.1NG094500.1.v1.1	BP	0042744	hydrogen peroxide catabolic process	9.53863795736	0.753145632826	1	99
PvWBCH1.1NG094500.1.v1.1	MF	0004601	peroxidase activity	7.99450073302	0.715246439193	1	100
PvWBCH1.1NG094500.1.v1.1	CC	0005576	extracellular region	5.18336930967	0.635277044712	1	96
PvWBCH1.1NG094500.1.v1.1	CC	0016020	membrane	0.00911184261264	0.318560207151	3	1
PvWBCH1.1NG094500.1.v1.1	BP	0006979	response to oxidative stress	7.2700761037	0.696203902021	4	99
PvWBCH1.1NG094500.1.v1.1	BP	0098869	cellular oxidant detoxification	6.9955138671	0.68873997016	5	100
PvWBCH1.1NG094500.1.v1.1	MF	0020037	heme binding	5.39882258522	0.642077522246	5	99
PvWBCH1.1NG094500.1.v1.1	MF	0046872	metal ion binding	2.45512722766	0.532211638265	8	99
PvWBCH1.1NG094800.1.v1.1	BP	0042744	hydrogen peroxide catabolic process	9.62114568065	0.75508094901	1	100
PvWBCH1.1NG094800.1.v1.1	MF	0004601	peroxidase activity	7.99452081923	0.715246954943	1	100
PvWBCH1.1NG094800.1.v1.1	CC	0005576	extracellular region	5.24034195971	0.637088837283	1	97
PvWBCH1.1NG094800.1.v1.1	CC	0009519	middle lamella	0.21593142421	0.372172148727	2	1
PvWBCH1.1NG094800.1.v1.1	CC	0009531	secondary cell wall	0.168404140641	0.36428583081	3	1
PvWBCH1.1NG094800.1.v1.1	BP	0006979	response to oxidative stress	7.33296112252	0.697893479936	4	100
PvWBCH1.1NG094800.1.v1.1	BP	0098869	cellular oxidant detoxification	6.99553144336	0.688740452611	5	100
PvWBCH1.1NG094800.1.v1.1	MF	0020037	heme binding	5.4455215544	0.643533511849	5	100
PvWBCH1.1NG094800.1.v1.1	MF	0046872	metal ion binding	2.47636369337	0.533193489627	8	100
PvWBCH1.1NG094800.1.v1.1	CC	0005737	cytoplasm	0.0139834591684	0.321870143534	10	1
PvWBCH1.1NG094800.1.v1.1	BP	0042742	defense response to bacterium	0.0926469373024	0.348895917063	18	1
PvWBCH1.1NG098700.1.v1.1	MF	0015369	calcium:proton antiporter activity	11.6026800033	0.79929050397	1	16
PvWBCH1.1NG098700.1.v1.1	BP	0006874	intracellular calcium ion homeostasis	8.78506156135	0.735067057638	1	16
PvWBCH1.1NG098700.1.v1.1	CC	0012505	endomembrane system	4.52584547805	0.61359898227	1	17
PvWBCH1.1NG098700.1.v1.1	BP	0070588	calcium ion transmembrane transport	8.75249815804	0.734268700869	2	18
PvWBCH1.1NG098700.1.v1.1	CC	0005774	vacuolar membrane	3.69422080168	0.583779567383	2	8
PvWBCH1.1NG098700.1.v1.1	MF	0005509	calcium ion binding	6.69179865437	0.680310780865	7	17
PvWBCH1.1NG098700.1.v1.1	CC	0005886	plasma membrane	0.185351092827	0.367212114859	13	1
PvWBCH1.1NG098700.1.v1.1	BP	1902600	proton transmembrane transport	4.29240830114	0.605527219362	16	16
PvWBCH1.1NG098700.1.v1.1	MF	0005432	calcium:sodium antiporter activity	0.635689385974	0.420468150854	24	1
PvWBCH1.1NG098700.1.v1.1	BP	0006814	sodium ion transport	0.981261751559	0.448533169883	26	2
PvWBCH1.1NG098700.1.v1.1	MF	0003729	mRNA binding	0.240794900846	0.37595088439	26	1
PvWBCH1.1NG098700.1.v1.1	BP	0071472	cellular response to salt stress	0.836764618629	0.437521466357	27	1
PvWBCH1.1NG101300.1.v1.1	MF	0016788	hydrolase activity, acting on ester bonds	4.23556839524	0.603528810357	1	51
PvWBCH1.1NG101300.1.v1.1	CC	0016020	membrane	0.03836939438	0.333141931659	1	2
PvWBCH1.1NG121300.1.v1.1	CC	0005886	plasma membrane	2.54926490525	0.536532383346	1	14
PvWBCH1.1NG143900.1.v1.1	MF	0008234	cysteine-type peptidase activity	7.93164789628	0.713629394716	1	2
PvWBCH1.1NG143900.1.v1.1	BP	0006508	proteolysis	4.32116015194	0.60653305374	1	2
PvWBCH1.1NG143900.1.v1.1	BP	0009987	cellular process	0.410220929246	0.397698409987	6	2
PvWBCH1.1NG215900.1.v1.1	MF	0016747	acyltransferase activity, transferring groups other than amino-acyl groups	5.63090482153	0.649252741374	1	12
PvWBCH1.1NG215900.1.v1.1	BP	0009836	fruit ripening, climacteric	1.03184834511	0.452194067453	1	1
PvWBCH1.1NG215900.1.v1.1	BP	0009820	alkaloid metabolic process	0.989749053835	0.449153864233	2	1
PvWBCH1.1NG215900.1.v1.1	BP	0009987	cellular process	0.0304680537526	0.330044806095	17	1
PvWBCH1.1NG224900.1.v1.1	BP	0009800	cinnamic acid biosynthetic process	12.7502352058	0.82317248611	1	82
PvWBCH1.1NG224900.1.v1.1	MF	0045548	phenylalanine ammonia-lyase activity	11.0899004207	0.788237810482	1	71
PvWBCH1.1NG224900.1.v1.1	CC	0005737	cytoplasm	1.53840971597	0.484795401325	1	100
PvWBCH1.1NG224900.1.v1.1	CC	0016020	membrane	0.00844101242483	0.318040247471	4	1
PvWBCH1.1NG224900.1.v1.1	BP	0006559	L-phenylalanine catabolic process	10.5261139896	0.775786491303	5	100
PvWBCH1.1NG224900.1.v1.1	MF	0052883	tyrosine ammonia-lyase activity	0.221355686523	0.373014352761	6	1
PvWBCH1.1NG224900.1.v1.1	BP	0016598	protein arginylation	0.242940002397	0.376267547032	42	1
PvWBCH1.1NG224900.1.v1.1	BP	0046898	response to cycloheximide	0.199169050784	0.369500378583	43	1
PvWBCH1.1NG224900.1.v1.1	BP	0009739	response to gibberellin	0.134881870042	0.358026539934	44	1
PvWBCH1.1NG239000.1.v1.1	CC	0000786	nucleosome	9.5656095902	0.753779201939	1	100
PvWBCH1.1NG239000.1.v1.1	MF	0030527	structural constituent of chromatin	9.27596415306	0.74692790875	1	100
PvWBCH1.1NG239000.1.v1.1	BP	0006334	nucleosome assembly	0.861072169165	0.439436850881	1	8
PvWBCH1.1NG239000.1.v1.1	MF	0046982	protein heterodimerization activity	9.09609093677	0.742619226643	2	98
PvWBCH1.1NG239000.1.v1.1	CC	0005634	nucleus	3.47383786703	0.575327165495	5	100
PvWBCH1.1NG239000.1.v1.1	MF	0003677	DNA binding	3.20619347044	0.564692894489	6	100
PvWBCH1.1NG239000.1.v1.1	MF	0046538	2,3-bisphosphoglycerate-dependent phosphoglycerate mutase activity	0.125946844167	0.356230014103	10	1
PvWBCH1.1NG239000.1.v1.1	BP	0006891	intra-Golgi vesicle-mediated transport	0.108861632029	0.352607558303	13	1
PvWBCH1.1NG239000.1.v1.1	CC	0030126	COPI vesicle coat	0.115412615632	0.354027971698	14	1
PvWBCH1.1NG239000.1.v1.1	BP	0006888	endoplasmic reticulum to Golgi vesicle-mediated transport	0.0910955413717	0.348524319077	14	1
PvWBCH1.1NG239000.1.v1.1	BP	0030488	tRNA methylation	0.0860769764611	0.347300050913	15	1
PvWBCH1.1NG239000.1.v1.1	BP	0006096	glycolytic process	0.0758758434548	0.344696167849	17	1
PvWBCH1.1NG239000.1.v1.1	CC	0000139	Golgi membrane	0.0784429065401	0.345367123531	24	1
PvWBCH1.1NG239000.1.v1.1	CC	0009507	chloroplast	0.0598726458808	0.340228824749	31	1
PvWBCH1.1NG239000.1.v1.1	BP	0006886	intracellular protein transport	0.0682744350288	0.342639855623	39	1
PvWBCH1.1NG248800.1.v1.1	MF	0015267	channel activity	6.1538138442	0.664895923672	1	20
PvWBCH1.1NG248800.1.v1.1	BP	0009414	response to water deprivation	3.61844545046	0.580902516589	1	5
PvWBCH1.1NG248800.1.v1.1	CC	0016020	membrane	0.921463892762	0.44408170651	1	20
PvWBCH1.1NG248800.1.v1.1	BP	0006833	water transport	3.28187871631	0.567743685062	3	5
PvWBCH1.1NG248800.1.v1.1	CC	0071944	cell periphery	0.67937573128	0.42438001386	3	5
PvWBCH1.1NG248800.1.v1.1	MF	0005372	water transmembrane transporter activity	3.38684524941	0.571917128693	4	5
PvWBCH1.1NG248800.1.v1.1	BP	0055085	transmembrane transport	2.72891959308	0.544562295782	6	20
PvWBCH1.1NG251700.1.v1.1	BP	0009415	response to water	12.8208264125	0.824605756929	1	28
PvWBCH1.1NG251700.1.v1.1	CC	0005829	cytosol	2.38377627163	0.52888128933	1	18
PvWBCH1.1NG251700.1.v1.1	BP	0009631	cold acclimation	12.7088060128	0.822329467399	2	23
PvWBCH1.1NG251700.1.v1.1	CC	0016020	membrane	0.764325955025	0.431642170624	3	22
PvWBCH1.1NG251700.1.v1.1	BP	0009737	response to abscisic acid	10.0017896191	0.763903800736	4	23
PvWBCH1.1NG299100.1.v1.1	MF	0022857	transmembrane transporter activity	3.25334067841	0.566597521288	1	3
PvWBCH1.1NG299100.1.v1.1	BP	0055085	transmembrane transport	2.72425571099	0.544357238833	1	3
PvWBCH1.1NG299100.1.v1.1	CC	0016020	membrane	0.919889057448	0.443962549861	1	3
PvWBCH1.1NG326900.1.v1.1	BP	0009651	response to salt stress	9.40513342613	0.749996310594	1	3
PvWBCH1.1NG326900.1.v1.1	MF	0051082	unfolded protein binding	6.73292860054	0.681463324917	1	3
PvWBCH1.1NG326900.1.v1.1	CC	0005737	cytoplasm	0.200508334871	0.369717884035	1	2
PvWBCH1.1NG326900.1.v1.1	BP	0042542	response to hydrogen peroxide	8.90083774131	0.737893626608	2	3
PvWBCH1.1NG326900.1.v1.1	BP	0051259	protein complex oligomerization	7.59238894639	0.704788290072	5	3
PvWBCH1.1NG326900.1.v1.1	BP	0009408	response to heat	7.31687859626	0.697462070623	6	3
PvWBCH1.1NG326900.1.v1.1	BP	0006457	protein folding	5.6884453289	0.651008706802	11	3
PvWBCH1.1NG336100.1.v1.1	CC	0010008	endosome membrane	8.42724572518	0.726211516704	1	100
PvWBCH1.1NG336100.1.v1.1	BP	0072657	protein localization to membrane	6.65865362606	0.679379410622	1	91
PvWBCH1.1NG336100.1.v1.1	CC	0000139	Golgi membrane	7.85325717338	0.711603594377	2	100
PvWBCH1.1NG352100.1.v1.1	MF	0003723	RNA binding	3.38269929369	0.571753523693	1	67
PvWBCH1.1NG352100.1.v1.1	CC	0005737	cytoplasm	0.157155789237	0.362261460985	1	6
PvWBCH1.1NG356400.1.v1.1	MF	0050614	delta24-sterol reductase activity	11.3277532779	0.793395687999	1	6
PvWBCH1.1NG356400.1.v1.1	BP	0008202	steroid metabolic process	6.54023205549	0.676032699927	1	6
PvWBCH1.1NG356400.1.v1.1	CC	0005737	cytoplasm	1.13675813441	0.459510584968	1	6
PvWBCH1.1NG356400.1.v1.1	MF	0071949	FAD binding	7.71848935113	0.708097099307	2	8
PvWBCH1.1NG356400.1.v1.1	CC	0016020	membrane	0.921433014389	0.444079371141	2	8
PvWBCH1.1NG356400.1.v1.1	BP	0009987	cellular process	0.303308640589	0.384666669318	5	6
PvWBCH1.2KG047300.1.v1.1	MF	0005484	SNAP receptor activity	10.9057417351	0.784206193111	1	100
PvWBCH1.2KG047300.1.v1.1	BP	0048278	vesicle docking	10.1931344316	0.768275518062	1	94
PvWBCH1.2KG047300.1.v1.1	CC	0031201	SNARE complex	9.86228091286	0.760689981224	1	94
PvWBCH1.2KG047300.1.v1.1	MF	0000149	SNARE binding	9.4960233899	0.752142779549	2	94
PvWBCH1.2KG047300.1.v1.1	CC	0012505	endomembrane system	4.5538146857	0.614551992363	2	94
PvWBCH1.2KG047300.1.v1.1	BP	0006906	vesicle fusion	9.56641829871	0.753798184864	4	94
PvWBCH1.2KG047300.1.v1.1	CC	0005886	plasma membrane	2.37880850557	0.528647571711	5	94
PvWBCH1.2KG047300.1.v1.1	BP	0006887	exocytosis	8.60965592737	0.730748964678	7	94
PvWBCH1.2KG047300.1.v1.1	MF	0008168	methyltransferase activity	0.0465969059658	0.336043331545	7	1
PvWBCH1.2KG047300.1.v1.1	BP	0006886	intracellular protein transport	6.83516965076	0.684313165148	12	100
PvWBCH1.2KG047300.1.v1.1	BP	0032259	methylation	0.0444769181479	0.335322028744	33	1
PvWBCH1.2KG075800.1.v1.1	CC	0030126	COPI vesicle coat	11.5544773267	0.798262060594	1	100
PvWBCH1.2KG075800.1.v1.1	BP	0006891	intra-Golgi vesicle-mediated transport	9.12867885342	0.743402976299	1	84
PvWBCH1.2KG075800.1.v1.1	MF	0005198	structural molecule activity	3.63440063243	0.581510790811	1	100
PvWBCH1.2KG075800.1.v1.1	BP	0006888	endoplasmic reticulum to Golgi vesicle-mediated transport	7.63888917206	0.706011607071	2	84
PvWBCH1.2KG075800.1.v1.1	BP	0006886	intracellular protein transport	6.83526152852	0.684315716503	4	100
PvWBCH1.2KG075800.1.v1.1	BP	0009306	protein secretion	6.40678316726	0.672224782548	5	84
PvWBCH1.2KG075800.1.v1.1	CC	0005793	endoplasmic reticulum-Golgi intermediate compartment	9.00633875428	0.740453370853	10	84
PvWBCH1.2KG075800.1.v1.1	CC	0000139	Golgi membrane	7.85327305942	0.711604005931	12	100
PvWBCH1.2KG075800.1.v1.1	CC	0005783	endoplasmic reticulum	5.03164040394	0.630402741625	20	84
PvWBCH1.2KG076400.1.v1.1	BP	0006869	lipid transport	5.04987161218	0.63099226959	1	13
PvWBCH1.2KG076400.1.v1.1	MF	0008289	lipid binding	4.89395256275	0.625915500309	1	13
PvWBCH1.2KG076400.1.v1.1	CC	0016020	membrane	0.921400754872	0.444076931273	1	20
PvWBCH1.2KG079800.1.v1.1	BP	0016192	vesicle-mediated transport	6.05336478628	0.661944078921	1	7
PvWBCH1.2KG079800.1.v1.1	CC	0012505	endomembrane system	4.87940691027	0.625437791764	1	7
PvWBCH1.2KG079800.1.v1.1	CC	0043231	intracellular membrane-bounded organelle	2.39785987808	0.529542557635	2	7
PvWBCH1.2KG079800.1.v1.1	BP	0015031	protein transport	0.725786632307	0.428400398546	5	1
PvWBCH1.2KG079800.1.v1.1	CC	0005737	cytoplasm	1.53791086131	0.484766199508	6	7
PvWBCH1.2KG079800.1.v1.1	CC	0016020	membrane	0.921246603771	0.444065271848	8	7
PvWBCH1.2KG082400.1.v1.1	MF	0043531	ADP binding	9.33251948481	0.748273986612	1	1
PvWBCH1.2KG082400.1.v1.1	BP	0098542	defense response to other organism	7.26033851202	0.69594162261	1	1
PvWBCH1.2KG082400.1.v1.1	MF	0030246	carbohydrate binding	7.05445775902	0.690354528188	2	1
PvWBCH1.2KG092500.1.v1.1	MF	0030598	rRNA N-glycosylase activity	15.2690035454	0.852415952662	1	1
PvWBCH1.2KG092500.1.v1.1	BP	0017148	negative regulation of translation	9.22335357605	0.745672031288	1	1
PvWBCH1.2KG132000.1.v1.1	MF	0015267	channel activity	6.15353128715	0.664887654242	1	13
PvWBCH1.2KG132000.1.v1.1	BP	0055085	transmembrane transport	2.72879429266	0.544556788989	1	13
PvWBCH1.2KG132000.1.v1.1	CC	0005886	plasma membrane	1.33936222113	0.472741147587	1	7
PvWBCH1.2KG138800.1.v1.1	MF	0016651	oxidoreductase activity, acting on NAD(P)H	6.23119237694	0.667153415118	1	93
PvWBCH1.2KG138800.1.v1.1	CC	0005782	peroxisomal matrix	2.82003930564	0.548533962939	1	22
PvWBCH1.2KG138800.1.v1.1	BP	0098869	cellular oxidant detoxification	1.25532874638	0.467384191528	1	17
PvWBCH1.2KG138800.1.v1.1	MF	0003729	mRNA binding	1.03063084345	0.452107025944	5	22
PvWBCH1.2KG138800.1.v1.1	MF	0000166	nucleotide binding	0.0264142152809	0.328298558374	11	1
PvWBCH1.2KG159700.5.v1.1	MF	0106290	trans-cinnamate-CoA ligase activity	14.4804002528	0.84772187896	1	86
PvWBCH1.2KG159700.5.v1.1	BP	0009698	phenylpropanoid metabolic process	10.6902924187	0.779446103381	1	86
PvWBCH1.2KG159700.5.v1.1	CC	0005783	endoplasmic reticulum	5.04917410038	0.630969734308	1	76
PvWBCH1.2KG159700.5.v1.1	MF	0016207	4-coumarate-CoA ligase activity	13.8507281799	0.843881256551	2	86
PvWBCH1.2KG159700.5.v1.1	BP	0001676	long-chain fatty acid metabolic process	9.81537001475	0.759604208197	2	90
PvWBCH1.2KG159700.5.v1.1	MF	0004467	long-chain fatty acid-CoA ligase activity	10.6927213859	0.779500034423	3	90
PvWBCH1.2KG159700.5.v1.1	CC	0016020	membrane	0.883563567011	0.441185186104	8	86
PvWBCH1.2KG168900.3.v1.1	MF	0004325	ferrochelatase activity	11.1363498648	0.78924938825	1	100
PvWBCH1.2KG168900.3.v1.1	BP	0006783	heme biosynthetic process	8.06190736622	0.716973592992	1	100
PvWBCH1.2KG168900.3.v1.1	CC	0009507	chloroplast	5.99407861611	0.660190364464	1	100
PvWBCH1.2KG168900.3.v1.1	CC	0005739	mitochondrion	3.86415951285	0.590126399578	3	86
PvWBCH1.2KG168900.3.v1.1	MF	0016757	glycosyltransferase activity	0.0578078549393	0.339610819498	4	1
PvWBCH1.2KG168900.3.v1.1	BP	0006979	response to oxidative stress	1.28395139326	0.469228412689	10	16
PvWBCH1.2KG168900.3.v1.1	CC	0016020	membrane	0.779278343883	0.432877831528	10	83
PvWBCH1.2KG168900.3.v1.1	BP	0009987	cellular process	0.410474662626	0.39772716663	14	100
PvWBCH1.2KG222900.1.v1.1	CC	0005794	Golgi apparatus	5.61503552252	0.648766880886	1	87
PvWBCH1.2KG222900.1.v1.1	CC	0016020	membrane	0.921541191736	0.444087552554	8	100
PvWBCH1.2KG223500.1.v1.1	MF	0005375	copper ion transmembrane transporter activity	11.0949623396	0.788348151868	1	47
PvWBCH1.2KG223500.1.v1.1	BP	0035434	copper ion transmembrane transport	10.7353039497	0.780444513982	1	47
PvWBCH1.2KG223500.1.v1.1	CC	0005886	plasma membrane	2.08355446995	0.514289270317	1	38
PvWBCH1.2KG223500.1.v1.1	CC	0005770	late endosome	1.40208519316	0.476630852993	3	7
PvWBCH1.2KG223500.1.v1.1	MF	0004386	helicase activity	0.0857190042026	0.347211377234	10	1
PvWBCH1.2KG223500.1.v1.1	BP	0015680	protein maturation by copper ion transfer	2.98489370103	0.555559788118	11	7
PvWBCH1.2KG223500.1.v1.1	MF	0016787	hydrolase activity	0.0300055153275	0.329851689404	13	1
PvWBCH1.2KG240500.1.v1.1	MF	0019156	isoamylase activity	6.05819469504	0.662086570933	1	5
PvWBCH1.2KG240500.1.v1.1	BP	0005975	carbohydrate metabolic process	4.15462782215	0.600659768481	1	15
PvWBCH1.2KG240500.1.v1.1	CC	0009507	chloroplast	1.94186196901	0.507037227339	1	4
PvWBCH1.2KG240500.1.v1.1	BP	0010021	amylopectin biosynthetic process	1.25192386398	0.467163414039	2	1
PvWBCH1.2KG240500.1.v1.1	CC	0043033	isoamylase complex	1.3321141638	0.472285847255	3	1
PvWBCH1.2KG240500.1.v1.1	BP	0009057	macromolecule catabolic process	0.35049059928	0.390661661944	14	1
PvWBCH1.2KG277500.1.v1.1	MF	0004421	hydroxymethylglutaryl-CoA synthase activity	13.4925840212	0.838052311912	1	100
PvWBCH1.2KG277500.1.v1.1	BP	0010142	farnesyl diphosphate biosynthetic process, mevalonate pathway	12.9974613144	0.828174924701	1	100
PvWBCH1.2KG277500.1.v1.1	BP	0016126	sterol biosynthetic process	10.445134077	0.773970902093	5	99
PvWBCH1.2KG277500.1.v1.1	BP	0006084	acetyl-CoA metabolic process	8.73302298784	0.733790518392	9	100
PvWBCH1.2KG279700.1.v1.1	BP	0033320	UDP-D-xylose biosynthetic process	12.5115397292	0.818296429672	1	1
PvWBCH1.2KG279700.1.v1.1	MF	0048040	UDP-glucuronate decarboxylase activity	12.2485871197	0.81287069198	1	1
PvWBCH1.2KG279700.1.v1.1	CC	0012505	endomembrane system	4.84928936882	0.624446402223	1	1
PvWBCH1.2KG279700.1.v1.1	MF	0009678	diphosphate hydrolysis-driven proton transmembrane transporter activity	12.065948177	0.809067790459	2	1
PvWBCH1.2KG279700.1.v1.1	CC	0016020	membrane	0.915560321957	0.44363449856	2	1
PvWBCH1.2KG279700.1.v1.1	MF	0004427	inorganic diphosphate phosphatase activity	10.7289004594	0.780302604641	3	1
PvWBCH1.2KG279700.1.v1.1	BP	0042732	D-xylose metabolic process	10.4185732797	0.773373870831	3	1
PvWBCH1.2KG279700.1.v1.1	MF	0070403	NAD+ binding	9.18741940561	0.744812179819	4	1
PvWBCH1.2KG279700.1.v1.1	MF	0004252	serine-type endopeptidase activity	6.93937618855	0.687195942146	6	1
PvWBCH1.2KG279700.1.v1.1	BP	1902600	proton transmembrane transport	4.73570277655	0.620679447221	9	1
PvWBCH1.2KG286200.1.v1.1	BP	0030245	cellulose catabolic process	10.2854671729	0.770370393975	1	100
PvWBCH1.2KG286200.1.v1.1	MF	0004553	hydrolase activity, hydrolyzing O-glycosyl compounds	6.28426772174	0.668693774326	1	100
PvWBCH1.2KG286200.1.v1.1	CC	0016020	membrane	0.443343250173	0.401380005571	1	48
PvWBCH1.2KG286200.1.v1.1	CC	0098827	endoplasmic reticulum subcompartment	0.224319372296	0.373470155583	3	3
PvWBCH1.2KG286200.1.v1.1	MF	0043531	ADP binding	0.0805454248401	0.345908523557	6	1
PvWBCH1.2KG286200.1.v1.1	CC	0005576	extracellular region	0.0602005712493	0.340325988431	11	1
PvWBCH1.2KG286200.1.v1.1	BP	0140042	lipid droplet formation	0.468608689017	0.40409665857	16	3
PvWBCH1.2KG286200.1.v1.1	BP	0006629	lipid metabolic process	0.143545941413	0.359712587875	29	3
PvWBCH1.2KG286200.1.v1.1	BP	0071555	cell wall organization	0.0732157554587	0.343988811397	32	1
PvWBCH1.2KG286200.1.v1.1	BP	0006952	defense response	0.0595330617253	0.340127925732	35	1
PvWBCH1.2KG286200.1.v1.1	BP	0051707	response to other organism	0.056904590649	0.339336999882	36	1
PvWBCH1.2KG298900.1.v1.1	CC	0005634	nucleus	3.47248112211	0.575274312152	1	11
PvWBCH1.2KG298900.1.v1.1	MF	0003677	DNA binding	3.20494125693	0.564642118014	1	11
PvWBCH1.2KG298900.1.v1.1	BP	0006325	chromatin organization	0.393072966339	0.395733911661	1	1
PvWBCH1.2KG298900.1.v1.1	MF	0030527	structural constituent of chromatin	0.530563338315	0.410463358893	5	1
PvWBCH1.2KG298900.1.v1.1	MF	0003682	chromatin binding	0.502748336402	0.407653694865	6	1
PvWBCH1.2KG298900.1.v1.1	CC	0000785	chromatin	0.431952947538	0.400129980986	7	1
PvWBCH1.2KG303500.1.v1.1	CC	0010008	endosome membrane	8.427245895	0.726211520951	1	100
PvWBCH1.2KG303500.1.v1.1	BP	0072657	protein localization to membrane	6.31395658301	0.669552571867	1	86
PvWBCH1.2KG303500.1.v1.1	CC	0000139	Golgi membrane	7.85325733164	0.711603598477	2	100
PvWBCH1.2KG347500.1.v1.1	CC	0005759	mitochondrial matrix	7.79259626323	0.710029025264	1	43
PvWBCH1.2KG347500.1.v1.1	MF	0051536	iron-sulfur cluster binding	5.30748838359	0.639211569143	1	45
PvWBCH1.2KG347500.1.v1.1	BP	0006812	monoatomic cation transport	0.231753216866	0.3746003744	1	2
PvWBCH1.2KG347500.1.v1.1	MF	0046872	metal ion binding	2.4510402849	0.532022195063	3	45
PvWBCH1.2KG347500.1.v1.1	BP	0006879	intracellular iron ion homeostasis	0.0504851758915	0.337324852225	6	1
PvWBCH1.2KG347500.1.v1.1	CC	0009507	chloroplast	0.174524516175	0.365358942914	12	1
PvWBCH1.2KG347500.1.v1.1	CC	0005829	cytosol	0.0220805927632	0.326276052013	15	1
PvWBCH1.2KG347500.1.v1.1	CC	0005634	nucleus	0.0212132357965	0.325848037706	16	1
PvWBCH1.2KG389100.1.v1.1	MF	0003849	3-deoxy-7-phosphoheptulonate synthase activity	11.4761275284	0.796585815739	1	100
PvWBCH1.2KG389100.1.v1.1	BP	0009423	chorismate biosynthetic process	6.82900172435	0.68414184866	1	78
PvWBCH1.2KG389100.1.v1.1	CC	0009507	chloroplast	5.99409667358	0.66019089993	1	100
PvWBCH1.2KG389100.1.v1.1	BP	0009073	aromatic amino acid family biosynthetic process	6.68396442492	0.680090848755	2	100
PvWBCH1.2KG389100.1.v1.1	BP	0008652	amino acid biosynthetic process	4.92134877815	0.626813323449	6	100
PvWBCH1.2KG390400.1.v1.1	MF	0051213	dioxygenase activity	7.49662237177	0.702257026512	1	4
PvWBCH1.2KG401400.1.v1.1	MF	0016920	pyroglutamyl-peptidase activity	13.6874546025	0.841890052851	1	100
PvWBCH1.2KG401400.1.v1.1	BP	0006508	proteolysis	4.32378072199	0.606624563282	1	100
PvWBCH1.2KG401400.1.v1.1	CC	0005829	cytosol	3.61594630073	0.580807117794	1	100
PvWBCH1.2KG401400.1.v1.1	BP	0009987	cellular process	0.410469707964	0.397726605183	6	100
PvWBCH1.2NG036100.1.v1.1	MF	0140078	class I DNA-(apurinic or apyrimidinic site) endonuclease activity	10.8046325113	0.781978220141	1	1
PvWBCH1.2NG036100.1.v1.1	BP	0006284	base-excision repair	8.17448010041	0.719842012974	1	1
PvWBCH1.2NG036100.1.v1.1	CC	0005634	nucleus	3.43447115568	0.573789376888	1	1
PvWBCH1.2NG036100.1.v1.1	MF	0019104	DNA N-glycosylase activity	8.78925016581	0.735169642153	3	1
PvWBCH1.2NG036100.1.v1.1	MF	0003684	damaged DNA binding	8.46566236195	0.727171180323	4	1
PvWBCH1.2NG036100.1.v1.1	MF	0008270	zinc ion binding	5.01611545488	0.629899881273	8	1
PvWBCH1.2NG099200.1.v1.1	BP	0031408	oxylipin biosynthetic process	9.74041081855	0.757863845539	1	43
PvWBCH1.2NG099200.1.v1.1	MF	0010181	FMN binding	7.78310699998	0.70978215982	1	62
PvWBCH1.2NG099200.1.v1.1	CC	0005777	peroxisome	0.106383967235	0.352059238133	1	1
PvWBCH1.2NG099200.1.v1.1	MF	0016491	oxidoreductase activity	3.02807353088	0.557367756895	2	62
PvWBCH1.2NG099200.1.v1.1	BP	0006633	fatty acid biosynthetic process	4.96369889819	0.628196309745	3	43
PvWBCH1.2NG099200.1.v1.1	CC	0016020	membrane	0.0133027932288	0.321447039194	8	1
PvWBCH1.2NG099200.1.v1.1	BP	0009694	jasmonic acid metabolic process	0.91097694973	0.443286303328	18	4
PvWBCH1.2NG099200.1.v1.1	BP	0006952	defense response	0.125732662567	0.356186180226	24	1
PvWBCH1.2NG099400.2.v1.1	CC	0009501	amyloplast	13.9135378061	0.844268225113	1	96
PvWBCH1.2NG099400.2.v1.1	BP	0019252	starch biosynthetic process	13.1176470251	0.830589605274	1	100
PvWBCH1.2NG099400.2.v1.1	MF	0004373	alpha-1,4-glucan glucosyltransferase (UDP-glucose donor) activity	12.0984036702	0.809745669731	1	100
PvWBCH1.2NG099400.2.v1.1	CC	0009507	chloroplast	5.70028980611	0.651369061201	2	94
PvWBCH1.2NG109100.1.v1.1	MF	0015267	channel activity	6.15427421737	0.664909396734	1	96
PvWBCH1.2NG109100.1.v1.1	BP	0055085	transmembrane transport	2.72912374637	0.544571267787	1	96
PvWBCH1.2NG109100.1.v1.1	CC	0005886	plasma membrane	1.09543961841	0.456671040967	1	40
PvWBCH1.2NG109100.1.v1.1	CC	0032991	protein-containing complex	0.0356466237209	0.332114215177	4	1
PvWBCH1.2NG109100.1.v1.1	BP	0006833	water transport	1.6105014224	0.488966833447	5	12
PvWBCH1.2NG109100.1.v1.1	MF	0005372	water transmembrane transporter activity	1.66201117199	0.491890405789	6	12
PvWBCH1.2NG109100.1.v1.1	BP	0051290	protein heterotetramerization	0.229963187296	0.374329900734	8	1
PvWBCH1.2NG109100.1.v1.1	MF	0005515	protein binding	0.0603222316241	0.340361968849	8	1
PvWBCH1.2NG109100.1.v1.1	BP	0051289	protein homotetramerization	0.178575731666	0.366058938173	10	1
PvWBCH1.2NG216600.1.v1.1	MF	0019156	isoamylase activity	6.04129556261	0.661587763867	1	5
PvWBCH1.2NG216600.1.v1.1	BP	0005975	carbohydrate metabolic process	4.15462731287	0.600659750342	1	15
PvWBCH1.2NG216600.1.v1.1	CC	0009507	chloroplast	1.93724697436	0.506796648785	1	4
PvWBCH1.2NG216600.1.v1.1	BP	0010021	amylopectin biosynthetic process	1.24589412672	0.466771699286	2	1
PvWBCH1.2NG216600.1.v1.1	CC	0043033	isoamylase complex	1.32569819984	0.471881781828	3	1
PvWBCH1.2NG216600.1.v1.1	BP	0009057	macromolecule catabolic process	0.348802504432	0.390454400196	14	1
PvWBCH1.2NG232500.1.v1.1	MF	0140662	ATP-dependent protein folding chaperone	8.53761888387	0.728962843569	1	100
PvWBCH1.2NG232500.1.v1.1	BP	0006457	protein folding	6.5492225722	0.676287838147	1	100
PvWBCH1.2NG232500.1.v1.1	CC	0005739	mitochondrion	0.673602940116	0.423870456618	1	15
PvWBCH1.2NG232500.1.v1.1	MF	0051082	unfolded protein binding	7.75175736394	0.708965519893	3	100
PvWBCH1.2NG232500.1.v1.1	MF	0005524	ATP binding	3.05185224143	0.558357885508	6	100
PvWBCH1.2NG232500.1.v1.1	CC	0016020	membrane	0.00890907603072	0.31840512336	8	1
PvWBCH1.2NG232500.1.v1.1	BP	0016226	iron-sulfur cluster assembly	1.14421578158	0.460017568522	13	14
PvWBCH1.2NG232500.1.v1.1	MF	0031072	heat shock protein binding	1.42218699151	0.477858959426	20	14
PvWBCH1.2NG232500.1.v1.1	MF	0016887	ATP hydrolysis activity	0.644001210441	0.421222544084	23	14
PvWBCH1.2NG232500.1.v1.1	MF	0032440	2-alkenal reductase [NAD(P)+] activity	0.142003783711	0.359416281417	29	1
PvWBCH1.2NG253200.1.v1.1	MF	0004421	hydroxymethylglutaryl-CoA synthase activity	13.4925836006	0.8380523036	1	100
PvWBCH1.2NG253200.1.v1.1	BP	0010142	farnesyl diphosphate biosynthetic process, mevalonate pathway	12.9974609093	0.828174916543	1	100
PvWBCH1.2NG253200.1.v1.1	BP	0016126	sterol biosynthetic process	10.3483618735	0.771791990205	5	98
PvWBCH1.2NG253200.1.v1.1	BP	0006084	acetyl-CoA metabolic process	8.73302271565	0.733790511705	8	100
PvWBCH1.2NG311200.1.v1.1	MF	0016161	beta-amylase activity	14.6711196628	0.848868602985	1	100
PvWBCH1.2NG311200.1.v1.1	BP	0000272	polysaccharide catabolic process	7.61065627194	0.70526930812	1	100
PvWBCH1.2NG311200.1.v1.1	BP	0009987	cellular process	0.410475552338	0.397727267449	10	100
PvWBCH1.2NG368100.4.v1.1	BP	0042256	cytosolic ribosome assembly	10.8122059452	0.782145463306	1	98
PvWBCH1.2NG368100.4.v1.1	MF	0043023	ribosomal large subunit binding	9.82418599174	0.75980845546	1	97
PvWBCH1.2NG368100.4.v1.1	CC	0005730	nucleolus	6.87919389113	0.685533716961	1	97
PvWBCH1.2NG368100.4.v1.1	MF	0003743	translation initiation factor activity	8.470562514	0.727293431451	2	100
PvWBCH1.2NG368100.4.v1.1	BP	0042273	ribosomal large subunit biogenesis	7.97952538996	0.714861740022	2	97
PvWBCH1.2NG368100.4.v1.1	BP	0006413	translational initiation	7.90519177819	0.712946830321	3	100
PvWBCH1.2NG368100.4.v1.1	CC	0005737	cytoplasm	1.49292194801	0.482112888897	13	97
PvWBCH1.2NG368100.4.v1.1	CC	0016020	membrane	0.00915962581071	0.318596501623	17	1
PvWBCH1.2NG368100.4.v1.1	BP	0000054	ribosomal subunit export from nucleus	1.37753252499	0.475118817405	21	12
PvWBCH1.2NG368100.4.v1.1	BP	0000460	maturation of 5.8S rRNA	1.26307065294	0.467885076214	23	12
PvWBCH1.2NG368100.4.v1.1	BP	0022618	protein-RNA complex assembly	0.854067911422	0.438887733937	33	12
PvWBCH1.3KG034500.2.v1.1	BP	0019722	calcium-mediated signaling	10.6204465708	0.777892666754	1	100
PvWBCH1.3KG034500.2.v1.1	MF	0019900	kinase binding	9.42823193592	0.750542787353	1	100
PvWBCH1.3KG034500.2.v1.1	CC	0016020	membrane	0.912073772521	0.443369707683	1	99
PvWBCH1.3KG034500.2.v1.1	MF	0005509	calcium ion binding	6.92298388923	0.686743906189	3	100
PvWBCH1.3KG041900.1.v1.1	CC	0010008	endosome membrane	8.42724227005	0.726211430295	1	100
PvWBCH1.3KG041900.1.v1.1	BP	0072657	protein localization to membrane	6.22232983407	0.666895567042	1	85
PvWBCH1.3KG041900.1.v1.1	CC	0000139	Golgi membrane	7.85325395358	0.711603510962	2	100
PvWBCH1.3KG054000.1.v1.1	MF	0016034	maleylacetoacetate isomerase activity	9.70261173934	0.756983706765	1	77
PvWBCH1.3KG054000.1.v1.1	BP	0006559	L-phenylalanine catabolic process	8.22767029165	0.721190458313	1	77
PvWBCH1.3KG054000.1.v1.1	CC	0005737	cytoplasm	1.42074317002	0.477771040568	1	89
PvWBCH1.3KG054000.1.v1.1	MF	0004364	glutathione transferase activity	8.93898074208	0.738820822519	2	86
PvWBCH1.3KG054000.1.v1.1	BP	0006749	glutathione metabolic process	6.72649315268	0.681283223468	6	77
PvWBCH1.3KG055400.1.v1.1	MF	0030246	carbohydrate binding	7.08697051732	0.691242213601	1	7
PvWBCH1.3KG055400.1.v1.1	BP	0009451	RNA modification	0.795614435263	0.434214365857	1	2
PvWBCH1.3KG055400.1.v1.1	MF	0003723	RNA binding	0.472588943167	0.404517892145	3	2
PvWBCH1.3KG055400.1.v1.1	MF	0008270	zinc ion binding	0.347113423763	0.390246514819	4	1
PvWBCH1.3KG055400.1.v1.1	BP	0009987	cellular process	0.0573456323008	0.339470968632	9	2
PvWBCH1.3KG080800.1.v1.1	MF	0008234	cysteine-type peptidase activity	7.93634504053	0.713750461365	1	47
PvWBCH1.3KG080800.1.v1.1	BP	0006508	proteolysis	4.32371915517	0.606622413705	1	47
PvWBCH1.3KG080800.1.v1.1	CC	0005615	extracellular space	1.1141808462	0.457965519109	1	8
PvWBCH1.3KG080800.1.v1.1	CC	0016020	membrane	0.0176927582241	0.324013651373	3	1
PvWBCH1.3KG080800.1.v1.1	BP	0030163	protein catabolic process	1.07020007367	0.454910089412	5	8
PvWBCH1.3KG080800.1.v1.1	MF	0004175	endopeptidase activity	0.911077138658	0.443293923956	6	8
PvWBCH1.3KG080800.1.v1.1	BP	0009987	cellular process	0.410463863237	0.397725942872	10	47
PvWBCH1.3KG080900.1.v1.1	MF	0020037	heme binding	5.44542266311	0.643530435208	1	100
PvWBCH1.3KG080900.1.v1.1	CC	0005789	endoplasmic reticulum membrane	3.7123118556	0.584462076315	1	56
PvWBCH1.3KG080900.1.v1.1	BP	0006508	proteolysis	0.0438694557753	0.335112193129	1	1
PvWBCH1.3KG080900.1.v1.1	MF	0046872	metal ion binding	2.47631872233	0.533191414884	3	100
PvWBCH1.3KG080900.1.v1.1	BP	0009987	cellular process	0.00416466140594	0.314070364081	6	1
PvWBCH1.3KG080900.1.v1.1	MF	0009703	nitrate reductase (NADH) activity	0.157369882866	0.362300655684	9	1
PvWBCH1.3KG080900.1.v1.1	MF	0004128	cytochrome-b5 reductase activity, acting on NAD(P)H	0.12097409063	0.355202490946	11	1
PvWBCH1.3KG080900.1.v1.1	MF	0008234	cysteine-type peptidase activity	0.08052399457	0.345903041131	16	1
PvWBCH1.3KG087700.1.v1.1	MF	0009041	UMP/dUMP kinase activity	10.2788551047	0.770220690547	1	86
PvWBCH1.3KG087700.1.v1.1	BP	0046940	nucleoside monophosphate phosphorylation	8.70369504538	0.73306940926	1	95
PvWBCH1.3KG087700.1.v1.1	CC	0005634	nucleus	2.46779028995	0.532797613742	1	66
PvWBCH1.3KG087700.1.v1.1	MF	0004127	(d)CMP kinase activity	10.2372963215	0.769278656245	2	86
PvWBCH1.3KG087700.1.v1.1	BP	0006207	'de novo' pyrimidine nucleobase biosynthetic process	7.98178956846	0.714919927287	2	86
PvWBCH1.3KG087700.1.v1.1	CC	0005737	cytoplasm	1.17596126685	0.462157417823	6	74
PvWBCH1.3KG087700.1.v1.1	BP	0006221	pyrimidine nucleotide biosynthetic process	6.50247489368	0.674959285208	7	86
PvWBCH1.3KG087700.1.v1.1	MF	0004017	adenylate kinase activity	4.99696571483	0.6292785391	7	39
PvWBCH1.3KG087700.1.v1.1	CC	0016020	membrane	0.0906521630939	0.348417538593	8	13
PvWBCH1.3KG087700.1.v1.1	MF	0005524	ATP binding	3.02206574515	0.557116982368	12	99
PvWBCH1.3KG087700.1.v1.1	BP	0046704	CDP metabolic process	1.855630061	0.502493636908	25	11
PvWBCH1.3KG087700.1.v1.1	BP	0009194	pyrimidine ribonucleoside diphosphate biosynthetic process	1.50794465498	0.483003273887	26	11
PvWBCH1.3KG087700.1.v1.1	BP	0046048	UDP metabolic process	1.49770619523	0.482396931944	28	11
PvWBCH1.3KG087700.1.v1.1	MF	0004559	alpha-mannosidase activity	0.592169176938	0.416435072579	30	6
PvWBCH1.3KG087700.1.v1.1	MF	0030246	carbohydrate binding	0.382938032704	0.394552645264	32	6
PvWBCH1.3KG087700.1.v1.1	MF	0004550	nucleoside diphosphate kinase activity	0.134995123489	0.358048923029	36	2
PvWBCH1.3KG087700.1.v1.1	MF	0004683	calcium/calmodulin-dependent protein kinase activity	0.0789509349483	0.34549859948	37	1
PvWBCH1.3KG087700.1.v1.1	MF	0005516	calmodulin binding	0.0660725676843	0.342023057048	38	1
PvWBCH1.3KG087700.1.v1.1	MF	0000976	transcription cis-regulatory region binding	0.0527420976424	0.338046120528	39	1
PvWBCH1.3KG087700.1.v1.1	BP	0009260	ribonucleotide biosynthetic process	0.731168884092	0.428858216925	40	11
PvWBCH1.3KG087700.1.v1.1	BP	0006013	mannose metabolic process	0.617900766691	0.418836876513	45	6
PvWBCH1.3KG087700.1.v1.1	MF	0000287	magnesium ion binding	0.039726440327	0.333640527474	45	1
PvWBCH1.3KG087700.1.v1.1	MF	0016887	ATP hydrolysis activity	0.0274336522103	0.328749631741	50	1
PvWBCH1.3KG087700.1.v1.1	BP	0010597	green leaf volatile biosynthetic process	0.122091607868	0.355435217082	52	1
PvWBCH1.3KG087700.1.v1.1	BP	0043100	pyrimidine nucleobase salvage	0.0854327486729	0.347140335267	55	1
PvWBCH1.3KG087700.1.v1.1	BP	0043173	nucleotide salvage	0.0644121490116	0.341551104652	57	1
PvWBCH1.3KG087700.1.v1.1	MF	0003723	RNA binding	0.0239085349568	0.327151383005	57	1
PvWBCH1.3KG087700.1.v1.1	BP	0009451	RNA modification	0.0402505725381	0.333830815829	61	1
PvWBCH1.3KG087700.1.v1.1	BP	0046034	ATP metabolic process	0.0389684150159	0.333363088677	62	1
PvWBCH1.3KG098400.3.v1.1	MF	0106290	trans-cinnamate-CoA ligase activity	14.4724211538	0.847673739556	1	95
PvWBCH1.3KG098400.3.v1.1	BP	0010025	wax biosynthetic process	14.3838762999	0.847138638474	1	85
PvWBCH1.3KG098400.3.v1.1	CC	0005783	endoplasmic reticulum	5.12429220316	0.633387781171	1	85
PvWBCH1.3KG098400.3.v1.1	MF	0016207	4-coumarate-CoA ligase activity	13.8430960476	0.843834175438	2	95
PvWBCH1.3KG098400.3.v1.1	BP	0010143	cutin biosynthetic process	12.9192301182	0.826597159746	3	85
PvWBCH1.3KG098400.3.v1.1	MF	0004467	long-chain fatty acid-CoA ligase activity	10.6927299064	0.779500223594	3	100
PvWBCH1.3KG098400.3.v1.1	BP	0009698	phenylpropanoid metabolic process	10.6844017735	0.779315286275	5	95
PvWBCH1.3KG098400.3.v1.1	BP	0001676	long-chain fatty acid metabolic process	9.81537783609	0.759604389442	6	100
PvWBCH1.3KG098400.3.v1.1	CC	0016020	membrane	0.786099958337	0.43343762801	9	85
PvWBCH1.3KG098400.3.v1.1	MF	0005524	ATP binding	2.74166590285	0.545121820757	11	89
PvWBCH1.3KG115700.1.v1.1	MF	0051082	unfolded protein binding	7.61878877832	0.705483268818	1	76
PvWBCH1.3KG115700.1.v1.1	BP	0006457	protein folding	6.48169694354	0.674367250278	1	77
PvWBCH1.3KG115700.1.v1.1	CC	0005783	endoplasmic reticulum	1.93129560518	0.506485981911	1	24
PvWBCH1.3KG115700.1.v1.1	MF	0051087	protein-folding chaperone binding	1.15200489016	0.460545324535	3	10
PvWBCH1.3KG115700.1.v1.1	MF	0031072	heat shock protein binding	0.38751450493	0.395087962739	6	4
PvWBCH1.3KG115700.1.v1.1	MF	0016491	oxidoreductase activity	0.0381473524709	0.333059516181	7	1
PvWBCH1.3KG115700.1.v1.1	CC	0070013	intracellular organelle lumen	0.322259803908	0.387127036439	10	4
PvWBCH1.3KG115700.1.v1.1	BP	0002221	pattern recognition receptor signaling pathway	0.509833054486	0.408376567657	11	3
PvWBCH1.3KG115800.1.v1.1	CC	0000930	gamma-tubulin complex	12.1902897359	0.811659925551	1	100
PvWBCH1.3KG115800.1.v1.1	BP	0007020	microtubule nucleation	11.6371117378	0.800023825646	1	100
PvWBCH1.3KG115800.1.v1.1	MF	0005525	GTP binding	5.988118014	0.660013568013	1	100
PvWBCH1.3KG115800.1.v1.1	BP	0031122	cytoplasmic microtubule organization	11.0250226142	0.786821346527	3	100
PvWBCH1.3KG115800.1.v1.1	CC	0005874	microtubule	7.77515417294	0.709575149193	3	100
PvWBCH1.3KG115800.1.v1.1	MF	0005200	structural constituent of cytoskeleton	0.927676053421	0.44455074666	16	9
PvWBCH1.3KG115800.1.v1.1	CC	0005819	spindle	0.809833628914	0.43536657871	16	9
PvWBCH1.3KG115800.1.v1.1	BP	0000212	meiotic spindle organization	1.31171402013	0.47099768235	17	9
PvWBCH1.3KG115800.1.v1.1	CC	0005634	nucleus	0.383307614597	0.394595994187	17	11
PvWBCH1.3KG115800.1.v1.1	BP	0000070	mitotic sister chromatid segregation	0.940154588078	0.445488198322	18	9
PvWBCH1.3KG115800.1.v1.1	MF	0016757	glycosyltransferase activity	0.0536167124139	0.338321470707	19	1
PvWBCH1.3KG115800.1.v1.1	BP	0007052	mitotic spindle organization	0.93327504626	0.44497214667	20	9
PvWBCH1.3KG115800.1.v1.1	CC	0012505	endomembrane system	0.0952515316701	0.34951285365	21	2
PvWBCH1.3KG115800.1.v1.1	CC	0031967	organelle envelope	0.0921791252493	0.348784194274	22	2
PvWBCH1.3KG115800.1.v1.1	CC	0005938	cell cortex	0.0829264389052	0.346513172906	23	1
PvWBCH1.3KG115800.1.v1.1	CC	0005886	plasma membrane	0.0497572188032	0.337088785626	25	2
PvWBCH1.3KG115800.1.v1.1	CC	0005739	mitochondrion	0.0439226045357	0.335130610055	27	1
PvWBCH1.3KG115800.1.v1.1	CC	0005829	cytosol	0.0352754673906	0.331971121906	28	1
PvWBCH1.3KG115800.1.v1.1	BP	0048768	root hair cell tip growth	0.383375273006	0.394603927699	38	2
PvWBCH1.3KG115800.1.v1.1	BP	0009624	response to nematode	0.347722315135	0.390321512944	39	2
PvWBCH1.3KG115800.1.v1.1	BP	0000911	cytokinesis by cell plate formation	0.283422695972	0.382000789363	47	2
PvWBCH1.3KG115800.1.v1.1	BP	0010103	stomatal complex morphogenesis	0.278441442503	0.381318483866	49	2
PvWBCH1.3KG115800.1.v1.1	BP	0048366	leaf development	0.253842520371	0.377855806404	58	2
PvWBCH1.3KG115800.1.v1.1	BP	0051641	cellular localization	0.0460156733682	0.335847235547	92	1
PvWBCH1.3KG138400.1.v1.1	BP	0006228	UTP biosynthetic process	9.90835929082	0.761753974124	1	92
PvWBCH1.3KG138400.1.v1.1	MF	0004550	nucleoside diphosphate kinase activity	9.86148426084	0.76067156395	1	92
PvWBCH1.3KG138400.1.v1.1	BP	0006183	GTP biosynthetic process	9.82960371481	0.759933927013	2	92
PvWBCH1.3KG138400.1.v1.1	BP	0006241	CTP biosynthetic process	8.83791443922	0.736359708148	5	92
PvWBCH1.3KG138400.1.v1.1	MF	0005524	ATP binding	2.82528407431	0.548760601388	6	92
PvWBCH1.3KG146800.1.v1.1	BP	0015748	organophosphate ester transport	3.16419412515	0.562984400048	1	34
PvWBCH1.3KG146800.1.v1.1	CC	0043231	intracellular membrane-bounded organelle	0.975216711696	0.448089445014	1	42
PvWBCH1.3KG146800.1.v1.1	BP	0055085	transmembrane transport	2.72913985769	0.544571975823	2	100
PvWBCH1.3KG146800.1.v1.1	BP	0015711	organic anion transport	2.47458377815	0.533111358689	3	34
PvWBCH1.3KG146800.1.v1.1	CC	0016020	membrane	0.921538268674	0.44408733149	3	100
PvWBCH1.3KG146800.1.v1.1	CC	0005737	cytoplasm	0.0148402388894	0.322388339383	8	1
PvWBCH1.3KG148200.1.v1.1	BP	0009269	response to desiccation	14.1053548434	0.845444629227	1	33
PvWBCH1.3KG148200.1.v1.1	CC	0005829	cytosol	3.05540318903	0.558505412965	1	28
PvWBCH1.3KG148200.1.v1.1	CC	0016020	membrane	0.0223009932012	0.326383466782	5	1
PvWBCH1.3KG150300.3.v1.1	BP	0019252	starch biosynthetic process	13.1176330933	0.830589326011	1	100
PvWBCH1.3KG150300.3.v1.1	MF	0008878	glucose-1-phosphate adenylyltransferase activity	12.0698634625	0.809149615099	1	100
PvWBCH1.3KG150300.3.v1.1	CC	0009501	amyloplast	6.85827856344	0.684954337627	1	48
PvWBCH1.3KG150300.3.v1.1	CC	0009507	chloroplast	5.48425932504	0.644736554976	2	90
PvWBCH1.3KG150300.3.v1.1	BP	0005978	glycogen biosynthetic process	10.0209755917	0.764344024479	3	100
PvWBCH1.3KG150300.3.v1.1	MF	0005524	ATP binding	3.05184828969	0.558357721281	5	100
PvWBCH1.3KG150300.3.v1.1	CC	0010170	glucose-1-phosphate adenylyltransferase complex	1.30095379899	0.470314193179	9	7
PvWBCH1.3KG150300.3.v1.1	CC	0005829	cytosol	0.215306687651	0.372074472228	16	7
PvWBCH1.3KG156000.1.v1.1	BP	0006102	isocitrate metabolic process	11.4598507111	0.796236866304	1	100
PvWBCH1.3KG156000.1.v1.1	MF	0004450	isocitrate dehydrogenase (NADP+) activity	11.3601232967	0.794093434641	1	100
PvWBCH1.3KG156000.1.v1.1	CC	0005739	mitochondrion	4.04626103329	0.59677444807	1	90
PvWBCH1.3KG156000.1.v1.1	MF	0051287	NAD binding	6.76083261347	0.682243248414	3	100
PvWBCH1.3KG156000.1.v1.1	BP	0006099	tricarboxylic acid cycle	7.54165326599	0.703449266423	4	100
PvWBCH1.3KG156000.1.v1.1	BP	0006739	NADP metabolic process	7.37595475106	0.69904445483	5	90
PvWBCH1.3KG156000.1.v1.1	MF	0000287	magnesium ion binding	5.66860617498	0.6504042822	6	100
PvWBCH1.3KG156000.1.v1.1	CC	0016020	membrane	0.00888132790299	0.318383763789	9	1
PvWBCH1.3KG156000.1.v1.1	MF	0016757	glycosyltransferase activity	0.0526708883436	0.338023601933	20	1
PvWBCH1.3KG156000.1.v1.1	BP	0010043	response to zinc ion	0.112207166357	0.353338135003	31	1
PvWBCH1.3KG156000.1.v1.1	BP	0042742	defense response to bacterium	0.0998949570381	0.350592149383	32	1
PvWBCH1.3KG169800.1.v1.1	MF	0005484	SNAP receptor activity	10.9057238421	0.784205799748	1	100
PvWBCH1.3KG169800.1.v1.1	BP	0061025	membrane fusion	8.22194081062	0.721045417878	1	100
PvWBCH1.3KG169800.1.v1.1	CC	0031201	SNARE complex	5.83289810178	0.655378234277	1	59
PvWBCH1.3KG169800.1.v1.1	CC	0012505	endomembrane system	3.29227850238	0.56816012859	2	70
PvWBCH1.3KG169800.1.v1.1	BP	0006886	intracellular protein transport	6.83515843632	0.684312853733	3	100
PvWBCH1.3KG169800.1.v1.1	MF	0000149	SNARE binding	5.61628058406	0.648805024963	3	59
PvWBCH1.3KG169800.1.v1.1	BP	0048278	vesicle docking	6.0285764523	0.661211877063	5	59
PvWBCH1.3KG169800.1.v1.1	MF	0042393	histone binding	1.20152846672	0.463859896723	6	12
PvWBCH1.3KG169800.1.v1.1	CC	0000785	chromatin	0.978748691785	0.448348869884	6	12
PvWBCH1.3KG169800.1.v1.1	CC	0005886	plasma membrane	0.740034605688	0.429608683418	11	26
PvWBCH1.3KG169800.1.v1.1	BP	0048284	organelle fusion	5.41039273041	0.642438843414	12	59
PvWBCH1.3KG169800.1.v1.1	CC	0043231	intracellular membrane-bounded organelle	0.655021155897	0.42221526382	13	25
PvWBCH1.3KG169800.1.v1.1	BP	0016050	vesicle organization	5.01286887471	0.629794624687	16	59
PvWBCH1.3KG169800.1.v1.1	BP	0006335	DNA replication-dependent chromatin assembly	1.72823300496	0.495583224965	28	12
PvWBCH1.3KG169800.1.v1.1	BP	0006612	protein targeting to membrane	1.20800718033	0.464288419703	29	13
PvWBCH1.3KG173500.1.v1.1	BP	0006486	protein glycosylation	7.92130607906	0.713362712903	1	8
PvWBCH1.3KG173500.1.v1.1	CC	0000139	Golgi membrane	7.85213304302	0.711574470852	1	8
PvWBCH1.3KG173500.1.v1.1	MF	0016757	glycosyltransferase activity	5.46445816296	0.644122141334	1	8
PvWBCH1.3KG173500.1.v1.1	BP	0010417	glucuronoxylan biosynthetic process	3.93213088237	0.592625811067	9	2
PvWBCH1.3KG173500.1.v1.1	BP	0009834	plant-type secondary cell wall biogenesis	3.50304777855	0.576462573651	12	2
PvWBCH1.3KG178100.1.v1.1	CC	0005634	nucleus	3.47194503902	0.575253425658	1	7
PvWBCH1.3KG178100.1.v1.1	CC	0016020	membrane	0.0818807369131	0.346248704571	7	1
PvWBCH1.3KG190900.1.v1.1	BP	0034605	cellular response to heat	6.50797659106	0.675115888952	1	12
PvWBCH1.3KG190900.1.v1.1	MF	0016887	ATP hydrolysis activity	4.60062063254	0.616140313416	1	18
PvWBCH1.3KG190900.1.v1.1	CC	0005737	cytoplasm	1.02613568036	0.451785212018	1	12
PvWBCH1.3KG190900.1.v1.1	CC	0043231	intracellular membrane-bounded organelle	0.13543613208	0.358135993395	5	1
PvWBCH1.3KG190900.1.v1.1	MF	0005524	ATP binding	3.05176909073	0.558354429905	7	18
PvWBCH1.3KG190900.1.v1.1	BP	0006355	regulation of DNA-templated transcription	0.193947154823	0.368645254891	10	1
PvWBCH1.3KG211600.1.v1.1	MF	0042286	glutamate-1-semialdehyde 2,1-aminomutase activity	12.2403045188	0.81269884821	1	100
PvWBCH1.3KG211600.1.v1.1	BP	0015995	chlorophyll biosynthetic process	8.79733411158	0.735367559688	1	78
PvWBCH1.3KG211600.1.v1.1	CC	0009507	chloroplast	5.32791197316	0.639854563219	1	89
PvWBCH1.3KG211600.1.v1.1	MF	0008483	transaminase activity	7.02482952076	0.689543814787	4	100
PvWBCH1.3KG211600.1.v1.1	MF	0030170	pyridoxal phosphate binding	6.53746982099	0.675954276386	6	100
PvWBCH1.3KG211600.1.v1.1	BP	0006782	protoporphyrinogen IX biosynthetic process	6.58220667886	0.677222384158	7	73
PvWBCH1.3KG211600.1.v1.1	BP	0009987	cellular process	0.410475367625	0.397727246518	15	100
PvWBCH1.3KG223000.1.v1.1	MF	0016491	oxidoreductase activity	3.02810020759	0.557368869869	1	100
PvWBCH1.3KG223000.1.v1.1	CC	0005829	cytosol	0.454449190412	0.402583453451	1	12
PvWBCH1.3KG230100.1.v1.1	CC	0000786	nucleosome	9.5656073409	0.75377914914	1	100
PvWBCH1.3KG230100.1.v1.1	MF	0030527	structural constituent of chromatin	9.27596197187	0.746927856756	1	100
PvWBCH1.3KG230100.1.v1.1	BP	0031507	heterochromatin formation	2.17061428789	0.518623228884	1	20
PvWBCH1.3KG230100.1.v1.1	MF	0046982	protein heterodimerization activity	9.09615749092	0.742620828721	2	98
PvWBCH1.3KG230100.1.v1.1	CC	0005634	nucleus	3.43469003182	0.573797951178	5	99
PvWBCH1.3KG230100.1.v1.1	MF	0003677	DNA binding	3.20619271652	0.564692863922	6	100
PvWBCH1.3KG241300.6.v1.1	CC	0005856	cytoskeleton	5.80798942363	0.654628668928	1	100
PvWBCH1.3KG241300.6.v1.1	MF	0005524	ATP binding	3.05183741635	0.558357269406	1	100
PvWBCH1.3KG241300.6.v1.1	CC	0005737	cytoplasm	0.0155013145373	0.322778020756	8	1
PvWBCH1.3KG241300.6.v1.1	MF	0016787	hydrolase activity	0.132104131379	0.357474583713	17	6
PvWBCH1.3KG248000.1.v1.1	MF	0005200	structural constituent of cytoskeleton	10.0091808369	0.764073442803	1	98
PvWBCH1.3KG248000.1.v1.1	CC	0005874	microtubule	7.77515501355	0.70957517108	1	100
PvWBCH1.3KG248000.1.v1.1	BP	0007017	microtubule-based process	7.1623543495	0.693292592885	1	100
PvWBCH1.3KG248000.1.v1.1	BP	0007010	cytoskeleton organization	6.65584639914	0.679300421605	2	98
PvWBCH1.3KG248000.1.v1.1	MF	0005525	GTP binding	5.9881186614	0.66001358722	2	100
PvWBCH1.3KG248000.1.v1.1	BP	0000278	mitotic cell cycle	0.866915735877	0.439893265868	7	11
PvWBCH1.3KG248000.1.v1.1	CC	0005737	cytoplasm	0.522504195365	0.409657023829	13	34
PvWBCH1.3KG248000.1.v1.1	MF	0016787	hydrolase activity	2.20829902578	0.520472233368	15	98
PvWBCH1.3KG248000.1.v1.1	MF	0046872	metal ion binding	0.840912750287	0.437850280326	19	34
PvWBCH1.3KG282400.1.v1.1	BP	0042744	hydrogen peroxide catabolic process	9.59042523997	0.754361338066	1	31
PvWBCH1.3KG282400.1.v1.1	MF	0004601	peroxidase activity	7.99421430586	0.715239084594	1	32
PvWBCH1.3KG282400.1.v1.1	CC	0005576	extracellular region	4.67107965415	0.618516123218	1	26
PvWBCH1.3KG282400.1.v1.1	CC	0009505	plant-type cell wall	1.24412540643	0.466656616749	2	3
PvWBCH1.3KG282400.1.v1.1	BP	0006979	response to oxidative stress	7.33267997363	0.697885942261	4	32
PvWBCH1.3KG282400.1.v1.1	BP	0098869	cellular oxidant detoxification	6.99526323167	0.688733090402	5	32
PvWBCH1.3KG282400.1.v1.1	MF	0020037	heme binding	5.44531277076	0.643527016276	5	32
PvWBCH1.3KG282400.1.v1.1	CC	0016020	membrane	0.0258868673831	0.328061803452	6	1
PvWBCH1.3KG282400.1.v1.1	MF	0046872	metal ion binding	2.47626874852	0.533189109316	8	32
PvWBCH1.3KG282400.1.v1.1	BP	0050832	defense response to fungus	3.18098265168	0.563668694024	15	8
PvWBCH1.3KG282400.1.v1.1	MF	0008422	beta-glucosidase activity	0.320277441858	0.386873122843	15	1
PvWBCH1.3KG282400.1.v1.1	BP	0005975	carbohydrate metabolic process	0.131743223706	0.357402444489	27	1
PvWBCH1.3KG283200.1.v1.1	MF	0048040	UDP-glucuronate decarboxylase activity	12.3285888639	0.814527551394	1	100
PvWBCH1.3KG283200.1.v1.1	BP	0042732	D-xylose metabolic process	10.486622274	0.774901953279	1	100
PvWBCH1.3KG283200.1.v1.1	CC	0032580	Golgi cisterna membrane	3.11263616201	0.56087149082	1	31
PvWBCH1.3KG283200.1.v1.1	MF	0070403	NAD+ binding	9.24742710854	0.746247138623	2	100
PvWBCH1.3KG283200.1.v1.1	BP	0033320	UDP-D-xylose biosynthetic process	8.47661874639	0.727444476126	3	67
PvWBCH1.3KG287700.3.v1.1	MF	0009678	diphosphate hydrolysis-driven proton transmembrane transporter activity	12.1448352374	0.810713880347	1	100
PvWBCH1.3KG287700.3.v1.1	CC	0012505	endomembrane system	4.88099397903	0.625489948876	1	100
PvWBCH1.3KG287700.3.v1.1	BP	1902600	proton transmembrane transport	4.76666475864	0.621710699777	1	100
PvWBCH1.3KG287700.3.v1.1	MF	0004427	inorganic diphosphate phosphatase activity	10.7990459139	0.781854814463	2	100
PvWBCH1.3KG287700.3.v1.1	CC	0016020	membrane	0.921546247093	0.444087934877	2	100
PvWBCH1.3KG287700.3.v1.1	CC	0043231	intracellular membrane-bounded organelle	0.0231522497762	0.326793433597	5	1
PvWBCH1.3KG287700.3.v1.1	CC	0005737	cytoplasm	0.0148491147127	0.322393628216	9	1
PvWBCH1.3KG334800.1.v1.1	MF	0016887	ATP hydrolysis activity	4.60074662452	0.616144577918	1	100
PvWBCH1.3KG334800.1.v1.1	MF	0005524	ATP binding	3.05185266607	0.558357903155	7	100
PvWBCH1.3KG337600.1.v1.1	BP	0098755	maintenance of seed dormancy by absisic acid	21.6235713028	0.886506788484	1	21
PvWBCH1.3KG337600.1.v1.1	BP	0009845	seed germination	16.4178379475	0.859042413658	5	21
PvWBCH1.3KG337600.1.v1.1	BP	0010029	regulation of seed germination	15.8175318836	0.855609858491	9	21
PvWBCH1.3KG337600.1.v1.1	BP	0009793	embryo development ending in seed dormancy	13.4642972828	0.837492941194	11	21
PvWBCH1.3KG337600.1.v1.1	BP	0051301	cell division	0.143976012441	0.359794936513	41	1
PvWBCH1.3KG338700.1.v1.1	MF	0004177	aminopeptidase activity	1.32189061192	0.471641524633	1	17
PvWBCH1.3KG338700.1.v1.1	CC	0016020	membrane	0.846276434029	0.438274248677	1	91
PvWBCH1.3KG338700.1.v1.1	CC	0005783	endoplasmic reticulum	0.0530066911016	0.338129660315	2	1
PvWBCH1.3KG338700.1.v1.1	CC	0005829	cytosol	0.0319071061676	0.330636437605	4	1
PvWBCH1.3KG338700.1.v1.1	CC	0071944	cell periphery	0.021414753331	0.325948249365	7	1
PvWBCH1.3KG355300.1.v1.1	MF	0010333	terpene synthase activity	12.7440986219	0.823047702812	1	4
PvWBCH1.3KG355300.1.v1.1	BP	0016101	diterpenoid metabolic process	11.4888999938	0.796859464122	1	4
PvWBCH1.3KG355300.1.v1.1	BP	0016114	terpenoid biosynthetic process	8.48823948916	0.727734150725	3	4
PvWBCH1.3KG355300.1.v1.1	MF	0000287	magnesium ion binding	5.6674316798	0.650368466601	4	4
PvWBCH1.3KG355300.1.v1.1	BP	0006952	defense response	6.93767523452	0.687149061283	7	4
PvWBCH1.3KG424900.1.v1.1	MF	0008553	P-type proton-exporting transporter activity	13.5704521162	0.839589133171	1	100
PvWBCH1.3KG424900.1.v1.1	BP	0120029	proton export across plasma membrane	13.0378039772	0.828986699015	1	100
PvWBCH1.3KG424900.1.v1.1	CC	0005886	plasma membrane	2.54972279743	0.536553202969	1	100
PvWBCH1.3KG424900.1.v1.1	MF	0016887	ATP hydrolysis activity	4.60076108003	0.616145067196	11	100
PvWBCH1.3KG424900.1.v1.1	BP	0051453	regulation of intracellular pH	1.69639055191	0.493816550999	15	16
PvWBCH1.3KG424900.1.v1.1	MF	0005524	ATP binding	3.05186225497	0.55835830165	22	100
PvWBCH1.3KG424900.1.v1.1	MF	0003729	mRNA binding	0.043562006851	0.335005437349	40	1
PvWBCH1.3KG424900.1.v1.1	MF	0046872	metal ion binding	0.0239396852749	0.327166004145	42	1
PvWBCH1.3NG047200.2.v1.1	CC	0030126	COPI vesicle coat	11.5544279792	0.798261006626	1	100
PvWBCH1.3NG047200.2.v1.1	BP	0051645	Golgi localization	11.1474733126	0.789491321859	1	76
PvWBCH1.3NG047200.2.v1.1	MF	0003677	DNA binding	0.0913161267628	0.348577346697	1	3
PvWBCH1.3NG047200.2.v1.1	BP	0006890	retrograde vesicle-mediated transport, Golgi to endoplasmic reticulum	10.6115607389	0.777694671768	2	100
PvWBCH1.3NG047200.2.v1.1	BP	0006888	endoplasmic reticulum to Golgi vesicle-mediated transport	6.95337585985	0.687581576193	4	76
PvWBCH1.3NG047200.2.v1.1	BP	0015031	protein transport	5.44831341337	0.643620358826	7	100
PvWBCH1.3NG047200.2.v1.1	CC	0000139	Golgi membrane	7.85323951921	0.711603137015	11	100
PvWBCH1.3NG047200.2.v1.1	BP	0045492	xylan biosynthetic process	0.122286824397	0.355475762035	20	1
PvWBCH1.3NG047700.1.v1.1	BP	0045492	xylan biosynthetic process	13.5086961717	0.838370667862	1	19
PvWBCH1.3NG047700.1.v1.1	CC	0000139	Golgi membrane	7.85221963942	0.711576714432	1	19
PvWBCH1.3NG047700.1.v1.1	MF	0008168	methyltransferase activity	3.67391802849	0.583011625254	1	12
PvWBCH1.3NG047700.1.v1.1	BP	0032259	methylation	3.07157363559	0.559176147845	12	10
PvWBCH1.3NG047700.1.v1.1	BP	0009834	plant-type secondary cell wall biogenesis	2.66880468956	0.541905640789	13	4
PvWBCH1.3NG049700.1.v1.1	MF	0016034	maleylacetoacetate isomerase activity	10.0147792162	0.764201894236	1	81
PvWBCH1.3NG049700.1.v1.1	BP	0006559	L-phenylalanine catabolic process	8.49238366413	0.727837406153	1	81
PvWBCH1.3NG049700.1.v1.1	CC	0005737	cytoplasm	1.47239226255	0.480888833264	1	95
PvWBCH1.3NG049700.1.v1.1	MF	0004364	glutathione transferase activity	9.16883331806	0.744366782459	2	90
PvWBCH1.3NG049700.1.v1.1	BP	0006749	glutathione metabolic process	6.94290832543	0.687293274825	6	81
PvWBCH1.3NG084400.1.v1.1	MF	0008270	zinc ion binding	5.07370753175	0.631761429765	1	88
PvWBCH1.3NG084400.1.v1.1	CC	0016607	nuclear speck	0.854905524603	0.438953519028	1	6
PvWBCH1.3NG084400.1.v1.1	BP	0008380	RNA splicing	0.788921157638	0.433668431499	1	10
PvWBCH1.3NG084400.1.v1.1	BP	0006397	mRNA processing	0.730327921784	0.428786795382	2	10
PvWBCH1.3NG084400.1.v1.1	MF	0003723	RNA binding	3.34094123088	0.570100070852	3	87
PvWBCH1.3NG084400.1.v1.1	MF	0016279	protein-lysine N-methyltransferase activity	0.109186473397	0.352678982754	11	1
PvWBCH1.3NG084400.1.v1.1	CC	0005681	spliceosomal complex	0.158278507053	0.362466704037	13	3
PvWBCH1.3NG084400.1.v1.1	BP	0032259	methylation	0.0533574378201	0.338240080439	20	1
PvWBCH1.3NG094100.8.v1.1	MF	0004478	methionine adenosyltransferase activity	11.3499072479	0.793873331758	1	100
PvWBCH1.3NG094100.8.v1.1	BP	0006556	S-adenosylmethionine biosynthetic process	10.8806889812	0.783655113783	1	100
PvWBCH1.3NG094100.8.v1.1	CC	0005737	cytoplasm	1.5384030998	0.48479501406	1	100
PvWBCH1.3NG094100.8.v1.1	BP	0006730	one-carbon metabolic process	8.03510132447	0.716287612335	3	100
PvWBCH1.3NG094100.8.v1.1	MF	0005524	ATP binding	3.05184244829	0.558357478524	3	100
PvWBCH1.3NG094100.8.v1.1	MF	0046872	metal ion binding	2.47638322375	0.533194390657	14	100
PvWBCH1.3NG101500.1.v1.1	MF	0043295	glutathione binding	11.4047255798	0.795053225326	1	84
PvWBCH1.3NG101500.1.v1.1	BP	0006749	glutathione metabolic process	7.2683074705	0.696156277422	1	84
PvWBCH1.3NG101500.1.v1.1	CC	0005737	cytoplasm	1.29934778864	0.470211937339	1	84
PvWBCH1.3NG101500.1.v1.1	BP	0009636	response to toxic substance	6.18421423024	0.665784527479	2	92
PvWBCH1.3NG101500.1.v1.1	MF	0004364	glutathione transferase activity	9.5511698598	0.753440121007	3	94
PvWBCH1.3NG101500.1.v1.1	CC	0032991	protein-containing complex	0.0240647719187	0.32722462095	3	1
PvWBCH1.3NG101500.1.v1.1	BP	0009751	response to salicylic acid	0.127671431725	0.356581614296	10	1
PvWBCH1.3NG101500.1.v1.1	BP	0042542	response to hydrogen peroxide	0.0912523611859	0.34856202436	12	1
PvWBCH1.3NG101500.1.v1.1	MF	0004857	enzyme inhibitor activity	0.0929766219395	0.348974482938	14	1
PvWBCH1.3NG101500.1.v1.1	BP	0009410	response to xenobiotic stimulus	0.0877201056593	0.347704726443	14	1
PvWBCH1.3NG116300.1.v1.1	MF	0016760	cellulose synthase (UDP-forming) activity	12.7806748381	0.823791012096	1	100
PvWBCH1.3NG116300.1.v1.1	BP	0030244	cellulose biosynthetic process	11.4653087939	0.79635390664	1	100
PvWBCH1.3NG116300.1.v1.1	CC	0005886	plasma membrane	2.54972501102	0.536553303613	1	100
PvWBCH1.3NG116300.1.v1.1	BP	0071669	plant-type cell wall organization or biogenesis	11.293589098	0.792658185398	2	98
PvWBCH1.3NG116300.1.v1.1	CC	0012505	endomembrane system	0.0976176158203	0.350066023619	4	2
PvWBCH1.3NG116300.1.v1.1	MF	0046872	metal ion binding	2.47640144559	0.533195231314	8	100
PvWBCH1.3NG116300.1.v1.1	BP	0071555	cell wall organization	6.56574609973	0.676756296346	9	100
PvWBCH1.3NG116300.1.v1.1	BP	0000281	mitotic cytokinesis	1.23725100031	0.466208551878	22	11
PvWBCH1.3NG116300.1.v1.1	BP	0042546	cell wall biogenesis	0.733433523005	0.429050345005	28	11
PvWBCH1.3NG130600.1.v1.1	BP	0006228	UTP biosynthetic process	10.0033408588	0.76393940974	1	93
PvWBCH1.3NG130600.1.v1.1	MF	0004550	nucleoside diphosphate kinase activity	9.95601648457	0.762851823946	1	93
PvWBCH1.3NG130600.1.v1.1	BP	0006183	GTP biosynthetic process	9.92383033151	0.762110659946	2	93
PvWBCH1.3NG130600.1.v1.1	BP	0006241	CTP biosynthetic process	8.92263471894	0.738423719302	5	93
PvWBCH1.3NG130600.1.v1.1	MF	0005524	ATP binding	2.82303206024	0.548663312503	6	92
PvWBCH1.3NG157700.1.v1.1	MF	0004842	ubiquitin-protein transferase activity	7.41708479035	0.700142404553	1	64
PvWBCH1.3NG157700.1.v1.1	BP	0006511	ubiquitin-dependent protein catabolic process	3.5975341032	0.580103259602	1	32
PvWBCH1.3NG157700.1.v1.1	CC	0005634	nucleus	0.378666228682	0.394050071326	1	7
PvWBCH1.3NG157700.1.v1.1	CC	0031372	UBC13-MMS2 complex	0.311610758688	0.385753698804	2	1
PvWBCH1.3NG157700.1.v1.1	MF	0005524	ATP binding	3.05173216579	0.558352895352	6	68
PvWBCH1.3NG157700.1.v1.1	BP	0070534	protein K63-linked ubiquitination	1.33244639599	0.47230674409	9	7
PvWBCH1.3NG157700.1.v1.1	BP	0006301	postreplication repair	1.3058590555	0.470626124228	10	8
PvWBCH1.3NG157700.1.v1.1	CC	0005739	mitochondrion	0.0701926252289	0.343169129512	11	1
PvWBCH1.3NG157700.1.v1.1	MF	0061650	ubiquitin-like protein conjugating enzyme activity	1.61475634443	0.489210088071	21	9
PvWBCH1.3NG157700.1.v1.1	MF	0005515	protein binding	0.0712969165779	0.343470552538	26	1
PvWBCH1.3NG157700.1.v1.1	MF	0016887	ATP hydrolysis activity	0.06875736829	0.342773801307	27	1
PvWBCH1.3NG157700.1.v1.1	BP	0010053	root epidermal cell differentiation	0.243191814563	0.376304628021	31	1
PvWBCH1.3NG157700.1.v1.1	BP	0010039	response to iron ion	0.175729145618	0.365567927566	39	1
PvWBCH1.3NG170900.1.v1.1	CC	0005634	nucleus	3.33760124253	0.569967375492	1	11
PvWBCH1.3NG170900.1.v1.1	BP	0009631	cold acclimation	0.591923444009	0.416411886776	1	1
PvWBCH1.3NG170900.1.v1.1	CC	0005829	cytosol	0.140506666528	0.359127085818	7	1
PvWBCH1.3NG181100.1.v1.1	MF	0003872	6-phosphofructokinase activity	11.0513543007	0.787396742039	1	100
PvWBCH1.3NG181100.1.v1.1	BP	0061615	glycolytic process through fructose-6-phosphate	10.6910489061	0.77946290054	1	100
PvWBCH1.3NG181100.1.v1.1	CC	0005737	cytoplasm	1.53840648758	0.484795212357	1	100
PvWBCH1.3NG181100.1.v1.1	BP	0006002	fructose 6-phosphate metabolic process	9.83320767966	0.76001737375	2	98
PvWBCH1.3NG181100.1.v1.1	MF	0005524	ATP binding	3.05184916888	0.558357757818	7	100
PvWBCH1.3NG181100.1.v1.1	MF	0046872	metal ion binding	2.4763886771	0.533194642245	18	100
PvWBCH1.3NG181100.1.v1.1	MF	0004222	metalloendopeptidase activity	0.240936627194	0.375971849622	27	3
PvWBCH1.3NG181100.1.v1.1	BP	0006508	proteolysis	0.141979606437	0.359411623278	59	3
PvWBCH1.3NG219800.1.v1.1	MF	0003924	GTPase activity	6.62947896316	0.678557687041	1	15
PvWBCH1.3NG219800.1.v1.1	BP	1901527	abscisic acid-activated signaling pathway involved in stomatal movement	1.27778181614	0.468832644958	1	1
PvWBCH1.3NG219800.1.v1.1	CC	0000325	plant-type vacuole	0.840632369997	0.437828080742	1	1
PvWBCH1.3NG219800.1.v1.1	MF	0005525	GTP binding	5.98724473902	0.659987658556	2	15
PvWBCH1.3NG219800.1.v1.1	CC	0000139	Golgi membrane	0.515425744393	0.408943664489	2	1
PvWBCH1.3NG219800.1.v1.1	BP	0009873	ethylene-activated signaling pathway	0.802524025945	0.434775540129	5	1
PvWBCH1.3NG219800.1.v1.1	CC	0005829	cytosol	0.237326186221	0.375435828808	8	1
PvWBCH1.3NG219800.1.v1.1	CC	0005886	plasma membrane	0.167343208126	0.364097841296	9	1
PvWBCH1.3NG219800.1.v1.1	BP	0015031	protein transport	0.357585043714	0.391527298588	21	1
PvWBCH1.3NG219800.1.v1.1	MF	0005515	protein binding	0.300151301751	0.384249367696	24	1
PvWBCH1.3NG245100.1.v1.1	MF	0004364	glutathione transferase activity	10.1506292789	0.767307958331	1	56
PvWBCH1.3NG245100.1.v1.1	BP	0006749	glutathione metabolic process	8.60530254738	0.730641237518	1	56
PvWBCH1.3NG245100.1.v1.1	CC	0005737	cytoplasm	1.3396692024	0.472760403965	1	49
PvWBCH1.3NG271800.1.v1.1	MF	0003857	3-hydroxyacyl-CoA dehydrogenase activity	11.4645891343	0.796338476221	1	87
PvWBCH1.3NG271800.1.v1.1	BP	0006635	fatty acid beta-oxidation	8.6131806496	0.730836166222	1	87
PvWBCH1.3NG271800.1.v1.1	CC	0005777	peroxisome	8.44856079557	0.726744245542	1	87
PvWBCH1.3NG271800.1.v1.1	MF	0008692	3-hydroxybutyryl-CoA epimerase activity	9.91256120995	0.761850877164	2	60
PvWBCH1.3NG271800.1.v1.1	MF	0070403	NAD+ binding	9.24744422	0.746247547143	3	87
PvWBCH1.3NG271800.1.v1.1	MF	0004165	delta(3)-delta(2)-enoyl-CoA isomerase activity	8.8660080754	0.737045235771	5	60
PvWBCH1.3NG271800.1.v1.1	MF	0004300	enoyl-CoA hydratase activity	7.73337951558	0.708486019647	6	61
PvWBCH1.3NG271800.1.v1.1	CC	0016020	membrane	0.144755417107	0.359943861642	9	14
PvWBCH1.3NG271800.1.v1.1	BP	0015074	DNA integration	0.0818020476814	0.346228735152	23	1
PvWBCH1.3NG271800.1.v1.1	MF	0003676	nucleic acid binding	0.0254770054674	0.327876124036	29	1
PvWBCH1.3NG315700.1.v1.1	BP	0098755	maintenance of seed dormancy by absisic acid	20.4884654885	0.880827878667	1	21
PvWBCH1.3NG315700.1.v1.1	CC	0030880	RNA polymerase complex	0.376722065645	0.39382040383	1	2
PvWBCH1.3NG315700.1.v1.1	MF	0000166	nucleotide binding	0.131172321387	0.357288128876	1	2
PvWBCH1.3NG315700.1.v1.1	BP	0009845	seed germination	15.5560014334	0.854094076954	5	21
PvWBCH1.3NG315700.1.v1.1	CC	0005634	nucleus	0.182373656881	0.366707992251	6	2
PvWBCH1.3NG315700.1.v1.1	BP	0010029	regulation of seed germination	14.9872077822	0.850752830347	9	21
PvWBCH1.3NG315700.1.v1.1	BP	0009793	embryo development ending in seed dormancy	12.7575036678	0.823320246546	11	21
PvWBCH1.3NG315700.1.v1.1	BP	0006352	DNA-templated transcription initiation	0.3697751345	0.392994869339	41	2
PvWBCH1.3NG322100.1.v1.1	CC	0048046	apoplast	11.0176756572	0.786660679503	1	100
PvWBCH1.3NG322100.1.v1.1	MF	0030145	manganese ion binding	8.53262810247	0.72883882113	1	100
PvWBCH1.3NG322100.1.v1.1	BP	0010497	plasmodesmata-mediated intercellular transport	2.17043430427	0.518614359626	1	14
PvWBCH1.3NG322100.1.v1.1	BP	2000280	regulation of root development	2.16948669044	0.518567656914	2	14
PvWBCH1.3NG322100.1.v1.1	CC	0009506	plasmodesma	1.60542530514	0.488676210215	3	14
PvWBCH1.3NG322100.1.v1.1	CC	0016020	membrane	0.0254621756887	0.327869377819	9	3
PvWBCH1.3NG336500.1.v1.1	BP	0042744	hydrogen peroxide catabolic process	9.62093172853	0.755075941265	1	52
PvWBCH1.3NG336500.1.v1.1	MF	0140825	lactoperoxidase activity	8.18899771334	0.720210488857	1	32
PvWBCH1.3NG336500.1.v1.1	CC	0005576	extracellular region	4.73631121681	0.620699744994	1	42
PvWBCH1.3NG336500.1.v1.1	CC	0009505	plant-type cell wall	1.86699537129	0.503098432687	2	7
PvWBCH1.3NG336500.1.v1.1	BP	0006979	response to oxidative stress	7.33279805436	0.697889108054	4	52
PvWBCH1.3NG336500.1.v1.1	BP	0098869	cellular oxidant detoxification	6.99537587886	0.6887361825	5	52
PvWBCH1.3NG336500.1.v1.1	MF	0020037	heme binding	5.44540045855	0.64352974439	5	52
PvWBCH1.3NG336500.1.v1.1	CC	0016020	membrane	0.0130100854149	0.321261767756	7	1
PvWBCH1.3NG336500.1.v1.1	MF	0046872	metal ion binding	2.46466877298	0.532653307341	8	51
PvWBCH1.3NG389900.1.v1.1	MF	0003924	GTPase activity	6.63044137219	0.67858482273	1	100
PvWBCH1.3NG389900.1.v1.1	CC	0005829	cytosol	3.40733835877	0.57272434761	1	94
PvWBCH1.3NG389900.1.v1.1	BP	0006355	regulation of DNA-templated transcription	0.0356771266507	0.332125941885	1	1
PvWBCH1.3NG389900.1.v1.1	MF	0005525	GTP binding	5.98811391417	0.660013446378	2	100
PvWBCH1.3NG389900.1.v1.1	CC	0043231	intracellular membrane-bounded organelle	0.0406346239702	0.333969461945	4	2
PvWBCH1.3NG389900.1.v1.1	CC	0012505	endomembrane system	0.0319901970595	0.330670186834	8	1
PvWBCH1.3NG389900.1.v1.1	CC	0016020	membrane	0.00934790472407	0.318738598549	12	1
PvWBCH1.3NG389900.1.v1.1	MF	0003700	DNA-binding transcription factor activity	0.04733481205	0.336290532377	24	1
PvWBCH1.3NG389900.1.v1.1	MF	0003677	DNA binding	0.0333029193896	0.331197675023	26	1
PvWBCH1.3NG401800.1.v1.1	MF	0003824	catalytic activity	0.722461952376	0.428116750243	1	100
PvWBCH1.3NG401800.1.v1.1	BP	0002181	cytoplasmic translation	0.140838060741	0.359191232947	1	1
PvWBCH1.3NG401800.1.v1.1	CC	0022625	cytosolic large ribosomal subunit	0.113856920383	0.353694387502	1	1
PvWBCH1.3NG401800.1.v1.1	MF	0003735	structural constituent of ribosome	0.0602845149507	0.340350818225	3	1
PvWBCH1.4KG001600.1.v1.1	MF	0004411	homogentisate 1,2-dioxygenase activity	12.9043153332	0.826295817029	1	100
PvWBCH1.4KG001600.1.v1.1	BP	0006559	L-phenylalanine catabolic process	10.5260708414	0.775785525771	1	100
PvWBCH1.4KG001600.1.v1.1	CC	0005737	cytoplasm	1.28611920067	0.469367247965	1	84
PvWBCH1.4KG001600.1.v1.1	BP	0006570	tyrosine metabolic process	10.0472615719	0.764946474849	3	100
PvWBCH1.4KG001600.1.v1.1	CC	0043231	intracellular membrane-bounded organelle	0.0230913908695	0.326764376659	4	1
PvWBCH1.4KG001600.1.v1.1	MF	0046872	metal ion binding	2.47638372273	0.533194413677	6	100
PvWBCH1.4KG001600.1.v1.1	BP	1901999	homogentisate metabolic process	0.526389487958	0.410046526427	28	4
PvWBCH1.4KG001600.1.v1.1	BP	0019336	phenol-containing compound catabolic process	0.426718770556	0.399550033782	30	4
PvWBCH1.4KG001600.1.v1.1	BP	0072329	monocarboxylic acid catabolic process	0.274206724871	0.380733619858	35	4
PvWBCH1.4KG001600.1.v1.1	BP	0065003	protein-containing complex assembly	0.0549156842522	0.338726306995	38	1
PvWBCH1.4KG003800.2.v1.1	MF	0004650	polygalacturonase activity	11.4537002095	0.796104944689	1	100
PvWBCH1.4KG003800.2.v1.1	BP	0005975	carbohydrate metabolic process	4.15479552091	0.600665741529	1	100
PvWBCH1.4KG003800.2.v1.1	CC	0016020	membrane	0.0950774333807	0.349471881031	1	11
PvWBCH1.4KG003800.2.v1.1	BP	0009987	cellular process	0.41047298556	0.39772697659	4	100
PvWBCH1.4KG003800.2.v1.1	MF	0070569	uridylyltransferase activity	0.0944732185791	0.349329392179	6	1
PvWBCH1.4KG010300.2.v1.1	BP	0042026	protein refolding	9.03600962659	0.741170563037	1	100
PvWBCH1.4KG010300.2.v1.1	MF	0140662	ATP-dependent protein folding chaperone	8.53761234816	0.728962681179	1	100
PvWBCH1.4KG010300.2.v1.1	CC	1990904	ribonucleoprotein complex	0.0438795519315	0.335115692472	1	1
PvWBCH1.4KG010300.2.v1.1	CC	0005840	ribosome	0.0328843739939	0.33103063942	2	1
PvWBCH1.4KG010300.2.v1.1	MF	0005524	ATP binding	3.05184990518	0.558357788418	4	100
PvWBCH1.4KG010300.2.v1.1	BP	0051085	chaperone cofactor-dependent protein refolding	0.0918328991442	0.348701325957	12	1
PvWBCH1.4KG010300.2.v1.1	BP	0006412	translation	0.0323683053572	0.330823213366	16	1
PvWBCH1.4KG010300.2.v1.1	MF	0003735	structural constituent of ribosome	0.0375236728072	0.332826732742	20	1
PvWBCH1.4KG012300.1.v1.1	BP	0016554	cytidine to uridine editing	14.10517758	0.845443545784	1	26
PvWBCH1.4KG012300.1.v1.1	CC	0005739	mitochondrion	4.05631925533	0.597137243033	1	24
PvWBCH1.4KG012300.1.v1.1	BP	0080156	mitochondrial mRNA modification	13.5742246952	0.839663477462	2	24
PvWBCH1.4KG012300.1.v1.1	CC	0016020	membrane	0.072584734897	0.343819136867	8	2
PvWBCH1.4KG012300.1.v1.1	BP	0006397	mRNA processing	3.91337544635	0.591938317553	10	17
PvWBCH1.4KG022800.1.v1.1	CC	0005759	mitochondrial matrix	7.59235507689	0.704787397677	1	16
PvWBCH1.4KG022800.1.v1.1	BP	0016226	iron-sulfur cluster assembly	7.44319819343	0.700837911894	1	16
PvWBCH1.4KG022800.1.v1.1	MF	0016740	transferase activity	1.84506655223	0.501929845417	1	14
PvWBCH1.4KG036500.1.v1.1	BP	0061077	chaperone-mediated protein folding	1.45264045988	0.479703076891	1	3
PvWBCH1.4KG036500.1.v1.1	MF	0044183	protein folding chaperone	1.31945232632	0.471487488062	1	3
PvWBCH1.4KG036500.1.v1.1	CC	0005783	endoplasmic reticulum	0.968640099613	0.447605136247	1	3
PvWBCH1.4KG036500.1.v1.1	BP	0009408	response to heat	1.35835118383	0.473928166517	2	3
PvWBCH1.4KG036500.1.v1.1	CC	0016020	membrane	0.77274786466	0.432339626059	3	8
PvWBCH1.4KG039800.1.v1.1	MF	0016788	hydrolase activity, acting on ester bonds	4.23562700198	0.603530877768	1	100
PvWBCH1.4KG039800.1.v1.1	BP	0006629	lipid metabolic process	0.0473963249408	0.336311052095	1	1
PvWBCH1.4KG039800.1.v1.1	CC	0016020	membrane	0.0211655917749	0.325824275562	1	2
PvWBCH1.4KG039800.1.v1.1	BP	0009987	cellular process	0.00455033436859	0.314494635343	4	1
PvWBCH1.4KG042500.1.v1.1	CC	0000786	nucleosome	9.56570234105	0.753781379133	1	100
PvWBCH1.4KG042500.1.v1.1	MF	0030527	structural constituent of chromatin	9.27605409542	0.746930052728	1	100
PvWBCH1.4KG042500.1.v1.1	BP	0009733	response to auxin	0.113771001933	0.353675897997	1	1
PvWBCH1.4KG042500.1.v1.1	MF	0046982	protein heterodimerization activity	9.18960795928	0.744864596702	2	99
PvWBCH1.4KG042500.1.v1.1	CC	0005634	nucleus	3.27471257068	0.567456343627	5	95
PvWBCH1.4KG042500.1.v1.1	MF	0003677	DNA binding	3.20622455859	0.564694154969	6	100
PvWBCH1.4KG042500.1.v1.1	CC	0010369	chromocenter	0.152140285802	0.36133549886	14	1
PvWBCH1.4KG042500.1.v1.1	CC	0016020	membrane	0.00902745020944	0.318495872349	16	1
PvWBCH1.4KG085600.1.v1.1	MF	0004739	pyruvate dehydrogenase (acetyl-transferring) activity	11.1283697334	0.789075746941	1	100
PvWBCH1.4KG085600.1.v1.1	BP	0006086	acetyl-CoA biosynthetic process from pyruvate	10.3770852413	0.77243978153	1	100
PvWBCH1.4KG085600.1.v1.1	CC	0043231	intracellular membrane-bounded organelle	2.39862231061	0.529578300686	1	100
PvWBCH1.4KG085600.1.v1.1	MF	0030976	thiamine pyrophosphate binding	0.0841645561456	0.346824158197	7	1
PvWBCH1.4KG085600.1.v1.1	CC	0070013	intracellular organelle lumen	0.112545801686	0.353411473379	8	2
PvWBCH1.4KG085600.1.v1.1	CC	0005667	transcription regulator complex	0.0752507963672	0.344531087731	11	1
PvWBCH1.4KG085600.1.v1.1	MF	0046872	metal ion binding	0.0501889073537	0.337228983097	12	2
PvWBCH1.4KG085600.1.v1.1	CC	0005737	cytoplasm	0.0460389203866	0.335855102312	12	3
PvWBCH1.4KG085600.1.v1.1	MF	0003677	DNA binding	0.030229687544	0.329945469132	16	1
PvWBCH1.4KG085600.1.v1.1	BP	0006626	protein targeting to mitochondrion	0.0983585487563	0.350237865758	33	1
PvWBCH1.4KG085600.1.v1.1	BP	0010468	regulation of gene expression	0.0617411173624	0.340778947421	39	2
PvWBCH1.4KG085600.1.v1.1	BP	2001141	regulation of RNA biosynthetic process	0.0323830042752	0.330829144158	53	1
PvWBCH1.4KG098300.1.v1.1	CC	0010330	cellulose synthase complex	16.2421849053	0.858044618714	1	18
PvWBCH1.4KG098300.1.v1.1	BP	0051211	anisotropic cell growth	16.1424579957	0.857475719132	1	18
PvWBCH1.4KG098300.1.v1.1	MF	0008017	microtubule binding	8.57032834568	0.72977478792	1	18
PvWBCH1.4KG098300.1.v1.1	BP	2001006	regulation of cellulose biosynthetic process	16.1225468136	0.85736192405	2	18
PvWBCH1.4KG107600.1.v1.1	BP	0042372	phylloquinone biosynthetic process	12.8641256833	0.825482945521	1	59
PvWBCH1.4KG107600.1.v1.1	MF	0003955	NAD(P)H dehydrogenase (quinone) activity	10.2756964126	0.770149157798	1	59
PvWBCH1.4KG107600.1.v1.1	CC	0009507	chloroplast	4.9859916489	0.628921932283	1	54
PvWBCH1.4KG107600.1.v1.1	MF	0016787	hydrolase activity	0.34609312659	0.39012069557	6	4
PvWBCH1.4KG107600.1.v1.1	MF	0050136	NADH:ubiquinone reductase (non-electrogenic) activity	0.137775928987	0.358595597426	7	1
PvWBCH1.4KG107600.1.v1.1	BP	0019646	aerobic electron transport chain	5.40149810423	0.642161109747	11	59
PvWBCH1.4KG107600.1.v1.1	CC	0009532	plastid stroma	0.150612708235	0.361050454765	11	1
PvWBCH1.4KG107600.1.v1.1	CC	0005743	mitochondrial inner membrane	0.0763626041354	0.344824254977	12	1
PvWBCH1.4KG107600.1.v1.1	BP	0071482	cellular response to light stimulus	0.156142267008	0.362075549331	24	1
PvWBCH1.4KG111200.1.v1.1	BP	0042183	formate catabolic process	15.2057707561	0.852044105373	1	100
PvWBCH1.4KG111200.1.v1.1	MF	0008863	formate dehydrogenase (NAD+) activity	11.6391822404	0.800067888282	1	100
PvWBCH1.4KG111200.1.v1.1	CC	0009507	chloroplast	5.40003017746	0.642115251926	1	90
PvWBCH1.4KG111200.1.v1.1	CC	0005739	mitochondrion	4.50238154315	0.612797208961	3	100
PvWBCH1.4KG111200.1.v1.1	MF	0051287	NAD binding	6.76082181538	0.682242946917	4	100
PvWBCH1.4KG111200.1.v1.1	MF	0016616	oxidoreductase activity, acting on the CH-OH group of donors, NAD or NADP as acceptor	6.10978466781	0.663605049481	5	100
PvWBCH1.4KG117700.1.v1.1	MF	0070733	AMPylase activity	10.9284644291	0.784705471528	1	92
PvWBCH1.4KG117700.1.v1.1	CC	0009534	chloroplast thylakoid	7.15758724861	0.693163252143	1	96
PvWBCH1.4KG117700.1.v1.1	BP	0009414	response to water deprivation	3.30623892985	0.568718119847	1	24
PvWBCH1.4KG117700.1.v1.1	MF	0005524	ATP binding	3.05184948722	0.558357771048	5	100
PvWBCH1.4KG117700.1.v1.1	MF	0046872	metal ion binding	2.47638893542	0.533194654163	16	100
PvWBCH1.4KG144600.1.v1.1	MF	0050521	alpha-glucan, water dikinase activity	4.99256378009	0.629135543488	1	16
PvWBCH1.4KG144600.1.v1.1	BP	0005983	starch catabolic process	2.58168462253	0.538001864896	1	11
PvWBCH1.4KG144600.1.v1.1	CC	0005783	endoplasmic reticulum	0.192453514365	0.368398548975	1	2
PvWBCH1.4KG144600.1.v1.1	BP	0009631	cold acclimation	2.51469939162	0.53495531017	2	11
PvWBCH1.4KG144600.1.v1.1	BP	0009610	response to symbiotic fungus	2.50172625522	0.534360607654	3	11
PvWBCH1.4KG144600.1.v1.1	MF	0005524	ATP binding	2.4790914812	0.533319301158	5	53
PvWBCH1.4KG144600.1.v1.1	CC	0009507	chloroplast	0.0926608347214	0.348899231723	5	1
PvWBCH1.4KG144600.1.v1.1	MF	0003729	mRNA binding	0.74386999868	0.429931948547	21	11
PvWBCH1.4KG144600.1.v1.1	MF	0000155	phosphorelay sensor kinase activity	0.218104100681	0.372510747517	26	2
PvWBCH1.4KG144600.1.v1.1	BP	0000160	phosphorelay signal transduction system	0.170179042747	0.364599011389	26	2
PvWBCH1.4KG144600.1.v1.1	MF	0046872	metal ion binding	0.0798536517371	0.345731180019	34	2
PvWBCH1.4KG145300.2.v1.1	CC	0000139	Golgi membrane	7.8532260698	0.711602788586	1	100
PvWBCH1.4KG145300.2.v1.1	MF	0016763	pentosyltransferase activity	7.44886830412	0.700988768968	1	100
PvWBCH1.4KG145300.2.v1.1	BP	0009664	plant-type cell wall organization	3.34628164136	0.570312103821	1	32
PvWBCH1.4KG145300.2.v1.1	MF	0008194	UDP-glycosyltransferase activity	2.18237664205	0.519202060688	6	32
PvWBCH1.4KG151300.2.v1.1	CC	0016020	membrane	0.901474818709	0.442561632305	1	1
PvWBCH1.4KG161300.1.v1.1	BP	1903189	glyoxal metabolic process	15.0083664178	0.850878245898	1	51
PvWBCH1.4KG161300.1.v1.1	CC	0005737	cytoplasm	1.53837846171	0.48479357191	1	51
PvWBCH1.4KG166000.1.v1.1	MF	0071949	FAD binding	7.71934725839	0.708119517404	1	100
PvWBCH1.4KG166000.1.v1.1	CC	0016020	membrane	0.0175795164273	0.323951744025	1	2
PvWBCH1.4KG166000.1.v1.1	MF	0016491	oxidoreductase activity	2.94462431165	0.553861859335	3	98
PvWBCH1.4KG182800.1.v1.1	CC	0010008	endosome membrane	8.42724454735	0.726211487247	1	100
PvWBCH1.4KG182800.1.v1.1	BP	0030003	intracellular monoatomic cation homeostasis	7.41444725459	0.700072088097	1	100
PvWBCH1.4KG182800.1.v1.1	MF	0003743	translation initiation factor activity	0.0791168178055	0.345541437713	1	1
PvWBCH1.4KG182800.1.v1.1	CC	0000139	Golgi membrane	7.85325607577	0.711603565941	2	100
PvWBCH1.4KG182800.1.v1.1	MF	0004386	helicase activity	0.0601298802172	0.340305065227	5	1
PvWBCH1.4KG182800.1.v1.1	MF	0005524	ATP binding	0.0285046179877	0.329214567123	8	1
PvWBCH1.4KG182800.1.v1.1	BP	0072657	protein localization to membrane	6.17504174439	0.665516646094	9	84
PvWBCH1.4KG182800.1.v1.1	BP	0006413	translational initiation	0.0738361373992	0.344154913993	17	1
PvWBCH1.4KG182800.1.v1.1	MF	0016787	hydrolase activity	0.0210481684812	0.325765597025	20	1
PvWBCH1.4KG210900.1.v1.1	MF	0008379	thioredoxin peroxidase activity	10.6083324405	0.777622717974	1	5
PvWBCH1.4KG210900.1.v1.1	BP	0042744	hydrogen peroxide catabolic process	9.61703078911	0.75498462644	1	5
PvWBCH1.4KG210900.1.v1.1	CC	0005737	cytoplasm	1.53773300872	0.484755787278	1	5
PvWBCH1.4KG210900.1.v1.1	BP	0045454	cell redox homeostasis	8.66443726566	0.73210224315	3	5
PvWBCH1.4KG210900.1.v1.1	BP	0034599	cellular response to oxidative stress	8.6044473569	0.730620072083	5	5
PvWBCH1.4KG210900.1.v1.1	BP	0098869	cellular oxidant detoxification	6.99253950726	0.688658318224	8	5
PvWBCH1.4KG219500.1.v1.1	MF	0009678	diphosphate hydrolysis-driven proton transmembrane transporter activity	12.1448352907	0.810713881456	1	100
PvWBCH1.4KG219500.1.v1.1	CC	0012505	endomembrane system	4.88099400042	0.625489949579	1	100
PvWBCH1.4KG219500.1.v1.1	BP	1902600	proton transmembrane transport	4.76666477953	0.621710700472	1	100
PvWBCH1.4KG219500.1.v1.1	MF	0004427	inorganic diphosphate phosphatase activity	10.7990459613	0.781854815509	2	100
PvWBCH1.4KG219500.1.v1.1	CC	0016020	membrane	0.921546251133	0.444087935183	2	100
PvWBCH1.4KG235200.1.v1.1	MF	0005509	calcium ion binding	6.92297290078	0.686743602991	1	39
PvWBCH1.4KG235200.1.v1.1	CC	0000139	Golgi membrane	5.96916387054	0.659450786679	1	31
PvWBCH1.4KG235200.1.v1.1	BP	0015031	protein transport	4.14120510433	0.600181290208	1	31
PvWBCH1.4KG235200.1.v1.1	CC	0017119	Golgi transport complex	0.306353324455	0.38506702927	13	1
PvWBCH1.4KG235200.1.v1.1	CC	0030665	clathrin-coated vesicle membrane	0.24684632407	0.376840632962	14	1
PvWBCH1.4KG237100.3.v1.1	MF	0004618	phosphoglycerate kinase activity	11.3763811452	0.79444350301	1	100
PvWBCH1.4KG237100.3.v1.1	BP	0006096	glycolytic process	7.62353351906	0.705608046968	1	100
PvWBCH1.4KG237100.3.v1.1	CC	0005829	cytosol	3.21942479231	0.565228811599	1	89
PvWBCH1.4KG237100.3.v1.1	MF	0043531	ADP binding	8.35867076735	0.724493032499	3	89
PvWBCH1.4KG237100.3.v1.1	MF	0005524	ATP binding	3.05183954608	0.558357357913	6	100
PvWBCH1.4KG237100.3.v1.1	BP	0006094	gluconeogenesis	7.52699764739	0.703061635301	11	89
PvWBCH1.4KG237100.3.v1.1	MF	0046872	metal ion binding	0.0245368297437	0.327444471042	24	1
PvWBCH1.4KG239800.1.v1.1	MF	0005200	structural constituent of cytoskeleton	10.0091982386	0.764073842129	1	98
PvWBCH1.4KG239800.1.v1.1	CC	0005874	microtubule	7.77515342371	0.709575129686	1	100
PvWBCH1.4KG239800.1.v1.1	BP	0007017	microtubule-based process	7.16235288497	0.693292553156	1	100
PvWBCH1.4KG239800.1.v1.1	BP	0007010	cytoskeleton organization	6.65585797081	0.67930074724	2	98
PvWBCH1.4KG239800.1.v1.1	MF	0003924	GTPase activity	6.49739916712	0.674814747796	2	98
PvWBCH1.4KG239800.1.v1.1	MF	0005525	GTP binding	5.98811743698	0.660013550893	3	100
PvWBCH1.4KG239800.1.v1.1	BP	0000278	mitotic cell cycle	1.10304057907	0.457197372601	7	14
PvWBCH1.4KG239800.1.v1.1	CC	0005737	cytoplasm	0.246667787322	0.376814539635	13	16
PvWBCH1.4KG239800.1.v1.1	MF	0046872	metal ion binding	0.372391701711	0.393306710484	26	15
PvWBCH1.4KG243800.1.v1.1	MF	0005507	copper ion binding	8.20109779713	0.720517355218	1	100
PvWBCH1.4KG243800.1.v1.1	BP	0009451	RNA modification	0.0551019079719	0.338783951207	1	1
PvWBCH1.4KG243800.1.v1.1	CC	0016020	membrane	0.0194378212207	0.324943724023	1	2
PvWBCH1.4KG243800.1.v1.1	MF	0016491	oxidoreductase activity	3.02812614595	0.557369952033	3	100
PvWBCH1.4KG243800.1.v1.1	BP	0009987	cellular process	0.00397158926935	0.313850583338	9	1
PvWBCH1.4KG243800.1.v1.1	MF	0003723	RNA binding	0.0327301156198	0.330968809201	10	1
PvWBCH1.4KG245900.1.v1.1	BP	0010286	heat acclimation	13.2893789883	0.834020799503	1	5
PvWBCH1.4KG245900.1.v1.1	MF	0043817	phosphosulfolactate synthase activity	2.32539329043	0.52611896883	1	1
PvWBCH1.4KG245900.1.v1.1	BP	0010608	post-transcriptional regulation of gene expression	6.28463510512	0.668704413856	5	5
PvWBCH1.4KG269700.1.v1.1	MF	0003924	GTPase activity	6.62826506038	0.678523457529	1	7
PvWBCH1.4KG269700.1.v1.1	MF	0005525	GTP binding	5.9861484337	0.659955129272	2	7
PvWBCH1.4KG275100.1.v1.1	CC	0009501	amyloplast	14.3731826852	0.847073902663	1	100
PvWBCH1.4KG275100.1.v1.1	BP	0005982	starch metabolic process	11.9580460369	0.806807521272	1	94
PvWBCH1.4KG275100.1.v1.1	MF	0003844	1,4-alpha-glucan branching enzyme activity	11.7669948832	0.802780338703	1	100
PvWBCH1.4KG275100.1.v1.1	MF	0004553	hydrolase activity, hydrolyzing O-glycosyl compounds	6.28429290749	0.668694503723	3	100
PvWBCH1.4KG275100.1.v1.1	BP	0005978	glycogen biosynthetic process	9.00491559687	0.740418941206	4	90
PvWBCH1.4KG275100.1.v1.1	MF	0043169	cation binding	2.45860955481	0.532372931172	6	100
PvWBCH1.4KG275100.1.v1.1	CC	0009507	chloroplast	0.0591370213113	0.340009887932	9	1
PvWBCH1.4KG275100.1.v1.1	BP	0009251	glucan catabolic process	6.12268933589	0.663983876866	10	69
PvWBCH1.4KG275100.1.v1.1	CC	0016020	membrane	0.0102960837598	0.319433388807	11	1
PvWBCH1.4NG029400.1.v1.1	MF	0016788	hydrolase activity, acting on ester bonds	4.23562725984	0.603530886864	1	100
PvWBCH1.4NG029400.1.v1.1	BP	0006629	lipid metabolic process	0.0472444303256	0.336260358273	1	1
PvWBCH1.4NG029400.1.v1.1	CC	0016020	membrane	0.0211593828354	0.325821176925	1	2
PvWBCH1.4NG029400.1.v1.1	BP	0009987	cellular process	0.0045357515652	0.314478927941	4	1
PvWBCH1.4NG036500.2.v1.1	BP	0009809	lignin biosynthetic process	8.92632498601	0.738513400822	1	11
PvWBCH1.4NG036500.2.v1.1	MF	0008171	O-methyltransferase activity	8.876673513	0.737305204247	1	18
PvWBCH1.4NG036500.2.v1.1	CC	0005829	cytosol	0.191287500901	0.368205291378	1	1
PvWBCH1.4NG036500.2.v1.1	CC	0005886	plasma membrane	0.134880455398	0.358026260289	2	1
PvWBCH1.4NG036500.2.v1.1	MF	0008757	S-adenosylmethionine-dependent methyltransferase activity	4.16084070315	0.600880976732	4	12
PvWBCH1.4NG036500.2.v1.1	BP	0032259	methylation	5.07355900956	0.63175664271	6	18
PvWBCH1.4NG036500.2.v1.1	MF	0046872	metal ion binding	0.280808129671	0.381643414469	8	2
PvWBCH1.4NG036500.2.v1.1	BP	0009805	coumarin biosynthetic process	0.75603377715	0.430951694504	9	1
PvWBCH1.4NG036500.2.v1.1	BP	0009987	cellular process	0.410434353057	0.397722598775	12	18
PvWBCH1.4NG037300.1.v1.1	MF	0030623	U5 snRNA binding	14.1407334015	0.845660728523	1	100
PvWBCH1.4NG037300.1.v1.1	CC	0005682	U5 snRNP	10.3191553069	0.771132378916	1	92
PvWBCH1.4NG037300.1.v1.1	BP	0000244	spliceosomal tri-snRNP complex assembly	8.75050008671	0.734219665846	1	92
PvWBCH1.4NG037300.1.v1.1	MF	0097157	pre-mRNA intronic binding	13.2422275293	0.833080935206	2	92
PvWBCH1.4NG037300.1.v1.1	CC	0071013	catalytic step 2 spliceosome	8.88851889551	0.737593750723	2	92
PvWBCH1.4NG037300.1.v1.1	MF	0030620	U2 snRNA binding	12.4353713121	0.816730693208	3	92
PvWBCH1.4NG037300.1.v1.1	MF	0017070	U6 snRNA binding	12.2336071771	0.812559852184	4	100
PvWBCH1.4NG037300.1.v1.1	MF	0030619	U1 snRNA binding	12.2264924307	0.812412151693	5	92
PvWBCH1.4NG037300.1.v1.1	MF	0008237	metallopeptidase activity	6.24170543444	0.667459045845	8	99
PvWBCH1.4NG037300.1.v1.1	CC	0016020	membrane	0.0271307240963	0.328616482629	17	3
PvWBCH1.4NG055000.4.v1.1	MF	0016157	sucrose synthase activity	14.3375033444	0.846857736648	1	100
PvWBCH1.4NG055000.4.v1.1	BP	0005985	sucrose metabolic process	11.6605684854	0.800522782655	1	100
PvWBCH1.4NG055000.4.v1.1	BP	0010431	seed maturation	3.26815098965	0.567192967602	5	20
PvWBCH1.4NG055000.4.v1.1	BP	0051262	protein tetramerization	2.31051854641	0.525409662078	8	20
PvWBCH1.4NG055000.4.v1.1	BP	0010037	response to carbon dioxide	0.465042398242	0.40371771298	30	3
PvWBCH1.4NG055000.4.v1.1	BP	0034059	response to anoxia	0.199633005138	0.369575809302	33	1
PvWBCH1.4NG073500.1.v1.1	MF	0004739	pyruvate dehydrogenase (acetyl-transferring) activity	11.1283694583	0.789075740954	1	100
PvWBCH1.4NG073500.1.v1.1	BP	0006086	acetyl-CoA biosynthetic process from pyruvate	10.3770849848	0.772439775749	1	100
PvWBCH1.4NG073500.1.v1.1	CC	0043231	intracellular membrane-bounded organelle	2.39862225131	0.529578297906	1	100
PvWBCH1.4NG073500.1.v1.1	MF	0030976	thiamine pyrophosphate binding	0.0840154338146	0.346786823968	7	1
PvWBCH1.4NG073500.1.v1.1	CC	0070013	intracellular organelle lumen	0.112870468837	0.353481683133	8	2
PvWBCH1.4NG073500.1.v1.1	CC	0005667	transcription regulator complex	0.0759911747017	0.344726553385	11	1
PvWBCH1.4NG073500.1.v1.1	MF	0046872	metal ion binding	0.0503336900939	0.337275868394	12	2
PvWBCH1.4NG073500.1.v1.1	CC	0005737	cytoplasm	0.0461025347376	0.335876619188	12	3
PvWBCH1.4NG073500.1.v1.1	MF	0003677	DNA binding	0.0305271117149	0.330069357843	16	1
PvWBCH1.4NG073500.1.v1.1	BP	0006626	protein targeting to mitochondrion	0.0981842775815	0.350197505993	33	1
PvWBCH1.4NG073500.1.v1.1	BP	0010468	regulation of gene expression	0.0619858092209	0.34085037061	39	2
PvWBCH1.4NG073500.1.v1.1	BP	2001141	regulation of RNA biosynthetic process	0.0327016145216	0.330957369385	53	1
PvWBCH1.4NG080700.1.v1.1	CC	0009501	amyloplast	14.3731451496	0.847073675391	1	100
PvWBCH1.4NG080700.1.v1.1	BP	0019252	starch biosynthetic process	13.1176408841	0.830589482177	1	100
PvWBCH1.4NG080700.1.v1.1	MF	0004373	alpha-1,4-glucan glucosyltransferase (UDP-glucose donor) activity	12.0983980063	0.809745551514	1	100
PvWBCH1.4NG080700.1.v1.1	CC	0009507	chloroplast	2.05819630453	0.513009949394	5	36
PvWBCH1.4NG080700.1.v1.1	MF	0009011	alpha-1,4-glucan glucosyltransferase (ADP-glucose donor) activity	0.370867115879	0.393125144833	10	3
PvWBCH1.4NG094400.1.v1.1	BP	0042183	formate catabolic process	15.2057695453	0.852044098246	1	100
PvWBCH1.4NG094400.1.v1.1	MF	0008863	formate dehydrogenase (NAD+) activity	11.6391813136	0.800067868559	1	100
PvWBCH1.4NG094400.1.v1.1	CC	0009507	chloroplast	5.45635474658	0.643870378094	1	91
PvWBCH1.4NG094400.1.v1.1	CC	0005739	mitochondrion	4.50238118463	0.612797196694	3	100
PvWBCH1.4NG094400.1.v1.1	MF	0051287	NAD binding	6.76082127703	0.682242931885	4	100
PvWBCH1.4NG094400.1.v1.1	MF	0016616	oxidoreductase activity, acting on the CH-OH group of donors, NAD or NADP as acceptor	6.1097841813	0.663605035191	5	100
PvWBCH1.4NG138000.1.v1.1	BP	1903189	glyoxal metabolic process	15.0082657951	0.850877649677	1	39
PvWBCH1.4NG138000.1.v1.1	CC	0005737	cytoplasm	1.53836814774	0.484792968196	1	39
PvWBCH1.4NG138300.1.v1.1	MF	0016788	hydrolase activity, acting on ester bonds	4.23557559924	0.603529064487	1	53
PvWBCH1.4NG138300.1.v1.1	CC	0016020	membrane	0.0586196376411	0.33985508733	1	3
PvWBCH1.4NG163700.1.v1.1	CC	0030663	COPI-coated vesicle membrane	11.1716712293	0.790017206983	1	99
PvWBCH1.4NG163700.1.v1.1	BP	0006891	intra-Golgi vesicle-mediated transport	7.33632761339	0.697983725224	1	67
PvWBCH1.4NG163700.1.v1.1	MF	0005198	structural molecule activity	3.63440181161	0.581510835717	1	100
PvWBCH1.4NG163700.1.v1.1	BP	0006890	retrograde vesicle-mediated transport, Golgi to endoplasmic reticulum	7.14312046368	0.692770476152	2	67
PvWBCH1.4NG163700.1.v1.1	BP	0006886	intracellular protein transport	6.83526374622	0.684315778086	3	100
PvWBCH1.4NG163700.1.v1.1	BP	0006888	endoplasmic reticulum to Golgi vesicle-mediated transport	6.13904755206	0.664463512744	4	67
PvWBCH1.4NG163700.1.v1.1	CC	0030117	membrane coat	9.18208121803	0.744684301542	5	100
PvWBCH1.4NG163700.1.v1.1	CC	0000139	Golgi membrane	7.77227861155	0.709500272799	10	99
PvWBCH1.4NG198100.1.v1.1	MF	0106290	trans-cinnamate-CoA ligase activity	15.0973210989	0.851404550662	1	100
PvWBCH1.4NG198100.1.v1.1	BP	0009698	phenylpropanoid metabolic process	11.1457400672	0.789453631926	1	100
PvWBCH1.4NG198100.1.v1.1	CC	0005737	cytoplasm	0.015357737268	0.322694104288	1	1
PvWBCH1.4NG198100.1.v1.1	MF	0016207	4-coumarate-CoA ligase activity	14.4408225694	0.847482968898	2	100
PvWBCH1.4NG198100.1.v1.1	BP	0010044	response to aluminum ion	3.57885491386	0.579387351917	3	22
PvWBCH1.4NG198100.1.v1.1	BP	0044550	secondary metabolite biosynthetic process	1.87482262777	0.503513883957	8	22
PvWBCH1.4NG198100.1.v1.1	MF	0106286	(E)-caffeate-CoA ligase activity	0.463847334529	0.403590403517	8	2
PvWBCH1.4NG198100.1.v1.1	MF	0050563	trans-feruloyl-CoA synthase activity	0.395259055909	0.39598670487	9	2
PvWBCH1.4NG198100.1.v1.1	MF	0005524	ATP binding	0.0608172397912	0.340507992114	10	2
PvWBCH1.4NG198100.1.v1.1	BP	0009987	cellular process	0.410475842859	0.397727300369	12	100
PvWBCH1.4NG206200.1.v1.1	MF	0004618	phosphoglycerate kinase activity	11.3763807156	0.794443493762	1	100
PvWBCH1.4NG206200.1.v1.1	BP	0006096	glycolytic process	7.62353323113	0.705608039397	1	100
PvWBCH1.4NG206200.1.v1.1	CC	0005829	cytosol	3.21956272398	0.565234392532	1	89
PvWBCH1.4NG206200.1.v1.1	MF	0043531	ADP binding	8.35902888269	0.72450202512	3	89
PvWBCH1.4NG206200.1.v1.1	MF	0005524	ATP binding	3.05183943082	0.558357353123	6	100
PvWBCH1.4NG206200.1.v1.1	BP	0006094	gluconeogenesis	7.52732013088	0.703070168828	11	89
PvWBCH1.4NG206200.1.v1.1	MF	0046872	metal ion binding	0.0245038632556	0.327429186725	24	1
PvWBCH1.4NG248100.1.v1.1	MF	0003677	DNA binding	3.20412760804	0.564609119743	1	5
PvWBCH1.4NG248100.1.v1.1	CC	0005634	nucleus	3.16209267613	0.562898618073	1	4
PvWBCH1.4NG248100.1.v1.1	BP	0006355	regulation of DNA-templated transcription	0.783880478586	0.433255760218	1	1
PvWBCH1.4NG248100.1.v1.1	MF	0001067	transcription regulatory region nucleic acid binding	1.41914468884	0.477673651868	4	1
PvWBCH1.4NG251700.1.v1.1	MF	0032050	clathrin heavy chain binding	11.9070479985	0.805735696567	1	9
PvWBCH1.4NG251700.1.v1.1	CC	0030132	clathrin coat of coated pit	11.859084673	0.804725555872	1	10
PvWBCH1.4NG251700.1.v1.1	BP	0072583	clathrin-dependent endocytosis	7.6869475314	0.707272008816	1	9
PvWBCH1.4NG251700.1.v1.1	CC	0030130	clathrin coat of trans-Golgi network vesicle	11.787414712	0.803212322686	2	10
PvWBCH1.4NG251700.1.v1.1	BP	0006886	intracellular protein transport	6.83404870999	0.684282036344	3	10
PvWBCH1.4NG251700.1.v1.1	MF	0005198	structural molecule activity	3.63375576049	0.581486231682	4	10
PvWBCH1.5KG009200.1.v1.1	CC	0005741	mitochondrial outer membrane	9.1783134718	0.744594021394	1	99
PvWBCH1.5KG009200.1.v1.1	MF	0016887	ATP hydrolysis activity	4.60075341654	0.616144807809	1	100
PvWBCH1.5KG009200.1.v1.1	BP	0048235	pollen sperm cell differentiation	3.63554884949	0.581554513808	1	19
PvWBCH1.5KG009200.1.v1.1	MF	0005524	ATP binding	3.05185717148	0.558358090391	7	100
PvWBCH1.5KG009200.1.v1.1	CC	0009536	plastid	0.0458623300336	0.335795294477	17	1
PvWBCH1.5KG009700.1.v1.1	BP	0009269	response to desiccation	14.1056522874	0.845446447203	1	48
PvWBCH1.5KG009700.1.v1.1	CC	0005829	cytosol	2.77512431715	0.546584387639	1	37
PvWBCH1.5KG009700.1.v1.1	CC	0016020	membrane	0.0152867923596	0.322652494389	5	1
PvWBCH1.5KG016800.1.v1.1	MF	1990538	xylan O-acetyltransferase activity	13.7839509087	0.8434688799	1	18
PvWBCH1.5KG016800.1.v1.1	BP	1990937	xylan acetylation	13.2526178851	0.833288188456	1	18
PvWBCH1.5KG016800.1.v1.1	CC	0000139	Golgi membrane	7.20631502003	0.694483308801	1	18
PvWBCH1.5KG033000.1.v1.1	MF	0051213	dioxygenase activity	7.43126051644	0.70052011409	1	99
PvWBCH1.5KG033000.1.v1.1	BP	0009058	biosynthetic process	0.0268242381051	0.328481011016	1	2
PvWBCH1.5KG033000.1.v1.1	MF	0046872	metal ion binding	2.45291413915	0.532109073944	3	99
PvWBCH1.5KG033000.1.v1.1	BP	0009987	cellular process	0.00741717981332	0.317205066921	3	2
PvWBCH1.5KG046700.1.v1.1	MF	0047274	galactinol-sucrose galactosyltransferase activity	15.5034276321	0.853787834712	1	90
PvWBCH1.5KG046700.1.v1.1	BP	0009414	response to water deprivation	3.9460166989	0.593133749592	1	27
PvWBCH1.5KG046700.1.v1.1	BP	0006979	response to oxidative stress	2.23859922162	0.521947501558	5	27
PvWBCH1.5KG046700.1.v1.1	MF	0016787	hydrolase activity	0.01993271527	0.325199810569	7	1
PvWBCH1.5KG062500.1.v1.1	CC	0000786	nucleosome	9.56572264231	0.753781855675	1	100
PvWBCH1.5KG062500.1.v1.1	MF	0030527	structural constituent of chromatin	9.27607378196	0.746930522	1	100
PvWBCH1.5KG062500.1.v1.1	MF	0046982	protein heterodimerization activity	9.01092359982	0.740564270951	2	97
PvWBCH1.5KG062500.1.v1.1	CC	0005634	nucleus	3.43926808062	0.573977229848	5	99
PvWBCH1.5KG062500.1.v1.1	MF	0003677	DNA binding	3.20623136316	0.564694430861	6	100
PvWBCH1.5KG112700.1.v1.1	MF	0032422	purine-rich negative regulatory element binding	14.3612372585	0.847001560289	1	100
PvWBCH1.5KG112700.1.v1.1	BP	0006357	regulation of transcription by RNA polymerase II	5.42897413049	0.643018309809	1	95
PvWBCH1.5KG112700.1.v1.1	CC	0005634	nucleus	3.27922288803	0.567637230755	1	95
PvWBCH1.5KG112700.1.v1.1	MF	0000977	RNA polymerase II transcription regulatory region sequence-specific DNA binding	7.28351021145	0.696565457942	2	100
PvWBCH1.5KG112700.1.v1.1	MF	0000981	DNA-binding transcription factor activity, RNA polymerase II-specific	6.41813149024	0.672550136515	3	95
PvWBCH1.5KG112700.1.v1.1	CC	0016020	membrane	0.00801753864841	0.317701311012	8	1
PvWBCH1.5KG130100.1.v1.1	MF	0005200	structural constituent of cytoskeleton	9.5992689738	0.754568616093	1	94
PvWBCH1.5KG130100.1.v1.1	CC	0005874	microtubule	7.77515458149	0.70957515983	1	100
PvWBCH1.5KG130100.1.v1.1	BP	0007017	microtubule-based process	7.16235395149	0.693292582088	1	100
PvWBCH1.5KG130100.1.v1.1	BP	0007010	cytoskeleton organization	6.3832656113	0.671549620708	2	94
PvWBCH1.5KG130100.1.v1.1	MF	0003924	GTPase activity	6.23129652829	0.667156444222	2	94
PvWBCH1.5KG130100.1.v1.1	MF	0005525	GTP binding	5.98811832865	0.660013577348	3	100
PvWBCH1.5KG130100.1.v1.1	BP	0000278	mitotic cell cycle	1.02261757579	0.451532854822	7	13
PvWBCH1.5KG130100.1.v1.1	BP	0043461	proton-transporting ATP synthase complex assembly	0.254560797743	0.377959234785	10	2
PvWBCH1.5KG130100.1.v1.1	CC	0005737	cytoplasm	0.246293060601	0.376759742217	13	16
PvWBCH1.5KG130100.1.v1.1	MF	0046872	metal ion binding	0.148694996545	0.360690557775	26	6
PvWBCH1.5KG130100.1.v1.1	MF	0016757	glycosyltransferase activity	0.0545786704376	0.33862173775	28	1
PvWBCH1.5KG147400.3.v1.1	MF	0004478	methionine adenosyltransferase activity	11.3499036883	0.79387325505	1	100
PvWBCH1.5KG147400.3.v1.1	BP	0006556	S-adenosylmethionine biosynthetic process	10.8806855688	0.783655038677	1	100
PvWBCH1.5KG147400.3.v1.1	CC	0005737	cytoplasm	1.53840261732	0.484794985819	1	100
PvWBCH1.5KG147400.3.v1.1	BP	0006730	one-carbon metabolic process	8.03509880445	0.716287547793	3	100
PvWBCH1.5KG147400.3.v1.1	MF	0005524	ATP binding	3.05184149116	0.558357438747	3	100
PvWBCH1.5KG147400.3.v1.1	CC	0016020	membrane	0.0272446367241	0.328666638601	4	3
PvWBCH1.5KG147400.3.v1.1	MF	0046872	metal ion binding	2.4763824471	0.533194354826	14	100
PvWBCH1.5KG232200.1.v1.1	MF	0016705	oxidoreductase activity, acting on paired donors, with incorporation or reduction of molecular oxygen	6.62897724258	0.678543539953	1	100
PvWBCH1.5KG232200.1.v1.1	BP	0006629	lipid metabolic process	4.27551440895	0.604934643745	1	100
PvWBCH1.5KG232200.1.v1.1	CC	0016020	membrane	0.921541803339	0.444087598808	1	100
PvWBCH1.5KG232200.1.v1.1	MF	0004497	monooxygenase activity	6.5655223335	0.676749956294	2	100
PvWBCH1.5KG232200.1.v1.1	MF	0005506	iron ion binding	6.34231848191	0.670371101192	3	100
PvWBCH1.5KG232200.1.v1.1	MF	0020037	heme binding	5.44556649043	0.643534909861	4	100
PvWBCH1.5KG232200.1.v1.1	BP	0009987	cellular process	0.410475288596	0.397727237562	4	100
PvWBCH1.5KG249400.1.v1.1	BP	0016226	iron-sulfur cluster assembly	8.17407853908	0.719831816177	1	100
PvWBCH1.5KG249400.1.v1.1	CC	0005759	mitochondrial matrix	7.94476348489	0.713967353136	1	95
PvWBCH1.5KG249400.1.v1.1	MF	0051537	2 iron, 2 sulfur cluster binding	7.19945877117	0.694297840408	1	95
PvWBCH1.5KG249400.1.v1.1	MF	0005506	iron ion binding	6.34218026915	0.67036711679	2	100
PvWBCH1.5KG249400.1.v1.1	BP	0006879	intracellular iron ion homeostasis	1.41126895434	0.477193013815	9	17
PvWBCH1.5KG255700.2.v1.1	MF	0016887	ATP hydrolysis activity	4.60071641659	0.616143555463	1	100
PvWBCH1.5KG255700.2.v1.1	CC	0016020	membrane	0.0170383667357	0.323653114979	1	2
PvWBCH1.5KG255700.2.v1.1	MF	0005524	ATP binding	3.05183262798	0.55835707041	7	100
PvWBCH1.5KG263500.1.v1.1	MF	0004568	chitinase activity	9.13887950064	0.7436480175	1	80
PvWBCH1.5KG263500.1.v1.1	CC	0005576	extracellular region	4.87518653493	0.625299052905	1	90
PvWBCH1.5KG263500.1.v1.1	BP	0005975	carbohydrate metabolic process	4.15476092264	0.600664509228	1	100
PvWBCH1.5KG263500.1.v1.1	BP	0050832	defense response to fungus	1.25739983481	0.46751833746	2	11
PvWBCH1.5KG263500.1.v1.1	CC	0016020	membrane	0.0168933878359	0.323572306999	3	2
PvWBCH1.5KG263500.1.v1.1	MF	0004672	protein kinase activity	0.0476345436868	0.336390392707	7	1
PvWBCH1.5KG263500.1.v1.1	MF	0005524	ATP binding	0.0276646897204	0.328850688602	12	1
PvWBCH1.5KG263500.1.v1.1	BP	0009987	cellular process	0.410469567425	0.397726589257	14	100
PvWBCH1.5KG263500.1.v1.1	BP	0006032	chitin catabolic process	0.409725114393	0.39764219158	15	4
PvWBCH1.5KG266500.1.v1.1	MF	0004364	glutathione transferase activity	10.1492234426	0.76727592221	1	12
PvWBCH1.5KG266500.1.v1.1	BP	0006749	glutathione metabolic process	8.6041107349	0.730611740609	1	12
PvWBCH1.5KG266500.1.v1.1	CC	0005829	cytosol	2.48994035497	0.533818991141	1	8
PvWBCH1.5KG274600.1.v1.1	MF	0004161	dimethylallyltranstransferase activity	11.890692814	0.805391474088	1	83
PvWBCH1.5KG274600.1.v1.1	BP	0045337	farnesyl diphosphate biosynthetic process	10.322647062	0.771211287016	1	82
PvWBCH1.5KG274600.1.v1.1	CC	0005737	cytoplasm	1.26025210501	0.467702900404	1	82
PvWBCH1.5KG274600.1.v1.1	MF	0004337	geranyltranstransferase activity	11.6745685553	0.800820344103	2	85
PvWBCH1.5KG274600.1.v1.1	MF	0046872	metal ion binding	0.0245490991628	0.327450156914	7	1
PvWBCH1.5KG274600.1.v1.1	BP	0033384	geranyl diphosphate biosynthetic process	0.20182818626	0.369931524005	19	1
PvWBCH1.5KG274600.1.v1.1	BP	0006695	cholesterol biosynthetic process	0.126021222021	0.356245227371	21	1
PvWBCH1.5KG283000.1.v1.1	MF	0008757	S-adenosylmethionine-dependent methyltransferase activity	6.35884264643	0.670847147836	1	1
PvWBCH1.5KG283000.1.v1.1	MF	0016829	lyase activity	4.70816437974	0.619759387965	4	1
PvWBCH1.5KG299900.1.v1.1	MF	0004473	malate dehydrogenase (decarboxylating) (NADP+) activity	11.605684769	0.799354542293	1	87
PvWBCH1.5KG299900.1.v1.1	BP	0006108	malate metabolic process	10.6059275742	0.777569110097	1	100
PvWBCH1.5KG299900.1.v1.1	CC	0009507	chloroplast	5.19748605909	0.635726896918	1	87
PvWBCH1.5KG299900.1.v1.1	BP	0006090	pyruvate metabolic process	6.1857822746	0.665830302144	3	87
PvWBCH1.5KG299900.1.v1.1	MF	0051287	NAD binding	6.76085104609	0.682243763078	4	100
PvWBCH1.5KG299900.1.v1.1	MF	0046872	metal ion binding	2.47638976153	0.533194692275	12	100
PvWBCH1.5KG309100.1.v1.1	CC	0005576	extracellular region	5.39853119381	0.642068417461	1	100
PvWBCH1.5KG309100.1.v1.1	MF	0030234	enzyme regulator activity	0.676006541457	0.424082883839	1	10
PvWBCH1.5KG309100.1.v1.1	CC	0071944	cell periphery	2.13282016737	0.516752665396	2	89
PvWBCH1.5KG309100.1.v1.1	CC	0016020	membrane	0.78272458634	0.433160942558	6	86
PvWBCH1.5KG315300.1.v1.1	MF	0016811	hydrolase activity, acting on carbon-nitrogen (but not peptide) bonds, in linear amides	6.984659294	0.688441907122	1	100
PvWBCH1.5KG333000.1.v1.1	MF	0004791	thioredoxin-disulfide reductase (NADPH) activity	4.65490104784	0.617972189937	1	3
PvWBCH1.5KG333000.1.v1.1	BP	0098869	cellular oxidant detoxification	3.0808112434	0.559558522865	1	3
PvWBCH1.5KG333000.1.v1.1	MF	0016853	isomerase activity	3.68600924396	0.583469224146	6	3
PvWBCH1.5KG333000.1.v1.1	BP	0001522	pseudouridine synthesis	1.16308110893	0.461292737836	10	1
PvWBCH1.5KG333000.1.v1.1	MF	0046872	metal ion binding	0.699148890749	0.426109159579	14	2
PvWBCH1.5KG333000.1.v1.1	MF	0003723	RNA binding	0.475938763765	0.404871033707	16	1
PvWBCH1.5KG338400.1.v1.1	MF	0015297	antiporter activity	2.80515619258	0.547889679498	1	2
PvWBCH1.5KG338400.1.v1.1	CC	0005794	Golgi apparatus	2.3383050584	0.526732833334	1	2
PvWBCH1.5KG338400.1.v1.1	BP	0055085	transmembrane transport	0.985170203966	0.448819335334	1	2
PvWBCH1.5KG338400.1.v1.1	CC	0016020	membrane	0.921317131025	0.444070606392	3	6
PvWBCH1.5KG340100.1.v1.1	MF	0005200	structural constituent of cytoskeleton	9.90809275969	0.761747826793	1	97
PvWBCH1.5KG340100.1.v1.1	CC	0005874	microtubule	7.77515472313	0.709575163518	1	100
PvWBCH1.5KG340100.1.v1.1	BP	0007017	microtubule-based process	7.16235408197	0.693292585627	1	100
PvWBCH1.5KG340100.1.v1.1	BP	0007010	cytoskeleton organization	6.58862544211	0.67740397602	2	97
PvWBCH1.5KG340100.1.v1.1	MF	0003924	GTPase activity	6.43176727144	0.672940691199	2	97
PvWBCH1.5KG340100.1.v1.1	MF	0005525	GTP binding	5.98811843774	0.660013580584	3	100
PvWBCH1.5KG340100.1.v1.1	BP	0000278	mitotic cell cycle	0.942928433921	0.445695737132	7	12
PvWBCH1.5KG340100.1.v1.1	BP	0043461	proton-transporting ATP synthase complex assembly	0.254337041578	0.377927030672	10	2
PvWBCH1.5KG340100.1.v1.1	CC	0005737	cytoplasm	0.261241689983	0.378914344972	13	17
PvWBCH1.5KG340100.1.v1.1	MF	0046872	metal ion binding	0.123789847236	0.355786850567	26	5
PvWBCH1.5KG340100.1.v1.1	MF	0016757	glycosyltransferase activity	0.0545472741983	0.33861197965	28	1
PvWBCH1.5KG346500.1.v1.1	MF	0061863	microtubule plus end polymerase	14.3975263218	0.847221236502	1	48
PvWBCH1.5KG346500.1.v1.1	BP	0030951	establishment or maintenance of microtubule cytoskeleton polarity	13.9364504351	0.844409171759	1	48
PvWBCH1.5KG346500.1.v1.1	CC	0099080	supramolecular complex	6.54304725106	0.676112610066	1	47
PvWBCH1.5KG346500.1.v1.1	MF	0051010	microtubule plus-end binding	12.311243166	0.814168774429	2	48
PvWBCH1.5KG346500.1.v1.1	CC	0005856	cytoskeleton	5.37979151195	0.641482362421	2	43
PvWBCH1.5KG346500.1.v1.1	BP	0046785	microtubule polymerization	11.242684208	0.79155722842	3	48
PvWBCH1.5KG346500.1.v1.1	BP	0007051	spindle organization	9.64256132239	0.75558192031	7	48
PvWBCH1.5KG346500.1.v1.1	CC	0005737	cytoplasm	1.53841115494	0.484795485551	7	48
PvWBCH1.5KG346500.1.v1.1	CC	0000779	condensed chromosome, centromeric region	0.69246547365	0.425527469061	13	3
PvWBCH1.5KG346500.1.v1.1	BP	1902850	microtubule cytoskeleton organization involved in mitosis	0.717586470979	0.427699610858	22	3
PvWBCH1.5KG346500.1.v1.1	BP	0009920	cell plate formation involved in plant-type cell wall biogenesis	0.393130802554	0.395740608716	26	1
PvWBCH1.5KG346500.1.v1.1	CC	0071944	cell periphery	0.0472188853722	0.336251824813	29	1
PvWBCH1.5KG361700.1.v1.1	MF	0048040	UDP-glucuronate decarboxylase activity	12.3285755224	0.814527275537	1	100
PvWBCH1.5KG361700.1.v1.1	BP	0042732	D-xylose metabolic process	10.4866109258	0.774901698862	1	100
PvWBCH1.5KG361700.1.v1.1	CC	0005737	cytoplasm	1.2646309184	0.467985835999	1	83
PvWBCH1.5KG361700.1.v1.1	BP	0033320	UDP-D-xylose biosynthetic process	9.29083736195	0.747282303911	2	73
PvWBCH1.5KG361700.1.v1.1	MF	0070403	NAD+ binding	9.24741710137	0.746246899712	2	100
PvWBCH1.5KG361700.1.v1.1	CC	0016020	membrane	0.860386440481	0.439383190266	2	93
PvWBCH1.5KG361700.1.v1.1	CC	0012505	endomembrane system	0.295486317854	0.383628764457	9	7
PvWBCH1.5KG361700.1.v1.1	CC	0031984	organelle subcompartment	0.276775248924	0.381088897388	10	5
PvWBCH1.5KG361700.1.v1.1	CC	0043231	intracellular membrane-bounded organelle	0.145209202498	0.36003038428	12	7
PvWBCH1.5KG361700.1.v1.1	MF	0004857	enzyme inhibitor activity	0.0719621064518	0.343650994452	18	1
PvWBCH1.5KG361700.1.v1.1	MF	0046872	metal ion binding	0.0209740923624	0.325728495625	22	1
PvWBCH1.5KG361700.1.v1.1	BP	0017062	respiratory chain complex III assembly	0.109601384388	0.352770056908	25	1
PvWBCH1.5KG361700.1.v1.1	BP	0033108	mitochondrial respiratory chain complex assembly	0.0881362460521	0.347806612033	27	1
PvWBCH1.5KG361700.1.v1.1	BP	0097250	mitochondrial respirasome assembly	0.0866980179623	0.347453453435	28	1
PvWBCH1.5KG363600.1.v1.1	MF	0140662	ATP-dependent protein folding chaperone	8.53762585495	0.728963016777	1	100
PvWBCH1.5KG363600.1.v1.1	BP	0006457	protein folding	6.54922791973	0.67628798985	1	100
PvWBCH1.5KG363600.1.v1.1	CC	0005737	cytoplasm	0.215312942929	0.372075450932	1	14
PvWBCH1.5KG363600.1.v1.1	CC	0005634	nucleus	0.173349327275	0.365154369577	2	5
PvWBCH1.5KG363600.1.v1.1	MF	0005524	ATP binding	3.05185473331	0.558357989065	4	100
PvWBCH1.5KG363600.1.v1.1	MF	0031072	heat shock protein binding	1.42199107653	0.477847032161	18	14
PvWBCH1.5KG363600.1.v1.1	MF	0016887	ATP hydrolysis activity	0.643912495326	0.42121451796	21	14
PvWBCH1.5KG363600.1.v1.1	MF	0032440	2-alkenal reductase [NAD(P)+] activity	0.148062126915	0.360571278348	28	1
PvWBCH1.5KG371100.1.v1.1	MF	0031220	maltodextrin phosphorylase activity	26.1677392938	0.907869908288	1	1
PvWBCH1.5KG371100.1.v1.1	BP	0005980	glycogen catabolic process	11.1438831059	0.789413248506	1	1
PvWBCH1.5KG371100.1.v1.1	CC	0005737	cytoplasm	1.53750818545	0.484742624326	1	1
PvWBCH1.5KG371100.1.v1.1	MF	0008184	glycogen phosphorylase activity	11.6555526356	0.800416130905	2	1
PvWBCH1.5KG371100.1.v1.1	MF	0030170	pyridoxal phosphate binding	6.53366322335	0.675846174821	5	1
PvWBCH1.5KG392000.1.v1.1	MF	0008168	methyltransferase activity	5.31418917814	0.639422665815	1	2
PvWBCH1.5KG392000.1.v1.1	BP	0032259	methylation	5.07241311841	0.631719706856	1	2
PvWBCH1.5KG392000.1.v1.1	CC	0012505	endomembrane system	4.87938139318	0.625436953106	1	2
PvWBCH1.5KG392000.1.v1.1	CC	0016020	membrane	0.921241786066	0.444064907438	2	2
PvWBCH1.5KG392000.1.v1.1	CC	0005737	cytoplasm	0.819088585532	0.436111100796	3	1
PvWBCH1.5KG392000.1.v1.1	BP	0009987	cellular process	0.410341654206	0.39771209335	3	2
PvWBCH1.5KG444200.1.v1.1	CC	0022627	cytosolic small ribosomal subunit	7.78459813893	0.709820962118	1	95
PvWBCH1.5KG444200.1.v1.1	MF	0003735	structural constituent of ribosome	3.6444656548	0.581893822404	1	95
PvWBCH1.5KG444200.1.v1.1	MF	0003723	RNA binding	3.22011528898	0.565256748986	3	95
PvWBCH1.5KG444200.1.v1.1	CC	0016020	membrane	0.00847188713523	0.318064622529	16	1
PvWBCH1.5NG003300.1.v1.1	MF	0008696	4-amino-4-deoxychorismate lyase activity	13.3481436638	0.835189817799	1	95
PvWBCH1.5NG003300.1.v1.1	BP	0046656	folic acid biosynthetic process	9.27284474434	0.746853544211	1	95
PvWBCH1.5NG003300.1.v1.1	CC	0016020	membrane	0.00992137275363	0.319162803968	1	1
PvWBCH1.5NG003300.1.v1.1	MF	0030170	pyridoxal phosphate binding	6.23178665439	0.667170698548	3	95
PvWBCH1.5NG003300.1.v1.1	MF	0008483	transaminase activity	0.674114861467	0.423915731298	15	10
PvWBCH1.5NG003300.1.v1.1	MF	0003964	RNA-directed DNA polymerase activity	0.166177067611	0.363890520892	18	2
PvWBCH1.5NG003300.1.v1.1	MF	0004519	endonuclease activity	0.122297466963	0.355477971483	23	2
PvWBCH1.5NG003300.1.v1.1	BP	0006278	RNA-templated DNA biosynthetic process	0.158092313761	0.362432716675	27	2
PvWBCH1.5NG003300.1.v1.1	BP	0006572	tyrosine catabolic process	0.104528823656	0.351644492438	29	1
PvWBCH1.5NG003300.1.v1.1	MF	0003676	nucleic acid binding	0.0401865984233	0.333807656416	31	2
PvWBCH1.5NG005600.1.v1.1	CC	0005886	plasma membrane	2.54920167008	0.536529507998	1	16
PvWBCH1.5NG010300.1.v1.1	CC	0005741	mitochondrial outer membrane	9.1781519988	0.744590151875	1	99
PvWBCH1.5NG010300.1.v1.1	MF	0016887	ATP hydrolysis activity	4.60075304606	0.616144795269	1	100
PvWBCH1.5NG010300.1.v1.1	BP	0048235	pollen sperm cell differentiation	3.63249739627	0.581438302202	1	19
PvWBCH1.5NG010300.1.v1.1	MF	0005524	ATP binding	3.05185692572	0.558358080177	7	100
PvWBCH1.5NG010300.1.v1.1	CC	0009536	plastid	0.046184393064	0.335904285064	17	1
PvWBCH1.5NG010300.1.v1.1	BP	0051301	cell division	0.0513305218715	0.337596860729	18	1
PvWBCH1.5NG032300.1.v1.1	MF	0004470	malic enzyme activity	11.158799045	0.789737531143	1	100
PvWBCH1.5NG032300.1.v1.1	BP	0006108	malate metabolic process	10.6059335491	0.777569243293	1	100
PvWBCH1.5NG032300.1.v1.1	CC	0009507	chloroplast	4.11759555871	0.599337797759	1	68
PvWBCH1.5NG032300.1.v1.1	BP	0006090	pyruvate metabolic process	4.90055179206	0.62613199818	3	68
PvWBCH1.5NG032300.1.v1.1	MF	0051287	NAD binding	6.76085485484	0.682243869423	4	100
PvWBCH1.5NG032300.1.v1.1	MF	0016616	oxidoreductase activity, acting on the CH-OH group of donors, NAD or NADP as acceptor	6.10981452572	0.663605926446	5	100
PvWBCH1.5NG032300.1.v1.1	MF	0046872	metal ion binding	2.47639115662	0.533194756637	12	100
PvWBCH1.5NG032300.1.v1.1	MF	0008948	oxaloacetate decarboxylase activity	0.230603187863	0.374426725392	20	2
PvWBCH1.5NG072800.1.v1.1	MF	0030246	carbohydrate binding	7.09656853153	0.691503875644	1	32
PvWBCH1.5NG072800.1.v1.1	BP	0005975	carbohydrate metabolic process	4.15478876364	0.600665500853	1	32
PvWBCH1.5NG072800.1.v1.1	CC	0016020	membrane	0.0213468670846	0.325914543422	1	1
PvWBCH1.5NG072800.1.v1.1	MF	0004553	hydrolase activity, hydrolyzing O-glycosyl compounds	6.28421755097	0.668692321342	2	32
PvWBCH1.5NG072800.1.v1.1	BP	0009057	macromolecule catabolic process	2.13086921591	0.516655657895	5	12
PvWBCH1.5NG072800.1.v1.1	MF	0022857	transmembrane transporter activity	0.0754967465703	0.344596126727	7	1
PvWBCH1.5NG072800.1.v1.1	BP	0009987	cellular process	0.410472317976	0.397726900942	10	32
PvWBCH1.5NG072800.1.v1.1	BP	0006810	transport	0.0544616931343	0.338585366382	12	1
PvWBCH1.5NG112200.1.v1.1	MF	0004869	cysteine-type endopeptidase inhibitor activity	12.3414245151	0.814792880473	1	60
PvWBCH1.5NG112200.1.v1.1	BP	0006952	defense response	2.65884911023	0.541462797215	1	23
PvWBCH1.5NG112200.1.v1.1	CC	0005576	extracellular region	0.0953208368023	0.349529153629	1	1
PvWBCH1.5NG112200.1.v1.1	CC	0016020	membrane	0.0288377638915	0.329357407196	2	2
PvWBCH1.5NG112300.1.v1.1	BP	0042744	hydrogen peroxide catabolic process	9.62092098033	0.755075689691	1	39
PvWBCH1.5NG112300.1.v1.1	MF	0140825	lactoperoxidase activity	9.53366059613	0.753028615744	1	30
PvWBCH1.5NG112300.1.v1.1	CC	0005576	extracellular region	5.17079889486	0.634875952989	1	37
PvWBCH1.5NG112300.1.v1.1	CC	0009505	plant-type cell wall	2.73495360881	0.544827333581	2	9
PvWBCH1.5NG112300.1.v1.1	BP	0006979	response to oxidative stress	7.33278986239	0.697888888424	4	39
PvWBCH1.5NG112300.1.v1.1	BP	0098869	cellular oxidant detoxification	6.99536806384	0.688735967983	5	39
PvWBCH1.5NG112300.1.v1.1	MF	0020037	heme binding	5.44539437511	0.643529555125	5	39
PvWBCH1.5NG112300.1.v1.1	CC	0016020	membrane	0.176491752385	0.365699857993	6	7
PvWBCH1.5NG112300.1.v1.1	MF	0046872	metal ion binding	2.4763058583	0.533190821397	8	39
PvWBCH1.5NG129100.1.v1.1	CC	0009707	chloroplast outer membrane	11.8152553612	0.803800692637	1	71
PvWBCH1.5NG129100.1.v1.1	MF	0015171	amino acid transmembrane transporter activity	7.21129090301	0.694617856169	1	71
PvWBCH1.5NG129100.1.v1.1	BP	0003333	amino acid transmembrane transport	6.87910642114	0.685531295774	1	71
PvWBCH1.5NG134900.2.v1.1	MF	0048040	UDP-glucuronate decarboxylase activity	12.328583869	0.814527448117	1	100
PvWBCH1.5NG134900.2.v1.1	BP	0042732	D-xylose metabolic process	10.4866180254	0.774901858028	1	100
PvWBCH1.5NG134900.2.v1.1	CC	0032580	Golgi cisterna membrane	2.9088858927	0.552345225335	1	29
PvWBCH1.5NG134900.2.v1.1	MF	0070403	NAD+ binding	9.24742336198	0.746247049178	2	100
PvWBCH1.5NG134900.2.v1.1	BP	0033320	UDP-D-xylose biosynthetic process	8.76684177963	0.734620546047	3	69
PvWBCH1.5NG169800.1.v1.1	BP	0042744	hydrogen peroxide catabolic process	9.55777187226	0.753595184529	1	62
PvWBCH1.5NG169800.1.v1.1	MF	0140825	lactoperoxidase activity	9.03901107938	0.741243047301	1	44
PvWBCH1.5NG169800.1.v1.1	CC	0005576	extracellular region	5.15473994026	0.634362840414	1	59
PvWBCH1.5NG169800.1.v1.1	BP	0006979	response to oxidative stress	7.33290139539	0.697891878648	4	63
PvWBCH1.5NG169800.1.v1.1	BP	0098869	cellular oxidant detoxification	6.9954744646	0.688738888599	5	63
PvWBCH1.5NG169800.1.v1.1	MF	0020037	heme binding	5.4454772005	0.643532131943	5	63
PvWBCH1.5NG169800.1.v1.1	MF	0046872	metal ion binding	2.47634352334	0.533192559083	8	63
PvWBCH1.5NG174900.1.v1.1	MF	0003724	RNA helicase activity	7.56375180473	0.704033046277	1	88
PvWBCH1.5NG174900.1.v1.1	CC	0005634	nucleus	2.14215747854	0.517216333035	1	62
PvWBCH1.5NG174900.1.v1.1	BP	0048653	anther development	0.610668457939	0.418166944638	1	4
PvWBCH1.5NG174900.1.v1.1	BP	0009555	pollen development	0.565973747054	0.413935741166	5	4
PvWBCH1.5NG174900.1.v1.1	MF	0005524	ATP binding	2.96263268068	0.554622594641	7	97
PvWBCH1.5NG174900.1.v1.1	CC	0016020	membrane	0.00920007826112	0.31862715398	8	1
PvWBCH1.5NG174900.1.v1.1	MF	0003723	RNA binding	2.88848581051	0.551475326729	9	85
PvWBCH1.5NG174900.1.v1.1	BP	0140588	chromatin looping	0.382058417489	0.394449389403	16	2
PvWBCH1.5NG174900.1.v1.1	MF	0016787	hydrolase activity	2.18764523832	0.519460825258	20	97
PvWBCH1.5NG174900.1.v1.1	BP	0006338	chromatin remodeling	0.144722255307	0.359937533413	24	2
PvWBCH1.5NG174900.1.v1.1	BP	0051028	mRNA transport	0.0936978594804	0.349145874042	26	1
PvWBCH1.5NG174900.1.v1.1	MF	0140584	chromatin extrusion motor activity	0.550724973088	0.412454149046	28	2
PvWBCH1.5NG174900.1.v1.1	MF	0140665	ATP-dependent H3-H4 histone complex chaperone activity	0.493848808172	0.4067383956	29	2
PvWBCH1.5NG174900.1.v1.1	MF	0140849	ATP-dependent H2AZ histone chaperone activity	0.300678258759	0.384319167017	31	2
PvWBCH1.5NG174900.1.v1.1	BP	0008380	RNA splicing	0.0721532132449	0.343702680433	32	1
PvWBCH1.5NG174900.1.v1.1	MF	0061775	cohesin loader activity	0.267433736089	0.379788721892	34	2
PvWBCH1.5NG174900.1.v1.1	BP	0006397	mRNA processing	0.0667943884747	0.342226374245	34	1
PvWBCH1.5NG174900.1.v1.1	MF	0003689	DNA clamp loader activity	0.251760531952	0.377555180774	35	2
PvWBCH1.5NG174900.1.v1.1	MF	0005515	protein binding	0.092653180989	0.348897406269	43	2
PvWBCH1.5NG234800.1.v1.1	CC	0000814	ESCRT II complex	13.1293859027	0.830824859859	1	100
PvWBCH1.5NG234800.1.v1.1	BP	0043328	protein transport to vacuole involved in ubiquitin-dependent protein catabolic process via the multivesicular body sorting pathway	10.9836069713	0.785914946901	1	92
PvWBCH1.5NG234800.1.v1.1	MF	0042803	protein homodimerization activity	8.83624033679	0.736318823118	1	92
PvWBCH1.5NG234800.1.v1.1	MF	0005198	structural molecule activity	3.32313766608	0.569391980119	5	92
PvWBCH1.5NG234800.1.v1.1	MF	0016740	transferase activity	0.112999288743	0.353509512644	7	5
PvWBCH1.5NG286600.1.v1.1	MF	0004473	malate dehydrogenase (decarboxylating) (NADP+) activity	11.4685232686	0.796422823156	1	86
PvWBCH1.5NG286600.1.v1.1	BP	0006108	malate metabolic process	10.6059265912	0.777569088182	1	100
PvWBCH1.5NG286600.1.v1.1	CC	0009507	chloroplast	5.13605969776	0.633764966306	1	86
PvWBCH1.5NG286600.1.v1.1	BP	0006090	pyruvate metabolic process	6.11267575872	0.663689954634	3	86
PvWBCH1.5NG286600.1.v1.1	MF	0051287	NAD binding	6.76085041944	0.682243745581	4	100
PvWBCH1.5NG286600.1.v1.1	MF	0046872	metal ion binding	2.476389532	0.533194681686	12	100
PvWBCH1.5NG302600.1.v1.1	MF	0004106	chorismate mutase activity	11.0131003764	0.78656059785	1	100
PvWBCH1.5NG302600.1.v1.1	BP	0046417	chorismate metabolic process	8.42644671891	0.726191533999	1	100
PvWBCH1.5NG302600.1.v1.1	CC	0005737	cytoplasm	1.21433132263	0.464705611927	1	80
PvWBCH1.5NG302600.1.v1.1	BP	0009073	aromatic amino acid family biosynthetic process	6.68388999068	0.680088758528	2	100
PvWBCH1.5NG302600.1.v1.1	BP	0008652	amino acid biosynthetic process	4.60451749756	0.616272185186	5	93
PvWBCH1.5NG302600.1.v1.1	MF	0042803	protein homodimerization activity	0.273694817221	0.380662614352	5	3
PvWBCH1.5NG302600.1.v1.1	CC	0043231	intracellular membrane-bounded organelle	0.0273891231001	0.328730105657	5	1
PvWBCH1.5NG302600.1.v1.1	MF	0008289	lipid binding	0.061598106889	0.340737138503	9	1
PvWBCH1.5NG302600.1.v1.1	MF	0009055	electron transfer activity	0.0424597300856	0.334619561958	10	1
PvWBCH1.5NG302600.1.v1.1	BP	1901745	prephenate(2-) metabolic process	0.361870889685	0.392046084297	18	2
PvWBCH1.5NG302600.1.v1.1	BP	0042742	defense response to bacterium	0.172285050732	0.364968504345	20	2
PvWBCH1.5NG302600.1.v1.1	BP	0046219	indolalkylamine biosynthetic process	0.14566121307	0.360116434219	23	2
PvWBCH1.5NG302600.1.v1.1	BP	0043650	dicarboxylic acid biosynthetic process	0.121800669911	0.355374731334	31	2
PvWBCH1.5NG302600.1.v1.1	BP	1901605	alpha-amino acid metabolic process	0.0758886950747	0.34469955492	40	2
PvWBCH1.5NG350300.1.v1.1	MF	0140662	ATP-dependent protein folding chaperone	8.5376236306	0.72896296151	1	100
PvWBCH1.5NG350300.1.v1.1	BP	0006457	protein folding	6.54922621342	0.676287941444	1	100
PvWBCH1.5NG350300.1.v1.1	CC	0005737	cytoplasm	0.252950085811	0.377727096185	1	16
PvWBCH1.5NG350300.1.v1.1	CC	0005634	nucleus	0.0714038346695	0.343499612144	3	2
PvWBCH1.5NG350300.1.v1.1	MF	0005524	ATP binding	3.05185393819	0.558357956022	4	100
PvWBCH1.5NG350300.1.v1.1	MF	0031072	heat shock protein binding	1.67055802563	0.492371099737	16	16
PvWBCH1.5NG350300.1.v1.1	MF	0016887	ATP hydrolysis activity	0.756469716739	0.430988088499	21	16
PvWBCH1.5NG357200.1.v1.1	MF	0031220	maltodextrin phosphorylase activity	26.1676456236	0.907869487953	1	1
PvWBCH1.5NG357200.1.v1.1	BP	0005980	glycogen catabolic process	11.1438432152	0.789412380964	1	1
PvWBCH1.5NG357200.1.v1.1	CC	0005737	cytoplasm	1.53750268177	0.484742302085	1	1
PvWBCH1.5NG357200.1.v1.1	MF	0008184	glycogen phosphorylase activity	11.6555109134	0.80041524367	2	1
PvWBCH1.5NG357200.1.v1.1	MF	0030170	pyridoxal phosphate binding	6.53363983541	0.675845510542	5	1
PvWBCH1.5NG360500.1.v1.1	BP	0019441	tryptophan catabolic process to kynurenine	10.4355932418	0.773756531498	1	99
PvWBCH1.5NG360500.1.v1.1	MF	0020037	heme binding	5.39066081009	0.641822407273	1	99
PvWBCH1.5NG360500.1.v1.1	MF	0046872	metal ion binding	2.45141564128	0.532039600646	3	99
PvWBCH1.5NG360500.1.v1.1	BP	0006952	defense response	6.87443798613	0.685402050217	13	99
PvWBCH1.5NG409300.1.v1.1	BP	0000911	cytokinesis by cell plate formation	14.5233387164	0.847980707356	1	72
PvWBCH1.5NG409300.1.v1.1	CC	0030136	clathrin-coated vesicle	0.0952941368496	0.349522874729	1	1
PvWBCH1.5NG409300.1.v1.1	CC	0005886	plasma membrane	0.0248780345497	0.327602065355	6	1
PvWBCH1.5NG409300.1.v1.1	BP	0009825	multidimensional cell growth	0.165664909023	0.363799237758	7	1
PvWBCH1.6KG004600.1.v1.1	CC	0016020	membrane	0.921526709302	0.444086457281	1	65
PvWBCH1.6KG016800.1.v1.1	MF	0008865	fructokinase activity	10.3732893066	0.772354224169	1	81
PvWBCH1.6KG016800.1.v1.1	BP	0006000	fructose metabolic process	9.39921063077	0.749856077906	1	81
PvWBCH1.6KG016800.1.v1.1	CC	0005829	cytosol	2.9387094436	0.553611487778	1	81
PvWBCH1.6KG016800.1.v1.1	BP	0046835	carbohydrate phosphorylation	7.17728070542	0.693697295882	2	81
PvWBCH1.6KG016800.1.v1.1	MF	0004340	glucokinase activity	0.123144139657	0.355653437785	9	1
PvWBCH1.6KG016800.1.v1.1	MF	0005524	ATP binding	0.095686699046	0.349615103289	10	3
PvWBCH1.6KG016800.1.v1.1	BP	0019252	starch biosynthetic process	0.411286175082	0.397819079037	12	3
PvWBCH1.6KG019300.1.v1.1	MF	0003885	D-arabinono-1,4-lactone oxidase activity	12.9912393089	0.828049613546	1	100
PvWBCH1.6KG019300.1.v1.1	BP	0019853	L-ascorbic acid biosynthetic process	12.5370717153	0.818820204287	1	100
PvWBCH1.6KG019300.1.v1.1	CC	0016020	membrane	0.921543070441	0.444087694636	1	100
PvWBCH1.6KG019300.1.v1.1	MF	0050105	L-gulonolactone oxidase activity	11.8582521106	0.804708003514	3	71
PvWBCH1.6KG019300.1.v1.1	MF	0071949	FAD binding	7.71941124827	0.708121189483	4	100
PvWBCH1.6KG019300.1.v1.1	MF	0003723	RNA binding	0.0367417898424	0.332532150922	17	1
PvWBCH1.6KG052700.1.v1.1	MF	0000062	fatty-acyl-CoA binding	11.4612030509	0.796265867784	1	62
PvWBCH1.6KG052700.1.v1.1	BP	0006631	fatty acid metabolic process	5.29105107179	0.638693175662	1	48
PvWBCH1.6KG052700.1.v1.1	CC	0005737	cytoplasm	0.159521017367	0.362692999491	1	11
PvWBCH1.6KG052700.1.v1.1	CC	0016020	membrane	0.0772395929903	0.345054001395	5	9
PvWBCH1.6KG052700.1.v1.1	CC	0043231	intracellular membrane-bounded organelle	0.0236891923708	0.327048158544	6	1
PvWBCH1.6KG070500.2.v1.1	MF	0004462	lactoylglutathione lyase activity	11.2241363704	0.79115546154	1	92
PvWBCH1.6KG070500.2.v1.1	BP	0019243	methylglyoxal catabolic process to D-lactate via S-lactoyl-glutathione	8.74646867651	0.734120713247	1	75
PvWBCH1.6KG070500.2.v1.1	CC	0005737	cytoplasm	1.18765243221	0.462938186713	1	75
PvWBCH1.6KG070500.2.v1.1	MF	0046872	metal ion binding	2.34951805588	0.527264559517	4	92
PvWBCH1.6KG070500.2.v1.1	MF	0019863	IgE binding	0.168286020687	0.364264930165	10	1
PvWBCH1.6KG070500.2.v1.1	MF	0008017	microtubule binding	0.0260653896738	0.328142219458	15	1
PvWBCH1.6KG070500.2.v1.1	BP	0009628	response to abiotic stimulus	0.15495779617	0.361857514073	20	2
PvWBCH1.6KG070500.2.v1.1	BP	0006950	response to stress	0.138780943773	0.358791812586	21	3
PvWBCH1.6KG070500.2.v1.1	BP	0009620	response to fungus	0.129816241561	0.357015590539	25	1
PvWBCH1.6KG070500.2.v1.1	BP	0001101	response to acid chemical	0.10546923224	0.351855191041	28	1
PvWBCH1.6KG070500.2.v1.1	BP	1901700	response to oxygen-containing compound	0.080064639038	0.345785350034	31	1
PvWBCH1.6KG070600.1.v1.1	MF	0004462	lactoylglutathione lyase activity	11.830110104	0.804114341531	1	100
PvWBCH1.6KG070600.1.v1.1	BP	0019243	methylglyoxal catabolic process to D-lactate via S-lactoyl-glutathione	9.57454037657	0.753988791025	1	85
PvWBCH1.6KG070600.1.v1.1	CC	0005737	cytoplasm	1.3000933961	0.470259418559	1	85
PvWBCH1.6KG070600.1.v1.1	MF	0046872	metal ion binding	2.47636489572	0.533193545097	4	100
PvWBCH1.6KG070600.1.v1.1	MF	0019863	IgE binding	0.160413148278	0.362854938068	10	1
PvWBCH1.6KG070600.1.v1.1	BP	0009628	response to abiotic stimulus	0.148084590628	0.360575516531	20	2
PvWBCH1.6KG070600.1.v1.1	BP	0006950	response to stress	0.132220346289	0.357497792091	21	3
PvWBCH1.6KG070600.1.v1.1	BP	0009620	response to fungus	0.122981208133	0.355619718482	25	1
PvWBCH1.6KG070600.1.v1.1	BP	0001101	response to acid chemical	0.101049447582	0.350856576404	28	1
PvWBCH1.6KG070600.1.v1.1	BP	1901700	response to oxygen-containing compound	0.0767094570977	0.344915277599	31	1
PvWBCH1.6KG114300.1.v1.1	MF	0008270	zinc ion binding	5.07324733173	0.631746596718	1	7
PvWBCH1.6KG114300.1.v1.1	MF	0003676	nucleic acid binding	2.16516392494	0.5183544819	5	7
PvWBCH1.6KG115500.1.v1.1	MF	0003979	UDP-glucose 6-dehydrogenase activity	11.5355935074	0.797858574233	1	100
PvWBCH1.6KG115500.1.v1.1	BP	0006065	UDP-glucuronate biosynthetic process	8.51424694535	0.728381730688	1	76
PvWBCH1.6KG115500.1.v1.1	CC	0005634	nucleus	3.2511568622	0.566509606722	1	93
PvWBCH1.6KG115500.1.v1.1	MF	0051287	NAD binding	6.76076446789	0.682241345692	2	100
PvWBCH1.6KG115500.1.v1.1	BP	0006024	glycosaminoglycan biosynthetic process	6.4067881316	0.672224924937	3	93
PvWBCH1.6KG115500.1.v1.1	CC	1990904	ribonucleoprotein complex	0.0417079692898	0.334353512184	7	1
PvWBCH1.6KG115500.1.v1.1	CC	0005840	ribosome	0.0312569386031	0.330370825597	8	1
PvWBCH1.6KG115500.1.v1.1	MF	0003735	structural constituent of ribosome	0.0356666402503	0.332121911003	15	1
PvWBCH1.6KG115500.1.v1.1	BP	0005976	polysaccharide metabolic process	0.327098191662	0.387743508228	33	5
PvWBCH1.6KG115500.1.v1.1	BP	0016051	carbohydrate biosynthetic process	0.256983154374	0.378306970614	35	4
PvWBCH1.6KG115500.1.v1.1	BP	0009664	plant-type cell wall organization	0.145617077033	0.360108037863	38	1
PvWBCH1.6KG115500.1.v1.1	BP	0006412	translation	0.0307664100105	0.330168597388	47	1
PvWBCH1.6KG127700.1.v1.1	MF	0106290	trans-cinnamate-CoA ligase activity	15.0973238503	0.851404566917	1	100
PvWBCH1.6KG127700.1.v1.1	BP	0009698	phenylpropanoid metabolic process	11.1457420985	0.789453676099	1	100
PvWBCH1.6KG127700.1.v1.1	CC	0005737	cytoplasm	0.0149440703695	0.322450110799	1	1
PvWBCH1.6KG127700.1.v1.1	MF	0016207	4-coumarate-CoA ligase activity	14.4408252012	0.847482984796	2	100
PvWBCH1.6KG127700.1.v1.1	BP	0010044	response to aluminum ion	3.22707296181	0.565538088355	3	21
PvWBCH1.6KG127700.1.v1.1	BP	0044550	secondary metabolite biosynthetic process	1.69053777141	0.493490030076	8	21
PvWBCH1.6KG127700.1.v1.1	MF	0106286	(E)-caffeate-CoA ligase activity	0.464702238449	0.40368149262	8	2
PvWBCH1.6KG127700.1.v1.1	MF	0050563	trans-feruloyl-CoA synthase activity	0.395987546711	0.396070790118	9	2
PvWBCH1.6KG127700.1.v1.1	MF	0005524	ATP binding	0.060929330328	0.340540975272	10	2
PvWBCH1.6KG127700.1.v1.1	BP	0009987	cellular process	0.410475917668	0.397727308847	12	100
PvWBCH1.6KG132700.2.v1.1	MF	0046527	glucosyltransferase activity	9.58041406264	0.754126582324	1	91
PvWBCH1.6KG132700.2.v1.1	MF	0008194	UDP-glycosyltransferase activity	8.22808857204	0.721201045002	3	100
PvWBCH1.6KG132700.2.v1.1	MF	0003676	nucleic acid binding	0.00435209976719	0.314278908783	10	1
PvWBCH1.6KG147500.1.v1.1	MF	0003885	D-arabinono-1,4-lactone oxidase activity	12.9912229928	0.828049284901	1	100
PvWBCH1.6KG147500.1.v1.1	BP	0019853	L-ascorbic acid biosynthetic process	12.5370559696	0.818819881438	1	100
PvWBCH1.6KG147500.1.v1.1	CC	0016020	membrane	0.921541913048	0.444087607105	1	100
PvWBCH1.6KG147500.1.v1.1	MF	0050105	L-gulonolactone oxidase activity	10.7100206869	0.779883958634	3	64
PvWBCH1.6KG147500.1.v1.1	MF	0071949	FAD binding	7.71940155323	0.708120936148	4	100
PvWBCH1.6KG147500.1.v1.1	MF	0003723	RNA binding	0.0341917449335	0.331548946462	17	1
PvWBCH1.6KG173800.1.v1.1	MF	0004617	phosphoglycerate dehydrogenase activity	12.0194307201	0.808094615237	1	100
PvWBCH1.6KG173800.1.v1.1	BP	0006564	L-serine biosynthetic process	10.2667846244	0.769947279312	1	100
PvWBCH1.6KG173800.1.v1.1	CC	0009570	chloroplast stroma	8.13619296931	0.718868663493	1	78
PvWBCH1.6KG173800.1.v1.1	MF	0051287	NAD binding	6.7608464432	0.682243634559	2	100
PvWBCH1.6KG200500.1.v1.1	CC	0010008	endosome membrane	8.42724605559	0.726211524967	1	100
PvWBCH1.6KG200500.1.v1.1	BP	0072657	protein localization to membrane	6.64779169645	0.679073687975	1	91
PvWBCH1.6KG200500.1.v1.1	MF	0003924	GTPase activity	0.0723171776016	0.343746971048	1	1
PvWBCH1.6KG200500.1.v1.1	CC	0000139	Golgi membrane	7.85325748128	0.711603602353	2	100
PvWBCH1.6KG200500.1.v1.1	MF	0005525	GTP binding	0.0653114133919	0.341807453982	2	1
PvWBCH1.6KG200500.1.v1.1	BP	0009558	embryo sac cellularization	0.216965437764	0.372333505033	9	1
PvWBCH1.6KG200500.1.v1.1	BP	0009960	endosperm development	0.178286599266	0.366009244848	10	1
PvWBCH1.6KG200500.1.v1.1	BP	0009793	embryo development ending in seed dormancy	0.146867023247	0.360345335167	15	1
PvWBCH1.6KG246800.1.v1.1	CC	0010008	endosome membrane	8.42724544223	0.726211509627	1	100
PvWBCH1.6KG246800.1.v1.1	BP	0072657	protein localization to membrane	5.87030592192	0.656500930306	1	80
PvWBCH1.6KG246800.1.v1.1	CC	0000139	Golgi membrane	7.85325690971	0.711603587546	2	100
PvWBCH1.6KG252500.1.v1.1	MF	0046554	L-malate dehydrogenase (NADP+) activity	17.9518214327	0.867538786959	1	100
PvWBCH1.6KG252500.1.v1.1	BP	0006108	malate metabolic process	10.605885577	0.777568173867	1	100
PvWBCH1.6KG252500.1.v1.1	CC	0009507	chloroplast	5.93579588505	0.658457857971	1	99
PvWBCH1.6KG252500.1.v1.1	MF	0030060	L-malate dehydrogenase (NAD+) activity	2.58755291411	0.538266867493	6	23
PvWBCH1.6KG252500.1.v1.1	BP	0006099	tricarboxylic acid cycle	1.76695458209	0.497709777297	7	24
PvWBCH1.6KG252500.1.v1.1	BP	0006107	oxaloacetate metabolic process	1.48399684817	0.481581782301	8	13
PvWBCH1.6KG252500.1.v1.1	BP	0006734	NADH metabolic process	1.33028293458	0.472170619277	9	13
PvWBCH1.6KG252500.1.v1.1	CC	0009532	plastid stroma	0.193639765328	0.368594560942	10	2
PvWBCH1.6KG252500.1.v1.1	BP	0051775	response to redox state	0.239705377462	0.375789507392	29	2
PvWBCH1.6NG020100.1.v1.1	MF	0005509	calcium ion binding	6.91759824375	0.686595274227	1	4
PvWBCH1.6NG020100.1.v1.1	CC	0016460	myosin II complex	5.77407747093	0.653605583622	1	2
PvWBCH1.6NG020100.1.v1.1	MF	0030234	enzyme regulator activity	1.60865625095	0.488861244797	5	1
PvWBCH1.6NG020100.1.v1.1	CC	0005737	cytoplasm	0.385190373002	0.394816502604	11	1
PvWBCH1.6NG042500.1.v1.1	BP	0090158	endoplasmic reticulum membrane organization	12.0124576493	0.807948571899	1	51
PvWBCH1.6NG042500.1.v1.1	CC	0005789	endoplasmic reticulum membrane	6.69129686422	0.680296697856	1	56
PvWBCH1.6NG042500.1.v1.1	MF	0043495	protein-membrane adaptor activity	1.32149967599	0.471616837164	1	5
PvWBCH1.6NG042500.1.v1.1	BP	0061817	endoplasmic reticulum-plasma membrane tethering	11.5543954518	0.798260311903	2	51
PvWBCH1.6NG042500.1.v1.1	CC	0005886	plasma membrane	2.29360518882	0.524600363665	10	51
PvWBCH1.6NG050800.1.v1.1	MF	0000062	fatty-acyl-CoA binding	11.4615817391	0.796273988601	1	74
PvWBCH1.6NG050800.1.v1.1	BP	0006631	fatty acid metabolic process	5.50683860021	0.645435819194	1	60
PvWBCH1.6NG050800.1.v1.1	CC	0005737	cytoplasm	0.0736537709897	0.344106159416	1	7
PvWBCH1.6NG050800.1.v1.1	CC	0016020	membrane	0.0312313146406	0.330360301164	5	5
PvWBCH1.6NG050800.1.v1.1	CC	0043231	intracellular membrane-bounded organelle	0.0160404555879	0.323089713613	6	1
PvWBCH1.6NG093300.1.v1.1	MF	0003924	GTPase activity	6.63033985892	0.678581960596	1	100
PvWBCH1.6NG093300.1.v1.1	BP	0006886	intracellular protein transport	0.959192218555	0.446906497431	1	14
PvWBCH1.6NG093300.1.v1.1	CC	0005794	Golgi apparatus	0.909013314452	0.443136859503	1	14
PvWBCH1.6NG093300.1.v1.1	MF	0005525	GTP binding	5.98802223505	0.660010726411	2	100
PvWBCH1.6NG093300.1.v1.1	BP	0016192	vesicle-mediated transport	0.84974549842	0.4385477431	2	14
PvWBCH1.6NG099100.1.v1.1	CC	0010008	endosome membrane	8.42724433229	0.726211481869	1	100
PvWBCH1.6NG099100.1.v1.1	BP	0072657	protein localization to membrane	6.60797239513	0.677950782083	1	90
PvWBCH1.6NG099100.1.v1.1	CC	0000139	Golgi membrane	7.85325587536	0.711603560749	2	100
PvWBCH1.6NG111100.2.v1.1	MF	0106290	trans-cinnamate-CoA ligase activity	15.0973236457	0.851404565708	1	100
PvWBCH1.6NG111100.2.v1.1	BP	0009698	phenylpropanoid metabolic process	11.1457419474	0.789453672815	1	100
PvWBCH1.6NG111100.2.v1.1	CC	0005737	cytoplasm	0.015097121466	0.322540773967	1	1
PvWBCH1.6NG111100.2.v1.1	MF	0016207	4-coumarate-CoA ligase activity	14.4408250055	0.847482983614	2	100
PvWBCH1.6NG111100.2.v1.1	BP	0010044	response to aluminum ion	3.24521580085	0.566270286038	3	21
PvWBCH1.6NG111100.2.v1.1	BP	0044550	secondary metabolite biosynthetic process	1.70004209779	0.494019981907	8	21
PvWBCH1.6NG111100.2.v1.1	MF	0106286	(E)-caffeate-CoA ligase activity	0.468008885717	0.404033026018	8	2
PvWBCH1.6NG111100.2.v1.1	MF	0050563	trans-feruloyl-CoA synthase activity	0.39880524594	0.396395294058	9	2
PvWBCH1.6NG111100.2.v1.1	MF	0005524	ATP binding	0.0613628806468	0.340668264723	10	2
PvWBCH1.6NG111100.2.v1.1	BP	0009987	cellular process	0.410475912105	0.397727308216	12	100
PvWBCH1.6NG115600.1.v1.1	MF	0046527	glucosyltransferase activity	9.58912141946	0.754330771246	1	92
PvWBCH1.6NG115600.1.v1.1	MF	0008194	UDP-glycosyltransferase activity	8.2280858894	0.721200977105	3	100
PvWBCH1.6NG115600.1.v1.1	MF	0003676	nucleic acid binding	0.00442439262926	0.314358138888	10	1
PvWBCH1.6NG158300.1.v1.1	CC	0016020	membrane	0.919987869704	0.443970029283	1	2
PvWBCH1.6NG158500.1.v1.1	MF	0016629	12-oxophytodienoate reductase activity	17.3348642514	0.864167012774	1	89
PvWBCH1.6NG158500.1.v1.1	BP	0009695	jasmonic acid biosynthetic process	15.0382530383	0.851055245117	1	89
PvWBCH1.6NG158500.1.v1.1	CC	0005777	peroxisome	8.20990197382	0.720740492873	1	89
PvWBCH1.6NG158500.1.v1.1	BP	0031408	oxylipin biosynthetic process	13.6725474982	0.841597444403	2	91
PvWBCH1.6NG158500.1.v1.1	MF	0010181	FMN binding	7.78318855393	0.709784282107	3	91
PvWBCH1.6NG158500.1.v1.1	CC	0016020	membrane	0.00854196123425	0.318119780564	10	1
PvWBCH1.6NG158500.1.v1.1	BP	0010193	response to ozone	0.612233583507	0.418312257835	23	3
PvWBCH1.6NG158500.1.v1.1	BP	0048466	androecium development	0.513714272312	0.408770449945	24	3
PvWBCH1.6NG158500.1.v1.1	BP	0048437	floral organ development	0.474708582323	0.40474149154	27	3
PvWBCH1.6NG158500.1.v1.1	BP	0048827	phyllome development	0.430689331835	0.399990295469	30	3
PvWBCH1.6NG158500.1.v1.1	BP	0009620	response to fungus	0.385455796764	0.394847545621	32	3
PvWBCH1.6NG228400.1.v1.1	MF	0016651	oxidoreductase activity, acting on NAD(P)H	6.22144778628	0.666869894575	1	93
PvWBCH1.6NG228400.1.v1.1	CC	0005782	peroxisomal matrix	2.16862908411	0.518525381388	1	18
PvWBCH1.6NG228400.1.v1.1	BP	0098869	cellular oxidant detoxification	1.09733587525	0.456802518557	1	16
PvWBCH1.6NG228400.1.v1.1	MF	0003729	mRNA binding	0.792562010615	0.433965682114	5	18
PvWBCH1.6NG228400.1.v1.1	MF	0000166	nucleotide binding	0.024715807376	0.327527272188	11	1
PvWBCH1.7KG055700.1.v1.1	MF	0004033	aldo-keto reductase (NADPH) activity	10.901500895	0.784112952922	1	39
PvWBCH1.7KG055700.1.v1.1	CC	0005737	cytoplasm	1.53835351015	0.4847921114	1	39
PvWBCH1.7KG056200.1.v1.1	MF	0004033	aldo-keto reductase (NADPH) activity	10.9018064765	0.784119672122	1	100
PvWBCH1.7KG056200.1.v1.1	CC	0005737	cytoplasm	1.53839663195	0.484794635476	1	100
PvWBCH1.7KG090500.2.v1.1	CC	0009501	amyloplast	14.3731872953	0.847073930576	1	100
PvWBCH1.7KG090500.2.v1.1	BP	0005982	starch metabolic process	12.6597597496	0.821329675098	1	99
PvWBCH1.7KG090500.2.v1.1	MF	0003844	1,4-alpha-glucan branching enzyme activity	11.3046503006	0.792897085687	1	96
PvWBCH1.7KG090500.2.v1.1	BP	0009250	glucan biosynthetic process	8.80488127408	0.735552253211	3	97
PvWBCH1.7KG090500.2.v1.1	MF	0004553	hydrolase activity, hydrolyzing O-glycosyl compounds	6.28429492312	0.668694562097	3	100
PvWBCH1.7KG090500.2.v1.1	MF	0043169	cation binding	2.45861034339	0.532372967684	6	100
PvWBCH1.7KG090500.2.v1.1	BP	0005977	glycogen metabolic process	7.59497696431	0.704856473317	7	81
PvWBCH1.7KG090500.2.v1.1	CC	0016020	membrane	0.00844867901021	0.318046304264	10	1
PvWBCH1.7KG090500.2.v1.1	BP	0009251	glucan catabolic process	4.87018002765	0.625134393176	12	54
PvWBCH1.7KG104200.1.v1.1	MF	0016688	L-ascorbate peroxidase activity	10.0041334066	0.763957601763	1	63
PvWBCH1.7KG104200.1.v1.1	BP	0042744	hydrogen peroxide catabolic process	9.62117477989	0.7550816301	1	100
PvWBCH1.7KG104200.1.v1.1	CC	0016020	membrane	0.351895917443	0.390833824386	1	40
PvWBCH1.7KG104200.1.v1.1	CC	0005576	extracellular region	0.160608975399	0.362890424064	2	3
PvWBCH1.7KG104200.1.v1.1	CC	0009507	chloroplast	0.116758781612	0.354314816971	3	2
PvWBCH1.7KG104200.1.v1.1	BP	0034599	cellular response to oxidative stress	8.60815502419	0.73071182695	4	100
PvWBCH1.7KG104200.1.v1.1	MF	0020037	heme binding	5.44553802443	0.643534024252	5	100
PvWBCH1.7KG104200.1.v1.1	CC	0009532	plastid stroma	0.10320031771	0.351345218686	6	1
PvWBCH1.7KG104200.1.v1.1	BP	0000302	response to reactive oxygen species	7.24616463559	0.695559538529	7	81
PvWBCH1.7KG104200.1.v1.1	BP	0098869	cellular oxidant detoxification	6.99555260141	0.688741033378	8	100
PvWBCH1.7KG104200.1.v1.1	MF	0046872	metal ion binding	2.4524324416	0.532086743817	8	99
PvWBCH1.7KG104200.1.v1.1	CC	0031976	plastid thylakoid	0.0716208314534	0.343558523574	10	1
PvWBCH1.7KG104200.1.v1.1	CC	0009526	plastid envelope	0.0701485965142	0.343157062632	12	1
PvWBCH1.7KG104200.1.v1.1	MF	0140825	lactoperoxidase activity	0.240777406883	0.375948296123	15	2
PvWBCH1.7KG104200.1.v1.1	BP	0006952	defense response	0.0665518561319	0.342158182616	23	1
PvWBCH1.7KG117800.1.v1.1	MF	0016616	oxidoreductase activity, acting on the CH-OH group of donors, NAD or NADP as acceptor	5.51886563875	0.645807702957	1	89
PvWBCH1.7KG117800.1.v1.1	CC	0005829	cytosol	0.592362754174	0.416453333913	1	16
PvWBCH1.7KG117800.1.v1.1	BP	0034224	cellular response to zinc ion starvation	0.150441975876	0.361018506684	1	1
PvWBCH1.7KG117800.1.v1.1	BP	1990641	response to iron ion starvation	0.1352659267	0.358102405782	3	1
PvWBCH1.7KG117800.1.v1.1	BP	0019290	siderophore biosynthetic process	0.0866248303863	0.347435404105	4	1
PvWBCH1.7KG117800.1.v1.1	CC	0016020	membrane	0.00749637711029	0.317271651382	4	1
PvWBCH1.7KG131500.1.v1.1	MF	0010427	abscisic acid binding	11.075164738	0.787916453752	1	31
PvWBCH1.7KG131500.1.v1.1	BP	0009738	abscisic acid-activated signaling pathway	10.1172077586	0.766545748993	1	31
PvWBCH1.7KG131500.1.v1.1	CC	0005634	nucleus	3.35998423267	0.570855371873	1	38
PvWBCH1.7KG131500.1.v1.1	MF	0004864	protein phosphatase inhibitor activity	9.17574706913	0.744532516406	4	31
PvWBCH1.7KG131500.1.v1.1	BP	0006952	defense response	6.93857596157	0.687173887397	10	40
PvWBCH1.7KG131500.1.v1.1	MF	0038023	signaling receptor activity	5.15699542906	0.634434955549	15	31
PvWBCH1.7KG134800.1.v1.1	MF	0003872	6-phosphofructokinase activity	11.0490256155	0.787345883659	1	7
PvWBCH1.7KG134800.1.v1.1	BP	0061615	glycolytic process through fructose-6-phosphate	10.6887961426	0.779412878093	1	7
PvWBCH1.7KG134800.1.v1.1	CC	0005737	cytoplasm	0.923086490466	0.444204370548	1	4
PvWBCH1.7KG134800.1.v1.1	BP	0006002	fructose 6-phosphate metabolic process	9.44459705145	0.750929556865	2	6
PvWBCH1.7KG134800.1.v1.1	MF	0046872	metal ion binding	2.47586686507	0.533170567362	7	7
PvWBCH1.7KG134800.1.v1.1	MF	0005524	ATP binding	1.83119400592	0.501186988054	10	4
PvWBCH1.7KG160800.2.v1.1	MF	0016747	acyltransferase activity, transferring groups other than amino-acyl groups	5.63102764555	0.649256499129	1	15
PvWBCH1.7KG160800.2.v1.1	BP	0009836	fruit ripening, climacteric	2.63470921165	0.540385552586	1	3
PvWBCH1.7KG160800.2.v1.1	BP	0009820	alkaloid metabolic process	0.84433058003	0.438120595831	15	1
PvWBCH1.7KG160800.2.v1.1	BP	0009987	cellular process	0.025991547451	0.328108990465	17	1
PvWBCH1.7KG173500.1.v1.1	BP	0009800	cinnamic acid biosynthetic process	13.1934631527	0.832107159021	1	85
PvWBCH1.7KG173500.1.v1.1	MF	0045548	phenylalanine ammonia-lyase activity	11.7152427933	0.801683835171	1	75
PvWBCH1.7KG173500.1.v1.1	CC	0005737	cytoplasm	1.53840956426	0.484795392444	1	100
PvWBCH1.7KG173500.1.v1.1	BP	0006559	L-phenylalanine catabolic process	10.5261129516	0.775786468075	5	100
PvWBCH1.7KG173500.1.v1.1	MF	0052883	tyrosine ammonia-lyase activity	0.211459103618	0.371469759172	6	1
PvWBCH1.7KG173500.1.v1.1	BP	0016598	protein arginylation	0.23207840714	0.374649398431	42	1
PvWBCH1.7KG173500.1.v1.1	BP	0046898	response to cycloheximide	0.190264409326	0.368035236262	43	1
PvWBCH1.7KG173500.1.v1.1	BP	0009739	response to gibberellin	0.128851441684	0.356820822126	44	1
PvWBCH1.7KG202400.1.v1.1	MF	0015267	channel activity	6.15430050384	0.664910166006	1	100
PvWBCH1.7KG202400.1.v1.1	BP	0055085	transmembrane transport	2.72913540315	0.544571780062	1	100
PvWBCH1.7KG202400.1.v1.1	CC	0016020	membrane	0.921536764527	0.444087217735	1	100
PvWBCH1.7KG202400.1.v1.1	CC	0071944	cell periphery	0.247284854176	0.376904684557	3	10
PvWBCH1.7KG202400.1.v1.1	CC	0005829	cytosol	0.110482388969	0.352962870055	4	3
PvWBCH1.7KG202400.1.v1.1	BP	0009414	response to water deprivation	1.31707200355	0.47133697589	5	10
PvWBCH1.7KG202400.1.v1.1	CC	0005783	endoplasmic reticulum	0.0623788338723	0.340964796286	5	1
PvWBCH1.7KG202400.1.v1.1	MF	0005372	water transmembrane transporter activity	1.23277222759	0.465915961322	6	10
PvWBCH1.7KG202400.1.v1.1	CC	0032991	protein-containing complex	0.0546806085028	0.338653401248	6	2
PvWBCH1.7KG202400.1.v1.1	BP	0006833	water transport	1.19456563198	0.463398062375	7	10
PvWBCH1.7KG202400.1.v1.1	MF	0005515	protein binding	0.0925320826251	0.348868513664	8	2
PvWBCH1.7KG202400.1.v1.1	BP	0051290	protein heterotetramerization	0.352755063509	0.390938907195	15	2
PvWBCH1.7KG202400.1.v1.1	BP	0051289	protein homotetramerization	0.273928598338	0.380695049812	18	2
PvWBCH1.7KG203600.1.v1.1	MF	0008194	UDP-glycosyltransferase activity	8.22809514312	0.721201211314	1	93
PvWBCH1.7KG203600.1.v1.1	MF	0046527	glucosyltransferase activity	0.0933114524575	0.349054132667	6	5
PvWBCH1.7KG230700.1.v1.1	BP	0016554	cytidine to uridine editing	14.1059465243	0.845448245559	1	52
PvWBCH1.7KG230700.1.v1.1	CC	0005739	mitochondrion	4.18462467765	0.601726277396	1	47
PvWBCH1.7KG230700.1.v1.1	BP	0080156	mitochondrial mRNA modification	14.0035909563	0.844821519666	2	47
PvWBCH1.7KG230700.1.v1.1	CC	0016020	membrane	0.0323471791904	0.330814686917	8	2
PvWBCH1.7KG230700.1.v1.1	BP	0006397	mRNA processing	1.00952832414	0.450590116317	14	9
PvWBCH1.7KG240100.1.v1.1	MF	0003977	UDP-N-acetylglucosamine diphosphorylase activity	10.4355122266	0.773754710769	1	87
PvWBCH1.7KG240100.1.v1.1	BP	0006048	UDP-N-acetylglucosamine biosynthetic process	9.36725621444	0.749098737014	1	87
PvWBCH1.7KG277200.1.v1.1	MF	0005516	calmodulin binding	9.5019745424	0.752282963657	1	1
PvWBCH1.7KG292600.1.v1.1	MF	0004615	phosphomannomutase activity	12.1611827392	0.811054324696	1	100
PvWBCH1.7KG292600.1.v1.1	BP	0009298	GDP-mannose biosynthetic process	11.16757757	0.789928280927	1	100
PvWBCH1.7KG292600.1.v1.1	CC	0005829	cytosol	3.15012411994	0.562409512486	1	87
PvWBCH1.7KG292600.1.v1.1	BP	0006013	mannose metabolic process	9.97565832172	0.763303536209	3	87
PvWBCH1.7KG292600.1.v1.1	BP	0006487	protein N-linked glycosylation	8.21296083289	0.720817990188	5	87
PvWBCH1.7KG292600.1.v1.1	MF	0046872	metal ion binding	2.47636213847	0.533193417892	5	100
PvWBCH1.7KG292600.1.v1.1	MF	0004298	threonine-type endopeptidase activity	0.11865853396	0.354716823348	11	1
PvWBCH1.7KG293000.1.v1.1	CC	0009941	chloroplast envelope	9.28344830623	0.747106274795	1	53
PvWBCH1.7KG293000.1.v1.1	MF	0015297	antiporter activity	7.77091717338	0.709464817645	1	59
PvWBCH1.7KG293000.1.v1.1	BP	0006813	potassium ion transport	6.22613812823	0.667006388576	1	47
PvWBCH1.7KG293000.1.v1.1	BP	1902600	proton transmembrane transport	4.76663126373	0.621709585972	2	59
PvWBCH1.7KG293000.1.v1.1	MF	0008324	monoatomic cation transmembrane transporter activity	4.28872091438	0.60539797902	4	53
PvWBCH1.7KG293000.1.v1.1	CC	0016020	membrane	0.921539771473	0.444087445143	12	59
PvWBCH1.7KG293000.1.v1.1	CC	0005849	mRNA cleavage factor complex	0.203958592971	0.370274897438	13	1
PvWBCH1.7KG293000.1.v1.1	MF	0022853	active monoatomic ion transmembrane transporter activity	1.66019129155	0.491787892199	15	18
PvWBCH1.7KG293000.1.v1.1	MF	0022890	inorganic cation transmembrane transporter activity	1.51862279269	0.483633465521	16	18
PvWBCH1.7KG293000.1.v1.1	BP	0031124	mRNA 3'-end processing	0.200927724986	0.369785845335	16	1
PvWBCH1.7KG293000.1.v1.1	MF	0003676	nucleic acid binding	0.0851697850374	0.347074968846	18	2
PvWBCH1.7KG298400.1.v1.1	BP	0042744	hydrogen peroxide catabolic process	9.62099997661	0.755077538679	1	100
PvWBCH1.7KG298400.1.v1.1	MF	0140825	lactoperoxidase activity	8.72239406197	0.73352931675	1	68
PvWBCH1.7KG298400.1.v1.1	CC	0005576	extracellular region	5.05483655236	0.63115263244	1	91
PvWBCH1.7KG298400.1.v1.1	CC	0009505	plant-type cell wall	2.1829039874	0.519227975058	2	17
PvWBCH1.7KG298400.1.v1.1	BP	0006979	response to oxidative stress	7.33285007109	0.697890502635	4	100
PvWBCH1.7KG298400.1.v1.1	BP	0098869	cellular oxidant detoxification	6.99542550201	0.688737544618	5	100
PvWBCH1.7KG298400.1.v1.1	MF	0020037	heme binding	5.44543908662	0.643530946168	5	100
PvWBCH1.7KG298400.1.v1.1	CC	0016020	membrane	0.00591687324575	0.315868960351	7	1
PvWBCH1.7KG298400.1.v1.1	MF	0046872	metal ion binding	2.47632619096	0.533191759451	8	100
PvWBCH1.7NG050900.1.v1.1	MF	0004802	transketolase activity	11.5693386861	0.79857936816	1	100
PvWBCH1.7NG050900.1.v1.1	BP	0006098	pentose-phosphate shunt	7.90681100739	0.712988639006	1	90
PvWBCH1.7NG050900.1.v1.1	CC	0005829	cytosol	3.25243015346	0.56656086959	1	90
PvWBCH1.7NG050900.1.v1.1	MF	0046872	metal ion binding	2.30090383921	0.524949966353	4	93
PvWBCH1.7NG050900.1.v1.1	MF	0140664	ATP-dependent DNA damage sensor activity	0.0875888609592	0.347672543085	10	1
PvWBCH1.7NG050900.1.v1.1	MF	0003677	DNA binding	0.0306057834487	0.330102026625	18	1
PvWBCH1.7NG050900.1.v1.1	MF	0005524	ATP binding	0.0291314110011	0.329482629065	19	1
PvWBCH1.7NG050900.1.v1.1	BP	0006281	DNA repair	0.0499152683494	0.337140184944	23	1
PvWBCH1.7NG099500.1.v1.1	CC	0009501	amyloplast	14.3731873042	0.84707393063	1	100
PvWBCH1.7NG099500.1.v1.1	BP	0005982	starch metabolic process	12.6705594896	0.821549990366	1	99
PvWBCH1.7NG099500.1.v1.1	MF	0003844	1,4-alpha-glucan branching enzyme activity	11.2790311092	0.792343582994	1	96
PvWBCH1.7NG099500.1.v1.1	BP	0009250	glucan biosynthetic process	8.81150519317	0.735714287986	3	97
PvWBCH1.7NG099500.1.v1.1	MF	0004553	hydrolase activity, hydrolyzing O-glycosyl compounds	6.28429492701	0.668694562209	3	100
PvWBCH1.7NG099500.1.v1.1	MF	0043169	cation binding	2.45861034491	0.532372967754	6	100
PvWBCH1.7NG099500.1.v1.1	BP	0005977	glycogen metabolic process	7.60165057815	0.705032241026	7	82
PvWBCH1.7NG099500.1.v1.1	CC	0016020	membrane	0.00937865908927	0.318761672899	10	1
PvWBCH1.7NG099500.1.v1.1	BP	0009251	glucan catabolic process	4.48267132033	0.612122085663	12	50
PvWBCH1.7NG110900.1.v1.1	MF	0004252	serine-type endopeptidase activity	6.89298523834	0.68591527186	1	60
PvWBCH1.7NG110900.1.v1.1	BP	0006508	proteolysis	4.32382765705	0.606626201988	1	61
PvWBCH1.7NG110900.1.v1.1	CC	0005576	extracellular region	0.060677868991	0.34046693919	1	1
PvWBCH1.7NG110900.1.v1.1	BP	0009987	cellular process	0.410474163652	0.397727110088	6	61
PvWBCH1.7NG127400.1.v1.1	MF	0016616	oxidoreductase activity, acting on the CH-OH group of donors, NAD or NADP as acceptor	5.60291606948	0.648395364545	1	91
PvWBCH1.7NG127400.1.v1.1	CC	0005829	cytosol	0.496229371947	0.406984034423	1	13
PvWBCH1.7NG127400.1.v1.1	BP	0034224	cellular response to zinc ion starvation	0.149646678127	0.360869448108	1	1
PvWBCH1.7NG127400.1.v1.1	BP	1990641	response to iron ion starvation	0.134550855748	0.357961065271	3	1
PvWBCH1.7NG127400.1.v1.1	BP	0019290	siderophore biosynthetic process	0.0861668961415	0.34732229602	4	1
PvWBCH1.7NG127400.1.v1.1	CC	0016020	membrane	0.00765327796597	0.317402533822	4	1
PvWBCH1.7NG141400.2.v1.1	MF	0010427	abscisic acid binding	10.8747990211	0.78352546168	1	31
PvWBCH1.7NG141400.2.v1.1	BP	0009738	abscisic acid-activated signaling pathway	9.93417286624	0.762348952698	1	31
PvWBCH1.7NG141400.2.v1.1	CC	0005634	nucleus	3.36135052886	0.570909480774	1	39
PvWBCH1.7NG141400.2.v1.1	MF	0004864	protein phosphatase inhibitor activity	9.00974455964	0.740535754546	4	31
PvWBCH1.7NG141400.2.v1.1	BP	0006952	defense response	6.9385863465	0.68717417362	9	41
PvWBCH1.7NG141400.2.v1.1	MF	0038023	signaling receptor activity	5.06369793773	0.631438651171	15	31
PvWBCH1.7NG142000.1.v1.1	MF	0047632	agmatine deiminase activity	13.8507529323	0.843881409223	1	100
PvWBCH1.7NG142000.1.v1.1	BP	0009446	putrescine biosynthetic process	10.7246463935	0.780208305816	1	100
PvWBCH1.7NG142000.1.v1.1	MF	0004668	protein-arginine deiminase activity	12.5490150158	0.819065031412	2	100
PvWBCH1.7NG142000.1.v1.1	BP	0009987	cellular process	0.41047380962	0.39772706997	11	100
PvWBCH1.7NG170500.1.v1.1	BP	0031110	regulation of microtubule polymerization or depolymerization	11.554518971	0.798262950035	1	24
PvWBCH1.7NG170500.1.v1.1	MF	0015631	tubulin binding	7.62744174992	0.70571079725	1	22
PvWBCH1.7NG170500.1.v1.1	CC	0005856	cytoskeleton	5.80797348132	0.65462818867	1	24
PvWBCH1.7NG170500.1.v1.1	BP	1902903	regulation of supramolecular fiber organization	9.4134923088	0.750194146859	4	24
PvWBCH1.7NG170500.1.v1.1	CC	0005737	cytoplasm	1.5383963405	0.484794618417	7	24
PvWBCH1.7NG170500.1.v1.1	CC	0099512	supramolecular fiber	1.21927491199	0.465030975611	10	4
PvWBCH1.7NG170500.1.v1.1	BP	0000226	microtubule cytoskeleton organization	1.36346635945	0.474246500391	11	4
PvWBCH1.7NG178200.1.v1.1	BP	0009800	cinnamic acid biosynthetic process	13.1956345898	0.832150558709	1	85
PvWBCH1.7NG178200.1.v1.1	MF	0045548	phenylalanine ammonia-lyase activity	11.718652833	0.801756160231	1	75
PvWBCH1.7NG178200.1.v1.1	CC	0005737	cytoplasm	1.53840965432	0.484795397716	1	100
PvWBCH1.7NG178200.1.v1.1	BP	0006559	L-phenylalanine catabolic process	10.5261135678	0.775786481864	5	100
PvWBCH1.7NG178200.1.v1.1	MF	0052883	tyrosine ammonia-lyase activity	0.210207056825	0.371271794232	6	1
PvWBCH1.7NG178200.1.v1.1	BP	0016598	protein arginylation	0.230704273701	0.374442006213	42	1
PvWBCH1.7NG178200.1.v1.1	BP	0046898	response to cycloheximide	0.189137856061	0.367847454302	43	1
PvWBCH1.7NG178200.1.v1.1	BP	0009739	response to gibberellin	0.128088513857	0.356666289662	44	1
PvWBCH1.7NG243500.1.v1.1	MF	0004015	adenosylmethionine-8-amino-7-oxononanoate transaminase activity	11.2879898443	0.792537207896	1	46
PvWBCH1.7NG243500.1.v1.1	BP	0009448	gamma-aminobutyric acid metabolic process	10.2006488031	0.768446360354	1	46
PvWBCH1.7NG243500.1.v1.1	CC	0005739	mitochondrion	0.575745699351	0.414874723096	1	6
PvWBCH1.7NG243500.1.v1.1	BP	0009102	biotin biosynthetic process	9.13683593038	0.743598937563	2	46
PvWBCH1.7NG243500.1.v1.1	MF	0030170	pyridoxal phosphate binding	6.53739334474	0.675952104887	4	51
PvWBCH1.7NG243500.1.v1.1	MF	0034387	4-aminobutyrate:pyruvate transaminase activity	2.62462423914	0.539934049021	7	6
PvWBCH1.7NG243500.1.v1.1	MF	0003992	N2-acetyl-L-ornithine:2-oxoglutarate 5-aminotransferase activity	0.485015108637	0.405821673918	16	2
PvWBCH1.7NG270400.1.v1.1	MF	0003958	NADPH-hemoprotein reductase activity	13.0981310817	0.830198260245	1	98
PvWBCH1.7NG270400.1.v1.1	CC	0005789	endoplasmic reticulum membrane	5.71799526837	0.651907031845	1	85
PvWBCH1.7NG270400.1.v1.1	MF	0010181	FMN binding	7.78326099254	0.709786167174	3	100
PvWBCH1.7NG270400.1.v1.1	MF	0050661	NADP binding	6.05051825743	0.661860073975	5	83
PvWBCH1.7NG270400.1.v1.1	MF	0050660	flavin adenine dinucleotide binding	5.9010632022	0.657421351118	6	96
PvWBCH1.7NG270400.1.v1.1	CC	0005829	cytosol	3.05843555882	0.558631327772	8	85
PvWBCH1.7NG274800.2.v1.1	BP	0033356	UDP-L-arabinose metabolic process	15.6651497049	0.854728217271	1	100
PvWBCH1.7NG274800.2.v1.1	MF	0052691	UDP-arabinopyranose mutase activity	14.3468350391	0.846914299383	1	89
PvWBCH1.7NG274800.2.v1.1	CC	0009506	plasmodesma	8.56097958548	0.729542882769	1	76
PvWBCH1.7NG274800.2.v1.1	BP	0071669	plant-type cell wall organization or biogenesis	8.96162716523	0.739370385453	2	77
PvWBCH1.7NG274800.2.v1.1	CC	0005794	Golgi apparatus	6.47761569771	0.674250850167	3	100
PvWBCH1.7NG274800.2.v1.1	BP	0071555	cell wall organization	6.56566722793	0.676754061654	5	100
PvWBCH1.7NG274800.2.v1.1	MF	0005515	protein binding	0.0522309661041	0.337884146028	5	1
PvWBCH1.7NG274800.2.v1.1	MF	0016740	transferase activity	0.0264670158109	0.328322132694	6	1
PvWBCH1.7NG274800.2.v1.1	BP	0042546	cell wall biogenesis	4.75662377787	0.621376632188	8	70
PvWBCH1.7NG274800.2.v1.1	CC	0005829	cytosol	3.61597731106	0.580808301737	8	100
PvWBCH1.7NG276800.1.v1.1	MF	0031267	small GTPase binding	9.65221652552	0.755807600353	1	12
PvWBCH1.7NG276800.1.v1.1	BP	0072356	chromosome passenger complex localization to kinetochore	1.76795587989	0.497764456941	1	1
PvWBCH1.7NG276800.1.v1.1	CC	0016020	membrane	0.92145497309	0.444081031908	1	12
PvWBCH1.7NG276800.1.v1.1	BP	0051987	positive regulation of attachment of spindle microtubules to kinetochore	1.3833399631	0.475477667672	2	1
PvWBCH1.7NG276800.1.v1.1	MF	0003677	DNA binding	0.540247890924	0.411424261039	6	2
PvWBCH1.7NG293600.1.v1.1	MF	0106290	trans-cinnamate-CoA ligase activity	10.664949053	0.778883031625	1	68
PvWBCH1.7NG293600.1.v1.1	BP	0009698	phenylpropanoid metabolic process	8.17819007625	0.719936208085	1	71
PvWBCH1.7NG293600.1.v1.1	CC	0005737	cytoplasm	0.281947151215	0.381799306527	1	17
PvWBCH1.7NG293600.1.v1.1	MF	0016207	4-coumarate-CoA ligase activity	10.3329758894	0.771444623959	2	69
PvWBCH1.7NG293600.1.v1.1	MF	0031956	medium-chain fatty acid-CoA ligase activity	8.84197605864	0.73645888517	3	81
PvWBCH1.7NG293600.1.v1.1	BP	0006631	fatty acid metabolic process	4.93945019937	0.627405169049	3	81
PvWBCH1.7NG293600.1.v1.1	BP	0010030	positive regulation of seed germination	3.30106098652	0.568511297751	6	17
PvWBCH1.7NG293600.1.v1.1	BP	0010214	seed coat development	3.0983837883	0.560284329222	7	17
PvWBCH1.7NG293600.1.v1.1	MF	0050203	oxalate-CoA ligase activity	3.96389965712	0.593786587422	10	17
PvWBCH1.7NG293600.1.v1.1	MF	0030170	pyridoxal phosphate binding	0.0600730090581	0.340288223514	13	1
PvWBCH1.7NG293600.1.v1.1	BP	0033611	oxalate catabolic process	2.71688443069	0.544032787406	14	17
PvWBCH1.7NG293600.1.v1.1	BP	0050832	defense response to fungus	2.12623039944	0.516424822731	20	17
PvWBCH1.7NG293600.1.v1.1	BP	0006520	amino acid metabolic process	0.0366285139913	0.332489214196	59	1
PvWBCH1.7NG298100.1.v1.1	BP	0042744	hydrogen peroxide catabolic process	9.62100294361	0.755077608125	1	100
PvWBCH1.7NG298100.1.v1.1	MF	0140825	lactoperoxidase activity	8.74581329759	0.734104624551	1	68
PvWBCH1.7NG298100.1.v1.1	CC	0005576	extracellular region	5.08072116871	0.631987408295	1	92
PvWBCH1.7NG298100.1.v1.1	CC	0009505	plant-type cell wall	2.193466979	0.519746395127	2	17
PvWBCH1.7NG298100.1.v1.1	BP	0006979	response to oxidative stress	7.33285233245	0.697890563263	4	100
PvWBCH1.7NG298100.1.v1.1	BP	0098869	cellular oxidant detoxification	6.99542765931	0.688737603834	5	100
PvWBCH1.7NG298100.1.v1.1	MF	0020037	heme binding	5.44544076593	0.643530998413	5	100
PvWBCH1.7NG298100.1.v1.1	CC	0016020	membrane	0.005971988056	0.315920858392	7	1
PvWBCH1.7NG298100.1.v1.1	MF	0046872	metal ion binding	2.47632695463	0.533191794683	8	100
PvWBCH1.8KG041700.1.v1.1	BP	0010044	response to aluminum ion	13.5615872155	0.83941439641	1	6
PvWBCH1.8KG041700.1.v1.1	MF	0043565	sequence-specific DNA binding	4.58833736661	0.615724275956	1	6
PvWBCH1.8KG041700.1.v1.1	CC	0005634	nucleus	3.47162919851	0.575241119347	1	7
PvWBCH1.8KG041700.1.v1.1	BP	0009414	response to water deprivation	11.0974329647	0.78840199823	2	6
PvWBCH1.8KG041700.1.v1.1	CC	0005737	cytoplasm	1.53737413143	0.484734775274	6	7
PvWBCH1.8KG041700.1.v1.1	BP	0006979	response to oxidative stress	6.29564107106	0.669023005761	7	6
PvWBCH1.8KG041700.1.v1.1	BP	0006355	regulation of DNA-templated transcription	2.94895948658	0.554045204113	11	6
PvWBCH1.8KG070500.1.v1.1	MF	0140662	ATP-dependent protein folding chaperone	8.5343241442	0.728880972352	1	5
PvWBCH1.8KG070500.1.v1.1	BP	0006457	protein folding	6.54669517156	0.676216131776	1	5
PvWBCH1.8KG070500.1.v1.1	MF	0005524	ATP binding	3.05067450572	0.558308936418	4	5
PvWBCH1.8KG089500.1.v1.1	BP	0045493	xylan catabolic process	9.2737549746	0.746875244761	1	11
PvWBCH1.8KG089500.1.v1.1	MF	0004568	chitinase activity	5.36980765634	0.641169715741	1	6
PvWBCH1.8KG089500.1.v1.1	CC	0005576	extracellular region	3.76898039375	0.586589276846	1	9
PvWBCH1.8KG089500.1.v1.1	MF	0004857	enzyme inhibitor activity	1.87513660541	0.503530530999	4	3
PvWBCH1.8KG089500.1.v1.1	BP	0050832	defense response to fungus	2.6191923876	0.539690505926	16	3
PvWBCH1.8KG091300.1.v1.1	CC	0009536	plastid	5.85216775551	0.655957009718	1	19
PvWBCH1.8KG100900.1.v1.1	MF	0051903	S-(hydroxymethyl)glutathione dehydrogenase [NAD(P)+] activity	10.5258838054	0.775781340433	1	88
PvWBCH1.8KG100900.1.v1.1	BP	0046294	formaldehyde catabolic process	9.67857042569	0.756423020697	1	88
PvWBCH1.8KG100900.1.v1.1	CC	0005829	cytosol	3.18293370378	0.563748100927	1	88
PvWBCH1.8KG100900.1.v1.1	MF	0008270	zinc ion binding	4.92328448206	0.626876665305	4	97
PvWBCH1.8KG100900.1.v1.1	MF	0004022	alcohol dehydrogenase (NAD+) activity	1.25986640495	0.467677954983	11	12
PvWBCH1.8KG100900.1.v1.1	BP	0034059	response to anoxia	0.196333894355	0.369037511205	22	1
PvWBCH1.8KG139700.1.v1.1	MF	0016762	xyloglucan:xyloglucosyl transferase activity	13.6436342323	0.841029456831	1	100
PvWBCH1.8KG139700.1.v1.1	BP	0010411	xyloglucan metabolic process	11.749609456	0.802412252355	1	100
PvWBCH1.8KG139700.1.v1.1	CC	0048046	apoplast	11.0177790415	0.786662940736	1	100
PvWBCH1.8KG139700.1.v1.1	CC	0016020	membrane	0.0363813721639	0.3323953051	3	4
PvWBCH1.8KG139700.1.v1.1	MF	0004553	hydrolase activity, hydrolyzing O-glycosyl compounds	6.28422337518	0.668692490016	4	100
PvWBCH1.8KG139700.1.v1.1	CC	0005737	cytoplasm	0.0145492721916	0.322214076841	5	1
PvWBCH1.8KG139700.1.v1.1	BP	0042546	cell wall biogenesis	6.6495984834	0.67912455957	6	100
PvWBCH1.8KG139700.1.v1.1	BP	0071555	cell wall organization	6.56565875443	0.676753821572	7	100
PvWBCH1.8KG139700.1.v1.1	MF	0030247	polysaccharide binding	0.202794990831	0.370087574534	10	2
PvWBCH1.8KG139700.1.v1.1	BP	0009835	fruit ripening	0.825948738582	0.436660260281	17	6
PvWBCH1.8NG007300.1.v1.1	BP	0006869	lipid transport	7.49134501308	0.702117068789	1	21
PvWBCH1.8NG007300.1.v1.1	MF	0008289	lipid binding	7.26004341115	0.695933671402	1	21
PvWBCH1.8NG007300.1.v1.1	CC	0016020	membrane	0.0454521837556	0.335655939789	1	1
PvWBCH1.8NG007300.1.v1.1	MF	0016740	transferase activity	0.115619101543	0.354072078573	3	1
PvWBCH1.8NG007300.1.v1.1	BP	0016567	protein ubiquitination	0.364160162879	0.392321933786	7	1
PvWBCH1.8NG007300.1.v1.1	BP	0009987	cellular process	0.0202454171659	0.325359984025	17	1
PvWBCH1.8NG048200.1.v1.1	CC	0010008	endosome membrane	8.42724199909	0.726211423518	1	100
PvWBCH1.8NG048200.1.v1.1	BP	0072657	protein localization to membrane	6.07820194921	0.662676221031	1	83
PvWBCH1.8NG048200.1.v1.1	CC	0000139	Golgi membrane	7.85325370108	0.711603504421	2	100
PvWBCH1.8NG111400.1.v1.1	MF	0004146	dihydrofolate reductase activity	11.8026684685	0.803534773676	1	100
PvWBCH1.8NG111400.1.v1.1	BP	0006231	dTMP biosynthetic process	10.9433001174	0.785031171284	1	100
PvWBCH1.8NG111400.1.v1.1	CC	0005739	mitochondrion	3.71268720808	0.584476219353	1	83
PvWBCH1.8NG111400.1.v1.1	MF	0004799	thymidylate synthase activity	11.6048810048	0.799337413081	2	100
PvWBCH1.8NG111400.1.v1.1	CC	0005829	cytosol	2.98176253263	0.555428177008	2	83
PvWBCH1.8NG111400.1.v1.1	BP	0046654	tetrahydrofolate biosynthetic process	9.25200520748	0.746356422878	10	100
PvWBCH1.8NG111400.1.v1.1	CC	0016020	membrane	0.00874979503896	0.318282057237	10	1
PvWBCH1.8NG111400.1.v1.1	BP	0006730	one-carbon metabolic process	8.03511859638	0.716288054701	20	100
PvWBCH1.8NG111400.1.v1.1	BP	0032259	methylation	5.07407408563	0.631773243954	33	100
PvWBCH1.8NG114700.1.v1.1	CC	1990904	ribonucleoprotein complex	4.45193749186	0.611066408437	1	1
PvWBCH1.8NG114700.1.v1.1	MF	0003735	structural constituent of ribosome	3.80708185133	0.588010534493	1	1
PvWBCH1.8NG114700.1.v1.1	BP	0006412	translation	3.28402788599	0.567829799303	1	1
PvWBCH1.8NG114700.1.v1.1	CC	0005840	ribosome	3.33638724727	0.569919127873	2	1
PvWBCH1.8NG114700.1.v1.1	CC	0016020	membrane	0.91637785622	0.443696514337	9	1
PvWBCH1.8NG128600.1.v1.1	BP	0034553	mitochondrial respiratory chain complex II assembly	13.3873025893	0.835967386523	1	68
PvWBCH1.8NG128600.1.v1.1	CC	0005739	mitochondrion	4.50220711692	0.612791240924	1	69
PvWBCH1.8NG128600.1.v1.1	MF	0008177	succinate dehydrogenase (quinone) activity	2.47641330137	0.533195778275	1	13
PvWBCH1.8NG128600.1.v1.1	BP	0006121	mitochondrial electron transport, succinate to ubiquinone	12.9292228757	0.826798959066	3	68
PvWBCH1.8NG128600.1.v1.1	BP	0006099	tricarboxylic acid cycle	7.41275400829	0.700026939718	7	68
PvWBCH1.8NG128600.1.v1.1	BP	0080022	primary root development	3.80071402559	0.587773498989	23	13
PvWBCH1.8NG130700.2.v1.1	MF	0016705	oxidoreductase activity, acting on paired donors, with incorporation or reduction of molecular oxygen	6.62887678281	0.67854070721	1	42
PvWBCH1.8NG130700.2.v1.1	BP	0032259	methylation	1.6909178652	0.493511252283	1	14
PvWBCH1.8NG130700.2.v1.1	CC	0016020	membrane	0.510078996514	0.408401571284	1	22
PvWBCH1.8NG130700.2.v1.1	MF	0004497	monooxygenase activity	6.56542283536	0.676747137141	2	42
PvWBCH1.8NG130700.2.v1.1	BP	0016126	sterol biosynthetic process	1.3511330257	0.473477935839	2	5
PvWBCH1.8NG130700.2.v1.1	MF	0005506	iron ion binding	6.34222236634	0.670368330374	3	42
PvWBCH1.8NG130700.2.v1.1	MF	0020037	heme binding	5.44548396482	0.64353234239	4	42
PvWBCH1.8NG130700.2.v1.1	MF	0008168	methyltransferase activity	1.77151529471	0.497958706968	10	14
PvWBCH1.8NG130700.2.v1.1	BP	0009987	cellular process	0.168435588322	0.36429139406	12	17
PvWBCH1.8NG130700.2.v1.1	MF	0032451	demethylase activity	0.566721823028	0.414007908514	19	2
PvWBCH1.8NG151200.1.v1.1	BP	2000904	regulation of starch metabolic process	17.0222374561	0.862435543742	1	2
PvWBCH1.8NG151200.1.v1.1	CC	0043036	starch grain	16.8236575499	0.861327450099	1	2
PvWBCH1.8NG151200.1.v1.1	MF	2001070	starch binding	12.5642491079	0.819377147842	1	2
PvWBCH1.8NG151200.1.v1.1	CC	0009570	chloroplast stroma	10.5291403427	0.775854207252	2	2
PvWBCH1.8NG151200.1.v1.1	BP	0005982	starch metabolic process	12.7867224662	0.823913810702	3	2
PvWBCH1.8NG151200.1.v1.1	MF	0003746	translation elongation factor activity	8.06252648027	0.71698942296	3	2
PvWBCH1.8NG151200.1.v1.1	BP	0006414	translational elongation	7.4334051691	0.700577226569	6	2
PvWBCH1.8NG151200.1.v1.1	BP	0050794	regulation of cellular process	2.50549052041	0.534533324088	13	2
PvWBCH1.9KG006700.1.v1.1	BP	0048205	COPI coating of Golgi vesicle	14.1824325705	0.84591508858	1	40
PvWBCH1.9KG006700.1.v1.1	MF	0005096	GTPase activator activity	8.3798885741	0.725025500063	1	38
PvWBCH1.9KG006700.1.v1.1	CC	0000139	Golgi membrane	7.56820902508	0.704150689828	1	40
PvWBCH1.9KG020900.1.v1.1	MF	0003824	catalytic activity	0.722470581112	0.428117487255	1	100
PvWBCH1.9KG020900.1.v1.1	CC	0016020	membrane	0.0185537963994	0.324478029013	1	2
PvWBCH1.9KG021600.1.v1.1	MF	0004335	galactokinase activity	12.2943482581	0.813819078507	1	100
PvWBCH1.9KG021600.1.v1.1	BP	0006012	galactose metabolic process	9.65819283462	0.755947233631	1	100
PvWBCH1.9KG021600.1.v1.1	CC	0005829	cytosol	3.42434914795	0.573392556764	1	95
PvWBCH1.9KG021600.1.v1.1	BP	0046835	carbohydrate phosphorylation	8.83143429393	0.736201428128	2	100
PvWBCH1.9KG021600.1.v1.1	CC	0016020	membrane	0.016811526618	0.323526526184	5	2
PvWBCH1.9KG021600.1.v1.1	MF	0005524	ATP binding	3.0518441389	0.558357548782	6	100
PvWBCH1.9KG021600.1.v1.1	MF	0033858	N-acetylgalactosamine kinase activity	0.200983899724	0.369794942947	24	1
PvWBCH1.9KG029500.1.v1.1	BP	0030042	actin filament depolymerization	12.7060602368	0.822273546672	1	4
PvWBCH1.9KG029500.1.v1.1	CC	0015629	actin cytoskeleton	7.96021015382	0.714365020573	1	4
PvWBCH1.9KG029500.1.v1.1	MF	0003779	actin binding	7.9400818456	0.713846750145	1	4
PvWBCH1.9KG029500.1.v1.1	MF	0044877	protein-containing complex binding	1.60798537009	0.488822839096	5	1
PvWBCH1.9KG029500.1.v1.1	CC	0005737	cytoplasm	0.362277045439	0.392095088192	8	1
PvWBCH1.9KG032100.2.v1.1	MF	1990538	xylan O-acetyltransferase activity	12.0985142656	0.809747978119	1	33
PvWBCH1.9KG032100.2.v1.1	BP	1990937	xylan acetylation	11.6321501434	0.799918221352	1	33
PvWBCH1.9KG032100.2.v1.1	CC	0005794	Golgi apparatus	6.21119478891	0.66657134203	1	42
PvWBCH1.9KG032100.2.v1.1	CC	0098588	bounding membrane of organelle	4.42815518158	0.610247005908	4	32
PvWBCH1.9KG056000.1.v1.1	MF	0004364	glutathione transferase activity	10.1190682003	0.766588211184	1	73
PvWBCH1.9KG056000.1.v1.1	BP	0006749	glutathione metabolic process	8.55284723647	0.729341048888	1	72
PvWBCH1.9KG056000.1.v1.1	CC	0005829	cytosol	2.94647960601	0.553940340621	1	56
PvWBCH1.9KG056000.1.v1.1	CC	0032991	protein-containing complex	0.0442567586709	0.335246145638	4	1
PvWBCH1.9KG056000.1.v1.1	MF	0042803	protein homodimerization activity	0.158258033531	0.362462967819	5	1
PvWBCH1.9KG056000.1.v1.1	BP	0009407	toxin catabolic process	0.682153598724	0.424624441245	6	4
PvWBCH1.9KG056000.1.v1.1	MF	0046982	protein heterodimerization activity	0.152002104834	0.361309773505	6	1
PvWBCH1.9KG056000.1.v1.1	MF	0045174	glutathione dehydrogenase (ascorbate) activity	0.0867139947798	0.347457392583	9	1
PvWBCH1.9KG056000.1.v1.1	BP	0098869	cellular oxidant detoxification	0.0415842661594	0.334309504332	16	1
PvWBCH1.9KG056000.1.v1.1	MF	0043295	glutathione binding	0.0403245049298	0.333857557347	16	1
PvWBCH1.9KG065700.3.v1.1	MF	0004478	methionine adenosyltransferase activity	11.3499068587	0.793873323372	1	100
PvWBCH1.9KG065700.3.v1.1	BP	0006556	S-adenosylmethionine biosynthetic process	10.8806886082	0.783655105572	1	100
PvWBCH1.9KG065700.3.v1.1	CC	0005737	cytoplasm	1.53840304705	0.484795010972	1	100
PvWBCH1.9KG065700.3.v1.1	BP	0006730	one-carbon metabolic process	8.03510104897	0.716287605279	3	100
PvWBCH1.9KG065700.3.v1.1	MF	0005524	ATP binding	3.05184234365	0.558357474175	3	100
PvWBCH1.9KG065700.3.v1.1	MF	0046872	metal ion binding	2.47638313885	0.53319438674	14	100
PvWBCH1.9KG072500.1.v1.1	MF	0016705	oxidoreductase activity, acting on paired donors, with incorporation or reduction of molecular oxygen	6.62862573838	0.678533628219	1	22
PvWBCH1.9KG072500.1.v1.1	CC	0016020	membrane	0.377897928595	0.393959381269	1	10
PvWBCH1.9KG072500.1.v1.1	MF	0004497	monooxygenase activity	6.56517419402	0.676740092113	2	22
PvWBCH1.9KG072500.1.v1.1	MF	0005506	iron ion binding	6.3419821779	0.670361406134	3	22
PvWBCH1.9KG072500.1.v1.1	MF	0020037	heme binding	5.44527773706	0.643525926312	4	22
PvWBCH1.9KG074200.1.v1.1	MF	0031220	maltodextrin phosphorylase activity	18.965526465	0.872955422228	1	73
PvWBCH1.9KG074200.1.v1.1	BP	0005980	glycogen catabolic process	9.16576527101	0.744293216325	1	83
PvWBCH1.9KG074200.1.v1.1	CC	0005737	cytoplasm	1.26458964044	0.467983171126	1	83
PvWBCH1.9KG074200.1.v1.1	MF	0008184	glycogen phosphorylase activity	11.6624047773	0.800561821899	2	100
PvWBCH1.9KG074200.1.v1.1	CC	0016020	membrane	0.0102038453785	0.319367245149	4	1
PvWBCH1.9KG074200.1.v1.1	MF	0030170	pyridoxal phosphate binding	6.46529672161	0.67389928141	5	99
PvWBCH1.9KG074400.3.v1.1	BP	0006065	UDP-glucuronate biosynthetic process	11.5412023033	0.797978450582	1	1
PvWBCH1.9KG074400.3.v1.1	MF	0003979	UDP-glucose 6-dehydrogenase activity	11.5240631539	0.797612045336	1	1
PvWBCH1.9KG074400.3.v1.1	CC	0005634	nucleus	3.47044511375	0.575194978051	1	1
PvWBCH1.9KG074400.3.v1.1	MF	0051287	NAD binding	6.7540067745	0.682052613595	2	1
PvWBCH1.9KG074400.3.v1.1	BP	0006024	glycosaminoglycan biosynthetic process	6.8389215004	0.684417336383	5	1
PvWBCH1.9KG080100.1.v1.1	MF	0008422	beta-glucosidase activity	10.0999230819	0.766151061687	1	11
PvWBCH1.9KG080100.1.v1.1	BP	0009251	glucan catabolic process	9.12942642291	0.743420939153	1	11
PvWBCH1.9KG080100.1.v1.1	CC	0016020	membrane	0.18391482474	0.366969443603	1	2
PvWBCH1.9KG080100.1.v1.1	BP	0009987	cellular process	0.410444959833	0.39772380075	12	11
PvWBCH1.9KG080200.1.v1.1	MF	0008422	beta-glucosidase activity	10.0997768551	0.766147721229	1	10
PvWBCH1.9KG080200.1.v1.1	BP	0009251	glucan catabolic process	9.129294247	0.743417763239	1	10
PvWBCH1.9KG080200.1.v1.1	BP	0009987	cellular process	0.410439017408	0.397723127348	12	10
PvWBCH1.9KG088900.1.v1.1	BP	0030245	cellulose catabolic process	10.2854933723	0.770370987057	1	100
PvWBCH1.9KG088900.1.v1.1	MF	0008810	cellulase activity	7.51105742304	0.702639598548	1	64
PvWBCH1.9KG088900.1.v1.1	CC	0016020	membrane	0.855279311052	0.438982865348	1	92
PvWBCH1.9KG088900.1.v1.1	BP	0009987	cellular process	0.410476640602	0.397727390767	16	100
PvWBCH1.9KG097200.1.v1.1	MF	0005200	structural constituent of cytoskeleton	10.0090617887	0.764070710922	1	98
PvWBCH1.9KG097200.1.v1.1	CC	0005874	microtubule	7.77515497982	0.709575170201	1	100
PvWBCH1.9KG097200.1.v1.1	BP	0007017	microtubule-based process	7.16235431843	0.693292592042	1	100
PvWBCH1.9KG097200.1.v1.1	BP	0007010	cytoskeleton organization	6.65576723512	0.679298193867	2	98
PvWBCH1.9KG097200.1.v1.1	MF	0005525	GTP binding	5.98811863542	0.660013586449	2	100
PvWBCH1.9KG097200.1.v1.1	BP	0000278	mitotic cell cycle	0.945000863191	0.445850596877	7	12
PvWBCH1.9KG097200.1.v1.1	CC	0005737	cytoplasm	0.477132267407	0.404996553675	13	31
PvWBCH1.9KG097200.1.v1.1	MF	0016787	hydrolase activity	2.20827276048	0.520470950177	15	98
PvWBCH1.9KG097200.1.v1.1	MF	0046872	metal ion binding	0.693391481138	0.425608231037	21	28
PvWBCH1.9KG103900.1.v1.1	BP	0006869	lipid transport	7.44039293252	0.700763254812	1	97
PvWBCH1.9KG103900.1.v1.1	MF	0008289	lipid binding	7.2106645191	0.694600921367	1	97
PvWBCH1.9KG103900.1.v1.1	CC	0012505	endomembrane system	1.4882681868	0.48183615586	1	26
PvWBCH1.9KG103900.1.v1.1	CC	0016020	membrane	0.921542827649	0.444087676274	2	98
PvWBCH1.9KG103900.1.v1.1	CC	0005737	cytoplasm	0.469078281666	0.404146448783	3	26
PvWBCH1.9KG104900.1.v1.1	MF	0008017	microtubule binding	7.0966087568	0.691504971897	1	75
PvWBCH1.9KG104900.1.v1.1	CC	0005874	microtubule	6.43813291458	0.673122873562	1	75
PvWBCH1.9KG104900.1.v1.1	BP	0007010	cytoskeleton organization	0.0701483703296	0.343157000632	1	1
PvWBCH1.9KG104900.1.v1.1	MF	0003924	GTPase activity	6.63045005971	0.67858506767	3	91
PvWBCH1.9KG104900.1.v1.1	MF	0005525	GTP binding	5.98812176008	0.660013679152	4	91
PvWBCH1.9KG104900.1.v1.1	CC	0005737	cytoplasm	1.53840628816	0.484795200684	10	91
PvWBCH1.9KG104900.1.v1.1	CC	0016020	membrane	0.7535560539	0.430744644577	14	74
PvWBCH1.9KG104900.1.v1.1	MF	0004842	ubiquitin-protein transferase activity	0.06689851317	0.342255612485	28	1
PvWBCH1.9KG112500.1.v1.1	MF	0008422	beta-glucosidase activity	10.0998288164	0.766148908254	1	12
PvWBCH1.9KG112500.1.v1.1	BP	0005975	carbohydrate metabolic process	4.15447307006	0.600654256457	1	12
PvWBCH1.9KG112500.1.v1.1	CC	0005576	extracellular region	0.493282885017	0.40667991369	1	1
PvWBCH1.9KG112500.1.v1.1	BP	0009987	cellular process	0.410441129032	0.39772336664	4	12
PvWBCH1.9KG112500.1.v1.1	MF	0047701	beta-L-arabinosidase activity	3.99922978684	0.595072039916	7	2
PvWBCH1.9KG112500.1.v1.1	MF	0033907	beta-D-fucosidase activity	3.23955570992	0.566042079686	10	2
PvWBCH1.9KG112500.1.v1.1	MF	0102726	DIMBOA glucoside beta-D-glucosidase activity	2.75218030103	0.545582393242	11	2
PvWBCH1.9KG112500.1.v1.1	MF	0004567	beta-mannosidase activity	2.18568732374	0.519364699646	14	2
PvWBCH1.9KG112500.1.v1.1	MF	0004565	beta-galactosidase activity	1.9762758809	0.508822275727	15	2
PvWBCH1.9KG112500.1.v1.1	MF	0042803	protein homodimerization activity	1.76493588759	0.497599491745	18	2
PvWBCH1.9KG115100.2.v1.1	BP	0031408	oxylipin biosynthetic process	13.3361440471	0.834951316256	1	97
PvWBCH1.9KG115100.2.v1.1	MF	0016702	oxidoreductase activity, acting on single donors with incorporation of molecular oxygen, incorporation of two atoms of oxygen	9.30496893972	0.747618764961	1	100
PvWBCH1.9KG115100.2.v1.1	CC	0005737	cytoplasm	0.0133035140317	0.321447492901	1	1
PvWBCH1.9KG115100.2.v1.1	BP	0034440	lipid oxidation	8.50188480517	0.728074039618	3	100
PvWBCH1.9KG115100.2.v1.1	BP	0006633	fatty acid biosynthetic process	6.79607921532	0.683226102059	5	97
PvWBCH1.9KG115100.2.v1.1	MF	0046872	metal ion binding	2.47639503602	0.533194935612	5	100
PvWBCH1.9KG115100.2.v1.1	MF	0016747	acyltransferase activity, transferring groups other than amino-acyl groups	0.0636919549934	0.341344508931	12	1
PvWBCH1.9KG115100.2.v1.1	BP	0002215	defense response to nematode	0.170954745115	0.364735370653	22	1
PvWBCH1.9KG115100.2.v1.1	BP	0009845	seed germination	0.141988584922	0.359413353173	23	1
PvWBCH1.9KG115100.2.v1.1	BP	0050832	defense response to fungus	0.100324957467	0.350690815292	25	1
PvWBCH1.9KG121800.1.v1.1	MF	0022857	transmembrane transporter activity	3.25897549841	0.566824227785	1	16
PvWBCH1.9KG121800.1.v1.1	BP	0055085	transmembrane transport	2.72897415031	0.544564693463	1	16
PvWBCH1.9KG121800.1.v1.1	CC	0016020	membrane	0.921482314894	0.44408309978	1	16
PvWBCH1.9KG129700.1.v1.1	MF	0004170	dUTP diphosphatase activity	11.7646854935	0.802731459696	1	100
PvWBCH1.9KG129700.1.v1.1	BP	0006226	dUMP biosynthetic process	10.9763613908	0.785756198647	1	100
PvWBCH1.9KG129700.1.v1.1	BP	0046081	dUTP catabolic process	10.9554388028	0.78529749739	3	100
PvWBCH1.9KG129700.1.v1.1	MF	0000287	magnesium ion binding	5.66847614385	0.650400317153	3	100
PvWBCH1.9KG129700.1.v1.1	MF	0042802	identical protein binding	0.0738010249614	0.344145531576	14	1
PvWBCH1.9KG129700.1.v1.1	BP	0006281	DNA repair	0.0457565133847	0.335759401185	60	1
PvWBCH1.9KG158400.1.v1.1	MF	0004252	serine-type endopeptidase activity	6.23073973454	0.667140250321	1	88
PvWBCH1.9KG158400.1.v1.1	BP	0006508	proteolysis	4.32385388264	0.606627117633	1	100
PvWBCH1.9KG158400.1.v1.1	BP	0009987	cellular process	0.410476653328	0.397727392209	6	100
PvWBCH1.9KG185700.1.v1.1	BP	0009737	response to abscisic acid	11.9822337141	0.807315074072	1	8
PvWBCH1.9KG185700.1.v1.1	BP	0006950	response to stress	1.20757003222	0.464259541526	9	2
PvWBCH1.9KG191900.1.v1.1	MF	0031418	L-ascorbic acid binding	11.168435305	0.789946914748	1	100
PvWBCH1.9KG191900.1.v1.1	CC	0005789	endoplasmic reticulum membrane	6.4839894307	0.674432617613	1	97
PvWBCH1.9KG191900.1.v1.1	BP	0031179	peptide modification	0.153612592117	0.361608878254	1	1
PvWBCH1.9KG191900.1.v1.1	MF	0004656	procollagen-proline 4-dioxygenase activity	10.6429607594	0.778393959651	2	83
PvWBCH1.9KG191900.1.v1.1	BP	0005975	carbohydrate metabolic process	0.0496625265562	0.337057951633	3	1
PvWBCH1.9KG191900.1.v1.1	BP	0009987	cellular process	0.00490640885777	0.314870644729	6	1
PvWBCH1.9KG191900.1.v1.1	MF	0005506	iron ion binding	6.34225875543	0.670369379401	13	100
PvWBCH1.9KG191900.1.v1.1	CC	0005886	plasma membrane	0.0304766358517	0.330048375347	15	1
PvWBCH1.9KG207500.1.v1.1	BP	0009299	mRNA transcription	13.4345829575	0.836904706741	1	94
PvWBCH1.9KG207500.1.v1.1	CC	0005634	nucleus	3.47389573268	0.57532941948	1	100
PvWBCH1.9KG207500.1.v1.1	BP	0009416	response to light stimulus	8.72974689686	0.733710026709	2	94
PvWBCH1.9KG284600.2.v1.1	MF	0022857	transmembrane transporter activity	3.25504259177	0.566666015284	1	1
PvWBCH1.9KG284600.2.v1.1	BP	0055085	transmembrane transport	2.72568084523	0.544419916334	1	1
PvWBCH1.9KG284600.2.v1.1	CC	0016020	membrane	0.920370277101	0.443998971162	1	1
PvWBCH1.9KG290600.1.v1.1	BP	1990575	mitochondrial L-ornithine transmembrane transport	13.1452314856	0.831142248704	1	94
PvWBCH1.9KG290600.1.v1.1	MF	0000064	L-ornithine transmembrane transporter activity	12.9366980254	0.826949865426	1	94
PvWBCH1.9KG290600.1.v1.1	CC	0031966	mitochondrial membrane	5.00882734118	0.629663547474	1	98
PvWBCH1.9KG290600.1.v1.1	MF	0003677	DNA binding	0.0300346399735	0.3298638931	10	1
PvWBCH1.9KG290600.1.v1.1	CC	0000786	nucleosome	0.0896077054669	0.348164961045	13	1
PvWBCH1.9KG290600.1.v1.1	BP	0006334	nucleosome assembly	0.100894605807	0.350821199139	22	1
PvWBCH1.9KG293500.1.v1.1	CC	0016020	membrane	0.921531673768	0.444086832733	1	100
PvWBCH1.9KG319800.1.v1.1	MF	0004364	glutathione transferase activity	10.1506640448	0.767308750549	1	100
PvWBCH1.9KG319800.1.v1.1	BP	0006749	glutathione metabolic process	8.6053320206	0.730641966943	1	100
PvWBCH1.9KG319800.1.v1.1	CC	0005829	cytosol	2.05413027433	0.51280408631	1	53
PvWBCH1.9KG321100.1.v1.1	MF	0004364	glutathione transferase activity	10.1507105852	0.767309811068	1	100
PvWBCH1.9KG321100.1.v1.1	BP	0006749	glutathione metabolic process	8.60537147567	0.730642943405	1	100
PvWBCH1.9KG321100.1.v1.1	CC	0005737	cytoplasm	1.36538133958	0.474365522124	1	90
PvWBCH1.9KG321100.1.v1.1	BP	0009407	toxin catabolic process	2.78626868543	0.547069581725	5	24
PvWBCH1.9KG321200.1.v1.1	MF	0004364	glutathione transferase activity	10.1506843889	0.76730921413	1	100
PvWBCH1.9KG321200.1.v1.1	BP	0006749	glutathione metabolic process	8.60534926745	0.730642393781	1	100
PvWBCH1.9KG321200.1.v1.1	CC	0005737	cytoplasm	1.35833087232	0.473926901272	1	90
PvWBCH1.9KG321200.1.v1.1	BP	0009407	toxin catabolic process	3.49314680482	0.576078248597	5	29
PvWBCH1.9KG328200.1.v1.1	MF	0050242	pyruvate, phosphate dikinase activity	12.37952062	0.81557956351	1	100
PvWBCH1.9KG328200.1.v1.1	BP	0006090	pyruvate metabolic process	7.13389258522	0.692519729681	1	100
PvWBCH1.9KG328200.1.v1.1	CC	0043231	intracellular membrane-bounded organelle	0.117226035358	0.35441399393	1	5
PvWBCH1.9KG328200.1.v1.1	MF	0016301	kinase activity	4.34227656317	0.607269645656	3	100
PvWBCH1.9KG328200.1.v1.1	BP	0015979	photosynthesis	3.93894509554	0.592875184579	3	55
PvWBCH1.9KG328200.1.v1.1	MF	0005524	ATP binding	3.05185882768	0.558358159219	5	100
PvWBCH1.9KG328200.1.v1.1	CC	0005737	cytoplasm	0.0455166403996	0.335677881629	9	3
PvWBCH1.9KG328200.1.v1.1	BP	0009909	regulation of flower development	0.386047993964	0.39491676839	10	3
PvWBCH1.9KG328200.1.v1.1	MF	0046872	metal ion binding	2.47639651462	0.533195003826	16	100
PvWBCH1.9KG329200.1.v1.1	BP	0042744	hydrogen peroxide catabolic process	9.34995870091	0.748688235531	1	41
PvWBCH1.9KG329200.1.v1.1	MF	0140825	lactoperoxidase activity	8.4718400907	0.727325299179	1	29
PvWBCH1.9KG329200.1.v1.1	CC	0005576	extracellular region	4.92147123926	0.626817331102	1	36
PvWBCH1.9KG329200.1.v1.1	CC	0016020	membrane	0.0208772656383	0.325679900537	3	1
PvWBCH1.9KG329200.1.v1.1	BP	0006979	response to oxidative stress	7.12627018931	0.692312486192	4	41
PvWBCH1.9KG329200.1.v1.1	BP	0098869	cellular oxidant detoxification	6.99532959359	0.688734912	5	43
PvWBCH1.9KG329200.1.v1.1	MF	0020037	heme binding	5.29203104584	0.638724104251	5	41
PvWBCH1.9KG329200.1.v1.1	MF	0046872	metal ion binding	2.40656352476	0.529950249845	8	41
PvWBCH1.9KG334500.1.v1.1	MF	0046527	glucosyltransferase activity	9.66061169786	0.756003736801	1	90
PvWBCH1.9KG334500.1.v1.1	BP	0009718	anthocyanin-containing compound biosynthetic process	0.18448430422	0.367065775592	1	3
PvWBCH1.9KG334500.1.v1.1	CC	0005737	cytoplasm	0.0180632168338	0.324214802665	1	3
PvWBCH1.9KG334500.1.v1.1	MF	0008194	UDP-glycosyltransferase activity	8.18216922559	0.720037213683	3	91
PvWBCH1.9KG334500.1.v1.1	BP	0009987	cellular process	0.0047503806963	0.314707620408	9	3
PvWBCH1.9KG335200.1.v1.1	MF	0010012	steroid 22-alpha hydroxylase activity	10.9775920652	0.785783166005	1	1
PvWBCH1.9KG335200.1.v1.1	BP	0010358	leaf shaping	10.1369118115	0.766995270577	1	1
PvWBCH1.9KG335200.1.v1.1	CC	0005783	endoplasmic reticulum	2.9956908717	0.556013092527	1	1
PvWBCH1.9KG335200.1.v1.1	BP	0008202	steroid metabolic process	8.84053138119	0.736423611505	2	2
PvWBCH1.9KG335200.1.v1.1	MF	0080132	fatty acid 2-hydroxylase activity	7.14053037863	0.692700112879	2	1
PvWBCH1.9KG335200.1.v1.1	BP	0010268	brassinosteroid homeostasis	7.33215066669	0.69787175101	5	1
PvWBCH1.9KG335200.1.v1.1	MF	0005506	iron ion binding	6.33477252429	0.670153502542	6	2
PvWBCH1.9KG335200.1.v1.1	BP	0009826	unidimensional cell growth	7.040816302	0.689981470782	8	1
PvWBCH1.9KG335200.1.v1.1	MF	0020037	heme binding	5.43908746953	0.643333280532	8	2
PvWBCH1.9KG335200.1.v1.1	BP	0009867	jasmonic acid mediated signaling pathway	6.91018131229	0.686390488504	9	1
PvWBCH1.9KG335200.1.v1.1	BP	0009741	response to brassinosteroid	6.71555199421	0.680976828035	15	1
PvWBCH1.9KG335200.1.v1.1	BP	1901615	organic hydroxy compound metabolic process	6.22424818743	0.66695139545	19	2
PvWBCH1.9KG335200.1.v1.1	BP	0042445	hormone metabolic process	4.91999901054	0.626769147761	32	1
PvWBCH1.9KG335200.1.v1.1	BP	0008610	lipid biosynthetic process	2.45871719605	0.532377915031	56	1
PvWBCH1.9KG341600.1.v1.1	MF	0016491	oxidoreductase activity	3.02646472467	0.557300627174	1	3
PvWBCH1.9KG341600.1.v1.1	MF	0046872	metal ion binding	2.47502807843	0.533131862879	2	3
PvWBCH1.9KG344300.5.v1.1	MF	0016157	sucrose synthase activity	14.3375052939	0.846857748467	1	100
PvWBCH1.9KG344300.5.v1.1	BP	0005985	sucrose metabolic process	11.6605700709	0.800522816364	1	100
PvWBCH1.9KG344300.5.v1.1	BP	0010037	response to carbon dioxide	3.81718047498	0.588386038855	5	25
PvWBCH1.9KG344300.5.v1.1	MF	0046872	metal ion binding	0.0234052326705	0.326913812293	9	1
PvWBCH1.9KG344300.5.v1.1	BP	0009987	cellular process	0.410477512447	0.397727489561	11	100
PvWBCH1.9KG358700.1.v1.1	MF	0005484	SNAP receptor activity	10.9057244382	0.784205812854	1	100
PvWBCH1.9KG358700.1.v1.1	CC	0031201	SNARE complex	9.957919561	0.762895609343	1	94
PvWBCH1.9KG358700.1.v1.1	BP	0006890	retrograde vesicle-mediated transport, Golgi to endoplasmic reticulum	9.55786905122	0.753597466602	1	89
PvWBCH1.9KG358700.1.v1.1	CC	0012507	ER to Golgi transport vesicle membrane	9.34609187657	0.748596416833	2	89
PvWBCH1.9KG358700.1.v1.1	BP	0006906	vesicle fusion	9.13493101288	0.743553182673	2	89
PvWBCH1.9KG358700.1.v1.1	MF	0000149	SNARE binding	9.0677112222	0.741935541106	2	89
PvWBCH1.9KG358700.1.v1.1	CC	0031902	late endosome membrane	9.2305071743	0.745843006265	3	89
PvWBCH1.9KG358700.1.v1.1	BP	0015031	protein transport	5.44825480622	0.643618535949	10	100
PvWBCH1.9KG358700.1.v1.1	CC	0005789	endoplasmic reticulum membrane	5.96143678457	0.659221099776	14	89
PvWBCH1.9KG358700.1.v1.1	CC	0005794	Golgi apparatus	5.77088525924	0.653509123671	17	89
PvWBCH1.9KG375900.1.v1.1	MF	0016157	sucrose synthase activity	14.3375003772	0.84685771866	1	100
PvWBCH1.9KG375900.1.v1.1	BP	0005985	sucrose metabolic process	11.6605660721	0.800522731348	1	100
PvWBCH1.9KG375900.1.v1.1	BP	0010555	response to mannitol	3.79644174355	0.587614356541	5	19
PvWBCH1.9KG375900.1.v1.1	BP	0010431	seed maturation	3.20095729237	0.564480504722	6	19
PvWBCH1.9KG375900.1.v1.1	BP	0009414	response to water deprivation	2.55414591662	0.536754218936	7	19
PvWBCH1.9KG375900.1.v1.1	BP	0005982	starch metabolic process	2.52863840114	0.53559258229	9	19
PvWBCH1.9KG375900.1.v1.1	BP	0009987	cellular process	0.410477371682	0.39772747361	35	100
PvWBCH1.9KG379800.1.v1.1	MF	0016887	ATP hydrolysis activity	4.60065741336	0.616141558357	1	84
PvWBCH1.9KG379800.1.v1.1	BP	0010027	thylakoid membrane organization	3.43821157223	0.573935867049	1	17
PvWBCH1.9KG379800.1.v1.1	CC	0009536	plastid	3.06038587446	0.55871227885	1	51
PvWBCH1.9KG379800.1.v1.1	BP	0009793	embryo development ending in seed dormancy	3.22047440988	0.565271277777	3	17
PvWBCH1.9KG379800.1.v1.1	MF	0005524	ATP binding	3.05179348887	0.558355443855	7	84
PvWBCH1.9KG379800.1.v1.1	CC	0005739	mitochondrion	0.0362290502442	0.332337266787	9	1
PvWBCH1.9KG379800.1.v1.1	MF	0042626	ATPase-coupled transmembrane transporter activity	1.46052944459	0.480177635901	22	17
PvWBCH1.9KG379800.1.v1.1	BP	0055085	transmembrane transport	0.652712934882	0.42200802579	22	17
PvWBCH1.9KG379800.1.v1.1	MF	0003993	acid phosphatase activity	0.164482962145	0.363588036733	30	1
PvWBCH1.9KG381100.1.v1.1	MF	0046537	2,3-bisphosphoglycerate-independent phosphoglycerate mutase activity	11.2355230433	0.7914021489	1	95
PvWBCH1.9KG381100.1.v1.1	BP	0006007	glucose catabolic process	11.0299122351	0.786928245594	1	100
PvWBCH1.9KG381100.1.v1.1	CC	0005737	cytoplasm	1.53840675651	0.484795228098	1	100
PvWBCH1.9KG381100.1.v1.1	MF	0030145	manganese ion binding	8.53277917784	0.728842575931	4	100
PvWBCH1.9KG381100.1.v1.1	BP	0006096	glycolytic process	7.54996368689	0.703668904063	5	99
PvWBCH1.9KG395300.1.v1.1	CC	0009707	chloroplast outer membrane	10.6814448329	0.779249606121	1	43
PvWBCH1.9KG395300.1.v1.1	MF	0015171	amino acid transmembrane transporter activity	6.5192840611	0.675437544135	1	43
PvWBCH1.9KG395300.1.v1.1	BP	0003333	amino acid transmembrane transport	6.21897652572	0.666797957535	1	43
PvWBCH1.9KG404800.1.v1.1	MF	0004066	asparagine synthase (glutamine-hydrolyzing) activity	10.9402785602	0.784964854529	1	100
PvWBCH1.9KG404800.1.v1.1	BP	0006529	asparagine biosynthetic process	10.465737505	0.774433501517	1	100
PvWBCH1.9KG404800.1.v1.1	CC	0005829	cytosol	2.79712885519	0.547541469974	1	78
PvWBCH1.9KG404800.1.v1.1	MF	0005524	ATP binding	3.05184955977	0.558357774063	5	100
PvWBCH1.9KG404800.1.v1.1	CC	0016020	membrane	0.0175898987599	0.323957428155	5	2
PvWBCH1.9KG404800.1.v1.1	BP	0070982	L-asparagine metabolic process	0.285418357644	0.382272460648	25	2
PvWBCH1.9KG404800.1.v1.1	BP	0043604	amide biosynthetic process	0.1355387946	0.358156242181	26	2
PvWBCH1.9KG413800.1.v1.1	MF	0048040	UDP-glucuronate decarboxylase activity	12.1979350441	0.811818874085	1	99
PvWBCH1.9KG413800.1.v1.1	BP	0042732	D-xylose metabolic process	10.3754889341	0.772403803938	1	99
PvWBCH1.9KG413800.1.v1.1	CC	0005737	cytoplasm	1.37949061641	0.475239895173	1	90
PvWBCH1.9KG413800.1.v1.1	BP	0033320	UDP-D-xylose biosynthetic process	9.96185742834	0.7629861973	2	79
PvWBCH1.9KG413800.1.v1.1	MF	0070403	NAD+ binding	9.1494263002	0.743901230263	2	99
PvWBCH1.9KG413800.1.v1.1	MF	0008460	dTDP-glucose 4,6-dehydratase activity	0.124683007476	0.355970818542	18	1
PvWBCH1.9KG422400.1.v1.1	BP	0051017	actin filament bundle assembly	11.7948021072	0.803368511757	1	100
PvWBCH1.9KG422400.1.v1.1	MF	0051015	actin filament binding	8.91494065429	0.738236677124	1	100
PvWBCH1.9KG422400.1.v1.1	CC	0015629	actin cytoskeleton	0.750526762168	0.430491040014	1	9
PvWBCH1.9KG422400.1.v1.1	CC	0005886	plasma membrane	0.240176946231	0.375859399692	5	9
PvWBCH1.9KG422400.1.v1.1	MF	0046872	metal ion binding	2.39718945463	0.529511123301	6	96
PvWBCH1.9KG437600.1.v1.1	CC	0005886	plasma membrane	2.5496600025	0.536550347895	1	43
PvWBCH1.9KG439300.1.v1.1	MF	0003993	acid phosphatase activity	11.0951920411	0.78835315838	1	100
PvWBCH1.9KG439300.1.v1.1	CC	0016020	membrane	0.00894649503122	0.318433874639	1	1
PvWBCH1.9KG439300.1.v1.1	MF	0046872	metal ion binding	2.3767708612	0.528551636441	5	96
PvWBCH1.9KG440300.1.v1.1	CC	0010008	endosome membrane	8.4272417333	0.726211416871	1	100
PvWBCH1.9KG440300.1.v1.1	BP	0072657	protein localization to membrane	6.66431900512	0.679538770884	1	91
PvWBCH1.9KG440300.1.v1.1	CC	0000139	Golgi membrane	7.85325345339	0.711603498004	2	100
PvWBCH1.9KG450300.1.v1.1	MF	0004672	protein kinase activity	5.25082064442	0.637420996751	1	1
PvWBCH1.9KG450300.1.v1.1	CC	0016020	membrane	0.92083909876	0.444034444961	1	1
PvWBCH1.9KG450300.1.v1.1	MF	0005524	ATP binding	3.04951643623	0.558260795483	6	1
PvWBCH1.9KG452300.1.v1.1	MF	0015145	monosaccharide transmembrane transporter activity	10.7781597935	0.78139316552	1	8
PvWBCH1.9KG452300.1.v1.1	BP	0015749	monosaccharide transmembrane transport	10.2153538412	0.768780503413	1	8
PvWBCH1.9KG452300.1.v1.1	CC	0016020	membrane	0.921388021272	0.444075968187	1	8
PvWBCH1.9KG452300.1.v1.1	MF	0015293	symporter activity	7.93008881912	0.713589202324	4	8
PvWBCH1.9KG469900.1.v1.1	BP	0006598	polyamine catabolic process	11.4515623897	0.79605908247	1	34
PvWBCH1.9KG469900.1.v1.1	MF	0046592	polyamine oxidase activity	11.394518367	0.794833743496	1	26
PvWBCH1.9KG469900.1.v1.1	CC	0048046	apoplast	1.10373215347	0.457245170821	1	3
PvWBCH1.9KG469900.1.v1.1	CC	0009505	plant-type cell wall	0.411669026483	0.397862409544	3	1
PvWBCH1.9KG469900.1.v1.1	MF	0050660	flavin adenine dinucleotide binding	3.72344288839	0.584881183083	4	19
PvWBCH1.9KG469900.1.v1.1	BP	0008215	spermine metabolic process	7.13221061853	0.692474008617	7	16
PvWBCH1.9KG469900.1.v1.1	BP	1903601	thermospermine metabolic process	3.50479117677	0.576530190692	11	7
PvWBCH1.9KG469900.1.v1.1	BP	0009987	cellular process	0.397771317495	0.396276353922	14	34
PvWBCH1.9KG469900.1.v1.1	BP	0008216	spermidine metabolic process	0.355066315176	0.391220964659	15	1
PvWBCH1.9KG470600.1.v1.1	MF	0004512	inositol-3-phosphate synthase activity	12.9304879262	0.82682450064	1	100
PvWBCH1.9KG470600.1.v1.1	BP	0006021	inositol biosynthetic process	12.2099055215	0.812067644322	1	100
PvWBCH1.9KG470600.1.v1.1	CC	0005829	cytosol	2.95573617504	0.554331536485	1	81
PvWBCH1.9KG470600.1.v1.1	CC	0005634	nucleus	0.171863034173	0.364894644479	4	5
PvWBCH1.9KG470600.1.v1.1	BP	0008654	phospholipid biosynthetic process	6.3007673525	0.669171302195	8	100
PvWBCH1.9KG472700.1.v1.1	MF	0003924	GTPase activity	6.62393571629	0.678401353575	1	3
PvWBCH1.9KG472700.1.v1.1	MF	0005525	GTP binding	5.98223849708	0.659839090391	2	3
PvWBCH1.9KG493100.1.v1.1	CC	0000786	nucleosome	9.56567740732	0.753780793851	1	100
PvWBCH1.9KG493100.1.v1.1	MF	0030527	structural constituent of chromatin	9.27602991669	0.746929476375	1	100
PvWBCH1.9KG493100.1.v1.1	BP	0031507	heterochromatin formation	1.32879062357	0.472076658672	1	12
PvWBCH1.9KG493100.1.v1.1	MF	0046982	protein heterodimerization activity	9.10279906234	0.742780673784	2	98
PvWBCH1.9KG493100.1.v1.1	CC	0005634	nucleus	3.40694855801	0.572709016129	5	98
PvWBCH1.9KG493100.1.v1.1	MF	0003677	DNA binding	3.20621620133	0.564693816121	6	100
PvWBCH1.9KG499400.1.v1.1	BP	0051228	mitotic spindle disassembly	12.8105792285	0.82439794525	1	89
PvWBCH1.9KG499400.1.v1.1	CC	0034098	VCP-NPL4-UFD1 AAA ATPase complex	11.9401445054	0.806431545961	1	89
PvWBCH1.9KG499400.1.v1.1	MF	0031593	polyubiquitin modification-dependent protein binding	10.094125128	0.766018592558	1	89
PvWBCH1.9KG499400.1.v1.1	BP	0030970	retrograde protein transport, ER to cytosol	11.914659013	0.805895802613	3	89
PvWBCH1.9KG499400.1.v1.1	MF	0016887	ATP hydrolysis activity	4.60075688994	0.616144925374	3	100
PvWBCH1.9KG499400.1.v1.1	BP	0097352	autophagosome maturation	11.4105666297	0.795178779029	6	89
PvWBCH1.9KG499400.1.v1.1	MF	0005524	ATP binding	3.05185947552	0.558358186142	10	100
PvWBCH1.9KG499400.1.v1.1	CC	0005829	cytosol	3.21756839989	0.565153687395	11	89
PvWBCH1.9KG499400.1.v1.1	CC	0005634	nucleus	3.09117775461	0.559986944922	12	89
PvWBCH1.9KG499400.1.v1.1	BP	0051301	cell division	2.19095789552	0.519623365295	52	36
PvWBCH1.9KG499400.1.v1.1	BP	0043161	proteasome-mediated ubiquitin-dependent protein catabolic process	1.01297791804	0.450839159588	57	12
PvWBCH1.9KG512900.1.v1.1	MF	0004568	chitinase activity	11.3671800457	0.794245413205	1	74
PvWBCH1.9KG512900.1.v1.1	BP	0006032	chitin catabolic process	11.0533406232	0.787440119	1	74
PvWBCH1.9KG512900.1.v1.1	CC	0016020	membrane	0.00871578183367	0.318255632668	1	1
PvWBCH1.9KG512900.1.v1.1	MF	0008061	chitin binding	3.76932723741	0.586602247099	5	32
PvWBCH1.9KG512900.1.v1.1	BP	0016998	cell wall macromolecule catabolic process	9.59704176159	0.754516424046	6	74
PvWBCH1.9KG512900.1.v1.1	BP	0050832	defense response to fungus	9.4255709549	0.750479866599	7	60
PvWBCH1.9KG512900.1.v1.1	MF	0004672	protein kinase activity	0.0496992441417	0.337069911217	10	1
PvWBCH1.9KG512900.1.v1.1	BP	0000272	polysaccharide catabolic process	6.08692201947	0.662932913638	14	57
PvWBCH1.9KG512900.1.v1.1	MF	0005524	ATP binding	0.0288638047539	0.329368537658	15	1
PvWBCH1.9KG512900.1.v1.1	BP	0048364	root development	0.105689871628	0.351904489099	35	1
PvWBCH1.9KG512900.1.v1.1	BP	0048367	shoot system development	0.0945422532051	0.349345695269	37	1
PvWBCH1.9KG533800.1.v1.1	MF	0019203	carbohydrate phosphatase activity	10.2826349017	0.77030627459	1	4
PvWBCH1.9KG533800.1.v1.1	BP	0044042	glucan metabolic process	7.91340150114	0.713158762159	1	4
PvWBCH1.9KG533800.1.v1.1	CC	0009507	chloroplast	4.70078496431	0.619512384499	1	3
PvWBCH1.9KG533800.1.v1.1	MF	0004721	phosphoprotein phosphatase activity	7.90546661714	0.712953926996	2	4
PvWBCH1.9KG533800.1.v1.1	MF	2001066	amylopectin binding	5.80572244437	0.654560370039	5	1
PvWBCH1.9KG533800.1.v1.1	BP	0000272	polysaccharide catabolic process	2.08138223675	0.514179986998	7	1
PvWBCH1.9KG533800.1.v1.1	MF	0030247	polysaccharide binding	2.82084966861	0.548568994333	8	1
PvWBCH1.9KG533800.1.v1.1	BP	0009987	cellular process	0.410322633376	0.3977099376	14	4
PvWBCH1.9NG029700.1.v1.1	BP	0030042	actin filament depolymerization	12.7082921751	0.822319002992	1	5
PvWBCH1.9NG029700.1.v1.1	CC	0015629	actin cytoskeleton	7.96160843915	0.714400999739	1	5
PvWBCH1.9NG029700.1.v1.1	MF	0003779	actin binding	7.94147659521	0.713882683793	1	5
PvWBCH1.9NG029700.1.v1.1	MF	0044877	protein-containing complex binding	2.6154253429	0.539521457966	5	2
PvWBCH1.9NG029700.1.v1.1	CC	0005737	cytoplasm	0.589251981654	0.416159513274	8	2
PvWBCH1.9NG055800.1.v1.1	MF	0004364	glutathione transferase activity	10.1277883319	0.766787184969	1	82
PvWBCH1.9NG055800.1.v1.1	BP	0006749	glutathione metabolic process	8.58593889475	0.730161741119	1	82
PvWBCH1.9NG055800.1.v1.1	CC	0005829	cytosol	2.84660834432	0.549679912621	1	61
PvWBCH1.9NG055800.1.v1.1	CC	0032991	protein-containing complex	0.0406054712472	0.333958960585	4	1
PvWBCH1.9NG055800.1.v1.1	MF	0042803	protein homodimerization activity	0.145201370891	0.360028892186	5	1
PvWBCH1.9NG055800.1.v1.1	MF	0046982	protein heterodimerization activity	0.13946157113	0.358924292366	6	1
PvWBCH1.9NG055800.1.v1.1	BP	0009407	toxin catabolic process	0.292315038115	0.383204074042	7	2
PvWBCH1.9NG055800.1.v1.1	MF	0045174	glutathione dehydrogenase (ascorbate) activity	0.0818239244385	0.346234287906	9	1
PvWBCH1.9NG055800.1.v1.1	BP	0098869	cellular oxidant detoxification	0.0392392007853	0.333462504059	16	1
PvWBCH1.9NG063900.1.v1.1	MF	0005200	structural constituent of cytoskeleton	10.2141522939	0.76875320964	1	100
PvWBCH1.9NG063900.1.v1.1	CC	0005874	microtubule	7.77515148598	0.709575079234	1	100
PvWBCH1.9NG063900.1.v1.1	BP	0007017	microtubule-based process	7.16235109996	0.693292504733	1	100
PvWBCH1.9NG063900.1.v1.1	BP	0007010	cytoskeleton organization	6.79214711702	0.683116581764	2	100
PvWBCH1.9NG063900.1.v1.1	MF	0005525	GTP binding	5.98811594461	0.660013506618	2	100
PvWBCH1.9NG063900.1.v1.1	BP	0000278	mitotic cell cycle	0.943833340531	0.445763376082	7	12
PvWBCH1.9NG063900.1.v1.1	BP	0071258	cellular response to gravity	0.23667878172	0.375339282429	10	1
PvWBCH1.9NG063900.1.v1.1	BP	0090378	seed trichome elongation	0.194229273918	0.368691745961	11	1
PvWBCH1.9NG063900.1.v1.1	CC	0005737	cytoplasm	0.574252311229	0.41473174291	13	37
PvWBCH1.9NG063900.1.v1.1	CC	0045298	tubulin complex	0.204915253399	0.370428505871	14	1
PvWBCH1.9NG063900.1.v1.1	MF	0016787	hydrolase activity	2.25352133478	0.522670365972	15	100
PvWBCH1.9NG063900.1.v1.1	CC	0009505	plant-type cell wall	0.122450183952	0.355509665677	15	1
PvWBCH1.9NG063900.1.v1.1	CC	0009506	plasmodesma	0.114807370531	0.353898459175	16	1
PvWBCH1.9NG063900.1.v1.1	MF	0046872	metal ion binding	0.221541149626	0.373042965397	21	9
PvWBCH1.9NG063900.1.v1.1	CC	0005730	nucleolus	0.0708958862718	0.343361360634	22	1
PvWBCH1.9NG063900.1.v1.1	MF	0005515	protein binding	0.0457375325287	0.335752958439	23	1
PvWBCH1.9NG063900.1.v1.1	CC	0005886	plasma membrane	0.0255000240895	0.327886591554	33	1
PvWBCH1.9NG075100.2.v1.1	BP	0006065	UDP-glucuronate biosynthetic process	11.5415892906	0.797986720556	1	1
PvWBCH1.9NG075100.2.v1.1	MF	0003979	UDP-glucose 6-dehydrogenase activity	11.5244495665	0.797620309166	1	1
PvWBCH1.9NG075100.2.v1.1	CC	0005634	nucleus	3.470561481	0.575199512987	1	1
PvWBCH1.9NG075100.2.v1.1	MF	0051287	NAD binding	6.75423324263	0.682058940034	2	1
PvWBCH1.9NG075100.2.v1.1	BP	0006024	glycosaminoglycan biosynthetic process	6.8391508158	0.684423702467	5	1
PvWBCH1.9NG155100.1.v1.1	MF	0004252	serine-type endopeptidase activity	6.36776460759	0.671103924559	1	90
PvWBCH1.9NG155100.1.v1.1	BP	0006508	proteolysis	4.32385331836	0.606627097931	1	100
PvWBCH1.9NG155100.1.v1.1	CC	0005576	extracellular region	0.0467598960719	0.336098101205	1	1
PvWBCH1.9NG155100.1.v1.1	BP	0009987	cellular process	0.410476599759	0.397727386139	6	100
PvWBCH1.9NG155100.1.v1.1	BP	0009610	response to symbiotic fungus	0.131264298734	0.357306562906	7	1
PvWBCH1.9NG156900.1.v1.1	MF	0052691	UDP-arabinopyranose mutase activity	15.7113900329	0.854996202462	1	97
PvWBCH1.9NG156900.1.v1.1	BP	0033356	UDP-L-arabinose metabolic process	15.6652007373	0.854728513246	1	100
PvWBCH1.9NG156900.1.v1.1	CC	0009505	plant-type cell wall	7.25443263942	0.695782463828	1	59
PvWBCH1.9NG156900.1.v1.1	BP	0071669	plant-type cell wall organization or biogenesis	11.4132640665	0.795236749738	2	99
PvWBCH1.9NG156900.1.v1.1	CC	0005794	Golgi apparatus	6.47763679984	0.67425145211	2	100
PvWBCH1.9NG156900.1.v1.1	BP	0071555	cell wall organization	6.5656886169	0.676754667674	5	100
PvWBCH1.9NG156900.1.v1.1	MF	0005515	protein binding	0.0476674491226	0.33640133651	5	1
PvWBCH1.9NG156900.1.v1.1	CC	0005829	cytosol	3.61598909082	0.580808751476	6	100
PvWBCH1.9NG156900.1.v1.1	MF	0016740	transferase activity	0.0239961328976	0.327192474958	6	1
PvWBCH1.9NG156900.1.v1.1	BP	0042546	cell wall biogenesis	6.11611754526	0.663791006364	7	92
PvWBCH1.9NG156900.1.v1.1	CC	0009506	plasmodesma	0.232065899474	0.374647513474	14	2
PvWBCH1.9NG156900.1.v1.1	CC	0005576	extracellular region	0.109136231551	0.352667942787	19	2
PvWBCH1.9NG156900.1.v1.1	BP	0030244	cellulose biosynthetic process	0.231779254064	0.374604300902	23	2
PvWBCH1.9NG156900.1.v1.1	BP	0006486	protein glycosylation	0.076061465553	0.344745061128	33	1
PvWBCH1.9NG181900.1.v1.1	BP	0009737	response to abscisic acid	11.9839967078	0.807352048588	1	7
PvWBCH1.9NG181900.1.v1.1	BP	0006950	response to stress	2.11077100697	0.515653714286	9	3
PvWBCH1.9NG186500.1.v1.1	MF	0003824	catalytic activity	0.722470903033	0.428117514752	1	100
PvWBCH1.9NG211400.2.v1.1	CC	0005794	Golgi apparatus	2.15486202004	0.517845589124	1	1
PvWBCH1.9NG211400.2.v1.1	CC	0016020	membrane	0.921073057314	0.444052144261	3	2
PvWBCH1.9NG214900.1.v1.1	MF	0005315	phosphate transmembrane transporter activity	9.37309418875	0.749237197212	1	100
PvWBCH1.9NG214900.1.v1.1	BP	0006817	phosphate ion transport	8.5333117616	0.728855812411	1	100
PvWBCH1.9NG214900.1.v1.1	CC	0016020	membrane	0.921543060826	0.444087693908	1	100
PvWBCH1.9NG214900.1.v1.1	MF	0015293	symporter activity	7.93142319443	0.713623602235	2	100
PvWBCH1.9NG214900.1.v1.1	BP	0055085	transmembrane transport	2.72915404967	0.544572599509	3	100
PvWBCH1.9NG239500.1.v1.1	MF	0004021	L-alanine:2-oxoglutarate aminotransferase activity	11.3107367667	0.793028491572	1	80
PvWBCH1.9NG239500.1.v1.1	BP	0042853	L-alanine catabolic process	7.67668022887	0.707003065278	1	66
PvWBCH1.9NG239500.1.v1.1	MF	0030170	pyridoxal phosphate binding	6.09205001107	0.663083780416	5	93
PvWBCH1.9NG239500.1.v1.1	BP	0009058	biosynthetic process	1.38334164414	0.475477771437	24	93
PvWBCH1.9NG279200.1.v1.1	BP	0000055	ribosomal large subunit export from nucleus	10.8176474984	0.782265592264	1	88
PvWBCH1.9NG279200.1.v1.1	MF	0043023	ribosomal large subunit binding	10.1234742398	0.766688757804	1	100
PvWBCH1.9NG279200.1.v1.1	CC	0005634	nucleus	3.47395246986	0.575331629489	1	100
PvWBCH1.9NG279200.1.v1.1	CC	0005737	cytoplasm	1.53840296748	0.484795006314	6	100
PvWBCH1.9NG279200.1.v1.1	MF	0003729	mRNA binding	0.034473753775	0.331659442312	6	1
PvWBCH1.9NG279200.1.v1.1	CC	0016020	membrane	0.0624035218552	0.340971971926	8	6
PvWBCH1.9NG279200.1.v1.1	BP	0015031	protein transport	5.44830443092	0.643620079442	10	100
PvWBCH1.9NG279200.1.v1.1	BP	0009834	plant-type secondary cell wall biogenesis	0.105563200167	0.351876192848	27	1
PvWBCH1.9NG279200.1.v1.1	BP	0007029	endoplasmic reticulum organization	0.0831326327131	0.346565124158	31	1
PvWBCH1.9NG285000.1.v1.1	MF	0044023	histone H4S1 kinase activity	25.5220753904	0.90495446374	1	2
PvWBCH1.9NG285000.1.v1.1	BP	0009738	abscisic acid-activated signaling pathway	11.9487498278	0.806612313627	1	2
PvWBCH1.9NG285000.1.v1.1	CC	0005634	nucleus	3.26169367502	0.566933518487	1	2
PvWBCH1.9NG285000.1.v1.1	MF	0140855	histone H3S57 kinase activity	25.5220753904	0.90495446374	3	2
PvWBCH1.9NG285000.1.v1.1	MF	0072371	histone H2AS121 kinase activity	22.8862810469	0.89265164086	4	2
PvWBCH1.9NG285000.1.v1.1	MF	0044025	histone H2BS14 kinase activity	20.6309775082	0.881549352909	5	2
PvWBCH1.9NG285000.1.v1.1	MF	0044024	histone H2AS1 kinase activity	20.0456397659	0.878569892282	6	2
PvWBCH1.9NG285000.1.v1.1	CC	0005737	cytoplasm	1.44440641379	0.479206384405	6	2
PvWBCH1.9NG285000.1.v1.1	MF	0140857	histone H3T45 kinase activity	20.0456397659	0.878569892282	7	2
PvWBCH1.9NG285000.1.v1.1	MF	0004676	3-phosphoinositide-dependent protein kinase activity	19.9100736844	0.87787365942	8	2
PvWBCH1.9NG285000.1.v1.1	MF	0140823	histone H2BS36 kinase activity	19.192586942	0.874148702102	9	2
PvWBCH1.9NG285000.1.v1.1	MF	0035403	histone H3T6 kinase activity	19.1428738269	0.873888048927	10	2
PvWBCH1.9NG285000.1.v1.1	MF	0035979	histone H2AXS139 kinase activity	18.7170767805	0.871641521191	12	2
PvWBCH1.9NG285000.1.v1.1	MF	0044022	histone H3S28 kinase activity	18.565480567	0.870835532962	13	2
PvWBCH1.9NG285000.1.v1.1	MF	0035402	histone H3T11 kinase activity	18.3796374847	0.86984296206	14	2
PvWBCH1.9NG285000.1.v1.1	MF	0035175	histone H3S10 kinase activity	17.879941065	0.867148962829	15	2
PvWBCH1.9NG285000.1.v1.1	BP	0006338	chromatin remodeling	6.70681826881	0.68073207022	15	2
PvWBCH1.9NG285000.1.v1.1	MF	1990244	histone H2AT120 kinase activity	16.8708535492	0.861591397875	16	2
PvWBCH1.9NG285000.1.v1.1	MF	0004711	ribosomal protein S6 kinase activity	16.0851069958	0.857147760011	18	2
PvWBCH1.9NG285000.1.v1.1	MF	0004677	DNA-dependent protein kinase activity	15.4244310133	0.853326701687	19	2
PvWBCH1.9NG285000.1.v1.1	MF	0072518	Rho-dependent protein serine/threonine kinase activity	15.0985537882	0.851411833021	21	2
PvWBCH1.9NG285000.1.v1.1	MF	0072354	histone H3T3 kinase activity	14.9241676562	0.850378641002	22	2
PvWBCH1.9NG285000.1.v1.1	MF	0004679	AMP-activated protein kinase activity	14.0057506484	0.844834767128	24	2
PvWBCH1.9NG285000.1.v1.1	MF	0004694	eukaryotic translation initiation factor 2alpha kinase activity	13.1505275859	0.831248287543	26	2
PvWBCH1.9NG285000.1.v1.1	MF	0106310	protein serine kinase activity	10.2788939903	0.770221571094	27	2
PvWBCH1.9NG285000.1.v1.1	MF	0005524	ATP binding	2.86537436563	0.550486090668	35	2
PvWBCH1.9NG286200.1.v1.1	MF	0036456	L-methionine-(S)-S-oxide reductase activity	12.0316644796	0.80835073562	1	88
PvWBCH1.9NG286200.1.v1.1	BP	0034599	cellular response to oxidative stress	7.53411702649	0.703249985114	1	88
PvWBCH1.9NG286200.1.v1.1	CC	0009507	chloroplast	1.49867572773	0.482454438242	1	23
PvWBCH1.9NG286200.1.v1.1	MF	0008113	peptide-methionine (S)-S-oxide reductase activity	11.2181461632	0.791025636056	2	100
PvWBCH1.9NG286200.1.v1.1	BP	0009651	response to salt stress	2.7073503751	0.543612486598	9	23
PvWBCH1.9NG286200.1.v1.1	CC	0016020	membrane	0.0261833047181	0.328195183777	9	3
PvWBCH1.9NG317100.1.v1.1	BP	0042744	hydrogen peroxide catabolic process	9.32950957537	0.748202450453	1	38
PvWBCH1.9NG317100.1.v1.1	MF	0140825	lactoperoxidase activity	8.59089299391	0.730284469437	1	27
PvWBCH1.9NG317100.1.v1.1	CC	0005576	extracellular region	4.89058509742	0.62580496918	1	33
PvWBCH1.9NG317100.1.v1.1	CC	0016020	membrane	0.0225243412557	0.326491777983	3	1
PvWBCH1.9NG317100.1.v1.1	BP	0006979	response to oxidative stress	7.11068445268	0.69188838405	4	38
PvWBCH1.9NG317100.1.v1.1	BP	0098869	cellular oxidant detoxification	6.99530613124	0.688734267973	5	40
PvWBCH1.9NG317100.1.v1.1	MF	0020037	heme binding	5.28045694047	0.638358635276	5	38
PvWBCH1.9NG317100.1.v1.1	MF	0046872	metal ion binding	2.40130017321	0.529703794643	8	38
PvWBCH1.9NG332100.4.v1.1	MF	0016157	sucrose synthase activity	14.3375051026	0.846857747306	1	100
PvWBCH1.9NG332100.4.v1.1	BP	0005985	sucrose metabolic process	11.6605699153	0.800522813055	1	100
PvWBCH1.9NG332100.4.v1.1	BP	0010037	response to carbon dioxide	3.81809247616	0.588419925981	5	25
PvWBCH1.9NG332100.4.v1.1	MF	0046872	metal ion binding	0.0234044773416	0.326913453851	9	1
PvWBCH1.9NG332100.4.v1.1	BP	0009987	cellular process	0.410477506968	0.39772748894	11	100
PvWBCH1.9NG341200.1.v1.1	CC	0016020	membrane	0.921225833966	0.444063700821	1	8
PvWBCH1.9NG341500.1.v1.1	MF	0051879	Hsp90 protein binding	12.5006673405	0.818073226383	1	64
PvWBCH1.9NG341500.1.v1.1	BP	0051131	chaperone-mediated protein complex assembly	11.582164609	0.798853052949	1	61
PvWBCH1.9NG341500.1.v1.1	CC	0005634	nucleus	3.47379568539	0.575325522423	1	64
PvWBCH1.9NG341500.1.v1.1	BP	0006457	protein folding	6.23807089105	0.667353413218	2	61
PvWBCH1.9NG341500.1.v1.1	CC	0005829	cytosol	3.44421035187	0.574170637764	2	61
PvWBCH1.9NG341500.1.v1.1	MF	0051087	protein-folding chaperone binding	9.3848396614	0.749515635938	3	64
PvWBCH1.9NG341500.1.v1.1	BP	0006950	response to stress	0.477985531749	0.405086194695	17	9
PvWBCH1.9NG348600.1.v1.1	MF	0016705	oxidoreductase activity, acting on paired donors, with incorporation or reduction of molecular oxygen	6.62890574566	0.6785415239	1	51
PvWBCH1.9NG348600.1.v1.1	BP	0006508	proteolysis	0.0860737915549	0.347299262791	1	1
PvWBCH1.9NG348600.1.v1.1	CC	0016020	membrane	0.0322323345357	0.330768287215	1	2
PvWBCH1.9NG348600.1.v1.1	MF	0004497	monooxygenase activity	6.56545152097	0.676747949913	2	51
PvWBCH1.9NG348600.1.v1.1	MF	0005506	iron ion binding	6.34225007675	0.670369129211	3	51
PvWBCH1.9NG348600.1.v1.1	MF	0020037	heme binding	5.4455077572	0.643533082602	4	51
PvWBCH1.9NG348600.1.v1.1	BP	0009987	cellular process	0.00817124788572	0.317825347463	6	1
PvWBCH1.9NG348600.1.v1.1	MF	0008234	cysteine-type peptidase activity	0.157991600336	0.362414324301	15	1
PvWBCH1.9NG358300.1.v1.1	CC	0005854	nascent polypeptide-associated complex	12.8557661554	0.825313707161	1	89
PvWBCH1.9NG358300.1.v1.1	BP	0006612	protein targeting to membrane	0.731736246289	0.428906378862	1	7
PvWBCH1.9NG358300.1.v1.1	MF	0051082	unfolded protein binding	0.673730262634	0.423881718717	1	7
PvWBCH1.9NG358300.1.v1.1	MF	0031491	nucleosome binding	0.118656956094	0.354716490797	3	1
PvWBCH1.9NG358300.1.v1.1	CC	0008023	transcription elongation factor complex	0.109767145975	0.35280639385	5	1
PvWBCH1.9NG358300.1.v1.1	MF	0042393	histone binding	0.09777580219	0.35010276587	5	1
PvWBCH1.9NG358300.1.v1.1	MF	0003746	translation elongation factor activity	0.0850969910798	0.347056856196	7	1
PvWBCH1.9NG358300.1.v1.1	MF	0004222	metalloendopeptidase activity	0.0816023086512	0.346178003054	8	1
PvWBCH1.9NG358300.1.v1.1	BP	0140673	transcription elongation-coupled chromatin remodeling	0.113477713875	0.353612730252	13	1
PvWBCH1.9NG358300.1.v1.1	BP	0034728	nucleosome organization	0.111106050418	0.353098897768	14	1
PvWBCH1.9NG358300.1.v1.1	MF	0046872	metal ion binding	0.0515251129772	0.337659156814	15	2
PvWBCH1.9NG358300.1.v1.1	CC	0016020	membrane	0.0102487538499	0.319399485956	18	1
PvWBCH1.9NG358300.1.v1.1	BP	0006414	translational elongation	0.0784568478522	0.345370737165	19	1
PvWBCH1.9NG358300.1.v1.1	BP	0051603	proteolysis involved in protein catabolic process	0.0754713001034	0.344589402589	20	1
PvWBCH1.9NG358300.1.v1.1	MF	0003723	RNA binding	0.0327629040246	0.330981963703	24	1
PvWBCH1.9NG358300.1.v1.1	BP	0009451	RNA modification	0.0551571080111	0.338801019259	29	1
PvWBCH1.9NG358300.1.v1.1	BP	0015031	protein transport	0.0452712292304	0.335594257342	36	1
PvWBCH1.9NG371600.1.v1.1	MF	0046537	2,3-bisphosphoglycerate-independent phosphoglycerate mutase activity	11.2333425403	0.791354918921	1	95
PvWBCH1.9NG371600.1.v1.1	BP	0006007	glucose catabolic process	11.0299009575	0.786927999065	1	100
PvWBCH1.9NG371600.1.v1.1	CC	0005737	cytoplasm	1.53840518355	0.484795136028	1	100
PvWBCH1.9NG371600.1.v1.1	MF	0030145	manganese ion binding	8.53277045343	0.728842359097	4	100
PvWBCH1.9NG371600.1.v1.1	BP	0006096	glycolytic process	7.5503527648	0.703679184112	5	99
PvWBCH1.9NG404100.1.v1.1	MF	0008460	dTDP-glucose 4,6-dehydratase activity	11.7664043568	0.802767840471	1	27
PvWBCH1.9NG404100.1.v1.1	BP	0009225	nucleotide-sugar metabolic process	7.78775121388	0.709902998943	1	27
PvWBCH1.9NG404100.1.v1.1	MF	0010280	UDP-L-rhamnose synthase activity	3.37586709717	0.571483697111	5	5
PvWBCH1.9NG404100.1.v1.1	MF	0050377	UDP-glucose 4,6-dehydratase activity	3.3657519385	0.571083713371	6	5
PvWBCH1.9NG404100.1.v1.1	BP	0051555	flavonol biosynthetic process	3.13510247387	0.561794322887	10	5
PvWBCH1.9NG404100.1.v1.1	BP	0010315	auxin export across the plasma membrane	3.0869905212	0.559813983619	14	5
PvWBCH1.9NG404100.1.v1.1	BP	1901293	nucleoside phosphate biosynthetic process	0.891304851889	0.44178178524	37	5
PvWBCH1.9NG404100.1.v1.1	BP	1901137	carbohydrate derivative biosynthetic process	0.806282849734	0.435079805078	38	5
PvWBCH1.9NG404200.3.v1.1	MF	0048040	UDP-glucuronate decarboxylase activity	12.1976765746	0.81181350123	1	99
PvWBCH1.9NG404200.3.v1.1	BP	0042732	D-xylose metabolic process	10.3752690815	0.77239884868	1	99
PvWBCH1.9NG404200.3.v1.1	CC	0005737	cytoplasm	1.37925437888	0.475225292083	1	90
PvWBCH1.9NG404200.3.v1.1	BP	0033320	UDP-D-xylose biosynthetic process	10.0759633024	0.765603392636	2	80
PvWBCH1.9NG404200.3.v1.1	MF	0070403	NAD+ binding	9.14923242738	0.743896576986	2	99
PvWBCH1.9NG404200.3.v1.1	MF	0008460	dTDP-glucose 4,6-dehydratase activity	0.124929565847	0.356021487059	18	1
PvWBCH1.9NG437100.1.v1.1	MF	0008374	O-acyltransferase activity	8.62547958711	0.731140301982	1	15
PvWBCH1.9NG437100.1.v1.1	BP	0006629	lipid metabolic process	4.27501238482	0.604917016689	1	15
PvWBCH1.9NG437100.1.v1.1	CC	0016020	membrane	0.0879385813327	0.347758246919	1	1
PvWBCH1.9NG437100.1.v1.1	BP	0009987	cellular process	0.410427091237	0.397721775847	4	15
PvWBCH1.9NG442300.1.v1.1	MF	0140662	ATP-dependent protein folding chaperone	8.53760264042	0.728962439973	1	100
PvWBCH1.9NG442300.1.v1.1	BP	0006457	protein folding	6.54921011182	0.67628748466	1	100
PvWBCH1.9NG442300.1.v1.1	CC	0005737	cytoplasm	0.221426097784	0.373025216989	1	14
PvWBCH1.9NG442300.1.v1.1	MF	0005524	ATP binding	3.05184643506	0.558357644206	4	100
PvWBCH1.9NG442300.1.v1.1	BP	0009408	response to heat	1.7694110897	0.497843896566	6	19
PvWBCH1.9NG442300.1.v1.1	MF	0031072	heat shock protein binding	1.46236417968	0.480287819893	18	14
PvWBCH1.9NG442300.1.v1.1	MF	0016887	ATP hydrolysis activity	0.662194428327	0.42285697872	21	14
PvWBCH1.9NG449100.1.v1.1	BP	0010115	regulation of abscisic acid biosynthetic process	17.2822558046	0.863876742586	1	8
PvWBCH1.9NG449100.1.v1.1	BP	0009408	response to heat	8.42113070035	0.726058559188	9	8
PvWBCH1.9NG479100.4.v1.1	BP	0009414	response to water deprivation	12.8436971496	0.825069273452	1	1
PvWBCH1.9NG497900.1.v1.1	MF	0016161	beta-amylase activity	14.6711213434	0.848868613057	1	100
PvWBCH1.9NG497900.1.v1.1	BP	0000272	polysaccharide catabolic process	7.61065714379	0.705269331064	1	100
PvWBCH1.9NG497900.1.v1.1	CC	0009507	chloroplast	0.12133099834	0.35527693438	1	2
PvWBCH1.9NG497900.1.v1.1	BP	0009987	cellular process	0.41047559936	0.397727272777	10	100
PvWBCH1.9NG497900.1.v1.1	BP	0009414	response to water deprivation	0.221966824674	0.373108591882	12	2
PvWBCH1.9NG497900.1.v1.1	BP	0005982	starch metabolic process	0.219750106286	0.372766146364	14	2
PvWBCH1.9NG501800.1.v1.1	BP	0016126	sterol biosynthetic process	10.140663184	0.767080803597	1	96
PvWBCH1.9NG501800.1.v1.1	MF	0008757	S-adenosylmethionine-dependent methyltransferase activity	6.13906550733	0.664464038856	1	96
PvWBCH1.9NG501800.1.v1.1	CC	0016020	membrane	0.825488692608	0.436623504827	1	89
PvWBCH1.9NG501800.1.v1.1	BP	0032259	methylation	5.07405136297	0.631772511605	7	100
PvWBCH1.9NG501800.1.v1.1	BP	0009987	cellular process	0.41047418284	0.397727112262	13	100
PvWBCH1.9NG503500.1.v1.1	MF	0004568	chitinase activity	11.3657721421	0.79421509548	1	19
PvWBCH1.9NG503500.1.v1.1	BP	0006032	chitin catabolic process	11.0519715908	0.787410222729	1	19
PvWBCH1.9NG503500.1.v1.1	BP	0050832	defense response to fungus	10.9105673712	0.784312268723	2	18
PvWBCH1.9NG503500.1.v1.1	MF	0008061	chitin binding	0.715317171018	0.427504969481	7	2
PvWBCH1.9NG503500.1.v1.1	BP	0016998	cell wall macromolecule catabolic process	9.59585310183	0.754488566751	8	19
PvWBCH1.9NG503500.1.v1.1	BP	0000272	polysaccharide catabolic process	7.30872883317	0.697243274479	12	18
PvWBCH1.9NG503500.1.v1.1	BP	0048364	root development	0.337025326613	0.3889942373	35	1
PvWBCH1.9NG503500.1.v1.1	BP	0048367	shoot system development	0.301477646573	0.384424935132	37	1
PvWBCH1.9NG518000.1.v1.1	MF	0140662	ATP-dependent protein folding chaperone	8.53760500507	0.728962498727	1	100
PvWBCH1.9NG518000.1.v1.1	BP	0006457	protein folding	6.54921192575	0.676287536119	1	100
PvWBCH1.9NG518000.1.v1.1	CC	0005737	cytoplasm	1.49179253948	0.482045768998	1	97
PvWBCH1.9NG518000.1.v1.1	MF	0051082	unfolded protein binding	7.75174476264	0.708965191305	3	100
PvWBCH1.9NG518000.1.v1.1	CC	0101031	protein folding chaperone complex	1.32531710268	0.471857750309	3	12
PvWBCH1.9NG518000.1.v1.1	MF	0016887	ATP hydrolysis activity	4.60073850537	0.616144303108	4	100
PvWBCH1.9NG518000.1.v1.1	CC	0016020	membrane	0.00867496370315	0.318223853251	9	1
PvWBCH1.9NG518000.1.v1.1	MF	0005524	ATP binding	3.05184728032	0.558357679334	11	100
