qpid	ontology	goid	desc	ARGOT_score	ARGOT_PPV	ARGOT_rank	goclasscount
Td00001aa000108_T001	MF	0004190	aspartic-type endopeptidase activity	7.85901337511	0.71175269112	1	100
Td00001aa000108_T001	BP	0006508	proteolysis	4.32382043599	0.60662594987	1	100
Td00001aa000108_T001	CC	0016020	membrane	0.0230957813759	0.326766474176	1	2
Td00001aa000108_T001	BP	0009987	cellular process	0.410473478135	0.397727032407	6	100
Td00001aa000125_T004	MF	0008422	beta-glucosidase activity	10.0983989308	0.766116242231	1	4
Td00001aa000125_T004	BP	0005975	carbohydrate metabolic process	4.15388489959	0.60063330582	1	4
Td00001aa000125_T004	BP	0009987	cellular process	0.410383020736	0.397716781505	4	4
Td00001aa000125_T004	MF	0047701	beta-L-arabinosidase activity	5.45999382125	0.643983462805	5	1
Td00001aa000125_T004	MF	0033907	beta-D-fucosidase activity	4.42284017237	0.610063580454	7	1
Td00001aa000125_T004	MF	0102726	DIMBOA glucoside beta-D-glucosidase activity	3.84206309273	0.589309152816	9	1
Td00001aa000125_T004	MF	0004567	beta-mannosidase activity	2.98403440635	0.555523676615	10	1
Td00001aa000125_T004	MF	0004565	beta-galactosidase activity	2.6981330591	0.543205444823	11	1
Td00001aa000236_T001	BP	1901259	chloroplast rRNA processing	10.815020261	0.78220759655	1	6
Td00001aa000236_T001	CC	0009535	chloroplast thylakoid membrane	4.66079286975	0.618170385371	1	4
Td00001aa000236_T001	MF	0003729	mRNA binding	3.94363915537	0.59304684333	1	9
Td00001aa000236_T001	BP	0006397	mRNA processing	4.10720160866	0.598965689137	6	4
Td00001aa000236_T001	MF	0008270	zinc ion binding	0.131627661975	0.357379324811	6	1
Td00001aa000236_T001	CC	1990904	ribonucleoprotein complex	2.78344616711	0.546946789203	16	4
Td00001aa000236_T001	BP	0009409	response to cold	0.296525934902	0.383767491086	24	1
Td00001aa000441_T001	MF	0008234	cysteine-type peptidase activity	7.93489749049	0.713713155275	1	15
Td00001aa000441_T001	BP	0006508	proteolysis	4.3229305302	0.606594877872	1	15
Td00001aa000441_T001	CC	0005764	lysosome	0.398881489329	0.396404058769	1	1
Td00001aa000441_T001	CC	0005615	extracellular space	0.377413331589	0.393902132073	3	1
Td00001aa000441_T001	BP	0009987	cellular process	0.410388996661	0.397717458749	6	15
Td00001aa000441_T001	MF	0004175	endopeptidase activity	0.308614763399	0.385363110536	7	1
Td00001aa000441_T001	BP	0030163	protein catabolic process	0.362515453975	0.392123840094	8	1
Td00001aa000549_T001	MF	0005200	structural constituent of cytoskeleton	10.0096415788	0.764084015602	1	98
Td00001aa000549_T001	CC	0005874	microtubule	7.77512913836	0.709574497381	1	100
Td00001aa000549_T001	BP	0007017	microtubule-based process	7.16233051367	0.693291946279	1	100
Td00001aa000549_T001	BP	0007010	cytoskeleton organization	6.65615278054	0.679309043295	2	98
Td00001aa000549_T001	MF	0005525	GTP binding	5.98809873335	0.66001299599	2	100
Td00001aa000549_T001	BP	0000278	mitotic cell cycle	0.552540483935	0.412631613184	7	7
Td00001aa000549_T001	CC	0005737	cytoplasm	0.184820843393	0.367122633989	13	12
Td00001aa000549_T001	MF	0016787	hydrolase activity	2.20840067803	0.520477199516	15	98
Td00001aa000549_T001	MF	0046872	metal ion binding	0.694922534008	0.425741643997	21	28
Td00001aa000669_T001	MF	0035251	UDP-glucosyltransferase activity	10.0621390187	0.765287102965	1	48
Td00001aa000735_T001	MF	0042973	glucan endo-1,3-beta-D-glucosidase activity	6.51149039116	0.675215873312	1	33
Td00001aa000735_T001	BP	0005975	carbohydrate metabolic process	4.15446444936	0.600653949398	1	61
Td00001aa000735_T001	CC	0005886	plasma membrane	0.142341542175	0.359481314582	1	4
Td00001aa000735_T001	BP	0009987	cellular process	0.41044027735	0.397723270126	4	61
Td00001aa000735_T001	MF	0004523	RNA-DNA hybrid ribonuclease activity	0.126687322322	0.356381272082	8	1
Td00001aa000735_T001	MF	0003676	nucleic acid binding	0.029761504858	0.329749211512	18	1
Td00001aa000821_T001	MF	0042973	glucan endo-1,3-beta-D-glucosidase activity	7.23860717859	0.695355660001	1	55
Td00001aa000821_T001	BP	0005975	carbohydrate metabolic process	4.15481417353	0.600666405886	1	100
Td00001aa000821_T001	CC	0016020	membrane	0.30325025587	0.384658972445	1	31
Td00001aa000821_T001	CC	0071944	cell periphery	0.190531554601	0.368079684339	3	7
Td00001aa000821_T001	BP	0009987	cellular process	0.410474828346	0.397727185408	4	100
Td00001aa000821_T001	BP	0010150	leaf senescence	0.204546984161	0.370369416389	5	2
Td00001aa000911_T001	CC	0016020	membrane	0.889453206384	0.441639320607	1	96
Td00001aa000911_T001	MF	0016757	glycosyltransferase activity	0.375667201126	0.393695542742	1	7
Td00001aa000967_T002	CC	0005634	nucleus	3.47275511619	0.575284986695	1	14
Td00001aa000967_T002	MF	0003677	DNA binding	3.20519414094	0.564652373102	1	14
Td00001aa000967_T002	BP	0006325	chromatin organization	0.933462048297	0.44498619926	1	3
Td00001aa000967_T002	MF	0030527	structural constituent of chromatin	1.25997151406	0.467684753366	4	3
Td00001aa000967_T002	MF	0003682	chromatin binding	1.19391698759	0.463354970316	5	3
Td00001aa000967_T002	CC	0000785	chromatin	1.02579347273	0.451760684132	6	3
Td00001aa001138_T001	BP	0030245	cellulose catabolic process	10.2854684064	0.770370421899	1	100
Td00001aa001138_T001	MF	0008810	cellulase activity	6.59906117854	0.677699022505	1	56
Td00001aa001138_T001	CC	0016020	membrane	0.529193246392	0.410326712443	1	59
Td00001aa001138_T001	CC	0098827	endoplasmic reticulum subcompartment	0.22190737553	0.373099430367	3	3
Td00001aa001138_T001	CC	0005576	extracellular region	0.0598254172054	0.34021480908	11	1
Td00001aa001138_T001	BP	0140042	lipid droplet formation	0.463569968415	0.403560832421	16	3
Td00001aa001138_T001	BP	0006629	lipid metabolic process	0.14200246194	0.359416026767	29	3
Td00001aa001138_T001	BP	0071555	cell wall organization	0.0727594942279	0.343866201337	32	1
Td00001aa001268_T005	MF	0008422	beta-glucosidase activity	10.0974450008	0.766094448222	1	7
Td00001aa001268_T005	BP	0005975	carbohydrate metabolic process	4.15349250913	0.600619328043	1	7
Td00001aa001268_T005	BP	0009987	cellular process	0.410344254523	0.397712388056	4	7
Td00001aa001268_T005	MF	0102726	DIMBOA glucoside beta-D-glucosidase activity	4.00265837541	0.595196483	5	2
Td00001aa001507_T002	CC	0030126	COPI vesicle coat	11.5541979706	0.798256094059	1	100
Td00001aa001507_T002	BP	0006890	retrograde vesicle-mediated transport, Golgi to endoplasmic reticulum	10.6113494996	0.777689963904	1	100
Td00001aa001507_T002	BP	0006891	intra-Golgi vesicle-mediated transport	9.30759195897	0.747681188737	2	86
Td00001aa001507_T002	BP	0006886	intracellular protein transport	5.83741553964	0.655514003881	5	86
Td00001aa001507_T002	CC	0000139	Golgi membrane	7.85308318848	0.711599086981	11	100
Td00001aa001511_T001	MF	0004364	glutathione transferase activity	10.150695588	0.767309469325	1	100
Td00001aa001511_T001	BP	0006749	glutathione metabolic process	8.60535876161	0.730642628749	1	100
Td00001aa001511_T001	CC	0005737	cytoplasm	1.3427441032	0.472953165312	1	88
Td00001aa001511_T001	MF	0004462	lactoylglutathione lyase activity	0.179993931597	0.366302104344	5	2
Td00001aa001511_T001	BP	0009407	toxin catabolic process	0.11194580152	0.353281455426	7	1
Td00001aa001511_T001	BP	0006952	defense response	0.104833313021	0.351712816675	8	1
Td00001aa001541_T001	MF	0016787	hydrolase activity	2.2529009937	0.522640362866	1	7
Td00001aa001592_T001	BP	0043450	alkene biosynthetic process	9.05235152509	0.741565069899	1	36
Td00001aa001592_T001	MF	0031418	L-ascorbic acid binding	6.87430386478	0.68539833642	1	36
Td00001aa001592_T001	BP	0009692	ethylene metabolic process	9.05215316086	0.741560283359	3	36
Td00001aa001592_T001	MF	0016491	oxidoreductase activity	3.02806163877	0.557367260746	7	64
Td00001aa001592_T001	BP	0009835	fruit ripening	8.26516455517	0.722138372605	8	33
Td00001aa001592_T001	MF	0046872	metal ion binding	2.47633402698	0.533192120967	8	64
Td00001aa001700_T002	BP	0009734	auxin-activated signaling pathway	11.178947344	0.79017522492	1	100
Td00001aa001700_T002	CC	0016020	membrane	0.921530337826	0.444086731699	1	100
Td00001aa001700_T002	CC	0009506	plasmodesma	0.849992025579	0.438567157567	2	7
Td00001aa001700_T002	CC	0071944	cell periphery	0.179700340616	0.366251843752	8	7
Td00001aa001700_T002	BP	0006811	monoatomic ion transport	0.232701759277	0.374743275901	20	6
Td00001aa001759_T002	CC	0005802	trans-Golgi network	7.32648375331	0.697719783256	1	76
Td00001aa001759_T002	MF	0008168	methyltransferase activity	5.31593586538	0.639477670234	1	100
Td00001aa001759_T002	BP	0032259	methylation	5.07408033781	0.63177344546	1	100
Td00001aa001759_T002	CC	0005768	endosome	5.59777571111	0.648237667845	3	76
Td00001aa001759_T002	BP	0009987	cellular process	0.41047652681	0.397727377872	3	100
Td00001aa001759_T002	MF	0016301	kinase activity	0.144043272086	0.359807804049	5	3
Td00001aa001759_T002	MF	0016829	lyase activity	0.0423826675729	0.334592398294	7	1
Td00001aa001759_T002	CC	0016020	membrane	0.895531116354	0.442106398495	15	97
Td00001aa001768_T001	CC	1990904	ribonucleoprotein complex	4.47689626462	0.611923994868	1	100
Td00001aa001768_T001	MF	0003735	structural constituent of ribosome	3.82842538793	0.588803582503	1	100
Td00001aa001768_T001	BP	0006412	translation	3.30243903976	0.568566357031	1	100
Td00001aa001768_T001	CC	0005840	ribosome	3.35509194186	0.570661534087	2	100
Td00001aa001768_T001	MF	0003723	RNA binding	0.0333110444444	0.331200907201	3	1
Td00001aa001768_T001	BP	0042254	ribosome biogenesis	0.801087724113	0.434659087912	8	14
Td00001aa001768_T001	CC	0005829	cytosol	0.505790863511	0.407964752007	13	14
Td00001aa001768_T001	BP	0009451	RNA modification	0.0560799151079	0.339085099875	14	1
Td00001aa001856_T001	BP	0005983	starch catabolic process	15.6345510198	0.854550665496	1	4
Td00001aa001856_T001	MF	0004556	alpha-amylase activity	11.4841739829	0.7967582277	1	4
Td00001aa001856_T001	CC	0005576	extracellular region	1.40270917068	0.476669106394	1	1
Td00001aa001856_T001	MF	0005509	calcium ion binding	6.92102037973	0.686689724347	3	4
Td00001aa001856_T001	BP	0005987	sucrose catabolic process	3.38052967949	0.57166786783	11	1
Td00001aa001856_T001	BP	0009987	cellular process	0.410354152116	0.397713509789	20	4
Td00001aa002093_T001	MF	0004842	ubiquitin-protein transferase activity	7.80057944672	0.710236593291	1	2
Td00001aa002186_T003	MF	0016491	oxidoreductase activity	1.52954139321	0.484275561741	1	3
Td00001aa002186_T003	CC	0016020	membrane	0.455470869907	0.40269342105	1	2
Td00001aa002280_T001	CC	0012505	endomembrane system	4.88081148417	0.625483951833	1	74
Td00001aa002280_T001	CC	0016020	membrane	0.92151179152	0.444085329074	2	74
Td00001aa002316_T001	CC	0009505	plant-type cell wall	7.76510345847	0.709313379437	1	34
Td00001aa002316_T001	MF	0004557	alpha-galactosidase activity	6.76147538479	0.682261195035	1	32
Td00001aa002316_T001	BP	0005975	carbohydrate metabolic process	4.15473172897	0.60066346942	1	51
Td00001aa002316_T001	CC	0005576	extracellular region	0.125812314187	0.356202485887	5	2
Td00001aa002316_T001	BP	0009057	macromolecule catabolic process	0.794558735123	0.434128411081	6	7
Td00001aa002316_T001	CC	0016020	membrane	0.0302601451057	0.329958183816	6	2
Td00001aa002316_T001	BP	0009987	cellular process	0.410466683236	0.397726262428	9	51
Td00001aa002372_T002	CC	0009501	amyloplast	13.6741452489	0.841628813948	1	94
Td00001aa002372_T002	BP	0019252	starch biosynthetic process	13.117646633	0.830589597415	1	100
Td00001aa002372_T002	MF	0004373	alpha-1,4-glucan glucosyltransferase (UDP-glucose donor) activity	12.0984033086	0.809745662184	1	100
Td00001aa002372_T002	CC	0009507	chloroplast	5.63378967283	0.649340991502	2	93
Td00001aa002372_T002	CC	0043036	starch grain	0.134837727421	0.358017813165	11	1
Td00001aa002603_T003	MF	0003978	UDP-glucose 4-epimerase activity	11.1964471629	0.790555064184	1	1
Td00001aa002603_T003	BP	0005996	monosaccharide metabolic process	6.56950591218	0.67686280836	1	1
Td00001aa002603_T003	CC	0005829	cytosol	3.60946287568	0.580559475434	1	1
Td00001aa002603_T003	BP	0009987	cellular process	0.409733731994	0.397643168985	6	1
Td00001aa002733_T002	BP	0006334	nucleosome assembly	10.7690544183	0.781191768096	1	22
Td00001aa002733_T002	MF	0031492	nucleosomal DNA binding	10.4346954799	0.773736354871	1	18
Td00001aa002733_T002	CC	0000786	nucleosome	9.56433942877	0.753749385648	1	22
Td00001aa002733_T002	MF	0030527	structural constituent of chromatin	9.27473245195	0.746898547345	2	22
Td00001aa002733_T002	BP	0045910	negative regulation of DNA recombination	9.40828426767	0.750070894364	3	18
Td00001aa002733_T002	CC	0005634	nucleus	3.47337659639	0.575309197399	5	22
Td00001aa002733_T002	MF	0003690	double-stranded DNA binding	4.71549179692	0.62000445949	7	18
Td00001aa002733_T002	BP	0030261	chromosome condensation	7.77501744633	0.709571589299	8	18
Td00001aa002733_T002	BP	0048523	negative regulation of cellular process	4.23344073805	0.603453745446	19	18
Td00001aa002742_T001	BP	0045493	xylan catabolic process	9.77300255622	0.758621363028	1	10
Td00001aa002742_T001	MF	0004568	chitinase activity	5.07150880678	0.631690554961	1	5
Td00001aa002742_T001	CC	0005576	extracellular region	4.03718835008	0.596446813988	1	8
Td00001aa002742_T001	MF	0004857	enzyme inhibitor activity	2.50573248985	0.534544421975	4	3
Td00001aa002742_T001	BP	0050832	defense response to fungus	3.50000924938	0.576344685214	16	3
Td00001aa002847_T001	MF	0003735	structural constituent of ribosome	3.7616454502	0.586314846008	1	1
Td00001aa002847_T001	CC	0005840	ribosome	3.29656844767	0.568331721242	1	1
Td00001aa002847_T001	BP	0006412	translation	3.24483397995	0.566254897856	1	1
Td00001aa003164_T002	MF	0003843	1,3-beta-D-glucan synthase activity	13.9314595501	0.844378480291	1	100
Td00001aa003164_T002	CC	0000148	1,3-beta-D-glucan synthase complex	13.5477473063	0.839141482642	1	100
Td00001aa003164_T002	BP	0006075	(1->3)-beta-D-glucan biosynthetic process	13.1746300407	0.831730598859	1	100
Td00001aa003164_T002	CC	0005886	plasma membrane	2.54972906051	0.536553487729	5	100
Td00001aa003164_T002	BP	0008360	regulation of cell shape	6.83573277262	0.684328802219	7	100
Td00001aa003164_T002	MF	0003677	DNA binding	0.0902727797687	0.34832596276	9	3
Td00001aa003277_T001	MF	0030246	carbohydrate binding	7.0854175091	0.691199858682	1	1
Td00001aa003331_T001	MF	0016787	hydrolase activity	2.20780218676	0.520447959007	1	98
Td00001aa003331_T001	CC	0005737	cytoplasm	1.46622741678	0.480519598672	1	96
Td00001aa003350_T001	MF	0061749	forked DNA-dependent helicase activity	12.314993496	0.814246367345	1	60
Td00001aa003350_T001	CC	0042555	MCM complex	11.2010687121	0.790655326856	1	97
Td00001aa003350_T001	BP	0006268	DNA unwinding involved in DNA replication	9.48598155278	0.751906136493	1	97
Td00001aa003350_T001	MF	0036121	double-stranded DNA helicase activity	11.880175927	0.805170003373	2	60
Td00001aa003350_T001	BP	0006270	DNA replication initiation	9.2093259589	0.745336570843	2	97
Td00001aa003350_T001	CC	0005634	nucleus	3.37426237611	0.571420281655	2	97
Td00001aa003350_T001	MF	0140584	chromatin extrusion motor activity	11.7354143817	0.802111510547	3	43
Td00001aa003350_T001	BP	0000727	double-strand break repair via break-induced replication	8.96310892967	0.739406319357	3	76
Td00001aa003350_T001	MF	0140665	ATP-dependent H3-H4 histone complex chaperone activity	10.5234385383	0.775726618823	4	43
Td00001aa003350_T001	BP	0140588	chromatin looping	8.14129386959	0.718998472486	4	43
Td00001aa003350_T001	MF	0003688	DNA replication origin binding	10.5216482963	0.775686551716	5	97
Td00001aa003350_T001	MF	0017116	single-stranded DNA helicase activity	10.303200431	0.770771654164	6	92
Td00001aa003350_T001	MF	0043138	3'-5' DNA helicase activity	8.74200297662	0.734011074206	9	92
Td00001aa003350_T001	MF	0003697	single-stranded DNA binding	6.43208315774	0.672949733873	12	76
Td00001aa003350_T001	MF	0140849	ATP-dependent H2AZ histone chaperone activity	6.40716171325	0.672235640023	13	43
Td00001aa003350_T001	MF	0009378	four-way junction helicase activity	6.22450409812	0.666958842378	16	60
Td00001aa003350_T001	MF	0061775	cohesin loader activity	5.69875321804	0.65132233345	20	43
Td00001aa003350_T001	MF	0003689	DNA clamp loader activity	5.36477245773	0.641011927111	21	43
Td00001aa003350_T001	BP	0006338	chromatin remodeling	3.08389072453	0.559685865296	23	43
Td00001aa003350_T001	MF	0005524	ATP binding	2.96426515754	0.554691441628	31	97
Td00001aa003350_T001	MF	0016787	hydrolase activity	2.18885067977	0.519519986118	43	97
Td00001aa003400_T002	BP	0007200	phospholipase C-activating G protein-coupled receptor signaling pathway	12.1500106783	0.81082168609	1	80
Td00001aa003400_T002	MF	0004143	ATP-dependent diacylglycerol kinase activity	11.1788233278	0.790172532048	1	80
Td00001aa003400_T002	CC	0016020	membrane	0.72853391676	0.428634295933	1	65
Td00001aa003400_T002	BP	0006952	defense response	4.13563350753	0.599982452348	3	42
Td00001aa003400_T002	MF	0005524	ATP binding	2.977645709	0.555255031058	6	80
Td00001aa003400_T002	BP	0046486	glycerolipid metabolic process	0.941560651027	0.445593437988	13	9
Td00001aa003400_T002	BP	0035556	intracellular signal transduction	0.6338205458	0.420297854305	14	9
Td00001aa003426_T001	BP	0009651	response to salt stress	10.7958947397	0.781785192217	1	1
Td00001aa003426_T001	MF	0051082	unfolded protein binding	7.72854410118	0.7083597632	1	1
Td00001aa003426_T001	BP	0042542	response to hydrogen peroxide	10.2170275526	0.768818519962	2	1
Td00001aa003426_T001	BP	0051259	protein complex oligomerization	8.71509506292	0.733349854561	5	1
Td00001aa003426_T001	BP	0009408	response to heat	8.39884428741	0.72550062983	6	1
Td00001aa003426_T001	BP	0006457	protein folding	6.52961039688	0.675731046116	11	1
Td00001aa003480_T001	CC	0005886	plasma membrane	2.41706556969	0.530441201575	1	20
Td00001aa003480_T001	BP	0009409	response to cold	0.59298615276	0.416512122679	1	2
Td00001aa003480_T001	CC	0005737	cytoplasm	1.45837237734	0.480048005881	3	20
Td00001aa003491_T001	BP	0043450	alkene biosynthetic process	12.4199368649	0.816412835212	1	43
Td00001aa003491_T001	MF	0031418	L-ascorbic acid binding	9.4316288706	0.750623097343	1	43
Td00001aa003491_T001	BP	0009692	ethylene metabolic process	12.4196647068	0.816407228598	3	43
Td00001aa003491_T001	MF	0016491	oxidoreductase activity	3.02804232624	0.557366455007	7	52
Td00001aa003491_T001	BP	0009835	fruit ripening	10.6979056927	0.779615122559	8	37
Td00001aa003491_T001	MF	0046872	metal ion binding	2.47631823328	0.533191392322	8	52
Td00001aa003563_T002	MF	0008143	poly(A) binding	11.3009408023	0.792816980828	1	93
Td00001aa003563_T002	CC	0016607	nuclear speck	0.0869592710604	0.347517820941	1	1
Td00001aa003586_T003	MF	0009044	xylan 1,4-beta-xylosidase activity	12.8945947279	0.826099325309	1	100
Td00001aa003586_T003	BP	0031222	arabinan catabolic process	11.0931345252	0.788308311467	1	86
Td00001aa003586_T003	CC	0009505	plant-type cell wall	9.43216245634	0.75063571101	1	77
Td00001aa003586_T003	BP	0045493	xylan catabolic process	10.5318933459	0.775915798427	3	100
Td00001aa003586_T003	MF	0046556	alpha-L-arabinofuranosidase activity	10.1618429223	0.767563414848	3	86
Td00001aa003586_T003	CC	0016020	membrane	0.0105571782246	0.31961902848	6	1
Td00001aa003648_T002	MF	0022857	transmembrane transporter activity	3.25919171192	0.566832922828	1	100
Td00001aa003648_T002	BP	0055085	transmembrane transport	2.72915520141	0.544572650124	1	100
Td00001aa003648_T002	CC	0016020	membrane	0.921543449728	0.44408772332	1	100
Td00001aa003648_T002	MF	0003924	GTPase activity	0.0617233407643	0.340773753094	3	1
Td00001aa003648_T002	MF	0005525	GTP binding	0.0557438600106	0.338981919876	4	1
Td00001aa003659_T005	CC	0000502	proteasome complex	8.44432587229	0.726638455392	1	6
Td00001aa003659_T005	MF	0016887	ATP hydrolysis activity	4.59976794475	0.616111450608	1	6
Td00001aa003659_T005	BP	1901800	positive regulation of proteasomal protein catabolic process	1.22272813914	0.46525785956	1	1
Td00001aa003659_T005	MF	0005524	ATP binding	3.05120347004	0.558330922419	7	6
Td00001aa003659_T005	CC	0005622	intracellular anatomical structure	0.118887533404	0.35476506389	10	1
Td00001aa003659_T005	BP	0043161	proteasome-mediated ubiquitin-dependent protein catabolic process	1.01688173713	0.451120484698	11	1
Td00001aa003659_T005	MF	0036402	proteasome-activating activity	1.39540834701	0.476220989959	22	1
Td00001aa003659_T005	BP	0048522	positive regulation of cellular process	0.706716273997	0.426764439839	22	1
Td00001aa003659_T005	BP	0009987	cellular process	0.0496644144066	0.337058566648	37	1
Td00001aa003768_T001	CC	0010008	endosome membrane	8.42724447079	0.726211485333	1	100
Td00001aa003768_T001	BP	0072657	protein localization to membrane	6.38153615937	0.671499921087	1	87
Td00001aa003768_T001	MF	0003924	GTPase activity	0.0626463316162	0.341042469857	1	1
Td00001aa003768_T001	CC	0000139	Golgi membrane	7.85325600443	0.711603564093	2	100
Td00001aa003768_T001	MF	0005525	GTP binding	0.0565774356435	0.339237289106	2	1
Td00001aa003768_T001	BP	0009558	embryo sac cellularization	0.187951040323	0.367649021447	9	1
Td00001aa003768_T001	BP	0009960	endosperm development	0.154444653273	0.361762797011	10	1
Td00001aa003768_T001	BP	0009793	embryo development ending in seed dormancy	0.127226760598	0.356491185377	15	1
Td00001aa003911_T001	MF	0003924	GTPase activity	6.63034633219	0.678582143109	1	100
Td00001aa003911_T001	CC	0005794	Golgi apparatus	6.41251679864	0.672389200503	1	99
Td00001aa003911_T001	BP	0016192	vesicle-mediated transport	5.99441965982	0.660200477447	1	99
Td00001aa003911_T001	MF	0005525	GTP binding	5.98802808122	0.660010899858	2	100
Td00001aa003911_T001	BP	0015031	protein transport	5.393525289	0.641911965104	2	99
Td00001aa003911_T001	BP	0046907	intracellular transport	0.60391258384	0.41753755209	13	10
Td00001aa004040_T001	BP	0009415	response to water	12.8206167871	0.824601506582	1	22
Td00001aa004040_T001	CC	0005829	cytosol	2.3971684856	0.529510140048	1	16
Td00001aa004040_T001	BP	0009631	cold acclimation	12.7117104966	0.822388613811	2	19
Td00001aa004040_T001	CC	0016020	membrane	0.768993283326	0.432029164578	3	19
Td00001aa004040_T001	BP	0009737	response to abscisic acid	10.0040754385	0.763956271197	4	19
Td00001aa004055_T001	BP	0098542	defense response to other organism	7.28554492461	0.696620189665	1	1
Td00001aa004055_T001	CC	0016020	membrane	0.919247175842	0.443913953964	1	1
Td00001aa004234_T001	MF	0015267	channel activity	6.15300224238	0.664872170491	1	8
Td00001aa004234_T001	BP	0055085	transmembrane transport	2.72855968682	0.544546478022	1	8
Td00001aa004234_T001	CC	0005886	plasma membrane	1.60737408573	0.488787838122	1	5
Td00001aa004249_T001	BP	0009800	cinnamic acid biosynthetic process	13.060265242	0.82943811993	1	84
Td00001aa004249_T001	MF	0045548	phenylalanine ammonia-lyase activity	11.3936102259	0.794814211318	1	73
Td00001aa004249_T001	CC	0005737	cytoplasm	1.53840976734	0.484795404331	1	100
Td00001aa004249_T001	CC	0016020	membrane	0.00847895000017	0.318070192295	4	1
Td00001aa004249_T001	BP	0006559	L-phenylalanine catabolic process	10.5261143411	0.775786499168	5	100
Td00001aa004249_T001	MF	0052883	tyrosine ammonia-lyase activity	0.225851991533	0.373704685142	6	1
Td00001aa004249_T001	BP	0016598	protein arginylation	0.247874740541	0.376990753695	42	1
Td00001aa004249_T001	BP	0046898	response to cycloheximide	0.203214687988	0.370155201439	43	1
Td00001aa004249_T001	BP	0009739	response to gibberellin	0.137621668768	0.35856541699	44	1
Td00001aa004274_T001	MF	0015038	glutathione disulfide oxidoreductase activity	11.5129707291	0.797374763309	1	15
Td00001aa004274_T001	BP	0034599	cellular response to oxidative stress	8.60481165757	0.730629088428	1	15
Td00001aa004274_T001	CC	0005737	cytoplasm	1.53779811425	0.484759598896	1	15
Td00001aa004295_T001	BP	0000302	response to reactive oxygen species	7.28027156782	0.696478325939	1	18
Td00001aa004295_T001	CC	0005737	cytoplasm	1.25893787684	0.467617886111	1	18
Td00001aa004295_T001	MF	0016491	oxidoreductase activity	0.127891910961	0.35662639285	1	1
Td00001aa004295_T001	BP	0006629	lipid metabolic process	3.4988261967	0.576298771459	6	18
Td00001aa004295_T001	BP	0009987	cellular process	0.335908514266	0.388854457057	10	18
Td00001aa004529_T003	MF	0009882	blue light photoreceptor activity	13.3357279181	0.834943043449	1	100
Td00001aa004529_T003	BP	0009785	blue light signaling pathway	12.8988728298	0.826185811721	1	100
Td00001aa004529_T003	CC	0005634	nucleus	2.95813312867	0.554432735293	1	86
Td00001aa004529_T003	MF	0003904	deoxyribodipyrimidine photo-lyase activity	10.6688087465	0.778968828361	3	86
Td00001aa004529_T003	BP	0043153	entrainment of circadian clock by photoperiod	11.5400891622	0.797954661824	4	86
Td00001aa004529_T003	MF	0071949	FAD binding	6.57320577762	0.676967592382	5	86
Td00001aa004529_T003	CC	0005737	cytoplasm	1.30997784881	0.470887590949	6	86
Td00001aa004529_T003	BP	0032922	circadian regulation of gene expression	10.500004889	0.775201884241	9	86
Td00001aa004529_T003	CC	0070013	intracellular organelle lumen	0.108422261817	0.352510782077	11	2
Td00001aa004529_T003	MF	0003677	DNA binding	2.73022158341	0.544619509111	13	86
Td00001aa004529_T003	BP	0006950	response to stress	4.24310071097	0.60379440318	21	100
Td00001aa004529_T003	MF	0042803	protein homodimerization activity	0.188681145493	0.367771167245	24	2
Td00001aa004529_T003	MF	0004672	protein kinase activity	0.102597638929	0.351208817717	27	2
Td00001aa004529_T003	MF	0005524	ATP binding	0.059585578602	0.340143548596	33	2
Td00001aa004529_T003	BP	0006139	nucleobase-containing compound metabolic process	2.29681224744	0.524754049009	35	100
Td00001aa004529_T003	BP	1902448	positive regulation of shade avoidance	0.434421371061	0.400402262998	38	2
Td00001aa004529_T003	BP	0071000	response to magnetism	0.415490159944	0.398293780037	40	2
Td00001aa004529_T003	BP	0010617	circadian regulation of calcium ion oscillation	0.409085153244	0.397569578707	42	2
Td00001aa004529_T003	BP	1901332	negative regulation of lateral root development	0.400508449518	0.396590889981	43	2
Td00001aa004529_T003	BP	0010117	photoprotection	0.394792110331	0.395932767435	44	2
Td00001aa004529_T003	BP	1902347	response to strigolactone	0.392581759958	0.395677013297	45	2
Td00001aa004529_T003	BP	1901672	positive regulation of systemic acquired resistance	0.387713207504	0.395111133509	46	2
Td00001aa004529_T003	BP	0010244	response to low fluence blue light stimulus by blue low-fluence system	0.380634304676	0.394281963982	47	2
Td00001aa004529_T003	BP	2000652	regulation of secondary cell wall biogenesis	0.368982477764	0.392900183322	49	2
Td00001aa004529_T003	BP	0010310	regulation of hydrogen peroxide metabolic process	0.345898915516	0.390096725182	52	2
Td00001aa004529_T003	BP	0009646	response to absence of light	0.336004663325	0.388866500207	53	2
Td00001aa004529_T003	BP	0010118	stomatal movement	0.331047960175	0.388243386251	54	2
Td00001aa004529_T003	BP	0010218	response to far red light	0.330164893667	0.388131886349	55	2
Td00001aa004529_T003	BP	1901371	regulation of leaf morphogenesis	0.32880716026	0.387960161614	56	2
Td00001aa004529_T003	BP	1900426	positive regulation of defense response to bacterium	0.319035239549	0.386713612997	58	2
Td00001aa004529_T003	BP	0010075	regulation of meristem growth	0.318170253015	0.386602357543	60	2
Td00001aa004529_T003	BP	0009638	phototropism	0.315654756171	0.386277949536	63	2
Td00001aa004529_T003	BP	0046283	anthocyanin-containing compound metabolic process	0.310095373033	0.385556373611	65	2
Td00001aa004529_T003	BP	0010114	response to red light	0.306749308663	0.385118952645	67	2
Td00001aa004529_T003	BP	0009644	response to high light intensity	0.305466503137	0.384950623077	69	2
Td00001aa004529_T003	BP	0051510	regulation of unidimensional cell growth	0.300727633128	0.38432570388	72	2
Td00001aa004529_T003	BP	0009640	photomorphogenesis	0.278951931484	0.381388687103	77	2
Td00001aa004529_T003	BP	0060918	auxin transport	0.266174914007	0.379611790521	79	2
Td00001aa004529_T003	BP	0009415	response to water	0.250343274164	0.37734982631	84	2
Td00001aa004529_T003	BP	0099402	plant organ development	0.219170169323	0.372676271203	91	2
Td00001aa004529_T003	BP	0009583	detection of light stimulus	0.206609399261	0.370699653249	97	2
Td00001aa004529_T003	BP	0042726	flavin-containing compound metabolic process	0.166981176301	0.364033555592	119	2
Td00001aa004529_T003	BP	0009266	response to temperature stimulus	0.160995703612	0.362960439915	123	2
Td00001aa004529_T003	BP	1901701	cellular response to oxygen-containing compound	0.16080907495	0.36292666193	124	2
Td00001aa004529_T003	BP	0012501	programmed cell death	0.157831067549	0.362384995539	126	2
Td00001aa004529_T003	BP	0019637	organophosphate metabolic process	0.0735451865916	0.34407710135	160	2
Td00001aa004529_T003	BP	0006796	phosphate-containing compound metabolic process	0.0727660154476	0.343867956474	161	2
Td00001aa004529_T003	BP	0044281	small molecule metabolic process	0.0515889148524	0.337679556628	163	2
Td00001aa004680_T001	BP	0098542	defense response to other organism	7.30022854724	0.697014937863	1	6
Td00001aa004680_T001	CC	0012505	endomembrane system	4.87862972525	0.625412247416	1	6
Td00001aa004680_T001	CC	0009506	plasmodesma	3.17627020026	0.563476798966	2	2
Td00001aa004680_T001	CC	0016020	membrane	0.921099868917	0.444054172454	7	6
Td00001aa004680_T001	CC	0071944	cell periphery	0.671508460901	0.42368503999	9	2
Td00001aa004700_T002	MF	0042030	ATPase inhibitor activity	10.4890621981	0.77495665108	1	5
Td00001aa004700_T002	CC	0005739	mitochondrion	3.69255702869	0.583716715518	1	5
Td00001aa004700_T002	CC	0045271	respiratory chain complex I	1.78632301806	0.498764730548	4	1
Td00001aa004721_T002	CC	0009501	amyloplast	14.2237657473	0.846166847368	1	99
Td00001aa004721_T002	BP	0005982	starch metabolic process	12.2446657439	0.812789340241	1	96
Td00001aa004721_T002	MF	0003844	1,4-alpha-glucan branching enzyme activity	11.54173687	0.797989874314	1	98
Td00001aa004721_T002	BP	0005978	glycogen biosynthetic process	9.15295956267	0.743986025931	3	91
Td00001aa004721_T002	MF	0004553	hydrolase activity, hydrolyzing O-glycosyl compounds	6.28429182838	0.668694472471	3	100
Td00001aa004721_T002	MF	0043169	cation binding	2.43305099069	0.53118644851	6	99
Td00001aa004721_T002	CC	0009507	chloroplast	0.0721714044235	0.343707596777	9	1
Td00001aa004721_T002	BP	0009251	glucan catabolic process	4.42373677219	0.610094530595	12	50
Td00001aa004869_T001	MF	0008234	cysteine-type peptidase activity	7.93170814314	0.713630947777	1	2
Td00001aa004869_T001	BP	0006508	proteolysis	4.32119297442	0.606534200063	1	2
Td00001aa004869_T001	BP	0009987	cellular process	0.410224045184	0.397698763183	6	2
Td00001aa004993_T001	BP	0042744	hydrogen peroxide catabolic process	9.16424275376	0.744256704587	1	95
Td00001aa004993_T001	MF	0004601	peroxidase activity	7.99447475261	0.715245772099	1	100
Td00001aa004993_T001	CC	0005576	extracellular region	4.5568960605	0.614656806538	1	83
Td00001aa004993_T001	BP	0098869	cellular oxidant detoxification	6.99549113319	0.688739346136	4	100
Td00001aa004993_T001	BP	0006979	response to oxidative stress	6.98472282421	0.688443652315	5	95
Td00001aa004993_T001	MF	0020037	heme binding	5.18691672508	0.635390146196	5	95
Td00001aa004993_T001	MF	0046872	metal ion binding	2.35876254097	0.5277019843	8	95
Td00001aa005038_T001	BP	0009631	cold acclimation	15.1472013885	0.851698991499	1	1
Td00001aa005179_T001	MF	0071949	FAD binding	7.71321128083	0.70795914988	1	6
Td00001aa005179_T001	MF	0016491	oxidoreductase activity	3.02569497786	0.557268502086	3	6
Td00001aa005184_T001	CC	0005886	plasma membrane	2.54933221204	0.536535443795	1	19
Td00001aa005196_T004	BP	0000390	spliceosomal complex disassembly	10.0325347221	0.764609046277	1	77
Td00001aa005196_T004	CC	0071013	catalytic step 2 spliceosome	8.574797401	0.729885602528	1	89
Td00001aa005196_T004	MF	0003724	RNA helicase activity	8.48756341975	0.727717303525	1	99
Td00001aa005196_T004	MF	0005524	ATP binding	3.02255801333	0.557137539794	7	99
Td00001aa005196_T004	MF	0003723	RNA binding	2.99967519173	0.556180162347	9	89
Td00001aa005196_T004	CC	0016020	membrane	0.0252172648082	0.327757679906	14	3
Td00001aa005196_T004	MF	0016787	hydrolase activity	2.23189485775	0.521621941172	20	99
Td00001aa005196_T004	MF	0140584	chromatin extrusion motor activity	0.751678992061	0.430587561962	26	3
Td00001aa005196_T004	MF	0140665	ATP-dependent H3-H4 histone complex chaperone activity	0.674049285029	0.423909932632	28	3
Td00001aa005196_T004	BP	0140588	chromatin looping	0.521467702029	0.40955287035	28	3
Td00001aa005196_T004	MF	0140849	ATP-dependent H2AZ histone chaperone activity	0.410392739613	0.397717882931	30	3
Td00001aa005196_T004	BP	0006338	chromatin remodeling	0.197529954721	0.36923318477	30	3
Td00001aa005196_T004	MF	0061775	cohesin loader activity	0.365017624059	0.392425031597	33	3
Td00001aa005196_T004	MF	0003689	DNA clamp loader activity	0.343625424933	0.389815618889	34	3
Td00001aa005230_T005	BP	0031408	oxylipin biosynthetic process	13.4393382714	0.836998888172	1	98
Td00001aa005230_T005	MF	0016702	oxidoreductase activity, acting on single donors with incorporation of molecular oxygen, incorporation of two atoms of oxygen	9.30496700271	0.74761871886	1	100
Td00001aa005230_T005	CC	0005737	cytoplasm	0.197767644797	0.36927199986	1	15
Td00001aa005230_T005	BP	0034440	lipid oxidation	8.50188303533	0.728073995552	3	100
Td00001aa005230_T005	BP	0006633	fatty acid biosynthetic process	6.84866683887	0.684687785212	5	98
Td00001aa005230_T005	MF	0046872	metal ion binding	2.47639452051	0.533194911829	5	100
Td00001aa005230_T005	CC	0043231	intracellular membrane-bounded organelle	0.0555260674678	0.338914884209	5	2
Td00001aa005230_T005	BP	0010597	green leaf volatile biosynthetic process	0.529742544632	0.410381518054	21	3
Td00001aa005230_T005	BP	0009751	response to salicylic acid	0.527616600809	0.410169246226	22	3
Td00001aa005230_T005	BP	0009753	response to jasmonic acid	0.499214386352	0.40729121247	24	3
Td00001aa005230_T005	BP	0009694	jasmonic acid metabolic process	0.364583001702	0.39237278944	30	2
Td00001aa005230_T005	BP	0009737	response to abscisic acid	0.318378991647	0.38662921955	33	2
Td00001aa005230_T005	BP	0009723	response to ethylene	0.315829769527	0.386300561666	34	2
Td00001aa005230_T005	BP	0009409	response to cold	0.303544372853	0.384697738435	37	2
Td00001aa005230_T005	BP	0007623	circadian rhythm	0.302531047972	0.384564098227	38	2
Td00001aa005230_T005	BP	0009620	response to fungus	0.299707240509	0.384190500942	39	2
Td00001aa005230_T005	BP	0009611	response to wounding	0.276739302618	0.381083936706	42	2
Td00001aa005268_T001	MF	0004553	hydrolase activity, hydrolyzing O-glycosyl compounds	6.28423127571	0.668692718821	1	100
Td00001aa005268_T001	BP	0005975	carbohydrate metabolic process	4.1547978377	0.600665824048	1	100
Td00001aa005268_T001	CC	0016020	membrane	0.55202850137	0.41258159702	1	58
Td00001aa005268_T001	CC	0071944	cell periphery	0.317336660962	0.386494996892	3	13
Td00001aa005268_T001	BP	0009987	cellular process	0.410473214448	0.397727002527	4	100
Td00001aa005269_T001	MF	0008017	microtubule binding	8.56145259101	0.729554619175	1	2
Td00001aa005269_T001	CC	0005874	microtubule	7.76705770485	0.709364290831	1	2
Td00001aa005269_T001	CC	0005737	cytoplasm	1.5368033447	0.484701351074	12	2
Td00001aa005444_T003	MF	0106290	trans-cinnamate-CoA ligase activity	15.0973226992	0.851404560116	1	100
Td00001aa005444_T003	BP	0009698	phenylpropanoid metabolic process	11.1457412487	0.789453657619	1	100
Td00001aa005444_T003	CC	0005737	cytoplasm	0.0152121319706	0.322608600917	1	1
Td00001aa005444_T003	MF	0016207	4-coumarate-CoA ligase activity	14.4408241002	0.847482978145	2	100
Td00001aa005444_T003	BP	0010044	response to aluminum ion	3.22366893565	0.56540048162	3	21
Td00001aa005444_T003	BP	0044550	secondary metabolite biosynthetic process	1.68875453475	0.493390432737	8	21
Td00001aa005444_T003	MF	0106286	(E)-caffeate-CoA ligase activity	0.472064398275	0.40446248088	8	2
Td00001aa005444_T003	MF	0050563	trans-feruloyl-CoA synthase activity	0.402261077084	0.396791728068	9	2
Td00001aa005444_T003	MF	0005524	ATP binding	0.0618946182711	0.34082376936	10	2
Td00001aa005444_T003	BP	0009987	cellular process	0.410475886371	0.3977273053	12	100
Td00001aa005500_T001	BP	0019464	glycine decarboxylation via glycine cleavage system	10.0629940932	0.765306672754	1	100
Td00001aa005500_T001	CC	0005960	glycine cleavage complex	10.038700877	0.764750358264	1	100
Td00001aa005500_T001	CC	0005739	mitochondrion	4.50228201534	0.612793803607	3	100
Td00001aa005618_T001	MF	0042973	glucan endo-1,3-beta-D-glucosidase activity	6.50181588747	0.674940522402	1	48
Td00001aa005618_T001	BP	0005975	carbohydrate metabolic process	4.15481172442	0.600666318655	1	97
Td00001aa005618_T001	CC	0005886	plasma membrane	0.229413282229	0.374246598808	1	8
Td00001aa005618_T001	BP	0009987	cellular process	0.410474586386	0.39772715799	4	97
Td00001aa005618_T001	BP	0006952	defense response	0.314239691925	0.38609488924	5	5
Td00001aa005697_T003	BP	0016024	CDP-diacylglycerol biosynthetic process	6.36561102205	0.671041960199	1	57
Td00001aa005697_T003	MF	0004605	phosphatidate cytidylyltransferase activity	5.73576383771	0.652446083257	1	49
Td00001aa005697_T003	CC	0016020	membrane	0.913746055975	0.443496774631	1	99
Td00001aa005697_T003	MF	0008270	zinc ion binding	0.0847492878157	0.346970233321	7	2
Td00001aa005697_T003	MF	0003676	nucleic acid binding	0.0361693583309	0.332314489466	11	2
Td00001aa005791_T001	CC	0055028	cortical microtubule	5.79945866294	0.654371587306	1	2
Td00001aa005791_T001	MF	0032454	histone H3K9 demethylase activity	3.39715894844	0.572323687286	1	1
Td00001aa005791_T001	BP	0006338	chromatin remodeling	1.85805025958	0.502622580684	1	1
Td00001aa005791_T001	MF	0016740	transferase activity	0.445557591728	0.401621145932	8	1
Td00001aa005791_T001	CC	0005634	nucleus	0.903616370183	0.442725287818	18	1
Td00001aa005791_T001	CC	0016020	membrane	0.143260619574	0.359657887267	23	1
Td00001aa005911_T002	MF	0016810	hydrolase activity, acting on carbon-nitrogen (but not peptide) bonds	5.66925646076	0.650424110719	1	98
Td00001aa005913_T001	MF	0016887	ATP hydrolysis activity	4.6007465161	0.616144574248	1	100
Td00001aa005913_T001	MF	0005524	ATP binding	3.05185259415	0.558357900166	7	100
Td00001aa005972_T003	BP	0031408	oxylipin biosynthetic process	13.339280032	0.835013656703	1	98
Td00001aa005972_T003	MF	0016702	oxidoreductase activity, acting on single donors with incorporation of molecular oxygen, incorporation of two atoms of oxygen	9.30495605384	0.747618458276	1	100
Td00001aa005972_T003	CC	0005737	cytoplasm	0.0669446906445	0.342268571847	1	6
Td00001aa005972_T003	BP	0034440	lipid oxidation	8.50187303143	0.728073746466	3	100
Td00001aa005972_T003	BP	0006633	fatty acid biosynthetic process	6.79767730856	0.683270604516	5	98
Td00001aa005972_T003	MF	0046872	metal ion binding	2.47639160662	0.533194777398	5	100
Td00001aa006065_T001	MF	0035251	UDP-glucosyltransferase activity	10.0616096896	0.765274987978	1	13
Td00001aa006273_T001	CC	0016020	membrane	0.921343173765	0.444072576163	1	6
Td00001aa006364_T001	MF	0042393	histone binding	9.2710810674	0.746811493842	1	100
Td00001aa006364_T001	BP	0006325	chromatin organization	6.87233375561	0.685343780276	1	100
Td00001aa006364_T001	CC	0005634	nucleus	3.47391179452	0.575330045118	1	100
Td00001aa006364_T001	MF	0003712	transcription coregulator activity	6.91236123549	0.68645068883	2	85
Td00001aa006364_T001	BP	0006355	regulation of DNA-templated transcription	3.43484015573	0.573803831999	3	100
Td00001aa006364_T001	MF	0000976	transcription cis-regulatory region binding	5.13384670204	0.633694065863	4	85
Td00001aa006364_T001	CC	0016020	membrane	0.0266187293203	0.328389739024	7	3
Td00001aa006364_T001	MF	0046872	metal ion binding	2.47635401562	0.533193043144	13	100
Td00001aa006424_T002	BP	0006865	amino acid transport	6.83245130518	0.684237671602	1	100
Td00001aa006424_T002	CC	0005886	plasma membrane	2.5497085366	0.536552554581	1	100
Td00001aa006424_T002	MF	0015171	amino acid transmembrane transporter activity	1.66159744027	0.491867105275	1	20
Td00001aa006424_T002	BP	0055085	transmembrane transport	0.550623286598	0.412444200662	6	20
Td00001aa006485_T001	BP	0098542	defense response to other organism	7.29982374611	0.697004060688	1	5
Td00001aa006485_T001	CC	0012505	endomembrane system	4.87835920293	0.62540335547	1	5
Td00001aa006485_T001	CC	0009506	plasmodesma	3.7926495518	0.587473022416	2	2
Td00001aa006485_T001	CC	0016020	membrane	0.921048793493	0.444050308773	7	5
Td00001aa006485_T001	CC	0071944	cell periphery	0.801819776875	0.434718454185	9	2
Td00001aa006536_T002	MF	0016872	intramolecular lyase activity	11.4927036498	0.796940927551	1	62
Td00001aa006536_T002	BP	0009813	flavonoid biosynthetic process	0.170385101477	0.364635264326	1	1
Td00001aa006536_T002	BP	0009987	cellular process	0.00520304115145	0.315173582229	5	1
Td00001aa006611_T001	BP	0042744	hydrogen peroxide catabolic process	9.62115367225	0.755081136059	1	100
Td00001aa006611_T001	MF	0004601	peroxidase activity	7.99452745972	0.715247125449	1	100
Td00001aa006611_T001	CC	0005576	extracellular region	5.09601143112	0.632479518644	1	94
Td00001aa006611_T001	CC	0016020	membrane	0.00946206696094	0.318824062313	3	1
Td00001aa006611_T001	BP	0006979	response to oxidative stress	7.33296721349	0.697893643235	4	100
Td00001aa006611_T001	BP	0098869	cellular oxidant detoxification	6.99553725405	0.688740612108	5	100
Td00001aa006611_T001	MF	0020037	heme binding	5.44552607761	0.643533652572	5	100
Td00001aa006611_T001	MF	0046872	metal ion binding	2.47636575031	0.533193584524	8	100
Td00001aa006611_T001	MF	0004190	aspartic-type endopeptidase activity	0.070502414314	0.343253926143	15	1
Td00001aa006611_T001	BP	0006629	lipid metabolic process	0.0383550382675	0.333136610311	18	1
Td00001aa006646_T002	CC	0015630	microtubule cytoskeleton	6.775588248	0.682655021208	1	5
Td00001aa006685_T001	BP	1902975	mitotic DNA replication initiation	11.7169084242	0.801719163599	1	90
Td00001aa006685_T001	MF	0061749	forked DNA-dependent helicase activity	11.4357739829	0.795720244299	1	56
Td00001aa006685_T001	CC	0042555	MCM complex	11.0916474137	0.788275894859	1	96
Td00001aa006685_T001	MF	0036121	double-stranded DNA helicase activity	11.0319998807	0.786973879413	2	56
Td00001aa006685_T001	CC	0000347	THO complex	7.07337723165	0.6908713287	2	58
Td00001aa006685_T001	MF	0017116	single-stranded DNA helicase activity	10.6678239565	0.778946939038	3	95
Td00001aa006685_T001	BP	0000727	double-strand break repair via break-induced replication	10.6922661402	0.779489926941	4	90
Td00001aa006685_T001	MF	0140584	chromatin extrusion motor activity	8.76659754947	0.734614557557	5	31
Td00001aa006685_T001	MF	0140665	ATP-dependent H3-H4 histone complex chaperone activity	7.86122649798	0.711810000744	6	31
Td00001aa006685_T001	MF	0003697	single-stranded DNA binding	7.67295650406	0.706905480934	7	90
Td00001aa006685_T001	BP	0006268	DNA unwinding involved in DNA replication	9.39331464351	0.749716436058	8	96
Td00001aa006685_T001	BP	0006271	DNA strand elongation involved in DNA replication	9.26472243363	0.746659855255	9	90
Td00001aa006685_T001	CC	0000785	chromatin	1.16919123712	0.461703521043	10	15
Td00001aa006685_T001	MF	0009378	four-way junction helicase activity	5.78011040322	0.653787809634	12	56
Td00001aa006685_T001	MF	0043138	3'-5' DNA helicase activity	5.34002227362	0.640235248813	13	56
Td00001aa006685_T001	MF	0140849	ATP-dependent H2AZ histone chaperone activity	4.78628247352	0.622362375551	15	31
Td00001aa006685_T001	MF	0061775	cohesin loader activity	4.25708665852	0.604286929463	18	31
Td00001aa006685_T001	MF	0003689	DNA clamp loader activity	4.0075961148	0.595375608182	19	31
Td00001aa006685_T001	BP	0140588	chromatin looping	6.08171510315	0.662779659836	21	31
Td00001aa006685_T001	MF	0016887	ATP hydrolysis activity	3.17387240941	0.563379104225	24	69
Td00001aa006685_T001	MF	0005524	ATP binding	2.93530776511	0.553467383361	28	96
Td00001aa006685_T001	BP	0006338	chromatin remodeling	2.30373022965	0.525085200458	38	31
Td00001aa006685_T001	BP	0009555	pollen development	2.17919241742	0.519045517574	41	15
Td00001aa006961_T001	MF	0160205	cysteine-dependent adenosine diphosphate thiazole synthase activity	16.2479026277	0.858077182877	1	59
Td00001aa006961_T001	BP	0052837	thiazole biosynthetic process	12.21706245	0.81221632123	1	96
Td00001aa006961_T001	CC	0009570	chloroplast stroma	10.1226147972	0.766669146886	1	96
Td00001aa006961_T001	MF	0005506	iron ion binding	6.09256990136	0.663099072171	3	96
Td00001aa006961_T001	BP	0009228	thiamine biosynthetic process	8.67359677088	0.732328095036	5	100
Td00001aa006961_T001	CC	0010319	stromule	4.02076895218	0.595852936873	5	22
Td00001aa006961_T001	CC	0005829	cytosol	3.4736043576	0.575318069639	6	96
Td00001aa006961_T001	MF	0019904	protein domain specific binding	2.29233594837	0.524539510764	8	22
Td00001aa006961_T001	MF	0042803	protein homodimerization activity	2.21353491258	0.520727880384	10	22
Td00001aa006961_T001	CC	0005739	mitochondrion	1.03128796611	0.452154011275	14	22
Td00001aa006961_T001	BP	0009409	response to cold	2.61808655473	0.539640893752	25	22
Td00001aa006961_T001	BP	0006974	DNA damage response	1.1788363294	0.462349781117	29	22
Td00001aa006961_T001	BP	0006952	defense response	0.0700637829578	0.343133807236	36	1
Td00001aa007007_T001	BP	0009738	abscisic acid-activated signaling pathway	12.3007238601	0.813951070859	1	29
Td00001aa007007_T001	MF	0005096	GTPase activator activity	8.77197118426	0.734746299085	1	30
Td00001aa007007_T001	CC	0005634	nucleus	3.35777330605	0.570767790088	1	29
Td00001aa007007_T001	CC	0005886	plasma membrane	2.46443637938	0.532642560229	2	29
Td00001aa007007_T001	MF	0008289	lipid binding	7.26075105556	0.695952737926	6	30
Td00001aa007007_T001	CC	0005829	cytosol	1.76363876172	0.497528593727	6	14
Td00001aa007007_T001	BP	1901002	positive regulation of response to salt stress	8.71125193118	0.733255332384	9	14
Td00001aa007007_T001	BP	1900426	positive regulation of defense response to bacterium	7.96969170981	0.714608927819	14	14
Td00001aa007007_T001	BP	0009651	response to salt stress	5.28130982712	0.638385580056	23	14
Td00001aa007007_T001	BP	0009611	response to wounding	5.08250307259	0.63204479617	25	14
Td00001aa007022_T003	MF	0016705	oxidoreductase activity, acting on paired donors, with incorporation or reduction of molecular oxygen	6.62897454841	0.678543463983	1	100
Td00001aa007022_T003	BP	0006629	lipid metabolic process	4.27551267128	0.604934582734	1	100
Td00001aa007022_T003	CC	0016020	membrane	0.921541428803	0.444087570483	1	100
Td00001aa007022_T003	MF	0004497	monooxygenase activity	6.56551966512	0.676749880689	2	100
Td00001aa007022_T003	MF	0005506	iron ion binding	6.34231590424	0.670371026883	3	100
Td00001aa007022_T003	MF	0020037	heme binding	5.44556427722	0.643534841005	4	100
Td00001aa007022_T003	BP	0009987	cellular process	0.410475121769	0.397727218658	4	100
Td00001aa007022_T003	BP	0019538	protein metabolic process	0.0202296604182	0.32535194276	7	1
Td00001aa007022_T003	BP	0009058	biosynthetic process	0.0121591879151	0.320711016369	11	1
Td00001aa007022_T003	MF	0140662	ATP-dependent protein folding chaperone	0.0699301556407	0.343097138807	15	1
Td00001aa007022_T003	MF	0004672	protein kinase activity	0.0430415040781	0.334823840262	17	1
Td00001aa007022_T003	MF	0005524	ATP binding	0.0249971924419	0.327656846651	23	1
Td00001aa007038_T001	MF	0004190	aspartic-type endopeptidase activity	7.85900301107	0.71175242272	1	100
Td00001aa007038_T001	BP	0006508	proteolysis	4.32381473398	0.606625750788	1	100
Td00001aa007038_T001	CC	0005764	lysosome	1.53071579254	0.484344488596	1	21
Td00001aa007038_T001	BP	0006629	lipid metabolic process	3.40714291253	0.572716660509	2	84
Td00001aa007038_T001	BP	0051604	protein maturation	0.88373459188	0.441198394679	7	18
Td00001aa007038_T001	CC	0000326	protein storage vacuole	0.143440973118	0.359692470156	10	1
Td00001aa007038_T001	CC	0005783	endoplasmic reticulum	0.0487617458566	0.336763153905	13	1
Td00001aa007038_T001	CC	0005576	extracellular region	0.0438212946771	0.335095494872	14	1
Td00001aa007038_T001	CC	0016020	membrane	0.0277082726602	0.328869704608	16	3
Td00001aa007047_T001	BP	0009813	flavonoid biosynthetic process	12.719038759	0.822537815265	1	95
Td00001aa007047_T001	MF	0016616	oxidoreductase activity, acting on the CH-OH group of donors, NAD or NADP as acceptor	4.90942824559	0.626422974124	1	81
Td00001aa007047_T001	CC	0016020	membrane	0.00919855741183	0.318626002795	1	1
Td00001aa007047_T001	BP	0009987	cellular process	0.388400637712	0.395191249195	5	95
Td00001aa007047_T001	BP	0046283	anthocyanin-containing compound metabolic process	0.134159832986	0.357883617075	7	1
Td00001aa007047_T001	MF	0000166	nucleotide binding	0.0269608192404	0.328541477104	7	1
Td00001aa007047_T001	BP	0046148	pigment biosynthetic process	0.0650626488709	0.341736717304	8	1
Td00001aa007062_T001	MF	0046527	glucosyltransferase activity	9.72676097946	0.757546210982	1	100
Td00001aa007062_T001	CC	0016020	membrane	0.404936347195	0.397097452375	1	42
Td00001aa007062_T001	MF	0008194	UDP-glycosyltransferase activity	8.22814850772	0.721202561954	3	100
Td00001aa007428_T002	MF	0016846	carbon-sulfur lyase activity	9.39524355567	0.749762125656	1	100
Td00001aa007428_T002	BP	0006520	amino acid metabolic process	3.56648324791	0.578912160516	1	89
Td00001aa007428_T002	CC	0016020	membrane	0.490020389912	0.406342114703	1	49
Td00001aa007428_T002	MF	0008483	transaminase activity	6.51300221359	0.675258883565	2	93
Td00001aa007428_T002	BP	0043450	alkene biosynthetic process	2.62975074258	0.540163670437	2	22
Td00001aa007428_T002	BP	0009692	ethylene metabolic process	2.62969311684	0.540161090565	4	22
Td00001aa007428_T002	BP	0055085	transmembrane transport	0.0236463145005	0.327027924097	16	1
Td00001aa007570_T001	BP	0042744	hydrogen peroxide catabolic process	8.8117785954	0.735720974661	1	83
Td00001aa007570_T001	MF	0004601	peroxidase activity	7.99449325095	0.715246247078	1	92
Td00001aa007570_T001	CC	0005576	extracellular region	4.68473727926	0.618974566976	1	78
Td00001aa007570_T001	CC	0009505	plant-type cell wall	2.02520160619	0.51133350762	2	13
Td00001aa007570_T001	BP	0098869	cellular oxidant detoxification	6.99550731999	0.688739790448	4	92
Td00001aa007570_T001	MF	0020037	heme binding	5.01148768478	0.62974983513	5	84
Td00001aa007570_T001	BP	0006979	response to oxidative stress	6.74848937634	0.681898451032	7	84
Td00001aa007570_T001	MF	0046872	metal ion binding	2.26804263359	0.523371519786	8	83
Td00001aa007867_T002	MF	0008430	selenium binding	14.1514280597	0.845726000407	1	100
Td00001aa007867_T002	CC	1990904	ribonucleoprotein complex	0.0476038430044	0.336380178759	1	1
Td00001aa007867_T002	MF	0018549	methanethiol oxidase activity	2.95317945192	0.554223547009	2	18
Td00001aa007867_T002	CC	0005840	ribosome	0.0356754458056	0.332125295822	2	1
Td00001aa007991_T003	BP	0031408	oxylipin biosynthetic process	13.2825569928	0.83388492078	1	97
Td00001aa007991_T003	MF	0016702	oxidoreductase activity, acting on single donors with incorporation of molecular oxygen, incorporation of two atoms of oxygen	9.30497169482	0.747618830533	1	100
Td00001aa007991_T003	CC	0005737	cytoplasm	0.168822365897	0.364359774498	1	11
Td00001aa007991_T003	BP	0034440	lipid oxidation	8.50188732248	0.728074102297	3	100
Td00001aa007991_T003	BP	0006633	fatty acid biosynthetic process	6.76877133195	0.682464843179	5	97
Td00001aa007991_T003	MF	0046872	metal ion binding	2.47639576926	0.533194969439	5	100
Td00001aa007991_T003	BP	0009611	response to wounding	1.04563621923	0.453176227846	19	10
Td00001aa007991_T003	BP	0051707	response to other organism	0.727868485943	0.428577683236	21	11
Td00001aa007991_T003	BP	0009845	seed germination	0.154280162079	0.361732401565	32	1
Td00001aa007991_T003	BP	0009753	response to jasmonic acid	0.14792290038	0.360545003587	34	1
Td00001aa007991_T003	BP	0006952	defense response	0.0652013933376	0.341776186209	44	1
Td00001aa007992_T002	BP	0031408	oxylipin biosynthetic process	13.4095161576	0.83640797016	1	98
Td00001aa007992_T002	MF	0016702	oxidoreductase activity, acting on single donors with incorporation of molecular oxygen, incorporation of two atoms of oxygen	9.30497353389	0.747618874303	1	100
Td00001aa007992_T002	CC	0005737	cytoplasm	0.170937090872	0.364732270691	1	11
Td00001aa007992_T002	BP	0034440	lipid oxidation	8.50188900283	0.728074144135	3	100
Td00001aa007992_T002	BP	0006633	fatty acid biosynthetic process	6.83346953394	0.68426595148	5	98
Td00001aa007992_T002	MF	0046872	metal ion binding	2.4763962587	0.53319499202	5	100
Td00001aa007992_T002	BP	0009611	response to wounding	1.05775411165	0.45403409606	19	10
Td00001aa007992_T002	BP	0051707	response to other organism	0.736986008126	0.429351135128	21	11
Td00001aa007992_T002	BP	0009753	response to jasmonic acid	0.164526376151	0.363595807741	32	1
Td00001aa007992_T002	BP	0009845	seed germination	0.157757017554	0.362371461845	34	1
Td00001aa007992_T002	BP	0006952	defense response	0.0666707709835	0.34219163282	44	1
Td00001aa008136_T003	MF	0016747	acyltransferase activity, transferring groups other than amino-acyl groups	5.43465170756	0.643195168853	1	96
Td00001aa008136_T003	BP	0009836	fruit ripening, climacteric	0.898652132759	0.442345627831	1	7
Td00001aa008136_T003	BP	0052325	cell wall pectin biosynthetic process	0.140376564498	0.359101881625	15	1
Td00001aa008136_T003	BP	0010345	suberin biosynthetic process	0.127063006355	0.35645784429	17	1
Td00001aa008177_T001	MF	0004568	chitinase activity	7.2899364348	0.696738290799	1	64
Td00001aa008177_T001	CC	0005576	extracellular region	4.96751255067	0.62832055838	1	92
Td00001aa008177_T001	BP	0005975	carbohydrate metabolic process	4.15478597384	0.600665401488	1	100
Td00001aa008177_T001	BP	0050832	defense response to fungus	3.23518333765	0.565865655696	2	28
Td00001aa008177_T001	CC	0016020	membrane	0.00898654996228	0.318464584713	3	1
Td00001aa008177_T001	MF	0004857	enzyme inhibitor activity	2.31613787913	0.525677889281	4	28
Td00001aa008177_T001	BP	0009987	cellular process	0.410472042358	0.397726869709	15	100
Td00001aa008365_T001	BP	0009299	mRNA transcription	13.1121760866	0.830479928222	1	80
Td00001aa008365_T001	CC	0005634	nucleus	3.47387246534	0.575328513172	1	87
Td00001aa008365_T001	BP	0009416	response to light stimulus	8.52024799469	0.728531015007	2	80
Td00001aa008397_T002	BP	0006869	lipid transport	7.4918757826	0.702131147244	1	37
Td00001aa008397_T002	MF	0008289	lipid binding	7.26055779271	0.695947530811	1	37
Td00001aa008397_T002	CC	0016020	membrane	0.0311806748735	0.330339489378	1	1
Td00001aa008406_T001	MF	0015245	fatty acid transmembrane transporter activity	9.33347828673	0.74829677192	1	23
Td00001aa008406_T001	CC	0009706	chloroplast inner membrane	8.80035322429	0.735441452662	1	23
Td00001aa008406_T001	BP	0015908	fatty acid transport	8.49895567781	0.728001101479	1	24
Td00001aa008406_T001	BP	1901508	positive regulation of acylglycerol transport	2.7688525546	0.546310904478	9	4
Td00001aa008406_T001	BP	1905883	regulation of triglyceride transport	2.76744681346	0.546249563995	11	4
Td00001aa008406_T001	BP	0009793	embryo development ending in seed dormancy	1.89595019557	0.504630972616	16	4
Td00001aa008406_T001	BP	0019217	regulation of fatty acid metabolic process	1.79781439191	0.499387936804	22	4
Td00001aa008436_T001	MF	0061863	microtubule plus end polymerase	14.3975302405	0.847221260209	1	51
Td00001aa008436_T001	BP	0030951	establishment or maintenance of microtubule cytoskeleton polarity	13.9364542284	0.844409195084	1	51
Td00001aa008436_T001	CC	0099080	supramolecular complex	6.55093106815	0.676336303053	1	50
Td00001aa008436_T001	MF	0051010	microtubule plus-end binding	12.3112465169	0.814168843763	2	51
Td00001aa008436_T001	CC	0005856	cytoskeleton	5.6723112444	0.650517241991	2	50
Td00001aa008436_T001	BP	0046785	microtubule polymerization	11.2426872681	0.791557294677	3	51
Td00001aa008436_T001	MF	0043130	ubiquitin binding	10.1296797675	0.766830331969	3	51
Td00001aa008436_T001	MF	0035091	phosphatidylinositol binding	9.01449416365	0.740650617653	5	51
Td00001aa008436_T001	BP	0007051	spindle organization	9.64256394693	0.755581981671	7	51
Td00001aa008436_T001	CC	0005737	cytoplasm	1.53841157367	0.484795510061	7	51
Td00001aa008436_T001	CC	0000779	condensed chromosome, centromeric region	0.890394256132	0.441711742992	13	4
Td00001aa008436_T001	BP	1902850	microtubule cytoskeleton organization involved in mitosis	0.92269563805	0.444174833016	22	4
Td00001aa008491_T001	MF	0005200	structural constituent of cytoskeleton	10.0093271117	0.764076799446	1	98
Td00001aa008491_T001	CC	0005874	microtubule	7.77515417497	0.709575149246	1	100
Td00001aa008491_T001	BP	0007017	microtubule-based process	7.16235357701	0.693292571929	1	100
Td00001aa008491_T001	BP	0007010	cytoskeleton organization	6.65594366807	0.679303158812	2	98
Td00001aa008491_T001	MF	0003924	GTPase activity	6.49748282415	0.674817130488	2	98
Td00001aa008491_T001	MF	0005525	GTP binding	5.98811801556	0.660013568059	3	100
Td00001aa008491_T001	BP	0000278	mitotic cell cycle	1.02479002672	0.451688738089	7	13
Td00001aa008491_T001	BP	0043461	proton-transporting ATP synthase complex assembly	0.254464562525	0.377945385864	10	2
Td00001aa008491_T001	CC	0005737	cytoplasm	0.24641587981	0.37677770703	13	16
Td00001aa008491_T001	MF	0046872	metal ion binding	0.12420060146	0.355871537485	26	5
Td00001aa008491_T001	MF	0016757	glycosyltransferase activity	0.054625269759	0.338636215867	28	1
Td00001aa008567_T001	MF	0140997	histone H4 kinase activity	17.1904140123	0.863368939226	1	63
Td00001aa008567_T001	BP	0048544	recognition of pollen	11.7748877081	0.802947356787	1	100
Td00001aa008567_T001	CC	0005886	plasma membrane	1.69824133212	0.493919686964	1	67
Td00001aa008567_T001	MF	0140855	histone H3S57 kinase activity	17.1904140123	0.863368939226	2	63
Td00001aa008567_T001	BP	0051707	response to other organism	6.56103481419	0.676622786918	3	99
Td00001aa008567_T001	MF	0072371	histone H2AS121 kinase activity	15.415072653	0.853271995257	4	63
Td00001aa008567_T001	MF	0044025	histone H2BS14 kinase activity	13.8960111754	0.844160331986	5	63
Td00001aa008567_T001	MF	0044024	histone H2AS1 kinase activity	13.5017564774	0.838233571468	6	63
Td00001aa008567_T001	MF	0140857	histone H3T45 kinase activity	13.5017564774	0.838233571468	7	63
Td00001aa008567_T001	MF	0004676	3-phosphoinositide-dependent protein kinase activity	13.4104458362	0.836426401435	8	63
Td00001aa008567_T001	BP	0006338	chromatin remodeling	4.51738273565	0.613310046679	8	63
Td00001aa008567_T001	MF	0140823	histone H2BS36 kinase activity	12.9271820749	0.826757752335	9	63
Td00001aa008567_T001	MF	0035403	histone H3T6 kinase activity	12.893697767	0.826081190465	10	63
Td00001aa008567_T001	MF	0035979	histone H2AXS139 kinase activity	12.6069018305	0.820250012675	12	63
Td00001aa008567_T001	MF	0044022	histone H3S28 kinase activity	12.5047940813	0.818157957196	13	63
Td00001aa008567_T001	BP	0006955	immune response	0.751884931993	0.430604805693	13	9
Td00001aa008567_T001	MF	0035402	histone H3T11 kinase activity	12.3796193266	0.815581600224	14	63
Td00001aa008567_T001	MF	0035175	histone H3S10 kinase activity	12.043048409	0.808588947417	15	63
Td00001aa008567_T001	MF	1990244	histone H2AT120 kinase activity	11.3633767167	0.794163508193	16	63
Td00001aa008567_T001	BP	0007165	signal transduction	0.373620291113	0.393452755125	16	9
Td00001aa008567_T001	MF	0004711	ribosomal protein S6 kinase activity	10.8341365058	0.782629422946	18	63
Td00001aa008567_T001	MF	0004677	DNA-dependent protein kinase activity	10.3891376766	0.772711330207	19	63
Td00001aa008567_T001	MF	0072518	Rho-dependent protein serine/threonine kinase activity	10.1696428146	0.767741020046	21	63
Td00001aa008567_T001	MF	0072354	histone H3T3 kinase activity	10.0521848978	0.765059225267	22	63
Td00001aa008567_T001	MF	0004679	AMP-activated protein kinase activity	9.43358439767	0.75066932316	24	63
Td00001aa008567_T001	MF	0004694	eukaryotic translation initiation factor 2alpha kinase activity	8.85754822929	0.736838917039	26	63
Td00001aa008567_T001	MF	0106310	protein serine kinase activity	4.91352274069	0.62655710569	30	45
Td00001aa008567_T001	MF	0005524	ATP binding	3.05185616488	0.558358048558	35	100
Td00001aa008567_T001	MF	0030246	carbohydrate binding	0.0628169585512	0.341091928361	53	1
Td00001aa008789_T014	MF	0004180	carboxypeptidase activity	7.73704384073	0.70858167175	1	54
Td00001aa008789_T014	CC	0016020	membrane	0.622561661917	0.419266541454	1	36
Td00001aa008860_T001	CC	0005774	vacuolar membrane	7.91264380718	0.713139207095	1	96
Td00001aa008860_T001	MF	0003924	GTPase activity	6.63035852554	0.678582486897	1	100
Td00001aa008860_T001	BP	0015031	protein transport	2.67565172258	0.542209730944	1	50
Td00001aa008860_T001	MF	0005525	GTP binding	5.98803909334	0.66001122657	2	100
Td00001aa008860_T001	CC	0012505	endomembrane system	2.24141923074	0.522084294047	7	45
Td00001aa008860_T001	CC	0005886	plasma membrane	1.35377513677	0.473642876025	11	54
Td00001aa008860_T001	BP	0016101	diterpenoid metabolic process	0.112830899074	0.353473131521	12	1
Td00001aa008860_T001	CC	0009536	plastid	0.0566052318841	0.339245772072	15	1
Td00001aa008860_T001	MF	0016705	oxidoreductase activity, acting on paired donors, with incorporation or reduction of molecular oxygen	0.065088751255	0.341744145911	24	1
Td00001aa008860_T001	MF	0004497	monooxygenase activity	0.0644656987626	0.341566419756	25	1
Td00001aa008860_T001	MF	0005506	iron ion binding	0.0622740997506	0.340934339183	26	1
Td00001aa008860_T001	MF	0020037	heme binding	0.0534690510719	0.338275141735	27	1
Td00001aa008864_T001	CC	0005741	mitochondrial outer membrane	9.26794672923	0.746736753687	1	5
Td00001aa008864_T001	MF	0008233	peptidase activity	4.62672990372	0.617022800367	1	5
Td00001aa008864_T001	BP	0006508	proteolysis	4.32304253136	0.606598788686	1	5
Td00001aa008864_T001	MF	0016887	ATP hydrolysis activity	4.59988488827	0.616115409212	2	5
Td00001aa008864_T001	BP	0009987	cellular process	0.410399629273	0.397718663718	6	5
Td00001aa008864_T001	MF	0005524	ATP binding	3.05128104318	0.558334146527	9	5
Td00001aa008985_T001	BP	0009651	response to salt stress	1.61689543851	0.489332259386	1	7
Td00001aa008985_T001	CC	0005737	cytoplasm	1.5383035724	0.484789188318	1	53
Td00001aa008985_T001	MF	0051082	unfolded protein binding	1.15749995761	0.460916573724	1	7
Td00001aa008985_T001	BP	0042542	response to hydrogen peroxide	1.53019880642	0.484314149341	2	7
Td00001aa008985_T001	BP	0009408	response to heat	1.4355400732	0.47866996518	4	8
Td00001aa008985_T001	BP	0051259	protein complex oligomerization	1.30525517275	0.470587754271	7	7
Td00001aa008985_T001	BP	0006457	protein folding	0.977936291575	0.448289240379	11	7
Td00001aa009125_T006	MF	0004185	serine-type carboxypeptidase activity	9.08089295374	0.742253230338	1	100
Td00001aa009125_T006	CC	0005773	vacuole	4.95092466337	0.627779777632	1	68
Td00001aa009125_T006	BP	0006508	proteolysis	4.3238361659	0.606626499067	1	100
Td00001aa009125_T006	BP	0009987	cellular process	0.410474971424	0.397727201621	6	100
Td00001aa009125_T006	CC	0005615	extracellular space	0.0481534038873	0.336562519365	8	1
Td00001aa009125_T006	BP	0009741	response to brassinosteroid	0.0947317133485	0.349390407268	9	1
Td00001aa009125_T006	BP	0048545	response to steroid hormone	0.0803236915908	0.345851763058	12	1
Td00001aa009125_T006	BP	0071495	cellular response to endogenous stimulus	0.0588638422658	0.339928237836	20	1
Td00001aa009125_T006	BP	0023052	signaling	0.0274810362584	0.328770392325	27	1
Td00001aa009125_T006	BP	0050794	regulation of cellular process	0.0176392292385	0.323984412763	31	1
Td00001aa009152_T001	BP	0009742	brassinosteroid mediated signaling pathway	13.5378052846	0.838945346567	1	100
Td00001aa009152_T001	CC	0005634	nucleus	3.47394739671	0.575331431882	1	100
Td00001aa009152_T001	MF	0004252	serine-type endopeptidase activity	0.0770030108678	0.344992152564	1	1
Td00001aa009152_T001	CC	0016020	membrane	0.0185621570541	0.324482484668	8	2
Td00001aa009152_T001	BP	0032784	regulation of DNA-templated transcription elongation	9.38734010788	0.749574889141	11	100
Td00001aa009381_T001	BP	0010115	regulation of abscisic acid biosynthetic process	17.2776915988	0.863851538499	1	6
Td00001aa009381_T001	BP	0009408	response to heat	8.41890669826	0.726002915579	9	6
Td00001aa009575_T001	MF	0005200	structural constituent of cytoskeleton	9.80540669316	0.759373268983	1	96
Td00001aa009575_T001	CC	0005874	microtubule	7.77515423586	0.709575150832	1	100
Td00001aa009575_T001	BP	0007017	microtubule-based process	7.16235363311	0.693292573451	1	100
Td00001aa009575_T001	BP	0007010	cytoskeleton organization	6.52034186353	0.67546762038	2	96
Td00001aa009575_T001	MF	0003924	GTPase activity	6.36510934867	0.671027524222	2	96
Td00001aa009575_T001	MF	0005525	GTP binding	5.98811806246	0.66001356945	3	100
Td00001aa009575_T001	BP	0000278	mitotic cell cycle	1.10018169832	0.456999621644	7	14
Td00001aa009575_T001	BP	0043461	proton-transporting ATP synthase complex assembly	0.127460026787	0.356538642374	10	1
Td00001aa009575_T001	CC	0005737	cytoplasm	0.307478298134	0.385214453725	13	20
Td00001aa009575_T001	MF	0046872	metal ion binding	0.074324244823	0.344285111173	26	3
Td00001aa009575_T001	MF	0016757	glycosyltransferase activity	0.0547450509305	0.338673402811	28	1
Td00001aa009581_T001	CC	0048046	apoplast	11.0176961942	0.786661128692	1	100
Td00001aa009581_T001	MF	0030145	manganese ion binding	8.53264400737	0.728839216429	1	100
Td00001aa009581_T001	BP	0010497	plasmodesmata-mediated intercellular transport	3.05189937577	0.55835984431	1	20
Td00001aa009581_T001	BP	2000280	regulation of root development	3.05056691339	0.558304464191	2	20
Td00001aa009581_T001	CC	0009506	plasmodesma	2.25742676337	0.522859159214	3	20
Td00001aa009581_T001	CC	0016020	membrane	0.00844515623358	0.318043521525	9	1
Td00001aa009603_T001	MF	0004190	aspartic-type endopeptidase activity	7.85904713652	0.711753565445	1	100
Td00001aa009603_T001	BP	0016485	protein processing	4.86586550624	0.62499242436	1	58
Td00001aa009603_T001	CC	0005773	vacuole	0.433400930735	0.400289796311	1	7
Td00001aa009603_T001	BP	0006629	lipid metabolic process	4.24306403192	0.603793110431	3	99
Td00001aa009603_T001	CC	0016020	membrane	0.0073074661537	0.317112235948	10	1
Td00001aa009680_T001	MF	0004478	methionine adenosyltransferase activity	11.349904027	0.793873262349	1	100
Td00001aa009680_T001	BP	0006556	S-adenosylmethionine biosynthetic process	10.8806858935	0.783655045824	1	100
Td00001aa009680_T001	CC	0005737	cytoplasm	1.53840266323	0.484794988506	1	100
Td00001aa009680_T001	BP	0006730	one-carbon metabolic process	8.03509904425	0.716287553935	3	100
Td00001aa009680_T001	MF	0005524	ATP binding	3.05184158223	0.558357442532	3	100
Td00001aa009680_T001	CC	0016020	membrane	0.0272647410527	0.328675479687	4	3
Td00001aa009680_T001	MF	0046872	metal ion binding	2.476382521	0.533194358236	14	100
Td00001aa009874_T001	MF	0160205	cysteine-dependent adenosine diphosphate thiazole synthase activity	16.415398073	0.859028590638	1	60
Td00001aa009874_T001	BP	0052837	thiazole biosynthetic process	11.9827911039	0.807326764264	1	94
Td00001aa009874_T001	CC	0009570	chloroplast stroma	9.92850605756	0.762218404386	1	94
Td00001aa009874_T001	MF	0005506	iron ion binding	5.97574029868	0.659646153306	3	94
Td00001aa009874_T001	BP	0009228	thiamine biosynthetic process	8.67359764597	0.732328116608	5	100
Td00001aa009874_T001	CC	0010319	stromule	4.02262307796	0.595920059847	5	22
Td00001aa009874_T001	CC	0005829	cytosol	3.40699538576	0.572710857985	6	94
Td00001aa009874_T001	MF	0019904	protein domain specific binding	2.29339302954	0.524590193	8	22
Td00001aa009874_T001	MF	0042803	protein homodimerization activity	2.21455565567	0.52077768388	9	22
Td00001aa009874_T001	CC	0005739	mitochondrion	1.03176353126	0.452188005614	14	22
Td00001aa009874_T001	BP	0009409	response to cold	2.6192938516	0.539695057491	25	22
Td00001aa009874_T001	BP	0006974	DNA damage response	1.17937993458	0.462386126009	29	22
Td00001aa009874_T001	BP	0006952	defense response	0.0702745755463	0.343191579433	36	1
Td00001aa010483_T001	MF	0004473	malate dehydrogenase (decarboxylating) (NADP+) activity	11.9113147271	0.805825458189	1	90
Td00001aa010483_T001	BP	0006108	malate metabolic process	10.6059145043	0.777568818733	1	100
Td00001aa010483_T001	CC	0009507	chloroplast	5.33435927928	0.640057287172	1	90
Td00001aa010483_T001	BP	0006090	pyruvate metabolic process	6.34868178596	0.670554495723	2	90
Td00001aa010483_T001	MF	0051287	NAD binding	6.76084271454	0.68224353045	4	100
Td00001aa010483_T001	MF	0046872	metal ion binding	2.47638670982	0.533194551486	12	100
Td00001aa010483_T002	MF	0004473	malate dehydrogenase (decarboxylating) (NADP+) activity	11.8075656941	0.803638252524	1	89
Td00001aa010483_T002	BP	0006108	malate metabolic process	10.6059258937	0.777569072635	1	100
Td00001aa010483_T002	CC	0009507	chloroplast	5.28789634638	0.638593591113	1	89
Td00001aa010483_T002	BP	0006090	pyruvate metabolic process	6.29338397785	0.668957691944	2	89
Td00001aa010483_T002	MF	0051287	NAD binding	6.76084997486	0.682243733167	4	100
Td00001aa010483_T002	MF	0046872	metal ion binding	2.47638936916	0.533194674173	12	100
Td00001aa010582_T001	MF	0008239	dipeptidyl-peptidase activity	9.5828914605	0.754184687144	1	89
Td00001aa010582_T001	BP	0006508	proteolysis	4.28319285938	0.605204120408	1	99
Td00001aa010582_T001	CC	0005773	vacuole	2.12202842519	0.516215508106	1	33
Td00001aa010582_T001	MF	0070008	serine-type exopeptidase activity	8.77714419091	0.734873083843	2	99
Td00001aa010582_T001	BP	0009987	cellular process	0.406616578218	0.397288949574	6	99
Td00001aa010582_T001	CC	0016020	membrane	0.126212059442	0.356284240788	8	12
Td00001aa010582_T001	MF	0004180	carboxypeptidase activity	1.60615442419	0.488717982739	9	22
Td00001aa010670_T002	MF	0004791	thioredoxin-disulfide reductase (NADPH) activity	5.32685153448	0.639821207887	1	28
Td00001aa010670_T002	BP	0098869	cellular oxidant detoxification	3.52553661843	0.57733350775	1	28
Td00001aa010670_T002	CC	0005634	nucleus	0.0126111326567	0.32100585828	1	1
Td00001aa010670_T002	MF	0046872	metal ion binding	1.79851940484	0.499426106501	8	36
Td00001aa010670_T002	BP	0031397	negative regulation of protein ubiquitination	0.0501274759579	0.337209069207	11	1
Td00001aa010670_T002	MF	0016853	isomerase activity	0.412638801558	0.397972077058	16	2
Td00001aa010670_T002	MF	0016301	kinase activity	0.102156322052	0.351108682637	17	1
Td00001aa010670_T002	BP	0030178	negative regulation of Wnt signaling pathway	0.0402395610862	0.33382683086	18	1
Td00001aa010744_T002	MF	0046537	2,3-bisphosphoglycerate-independent phosphoglycerate mutase activity	11.4706144249	0.796467651179	1	97
Td00001aa010744_T002	BP	0006007	glucose catabolic process	11.0299138041	0.786928279892	1	100
Td00001aa010744_T002	CC	0005737	cytoplasm	1.53840697534	0.484795240907	1	100
Td00001aa010744_T002	MF	0030145	manganese ion binding	8.53278039159	0.728842606098	4	100
Td00001aa010744_T002	BP	0006096	glycolytic process	7.54942803015	0.703654750738	5	99
Td00001aa010869_T003	MF	0004349	glutamate 5-kinase activity	11.8779428214	0.805122964723	1	100
Td00001aa010869_T003	BP	0006561	proline biosynthetic process	9.60236787475	0.754641225048	1	100
Td00001aa010869_T003	CC	0005737	cytoplasm	1.53840933034	0.484795378752	1	100
Td00001aa010869_T003	MF	0004350	glutamate-5-semialdehyde dehydrogenase activity	11.8280065835	0.804069938944	2	100
Td00001aa010869_T003	CC	0016020	membrane	0.0511403315236	0.337535859287	3	6
Td00001aa010869_T003	MF	0005524	ATP binding	3.05185480826	0.55835799218	9	100
Td00001aa010907_T001	BP	0006865	amino acid transport	6.83241279774	0.68423660207	1	69
Td00001aa010907_T001	MF	0015293	symporter activity	1.52970922015	0.484285413318	1	13
Td00001aa010907_T001	CC	0005886	plasma membrane	1.07795367609	0.45545324365	1	29
Td00001aa010907_T001	MF	0015171	amino acid transmembrane transporter activity	1.1272242402	0.458860026418	3	9
Td00001aa010907_T001	CC	0012505	endomembrane system	0.71695994836	0.427645903834	4	10
Td00001aa010907_T001	BP	0009734	auxin-activated signaling pathway	2.15607899125	0.517905768251	5	13
Td00001aa010907_T001	MF	0010328	auxin influx transmembrane transporter activity	0.302615673888	0.384575267494	7	1
Td00001aa010907_T001	BP	0055085	transmembrane transport	0.814489130011	0.435741622806	16	20
Td00001aa010907_T001	BP	0048829	root cap development	0.282938904119	0.381934786418	26	1
Td00001aa010907_T001	BP	0060918	auxin transport	0.200140278842	0.369658182737	27	1
Td00001aa010907_T001	BP	0098657	import into cell	0.0949181009178	0.349434350542	37	1
Td00001aa011016_T004	MF	0008168	methyltransferase activity	5.31439926964	0.639429282223	1	2
Td00001aa011016_T004	BP	0032259	methylation	5.07261365152	0.631726171001	1	2
Td00001aa011016_T004	CC	0012505	endomembrane system	4.87957429496	0.625443293061	1	2
Td00001aa011016_T004	CC	0016020	membrane	0.921278206499	0.444067662242	2	2
Td00001aa011016_T004	CC	0005737	cytoplasm	0.780988930747	0.433018435412	3	1
Td00001aa011016_T004	BP	0009987	cellular process	0.41035787668	0.397713931905	3	2
Td00001aa011129_T003	MF	0003723	RNA binding	3.38248695964	0.571745142007	1	69
Td00001aa011129_T003	BP	0009409	response to cold	1.71368680637	0.494778214128	1	9
Td00001aa011129_T003	CC	0005615	extracellular space	0.601970224261	0.417355946656	1	4
Td00001aa011129_T003	BP	1990428	miRNA transport	1.60525400797	0.488666394921	2	4
Td00001aa011129_T003	BP	1900864	mitochondrial RNA modification	1.43449942915	0.478606897059	3	6
Td00001aa011129_T003	CC	0005739	mitochondrion	0.470576933111	0.404305182113	3	6
Td00001aa011129_T003	BP	0006858	extracellular transport	1.26395782716	0.467942376326	4	4
Td00001aa011129_T003	BP	0050688	regulation of defense response to virus	1.23780175288	0.46624449501	5	4
Td00001aa011129_T003	BP	0009414	response to water deprivation	1.1367188784	0.459507911884	8	4
Td00001aa011129_T003	MF	0003697	single-stranded DNA binding	0.749224681053	0.43038187586	9	4
Td00001aa011129_T003	MF	0003690	double-stranded DNA binding	0.521621334798	0.409568314883	10	4
Td00001aa011129_T003	CC	0000221	vacuolar proton-transporting V-type ATPase, V1 domain	0.102512629646	0.351189545829	10	1
Td00001aa011129_T003	BP	0009651	response to salt stress	0.952242199361	0.446390367982	11	4
Td00001aa011129_T003	MF	0008171	O-methyltransferase activity	0.138871616904	0.35880948026	13	1
Td00001aa011129_T003	MF	0046983	protein dimerization activity	0.10861992473	0.352554343772	14	1
Td00001aa011129_T003	MF	0046961	proton-transporting ATPase activity, rotational mechanism	0.0692777608673	0.342917611169	18	1
Td00001aa011129_T003	CC	0005634	nucleus	0.058616870734	0.339854257642	18	4
Td00001aa011129_T003	CC	1990904	ribonucleoprotein complex	0.0374292370829	0.33279131721	26	2
Td00001aa011129_T003	BP	0016556	mRNA modification	0.183854932132	0.366959303629	41	2
Td00001aa011129_T003	BP	0032259	methylation	0.0793735786368	0.34560765617	46	1
Td00001aa011129_T003	BP	0009987	cellular process	0.0524300826253	0.337947338678	47	8
Td00001aa011129_T003	BP	0006812	monoatomic cation transport	0.0308195090742	0.330190565757	52	1
Td00001aa011239_T001	BP	0090158	endoplasmic reticulum membrane organization	9.22901478335	0.745807342761	1	46
Td00001aa011239_T001	CC	0005789	endoplasmic reticulum membrane	6.69130203923	0.680296843098	1	60
Td00001aa011239_T001	MF	0043495	protein-membrane adaptor activity	0.560613096262	0.413417194284	1	2
Td00001aa011239_T001	BP	0061817	endoplasmic reticulum-plasma membrane tethering	8.87709156198	0.737315390948	2	46
Td00001aa011239_T001	CC	0005886	plasma membrane	1.76214699879	0.497447025039	10	46
Td00001aa011371_T001	MF	0050734	hydroxycinnamoyltransferase activity	5.25168136791	0.637448265731	1	12
Td00001aa011371_T001	BP	0009809	lignin biosynthetic process	0.329581602926	0.388058155676	1	1
Td00001aa011371_T001	CC	0016020	membrane	0.0425589172158	0.334654488045	1	2
Td00001aa011371_T001	MF	0016410	N-acyltransferase activity	0.731270490799	0.428866843434	5	3
Td00001aa011371_T001	BP	0009987	cellular process	0.00957213972456	0.31890597778	9	1
Td00001aa011427_T001	MF	0008422	beta-glucosidase activity	10.0472460337	0.76494611896	1	99
Td00001aa011427_T001	CC	0009507	chloroplast	5.76468951135	0.653321828857	1	94
Td00001aa011427_T001	BP	0005975	carbohydrate metabolic process	4.15480942351	0.600666236703	1	100
Td00001aa011427_T001	BP	0009987	cellular process	0.410474359068	0.397727132231	4	100
Td00001aa011427_T001	MF	0102726	DIMBOA glucoside beta-D-glucosidase activity	2.16975267524	0.518580766882	6	12
Td00001aa011427_T001	BP	0009735	response to cytokinin	0.203633793832	0.370222663413	7	1
Td00001aa011427_T001	MF	0016162	cellulose 1,4-beta-cellobiosidase activity	0.283871051838	0.382061907556	8	1
Td00001aa011427_T001	MF	0097599	xylanase activity	0.190984274691	0.368154937575	9	1
Td00001aa011427_T001	MF	0015928	fucosidase activity	0.190147795913	0.368015824145	10	1
Td00001aa011427_T001	CC	0016020	membrane	0.0249535447395	0.327636795371	10	2
Td00001aa011427_T001	MF	0015923	mannosidase activity	0.168991325075	0.364389621093	11	1
Td00001aa011427_T001	BP	0071495	cellular response to endogenous stimulus	0.13643724037	0.358333122193	11	1
Td00001aa011427_T001	MF	0015925	galactosidase activity	0.163610379525	0.363431628412	12	1
Td00001aa011427_T001	BP	0023052	signaling	0.0636967721655	0.34134589466	16	1
Td00001aa011427_T001	BP	0050794	regulation of cellular process	0.0408849926698	0.334059494816	20	1
Td00001aa011430_T003	CC	0009570	chloroplast stroma	10.5312492081	0.775901388267	1	2
Td00001aa011430_T003	MF	0008422	beta-glucosidase activity	10.0946161531	0.76602981276	1	2
Td00001aa011430_T003	BP	0006952	defense response	6.93495755588	0.687074146026	1	2
Td00001aa011430_T003	BP	0005975	carbohydrate metabolic process	4.15232888826	0.60057787353	3	2
Td00001aa011430_T003	MF	0005515	protein binding	4.57048303368	0.6151185507	5	2
Td00001aa011430_T003	BP	0009987	cellular process	0.41022929461	0.39769935821	7	2
Td00001aa011649_T002	MF	0016705	oxidoreductase activity, acting on paired donors, with incorporation or reduction of molecular oxygen	6.62889361277	0.678541181779	1	62
Td00001aa011649_T002	CC	0016020	membrane	0.782451776136	0.433138553769	1	54
Td00001aa011649_T002	MF	0004497	monooxygenase activity	6.56543950422	0.676747609433	2	62
Td00001aa011649_T002	MF	0005506	iron ion binding	6.34223846852	0.670368794569	3	62
Td00001aa011649_T002	MF	0020037	heme binding	5.44549779027	0.643532772518	4	62
Td00001aa011790_T001	MF	0008017	microtubule binding	8.57036829759	0.729775778695	1	100
Td00001aa011790_T001	CC	0005874	microtubule	7.77514614624	0.709574940206	1	100
Td00001aa011790_T001	BP	0007010	cytoskeleton organization	6.79214245238	0.683116451821	1	100
Td00001aa011790_T001	CC	0005737	cytoplasm	0.0182028401297	0.324290079289	14	1
Td00001aa011790_T001	CC	0016020	membrane	0.00700650076014	0.31685394322	15	1
Td00001aa012013_T001	MF	0004017	adenylate kinase activity	10.2147991394	0.768767903274	1	86
Td00001aa012013_T001	BP	0046940	nucleoside monophosphate phosphorylation	8.47948920976	0.727516047696	1	86
Td00001aa012013_T001	CC	0005739	mitochondrion	0.397752811198	0.396274223604	1	7
Td00001aa012013_T001	MF	0005524	ATP binding	2.89508686717	0.551757143641	7	88
Td00001aa012013_T001	CC	0009507	chloroplast	0.0782602869934	0.34531975826	8	1
Td00001aa012020_T001	CC	0005576	extracellular region	5.39265268125	0.641884685573	1	1
Td00001aa012053_T002	MF	0031267	small GTPase binding	9.63841357996	0.755484936575	1	1
Td00001aa012053_T002	CC	0016020	membrane	0.920137266137	0.443981336824	1	1
Td00001aa012101_T001	MF	0015245	fatty acid transmembrane transporter activity	10.2621964638	0.769843309673	1	20
Td00001aa012101_T001	CC	0009706	chloroplast inner membrane	9.67602333921	0.756363577347	1	20
Td00001aa012101_T001	BP	0015908	fatty acid transport	8.99596283512	0.740202289651	1	20
Td00001aa012141_T001	BP	0090374	oligopeptide export from mitochondrion	10.1103058748	0.766388188252	1	73
Td00001aa012141_T001	MF	0015421	ABC-type oligopeptide transporter activity	8.8848649342	0.737504762915	1	73
Td00001aa012141_T001	CC	0005743	mitochondrial inner membrane	3.83574874575	0.589075182174	1	73
Td00001aa012141_T001	BP	0015833	peptide transport	5.85797013378	0.656131100857	7	73
Td00001aa012141_T001	MF	0016887	ATP hydrolysis activity	4.60076492326	0.616145197278	7	100
Td00001aa012141_T001	CC	0005886	plasma membrane	0.0784123671144	0.34535920649	15	3
Td00001aa012141_T001	MF	0005524	ATP binding	3.05186480433	0.558358407596	16	100
Td00001aa012271_T001	MF	0003977	UDP-N-acetylglucosamine diphosphorylase activity	10.5417884281	0.776137108321	1	88
Td00001aa012271_T001	BP	0006048	UDP-N-acetylglucosamine biosynthetic process	9.46265319998	0.751355903265	1	88
Td00001aa012301_T003	CC	0016020	membrane	0.894725961337	0.442044614863	1	97
Td00001aa012301_T003	MF	0008233	peptidase activity	0.284270096705	0.382116263276	1	6
Td00001aa012301_T003	BP	0006508	proteolysis	0.265611294375	0.379532436441	1	6
Td00001aa012301_T003	BP	0009987	cellular process	0.0252152913027	0.32775677764	6	6
Td00001aa012305_T002	MF	0005388	P-type calcium transporter activity	11.5410523436	0.797975245884	1	100
Td00001aa012305_T002	BP	0070588	calcium ion transmembrane transport	8.75309508751	0.734283349135	1	100
Td00001aa012305_T002	CC	0005886	plasma membrane	2.099255236	0.515077475293	1	82
Td00001aa012305_T002	MF	0005516	calmodulin binding	9.50893148403	0.752446784282	2	100
Td00001aa012305_T002	CC	0043231	intracellular membrane-bounded organelle	1.97486712266	0.508749510026	3	82
Td00001aa012305_T002	MF	0016887	ATP hydrolysis activity	4.60076145772	0.61614507998	13	100
Td00001aa012305_T002	BP	0009414	response to water deprivation	0.942766974313	0.445683665118	14	7
Td00001aa012305_T002	BP	0009409	response to cold	0.8336544243	0.437274392602	16	7
Td00001aa012305_T002	MF	0005524	ATP binding	3.0518625055	0.558358312062	25	100
Td00001aa012305_T002	MF	0046872	metal ion binding	0.0261656668865	0.328187268926	43	1
Td00001aa012353_T001	BP	0140527	reciprocal homologous recombination	10.7166393289	0.780030764454	1	16
Td00001aa012353_T001	BP	0007127	meiosis I	10.3690420577	0.772258475983	4	16
Td00001aa012628_T001	MF	0008732	L-allo-threonine aldolase activity	10.4120647746	0.773227457173	1	79
Td00001aa012628_T001	BP	0006545	glycine biosynthetic process	7.9787628441	0.714842141449	1	79
Td00001aa012628_T001	CC	0005829	cytosol	2.85145229227	0.549888259784	1	79
Td00001aa012628_T001	BP	0006567	threonine catabolic process	7.97746476753	0.714808776781	2	79
Td00001aa012719_T001	MF	0008843	endochitinase activity	15.7869313633	0.85543315426	1	100
Td00001aa012719_T001	BP	0006032	chitin catabolic process	11.0535732991	0.787445199881	1	100
Td00001aa012719_T001	MF	0008061	chitin binding	10.2927372145	0.770534939011	3	100
Td00001aa012719_T001	BP	0016998	cell wall macromolecule catabolic process	9.59724378203	0.754521158402	6	100
Td00001aa012719_T001	BP	0000272	polysaccharide catabolic process	7.61060491667	0.705267956634	10	100
Td00001aa012809_T001	MF	0003872	6-phosphofructokinase activity	11.0495690983	0.787357753777	1	9
Td00001aa012809_T001	BP	0061615	glycolytic process through fructose-6-phosphate	10.6893219063	0.779424553108	1	9
Td00001aa012809_T001	CC	0005737	cytoplasm	0.901855696117	0.442590752828	1	5
Td00001aa012809_T001	BP	0006002	fructose 6-phosphate metabolic process	9.56987905069	0.753879410504	2	8
Td00001aa012809_T001	MF	0046872	metal ion binding	2.47598864874	0.533176186332	7	9
Td00001aa012809_T001	MF	0005524	ATP binding	1.78907693049	0.49891426438	10	5
Td00001aa012926_T001	BP	0009651	response to salt stress	10.8147021727	0.78220057434	1	2
Td00001aa012926_T001	MF	0051082	unfolded protein binding	7.7420079297	0.708711216258	1	2
Td00001aa012926_T001	BP	0042542	response to hydrogen peroxide	10.2348265462	0.769222612438	2	2
Td00001aa012926_T001	BP	0051259	protein complex oligomerization	8.73027755317	0.733723065656	5	2
Td00001aa012926_T001	BP	0009408	response to heat	8.41347583997	0.725867006867	6	2
Td00001aa012926_T001	BP	0006457	protein folding	6.54098557357	0.676054090441	11	2
Td00001aa013159_T001	CC	0016020	membrane	0.921474170096	0.444082483789	1	29
Td00001aa013434_T001	MF	0005200	structural constituent of cytoskeleton	10.2141559513	0.768753292723	1	100
Td00001aa013434_T001	CC	0005874	microtubule	7.77515427008	0.709575151722	1	100
Td00001aa013434_T001	BP	0007017	microtubule-based process	7.16235366463	0.693292574306	1	100
Td00001aa013434_T001	BP	0007010	cytoskeleton organization	6.79214954912	0.683116649515	2	100
Td00001aa013434_T001	MF	0003924	GTPase activity	6.63044599463	0.678584953057	2	100
Td00001aa013434_T001	MF	0005525	GTP binding	5.98811808881	0.660013570232	3	100
Td00001aa013434_T001	BP	0000278	mitotic cell cycle	1.41736824268	0.477565356145	7	18
Td00001aa013434_T001	CC	0005737	cytoplasm	0.277232013752	0.381151904065	13	18
Td00001aa013434_T001	MF	0003729	mRNA binding	1.48459978976	0.481617711808	23	33
Td00001aa013434_T001	MF	0046872	metal ion binding	0.297108138294	0.383845074161	29	12
Td00001aa013434_T001	MF	0016757	glycosyltransferase activity	0.0547437293601	0.338672992742	31	1
Td00001aa013578_T001	MF	0004650	polygalacturonase activity	11.4536250003	0.796103331313	1	65
Td00001aa013578_T001	BP	0005975	carbohydrate metabolic process	4.15476823897	0.600664769817	1	65
Td00001aa013578_T001	CC	0016020	membrane	0.0475818866712	0.336372871988	1	4
Td00001aa013578_T001	BP	0009987	cellular process	0.410470290242	0.397726671165	4	65
Td00001aa013578_T001	BP	0008610	lipid biosynthetic process	0.0684418408641	0.342686340553	5	1
Td00001aa013578_T001	MF	0005506	iron ion binding	0.0880414105711	0.347783414219	6	1
Td00001aa013578_T001	MF	0016491	oxidoreductase activity	0.0420351347031	0.334469588952	8	1
Td00001aa013578_T001	MF	0003723	RNA binding	0.0338907031212	0.331430489138	11	1
Td00001aa013611_T001	CC	0098552	side of membrane	7.90644180458	0.712979106523	1	5
Td00001aa013611_T001	CC	0005886	plasma membrane	2.54904720656	0.53652248428	2	5
Td00001aa013672_T001	MF	0043295	glutathione binding	12.342125777	0.814807372463	1	84
Td00001aa013672_T001	BP	0006749	glutathione metabolic process	7.86571885129	0.711926307071	1	84
Td00001aa013672_T001	CC	0005737	cytoplasm	1.40614640161	0.476879676011	1	84
Td00001aa013672_T001	MF	0004364	glutathione transferase activity	9.47536558548	0.751655827407	3	87
Td00001aa013672_T001	CC	0016020	membrane	0.00534759460846	0.315318076617	4	1
Td00001aa013672_T001	BP	0009636	response to toxic substance	1.31985495974	0.471512933882	5	29
Td00001aa013672_T001	MF	0004713	protein tyrosine kinase activity	0.0297503468302	0.329744515412	14	1
Td00001aa013672_T001	MF	0005524	ATP binding	0.0100573528542	0.319261578641	20	1
Td00001aa013675_T002	MF	0043295	glutathione binding	11.3470220363	0.793811152472	1	71
Td00001aa013675_T002	BP	0006749	glutathione metabolic process	7.23153261845	0.695164712178	1	71
Td00001aa013675_T002	CC	0005737	cytoplasm	1.29277358648	0.469792692856	1	71
Td00001aa013675_T002	BP	0009636	response to toxic substance	5.68142910539	0.650795069433	2	64
Td00001aa013675_T002	MF	0004364	glutathione transferase activity	9.4029759815	0.749945234379	3	77
Td00001aa013675_T002	BP	0009404	toxin metabolic process	0.702497089685	0.42639952441	9	7
Td00001aa013675_T002	BP	0044248	cellular catabolic process	0.357126709953	0.391471635406	13	7
Td00001aa013725_T006	MF	0016161	beta-amylase activity	14.6706559611	0.84886582399	1	50
Td00001aa013725_T006	BP	0000272	polysaccharide catabolic process	7.61041572629	0.705262977787	1	50
Td00001aa013725_T006	CC	0009507	chloroplast	0.117902947145	0.354557321937	1	1
Td00001aa013725_T006	BP	0009987	cellular process	0.410462578672	0.397725797307	10	50
Td00001aa013725_T006	BP	0009414	response to water deprivation	0.237540038746	0.375467691346	12	1
Td00001aa013725_T006	BP	0005982	starch metabolic process	0.23516779518	0.375113436449	14	1
Td00001aa013792_T002	BP	0051228	mitotic spindle disassembly	12.8046197887	0.824277050293	1	89
Td00001aa013792_T002	CC	0034098	VCP-NPL4-UFD1 AAA ATPase complex	11.934589989	0.806314830445	1	89
Td00001aa013792_T002	MF	0031593	polyubiquitin modification-dependent protein binding	10.0894293739	0.765911278122	1	89
Td00001aa013792_T002	BP	0030970	retrograde protein transport, ER to cytosol	11.9091163524	0.805779211724	3	89
Td00001aa013792_T002	MF	0016887	ATP hydrolysis activity	4.60075716555	0.616144934702	3	100
Td00001aa013792_T002	BP	0097352	autophagosome maturation	11.4052584713	0.795064681192	6	89
Td00001aa013792_T002	MF	0005524	ATP binding	3.05185965834	0.558358193739	10	100
Td00001aa013792_T002	CC	0005829	cytosol	3.21607159755	0.565093099244	11	89
Td00001aa013792_T002	CC	0005634	nucleus	3.08973974878	0.559927558687	12	89
Td00001aa013792_T002	BP	0051301	cell division	2.31250156977	0.525504354793	51	38
Td00001aa013792_T002	BP	0043161	proteasome-mediated ubiquitin-dependent protein catabolic process	0.769217176125	0.432047699205	58	9
Td00001aa013825_T003	MF	0004674	protein serine/threonine kinase activity	5.14964331147	0.634199826891	1	23
Td00001aa013825_T003	CC	0005886	plasma membrane	1.43636953249	0.478720218102	1	17
Td00001aa013825_T003	BP	0006338	chromatin remodeling	0.242435399654	0.37619318309	1	1
Td00001aa013825_T003	BP	0006952	defense response	0.235506421323	0.375164113569	2	1
Td00001aa013825_T003	CC	0009506	plasmodesma	0.389599226289	0.395330767799	4	1
Td00001aa013825_T003	MF	0005524	ATP binding	2.64133039413	0.540681512735	7	26
Td00001aa013825_T003	MF	0140997	histone H4 kinase activity	0.922561831745	0.444164719557	23	1
Td00001aa013825_T003	MF	0140998	histone H2B kinase activity	0.679565949956	0.424396767315	35	1
Td00001aa013825_T003	MF	0140995	histone H2A kinase activity	0.601383232054	0.417301006819	41	1
Td00001aa013825_T003	MF	0141003	histone H2AX kinase activity	0.552295528704	0.412607686119	44	1
Td00001aa013825_T003	MF	0140996	histone H3 kinase activity	0.528375047159	0.410245024773	47	1
Td00001aa013825_T003	MF	0106310	protein serine kinase activity	0.371557372314	0.393207394848	51	1
Td00001aa013920_T001	MF	0008515	sucrose transmembrane transporter activity	13.5577841738	0.839339416847	1	94
Td00001aa013920_T001	BP	0015770	sucrose transport	13.2196407015	0.832630121982	1	94
Td00001aa013920_T001	CC	0005886	plasma membrane	2.52843519806	0.535583304763	1	99
Td00001aa013920_T001	BP	0005985	sucrose metabolic process	7.05302185836	0.690315277136	4	57
Td00001aa013920_T001	CC	0005634	nucleus	0.0310242945035	0.330275113724	4	1
Td00001aa013920_T001	MF	0005351	carbohydrate:proton symporter activity	9.16740263058	0.744332478733	6	87
Td00001aa013920_T001	BP	0055085	transmembrane transport	2.72915151991	0.544572488335	8	100
Td00001aa013920_T001	BP	0015759	beta-glucoside transport	2.66468194398	0.541722353402	9	11
Td00001aa013920_T001	BP	0009846	pollen germination	1.90708042468	0.505216964063	16	11
Td00001aa013920_T001	BP	0015768	maltose transport	1.27319060038	0.468537505948	20	11
Td00001aa013920_T001	BP	0015850	organic hydroxy compound transport	1.13152557084	0.459153872956	21	11
Td00001aa013920_T001	MF	0015573	beta-glucoside transmembrane transporter activity	2.70599385131	0.543552625288	22	11
Td00001aa013920_T001	MF	0015665	alcohol transmembrane transporter activity	1.65098600117	0.491268496543	26	11
Td00001aa013920_T001	MF	0005363	maltose transmembrane transporter activity	1.4836704958	0.4815623318	27	11
Td00001aa013920_T001	BP	0006357	regulation of transcription by RNA polymerase II	0.0513628069904	0.337607204596	28	1
Td00001aa013920_T001	MF	0000981	DNA-binding transcription factor activity, RNA polymerase II-specific	0.0607210940868	0.34047967657	30	1
Td00001aa013920_T001	MF	0043565	sequence-specific DNA binding	0.0477283252178	0.336421572939	31	1
Td00001aa013976_T001	BP	0006633	fatty acid biosynthetic process	6.96755999997	0.687971895893	1	100
Td00001aa013976_T001	MF	0016747	acyltransferase activity, transferring groups other than amino-acyl groups	5.63147947248	0.649270322253	1	100
Td00001aa013976_T001	CC	0005783	endoplasmic reticulum	1.33327474265	0.472358834334	1	20
Td00001aa013976_T001	CC	0016020	membrane	0.921543058618	0.444087693741	3	100
Td00001aa013976_T001	MF	0044183	protein folding chaperone	0.0725152162759	0.343800399043	6	1
Td00001aa013976_T001	MF	0005524	ATP binding	0.0270451255162	0.328578724067	7	1
Td00001aa013976_T001	BP	0009409	response to cold	2.53685551778	0.535967434706	14	20
Td00001aa013976_T001	BP	0009416	response to light stimulus	2.06476554618	0.513342120869	15	20
Td00001aa013976_T001	BP	0090377	seed trichome initiation	0.190467086576	0.368068960895	25	1
Td00001aa013976_T001	BP	0006457	protein folding	0.058038375546	0.339680357248	43	1
Td00001aa014042_T002	MF	0051903	S-(hydroxymethyl)glutathione dehydrogenase [NAD(P)+] activity	11.1309199011	0.789131243327	1	94
Td00001aa014042_T002	BP	0046294	formaldehyde catabolic process	10.2349022807	0.769224331095	1	94
Td00001aa014042_T002	CC	0005829	cytosol	3.36589124128	0.5710892259	1	94
Td00001aa014042_T002	MF	0008270	zinc ion binding	5.07368278347	0.631760632102	4	100
Td00001aa014042_T002	MF	0004022	alcohol dehydrogenase (NAD+) activity	1.01027208061	0.450643847717	11	10
Td00001aa014042_T002	MF	0003690	double-stranded DNA binding	0.0528887438573	0.338092446785	15	1
Td00001aa014042_T002	BP	0006265	DNA topological change	0.0753817033914	0.344565717953	22	1
Td00001aa014170_T002	MF	0004512	inositol-3-phosphate synthase activity	12.9304877545	0.826824497172	1	100
Td00001aa014170_T002	BP	0006021	inositol biosynthetic process	12.2099053593	0.812067640953	1	100
Td00001aa014170_T002	CC	0005829	cytosol	2.88922744947	0.551507005343	1	79
Td00001aa014170_T002	CC	0005634	nucleus	0.172216360172	0.364956488532	4	5
Td00001aa014170_T002	BP	0008654	phospholipid biosynthetic process	6.30076726881	0.669171299774	8	100
Td00001aa014223_T001	MF	0004563	beta-N-acetylhexosaminidase activity	11.2126435202	0.790906346979	1	100
Td00001aa014223_T001	BP	0030203	glycosaminoglycan metabolic process	5.84015009503	0.655596164213	1	93
Td00001aa014223_T001	CC	0016020	membrane	0.844175893272	0.438108373519	1	93
Td00001aa014223_T001	BP	0005975	carbohydrate metabolic process	4.1548206633	0.600666637034	3	100
Td00001aa014223_T001	BP	0009987	cellular process	0.410475469503	0.397727258062	8	100
Td00001aa014231_T001	MF	0004553	hydrolase activity, hydrolyzing O-glycosyl compounds	6.28424604063	0.668693146425	1	77
Td00001aa014231_T001	BP	0005975	carbohydrate metabolic process	4.15480759948	0.600666171736	1	77
Td00001aa014231_T001	CC	0005886	plasma membrane	0.173783837723	0.365230088403	1	5
Td00001aa014231_T001	BP	0009987	cellular process	0.410474178863	0.397727111811	4	77
Td00001aa014231_T001	BP	0016042	lipid catabolic process	0.078207999678	0.345306186543	5	1
Td00001aa014316_T001	CC	0010008	endosome membrane	8.42724145031	0.726211409794	1	100
Td00001aa014316_T001	BP	0072657	protein localization to membrane	6.59111078808	0.677474264656	1	90
Td00001aa014316_T001	CC	0000139	Golgi membrane	7.85325318968	0.711603491172	2	100
Td00001aa014362_T001	BP	0009408	response to heat	8.42106154823	0.726056829141	1	6
Td00001aa014480_T001	BP	0009651	response to salt stress	5.67289513507	0.650535040227	1	1
Td00001aa014480_T001	MF	0051082	unfolded protein binding	4.06110112129	0.597309564752	1	1
Td00001aa014480_T001	CC	0016020	membrane	0.437033659486	0.400689572998	1	1
Td00001aa014480_T001	BP	0042542	response to hydrogen peroxide	5.36871906362	0.641135608649	2	1
Td00001aa014480_T001	BP	0051259	protein complex oligomerization	4.57950189179	0.615424671638	5	1
Td00001aa014480_T001	BP	0009408	response to heat	4.41332229028	0.609734834697	6	1
Td00001aa014480_T001	BP	0006457	protein folding	3.43110005678	0.573657282372	11	1
Td00001aa014588_T001	MF	0004364	glutathione transferase activity	10.1507927738	0.767311683902	1	100
Td00001aa014588_T001	CC	0005737	cytoplasm	0.0125462545856	0.320963861389	1	1
Td00001aa014621_T001	CC	0016020	membrane	0.899617727152	0.44241955753	1	30
Td00001aa014621_T001	MF	0016787	hydrolase activity	0.107013387818	0.352199131949	1	2
Td00001aa014621_T001	CC	0005740	mitochondrial envelope	0.304065382794	0.384766363899	3	2
Td00001aa014690_T001	MF	0010427	abscisic acid binding	13.9310375971	0.844375885238	1	100
Td00001aa014690_T001	BP	0009738	abscisic acid-activated signaling pathway	12.7260591601	0.822680708438	1	100
Td00001aa014690_T001	CC	0005634	nucleus	3.47387862901	0.575328753259	1	100
Td00001aa014690_T001	MF	0004864	protein phosphatase inhibitor activity	11.5418307922	0.797991881411	4	100
Td00001aa014690_T001	CC	0005737	cytoplasm	1.32509805397	0.471843935803	6	86
Td00001aa014690_T001	BP	0006952	defense response	6.93896547712	0.687184622845	15	100
Td00001aa014690_T001	MF	0038023	signaling receptor activity	6.48679264917	0.674512532094	15	100
Td00001aa014781_T002	BP	0006351	DNA-templated transcription	5.55232746604	0.646840237417	1	39
Td00001aa014781_T002	MF	0043565	sequence-specific DNA binding	5.34423159126	0.640367467008	1	39
Td00001aa014781_T002	CC	0005634	nucleus	3.47384941804	0.575327615432	1	39
Td00001aa014781_T002	MF	0003700	DNA-binding transcription factor activity	4.08911275891	0.598316974749	2	34
Td00001aa014781_T002	BP	0006355	regulation of DNA-templated transcription	3.08204020404	0.559609350365	6	34
Td00001aa014781_T002	MF	0001067	transcription regulatory region nucleic acid binding	0.287307247015	0.382528723368	9	2
Td00001aa014781_T002	BP	0006952	defense response	2.92317398662	0.552952681933	10	16
Td00001aa014781_T002	MF	0003690	double-stranded DNA binding	0.274047441077	0.380711533086	11	2
Td00001aa014781_T002	BP	0009617	response to bacterium	1.03065554878	0.452108792686	29	4
Td00001aa014781_T002	BP	1902680	positive regulation of RNA biosynthetic process	0.745706815213	0.43008646902	33	4
Td00001aa014847_T001	MF	0004714	transmembrane receptor protein tyrosine kinase activity	9.75160766854	0.758124232414	1	40
Td00001aa014847_T001	CC	0043680	filiform apparatus	0.944287118199	0.445797282343	1	2
Td00001aa014847_T001	BP	0010483	pollen tube reception	0.864774299066	0.439726186861	1	2
Td00001aa014847_T001	CC	0016020	membrane	0.856959020458	0.4391146618	2	40
Td00001aa014847_T001	BP	0010118	stomatal movement	0.724080392279	0.428254910358	2	2
Td00001aa014847_T001	BP	0009788	negative regulation of abscisic acid-activated signaling pathway	0.63175082581	0.42010895949	3	2
Td00001aa014847_T001	MF	0004674	protein serine/threonine kinase activity	6.15346692513	0.66488577057	5	40
Td00001aa014847_T001	CC	0009506	plasmodesma	0.166066209056	0.363870774274	7	1
Td00001aa014847_T001	BP	0009741	response to brassinosteroid	0.575083143118	0.414811311452	10	2
Td00001aa014847_T001	BP	0048364	root development	0.53777201151	0.411179429138	12	2
Td00001aa014847_T001	MF	0005524	ATP binding	2.83796661282	0.549307775054	13	40
Td00001aa014847_T001	BP	0030308	negative regulation of cell growth	0.529338992738	0.410341256891	14	2
Td00001aa014847_T001	BP	0032922	circadian regulation of gene expression	0.526587587757	0.410066347456	15	2
Td00001aa014847_T001	BP	0009723	response to ethylene	0.507870370377	0.408176815439	16	2
Td00001aa014847_T001	BP	0050832	defense response to fungus	0.49543613735	0.406902249981	18	2
Td00001aa014847_T001	BP	0009791	post-embryonic development	0.442224732918	0.401257970842	23	2
Td00001aa014847_T001	MF	0140997	histone H4 kinase activity	0.570718379872	0.41439265441	31	1
Td00001aa014847_T001	MF	0140998	histone H2B kinase activity	0.420395430018	0.398844642263	41	1
Td00001aa014847_T001	MF	0140995	histone H2A kinase activity	0.372029767621	0.393263640801	47	1
Td00001aa014847_T001	MF	0141003	histone H2AX kinase activity	0.341662963399	0.389572221155	50	1
Td00001aa014847_T001	MF	0140996	histone H3 kinase activity	0.326865192666	0.38771392613	53	1
Td00001aa014847_T001	BP	0006338	chromatin remodeling	0.149976222463	0.360931260854	58	1
Td00001aa014848_T001	CC	0005850	eukaryotic translation initiation factor 2 complex	12.0023988486	0.807737826631	1	89
Td00001aa014848_T001	BP	0001731	formation of translation preinitiation complex	10.5999095624	0.777434933446	1	89
Td00001aa014848_T001	MF	0031369	translation initiation factor binding	10.5219556182	0.775693430079	1	89
Td00001aa014848_T001	MF	0003743	translation initiation factor activity	8.47054886767	0.727293091045	2	100
Td00001aa014848_T001	CC	0009523	photosystem II	0.168078117531	0.364228125076	5	2
Td00001aa014848_T001	MF	0003729	mRNA binding	4.00778270398	0.595382374869	7	89
Td00001aa014848_T001	BP	0010206	photosystem II repair	0.297239960056	0.383862629867	23	2
Td00001aa014848_T001	BP	0010207	photosystem II assembly	0.277209213005	0.381148760135	24	2
Td00001aa014878_T002	MF	0016157	sucrose synthase activity	14.3375000353	0.846857716587	1	100
Td00001aa014878_T002	BP	0005985	sucrose metabolic process	11.6605657941	0.800522725437	1	100
Td00001aa014878_T002	BP	0010555	response to mannitol	3.79774164809	0.587662787441	5	19
Td00001aa014878_T002	BP	0010431	seed maturation	3.20205330259	0.564524975437	6	19
Td00001aa014878_T002	BP	0009414	response to water deprivation	2.55502045813	0.536793943307	7	19
Td00001aa014878_T002	BP	0005982	starch metabolic process	2.52950420885	0.535632107805	9	19
Td00001aa014878_T002	BP	0009987	cellular process	0.410477361895	0.397727472501	35	100
Td00001aa014939_T002	MF	0003978	UDP-glucose 4-epimerase activity	11.216672535	0.790993692867	1	100
Td00001aa014939_T002	BP	0006012	galactose metabolic process	9.65815784548	0.755946416255	1	100
Td00001aa014939_T002	CC	0005829	cytosol	3.27118153393	0.567314643779	1	91
Td00001aa014939_T002	CC	0016020	membrane	0.0299247823389	0.329817829983	4	3
Td00001aa014939_T002	MF	0000166	nucleotide binding	0.0287468303615	0.329318500653	6	1
Td00001aa014939_T002	BP	0009987	cellular process	0.410473879031	0.397727077835	8	100
Td00001aa014983_T003	MF	0004601	peroxidase activity	7.99442224376	0.715244423835	1	100
Td00001aa014983_T003	BP	0006979	response to oxidative stress	7.2655565626	0.696082191255	1	99
Td00001aa014983_T003	CC	0005829	cytosol	2.65815427953	0.541431858865	1	74
Td00001aa014983_T003	BP	0098869	cellular oxidant detoxification	6.9954451858	0.688738084921	2	100
Td00001aa014983_T003	CC	0012505	endomembrane system	0.222828649677	0.373241267382	4	5
Td00001aa014983_T003	CC	0016020	membrane	0.0196034316051	0.325029779454	6	2
Td00001aa014983_T003	BP	0006397	mRNA processing	0.24987597904	0.377281989923	13	4
Td00001aa014983_T003	BP	0009793	embryo development ending in seed dormancy	0.122149261558	0.355447194675	19	1
Td00001aa015117_T001	MF	0003849	3-deoxy-7-phosphoheptulonate synthase activity	11.4761054829	0.796585343286	1	99
Td00001aa015117_T001	BP	0009073	aromatic amino acid family biosynthetic process	6.68395158511	0.680090488195	1	99
Td00001aa015117_T001	CC	0009507	chloroplast	5.95160093215	0.658928514545	1	98
Td00001aa015117_T001	BP	0009423	chorismate biosynthetic process	6.65121745339	0.679170137152	2	75
Td00001aa015117_T001	MF	0016428	tRNA (cytidine-5-)-methyltransferase activity	0.117157382774	0.354399434477	5	1
Td00001aa015117_T001	BP	0008652	amino acid biosynthetic process	4.88645838906	0.625669465331	6	98
Td00001aa015117_T001	MF	0003723	RNA binding	0.0596244247646	0.34015510023	8	2
Td00001aa015117_T001	CC	0005634	nucleus	0.0277016195202	0.328866802693	9	1
Td00001aa015117_T001	MF	0016829	lyase activity	0.0467502168129	0.336094851347	12	1
Td00001aa015117_T001	MF	0046872	metal ion binding	0.0240731678491	0.327228549902	19	1
Td00001aa015117_T001	BP	0010597	green leaf volatile biosynthetic process	0.139938450979	0.359016921484	20	1
Td00001aa015117_T001	BP	0030488	tRNA methylation	0.0687167706406	0.342762559348	23	1
Td00001aa015308_T002	BP	0042744	hydrogen peroxide catabolic process	9.6211188159	0.755080320219	1	100
Td00001aa015308_T002	MF	0004601	peroxidase activity	7.99449849645	0.715246381765	1	100
Td00001aa015308_T002	CC	0005576	extracellular region	4.90999839073	0.62644165486	1	90
Td00001aa015308_T002	CC	0016020	membrane	0.0595675908823	0.340138198336	2	7
Td00001aa015308_T002	CC	0005634	nucleus	0.0302921672379	0.32997154474	3	1
Td00001aa015308_T002	BP	0006979	response to oxidative stress	7.33294064699	0.697892930987	4	100
Td00001aa015308_T002	BP	0098869	cellular oxidant detoxification	6.99551191001	0.68873991644	5	100
Td00001aa015308_T002	MF	0020037	heme binding	5.44550634909	0.643533038793	5	100
Td00001aa015308_T002	CC	0071944	cell periphery	0.0231189997264	0.326777563181	6	1
Td00001aa015308_T002	MF	0046872	metal ion binding	2.47635677872	0.53319317062	8	100
Td00001aa015308_T002	MF	0022857	transmembrane transporter activity	0.0284194330014	0.329177909281	15	1
Td00001aa015308_T002	BP	0055085	transmembrane transport	0.0237976315149	0.32709925037	18	1
Td00001aa015619_T001	CC	0016020	membrane	0.921532058396	0.444086861821	1	100
Td00001aa015624_T001	MF	0004743	pyruvate kinase activity	10.4654862254	0.774427862394	1	93
Td00001aa015624_T001	BP	0006096	glycolytic process	7.13984809344	0.692681575526	1	93
Td00001aa015624_T001	CC	0009570	chloroplast stroma	1.22769531116	0.465583651602	1	11
Td00001aa015624_T001	MF	0030955	potassium ion binding	10.0146367978	0.764198626976	2	93
Td00001aa015624_T001	MF	0000287	magnesium ion binding	5.30894917628	0.639257600185	4	93
Td00001aa015624_T001	MF	0016301	kinase activity	4.13420333377	0.599931391038	6	95
Td00001aa015624_T001	MF	0005524	ATP binding	2.7119851214	0.543816897759	8	88
Td00001aa015624_T001	BP	0015979	photosynthesis	2.21100740895	0.520604510474	53	28
Td00001aa015632_T001	MF	0046983	protein dimerization activity	6.47335273492	0.674129228195	1	91
Td00001aa015632_T001	CC	0005634	nucleus	3.336238511	0.569913216068	1	96
Td00001aa015632_T001	BP	0006355	regulation of DNA-templated transcription	3.29871530554	0.568417551057	1	96
Td00001aa015632_T001	MF	0000976	transcription cis-regulatory region binding	5.09704250937	0.632512676855	2	84
Td00001aa015632_T001	MF	0003700	DNA-binding transcription factor activity	4.37658756892	0.60846268826	7	96
Td00001aa015632_T001	CC	0016020	membrane	0.0148536637887	0.32239633826	8	2
Td00001aa015632_T001	BP	0090558	plant epidermis development	1.08821846823	0.456169315356	14	13
Td00001aa015632_T001	BP	1901701	cellular response to oxygen-containing compound	0.68139515221	0.424557754233	16	13
Td00001aa015632_T001	BP	0007165	signal transduction	0.326334814066	0.387646548683	22	13
Td00001aa016005_T001	BP	0009651	response to salt stress	10.8104131391	0.782105878292	1	2
Td00001aa016005_T001	MF	0051082	unfolded protein binding	7.73893750464	0.708631094332	1	2
Td00001aa016005_T001	BP	0042542	response to hydrogen peroxide	10.230767487	0.769130490127	2	2
Td00001aa016005_T001	BP	0051259	protein complex oligomerization	8.72681518744	0.733637983477	5	2
Td00001aa016005_T001	BP	0009408	response to heat	8.41013911554	0.725783482671	6	2
Td00001aa016005_T001	BP	0006457	protein folding	6.5383914654	0.675980444948	11	2
Td00001aa016026_T002	MF	0004693	cyclin-dependent protein serine/threonine kinase activity	11.5718223365	0.798632377146	1	34
Td00001aa016026_T002	BP	0010389	regulation of G2/M transition of mitotic cell cycle	10.2516025033	0.769603157271	1	34
Td00001aa016026_T002	CC	0000307	cyclin-dependent protein kinase holoenzyme complex	6.68450155876	0.68010593195	1	21
Td00001aa016026_T002	BP	0044772	mitotic cell cycle phase transition	9.93148928852	0.762287134795	3	34
Td00001aa016026_T002	MF	0030332	cyclin binding	7.8300186103	0.711001114399	3	21
Td00001aa016026_T002	CC	0005634	nucleus	3.17843283337	0.5635648809	6	34
Td00001aa016026_T002	BP	0044843	cell cycle G1/S phase transition	7.99182577355	0.71517774904	9	21
Td00001aa016026_T002	MF	0005524	ATP binding	2.89397833456	0.551709839858	10	35
Td00001aa016026_T002	BP	0051445	regulation of meiotic cell cycle	7.65317772107	0.706386758582	11	21
Td00001aa016026_T002	CC	0005737	cytoplasm	0.964746926865	0.447317663874	13	21
Td00001aa016026_T002	BP	0051301	cell division	6.14100677047	0.664520915709	16	37
Td00001aa016026_T002	BP	0044839	cell cycle G2/M phase transition	3.95235614124	0.593365347106	20	13
Td00001aa016026_T002	BP	0007165	signal transduction	3.60898435326	0.580541188873	22	34
Td00001aa016026_T002	MF	0140835	RNA polymerase II CTD heptapeptide repeat T4 kinase activity	1.59298303668	0.487961902974	24	2
Td00001aa016026_T002	MF	0140837	RNA polymerase II CTD heptapeptide repeat S7 kinase activity	1.59298303668	0.487961902974	25	2
Td00001aa016026_T002	MF	0140833	RNA polymerase II CTD heptapeptide repeat Y1 kinase activity	1.59298303668	0.487961902974	26	2
Td00001aa016026_T002	BP	1902750	negative regulation of cell cycle G2/M phase transition	3.31464973562	0.569053726968	27	13
Td00001aa016026_T002	MF	0140834	RNA polymerase II CTD heptapeptide repeat S2 kinase activity	1.40722040689	0.476945418306	29	2
Td00001aa016026_T002	MF	0140836	RNA polymerase II CTD heptapeptide repeat S5 kinase activity	1.25892823333	0.467617262132	30	2
Td00001aa016026_T002	BP	1901991	negative regulation of mitotic cell cycle phase transition	3.05340981179	0.558422606794	31	13
Td00001aa016026_T002	MF	0106310	protein serine kinase activity	0.641566311201	0.421002055879	36	2
Td00001aa016026_T002	BP	0010468	regulation of gene expression	2.02845641462	0.511499486768	45	21
Td00001aa016026_T002	BP	0006974	DNA damage response	1.48129850831	0.481420897753	52	13
Td00001aa016026_T002	BP	2001141	regulation of RNA biosynthetic process	0.201280635341	0.369842978794	59	2
Td00001aa016203_T001	CC	0034098	VCP-NPL4-UFD1 AAA ATPase complex	12.0354264305	0.80842946792	1	91
Td00001aa016203_T001	MF	0031593	polyubiquitin modification-dependent protein binding	10.1746758847	0.767855587966	1	91
Td00001aa016203_T001	BP	0036503	ERAD pathway	10.0925240992	0.765982006244	1	91
Td00001aa016203_T001	BP	0006511	ubiquitin-dependent protein catabolic process	7.51944187404	0.702861642814	4	100
Td00001aa016203_T001	MF	0046983	protein dimerization activity	0.0635702080459	0.341309469254	5	1
Td00001aa016231_T002	MF	0004674	protein serine/threonine kinase activity	6.61135645148	0.678046343923	1	2
Td00001aa016231_T002	MF	0004715	non-membrane spanning protein tyrosine kinase activity	5.778282731	0.653732614449	2	1
Td00001aa016231_T002	MF	0005524	ATP binding	3.04914434466	0.5582453257	9	2
Td00001aa016275_T003	BP	0031408	oxylipin biosynthetic process	13.3275628517	0.834780692636	1	97
Td00001aa016275_T003	MF	0016702	oxidoreductase activity, acting on single donors with incorporation of molecular oxygen, incorporation of two atoms of oxygen	9.3049674548	0.74761872962	1	100
Td00001aa016275_T003	CC	0005737	cytoplasm	0.149646262686	0.360869370141	1	11
Td00001aa016275_T003	BP	0034440	lipid oxidation	8.50188344841	0.728074005837	3	100
Td00001aa016275_T003	BP	0006633	fatty acid biosynthetic process	6.79170625088	0.683104300392	5	97
Td00001aa016275_T003	MF	0046872	metal ion binding	2.47639464083	0.53319491738	5	100
Td00001aa016275_T003	CC	0043231	intracellular membrane-bounded organelle	0.0570962333349	0.339395275921	5	2
Td00001aa016275_T003	BP	0010597	green leaf volatile biosynthetic process	0.526834943882	0.410091091631	21	3
Td00001aa016275_T003	BP	0009751	response to salicylic acid	0.524720668738	0.409879403154	22	3
Td00001aa016275_T003	BP	0009753	response to jasmonic acid	0.496474345668	0.407009278605	24	3
Td00001aa016275_T003	BP	0009694	jasmonic acid metabolic process	0.36199920693	0.392061569123	30	2
Td00001aa016275_T003	BP	0009737	response to abscisic acid	0.316122644066	0.386338387721	33	2
Td00001aa016275_T003	BP	0009723	response to ethylene	0.313591488248	0.386010896505	34	2
Td00001aa016275_T003	BP	0009409	response to cold	0.301393158013	0.384413762965	37	2
Td00001aa016275_T003	BP	0007623	circadian rhythm	0.300387014551	0.384280597153	38	2
Td00001aa016275_T003	BP	0009620	response to fungus	0.297583219374	0.383908326061	39	2
Td00001aa016275_T003	BP	0009611	response to wounding	0.274778054946	0.380812789487	42	2
Td00001aa016360_T001	BP	0016125	sterol metabolic process	6.73577752926	0.681543027109	1	32
Td00001aa016360_T001	MF	0004497	monooxygenase activity	6.56541178202	0.676746823957	1	47
Td00001aa016360_T001	CC	0009941	chloroplast envelope	0.137178538485	0.358478625996	1	1
Td00001aa016360_T001	MF	0016705	oxidoreductase activity, acting on paired donors, with incorporation or reduction of molecular oxygen	6.52882409116	0.675708705379	2	46
Td00001aa016360_T001	CC	0009535	chloroplast thylakoid membrane	0.0987118308883	0.350319573421	2	1
Td00001aa016360_T001	MF	0005506	iron ion binding	6.24649628188	0.667598237762	3	46
Td00001aa016360_T001	MF	0020037	heme binding	5.36329276624	0.640965543763	4	46
Td00001aa016360_T001	BP	0031408	oxylipin biosynthetic process	0.646330372639	0.421433067721	6	2
Td00001aa016360_T001	BP	0006633	fatty acid biosynthetic process	0.421114091445	0.398925077524	9	3
Td00001aa016360_T001	MF	0009978	allene oxide synthase activity	0.978110763581	0.448302048568	13	2
Td00001aa016360_T001	BP	0009694	jasmonic acid metabolic process	0.180769094941	0.366434609899	22	1
Td00001aa016799_T001	MF	0016787	hydrolase activity	2.25285268165	0.522638026056	1	5
Td00001aa017003_T001	BP	0009800	cinnamic acid biosynthetic process	13.0597034612	0.829426834135	1	84
Td00001aa017003_T001	MF	0045548	phenylalanine ammonia-lyase activity	11.3911604694	0.794761518407	1	73
Td00001aa017003_T001	CC	0005737	cytoplasm	1.53840981989	0.484795407407	1	100
Td00001aa017003_T001	CC	0016020	membrane	0.00848440075025	0.318074489164	4	1
Td00001aa017003_T001	BP	0006559	L-phenylalanine catabolic process	10.5261147006	0.775786507213	5	100
Td00001aa017003_T001	MF	0052883	tyrosine ammonia-lyase activity	0.224734078452	0.373533694985	6	1
Td00001aa017003_T001	BP	0016598	protein arginylation	0.246647820145	0.376811620825	42	1
Td00001aa017003_T001	BP	0046898	response to cycloheximide	0.202208824119	0.369993006726	43	1
Td00001aa017003_T001	BP	0009739	response to gibberellin	0.136940474581	0.358431941182	44	1
Td00001aa017178_T001	BP	0009415	response to water	12.820408583	0.824597285021	1	18
Td00001aa017178_T001	CC	0005829	cytosol	2.22438747005	0.521256805496	1	12
Td00001aa017178_T001	BP	0009631	cold acclimation	11.4546674785	0.796125693911	2	14
Td00001aa017178_T001	CC	0016020	membrane	0.685568563027	0.424924246461	3	13
Td00001aa017178_T001	BP	0009737	response to abscisic acid	9.01478661023	0.740657689111	5	14
Td00001aa017178_T002	BP	0009415	response to water	12.820408583	0.824597285021	1	18
Td00001aa017178_T002	CC	0005829	cytosol	2.22438747005	0.521256805496	1	12
Td00001aa017178_T002	BP	0009631	cold acclimation	11.4546674785	0.796125693911	2	14
Td00001aa017178_T002	CC	0016020	membrane	0.685568563027	0.424924246461	3	13
Td00001aa017178_T002	BP	0009737	response to abscisic acid	9.01478661023	0.740657689111	5	14
Td00001aa017188_T002	CC	0005634	nucleus	3.47267870124	0.575282009685	1	12
Td00001aa017188_T002	MF	0003677	DNA binding	3.20512361343	0.564649513073	1	12
Td00001aa017372_T002	MF	0047334	diphosphate-fructose-6-phosphate 1-phosphotransferase activity	12.2326188289	0.812539336871	1	100
Td00001aa017372_T002	BP	0061615	glycolytic process through fructose-6-phosphate	10.6910618544	0.779463188041	1	100
Td00001aa017372_T002	CC	0005829	cytosol	2.62172162277	0.53980393838	1	73
Td00001aa017372_T002	MF	0003872	6-phosphofructokinase activity	11.0513676854	0.787397034345	2	100
Td00001aa017372_T002	BP	0009749	response to glucose	10.2437408926	0.769424863751	2	85
Td00001aa017372_T002	BP	0046835	carbohydrate phosphorylation	8.83145954575	0.736202045026	6	100
Td00001aa017372_T002	MF	0005524	ATP binding	3.05185286508	0.558357911425	8	100
Td00001aa017372_T002	MF	0046872	metal ion binding	2.47639167634	0.533194780614	19	100
Td00001aa017372_T002	BP	0015979	photosynthesis	6.00635777877	0.660554297858	40	85
Td00001aa017372_T002	BP	0006002	fructose 6-phosphate metabolic process	4.8188242044	0.623440432726	47	49
Td00001aa017416_T001	MF	0004190	aspartic-type endopeptidase activity	7.85898816634	0.711752038283	1	78
Td00001aa017416_T001	BP	0006508	proteolysis	4.3238065668	0.606625465637	1	78
Td00001aa017416_T001	BP	0009987	cellular process	0.41047216149	0.397726883209	6	78
Td00001aa017572_T001	BP	0009408	response to heat	8.41672704593	0.725948374452	1	3
Td00001aa017572_T001	CC	0005739	mitochondrion	3.1343905166	0.561765129174	1	2
Td00001aa017572_T001	MF	0051082	unfolded protein binding	3.04791767134	0.558194319821	1	1
Td00001aa017572_T001	BP	0006970	response to osmotic stress	3.08381016985	0.559682535016	5	1
Td00001aa017626_T002	BP	0043450	alkene biosynthetic process	13.1067555499	0.830371239016	1	37
Td00001aa017626_T002	MF	0031418	L-ascorbic acid binding	9.95319504346	0.762786901394	1	37
Td00001aa017626_T002	BP	0009692	ethylene metabolic process	13.1064683415	0.830365479466	3	37
Td00001aa017626_T002	BP	0009835	fruit ripening	12.8635681689	0.825471660373	7	37
Td00001aa017626_T002	MF	0016491	oxidoreductase activity	3.02801898758	0.557365481291	7	42
Td00001aa017626_T002	MF	0046872	metal ion binding	2.47629914704	0.53319051177	8	42
Td00001aa017835_T001	MF	0003723	RNA binding	3.38270359934	0.571753693652	1	77
Td00001aa017835_T001	CC	0005737	cytoplasm	0.136659514101	0.358376792026	1	7
Td00001aa017835_T001	CC	0031248	protein acetyltransferase complex	0.0184370717948	0.324415717642	5	1
Td00001aa017835_T001	CC	0005634	nucleus	0.00690765014474	0.316767902233	10	1
Td00001aa017913_T001	MF	0016788	hydrolase activity, acting on ester bonds	4.23561722564	0.603530532899	1	100
Td00001aa017913_T001	CC	0016020	membrane	0.0686808126352	0.342752599386	1	8
Td00001aa017913_T001	BP	0006629	lipid metabolic process	0.0265820404256	0.328373407477	1	1
Td00001aa017913_T001	BP	0009987	cellular process	0.00255203694141	0.3120351685	4	1
Td00001aa018057_T003	CC	0048046	apoplast	11.0139712406	0.786579649108	1	2
Td00001aa018057_T003	MF	0004565	beta-galactosidase activity	10.8172131354	0.782256004279	1	2
Td00001aa018057_T003	BP	0009827	plant-type cell wall modification	9.17540054439	0.744524211127	1	1
Td00001aa018057_T003	CC	0009505	plant-type cell wall	6.12698345647	0.664109845848	2	1
Td00001aa018057_T003	BP	0019388	galactose catabolic process	5.4611867119	0.644020523833	5	1
Td00001aa018057_T003	CC	0005773	vacuole	3.68877347176	0.58357373246	5	1
Td00001aa018155_T002	MF	0004392	heme oxygenase (decyclizing) activity	13.2777726213	0.833789606103	1	100
Td00001aa018155_T002	BP	0006788	heme oxidation	13.002439154	0.828275156766	1	100
Td00001aa018155_T002	CC	0009507	chloroplast	5.95254613254	0.658956641736	1	99
Td00001aa018155_T002	BP	0010024	phytochromobilin biosynthetic process	10.0411667956	0.764806858455	4	68
Td00001aa018155_T002	MF	0046872	metal ion binding	0.0269648519646	0.328543260108	7	1
Td00001aa018155_T002	BP	0015979	photosynthesis	7.03961436545	0.689948583711	9	99
Td00001aa018155_T002	CC	0016020	membrane	0.00867151630669	0.318221165821	10	1
Td00001aa018155_T002	BP	0010229	inflorescence development	1.92254767733	0.50602846193	21	10
Td00001aa018155_T002	BP	0048573	photoperiodism, flowering	1.86473123673	0.502978095748	22	10
Td00001aa018252_T001	BP	0045037	protein import into chloroplast stroma	2.75268166237	0.545604332869	1	11
Td00001aa018252_T001	CC	0009706	chloroplast inner membrane	2.05913135634	0.513057262295	1	11
Td00001aa018252_T001	MF	0005375	copper ion transmembrane transporter activity	1.97787562561	0.508904874892	1	11
Td00001aa018252_T001	MF	0005381	iron ion transmembrane transporter activity	1.85225330643	0.50231358898	2	11
Td00001aa018252_T001	MF	0042803	protein homodimerization activity	1.72263618095	0.495273889892	3	11
Td00001aa018252_T001	BP	0035434	copper ion transmembrane transport	1.91376008008	0.505567818027	4	11
Td00001aa018252_T001	BP	0034755	iron ion transmembrane transport	1.53522140413	0.484608683148	6	11
Td00001aa018252_T001	CC	0005739	mitochondrion	0.054120646547	0.338479102356	19	1
Td00001aa018400_T001	MF	0004674	protein serine/threonine kinase activity	5.59801796779	0.648245101458	1	24
Td00001aa018400_T001	CC	0016020	membrane	0.779604741937	0.43290467214	1	24
Td00001aa018400_T001	BP	0006338	chromatin remodeling	0.244850228689	0.376548362302	1	1
Td00001aa018400_T001	CC	0071944	cell periphery	0.0417572526387	0.334371026738	3	1
Td00001aa018400_T001	MF	0005524	ATP binding	2.58179466695	0.538006837095	7	24
Td00001aa018400_T001	MF	0140997	histone H4 kinase activity	0.931751203847	0.444857582388	23	1
Td00001aa018400_T001	MF	0140998	histone H2B kinase activity	0.686334910222	0.42499142266	35	1
Td00001aa018400_T001	MF	0140995	histone H2A kinase activity	0.607373436835	0.41786041032	41	1
Td00001aa018400_T001	MF	0141003	histone H2AX kinase activity	0.557796785042	0.413143773131	44	1
Td00001aa018400_T001	MF	0140996	histone H3 kinase activity	0.533638038484	0.410769374048	47	1
Td00001aa018430_T003	MF	0106290	trans-cinnamate-CoA ligase activity	15.097322968	0.851404561704	1	100
Td00001aa018430_T003	BP	0009698	phenylpropanoid metabolic process	11.1457414471	0.789453661935	1	100
Td00001aa018430_T003	CC	0005737	cytoplasm	0.0156980967441	0.322892405052	1	1
Td00001aa018430_T003	MF	0016207	4-coumarate-CoA ligase activity	14.4408243573	0.847482979698	2	100
Td00001aa018430_T003	BP	0010044	response to aluminum ion	3.65538301215	0.582308692696	3	22
Td00001aa018430_T003	BP	0044550	secondary metabolite biosynthetic process	1.9149127163	0.505628299138	8	22
Td00001aa018430_T003	MF	0106286	(E)-caffeate-CoA ligase activity	0.467553666228	0.403984705001	8	2
Td00001aa018430_T003	MF	0050563	trans-feruloyl-CoA synthase activity	0.398417338946	0.396350688452	9	2
Td00001aa018430_T003	MF	0005524	ATP binding	0.0613031946451	0.340650767792	10	2
Td00001aa018430_T003	BP	0009987	cellular process	0.410475893679	0.397727306128	12	100
Td00001aa018507_T001	MF	0005200	structural constituent of cytoskeleton	9.90826345915	0.761751763852	1	97
Td00001aa018507_T001	CC	0005874	microtubule	7.77515325141	0.7095751252	1	100
Td00001aa018507_T001	BP	0007017	microtubule-based process	7.16235272624	0.69329254885	1	100
Td00001aa018507_T001	BP	0007010	cytoskeleton organization	6.58873895284	0.677407186531	2	97
Td00001aa018507_T001	MF	0003924	GTPase activity	6.43187807977	0.672943863263	2	97
Td00001aa018507_T001	MF	0005525	GTP binding	5.98811730427	0.660013546956	3	100
Td00001aa018507_T001	BP	0000278	mitotic cell cycle	1.10369843492	0.457242840708	7	14
Td00001aa018507_T001	CC	0005737	cytoplasm	0.246829576169	0.376838185641	13	16
Td00001aa018507_T001	MF	0046872	metal ion binding	0.298025043211	0.383967104823	26	12
Td00001aa018507_T001	MF	0016757	glycosyltransferase activity	0.108788732797	0.352591514959	28	2
Td00001aa018619_T001	BP	0019953	sexual reproduction	8.36669287962	0.724694429307	1	5
Td00001aa018619_T001	CC	0005576	extracellular region	5.39632669238	0.641999527881	1	5
Td00001aa018619_T001	CC	0016020	membrane	0.319010838258	0.386710476547	2	2
Td00001aa018619_T001	BP	0071555	cell wall organization	3.96596547606	0.593861907537	3	3
Td00001aa018756_T002	MF	0016157	sucrose synthase activity	14.3375049469	0.846857746362	1	100
Td00001aa018756_T002	BP	0005985	sucrose metabolic process	11.6605697886	0.800522810363	1	100
Td00001aa018756_T002	BP	0010037	response to carbon dioxide	3.8312305575	0.588907647844	5	25
Td00001aa018756_T002	MF	0046872	metal ion binding	0.0234476549847	0.326933934603	9	1
Td00001aa018756_T002	BP	0009987	cellular process	0.41047750251	0.397727488435	11	100
Td00001aa018793_T002	BP	0034605	cellular response to heat	9.34630848284	0.748601560705	1	96
Td00001aa018793_T002	MF	0016887	ATP hydrolysis activity	4.60075833225	0.616144974192	1	100
Td00001aa018793_T002	CC	0005737	cytoplasm	1.53841216534	0.484795544693	1	100
Td00001aa018793_T002	BP	0042026	protein refolding	9.03604079548	0.741171315819	2	100
Td00001aa018793_T002	CC	0043231	intracellular membrane-bounded organelle	0.461052549637	0.403292034902	5	18
Td00001aa018793_T002	MF	0005524	ATP binding	3.05186043226	0.558358225902	7	100
Td00001aa018793_T002	BP	0009658	chloroplast organization	0.118240580158	0.354628657914	20	1
Td00001aa018860_T001	MF	0004364	glutathione transferase activity	10.1506013127	0.767307321062	1	87
Td00001aa018860_T001	BP	0006749	glutathione metabolic process	8.40700516261	0.725705019119	1	84
Td00001aa018860_T001	CC	0005829	cytosol	2.45375725291	0.532148153023	1	53
Td00001aa018860_T001	BP	0009407	toxin catabolic process	0.401104284784	0.396659217484	6	3
Td00001aa018921_T001	MF	0016920	pyroglutamyl-peptidase activity	13.6874120882	0.841889218574	1	100
Td00001aa018921_T001	BP	0006508	proteolysis	4.32376729201	0.606624094382	1	100
Td00001aa018921_T001	CC	0005829	cytosol	3.61593506934	0.580806688989	1	100
Td00001aa018921_T001	BP	0009987	cellular process	0.410468433015	0.397726460709	6	100
Td00001aa018922_T002	MF	0016705	oxidoreductase activity, acting on paired donors, with incorporation or reduction of molecular oxygen	6.62891607818	0.678541815255	1	59
Td00001aa018922_T002	BP	0006508	proteolysis	0.0874845351749	0.347646943482	1	1
Td00001aa018922_T002	CC	0016020	membrane	0.0141605341509	0.321978515791	1	1
Td00001aa018922_T002	MF	0004497	monooxygenase activity	6.56546175459	0.67674823987	2	59
Td00001aa018922_T002	MF	0005506	iron ion binding	6.34225996246	0.670369414197	3	59
Td00001aa018922_T002	MF	0020037	heme binding	5.44551624515	0.643533346672	4	59
Td00001aa018922_T002	BP	0009987	cellular process	0.00830517408572	0.317932472084	6	1
Td00001aa018922_T002	MF	0008234	cysteine-type peptidase activity	0.160581071976	0.362885368983	15	1
Td00001aa019065_T001	BP	0009651	response to salt stress	1.90620537481	0.505170955915	1	8
Td00001aa019065_T001	CC	0005737	cytoplasm	1.53830338197	0.484789177171	1	51
Td00001aa019065_T001	MF	0051082	unfolded protein binding	1.36461059137	0.474317627864	1	8
Td00001aa019065_T001	BP	0042542	response to hydrogen peroxide	1.80399617678	0.499722366807	2	8
Td00001aa019065_T001	BP	0009408	response to heat	1.66444481578	0.492027404906	4	9
Td00001aa019065_T001	BP	0051259	protein complex oligomerization	1.53880354074	0.484818451586	7	8
Td00001aa019065_T001	BP	0006457	protein folding	1.1529177279	0.460607057486	11	8
Td00001aa019248_T001	MF	0004364	glutathione transferase activity	10.1507845395	0.767311496265	1	100
Td00001aa019280_T001	MF	0140662	ATP-dependent protein folding chaperone	8.53762433965	0.728962979127	1	100
Td00001aa019280_T001	BP	0006457	protein folding	6.54922675734	0.676287956874	1	100
Td00001aa019280_T001	CC	0005634	nucleus	0.249794025843	0.37727008639	1	7
Td00001aa019280_T001	CC	0005737	cytoplasm	0.217145661634	0.372361589325	2	14
Td00001aa019280_T001	MF	0005524	ATP binding	3.05185419165	0.558357966555	4	100
Td00001aa019280_T001	MF	0031072	heat shock protein binding	1.43409489903	0.47858237438	18	14
Td00001aa019280_T001	MF	0016887	ATP hydrolysis activity	0.649393403525	0.421709346218	21	14
Td00001aa019363_T002	MF	0004612	phosphoenolpyruvate carboxykinase (ATP) activity	12.436140445	0.816746527621	1	100
Td00001aa019363_T002	BP	0006094	gluconeogenesis	8.45420788154	0.726885270864	1	100
Td00001aa019363_T002	CC	0005829	cytosol	3.12676546856	0.561452256941	1	87
Td00001aa019363_T002	MF	0005524	ATP binding	3.0518544523	0.558357977387	6	100
Td00001aa019363_T002	BP	0009987	cellular process	0.410476753237	0.39772740353	14	100
Td00001aa019363_T002	MF	0016301	kinase activity	1.16740163447	0.461583317646	21	27
Td00001aa019447_T001	BP	0042744	hydrogen peroxide catabolic process	9.33274920137	0.748279445785	1	96
Td00001aa019447_T001	MF	0004601	peroxidase activity	7.9944816445	0.715245949061	1	100
Td00001aa019447_T001	CC	0005576	extracellular region	4.58795876765	0.615711443868	1	82
Td00001aa019447_T001	CC	0009505	plant-type cell wall	0.083527922576	0.346664538992	2	1
Td00001aa019447_T001	CC	0017053	transcription repressor complex	0.0710460383862	0.343402279896	3	1
Td00001aa019447_T001	BP	0006979	response to oxidative stress	7.11315360265	0.69195560284	4	96
Td00001aa019447_T001	BP	0098869	cellular oxidant detoxification	6.99549716387	0.688739511673	5	100
Td00001aa019447_T001	MF	0020037	heme binding	5.282290553	0.638416560902	5	96
Td00001aa019447_T001	MF	0046872	metal ion binding	2.40213401281	0.529742856979	8	96
Td00001aa019447_T001	CC	0016020	membrane	0.0192819739045	0.324862406283	8	2
Td00001aa019475_T001	MF	0019825	oxygen binding	10.716621623	0.780030371787	1	19
Td00001aa019475_T001	BP	0080033	response to nitrite	3.52926161845	0.577477498838	1	3
Td00001aa019475_T001	CC	0005634	nucleus	2.46853699788	0.532832120202	1	13
Td00001aa019475_T001	MF	0020037	heme binding	5.44460553682	0.643505012237	2	19
Td00001aa019475_T001	BP	0071731	response to nitric oxide	3.01766218151	0.556933012271	2	4
Td00001aa019475_T001	BP	0015671	oxygen transport	2.69168464269	0.542920265698	3	5
Td00001aa019475_T001	MF	0005344	oxygen carrier activity	2.78208789757	0.546887676045	4	5
Td00001aa019475_T001	BP	0010167	response to nitrate	2.50501490098	0.534511508324	5	3
Td00001aa019475_T001	MF	0046872	metal ion binding	2.47594713223	0.53317427082	5	19
Td00001aa019475_T001	BP	0051365	cellular response to potassium ion starvation	2.14077707934	0.517147849589	6	2
Td00001aa019475_T001	CC	0005737	cytoplasm	1.09556281969	0.456679586622	6	13
Td00001aa019475_T001	MF	0016491	oxidoreductase activity	2.00641489759	0.510372860491	8	12
Td00001aa019475_T001	BP	0009414	response to water deprivation	1.307156158	0.470708510521	9	2
Td00001aa019475_T001	BP	0009737	response to abscisic acid	1.23599434383	0.466126510186	12	2
Td00001aa019475_T001	BP	0009409	response to cold	1.17840415917	0.462320880672	14	2
Td00001aa019475_T001	BP	0072732	cellular response to calcium ion starvation	1.1234646276	0.458602727989	15	1
Td00001aa019475_T001	BP	0009413	response to flooding	0.951995221409	0.446371992055	22	1
Td00001aa019475_T001	BP	0009609	response to symbiotic bacterium	0.945265388812	0.445870351005	23	1
Td00001aa019475_T001	BP	1902074	response to salt	0.896718168327	0.442197436382	25	1
Td00001aa019475_T001	BP	0036377	arbuscular mycorrhizal association	0.873551095822	0.440409663235	28	1
Td00001aa019475_T001	BP	0009610	response to symbiotic fungus	0.741799977754	0.42975758115	32	1
Td00001aa019475_T001	BP	0009744	response to sucrose	0.700887931191	0.426260060418	34	1
Td00001aa019475_T001	BP	0006809	nitric oxide biosynthetic process	0.665581205507	0.423158748849	36	1
Td00001aa019475_T001	BP	0009735	response to cytokinin	0.611311594572	0.418226678806	38	1
Td00001aa019475_T001	BP	0009723	response to ethylene	0.582122963027	0.415483219462	39	1
Td00001aa019475_T001	BP	0009877	nodulation	0.567900127123	0.414121483705	42	1
Td00001aa019475_T001	BP	0001666	response to hypoxia	0.565883046683	0.413926988005	43	1
Td00001aa019475_T001	BP	0006970	response to osmotic stress	0.551162003267	0.412496894952	48	1
Td00001aa019499_T002	MF	0004672	protein kinase activity	4.62919262196	0.617105910982	1	22
Td00001aa019499_T002	CC	0016020	membrane	0.811823874907	0.435527043182	1	22
Td00001aa019499_T002	MF	0005524	ATP binding	2.68849384565	0.5427790274	6	22
Td00001aa019500_T002	MF	0004672	protein kinase activity	5.2510346762	0.6374277778	1	1
Td00001aa019500_T002	CC	0016020	membrane	0.920876633623	0.444037284679	1	1
Td00001aa019500_T002	MF	0005524	ATP binding	3.04964073936	0.5582659632	6	1
Td00001aa019508_T001	MF	0140662	ATP-dependent protein folding chaperone	8.53760301473	0.728962449274	1	100
Td00001aa019508_T001	BP	0006457	protein folding	6.54921039896	0.676287492806	1	100
Td00001aa019508_T001	CC	0005737	cytoplasm	0.23707142377	0.375397852232	1	15
Td00001aa019508_T001	MF	0005524	ATP binding	3.05184656886	0.558357649767	4	100
Td00001aa019508_T001	BP	0009408	response to heat	1.86723125945	0.503110965756	6	20
Td00001aa019508_T001	MF	0031072	heat shock protein binding	1.5656905921	0.486385215086	17	15
Td00001aa019508_T001	MF	0016887	ATP hydrolysis activity	0.708983166425	0.426960052581	21	15
Td00001aa019565_T001	MF	0015086	cadmium ion transmembrane transporter activity	11.538704368	0.797925066008	1	95
Td00001aa019565_T001	BP	0070574	cadmium ion transmembrane transport	11.2037184333	0.790712802176	1	95
Td00001aa019565_T001	CC	0005774	vacuolar membrane	3.48331008412	0.575695877895	1	48
Td00001aa019565_T001	MF	0005384	manganese ion transmembrane transporter activity	10.5034746278	0.775279616768	2	95
Td00001aa019565_T001	BP	0071421	manganese ion transmembrane transport	10.1741123049	0.767842760591	3	95
Td00001aa019565_T001	BP	0034755	iron ion transmembrane transport	8.1165824809	0.718369231522	5	95
Td00001aa019565_T001	BP	2000379	positive regulation of reactive oxygen species metabolic process	6.53227426932	0.675806722805	7	48
Td00001aa019565_T001	CC	0005802	trans-Golgi network	0.819782210762	0.436166730167	10	9
Td00001aa019565_T001	BP	0042742	defense response to bacterium	4.30769645075	0.606062467104	11	48
Td00001aa019942_T001	CC	0000786	nucleosome	9.56567642604	0.753780770817	1	100
Td00001aa019942_T001	MF	0030527	structural constituent of chromatin	9.27602896511	0.746929453692	1	100
Td00001aa019942_T001	MF	0046982	protein heterodimerization activity	9.10423778112	0.742815292256	2	98
Td00001aa019942_T001	CC	0005634	nucleus	3.47386213907	0.575328110943	5	100
Td00001aa019942_T001	MF	0003677	DNA binding	3.20621587242	0.564693802786	6	100
Td00001aa020162_T001	CC	0005737	cytoplasm	1.52200231143	0.483832452705	1	99
Td00001aa020162_T001	CC	0016020	membrane	0.847573896012	0.438376603609	3	92
Td00001aa020170_T003	MF	0008171	O-methyltransferase activity	8.87667662152	0.737305279994	1	19
Td00001aa020170_T003	BP	0032259	methylation	4.1787484308	0.601517654995	1	15
Td00001aa020170_T003	MF	0046983	protein dimerization activity	6.69362705629	0.680362091477	2	18
Td00001aa020170_T003	BP	0009987	cellular process	0.338047099788	0.389121919705	3	15
Td00001aa020170_T003	BP	0009058	biosynthetic process	0.0607528123254	0.340489020277	4	1
Td00001aa020170_T003	MF	0008757	S-adenosylmethionine-dependent methyltransferase activity	0.261187888439	0.378906702524	9	1
Td00001aa020613_T001	CC	0016020	membrane	0.91732490517	0.443768320148	1	1
Td00001aa020748_T003	CC	0048046	apoplast	11.0162062258	0.786628538796	1	13
Td00001aa020748_T003	BP	0009699	phenylpropanoid biosynthetic process	9.5786929928	0.754086211977	1	10
Td00001aa020748_T003	MF	0030246	carbohydrate binding	7.09556205463	0.691476445276	1	13
Td00001aa020748_T003	BP	0009987	cellular process	0.33122477604	0.388265693931	7	10
Td00001aa020796_T002	BP	0019252	starch biosynthetic process	12.9922217197	0.828069401288	1	99
Td00001aa020796_T002	MF	0008878	glucose-1-phosphate adenylyltransferase activity	11.9544693097	0.806732423889	1	99
Td00001aa020796_T002	CC	0009507	chloroplast	5.93679036542	0.65848749094	1	99
Td00001aa020796_T002	BP	0005978	glycogen biosynthetic process	9.92516986934	0.762141529993	3	99
Td00001aa020796_T002	CC	0009501	amyloplast	2.44325322237	0.531660801499	3	17
Td00001aa020796_T002	MF	0005524	ATP binding	3.02267103771	0.557142259526	5	99
Td00001aa020796_T002	CC	0030929	ADPG pyrophosphorylase complex	0.91363432575	0.443488288537	10	4
Td00001aa020796_T002	CC	0048046	apoplast	0.105373896574	0.351833873981	14	1
Td00001aa020796_T002	CC	0009532	plastid stroma	0.0998163249261	0.350574083872	17	1
Td00001aa020796_T002	BP	0048573	photoperiodism, flowering	0.654688097152	0.422185383515	19	4
Td00001aa020997_T002	CC	0009507	chloroplast	5.99404676551	0.660189419982	1	98
Td00001aa020997_T002	MF	0016787	hydrolase activity	0.0214578597244	0.32596962423	1	1
Td00001aa020997_T002	CC	0016020	membrane	0.0289092469207	0.329387948663	9	3
Td00001aa021055_T002	BP	0051085	chaperone cofactor-dependent protein refolding	9.09690784747	0.742638890742	1	93
Td00001aa021055_T002	MF	0051087	protein-folding chaperone binding	8.75997962087	0.73445225508	1	93
Td00001aa021055_T002	CC	0009507	chloroplast	5.65141189127	0.64987958074	1	94
Td00001aa021055_T002	MF	0044183	protein folding chaperone	8.18267096717	0.720049948005	2	100
Td00001aa021055_T002	MF	0051082	unfolded protein binding	7.23528057911	0.695265884148	3	93
Td00001aa021055_T002	CC	0005739	mitochondrion	4.24499369245	0.603861113479	3	94
Td00001aa021055_T002	MF	0046914	transition metal ion binding	4.12523803416	0.59961110268	5	96
Td00001aa021055_T002	MF	0005524	ATP binding	3.05179208903	0.558355385681	6	100
Td00001aa021055_T002	CC	0048046	apoplast	0.10417845507	0.351565750131	10	1
Td00001aa021055_T002	CC	0009532	plastid stroma	0.0986839327348	0.350313126413	12	1
Td00001aa021055_T002	BP	0051290	protein heterotetramerization	0.729937289541	0.428753605642	13	4
Td00001aa021055_T002	CC	0055035	plastid thylakoid membrane	0.0708792707802	0.34335682994	15	1
Td00001aa021055_T002	BP	0009788	negative regulation of abscisic acid-activated signaling pathway	0.61937438101	0.418972896392	16	4
Td00001aa021055_T002	CC	0031968	organelle outer membrane	0.0669769058304	0.342277610151	22	1
Td00001aa021055_T002	BP	0009409	response to cold	0.478552312081	0.405145694471	23	4
Td00001aa021055_T002	CC	0005829	cytosol	0.0341907785811	0.331548567047	29	1
Td00001aa021055_T002	BP	1901671	positive regulation of superoxide dismutase activity	0.215915343891	0.37216963637	40	1
Td00001aa021651_T001	CC	0045261	proton-transporting ATP synthase complex, catalytic core F(1)	8.48582840988	0.727674065161	1	100
Td00001aa021651_T001	MF	0046933	proton-transporting ATP synthase activity, rotational mechanism	8.12602483756	0.71860978086	1	100
Td00001aa021651_T001	BP	0015986	proton motive force-driven ATP synthesis	7.57138336593	0.70423445203	1	100
Td00001aa021651_T001	CC	0009535	chloroplast thylakoid membrane	7.41217360259	0.70001146271	4	99
Td00001aa021651_T001	MF	0008270	zinc ion binding	0.0466617789693	0.336065142316	16	1
Td00001aa021651_T001	MF	0016787	hydrolase activity	0.0415976626791	0.334314273352	17	2
Td00001aa021651_T001	MF	0005524	ATP binding	0.0343677410904	0.331617957949	19	1
Td00001aa021651_T001	BP	1902600	proton transmembrane transport	4.71249521406	0.619904259327	24	99
Td00001aa021651_T001	MF	0003676	nucleic acid binding	0.0199143455644	0.325190362225	36	1
Td00001aa021651_T001	CC	0005886	plasma membrane	0.0287130301546	0.329304023315	38	1
Td00001aa021651_T001	BP	0009772	photosynthetic electron transport in photosystem II	0.0956418676797	0.349604580189	52	1
Td00001aa021652_T001	MF	0003994	aconitate hydratase activity	6.95397072095	0.687597953597	1	62
Td00001aa021652_T001	BP	0043436	oxoacid metabolic process	3.48035630671	0.575580953979	1	99
Td00001aa021652_T001	CC	0005739	mitochondrion	0.581778068632	0.415450396352	1	13
Td00001aa021652_T001	CC	0005829	cytosol	0.467242175311	0.403951627048	2	13
Td00001aa021652_T001	MF	0051539	4 iron, 4 sulfur cluster binding	5.4120222044	0.642489698801	4	87
Td00001aa021652_T001	BP	0006099	tricarboxylic acid cycle	0.974497923312	0.448036592317	6	13
Td00001aa021652_T001	MF	0046872	metal ion binding	2.45254024045	0.532091741255	8	99
Td00001aa021652_T001	MF	0030350	iron-responsive element binding	1.66215645244	0.491898586995	10	13
Td00001aa021652_T001	BP	0006081	cellular aldehyde metabolic process	0.0719276745733	0.34364167485	17	1
Td00001aa021652_T001	BP	0008033	tRNA processing	0.0624794545163	0.340994033101	18	1
Td00001aa021652_T001	MF	0008168	methyltransferase activity	0.0569684842505	0.339356439982	19	1
Td00001aa021652_T001	BP	0032259	methylation	0.0543766277718	0.338558892752	19	1
Td00001aa021652_T001	BP	0005975	carbohydrate metabolic process	0.040499253008	0.33392066685	24	1
Td00001aa021684_T001	CC	0031969	chloroplast membrane	10.3051292274	0.770815277273	1	57
Td00001aa021684_T001	MF	0015605	organophosphate ester transmembrane transporter activity	9.83275540582	0.760006902574	1	57
Td00001aa021684_T001	BP	0015718	monocarboxylic acid transport	8.54110403836	0.729049429226	1	57
Td00001aa021684_T001	BP	0015748	organophosphate ester transport	8.33747239488	0.723960377331	2	57
Td00001aa021684_T001	MF	0046943	carboxylic acid transmembrane transporter activity	7.41993143808	0.700218281886	2	57
Td00001aa021684_T001	BP	1905039	carboxylic acid transmembrane transport	7.85401873831	0.711623323515	3	57
Td00001aa021684_T001	MF	1901505	carbohydrate derivative transmembrane transporter activity	1.14127604049	0.459817917768	10	7
Td00001aa021684_T001	MF	0015297	antiporter activity	0.971161447771	0.447791004783	11	7
Td00001aa021684_T001	BP	1901264	carbohydrate derivative transport	1.03558899396	0.452461172787	16	7
Td00001aa021684_T001	CC	0005794	Golgi apparatus	0.809534860074	0.435342473324	16	7
Td00001aa021716_T001	CC	0000786	nucleosome	9.56567493442	0.753780735803	1	100
Td00001aa021716_T001	MF	0030527	structural constituent of chromatin	9.27602751866	0.746929419213	1	100
Td00001aa021716_T001	BP	0031507	heterochromatin formation	1.57004216943	0.486637521858	1	14
Td00001aa021716_T001	MF	0046982	protein heterodimerization activity	9.08517546813	0.742356392392	2	98
Td00001aa021716_T001	CC	0005634	nucleus	3.47386159737	0.575328089843	5	100
Td00001aa021716_T001	MF	0003677	DNA binding	3.20621537246	0.564693782515	6	100
Td00001aa021716_T001	CC	0016020	membrane	0.00878071265431	0.318306032343	15	1
Td00001aa021855_T002	MF	0015144	carbohydrate transmembrane transporter activity	8.39587678704	0.725426284104	1	17
Td00001aa021855_T002	BP	0034219	carbohydrate transmembrane transport	7.74919971396	0.708898821791	1	17
Td00001aa021855_T002	CC	0016020	membrane	0.921490609856	0.444083727125	1	17
Td00001aa021855_T002	MF	0015293	symporter activity	7.9309717659	0.713611964828	2	17
Td00001aa022118_T001	MF	0051082	unfolded protein binding	7.7502851545	0.708927129129	1	21
Td00001aa022118_T001	BP	0006457	protein folding	6.5479787475	0.676252550594	1	21
Td00001aa022118_T001	CC	0005737	cytoplasm	1.53811586283	0.484778200404	1	21
Td00001aa022118_T001	BP	0006950	response to stress	3.28949634673	0.568048785944	3	16
Td00001aa022118_T001	CC	0005634	nucleus	0.340149780763	0.389384068359	3	2
Td00001aa022195_T001	MF	0140825	lactoperoxidase activity	9.69782067472	0.756872026112	1	76
Td00001aa022195_T001	BP	0042744	hydrogen peroxide catabolic process	9.62111259513	0.755080174616	1	100
Td00001aa022195_T001	CC	0005576	extracellular region	5.25389544085	0.637518400536	1	97
Td00001aa022195_T001	CC	0016020	membrane	0.0080374205005	0.317717421323	3	1
Td00001aa022195_T001	BP	0006979	response to oxidative stress	7.33293590569	0.697892803872	4	100
Td00001aa022195_T001	BP	0098869	cellular oxidant detoxification	6.99550738689	0.688739792285	5	100
Td00001aa022195_T001	MF	0020037	heme binding	5.44550282816	0.643532929253	5	100
Td00001aa022195_T001	MF	0046872	metal ion binding	2.47635517757	0.533193096751	8	100
Td00001aa022333_T001	MF	0004672	protein kinase activity	5.25461731532	0.637541264034	1	26
Td00001aa022333_T001	CC	0016020	membrane	0.921504922876	0.444084809607	1	26
Td00001aa022333_T001	MF	0005524	ATP binding	3.05172142686	0.558352449055	6	26
Td00001aa022594_T002	BP	0009631	cold acclimation	2.9422394843	0.553760941814	1	3
Td00001aa022594_T002	CC	0005634	nucleus	2.80053247465	0.547689172978	1	7
Td00001aa022594_T002	CC	0005829	cytosol	0.698408326702	0.426044842034	7	3
Td00001aa022640_T001	BP	0034605	cellular response to heat	7.08475149072	0.691181693058	1	18
Td00001aa022640_T001	MF	0016887	ATP hydrolysis activity	4.60066977783	0.616141976864	1	25
Td00001aa022640_T001	CC	0005737	cytoplasm	1.11707781818	0.458164641934	1	18
Td00001aa022640_T001	CC	0043231	intracellular membrane-bounded organelle	0.0946762634054	0.349377325887	5	1
Td00001aa022640_T001	MF	0005524	ATP binding	3.0518016907	0.55835578471	7	25
Td00001aa022640_T001	BP	0043335	protein unfolding	0.452266042922	0.402348057193	9	1
Td00001aa022640_T001	BP	0045727	positive regulation of translation	0.41513289259	0.398253532161	10	1
Td00001aa022640_T001	BP	0006355	regulation of DNA-templated transcription	0.135578236285	0.358164019478	32	1
Td00001aa022732_T002	MF	0019825	oxygen binding	10.7174954756	0.780049751037	1	35
Td00001aa022732_T002	CC	0005737	cytoplasm	1.5382576088	0.484786497819	1	35
Td00001aa022732_T002	MF	0020037	heme binding	5.44504949973	0.64351882534	2	35
Td00001aa022732_T002	MF	0016491	oxidoreductase activity	3.02783541882	0.557357822456	4	35
Td00001aa022737_T001	MF	0003924	GTPase activity	6.62901674168	0.678544653734	1	12
Td00001aa022737_T001	BP	0042538	hyperosmotic salinity response	5.51339969899	0.64563874287	1	4
Td00001aa022737_T001	MF	0005525	GTP binding	5.98682729549	0.659975272632	2	12
Td00001aa022737_T001	BP	0060627	regulation of vesicle-mediated transport	3.33279539472	0.569776326025	5	4
Td00001aa022874_T001	MF	0015297	antiporter activity	2.93240561977	0.553344374515	1	2
Td00001aa022874_T001	CC	0005794	Golgi apparatus	2.44437686291	0.531712984597	1	2
Td00001aa022874_T001	BP	0055085	transmembrane transport	1.02986017327	0.452051902694	1	2
Td00001aa022874_T001	CC	0016020	membrane	0.921319523056	0.444070787317	3	6
Td00001aa022922_T003	MF	0004674	protein serine/threonine kinase activity	6.61593742074	0.678175666247	1	4
Td00001aa022922_T003	CC	0016020	membrane	0.92136470716	0.444074204843	1	4
Td00001aa022922_T003	MF	0005524	ATP binding	3.0512570785	0.558333150507	7	4
Td00001aa022963_T002	MF	0008483	transaminase activity	7.02480798285	0.689543224826	1	89
Td00001aa022963_T002	CC	0005739	mitochondrion	2.76016808913	0.545931702373	1	53
Td00001aa022963_T002	MF	0030170	pyridoxal phosphate binding	6.31497225931	0.669581916162	3	86
Td00001aa022969_T001	MF	0016491	oxidoreductase activity	3.02805054078	0.557366797726	1	63
Td00001aa022969_T001	CC	0005829	cytosol	0.338482912684	0.389176320868	1	6
Td00001aa022969_T001	BP	0001516	prostaglandin biosynthetic process	0.0966070065683	0.349830581469	1	1
Td00001aa022969_T001	CC	0005768	endosome	0.114901236186	0.353918567214	4	1
Td00001aa022969_T001	MF	0035091	phosphatidylinositol binding	0.139948811834	0.359018932223	11	1
Td00001aa022969_T001	CC	0016020	membrane	0.0143068863742	0.322067574894	13	1
Td00001aa022969_T001	MF	0000166	nucleotide binding	0.059716786174	0.340182550522	16	1
Td00001aa022969_T001	MF	0003723	RNA binding	0.0236279107866	0.327019233594	22	1
Td00001aa023055_T003	MF	0004349	glutamate 5-kinase activity	11.8779414742	0.805122936343	1	100
Td00001aa023055_T003	BP	0006561	proline biosynthetic process	9.60236678561	0.754641199531	1	100
Td00001aa023055_T003	CC	0005737	cytoplasm	1.53840915585	0.484795368539	1	100
Td00001aa023055_T003	MF	0004350	glutamate-5-semialdehyde dehydrogenase activity	11.828005242	0.804069910624	2	100
Td00001aa023055_T003	CC	0016020	membrane	0.05550418746	0.33890814237	3	6
Td00001aa023055_T003	MF	0005524	ATP binding	3.05185446211	0.558357977795	9	100
Td00001aa023115_T002	CC	0005634	nucleus	3.46715603983	0.575066768435	1	2
Td00001aa023115_T002	MF	0003677	DNA binding	3.20002644954	0.564442729709	1	2
Td00001aa023115_T002	BP	0009739	response to gibberellin	3.10299142687	0.560474299671	1	1
Td00001aa023115_T002	BP	0009723	response to ethylene	2.74088438396	0.545087551887	2	1
Td00001aa023188_T001	MF	0004563	beta-N-acetylhexosaminidase activity	11.2126450652	0.790906380476	1	100
Td00001aa023188_T001	BP	0030203	glycosaminoglycan metabolic process	5.59633151783	0.648193349635	1	88
Td00001aa023188_T001	CC	0016020	membrane	0.808932661188	0.435293872954	1	88
Td00001aa023188_T001	BP	0005975	carbohydrate metabolic process	4.1548212358	0.600666657425	3	100
Td00001aa023188_T001	CC	0071944	cell periphery	0.047084747596	0.336206977274	3	2
Td00001aa023188_T001	BP	0006491	N-glycan processing	2.28327514689	0.524104606271	5	17
Td00001aa023188_T001	BP	0009987	cellular process	0.410475526063	0.397727264471	11	100
Td00001aa023196_T001	MF	0004364	glutathione transferase activity	10.1507372988	0.767310419792	1	95
Td00001aa023196_T001	BP	0006749	glutathione metabolic process	8.6053941224	0.730643503881	1	95
Td00001aa023196_T001	CC	0005737	cytoplasm	1.37976742135	0.475257004356	1	87
Td00001aa023196_T001	MF	0004462	lactoylglutathione lyase activity	0.0673339626556	0.342377640956	5	1
Td00001aa023605_T003	MF	0016788	hydrolase activity, acting on ester bonds	4.23561756558	0.603530544891	1	100
Td00001aa023605_T003	BP	0065003	protein-containing complex assembly	0.0527732592215	0.338055970007	1	1
Td00001aa023605_T003	CC	0005739	mitochondrion	0.0416531502905	0.334334018184	1	1
Td00001aa023605_T003	CC	0016020	membrane	0.0179710725087	0.324164964437	4	2
Td00001aa023611_T003	BP	0009738	abscisic acid-activated signaling pathway	12.7260744748	0.822681020111	1	100
Td00001aa023611_T003	MF	0010427	abscisic acid binding	12.2958796367	0.813850785344	1	89
Td00001aa023611_T003	CC	0005634	nucleus	3.47388280953	0.575328916098	1	100
Td00001aa023611_T003	MF	0004864	protein phosphatase inhibitor activity	11.5418446818	0.797992178228	2	100
Td00001aa023611_T003	CC	0005737	cytoplasm	1.53837211914	0.484793200656	6	100
Td00001aa023611_T003	CC	0005886	plasma membrane	0.122030953729	0.35542261309	9	5
Td00001aa023611_T003	MF	0038023	signaling receptor activity	5.725404234	0.652131901934	16	89
Td00001aa023611_T003	BP	0009845	seed germination	0.735937105605	0.429262399764	25	4
Td00001aa023611_T003	BP	0009414	response to water deprivation	0.579360487804	0.415220044964	27	4
Td00001aa023611_T003	BP	0009651	response to salt stress	0.485336801924	0.405855203566	29	4
Td00001aa023617_T001	CC	0005576	extracellular region	5.39834037578	0.642062455048	1	29
Td00001aa023647_T003	MF	0003993	acid phosphatase activity	11.0944061264	0.788336028579	1	29
Td00001aa023647_T003	CC	0016020	membrane	0.0378704609966	0.332956405363	1	1
Td00001aa023647_T003	MF	0045735	nutrient reservoir activity	2.42086084205	0.530618361289	5	7
Td00001aa023670_T002	MF	0004252	serine-type endopeptidase activity	6.90192921051	0.686162514046	1	82
Td00001aa023670_T002	BP	0006508	proteolysis	4.32380662335	0.606625467611	1	84
Td00001aa023670_T002	CC	0005576	extracellular region	0.38404330394	0.394682222348	1	8
Td00001aa023670_T002	CC	0016020	membrane	0.0384588852499	0.333175080616	2	3
Td00001aa023670_T002	BP	0009987	cellular process	0.410472166859	0.397726883817	6	84
Td00001aa023916_T001	MF	0140997	histone H4 kinase activity	11.3560880817	0.794006508511	1	1
Td00001aa023916_T001	BP	0006338	chromatin remodeling	2.98420946745	0.555531033907	1	1
Td00001aa023916_T001	CC	0016020	membrane	0.535343052555	0.410938688766	1	1
Td00001aa023916_T001	MF	0140855	histone H3S57 kinase activity	11.3560880817	0.794006508511	2	1
Td00001aa023916_T001	MF	0072371	histone H2AS121 kinase activity	10.1832871918	0.768051541701	4	1
Td00001aa023916_T001	MF	0044025	histone H2BS14 kinase activity	9.17978629136	0.744629314291	5	1
Td00001aa023916_T001	MF	0044024	histone H2AS1 kinase activity	8.91933933096	0.738343618526	6	1
Td00001aa023916_T001	MF	0140857	histone H3T45 kinase activity	8.91933933096	0.738343618526	7	1
Td00001aa023916_T001	MF	0004676	3-phosphoinositide-dependent protein kinase activity	8.85901898713	0.736874792956	8	1
Td00001aa023916_T001	MF	0140823	histone H2BS36 kinase activity	8.5397721187	0.729016340917	9	1
Td00001aa023916_T001	MF	0035403	histone H3T6 kinase activity	8.517652189	0.72846644724	10	1
Td00001aa023916_T001	MF	0035979	histone H2AXS139 kinase activity	8.32819311523	0.723727002204	12	1
Td00001aa023916_T001	MF	0044022	histone H3S28 kinase activity	8.26074013864	0.722026628401	13	1
Td00001aa023916_T001	MF	0035402	histone H3T11 kinase activity	8.17804896326	0.719932625662	14	1
Td00001aa023916_T001	MF	0035175	histone H3S10 kinase activity	7.95570824572	0.714249160874	15	1
Td00001aa023916_T001	MF	1990244	histone H2AT120 kinase activity	7.50671314884	0.702524500987	16	1
Td00001aa023916_T001	MF	0004711	ribosomal protein S6 kinase activity	7.15709396885	0.693149866043	18	1
Td00001aa023916_T001	MF	0004677	DNA-dependent protein kinase activity	6.86312513849	0.685088672045	19	1
Td00001aa023916_T001	MF	0072518	Rho-dependent protein serine/threonine kinase activity	6.7181255483	0.681048920099	21	1
Td00001aa023916_T001	MF	0072354	histone H3T3 kinase activity	6.64053216122	0.678869219974	22	1
Td00001aa023916_T001	MF	0004679	AMP-activated protein kinase activity	6.23188105125	0.667173443825	24	1
Td00001aa023916_T001	MF	0004694	eukaryotic translation initiation factor 2alpha kinase activity	5.85134818789	0.655932412939	26	1
Td00001aa023972_T001	BP	0048205	COPI coating of Golgi vesicle	12.1379187119	0.810569771501	1	16
Td00001aa023972_T001	MF	0005096	GTPase activator activity	8.77202667349	0.734747659264	1	18
Td00001aa023972_T001	CC	0000139	Golgi membrane	6.47718968407	0.674238697834	1	16
Td00001aa024100_T001	BP	0098542	defense response to other organism	7.30265270959	0.697080069808	1	17
Td00001aa024100_T001	CC	0012505	endomembrane system	3.02585415081	0.557275145443	1	11
Td00001aa024100_T001	CC	0005886	plasma membrane	2.07075877193	0.51364470565	2	14
Td00001aa024100_T001	CC	0009506	plasmodesma	1.34343941899	0.472996723106	4	2
Td00001aa024155_T001	BP	0010584	pollen exine formation	5.14800510323	0.634147412361	1	28
Td00001aa024155_T001	CC	0016020	membrane	0.921545828465	0.444087903217	1	100
Td00001aa024176_T005	BP	1904659	D-glucose transmembrane transport	9.88076972822	0.761117203237	1	21
Td00001aa024176_T005	MF	0022857	transmembrane transporter activity	3.25905211717	0.566827309047	1	25
Td00001aa024176_T005	CC	0016020	membrane	0.921503979012	0.444084738224	1	25
Td00001aa024176_T005	CC	0009941	chloroplast envelope	0.407182212751	0.397353326323	3	1
Td00001aa024202_T001	MF	0140662	ATP-dependent protein folding chaperone	8.53762599164	0.728963020174	1	100
Td00001aa024202_T001	BP	0006457	protein folding	6.54922802458	0.676287992825	1	100
Td00001aa024202_T001	CC	0005737	cytoplasm	0.277061008094	0.381128321427	1	18
Td00001aa024202_T001	CC	0005634	nucleus	0.206641512265	0.370704782166	2	6
Td00001aa024202_T001	MF	0005524	ATP binding	3.05185478217	0.558357991096	4	100
Td00001aa024202_T001	MF	0031072	heat shock protein binding	1.82979376811	0.501111850979	16	18
Td00001aa024202_T001	MF	0016887	ATP hydrolysis activity	0.828575573082	0.436869935879	21	18
Td00001aa024202_T001	MF	0032440	2-alkenal reductase [NAD(P)+] activity	0.146153210979	0.360209944994	28	1
Td00001aa024207_T001	BP	0030042	actin filament depolymerization	12.6746134195	0.821632666513	1	1
Td00001aa024207_T001	CC	0015629	actin cytoskeleton	7.94050906084	0.713857757045	1	1
Td00001aa024207_T001	MF	0003779	actin binding	7.9204305691	0.713340128359	1	1
Td00001aa024225_T002	MF	0016413	O-acetyltransferase activity	10.2076815138	0.768606194895	1	92
Td00001aa024225_T002	BP	1990937	xylan acetylation	9.08018359613	0.742236140181	1	52
Td00001aa024225_T002	CC	0005794	Golgi apparatus	6.08974252822	0.663015901562	1	86
Td00001aa024225_T002	CC	0098588	bounding membrane of organelle	3.47590932625	0.575407841338	4	51
Td00001aa024292_T003	CC	0005576	extracellular region	5.39852081847	0.64206809327	1	100
Td00001aa024292_T003	MF	0030234	enzyme regulator activity	0.558733853139	0.413234824711	1	8
Td00001aa024292_T003	CC	0009505	plant-type cell wall	1.06477050522	0.454528565876	2	8
Td00001aa024292_T003	MF	0016746	acyltransferase activity	0.0430166491852	0.334815141299	3	1
Td00001aa024292_T003	CC	0005886	plasma membrane	0.514043640011	0.408803806963	6	25
Td00001aa024340_T001	MF	0015035	protein-disulfide reductase activity	4.4470736444	0.610899006412	1	6
Td00001aa024340_T001	CC	0044545	NSL complex	1.47173820235	0.480849695968	1	1
Td00001aa024340_T001	BP	0045944	positive regulation of transcription by RNA polymerase II	0.838834453577	0.437685639594	1	1
Td00001aa024340_T001	CC	0071339	MLL1 complex	1.45932042143	0.480104990858	2	1
Td00001aa024340_T001	CC	0031011	Ino80 complex	1.24578531702	0.466764621896	4	1
Td00001aa024340_T001	CC	0005737	cytoplasm	1.19296341814	0.463291599598	5	9
Td00001aa024340_T001	MF	0002151	G-quadruplex RNA binding	1.4891861678	0.481890777252	6	1
Td00001aa024340_T001	MF	0043866	adenylyl-sulfate reductase (thioredoxin) activity	1.10661533697	0.457444281117	7	1
Td00001aa024340_T001	CC	0016020	membrane	0.0488504990838	0.336792320362	38	1
Td00001aa024392_T003	MF	0004352	glutamate dehydrogenase (NAD+) activity	10.8157770287	0.78222430276	1	92
Td00001aa024392_T003	BP	0006538	glutamate catabolic process	10.6579072145	0.778726459304	1	91
Td00001aa024392_T003	CC	0005739	mitochondrion	4.14362099164	0.60026746626	1	92
Td00001aa024392_T003	MF	0000166	nucleotide binding	2.09984131761	0.515106840414	6	84
Td00001aa024392_T003	CC	0016020	membrane	0.00883384271508	0.31834713374	9	1
Td00001aa024392_T003	MF	0004354	glutamate dehydrogenase (NADP+) activity	1.07291383456	0.455100416524	11	8
Td00001aa024392_T003	BP	0006995	cellular response to nitrogen starvation	1.5712287393	0.486706259123	24	12
Td00001aa024392_T003	BP	1901698	response to nitrogen compound	0.0970440369586	0.349932547054	37	1
Td00001aa024430_T001	CC	0016020	membrane	0.921412219179	0.444077798352	1	9
Td00001aa024450_T001	MF	0004364	glutathione transferase activity	9.9494557614	0.762700844754	1	55
Td00001aa024450_T001	BP	0006749	glutathione metabolic process	8.46062737457	0.727045528404	1	56
Td00001aa024450_T001	CC	0005829	cytosol	2.7935222809	0.547384861475	1	39
Td00001aa024450_T001	CC	0032991	protein-containing complex	0.0716195206816	0.343558167987	4	1
Td00001aa024450_T001	MF	0042803	protein homodimerization activity	0.256104713628	0.37818105825	5	1
Td00001aa024450_T001	MF	0046982	protein heterodimerization activity	0.245980912696	0.376714064054	6	1
Td00001aa024450_T001	BP	0019852	L-ascorbic acid metabolic process	0.0358599690983	0.332196129962	8	1
Td00001aa024450_T001	MF	0045174	glutathione dehydrogenase (ascorbate) activity	0.0438563740846	0.335107658395	10	1
Td00001aa024450_T001	BP	0042744	hydrogen peroxide catabolic process	0.0289253517015	0.329394824295	10	1
Td00001aa024450_T001	BP	0098869	cellular oxidant detoxification	0.021031612456	0.325757310528	13	1
Td00001aa024451_T001	MF	0004364	glutathione transferase activity	10.13151236	0.766872132809	1	79
Td00001aa024451_T001	BP	0006749	glutathione metabolic process	8.60531072016	0.730641439784	1	80
Td00001aa024451_T001	CC	0005829	cytosol	3.0991863589	0.560317428929	1	65
Td00001aa024451_T001	CC	0032991	protein-containing complex	0.0493571801137	0.336958322998	4	1
Td00001aa024451_T001	MF	0042803	protein homodimerization activity	0.176496664013	0.365700706777	5	1
Td00001aa024451_T001	MF	0046982	protein heterodimerization activity	0.169519763563	0.364482873434	6	1
Td00001aa024451_T001	BP	0019852	L-ascorbic acid metabolic process	0.0224746782136	0.326467740805	8	1
Td00001aa024451_T001	MF	0045174	glutathione dehydrogenase (ascorbate) activity	0.0274863007402	0.328772697771	10	1
Td00001aa024451_T001	BP	0042744	hydrogen peroxide catabolic process	0.0181285145541	0.324250043414	10	1
Td00001aa024451_T001	BP	0098869	cellular oxidant detoxification	0.0131812361848	0.321370348819	13	1
Td00001aa024620_T001	BP	0006065	UDP-glucuronate biosynthetic process	11.5416129169	0.797987225448	1	1
Td00001aa024620_T001	MF	0003979	UDP-glucose 6-dehydrogenase activity	11.5244731577	0.797620813684	1	1
Td00001aa024620_T001	CC	0005634	nucleus	3.47056858544	0.575199789851	1	1
Td00001aa024620_T001	MF	0051287	NAD binding	6.75424706893	0.682059326272	2	1
Td00001aa024620_T001	BP	0006024	glycosaminoglycan biosynthetic process	6.83916481593	0.684424091125	5	1
Td00001aa024674_T003	MF	1990247	N6-methyladenosine-containing RNA reader activity	13.4711611663	0.837628728551	1	100
Td00001aa024674_T003	BP	0043488	regulation of mRNA stability	9.78782798883	0.758965526979	1	100
Td00001aa024674_T003	CC	0005737	cytoplasm	1.18982294744	0.463082716209	1	79
Td00001aa024674_T003	MF	0003729	mRNA binding	3.48513407212	0.575766820264	5	79
Td00001aa024674_T003	BP	0050779	RNA destabilization	8.12342450765	0.718543549946	6	79
Td00001aa024674_T003	BP	0061014	positive regulation of mRNA catabolic process	8.04762957536	0.716608359034	7	79
Td00001aa024674_T003	BP	0010629	negative regulation of gene expression	5.56731023035	0.647301553235	12	79
Td00001aa024674_T003	BP	0048522	positive regulation of cellular process	4.51750691226	0.613314288282	21	79
Td00001aa024734_T004	MF	0051903	S-(hydroxymethyl)glutathione dehydrogenase [NAD(P)+] activity	10.4031237095	0.773026246641	1	87
Td00001aa024734_T004	BP	0046294	formaldehyde catabolic process	9.56569228119	0.753781142993	1	87
Td00001aa024734_T004	CC	0005829	cytosol	3.14581214194	0.562233072092	1	87
Td00001aa024734_T004	MF	0008270	zinc ion binding	4.92175420857	0.626826591342	4	97
Td00001aa024734_T004	MF	0004022	alcohol dehydrogenase (NAD+) activity	1.05489117377	0.453831863839	11	10
Td00001aa024734_T004	BP	0034059	response to anoxia	0.198695557955	0.369423306437	22	1
Td00001aa024805_T002	MF	0005200	structural constituent of cytoskeleton	10.0090563168	0.764070585355	1	98
Td00001aa024805_T002	CC	0005874	microtubule	7.77515484706	0.709575166745	1	100
Td00001aa024805_T002	BP	0007017	microtubule-based process	7.16235419614	0.693292588724	1	100
Td00001aa024805_T002	BP	0007010	cytoskeleton organization	6.65576359648	0.679298091473	2	98
Td00001aa024805_T002	MF	0005525	GTP binding	5.98811853318	0.660013583416	2	100
Td00001aa024805_T002	BP	0000278	mitotic cell cycle	0.944989139482	0.445849721315	7	12
Td00001aa024805_T002	CC	0005737	cytoplasm	0.47712857742	0.404996165843	13	31
Td00001aa024805_T002	MF	0016787	hydrolase activity	2.20827155324	0.520470891197	15	98
Td00001aa024805_T002	MF	0046872	metal ion binding	0.693387263033	0.425607863276	21	28
Td00001aa024871_T001	MF	0004672	protein kinase activity	5.25385027886	0.637516970095	1	4
Td00001aa024871_T001	CC	0016020	membrane	0.921370407301	0.444074635971	1	4
Td00001aa024871_T001	MF	0005524	ATP binding	3.05127595549	0.558333935073	6	4
Td00001aa024936_T001	MF	0047701	beta-L-arabinosidase activity	11.2044990612	0.790729733542	1	2
Td00001aa024936_T001	BP	0005975	carbohydrate metabolic process	4.15359304323	0.600622909343	1	4
Td00001aa024936_T001	MF	0080083	beta-gentiobiose beta-glucosidase activity	10.9780754684	0.785793758247	2	2
Td00001aa024936_T001	MF	0080079	cellobiose glucosidase activity	10.9507321681	0.785194250049	3	2
Td00001aa024936_T001	BP	0009987	cellular process	0.410354186789	0.397713513718	4	4
Td00001aa024936_T001	MF	0033907	beta-D-fucosidase activity	9.07614736968	0.742138884921	6	2
Td00001aa024936_T001	MF	0004338	glucan exo-1,3-beta-glucosidase activity	8.85222586287	0.736709064669	7	2
Td00001aa024936_T001	MF	0004567	beta-mannosidase activity	6.12356200376	0.664009480348	9	2
Td00001aa024936_T001	MF	0004565	beta-galactosidase activity	5.53686145395	0.646363389183	11	2
Td00001aa024936_T001	MF	0102726	DIMBOA glucoside beta-D-glucosidase activity	4.0378356691	0.596470202257	14	1
Td00001aa024937_T005	MF	0008422	beta-glucosidase activity	10.0997781375	0.766147750523	1	11
Td00001aa024937_T005	BP	0005975	carbohydrate metabolic process	4.15445222374	0.600653513936	1	11
Td00001aa024937_T005	CC	0005576	extracellular region	0.529195494675	0.41032693682	1	1
Td00001aa024937_T005	BP	0009987	cellular process	0.41043906952	0.397723133253	4	11
Td00001aa024937_T005	MF	0047701	beta-L-arabinosidase activity	4.29021783322	0.605450451681	7	2
Td00001aa024937_T005	MF	0033907	beta-D-fucosidase activity	3.47526909411	0.575382909179	10	2
Td00001aa024937_T005	MF	0004567	beta-mannosidase activity	2.34472016713	0.527037196781	12	2
Td00001aa024937_T005	MF	0004565	beta-galactosidase activity	2.12007173369	0.516117967931	14	2
Td00001aa024937_T005	MF	0042803	protein homodimerization activity	1.89335442649	0.504494061743	17	2
Td00001aa024937_T005	MF	0102726	DIMBOA glucoside beta-D-glucosidase activity	1.48727915735	0.481777288113	19	1
Td00001aa024952_T002	BP	0031408	oxylipin biosynthetic process	13.1929972802	0.832097847339	1	96
Td00001aa024952_T002	MF	0016702	oxidoreductase activity, acting on single donors with incorporation of molecular oxygen, incorporation of two atoms of oxygen	9.30497183289	0.747618833819	1	100
Td00001aa024952_T002	CC	0005737	cytoplasm	0.0128343800537	0.321149551606	1	1
Td00001aa024952_T002	BP	0034440	lipid oxidation	8.50188744864	0.728074105438	3	100
Td00001aa024952_T002	BP	0006633	fatty acid biosynthetic process	6.72313183534	0.681189119909	5	96
Td00001aa024952_T002	MF	0046872	metal ion binding	2.476395806	0.533194971135	5	100
Td00001aa024952_T002	MF	0016747	acyltransferase activity, transferring groups other than amino-acyl groups	0.0601645600151	0.340315331325	12	1
Td00001aa024952_T002	BP	0002215	defense response to nematode	0.164926211643	0.363667329235	22	1
Td00001aa024952_T002	BP	0009845	seed germination	0.136981511639	0.358439991525	23	1
Td00001aa024952_T002	BP	0050832	defense response to fungus	0.0967871067696	0.349872629362	25	1
Td00001aa024999_T001	MF	0016787	hydrolase activity	2.25254042004	0.522622921643	1	8
Td00001aa025008_T004	MF	0008553	P-type proton-exporting transporter activity	13.5704518733	0.839589128383	1	100
Td00001aa025008_T004	BP	0120029	proton export across plasma membrane	13.0378037438	0.828986694322	1	100
Td00001aa025008_T004	CC	0005886	plasma membrane	2.54972275178	0.536553200894	1	100
Td00001aa025008_T004	MF	0016887	ATP hydrolysis activity	4.60076099767	0.616145064408	11	100
Td00001aa025008_T004	BP	0051453	regulation of intracellular pH	1.39242034061	0.47603725146	15	13
Td00001aa025008_T004	MF	0005524	ATP binding	3.05186220033	0.55835829938	22	100
Td00001aa025021_T003	MF	0022857	transmembrane transporter activity	3.25899296842	0.566824930353	1	17
Td00001aa025021_T003	BP	0055085	transmembrane transport	2.7289887792	0.544565336369	1	17
Td00001aa025021_T003	CC	0016020	membrane	0.921487254575	0.444083473366	1	17
Td00001aa025035_T001	MF	0008146	sulfotransferase activity	9.93174276982	0.762292974253	1	28
Td00001aa025035_T001	BP	0051923	sulfation	3.56154177977	0.578722130137	1	8
Td00001aa025035_T001	CC	0005737	cytoplasm	0.435773817846	0.400551118056	1	8
Td00001aa025078_T002	MF	0004170	dUTP diphosphatase activity	11.7642093155	0.802721380633	1	47
Td00001aa025078_T002	BP	0006226	dUMP biosynthetic process	10.9759171204	0.785746463126	1	47
Td00001aa025078_T002	BP	0046081	dUTP catabolic process	10.9549953792	0.785287771152	3	47
Td00001aa025078_T002	MF	0000287	magnesium ion binding	5.66824671115	0.650393320938	3	47
Td00001aa025123_T001	MF	0005200	structural constituent of cytoskeleton	10.1104946047	0.766392497416	1	99
Td00001aa025123_T001	CC	0005874	microtubule	7.77515100965	0.709575066832	1	100
Td00001aa025123_T001	BP	0007017	microtubule-based process	7.16235066117	0.69329249283	1	100
Td00001aa025123_T001	BP	0007010	cytoskeleton organization	6.72321743452	0.681191516638	2	99
Td00001aa025123_T001	MF	0003924	GTPase activity	6.56315497581	0.676682874446	2	99
Td00001aa025123_T001	MF	0005525	GTP binding	5.98811557776	0.660013495734	3	100
Td00001aa025123_T001	BP	0000278	mitotic cell cycle	1.58599327366	0.487559398523	7	20
Td00001aa025123_T001	BP	0090378	seed trichome elongation	0.192823260684	0.368459709205	10	1
Td00001aa025123_T001	CC	0005737	cytoplasm	0.356626735732	0.391410874373	13	23
Td00001aa025123_T001	MF	0046872	metal ion binding	0.64381235357	0.421205457395	26	26
Td00001aa025123_T001	MF	0003729	mRNA binding	0.0443046967933	0.335262684677	28	1
Td00001aa025149_T001	MF	0046872	metal ion binding	2.47466135692	0.533114939035	1	11
Td00001aa025171_T003	CC	0005634	nucleus	3.46807101093	0.575102440533	1	1
Td00001aa025171_T003	MF	0003677	DNA binding	3.20087092601	0.564477000075	1	1
Td00001aa025429_T004	BP	1990961	xenobiotic detoxification by transmembrane export across the plasma membrane	10.5776413761	0.776938113919	1	100
Td00001aa025429_T004	MF	0042910	xenobiotic transmembrane transporter activity	8.81795784945	0.735872074766	1	100
Td00001aa025429_T004	CC	0016020	membrane	0.921542028796	0.444087615859	1	100
Td00001aa025429_T004	MF	0015297	antiporter activity	7.77093620833	0.709465313383	2	100
Td00001aa025492_T002	BP	0019346	transsulfuration	9.8097800697	0.759474653648	1	100
Td00001aa025492_T002	MF	0016846	carbon-sulfur lyase activity	8.71349192427	0.733310427754	1	94
Td00001aa025492_T002	CC	0005737	cytoplasm	1.4267633395	0.478137333228	1	94
Td00001aa025492_T002	MF	0030170	pyridoxal phosphate binding	6.53745615575	0.67595388837	2	100
Td00001aa025510_T002	MF	0016705	oxidoreductase activity, acting on paired donors, with incorporation or reduction of molecular oxygen	6.62883233653	0.678539453916	1	37
Td00001aa025510_T002	CC	0016020	membrane	0.370397059085	0.39306908969	1	16
Td00001aa025510_T002	MF	0004497	monooxygenase activity	6.56537881453	0.67674588986	2	37
Td00001aa025510_T002	MF	0005506	iron ion binding	6.34217984206	0.670367104478	3	37
Td00001aa025510_T002	MF	0020037	heme binding	5.44544745312	0.643531206461	4	37
Td00001aa025516_T002	CC	0005802	trans-Golgi network	7.43132232192	0.700521760097	1	77
Td00001aa025516_T002	MF	0008168	methyltransferase activity	5.31593487973	0.639477639198	1	100
Td00001aa025516_T002	BP	0032259	methylation	5.07407939701	0.631773415138	1	100
Td00001aa025516_T002	CC	0005768	endosome	5.67787727316	0.650686869209	3	77
Td00001aa025516_T002	BP	0009987	cellular process	0.410476450702	0.397727369248	3	100
Td00001aa025516_T002	MF	0016301	kinase activity	0.0521737288055	0.337865958623	5	1
Td00001aa025516_T002	CC	0016020	membrane	0.862354614195	0.439537149277	16	93
Td00001aa025549_T001	CC	0097589	archaeal-type flagellum	15.2809233836	0.852485962259	1	1
Td00001aa025549_T001	BP	0097588	archaeal or bacterial-type flagellum-dependent cell motility	8.16509584577	0.719603654262	1	1
Td00001aa025644_T004	MF	0016705	oxidoreductase activity, acting on paired donors, with incorporation or reduction of molecular oxygen	6.62769228778	0.678507305454	1	6
Td00001aa025644_T004	BP	0006629	lipid metabolic process	4.2746856472	0.604905543732	1	6
Td00001aa025644_T004	CC	0016020	membrane	0.765975292387	0.431779060936	1	5
Td00001aa025644_T004	MF	0004497	monooxygenase activity	6.56424967874	0.676713895637	2	6
Td00001aa025644_T004	MF	0005506	iron ion binding	6.34108909277	0.6703356588	3	6
Td00001aa025644_T004	MF	0020037	heme binding	5.44451092686	0.643502068547	4	6
Td00001aa025644_T004	BP	0009987	cellular process	0.410395722446	0.397718220969	4	6
Td00001aa026000_T001	MF	0004021	L-alanine:2-oxoglutarate aminotransferase activity	11.169097113	0.789961291673	1	79
Td00001aa026000_T001	BP	0042853	L-alanine catabolic process	8.50016328317	0.728031173558	1	73
Td00001aa026000_T001	MF	0030170	pyridoxal phosphate binding	6.28625356364	0.668751281185	5	96
Td00001aa026000_T001	BP	0009058	biosynthetic process	1.42744007754	0.478178460486	24	96
Td00001aa026124_T002	MF	0016762	xyloglucan:xyloglucosyl transferase activity	13.6436207759	0.841029192346	1	100
Td00001aa026124_T002	BP	0010411	xyloglucan metabolic process	11.4853744778	0.796783945614	1	97
Td00001aa026124_T002	CC	0048046	apoplast	11.0177681749	0.786662703062	1	100
Td00001aa026124_T002	MF	0004553	hydrolase activity, hydrolyzing O-glycosyl compounds	6.2842171772	0.668692310517	4	100
Td00001aa026124_T002	CC	0016020	membrane	0.00713275438304	0.316962958288	4	1
Td00001aa026124_T002	BP	0071555	cell wall organization	6.56565227888	0.676753638098	6	100
Td00001aa026124_T002	BP	0042546	cell wall biogenesis	6.50005678873	0.674890433803	7	97
Td00001aa026247_T001	BP	0098542	defense response to other organism	7.3027869401	0.697083675972	1	18
Td00001aa026247_T001	CC	0005886	plasma membrane	1.63405740789	0.490309530178	1	12
Td00001aa026374_T002	MF	0003677	DNA binding	3.20413413451	0.564609384446	1	5
Td00001aa026374_T002	CC	0005634	nucleus	3.16921932838	0.563189415391	1	4
Td00001aa026374_T002	BP	0006355	regulation of DNA-templated transcription	0.784632547055	0.433317414742	1	1
Td00001aa026374_T002	MF	0001067	transcription regulatory region nucleic acid binding	1.42050624076	0.477756608929	4	1
Td00001aa026412_T001	CC	0030132	clathrin coat of coated pit	11.8603913129	0.804753101646	1	29
Td00001aa026412_T001	MF	0032050	clathrin heavy chain binding	11.2229533338	0.791129824388	1	24
Td00001aa026412_T001	BP	0072583	clathrin-dependent endocytosis	7.24530995718	0.695536487089	1	24
Td00001aa026412_T001	CC	0030130	clathrin coat of trans-Golgi network vesicle	11.7887134552	0.803239785098	2	29
Td00001aa026412_T001	BP	0006886	intracellular protein transport	6.8348016889	0.684302947037	3	29
Td00001aa026412_T001	MF	0005198	structural molecule activity	3.63415612951	0.581501479484	4	29
Td00001aa026443_T002	BP	0010286	heat acclimation	15.1617916492	0.851785025397	1	3
Td00001aa026443_T002	BP	0010608	post-transcriptional regulation of gene expression	7.17011142046	0.693502965372	5	3
Td00001aa026554_T001	MF	0005507	copper ion binding	8.19989592149	0.720486884965	1	7
Td00001aa026554_T001	MF	0016491	oxidoreductase activity	3.02768237231	0.55735143689	3	7
Td00001aa026590_T004	MF	0005509	calcium ion binding	6.91682374728	0.686573895071	1	2
Td00001aa026630_T001	MF	0003924	GTPase activity	6.62801407286	0.678516379816	1	7
Td00001aa026630_T001	CC	0005768	endosome	1.08449092159	0.455909673895	1	1
Td00001aa026630_T001	MF	0005525	GTP binding	5.98592176073	0.659948403119	2	7
Td00001aa026630_T001	CC	0005794	Golgi apparatus	0.949180190305	0.446162376339	2	1
Td00001aa026762_T001	BP	0016101	diterpenoid metabolic process	8.60667264152	0.730675144308	1	66
Td00001aa026762_T001	MF	0016705	oxidoreductase activity, acting on paired donors, with incorporation or reduction of molecular oxygen	6.62894930506	0.678542752179	1	100
Td00001aa026762_T001	CC	0016020	membrane	0.319519577951	0.386775843235	1	43
Td00001aa026762_T001	MF	0004497	monooxygenase activity	6.56549466341	0.676749172299	2	100
Td00001aa026762_T001	MF	0005506	iron ion binding	6.3422917525	0.670370330639	3	100
Td00001aa026762_T001	MF	0020037	heme binding	5.44554354034	0.643534195858	4	100
Td00001aa026762_T001	BP	0008299	isoprenoid biosynthetic process	0.435169396497	0.400484621903	7	8
Td00001aa026762_T001	BP	0044550	secondary metabolite biosynthetic process	0.180983819894	0.36647126447	10	3
Td00001aa026762_T001	BP	0033076	isoquinoline alkaloid metabolic process	0.12078097432	0.355162165162	13	1
Td00001aa026843_T001	BP	0009299	mRNA transcription	13.4311125167	0.836835962357	1	94
Td00001aa026843_T001	CC	0005634	nucleus	3.47389727307	0.575329479481	1	100
Td00001aa026843_T001	BP	0009416	response to light stimulus	8.72749181605	0.733654611885	2	94
Td00001aa027028_T002	BP	1990961	xenobiotic detoxification by transmembrane export across the plasma membrane	10.5776384127	0.776938047769	1	100
Td00001aa027028_T002	MF	0042910	xenobiotic transmembrane transporter activity	8.81795537905	0.735872014369	1	100
Td00001aa027028_T002	CC	0016020	membrane	0.921541770621	0.444087596334	1	100
Td00001aa027028_T002	MF	0015297	antiporter activity	7.77093403126	0.709465256684	2	100
Td00001aa027099_T001	MF	0051213	dioxygenase activity	6.54469691457	0.676159428253	1	87
Td00001aa027099_T001	BP	0009058	biosynthetic process	0.226008502983	0.373728590517	1	19
Td00001aa027099_T001	BP	0002238	response to molecule of fungal origin	0.121000943627	0.355208095732	2	1
Td00001aa027099_T001	MF	0046872	metal ion binding	2.42972672957	0.531031672173	3	98
Td00001aa027099_T001	BP	0009804	coumarin metabolic process	0.118483119967	0.354679839511	4	1
Td00001aa027099_T001	MF	0016705	oxidoreductase activity, acting on paired donors, with incorporation or reduction of molecular oxygen	0.578892260821	0.415175375947	9	11
Td00001aa027099_T001	BP	0009987	cellular process	0.0624936931814	0.340998168454	11	19
Td00001aa027099_T003	MF	0051213	dioxygenase activity	6.41450610895	0.672446228907	1	85
Td00001aa027099_T003	BP	0009058	biosynthetic process	0.226927339118	0.373868765839	1	19
Td00001aa027099_T003	BP	0002238	response to molecule of fungal origin	0.121531475458	0.355318701666	2	1
Td00001aa027099_T003	MF	0046872	metal ion binding	2.45652887131	0.532276572729	3	99
Td00001aa027099_T003	BP	0009804	coumarin metabolic process	0.119002612334	0.354789288635	4	1
Td00001aa027099_T003	MF	0016705	oxidoreductase activity, acting on paired donors, with incorporation or reduction of molecular oxygen	0.580971439993	0.415373592642	9	11
Td00001aa027099_T003	BP	0009987	cellular process	0.0627477608946	0.341071878599	11	19
Td00001aa027113_T002	MF	0003723	RNA binding	3.38030557429	0.571659018643	1	2
Td00001aa027151_T001	BP	0017183	protein histidyl modification to diphthamide	11.8226192534	0.803956201387	1	3
Td00001aa027151_T001	MF	0046872	metal ion binding	2.47461654769	0.533112871046	1	3
Td00001aa027151_T001	CC	0005829	cytosol	0.869400837016	0.440086899746	1	1
Td00001aa027151_T001	BP	0009987	cellular process	0.410182301702	0.39769403139	10	3
Td00001aa027330_T001	BP	0031408	oxylipin biosynthetic process	13.4005491856	0.836230163303	1	98
Td00001aa027330_T001	MF	0016702	oxidoreductase activity, acting on single donors with incorporation of molecular oxygen, incorporation of two atoms of oxygen	9.30493813702	0.747618031853	1	100
Td00001aa027330_T001	BP	0034440	lipid oxidation	8.50185666096	0.72807333886	3	100
Td00001aa027330_T001	BP	0006633	fatty acid biosynthetic process	6.82889997829	0.684139021976	5	98
Td00001aa027330_T001	MF	0046872	metal ion binding	2.47638683829	0.533194557413	5	100
Td00001aa027330_T003	BP	0031408	oxylipin biosynthetic process	13.3057676339	0.834347081798	1	97
Td00001aa027330_T003	MF	0016702	oxidoreductase activity, acting on single donors with incorporation of molecular oxygen, incorporation of two atoms of oxygen	9.30497152691	0.747618826537	1	100
Td00001aa027330_T003	CC	0005737	cytoplasm	0.0128345103936	0.321149635133	1	1
Td00001aa027330_T003	BP	0034440	lipid oxidation	8.50188716907	0.728074098477	3	100
Td00001aa027330_T003	BP	0006633	fatty acid biosynthetic process	6.78059944024	0.682794762226	5	97
Td00001aa027330_T003	MF	0046872	metal ion binding	2.47639572457	0.533194967378	5	100
Td00001aa027330_T003	MF	0016747	acyltransferase activity, transferring groups other than amino-acyl groups	0.0605584658684	0.340431730412	12	1
Td00001aa027330_T003	BP	0002215	defense response to nematode	0.164927886556	0.363667628657	22	1
Td00001aa027330_T003	BP	0009845	seed germination	0.136982902759	0.358440264404	23	1
Td00001aa027330_T003	BP	0050832	defense response to fungus	0.096788089694	0.349872858738	25	1
Td00001aa027406_T001	CC	0000786	nucleosome	9.54760582023	0.753356389024	1	2
Td00001aa027406_T001	MF	0046982	protein heterodimerization activity	9.26404708676	0.746643746751	1	2
Td00001aa027406_T001	BP	0031507	heterochromatin formation	5.45787521435	0.64391763141	1	1
Td00001aa027406_T001	MF	0030527	structural constituent of chromatin	9.25850553494	0.746511546401	2	2
Td00001aa027406_T001	CC	0005634	nucleus	3.4672996347	0.575072367098	5	2
Td00001aa027406_T001	MF	0003677	DNA binding	3.20015898103	0.564448108373	6	2
Td00001aa027429_T002	MF	0005200	structural constituent of cytoskeleton	10.0093674719	0.764077725608	1	98
Td00001aa027429_T002	CC	0005874	microtubule	7.77515499807	0.709575170677	1	100
Td00001aa027429_T002	BP	0007017	microtubule-based process	7.16235433525	0.693292592498	1	100
Td00001aa027429_T002	BP	0007010	cytoskeleton organization	6.65597050656	0.679303914059	2	98
Td00001aa027429_T002	MF	0005525	GTP binding	5.98811864949	0.660013586866	2	100
Td00001aa027429_T002	BP	0000278	mitotic cell cycle	0.945679238929	0.445901250779	7	12
Td00001aa027429_T002	CC	0005737	cytoplasm	0.492759105643	0.406625756974	13	32
Td00001aa027429_T002	MF	0016787	hydrolase activity	2.20834020256	0.520474245044	15	98
Td00001aa027429_T002	MF	0046872	metal ion binding	0.718791196292	0.427802816958	20	29
Td00001aa027460_T001	BP	0009791	post-embryonic development	8.75239820002	0.734266247914	1	39
Td00001aa027460_T001	MF	0046983	protein dimerization activity	6.48799474915	0.674546796412	1	44
Td00001aa027460_T001	CC	0005634	nucleus	3.06939544209	0.559085901499	1	42
Td00001aa027460_T001	MF	0003677	DNA binding	3.20626696037	0.564695874152	3	48
Td00001aa027460_T001	MF	0046872	metal ion binding	2.25552474354	0.522767233644	4	43
Td00001aa027460_T001	BP	0006357	regulation of transcription by RNA polymerase II	0.220544936666	0.37288913199	6	3
Td00001aa027502_T001	MF	0004781	sulfate adenylyltransferase (ATP) activity	11.2457227182	0.791623014343	1	100
Td00001aa027502_T001	BP	0000103	sulfate assimilation	9.90229477188	0.76161408029	1	100
Td00001aa027502_T001	MF	0004020	adenylylsulfate kinase activity	10.1015934473	0.766189218416	3	85
Td00001aa027502_T001	MF	0005524	ATP binding	3.05184191704	0.558357456446	9	100
Td00001aa027593_T001	CC	0005634	nucleus	3.46970120346	0.575165985404	1	4
Td00001aa027623_T001	BP	0009695	jasmonic acid biosynthetic process	8.28749096094	0.722701798356	1	56
Td00001aa027623_T001	MF	0016705	oxidoreductase activity, acting on paired donors, with incorporation or reduction of molecular oxygen	6.62897014747	0.678543339887	1	100
Td00001aa027623_T001	CC	0009941	chloroplast envelope	2.93058412748	0.553267138583	1	33
Td00001aa027623_T001	BP	0016125	sterol metabolic process	7.56852369168	0.704158993806	2	80
Td00001aa027623_T001	MF	0004497	monooxygenase activity	6.5655153063	0.676749757188	2	100
Td00001aa027623_T001	CC	0042170	plastid membrane	2.0668090199	0.51344534064	2	33
Td00001aa027623_T001	MF	0005506	iron ion binding	6.34231169361	0.670370905499	3	100
Td00001aa027623_T001	MF	0020037	heme binding	5.44556066193	0.64353472853	4	100
Td00001aa027623_T001	MF	0009978	allene oxide synthase activity	5.34689448343	0.640451083796	5	23
Td00001aa027623_T001	CC	0009534	chloroplast thylakoid	2.01154838996	0.51063580351	6	32
Td00001aa027623_T001	CC	0042651	thylakoid membrane	1.93110097936	0.50647581419	8	32
Td00001aa027623_T001	CC	0031968	organelle outer membrane	1.90795349605	0.505262857666	10	32
Td00001aa027623_T001	BP	0031407	oxylipin metabolic process	3.29274260755	0.56817869763	11	21
Td00001aa027623_T001	BP	0009753	response to jasmonic acid	3.15590164138	0.562645731776	13	20
Td00001aa027623_T001	BP	0050832	defense response to fungus	2.69893426668	0.543240854157	15	20
Td00001aa027623_T001	BP	0009611	response to wounding	2.4242381505	0.530775894108	19	20
Td00001aa027648_T001	MF	0005200	structural constituent of cytoskeleton	10.1132037935	0.766454350393	1	99
Td00001aa027648_T001	CC	0005874	microtubule	7.77515061659	0.709575056598	1	100
Td00001aa027648_T001	BP	0007017	microtubule-based process	7.16235029909	0.693292483007	1	100
Td00001aa027648_T001	BP	0007010	cytoskeleton organization	6.72501897504	0.681241955234	2	99
Td00001aa027648_T001	MF	0005525	GTP binding	5.98811527504	0.660013486753	2	100
Td00001aa027648_T001	BP	0000278	mitotic cell cycle	0.947203723428	0.446015016857	7	12
Td00001aa027648_T001	BP	0071258	cellular response to gravity	0.236106259446	0.375253793039	10	1
Td00001aa027648_T001	CC	0005737	cytoplasm	0.607072981313	0.417832417759	13	39
Td00001aa027648_T001	CC	0045298	tubulin complex	0.204419566604	0.370348959622	14	1
Td00001aa027648_T001	MF	0016787	hydrolase activity	2.23124933485	0.521590569128	15	99
Td00001aa027648_T001	CC	0009505	plant-type cell wall	0.122153978871	0.355448174575	15	1
Td00001aa027648_T001	CC	0009506	plasmodesma	0.114529653296	0.353838917994	16	1
Td00001aa027648_T001	MF	0046872	metal ion binding	0.271328353358	0.380333501353	21	11
Td00001aa027648_T001	CC	0005730	nucleolus	0.070724390231	0.343314571708	22	1
Td00001aa027648_T001	MF	0005515	protein binding	0.0456268941524	0.335715377388	23	1
Td00001aa027648_T001	CC	0005886	plasma membrane	0.0254383399298	0.327858530572	33	1
Td00001aa027665_T001	MF	0005200	structural constituent of cytoskeleton	10.0105386297	0.764104599836	1	98
Td00001aa027665_T001	CC	0005874	microtubule	7.77515346647	0.709575130799	1	100
Td00001aa027665_T001	BP	0007017	microtubule-based process	7.16235292436	0.693292554224	1	100
Td00001aa027665_T001	BP	0007010	cytoskeleton organization	6.65674929618	0.679325828903	2	98
Td00001aa027665_T001	MF	0003924	GTPase activity	6.49826927233	0.674839529096	2	98
Td00001aa027665_T001	MF	0005525	GTP binding	5.98811746991	0.66001355187	3	100
Td00001aa027665_T001	BP	0000278	mitotic cell cycle	1.25968824656	0.467666431175	7	16
Td00001aa027665_T001	BP	0009733	response to auxin	0.104820102131	0.35170985435	10	1
Td00001aa027665_T001	CC	0005737	cytoplasm	0.276978823087	0.381116985064	13	18
Td00001aa027665_T001	MF	0046872	metal ion binding	0.371700698007	0.393224463761	26	15
Td00001aa027665_T001	MF	0016757	glycosyltransferase activity	0.0542852833251	0.338530441909	28	1
Td00001aa027713_T001	MF	0016747	acyltransferase activity, transferring groups other than amino-acyl groups	5.61965451269	0.648908368401	1	4
Td00001aa027713_T001	CC	0005737	cytoplasm	0.605956132396	0.417728303436	1	3
Td00001aa027731_T002	BP	0006334	nucleosome assembly	10.769372086	0.781198795869	1	20
Td00001aa027731_T002	CC	0000786	nucleosome	9.56462155957	0.753756008673	1	20
Td00001aa027731_T002	MF	0030527	structural constituent of chromatin	9.27500603986	0.746905069327	1	20
Td00001aa027731_T002	MF	0031492	nucleosomal DNA binding	6.22445391225	0.666957381995	2	9
Td00001aa027731_T002	MF	0003690	double-stranded DNA binding	4.65160923542	0.617861401796	5	16
Td00001aa027731_T002	CC	0005634	nucleus	3.47347905474	0.575313188611	5	20
Td00001aa027731_T002	BP	0045910	negative regulation of DNA recombination	5.6121840767	0.648679507204	8	9
Td00001aa027731_T002	MF	0042162	telomeric DNA binding	3.53715275694	0.577782282583	9	7
Td00001aa027731_T002	BP	0030261	chromosome condensation	4.63791567803	0.617400114737	13	9
Td00001aa027731_T002	BP	0048523	negative regulation of cellular process	2.52531152586	0.53544064209	22	9
Td00001aa027778_T002	MF	0005509	calcium ion binding	6.5349528763	0.675882802523	1	94
Td00001aa027778_T002	BP	0035556	intracellular signal transduction	0.445651338834	0.401631341694	1	9
Td00001aa027778_T002	CC	0005634	nucleus	0.328834695563	0.38796364777	1	9
Td00001aa027778_T002	MF	0004674	protein serine/threonine kinase activity	6.24624484562	0.667590933932	2	94
Td00001aa027778_T002	CC	0005886	plasma membrane	0.241348093717	0.376032681947	2	9
Td00001aa027778_T002	MF	0005524	ATP binding	2.88075560381	0.551144893689	8	94
Td00001aa027778_T002	CC	0005737	cytoplasm	0.145620953612	0.360108775387	8	9
Td00001aa027778_T002	BP	0006338	chromatin remodeling	0.142738753766	0.359557696408	10	2
Td00001aa027778_T002	MF	0005516	calmodulin binding	0.900083060352	0.4424551711	28	9
Td00001aa027778_T002	MF	0140997	histone H4 kinase activity	0.543176971363	0.411713185236	32	2
Td00001aa027778_T002	MF	0140998	histone H2B kinase activity	0.400108222384	0.396544965332	42	2
Td00001aa027778_T002	MF	0140995	histone H2A kinase activity	0.354076563083	0.391100291334	48	2
Td00001aa027778_T002	MF	0141003	histone H2AX kinase activity	0.325175183122	0.387499042221	51	2
Td00001aa027778_T002	MF	0140996	histone H3 kinase activity	0.311091514936	0.385686139882	54	2
Td00001aa027778_T002	MF	0106310	protein serine kinase activity	0.218761931435	0.372612933606	58	2
Td00001aa028224_T001	MF	0004553	hydrolase activity, hydrolyzing O-glycosyl compounds	6.28410525377	0.668689069107	1	33
Td00001aa028224_T001	BP	0005975	carbohydrate metabolic process	4.15471451873	0.600662856431	1	33
Td00001aa028224_T001	CC	0048046	apoplast	1.18977088478	0.463079251023	1	3
Td00001aa028224_T001	BP	0009987	cellular process	0.410464982951	0.397726069755	4	33
Td00001aa028382_T001	MF	0004765	shikimate kinase activity	11.4049532329	0.795058119345	1	98
Td00001aa028382_T001	BP	0009423	chorismate biosynthetic process	6.67541271197	0.679850627379	1	76
Td00001aa028382_T001	CC	0009507	chloroplast	4.82822366469	0.623751144257	1	80
Td00001aa028382_T001	CC	0005829	cytosol	2.46296755497	0.532574622282	3	69
Td00001aa028382_T001	BP	0008652	amino acid biosynthetic process	4.78171435412	0.622210747844	5	97
Td00001aa028382_T001	MF	0005524	ATP binding	2.96525739931	0.554733278505	5	97
Td00001aa028382_T001	BP	0009073	aromatic amino acid family biosynthetic process	3.12210282804	0.561260750716	13	48
Td00001aa028382_T001	BP	0019632	shikimate metabolic process	2.93522696564	0.553463959459	15	24
Td00001aa028382_T001	MF	0046872	metal ion binding	0.0261200231687	0.328166774241	23	1
Td00001aa028535_T002	MF	0003977	UDP-N-acetylglucosamine diphosphorylase activity	10.8955763591	0.783982664199	1	91
Td00001aa028535_T002	BP	0006048	UDP-N-acetylglucosamine biosynthetic process	9.78022478847	0.75878905561	1	91
Td00001aa028539_T001	MF	0004650	polygalacturonase activity	11.4526727308	0.796082902929	1	14
Td00001aa028586_T001	MF	0005388	P-type calcium transporter activity	11.5410479503	0.797975151997	1	100
Td00001aa028586_T001	BP	0070588	calcium ion transmembrane transport	8.75309175551	0.734283267371	1	100
Td00001aa028586_T001	CC	0005886	plasma membrane	2.04277745928	0.512228212263	1	80
Td00001aa028586_T001	MF	0005516	calmodulin binding	9.50892786431	0.752446699061	2	100
Td00001aa028586_T001	CC	0043231	intracellular membrane-bounded organelle	1.92173584901	0.505985950265	3	80
Td00001aa028586_T001	MF	0016887	ATP hydrolysis activity	4.60075970637	0.616145020701	13	100
Td00001aa028586_T001	BP	0009414	response to water deprivation	0.544861274394	0.411878972016	14	4
Td00001aa028586_T001	BP	0009409	response to cold	0.481800937458	0.405486052787	16	4
Td00001aa028586_T001	MF	0005524	ATP binding	3.05186134376	0.558358263782	25	100
Td00001aa028747_T003	CC	0034098	VCP-NPL4-UFD1 AAA ATPase complex	11.7377909229	0.802161873452	1	88
Td00001aa028747_T003	MF	0031593	polyubiquitin modification-dependent protein binding	9.92305664717	0.762092829212	1	88
Td00001aa028747_T003	BP	0036503	ERAD pathway	9.84293647132	0.76024255931	1	88
Td00001aa028747_T003	BP	0006511	ubiquitin-dependent protein catabolic process	7.51943941069	0.702861577595	4	100
Td00001aa028811_T001	MF	0004560	alpha-L-fucosidase activity	11.6613258193	0.800538883813	1	50
Td00001aa028811_T001	BP	0016139	glycoside catabolic process	10.1133650001	0.766458030609	1	44
Td00001aa028811_T001	CC	0005764	lysosome	7.15819532942	0.693179752958	1	44
Td00001aa028811_T001	BP	0006004	fucose metabolic process	9.20968439562	0.745345145781	2	44
Td00001aa028811_T001	MF	0052901	spermine oxidase activity	0.484890055348	0.405808636785	7	1
Td00001aa028811_T001	MF	0050660	flavin adenine dinucleotide binding	0.301392870101	0.384413724891	10	2
Td00001aa028811_T001	CC	0016020	membrane	0.0318138260012	0.330598497372	10	2
Td00001aa028811_T001	BP	1903601	thermospermine metabolic process	0.481081276914	0.405410753172	15	1
Td00001aa028811_T001	BP	0046208	spermine catabolic process	0.468108552213	0.404043602364	17	1
Td00001aa028811_T001	BP	0009987	cellular process	0.410454672943	0.39772490144	18	50
Td00001aa028828_T001	MF	0008194	UDP-glycosyltransferase activity	8.22814171996	0.721202390158	1	100
Td00001aa028852_T001	MF	0005548	phospholipid transporter activity	10.4770771952	0.774687912174	1	97
Td00001aa028852_T001	BP	0015914	phospholipid transport	9.28239370105	0.747081145275	1	97
Td00001aa028852_T001	CC	0043190	ATP-binding cassette (ABC) transporter complex	6.71352154885	0.680919940135	1	100
Td00001aa028852_T001	MF	0008270	zinc ion binding	0.0450276718491	0.335511040338	4	1
Td00001aa028852_T001	MF	0003676	nucleic acid binding	0.0192169402233	0.324828375975	8	1
Td00001aa028852_T001	CC	0009707	chloroplast outer membrane	1.77087515238	0.497923786508	10	11
Td00001aa029010_T001	CC	0031969	chloroplast membrane	10.833313959	0.782611279979	1	52
Td00001aa029010_T001	BP	0099402	plant organ development	10.7008145618	0.779679685292	1	50
Td00001aa029010_T001	CC	0009528	plastid inner membrane	10.5163193609	0.775567265521	3	48
Td00001aa029037_T001	BP	0009800	cinnamic acid biosynthetic process	13.2015164568	0.832268099414	1	85
Td00001aa029037_T001	MF	0045548	phenylalanine ammonia-lyase activity	11.7234571113	0.80185803847	1	75
Td00001aa029037_T001	CC	0005737	cytoplasm	1.53840960579	0.484795394875	1	100
Td00001aa029037_T001	BP	0006559	L-phenylalanine catabolic process	10.5261132357	0.775786474432	5	100
Td00001aa029037_T001	MF	0052883	tyrosine ammonia-lyase activity	0.209725137896	0.371195439477	6	1
Td00001aa029037_T001	BP	0016598	protein arginylation	0.230175363024	0.374362015372	42	1
Td00001aa029037_T001	BP	0046898	response to cycloheximide	0.188704240204	0.367775027106	43	1
Td00001aa029037_T001	BP	0009739	response to gibberellin	0.127794859208	0.356606686741	44	1
Td00001aa029103_T003	MF	0004033	aldo-keto reductase (NADPH) activity	9.31888984697	0.747949960405	1	86
Td00001aa029103_T003	CC	0005737	cytoplasm	1.31502506351	0.471207435314	1	86
Td00001aa029104_T001	BP	0031110	regulation of microtubule polymerization or depolymerization	11.5545269072	0.798263119536	1	24
Td00001aa029104_T001	MF	0015631	tubulin binding	7.63035275524	0.70578731263	1	22
Td00001aa029104_T001	CC	0005856	cytoskeleton	5.80797747051	0.654628308843	1	24
Td00001aa029104_T001	BP	1902903	regulation of supramolecular fiber organization	9.41349877443	0.750194299853	4	24
Td00001aa029104_T001	CC	0005737	cytoplasm	1.53839739715	0.484794680265	7	24
Td00001aa029104_T001	CC	0099512	supramolecular fiber	1.18117436806	0.462506040597	10	4
Td00001aa029104_T001	BP	0000226	microtubule cytoskeleton organization	1.32086004532	0.471576436832	11	4
Td00001aa029161_T001	MF	0016491	oxidoreductase activity	3.02805737471	0.557367082845	1	64
Td00001aa029161_T001	CC	0016020	membrane	0.597186419071	0.416907420257	1	42
Td00001aa029174_T001	MF	0008843	endochitinase activity	15.0341011072	0.851030666427	1	95
Td00001aa029174_T001	BP	0006032	chitin catabolic process	11.0535745375	0.787445226924	1	100
Td00001aa029174_T001	MF	0008061	chitin binding	10.2927383677	0.770534965107	3	100
Td00001aa029174_T001	BP	0016998	cell wall macromolecule catabolic process	9.5972448573	0.754521183601	6	100
Td00001aa029174_T001	BP	0000272	polysaccharide catabolic process	7.61060576936	0.705267979074	10	100
Td00001aa029231_T001	CC	0009514	glyoxysome	15.786631832	0.855431423756	1	100
Td00001aa029231_T001	MF	0004474	malate synthase activity	12.4311408101	0.816643589611	1	100
Td00001aa029231_T001	BP	0006097	glyoxylate cycle	10.6823678827	0.779270110063	1	100
Td00001aa029231_T001	BP	0006099	tricarboxylic acid cycle	7.46192297378	0.701335879029	3	99
Td00001aa029258_T001	MF	0036456	L-methionine-(S)-S-oxide reductase activity	12.4276645942	0.816572005238	1	91
Td00001aa029258_T001	BP	0034599	cellular response to oxidative stress	7.78208863598	0.709755657899	1	91
Td00001aa029258_T001	CC	0005737	cytoplasm	1.41659202585	0.477518015105	1	93
Td00001aa029258_T001	MF	0008113	peptide-methionine (S)-S-oxide reductase activity	11.2180782392	0.791024163744	2	100
Td00001aa029258_T001	CC	0043231	intracellular membrane-bounded organelle	0.060504813045	0.340415898331	6	3
Td00001aa029258_T001	BP	0009651	response to salt stress	0.273140983658	0.380585718578	11	3
Td00001aa029261_T001	MF	0004719	protein-L-isoaspartate (D-aspartate) O-methyltransferase activity	11.4873103571	0.796825414657	1	5
Td00001aa029261_T001	BP	0036211	protein modification process	6.00807994467	0.660605310155	1	5
Td00001aa029261_T001	CC	0005737	cytoplasm	1.53761864312	0.484749091521	1	5
Td00001aa029261_T001	BP	0009987	cellular process	0.410265830762	0.397703499507	7	5
Td00001aa029351_T001	MF	0010427	abscisic acid binding	10.78041244	0.781442977597	1	31
Td00001aa029351_T001	BP	0009738	abscisic acid-activated signaling pathway	9.84795034286	0.760358568444	1	31
Td00001aa029351_T001	CC	0005634	nucleus	3.37551771758	0.571469891593	1	40
Td00001aa029351_T001	MF	0004864	protein phosphatase inhibitor activity	8.9315455066	0.738640239177	4	31
Td00001aa029351_T001	BP	0006952	defense response	6.93857647932	0.687173901667	9	42
Td00001aa029351_T001	MF	0038023	signaling receptor activity	5.01974814748	0.630017615544	15	31
Td00001aa029363_T001	MF	0004049	anthranilate synthase activity	9.27533748275	0.746912970369	1	79
Td00001aa029363_T001	BP	0000162	tryptophan biosynthetic process	8.61744133754	0.730941551725	1	96
Td00001aa029363_T001	CC	0005829	cytosol	2.48984047557	0.53381439575	1	68
Td00001aa029363_T001	CC	0005950	anthranilate synthase complex	0.255803591482	0.378137846859	4	1
Td00001aa029363_T001	CC	0009507	chloroplast	0.0743362985392	0.344288320949	5	1
Td00001aa029363_T001	MF	0016740	transferase activity	0.0581157083898	0.339703654161	6	3
Td00001aa029363_T001	BP	0006541	glutamine metabolic process	6.47240370944	0.674102147127	11	84
Td00001aa029363_T001	CC	0016020	membrane	0.00870412519014	0.318246564862	14	1
Td00001aa029477_T004	BP	0031408	oxylipin biosynthetic process	13.285807102	0.833949659956	1	97
Td00001aa029477_T004	MF	0016702	oxidoreductase activity, acting on single donors with incorporation of molecular oxygen, incorporation of two atoms of oxygen	9.30497395813	0.7476188844	1	100
Td00001aa029477_T004	BP	0034440	lipid oxidation	8.50188939046	0.728074153787	3	100
Td00001aa029477_T004	BP	0006633	fatty acid biosynthetic process	6.77042758278	0.682511057997	5	97
Td00001aa029477_T004	MF	0046872	metal ion binding	2.47639637161	0.533194997229	5	100
Td00001aa029496_T001	BP	0009651	response to salt stress	10.8186307312	0.78228729511	1	3
Td00001aa029496_T001	MF	0051082	unfolded protein binding	7.74482029847	0.708784590334	1	3
Td00001aa029496_T001	CC	0005783	endoplasmic reticulum	1.7104667871	0.494599551582	1	1
Td00001aa029496_T001	BP	0042542	response to hydrogen peroxide	10.2385444585	0.769306976228	2	3
Td00001aa029496_T001	BP	0051259	protein complex oligomerization	8.73344892166	0.733800982233	5	3
Td00001aa029496_T001	BP	0009408	response to heat	8.41653212679	0.725943496674	6	3
Td00001aa029496_T001	BP	0006457	protein folding	6.54336165788	0.676121533527	11	3
Td00001aa029643_T001	BP	0098542	defense response to other organism	7.29984865422	0.697004729988	1	6
Td00001aa029643_T001	CC	0012505	endomembrane system	4.87837584863	0.625403902614	1	6
Td00001aa029643_T001	CC	0009506	plasmodesma	3.92352032957	0.592310389327	2	3
Td00001aa029643_T001	CC	0016020	membrane	0.921051936252	0.444050546515	7	6
Td00001aa029643_T001	CC	0071944	cell periphery	0.829487710966	0.436942665543	9	3
Td00001aa029686_T003	CC	0009501	amyloplast	14.3731869068	0.847073928223	1	100
Td00001aa029686_T003	BP	0005982	starch metabolic process	12.6692215952	0.821522702346	1	99
Td00001aa029686_T003	MF	0003844	1,4-alpha-glucan branching enzyme activity	11.2556283218	0.791837416068	1	96
Td00001aa029686_T003	BP	0009250	glucan biosynthetic process	8.8927250095	0.737696162898	3	98
Td00001aa029686_T003	MF	0004553	hydrolase activity, hydrolyzing O-glycosyl compounds	6.28429475324	0.668694557177	3	100
Td00001aa029686_T003	BP	0005977	glycogen metabolic process	7.82156893367	0.710781827581	6	85
Td00001aa029686_T003	MF	0043169	cation binding	2.45861027693	0.532372964607	6	100
Td00001aa029686_T003	CC	0016020	membrane	0.00993014873186	0.319169199111	10	1
Td00001aa029686_T003	BP	0009251	glucan catabolic process	4.54396234875	0.614216623071	12	51
Td00001aa029906_T001	MF	0046872	metal ion binding	2.47388178246	0.533078958258	1	3
Td00001aa030219_T001	MF	0045735	nutrient reservoir activity	13.1222885517	0.830682637001	1	100
Td00001aa030292_T001	BP	0042744	hydrogen peroxide catabolic process	9.6209877594	0.755077252724	1	51
Td00001aa030292_T001	MF	0140825	lactoperoxidase activity	8.07405745903	0.717284144595	1	32
Td00001aa030292_T001	CC	0005576	extracellular region	5.03301187785	0.630447126988	1	47
Td00001aa030292_T001	CC	0009505	plant-type cell wall	2.25136839513	0.522566220258	2	9
Td00001aa030292_T001	BP	0006979	response to oxidative stress	7.33284075948	0.697890252989	4	51
Td00001aa030292_T001	BP	0098869	cellular oxidant detoxification	6.99541661888	0.688737300783	5	51
Td00001aa030292_T001	MF	0020037	heme binding	5.44543217174	0.643530731036	5	51
Td00001aa030292_T001	MF	0046872	metal ion binding	2.4763230464	0.533191614376	8	51
Td00001aa030296_T001	MF	0004478	methionine adenosyltransferase activity	11.3499062759	0.793873310812	1	100
Td00001aa030296_T001	BP	0006556	S-adenosylmethionine biosynthetic process	10.8806880494	0.783655093274	1	100
Td00001aa030296_T001	CC	0005737	cytoplasm	1.53840296805	0.484795006348	1	100
Td00001aa030296_T001	BP	0006730	one-carbon metabolic process	8.03510063632	0.716287594711	3	100
Td00001aa030296_T001	MF	0005524	ATP binding	3.05184218693	0.558357467662	3	100
Td00001aa030296_T001	MF	0046872	metal ion binding	2.47638301167	0.533194380873	14	100
Td00001aa030489_T001	BP	0016226	iron-sulfur cluster assembly	8.1739546464	0.719828670135	1	51
Td00001aa030489_T001	MF	0005506	iron ion binding	6.34208414214	0.670364345612	1	51
Td00001aa030489_T001	CC	0005739	mitochondrion	4.30218732751	0.605869698863	1	49
Td00001aa030489_T001	MF	0051536	iron-sulfur cluster binding	5.36216986923	0.640930340451	2	51
Td00001aa030489_T001	MF	0005198	structural molecule activity	3.63424647316	0.581504920049	5	51
Td00001aa030489_T001	BP	0106035	protein maturation by [4Fe-4S] cluster transfer	1.69025464942	0.493474220655	7	7
Td00001aa030762_T001	MF	1990518	single-stranded 3'-5' DNA helicase activity	14.3855934199	0.847149031141	1	91
Td00001aa030762_T001	CC	0042555	MCM complex	11.1169836694	0.788827887425	1	96
Td00001aa030762_T001	BP	0000727	double-strand break repair via break-induced replication	10.1695115455	0.767738031585	1	86
Td00001aa030762_T001	BP	1902969	mitotic DNA replication	10.1566552491	0.767445252686	2	86
Td00001aa030762_T001	CC	0005634	nucleus	3.34893220423	0.570417277607	2	96
Td00001aa030762_T001	MF	0061749	forked DNA-dependent helicase activity	10.0375872563	0.764724840228	3	48
Td00001aa030762_T001	MF	0036121	double-stranded DNA helicase activity	9.68318030588	0.756530585193	4	48
Td00001aa030762_T001	BP	0006268	DNA unwinding involved in DNA replication	9.41477145813	0.750224413745	5	96
Td00001aa030762_T001	MF	0140584	chromatin extrusion motor activity	9.17478460344	0.744509448268	5	33
Td00001aa030762_T001	BP	0006270	DNA replication initiation	9.1401926837	0.743679553007	6	96
Td00001aa030762_T001	MF	0140665	ATP-dependent H3-H4 histone complex chaperone activity	8.22725800184	0.721180022982	7	33
Td00001aa030762_T001	MF	0003697	single-stranded DNA binding	7.29781869744	0.696950179746	10	86
Td00001aa030762_T001	MF	0009378	four-way junction helicase activity	5.07340933897	0.63175181857	13	48
Td00001aa030762_T001	MF	0140849	ATP-dependent H2AZ histone chaperone activity	5.00913957758	0.62967367598	14	33
Td00001aa030762_T001	BP	0140588	chromatin looping	6.36488965942	0.671021202342	16	33
Td00001aa030762_T001	MF	0061775	cohesin loader activity	4.4553035439	0.611182206381	18	33
Td00001aa030762_T001	MF	0003689	DNA clamp loader activity	4.19419631429	0.602065782601	19	33
Td00001aa030762_T001	MF	0005524	ATP binding	2.94201278426	0.553751346535	27	96
Td00001aa030762_T001	BP	0006338	chromatin remodeling	2.41099565963	0.530157574572	33	33
Td00001aa030762_T001	MF	0016787	hydrolase activity	2.17241924742	0.518712153604	39	96
Td00001aa030762_T001	BP	0051301	cell division	0.0649662433255	0.341709267848	40	1
Td00001aa030762_T001	MF	0046872	metal ion binding	0.0537867913846	0.338374754256	52	2
Td00001aa030923_T003	BP	0005986	sucrose biosynthetic process	11.6727999637	0.800782763806	1	82
Td00001aa030923_T003	MF	0042132	fructose 1,6-bisphosphate 1-phosphatase activity	11.5094078986	0.797298525274	1	92
Td00001aa030923_T003	CC	0005829	cytosol	3.45007032505	0.574399778765	1	88
Td00001aa030923_T003	BP	0006000	fructose metabolic process	11.0347546426	0.787034089113	2	88
Td00001aa030923_T003	BP	0030388	fructose 1,6-bisphosphate metabolic process	10.5209101883	0.775670031251	3	88
Td00001aa030923_T003	CC	0005634	nucleus	0.0379852907378	0.332999212074	4	1
Td00001aa030923_T003	BP	0006002	fructose 6-phosphate metabolic process	9.57705232043	0.7540477241	5	88
Td00001aa030923_T003	MF	0046872	metal ion binding	2.47636911668	0.533193739831	7	92
Td00001aa030923_T003	CC	0016020	membrane	0.0192205266293	0.32483025414	8	2
Td00001aa030923_T003	BP	0006094	gluconeogenesis	8.06624564799	0.717084504615	9	88
Td00001aa030923_T003	MF	0016491	oxidoreductase activity	0.0343663297803	0.33161740525	14	1
Td00001aa030923_T003	BP	0005983	starch catabolic process	0.171003494522	0.364743929878	28	1
Td00001aa030923_T003	BP	0009750	response to fructose	0.141827852515	0.35938237639	29	1
Td00001aa030923_T003	BP	0009737	response to abscisic acid	0.131087366513	0.357271096543	31	1
Td00001aa030923_T003	BP	0015979	photosynthesis	0.07751050789	0.345124709501	43	1
Td00001aa031102_T001	CC	0016460	myosin II complex	9.94069332151	0.762499120713	1	21
Td00001aa031102_T001	MF	0005509	calcium ion binding	6.92220290418	0.686722356305	1	24
Td00001aa031102_T001	MF	0030234	enzyme regulator activity	0.556936543373	0.413060119146	7	2
Td00001aa031102_T001	CC	0005737	cytoplasm	0.133357636073	0.357724375297	11	2
Td00001aa031102_T001	CC	0016020	membrane	0.0336757044466	0.331345566683	12	1
Td00001aa031551_T001	CC	0048046	apoplast	11.0173661339	0.786653909515	1	45
Td00001aa031551_T001	CC	0016020	membrane	0.00758303729321	0.317344108453	4	1
Td00001aa031593_T001	MF	0046982	protein heterodimerization activity	8.97228960433	0.739628891452	1	57
Td00001aa031593_T001	BP	0006357	regulation of transcription by RNA polymerase II	5.37068215791	0.641197112562	1	55
Td00001aa031593_T001	CC	0005634	nucleus	3.47380936757	0.575326055377	1	59
Td00001aa031593_T001	MF	0000978	RNA polymerase II cis-regulatory region sequence-specific DNA binding	7.01032074594	0.689146189602	2	55
Td00001aa031593_T001	MF	0000981	DNA-binding transcription factor activity, RNA polymerase II-specific	6.3492187388	0.670569966845	6	55
Td00001aa031767_T001	MF	0030941	chloroplast targeting sequence binding	14.9121986909	0.850307507213	1	25
Td00001aa031767_T001	BP	0045036	protein targeting to chloroplast	13.6250373732	0.840663812156	1	26
Td00001aa031767_T001	CC	0009707	chloroplast outer membrane	12.1360050531	0.810529892329	1	25
Td00001aa031767_T001	MF	0008374	O-acyltransferase activity	0.330301670577	0.38814916616	5	1
Td00001aa031767_T001	BP	0010228	vegetative to reproductive phase transition of meristem	0.45785603583	0.402949667265	14	1
Td00001aa031767_T001	BP	0070417	cellular response to cold	0.428351315626	0.399731299693	15	1
Td00001aa031767_T001	BP	0042742	defense response to bacterium	0.318205723324	0.386606922742	21	1
Td00001aa031767_T001	CC	0005634	nucleus	0.108453931865	0.352517764311	21	1
Td00001aa031767_T001	BP	0006457	protein folding	0.204460655241	0.37035555706	34	1
Td00001aa031767_T001	BP	0006629	lipid metabolic process	0.163706112592	0.363448808669	41	1
Td00001aa031791_T002	MF	0043130	ubiquitin binding	10.1295951686	0.766828402203	1	100
Td00001aa031973_T001	MF	0016651	oxidoreductase activity, acting on NAD(P)H	6.21449606708	0.666667497384	1	93
Td00001aa031973_T001	CC	0005782	peroxisomal matrix	2.41049362077	0.530134099964	1	20
Td00001aa031973_T001	BP	0098869	cellular oxidant detoxification	1.1674613662	0.461587331172	1	17
Td00001aa031973_T001	MF	0003729	mRNA binding	0.880955477654	0.440983599797	5	20
Td00001aa031973_T001	MF	0000166	nucleotide binding	0.024963123137	0.327641197083	11	1
Td00001aa032137_T001	BP	0006334	nucleosome assembly	10.7627630421	0.781052562424	1	9
Td00001aa032137_T001	CC	0000786	nucleosome	9.55875185766	0.753618197186	1	9
Td00001aa032137_T001	MF	0031492	nucleosomal DNA binding	6.55689764562	0.676505507408	1	7
Td00001aa032137_T001	CC	0005730	nucleolus	3.54118455191	0.577937873574	5	7
Td00001aa032137_T001	BP	0045910	negative regulation of DNA recombination	5.91192690605	0.657745877242	7	7
Td00001aa032137_T001	MF	0003690	double-stranded DNA binding	2.96309529308	0.554642106472	7	7
Td00001aa032137_T001	BP	0030261	chromosome condensation	4.8856235131	0.625642044537	13	7
Td00001aa032137_T001	BP	0006355	regulation of DNA-templated transcription	3.43230462241	0.573704490012	17	9
Td00001aa032137_T001	CC	0005829	cytosol	0.522438754443	0.409650450964	19	1
Td00001aa032137_T001	BP	0048523	negative regulation of cellular process	2.6601866496	0.541522341727	32	7
Td00001aa032227_T001	CC	0016020	membrane	0.921319564175	0.444070790427	1	15
Td00001aa032228_T002	MF	0016629	12-oxophytodienoate reductase activity	17.1999020647	0.863421462439	1	72
Td00001aa032228_T002	BP	0009695	jasmonic acid biosynthetic process	14.9211713304	0.850360835957	1	72
Td00001aa032228_T002	CC	0005777	peroxisome	8.14598302373	0.71911776739	1	72
Td00001aa032228_T002	BP	0031408	oxylipin biosynthetic process	13.6724947422	0.841596408583	2	74
Td00001aa032228_T002	MF	0010181	FMN binding	7.78315852221	0.70978350059	3	74
Td00001aa032228_T002	CC	0016020	membrane	0.0103630332695	0.319481212567	10	1
Td00001aa032228_T002	BP	0010193	response to ozone	0.762570957642	0.431496348539	22	3
Td00001aa032228_T002	BP	0048466	androecium development	0.639859679613	0.420847265227	24	3
Td00001aa032228_T002	BP	0048437	floral organ development	0.591275924704	0.416350767895	27	3
Td00001aa032228_T002	BP	0048827	phyllome development	0.536447501527	0.411048221107	30	3
Td00001aa032228_T002	BP	0009620	response to fungus	0.48010661941	0.405308682832	31	3
Td00001aa032334_T001	MF	0042973	glucan endo-1,3-beta-D-glucosidase activity	7.13068635567	0.692432569775	1	26
Td00001aa032334_T001	BP	0005975	carbohydrate metabolic process	4.15475320086	0.600664234197	1	47
Td00001aa032334_T001	CC	0005886	plasma membrane	0.33546812895	0.388799274559	1	6
Td00001aa032334_T001	BP	0009987	cellular process	0.410468804552	0.39772650281	4	47
Td00001aa032450_T002	CC	0005737	cytoplasm	1.53838785944	0.484794121992	1	100
Td00001aa032450_T002	MF	0016301	kinase activity	1.34214724443	0.472915766325	1	31
Td00001aa032450_T002	BP	0007165	signal transduction	0.397931029743	0.396294736843	1	10
Td00001aa032450_T002	MF	0030295	protein kinase activator activity	1.10320737167	0.457208901856	3	10
Td00001aa032450_T002	CC	0005634	nucleus	0.350457892457	0.390657650997	3	10
Td00001aa032602_T001	MF	0005509	calcium ion binding	6.90113546349	0.686140578625	1	1
Td00001aa032796_T001	BP	0042744	hydrogen peroxide catabolic process	9.62110275722	0.755079944352	1	100
Td00001aa032796_T001	MF	0004601	peroxidase activity	7.99448515277	0.715246039142	1	100
Td00001aa032796_T001	CC	0005576	extracellular region	4.88797356376	0.625719223978	1	87
Td00001aa032796_T001	CC	0009505	plant-type cell wall	2.06099554518	0.513151556768	2	14
Td00001aa032796_T001	BP	0006979	response to oxidative stress	7.33292840752	0.697892602846	4	100
Td00001aa032796_T001	BP	0098869	cellular oxidant detoxification	6.99550023375	0.688739595938	5	100
Td00001aa032796_T001	MF	0020037	heme binding	5.44549725995	0.643532756019	5	100
Td00001aa032796_T001	CC	0005773	vacuole	0.12679912624	0.356404071895	6	1
Td00001aa032796_T001	MF	0046872	metal ion binding	2.46649671659	0.532737823476	8	99
Td00001aa032796_T001	CC	0016020	membrane	0.0122485473296	0.320769742166	14	1
Td00001aa032831_T002	MF	0030599	pectinesterase activity	12.0351237365	0.808423133419	1	100
Td00001aa032831_T002	BP	0042545	cell wall modification	11.6860309526	0.801063836328	1	100
Td00001aa032831_T002	CC	0005576	extracellular region	0.108644150815	0.35255968008	1	2
Td00001aa032831_T002	BP	0045490	pectin catabolic process	10.8670437228	0.783354695465	2	100
Td00001aa032831_T002	MF	0004857	enzyme inhibitor activity	8.06919644338	0.717159927003	2	97
Td00001aa032831_T002	CC	0016020	membrane	0.0148763965466	0.322409874744	2	2
Td00001aa032866_T001	CC	0009707	chloroplast outer membrane	10.4819451209	0.774797083869	1	25
Td00001aa032866_T001	MF	0015171	amino acid transmembrane transporter activity	6.39752194815	0.671959051806	1	25
Td00001aa032866_T001	BP	0003333	amino acid transmembrane transport	6.10282332315	0.66340052723	1	25
Td00001aa033015_T001	BP	0042744	hydrogen peroxide catabolic process	9.54182216982	0.753220477213	1	99
Td00001aa033015_T001	MF	0004601	peroxidase activity	7.99455178738	0.715247750104	1	100
Td00001aa033015_T001	CC	0005576	extracellular region	5.25474265914	0.637545233814	1	97
Td00001aa033015_T001	CC	0016020	membrane	0.0075536947939	0.317319621606	3	1
Td00001aa033015_T001	BP	0006979	response to oxidative stress	7.27250301906	0.696269242984	4	99
Td00001aa033015_T001	BP	0098869	cellular oxidant detoxification	6.99555854175	0.688741196434	5	100
Td00001aa033015_T001	MF	0020037	heme binding	5.40062483395	0.64213382966	5	99
Td00001aa033015_T001	MF	0046872	metal ion binding	2.4559468045	0.532249609354	8	99
Td00001aa033015_T001	MF	0003724	RNA helicase activity	0.159545046008	0.362697367068	15	2
Td00001aa033015_T001	MF	0003723	RNA binding	0.0629771345131	0.34113829642	21	2
Td00001aa033015_T001	MF	0005524	ATP binding	0.0568165601186	0.339310198058	22	2
Td00001aa033015_T001	MF	0016787	hydrolase activity	0.041954062686	0.334440867199	34	2
Td00001aa033052_T002	MF	0032422	purine-rich negative regulatory element binding	14.3612366006	0.847001556303	1	100
Td00001aa033052_T002	BP	0006357	regulation of transcription by RNA polymerase II	5.42684505403	0.642951964293	1	95
Td00001aa033052_T002	CC	0005634	nucleus	3.2779368778	0.567585667757	1	95
Td00001aa033052_T002	MF	0000977	RNA polymerase II transcription regulatory region sequence-specific DNA binding	7.28350987778	0.696565448966	2	100
Td00001aa033052_T002	MF	0000981	DNA-binding transcription factor activity, RNA polymerase II-specific	6.41561449673	0.672477999694	3	95
Td00001aa033052_T002	CC	0016020	membrane	0.00792357180383	0.317624897728	8	1
Td00001aa033081_T003	BP	0006355	regulation of DNA-templated transcription	3.43490522551	0.573806380946	1	100
Td00001aa033081_T003	MF	0140311	protein sequestering activity	2.90812362231	0.552312775628	1	17
Td00001aa033081_T003	CC	0005886	plasma membrane	0.441206635364	0.401146758067	1	17
Td00001aa033081_T003	BP	0062208	positive regulation of pattern recognition receptor signaling pathway	2.5829591737	0.538059447157	11	17
Td00001aa033159_T002	BP	0009806	lignan metabolic process	11.0984889295	0.788425010765	1	23
Td00001aa033159_T002	MF	0016491	oxidoreductase activity	2.98890985062	0.555728496265	1	31
Td00001aa033159_T002	BP	0009699	phenylpropanoid biosynthetic process	8.2510323272	0.721781340503	3	23
Td00001aa033159_T002	BP	0009987	cellular process	0.285315161132	0.382258435742	9	23
Td00001aa033160_T001	BP	0009806	lignan metabolic process	11.0984889295	0.788425010765	1	23
Td00001aa033160_T001	MF	0016491	oxidoreductase activity	2.98890985062	0.555728496265	1	31
Td00001aa033160_T001	BP	0009699	phenylpropanoid biosynthetic process	8.2510323272	0.721781340503	3	23
Td00001aa033160_T001	BP	0009987	cellular process	0.285315161132	0.382258435742	9	23
Td00001aa033192_T001	BP	0006950	response to stress	4.23850897262	0.60363252451	1	4
Td00001aa033192_T001	MF	0051082	unfolded protein binding	2.49582006071	0.534089350609	1	1
Td00001aa033192_T001	BP	0051259	protein complex oligomerization	2.81441223655	0.548290569932	7	1
Td00001aa033192_T001	BP	0009266	response to temperature stimulus	2.65490954671	0.541287328844	9	1
Td00001aa033192_T001	BP	1901700	response to oxygen-containing compound	2.44243873665	0.531622968389	10	1
Td00001aa033192_T001	BP	0006457	protein folding	2.1086419905	0.515547298848	13	1
Td00001aa033307_T001	BP	0009651	response to salt stress	6.38829101867	0.671693998695	1	5
Td00001aa033307_T001	MF	0051082	unfolded protein binding	4.5732373332	0.615212070016	1	5
Td00001aa033307_T001	CC	0005737	cytoplasm	0.342089579507	0.389625192307	1	2
Td00001aa033307_T001	BP	0042542	response to hydrogen peroxide	6.04575599571	0.661719488947	2	5
Td00001aa033307_T001	BP	0009408	response to heat	5.64522379587	0.649690549287	4	6
Td00001aa033307_T001	BP	0051259	protein complex oligomerization	5.15701244405	0.634435499512	7	5
Td00001aa033307_T001	BP	0006457	protein folding	3.86378826948	0.59011268829	11	5
Td00001aa033308_T001	BP	0009651	response to salt stress	5.52109936159	0.645876726469	1	2
Td00001aa033308_T001	MF	0051082	unfolded protein binding	3.9524338586	0.593368185185	1	2
Td00001aa033308_T001	BP	0009408	response to heat	5.51756245011	0.645767427114	2	3
Td00001aa033308_T001	BP	0042542	response to hydrogen peroxide	5.22506245734	0.636603902946	4	2
Td00001aa033308_T001	BP	0051259	protein complex oligomerization	4.45696322058	0.611239285994	8	2
Td00001aa033308_T001	BP	0006457	protein folding	3.33929041204	0.570034493288	12	2
Td00001aa033337_T001	CC	0015934	large ribosomal subunit	6.65358181413	0.679236689165	1	53
Td00001aa033337_T001	MF	0003735	structural constituent of ribosome	3.82833933167	0.58880038941	1	53
Td00001aa033337_T001	BP	0006412	translation	3.30236480674	0.568563391389	1	53
Td00001aa033337_T001	MF	0003723	RNA binding	3.38257928075	0.571748786328	3	53
Td00001aa033337_T001	BP	0042273	ribosomal large subunit biogenesis	0.983592451878	0.448703885387	9	6
Td00001aa033337_T001	CC	0022626	cytosolic ribosome	0.790921071041	0.433831795378	12	6
Td00001aa033446_T004	MF	0003995	acyl-CoA dehydrogenase activity	8.89936554176	0.737857799989	1	100
Td00001aa033446_T004	BP	0006635	fatty acid beta-oxidation	8.61316338015	0.73083573902	1	100
Td00001aa033446_T004	CC	0005777	peroxisome	7.99856973935	0.715350904976	1	95
Td00001aa033446_T004	MF	0050660	flavin adenine dinucleotide binding	6.14970365624	0.664775614521	4	100
Td00001aa033446_T004	MF	0003997	acyl-CoA oxidase activity	1.31840721309	0.471421420369	12	10
Td00001aa033446_T004	BP	0009793	embryo development ending in seed dormancy	1.10664965753	0.457446649704	20	8
Td00001aa033546_T001	MF	0016760	cellulose synthase (UDP-forming) activity	12.7806732715	0.823790980283	1	100
Td00001aa033546_T001	BP	0030244	cellulose biosynthetic process	11.4653073885	0.796353876508	1	100
Td00001aa033546_T001	CC	0005886	plasma membrane	2.54972469849	0.536553289404	1	100
Td00001aa033546_T001	BP	0071669	plant-type cell wall organization or biogenesis	11.2958292575	0.792706577895	2	98
Td00001aa033546_T001	CC	0012505	endomembrane system	0.096668200516	0.349844872779	4	2
Td00001aa033546_T001	MF	0046872	metal ion binding	2.47640114205	0.533195217311	8	100
Td00001aa033546_T001	BP	0071555	cell wall organization	6.56574529494	0.676756273543	9	100
Td00001aa033546_T001	BP	0000281	mitotic cytokinesis	1.57144040784	0.486718518223	21	14
Td00001aa033546_T001	BP	0042546	cell wall biogenesis	0.931538607948	0.444841591731	28	14
Td00001aa033616_T002	MF	0051213	dioxygenase activity	7.50165718205	0.70239050584	1	23
Td00001aa033616_T002	BP	0009805	coumarin biosynthetic process	1.00541414605	0.450292536408	1	3
Td00001aa033616_T002	MF	0046872	metal ion binding	2.28549661538	0.524211313061	3	19
Td00001aa033616_T002	BP	0002238	response to molecule of fungal origin	0.425480554216	0.399412319915	7	1
Td00001aa033616_T002	MF	0016705	oxidoreductase activity, acting on paired donors, with incorporation or reduction of molecular oxygen	0.380914057083	0.394314877682	9	2
Td00001aa033616_T002	BP	0009987	cellular process	0.114025570766	0.353730660504	16	10
Td00001aa033621_T001	BP	0009651	response to salt stress	2.49236340962	0.533930446188	1	7
Td00001aa033621_T001	MF	0051082	unfolded protein binding	1.78422826378	0.49865091094	1	7
Td00001aa033621_T001	CC	0005737	cytoplasm	1.53825168114	0.484786150838	1	33
Td00001aa033621_T001	BP	0042542	response to hydrogen peroxide	2.35872488951	0.527700204472	2	7
Td00001aa033621_T001	BP	0009408	response to heat	2.20799653559	0.520457454749	4	8
Td00001aa033621_T001	BP	0051259	protein complex oligomerization	2.01198553431	0.510658179005	7	7
Td00001aa033621_T001	BP	0006457	protein folding	1.5074398579	0.482973427133	11	7
Td00001aa033634_T001	MF	0004620	phospholipase activity	9.1543216367	0.744018710322	1	58
Td00001aa033634_T001	BP	0016042	lipid catabolic process	7.03980495515	0.689953798763	1	58
Td00001aa033634_T001	CC	0009507	chloroplast	5.90943928701	0.657671592151	1	57
Td00001aa033634_T001	BP	0009987	cellular process	0.410468505695	0.397726468945	6	58
Td00001aa033829_T001	CC	0005741	mitochondrial outer membrane	9.26969492213	0.746778441943	1	100
Td00001aa033829_T001	MF	0016887	ATP hydrolysis activity	4.60075255469	0.616144778637	1	100
Td00001aa033829_T001	BP	0048235	pollen sperm cell differentiation	3.80267417791	0.587846484703	1	20
Td00001aa033829_T001	MF	0005524	ATP binding	3.05185659978	0.558358066632	7	100
Td00001aa033955_T003	MF	0004029	aldehyde dehydrogenase (NAD+) activity	8.996356255	0.740211812444	1	86
Td00001aa033955_T003	BP	0006081	cellular aldehyde metabolic process	7.37905556827	0.699127336411	1	100
Td00001aa033955_T003	CC	0005737	cytoplasm	1.3084202559	0.470788761185	1	86
Td00001aa033955_T003	CC	0016020	membrane	0.486763409633	0.406003763187	3	50
Td00001aa034013_T001	CC	0005737	cytoplasm	1.52192939833	0.48382816189	1	99
Td00001aa034013_T001	CC	0016020	membrane	0.85650873206	0.439079343124	3	93
Td00001aa034166_T003	MF	0051903	S-(hydroxymethyl)glutathione dehydrogenase [NAD(P)+] activity	10.760472734	0.781001875989	1	90
Td00001aa034166_T003	BP	0046294	formaldehyde catabolic process	9.89427539726	0.761429026855	1	90
Td00001aa034166_T003	CC	0005829	cytosol	3.25387131066	0.566618878658	1	90
Td00001aa034166_T003	MF	0008270	zinc ion binding	5.07377473017	0.631763595631	4	100
Td00001aa034166_T003	MF	0004022	alcohol dehydrogenase (NAD+) activity	1.6711162569	0.492402453071	9	16
Td00001aa034417_T002	BP	0016101	diterpenoid metabolic process	11.4900822266	0.79688478561	1	10
Td00001aa034417_T002	MF	0016705	oxidoreductase activity, acting on paired donors, with incorporation or reduction of molecular oxygen	6.62828276725	0.678523956848	1	10
Td00001aa034417_T002	CC	0016020	membrane	0.824014217016	0.436505632269	1	8
Td00001aa034417_T002	MF	0004497	monooxygenase activity	6.56483450593	0.676730467142	2	10
Td00001aa034417_T002	MF	0005506	iron ion binding	6.34165403797	0.670351946185	3	10
Td00001aa034417_T002	MF	0020037	heme binding	5.44499599343	0.643517160618	4	10
Td00001aa034417_T002	BP	0005975	carbohydrate metabolic process	0.146151056395	0.36020953583	8	1
Td00001aa034417_T002	MF	0008061	chitin binding	0.362062381555	0.392069191783	18	1
Td00001aa034418_T002	MF	0004834	tryptophan synthase activity	10.633102292	0.77817451985	1	82
Td00001aa034418_T002	BP	0006568	tryptophan metabolic process	10.1658282289	0.767654169635	1	82
Td00001aa034418_T002	CC	0009507	chloroplast	4.7890344858	0.622453687037	1	66
Td00001aa034418_T002	BP	0000162	tryptophan biosynthetic process	8.61741263269	0.730940841815	3	82
Td00001aa034418_T002	CC	0005829	cytosol	2.8890346072	0.551498768605	3	66
Td00001aa034420_T001	BP	0016101	diterpenoid metabolic process	11.4879779805	0.796839715206	1	4
Td00001aa034420_T001	MF	0016705	oxidoreductase activity, acting on paired donors, with incorporation or reduction of molecular oxygen	6.62706889101	0.678489724995	1	4
Td00001aa034420_T001	CC	0016020	membrane	0.921276509662	0.444067533896	1	4
Td00001aa034420_T001	MF	0004497	monooxygenase activity	6.56363224934	0.676696399523	2	4
Td00001aa034420_T001	MF	0005506	iron ion binding	6.34049265373	0.670318462661	3	4
Td00001aa034420_T001	MF	0020037	heme binding	5.44399881943	0.643486134412	4	4
Td00001aa034421_T001	BP	0016101	diterpenoid metabolic process	11.4886050426	0.796853146548	1	4
Td00001aa034421_T001	MF	0036192	3-hydroxyindolin-2-one monooxygenase activity	6.65546254484	0.679289619519	1	1
Td00001aa034421_T001	CC	0016020	membrane	0.719763314379	0.427886033087	1	3
Td00001aa034421_T001	MF	0005506	iron ion binding	6.34083874443	0.670328441019	4	4
Td00001aa034421_T001	MF	0020037	heme binding	5.44429597573	0.64349538047	5	4
Td00001aa034421_T001	MF	0016709	oxidoreductase activity, acting on paired donors, with incorporation or reduction of molecular oxygen, NAD(P)H as one donor, and incorporation of one atom of oxygen	2.61847556135	0.53965834737	10	1
Td00001aa034501_T001	MF	0008171	O-methyltransferase activity	8.87639532761	0.737298425503	1	18
Td00001aa034501_T001	BP	0032259	methylation	5.07340000969	0.631751517869	1	18
Td00001aa034501_T001	MF	0046983	protein dimerization activity	6.94276781574	0.687289403369	2	18
Td00001aa034501_T001	BP	0009987	cellular process	0.410421490487	0.39772114115	3	18
Td00001aa034501_T001	BP	0009058	biosynthetic process	0.0947360522294	0.349391430707	4	1
Td00001aa034501_T001	MF	0008757	S-adenosylmethionine-dependent methyltransferase activity	0.407288296521	0.397365395089	9	1
Td00001aa034575_T002	MF	0071949	FAD binding	7.71832253898	0.708092740171	1	6
Td00001aa034575_T002	BP	0008202	steroid metabolic process	7.24839459535	0.695619676135	1	5
Td00001aa034575_T002	CC	0005737	cytoplasm	1.25984390887	0.467676499915	1	5
Td00001aa034575_T002	MF	0016628	oxidoreductase activity, acting on the CH-CH group of donors, NAD or NADP as acceptor	6.88900851433	0.685805290003	2	5
Td00001aa034575_T002	CC	0016020	membrane	0.921413100361	0.444077864998	2	6
Td00001aa034575_T002	BP	0009987	cellular process	0.336150260803	0.388884733738	5	5
Td00001aa034720_T001	MF	0015018	galactosylgalactosylxylosylprotein 3-beta-glucuronosyltransferase activity	14.2839327482	0.84653266937	1	100
Td00001aa034720_T001	BP	0010417	glucuronoxylan biosynthetic process	13.4999925178	0.838198718135	1	88
Td00001aa034720_T001	CC	0000139	Golgi membrane	7.85322271899	0.711602701777	1	100
Td00001aa034720_T001	BP	0009834	plant-type secondary cell wall biogenesis	12.026842497	0.808249800356	3	88
Td00001aa034720_T001	MF	0042285	xylosyltransferase activity	11.4303987441	0.795604831855	3	88
Td00001aa034720_T001	MF	0005509	calcium ion binding	0.0754095079836	0.344573069523	10	1
Td00001aa034720_T001	MF	0005525	GTP binding	0.0652255388212	0.341783050629	11	1
Td00001aa034720_T001	BP	0071555	cell wall organization	6.56569400179	0.676754820245	12	100
Td00001aa034720_T001	CC	0010008	endosome membrane	0.0917935055119	0.348691887303	13	1
Td00001aa034720_T001	CC	0005886	plasma membrane	0.0277726999055	0.328897787978	20	1
Td00001aa034720_T001	BP	0016197	endosomal transport	0.0971458766776	0.349956274745	29	1
Td00001aa034720_T001	BP	0006897	endocytosis	0.0824546530861	0.346394061318	30	1
Td00001aa034793_T001	MF	0005200	structural constituent of cytoskeleton	9.40138546872	0.749907576185	1	92
Td00001aa034793_T001	CC	0005874	microtubule	7.77515352879	0.709575132422	1	100
Td00001aa034793_T001	BP	0007017	microtubule-based process	7.16235298176	0.693292555781	1	100
Td00001aa034793_T001	BP	0007010	cytoskeleton organization	6.25167819808	0.667748731601	2	92
Td00001aa034793_T001	MF	0003924	GTPase activity	6.10284187184	0.66340107234	2	92
Td00001aa034793_T001	MF	0005525	GTP binding	5.9881175179	0.660013553294	3	100
Td00001aa034793_T001	BP	0000278	mitotic cell cycle	1.10274374136	0.457176852043	7	14
Td00001aa034793_T001	CC	0005737	cytoplasm	0.246635689985	0.376809847576	13	16
Td00001aa034793_T001	MF	0046872	metal ion binding	0.322698095462	0.387183070109	26	13
Td00001aa035198_T002	MF	0008017	microtubule binding	8.56973025124	0.72975995539	1	14
Td00001aa035198_T002	CC	0005874	microtubule	7.77456730255	0.709559868871	1	14
Td00001aa035198_T002	BP	0007010	cytoskeleton organization	6.79163679129	0.683102365395	1	14
Td00001aa035379_T002	MF	0016491	oxidoreductase activity	3.02801562806	0.557365341127	1	44
Td00001aa035379_T002	MF	0046872	metal ion binding	2.44458564522	0.531722679355	2	43
Td00001aa035427_T001	BP	0009809	lignin biosynthetic process	14.1307542311	0.845599801156	1	12
Td00001aa035427_T001	MF	0008171	O-methyltransferase activity	8.87601349171	0.73728912086	1	12
Td00001aa035427_T001	MF	0008757	S-adenosylmethionine-dependent methyltransferase activity	2.35976847469	0.527749530694	4	5
Td00001aa035427_T001	BP	0032259	methylation	5.07318176724	0.631744483406	7	12
Td00001aa035427_T001	MF	0046872	metal ion binding	0.238194230287	0.375565072391	8	1
Td00001aa035427_T001	BP	0009987	cellular process	0.410403835386	0.397719140383	10	12
Td00001aa035427_T003	BP	0009809	lignin biosynthetic process	8.9653457053	0.739460557225	1	11
Td00001aa035427_T003	MF	0008171	O-methyltransferase activity	8.87668544625	0.737305495031	1	18
Td00001aa035427_T003	CC	0005829	cytosol	0.189447306061	0.367899091224	1	1
Td00001aa035427_T003	CC	0005886	plasma membrane	0.133582899013	0.357769139839	2	1
Td00001aa035427_T003	MF	0008757	S-adenosylmethionine-dependent methyltransferase activity	4.15007880363	0.60049769678	4	12
Td00001aa035427_T003	BP	0032259	methylation	5.07356583015	0.631756862548	6	18
Td00001aa035427_T003	MF	0046872	metal ion binding	0.280585800645	0.381612948575	8	2
Td00001aa035427_T003	BP	0009805	coumarin biosynthetic process	0.748760696322	0.430342953288	9	1
Td00001aa035427_T003	BP	0009987	cellular process	0.41043490482	0.397722661302	12	18
Td00001aa035459_T004	MF	0016788	hydrolase activity, acting on ester bonds	4.23562821792	0.603530920662	1	100
Td00001aa035459_T004	CC	0016020	membrane	0.00825373673653	0.317891431377	1	1
Td00001aa035827_T001	BP	0006334	nucleosome assembly	10.7585602787	0.78095954762	1	3
Td00001aa035827_T001	CC	0000786	nucleosome	9.55501924994	0.753530539343	1	3
Td00001aa035827_T001	MF	0003677	DNA binding	3.20264380855	0.564548932115	1	3
Td00001aa035827_T001	MF	0031491	nucleosome binding	2.26788300236	0.523363824292	3	1
Td00001aa035827_T001	CC	0005634	nucleus	3.46999188893	0.575177314749	5	3
Td00001aa035827_T001	BP	0006355	regulation of DNA-templated transcription	3.43096433793	0.573651962951	12	3
Td00001aa035827_T001	CC	0070013	intracellular organelle lumen	1.1193418487	0.45832007997	15	1
Td00001aa035827_T001	BP	0045910	negative regulation of DNA recombination	2.38547252158	0.528961036721	24	1
Td00001aa035827_T001	BP	0030261	chromosome condensation	1.97135736393	0.508568109713	29	1
Td00001aa035827_T001	BP	0048523	negative regulation of cellular process	1.07338981955	0.45513377447	35	1
Td00001aa035935_T002	MF	0004617	phosphoglycerate dehydrogenase activity	12.0194312647	0.80809462664	1	100
Td00001aa035935_T002	BP	0006564	L-serine biosynthetic process	10.2667850895	0.769947289851	1	100
Td00001aa035935_T002	CC	0009570	chloroplast stroma	7.9204869944	0.713341583937	1	76
Td00001aa035935_T002	MF	0051287	NAD binding	6.76084674948	0.68224364311	2	100
Td00001aa036043_T002	CC	0010008	endosome membrane	8.427244999	0.726211498543	1	100
Td00001aa036043_T002	BP	0072657	protein localization to membrane	5.70649876421	0.651557811943	1	78
Td00001aa036043_T002	CC	0000139	Golgi membrane	7.85325649667	0.711603576845	2	100
Td00001aa036100_T001	BP	0160062	cutin-based cuticle development	6.85164036777	0.684770267108	1	23
Td00001aa036100_T001	MF	0016746	acyltransferase activity	5.02192280233	0.630088074948	1	54
Td00001aa036100_T001	CC	0005737	cytoplasm	0.809240717779	0.435318736874	1	27
Td00001aa036100_T001	BP	0010090	trichome morphogenesis	6.73096856192	0.681408480698	3	23
Td00001aa036100_T001	BP	0009059	macromolecule biosynthetic process	0.992121327356	0.449326877272	14	23
Td00001aa036158_T003	MF	0047372	monoacylglycerol lipase activity	9.35455363524	0.748797318697	1	78
Td00001aa036158_T003	BP	0016042	lipid catabolic process	7.03989302605	0.689956208599	1	100
Td00001aa036158_T003	MF	0004620	phospholipase activity	7.13533672436	0.692558981555	2	78
Td00001aa036158_T003	BP	0006952	defense response	6.93908824734	0.687188006455	2	100
Td00001aa036158_T003	BP	0009987	cellular process	0.410473640828	0.397727050843	9	100
Td00001aa036222_T002	MF	0016616	oxidoreductase activity, acting on the CH-OH group of donors, NAD or NADP as acceptor	6.1097074483	0.663602781434	1	59
Td00001aa036222_T002	BP	0009699	phenylpropanoid biosynthetic process	1.43061515387	0.478371288686	1	8
Td00001aa036222_T002	MF	0008270	zinc ion binding	5.07370649186	0.631761396249	3	59
Td00001aa036222_T002	BP	0009987	cellular process	0.0494697120261	0.336995075746	7	8
Td00001aa036466_T004	MF	0008889	glycerophosphodiester phosphodiesterase activity	11.61289006	0.799508069508	1	91
Td00001aa036466_T004	BP	0006071	glycerol metabolic process	9.13617626179	0.743583093288	1	100
Td00001aa036466_T004	CC	0016020	membrane	0.149167836651	0.360779510223	1	15
Td00001aa036466_T004	BP	0006629	lipid metabolic process	4.27552060807	0.604934861402	6	100
Td00001aa036466_T004	MF	0004672	protein kinase activity	0.378263240602	0.394002514142	7	7
Td00001aa036466_T004	BP	0009987	cellular process	0.410475883749	0.397727305003	11	100
Td00001aa036466_T004	MF	0005524	ATP binding	0.219683749942	0.372755868868	12	7
Td00001aa036507_T001	BP	0009408	response to heat	8.423055894	0.7261067208	1	29
Td00001aa036572_T002	MF	0004842	ubiquitin-protein transferase activity	7.79920203963	0.710200787385	1	2
Td00001aa036836_T001	MF	0004739	pyruvate dehydrogenase (acetyl-transferring) activity	10.8929431773	0.783924745526	1	98
Td00001aa036836_T001	BP	0006086	acetyl-CoA biosynthetic process from pyruvate	10.1575525065	0.767465692114	1	98
Td00001aa036836_T001	CC	0043231	intracellular membrane-bounded organelle	1.83400819543	0.50133791126	1	78
Td00001aa037189_T002	MF	0005545	1-phosphatidylinositol binding	12.8922419211	0.826051754684	1	100
Td00001aa037189_T002	BP	0048268	clathrin coat assembly	12.1804957666	0.811456232787	1	100
Td00001aa037189_T002	CC	0005905	clathrin-coated pit	10.7187987723	0.780078652516	1	100
Td00001aa037189_T002	MF	0032050	clathrin heavy chain binding	12.2163409121	0.812201334091	2	92
Td00001aa037189_T002	BP	0006900	vesicle budding from membrane	9.88842128901	0.761293891301	2	92
Td00001aa037189_T002	CC	0030136	clathrin-coated vesicle	9.76652900871	0.758471001444	2	100
Td00001aa037189_T002	BP	0072583	clathrin-dependent endocytosis	8.52596656659	0.728673223402	3	99
Td00001aa037189_T002	MF	0005546	phosphatidylinositol-4,5-bisphosphate binding	10.6508665141	0.778569860566	4	92
Td00001aa037189_T002	CC	0005794	Golgi apparatus	6.30446813642	0.669278323408	6	97
Td00001aa037189_T002	MF	0000149	SNARE binding	9.32972716614	0.748207622294	7	92
Td00001aa037189_T002	CC	0031417	NatC complex	0.121821053926	0.355378971505	16	1
Td00001aa037279_T002	CC	0009501	amyloplast	14.3731489141	0.847073698185	1	100
Td00001aa037279_T002	BP	0019252	starch biosynthetic process	13.1176443197	0.830589551045	1	100
Td00001aa037279_T002	MF	0004373	alpha-1,4-glucan glucosyltransferase (UDP-glucose donor) activity	12.0984011751	0.809745617652	1	100
Td00001aa037279_T002	CC	0009507	chloroplast	5.87132990816	0.656531612148	2	98
Td00001aa037279_T002	MF	0009011	alpha-1,4-glucan glucosyltransferase (ADP-glucose donor) activity	6.31066025609	0.669457320154	7	48
Td00001aa037279_T002	BP	0010021	amylopectin biosynthetic process	4.54419931216	0.614224693468	8	22
Td00001aa037279_T002	CC	0016020	membrane	0.0270991535375	0.328602563419	10	3
Td00001aa037279_T002	BP	0009960	endosperm development	3.39666333453	0.572304164669	11	19
Td00001aa037301_T003	MF	0016788	hydrolase activity, acting on ester bonds	4.23560663759	0.603530159396	1	73
Td00001aa037305_T002	MF	0016788	hydrolase activity, acting on ester bonds	4.23562286404	0.603530731799	1	100
Td00001aa037305_T002	BP	0006629	lipid metabolic process	0.685479217775	0.424916412222	1	20
Td00001aa037305_T002	CC	0016020	membrane	0.0305983916805	0.33009895895	1	3
Td00001aa037305_T002	BP	0009987	cellular process	0.0658101582241	0.341948868416	4	20
Td00001aa037347_T001	BP	0006334	nucleosome assembly	10.7708022959	0.781230435162	1	100
Td00001aa037347_T001	MF	0042393	histone binding	9.07468135812	0.742103555153	1	98
Td00001aa037347_T001	CC	0005634	nucleus	3.47394034476	0.575331157198	1	100
Td00001aa037347_T001	MF	0003682	chromatin binding	1.19314335147	0.463303559244	3	13
Td00001aa037347_T001	BP	0000724	double-strand break repair via homologous recombination	8.93394491574	0.738698523058	5	98
Td00001aa037347_T001	CC	0000785	chromatin	1.02512877753	0.451713030109	6	13
Td00001aa037347_T001	CC	0005737	cytoplasm	0.362535299012	0.392126232965	11	23
Td00001aa037347_T001	CC	0016020	membrane	0.0181157832248	0.324243177386	13	2
Td00001aa037347_T001	BP	0016444	somatic cell DNA recombination	0.104621242938	0.351665240867	30	1
Td00001aa037462_T002	BP	0006334	nucleosome assembly	10.7654732187	0.781112533934	1	6
Td00001aa037462_T002	CC	0000786	nucleosome	9.56115885161	0.753674714783	1	6
Td00001aa037462_T002	MF	0030527	structural constituent of chromatin	8.08986549222	0.717687842154	1	5
Td00001aa037462_T002	MF	0031492	nucleosomal DNA binding	7.89569104919	0.712701434088	2	4
Td00001aa037462_T002	CC	0005634	nucleus	3.47222154095	0.575264198734	5	6
Td00001aa037462_T002	BP	0045910	negative regulation of DNA recombination	7.11902958966	0.692115520598	6	4
Td00001aa037462_T002	MF	0003690	double-stranded DNA binding	3.56810282056	0.578974414574	7	4
Td00001aa037462_T002	BP	0030261	chromosome condensation	5.88317462418	0.656886322745	10	4
Td00001aa037462_T002	BP	0048523	negative regulation of cellular process	3.20334601111	0.564577417422	22	4
Td00001aa037706_T001	MF	0050017	L-3-cyanoalanine synthase activity	18.079746988	0.868230631799	1	99
Td00001aa037706_T001	BP	0006535	cysteine biosynthetic process from serine	9.90288353334	0.761627663475	1	100
Td00001aa037706_T001	CC	0005739	mitochondrion	4.46269784456	0.611436429471	1	99
Td00001aa037706_T001	MF	0004124	cysteine synthase activity	11.0861853087	0.788156811217	2	100
Td00001aa037706_T001	MF	0004177	aminopeptidase activity	0.0718348168108	0.343616530115	8	1
Td00001aa037706_T001	CC	0009507	chloroplast	0.052819843538	0.338070688847	8	1
Td00001aa037706_T001	MF	0008237	metallopeptidase activity	0.0555205321079	0.338913178736	10	1
Td00001aa037706_T001	MF	0008270	zinc ion binding	0.0447101093728	0.335402199014	11	1
Td00001aa037706_T001	BP	0006508	proteolysis	0.0381016320575	0.333042516344	30	1
Td00001aa037912_T002	MF	0043531	ADP binding	9.38752521735	0.749579275375	1	13
Td00001aa037912_T002	BP	0006952	defense response	6.93854578731	0.687173055751	1	13
Td00001aa037912_T002	BP	0051707	response to other organism	6.63219892081	0.678634372765	2	13
Td00001aa037912_T002	MF	0005524	ATP binding	0.722544446209	0.428123796171	16	3
Td00001aa038053_T001	CC	0009501	amyloplast	13.9393379271	0.844426925894	1	97
Td00001aa038053_T001	BP	0019252	starch biosynthetic process	13.1175085939	0.830586830397	1	100
Td00001aa038053_T001	MF	0004373	alpha-1,4-glucan glucosyltransferase (UDP-glucose donor) activity	11.7332467203	0.80206556971	1	97
Td00001aa038053_T001	CC	0009507	chloroplast	5.75443718118	0.653011684082	2	96
Td00001aa038053_T001	CC	0043036	starch grain	0.15715886913	0.362262025018	11	1
Td00001aa038271_T001	CC	0010008	endosome membrane	8.42724533123	0.726211506851	1	100
Td00001aa038271_T001	BP	0072657	protein localization to membrane	6.32683476433	0.669924465787	1	86
Td00001aa038271_T001	CC	0000139	Golgi membrane	7.85325680626	0.711603584866	2	100
Td00001aa038427_T005	MF	0046592	polyamine oxidase activity	13.2190401432	0.832618130112	1	21
Td00001aa038427_T005	BP	0046208	spermine catabolic process	11.8629607343	0.804807264173	1	16
Td00001aa038427_T005	CC	0048046	apoplast	1.63723896162	0.490490135684	1	3
Td00001aa038427_T005	CC	0009505	plant-type cell wall	0.685110151049	0.424884045193	3	1
Td00001aa038427_T005	MF	0050660	flavin adenine dinucleotide binding	4.74315645653	0.620928014729	5	18
Td00001aa038427_T005	BP	1903602	thermospermine catabolic process	5.43959469789	0.643349069982	9	8
Td00001aa038427_T005	BP	0046203	spermidine catabolic process	0.920620810181	0.44401792909	12	1
Td00001aa038427_T005	BP	0009987	cellular process	0.397058896944	0.396194309149	15	23
Td00001aa038583_T001	MF	0000062	fatty-acyl-CoA binding	11.4610039041	0.796261597106	1	51
Td00001aa038583_T001	BP	0006631	fatty acid metabolic process	5.94794913293	0.65881982363	1	50
Td00001aa038583_T001	CC	0005576	extracellular region	0.0762465719522	0.344793759194	1	1
Td00001aa038583_T001	CC	0005737	cytoplasm	0.0436712138937	0.335043400425	2	3
Td00001aa038583_T001	CC	0016020	membrane	0.0295361009752	0.329654173966	3	2
Td00001aa038583_T001	BP	0072330	monocarboxylic acid biosynthetic process	0.0917667647686	0.348685479107	14	1
Td00001aa038583_T001	BP	0008610	lipid biosynthetic process	0.0696347382346	0.343015949311	15	1
Td00001aa038686_T001	BP	0009739	response to gibberellin	9.6704450848	0.756233365922	1	4
Td00001aa038686_T001	MF	0008270	zinc ion binding	5.07203009209	0.631707359723	1	5
Td00001aa038686_T001	CC	0005634	nucleus	0.159461985858	0.362682268206	1	1
Td00001aa038686_T001	BP	0009723	response to ethylene	8.54194171771	0.729070238014	2	4
Td00001aa038686_T001	MF	0003677	DNA binding	3.20519422239	0.564652376405	3	5
Td00001aa038884_T003	MF	0008865	fructokinase activity	10.1767101653	0.767901886313	1	80
Td00001aa038884_T003	BP	0006000	fructose metabolic process	9.2210907789	0.745617935375	1	80
Td00001aa038884_T003	CC	0005829	cytosol	2.88301939565	0.551241706896	1	80
Td00001aa038884_T003	BP	0046835	carbohydrate phosphorylation	7.04126756279	0.689993817336	2	80
Td00001aa038884_T003	MF	0004340	glucokinase activity	0.134429900273	0.357937120176	9	1
Td00001aa038884_T003	MF	0005524	ATP binding	0.0994126323161	0.350481224357	10	3
Td00001aa038884_T003	BP	0019252	starch biosynthetic process	0.427301199726	0.399614742195	12	3
Td00001aa039086_T001	CC	0000786	nucleosome	9.56566324676	0.753780461452	1	100
Td00001aa039086_T001	MF	0046982	protein heterodimerization activity	9.28156821748	0.747061474353	1	100
Td00001aa039086_T001	BP	0031507	heterochromatin formation	1.43679810419	0.478746177501	1	13
Td00001aa039086_T001	MF	0030527	structural constituent of chromatin	9.2760161849	0.746929149047	2	100
Td00001aa039086_T001	CC	0005634	nucleus	3.47385735289	0.575327924511	5	100
Td00001aa039086_T001	MF	0003677	DNA binding	3.206211455	0.56469362368	6	100
Td00001aa039086_T001	MF	0004176	ATP-dependent peptidase activity	0.0898331723823	0.34821960899	10	1
Td00001aa039086_T001	MF	0004222	metalloendopeptidase activity	0.0725404805506	0.343807209733	11	1
Td00001aa039086_T001	CC	1990904	ribonucleoprotein complex	0.0442612338962	0.335247690006	14	1
Td00001aa039086_T001	MF	0003729	mRNA binding	0.0445493589048	0.33534695606	15	1
Td00001aa039086_T001	CC	0005840	ribosome	0.0331704154854	0.331144908706	15	1
Td00001aa039086_T001	MF	0003735	structural constituent of ribosome	0.0378500687829	0.332948796685	17	1
Td00001aa039086_T001	CC	0016020	membrane	0.00911064333353	0.318559294997	17	1
Td00001aa039086_T001	MF	0005524	ATP binding	0.0301714562595	0.329921142305	20	1
Td00001aa039086_T001	BP	0006508	proteolysis	0.0427467961151	0.334720533179	24	1
Td00001aa039086_T001	BP	0006412	translation	0.0326498578763	0.330936582468	25	1
Td00001aa039218_T001	CC	0005794	Golgi apparatus	6.46148646473	0.673790473455	1	1
Td00001aa039232_T002	BP	0098755	maintenance of seed dormancy by absisic acid	21.6189898554	0.88648417126	1	10
Td00001aa039232_T002	BP	0009845	seed germination	16.4143594536	0.859022706066	5	10
Td00001aa039232_T002	BP	0010029	regulation of seed germination	15.8141805782	0.85559051455	9	10
Td00001aa039232_T002	BP	0009793	embryo development ending in seed dormancy	13.4614445639	0.837436496027	11	10
Td00001aa039340_T001	MF	0140315	iron ion sequestering activity	10.0483104936	0.764970498804	1	1
Td00001aa039340_T001	BP	0098869	cellular oxidant detoxification	3.53765761805	0.577801770532	1	1
Td00001aa039340_T001	CC	0016020	membrane	0.452615616822	0.402385787882	1	1
Td00001aa039340_T001	MF	0016151	nickel cation binding	4.87134554717	0.625172733668	4	1
Td00001aa039340_T001	MF	0005507	copper ion binding	4.14727685084	0.600397825047	5	1
Td00001aa039340_T001	MF	0016209	antioxidant activity	3.71520204534	0.584570958354	6	1
Td00001aa039340_T001	MF	0005506	iron ion binding	3.20729973539	0.564737744593	7	1
Td00001aa039340_T001	MF	0008270	zinc ion binding	2.56580248122	0.537283138563	8	1
Td00001aa039430_T005	CC	0009536	plastid	2.97361007042	0.555085183386	1	1
Td00001aa039430_T005	MF	0016787	hydrolase activity	1.10547724826	0.457365716663	1	1
Td00001aa039430_T005	CC	0005886	plasma membrane	1.29541894231	0.469961518139	2	1
Td00001aa039642_T001	CC	0005856	cytoskeleton	5.80799513884	0.654628841098	1	100
Td00001aa039642_T001	MF	0005524	ATP binding	3.05184041943	0.558357394208	1	100
Td00001aa039642_T001	MF	0016787	hydrolase activity	0.201635702752	0.369900410938	17	9
Td00001aa039885_T001	MF	0004674	protein serine/threonine kinase activity	6.6134618661	0.678105786058	1	2
Td00001aa039885_T001	MF	0005524	ATP binding	3.05011535766	0.558285693781	7	2
Td00001aa039924_T003	BP	0042744	hydrogen peroxide catabolic process	9.45777878541	0.751240847453	1	98
Td00001aa039924_T003	MF	0004601	peroxidase activity	7.99453680902	0.715247365509	1	100
Td00001aa039924_T003	CC	0005576	extracellular region	4.95950666174	0.628059671774	1	91
Td00001aa039924_T003	CC	0016020	membrane	0.00773743852783	0.317472185638	3	1
Td00001aa039924_T003	BP	0006979	response to oxidative stress	7.20844756341	0.694540978243	4	98
Td00001aa039924_T003	BP	0098869	cellular oxidant detoxification	6.99554543507	0.688740836669	5	100
Td00001aa039924_T003	MF	0020037	heme binding	5.35305668807	0.640644501781	5	98
Td00001aa039924_T003	MF	0046872	metal ion binding	2.43431507864	0.531245276215	8	98
Td00001aa039924_T003	MF	0004190	aspartic-type endopeptidase activity	0.0707840299167	0.343330849513	15	1
Td00001aa039924_T003	BP	0006629	lipid metabolic process	0.0385082440453	0.333193347461	18	1
Td00001aa039925_T001	BP	0042744	hydrogen peroxide catabolic process	9.28850200572	0.747226676401	1	96
Td00001aa039925_T001	MF	0004601	peroxidase activity	7.99453627356	0.71524735176	1	100
Td00001aa039925_T001	CC	0005576	extracellular region	5.00248440277	0.629457723177	1	92
Td00001aa039925_T001	BP	0006979	response to oxidative stress	7.07942965997	0.691036509663	4	96
Td00001aa039925_T001	BP	0098869	cellular oxidant detoxification	6.99554496653	0.688740823808	5	100
Td00001aa039925_T001	MF	0020037	heme binding	5.25724685595	0.637624534623	5	96
Td00001aa039925_T001	MF	0046872	metal ion binding	2.39074533286	0.529208751461	8	96
Td00001aa039925_T001	MF	0004190	aspartic-type endopeptidase activity	0.0717462698668	0.343592537555	15	1
Td00001aa039925_T001	BP	0006629	lipid metabolic process	0.0390317261198	0.333386363364	18	1
Td00001aa039970_T008	MF	0004672	protein kinase activity	5.11910296936	0.633221312348	1	97
Td00001aa039970_T008	CC	0016020	membrane	0.897739702798	0.442275732103	1	97
Td00001aa039970_T008	MF	0005524	ATP binding	2.97301882905	0.555060290169	7	97
Td00001aa040072_T001	MF	0004190	aspartic-type endopeptidase activity	7.85866599965	0.711743694973	1	37
Td00001aa040072_T001	BP	0006508	proteolysis	4.32362931924	0.606619277097	1	37
Td00001aa040072_T001	BP	0009987	cellular process	0.410455334839	0.397724976445	6	37
Td00001aa040535_T001	MF	0004672	protein kinase activity	4.6117785183	0.616517752818	1	56
Td00001aa040535_T001	BP	0006952	defense response	0.855083803098	0.438967516638	1	8
Td00001aa040535_T001	CC	0016020	membrane	0.808769954653	0.435280738644	1	56
Td00001aa040535_T001	BP	0051707	response to other organism	0.817330612198	0.435970004153	2	8
Td00001aa040535_T001	CC	0071944	cell periphery	0.0351318657764	0.331915556791	3	1
Td00001aa040535_T001	MF	0005524	ATP binding	2.67838026553	0.542330802451	6	56
Td00001aa040535_T001	BP	0035790	platelet-derived growth factor receptor-alpha signaling pathway	0.296324097924	0.383740576981	11	1
Td00001aa040535_T001	BP	0071485	cellular response to absence of light	0.291468783004	0.383090356619	12	1
Td00001aa040535_T001	BP	0035791	platelet-derived growth factor receptor-beta signaling pathway	0.290178014106	0.382916588257	13	1
Td00001aa040535_T001	BP	0038145	macrophage colony-stimulating factor signaling pathway	0.289786932898	0.38286386312	14	1
Td00001aa040535_T001	BP	0031547	brain-derived neurotrophic factor receptor signaling pathway	0.28888207781	0.382741735	15	1
Td00001aa040535_T001	BP	0048012	hepatocyte growth factor receptor signaling pathway	0.277038553898	0.381125224327	18	1
Td00001aa040535_T001	BP	0038109	Kit signaling pathway	0.274228393547	0.380736624006	19	1
Td00001aa040535_T001	BP	0071495	cellular response to endogenous stimulus	0.265167441419	0.379469885476	22	2
Td00001aa040535_T001	BP	0009789	positive regulation of abscisic acid-activated signaling pathway	0.264407479925	0.379362664536	23	1
Td00001aa040535_T001	BP	0048009	insulin-like growth factor receptor signaling pathway	0.251818562105	0.377563576756	26	1
Td00001aa040535_T001	BP	0038063	collagen-activated tyrosine kinase receptor signaling pathway	0.251042301461	0.377451184756	27	1
Td00001aa040535_T001	BP	0007173	epidermal growth factor receptor signaling pathway	0.234600282468	0.37502842341	31	1
Td00001aa040535_T001	BP	0006338	chromatin remodeling	0.226364617915	0.373782952268	32	2
Td00001aa040535_T001	BP	0090333	regulation of stomatal closure	0.225122868358	0.373593210395	33	1
Td00001aa040535_T001	BP	0071244	cellular response to carbon dioxide	0.216927696486	0.372327622331	37	1
Td00001aa040535_T001	BP	0071774	response to fibroblast growth factor	0.210467917886	0.37131308829	43	1
Td00001aa040535_T001	BP	0048013	ephrin receptor signaling pathway	0.203882238809	0.370262621943	47	1
Td00001aa040535_T001	BP	0097306	cellular response to alcohol	0.176898344418	0.365770081638	50	1
Td00001aa040535_T001	BP	0009737	response to abscisic acid	0.173547008224	0.365188829682	54	1
Td00001aa040535_T001	MF	0140993	histone modifying activity	0.280564586459	0.38161004095	61	2
Td00001aa040535_T001	MF	0038064	collagen receptor activity	0.272126244983	0.380444626925	63	1
Td00001aa040535_T001	MF	0005030	neurotrophin receptor activity	0.26016619529	0.378761422495	64	1
Td00001aa040535_T001	BP	0071396	cellular response to lipid	0.147827438183	0.360526980863	64	1
Td00001aa040535_T001	MF	0005515	protein binding	0.0662018501541	0.34205955373	76	1
Td00001aa040574_T002	MF	0005484	SNAP receptor activity	10.0575659577	0.765182426798	1	21
Td00001aa040574_T002	BP	0061025	membrane fusion	7.58250559069	0.704527798769	1	21
Td00001aa040574_T002	CC	0031201	SNARE complex	6.69875947937	0.680506085706	1	16
Td00001aa040574_T002	BP	0048278	vesicle docking	6.9234851959	0.686757738208	2	16
Td00001aa040574_T002	CC	0012505	endomembrane system	3.09308866404	0.560065839586	2	16
Td00001aa040574_T002	MF	0000149	SNARE binding	6.44998629236	0.673461873031	3	16
Td00001aa040574_T002	CC	0005886	plasma membrane	1.61575868373	0.489267345322	5	16
Td00001aa040574_T002	BP	0006886	intracellular protein transport	6.30357579195	0.669252520996	8	21
Td00001aa040574_T002	BP	0048284	organelle fusion	6.21353552856	0.666639522697	9	16
Td00001aa040574_T002	BP	0006887	exocytosis	5.84793870374	0.65583006936	11	16
Td00001aa040574_T002	BP	0016050	vesicle organization	5.75700146091	0.653089282384	12	16
Td00001aa041092_T001	MF	0046872	metal ion binding	2.46121937789	0.532493736948	1	2
Td00001aa041145_T001	MF	0003924	GTPase activity	6.62799249894	0.678515771437	1	8
Td00001aa041145_T001	BP	0015031	protein transport	5.4462967856	0.643557629371	1	8
Td00001aa041145_T001	CC	0012505	endomembrane system	4.87916965254	0.625429993844	1	8
Td00001aa041145_T001	MF	0005525	GTP binding	5.98590227679	0.659947824958	2	8
Td00001aa041145_T001	CC	0030139	endocytic vesicle	1.20009948248	0.463765223708	2	1
Td00001aa041145_T001	BP	0046907	intracellular transport	0.730179733716	0.428774205753	12	1
Td00001aa041542_T001	BP	0006890	retrograde vesicle-mediated transport, Golgi to endoplasmic reticulum	10.6112466152	0.777687670915	1	50
Td00001aa041542_T001	CC	0005794	Golgi apparatus	5.21152671592	0.636173718736	1	40
Td00001aa041542_T001	CC	0016020	membrane	0.9215156273	0.444085619169	8	50
Td00001aa041578_T002	MF	0140662	ATP-dependent protein folding chaperone	8.53761209859	0.728962674977	1	84
Td00001aa041578_T002	BP	0006457	protein folding	6.5492173672	0.676287690487	1	84
Td00001aa041578_T002	CC	0048471	perinuclear region of cytoplasm	1.34881142796	0.473332871316	1	11
Td00001aa041578_T002	MF	0051082	unfolded protein binding	7.75175120322	0.708965359248	3	84
Td00001aa041578_T002	MF	0016887	ATP hydrolysis activity	4.60074232792	0.61614443249	4	84
Td00001aa041578_T002	CC	0005829	cytosol	0.495482860016	0.406907069017	4	11
Td00001aa041578_T002	CC	0032991	protein-containing complex	0.370308949983	0.393058578558	5	11
Td00001aa041578_T002	CC	0005886	plasma membrane	0.349374389261	0.390524671417	6	11
Td00001aa041578_T002	BP	0050821	protein stabilization	1.45513848441	0.479853483757	8	11
Td00001aa041578_T002	BP	0034605	cellular response to heat	1.33694104624	0.472589194279	10	11
Td00001aa041578_T002	MF	0005524	ATP binding	3.05184981597	0.55835778471	11	84
Td00001aa041578_T002	BP	0042742	defense response to bacterium	0.247496105415	0.376935519589	23	2
Td00001aa041578_T002	BP	0045087	innate immune response	0.11817551079	0.35461491782	33	1
Td00001aa041768_T003	MF	0004252	serine-type endopeptidase activity	6.98434593832	0.688433299039	1	14
Td00001aa041768_T003	BP	0006508	proteolysis	4.32361284521	0.606618701905	1	14
Td00001aa041768_T003	BP	0009987	cellular process	0.410453770909	0.397724799222	6	14
Td00001aa042095_T001	MF	0016762	xyloglucan:xyloglucosyl transferase activity	13.6436362692	0.841029496866	1	100
Td00001aa042095_T001	BP	0010411	xyloglucan metabolic process	11.7496112101	0.802412289508	1	100
Td00001aa042095_T001	CC	0048046	apoplast	11.0177806864	0.786662976714	1	100
Td00001aa042095_T001	CC	0016020	membrane	0.0358974881102	0.332210510314	3	4
Td00001aa042095_T001	MF	0004553	hydrolase activity, hydrolyzing O-glycosyl compounds	6.28422431338	0.668692517187	4	100
Td00001aa042095_T001	CC	0005737	cytoplasm	0.0144258686954	0.322139643538	5	1
Td00001aa042095_T001	BP	0042546	cell wall biogenesis	6.64959947615	0.67912458752	6	100
Td00001aa042095_T001	BP	0071555	cell wall organization	6.56565973465	0.676753849344	7	100
Td00001aa042095_T001	MF	0030247	polysaccharide binding	0.203505111998	0.370201957348	10	2
Td00001aa042095_T001	BP	0009835	fruit ripening	0.955228046725	0.446612336033	17	7
Td00001aa042603_T001	MF	0008061	chitin binding	10.0743830214	0.76556724793	1	1
Td00001aa042790_T001	MF	0004478	methionine adenosyltransferase activity	11.3499044031	0.793873270455	1	100
Td00001aa042790_T001	BP	0006556	S-adenosylmethionine biosynthetic process	10.8806862541	0.78365505376	1	100
Td00001aa042790_T001	CC	0005737	cytoplasm	1.53840271421	0.48479499149	1	100
Td00001aa042790_T001	BP	0006730	one-carbon metabolic process	8.03509931054	0.716287560755	3	100
Td00001aa042790_T001	MF	0005524	ATP binding	3.05184168338	0.558357446735	3	100
Td00001aa042790_T001	CC	0016020	membrane	0.0272154015328	0.328653776302	4	3
Td00001aa042790_T001	MF	0046872	metal ion binding	2.47638260307	0.533194362022	14	100
Td00001aa043199_T001	MF	0071949	FAD binding	7.71443114359	0.707991036818	1	2
Td00001aa043199_T001	BP	0009820	alkaloid metabolic process	4.32716092805	0.606742558148	1	1
Td00001aa043199_T001	MF	0016491	oxidoreductase activity	3.02617349874	0.557288473452	3	2
Td00001aa043199_T001	BP	0009987	cellular process	0.133205655758	0.357694152211	3	1
Td00001aa043582_T001	BP	0009699	phenylpropanoid biosynthetic process	11.8641878414	0.804833129104	1	6
Td00001aa043582_T001	CC	0048046	apoplast	11.0119532107	0.786535500996	1	6
Td00001aa043582_T001	CC	0016020	membrane	0.151955666634	0.361301125412	3	1
Td00001aa043582_T001	BP	0009987	cellular process	0.410255654253	0.397702346039	7	6
Td00001aa043587_T002	BP	0019722	calcium-mediated signaling	10.6204534395	0.777892819772	1	100
Td00001aa043587_T002	MF	0019900	kinase binding	9.42823803364	0.750542931527	1	100
Td00001aa043587_T002	CC	0016020	membrane	0.912008216777	0.443364724118	1	99
Td00001aa043587_T002	MF	0005509	calcium ion binding	6.92298836667	0.686744029732	3	100
Td00001aa043628_T001	CC	0016020	membrane	0.920488306538	0.444007902813	1	1
Td00001aa043750_T003	MF	0009041	UMP/dUMP kinase activity	10.9601093911	0.785399932075	1	95
Td00001aa043750_T003	BP	0046940	nucleoside monophosphate phosphorylation	8.64617594355	0.731651605296	1	95
Td00001aa043750_T003	CC	0005634	nucleus	3.14990925222	0.562400723245	1	90
Td00001aa043750_T003	MF	0004127	(d)CMP kinase activity	10.9157962059	0.784427180844	2	95
Td00001aa043750_T003	BP	0006207	'de novo' pyrimidine nucleobase biosynthetic process	8.51080065977	0.728295975833	2	95
Td00001aa043750_T003	CC	0005737	cytoplasm	1.46942905591	0.480711452931	6	95
Td00001aa043750_T003	BP	0006221	pyrimidine nucleotide biosynthetic process	6.93344107115	0.687032336379	7	95
Td00001aa043750_T003	MF	0004017	adenylate kinase activity	5.98603070614	0.659951635913	7	54
Td00001aa043750_T003	MF	0005524	ATP binding	2.91501360609	0.552605926629	12	95
Td00001aa043750_T003	CC	0097708	intracellular vesicle	0.190287687812	0.368039110616	19	3
Td00001aa043750_T003	CC	0098588	bounding membrane of organelle	0.168049646893	0.364223083148	21	3
Td00001aa043750_T003	CC	0012505	endomembrane system	0.145949882869	0.360171318882	22	3
Td00001aa043750_T003	BP	0046704	CDP metabolic process	1.25698267407	0.46749132654	26	8
Td00001aa043750_T003	BP	0009194	pyrimidine ribonucleoside diphosphate biosynthetic process	1.02146453897	0.451450051904	27	8
Td00001aa043750_T003	BP	0046048	UDP metabolic process	1.01452912292	0.450951010525	29	8
Td00001aa043750_T003	MF	0016872	intramolecular lyase activity	0.235204392978	0.375118915252	30	2
Td00001aa043750_T003	MF	0005504	fatty acid binding	0.232080594058	0.374649728003	31	2
Td00001aa043750_T003	MF	0004822	isoleucine-tRNA ligase activity	0.114583352352	0.353850436427	36	1
Td00001aa043750_T003	MF	0002161	aminoacyl-tRNA editing activity	0.090499266154	0.34838065531	38	1
Td00001aa043750_T003	MF	0000049	tRNA binding	0.0720385543063	0.34367167846	39	1
Td00001aa043750_T003	BP	0009260	ribonucleotide biosynthetic process	0.495285476581	0.406886709088	41	8
Td00001aa043750_T003	BP	0006428	isoleucyl-tRNA aminoacylation	0.111635731329	0.353214127726	48	1
Td00001aa043750_T003	BP	0048608	reproductive structure development	0.109021883169	0.352642806799	49	1
Td00001aa043750_T003	BP	0009791	post-embryonic development	0.10621993378	0.35202271244	51	1
Td00001aa043750_T003	BP	0032543	mitochondrial translation	0.103073432616	0.35131653465	52	1
Td00001aa043750_T003	BP	0106074	aminoacyl-tRNA metabolism involved in translational fidelity	0.086930332031	0.347510695713	55	1
