qpid	cluster_GSZ	cluster_RM1sum	cluster_size	cluster_desccount	RM2	val_avg	jac_avg	desc	genename
Td00001aa000108_T001	479.302612094	41.1942854804	68	45179	0.834432342581	0.0994542235335	2.79635189824e-05	Peptidase A1 domain-containing protein	
Td00001aa000108_T001	566.959145762	0.724819761682	1	4	0.81824421974	0.00275577468227	4.26689584621e-08	Nucleoid DNA-binding-like protein	
Td00001aa000108_T001	554.484643809	6.57782267055	11	861	0.818205473309	0.0120972842539	2.75654908929e-06	Aspartic proteinase nepenthesin-1	
Td00001aa000108_T001	458.335658375	8.50588186183	14	2107	0.778710464011	0.0101436368713	3.6559638111e-06	Aspartyl protease AED3	
Td00001aa000108_T001	38.5509462114	0.573633563199	1	1353	0.607596036295	0.00410500901976	1.51476347593e-07	(wild Malaysian banana) hypothetical protein (Fragment)	
Td00001aa000125_T004	2487.1397321	2.69007547351	4	11	1.68553032332	0.189951200258	1.47169133229e-05	Beta-glucosidase 26	
Td00001aa000125_T004	939.09141209	6.66759779185	11	474	1.08780699772	0.23051024121	2.52376502942e-07	Beta-glucosidase 1	
Td00001aa000125_T004	612.828891933	0.631986826473	1	6	0.857874165299	0.0429105816499	1.25578004071e-08	Beta-glucosidase 4 (Fragment)	
Td00001aa000125_T004	269.201253182	25.3896403895	40	83582	0.702216106659	0.00855769428476	1.37076634387e-06	Beta-glucosidase	
Td00001aa000125_T004	0	0.605933476874	1	1	0.610916924611	0.0394658940041	3.94324657821e-08	Beta-glucosidase 1-like isoform X1	
Td00001aa000236_T001	1460.05457559	1.83536909837	3	8	1.17402183024	0.0	0.0	RNA-binding protein CP29B, chloroplastic-like	
Td00001aa000236_T001	1394.89851283	5.17199094175	8	87	1.1604587508	0.0235836160284	1.45860367948e-06	29 kDa ribonucleoprotein A, chloroplastic	
Td00001aa000236_T001	254.27127663	47.4395798362	78	219983	0.936513606935	0.46189056869	0.000154743855157	RRM domain-containing protein	
Td00001aa000236_T001	126.432501796	0.666803849776	1	176	0.641644557197	0.00202180466465	3.2223164803e-10	RNA binding protein 1	
Td00001aa000441_T001	774.050414508	1.74324676664	3	179	0.906443132662	0.012870870692	7.02696116601e-05	Fruit bromelain	
Td00001aa000441_T001	480.097292713	1.23623834298	2	234	0.814388805915	0.0610329699468	0.000120737918941	Cysteine proteinases superfamily protein	
Td00001aa000441_T001	252.253562554	5.13249870878	10	14607	0.722485890757	0.0595926816482	1.72230864384e-05	Peptidase C1A papain C-terminal domain-containing protein	
Td00001aa000441_T001	236.025345527	2.62599803412	5	4368	0.703370804718	0.0357745918681	6.64087028793e-06	Cathepsin propeptide inhibitor domain-containing protein	
Td00001aa000441_T001	28.3656775404	0.50974237237	1	11371	0.606789053046	0.0102693986947	3.60851074035e-08	Cysteine protease	
Td00001aa000549_T001	987.435168598	58.042288046	98	21504	1.06325810606	0.147704546136	3.14583758867e-05	Tubulin alpha chain	
Td00001aa000669_T001	159.623586872	24.0131604022	45	350097	1.11903418919	0.877706111732	2.57612584443e-05	Glycosyltransferase	
Td00001aa000669_T001	351.262595247	0.598543224597	1	45	0.745269738006	0.027839493705	0.000488412170263	UDP-glycosyltransferase 88B1	
Td00001aa000669_T001	178.562454389	0.53090548656	1	137	0.670113901969	0.0163939944792	5.15696586324e-06	Anthocyanidin 5,3-O-glucosyltransferase	
Td00001aa000669_T001	32.3007270547	0.543088334623	1	4373	0.602920290822	0.0	0.0	UDP-glycosyltransferases domain-containing protein	
Td00001aa000735_T001	390.945154076	2.99590779055	6	8404	0.793821730188	0.0895158058366	1.45731877633e-05	X8 domain-containing protein	
Td00001aa000821_T001	1216.1614552	44.7149245835	72	8404	1.2973783501	0.416787704299	0.000814237273358	X8 domain-containing protein	
Td00001aa000821_T001	706.281265308	9.20507067537	15	1056	0.877239235744	0.00891833358609	6.40984362531e-07	Glucan endo-1,3-beta-glucosidase 1	
Td00001aa000821_T001	116.027775947	1.40011435103	2	905	0.636411110379	0.0	0.0	Beta-1,3-glucanase	
Td00001aa000911_T001	442.9319899	44.5485428265	72	64729	0.90960795413	0.26874032895	0.000139191332422	C2 domain-containing protein	
Td00001aa000911_T001	577.569116589	3.12999141114	5	188	0.832719241739	0.022059612905	1.31866343435e-08	FT-interacting protein 1	
Td00001aa000911_T001	568.210330403	1.89232712289	3	71	0.823215872061	0.0111919618593	5.73730607786e-09	FT-interacting protein 3	
Td00001aa000911_T001	577.255515405	2.93955793024	5	166	0.820902206162	0.0	0.0	FT-interacting protein 1-like	
Td00001aa000911_T001	210.53559174	0.649911947661	1	61	0.675737426908	0.00287394368312	2.99444930656e-09	FT-interacting protein 7	
Td00001aa000911_T001	9.20482648494	0.727964609284	1	38975	0.613242400017	0.036906527405	4.94899140312e-07	Anthranilate phosphoribosyltransferase	
Td00001aa000920_T002	777.015599958	48.811092261	79	27997	1.15456220301	0.478780421428	0.000116983747859	Amidase domain-containing protein	
Td00001aa000967_T002	2261.65533321	6.06981436428	10	64	1.51744347839	0.0429834616652	5.52104638202e-06	High mobility group B protein 2	
Td00001aa000967_T002	478.788341044	32.1135520618	52	39963	0.915972580656	0.253687975463	0.000130862179922	HMG box domain-containing protein	
Td00001aa000967_T002	630.938744995	0.669339722906	1	2	0.84532921004	0.0055730413896	5.2559881946e-09	HMG-like nucleosome/chromatin assembly factor D	
Td00001aa001138_T001	893.110370559	57.7185846958	90	22680	1.15078874992	0.384003977522	0.00112468050583	Endoglucanase	
Td00001aa001138_T001	409.156683742	3.15059832497	5	322	0.770938724557	0.0325963099029	3.40569809682e-07	Glycoside hydrolase family 9 domain-containing protein	
Td00001aa001138_T001	10.8076101765	0.597792082101	1	16357	0.595149700929	0.00155972809811	4.83276971592e-08	cellulase	
Td00001aa001268_T005	2739.17278998	3.76700431843	7	34	1.8715447783	0.350706381242	6.4012533407e-05	Beta-glucosidase 31	
Td00001aa001268_T005	996.592068215	3.04657008796	5	168	1.2530420681	0.498877500113	8.28760740176e-06	Beta-glucosidase 11	
Td00001aa001268_T005	215.76587258	14.7085095377	27	83478	0.676306349032	0.0	0.0	4-hydroxy-7-methoxy-3-oxo-3,4-dihydro-2H-1,4-benzoxazin-2-yl glucosidebeta-D-glucosidase	
Td00001aa001507_T002	1789.14739785	62.140499256	98	6547	1.34708619049	0.0781600414652	0.000120468663105	Coatomer subunit zeta	
Td00001aa001511_T001	378.309164181	56.6055062739	97	143894	0.938961440114	0.372899458027	5.30843391841e-05	glutathione transferase	
Td00001aa001541_T001	3203.39751246	4.17408650675	7	28	1.92187371094	0.0952711097541	0.00105088912585	Tuliposide A-converting enzyme 2, chloroplastic	
Td00001aa001541_T001	1568.92400777	3.66518141911	6	90	1.26742840814	0.0940325605917	0.00107739615427	Gibberellin receptor	
Td00001aa001541_T001	623.552689168	1.90549679882	3	154	0.856437212644	0.0321058975436	5.63949265455e-07	Putative carboxylesterase 2	
Td00001aa001541_T001	244.350695528	11.3001333328	19	35253	0.817661177915	0.245133730124	1.13687400407e-06	Alpha/beta hydrolase fold-3 domain-containing protein	
Td00001aa001541_T001	35.8785797011	0.515502634156	1	3400	0.609177183542	0.00910519151751	7.86837026407e-09	Alpha/beta-Hydrolases superfamily protein	
Td00001aa001592_T001	1007.96094808	14.305689543	22	1129	1.01166003748	0.0348597211604	3.01667791334e-07	1-aminocyclopropane-1-carboxylate oxidase (Fragment)	
Td00001aa001592_T001	395.741205758	44.6109984816	70	71187	0.844627653112	0.181753468261	9.163152527e-05	Fe2OG dioxygenase domain-containing protein	
Td00001aa001592_T001	499.365127595	0.66700600418	1	3	0.790625270789	0.00165765413091	3.31530826183e-05	1-aminocyclopropane-1-carboxylate oxidase2	
Td00001aa001700_T002	702.294154069	17.5389318718	29	4866	0.871125150636	0.000391488179851	1.3653150427e-08	Tetraspanin-8	
Td00001aa001700_T002	674.732729256	14.9182969739	24	3814	0.859893091702	0.0	0.0	Senescence-associated protein	
Td00001aa001700_T002	186.175646013	11.6836094434	19	30700	0.832578750588	0.317181373215	0.000118218924046	Tetraspanin	
Td00001aa001700_T002	79.5594931369	0.588639082255	1	427	0.642031736319	0.0381281867828	3.49017247589e-09	Tetraspanin-8 like	
Td00001aa001759_T002	351.940865035	62.7748166269	97	167348	0.92550975912	0.367421131248	1.0677227819e-05	Methyltransferase	
Td00001aa001768_T001	4417.69923389	61.7855455315	93	1003	2.42033150419	0.119312886522	0.000799038681505	60S ribosomal protein L34	
Td00001aa001768_T001	143.888157374	1.17176469828	2	340	0.661577332532	0.0264566872454	1.26713116408e-06	Ribosomal protein L34e	
Td00001aa001856_T001	1526.16145985	2.03095077084	3	9	1.30111798004	0.189910186448	4.98639889787e-05	Alpha-amylase type A isozyme	AMY2
Td00001aa001856_T001	596.416079312	57.9917692843	92	53373	0.828566431725	0.0	0.0	Alpha-amylase	AMY2
Td00001aa002093_T001	1063.04990101	1.21191379899	2	15	1.05110278113	0.0676889073076	0.000384992498463	E2 ubiquitin-conjugating protein UBC5	
Td00001aa002093_T001	630.041035229	10.8459895253	18	3420	0.908555421865	0.125545159919	3.65081090978e-06	Ubiquitin-conjugating enzyme	
Td00001aa002093_T001	332.501971044	15.967823276	25	26608	0.865592767814	0.269036852204	0.000122386386042	UBC core domain-containing protein	
Td00001aa002093_T001	214.364152623	1.76575620815	3	783	0.675745661049	0.0	0.0	Ubiquitin-conjugating enzyme/RWD-like protein	
Td00001aa002186_T003	205.230946329	29.2360016368	47	176468	0.695442459225	0.044055663772	2.89446924423e-05	Short-chain dehydrogenase TIC 32, chloroplastic	
Td00001aa002186_T003	0	0.685596064908	1	1	0.68377003272	0.176919593506	0.000132408083024	Short-chain dehydrogenase Tic32	
Td00001aa002186_T003	117.988099575	4.99658511269	8	15600	0.640981448829	0.00714378797694	6.85371426447e-08	Short-chain dehydrogenase/reductase	
Td00001aa002186_T003	45.0626913973	0.603812315342	1	1562	0.608203818962	0.000337249805298	2.9143882745e-10	NAD(P)-binding Rossmann-fold superfamily protein	
Td00001aa002186_T003	18.3054582876	3.19083651431	5	257127	0.605245132258	0.0149489460474	3.76915849192e-07	WW domain-containing oxidoreductase	
Td00001aa002186_T003	36.3109405272	0.615822153085	1	2501	0.604524376211	0.0	0.0	Short-chain dehydrogenase/reductase family protein	
Td00001aa002280_T001	3065.87710806	44.5768810509	72	1635	2.06768752928	0.473710911894	0.0134951375074	Fiber protein Fb34	
Td00001aa002316_T001	440.247452208	25.1189519054	42	46132	0.766098980883	0.0	0.0	Alpha-galactosidase	LOC100191564
Td00001aa002372_T002	2773.55669218	63.2158192598	97	2696	1.92360856254	0.422960053806	0.000852857295837	Starch synthase, chloroplastic/amyloplastic	GBSS2
Td00001aa002603_T003	528.180909701	0.554422470317	1	2	0.8480637383	0.0882677807291	0.000472531665366	Chloroplast mRNA-binding protein CSP41 (Fragment)	
Td00001aa002603_T003	153.372410848	14.8701802267	25	85169	0.714268846015	0.118714735569	5.35911876928e-05	Chloroplast stem-loop binding protein of 41 kDa a, chloroplastic	
Td00001aa002603_T003	208.689053547	22.8476323627	38	108650	0.673475621419	0.0	0.0	NAD-dependent epimerase/dehydratase domain-containing protein	
Td00001aa002603_T003	154.096082097	0.569608418656	1	124	0.65529093215	0.00689150790401	6.09867488484e-09	NAD dependent epimerase/dehydratase, putative	
Td00001aa002603_T003	8.07284880351	0.579084486217	1	45373	0.596965268533	0.00704930001666	1.54254364655e-10	NAD(P)-binding domain containing protein	
Td00001aa002733_T002	759.778062682	11.5444052136	20	7127	1.35273707894	0.865627331632	0.00216840513935	H15 domain-containing protein	
Td00001aa002733_T002	90.6386264908	0.505759467961	1	961	0.630463402823	0.007939524838	2.03136168222e-07	Histone H1-like nucleoprotein HC2	
Td00001aa002742_T001	2657.74272266	5.48799375282	9	56	1.70974369139	0.106879953779	1.13414114143e-05	Xylanase inhibitor protein 1	
Td00001aa002742_T001	627.621968704	21.5796639098	37	15525	1.10838858588	0.504376530164	0.00101187071605	GH18 domain-containing protein	
Td00001aa002742_T001	0	0.588020736925	1	1	0.598106864936	0.01529588399	2.32106050109e-06	Class III endochitinase	
Td00001aa002847_T001	5.09813889892e-13	0.535168014132	1	153	0.59	0.0	0.0	Cylicin-1	
Td00001aa003164_T002	1629.67498389	63.8341995842	99	7978	1.52396617478	0.532256611426	8.85844178681e-06	1,3-beta-glucan synthase	
Td00001aa003277_T001	589.137815613	0.657318628166	1	9	1.09169306352	0.501958276716	2.53093736527e-06	Phloem-specific lectin	
Td00001aa003277_T001	347.355724313	0.648507661641	1	28	0.728942289725	0.0	0.0	F-box family protein-like	
Td00001aa003277_T001	26.2721508714	1.12579208706	2	14669	0.675805573611	0.142069264761	1.46928407593e-07	F-box associated domain-containing protein	
Td00001aa003277_T001	186.06648527	43.6839080176	76	441769	0.664426594108	0.0	0.0	F-box domain-containing protein	
Td00001aa003331_T001	1501.03249661	48.114295972	77	6471	1.32795568743	0.259489198458	0.000670680140968	CobW C-terminal domain-containing protein	
Td00001aa003331_T001	1060.38037854	1.84174579549	3	19	1.02198999755	0.0147881088624	7.42203243427e-06	Plastid transcriptionally active 17	
Td00001aa003331_T001	387.764090586	1.18683158556	2	59	0.764455141059	0.0365052789989	8.53477371496e-05	Putative cobalamin (Vitamin B12) biosynthesis CobW	
Td00001aa003331_T001	90.599189575	0.596548623298	1	273	0.627294005885	0.00198930198878	4.3224289049e-11	CobW/HypB/UreG, nucleotide-binding domain	
Td00001aa003331_T001	57.5541541506	0.584400760259	1	649	0.615115102222	0.00394977769168	2.9192739776e-06	Putative GTP-binding protein YjiA	
Td00001aa003331_T001	44.7709711761	1.28873044756	2	5208	0.60790838847	0.0	0.0	CobW/HypB/UreG nucleotide-binding domain-containing protein	
Td00001aa003331_T001	0	0.724989501097	1	1	0.594869382367	0.00918751383662	1.69722633209e-09	PRLI-interacting factor L-like	
Td00001aa003350_T001	2175.73355857	62.9133911863	95	4164	1.51849748799	0.109797882503	0.000559341599229	DNA replication licensing factor MCM5	
Td00001aa003350_T001	20.1970146639	1.98156020539	3	47259	0.609190885136	0.0209661739166	3.5471613094e-07	DNA helicase	
Td00001aa003400_T002	530.962021448	45.1915415821	73	55246	1.0326820403	0.434520253042	7.48804461773e-05	Diacylglycerol kinase	
Td00001aa003426_T001	1795.83081606	1.95989574425	3	67	1.37089489191	0.118042549105	7.23243910893e-07	18 class III heat shock protein	
Td00001aa003426_T001	166.086804465	3.8950926666	6	30930	0.784553202343	0.241731327309	4.38541397472e-05	SHSP domain-containing protein	
Td00001aa003480_T001	538.377519474	40.7225880213	67	39779	1.04595947597	0.453963032729	0.000403041452234	UspA domain-containing protein	
Td00001aa003480_T001	334.516840697	9.08460391255	16	5128	0.769907446285	0.0869743668127	0.000214779781311	Universal stress protein PHOS32	
Td00001aa003480_T001	293.211614097	0.65778125659	1	35	0.713408608977	0.0115546471497	1.74238269222e-08	Adenine nucleotide alpha hydrolase-like superfamily protein	
Td00001aa003480_T001	148.954975219	0.544721958127	1	93	0.652926645724	0.00631066791917	8.19561535271e-08	Rossmann-like alpha/beta/alpha sandwich fold	
Td00001aa003491_T001	925.995310638	10.261195968	16	749	0.971667423604	0.021262815859	3.47164732329e-07	1-aminocyclopropane-1-carboxylate oxidase 1	
Td00001aa003491_T001	394.49889873	44.3455492234	70	77036	0.850667444303	0.194086656271	9.78493369e-05	Fe2OG dioxygenase domain-containing protein	
Td00001aa003491_T001	0	0.649633628034	1	1	0.59	0.0	0.0	1-aminocyclopropane-1-carboxylate oxidase20	
Td00001aa003563_T002	261.994392876	48.751372469	75	197198	0.901394391484	0.389800231982	0.000125569183913	RRM domain-containing protein	
Td00001aa003563_T002	538.584135433	2.00466251533	3	79	0.810423202253	0.00941424147731	4.82599793716e-09	Polyadenylate-binding protein 3	
Td00001aa003563_T002	463.890333315	0.614308962671	1	5	0.777904352256	0.00443058490982	4.4637458681e-07	Splicing factor RNPS1, SR protein superfamily	
Td00001aa003563_T002	462.188686488	0.612055558722	1	8	0.776442780506	0.00295718095337	2.68859587182e-10	Poly-A binding protein	
Td00001aa003563_T002	389.893939998	4.49837849179	7	759	0.756109008988	0.0191536463398	2.14136331526e-08	Polyadenylate-binding protein 2	
Td00001aa003563_T002	179.058509646	0.618346437129	1	68	0.662800708271	0.00222132898818	2.43622941651e-09	Polyadenylate-binding protein 2 isoform X1	
Td00001aa003563_T002	152.787793635	0.674122697482	1	111	0.651115117454	0.0	0.0	Polyadenylate-binding protein 2-like	
Td00001aa003586_T003	1705.08654909	46.7039788779	75	4524	1.41177239232	0.263653854273	6.14960062915e-05	Fibronectin type III-like domain-containing protein	
Td00001aa003586_T003	1218.65113787	8.9467338556	14	325	1.09023989057	0.0241121309214	3.01477948123e-07	Beta-D-xylosidase 7	
Td00001aa003586_T003	452.099192757	0.582204134681	1	3	0.773370073173	0.00477432072848	3.04213121478e-07	Beta-xylosidase, family GH3	
Td00001aa003586_T003	447.250013414	0.575959488699	1	4	0.770189503363	0.00243301490908	4.78224488773e-09	Periplasmic beta-glucosidase, putative	
Td00001aa003648_T002	3863.62205258	51.0183406409	78	1001	2.25743413907	0.230160820013	4.17167250582e-06	Nucleobase-ascorbate transporter 6	
Td00001aa003648_T002	534.797006076	0.705836311276	1	6	0.847958525061	0.083093793587	6.01491026635e-07	Nucleobase-ascorbate transporter 6-like isoform X2	
Td00001aa003648_T002	571.426662699	0.754180718783	1	2	0.827596231129	0.0170293640558	1.55008477822e-07	Root uracil permease 1	
Td00001aa003648_T002	352.292820199	4.45271295037	7	917	0.741461212349	0.019894497093	4.05070076858e-08	Permease I	
Td00001aa003659_T005	1460.40562642	2.37149234407	4	17	1.1829244653	0.016532438644	1.11231936939e-06	Katanin p60 ATPase-containing subunit A1 isoform X1	
Td00001aa003659_T005	870.216866875	1.13670532562	2	11	0.94348316408	0.0101819091059	2.75197697862e-07	Meiotic spindle formation protein mei-1 isoform X1	
Td00001aa003659_T005	261.78038707	40.6049988712	67	154917	0.766435894616	0.135327627409	4.86305281759e-06	AAA+ ATPase domain-containing protein	
Td00001aa003659_T005	429.470202687	1.12198409689	2	44	0.762728502196	0.00177437854697	2.45837955704e-08	Holliday junction DNA helicase ruvB N-terminus	
Td00001aa003659_T005	391.090797102	2.86931674342	5	347	0.753674163429	0.0136563035756	1.84636312434e-07	Cell division cycle protein like	
Td00001aa003659_T005	289.165067875	5.35437611593	9	2210	0.717255902621	0.0218676698931	5.21379260935e-07	P-loop containing nucleoside triphosphate hydrolases superfamily protein	
Td00001aa003659_T005	117.616754454	1.16837155468	2	636	0.642005044244	0.00935536104678	5.53972356334e-08	Vacuolar protein sorting-associated protein 4	
Td00001aa003659_T005	0	0.556831606309	1	1	0.594884777667	0.0092165597153	5.09028341895e-08	26S protease regulatory subunit 7 homolog isoform X1	
Td00001aa003768_T001	983.341834813	60.875532254	95	21008	1.04134383749	0.109446776054	1.56127392407e-05	Transmembrane 9 superfamily member	
Td00001aa003911_T001	1336.91381193	66.1963954961	100	11975	1.3547577224	0.433947240204	8.01598276429e-06	ADP-ribosylation factor	
Td00001aa004040_T001	1283.37430532	10.3088655461	17	2079	1.42618003509	0.609011943826	0.0026991365627	Dehydrin	
Td00001aa004040_T001	405.642678052	0.597892516909	1	70	0.776872599905	0.0464443502996	1.15128887471e-06	Late embryogenesis abundant	
Td00001aa004055_T001	974.753953534	0.658379766506	1	15	0.989406811565	0.0179343964455	1.78678209447e-09	Harpin-induced 1	
Td00001aa004055_T001	374.80946889	9.55100677073	15	21348	0.857928586624	0.222647431487	8.30189850753e-05	Late embryogenesis abundant protein LEA-2 subgroup domain-containing protein	
Td00001aa004234_T001	1406.89461535	1.31876898266	2	2	1.18400189827	0.058949629683	3.74196810972e-05	Aquaporin plasma membrane intrinsic protein 2-2	
Td00001aa004234_T001	635.127941248	27.119995098	41	20749	1.01918848026	0.330438909315	0.000234091038287	Aquaporin	
Td00001aa004249_T001	2010.63473379	63.7939719167	97	5137	1.59360987894	0.376133906566	0.00025074711764	Phenylalanine ammonia-lyase	
Td00001aa004274_T001	224.98412438	10.4706832579	18	69470	1.05703477531	0.711394691579	9.69511000426e-05	Glutaredoxin	
Td00001aa004274_T001	242.040470006	0.573285730847	1	180	0.711034281156	0.0456945148686	1.36528202489e-08	Putative thioredoxin-disulfide reductase	
Td00001aa004274_T001	100.503598711	0.493978560394	1	775	0.647179398217	0.032033883139	3.34693151261e-08	Glutaredoxin-2, mitochondrial	
Td00001aa004295_T001	2126.69516193	7.10398638758	11	66	1.46426182846	0.0444974457056	5.87321070688e-06	Temperature-induced lipocalin	
Td00001aa004295_T001	1250.17821322	47.2201986878	75	8438	1.23403368393	0.271627111336	1.48155653539e-06	Lipocalin/cytosolic fatty-acid binding domain-containing protein	
Td00001aa004295_T001	475.069962149	0.617708162446	1	4	0.781462620769	0.0027068601052	2.70456735285e-09	Temperature-induced lipocalin-1-like isoform X1	
Td00001aa004295_T001	65.8399054895	1.20999392011	2	1996	0.618054935376	0.00324334201924	9.55150441959e-08	Apolipoprotein D	
Td00001aa004295_T001	32.7521882052	1.21790536582	2	8150	0.606276206771	0.00599117770771	3.6516819198e-07	Outer membrane lipoprotein blc	
Td00001aa004529_T003	1429.92027683	52.9728866333	82	7670	1.16196811073	0.0	0.0	Photolyase/cryptochrome alpha/beta domain-containing protein	
Td00001aa004529_T003	284.715134057	6.05233809455	9	2525	0.762516413532	0.110622253901	2.82670679403e-05	Cryptochrome 1b	
Td00001aa004680_T001	1982.66777259	3.02385279502	5	17	1.39097106422	0.0149115528458	4.16087333115e-05	VAMP protein SEC22	
Td00001aa004680_T001	844.308852176	45.3058962054	75	21042	1.04444795503	0.220219153319	0.000413144989002	Late embryogenesis abundant protein LEA-2 subgroup domain-containing protein	
Td00001aa004700_T002	3205.74610088	6.97521190898	11	229	2.11514681266	0.458204210803	7.02897234598e-06	ATPase inhibitor	
Td00001aa004721_T002	1113.00968154	58.5891073358	94	16214	1.18007138516	0.273324813585	0.000268066952483	1,4-alpha-glucan branching enzyme	
Td00001aa004869_T001	1307.28419005	1.33494180579	2	2	1.20075603178	0.165698668102	0.00110308328957	Cysteine protease1	
Td00001aa004869_T001	665.320300765	26.5875578609	42	15313	0.898314828205	0.0795965625203	2.64881528026e-05	Cysteine proteinase	
Td00001aa004869_T001	173.840920416	6.78677883538	11	14607	0.668978144685	0.0178144589595	5.66348004202e-06	Peptidase C1A papain C-terminal domain-containing protein	
Td00001aa004869_T001	0	0.628328384302	1	1	0.593755190349	0.00705862847482	0.000705862847482	MwCP	
Td00001aa004993_T001	563.748345403	50.0375262622	92	61799	0.935283196199	0.226003681493	9.53422976467e-05	Peroxidase	
Td00001aa005038_T001	2141.17388247	1.91695471067	4	186	1.71138853707	0.499728644307	0.00314012996875	Seed biotin-containing protein SBP65	
Td00001aa005179_T001	4.26561682555e-08	0.603110393182	1	44261	0.590000000017	0.0	0.0	FAD-binding PCMH-type domain-containing protein	
Td00001aa005184_T001	3407.54115955	11.5874329948	19	313	2.21052628662	0.485863506627	0.000108214633545	Plasma membrane-associated cation-binding protein 1	
Td00001aa005184_T001	925.625618814	0.641477055602	1	13	1.10021289892	0.264080455476	4.99388554358e-07	Ca2+ binding protein 1	
Td00001aa005184_T001	73.0389151018	0.638999277825	1	2071	0.619215566041	0.0	0.0	Cation-binding protein	
Td00001aa005196_T004	341.921732807	63.0341186664	98	179195	0.851027006913	0.234449219691	1.13676920421e-05	RNA helicase	
Td00001aa005230_T005	1771.88420384	58.070653643	96	6459	1.43604527766	0.258991031498	0.00131747127038	Lipoxygenase	
Td00001aa005230_T005	254.747303827	0.623303736813	1	36	0.693654544319	0.00331247820797	4.66891723305e-07	Linoleate 13S-lipoxygenase 2-1, chloroplastic	
Td00001aa005268_T001	741.155440932	43.3753773759	75	27222	1.0288556624	0.268662834798	0.000109179295927	Glucan endo-1,3-beta-D-glucosidase	
Td00001aa005268_T001	1004.35932314	1.12650345232	2	2	0.998136561054	0.0120619464377	9.31664006087e-09	Beta-1,3-glucanase D	
Td00001aa005268_T001	548.856418077	0.615606009378	1	3	0.814370995904	0.00911014486754	2.59465172847e-06	Elicitor inducible beta-1,3-glucanase	
Td00001aa005268_T001	383.725128841	1.22493055201	2	81	0.749710320995	0.0117363566744	2.10670744803e-08	Glycosyl hydrolase superfamily protein	
Td00001aa005269_T001	249.302134963	1.15213846042	2	6830	0.866202870368	0.332982825096	5.59540959663e-05	TPX2 C-terminal domain-containing protein	
Td00001aa005444_T003	1552.26158126	61.6994509014	96	8526	1.43009847369	0.413572774953	1.35228918069e-05	4-coumarate--CoA ligase	
Td00001aa005500_T001	735.5409939	62.3047542414	99	39113	0.944665579438	0.114054284944	2.05428850202e-05	Glycine cleavage system H protein	
Td00001aa005618_T001	1060.15704067	39.7929608485	64	8404	1.18233019765	0.317464821907	0.000551288796691	X8 domain-containing protein	
Td00001aa005618_T001	267.084172936	17.2302076457	28	24811	0.715881100215	0.035938364001	4.90599133175e-06	glucan endo-1,3-beta-D-glucosidase	
Td00001aa005618_T001	57.9175573075	0.713606620773	1	905	0.613167022923	0.0	0.0	Beta-1,3-glucanase	
Td00001aa005697_T003	554.263061339	57.9194931242	97	67146	0.936742632498	0.235912335592	0.000193504943006	Phosphatidate cytidylyltransferase	
Td00001aa005791_T001	437.93481769	17.4448313998	28	15533	0.78587866446	0.0390653274448	5.69189088388e-06	Kinesin light chain	
Td00001aa005791_T001	464.787723084	0.535562106363	1	13	0.779146711917	0.00609739912873	5.72681681278e-08	Polypeptide N-acetylglucosaminyltransferase	
Td00001aa005791_T001	248.506162941	9.35848457904	15	13880	0.704621425115	0.0287149208773	2.5936858155e-06	MalT-like TPR region domain-containing protein	
Td00001aa005791_T001	216.618653693	3.04315855647	5	1932	0.682093733546	0.0102759831739	4.93522885816e-08	Tetratricopeptide repeat (TPR)-like superfamily protein	
Td00001aa005791_T001	208.01812099	4.84419125548	8	5308	0.673207248396	0.0	0.0	Nephrocystin-3	
Td00001aa005911_T002	212.914750258	7.12801971394	12	56488	0.675165900103	0.0	0.0	Amidohydrolase-related domain-containing protein	
Td00001aa005913_T001	374.731985833	63.8380597708	96	141947	0.816415854832	0.144383062904	1.85799796629e-06	ABC transporter domain-containing protein	
Td00001aa005913_T001	339.597931038	0.651250476715	1	18	0.725839172415	0.0	0.0	ATP-dependent transporter, putative	
Td00001aa005913_T001	145.056696519	1.30322513283	2	395	0.650834766561	0.00530582480315	4.03964003163e-08	ATP-binding cassette	
Td00001aa005972_T003	1773.32926758	57.3830051577	96	6454	1.54460013985	0.462681802817	0.00235386608746	Lipoxygenase	
Td00001aa005972_T003	370.577370872	0.538178269091	1	13	0.738989251336	0.00143073605447	6.4389561407e-07	Linoleate 9S-lipoxygenase	
Td00001aa006065_T001	86.3256480919	8.13056360543	13	350097	1.11662670732	0.928483567225	7.87268749298e-06	Glycosyltransferase	
Td00001aa006065_T001	54.1966810529	0.570131421903	1	4373	0.611678672421	0.0	0.0	UDP-glycosyltransferases domain-containing protein	
Td00001aa006273_T001	757.556717505	4.57468332337	7	2610	1.35668742867	0.874831129981	0.00021213904839	Phytase	
Td00001aa006364_T001	2239.6108092	58.5559332675	97	4134	1.67141153034	0.350119811088	0.000185339083073	PHD finger protein ALFIN-LIKE	
Td00001aa006424_T002	655.442715591	61.8333387595	96	47826	0.909422411536	0.108009857471	5.04200261768e-06	Amino acid transporter transmembrane domain-containing protein	
Td00001aa006485_T001	1559.51856962	2.53472930643	4	17	1.21921720589	0.0102062686314	2.27834036591e-05	VAMP protein SEC22	
Td00001aa006485_T001	1040.92242453	1.42143090475	2	12	1.00683330881	0.000876110956842	9.76230748796e-09	Harpin-induced protein 1 containing protein, expressed	
Td00001aa006485_T001	821.9114835	48.1870985521	77	22117	0.983530446251	0.122190721195	0.000238530893288	Late embryogenesis abundant protein LEA-2 subgroup domain-containing protein	
Td00001aa006485_T001	0	0.700312589359	1	1	0.592515085334	0.00474544397332	1.41834842577e-09	Harpin-induced protein 1 (Hin1), putative	
Td00001aa006536_T002	2286.94910867	36.4403017318	60	2449	2.001631032	0.937453930977	4.02555554385e-05	Chalcone-flavonone isomerase family protein	
Td00001aa006611_T001	584.254099283	57.1888695009	92	57655	0.975041552449	0.285542458671	0.000120481996879	Peroxidase	
Td00001aa006646_T002	1367.72356461	1.21038751731	2	5	1.14433664198	0.0136731916935	2.12266903402e-05	LIS1 motif containing protein	
Td00001aa006646_T002	861.562095729	22.0867100482	35	8391	1.04775287012	0.213429607483	0.00051699330486	LisH domain-containing protein	
Td00001aa006646_T002	524.293258013	1.80894807677	3	152	0.809016145581	0.0175445398912	1.18116558162e-05	FGFR1 oncogene partner	
Td00001aa006646_T002	66.8160244124	0.674342093421	1	1300	0.619747002292	0.00569923114145	1.07859632226e-09	RNA binding (RRM/RBD/RNP motifs) family protein	
Td00001aa006646_T002	0	0.733583391683	1	1	0.590139869068	0.000263879495503	6.46776614364e-07	Tonneau 1	
Td00001aa006685_T001	858.736654061	5.93180890552	10	2898	0.940705578473	0.0136051757483	8.6851239081e-06	DNA replication licensing factor MCM4	
Td00001aa006961_T001	5243.11175994	62.2267733844	97	755	2.75280600346	0.123695542352	0.000133102037827	Thiamine thiazole synthase, chloroplastic	THI1
Td00001aa007007_T001	282.300730627	17.147177665	27	54832	0.954279566998	0.474259241471	9.38383936428e-05	C2 domain-containing protein	
Td00001aa007007_T001	402.071438338	5.28952127034	8	2573	0.832022641549	0.153196261619	2.37780231459e-06	GTPase activating protein 1	
Td00001aa007022_T003	2789.87485573	1.86540907844	3	25	1.70684306768	0.00168488169453	6.90470976102e-06	Cytochrome P450 family 72 subfamily A polypeptide 8	
Td00001aa007022_T003	1251.20701321	4.32451968497	7	668	1.12916177046	0.072966838483	0.000327039008486	Secologanin synthase	
Td00001aa007038_T001	1665.770213	26.5382910601	47	2170	1.32188347232	0.123722948243	0.000111227771418	Aspartic proteinase oryzasin-1	
Td00001aa007038_T001	230.942691669	17.5840594756	31	49520	0.746601833356	0.121178069212	1.90003219073e-05	Peptidase A1 domain-containing protein	
Td00001aa007047_T001	4335.69920233	49.7745192333	82	777	2.5543044682	0.433651392739	0.00947745581149	Flavanone 4-reductase	
Td00001aa007047_T001	544.755261955	2.59714521423	4	134	0.813809227286	0.0111455135299	1.6650542548e-08	NADPH-dependent reductase (Fragment)	
Td00001aa007047_T001	242.237972524	5.107263341	8	2620	0.703021932677	0.0304263367142	3.92604189186e-05	Dihydroflavonol 4-reductase	
Td00001aa007047_T001	18.7505669676	1.86838588449	3	57558	0.597500226787	0.0	0.0	NAD-dependent epimerase/dehydratase domain-containing protein	
Td00001aa007062_T001	235.610850811	56.7473443025	91	350097	1.02874048652	0.649991272848	3.85793011471e-05	Glycosyltransferase	
Td00001aa007217_T002	425.120462477	23.0490122322	39	39779	1.07705188743	0.598108529137	0.000309100015058	UspA domain-containing protein	
Td00001aa007217_T002	795.223628427	1.27874889834	2	35	0.917277581215	0.0173360920729	5.22839103388e-08	Adenine nucleotide alpha hydrolase-like superfamily protein	
Td00001aa007217_T002	352.105489708	2.30295575492	4	579	0.752430131739	0.0407319281003	6.98146969474e-07	Universal stress protein 1	
Td00001aa007428_T002	2689.18095052	31.8644256401	54	1088	1.77083586006	0.198101787586	0.00847662165582	Alliinase C-terminal domain-containing protein	
Td00001aa007428_T002	2065.05973803	9.89722936458	17	178	1.42764387241	0.0219244430133	1.12000602427e-06	Tryptophan aminotransferase-related protein 4	
Td00001aa007428_T002	1641.73291528	4.37375525762	7	55	1.26447874248	0.0334786754563	0.00209391872881	Alliin lyase	
Td00001aa007428_T002	203.343668511	0.536792561425	1	54	0.672030429427	0.00130747338734	5.63687565188e-08	Pyridoxal phosphate-dependent transferases superfamily protein	
Td00001aa007570_T001	560.884407926	49.5913256281	85	57660	1.19830410055	0.724423855099	0.000284708924319	Peroxidase	
Td00001aa007867_T002	1538.33381784	39.783350506	61	4214	1.29977563861	0.178163565766	0.00077108090789	Methanethiol oxidase	
Td00001aa007867_T002	757.428842424	5.12082909774	8	288	0.904198599161	0.0211831355735	1.68836001646e-08	Selenium-binding protein 1	
Td00001aa007867_T002	643.62437354	1.88420809822	3	54	0.850405416772	0.00557673077299	2.33802871354e-09	Selenium-binding protein 2	
Td00001aa007867_T002	407.468983293	0.628693859166	1	15	0.753893174173	0.00170864311232	2.91965746977e-10	Selenium-binding protein 3	
Td00001aa007867_T002	363.541819393	5.04019428959	8	1211	0.735416727757	0.0	0.0	Selenium-binding protein 1-like	
Td00001aa007991_T003	1815.68875982	59.2495735605	95	5957	1.57170376602	0.48184857599	0.00242584073763	Lipoxygenase	
Td00001aa007991_T003	1481.78511412	1.98111381853	3	6	1.18769892419	0.00940512229171	8.18639128649e-06	Linoleate 9S-lipoxygenase 2	
Td00001aa007992_T002	1807.05918743	58.319028269	93	5957	1.55306446036	0.453200214771	0.00223357816501	Lipoxygenase	
Td00001aa007992_T002	993.085607585	1.31312294793	2	6	0.990413414681	0.00599830123348	3.59965070499e-06	Linoleate 9S-lipoxygenase 2	
Td00001aa008136_T003	191.412246762	51.4266662487	82	472380	0.874684868557	0.392678677122	1.35488888908e-05	Omega-hydroxypalmitate O-feruloyl transferase	
Td00001aa008136_T003	261.946774755	0.587568662452	1	33	0.694778709902	0.0	0.0	Omega-hydroxypalmitate O-feruloyl transferase-like protein	
Td00001aa008177_T001	618.268398401	56.560452259	91	50375	1.0642779027	0.428225521532	0.000550846337578	chitinase	
Td00001aa008177_T001	188.125264751	0.641482490162	1	70	0.666289485437	0.00196109280205	1.75974300718e-08	Acidic endochitinase-like	
Td00001aa008365_T001	2271.7563656	45.6737039482	77	3021	1.88385913549	0.726061411032	0.0172020703537	ALOG domain-containing protein	
Td00001aa008365_T001	612.564372343	2.39240345149	4	114	0.852710892687	0.0333662756557	5.08826226892e-05	Protein LIGHT-DEPENDENT SHORT HYPOCOTYLS 5	
Td00001aa008397_T002	1157.7225089	21.1342089843	35	5409	1.05308900356	0.0	0.0	Non-specific lipid-transfer protein	
Td00001aa008397_T002	0	0.601140655327	1	1	0.678255096733	0.166519043401	1.86515574697e-07	Type 1 non specific lipid transfer protein	
Td00001aa008406_T001	7362.31081223	17.9026061653	29	77	3.61721027426	0.155254051599	6.5100968039e-05	Non-green plastid inner envelope membrane protein	LOC100273380
Td00001aa008406_T001	2066.31179568	8.66505613938	14	229	1.45545011613	0.073444080751	1.75302099019e-06	Protein FATTY ACID EXPORT 3 chloroplastic	LOC100273380
Td00001aa008436_T001	677.111487679	18.6628932453	29	6243	0.997158610593	0.257161593535	0.000918547384221	VHS domain-containing protein	
Td00001aa008436_T001	501.722373244	21.2093882658	32	14684	0.980288991392	0.35771166687	0.00064293267467	TOG domain-containing protein	
Td00001aa008491_T001	882.467764136	67.5499609013	100	27481	1.02681848945	0.158171084745	3.54438047818e-05	Tubulin beta chain	
Td00001aa008567_T001	175.604089154	59.5561640825	96	663245	0.906037047149	0.463764675365	6.67718437431e-06	Receptor-like serine/threonine-protein kinase	
Td00001aa008628_T002	4387.63769593	16.4832556787	30	256	2.5436554918	0.374672188367	0.00120767944585	Mal d 1-associated protein	
Td00001aa008628_T002	3494.87785397	3.84888918858	7	22	2.02938703246	0.0780836304863	0.0025783355778	Fra a 1-associated protein	
Td00001aa008628_T002	712.219043102	0.528818001681	1	4	0.880803950959	0.0111628901509	9.6888230209e-08	Sorting nexin like	
Td00001aa008628_T002	2.91237071021	0.508587648563	1	459047	0.596984618902	0.0109805105371	1.64682329915e-09	Protein kinase domain-containing protein	
Td00001aa008789_T014	1150.23213989	28.4750177665	47	4200	1.13864779192	0.16708439043	1.04518399043e-05	Glutamate carboxypeptidase 2	
Td00001aa008789_T014	576.558481283	23.0005035129	38	10905	0.886119472176	0.123575657437	4.9061044426e-05	Peptidase M28 domain-containing protein	
Td00001aa008860_T001	2639.31666084	43.0971787654	65	1837	1.77018639195	0.234633253057	0.00520517455587	Ras-related protein Rab7	
Td00001aa008860_T001	136.849075049	1.98081302585	3	1443	0.648065970811	0.00627611412328	1.52895916721e-08	Small GTPase	
Td00001aa008860_T001	108.597402599	1.23378241325	2	889	0.63343896104	0.0	0.0	Ras-related protein Rab-7A	
Td00001aa008860_T001	77.2792780213	0.65182757042	1	490	0.624499098519	0.00676865385165	3.84307557053e-08	Rab family GTPase	
Td00001aa008864_T001	1066.82275164	1.36678052935	2	2	1.0193479707	0.00494126289978	3.54327296901e-08	Lon protease homolog, mitochondrial isoform X2	
Td00001aa008864_T001	310.452543817	45.8157181046	71	132574	0.86788852235	0.290013742866	1.1055219112e-05	AAA+ ATPase domain-containing protein	
Td00001aa008864_T001	556.72094699	5.26082150395	8	544	0.824950687041	0.0231364195546	2.94046251233e-07	p-loop containing nucleoside triphosphate hydrolase superfamily protein	
Td00001aa008864_T001	435.205910725	0.610791912793	1	12	0.764689882903	0.00114626146596	1.7819317672e-09	Putative AAA domain-containing protein C24B10.10c	
Td00001aa008864_T001	85.1758578125	1.27947699125	2	1374	0.626889996817	0.0053198722689	6.06944925143e-06	Spastin	
Td00001aa008985_T001	2682.57207871	10.375733694	16	102	1.67365914581	0.0200571718903	6.61408727057e-07	Small heat shock protein HSP17.8	
Td00001aa008985_T001	566.118296123	39.4260045965	63	33061	0.915533112911	0.186940891459	0.000356099421338	SHSP domain-containing protein	
Td00001aa009125_T006	723.6670071	53.1267549975	87	35502	1.28042106933	0.756511576673	0.000156542717763	Carboxypeptidase	
Td00001aa009152_T001	1334.71636978	43.5720778525	71	7795	1.29961264143	0.331502932975	0.00147695207337	TFIIS N-terminal domain-containing protein	
Td00001aa009152_T001	1160.8472739	3.18317095342	5	55	1.06912075626	0.0278902734629	8.82168240289e-08	Transcription elongation factor (TFIIS) family protein	
Td00001aa009152_T001	573.340153495	0.670371757919	1	6	0.847921355435	0.0539338635198	1.73185812873e-05	MED26 transcription factor	
Td00001aa009381_T001	2209.11257273	3.79217749092	6	263	1.92764843076	0.856610172501	5.12058174741e-07	Nodulin-related protein 1	
Td00001aa009575_T001	886.212578085	68.1275921528	100	27227	1.02868367402	0.158864029562	3.53556784618e-05	Tubulin beta chain	
Td00001aa009581_T001	1898.56457248	0.709852117076	1	15	1.34942582899	0.0	0.0	Germin-like protein 1-1	
Td00001aa009581_T001	172.160389539	1.73847187013	3	10940	0.808406173497	0.2821546411	2.89488345863e-06	Cupin type-1 domain-containing protein	
Td00001aa009581_T001	0	0.695346707768	1	1	0.720891862536	0.246965075017	1.86388735862e-05	Germin family protein (Fragment)	
Td00001aa009603_T001	3226.74008257	46.5950609359	73	1208	2.00129690978	0.227536849729	0.000317319635888	Aspartic proteinase	
Td00001aa009603_T001	1997.56590019	2.62447333192	4	10	1.39778388242	0.016522996827	1.67012649167e-05	Retrotransposon protein SINE subclass	
Td00001aa009603_T001	94.5686718422	8.75574474115	14	49520	0.638971593311	0.0210265905211	1.57987409929e-06	Peptidase A1 domain-containing protein	
Td00001aa009680_T001	682.0642652	64.8890055592	98	45088	1.01660306013	0.290145770709	4.77866753632e-06	S-adenosylmethionine synthase	
Td00001aa009874_T001	4489.09974186	62.3933059795	97	1030	2.43727612677	0.0974228298816	0.000106509618115	Thiamine thiazole synthase, chloroplastic	THI1
Td00001aa010483_T001	1190.4428984	60.3153712065	100	15088	1.16969566527	0.195311499611	0.00017055576517	Malic enzyme	
Td00001aa010483_T002	1190.45442837	63.606706485	100	15088	1.15949427735	0.17605553056	0.00015374049038	Malic enzyme	
Td00001aa010582_T001	2369.99722059	42.0251920558	70	2534	1.62890856713	0.171523363494	0.000114812234212	Lysosomal Pro-X carboxypeptidase	
Td00001aa010582_T001	193.042360118	1.69740189168	3	623	0.673722067994	0.0122737423079	2.02618895968e-06	Serine carboxypeptidase S28 family protein	
Td00001aa010582_T001	182.978506632	0.572903721833	1	79	0.665126007751	0.00365015242973	1.21554119468e-06	Putative serine protease EDA2	
Td00001aa010670_T002	2116.43250676	56.7998846044	96	4445	1.79036758905	0.66753623283	1.91471605154e-05	protein-disulfide reductase	
Td00001aa010670_T002	0	1.31843189208	2	1	0.594282510023	0.00808006970528	3.65396358782e-06	Probable nucleoredoxin 2	
Td00001aa010744_T002	814.303595139	65.5299751013	100	32254	1.04374165232	0.241544791173	7.37473089986e-05	phosphoglycerate mutase (2,3-diphosphoglycerate-independent)	
Td00001aa010869_T003	2512.75573126	57.0122430849	88	2773	1.85416333027	0.488794138038	7.23028161225e-06	Delta-1-pyrroline-5-carboxylate synthase	
Td00001aa010869_T003	148.251512039	3.80201789459	6	3541	0.653281082363	0.00751033468561	8.21179736564e-09	Glutamate-5-semialdehyde dehydrogenase	
Td00001aa010869_T003	110.607190632	0.617748030217	1	168	0.635199834184	0.00180558087235	3.43697650624e-09	Delta 1-pyrroline-5-carboxylate synthetase	
Td00001aa010907_T001	2342.35212514	19.5255992514	30	384	1.54043070976	0.0254522783747	7.60849348288e-06	Auxin transporter-like protein 1	
Td00001aa010907_T001	464.009320967	40.477717448	63	42038	0.812543249357	0.0696971207895	2.34759638009e-06	Amino acid transporter transmembrane domain-containing protein	
Td00001aa011016_T004	1064.42782235	1.33409532965	2	10	1.20311310869	0.353451055689	0.000646011875993	Putative methyltransferase PMT25	
Td00001aa011016_T004	339.66564676	0.57116446115	1	18	0.909758200698	0.346964559361	3.62766548531e-05	Probable methyltransferase PMT24	
Td00001aa011016_T004	307.865800882	51.6410388025	84	178946	0.83540833193	0.230620152435	0.00166653932332	Methyltransferase	
Td00001aa011016_T004	16.3929705464	1.12271238878	2	29465	0.596557188219	0.0	0.0	(NAC) domain-containing protein	
Td00001aa011129_T003	195.195572878	28.759827782	51	219983	0.996457703914	0.619578793107	0.000135720807699	RRM domain-containing protein	
Td00001aa011129_T003	621.707905491	1.89202631638	3	94	0.868118419709	0.0555382208432	2.32842431016e-08	Glycine-rich RNA-binding protein 2	
Td00001aa011129_T003	395.874235777	1.24261441558	2	100	0.773770578247	0.0479639281728	1.00226364674e-07	Glycine-rich RNA-binding protein 2, mitochondrial	
Td00001aa011129_T003	321.542151987	0.994040802236	2	97	0.722683642986	0.00767317377585	4.49111529424e-09	ELAV-like protein 4	
Td00001aa011129_T003	49.5601775071	3.95582052444	7	64322	0.609824071003	0.0	0.0	Glycine-rich RNA-binding protein 2, mitochondrial-like	
Td00001aa011239_T001	808.810105933	23.0841362506	41	11089	1.26403188757	0.661255025337	0.00213408816427	MSP domain-containing protein	PVA22
Td00001aa011239_T001	1201.5631524	4.78608908747	9	216	1.07062526096	0.0	0.0	Vesicle-associated protein 2-2	PVA22
Td00001aa011371_T001	4667.38234831	23.8575233932	40	279	2.58501719404	0.241630498552	4.52393614324e-06	Acyl transferase 5	
Td00001aa011371_T001	1029.05981449	2.78124418308	5	78	1.01543324262	0.0260553104626	1.13973946897e-07	10-deacetylbaccatin III 10-O-acetyltransferase	
Td00001aa011371_T001	670.057511128	4.2718187303	7	434	0.858023004451	0.0	0.0	3'-N-debenzoyl-2'-deoxytaxol N-benzoyltransferase	
Td00001aa011371_T001	0	0.557087576392	1	1	0.684538633314	0.178361498409	0.000351957877419	p-coumaroyl-CoA monolignol transferase	
Td00001aa011371_T001	188.881371044	2.28905798546	4	1568	0.665552548418	0.0	0.0	HXXXD-type acyl-transferase family protein	
Td00001aa011427_T001	398.746602724	37.63591823	63	83441	0.763095100968	0.0256535597708	3.66001929125e-06	4-hydroxy-7-methoxy-3-oxo-3,4-dihydro-2H-1,4-benzoxazin-2-yl glucosidebeta-D-glucosidase	
Td00001aa011427_T001	0	0.567314763956	1	1	0.617552833079	0.0518885744395	0.00259443130677	Avenacosidase 1	
Td00001aa011430_T003	1136.3339935	1.1576867331	2	2	1.08578297295	0.0774393782644	0.0103252535331	Avenacosidase 2	
Td00001aa011430_T003	389.426962144	36.24850972	61	83441	0.756299546329	0.0198654795457	2.86560484583e-06	4-hydroxy-7-methoxy-3-oxo-3,4-dihydro-2H-1,4-benzoxazin-2-yl glucosidebeta-D-glucosidase	
Td00001aa011649_T002	670.690298776	0.645392613432	1	74	0.861124285145	0.00537389595339	3.89409069274e-08	Cytochrome P450 family protein, expressed	
Td00001aa011649_T002	64.4128350949	3.68587115241	6	261246	0.615765134038	0.0	0.0	Ig-like domain-containing protein (Fragment)	
Td00001aa011790_T001	966.500868485	28.5348149311	46	9748	0.976600347394	0.0	0.0	Microtubule-associated protein 70-2	
Td00001aa011790_T001	611.675839103	0.57839686198	1	8	0.834670335641	0.0	0.0	Putative microtubule-associated protein 70-2	
Td00001aa011790_T001	74.5089588908	1.24891015203	2	3140	0.65570140009	0.0677317058578	6.21449820148e-07	Myosin heavy chain	
Td00001aa011790_T001	18.9975126602	0.547049193983	1	9229	0.638971776475	0.0780618116929	5.60699632961e-07	Retrovirus-related Pol polyprotein from transposon TNT 1-94-like beta-barrel domain-containing protein	
Td00001aa011871_T001	564.332129834	32.6812993691	55	36819	1.10566586527	0.547040128606	8.725861112e-05	Thioesterase domain-containing protein	
Td00001aa011954_T001	2269.26205376	8.62235273398	14	286	1.69021382961	0.362916297029	0.00816853401673	Stem-specific protein TSJT1	
Td00001aa011954_T001	2425.91295556	8.21194663765	14	227	1.56036518222	0.0	0.0	Stem-specific protein TSJT1-like	
Td00001aa011954_T001	650.156685357	0.584300428048	1	16	0.857259803656	0.0135792151838	7.2732807626e-06	Nucleophile aminohydrolase, N-terminal	
Td00001aa011954_T001	365.10398043	0.580045232423	1	50	0.74144003375	0.0101844113878	3.5177130755e-05	Aluminum induced protein with YGL and LRDR motifs	
Td00001aa012013_T001	506.463238943	52.4195742051	88	72980	0.986832286452	0.366500635936	8.26914329358e-05	adenylate kinase	
Td00001aa012020_T001	1212.98363805	0.66063673516	1	11	1.15759967181	0.155483405483	5.84017589414e-07	Leucine-rich repeat, plant specific	
Td00001aa012020_T001	692.736505179	2.5840879828	4	516	1.08553160425	0.412145262145	6.6202005039e-07	Leucine-rich repeat extensin-like protein 4	
Td00001aa012020_T001	199.423811986	6.0528732433	10	34151	0.669769524794	0.0	0.0	Leucine-rich repeat-containing N-terminal plant-type domain-containing protein	
Td00001aa012101_T001	4875.3474783	5.90692949251	10	89	2.59168536601	0.0972572497493	1.61618984188e-06	Protein FATTY ACID EXPORT 2, chloroplastic	
Td00001aa012141_T001	2578.9822333	57.3946935484	89	2864	1.67318953083	0.0973516439037	1.33121713577e-05	ABC transporter B family member 19	
Td00001aa012271_T001	1620.0739973	47.1092701949	72	4948	1.40144473348	0.30831063576	0.00052488051948	UDP-N-acetylglucosamine diphosphorylase	
Td00001aa012271_T001	426.777222212	8.97906332726	14	2590	0.83015043137	0.131014794478	8.50705961083e-05	UDP-N-acetylglucosamine pyrophosphorylase	
Td00001aa012301_T003	3832.44911025	48.393896309	74	1065	2.40001906022	0.522714629469	3.31251916821e-05	Ubiquitin-specific protease family C19-related protein	
Td00001aa012301_T003	518.056635038	0.63389463956	1	7	0.800560982844	0.0062985597652	4.60768533393e-06	Cysteine-type endopeptidase/ ubiquitin thiolesterase	
Td00001aa012305_T002	830.124766808	62.4848102075	97	29823	1.17511008795	0.477471101724	2.48654405446e-05	Calcium-transporting ATPase	
Td00001aa012305_T002	34.4265281642	0.636754785292	1	1798	0.606362527404	0.00489040779042	4.57216840932e-10	P-type Ca(2+) transporter (Fragment)	
Td00001aa012353_T001	8180.55113156	6.34859499726	10	32	3.95686345261	0.17856417906	0.000199254469384	WEB family protein chloroplastic	LOC103642004
Td00001aa012628_T001	1881.23969334	53.788448328	86	5204	1.3963902995	0.101686734165	2.26525922638e-05	Aromatic amino acid beta-eliminating lyase/threonine aldolase domain-containing protein	
Td00001aa012719_T001	671.983108297	63.6228314352	98	45560	1.08272757826	0.42249552701	0.000585281393874	chitinase	CHIB
Td00001aa012719_T001	303.775229289	1.28527782418	2	91	0.714578072702	0.00578851125544	3.50106783856e-06	Endochitinase B	CHIB
Td00001aa012809_T001	1160.22216062	3.07273794291	5	41	1.11973622723	0.123862945763	8.65486535405e-08	ATP-dependent 6-phosphofructokinase 2	PFK
Td00001aa012809_T001	700.72043257	55.545142834	89	36723	0.885714721562	0.0291065218137	4.59862082125e-06	ATP-dependent 6-phosphofructokinase	PFK
Td00001aa012926_T001	2614.96798572	1.92365968042	3	94	1.69159853592	0.104927031405	7.49512995523e-07	Class IV heat shock protein	
Td00001aa013159_T001	289.427401892	13.5244767997	22	19029	0.84058073817	0.254348414159	0.00025589541828	TLC domain-containing protein	
Td00001aa013159_T001	148.990954501	25.7968793282	43	260692	0.743087317707	0.176397710263	7.47335250138e-06	Transmembrane protein	
Td00001aa013159_T001	50.2153410308	1.226492488	2	5193	0.625763807708	0.0295801083245	1.06941823299e-05	EXPERA domain-containing protein	
Td00001aa013434_T001	871.285537068	66.1098564946	97	27331	1.0146884513	0.143723827202	3.04029251401e-05	Tubulin beta chain	
Td00001aa013480_T001	1158.57752218	23.7717592082	38	6056	1.58348126875	0.999912523947	0.0048311094609	Remorin C-terminal domain-containing protein	
Td00001aa013578_T001	613.951036726	28.1925771411	47	13939	0.918375230844	0.156205589261	0.000292692268139	Polygalacturonase	
Td00001aa013578_T001	416.737780349	21.9385456964	36	18317	0.843279167186	0.163364780915	3.60580548612e-05	Pectate lyase superfamily protein domain-containing protein	
Td00001aa013578_T001	469.541777066	1.1107704796	2	37	0.781058820435	0.0061161621457	2.71835522156e-05	Galacturan 1	
Td00001aa013578_T001	215.740299042	0.562848897113	1	45	0.676296119617	0.0	0.0	Polygalacturonase, putative	
Td00001aa013578_T001	21.4137457219	1.7914551229	3	45695	0.602612839262	0.00763649027156	5.64807286116e-08	Glycoside hydrolase	
Td00001aa013611_T001	1283.76127092	3.28322991021	5	154	1.17520155008	0.135276547858	2.35674748771e-05	Fasciclin-like arabinogalactan protein 8	
Td00001aa013611_T001	374.045161054	11.1528902198	18	20929	1.06330610978	0.610719055983	0.000347284482457	FAS1 domain-containing protein	
Td00001aa013672_T001	556.840744275	35.5601100555	59	40593	0.947518570737	0.254305460856	1.8938677964e-05	glutathione transferase	
Td00001aa013675_T002	548.719524991	32.1379064342	51	36108	0.96306401397	0.289765718688	1.86534488979e-05	glutathione transferase	
Td00001aa013725_T006	487.385322903	3.31499930139	6	5395	0.784954129161	0.0	0.0	Beta-amylase	
Td00001aa013792_T002	1416.68157104	40.528787655	60	6043	1.21104785471	0.102592140943	6.957980968e-05	Cell division cycle protein 48 homolog	
Td00001aa013792_T002	18.0908570069	2.52972526885	4	141253	0.599959837644	0.0051386690956	1.10357301185e-08	Vesicle-fusing ATPase	
Td00001aa013825_T003	3101.01124038	8.88957186809	14	51	1.93217903831	0.191888617249	0.00367875080762	Probable serine/threonine-protein kinase PBL16	
Td00001aa013825_T003	164.188316943	44.914889332	70	463021	0.840982994676	0.349636943025	4.40474803189e-06	Protein kinase domain-containing protein	
Td00001aa013828_T001	561.972241565	11.1752331278	18	9631	1.11758756648	0.571312985371	0.000139380514451	SMP domain-containing protein	
Td00001aa013828_T001	841.967463547	3.03272135488	5	316	0.989888899959	0.119059659262	1.47565915177e-05	Late embryogenesis abundant	
Td00001aa013920_T001	3121.53839437	48.304709818	76	1563	1.91218693102	0.138802174736	0.000321032885853	Sucrose transporter	
Td00001aa013920_T001	12.8930657964	3.21405413331	5	383371	0.598391371216	0.00610215872375	3.86872269777e-08	Major facilitator superfamily (MFS) profile domain-containing protein	
Td00001aa013976_T001	1410.72811278	62.3275881809	96	10177	1.32919623047	0.330009205356	5.32577521068e-06	3-ketoacyl-CoA synthase	
Td00001aa013976_T001	65.0679779551	0.70743227084	1	616	0.616548765315	0.000984098798931	8.8482179368e-08	FAE domain-containing protein	
Td00001aa014042_T002	107.669330312	4.59193747201	8	108936	0.640997686151	0.0149621693002	2.1487128852e-07	Alcohol dehydrogenase	
Td00001aa014042_T002	51.0251287647	1.66356756316	3	63594	0.615256711996	0.0091446410183	3.75030109761e-08	Enoyl reductase (ER) domain-containing protein	
Td00001aa014170_T002	1099.23735785	66.1779167612	99	17543	1.25937928575	0.433366412012	7.21222255111e-06	inositol-3-phosphate synthase	
Td00001aa014223_T001	506.482977782	58.9268049933	98	81444	0.792593191113	0.0	0.0	Beta-hexosaminidase	
Td00001aa014231_T001	1125.8943311	44.1384106643	69	8404	1.30175184674	0.493161600632	0.000923298071998	X8 domain-containing protein	
Td00001aa014231_T001	237.933830394	16.0488045955	25	24861	0.704416575778	0.0363074730809	4.14438338422e-06	glucan endo-1,3-beta-D-glucosidase	
Td00001aa014231_T001	58.0858841638	0.747488583151	1	905	0.613234353666	0.0	0.0	Beta-1,3-glucanase	
Td00001aa014316_T001	1104.88602064	65.0380336198	99	17346	1.08923626863	0.108078375539	1.60666943152e-05	Transmembrane 9 superfamily member	
Td00001aa014362_T001	1953.7762004	3.91130304716	6	77	1.41144876859	0.0753552156236	1.20730271865e-06	Heat shock protein, chloroplastic	
Td00001aa014362_T001	307.468210686	12.7560570979	20	33061	0.872050913418	0.300113206486	0.000181485324274	SHSP domain-containing protein	
Td00001aa014362_T001	81.2951819013	0.668297381135	1	1298	0.647052626219	0.0462916086571	4.34939679065e-08	Small heat-shock protein	
Td00001aa014480_T001	433.420437056	28.9530610501	48	30930	0.870300020667	0.201747150549	0.000292802685767	SHSP domain-containing protein	
Td00001aa014480_T001	510.460033441	21.2999476013	34	12070	0.843221839208	0.0925239359444	6.9890529214e-06	Small heat shock protein HSP	
Td00001aa014588_T001	850.641769468	40.8061770447	67	18575	1.1309508407	0.378641068849	0.000718321250752	GST N-terminal domain-containing protein	
Td00001aa014588_T001	16.8455283636	1.92562183377	3	103256	0.601162515007	0.00834773493764	2.07235503122e-07	Glutathione S-transferase L2 chloroplastic	
Td00001aa014588_T001	0	0.643968801443	1	1	0.590192210884	0.000362661856616	5.01182051425e-09	Lambda glutathione transferase 4	
Td00001aa014621_T001	314.145463466	44.3571066253	73	138585	0.906107140764	0.359331477979	0.000163602444211	AB hydrolase-1 domain-containing protein	
Td00001aa014621_T001	454.590049144	0.710627509265	1	17	0.778674252576	0.0129023213017	1.31435862195e-07	Hydrolase, alpha/beta fold family protein, expressed	
Td00001aa014621_T001	188.554153954	4.2221941719	7	3487	0.679758948156	0.0270514779941	1.61894441385e-07	Alpha/beta-Hydrolases superfamily protein	
Td00001aa014621_T001	92.635183925	1.16191673871	2	1094	0.628704767022	0.00311451588889	1.52046423053e-09	Alpha/beta hydrolase family	
Td00001aa014690_T001	1107.78777796	41.6245233019	65	8594	1.10152260736	0.129050756691	0.000529756563289	Bet v I/Major latex protein domain-containing protein	
Td00001aa014690_T001	1037.5641969	3.33786016336	5	63	1.01073379639	0.010770025025	2.18210368853e-07	Pathogenesis-related protein 10	
Td00001aa014690_T001	782.734474292	3.88548356461	6	150	0.903093789717	0.0	0.0	Pathogenesis-related protein 1-like	
Td00001aa014690_T001	503.100096501	0.644817726116	1	2	0.793761160855	0.00475614148168	1.83634806243e-05	Pathogenesis-related protein 10d	
Td00001aa014690_T001	495.201600581	3.90228648092	6	378	0.792963910558	0.00921371738792	5.50770871011e-09	Pathogenesis-related protein 1	
Td00001aa014690_T001	501.096714593	0.642250024253	1	2	0.792945535786	0.00472986445692	1.08932852532e-06	Pathogenesis-related protein 10b	
Td00001aa014690_T001	497.089950775	0.637114620526	1	7	0.791298596453	0.00464639626062	1.30626827681e-06	Pathogenesis-related protein 10a	
Td00001aa014781_T002	964.90841098	18.9019159409	29	4241	1.14121978693	0.311732721314	0.00190401198781	DOG1 domain-containing protein	
Td00001aa014781_T002	1241.78718792	7.27186803919	11	379	1.1054729828	0.0353916179622	2.75057732237e-05	Transcription factor TGA6	
Td00001aa014781_T002	696.083377568	0.662122936307	1	3	0.872267275885	0.0072338185974	5.0055047982e-08	TGA-type basic leucine zipper protein	
Td00001aa014781_T002	698.063916321	0.664006844829	1	8	0.871992031568	0.00521974513175	5.97424219735e-09	Glucose-6-phosphate 1-dehydrogenase 4 chloroplastic	
Td00001aa014781_T002	31.6933541335	2.01276967015	3	44315	0.612985672339	0.0194496761219	1.17070199773e-07	Glucose-6-phosphate 1-dehydrogenase	
Td00001aa014817_T001	429.237285292	7.67413294507	14	4784	0.825895101841	0.121132316656	2.99480355167e-06	Hydroxyproline-rich glycoprotein family protein	
Td00001aa014817_T001	125.408885329	10.8718940484	20	112274	0.734097368597	0.177233058567	1.46712464564e-05	PH domain-containing protein	
Td00001aa014817_T001	274.897682994	3.31239099886	6	2173	0.727249307252	0.0514909480068	1.58052228422e-06	Stress responsive protein	
Td00001aa014817_T001	108.046588539	4.05499039022	7	21059	0.646018773948	0.0241511341003	1.87298212735e-06	Ricin B lectin domain-containing protein	
Td00001aa014847_T001	1024.73145383	11.9364248789	19	839	1.10359860226	0.19564832605	0.000620396006147	Receptor-like protein kinase FERONIA	
Td00001aa014847_T001	145.714641305	42.3307554177	67	519843	0.823955960339	0.331452864745	4.27508444725e-06	Protein kinase domain-containing protein	
Td00001aa014847_T001	135.797426721	0.605679412465	1	123	0.646442292011	0.00400622197995	1.18368403415e-06	Di-glucose binding within endoplasmic reticulum	
Td00001aa014848_T001	3155.19957214	58.7860819347	93	1998	1.91983078476	0.127831363791	1.66548200181e-05	Translation initiation factor IF2/IF5 domain-containing protein	
Td00001aa014878_T002	1997.012698	62.8442475843	97	5203	1.49821574945	0.20642543279	0.000259543720076	Sucrose synthase	
Td00001aa014939_T002	518.391520588	60.5006839909	94	73048	0.798851662136	0.00282085640688	2.8103849127e-10	UDP-glucose 4-epimerase	
Td00001aa014939_T002	18.1863009805	1.68547918436	3	45373	0.597274520392	0.0	0.0	NAD(P)-binding domain-containing protein	
Td00001aa014983_T003	653.330840465	61.1308162957	97	48058	0.973336057605	0.230192904154	7.41108746646e-05	Glutathione peroxidase	
Td00001aa014983_T003	3.95409411592	0.649915320189	1	131598	0.594519041178	0.00554227045188	9.59180643543e-09	Thioredoxin domain-containing protein	
Td00001aa015117_T001	681.378861408	61.4289057484	100	46043	1.3375137731	0.896148218365	0.000183640011994	Phospho-2-dehydro-3-deoxyheptonate aldolase	
Td00001aa015187_T005	1833.43741058	6.88061845453	11	82	1.33829517847	0.0281513080657	1.04794420457e-06	Inter-alpha-trypsin inhibitor heavy chain-related	
Td00001aa015187_T005	409.413773935	50.8988140725	82	89938	0.939012503387	0.349511987055	0.000282033703722	VWFA domain-containing protein	
Td00001aa015187_T005	287.216199667	1.30395790069	2	120	0.707378923112	0.00470271919413	1.03623737497e-07	von Willebrand factor type A domain containing protein, expressed	
Td00001aa015308_T002	566.597379869	54.332110872	93	61837	0.883214863021	0.12561291013	5.343522616e-05	Peroxidase	
Td00001aa015619_T001	4065.75733553	52.2471497621	84	1064	2.26998136522	0.101179201	0.00267272371337	Tobamovirus multiplication protein 2A	
Td00001aa015619_T001	240.836091851	1.16978618298	2	152	0.687206142069	0.00164472459944	6.45281048096e-08	Tetraspanin family	
Td00001aa015624_T001	584.560149848	62.1130846157	98	61281	0.91749889745	0.176744226515	1.98728893865e-05	Pyruvate kinase	
Td00001aa015632_T001	975.273416714	54.9207914725	95	21259	1.17620971107	0.370000122748	1.39663571358e-05	Transcription factor	
Td00001aa016005_T001	203.851154072	3.76313812066	6	30930	1.20124276321	0.999431462846	0.000181313723493	SHSP domain-containing protein	
Td00001aa016026_T002	407.930067593	10.0674768342	15	3374	0.770237280131	0.0321985386981	1.37917180252e-06	Cell division control protein 2 homolog 2	
Td00001aa016026_T002	159.555605022	49.5427409025	77	532311	0.709144754876	0.104382054266	1.20530410111e-06	cyclin-dependent kinase	
Td00001aa016203_T001	2003.89439887	33.476087338	53	2823	1.45572800797	0.12107442155	4.02500765003e-05	Ubiquitin fusion degradation protein	
Td00001aa016231_T002	439.185475567	0.593613799144	1	13	0.982869133187	0.409801595947	4.85540215113e-06	Putative non-specific protein-tyrosine kinase RLK-Pelle-RLCK-XV family	
Td00001aa016231_T002	180.888222497	46.0124040338	75	459315	0.850452131967	0.354899545222	4.20001708954e-06	Protein kinase domain-containing protein	
Td00001aa016231_T002	240.053276639	1.27586081222	2	201	0.786674325378	0.189910897561	1.19507657996e-05	BRASSINOSTEROID INSENSITIVE 1-associated receptor kinase 1	
Td00001aa016231_T002	204.231252252	0.546762455788	1	51	0.768474167959	0.182606758286	4.25833288703e-06	Somatic embryogenesis receptor kinase 2	
Td00001aa016231_T002	104.601530692	0.601163714608	1	235	0.634277364958	0.0045976465423	6.798919781e-10	ATP binding protein, putative	
Td00001aa016275_T003	1790.63493133	58.6903119343	97	6459	1.54064482011	0.442161117047	0.00227277731689	Lipoxygenase	
Td00001aa016360_T001	2951.61298588	30.5853244049	51	1229	1.92173891236	0.285032418484	0.00132681070798	Allene oxide synthase	
Td00001aa016360_T001	50.1581352095	0.545534055827	1	1353	0.612357128184	0.00432805831243	1.59706948798e-07	(wild Malaysian banana) hypothetical protein (Fragment)	
Td00001aa016799_T001	1346.45634123	3.23358229491	5	59	1.16334477743	0.0655252167861	0.00169380195828	Gibberellin receptor GID1L2	
Td00001aa016799_T001	458.836309134	27.8804382561	46	37761	1.06062768784	0.541684985934	6.08219431794e-06	Alpha/beta hydrolase fold-3 domain-containing protein	
Td00001aa016799_T001	770.871508639	1.27534280131	2	28	0.914459899256	0.030395966861	7.16681822364e-05	Tuliposide A-converting enzyme 1, chloroplastic	
Td00001aa016799_T001	537.973574506	1.81937677117	3	117	0.827478358771	0.0420545614493	5.70002040153e-07	Putative carboxylesterase 2	
Td00001aa017003_T001	2010.64386498	63.9592482278	97	5137	1.65310266915	0.488374739111	0.000325571686967	Phenylalanine ammonia-lyase	
Td00001aa017178_T001	1162.67795459	8.45968238883	14	2066	1.37918171305	0.611445422641	0.00222286053414	Dehydrin	
Td00001aa017178_T001	442.206601361	0.592247742304	1	70	0.796923063554	0.0566799903956	1.40501572183e-06	Late embryogenesis abundant	
Td00001aa017178_T002	1162.68253494	8.46836831196	14	2066	1.37918354519	0.611445422641	0.00222286053414	Dehydrin	
Td00001aa017178_T002	442.217545299	0.592868165385	1	70	0.79692744113	0.0566799903956	1.40501572183e-06	Late embryogenesis abundant	
Td00001aa017188_T002	1205.27967949	6.44721163909	10	283	1.11483422565	0.0806054024109	7.45290348861e-05	High mobility group box protein2	
Td00001aa017188_T002	459.891590229	27.6139168137	45	35650	0.931408158192	0.29707364	0.00012464503064	HMG box domain-containing protein	
Td00001aa017188_T002	646.641100072	0.650208211049	1	2	0.856221476905	0.0142736541738	8.19500987998e-09	HMG-like nucleosome/chromatin assembly factor D	
Td00001aa017372_T002	5048.37113906	62.6416766843	95	789	2.76587958666	0.295341575011	4.81412320499e-06	Pyrophosphate--fructose 6-phosphate 1-phosphotransferase subunit alpha	PFP-ALPHA
Td00001aa017372_T002	54.1828503204	0.655709173961	1	750	0.611787110765	0.00021503881994	3.09961398668e-09	Phosphofructokinase domain-containing protein (Fragment)	PFP-ALPHA
Td00001aa017416_T001	558.330195305	48.2520463143	80	49520	1.03246161997	0.413446804868	0.000136763216463	Peptidase A1 domain-containing protein	
Td00001aa017416_T001	293.25646077	0.663996229761	1	34	0.713013454033	0.0107743866979	2.22387730766e-05	Aspartyl protease AED1	
Td00001aa017416_T001	262.485544634	2.86134777352	5	788	0.704134848022	0.0172463854557	2.29385689201e-06	Aspartic proteinase nepenthesin-2	
Td00001aa017416_T001	79.00594815	1.79729889322	3	3429	0.636837297104	0.0287451107938	4.56147008096e-07	Aspartyl protease family protein	
Td00001aa017572_T001	1768.95579244	5.7892254398	9	125	1.34652983196	0.0923537195834	2.1804219964e-06	Heat shock protein, mitochondrial	
Td00001aa017572_T001	451.391519782	23.2400817758	37	30930	1.01851213115	0.467820860112	0.00052336866399	SHSP domain-containing protein	
Td00001aa017626_T002	979.959243621	10.7374085788	17	749	0.99746145232	0.0292032941192	4.49418382009e-07	1-aminocyclopropane-1-carboxylate oxidase	
Td00001aa017626_T002	389.026860334	43.2403603253	69	77036	0.858257650052	0.212537346239	0.00010562057153	Fe2OG dioxygenase domain-containing protein	
Td00001aa017626_T002	0	0.663554943285	1	1	0.59	0.0	0.0	1-aminocyclopropane-1-carboxylate oxidase20	
Td00001aa017835_T001	620.896248382	40.5236841428	64	32324	1.03846122275	0.377549391077	7.7306499491e-05	K Homology domain-containing protein	
Td00001aa017835_T001	33.8519279121	3.12553218973	5	64170	0.603540771165	0.0	0.0	RNA-binding protein Nova-1	
Td00001aa017835_T001	0	0.746108146937	1	1	0.590525258404	0.000991051986966	4.2538071378e-08	KH domain-containing protein NOVA-like	
Td00001aa017913_T001	829.007919382	37.7702722712	62	15318	1.03573602714	0.215340060571	0.000131364314146	GDSL esterase/lipase	
Td00001aa017913_T001	92.6835319758	8.68640246693	14	64632	0.673764882469	0.0880969560075	4.14971795344e-06	Esterase	
Td00001aa017913_T001	9.99280299764	0.71417244163	1	36851	0.599614987938	0.0105997431772	1.42732493667e-07	Lipase	
Td00001aa018057_T003	1047.05758034	1.41658092481	2	6	1.35697430835	0.656889185899	3.84477812648e-07	Beta-galactosidase 4	
Td00001aa018057_T003	295.001072579	0.725030240137	1	33	0.889722687193	0.34287214492	1.06770844402e-06	Beta-galactosidase 9	
Td00001aa018057_T003	477.199353921	58.8665413522	92	83103	0.780879741568	0.0	0.0	Beta-galactosidase	
Td00001aa018155_T002	2157.56378315	54.7798814931	89	4084	1.6384100402	0.349777277303	0.000128498362004	heme oxygenase (biliverdin-producing)	
Td00001aa018252_T001	5098.2825111	34.658405631	60	376	2.72181179518	0.17451943611	0.000174480061082	Protein TIC 21, chloroplastic	
Td00001aa018252_T001	2715.02195546	11.1410151953	20	137	1.70067395251	0.0465367049416	3.58354409966e-05	Translocon at inner membrane of chloroplasts 21	
Td00001aa018400_T001	1810.84439793	10.6137521331	17	210	1.40195096735	0.16525047979	0.00152269468753	Receptor-like protein kinase HERK 1	
Td00001aa018400_T001	150.369459672	43.9471881248	69	520230	0.830529631221	0.340342942561	4.38974881567e-06	Protein kinase domain-containing protein	
Td00001aa018400_T001	133.678932621	0.599672995898	1	123	0.645201549512	0.00326407014316	9.6440679876e-07	Di-glucose binding within endoplasmic reticulum	
Td00001aa018430_T003	1552.50871151	61.8342646356	96	8526	1.39235534646	0.342172902065	1.11882890447e-05	4-coumarate--CoA ligase	
Td00001aa018507_T001	880.123663612	66.9287590543	99	27348	1.02914033694	0.164321032291	3.62192781969e-05	Tubulin beta chain	
Td00001aa018619_T001	3067.2073604	2.52611938085	4	11	1.84477543735	0.0526253296266	5.34242049778e-05	Beta expansin 3	
Td00001aa018619_T001	929.340055561	16.880065209	28	5350	1.22393438484	0.494632472411	0.00215761165719	Expansin-like EG45 domain-containing protein	
Td00001aa018619_T001	838.957758312	0.658802072656	1	2	0.959674398268	0.0642682409266	0.00145636259945	Beta expansin2	
Td00001aa018619_T001	840.930842174	0.660351459081	1	4	0.937801637733	0.0215459347248	0.000497772974743	Beta expansin8	
Td00001aa018619_T001	504.014401891	0.729791177091	1	34	0.791605760756	0.0	0.0	Beta-expansin	
Td00001aa018756_T002	2171.72016791	63.2837442642	95	4312	1.57967480602	0.228266260343	0.00028104377879	Sucrose synthase	
Td00001aa018793_T002	926.818837815	43.3231935051	67	11995	1.05591798959	0.179602139753	6.60198490633e-05	Clp R domain-containing protein	
Td00001aa018793_T002	213.011738114	16.2662739731	25	31985	0.694013301074	0.0354878496707	2.27516710372e-06	Chaperone protein ClpB3, chloroplastic	
Td00001aa018793_T002	10.1120408016	0.595329747879	1	18697	0.596638885479	0.00489446995235	4.19148283434e-09	Protease	
Td00001aa018860_T001	329.045665835	42.9115941253	76	147994	1.01360396757	0.550913390811	8.02054373138e-05	Glutathione S-transferase	
Td00001aa018860_T001	15.8214915116	0.469434562323	1	7616	0.597736007771	0.00265548992943	7.51901330645e-08	GST C-terminal domain-containing protein	
Td00001aa018921_T001	1319.66522862	42.0185404722	68	7549	1.28685133733	0.318839716428	9.80853480753e-06	Pyrrolidone-carboxylate peptidase	
Td00001aa018921_T001	271.324898336	0.63666476926	1	41	0.705236788415	0.0126502790709	0.000109058656758	Peptidyl-prolyl cis-trans isomerase PASTICCINO1	
Td00001aa018921_T001	168.803096887	3.76452874407	6	3702	0.672922178776	0.029058373252	1.09874332869e-07	Pyroglutamyl-peptidase I	
Td00001aa018922_T002	2582.32307325	29.63609262	47	1507	1.95968447048	0.635187230357	0.005300454622	Flavonoid 3',5'-hydroxylase	
Td00001aa019065_T001	2995.41929117	12.5333477688	19	113	1.80215820883	0.0263971154528	1.05872570061e-06	Small heat shock protein HSP17.8	
Td00001aa019065_T001	548.916931066	39.2906231709	62	33061	0.896447088447	0.163913529133	0.000307279013281	SHSP domain-containing protein	
Td00001aa019248_T001	326.505777168	40.5002729712	67	121819	0.920106074159	0.37639565135	0.000703403827877	GST N-terminal domain-containing protein	
Td00001aa019248_T001	36.7165424874	4.2121763846	7	103258	0.608433635984	0.00706984127845	1.55591502597e-07	Glutathione S-transferase	
Td00001aa019280_T001	977.956862991	38.4522688254	57	12075	1.01668819172	0.0669907906476	1.63741342076e-05	Heat shock protein 70	
Td00001aa019280_T001	433.150159845	0.657539905657	1	18	0.763792234877	0.00100408510266	2.91723146168e-07	Molecular chaperones HSP70/HSC70, HSP70 superfamily	
Td00001aa019280_T001	427.351618855	1.40144154161	2	84	0.761881842697	0.00177580242592	9.9347241864e-07	Putative mediator of RNA polymerase II transcription subunit 37c	
Td00001aa019363_T002	872.140852604	64.3444263488	98	27560	1.05744575789	0.223743418435	0.000270253855296	phosphoenolpyruvate carboxykinase (ATP)	
Td00001aa019447_T001	569.25587146	54.4338789693	96	63031	1.12874147964	0.586856559902	0.000257715220149	Peroxidase	
Td00001aa019475_T001	3690.32040294	5.24987692186	8	12	2.07479667475	0.0163486977483	0.000185188223699	Anaerobic nitrite reductase GLB1	
Td00001aa019475_T001	1107.16417711	39.5062497582	64	7549	1.15004662428	0.221079131262	0.000450693266254	Globin domain-containing protein	
Td00001aa019475_T001	426.216091671	11.6983307552	19	4466	0.7779657065	0.0329783941643	3.60462431581e-05	Non-symbiotic hemoglobin 1	
Td00001aa019475_T001	418.153111971	0.543039803113	1	2	0.757261244788	0.0	0.0	Non-symbiotic hemoglobin, putative	
Td00001aa019475_T001	0	0.629323524053	1	1	0.609581545251	0.0369452744966	2.74884125851e-05	Hemoglobin Hb1	
Td00001aa019475_T001	0	0.598399376926	1	1	0.59585323566	0.011043173222	1.76926418021e-05	Class I non-symbiotic haemoglobin	
Td00001aa019499_T002	729.357125655	10.6905446284	18	1336	0.979976167029	0.185340509412	0.000142338907506	Inactive receptor kinase	
Td00001aa019499_T002	162.517620244	44.2557410385	73	459630	0.918943392355	0.497992843315	6.86501324952e-06	Protein kinase domain-containing protein	
Td00001aa019499_T002	529.698547092	0.671697797055	1	6	0.916892086866	0.217004022842	2.67961229331e-05	Atypical receptor-like kinase MARK	
Td00001aa019499_T002	186.944445089	0.734524800041	1	96	0.672486198575	0.0145441873355	6.25637063879e-08	Leucine Rich Repeat family protein, expressed	
Td00001aa019500_T002	595.055184152	0.668849241863	1	6	0.945295463254	0.22126934607	3.18087808706e-05	Atypical receptor-like kinase MARK	
Td00001aa019500_T002	566.500377581	7.25752903395	12	1299	0.945087422666	0.242425104687	9.83074818975e-05	Inactive receptor kinase	
Td00001aa019500_T002	142.537551873	34.3921247579	55	459323	0.939437599436	0.551740502477	5.61867479429e-06	Protein kinase domain-containing protein	
Td00001aa019500_T002	210.35701333	0.732611363245	1	96	0.683939034734	0.0184834487138	7.92032827526e-08	Leucine Rich Repeat family protein, expressed	
Td00001aa019508_T001	1349.80964652	46.5968300586	77	8761	1.16794687195	0.0717409856597	1.45472015351e-05	Heat shock 70 kDa protein 8	
Td00001aa019508_T001	542.026570564	0.632149387053	1	2	0.855192548189	0.0912857751832	2.29558382984e-05	78 kDa glucose-regulated protein-like protein	
Td00001aa019508_T001	603.160363638	0.703447650218	1	2	0.832852503861	0.00299690076997	4.99030551182e-08	DnaK protein, expressed	
Td00001aa019565_T001	1353.53306966	42.6142224971	67	7413	1.19465913691	0.119320645452	0.000298347587346	Metal transporter	
Td00001aa019565_T001	104.869196896	1.77062953875	3	2131	0.632820931228	0.0016476367864	2.4861644962e-07	Natural resistance-associated macrophage protein	
Td00001aa019565_T001	3.69274855936	0.650273712715	1	202715	0.594542282408	0.00578336377426	9.17596148928e-09	Integral membrane protein	
Td00001aa019942_T001	404.634474889	3.8537746516	6	7851	0.775569956873	0.0447474626866	5.84653926484e-07	Histone H2A/H2B/H3 domain-containing protein	
Td00001aa020162_T001	2165.34204192	53.0049247507	81	3427	1.5339536049	0.146741615041	0.00218660789396	W2 domain-containing protein	
Td00001aa020162_T001	93.9022104709	2.6735262891	4	4632	0.633662081514	0.0115116717757	5.64228614898e-07	ARM repeat superfamily protein	
Td00001aa020162_T001	47.2284369661	1.38042375611	2	4877	0.613632331729	0.00894519597909	1.53681360652e-07	Translation initiation factor	
Td00001aa020170_T003	1794.5168618	10.959256358	19	429	1.62542418206	0.598331181087	0.0250955683017	O-methyltransferase ZRP4	
Td00001aa020170_T003	1689.0750914	3.95296513177	7	63	1.37350779293	0.203542929042	1.99114536417e-07	O-methyltransferase 2	
Td00001aa020170_T003	424.0267705	15.4442016621	27	15256	0.7596107082	0.0	0.0	O-methyltransferase domain-containing protein	
Td00001aa020170_T003	0	0.662554652103	1	1	0.616308925783	0.0495149167246	0.0033009959489	Herbicide safener binding protein	
Td00001aa020170_T003	30.920178766	1.21267085954	2	17617	0.611115765562	0.0165049722415	2.93839633996e-06	O-methyltransferase	
Td00001aa020613_T001	1.4782770766e-06	0.650787349592	1	260692	1.11756882755	0.995412844037	9.8074772333e-07	Transmembrane protein	
Td00001aa020796_T002	829.225355038	63.0508769564	98	30462	1.11337894765	0.361673025087	0.000105116977966	Glucose-1-phosphate adenylyltransferase	
Td00001aa020997_T002	315.524363765	46.4541119129	75	147815	0.992678485318	0.521629924054	0.000244003145315	AB hydrolase-1 domain-containing protein	
Td00001aa020997_T002	175.850190805	1.1562046819	2	295	0.671778045346	0.0215810719278	4.50962310111e-08	1,25-dihydroxyvitamin D(3) 24-hydroxylase, mitochondrial	
Td00001aa020997_T002	111.289353334	2.48476396502	4	3400	0.64207593569	0.0142645157934	4.93074710991e-08	Alpha/beta-Hydrolases superfamily protein	
Td00001aa020997_T002	26.0402875251	0.573123254932	1	3297	0.605930701456	0.010404880016	1.89611537261e-09	NAD(P)-dependent glyceraldehyde-3-phosphate dehydrogenase	
Td00001aa021055_T002	4593.55696058	25.2199928698	42	380	2.48920798193	0.116574599318	3.30029817572e-05	20 kDa chaperonin, chloroplastic	
Td00001aa021055_T002	225.107443133	2.69307085041	4	1804	0.682969102651	0.0055209830341	2.19465505554e-07	Chaperonin	
Td00001aa021651_T001	698.070949636	59.4552910385	96	42028	0.944715278302	0.142427750062	9.54575314613e-06	ATP synthase gamma chain	
Td00001aa021652_T001	728.287588246	59.518059114	96	38305	0.959665749502	0.147827256774	0.000113405686249	Aconitate hydratase	
Td00001aa021652_T001	14.2979555805	0.638366811276	1	11322	0.597323970015	0.00302789402828	1.97398398089e-07	GYF domain-containing protein	
Td00001aa021684_T001	1660.17646097	11.3082915445	18	265	1.26236582831	0.0156512512302	4.0383785413e-06	Glucose-6-phosphate/phosphate translocator 2	
Td00001aa021684_T001	712.962039245	47.2464423138	76	25078	0.969048128435	0.177100357973	6.15055389001e-06	Sugar phosphate transporter domain-containing protein	
Td00001aa021684_T001	162.384722433	0.607747653856	1	80	0.731738014554	0.144875622559	2.28121362612e-06	UAA transporter family	
Td00001aa021684_T001	227.917616161	0.732539164595	1	59	0.681167046464	0.0	0.0	Glucose-6-phosphate/phosphate-translocator	
Td00001aa021855_T002	1117.18848792	10.7141261782	17	543	1.06045593294	0.0444885851466	7.93821592188e-05	Polyol transporter 5	
Td00001aa021855_T002	180.361552809	46.0236894894	75	383371	0.753478344012	0.172327160614	1.63881183994e-05	Major facilitator superfamily (MFS) profile domain-containing protein	
Td00001aa021855_T002	234.508151908	0.689249870719	1	51	0.699427300198	0.0294793155726	1.09064541026e-07	Sorbitol transporter	
Td00001aa021855_T002	87.6947720478	0.659677586883	1	334	0.626867522755	0.00337662847011	4.2354724431e-08	Proton myo-inositol cotransporter	
Td00001aa021855_T002	48.9428218862	0.591616109224	1	862	0.617389147894	0.0147396577863	2.56500640396e-08	Putative sugar transporter	
Td00001aa022118_T001	1800.98545436	12.6741333609	21	302	1.35965279925	0.092936270198	0.000119714853127	NudC domain-containing protein 2	
Td00001aa022118_T001	1064.93179421	42.8535983136	70	9874	1.22757504077	0.399160016053	0.00237572883983	CS domain-containing protein	
Td00001aa022118_T001	816.952912653	1.19281223613	2	13	0.924736862865	0.0150107503237	6.5936022333e-09	Alpha-crystallin, subunit A	
Td00001aa022118_T001	0	0.703816321439	1	1	0.594572710559	0.00862774560825	2.69341110059e-07	Nuclear movement protein-like	
Td00001aa022195_T001	606.977380091	58.7524982736	99	57425	1.00401864829	0.323065592705	0.000146606020083	Peroxidase	
Td00001aa022333_T001	98.4528328428	12.2025785613	21	459742	0.862337294712	0.439539848748	2.08690138415e-06	Protein kinase domain-containing protein	
Td00001aa022594_T002	6932.61684203	2.74921729535	5	22	3.39513215461	0.0605383459449	4.72216477078e-06	Late embryogenesis abundant protein, group 3	LEA3
Td00001aa022640_T001	1110.65523846	4.62767409887	7	95	1.04072037596	0.012185317041	3.12698121965e-06	Heat shock protein 101	
Td00001aa022640_T001	834.040059262	39.0508913569	59	11995	1.0052940565	0.154107613415	4.98843507682e-05	Clp R domain-containing protein	
Td00001aa022640_T001	182.830966969	13.9972632569	21	32038	0.685268751728	0.04173574281	0.000821062571142	Chaperone protein ClpB1	
Td00001aa022640_T001	0	0.652886264537	1	1	0.608215279976	0.0343617919475	0.000176512189769	Heat shock protein 101C (Fragment)	
Td00001aa022640_T001	0	0.676436573989	1	1	0.596095583317	0.0114987113357	6.331546524e-05	Heat shock protein HSP101	
Td00001aa022732_T002	878.477390636	21.984266087	36	8248	1.30924744261	0.694038809519	0.000795865360982	Globin domain-containing protein	
Td00001aa022732_T002	1621.72180212	1.41309727149	2	2	1.25861082911	0.0375180803323	0.00187628433676	Anaerobic nitrite reductase NSHB5	
Td00001aa022732_T002	1384.88019921	1.20672406339	2	4	1.14395207968	0.0	0.0	Non-symbiotic hemoglobin-like	
Td00001aa022732_T002	524.533361958	1.80524111525	3	156	0.821109335035	0.0401809887624	3.31036606842e-06	Non-symbiotic hemoglobin	
Td00001aa022737_T001	2685.15978108	6.49867516808	10	57	1.80694806088	0.268514793164	0.0285654035281	GTP-binding protein RIC2	
Td00001aa022737_T001	2571.52933124	4.43922977209	7	29	1.67083967152	0.0984440289579	0.00263018397979	Ras-related protein YPT3	
Td00001aa022737_T001	1110.72359572	1.46807404212	2	17	1.06964431653	0.0666934892197	0.000366447742965	GTP-binding protein GTP1	
Td00001aa022737_T001	252.171638017	1.26016979325	2	243	0.707095749438	0.0306171553894	9.371902962e-08	Putative small GTPase superfamily, P-loop containing nucleoside triphosphate hydrolase	
Td00001aa022737_T001	271.161426297	19.4946827257	30	50268	0.698464570519	0.0	0.0	GTP-binding protein	
Td00001aa022737_T001	0	0.639749265021	1	1	0.60730584482	0.0326525138254	6.24641577561e-07	Ras-related protein, expressed	
Td00001aa022834_T001	627.564853375	49.5789530103	81	39779	1.17021324581	0.621082965528	0.000666636456739	UspA domain-containing protein	
Td00001aa022834_T001	262.248304777	5.03461640137	9	2349	0.708536991135	0.0257312740418	4.69910532332e-06	Universal stress protein PHOS34	
Td00001aa022834_T001	0	0.561466022322	1	1	0.59340048214	0.0064160008939	8.3324104679e-08	Putative Rossmann-like alpha/beta/alpha sandwich fold	
Td00001aa022874_T001	2475.77585728	3.32967434763	5	7	1.62358703181	0.0816505471779	9.494475976e-05	Plastidic phosphate translocator-like protein1	
Td00001aa022874_T001	728.839982357	49.5395276119	76	25538	0.94154897398	0.113231879873	4.23524192915e-06	Sugar phosphate transporter domain-containing protein	
Td00001aa022874_T001	655.172757557	6.49314860393	10	543	0.868546212958	0.0310887561944	3.45759076682e-06	Putative sugar phosphate/phosphate translocator	
Td00001aa022922_T003	537.784771718	2.98035689907	5	183	0.934558323842	0.244227444664	0.000193474153575	Probable leucine-rich repeat receptor-like protein kinase At5g49770	
Td00001aa022922_T003	127.038752842	56.3031936053	93	1163387	0.811242448769	0.321560100397	4.72107738904e-06	non-specific serine/threonine protein kinase	
Td00001aa022963_T002	903.222191303	20.5630873921	32	8398	1.00299933442	0.0975668033993	2.60497629781e-06	Aminotransferase class-III	
Td00001aa022969_T001	1570.13489695	15.0597922053	24	552	1.25121394886	0.0625652547658	2.02527633787e-05	Aldose reductase	
Td00001aa022969_T001	410.00158028	40.7144103607	66	59141	0.825154143147	0.134251819623	2.33176250093e-06	NADP-dependent oxidoreductase domain-containing protein	
Td00001aa022969_T001	10.9701472704	1.77848532164	3	150718	0.595678962862	0.00243566680532	2.73755287186e-08	Aldo/keto reductase	
Td00001aa023055_T003	2413.75222312	54.4269170091	84	2765	1.77643583658	0.416858169069	5.88623950826e-06	Delta-1-pyrroline-5-carboxylate synthase	
Td00001aa023055_T003	227.790354375	1.26988658702	2	169	0.690570913769	0.0178391910116	3.91415089767e-08	Delta 1-pyrroline-5-carboxylate synthetase	
Td00001aa023055_T003	200.756145371	5.12369703531	8	3541	0.684499148257	0.0267862062783	3.90507049927e-08	Glutamate-5-semialdehyde dehydrogenase	
Td00001aa023115_T002	629.210882045	0.66310113386	1	138	0.868730125153	0.051029754272	1.28536475303e-07	Putative MYB DNA-binding domain superfamily protein	
Td00001aa023115_T002	488.224583652	1.30518442487	2	888	0.804386982336	0.0360322403371	3.07484190278e-06	Transcription factor DIVARICATA	
Td00001aa023115_T002	16.2722262642	0.657988573806	1	201834	0.649546338763	0.100070656583	1.34113611641e-08	DNA binding protein	
Td00001aa023188_T001	499.385681164	59.4936087112	95	81444	0.789754272466	0.0	0.0	Beta-hexosaminidase	
Td00001aa023196_T001	373.33833031	58.0127256607	97	147994	0.978830132954	0.451874601777	6.3094405475e-05	glutathione transferase	
Td00001aa023605_T003	540.710722796	25.6556726737	41	15318	0.886917615545	0.152136028335	6.15704303878e-05	GDSL esterase/lipase	
Td00001aa023605_T003	254.208642687	24.7848985216	40	64632	0.758068679751	0.125254580522	1.47499756262e-05	Esterase	
Td00001aa023611_T003	3705.52658093	28.1600301139	46	606	2.09910579538	0.0507326674953	0.000342461824755	Abscisic acid receptor PYL8	
Td00001aa023611_T003	1432.56459365	1.92769222068	3	19	1.17251971644	0.0179125588735	1.11389628886e-05	Regulatory components of ABA receptor 3	
Td00001aa023611_T003	607.044052256	0.592607808997	1	4	0.832817620902	0.0	0.0	Pathogenesis-induced protein	
Td00001aa023611_T003	583.041281512	0.569175914403	1	5	0.824766842097	0.00292514988878	2.55167117047e-09	AT-rich element binding factor 3	
Td00001aa023611_T003	323.913168962	0.692787221193	1	48	0.768406416452	0.092145958177	0.000189551676574	Abscisic acid receptor PYL5	
Td00001aa023611_T003	69.5869830125	1.20863816544	2	3163	0.619504999498	0.00315133082024	4.79085837247e-08	Polyketide cyclase/dehydrase	
Td00001aa023617_T001	1183.97742919	13.9107932781	23	899	1.14634251756	0.156134952084	1.0639712213e-06	Leucine-rich repeat extensin-like protein 3	
Td00001aa023617_T001	497.514325613	9.43510012899	17	2342	0.836167509538	0.0889843593295	3.44239582734e-06	Cell wall hydroxyproline-rich glycoprotein	
Td00001aa023617_T001	516.019657067	0.639426093465	1	4	0.80137723174	0.00937616772588	9.34136181177e-10	Leucine-rich repeat/extensin 1	
Td00001aa023617_T001	357.560042867	27.9187617161	46	39684	0.733024017147	0.0	0.0	Leucine-rich repeat-containing N-terminal plant-type domain-containing protein	
Td00001aa023617_T001	107.608916851	1.98014669672	3	2204	0.647691026519	0.0276367160935	1.24346097991e-08	Receptor-like protein kinase	
Td00001aa023617_T001	26.6449252252	0.701299886287	1	4497	0.606127395679	0.0103196544462	4.3662595499e-07	Extensin	
Td00001aa023647_T003	2081.6623409	7.13989548699	12	89	1.43318703312	0.0198524885454	1.38916997811e-05	Stem 28 kDa glycoprotein	
Td00001aa023647_T003	719.038883111	39.8374532695	66	23219	0.937580815926	0.113141877765	3.37327713769e-06	Acid phosphatase	
Td00001aa023670_T002	1051.63954775	26.2721323217	48	7435	1.20643082577	0.369386232369	1.5175877119e-05	Subtilisin-like protease	
Td00001aa023670_T002	1420.73759974	4.35613313734	8	112	1.20399708547	0.0862301906553	2.22624629716e-06	Subtilisin-like serine endopeptidase family protein	
Td00001aa023670_T002	117.360549576	1.10716984614	2	1060	0.640822683608	0.00731756566932	7.69864878415e-06	Cucumisin	
Td00001aa023670_T002	52.6246835142	1.0344131032	2	4597	0.612922423361	0.0035330921946	5.54621806457e-07	Inhibitor I9 domain-containing protein	
Td00001aa023759_T001	5029.3577519	2.29614779646	4	14	2.71247269873	0.208922371438	3.70553170067e-05	Centrosomal protein of 135 kDa-like protein	
Td00001aa023759_T001	368.345466416	0.645082759004	1	206	0.754515884316	0.0324107435309	1.83921964452e-07	Myosin heavy chain-related	
Td00001aa023759_T001	287.803981863	2.41170049551	4	4716	0.75205664428	0.0885543280825	6.28825336996e-05	Rx N-terminal domain-containing protein	
Td00001aa023916_T001	739.273355402	5.06739845182	9	583	0.993198247875	0.202807050405	5.84500018056e-05	Polygalacturonase inhibitor	
Td00001aa023916_T001	426.84610853	24.1422477923	42	39684	0.760738443412	0.0	0.0	Leucine-rich repeat-containing N-terminal plant-type domain-containing protein	
Td00001aa023916_T001	123.808672223	0.661338939296	1	354	0.651671100845	0.0229200599388	9.4234639275e-09	Leucine-rich repeat (LRR) family protein	
Td00001aa023972_T001	1635.55543712	8.94053545313	15	191	1.34338636467	0.186933932582	0.00446027789107	ADP-ribosylation factor GTPase-activating protein AGD8	
Td00001aa023972_T001	828.124749986	2.45115998662	4	56	0.989922337245	0.12952208288	0.00128666623498	ADP-ribosylation factor GTPase-activating protein AGD10	
Td00001aa023972_T001	915.64761811	1.14527217734	2	6	0.972222183853	0.0301191221137	9.44457884224e-08	ARF-GAP domain 9	
Td00001aa023972_T001	622.585234867	1.25564583696	2	26	0.966151989497	0.239827188644	0.000474278432353	Putative ADP-ribosylation factor GTPase-activating protein AGD9	
Td00001aa023972_T001	865.201438195	38.0801340593	63	12381	0.936080575278	0.0	0.0	Arf-GAP domain-containing protein	
Td00001aa023972_T001	143.816507581	2.29840396129	4	1632	0.74018337091	0.174824059867	8.07389254496e-07	ADP-ribosylation factor GTPase-activating protein	
Td00001aa023972_T001	13.0194065084	0.648217084382	1	15649	0.603803413466	0.0162182086251	1.45463191121e-08	Zinc finger protein	
Td00001aa023972_T001	0	0.648217084382	1	1	0.598595657149	0.0162182086251	3.2890336526e-07	Rev interacting-like family protein, putative, expressed	
Td00001aa024012_T001	1402.04734904	1.95559068376	3	327	1.25017545888	0.18746500168	3.41863435756e-06	Transferring glycosyl group transferase	
Td00001aa024100_T001	389.511480962	9.86937833768	16	21041	0.870507151129	0.235284245194	9.54395782353e-05	Late embryogenesis abundant protein LEA-2 subgroup domain-containing protein	
Td00001aa024100_T001	580.042605011	0.664366327001	1	43	0.822017042004	0.0	0.0	Harpin-induced protein	
Td00001aa024155_T001	6138.76757155	54.1893580683	86	468	3.09926105244	0.101348602604	0.00196322211253	Protein DEFECTIVE IN EXINE FORMATION 1	
Td00001aa024155_T001	266.732665978	1.82455149004	3	281	0.698365721349	0.00315595260445	3.89266070041e-09	FG-GAP repeat	
Td00001aa024155_T001	35.2621932202	0.594402722396	1	1704	0.604104877288	0.0	0.0	FG-GAP repeat-containing protein	
Td00001aa024176_T005	1720.86295234	6.13575246593	10	78	1.28370883249	0.0101200886664	2.28036468685e-07	D-xylose-proton symporter-like 3, chloroplastic	
Td00001aa024176_T005	439.603082309	0.561223224038	1	10	0.767385568273	0.00291384024392	9.9580952541e-10	D-xylose-proton symporter-like 3	
Td00001aa024176_T005	184.282171065	49.2930719307	81	437809	0.727213975756	0.119812950906	1.21675043762e-05	Major facilitator superfamily (MFS) profile domain-containing protein	
Td00001aa024176_T005	131.516756101	0.667436235574	1	158	0.642913861055	0.000579544546571	2.69384388276e-10	Sugar transporter protein	
Td00001aa024176_T005	0	0.576198174865	1	1	0.591890509878	0.00356699952185	6.56415456095e-09	Putative vacuolar glucose transporter	
Td00001aa024202_T001	1036.12328267	37.0775280379	55	10356	1.04226608529	0.0713516093993	2.09619643107e-05	Heat shock protein 70	
Td00001aa024202_T001	540.1950755	1.32966788118	2	49	0.807347673664	0.00239548532417	1.8121173324e-06	Mediator of RNA polymerase II transcription subunit 37c	
Td00001aa024202_T001	0	0.757481973083	1	1	0.59204662565	0.00386155722826	1.59610752427e-08	DnaK-type molecular chaperone hsp70-rice	
Td00001aa024207_T001	1288.27102253	0.635525622326	1	33	1.30360788425	0.374149948997	1.13537938326e-07	Actin-depolymerizing factor 3	
Td00001aa024207_T001	1076.62636362	0.640552288993	1	48	1.12008186708	0.187606256375	2.87834633485e-07	Actin-depolymerizing factor 10	
Td00001aa024207_T001	152.645281353	1.23777112169	2	8915	0.651058112541	0.0	0.0	ADF-H domain-containing protein	
Td00001aa024225_T002	1133.23682193	33.8392878305	56	9104	1.30070591409	0.485617778349	0.00168813975426	Trichome birefringence-like N-terminal domain-containing protein	
Td00001aa024225_T002	0	0.682341616851	1	1	0.597957415823	0.0150139781208	3.70934015325e-07	Probable xylan O-acetyltransferase 11	
Td00001aa024292_T003	836.294964212	52.7287111698	86	25755	1.14520819229	0.416061726002	0.00887459139527	DUF642 domain-containing protein	
Td00001aa024292_T003	461.342339433	0.573132328081	1	9	0.776867803828	0.00439786353481	1.90903846913e-08	Putative Cation proton exchanger	
Td00001aa024292_T003	11.1562877327	0.5356080309	1	14730	0.599397134891	0.00931058133527	5.84505074724e-07	Phytocyanin domain-containing protein	
Td00001aa024340_T001	218.097865814	35.2586252023	60	268131	1.03649447988	0.677837600027	7.02770398397e-05	Thioredoxin domain-containing protein	
Td00001aa024379_T002	2101.03935464	7.68917641643	13	304	1.54844807341	0.222527007241	0.00465088600344	Stem-specific protein TSJT1	
Td00001aa024379_T002	1342.49613896	1.75976190814	3	39	1.18249980735	0.104713572209	0.000157924975662	Nucleophile aminohydrolase, N-terminal	
Td00001aa024379_T002	1468.66708655	4.22679716346	7	188	1.17746683462	0.0	0.0	Stem-specific protein TSJT1-like	
Td00001aa024379_T002	1068.09372567	0.708953419669	1	3	1.02572488583	0.0160139423235	3.06346220368e-07	Stem-specific protein TSJT1, putative, expressed	
Td00001aa024379_T002	319.682490797	0.664269584034	1	98	0.732762236854	0.0280929049795	4.47854133726e-08	Heat stress transcription factor A-6b	
Td00001aa024379_T002	293.750027027	0.594609926259	1	93	0.707639280874	0.000262768453985	1.39104528314e-07	DUF3700 domain-containing protein (Fragment)	
Td00001aa024392_T003	632.58052574	64.3222581657	98	52376	0.961371556703	0.223281270336	1.36564334056e-05	Glutamate dehydrogenase	
Td00001aa024430_T001	854.916869736	51.5643794199	81	20929	1.18061789675	0.469107812603	0.00120040856829	FAS1 domain-containing protein	
Td00001aa024430_T001	561.298359323	0.739980689053	1	3	0.815504610053	0.00185899172272	3.55624540445e-08	Beta-Ig-H3 domain-containing protein, putative, expressed	
Td00001aa024430_T001	496.301408033	0.716742442621	1	12	0.788520563213	0.0	0.0	GPI-anchored protein-like	
Td00001aa024430_T001	486.209585882	0.640988704537	1	3	0.787299272676	0.0052921772987	0.00052921772987	Fasciclin-like protein FLA26	
Td00001aa024430_T001	282.15658902	2.57187940492	4	478	0.705335952987	0.00466660404751	8.61690001011e-07	Fasciclin-like arabinogalactan protein 15	
Td00001aa024430_T001	201.440792003	0.6718519817	1	64	0.677172189637	0.0124450340112	2.40470341128e-07	Fasciclin domain	
Td00001aa024430_T001	0	0.63032955479	1	1	0.59557498538	0.0104792958278	0.00104792958278	Fasciclin-like protein FLA27	
Td00001aa024430_T001	0	0.627142773378	1	1	0.595184419911	0.00974515020873	0.000974515020873	Fasciclin-like protein FLA25	
Td00001aa024450_T001	283.023068744	32.287586434	54	143509	1.04929177191	0.652983251317	7.10605927687e-05	Glutathione S-transferase	
Td00001aa024451_T001	358.545972588	49.6137956559	84	139352	1.15734211988	0.799850953911	0.000136263520162	Glutathione S-transferase	
Td00001aa024620_T001	535.849335999	0.763160567512	1	9	0.980925085354	0.333179905313	5.6932380572e-08	UDP-glucose 6-dehydrogenase 3	
Td00001aa024620_T001	486.867154861	0.759582019848	1	12	0.961035988036	0.332620988953	9.73416772713e-08	UDP-glucose 6-dehydrogenase 4	
Td00001aa024620_T001	612.490940211	63.0170189047	94	52175	0.835786337146	0.00149049255092	4.75198999835e-10	UDP-glucose 6-dehydrogenase	
Td00001aa024674_T003	1407.93192747	58.4027752605	94	10127	1.33705192254	0.346860124502	0.00216427824117	YTH domain-containing family protein	
Td00001aa024734_T004	440.81094941	65.9781279905	98	105846	0.834893350372	0.129374994252	1.11827273654e-05	Alcohol dehydrogenase 1	ADH1
Td00001aa024734_T004	11.3081079299	1.30198797167	2	60858	0.595928944659	0.00265226668268	7.25145917428e-09	Enoyl reductase (ER) domain-containing protein	ADH1
Td00001aa024805_T002	1145.80187686	68.2719212136	100	16297	1.14039819192	0.173729572534	3.83866351628e-05	Tubulin alpha chain	
Td00001aa024871_T001	2231.62686315	2.65375209865	4	7	1.59105997362	0.204539246442	0.000171387146384	Atypical receptor-like kinase MARK	
Td00001aa024871_T001	166.526439851	43.6557960767	78	484424	0.942901948699	0.540172111129	7.69300079459e-06	Protein kinase domain-containing protein	
Td00001aa024871_T001	492.443994964	6.92914452953	13	1400	0.852979542995	0.124530888395	2.8708022598e-05	Inactive receptor kinase	
Td00001aa024936_T001	500.461680549	0.655852272813	1	16	0.798748965007	0.0161590421102	2.34348644877e-08	Beta-glucosidase 8	
Td00001aa024936_T001	355.447819097	33.6559371783	54	83488	0.767974406034	0.0675382345692	7.03701401179e-07	4-hydroxy-7-methoxy-3-oxo-3,4-dihydro-2H-1,4-benzoxazin-2-yl glucosidebeta-D-glucosidase	
Td00001aa024936_T001	379.718637911	1.26258291838	2	103	0.763323634248	0.0404454986754	3.23926787406e-06	Beta-glucosidase 44	
Td00001aa024936_T001	219.053495801	0.59181578937	1	68	0.688983757735	0.0214384139089	2.13588309049e-09	Beta-glucosidase 1	
Td00001aa024936_T001	0	0.627388770489	1	1	0.59	0.0	0.0	Putative non-cyanogenic beta-glucosidase	
Td00001aa024937_T005	3492.8258326	5.82402567693	9	26	2.2923703735	0.575924400836	5.40065829947e-06	Beta-glucosidase 7	
Td00001aa024937_T005	503.905097274	0.65912819793	1	16	0.803563858777	0.0226449419069	3.28411264294e-08	Beta-glucosidase 8	
Td00001aa024937_T005	303.463322266	28.6951193141	46	83565	0.713151394793	0.00333218971617	2.66874076258e-07	4-hydroxy-7-methoxy-3-oxo-3,4-dihydro-2H-1,4-benzoxazin-2-yl glucosidebeta-D-glucosidase	
Td00001aa024937_T005	219.952765157	0.593132398449	1	68	0.683139758174	0.00973330583364	9.69717416271e-10	Beta-glucosidase 1	
Td00001aa024937_T005	0	0.636974109088	1	1	0.59	0.0	0.0	Putative non-cyanogenic beta-glucosidase	
Td00001aa024952_T002	1461.16736594	58.4338264054	93	9105	1.38905445774	0.40480681112	0.00199507331394	Lipoxygenase	
Td00001aa024952_T002	976.981700004	1.29479825322	2	4	0.988351913244	0.0142623812349	8.5594165498e-06	Probable linoleate 9S-lipoxygenase 4	
Td00001aa024999_T001	624.099829449	36.5234053043	63	34525	1.02937791586	0.357993670393	6.69386035765e-05	Thioesterase domain-containing protein	
Td00001aa025008_T004	1566.10849442	61.513517684	92	7828	1.29410972793	0.146536031533	0.000111672407341	Plasma membrane ATPase	
Td00001aa025008_T004	253.316337661	1.77101268031	3	248	0.697092900372	0.0108799344284	3.05157941552e-09	P-type H(+)-exporting transporter	
Td00001aa025021_T003	371.904793204	5.17300982881	8	3130	0.761352173471	0.042623099404	6.75263775031e-07	Nitrate transporter	
Td00001aa025021_T003	161.945230995	3.73724095714	6	8613	0.694224486785	0.0744263740614	2.0806734546e-05	Peptide transporter PTR2	
Td00001aa025021_T003	77.5429304605	11.9629355784	19	383371	0.660007281047	0.0735661762573	1.77233527557e-06	Major facilitator superfamily (MFS) profile domain-containing protein	
Td00001aa025035_T001	269.855088613	13.2128521934	23	66944	1.11824847291	0.793027180995	0.000101576727998	Sulfotransferase	
Td00001aa025078_T002	560.385452132	27.3321713435	46	31242	1.04858083265	0.44229091955	0.000623221820623	Deoxyuridine 5'-triphosphate nucleotidohydrolase	
Td00001aa025123_T001	857.143211414	62.3794073568	94	27398	0.983713335011	0.0959540473999	2.02661918775e-05	Tubulin beta chain	
Td00001aa025149_T001	1015.22964659	6.44142504694	11	2123	1.20229427477	0.389037495168	0.000627184931675	Dehydrin	
Td00001aa025149_T001	1212.50740946	0.527988937955	1	2	1.08945589576	0.027269681742	3.25736035329e-08	Germin-like protein subfamily 1 member 7-like	
Td00001aa025171_T003	1264.60115233	0.564452476688	1	2	1.13072147107	0.0657305451729	0.00219106006208	Methyl binding domain115	
Td00001aa025171_T003	597.829267472	6.21008686106	11	5416	1.00332203245	0.328638860333	0.000586474280282	MBD domain-containing protein	
Td00001aa025171_T003	318.339557527	0.641776509333	1	204	0.756396800703	0.073699924796	8.77534340069e-07	Brain acid soluble protein 1	
Td00001aa025429_T004	987.662105979	60.3389318287	95	20829	1.23684461783	0.474994504153	0.00163441189085	Protein DETOXIFICATION	
Td00001aa025492_T002	1620.15149586	48.9217490357	79	5751	1.44700032086	0.394223466949	6.42517404919e-05	Methionine gamma-lyase	
Td00001aa025492_T002	119.106431353	1.3153150987	2	769	0.644930801712	0.0137513681019	2.03824001234e-07	Cys/Met metabolism PLP-dependent enzyme	
Td00001aa025492_T002	77.3616419211	2.97635748402	5	9322	0.630568614069	0.0181583610078	1.2983426767e-06	Cystathionine gamma-lyase	
Td00001aa025492_T002	32.8060739545	1.4026970812	2	11484	0.604607963868	0.00280288958276	1.40376099702e-07	O-succinylhomoserine sulfhydrylase	
Td00001aa025510_T002	2156.13185321	6.4944528679	10	278	1.56965890855	0.220983960523	0.00423340920541	Ferulate 5-hydroxylase	F5H
Td00001aa025510_T002	1266.57551785	3.81503921976	6	278	1.09663020714	0.0	0.0	Ferulate-5-hydroxylase	F5H
Td00001aa025510_T002	872.685228204	0.589883630717	1	14	0.955175672546	0.0303799782234	9.64028835505e-06	Ferulic acid 5-hydroxylase 1	F5H
Td00001aa025516_T002	339.458938184	60.6694320455	96	177941	0.900028811273	0.328764239419	9.45536830576e-06	Methyltransferase	
Td00001aa025644_T004	2823.25658927	1.1755683721	2	8	1.73549065246	0.0305434230679	1.26179374461e-07	Cytochrome P450, family 86, subfamily B, polypeptide 1	CYP86B1
Td00001aa025644_T004	1088.07185634	1.16393204431	2	66	1.06405611236	0.0732559147598	8.67499688662e-05	LEM3 (Ligand-effect modulator 3) family / CDC50 family	CYP86B1
Td00001aa025644_T004	641.511435318	2.42476028273	4	824	0.905763832555	0.111611547559	0.000256911053865	noroxomaritidine synthase	CYP86B1
Td00001aa025644_T004	74.2989446771	1.31715976198	2	18114	0.620240571312	0.000983006410884	2.16131521461e-09	Cytochrome	CYP86B1
Td00001aa026000_T001	933.163755547	63.1352130886	97	23318	1.07361779789	0.208209068281	7.44743200347e-05	alanine transaminase	
Td00001aa026000_T001	19.2694706928	1.31388735189	2	23435	0.600624174159	0.00550261431028	1.48481032746e-08	Aminotransferase class I/classII large domain-containing protein	
Td00001aa026124_T002	1317.59901405	54.8026239654	86	10605	1.50337224796	0.728798356703	0.00347566454148	Xyloglucan endotransglucosylase/hydrolase	
Td00001aa026247_T001	383.240209964	11.1709960852	18	26228	0.868938284357	0.237056736855	0.000106491897305	Late embryogenesis abundant protein LEA-2 subgroup domain-containing protein	
Td00001aa026374_T002	1711.20580042	2.69022079918	4	18	1.28793032211	0.0252676445614	0.00280751606238	DNA-binding protein MNB1B	
Td00001aa026374_T002	545.397704231	40.4007159916	64	39953	1.00772158906	0.376524374822	0.000229435646454	HMG box domain-containing protein	
Td00001aa026374_T002	379.109535782	2.46146746461	4	307	0.746856545898	0.00983523893565	2.74748845337e-06	High mobility group B protein 3-like	
Td00001aa026374_T002	29.064200808	0.708048613474	1	4311	0.601625680323	0.0	0.0	HMG-box domain-containing protein (Fragment)	
Td00001aa026412_T001	834.782320575	17.5657362122	28	8584	1.07408991026	0.283349529287	8.65752142603e-05	Clathrin light chain	
Td00001aa026443_T002	3223.42501766	13.9960615489	23	144	1.96764972421	0.166563028014	6.56150680185e-05	Protein HEAT-STRESS-ASSOCIATED 32	
Td00001aa026443_T002	1421.8972913	30.6632421486	50	3552	1.33322108415	0.329153808818	0.000532447870836	Phosphosulfolactate synthase	
Td00001aa026443_T002	247.063356254	0.572417743394	1	41	0.741283371397	0.0989773446655	1.81111520552e-06	(2R)-phospho-3-sulfolactate synthase ComA	
Td00001aa026443_T002	56.0144371255	0.557063493435	1	755	0.614153422803	0.00329744891774	1.29820140082e-09	Putative transcription factor	
Td00001aa026554_T001	1880.05792711	3.15051670606	5	21	1.36012121024	0.0341450885332	5.71237916936e-05	SKU5 similar 4	
Td00001aa026554_T001	1023.0502237	35.6161789594	56	9063	1.15553801193	0.294939285974	5.04426962993e-06	L-ascorbate oxidase	
Td00001aa026554_T001	249.466035754	5.68457445691	9	3882	0.689786414302	0.0	0.0	L-ascorbate oxidase-like protein	
Td00001aa026554_T001	21.5434702758	0.616109717467	1	6091	0.602350086154	0.0070427923951	9.037331445e-07	Ferroxidase	
Td00001aa026590_T004	1105.37373612	1.26277772046	2	10	1.1140683049	0.154563730022	1.67690240359e-06	39 kDa EF-Hand containing protein, putative, expressed	
Td00001aa026590_T004	1039.35743854	1.1873609059	2	5	1.06297061068	0.10796292132	0.000364348444789	SnRK2-interacting calcium sensor,SCS	
Td00001aa026590_T004	503.546999046	0.575252713795	1	2	0.824273159657	0.0619893561202	6.47670869451e-08	Glycerol-3-phosphate dehydrogenase-2C mitochondrial	
Td00001aa026590_T004	255.883811054	40.7167921229	68	193785	0.693473193115	0.00211258243492	1.3965910064e-10	EF-hand domain-containing protein	
Td00001aa026590_T004	81.503226312	0.564906989239	1	368	0.653369973872	0.0580541188816	1.69895631729e-08	Calcium-binding protein 4	
Td00001aa026590_T004	155.998129535	1.77250026896	3	989	0.652399251814	0.0	0.0	CALCIUM-BINDING EF-HAND FAMILY PROTEIN-RELATED	
Td00001aa026590_T004	63.2820267442	0.558239888318	1	596	0.630223736927	0.0281338230517	6.11302108225e-10	EF-hand domain	
Td00001aa026630_T001	606.441440938	0.633940355307	1	243	0.84199792657	0.0177761314163	2.72063450301e-08	Putative small GTPase superfamily, P-loop containing nucleoside triphosphate hydrolase	
Td00001aa026630_T001	203.913457891	0.749479244224	1	3004	0.680185531541	0.0162644259889	1.30503787182e-07	Ras-related protein Rab	
Td00001aa026762_T001	7712.55858141	6.03723315535	10	26	3.67502343256	0.0	0.0	Ent-cassadiene C2-hydroxylase	
Td00001aa026762_T001	0	0.613153569607	1	1	0.685073216062	0.179045599152	0.00895242559249	Dolabradiene monooxygenase	
Td00001aa026762_T001	0	0.612971272637	1	1	0.684878482444	0.178791092259	0.00596017735412	Zealexin A1 synthase	
Td00001aa026762_T001	157.775954794	0.539991489002	1	497	0.655177918442	0.00390086799419	3.82438038644e-06	Premnaspirodiene oxygenase-like	
Td00001aa026762_T001	7.86160201732	0.589024158843	1	231181	0.593144640807	0.0	0.0	Ig-like domain-containing protein	
Td00001aa026843_T001	2228.91700867	48.7129285323	78	3150	1.60914955276	0.240504466345	0.00576910629599	ALOG domain-containing protein	
Td00001aa026843_T001	1346.40456174	3.18910687234	5	37	1.13235048337	0.0071479591833	1.20153779309e-05	Protein LIGHT-DEPENDENT SHORT HYPOCOTYLS 3	
Td00001aa027028_T002	924.184717008	53.6757802657	85	20829	1.17985087392	0.415380019736	0.00127883305001	Protein DETOXIFICATION	
Td00001aa027028_T002	170.504897393	1.23128011951	2	322	0.663286044557	0.0095925748977	1.04518352251e-06	Multidrug and toxic compound extrusion protein	
Td00001aa027099_T001	415.558302484	46.7120929809	75	77190	0.828967445801	0.137250349561	7.19770266285e-05	Fe2OG dioxygenase domain-containing protein	
Td00001aa027099_T001	548.568932187	3.86248932004	6	303	0.818617541829	0.0173392529913	8.24343768932e-06	Gibberellin 20 oxidase 2	
Td00001aa027099_T001	329.392816787	1.74232566734	3	171	0.724635171968	0.00543003384317	6.36580755356e-06	Flavonol synthase/flavanone 3-hydroxylase-like	
Td00001aa027099_T001	208.283821995	2.93210631657	5	1211	0.674870984124	0.00293859371722	3.28071453701e-08	2-oxoglutarate (2OG) and Fe(II)-dependent oxygenase superfamily protein	
Td00001aa027099_T001	97.57434558	1.16301703585	2	868	0.630142288578	0.00209914738844	1.11526253048e-07	Isopenicillin N synthase	
Td00001aa027099_T003	415.656378071	46.8277097464	75	77190	0.831115968113	0.141230067109	7.40658181e-05	Fe2OG dioxygenase domain-containing protein	
Td00001aa027099_T003	548.005442059	3.86715971295	6	303	0.814930981996	0.0108088724337	5.13912125704e-06	Gibberellin 20 oxidase 2	
Td00001aa027099_T003	329.097553609	1.7446608638	3	171	0.724520165009	0.00543587945769	6.37266056001e-06	Flavonol synthase/flavanone 3-hydroxylase-like	
Td00001aa027099_T003	208.094421219	2.93599831066	5	1211	0.674795849352	0.00293977397762	3.28203220726e-08	2-oxoglutarate (2OG) and Fe(II)-dependent oxygenase superfamily protein	
Td00001aa027099_T003	97.4867012524	1.16457383348	2	868	0.630108583835	0.00210170019097	1.11661881686e-07	Isopenicillin N synthase	
Td00001aa027113_T002	1076.07614548	1.32235784993	2	2	1.03046789455	0.0189385044809	1.44917201522e-06	FLK, putative, expressed	
Td00001aa027113_T002	656.743641888	45.8887805577	76	32324	0.957267253421	0.197299692818	4.79735946962e-05	K Homology domain-containing protein	
Td00001aa027113_T002	88.5057563941	3.20973170592	5	8698	0.635338835136	0.0187481552115	5.157884317e-07	Nucleic acid binding protein	
Td00001aa027113_T002	66.7619637376	1.88627691255	3	5279	0.618691979467	0.00374941550978	1.87574611334e-07	KH domain containing protein, expressed	
Td00001aa027113_T002	6.79946119039	0.683592947091	1	63893	0.605123422952	0.023403091009	1.20461556389e-08	RNA binding protein	
Td00001aa027151_T001	3284.66359557	1.91806761388	3	40	2.04666480627	0.269358558418	0.00196660404665	CSL zinc finger domain-containing protein	
Td00001aa027151_T001	1949.08416881	0.56908039463	1	2	1.40350578884	0.063909627487	9.37601431652e-07	Putative glycosyl transferase Gly (Fragment)	
Td00001aa027151_T001	198.638920854	0.520695016096	1	806	0.669455568342	0.0	0.0	EDR1/CTR1/ARMC3-like peptidase-like domain-containing protein	
Td00001aa027330_T001	446.161253436	3.38430845132	6	6454	0.786427898426	0.0338927953154	1.07767234707e-05	Lipoxygenase	
Td00001aa027330_T003	1469.37052699	59.1187041142	94	9105	1.42494044239	0.466312779805	0.00232291474836	Lipoxygenase	
Td00001aa027330_T003	968.704947469	1.29162496827	2	4	0.984955767414	0.0141011682508	8.46266588644e-06	Probable linoleate 9S-lipoxygenase 4	
Td00001aa027412_T001	222.016372549	0.55920618619	1	2066	0.789939691245	0.209683119331	5.44490052794e-05	Dehydrin	
Td00001aa027412_T001	147.228864536	0.587599828841	1	5187	0.788306212684	0.263046295206	6.52054063087e-06	Late embryogenesis abundant protein	
Td00001aa027429_T002	1146.00467192	68.1963777531	100	16297	1.14047929268	0.173729539963	3.83864731097e-05	Tubulin alpha chain	
Td00001aa027460_T001	698.880821602	14.6120150042	23	2691	0.903987536057	0.0649682289802	0.000102302835983	Zinc finger BED domain-containing protein RICESLEEPER 2	
Td00001aa027460_T001	638.779681558	39.4786483693	64	23511	0.845511872623	0.0	0.0	BED-type domain-containing protein	
Td00001aa027460_T001	77.8656422651	1.78739076546	3	3241	0.624142639915	0.00565354400537	2.34282688419e-07	AC transposase	
Td00001aa027502_T001	958.881566525	62.0029667067	98	22771	1.06564547028	0.173757823657	5.98568122989e-05	sulfate adenylyltransferase	
Td00001aa027593_T001	680.89090825	12.431441953	20	7620	1.2041205758	0.644778486716	0.00158072686128	DM2 domain-containing protein	
Td00001aa027593_T001	346.823065415	1.89159539901	3	680	0.788014992314	0.111854655564	0.000139934931898	SWIb domain-containing protein	
Td00001aa027593_T001	247.721666223	0.661486072816	1	163	0.700270699493	0.0210976532929	1.38379280581e-05	Upstream activation factor subunit UAF30	
Td00001aa027623_T001	3735.54533985	46.1050283943	74	1108	2.13677123479	0.0991318794209	0.000660137975602	Allene oxide synthase	
Td00001aa027623_T001	301.209645169	0.569486082961	1	26	0.710773413383	0.000546330628548	4.09012087707e-09	Hydroperoxide dehydratase	
Td00001aa027623_T001	24.1306212169	0.529716449226	1	3495	0.599652248487	0.0	0.0	TOD1/MUCI70 glycosyltransferase-like domain-containing protein	
Td00001aa027648_T001	1003.61320122	66.810251032	100	21251	1.04456375669	0.100222686875	2.26080989854e-05	Tubulin alpha chain	
Td00001aa027665_T001	1157.66525937	66.5988301647	98	15527	1.12860063742	0.142516797939	3.15382201692e-05	Tubulin beta chain	
Td00001aa027665_T001	27.5332651238	0.575735102987	1	2047	0.602872132973	0.00350722008741	1.38572613772e-08	Aldehyde oxygenase (deformylating)	
Td00001aa027713_T001	784.900629075	0.683989873409	1	11	0.921224907418	0.0325748094208	3.39767226644e-07	Acetyltransferase, GNAT family protein, expressed	
Td00001aa027713_T001	496.50580312	1.16683786922	2	80	0.889509409175	0.190389502029	3.25925707488e-05	Putative N-acetyltransferase p20	
Td00001aa027713_T001	334.459864239	0.657627651198	1	56	0.843153047324	0.225224712709	1.94630879406e-07	Acyl-CoA N-acyltransferase (NAT) superfamily protein	
Td00001aa027713_T001	175.749055001	21.3543507449	36	213574	0.660299622	0.0	0.0	N-acetyltransferase domain-containing protein	
Td00001aa027713_T001	8.23892317634	0.683989873409	1	96672	0.636457192663	0.081437023552	4.54862433448e-08	Acetyltransferase	
Td00001aa027731_T002	731.460651399	11.1366894623	19	7127	1.27024158025	0.731363227021	0.00174046860138	H15 domain-containing protein	LOC100382582
Td00001aa027731_T002	0	0.648753663455	1	1	0.591563011831	0.00294906431533	3.87171560482e-07	Linker histone H1 and H5 family protein, expressed	LOC100382582
Td00001aa027778_T002	178.307076103	53.4115259332	84	563675	0.766189054216	0.197860705342	2.49716957828e-06	Calcium-dependent protein kinase	
Td00001aa027912_T001	685.981595571	15.4597709524	25	10641	0.95512333469	0.171182448189	0.000199946063092	Dipeptidylpeptidase IV N-terminal domain-containing protein	
Td00001aa027912_T001	189.3058805	0.570084091249	1	190	0.6657223522	0.0	0.0	Six-bladed beta-propeller, TolB-like protein	
Td00001aa027912_T001	26.4332342988	0.56949084122	1	9700	0.607978910923	0.0139728225753	1.06192602031e-06	PD40 domain-containing protein	
Td00001aa028224_T001	2936.87453629	6.32770420164	10	46	1.78834239346	0.0445060356455	0.000219002592524	Beta-fructofuranosidase, insoluble isoenzyme 7	
Td00001aa028224_T001	887.092397645	1.1956045281	2	18	0.960481449942	0.0295161035784	4.77993580217e-05	Fructan 6-exohydrolase	
Td00001aa028224_T001	752.289733258	25.7637191367	42	11621	0.896420884014	0.0103867443845	8.09346955874e-07	Beta-fructofuranosidase	
Td00001aa028224_T001	56.9696397717	1.77871609494	3	9643	0.615984404922	0.00603122022311	1.14768855864e-07	Glycosyl hydrolase family 32 N-terminal domain-containing protein	
Td00001aa028382_T001	662.83569153	58.6678844001	96	46699	0.948351878096	0.175879608916	7.0437924782e-05	shikimate kinase	
Td00001aa028535_T002	1667.14037602	48.8014495758	75	4948	1.42341905598	0.314248586746	0.000557729845443	UDP-N-acetylglucosamine diphosphorylase	
Td00001aa028535_T002	392.489856395	8.31286535644	13	2590	0.811038404269	0.120832084188	7.28545565815e-05	UDP-N-acetylglucosamine pyrophosphorylase	
Td00001aa028539_T001	1158.60675666	6.95151107604	12	311	1.07506504951	0.0407873954243	0.000251363533856	Polygalacturonase QRT3	
Td00001aa028539_T001	743.814926196	31.5725880903	52	15564	1.01059764925	0.232201097972	0.000254842087358	Rhamnogalacturonase A/B/Epimerase-like pectate lyase domain-containing protein	
Td00001aa028539_T001	35.0115495681	2.39420042921	4	40149	0.611815432874	0.0147373698566	3.51139459564e-07	Right handed beta helix domain-containing protein	
Td00001aa028586_T001	830.364771949	60.6308092515	97	29807	1.16561433244	0.459373481485	2.39236853981e-05	Calcium-transporting ATPase	
Td00001aa028586_T001	34.9990066814	0.628114426941	1	1798	0.605352476615	0.00255259233527	2.38648442776e-10	P-type Ca(2+) transporter (Fragment)	
Td00001aa028747_T003	2025.65028622	33.2538739705	53	2763	1.44341964549	0.0814321472659	2.46474665051e-05	Ubiquitin fusion degradation protein 1	
Td00001aa028811_T001	175.182484557	2.18874873108	4	27910	0.660072993823	0.0	0.0	alpha-L-fucosidase	
Td00001aa028828_T001	211.323694911	52.5315314831	85	390582	0.856919945664	0.344132237971	1.90787414614e-05	Glycosyltransferase	
Td00001aa028828_T001	525.011167882	0.659720518182	1	8	0.807444743544	0.014038257267	1.96183331026e-09	Cis-zeatin O-glucosyltransferase 2	
Td00001aa028828_T001	494.684311144	0.651952744171	1	11	0.787873724458	0.0	0.0	Putative cis-zeatin O-glucosyltransferase	
Td00001aa028828_T001	430.398442747	0.662382107564	1	15	0.764682094996	0.0047598450721	4.74217572533e-10	Cis-zeatin O-glucosyltransferase 1	
Td00001aa028852_T001	5893.6764425	35.4704610283	58	280	3.01068369953	0.119172453906	0.00258609779216	Protein TRIGALACTOSYLDIACYLGLYCEROL 1, chloroplastic	
Td00001aa028852_T001	5.53335200691	0.574743272415	1	78713	0.619703422506	0.0518680738727	1.27517237354e-07	ABC transmembrane type-1 domain-containing protein	
Td00001aa028852_T001	26.5939143301	8.8403483202	14	824351	0.613769691415	0.024777593301	6.16612970629e-08	ABC transporter permease	
Td00001aa029010_T001	2432.44665038	10.9360654699	19	396	1.65477938848	0.173208567849	9.36823067572e-06	Protein RETICULATA, chloroplastic	
Td00001aa029010_T001	2509.56887259	1.96408001762	3	12	1.63385772227	0.0755277838547	2.23896771247e-05	Protein RETICULATA chloroplastic	
Td00001aa029010_T001	1674.22828349	1.19614601225	2	4	1.30383473843	0.0832893361532	3.84378469353e-06	Protein RETICULATA-RELATED 1, chloroplastic isoform X1	
Td00001aa029010_T001	1378.21540082	1.67681804368	3	29	1.14128616033	0.0	0.0	Protein RETICULATA, chloroplastic-like	
Td00001aa029010_T001	601.930492167	0.57696965784	1	18	0.840260274133	0.0179019908117	1.10681419801e-06	Retention in endoplasmic reticulum protein 1	
Td00001aa029010_T001	430.915652747	0.550729881072	1	32	0.772952354936	0.0199737475388	3.8209717142e-07	EXPRESSED PROTEIN-RELATED	
Td00001aa029010_T001	17.6802948181	1.20790696599	2	90294	0.622455150262	0.0478925107562	8.16865853755e-08	Response regulatory domain-containing protein	
Td00001aa029010_T001	0	0.55478583021	1	1	0.594593294803	0.00866659374316	5.97951454021e-09	Reticulata-related 1 isoform 1	
Td00001aa029037_T001	2010.3336939	63.5017388868	97	5137	1.6392695966	0.462509344216	0.000308330434321	Phenylalanine ammonia-lyase	
Td00001aa029103_T003	468.926551363	52.0544158049	82	79728	0.959024512715	0.342365569581	7.01460775309e-06	NADP-dependent oxidoreductase domain-containing protein	
Td00001aa029104_T001	2845.07914688	17.8766097045	27	216	1.72803165875	0.0	0.0	CLIP-associated protein	
Td00001aa029104_T001	800.742557695	41.4864183666	64	14684	1.17557865895	0.500463501073	0.00179901505666	TOG domain-containing protein	
Td00001aa029104_T001	96.1854042393	0.638448745631	1	241	0.636268676141	0.0147066309738	1.46520374821e-09	CLIP-associating protein 1	
Td00001aa029161_T001	840.898593419	35.3283478792	58	15386	1.12974950506	0.383754754979	2.37771813127e-06	(+)-neomenthol dehydrogenase	
Td00001aa029161_T001	431.913237859	0.686131506991	1	22	0.774155154011	0.0214902662788	8.8697386085e-07	Carbonyl reductase 3	
Td00001aa029161_T001	365.710732516	1.16851890877	2	89	0.756217760719	0.037610203625	2.98954921929e-06	KR domain	
Td00001aa029161_T001	184.446636178	2.46921083491	4	1562	0.703106580836	0.074203624972	2.56496129749e-07	NAD(P)-binding Rossmann-fold superfamily protein	
Td00001aa029161_T001	0	0.582743401506	1	1	0.59	0.0	0.0	Putative short-chain hydrogenase/reductase	
Td00001aa029174_T001	678.722980181	64.2598680697	99	45560	1.10285720402	0.455387294869	0.000637283437118	chitinase	CHIA
Td00001aa029174_T001	187.397182613	0.654454723505	1	62	0.666744126186	0.00336837330533	7.6443510802e-07	Endochitinase A	CHIA
Td00001aa029231_T001	1127.37436889	62.3118578621	99	16654	1.17683453146	0.256383344065	8.05775168599e-05	Malate synthase	
Td00001aa029258_T001	1302.92863053	59.5416589764	97	12193	1.34280643376	0.437046657142	1.26633719656e-05	peptide-methionine (S)-S-oxide reductase	
Td00001aa029261_T001	1349.10903419	1.71717182219	3	8	1.19201149283	0.117675236418	1.92811507096e-07	Protein-L-isoaspartate O-methyltransferase 1 isoform X1	
Td00001aa029261_T001	606.204795736	55.5443095405	92	51808	0.833214359123	0.00138196381634	2.7536674677e-10	Protein-L-isoaspartate O-methyltransferase	
Td00001aa029351_T001	1007.2305478	25.6116287229	41	8225	1.1230437704	0.24554555305	0.000620408357388	Bet v I/Major latex protein domain-containing protein	
Td00001aa029351_T001	574.192925622	1.24700222842	2	60	0.827787097602	0.015299685443	5.470343699e-05	Salt tolerant protein	
Td00001aa029363_T001	1268.7374193	57.7709208554	95	12571	1.33831199338	0.454365480627	0.000166046211826	anthranilate synthase	
Td00001aa029477_T004	1799.66850208	61.9545480662	98	6466	1.55750084961	0.467141395171	0.00242546673492	Lipoxygenase	
Td00001aa029482_T001	5208.56655078	17.4544831695	27	213	2.92181633136	0.468657879484	5.17459284056e-05	OBP3-responsive gene 4	
Td00001aa029496_T001	3089.12004831	4.88209625228	8	129	1.87877844922	0.100246017408	2.03350999083e-06	22.0 kDa class IV heat shock protein-like	
Td00001aa029496_T001	76.0604338095	1.86217706072	3	30930	0.647882435101	0.0518078633753	4.69941009663e-06	SHSP domain-containing protein	
Td00001aa029643_T001	1164.36150967	1.82218666122	3	17	1.05851793374	0.00523236729175	8.7601409785e-06	VAMP protein SEC22	
Td00001aa029643_T001	1079.36140714	1.29552945577	2	2	1.02186069924	0.000219125251994	1.32962083497e-11	Harpin-induced domain protein 1	
Td00001aa029643_T001	850.310972036	46.8182061647	76	21041	1.0084384248	0.147751589303	0.000284682935043	Late embryogenesis abundant protein LEA-2 subgroup domain-containing protein	
Td00001aa029686_T003	1090.99076355	59.0449370436	92	16195	1.13519337758	0.205269665269	0.000207478156171	1,4-alpha-glucan branching enzyme	
Td00001aa029686_T003	26.6931587535	1.27236467407	2	12495	0.601475116496	0.00150538275265	6.78079132255e-09	Glycosyl hydrolase family 13 catalytic domain-containing protein	
Td00001aa029906_T001	1975.35579696	1.9854028905	3	3	1.40710405069	0.0508699527622	3.28473144995e-05	Farnesylated protein 1	
Td00001aa029906_T001	384.195140129	24.0445671475	37	38760	0.96406668527	0.415813958511	0.000361560360615	HMA domain-containing protein	
Td00001aa029906_T001	188.579295551	7.48376786684	12	15581	0.715432904455	0.0943386946413	8.39037120584e-05	Heavy metal-associated isoprenylated plant protein 26	
Td00001aa030219_T001	1147.20360053	47.6549395028	75	10940	1.25590675311	0.390610017139	0.000100190667871	Cupin type-1 domain-containing protein	
Td00001aa030219_T001	622.68857084	2.62881382592	4	113	0.84443334251	0.0101077082515	4.14400572451e-05	Glutelin type-A 2	
Td00001aa030219_T001	568.925624109	0.714499950036	1	8	0.822938960255	0.0101282578864	3.66965865451e-05	Legumin	
Td00001aa030219_T001	525.9066072	1.9369024384	3	86	0.80269714713	0.00440442591911	7.92566601215e-06	11S globulin seed storage protein 2	
Td00001aa030292_T001	421.632881959	29.7548346104	48	57737	1.13671368656	0.713315851574	0.00015662192284	Peroxidase	
Td00001aa030296_T001	688.98355355	67.1974952694	100	45050	1.06521298486	0.376640446865	6.33022709592e-06	S-adenosylmethionine synthase	SAMS
Td00001aa030489_T001	5562.77622661	13.2368570537	22	130	2.92585728252	0.208956030713	4.77972040376e-06	NifU-like protein 4, mitochondrial	
Td00001aa030489_T001	1252.07705476	1.13901593211	2	19	1.10620221575	0.0290026289312	2.54628959615e-08	NifU-like protein 4	
Td00001aa030489_T001	874.051561763	0.576844856354	1	8	0.946559774756	0.0130927266236	2.47025573215e-07	NIF system FeS cluster assembly	
Td00001aa030489_T001	0	0.602610709988	1	1	0.593473025749	0.00655285450003	6.43180570567e-07	NFU domain protein 5	
Td00001aa030762_T001	2165.23273728	62.2472624732	95	4208	1.50716240089	0.0963398716487	0.000458700283574	DNA replication licensing factor MCM6	
Td00001aa030762_T001	19.8192801247	1.92337058142	3	47259	0.605512114127	0.0143101834666	2.41969812154e-07	DNA helicase	
Td00001aa030923_T003	2357.38060432	23.6303186531	36	510	1.70961461231	0.333319531911	0.00015093334946	Fructose-1,6-bisphosphatase, cytosolic	
Td00001aa030923_T003	1130.82996838	40.3097588061	61	6449	1.04233198735	0.0	0.0	fructose-bisphosphatase	
Td00001aa031042_T001	2476.65352398	1.93103564421	3	38	1.76608053336	0.349837942211	0.000250719977695	PEBP (Phosphatidylethanolamine-binding protein) family protein	
Td00001aa031042_T001	191.437460396	2.78146995113	5	13193	0.810077121973	0.270757189159	4.1377996953e-05	YbhB/YbcL family Raf kinase inhibitor-like protein	
Td00001aa031042_T001	121.756069666	1.11171270683	2	5210	0.638702427866	0.0	0.0	Phosphatidylethanolamine-binding protein	
Td00001aa031102_T001	2896.38267119	3.88450131977	6	11	1.76249631768	0.0263080142804	8.19687537248e-08	Calmodulin-7 isoform X1	
Td00001aa031102_T001	226.362441087	40.3323077976	62	193857	0.680544976435	0.0	0.0	EF-hand domain-containing protein	
Td00001aa031102_T001	122.437953797	9.31593518043	14	35343	0.655605701589	0.0313781978886	3.75946466118e-06	Calmodulin	
Td00001aa031551_T001	2127.41237271	3.29740015259	6	143	1.44096494908	0.0	0.0	Phosphate-induced protein	
Td00001aa031551_T001	706.452805364	1.64310340348	3	322	1.16377575488	0.549423829157	1.64215282604e-07	Phosphate-induced protein 1	
Td00001aa031551_T001	1367.58398166	0.560538896699	1	5	1.13703359266	0.0	0.0	Phosphate-responsive family protein	
Td00001aa031551_T001	667.250233738	0.540099135188	1	39	0.866838696637	0.0187519822391	2.62777374076e-06	EXORDIUM like 2	
Td00001aa031551_T001	663.586250716	0.530202309261	1	38	0.855434500286	0.0	0.0	Putative phosphate-induced protein	
Td00001aa031593_T001	753.193716836	38.4929847233	62	20270	1.0502356483	0.299919938829	2.96995327207e-05	Transcription factor CBF/NF-Y/archaeal histone domain-containing protein	
Td00001aa031593_T001	936.749227125	5.04358939522	8	225	1.02433626039	0.112521746953	2.18250825284e-06	Nuclear transcription factor Y subunit C-2	
Td00001aa031593_T001	619.631543328	0.703325123655	1	4	0.845627297781	0.0146690055323	5.37588053032e-06	HAP5 subunit of HAP complex	
Td00001aa031767_T001	3910.40015032	48.280106049	77	898	2.28109132877	0.239405293611	0.00232315155741	STI1/HOP DP domain-containing protein	
Td00001aa031767_T001	1328.72833237	8.8274168158	14	260	1.13342853543	0.0225229966648	7.12534253495e-07	Ankyrin repeat domain-containing protein 2	
Td00001aa031767_T001	533.890987037	0.695603631242	1	2	0.807755188243	0.00791229890219	0.000263750499051	TGB12K interacting protein 3	
Td00001aa031791_T002	1286.74415073	53.6675115708	91	11400	1.21133233173	0.201170466541	0.000716208737197	UBX domain-containing protein	
Td00001aa031791_T002	440.081935669	0.543613415786	1	10	0.767417345976	0.00261239943209	4.82593352774e-10	FAS-associated factor 2-B (Fragment)	
Td00001aa031791_T002	239.413219732	0.553278478026	1	35	0.685765287893	0.0	0.0	FAS-ASSOCIATED PROTEIN	
Td00001aa031791_T002	37.65489391	0.541381923204	1	1353	0.606466597475	0.00265026029342	9.7795582783e-08	(wild Malaysian banana) hypothetical protein (Fragment)	
Td00001aa031973_T001	3042.12778677	62.7112281225	97	2243	1.90190988252	0.17923535098	0.00320158955851	monodehydroascorbate reductase (NADH)	
Td00001aa032137_T001	1741.36827595	2.42292504383	4	15	1.29791032723	0.0214395733778	2.14800336271e-06	High mobility group, HMG-I/HMG-Y	
Td00001aa032137_T001	1522.85360906	6.5651480882	11	144	1.21891314222	0.0373050853524	1.67890806429e-07	HMG-Y-related protein A	
Td00001aa032137_T001	1197.68509984	36.3254537594	64	7127	1.18880365169	0.225836614127	0.0018103135401	H15 domain-containing protein	
Td00001aa032137_T001	761.513750039	1.05956566347	2	15	0.900696178366	0.0114918455248	1.11211605616e-08	HMG-Y-related protein B	
Td00001aa032137_T001	489.769746072	0.556412436247	1	4	0.788450105018	0.00479661618875	4.39071962555e-10	HMG-Y-related protein like	
Td00001aa032137_T001	368.415978605	0.529425078762	1	16	0.737849283454	0.000911111718181	1.40053808401e-07	Linker histone H1 and H5 family	
Td00001aa032137_T001	3.4438349951	0.600836917655	1	201834	0.591377533998	0.0	0.0	DNA-binding protein	
Td00001aa032227_T001	3461.3219134	3.41297161757	6	56	1.97452876536	0.0	0.0	Ferredoxin-related	
Td00001aa032227_T001	126.386325006	3.24347062268	6	37913	1.17025571927	0.999433170842	8.0436198375e-05	SCP domain-containing protein	
Td00001aa032228_T002	1417.50059485	16.9794864304	27	2374	1.21139699746	0.10263536671	7.57959292776e-07	12-oxophytodienoate reductase 3	
Td00001aa032228_T002	1036.44660176	2.44399225488	4	92	1.0045786407	0.0	0.0	12-oxophytodienoate reductase-like protein	
Td00001aa032228_T002	783.411892022	0.609043530457	1	6	0.93213901168	0.0542910434257	9.27702510467e-08	Oxophytodienoate-reductase 3	
Td00001aa032228_T002	792.943059327	0.616453280882	1	4	0.919624367528	0.0234750450214	0.000268496797575	12-oxo-phytodienoic acid reductase7	
Td00001aa032334_T001	853.115097532	29.2972977484	48	8944	1.23074142221	0.565057857656	0.000735932089744	X8 domain-containing protein	
Td00001aa032334_T001	941.675559981	1.36771786057	2	16	0.969369913897	0.00509375371403	2.17851568176e-08	3-glucanase	
Td00001aa032334_T001	286.334007861	16.157532469	28	24138	0.825245483036	0.227756919917	3.56168025831e-05	glucan endo-1,3-beta-D-glucosidase	
Td00001aa032450_T002	4108.67299639	57.2156111285	86	1037	2.28528595999	0.0977539260722	0.000359030818192	MOB kinase activator-like 1A	
Td00001aa032450_T002	1090.16153871	2.78900183872	4	35	1.05103401798	0.0471109599399	2.96862720019e-05	Mps one binder kinase activator-like 1A	
Td00001aa032602_T001	3273.2388318	0.667582289031	1	10	2.03172328043	0.249602037567	0.00693338993245	Putative calcium-binding protein CML7	
Td00001aa032602_T001	78.5665497727	0.667582289031	1	17353	0.886004877113	0.499204075135	4.86909607545e-06	Calmodulin	
Td00001aa032796_T001	569.233232726	50.5872348143	88	57791	1.22914107226	0.776304742974	0.000313269791217	Peroxidase	
Td00001aa032831_T002	821.196456885	57.20476271	97	30615	1.14104491306	0.419908051536	0.000753149553427	Pectinesterase	
Td00001aa032866_T001	4550.94507854	16.3702322099	27	237	2.48360014769	0.138153878892	2.80230655936e-05	Outer envelope pore protein 16-2, chloroplastic	
Td00001aa032866_T001	117.8658294	0.560396369489	1	414	0.643645947966	0.0122634255765	3.25157749701e-08	Mitochondrial import inner membrane translocase subunit Tim17/Tim22/Tim23 family protein	
Td00001aa032866_T001	0	1.24622980791	2	1	0.627884846937	0.0714808048173	1.01920566491e-06	Outer membrane channel protein OEP16-2	
Td00001aa032866_T001	20.6658870807	1.12354434292	2	53688	0.605969810825	0.0145348222033	1.12249659406e-08	Amino acid transporter	
Td00001aa033015_T001	552.201174165	57.2990440979	88	61766	1.03270126674	0.418523431579	0.000168916670601	Peroxidase	
Td00001aa033052_T002	5740.70582999	53.0583477764	82	482	2.95619242216	0.131905703	3.37887662209e-06	Transcription factor Pur-alpha 1	
Td00001aa033052_T002	2402.20281922	3.19796975158	5	6	1.55715026661	0.0118282207146	9.09723174481e-06	PUR ALPHA-1	
Td00001aa033052_T002	924.182174226	1.23033353585	2	2	0.95967286969	0.0	0.0	PUR-alpha/beta/gamma, DNA/RNA-binding protein	
Td00001aa033052_T002	327.624685871	1.23365455021	2	80	0.721910121254	0.00162290714658	5.30590276429e-06	PurA ssDNA and RNA-binding protein	
Td00001aa033081_T003	1429.55931862	53.0912476543	81	8382	1.44477808799	0.53371377996	0.00430285818421	CTLH domain-containing protein	
Td00001aa033081_T003	520.440094498	0.667591169565	1	2	0.79873536589	0.00105533599138	7.5212214258e-10	Topless-related protein 2 isoform X1	
Td00001aa033159_T002	1366.26531346	1.76113469417	3	9	1.14086947334	0.00823083803269	5.01898147462e-05	Phenylcoumaran benzylic ether reductase-like protein I (Fragment)	
Td00001aa033159_T002	716.602109396	9.97462879575	16	1166	0.909633936287	0.0622424095182	0.000230774201406	Isoflavone reductase	
Td00001aa033159_T002	625.559177838	45.4108210451	74	31708	0.840223671135	0.0	0.0	NmrA-like domain-containing protein	
Td00001aa033159_T002	76.3072102031	0.642102750949	1	426	0.636052728929	0.0293015910793	7.87937942764e-08	2'-hydroxyisoflavone reductase	
Td00001aa033160_T001	1366.26531346	1.76113469417	3	9	1.14086947334	0.00823083803269	5.01898147462e-05	Phenylcoumaran benzylic ether reductase-like protein I (Fragment)	
Td00001aa033160_T001	716.602109396	9.97462879575	16	1166	0.909633936287	0.0622424095182	0.000230774201406	Isoflavone reductase	
Td00001aa033160_T001	625.559177838	45.4108210451	74	31708	0.840223671135	0.0	0.0	NmrA-like domain-containing protein	
Td00001aa033160_T001	76.3072102031	0.642102750949	1	426	0.636052728929	0.0293015910793	7.87937942764e-08	2'-hydroxyisoflavone reductase	
Td00001aa033192_T001	1928.76022848	19.0869707166	32	601	1.42120783066	0.112648290512	7.26495987551e-06	16.9 kDa class I heat shock protein 1	
Td00001aa033192_T001	523.355917684	37.1596170446	61	30930	0.941606931253	0.268405024961	0.000495047516785	SHSP domain-containing protein	
Td00001aa033192_T001	163.210717874	0.603841438027	1	84	0.656446519796	0.00219289045845	3.51650169732e-08	Hsp20/alpha crystallin family	
Td00001aa033192_T001	44.4767995291	0.647175121859	1	1298	0.620915856839	0.0247644072903	5.81694159672e-08	Small heat-shock protein	
Td00001aa033307_T001	2756.6931269	14.236156543	24	411	1.76224203943	0.131254089999	6.04832261786e-06	Class I heat shock protein 1	
Td00001aa033307_T001	181.715111205	8.1435418004	14	30930	0.706223633673	0.0821450825297	3.47725079495e-05	SHSP domain-containing protein	
Td00001aa033307_T001	252.300952782	0.589043964986	1	84	0.694626321044	0.00699233526111	1.1212853209e-07	Hsp20/alpha crystallin family	
Td00001aa033307_T001	140.240003265	0.567120811306	1	252	0.646096001306	0.0	0.0	Heat-shock protein, putative	
Td00001aa033308_T001	2417.94647664	23.1158955202	38	565	1.61888794327	0.116432413691	8.66809809522e-06	Class I heat shock protein 1	
Td00001aa033308_T001	446.131014829	32.631835024	54	33061	0.874834087332	0.200707787322	0.000327705999315	SHSP domain-containing protein	
Td00001aa033308_T001	161.672711568	0.595977856934	1	84	0.655657745014	0.00186539582769	2.99133391227e-08	Hsp20/alpha crystallin family	
Td00001aa033308_T001	44.2032970144	0.640858639571	1	1298	0.620430893679	0.0240557990887	6.78059491049e-08	Small heat-shock protein	
Td00001aa033337_T001	956.664993106	35.0625839866	53	9659	1.30625177451	0.629307827847	0.00263142523675	KOW domain-containing protein	
Td00001aa033337_T001	1400.63783076	7.2562022885	11	193	1.19562350539	0.0856005664537	3.6434720691e-06	60S ribosomal protein L26-1	
Td00001aa033337_T001	372.178399109	2.62607653825	4	358	0.795528484121	0.106897652855	6.84232301797e-05	Ribosomal protein L26	
Td00001aa033405_T001	106.681627604	1.24324976718	2	37631	1.16186721921	0.998479318735	2.64620504534e-05	UspA domain-containing protein	
Td00001aa033446_T004	749.235570825	20.34472802	32	10636	0.919827541129	0.0568551792765	3.38914645495e-06	Acyl-coenzyme A oxidase 4, peroxisomal	
Td00001aa033446_T004	136.716431785	2.01737147795	3	3140	0.651346289876	0.012565503734	9.15941164455e-09	Glutaryl-CoA dehydrogenase	
Td00001aa033446_T004	0	0.739840105624	1	1	0.599697521295	0.01829712718	2.19447771077e-06	Similar to Arabidopsis thaliana putative acyl-coA dehydrogenase	
Td00001aa033546_T001	1406.39067602	64.2412432095	97	10503	1.28149278191	0.243270543444	0.000156173714133	Cellulose synthase	
Td00001aa033616_T002	675.515978594	6.68040911349	11	625	0.871058642616	0.0204759428695	7.28798794065e-08	1-aminocyclopropane-1-carboxylate oxidase	
Td00001aa033616_T002	399.124373026	43.6528430176	73	76407	0.846632836046	0.182983519528	9.10743115349e-05	Fe2OG dioxygenase domain-containing protein	
Td00001aa033616_T002	506.566442136	0.633659110538	1	2	0.796258785261	0.00685322333306	2.00559879295e-09	1-aminocyclopropane-1-carboxylate oxidase-like protein 4	
Td00001aa033616_T002	461.643416805	0.577465558965	1	5	0.775856294011	0.00226211845635	2.25360141087e-07	Sex determination protein	
Td00001aa033616_T002	256.922176612	3.56748523509	6	1232	0.705526121936	0.0240702656271	5.25434985268e-07	2-oxoglutarate-dependent oxygenase	
Td00001aa033616_T002	228.672143165	0.593161734375	1	43	0.683952808964	0.00468670129932	4.66930347457e-10	1-aminocyclopropane-1-carboxylate oxidase-like protein 1	
Td00001aa033621_T001	2488.10072847	9.85188365294	15	102	1.60032236694	0.0284567117674	9.15810883009e-07	Small heat shock protein HSP17.8	
Td00001aa033621_T001	581.370497978	41.4486771311	65	33061	0.958252314651	0.256026512884	0.000503181548014	SHSP domain-containing protein	
Td00001aa033634_T001	29321.470546	29.6151760802	53	2	12.6210212177	0.570624403382	0.000103275850058	Fungal lipase-type domain-containing protein	
Td00001aa033634_T001	2246.67437712	8.84691117765	15	152	1.57313618606	0.159370367045	7.03369405428e-06	Phospholipase A1-Igamma1, chloroplastic	
Td00001aa033760_T001	2318.05156356	20.6001708283	33	1022	1.90938655117	0.739935580247	3.41093824305e-06	Heme-binding protein 2	
Td00001aa033760_T001	315.634771438	4.44749836181	7	2569	0.796669619411	0.151714226431	0.000358541385895	SOUL heme-binding protein	
Td00001aa033760_T001	33.1412219892	1.29348825576	2	19641	0.603256488796	0.0	0.0	Heme-binding protein	
Td00001aa033829_T001	309.372726278	45.7801793378	71	132574	0.873810637916	0.302002485208	1.15122256391e-05	AAA+ ATPase domain-containing protein	
Td00001aa033829_T001	434.414643988	0.611330613953	1	12	0.765568068476	0.00340039768935	5.28612087535e-09	Putative AAA domain-containing protein C24B10.10c	
Td00001aa033829_T001	348.058395131	6.51538449818	10	2123	0.745609982782	0.0309181407731	5.05982784679e-07	p-loop containing nucleoside triphosphate hydrolase superfamily protein	
Td00001aa033829_T001	125.977105037	1.89733028704	3	1374	0.647802903683	0.0139841189315	2.39317494549e-05	Spastin	
Td00001aa033955_T003	407.040834151	60.3272045893	96	123867	0.872252856191	0.225350719028	3.20722989568e-05	Aldehyde dehydrogenase	
Td00001aa034013_T001	2166.00491999	53.2280792459	81	3427	1.53358255679	0.145541921028	0.00216853248157	W2 domain-containing protein	
Td00001aa034013_T001	93.5356485159	2.67348792703	4	4632	0.634181892154	0.0127690947747	6.25859458e-07	ARM repeat superfamily protein	
Td00001aa034013_T001	46.9592461867	1.37791979833	2	4877	0.613440306706	0.00878604758675	1.50496325082e-07	Translation initiation factor	
Td00001aa034166_T003	431.48074515	62.8854603497	94	104679	0.834980147305	0.136579339011	3.99784620471e-05	Alcohol dehydrogenase	ADH2
Td00001aa034166_T003	17.8023684038	1.99594807993	3	60858	0.602574200081	0.0102891544825	4.21967655939e-08	Enoyl reductase (ER) domain-containing protein	ADH2
Td00001aa034417_T002	4801.05261037	5.66579869645	9	75	2.5184140603	0.0150436221705	0.000994820175791	Indole-2-monooxygenase	
Td00001aa034417_T002	0	0.627642690503	1	1	0.660955996779	0.133778267735	0.00267574399372	Cytochrome P450 monooxygenase CYP71C subfamily	
Td00001aa034418_T002	970.490361793	48.4215450909	80	17233	1.22149303134	0.45904792128	7.44172436087e-05	tryptophan synthase	
Td00001aa034418_T002	0	1.84312815178	3	1	0.725547550486	0.255749943057	4.03331393262e-06	Indole synthase	
Td00001aa034418_T002	0	0.655095917708	1	1	0.594324850557	0.0081600949985	1.03806540944e-08	Indole-3-glycerol phosphate lyase, chloroplastic	
Td00001aa034420_T001	5515.49494175	1.82668564683	3	15	3.00233683037	0.388941161711	1.89817829491e-06	Indolin-2-one monooxygenase	
Td00001aa034420_T001	2488.85754133	0.673028993759	1	4	1.61750224862	0.060150336637	0.0039776835518	Benzoxazinone synthesis5	
Td00001aa034421_T001	7545.92195022	2.59653438535	4	10	3.91351154715	0.575740928555	3.74644133583e-06	3-hydroxyindolin-2-one monooxygenase	
Td00001aa034421_T001	1957.28134421	0.673496143018	1	2	1.41550171879	0.0801569190895	0.00530069948815	Benzoxazinone synthesis4	
Td00001aa034421_T001	1205.63019417	0.629158471585	1	23	1.12710206127	0.103490534145	2.54229835813e-08	Cytochrome P-450 (Fragment)	
Td00001aa034501_T001	3947.36867957	9.26432266877	17	64	2.44936139667	0.529082829622	1.25696011179e-06	O-methyltransferase 2	
Td00001aa034501_T001	615.805532736	0.571294926959	1	5	0.848017592904	0.0220667384284	4.22136022275e-07	O-methyltransferase family protein, expressed	
Td00001aa034501_T001	381.356152402	13.8206168349	26	15256	0.742542460961	0.0	0.0	O-methyltransferase domain-containing protein	
Td00001aa034501_T001	219.265670642	8.64255930088	16	18041	0.709932976898	0.0607747346682	0.000804963373091	O-methyltransferase	
Td00001aa034501_T001	174.055354767	1.18996403952	2	543	0.680733795485	0.0398332919323	4.42702423407e-07	Plant methyltransferase dimerisation domain-containing protein	
Td00001aa034501_T001	0	0.571294926959	1	1	0.601724793698	0.0220667384284	0.00147111656398	Herbicide safener binding protein 1-maize	
Td00001aa034575_T002	1788.267033	2.67802873198	4	12	1.3364992777	0.0588086719808	0.00119341736867	Cell elongation protein DIMINUTO	
Td00001aa034575_T002	983.402274289	1.34438548439	2	2	1.01228876466	0.0545764904349	0.000115750775048	Brassinosteroid biosynthesis-like protein	
Td00001aa034575_T002	973.288168196	1.92816463531	3	21	1.00164871291	0.0421385725974	1.07790323793e-07	Delta(24)-sterol reductase isoform X2	
Td00001aa034575_T002	666.38155453	7.23668186353	11	631	0.905608970972	0.092559136835	3.3186300664e-07	Delta(24)-sterol reductase	
Td00001aa034575_T002	712.678908615	3.26060917575	5	112	0.875071563446	0.0	0.0	Delta(24)-sterol reductase-like	
Td00001aa034575_T002	481.190595097	43.7733088731	67	44263	0.782476238039	0.0	0.0	FAD-binding PCMH-type domain-containing protein	
Td00001aa034575_T002	0	0.756042668485	1	1	0.612900521041	0.043208518274	3.17802155919e-07	Cell elongation protein DIMINUTO, putative, expressed	
Td00001aa034720_T001	2674.04597481	58.0383469483	96	2809	1.9313473382	0.512497498808	0.00526369529104	Glycosyltransferases	
Td00001aa034720_T001	568.134597874	0.735732977269	1	10	0.820534593886	0.00618113211275	0.000237735850491	Probable beta-1,4-xylosyltransferase IRX14	
Td00001aa034727_T001	347.662166881	1.26431432621	2	1407	0.812670739413	0.157746881249	1.27994794138e-06	Lipid binding protein	
Td00001aa034727_T001	137.379706842	1.90895148932	3	20538	0.696742670795	0.0977183125417	4.12055523456e-06	Bifunctional inhibitor/plant lipid transfer protein/seed storage helical domain-containing protein	
Td00001aa034793_T001	1159.86131345	66.2780045046	98	15479	1.13253130083	0.148275713524	3.23639069176e-05	Tubulin beta chain	
Td00001aa034793_T001	27.488491634	0.571832702419	1	2047	0.602803727578	0.00341194463184	1.34808216734e-08	Aldehyde oxygenase (deformylating)	
Td00001aa035198_T002	2102.99586476	4.02886235819	6	30	1.50416935524	0.137681133677	4.24437120136e-07	Microtubule-associated protein 70-2 isoform X2	
Td00001aa035198_T002	1179.01607482	35.9729467571	56	7609	1.06160642993	0.0	0.0	Microtubule-associated protein 70-2	
Td00001aa035198_T002	232.642889159	0.597966481709	1	54	0.68633856444	0.00619133668769	1.65791118506e-08	Microtubule-associated protein 70	
Td00001aa035379_T002	310.260880956	21.2511338608	36	77036	0.910132257	0.369860352227	9.58968735652e-05	Fe2OG dioxygenase domain-containing protein	
Td00001aa035379_T002	77.571433039	0.666160174245	1	1211	0.625867207144	0.00912949720835	2.03847670616e-08	2-oxoglutarate (2OG) and Fe(II)-dependent oxygenase superfamily protein	
Td00001aa035427_T001	1771.35509275	5.21544059931	8	51	1.35500922797	0.106541865065	1.19113007175e-07	Caffeoyl-CoA O-methyltransferase 2	
Td00001aa035427_T001	1631.97975919	5.25509013045	8	61	1.28588843709	0.0813142112307	7.29111232622e-08	Caffeoyl-CoA O-methyltransferase 1	
Td00001aa035427_T001	1260.0008126	32.2085702768	50	3844	1.09408658955	0.000162151335077	1.62151335077e-05	Caffeoyl-CoA O-methyltransferase	
Td00001aa035427_T001	320.936613067	7.84676130881	12	3516	0.819756875929	0.191277599484	0.000255148793642	Caffeoyl CoA 3-O-methyltransferase	
Td00001aa035427_T001	533.993575402	1.2454122692	2	32	0.816283420668	0.0239358296241	4.03447083838e-08	Class I-like SAM-dependent O-methyltransferase	
Td00001aa035427_T001	410.135890599	1.26539466619	2	56	0.766826132844	0.0240755329098	0.000587208119752	norbelladine O-methyltransferase	
Td00001aa035427_T001	0	1.9874789429	3	1	0.623008667251	0.0622805009139	8.83430574574e-08	Caffeoyl-CoA-3-O-methyl transferase	
Td00001aa035427_T001	0	0.658862390337	1	1	0.600818471505	0.0204122023059	2.14155193893e-07	Caffeoyl-coenzymeA O-methyltransferase 1b	
Td00001aa035427_T001	3.06966897793	0.56516884378	1	169409	0.591227867591	0.0	0.0	EF-hand domain-containing protein	
Td00001aa035427_T003	2450.00760132	8.5160205395	13	69	1.65842283881	0.1668297993	2.32694698573e-07	Caffeoyl-CoA O-methyltransferase 1	
Td00001aa035427_T003	1547.59941869	4.62475496894	7	51	1.25537490715	0.0874247886085	8.55227265179e-08	Caffeoyl-CoA O-methyltransferase 2	
Td00001aa035427_T003	1134.42697844	29.3632528473	45	3826	1.04384496862	0.000139430913027	1.39430913027e-05	Caffeoyl-CoA O-methyltransferase	
Td00001aa035427_T003	788.154732675	1.86565909896	3	32	0.930567005528	0.0477454906481	1.20715132529e-07	Class I-like SAM-dependent O-methyltransferase	
Td00001aa035427_T003	319.03568295	7.91690919866	12	3516	0.815106793856	0.183938990683	0.00024278067627	Caffeoyl CoA 3-O-methyltransferase	
Td00001aa035427_T003	406.928856877	1.27426985522	2	56	0.764093413784	0.0213423775795	0.000520545794622	norbelladine O-methyltransferase	
Td00001aa035427_T003	0	2.00467977743	3	1	0.619271009116	0.0552283161311	7.83397409084e-08	Caffeoyl-CoA-3-O-methyl transferase	
Td00001aa035427_T003	41.8709896541	0.608779606738	1	1206	0.609560097847	0.00530505451647	1.15456296251e-06	S-adenosyl-L-methionine-dependent methyltransferases superfamily protein	
Td00001aa035427_T003	0	0.671075117155	1	1	0.599658712354	0.0182239783578	1.91197380872e-07	Caffeoyl-coenzymeA O-methyltransferase 1b	
Td00001aa035427_T003	3.05239275249	0.57090245529	1	169409	0.591220957101	0.0	0.0	EF-hand domain-containing protein	
Td00001aa035459_T004	322.346672816	29.4957713795	47	64789	0.845011131956	0.237871321497	3.31218371346e-05	Esterase	
Td00001aa035459_T004	303.608114635	13.5068807246	22	15318	0.736433090615	0.0471502641105	1.02391302803e-05	GDSL esterase/lipase	
Td00001aa035459_T004	37.1349028087	0.611125742611	1	2094	0.611992952793	0.0134697955324	1.88239131504e-09	Alpha-L-fucosidase 2	
Td00001aa035459_T004	9.74918646887	0.680144890433	1	36851	0.595508557417	0.00303562746557	1.36255715748e-08	Lipase	
Td00001aa035827_T001	2173.53158573	1.89367420856	3	11	1.49898226851	0.0746595176199	4.49398698933e-06	High mobility group A	
Td00001aa035827_T001	852.375498404	18.9033403875	32	7127	1.15679248151	0.42605307472	0.00170762755399	H15 domain-containing protein	
Td00001aa035827_T001	993.986424608	3.13333281524	5	144	1.04749404553	0.113017867459	2.96703575186e-07	HMG-Y-related protein A	
Td00001aa035827_T001	4.97205113567	0.609618182363	1	201834	0.591988820454	0.0	0.0	DNA-binding protein	
Td00001aa035935_T002	711.794631446	61.6829245434	97	40906	1.06871606785	0.366034124282	6.47024896991e-06	D-3-phosphoglycerate dehydrogenase	
Td00001aa036043_T002	1093.47515202	63.9992790193	97	17346	1.08528440503	0.109234011348	1.59104383257e-05	Transmembrane 9 superfamily member	
Td00001aa036100_T001	369.15823158	42.8435303116	70	105517	0.893926489668	0.294519025442	0.0084056775746	BAHD acyltransferase DCR	
Td00001aa036100_T001	40.2125833351	0.569086494438	1	1568	0.606085033334	0.0	0.0	HXXXD-type acyl-transferase family protein	
Td00001aa036100_T001	26.6835143802	1.16379544652	2	14832	0.604926464843	0.00802463950721	7.58847663562e-09	Transferase	
Td00001aa036158_T003	872.09719873	49.7160302696	81	21807	1.08657934157	0.278744079997	0.000304983999672	Patatin	
Td00001aa036158_T003	285.096280249	1.40940302055	2	164	0.712691670769	0.0163267142991	4.563286076e-09	Patatin-like protein 2	
Td00001aa036158_T003	9.30046792493	0.62130276648	1	29275	0.594206661745	0.000917875491969	2.82318987442e-08	PNPLA domain-containing protein	
Td00001aa036222_T002	369.240149921	38.0658081213	60	60858	0.910803269986	0.32661636646	2.67896731031e-05	Enoyl reductase (ER) domain-containing protein	
Td00001aa036222_T002	327.316876196	16.2631545347	26	14139	0.764720624589	0.0826280979332	4.91102952716e-05	Sorbitol dehydrogenase	
Td00001aa036222_T002	142.595500865	4.91424198044	8	6800	0.663903719866	0.0318217180291	4.48213843225e-07	Alcohol dehydrogenase, C-terminal	
Td00001aa036466_T004	638.8967959	53.9751012457	94	49217	0.975301909594	0.24479039695	0.000214042498102	glycerophosphodiester phosphodiesterase	
Td00001aa036507_T001	361.161049979	12.022624392	21	33061	1.08056145329	0.652997624085	0.000414626737997	SHSP domain-containing protein	
Td00001aa036507_T001	365.940444397	0.531725571344	1	63	0.745041156192	0.0163490146405	3.36854815845e-08	Small heat shock protein, chloroplastic-like	
Td00001aa036572_T002	1128.10473515	1.19380682195	2	15	1.07327043133	0.0604159516782	0.000404143786325	E2 ubiquitin-conjugating protein UBC5	
Td00001aa036572_T002	644.146088511	10.7639764627	17	3740	0.918952820301	0.134517602062	2.79020720307e-06	Ubiquitin-conjugating enzyme	
Td00001aa036572_T002	238.579549861	11.1513080072	18	29248	0.749042107376	0.120017926863	3.93097203979e-05	UBC core domain-containing protein	
Td00001aa036572_T002	186.289789299	0.667582289031	1	172	0.684872874527	0.0384093064167	1.32033687709e-06	Ubiquitin-conjugating enzyme E2 28	
Td00001aa036572_T002	230.477947864	1.76226345118	3	783	0.682191179146	0.0	0.0	Ubiquitin-conjugating enzyme/RWD-like protein	
Td00001aa036836_T001	877.218561904	51.0294006176	95	26376	0.979059186601	0.0720217533249	1.16288606017e-05	Pyruvate dehydrogenase E1 component subunit alpha	
Td00001aa037166_T003	1557.63129978	3.33850496267	6	243	1.45368354725	0.453837966865	0.00484524519784	KEN domain-containing protein	
Td00001aa037166_T003	526.329534988	3.34307077323	6	2134	1.04979528234	0.470307049653	3.66016693203e-05	DZIP3-like HEPN domain-containing protein (Fragment)	
Td00001aa037166_T003	30.3651547731	0.572206640367	1	18744	0.602146061909	0.0	0.0	O-fucosyltransferase family protein	
Td00001aa037189_T002	919.269330782	45.427295835	73	14609	1.06062530757	0.194152395308	0.000840287238838	ENTH domain-containing protein	
Td00001aa037189_T002	784.372439076	10.4406406556	17	1060	0.919243159758	0.0292294693564	0.000128268434922	Clathrin assembly protein	
Td00001aa037189_T002	245.189645427	1.18185508709	2	139	0.6900076306	0.00364485340233	6.2994954192e-09	ENTH/ANTH/VHS superfamily protein	
Td00001aa037189_T002	196.273560288	0.58967189387	1	54	0.669794353971	0.00242434932581	1.23565205189e-06	Putative ANTH domain-containing protein	
Td00001aa037279_T002	1327.04198403	61.3701598875	98	11865	1.26174990989	0.265891407276	0.000533521185848	Starch synthase, chloroplastic/amyloplastic	
Td00001aa037301_T003	322.380923888	29.5332739073	47	64789	0.938824813847	0.414851488512	5.77690087293e-05	Esterase	
Td00001aa037301_T003	303.988930991	13.5395749173	22	15318	0.799615096546	0.166073212946	3.60643846964e-05	GDSL esterase/lipase	
Td00001aa037301_T003	37.0314435839	0.61013440849	1	2094	0.611955171884	0.0134765932317	1.88334128715e-09	Alpha-L-fucosidase 2	
Td00001aa037301_T003	9.58332326863	0.669483428101	1	36851	0.596997948626	0.0059709788359	2.6801048687e-08	Lipase	
Td00001aa037305_T002	335.796926725	32.2608936204	52	68261	0.886644774498	0.306273709569	4.68868176474e-05	Esterase	
Td00001aa037305_T002	268.140593005	12.2025173605	20	15318	0.718957123725	0.0409447638842	8.08322420426e-06	GDSL esterase/lipase	
Td00001aa037305_T002	78.7804360675	1.32567339867	2	2094	0.625763808486	0.00802195097017	2.24212027564e-09	Alpha-L-fucosidase 2	
Td00001aa037305_T002	10.31382039	0.735763846618	1	36851	0.598149668229	0.0075927158328	3.40802994437e-08	Lipase	
Td00001aa037347_T001	1653.24176606	36.415974507	58	4540	1.29136290925	0.0755911335321	0.000145102583295	Nucleosome assembly protein 1	
Td00001aa037462_T002	424.079910352	3.64131549106	6	7127	1.2893766887	0.99949000408	0.000751119742545	H15 domain-containing protein	
Td00001aa037706_T001	625.035487169	61.5933120184	97	51964	0.95208574762	0.211455194105	1.49938298163e-05	Cysteine synthase	
Td00001aa037706_T001	502.258299751	0.686517581864	1	4	0.799817715905	0.0168196047163	2.75226994806e-07	Bifunctional L-3-cyanoalanine synthase/cysteine synthase 1, mitochondrial	
Td00001aa037706_T001	13.7952135907	0.620069089555	1	10705	0.597696826633	0.00411082981974	6.95933637232e-08	Tryptophan synthase beta chain-like PALP domain-containing protein	
Td00001aa037912_T002	1620.85753073	2.59787343913	5	56	1.26350298751	0.0474575625505	0.000373353545073	Powdery mildew resistance protein PM3 variant	
Td00001aa037912_T002	339.500404693	5.06537476677	10	4852	0.736007448823	0.0192586966493	8.88610735383e-06	Disease resistance protein RGA3	
Td00001aa037912_T002	97.2403892985	11.0892317719	22	282573	0.628896155719	0.0	0.0	NB-ARC domain-containing protein	
Td00001aa037912_T002	11.8978655718	0.542509744089	1	44663	0.599411014418	0.0087771097835	1.92062685652e-10	NB-ARC domain containing protein	
Td00001aa038053_T001	726.254720265	2.04091022148	4	1623	0.887323602701	0.0128711241631	9.39442792842e-07	Starch synthase, chloroplastic/amyloplastic	
Td00001aa038271_T001	1088.07547273	63.0349020556	96	17353	1.08580182355	0.114285481073	1.64745978309e-05	Transmembrane 9 superfamily member	
Td00001aa038427_T005	1090.79549758	10.124339118	16	510	1.09330135487	0.126382958626	9.3880940284e-06	Polyamine oxidase	
Td00001aa038427_T005	660.34880853	47.1726522593	76	30205	0.967693865385	0.214251298409	5.76908055067e-05	Amine oxidase domain-containing protein	
Td00001aa038427_T005	0	0.667739850291	1	1	0.598501118536	0.0160394038646	1.172437211e-05	Polyamine oxidase1	
Td00001aa038583_T001	912.185106576	24.839279777	42	7402	1.29602693134	0.643569402715	0.00305526335639	ACB domain-containing protein	
Td00001aa038583_T001	347.3262844	7.80480707013	13	5040	0.72893051376	0.0	0.0	Acyl-CoA-binding	
Td00001aa038583_T001	285.749424204	0.706356195426	1	61	0.716987981938	0.0239400229991	3.34559580115e-09	Acyl-CoA-binding domain-containing protein 2	
Td00001aa038583_T001	67.1070495523	1.45483338727	3	4687	0.627246481495	0.0196295494258	2.39226422524e-08	Acyl coenzyme A binding protein	
Td00001aa038583_T001	0	0.627505574356	1	1	0.60382152767	0.0260756582386	7.14401595579e-05	Acyl-CoA-binding protein1	
Td00001aa038583_T001	0	0.570871692365	1	1	0.596832838005	0.0128436804612	0.00128436804612	Triakontatetraneuropeptide	
Td00001aa038686_T001	1146.96348434	2.56114720176	4	229	1.12915152275	0.151632397794	4.79090186935e-05	Transcription factor MYBS3	
Td00001aa038686_T001	601.116285918	1.05326103963	2	141	0.863117549509	0.0616434470406	4.10533464136e-07	Myb-like protein J	
Td00001aa038686_T001	186.72748122	3.18405911918	5	13351	0.729967848122	0.123163851798	7.09029724655e-07	HTH myb-type domain-containing protein	
Td00001aa038686_T001	9.92521353343	0.664685145825	1	201834	0.610928436055	0.0319968878407	4.28818830228e-09	DNA binding protein	
Td00001aa038884_T003	874.672527584	58.5353079599	90	24921	1.03165910104	0.173184724969	0.000109288628794	Carbohydrate kinase PfkB domain-containing protein	
Td00001aa038884_T003	469.724223563	0.629663822161	1	7	0.779160610164	0.00239796355095	2.84980411922e-09	Fructokinase-like 1 chloroplastic	
Td00001aa039218_T001	2031.93226603	0.661414054031	1	13	1.46180520649	0.111381636023	1.64931535342e-06	Selenium binding	
Td00001aa039218_T001	769.833874132	1.9816916859	3	813	0.963323230853	0.123376461845	7.8211312179e-06	Selenoprotein H	
Td00001aa039232_T002	690.678007933	11.0497855044	21	8987	1.01871795915	0.28763066266	0.000125238314656	GRAM domain-containing protein	
Td00001aa039232_T002	685.887033707	0.517641830927	1	20	0.864354813483	0.0	0.0	ABA-responsive protein	
Td00001aa039340_T001	3716.86352947	17.5694907482	30	350	2.14352508637	0.12598247386	0.000448171950824	Abscisic stress ripening	
Td00001aa039340_T001	3445.50390825	2.7529660676	5	8	1.9682015633	0.0	0.0	Water-stress-inducible protein (Fragment)	
Td00001aa039340_T001	1643.05364953	1.3128044617	2	2	1.25863250922	0.0215302126618	1.83475488616e-06	22 kDa drought-inducible protein	
Td00001aa039340_T001	1049.36836902	1.65580540235	3	39	1.01389511899	0.00782597591925	2.07171591319e-07	ABA/WDS induced protein	
Td00001aa039430_T005	1800.86329791	1.84815708495	3	50	1.32012573309	0.0184463982606	0.000191142523273	Aluminum induced protein with YGL and LRDR motifs	
Td00001aa039430_T005	1472.8290566	0.675966761316	1	5	1.20485596745	0.0485190624225	0.000462086308786	Aluminum-induced protein homolog1	
Td00001aa039430_T005	1459.89274863	3.19232766502	5	227	1.17395709945	0.0	0.0	Stem-specific protein TSJT1-like	
Td00001aa039430_T005	551.548115606	1.32505576748	2	274	0.814619184795	0.00754613824627	2.42641101166e-05	Stem-specific protein TSJT1	
Td00001aa039438_T001	94.8863648795	0.616482111406	1	1732	1.15582971621	0.995970991136	0.00052724774544	WIBG Mago-binding domain-containing protein	
Td00001aa039438_T001	749.83770512	7.92398087686	13	4583	0.889935082048	0.0	0.0	Hyaluronan/mRNA-binding protein domain-containing protein	
Td00001aa039445_T001	3304.22303893	1.31889048611	2	9	1.98324007389	0.134978975709	0.000600059853147	Pop3 peptide	
Td00001aa039445_T001	331.454963488	3.90694126895	6	8720	1.03772507389	0.59460931119	7.67807484508e-06	Stress-response A/B barrel domain-containing protein	
Td00001aa039642_T001	1327.24617507	56.2235286422	83	10082	1.28876024172	0.316716535394	0.000100396628434	Actin	
Td00001aa039885_T001	404.212512742	1.32283745714	2	64	1.01344943969	0.493892299465	7.57938168572e-05	Serine/threonine-protein kinase NAK	
Td00001aa039885_T001	172.21228374	53.1951674314	82	568556	0.917414429269	0.487791304538	6.21838274557e-06	Protein kinase domain-containing protein	
Td00001aa039885_T001	432.395960038	0.661834488254	1	14	0.788819536635	0.0487943367111	7.70813513517e-06	Putative serine/threonine-protein kinase PBL8	
Td00001aa039924_T003	581.121413286	57.5275321652	91	57655	0.976483272282	0.290626945451	0.000121293944702	Peroxidase	
Td00001aa039925_T001	561.414350953	57.3466094661	91	61776	0.941057447116	0.238659838911	9.96055926948e-05	Peroxidase	
Td00001aa039970_T008	134.532467478	61.0243124516	95	1104901	0.851823929373	0.392473262564	5.66111701997e-06	non-specific serine/threonine protein kinase	
Td00001aa039970_T008	0	0.66794853537	1	1	0.591965880712	0.0037092088242	1.73729040306e-09	Senescence-induced receptor	
Td00001aa040072_T001	363.002973964	19.458813091	34	49520	0.936170655551	0.379185660019	5.3307768263e-05	Peptidase A1 domain-containing protein	
Td00001aa040072_T001	213.426433505	0.629593210699	1	150	0.677635254698	0.004272875817	2.85565199165e-06	Basic 7S globulin	
Td00001aa040072_T001	80.1119758257	0.621161314867	1	1036	0.630751110058	0.0164270152505	8.2231326195e-08	Eukaryotic aspartyl protease family protein	
Td00001aa040072_T001	86.5312032735	0.610209594099	1	857	0.628523975565	0.00738017429195	9.4029270793e-08	Xylanase inhibitor C-terminal domain-containing protein	
Td00001aa040338_T001	2492.27268184	5.0974269535	9	252	1.7176375946	0.246646319824	0.000298617884063	Abscisic stress ripening	
Td00001aa040338_T001	1429.13379131	1.1499008484	2	39	1.2025443096	0.0771523883881	1.36160083984e-06	ABA/WDS induced protein	
Td00001aa040535_T001	441.524709559	12.3335833804	20	4676	0.823589587317	0.107504992769	0.000102866313386	Putative LRR receptor-like serine/threonine-protein kinase	
Td00001aa040535_T001	154.406491328	42.8304291008	68	459524	0.797112576183	0.274245108042	3.61947875032e-06	Protein kinase domain-containing protein	
Td00001aa040535_T001	57.2587679118	1.20968048736	2	2672	0.615960676797	0.00576824438405	5.45598374862e-09	Leucine rich repeat N-terminal domain	
Td00001aa040535_T001	20.2050638256	0.615364845707	1	5533	0.59808202553	0.0	0.0	Leucine-rich repeat-containing N-terminal plant-type domain-containing protein (Fragment)	
Td00001aa040574_T002	2211.95227912	7.18871116879	11	70	1.48327036718	0.0160173396455	1.32761544039e-05	Syntaxin-132	
Td00001aa040574_T002	484.185865947	37.4545496958	58	39646	0.955256164883	0.323736466371	7.45664029098e-05	t-SNARE coiled-coil homology domain-containing protein	
Td00001aa040574_T002	227.020177037	0.610967849681	1	48	0.689715805285	0.0168070296161	4.38686128119e-07	Target SNARE coiled-coil domain	
Td00001aa040574_T002	209.869871681	4.29738701303	7	2778	0.68428727726	0.0195079506655	5.7367542795e-06	Syntaxin N-terminal domain-containing protein	
Td00001aa040574_T002	33.2952683467	0.607687478053	1	2204	0.608671337689	0.0101004345663	1.51483220376e-09	Receptor-like protein kinase	
Td00001aa041145_T001	1856.06321732	0.746531358396	1	2	1.33993691344	0.0141728517426	7.54424473615e-07	Small GTP binding protein Rab5	
Td00001aa041145_T001	1699.31632208	3.2636030034	5	228	1.2930882102	0.0440653413524	0.000352522730819	Ras-related protein RHN1	
Td00001aa041145_T001	1502.36171316	0.604268328168	1	2	1.23757954736	0.0879586944496	0.000837701851901	GTP-binding protein homolog1	
Td00001aa041145_T001	108.15704562	0.642792523807	1	2183	0.649246053801	0.0301570471448	2.8334501192e-08	Small GTP-binding protein	
Td00001aa041542_T001	3603.21615884	23.7502967994	38	344	2.14854679421	0.221242346737	9.43453577673e-05	Rhomboid-like protein 19	
Td00001aa041542_T001	939.331340635	1.05564578272	2	2	0.970456904855	0.00891317640708	1.92552585373e-05	PLACENTAL PROTEIN 6	
Td00001aa041542_T001	378.56501091	17.2316747609	27	16400	0.816441038846	0.141534948545	7.55876437501e-05	Peptidase S54 rhomboid domain-containing protein	
Td00001aa041542_T001	388.987736642	1.05281786609	2	58	0.75036871245	0.00900682535573	1.77482609652e-08	Transmembrane protein 115-like	
Td00001aa041578_T002	1131.53503293	28.2772773284	43	3176	1.07750835707	0.0658377122184	1.78210828091e-05	Heat shock protein 83	
Td00001aa041578_T002	547.647627399	35.2982715944	54	21123	0.859879374196	0.0958872987918	2.74384968351e-06	Histidine kinase/HSP90-like ATPase domain-containing protein	
Td00001aa041578_T002	291.802633979	0.646967038932	1	25	0.70896862918	0.00424070799615	1.75282290039e-08	Molecular chaperone (HSP90 family)	
Td00001aa041768_T003	1820.90759867	6.31939930502	10	112	1.37693434754	0.110511767437	3.56641930138e-06	Subtilisin-like serine endopeptidase family protein	
Td00001aa041768_T003	1370.5226448	32.6331569243	57	5272	1.33345804959	0.368393645322	1.79824561952e-05	Subtilisin-like protease	
Td00001aa041768_T003	25.9327614199	0.577427184	1	4597	0.600824575905	0.000851830187715	6.68597890295e-08	Inhibitor I9 domain-containing protein	
Td00001aa042095_T001	1398.67528629	61.7594173443	97	10607	1.353981956	0.385793095074	0.00207505493741	Xyloglucan endotransglucosylase/hydrolase	
Td00001aa042790_T001	678.501476988	64.3934901283	97	45088	1.01319486876	0.286404121897	4.66812872114e-06	S-adenosylmethionine synthase	
Td00001aa043199_T001	450.584514403	1.14943709898	2	64	0.84823434301	0.14715357756	0.000457057080036	Cannabidiolic acid synthase-like	
Td00001aa043199_T001	586.545745272	0.591449897242	1	9	0.843762485119	0.0361180238054	8.17196738685e-05	Flavin-dependent oxidoreductase FOX2	
Td00001aa043199_T001	490.814581478	32.9306333205	57	44261	0.786325832591	0.0	0.0	FAD-binding PCMH-type domain-containing protein	
Td00001aa043199_T001	332.84740815	2.29368305231	4	467	0.768780179921	0.086114129833	3.63924806243e-05	Berberine bridge enzyme-like 8	
Td00001aa043199_T001	239.958946949	0.501755841593	1	43	0.691268537757	0.00997115959642	1.22195583289e-05	Reticuline oxidase-like	
Td00001aa043587_T002	4741.97720731	2.90438349469	4	38	2.48857049702	0.00335776037844	5.48575735876e-08	Calcineurin B-like protein 3	
Td00001aa043750_T003	529.769835729	62.7383758951	98	74620	0.912902056759	0.209422756341	3.08033826155e-06	UMP-CMP kinase	
